2A0CFF1;Ubicación N6 - Pedruchillo;;;;;;;;
Device;Time;Data;Depth;OD;EC;Temp;Chlor;Batt12;Batt3
2A0CFF1;28/11/2024 5:17:53;7,40E+18;0,00;7,64;0,00;0,00;0,00;0;0,00
2A0CFF1;28/11/2024 0:43:24;0000071f0000000000000000;0,00;7,31;0,00;0,00;0,00;0;0,00
2A0CFF1;28/11/2024 0:38:17;7,21E+18;0,00;7,33;0,00;0,00;0,00;0;0,00
2A0CFF1;28/11/2024 0:33:07;7,20E+18;0,00;7,32;0,00;0,00;0,00;0;0,00
2A0CFF1;28/11/2024 0:28:00;7,10E+01;0,00;7,30;0,00;0,00;0,00;0;0,00
2A0CFF1;28/11/2024 0:22:57;7,21E+18;0,00;7,33;0,00;0,00;0,00;0;0,00
2A0CFF1;28/11/2024 0:17:51;7,10E+01;0,00;7,30;0,00;0,00;0,00;0;0,00
2A0CFF1;28/11/2024 0:12:40;0000071c0000000000000000;0,00;7,28;0,00;0,00;0,00;0;0,00
2A0CFF1;28/11/2024 0:07:34;7,10E+01;0,00;7,30;0,00;0,00;0,00;0;0,00
2A0CFF1;28/11/2024 0:02:31;0000071d0000000000000000;0,00;7,29;0,00;0,00;0,00;0;0,00
2A0CFF1;27/11/2024 23:57:24;0000071d0000000000000000;0,00;7,29;0,00;0,00;0,00;0;0,00
2A0CFF1;27/11/2024 23:52:13;7,10E+01;0,00;7,30;0,00;0,00;0,00;0;0,00
2A0CFF1;27/11/2024 23:47:10;7,20E+18;0,00;7,32;0,00;0,00;0,00;0;0,00
2A0CFF1;27/11/2024 23:42:03;7,10E+01;0,00;7,30;0,00;0,00;0,00;0;0,00
2A0CFF1;27/11/2024 23:36:53;7,21E+18;0,00;7,33;0,00;0,00;0,00;0;0,00
2A0CFF1;27/11/2024 23:31:46;7,20E+18;0,00;7,32;0,00;0,00;0,00;0;0,00
2A0CFF1;27/11/2024 23:26:43;7,10E+01;0,00;7,30;0,00;0,00;0,00;0;0,00
2A0CFF1;27/11/2024 23:21:37;7,10E+01;0,00;7,30;0,00;0,00;0,00;0;0,00
2A0CFF1;27/11/2024 23:16:30;0000071d0000000000000000;0,00;7,29;0,00;0,00;0,00;0;0,00
2A0CFF1;27/11/2024 23:11:20;0000071c0000000000000000;0,00;7,28;0,00;0,00;0,00;0;0,00
2A0CFF1;27/11/2024 23:06:20;0000071c0000000000000000;0,00;7,28;0,00;0,00;0,00;0;0,00
2A0CFF1;27/11/2024 23:01:10;0000071a0000000000000000;0,00;7,26;0,00;0,00;0,00;0;0,00
2A0CFF1;27/11/2024 22:55:59;0000071a0000000000000000;0,00;7,26;0,00;0,00;0,00;0;0,00
2A0CFF1;27/11/2024 22:50:53;0000071c0000000000000000;0,00;7,28;0,00;0,00;0,00;0;0,00
2A0CFF1;27/11/2024 22:45:49;0000071b0000000000000000;0,00;7,27;0,00;0,00;0,00;0;0,00
2A0CFF1;27/11/2024 22:40:43;7,19E+18;0,00;7,25;0,00;0,00;0,00;0;0,00
2A0CFF1;27/11/2024 22:35:32;0000071a0000000000000000;0,00;7,26;0,00;0,00;0,00;0;0,00
2A0CFF1;27/11/2024 22:30:26;7,19E+18;0,00;7,25;0,00;0,00;0,00;0;0,00
2A0CFF1;27/11/2024 22:25:18;7,19E+18;0,00;7,25;0,00;0,00;0,00;0;0,00
2A0CFF1;27/11/2024 22:20:16;7,17E+18;0,00;7,23;0,00;0,00;0,00;0;0,00
2A0CFF1;27/11/2024 22:15:05;0000071a0000000000000000;0,00;7,26;0,00;0,00;0,00;0;0,00
2A0CFF1;27/11/2024 22:09:59;7,17E+18;0,00;7,23;0,00;0,00;0,00;0;0,00
2A0CFF1;27/11/2024 22:04:52;7,16E+18;0,00;7,22;0,00;0,00;0,00;0;0,00
2A0CFF1;27/11/2024 21:59:45;0000071a0000000000000000;0,00;7,26;0,00;0,00;0,00;0;0,00
2A0CFF1;27/11/2024 21:54:41;7,16E+18;0,00;7,22;0,00;0,00;0,00;0;0,00
2A0CFF1;27/11/2024 21:49:31;7,17E+18;0,00;7,23;0,00;0,00;0,00;0;0,00
2A0CFF1;27/11/2024 21:44:25;7,17E+18;0,00;7,23;0,00;0,00;0,00;0;0,00
2A0CFF1;27/11/2024 21:39:18;7,18E+18;0,00;7,24;0,00;0,00;0,00;0;0,00
2A0CFF1;27/11/2024 21:34:11;7,17E+18;0,00;7,23;0,00;0,00;0,00;0;0,00
2A0CFF1;27/11/2024 21:29:04;7,18E+18;0,00;7,24;0,00;0,00;0,00;0;0,00
2A0CFF1;27/11/2024 21:24:01;7,16E+18;0,00;7,22;0,00;0,00;0,00;0;0,00
2A0CFF1;27/11/2024 21:18:52;7,14E+18;0,00;7,20;0,00;0,00;0,00;0;0,00
2A0CFF1;27/11/2024 21:13:52;7,15E+18;0,00;7,21;0,00;0,00;0,00;0;0,00
2A0CFF1;27/11/2024 21:08:42;7,17E+18;0,00;7,23;0,00;0,00;0,00;0;0,00
2A0CFF1;27/11/2024 21:03:35;7,13E+18;0,00;7,19;0,00;0,00;0,00;0;0,00
2A0CFF1;27/11/2024 20:58:28;7,16E+18;0,00;7,22;0,00;0,00;0,00;0;0,00
2A0CFF1;27/11/2024 20:53:21;7,12E+18;0,00;7,18;0,00;0,00;0,00;0;0,00
2A0CFF1;27/11/2024 20:48:15;7,14E+18;0,00;7,20;0,00;0,00;0,00;0;0,00
2A0CFF1;27/11/2024 20:43:08;7,14E+18;0,00;7,20;0,00;0,00;0,00;0;0,00
2A0CFF1;27/11/2024 20:38:05;7,13E+18;0,00;7,19;0,00;0,00;0,00;0;0,00
2A0CFF1;27/11/2024 20:32:51;7,14E+18;0,00;7,20;0,00;0,00;0,00;0;0,00
2A0CFF1;27/11/2024 20:27:48;7,10E+18;0,00;7,16;0,00;0,00;0,00;0;0,00
2A0CFF1;27/11/2024 20:22:37;7,12E+18;0,00;7,18;0,00;0,00;0,00;0;0,00
2A0CFF1;27/11/2024 20:17:31;7,10E+18;0,00;7,16;0,00;0,00;0,00;0;0,00
2A0CFF1;27/11/2024 20:12:28;7,00E+01;0,00;7,14;0,00;0,00;0,00;0;0,00
2A0CFF1;27/11/2024 20:07:22;7,12E+18;0,00;7,18;0,00;0,00;0,00;0;0,00
2A0CFF1;27/11/2024 20:02:11;7,10E+18;0,00;7,16;0,00;0,00;0,00;0;0,00
2A0CFF1;27/11/2024 19:57:09;7,11E+18;0,00;7,17;0,00;0,00;0,00;0;0,00
2A0CFF1;27/11/2024 19:51:58;7,00E+01;0,00;7,14;0,00;0,00;0,00;0;0,00
2A0CFF1;27/11/2024 19:46:51;7,00E+01;0,00;7,14;0,00;0,00;0,00;0;0,00
2A0CFF1;27/11/2024 19:41:45;7,10E+18;0,00;7,16;0,00;0,00;0,00;0;0,00
2A0CFF1;27/11/2024 19:36:42;7,10E+18;0,00;7,16;0,00;0,00;0,00;0;0,00
2A0CFF1;27/11/2024 19:31:32;7,00E+01;0,00;7,14;0,00;0,00;0,00;0;0,00
2A0CFF1;27/11/2024 19:26:25;0000070d0000000000000000;0,00;7,13;0,00;0,00;0,00;0;0,00
2A0CFF1;27/11/2024 19:21:19;0000070d0000000000000000;0,00;7,13;0,00;0,00;0,00;0;0,00
2A0CFF1;27/11/2024 19:16:13;0000070c0000000000000000;0,00;7,12;0,00;0,00;0,00;0;0,00
2A0CFF1;27/11/2024 19:11:06;0000070c0000000000000000;0,00;7,12;0,00;0,00;0,00;0;0,00
2A0CFF1;27/11/2024 19:05:59;0000070a0000000000000000;0,00;7,10;0,00;0,00;0,00;0;0,00
2A0CFF1;27/11/2024 19:00:53;7,09E+18;0,00;7,09;0,00;0,00;0,00;0;0,00
2A0CFF1;27/11/2024 18:55:46;7,09E+18;0,00;7,09;0,00;0,00;0,00;0;0,00
2A0CFF1;27/11/2024 18:50:40;7,09E+18;0,00;7,09;0,00;0,00;0,00;0;0,00
2A0CFF1;27/11/2024 18:45:33;0000070a0000000000000000;0,00;7,10;0,00;0,00;0,00;0;0,00
2A0CFF1;27/11/2024 18:40:27;7,07E+18;0,00;7,07;0,00;0,00;0,00;0;0,00
2A0CFF1;27/11/2024 18:35:20;7,07E+18;0,00;7,07;0,00;0,00;0,00;0;0,00
2A0CFF1;27/11/2024 18:30:12;7,07E+18;0,00;7,07;0,00;0,00;0,00;0;0,00
2A0CFF1;27/11/2024 18:25:06;7,05E+18;0,00;7,05;0,00;0,00;0,00;0;0,00
2A0CFF1;27/11/2024 18:20:00;7,03E+18;0,00;7,03;0,00;0,00;0,00;0;0,00
2A0CFF1;27/11/2024 18:14:58;7,04E+18;0,00;7,04;0,00;0,00;0,00;0;0,00
2A0CFF1;27/11/2024 18:09:48;7,05E+18;0,00;7,05;0,00;0,00;0,00;0;0,00
2A0CFF1;27/11/2024 18:04:41;7,02E+18;0,00;7,02;0,00;0,00;0,00;0;0,00
2A0CFF1;27/11/2024 17:59:35;7,01E+18;0,00;7,01;0,00;0,00;0,00;0;0,00
2A0CFF1;27/11/2024 17:54:28;7,00E+18;0,00;7,00;0,00;0,00;0,00;0;0,00
2A0CFF1;27/11/2024 17:49:21;7,01E+18;0,00;7,01;0,00;0,00;0,00;0;0,00
2A0CFF1;27/11/2024 17:44:15;6,62E+18;0,00;6,98;0,00;0,00;0,00;0;0,00
2A0CFF1;27/11/2024 17:39:08;6,63E+18;0,00;6,99;0,00;0,00;0,00;0;0,00
2A0CFF1;27/11/2024 17:34:02;6,61E+18;0,00;6,97;0,00;0,00;0,00;0;0,00
2A0CFF1;27/11/2024 17:28:54;6,63E+18;0,00;6,99;0,00;0,00;0,00;0;0,00
2A0CFF1;27/11/2024 17:23:48;6,64E+18;0,00;7,00;0,00;0,00;0,00;0;0,00
2A0CFF1;27/11/2024 17:18:42;6,63E+18;0,00;6,99;0,00;0,00;0,00;0;0,00
2A0CFF1;27/11/2024 17:13:36;7,00E+18;0,00;7,00;0,00;0,00;0,00;0;0,00
2A0CFF1;27/11/2024 17:08:29;7,01E+18;0,00;7,01;0,00;0,00;0,00;0;0,00
2A0CFF1;27/11/2024 17:03:22;6,63E+18;0,00;6,99;0,00;0,00;0,00;0;0,00
2A0CFF1;27/11/2024 16:58:16;6,63E+18;0,00;6,99;0,00;0,00;0,00;0;0,00
2A0CFF1;27/11/2024 16:53:09;6,60E+18;0,00;6,96;0,00;0,00;0,00;0;0,00
2A0CFF1;27/11/2024 16:48:03;0000065f0000000000000000;0,00;6,95;0,00;0,00;0,00;0;0,00
2A0CFF1;27/11/2024 16:42:56;6,60E+18;0,00;6,96;0,00;0,00;0,00;0;0,00
2A0CFF1;27/11/2024 16:37:50;6,61E+18;0,00;6,97;0,00;0,00;0,00;0;0,00
2A0CFF1;27/11/2024 16:32:43;6,61E+18;0,00;6,97;0,00;0,00;0,00;0;0,00
2A0CFF1;27/11/2024 16:27:37;6,60E+18;0,00;6,96;0,00;0,00;0,00;0;0,00
2A0CFF1;27/11/2024 16:22:30;6,60E+18;0,00;6,96;0,00;0,00;0,00;0;0,00
2A0CFF1;27/11/2024 16:17:27;0000065f0000000000000000;0,00;6,95;0,00;0,00;0,00;0;0,00
2A0CFF1;27/11/2024 16:12:17;6,62E+18;0,00;6,98;0,00;0,00;0,00;0;0,00
2A0CFF1;27/11/2024 16:07:11;6,63E+18;0,00;6,99;0,00;0,00;0,00;0;0,00
2A0CFF1;27/11/2024 16:02:04;6,62E+18;0,00;6,98;0,00;0,00;0,00;0;0,00
2A0CFF1;27/11/2024 15:56:58;0000065f0000000000000000;0,00;6,95;0,00;0,00;0,00;0;0,00
2A0CFF1;27/11/2024 15:51:51;6,61E+18;0,00;6,97;0,00;0,00;0,00;0;0,00
2A0CFF1;27/11/2024 15:46:45;6,63E+18;0,00;6,99;0,00;0,00;0,00;0;0,00
2A0CFF1;27/11/2024 15:41:38;6,63E+18;0,00;6,99;0,00;0,00;0,00;0;0,00
2A0CFF1;27/11/2024 15:36:31;6,62E+18;0,00;6,98;0,00;0,00;0,00;0;0,00
2A0CFF1;27/11/2024 15:31:25;6,62E+18;0,00;6,98;0,00;0,00;0,00;0;0,00
2A0CFF1;27/11/2024 15:26:18;6,63E+18;0,00;6,99;0,00;0,00;0,00;0;0,00
2A0CFF1;27/11/2024 15:21:11;6,61E+18;0,00;6,97;0,00;0,00;0,00;0;0,00
2A0CFF1;27/11/2024 15:16:06;6,62E+18;0,00;6,98;0,00;0,00;0,00;0;0,00
2A0CFF1;27/11/2024 15:10:58;6,61E+18;0,00;6,97;0,00;0,00;0,00;0;0,00
2A0CFF1;27/11/2024 15:05:51;6,61E+18;0,00;6,97;0,00;0,00;0,00;0;0,00
2A0CFF1;27/11/2024 15:05:51;6,61E+18;0,00;6,97;0,00;0,00;0,00;0;0,00
2A0CFF1;27/11/2024 15:00:45;6,62E+18;0,00;6,98;0,00;0,00;0,00;0;0,00
2A0CFF1;27/11/2024 14:55:38;6,62E+18;0,00;6,98;0,00;0,00;0,00;0;0,00
2A0CFF1;27/11/2024 14:50:32;6,64E+18;0,00;7,00;0,00;0,00;0,00;0;0,00
2A0CFF1;27/11/2024 14:45:26;6,63E+18;0,00;6,99;0,00;0,00;0,00;0;0,00
2A0CFF1;27/11/2024 14:40:20;6,63E+18;0,00;6,99;0,00;0,00;0,00;0;0,00
2A0CFF1;27/11/2024 14:35:13;6,62E+18;0,00;6,98;0,00;0,00;0,00;0;0,00
2A0CFF1;27/11/2024 14:30:06;6,63E+18;0,00;6,99;0,00;0,00;0,00;0;0,00
2A0CFF1;27/11/2024 14:25:00;7,01E+18;0,00;7,01;0,00;0,00;0,00;0;0,00
2A0CFF1;27/11/2024 14:19:54;6,62E+18;0,00;6,98;0,00;0,00;0,00;0;0,00
2A0CFF1;27/11/2024 14:14:48;6,64E+18;0,00;7,00;0,00;0,00;0,00;0;0,00
2A0CFF1;27/11/2024 14:09:41;7,01E+18;0,00;7,01;0,00;0,00;0,00;0;0,00
2A0CFF1;27/11/2024 14:04:39;6,64E+18;0,00;7,00;0,00;0,00;0,00;0;0,00
2A0CFF1;27/11/2024 13:59:28;6,64E+18;0,00;7,00;0,00;0,00;0,00;0;0,00
2A0CFF1;27/11/2024 13:54:22;7,02E+18;0,00;7,02;0,00;0,00;0,00;0;0,00
2A0CFF1;27/11/2024 13:49:15;7,00E+18;0,00;7,00;0,00;0,00;0,00;0;0,00
2A0CFF1;27/11/2024 13:44:09;7,01E+18;0,00;7,01;0,00;0,00;0,00;0;0,00
2A0CFF1;27/11/2024 13:39:10;7,05E+18;0,00;7,05;0,00;0,00;0,00;0;0,00
2A0CFF1;27/11/2024 13:33:56;7,03E+18;0,00;7,03;0,00;0,00;0,00;0;0,00
2A0CFF1;27/11/2024 13:28:49;7,03E+18;0,00;7,03;0,00;0,00;0,00;0;0,00
2A0CFF1;27/11/2024 13:23:43;7,04E+18;0,00;7,04;0,00;0,00;0,00;0;0,00
2A0CFF1;27/11/2024 13:18:37;7,06E+18;0,00;7,06;0,00;0,00;0,00;0;0,00
2A0CFF1;27/11/2024 13:13:31;7,04E+18;0,00;7,04;0,00;0,00;0,00;0;0,00
2A0CFF1;27/11/2024 13:08:25;7,05E+18;0,00;7,05;0,00;0,00;0,00;0;0,00
2A0CFF1;27/11/2024 13:03:18;7,07E+18;0,00;7,07;0,00;0,00;0,00;0;0,00
2A0CFF1;27/11/2024 12:58:11;7,07E+18;0,00;7,07;0,00;0,00;0,00;0;0,00
2A0CFF1;27/11/2024 12:53:05;7,07E+18;0,00;7,07;0,00;0,00;0,00;0;0,00
2A0CFF1;27/11/2024 12:47:59;7,09E+18;0,00;7,09;0,00;0,00;0,00;0;0,00
2A0CFF1;27/11/2024 12:42:53;7,09E+18;0,00;7,09;0,00;0,00;0,00;0;0,00
2A0CFF1;27/11/2024 12:37:46;0000070a0000000000000000;0,00;7,10;0,00;0,00;0,00;0;0,00
2A0CFF1;27/11/2024 12:32:43;0000070a0000000000000000;0,00;7,10;0,00;0,00;0,00;0;0,00
2A0CFF1;27/11/2024 12:27:37;0000070a0000000000000000;0,00;7,10;0,00;0,00;0,00;0;0,00
2A0CFF1;27/11/2024 12:22:27;0000070c0000000000000000;0,00;7,12;0,00;0,00;0,00;0;0,00
2A0CFF1;27/11/2024 12:17:21;0000070c0000000000000000;0,00;7,12;0,00;0,00;0,00;0;0,00
2A0CFF1;27/11/2024 12:12:14;0000070d0000000000000000;0,00;7,13;0,00;0,00;0,00;0;0,00
2A0CFF1;27/11/2024 12:07:08;0000070c0000000000000000;0,00;7,12;0,00;0,00;0,00;0;0,00
2A0CFF1;27/11/2024 12:02:02;0000070b0000000000000000;0,00;7,11;0,00;0,00;0,00;0;0,00
2A0CFF1;27/11/2024 11:56:56;0000070d0000000000000000;0,00;7,13;0,00;0,00;0,00;0;0,00
2A0CFF1;27/11/2024 11:51:49;0000070d0000000000000000;0,00;7,13;0,00;0,00;0,00;0;0,00
2A0CFF1;27/11/2024 11:46:43;0000070c0000000000000000;0,00;7,12;0,00;0,00;0,00;0;0,00
2A0CFF1;27/11/2024 11:41:36;7,10E+18;0,00;7,16;0,00;0,00;0,00;0;0,00
2A0CFF1;27/11/2024 11:36:34;0000070f0000000000000000;0,00;7,15;0,00;0,00;0,00;0;0,00
2A0CFF1;27/11/2024 11:31:27;7,00E+01;0,00;7,14;0,00;0,00;0,00;0;0,00
2A0CFF1;27/11/2024 11:26:17;7,10E+18;0,00;7,16;0,00;0,00;0,00;0;0,00
2A0CFF1;27/11/2024 11:21:15;7,12E+18;0,00;7,18;0,00;0,00;0,00;0;0,00
2A0CFF1;27/11/2024 11:16:08;7,11E+18;0,00;7,17;0,00;0,00;0,00;0;0,00
2A0CFF1;27/11/2024 11:11:02;7,14E+18;0,00;7,20;0,00;0,00;0,00;0;0,00
2A0CFF1;27/11/2024 11:05:53;7,16E+18;0,00;7,22;0,00;0,00;0,00;0;0,00
2A0CFF1;27/11/2024 11:00:46;7,15E+18;0,00;7,21;0,00;0,00;0,00;0;0,00
2A0CFF1;27/11/2024 10:55:44;7,16E+18;0,00;7,22;0,00;0,00;0,00;0;0,00
2A0CFF1;27/11/2024 10:50:34;7,16E+18;0,00;7,22;0,00;0,00;0,00;0;0,00
2A0CFF1;27/11/2024 10:45:28;7,18E+18;0,00;7,24;0,00;0,00;0,00;0;0,00
2A0CFF1;27/11/2024 10:40:23;7,16E+18;0,00;7,22;0,00;0,00;0,00;0;0,00
2A0CFF1;27/11/2024 10:35:17;7,18E+18;0,00;7,24;0,00;0,00;0,00;0;0,00
2A0CFF1;27/11/2024 10:30:11;0000071a0000000000000000;0,00;7,26;0,00;0,00;0,00;0;0,00
2A0CFF1;27/11/2024 10:25:09;0000071c0000000000000000;0,00;7,28;0,00;0,00;0,00;0;0,00
2A0CFF1;27/11/2024 10:20:03;0000071c0000000000000000;0,00;7,28;0,00;0,00;0,00;0;0,00
2A0CFF1;27/11/2024 10:14:57;7,10E+01;0,00;7,30;0,00;0,00;0,00;0;0,00
2A0CFF1;27/11/2024 10:09:51;0000071f0000000000000000;0,00;7,31;0,00;0,00;0,00;0;0,00
2A0CFF1;27/11/2024 10:04:46;7,10E+01;0,00;7,30;0,00;0,00;0,00;0;0,00
2A0CFF1;27/11/2024 9:59:36;7,21E+18;0,00;7,33;0,00;0,00;0,00;0;0,00
2A0CFF1;27/11/2024 9:54:34;7,20E+18;0,00;7,32;0,00;0,00;0,00;0;0,00
2A0CFF1;27/11/2024 9:49:24;7,23E+18;0,00;7,35;0,00;0,00;0,00;0;0,00
2A0CFF1;27/11/2024 9:44:18;7,23E+18;0,00;7,35;0,00;0,00;0,00;0;0,00
2A0CFF1;27/11/2024 9:44:18;7,23E+18;0,00;7,35;0,00;0,00;0,00;0;0,00
2A0CFF1;27/11/2024 9:39:12;7,23E+18;0,00;7,35;0,00;0,00;0,00;0;0,00
2A0CFF1;27/11/2024 9:34:06;7,23E+18;0,00;7,35;0,00;0,00;0,00;0;0,00
2A0CFF1;27/11/2024 9:29:00;7,25E+18;0,00;7,37;0,00;0,00;0,00;0;0,00
2A0CFF1;27/11/2024 9:23:55;7,22E+18;0,00;7,34;0,00;0,00;0,00;0;0,00
2A0CFF1;27/11/2024 9:18:49;7,24E+18;0,00;7,36;0,00;0,00;0,00;0;0,00
2A0CFF1;27/11/2024 9:13:43;7,24E+18;0,00;7,36;0,00;0,00;0,00;0;0,00
2A0CFF1;27/11/2024 9:08:38;7,24E+18;0,00;7,36;0,00;0,00;0,00;0;0,00
2A0CFF1;27/11/2024 9:03:31;7,21E+18;0,00;7,33;0,00;0,00;0,00;0;0,00
2A0CFF1;27/11/2024 8:58:25;7,23E+18;0,00;7,35;0,00;0,00;0,00;0;0,00
2A0CFF1;27/11/2024 8:53:20;7,20E+18;0,00;7,32;0,00;0,00;0,00;0;0,00
2A0CFF1;27/11/2024 8:48:14;7,20E+18;0,00;7,32;0,00;0,00;0,00;0;0,00
2A0CFF1;27/11/2024 8:43:12;7,23E+18;0,00;7,35;0,00;0,00;0,00;0;0,00
2A0CFF1;27/11/2024 8:38:06;7,23E+18;0,00;7,35;0,00;0,00;0,00;0;0,00
2A0CFF1;27/11/2024 8:33:00;7,23E+18;0,00;7,35;0,00;0,00;0,00;0;0,00
2A0CFF1;27/11/2024 8:22:52;7,23E+18;0,00;7,35;0,00;0,00;0,00;0;0,00
2A0CFF1;27/11/2024 8:17:42;7,24E+18;0,00;7,36;0,00;0,00;0,00;0;0,00
2A0CFF1;27/11/2024 8:12:37;7,22E+18;0,00;7,34;0,00;0,00;0,00;0;0,00
2A0CFF1;27/11/2024 8:07:28;7,21E+18;0,00;7,33;0,00;0,00;0,00;0;0,00
2A0CFF1;27/11/2024 8:02:25;7,24E+18;0,00;7,36;0,00;0,00;0,00;0;0,00
2A0CFF1;27/11/2024 7:57:19;7,22E+18;0,00;7,34;0,00;0,00;0,00;0;0,00
2A0CFF1;27/11/2024 7:52:09;7,22E+18;0,00;7,34;0,00;0,00;0,00;0;0,00
2A0CFF1;27/11/2024 7:47:04;7,22E+18;0,00;7,34;0,00;0,00;0,00;0;0,00
2A0CFF1;27/11/2024 7:42:01;7,21E+18;0,00;7,33;0,00;0,00;0,00;0;0,00
2A0CFF1;27/11/2024 7:36:52;7,24E+18;0,00;7,36;0,00;0,00;0,00;0;0,00
2A0CFF1;27/11/2024 7:31:53;7,20E+18;0,00;7,32;0,00;0,00;0,00;0;0,00
2A0CFF1;27/11/2024 7:26:40;0000071f0000000000000000;0,00;7,31;0,00;0,00;0,00;0;0,00
2A0CFF1;27/11/2024 7:21:38;0000071f0000000000000000;0,00;7,31;0,00;0,00;0,00;0;0,00
2A0CFF1;27/11/2024 7:16:32;7,21E+18;0,00;7,33;0,00;0,00;0,00;0;0,00
2A0CFF1;27/11/2024 7:11:26;0000071d0000000000000000;0,00;7,29;0,00;0,00;0,00;0;0,00
2A0CFF1;27/11/2024 7:06:17;7,20E+18;0,00;7,32;0,00;0,00;0,00;0;0,00
2A0CFF1;27/11/2024 7:01:11;0000071f0000000000000000;0,00;7,31;0,00;0,00;0,00;0;0,00
2A0CFF1;27/11/2024 6:56:09;7,20E+18;0,00;7,32;0,00;0,00;0,00;0;0,00
2A0CFF1;27/11/2024 6:51:00;7,20E+18;0,00;7,32;0,00;0,00;0,00;0;0,00
2A0CFF1;27/11/2024 6:45:54;0000071d0000000000000000;0,00;7,29;0,00;0,00;0,00;0;0,00
2A0CFF1;27/11/2024 6:40:52;0000071b0000000000000000;0,00;7,27;0,00;0,00;0,00;0;0,00
2A0CFF1;27/11/2024 6:35:46;0000071d0000000000000000;0,00;7,29;0,00;0,00;0,00;0;0,00
2A0CFF1;27/11/2024 6:30:36;0000071c0000000000000000;0,00;7,28;0,00;0,00;0,00;0;0,00
2A0CFF1;27/11/2024 6:25:34;0000071d0000000000000000;0,00;7,29;0,00;0,00;0,00;0;0,00
2A0CFF1;27/11/2024 6:20:28;0000071d0000000000000000;0,00;7,29;0,00;0,00;0,00;0;0,00
2A0CFF1;27/11/2024 6:15:26;0000071b0000000000000000;0,00;7,27;0,00;0,00;0,00;0;0,00
2A0CFF1;27/11/2024 6:10:16;0000071d0000000000000000;0,00;7,29;0,00;0,00;0,00;0;0,00
2A0CFF1;27/11/2024 6:05:11;0000071b0000000000000000;0,00;7,27;0,00;0,00;0,00;0;0,00
2A0CFF1;27/11/2024 6:00:06;0000071d0000000000000000;0,00;7,29;0,00;0,00;0,00;0;0,00
2A0CFF1;27/11/2024 5:54:56;7,19E+18;0,00;7,25;0,00;0,00;0,00;0;0,00
2A0CFF1;27/11/2024 5:49:54;0000071c0000000000000000;0,00;7,28;0,00;0,00;0,00;0;0,00
2A0CFF1;27/11/2024 5:44:48;0000071c0000000000000000;0,00;7,28;0,00;0,00;0,00;0;0,00
2A0CFF1;27/11/2024 5:39:39;7,19E+18;0,00;7,25;0,00;0,00;0,00;0;0,00
2A0CFF1;27/11/2024 5:34:33;0000071b0000000000000000;0,00;7,27;0,00;0,00;0,00;0;0,00
2A0CFF1;27/11/2024 5:29:28;7,18E+18;0,00;7,24;0,00;0,00;0,00;0;0,00
2A0CFF1;27/11/2024 5:24:26;0000071a0000000000000000;0,00;7,26;0,00;0,00;0,00;0;0,00
2A0CFF1;27/11/2024 5:19:16;0000071c0000000000000000;0,00;7,28;0,00;0,00;0,00;0;0,00
2A0CFF1;27/11/2024 5:14:18;0000071b0000000000000000;0,00;7,27;0,00;0,00;0,00;0;0,00
2A0CFF1;27/11/2024 5:09:09;0000071a0000000000000000;0,00;7,26;0,00;0,00;0,00;0;0,00
2A0CFF1;27/11/2024 5:04:00;0000071c0000000000000000;0,00;7,28;0,00;0,00;0,00;0;0,00
2A0CFF1;27/11/2024 4:58:57;7,19E+18;0,00;7,25;0,00;0,00;0,00;0;0,00
2A0CFF1;27/11/2024 4:53:52;0000071a0000000000000000;0,00;7,26;0,00;0,00;0,00;0;0,00
2A0CFF1;27/11/2024 4:48:43;7,19E+18;0,00;7,25;0,00;0,00;0,00;0;0,00
2A0CFF1;27/11/2024 4:43:37;0000071a0000000000000000;0,00;7,26;0,00;0,00;0,00;0;0,00
2A0CFF1;27/11/2024 4:38:31;7,19E+18;0,00;7,25;0,00;0,00;0,00;0;0,00
2A0CFF1;27/11/2024 4:33:26;7,18E+18;0,00;7,24;0,00;0,00;0,00;0;0,00
2A0CFF1;27/11/2024 4:28:20;7,18E+18;0,00;7,24;0,00;0,00;0,00;0;0,00
2A0CFF1;27/11/2024 4:28:20;7,18E+18;0,00;7,24;0,00;0,00;0,00;0;0,00
2A0CFF1;27/11/2024 4:23:15;7,18E+18;0,00;7,24;0,00;0,00;0,00;0;0,00
2A0CFF1;27/11/2024 4:18:13;7,19E+18;0,00;7,25;0,00;0,00;0,00;0;0,00
2A0CFF1;27/11/2024 4:13:07;7,18E+18;0,00;7,24;0,00;0,00;0,00;0;0,00
2A0CFF1;27/11/2024 4:07:58;0000071a0000000000000000;0,00;7,26;0,00;0,00;0,00;0;0,00
2A0CFF1;27/11/2024 4:02:53;7,17E+18;0,00;7,23;0,00;0,00;0,00;0;0,00
2A0CFF1;27/11/2024 3:57:47;0000071a0000000000000000;0,00;7,26;0,00;0,00;0,00;0;0,00
2A0CFF1;27/11/2024 3:52:41;7,19E+18;0,00;7,25;0,00;0,00;0,00;0;0,00
2A0CFF1;27/11/2024 3:47:39;0000071a0000000000000000;0,00;7,26;0,00;0,00;0,00;0;0,00
2A0CFF1;27/11/2024 3:42:30;0000071a0000000000000000;0,00;7,26;0,00;0,00;0,00;0;0,00
2A0CFF1;27/11/2024 3:37:24;7,18E+18;0,00;7,24;0,00;0,00;0,00;0;0,00
2A0CFF1;27/11/2024 3:32:18;0000071b0000000000000000;0,00;7,27;0,00;0,00;0,00;0;0,00
2A0CFF1;27/11/2024 3:27:16;7,17E+18;0,00;7,23;0,00;0,00;0,00;0;0,00
2A0CFF1;27/11/2024 3:22:07;0000071a0000000000000000;0,00;7,26;0,00;0,00;0,00;0;0,00
2A0CFF1;27/11/2024 3:17:01;7,19E+18;0,00;7,25;0,00;0,00;0,00;0;0,00
2A0CFF1;27/11/2024 3:12:00;0000071b0000000000000000;0,00;7,27;0,00;0,00;0,00;0;0,00
2A0CFF1;27/11/2024 3:06:51;0000071a0000000000000000;0,00;7,26;0,00;0,00;0,00;0;0,00
2A0CFF1;27/11/2024 3:01:45;0000071b0000000000000000;0,00;7,27;0,00;0,00;0,00;0;0,00
2A0CFF1;27/11/2024 2:56:39;0000071a0000000000000000;0,00;7,26;0,00;0,00;0,00;0;0,00
2A0CFF1;27/11/2024 2:51:34;7,19E+18;0,00;7,25;0,00;0,00;0,00;0;0,00
2A0CFF1;27/11/2024 2:46:28;7,19E+18;0,00;7,25;0,00;0,00;0,00;0;0,00
2A0CFF1;27/11/2024 2:41:26;7,19E+18;0,00;7,25;0,00;0,00;0,00;0;0,00
2A0CFF1;27/11/2024 2:36:17;7,19E+18;0,00;7,25;0,00;0,00;0,00;0;0,00
2A0CFF1;27/11/2024 2:31:11;7,18E+18;0,00;7,24;0,00;0,00;0,00;0;0,00
2A0CFF1;27/11/2024 2:26:06;0000071b0000000000000000;0,00;7,27;0,00;0,00;0,00;0;0,00
2A0CFF1;27/11/2024 2:21:04;0000071b0000000000000000;0,00;7,27;0,00;0,00;0,00;0;0,00
2A0CFF1;27/11/2024 2:15:54;7,19E+18;0,00;7,25;0,00;0,00;0,00;0;0,00
2A0CFF1;27/11/2024 2:10:49;0000071a0000000000000000;0,00;7,26;0,00;0,00;0,00;0;0,00
2A0CFF1;27/11/2024 2:05:47;7,19E+18;0,00;7,25;0,00;0,00;0,00;0;0,00
2A0CFF1;27/11/2024 2:00:38;0000071a0000000000000000;0,00;7,26;0,00;0,00;0,00;0;0,00
2A0CFF1;27/11/2024 1:55:33;7,19E+18;0,00;7,25;0,00;0,00;0,00;0;0,00
2A0CFF1;27/11/2024 1:50:27;0000071a0000000000000000;0,00;7,26;0,00;0,00;0,00;0;0,00
2A0CFF1;27/11/2024 1:45:21;7,18E+18;0,00;7,24;0,00;0,00;0,00;0;0,00
2A0CFF1;27/11/2024 1:40:15;7,18E+18;0,00;7,24;0,00;0,00;0,00;0;0,00
2A0CFF1;27/11/2024 1:35:10;7,18E+18;0,00;7,24;0,00;0,00;0,00;0;0,00
2A0CFF1;27/11/2024 1:30:04;7,18E+18;0,00;7,24;0,00;0,00;0,00;0;0,00
2A0CFF1;27/11/2024 1:24:58;7,17E+18;0,00;7,23;0,00;0,00;0,00;0;0,00
2A0CFF1;27/11/2024 1:19:52;7,18E+18;0,00;7,24;0,00;0,00;0,00;0;0,00
2A0CFF1;27/11/2024 1:14:51;0000071a0000000000000000;0,00;7,26;0,00;0,00;0,00;0;0,00
2A0CFF1;27/11/2024 1:09:42;7,18E+18;0,00;7,24;0,00;0,00;0,00;0;0,00
2A0CFF1;27/11/2024 1:04:40;7,17E+18;0,00;7,23;0,00;0,00;0,00;0;0,00
2A0CFF1;27/11/2024 0:59:31;7,18E+18;0,00;7,24;0,00;0,00;0,00;0;0,00
2A0CFF1;27/11/2024 0:54:24;7,16E+18;0,00;7,22;0,00;0,00;0,00;0;0,00
2A0CFF1;27/11/2024 0:49:19;7,16E+18;0,00;7,22;0,00;0,00;0,00;0;0,00
2A0CFF1;27/11/2024 0:44:13;7,15E+18;0,00;7,21;0,00;0,00;0,00;0;0,00
2A0CFF1;27/11/2024 0:39:07;7,17E+18;0,00;7,23;0,00;0,00;0,00;0;0,00
2A0CFF1;27/11/2024 0:34:01;7,17E+18;0,00;7,23;0,00;0,00;0,00;0;0,00
2A0CFF1;27/11/2024 0:28:55;7,15E+18;0,00;7,21;0,00;0,00;0,00;0;0,00
2A0CFF1;27/11/2024 0:23:48;7,15E+18;0,00;7,21;0,00;0,00;0,00;0;0,00
2A0CFF1;27/11/2024 0:18:43;7,14E+18;0,00;7,20;0,00;0,00;0,00;0;0,00
2A0CFF1;27/11/2024 0:13:36;7,14E+18;0,00;7,20;0,00;0,00;0,00;0;0,00
2A0CFF1;27/11/2024 0:08:31;7,15E+18;0,00;7,21;0,00;0,00;0,00;0;0,00
2A0CFF1;27/11/2024 0:03:25;7,17E+18;0,00;7,23;0,00;0,00;0,00;0;0,00
2A0CFF1;26/11/2024 23:58:23;7,13E+18;0,00;7,19;0,00;0,00;0,00;0;0,00
2A0CFF1;26/11/2024 23:53:18;7,15E+18;0,00;7,21;0,00;0,00;0,00;0;0,00
2A0CFF1;26/11/2024 23:48:08;7,16E+18;0,00;7,22;0,00;0,00;0,00;0;0,00
2A0CFF1;26/11/2024 23:43:02;7,12E+18;0,00;7,18;0,00;0,00;0,00;0;0,00
2A0CFF1;26/11/2024 23:37:56;7,12E+18;0,00;7,18;0,00;0,00;0,00;0;0,00
2A0CFF1;26/11/2024 23:32:50;7,13E+18;0,00;7,19;0,00;0,00;0,00;0;0,00
2A0CFF1;26/11/2024 23:27:45;7,12E+18;0,00;7,18;0,00;0,00;0,00;0;0,00
2A0CFF1;26/11/2024 23:22:39;7,14E+18;0,00;7,20;0,00;0,00;0,00;0;0,00
2A0CFF1;26/11/2024 23:17:33;7,14E+18;0,00;7,20;0,00;0,00;0,00;0;0,00
2A0CFF1;26/11/2024 23:12:30;7,14E+18;0,00;7,20;0,00;0,00;0,00;0;0,00
2A0CFF1;26/11/2024 23:07:21;7,13E+18;0,00;7,19;0,00;0,00;0,00;0;0,00
2A0CFF1;26/11/2024 23:02:16;7,16E+18;0,00;7,22;0,00;0,00;0,00;0;0,00
2A0CFF1;26/11/2024 22:57:10;7,14E+18;0,00;7,20;0,00;0,00;0,00;0;0,00
2A0CFF1;26/11/2024 22:52:04;7,12E+18;0,00;7,18;0,00;0,00;0,00;0;0,00
2A0CFF1;26/11/2024 22:46:58;7,14E+18;0,00;7,20;0,00;0,00;0,00;0;0,00
2A0CFF1;26/11/2024 22:41:52;7,13E+18;0,00;7,19;0,00;0,00;0,00;0;0,00
2A0CFF1;26/11/2024 22:36:47;7,12E+18;0,00;7,18;0,00;0,00;0,00;0;0,00
2A0CFF1;26/11/2024 22:31:41;7,14E+18;0,00;7,20;0,00;0,00;0,00;0;0,00
2A0CFF1;26/11/2024 22:26:35;7,11E+18;0,00;7,17;0,00;0,00;0,00;0;0,00
2A0CFF1;26/11/2024 22:21:29;7,13E+18;0,00;7,19;0,00;0,00;0,00;0;0,00
2A0CFF1;26/11/2024 22:16:23;7,13E+18;0,00;7,19;0,00;0,00;0,00;0;0,00
2A0CFF1;26/11/2024 22:11:17;7,10E+18;0,00;7,16;0,00;0,00;0,00;0;0,00
2A0CFF1;26/11/2024 22:06:11;7,11E+18;0,00;7,17;0,00;0,00;0,00;0;0,00
2A0CFF1;26/11/2024 22:01:06;7,10E+18;0,00;7,16;0,00;0,00;0,00;0;0,00
2A0CFF1;26/11/2024 21:56:00;0000070f0000000000000000;0,00;7,15;0,00;0,00;0,00;0;0,00
2A0CFF1;26/11/2024 21:50:55;0000070f0000000000000000;0,00;7,15;0,00;0,00;0,00;0;0,00
2A0CFF1;26/11/2024 21:45:52;7,11E+18;0,00;7,17;0,00;0,00;0,00;0;0,00
2A0CFF1;26/11/2024 21:40:43;7,10E+18;0,00;7,16;0,00;0,00;0,00;0;0,00
2A0CFF1;26/11/2024 21:35:37;0000070f0000000000000000;0,00;7,15;0,00;0,00;0,00;0;0,00
2A0CFF1;26/11/2024 21:30:31;7,10E+18;0,00;7,16;0,00;0,00;0,00;0;0,00
2A0CFF1;26/11/2024 21:25:25;7,00E+01;0,00;7,14;0,00;0,00;0,00;0;0,00
2A0CFF1;26/11/2024 21:20:23;7,10E+18;0,00;7,16;0,00;0,00;0,00;0;0,00
2A0CFF1;26/11/2024 21:15:13;0000070d0000000000000000;0,00;7,13;0,00;0,00;0,00;0;0,00
2A0CFF1;26/11/2024 21:10:07;0000070d0000000000000000;0,00;7,13;0,00;0,00;0,00;0;0,00
2A0CFF1;26/11/2024 21:05:02;0000070c0000000000000000;0,00;7,12;0,00;0,00;0,00;0;0,00
2A0CFF1;26/11/2024 20:59:56;0000070c0000000000000000;0,00;7,12;0,00;0,00;0,00;0;0,00
2A0CFF1;26/11/2024 20:54:54;0000070d0000000000000000;0,00;7,13;0,00;0,00;0,00;0;0,00
2A0CFF1;26/11/2024 20:49:45;0000070c0000000000000000;0,00;7,12;0,00;0,00;0,00;0;0,00
2A0CFF1;26/11/2024 20:44:39;0000070d0000000000000000;0,00;7,13;0,00;0,00;0,00;0;0,00
2A0CFF1;26/11/2024 20:39:33;0000070c0000000000000000;0,00;7,12;0,00;0,00;0,00;0;0,00
2A0CFF1;26/11/2024 20:34:27;0000070b0000000000000000;0,00;7,11;0,00;0,00;0,00;0;0,00
2A0CFF1;26/11/2024 20:29:20;0000070b0000000000000000;0,00;7,11;0,00;0,00;0,00;0;0,00
2A0CFF1;26/11/2024 20:24:15;0000070a0000000000000000;0,00;7,10;0,00;0,00;0,00;0;0,00
2A0CFF1;26/11/2024 20:19:09;7,09E+18;0,00;7,09;0,00;0,00;0,00;0;0,00
2A0CFF1;26/11/2024 20:14:04;0000070b0000000000000000;0,00;7,11;0,00;0,00;0,00;0;0,00
2A0CFF1;26/11/2024 20:08:58;0000070b0000000000000000;0,00;7,11;0,00;0,00;0,00;0;0,00
2A0CFF1;26/11/2024 20:03:53;7,07E+18;0,00;7,07;0,00;0,00;0,00;0;0,00
2A0CFF1;26/11/2024 19:58:47;7,09E+18;0,00;7,09;0,00;0,00;0,00;0;0,00
2A0CFF1;26/11/2024 19:53:42;7,09E+18;0,00;7,09;0,00;0,00;0,00;0;0,00
2A0CFF1;26/11/2024 19:48:36;7,07E+18;0,00;7,07;0,00;0,00;0,00;0;0,00
2A0CFF1;26/11/2024 19:43:30;7,06E+18;0,00;7,06;0,00;0,00;0,00;0;0,00
2A0CFF1;26/11/2024 19:38:25;7,07E+18;0,00;7,07;0,00;0,00;0,00;0;0,00
2A0CFF1;26/11/2024 19:33:22;7,06E+18;0,00;7,06;0,00;0,00;0,00;0;0,00
2A0CFF1;26/11/2024 19:28:13;7,05E+18;0,00;7,05;0,00;0,00;0,00;0;0,00
2A0CFF1;26/11/2024 19:23:07;7,07E+18;0,00;7,07;0,00;0,00;0,00;0;0,00
2A0CFF1;26/11/2024 19:18:02;7,07E+18;0,00;7,07;0,00;0,00;0,00;0;0,00
2A0CFF1;26/11/2024 19:12:56;7,08E+18;0,00;7,08;0,00;0,00;0,00;0;0,00
2A0CFF1;26/11/2024 19:07:51;7,04E+18;0,00;7,04;0,00;0,00;0,00;0;0,00
2A0CFF1;26/11/2024 19:02:45;7,05E+18;0,00;7,05;0,00;0,00;0,00;0;0,00
2A0CFF1;26/11/2024 18:57:40;7,06E+18;0,00;7,06;0,00;0,00;0,00;0;0,00
2A0CFF1;26/11/2024 18:52:34;7,03E+18;0,00;7,03;0,00;0,00;0,00;0;0,00
2A0CFF1;26/11/2024 18:47:29;7,03E+18;0,00;7,03;0,00;0,00;0,00;0;0,00
2A0CFF1;26/11/2024 18:42:23;7,01E+18;0,00;7,01;0,00;0,00;0,00;0;0,00
2A0CFF1;26/11/2024 18:37:17;7,04E+18;0,00;7,04;0,00;0,00;0,00;0;0,00
2A0CFF1;26/11/2024 18:32:12;7,02E+18;0,00;7,02;0,00;0,00;0,00;0;0,00
2A0CFF1;26/11/2024 18:27:06;7,02E+18;0,00;7,02;0,00;0,00;0,00;0;0,00
2A0CFF1;26/11/2024 18:22:00;7,02E+18;0,00;7,02;0,00;0,00;0,00;0;0,00
2A0CFF1;26/11/2024 18:16:55;7,00E+18;0,00;7,00;0,00;0,00;0,00;0;0,00
2A0CFF1;26/11/2024 18:11:53;7,01E+18;0,00;7,01;0,00;0,00;0,00;0;0,00
2A0CFF1;26/11/2024 18:06:44;7,00E+18;0,00;7,00;0,00;0,00;0,00;0;0,00
2A0CFF1;26/11/2024 18:01:38;6,63E+18;0,00;6,99;0,00;0,00;0,00;0;0,00
2A0CFF1;26/11/2024 17:56:33;6,64E+18;0,00;7,00;0,00;0,00;0,00;0;0,00
2A0CFF1;26/11/2024 17:51:27;6,63E+18;0,00;6,99;0,00;0,00;0,00;0;0,00
2A0CFF1;26/11/2024 17:46:21;6,61E+18;0,00;6,97;0,00;0,00;0,00;0;0,00
2A0CFF1;26/11/2024 17:41:16;6,61E+18;0,00;6,97;0,00;0,00;0,00;0;0,00
2A0CFF1;26/11/2024 17:36:10;6,60E+18;0,00;6,96;0,00;0,00;0,00;0;0,00
2A0CFF1;26/11/2024 17:31:04;6,61E+18;0,00;6,97;0,00;0,00;0,00;0;0,00
2A0CFF1;26/11/2024 17:25:58;6,62E+18;0,00;6,98;0,00;0,00;0,00;0;0,00
2A0CFF1;26/11/2024 17:20:53;6,60E+18;0,00;6,96;0,00;0,00;0,00;0;0,00
2A0CFF1;26/11/2024 17:15:47;6,50E+01;0,00;6,94;0,00;0,00;0,00;0;0,00
2A0CFF1;26/11/2024 17:10:45;6,50E+01;0,00;6,94;0,00;0,00;0,00;0;0,00
2A0CFF1;26/11/2024 17:05:36;0000065d0000000000000000;0,00;6,93;0,00;0,00;0,00;0;0,00
2A0CFF1;26/11/2024 17:00:31;0000065d0000000000000000;0,00;6,93;0,00;0,00;0,00;0;0,00
2A0CFF1;26/11/2024 16:55:29;6,50E+01;0,00;6,94;0,00;0,00;0,00;0;0,00
2A0CFF1;26/11/2024 16:50:20;0000065a0000000000000000;0,00;6,90;0,00;0,00;0,00;0;0,00
2A0CFF1;26/11/2024 16:45:14;0000065b0000000000000000;0,00;6,91;0,00;0,00;0,00;0;0,00
2A0CFF1;26/11/2024 16:40:08;6,59E+18;0,00;6,89;0,00;0,00;0,00;0;0,00
2A0CFF1;26/11/2024 16:35:03;0000065b0000000000000000;0,00;6,91;0,00;0,00;0,00;0;0,00
2A0CFF1;26/11/2024 16:29:57;0000065b0000000000000000;0,00;6,91;0,00;0,00;0,00;0;0,00
2A0CFF1;26/11/2024 16:24:51;0000065a0000000000000000;0,00;6,90;0,00;0,00;0,00;0;0,00
2A0CFF1;26/11/2024 16:19:45;0000065a0000000000000000;0,00;6,90;0,00;0,00;0,00;0;0,00
2A0CFF1;26/11/2024 16:14:40;0000065a0000000000000000;0,00;6,90;0,00;0,00;0,00;0;0,00
2A0CFF1;26/11/2024 16:09:34;0000065a0000000000000000;0,00;6,90;0,00;0,00;0,00;0;0,00
2A0CFF1;26/11/2024 16:04:29;0000065b0000000000000000;0,00;6,91;0,00;0,00;0,00;0;0,00
2A0CFF1;26/11/2024 15:59:23;6,59E+18;0,00;6,89;0,00;0,00;0,00;0;0,00
2A0CFF1;26/11/2024 15:54:18;0000065b0000000000000000;0,00;6,91;0,00;0,00;0,00;0;0,00
2A0CFF1;26/11/2024 15:49:12;0000065a0000000000000000;0,00;6,90;0,00;0,00;0,00;0;0,00
2A0CFF1;26/11/2024 15:44:07;6,58E+18;0,00;6,88;0,00;0,00;0,00;0;0,00
2A0CFF1;26/11/2024 15:39:00;6,59E+18;0,00;6,89;0,00;0,00;0,00;0;0,00
2A0CFF1;26/11/2024 15:33:56;0000065b0000000000000000;0,00;6,91;0,00;0,00;0,00;0;0,00
2A0CFF1;26/11/2024 15:28:50;0000065b0000000000000000;0,00;6,91;0,00;0,00;0,00;0;0,00
2A0CFF1;26/11/2024 15:23:45;0000065b0000000000000000;0,00;6,91;0,00;0,00;0,00;0;0,00
2A0CFF1;26/11/2024 15:18:39;6,58E+18;0,00;6,88;0,00;0,00;0,00;0;0,00
2A0CFF1;26/11/2024 15:13:34;0000065a0000000000000000;0,00;6,90;0,00;0,00;0,00;0;0,00
2A0CFF1;26/11/2024 15:08:28;0000065a0000000000000000;0,00;6,90;0,00;0,00;0,00;0;0,00
2A0CFF1;26/11/2024 15:03:23;0000065a0000000000000000;0,00;6,90;0,00;0,00;0,00;0;0,00
2A0CFF1;26/11/2024 14:58:18;0000065a0000000000000000;0,00;6,90;0,00;0,00;0,00;0;0,00
2A0CFF1;26/11/2024 14:53:16;6,58E+18;0,00;6,88;0,00;0,00;0,00;0;0,00
2A0CFF1;26/11/2024 14:48:07;6,57E+18;0,00;6,87;0,00;0,00;0,00;0;0,00
2A0CFF1;26/11/2024 14:43:01;6,56E+18;0,00;6,86;0,00;0,00;0,00;0;0,00
2A0CFF1;26/11/2024 14:37:56;6,52E+18;0,00;6,82;0,00;0,00;0,00;0;0,00
2A0CFF1;26/11/2024 14:32:54;6,51E+18;0,00;6,81;0,00;0,00;0,00;0;0,00
2A0CFF1;26/11/2024 14:27:45;0000064d0000000000000000;0,00;6,77;0,00;0,00;0,00;0;0,00
2A0CFF1;26/11/2024 14:22:39;0000064a0000000000000000;0,00;6,74;0,00;0,00;0,00;0;0,00
2A0CFF1;26/11/2024 14:17:33;6,42E+18;0,00;6,66;0,00;0,00;0,00;0;0,00
2A0CFF1;26/11/2024 14:12:28;0000063b0000000000000000;0,00;6,59;0,00;0,00;0,00;0;0,00
2A0CFF1;26/11/2024 14:07:23;0000062f0000000000000000;0,00;6,47;0,00;0,00;0,00;0;0,00
2A0CFF1;26/11/2024 14:02:21;0000062b0000000000000000;0,00;6,43;0,00;0,00;0,00;0;0,00
2A0CFF1;26/11/2024 14:02:21;0000062b0000000000000000;0,00;6,43;0,00;0,00;0,00;0;0,00
2A0CFF1;26/11/2024 13:47:01;6,12E+18;0,00;6,18;0,00;0,00;0,00;0;0,00
2A0CFF1;26/11/2024 13:41:56;6,17E+18;0,00;6,23;0,00;0,00;0,00;0;0,00
2A0CFF1;26/11/2024 13:36:50;6,13E+18;0,00;6,19;0,00;0,00;0,00;0;0,00
2A0CFF1;26/11/2024 13:31:48;6,14E+18;0,00;6,20;0,00;0,00;0,00;0;0,00
2A0CFF1;26/11/2024 13:26:43;6,12E+18;0,00;6,18;0,00;0,00;0,00;0;0,00
2A0CFF1;26/11/2024 13:21:36;6,13E+18;0,00;6,19;0,00;0,00;0,00;0;0,00
2A0CFF1;26/11/2024 13:16:31;6,15E+18;0,00;6,21;0,00;0,00;0,00;0;0,00
2A0CFF1;26/11/2024 13:11:22;6,16E+18;0,00;6,22;0,00;0,00;0,00;0;0,00
2A0CFF1;26/11/2024 13:06:16;6,19E+18;0,00;6,25;0,00;0,00;0,00;0;0,00
2A0CFF1;26/11/2024 13:01:15;0000061a0000000000000000;0,00;6,26;0,00;0,00;0,00;0;0,00
2A0CFF1;26/11/2024 12:56:06;0000061b0000000000000000;0,00;6,27;0,00;0,00;0,00;0;0,00
2A0CFF1;26/11/2024 12:51:00;0000061d0000000000000000;0,00;6,29;0,00;0,00;0,00;0;0,00
2A0CFF1;26/11/2024 12:45:58;6,20E+18;0,00;6,32;0,00;0,00;0,00;0;0,00
2A0CFF1;26/11/2024 12:40:49;6,23E+18;0,00;6,35;0,00;0,00;0,00;0;0,00
2A0CFF1;26/11/2024 12:35:43;6,25E+18;0,00;6,37;0,00;0,00;0,00;0;0,00
2A0CFF1;26/11/2024 12:30:45;0000062c0000000000000000;0,00;6,44;0,00;0,00;0,00;0;0,00
2A0CFF1;26/11/2024 12:25:40;6,30E+18;0,00;6,48;0,00;0,00;0,00;0;0,00
2A0CFF1;26/11/2024 12:20:27;6,39E+18;0,00;6,57;0,00;0,00;0,00;0;0,00
2A0CFF1;26/11/2024 12:15:29;6,30E+01;0,00;6,62;0,00;0,00;0,00;0;0,00
2A0CFF1;26/11/2024 12:10:19;6,41E+18;0,00;6,65;0,00;0,00;0,00;0;0,00
2A0CFF1;26/11/2024 12:05:11;6,45E+18;0,00;6,69;0,00;0,00;0,00;0;0,00
2A0CFF1;26/11/2024 11:55:04;6,59E+18;0,00;6,89;0,00;0,00;0,00;0;0,00
2A0CFF1;26/11/2024 11:50:02;6,60E+18;0,00;6,96;0,00;0,00;0,00;0;0,00
2A0CFF1;26/11/2024 11:44:56;7,34E+18;0,00;7,52;0,00;0,00;0,00;0;0,00
2A0CFF1;26/11/2024 11:39:51;7,28E+18;0,00;7,40;0,00;0,00;0,00;0;0,00
2A0CFF1;26/11/2024 11:34:11;7,01E+18;0,00;7,01;0,00;0,00;0,00;0;0,00
2A0CFF1;26/11/2024 11:29:26;0,00E+00;0,00;0,00;0,00;0,00;0,00;0;0,00
2A0CFF1;24/11/2024 12:35:49;004b08100000000000003c24;0,75;8,16;0,00;0,00;0,00;60;3,60
2A0CFF1;24/11/2024 12:35:20;015108130000000000003c24;1,81;8,19;0,00;0,00;0,00;60;3,60
2A0CFF1;24/11/2024 12:34:41;025508130000000000003c24;2,85;8,19;0,00;0,00;0,00;60;3,60
2A0CFF1;24/11/2024 12:34:09;035308160000000000003c24;3,83;8,22;0,00;0,00;0,00;60;3,60
2A0CFF1;24/11/2024 12:33:07;051808170000000000003c24;5,24;8,23;0,00;0,00;0,00;60;3,60
2A0CFF1;22/11/2024 17:36:20;0047080c0000000000183c19;0,71;8,12;0,00;0,00;0,24;60;2,50
2A0CFF1;22/11/2024 17:35:15;010a080e0000000000183c19;1,10;8,14;0,00;0,00;0,24;60;2,50
2A0CFF1;22/11/2024 17:34:03;0216080d0000000000183c19;2,22;8,13;0,00;0,00;0,24;60;2,50
2A0CFF1;22/11/2024 17:32:51;0321080b0000000000193c19;3,33;8,11;0,00;0,00;0,25;60;2,50
2A0CFF1;22/11/2024 17:31:45;051408190000000000193c19;5,20;8,25;0,00;0,00;0,25;60;2,50
2A0CFF1;21/11/2024 23:17:58;0041071600000000001a3c19;0,65;7,22;0,00;0,00;0,26;60;2,50
2A0CFF1;21/11/2024 23:15:40;0205071600000000001a3c19;2,05;7,22;0,00;0,00;0,26;60;2,50
2A0CFF1;21/11/2024 23:14:32;0361071400000000001a3c19;3,97;7,20;0,00;0,00;0,26;60;2,50
2A0CFF1;21/11/2024 23:13:23;050b071800000000001b3c19;5,11;7,24;0,00;0,00;0,27;60;2,50
2A0CFF1;21/11/2024 17:08:46;003c082800000000001b3c19;0,60;8,40;0,00;0,00;0,27;60;2,50
2A0CFF1;21/11/2024 17:07:37;012c082800000000001b3c19;1,44;8,40;0,00;0,00;0,27;60;2,50
2A0CFF1;21/11/2024 17:06:25;0228082a00000000001b3c19;2,40;8,42;0,00;0,00;0,27;60;2,50
2A0CFF1;21/11/2024 17:05:17;0323082800000000001b3c19;3,35;8,40;0,00;0,00;0,27;60;2,50
4D3827;18/11/2024 0:05:56;020d0740000000000001211a;2,13;7,64;0,00;0,00;0,01;33;2,60
4D3827;18/11/2024 0:04:45;04110741000000000001ab1a;4,17;7,65;0,00;0,00;0,01;171;2,60
4D3827;18/11/2024 0:03:38;052d0741000000000000af1b;5,45;7,65;0,00;0,00;0,00;175;2,70
4D3827;17/11/2024 18:01:05;00510760000000000000f81a;0,81;7,96;0,00;0,00;0,00;248;2,60
4D3827;17/11/2024 17:58:52;025f075f000000000000781b;2,95;7,95;0,00;0,00;0,00;120;2,70
4D3827;17/11/2024 17:57:42;03590760000000000000b71b;3,89;7,96;0,00;0,00;0,00;183;2,70
4D3827;17/11/2024 17:56:35;052d0763000000000000d91c;5,45;7,99;0,00;0,00;0,00;217;2,80
4D3827;17/11/2024 11:54:02;00570731000000000000e21b;0,87;7,49;0,00;0,00;0,00;226;2,70
4D3827;17/11/2024 11:53:31;01240731000000000000231b;1,36;7,49;0,00;0,00;0,00;35;2,70
4D3827;17/11/2024 11:53:02;024a07330000000000006d1b;2,74;7,51;0,00;0,00;0,00;109;2,70
4D3827;17/11/2024 11:52:32;03480733000000000000ab1b;3,72;7,51;0,00;0,00;0,00;171;2,70
4D3827;17/11/2024 11:51:32;052f0733000000000000f81c;5,47;7,51;0,00;0,00;0,00;248;2,80
4D3827;17/11/2024 5:49:19;00580663000000000000121b;0,88;6,99;0,00;0,00;0,00;18;2,70
4D3827;17/11/2024 5:48:49;011906620000000000004f1b;1,25;6,98;0,00;0,00;0,00;79;2,70
4D3827;17/11/2024 5:48:20;0229065f000000000000931b;2,41;6,95;0,00;0,00;0,00;147;2,70
4D3827;17/11/2024 5:47:50;041e0661000000000000111b;4,30;6,97;0,00;0,00;0,00;17;2,70
4D3827;17/11/2024 5:46:51;05300662000000000000171c;5,48;6,98;0,00;0,00;0,00;23;2,80
4D3827;16/11/2024 23:44:37;0050071d000000000000fd1c;0,80;7,29;0,00;0,00;0,00;253;2,80
4D3827;16/11/2024 23:44:07;013b071f0000000000003b1c;1,59;7,31;0,00;0,00;0,00;59;2,80
4D3827;16/11/2024 23:43:38;0246071f0000000000007c1c;2,70;7,31;0,00;0,00;0,00;124;2,80
4D3827;16/11/2024 23:43:08;03420720000000000000bb1c;3,66;7,32;0,00;0,00;0,00;187;2,80
4D3827;16/11/2024 23:42:06;0532071f000000000000041c;5,50;7,31;0,00;0,00;0,00;4;2,80
4D3827;16/11/2024 17:39:18;004f0738000000000000db1c;0,79;7,56;0,00;0,00;0,00;219;2,80
4D3827;16/11/2024 17:38:49;013907380000000000001a1c;1,57;7,56;0,00;0,00;0,00;26;2,80
4D3827;16/11/2024 17:38:20;023b07390000000000005f1c;2,59;7,57;0,00;0,00;0,00;95;2,80
4D3827;16/11/2024 17:37:50;033907390000000000009f1c;3,57;7,57;0,00;0,00;0,00;159;2,80
4D3827;16/11/2024 17:36:50;0531073e000000000000041d;5,49;7,62;0,00;0,00;0,00;4;2,90
4D3827;16/11/2024 11:34:29;01610712000000000000731c;1,97;7,18;0,00;0,00;0,00;115;2,80
4D3827;16/11/2024 11:34:00;02570712000000000000b71c;2,87;7,18;0,00;0,00;0,00;183;2,80
4D3827;16/11/2024 11:33:36;034d0712000000000000f11c;3,77;7,18;0,00;0,00;0,00;241;2,80
4D3827;16/11/2024 11:32:33;05350713000000000000221d;5,53;7,19;0,00;0,00;0,00;34;2,90
4D3827;16/11/2024 5:36:38;0,00E+00;0,00;0,00;0,00;0,00;0,00;0;0,00
4D3827;15/11/2024 23:34:11;01020719000000000000651d;1,02;7,25;0,00;0,00;0,00;101;2,90
4D3827;15/11/2024 23:33:45;0263071b000000000000e11d;2,99;7,27;0,00;0,00;0,00;225;2,90
4D3827;15/11/2024 23:33:15;035f071d000000000000261d;3,95;7,29;0,00;0,00;0,00;38;2,90
4D3827;15/11/2024 23:32:12;0537071ebf5613140000501d;5,55;7,30;191,86;19,20;0,00;80;2,90
4D3827;15/11/2024 17:29:10;005007270000000000003c1d;0,80;7,39;0,00;0,00;0,00;60;2,90
4D3827;15/11/2024 17:28:41;013707270000000000007c1d;1,55;7,39;0,00;0,00;0,00;124;2,90
4D3827;15/11/2024 17:28:11;02430726000000000000bb1d;2,67;7,38;0,00;0,00;0,00;187;2,90
4D3827;15/11/2024 17:27:42;033f0727000000000000f81d;3,63;7,39;0,00;0,00;0,00;248;2,90
4D3827;15/11/2024 17:26:45;0538072b452113280000501e;5,56;7,43;69,33;19,40;0,00;80;3,00
4D3827;15/11/2024 11:25:08;0055070b0000000000003c1d;0,85;7,11;0,00;0,00;0,00;60;2,90
4D3827;15/11/2024 11:24:44;0120070d0000000000007c1d;1,32;7,13;0,00;0,00;0,00;124;2,90
4D3827;15/11/2024 11:24:08;0239070e000000000000c31d;2,57;7,14;0,00;0,00;0,00;195;2,90
4D3827;15/11/2024 11:23:39;0338070e000000000000021d;3,56;7,14;0,00;0,00;0,00;2;2,90
4D3827;15/11/2024 11:22:42;053907103d2e13280000571e;5,57;7,16;61,46;19,40;0,00;87;3,00
4D3827;15/11/2024 5:20:17;00510662000000000000461d;0,81;6,98;0,00;0,00;0,00;70;2,90
4D3827;15/11/2024 5:19:50;0123065f000000000000851d;1,35;6,95;0,00;0,00;0,00;133;2,90
4D3827;15/11/2024 5:19:21;02320663000000000000bf1d;2,50;6,99;0,00;0,00;0,00;191;2,90
4D3827;15/11/2024 5:18:48;04230700000000000000471d;4,35;7,00;0,00;0,00;0,00;71;2,90
4D3827;15/11/2024 5:17:49;05370706000000000000591e;5,55;7,06;0,00;0,00;0,00;89;3,00
4D3827;14/11/2024 23:16:07;005007230000000000006e1e;0,80;7,35;0,00;0,00;0,00;110;3,00
4D3827;14/11/2024 23:15:34;01340725000000000000ad1e;1,52;7,37;0,00;0,00;0,00;173;3,00
4D3827;14/11/2024 23:15:05;02370723000000000000eb1e;2,55;7,35;0,00;0,00;0,00;235;3,00
4D3827;14/11/2024 23:14:34;042207230000000000006a1e;4,34;7,35;0,00;0,00;0,00;106;3,00
4D3827;14/11/2024 23:13:35;05390723000000000000761e;5,57;7,35;0,00;0,00;0,00;118;3,00
4D3827;14/11/2024 17:11:02;0201073d000000000000bf1e;2,01;7,61;0,00;0,00;0,00;191;3,00
4D3827;14/11/2024 17:10:30;0264073d000000000000061e;3,00;7,61;0,00;0,00;0,00;6;3,00
4D3827;14/11/2024 17:10:00;035d073d000000000000481e;3,93;7,61;0,00;0,00;0,00;72;3,00
4D3827;14/11/2024 17:09:00;0533073fc119133c0000721f;5,51;7,63;193,25;19,60;0,00;114;3,10
4D3827;14/11/2024 11:06:30;0055071b000000000000211e;0,85;7,27;0,00;0,00;0,00;33;3,00
4D3827;14/11/2024 11:06:00;004c071b000000000000751e;0,76;7,27;0,00;0,00;0,00;117;3,00
4D3827;14/11/2024 11:05:28;020b0719000000000000ce1e;2,11;7,25;0,00;0,00;0,00;206;3,00
4D3827;14/11/2024 11:04:58;032b0719000000000000271e;3,43;7,25;0,00;0,00;0,00;39;3,00
4D3827;14/11/2024 11:04:01;052f071a0000000000008c1f;5,47;7,26;0,00;0,00;0,00;140;3,10
4D3827;14/11/2024 5:01:32;004f0653000000000000b91e;0,79;6,83;0,00;0,00;0,00;185;3,00
4D3827;14/11/2024 5:01:03;01400653000000000000f61e;1,64;6,83;0,00;0,00;0,00;246;3,00
4D3827;14/11/2024 5:00:34;023706530000000000002d1e;2,55;6,83;0,00;0,00;0,00;45;3,00
4D3827;14/11/2024 5:00:04;033306510000000000006c1e;3,51;6,81;0,00;0,00;0,00;108;3,00
4D3827;14/11/2024 4:59:07;05300653000000000000c21f;5,48;6,83;0,00;0,00;0,00;194;3,10
4D3827;13/11/2024 15:27:35;0047071f0000000000009d1c;0,71;7,31;0,00;0,00;0,00;157;2,80
4D3827;13/11/2024 15:27:05;01270720000000000000521c;1,39;7,32;0,00;0,00;0,00;82;2,80
4D3827;13/11/2024 15:26:39;022a0720000000000000881c;2,42;7,32;0,00;0,00;0,00;136;2,80
4D3827;13/11/2024 15:26:06;0326071f000000000000fb1c;3,38;7,31;0,00;0,00;0,00;251;2,80
4D3827;13/11/2024 15:25:07;05270721000000000000b81d;5,39;7,33;0,00;0,00;0,00;184;2,90
4D3827;13/11/2024 9:21:44;025e070e000000000000be1c;2,94;7,14;0,00;0,00;0,00;190;2,80
4D3827;13/11/2024 9:21:17;0358070f0000000000001a1c;3,88;7,15;0,00;0,00;0,00;26;2,80
4D3827;13/11/2024 9:20:13;05280713000000000000cc1d;5,40;7,19;0,00;0,00;0,00;204;2,90
4D3827;13/11/2024 3:18:25;004f065e000000000000701f;0,79;6,94;0,00;0,00;0,00;112;3,10
4D3827;13/11/2024 3:17:56;0115065e000000000000b31f;1,21;6,94;0,00;0,00;0,00;179;3,10
4D3827;13/11/2024 3:17:30;0220065d000000000000f61f;2,32;6,93;0,00;0,00;0,00;246;3,10
4D3827;13/11/2024 3:16:56;031b065e000000000000391f;3,27;6,94;0,00;0,00;0,00;57;3,10
4D3827;13/11/2024 3:15:56;0521065a353c135a00008b20;5,33;6,90;53,60;19,90;0,00;139;3,20
4D3827;12/11/2024 21:13:55;0052064f000000000000db1f;0,82;6,79;0,00;0,00;0,00;219;3,10
4D3827;12/11/2024 21:12:52;0216064e000000000000981f;2,22;6,78;0,00;0,00;0,00;152;3,10
4D3827;12/11/2024 21:12:22;032c0650000000000000f61f;3,44;6,80;0,00;0,00;0,00;246;3,10
4D3827;12/11/2024 21:11:22;052106530000000000006320;5,33;6,83;0,00;0,00;0,00;99;3,20
4D3827;12/11/2024 15:08:47;004607620000000000009b1f;0,70;7,98;0,00;0,00;0,00;155;3,10
4D3827;12/11/2024 15:08:24;01480763000000000000dd1f;1,72;7,99;0,00;0,00;0,00;221;3,10
4D3827;12/11/2024 15:07:51;02450763000000000000261f;2,69;7,99;0,00;0,00;0,00;38;3,10
4D3827;12/11/2024 15:06:48;03430764000000000000691f;3,67;8,00;0,00;0,00;0,00;105;3,10
4D3827;12/11/2024 9:03:48;00480719000000000000621f;0,72;7,25;0,00;0,00;0,00;98;3,10
4D3827;12/11/2024 9:03:19;015f071a000000000000a91f;1,95;7,26;0,00;0,00;0,00;169;3,10
4D3827;12/11/2024 9:02:46;03070718000000000000f81f;3,07;7,24;0,00;0,00;0,00;248;3,10
4D3827;12/11/2024 9:02:17;04080715000000000000401f;4,08;7,21;0,00;0,00;0,00;64;3,10
4D3827;12/11/2024 9:01:18;5,22E+39;5,34;7,24;0,00;0,00;0,00;126;3,20
4D3827;12/11/2024 3:05:43;0,00E+00;0,00;0,00;0,00;0,00;0,00;0;0,00
4D3827;11/11/2024 21:03:00;0059065f0000000000006f1f;0,89;6,95;0,00;0,00;0,00;111;3,10
4D3827;11/11/2024 21:02:31;0107065d000000000000421f;1,07;6,93;0,00;0,00;0,00;66;3,10
4D3827;11/11/2024 21:02:02;021c065f000000000000881f;2,28;6,95;0,00;0,00;0,00;136;3,10
4D3827;11/11/2024 21:01:32;04110660000000000000161f;4,17;6,96;0,00;0,00;0,00;22;3,10
4D3827;11/11/2024 21:00:33;052606630000000000004d20;5,38;6,99;0,00;0,00;0,00;77;3,20
4D3827;11/11/2024 14:58:28;0054080d023d14280000d81d;0,84;8,13;2,61;20,40;0,00;216;2,90
4D3827;11/11/2024 14:57:55;0161080d0445141e0000331d;1,97;8,13;4,69;20,30;0,00;51;2,90
4D3827;11/11/2024 14:57:28;0261080f0522141e0000881d;2,97;8,15;5,34;20,30;0,00;136;2,90
4D3827;11/11/2024 14:56:56;035a0810031d141e0000e11d;3,90;8,16;3,29;20,30;0,00;225;2,90
4D3827;11/11/2024 14:55:56;052308120000000000007d1d;5,35;8,18;0,00;0,00;0,00;125;2,90
4D3827;11/11/2024 8:59:37;0,00E+00;0,00;0,00;0,00;0,00;0,00;0;0,00
4D3827;11/11/2024 2:57:10;004a0712000000000000201f;0,74;7,18;0,00;0,00;0,00;32;3,10
4D3827;11/11/2024 2:56:40;01420711000000000001661f;1,66;7,17;0,00;0,00;0,01;102;3,10
4D3827;11/11/2024 2:56:07;02440712000000000000a61f;2,68;7,18;0,00;0,00;0,00;166;3,10
4D3827;11/11/2024 2:55:38;033a0713000000000000e61f;3,58;7,19;0,00;0,00;0,00;230;3,10
4D3827;11/11/2024 2:54:39;052107140000000000005220;5,33;7,20;0,00;0,00;0,00;82;3,20
4D3827;10/11/2024 20:52:57;00510741000000000000af1d;0,81;7,65;0,00;0,00;0,00;175;2,90
4D3827;10/11/2024 20:52:24;014f0742000000000000f41d;1,79;7,66;0,00;0,00;0,00;244;2,90
4D3827;10/11/2024 20:51:55;025607410000000000014a1d;2,86;7,65;0,00;0,00;0,01;74;2,90
4D3827;10/11/2024 20:50:55;0352073d032f143c0000a31d;3,82;7,61;3,47;20,60;0,00;163;2,90
4D3827;10/11/2024 20:49:47;05230742000000000000661e;5,35;7,66;0,00;0,00;0,00;102;3,00
4D3827;10/11/2024 14:47:28;0050081a000000000000fc20;0,80;8,26;0,00;0,00;0,00;252;3,20
4D3827;10/11/2024 14:46:58;0157081c0000000000004420;1,87;8,28;0,00;0,00;0,00;68;3,20
4D3827;10/11/2024 14:46:28;0302081c0000000000009520;3,02;8,28;0,00;0,00;0,00;149;3,20
4D3827;10/11/2024 14:46:02;0361081d000000000000df20;3,97;8,29;0,00;0,00;0,00;223;3,20
4D3827;10/11/2024 14:44:59;052008190000000000004920;5,32;8,25;0,00;0,00;0,00;73;3,20
4D3827;10/11/2024 8:42:34;005906610000000000005720;0,89;6,97;0,00;0,00;0,00;87;3,20
4D3827;10/11/2024 8:42:01;006006600000000000002c20;0,96;6,96;0,00;0,00;0,00;44;3,20
4D3827;10/11/2024 8:41:28;0303065f000000000000bc20;3,03;6,95;0,00;0,00;0,00;188;3,20
4D3827;10/11/2024 8:40:28;036106600000000000000420;3,97;6,96;0,00;0,00;0,00;4;3,20
4D3827;10/11/2024 8:39:20;5,23E+39;5,35;6,99;0,00;0,00;0,00;94;3,20
4D3827;10/11/2024 2:36:56;0058070b0000000000006920;0,88;7,11;0,00;0,00;0,00;105;3,20
4D3827;10/11/2024 2:36:27;005b070c000000000000fc20;0,91;7,12;0,00;0,00;0,00;252;3,20
4D3827;10/11/2024 2:36:00;0304070a0000000000009020;3,04;7,10;0,00;0,00;0,00;144;3,20
4D3827;10/11/2024 2:35:27;0361070d000000000001db20;3,97;7,13;0,00;0,00;0,01;219;3,20
4D3827;10/11/2024 2:34:27;5,21E+40;5,33;7,09;0,00;0,00;0,00;62;3,30
4D3827;9/11/2024 20:31:43;0049075b000000000000c720;0,73;7,91;0,00;0,00;0,00;199;3,20
4D3827;9/11/2024 20:31:14;0143075a0000000000001120;1,67;7,90;0,00;0,00;0,00;17;3,20
4D3827;9/11/2024 20:30:45;0254075c0000000000005b20;2,84;7,92;0,00;0,00;0,00;91;3,20
4D3827;9/11/2024 20:30:15;0351075d1d0b145a0000a720;3,81;7,93;29,11;20,90;0,00;167;3,20
4D3827;9/11/2024 20:29:15;0523075cb212145a00002a21;5,35;7,92;178,18;20,90;0,00;42;3,30
4D3827;9/11/2024 14:26:56;004c08290000000000002520;0,76;8,41;0,00;0,00;0,00;37;3,20
4D3827;9/11/2024 14:26:26;015d08270000000000006820;1,93;8,39;0,00;0,00;0,00;104;3,20
4D3827;9/11/2024 14:25:57;02620827000000000000b620;2,98;8,39;0,00;0,00;0,00;182;3,20
4D3827;9/11/2024 14:25:27;035c082a000000000000ff20;3,92;8,42;0,00;0,00;0,00;255;3,20
4D3827;9/11/2024 14:24:27;5,22E+40;5,34;8,36;4,06;20,70;0,00;78;3,30
4D3827;9/11/2024 8:29:55;0,00E+00;0,00;0,00;0,00;0,00;0,00;0;0,00
4D3827;9/11/2024 8:28:43;0524065b4426145000004c21;5,36;6,91;68,38;20,80;0,00;76;3,30
4D3827;9/11/2024 2:26:42;0058072f8e1a145a0000a020;0,88;7,47;142,26;20,90;0,00;160;3,20
4D3827;9/11/2024 2:26:12;011307310000000000003220;1,19;7,49;0,00;0,00;0,00;50;3,20
4D3827;9/11/2024 2:25:43;022407310000000000007720;2,36;7,49;0,00;0,00;0,00;119;3,20
4D3827;9/11/2024 2:25:13;041807310000000000000f20;4,24;7,49;0,00;0,00;0,00;15;3,20
4D3827;9/11/2024 2:24:14;052607374355145a00003521;5,38;7,55;67,85;20,90;0,00;53;3,30
4D3827;8/11/2024 20:21:36;005107460000000000000c20;0,81;7,70;0,00;0,00;0,00;12;3,20
4D3827;8/11/2024 20:21:06;016407460000000000005120;2,00;7,70;0,00;0,00;0,00;81;3,20
4D3827;8/11/2024 20:20:40;03060746000000000000a020;3,06;7,70;0,00;0,00;0,00;160;3,20
4D3827;8/11/2024 20:20:07;0401074a000000000000ea20;4,01;7,74;0,00;0,00;0,00;234;3,20
4D3827;8/11/2024 20:19:07;0527074ab339145a00003421;5,39;7,74;179,57;20,90;0,00;52;3,30
4D3827;8/11/2024 14:24:18;0,00E+00;0,00;0,00;0,00;0,00;0,00;0;0,00
4D3827;8/11/2024 14:23:07;05260801883b145a00002e21;5,38;8,01;136,59;20,90;0,00;46;3,30
4D3827;8/11/2024 8:21:02;005807290000000000006220;0,88;7,41;0,00;0,00;0,00;98;3,20
4D3827;8/11/2024 8:20:32;011f07290000000000002a20;1,31;7,41;0,00;0,00;0,00;42;3,20
4D3827;8/11/2024 8:20:00;025307290000000000008f20;2,83;7,41;0,00;0,00;0,00;143;3,20
4D3827;8/11/2024 8:19:30;0402072a000000000000f720;4,02;7,42;0,00;0,00;0,00;247;3,20
4D3827;8/11/2024 8:18:31;0525072a0000000000003921;5,37;7,42;0,00;0,00;0,00;57;3,30
4D3827;8/11/2024 2:15:58;011907100000000000000a20;1,25;7,16;0,00;0,00;0,00;10;3,20
4D3827;8/11/2024 2:15:28;024d070f0000000000007220;2,77;7,15;0,00;0,00;0,00;114;3,20
4D3827;8/11/2024 2:14:58;04000711000000000000db20;4,00;7,17;0,00;0,00;0,00;219;3,20
4D3827;8/11/2024 2:13:59;052707140000000000002121;5,39;7,20;0,00;0,00;0,00;33;3,30
4D3827;7/11/2024 20:11:20;004f072b000000000000f420;0,79;7,43;0,00;0,00;0,00;244;3,20
4D3827;7/11/2024 20:10:50;013b072b0000000000004020;1,59;7,43;0,00;0,00;0,00;64;3,20
4D3827;7/11/2024 20:10:20;023f072b0000000000008b20;2,63;7,43;0,00;0,00;0,00;139;3,20
4D3827;7/11/2024 20:09:50;033e072b000000000000d720;3,62;7,43;0,00;0,00;0,00;215;3,20
4D3827;7/11/2024 20:08:51;0528072a0b0e150a00001921;5,40;7,42;11,14;21,10;0,00;25;3,30
4D3827;7/11/2024 14:06:17;011c07500000000000000a20;1,28;7,80;0,00;0,00;0,00;10;3,20
4D3827;7/11/2024 14:05:51;024c07520000000000007220;2,76;7,82;0,00;0,00;0,00;114;3,20
4D3827;7/11/2024 14:05:24;03630750000000000000dc20;3,99;7,80;0,00;0,00;0,00;220;3,20
4D3827;7/11/2024 14:04:18;052807530000000000002321;5,40;7,83;0,00;0,00;0,00;35;3,30
4D3827;7/11/2024 8:10:30;0,00E+00;0,00;0,00;0,00;0,00;0,00;0;0,00
4D3827;7/11/2024 8:09:49;014c070e0000000000008320;1,76;7,14;0,00;0,00;0,00;131;3,20
4D3827;7/11/2024 8:09:20;024d0710000000000000cf21;2,77;7,16;0,00;0,00;0,00;207;3,30
4D3827;7/11/2024 8:08:53;034a07100000000000001921;3,74;7,16;0,00;0,00;0,00;25;3,30
4D3827;7/11/2024 8:07:50;052707110000000000003f21;5,39;7,17;0,00;0,00;0,00;63;3,30
4D3827;7/11/2024 2:05:15;005906500000000000006220;0,89;6,80;0,00;0,00;0,00;98;3,20
4D3827;7/11/2024 2:04:46;011d064d0000000000003120;1,29;6,77;0,00;0,00;0,00;49;3,20
4D3827;7/11/2024 2:04:16;0255064d0000000000009820;2,85;6,77;0,00;0,00;0,00;152;3,20
4D3827;7/11/2024 2:03:46;4,07E+25;4,07;6,78;0,00;0,00;0,00;0;3,20
4D3827;7/11/2024 2:02:47;052a064b0000000000003121;5,42;6,75;0,00;0,00;0,00;49;3,30
4D3827;6/11/2024 20:09:12;0,00E+00;0,00;0,00;0,00;0,00;0,00;0;0,00
4D3827;6/11/2024 20:08:31;016307080000000000008121;1,99;7,08;0,00;0,00;0,00;129;3,30
4D3827;6/11/2024 20:08:02;0304070b000000000001ca21;3,04;7,11;0,00;0,00;0,01;202;3,30
4D3827;6/11/2024 20:07:32;036207070000000000001521;3,98;7,07;0,00;0,00;0,00;21;3,30
4D3827;6/11/2024 20:06:32;052d07058859145a00003921;5,45;7,05;136,89;20,90;0,00;57;3,30
4D3827;6/11/2024 14:12:43;0,00E+00;0,00;0,00;0,00;0,00;0,00;0;0,00
4D3827;6/11/2024 14:12:02;010e072d0000000000002921;1,14;7,45;0,00;0,00;0,00;41;3,30
4D3827;6/11/2024 14:11:32;0218072f0000000000006d21;2,24;7,47;0,00;0,00;0,00;109;3,30
4D3827;6/11/2024 14:11:03;040b07310000000000000621;4,11;7,49;0,00;0,00;0,00;6;3,30
4D3827;6/11/2024 14:10:04;052a07320e50145a00002b22;5,42;7,50;14,80;20,90;0,00;43;3,40
4D3827;6/11/2024 8:16:33;0,00E+00;0,00;0,00;0,00;0,00;0,00;0;0,00
4D3827;6/11/2024 8:15:53;010305330000000000002821;1,03;5,51;0,00;0,00;0,00;40;3,30
4D3827;6/11/2024 8:15:23;03090532000000000000bc21;3,09;5,50;0,00;0,00;0,00;188;3,30
4D3827;6/11/2024 8:14:53;040205320000000000000621;4,02;5,50;0,00;0,00;0,00;6;3,30
4D3827;6/11/2024 8:13:54;052a052d0000000000002b22;5,42;5,45;0,00;0,00;0,00;43;3,40
4D3827;6/11/2024 2:11:57;005906490000000000006b21;0,89;6,73;0,00;0,00;0,00;107;3,30
4D3827;6/11/2024 2:11:27;012b06430000000000003921;1,43;6,67;0,00;0,00;0,00;57;3,30
4D3827;6/11/2024 2:10:58;025a0644000000000000a021;2,90;6,68;0,00;0,00;0,00;160;3,30
4D3827;6/11/2024 2:10:28;040306430000000000000a21;4,03;6,67;0,00;0,00;0,00;10;3,30
4D3827;6/11/2024 2:09:28;052906440000000000003221;5,41;6,68;0,00;0,00;0,00;50;3,30
4D3827;5/11/2024 20:06:41;0058081b0000000000009021;0,88;8,27;0,00;0,00;0,00;144;3,30
4D3827;5/11/2024 20:06:11;011e081a0000000000005621;1,30;8,26;0,00;0,00;0,00;86;3,30
4D3827;5/11/2024 20:05:46;02530819000000000000bc21;2,83;8,25;0,00;0,00;0,00;188;3,30
4D3827;5/11/2024 20:05:13;0404081b0000000000002321;4,04;8,27;0,00;0,00;0,00;35;3,30
4D3827;5/11/2024 20:04:13;052d08190000000000004921;5,45;8,25;0,00;0,00;0,00;73;3,30
4D3827;5/11/2024 14:09:02;0,00E+00;0,00;0,00;0,00;0,00;0,00;0;0,00
4D3827;5/11/2024 8:13:31;0,00E+00;0,00;0,00;0,00;0,00;0,00;0;0,00
4D3827;5/11/2024 2:11:04;00590638000000000000d121;0,89;6,56;0,00;0,00;0,00;209;3,30
4D3827;5/11/2024 2:10:32;006006330000000000006221;0,96;6,51;0,00;0,00;0,00;98;3,30
4D3827;5/11/2024 2:10:02;03110635000000000000f421;3,17;6,53;0,00;0,00;0,00;244;3,30
4D3827;5/11/2024 2:09:33;040c06340000000000003d21;4,12;6,52;0,00;0,00;0,00;61;3,30
4D3827;5/11/2024 2:08:33;052f06360000000000005222;5,47;6,54;0,00;0,00;0,00;82;3,40
4D3827;4/11/2024 20:06:20;005807340000000000000a21;0,88;7,52;0,00;0,00;0,00;10;3,30
4D3827;4/11/2024 20:05:51;014407350000000000006f21;1,68;7,53;0,00;0,00;0,00;111;3,30
4D3827;4/11/2024 20:05:21;03110735000000000000d421;3,17;7,53;0,00;0,00;0,00;212;3,30
4D3827;4/11/2024 20:04:22;053107350000000000005622;5,49;7,53;0,00;0,00;0,00;86;3,40
4D3827;4/11/2024 14:02:07;0057075a000000000000af21;0,87;7,90;0,00;0,00;0,00;175;3,30
4D3827;4/11/2024 14:01:37;005307580000000000001421;0,83;7,88;0,00;0,00;0,00;20;3,30
4D3827;4/11/2024 14:01:11;015107580000000000007921;1,81;7,88;0,00;0,00;0,00;121;3,30
4D3827;4/11/2024 14:00:38;031c075a000000000000df21;3,28;7,90;0,00;0,00;0,00;223;3,30
4D3827;4/11/2024 13:59:38;052e075d0000000000005922;5,46;7,93;0,00;0,00;0,00;89;3,40
4D3827;4/11/2024 7:57:11;0123062d000000000000aa21;1,35;6,45;0,00;0,00;0,00;170;3,30
4D3827;4/11/2024 7:56:44;0257062b0000000000000d21;2,87;6,43;0,00;0,00;0,00;13;3,30
4D3827;4/11/2024 7:55:41;040a062b0000000000007121;4,10;6,43;0,00;0,00;0,00;113;3,30
4D3827;4/11/2024 7:54:34;052d062d0000000000007b22;5,45;6,45;0,00;0,00;0,00;123;3,40
4D3827;4/11/2024 1:51:40;00550654000000000000b421;0,85;6,84;0,00;0,00;0,00;180;3,30
4D3827;4/11/2024 1:51:11;010f06550000000000007d21;1,15;6,85;0,00;0,00;0,00;125;3,30
4D3827;4/11/2024 1:50:42;023e0655000000000000e221;2,62;6,85;0,00;0,00;0,00;226;3,30
4D3827;4/11/2024 1:50:12;035906550000000000004921;3,89;6,85;0,00;0,00;0,00;73;3,30
4D3827;4/11/2024 1:49:12;052d06570000000000005d22;5,45;6,87;0,00;0,00;0,00;93;3,40
4D3827;3/11/2024 19:46:51;004907160000000000006321;0,73;7,22;0,00;0,00;0,00;99;3,30
4D3827;3/11/2024 19:46:22;01430712000000000000ac21;1,67;7,18;0,00;0,00;0,00;172;3,30
4D3827;3/11/2024 19:45:52;02450719000000000000f421;2,69;7,25;0,00;0,00;0,00;244;3,30
4D3827;3/11/2024 19:44:53;3,43E+40;3,67;7,22;0,00;0,00;0,00;62;3,30
4D3827;3/11/2024 13:42:03;005107070000000000003221;0,81;7,07;0,00;0,00;0,00;50;3,30
4D3827;3/11/2024 13:41:34;013b07060000000000007921;1,59;7,06;0,00;0,00;0,00;121;3,30
4D3827;3/11/2024 13:41:05;023c0707000000000000c021;2,60;7,07;0,00;0,00;0,00;192;3,30
4D3827;3/11/2024 13:40:35;033907060000000000000821;3,57;7,06;0,00;0,00;0,00;8;3,30
4D3827;3/11/2024 13:39:35;053007070000000000005a22;5,48;7,07;0,00;0,00;0,00;90;3,40
4D3827;3/11/2024 7:37:38;005207050000000000005b21;0,82;7,05;0,00;0,00;0,00;91;3,30
4D3827;3/11/2024 7:37:05;014b0707000000000000a421;1,75;7,07;0,00;0,00;0,00;164;3,30
4D3827;3/11/2024 7:36:36;02480705000000000000ec21;2,72;7,05;0,00;0,00;0,00;236;3,30
4D3827;3/11/2024 7:36:09;034207060000000000003621;3,66;7,06;0,00;0,00;0,00;54;3,30
4D3827;3/11/2024 7:35:06;052f07070000000000004722;5,47;7,07;0,00;0,00;0,00;71;3,40
4D3827;3/11/2024 1:32:47;004907430000000000004621;0,73;7,67;0,00;0,00;0,00;70;3,30
4D3827;3/11/2024 1:32:17;014c07460000000000008f21;1,76;7,70;0,00;0,00;0,00;143;3,30
4D3827;3/11/2024 1:31:48;02560745000000000000d921;2,86;7,69;0,00;0,00;0,00;217;3,30
4D3827;3/11/2024 1:31:21;035407430000000000002321;3,84;7,67;0,00;0,00;0,00;35;3,30
4D3827;3/11/2024 1:30:23;052f07410000000000003922;5,47;7,65;0,00;0,00;0,00;57;3,40
4D3827;2/11/2024 19:27:38;004907360000000000003121;0,73;7,54;0,00;0,00;0,00;49;3,30
4D3827;2/11/2024 19:27:09;014707380000000000007c21;1,71;7,56;0,00;0,00;0,00;124;3,30
4D3827;2/11/2024 19:26:40;0251073a000000000000c621;2,81;7,58;0,00;0,00;0,00;198;3,30
4D3827;2/11/2024 19:26:10;034e07360000000000001221;3,78;7,54;0,00;0,00;0,00;18;3,30
4D3827;2/11/2024 19:25:10;053007380000000000002c22;5,48;7,56;0,00;0,00;0,00;44;3,40
4D3827;2/11/2024 13:22:55;005607390000000000008621;0,86;7,57;0,00;0,00;0,00;134;3,30
4D3827;2/11/2024 13:22:25;0116073a0000000000005421;1,22;7,58;0,00;0,00;0,00;84;3,30
4D3827;2/11/2024 13:21:56;0249073a000000000000bb21;2,73;7,58;0,00;0,00;0,00;187;3,30
4D3827;2/11/2024 13:21:28;0361073d0000000000002321;3,97;7,61;0,00;0,00;0,00;35;3,30
4D3827;2/11/2024 13:20:26;052d07410000000000003b22;5,45;7,65;0,00;0,00;0,00;59;3,40
4D3827;2/11/2024 7:18:06;005206500000000000024d21;0,82;6,80;0,00;0,00;0,02;77;3,30
4D3827;2/11/2024 7:17:36;015506530000000000009621;1,85;6,83;0,00;0,00;0,00;150;3,30
4D3827;2/11/2024 7:17:07;025c0655000000000000e021;2,92;6,85;0,00;0,00;0,00;224;3,30
4D3827;2/11/2024 7:16:37;035606540000000000002921;3,86;6,84;0,00;0,00;0,00;41;3,30
4D3827;2/11/2024 7:15:38;052f06510000000000003b22;5,47;6,81;0,00;0,00;0,00;59;3,40
4D3827;2/11/2024 1:13:36;012b07190000000000004b21;1,43;7,25;0,00;0,00;0,00;75;3,30
4D3827;2/11/2024 1:13:06;025f0717000000000000b221;2,95;7,23;0,00;0,00;0,00;178;3,30
4D3827;2/11/2024 1:12:37;041607190000000000001921;4,22;7,25;0,00;0,00;0,00;25;3,30
4D3827;2/11/2024 1:11:37;052f07190000000000002a22;5,47;7,25;0,00;0,00;0,00;42;3,40
4D3827;1/11/2024 19:09:10;0128074d0000000000002921;1,40;7,77;0,00;0,00;0,00;41;3,30
4D3827;1/11/2024 19:08:41;025c074c0000000000009321;2,92;7,76;0,00;0,00;0,00;147;3,30
4D3827;1/11/2024 19:08:11;040e074c000000000000fc21;4,14;7,76;0,00;0,00;0,00;252;3,30
4D3827;1/11/2024 19:07:20;053007500000000000001a22;5,48;7,80;0,00;0,00;0,00;26;3,40
4D3827;1/11/2024 13:05:01;0057074f0000000000007c21;0,87;7,79;0,00;0,00;0,00;124;3,30
4D3827;1/11/2024 13:04:31;0110074f0000000000004a21;1,16;7,79;0,00;0,00;0,00;74;3,30
4D3827;1/11/2024 13:04:03;02430750000000000000b121;2,67;7,80;0,00;0,00;0,00;177;3,30
4D3827;1/11/2024 13:03:33;035c074e0000000000001921;3,92;7,78;0,00;0,00;0,00;25;3,30
4D3827;1/11/2024 13:02:33;052e074b0000000000002f22;5,46;7,75;0,00;0,00;0,00;47;3,40
4D3827;1/11/2024 6:59:49;013406150000000000005821;1,52;6,21;0,00;0,00;0,00;88;3,30
4D3827;1/11/2024 7:00:19;00570615000000000000f321;0,87;6,21;0,00;0,00;0,00;243;3,30
4D3827;1/11/2024 6:59:49;013406150000000000005821;1,52;6,21;0,00;0,00;0,00;88;3,30
4D3827;1/11/2024 6:59:20;03010613000000000000bf21;3,01;6,19;0,00;0,00;0,00;191;3,30
4D3827;1/11/2024 6:58:50;041806140000000000002621;4,24;6,20;0,00;0,00;0,00;38;3,30
4D3827;1/11/2024 6:57:50;052e06170000000000002f22;5,46;6,23;0,00;0,00;0,00;47;3,40
4D3827;1/11/2024 0:55:34;0057070a000000000000d521;0,87;7,10;0,00;0,00;0,00;213;3,30
4D3827;1/11/2024 0:55:07;0057070c0000000000003d21;0,87;7,12;0,00;0,00;0,00;61;3,30
4D3827;1/11/2024 0:54:35;0226070c000000000000a621;2,38;7,12;0,00;0,00;0,00;166;3,30
4D3827;1/11/2024 0:54:05;0341070c0000000000000f21;3,65;7,12;0,00;0,00;0,00;15;3,30
4D3827;1/11/2024 0:53:06;052c070d0000000000002622;5,44;7,13;0,00;0,00;0,00;38;3,40
4D3827;31/10/2024 18:50:55;0049073e0000000000002222;0,73;7,62;0,00;0,00;0,00;34;3,40
4D3827;31/10/2024 18:50:25;0141073e0000000000006d22;1,65;7,62;0,00;0,00;0,00;109;3,40
4D3827;31/10/2024 18:49:56;0245073b000000000000b822;2,69;7,59;0,00;0,00;0,00;184;3,40
4D3827;31/10/2024 18:49:26;0344073f0000000000000422;3,68;7,63;0,00;0,00;0,00;4;3,40
4D3827;31/10/2024 18:48:26;052c073f0000000000002022;5,44;7,63;0,00;0,00;0,00;32;3,40
4D3827;31/10/2024 12:45:52;0127075d0000000000004121;1,39;7,93;0,00;0,00;0,00;65;3,30
4D3827;31/10/2024 12:45:22;025b075f000000000000aa21;2,91;7,95;0,00;0,00;0,00;170;3,30
4D3827;31/10/2024 12:44:52;040d075f0000000000001321;4,13;7,95;0,00;0,00;0,00;19;3,30
4D3827;31/10/2024 12:43:53;052b075a0000000000002922;5,43;7,90;0,00;0,00;0,00;41;3,40
4D3827;31/10/2024 6:41:52;004c065c0000000000003422;0,76;6,92;0,00;0,00;0,00;52;3,40
4D3827;31/10/2024 6:41:22;015a065c0000000000007e22;1,90;6,92;0,00;0,00;0,00;126;3,40
4D3827;31/10/2024 6:40:56;0263065c000000000000c922;2,99;6,92;0,00;0,00;0,00;201;3,40
4D3827;31/10/2024 6:40:23;035e065b0000000000001322;3,94;6,91;0,00;0,00;0,00;19;3,40
4D3827;31/10/2024 6:39:24;052d065f2461145000002323;5,45;6,95;36,97;20,80;0,00;35;3,50
4D3827;31/10/2024 0:37:11;004607000000000000002f22;0,70;7,00;0,00;0,00;0,00;47;3,40
4D3827;31/10/2024 0:36:41;014d07010000000000007922;1,77;7,01;0,00;0,00;0,00;121;3,40
4D3827;31/10/2024 0:36:12;025a0702000000000000c422;2,90;7,02;0,00;0,00;0,00;196;3,40
4D3827;31/10/2024 0:35:42;035607010000000000000f22;3,86;7,01;0,00;0,00;0,00;15;3,40
4D3827;31/10/2024 0:34:42;052d06630000000000002223;5,45;6,99;0,00;0,00;0,00;34;3,50
4D3827;30/10/2024 18:40:01;0,00E+00;0,00;0,00;0,00;0,00;0,00;0;0,00
4D3827;30/10/2024 18:38:49;052c0741165b145000002523;5,44;7,65;22,91;20,80;0,00;37;3,50
4D3827;30/10/2024 12:36:35;010107360000000000004822;1,01;7,54;0,00;0,00;0,00;72;3,40
4D3827;30/10/2024 12:36:06;023c0738000000000000b022;2,60;7,56;0,00;0,00;0,00;176;3,40
4D3827;30/10/2024 12:35:36;035707370000000000001822;3,87;7,55;0,00;0,00;0,00;24;3,40
4D3827;30/10/2024 12:34:36;052c073a0000000000002922;5,44;7,58;0,00;0,00;0,00;41;3,40
4D3827;30/10/2024 0:23:49;0041064d000000000000f822;0,65;6,77;0,00;0,00;0,00;248;3,40
4D3827;30/10/2024 0:23:20;0132064c0000000000004422;1,50;6,76;0,00;0,00;0,00;68;3,40
4D3827;30/10/2024 0:22:50;023f064e0000000000009122;2,63;6,78;0,00;0,00;0,00;145;3,40
4D3827;30/10/2024 0:22:21;033d064e000000000000dd22;3,61;6,78;0,00;0,00;0,00;221;3,40
4D3827;30/10/2024 0:21:21;052e064e0000000000000623;5,46;6,78;0,00;0,00;0,00;6;3,50
4D3827;29/10/2024 18:18:47;01120718000000000000fc22;1,18;7,24;0,00;0,00;0,00;252;3,40
4D3827;29/10/2024 18:18:18;024d07190000000000006622;2,77;7,25;0,00;0,00;0,00;102;3,40
4D3827;29/10/2024 18:17:48;04010719000000000000d222;4,01;7,25;0,00;0,00;0,00;210;3,40
4D3827;29/10/2024 18:16:48;05250718000000000000f923;5,37;7,24;0,00;0,00;0,00;249;3,50
4D3827;29/10/2024 12:15:38;004f070b000000000000d222;0,79;7,11;0,00;0,00;0,00;210;3,40
4D3827;29/10/2024 12:15:08;014f070c0000000000006422;1,79;7,12;0,00;0,00;0,00;100;3,40
4D3827;29/10/2024 12:14:45;0247070c000000000000ae22;2,71;7,12;0,00;0,00;0,00;174;3,40
4D3827;29/10/2024 12:14:09;033f070c000000000000f922;3,63;7,12;0,00;0,00;0,00;249;3,40
4D3827;29/10/2024 12:13:09;052b070c0000000000001423;5,43;7,12;0,00;0,00;0,00;20;3,50
4D3827;29/10/2024 6:10:48;004a0638000000000000cb22;0,74;6,56;0,00;0,00;0,00;203;3,40
4D3827;29/10/2024 6:10:18;014c06380000000000015e22;1,76;6,56;0,00;0,00;0,01;94;3,40
4D3827;29/10/2024 6:09:54;0242063a000000000004a922;2,66;6,58;0,00;0,00;0,04;169;3,40
4D3827;29/10/2024 6:09:22;03350638000000000002f422;3,53;6,56;0,00;0,00;0,02;244;3,40
4D3827;29/10/2024 6:08:19;052b063b0000000000011a23;5,43;6,59;0,00;0,00;0,01;26;3,50
4D3827;29/10/2024 0:06:03;004d06630000000000001e22;0,77;6,99;0,00;0,00;0,00;30;3,40
4D3827;29/10/2024 0:05:33;013306640000000000006822;1,51;7,00;0,00;0,00;0,00;104;3,40
4D3827;29/10/2024 0:05:03;02280663000000000000b222;2,40;6,99;0,00;0,00;0,00;178;3,40
4D3827;29/10/2024 0:03:33;052406610000000000002323;5,36;6,97;0,00;0,00;0,00;35;3,50
4D3827;28/10/2024 18:02:34;0054055b0000000000007822;0,84;5,91;0,00;0,00;0,00;120;3,40
4D3827;28/10/2024 18:02:01;0110055a0000000000004322;1,16;5,90;0,00;0,00;0,00;67;3,40
4D3827;28/10/2024 18:01:32;02330557000000000000a822;2,51;5,87;0,00;0,00;0,00;168;3,40
4D3827;28/10/2024 18:01:02;034805590000000000000f22;3,72;5,89;0,00;0,00;0,00;15;3,40
4D3827;28/10/2024 18:00:03;0525055a0000000000002c23;5,37;5,90;0,00;0,00;0,00;44;3,50
4D3827;28/10/2024 11:57:25;0143063b0000000000006423;1,67;6,59;0,00;0,00;0,00;100;3,50
4D3827;28/10/2024 11:56:52;024b063a000000000000af23;2,75;6,58;0,00;0,00;0,00;175;3,50
4D3827;28/10/2024 11:56:23;03460639000000000000fb23;3,70;6,57;0,00;0,00;0,00;251;3,50
4D3827;28/10/2024 11:55:23;052406390000000000002523;5,36;6,57;0,00;0,00;0,00;37;3,50
4D3827;28/10/2024 5:53:19;5,11E+41;0,81;5,85;0,00;0,00;0,00;14;3,50
4D3827;28/10/2024 5:52:50;011e05560000000000005923;1,30;5,86;0,00;0,00;0,00;89;3,50
4D3827;28/10/2024 5:52:21;022b0558000000000000a323;2,43;5,88;0,00;0,00;0,00;163;3,50
4D3827;28/10/2024 5:51:54;03250554000000000000ef23;3,37;5,84;0,00;0,00;0,00;239;3,50
4D3827;28/10/2024 5:50:50;052305590000000000002023;5,35;5,89;0,00;0,00;0,00;32;3,50
4D3827;27/10/2024 23:48:58;00490604000000000000f923;0,73;6,04;0,00;0,00;0,00;249;3,50
4D3827;27/10/2024 23:48:28;012806030000000000004423;1,40;6,03;0,00;0,00;0,00;68;3,50
4D3827;27/10/2024 23:47:58;023906020000000000009023;2,57;6,02;0,00;0,00;0,00;144;3,50
4D3827;27/10/2024 23:47:29;03380604000000000000dc23;3,56;6,04;0,00;0,00;0,00;220;3,50
4D3827;27/10/2024 23:46:29;052405620000000000001423;5,36;5,98;0,00;0,00;0,00;20;3,50
4D3827;27/10/2024 17:44:16;0049070b000000000000c823;0,73;7,11;0,00;0,00;0,00;200;3,50
4D3827;27/10/2024 17:43:46;0123070b0000000000001523;1,35;7,11;0,00;0,00;0,00;21;3,50
4D3827;27/10/2024 17:43:16;023a07090000000000006623;2,58;7,09;0,00;0,00;0,00;102;3,50
4D3827;27/10/2024 17:42:47;0336070a000000000000b323;3,54;7,10;0,00;0,00;0,00;179;3,50
4D3827;27/10/2024 17:41:48;0521070b000000000000f723;5,33;7,11;0,00;0,00;0,00;247;3,50
4D3827;27/10/2024 11:39:53;004b0706000000000000a123;0,75;7,06;0,00;0,00;0,00;161;3,50
4D3827;27/10/2024 11:39:23;01190708000000000000f023;1,25;7,08;0,00;0,00;0,00;240;3,50
4D3827;27/10/2024 11:38:54;022c07070000000000003e23;2,44;7,07;0,00;0,00;0,00;62;3,50
4D3827;27/10/2024 11:38:23;032707080000000000008d23;3,39;7,08;0,00;0,00;0,00;141;3,50
4D3827;27/10/2024 11:37:25;051b070a000000000000df24;5,27;7,10;0,00;0,00;0,00;223;3,60
4D3827;27/10/2024 5:35:44;004b07060000000000007923;0,75;7,06;0,00;0,00;0,00;121;3,50
4D3827;27/10/2024 5:35:11;01090702000000000000c923;1,09;7,02;0,00;0,00;0,00;201;3,50
4D3827;27/10/2024 5:34:46;021c070a0000000000001723;2,28;7,10;0,00;0,00;0,00;23;3,50
4D3827;27/10/2024 5:34:16;040d0709000000000000b623;4,13;7,09;0,00;0,00;0,00;182;3,50
4D3827;27/10/2024 5:33:16;051a064c000000000000bd24;5,26;6,76;0,00;0,00;0,00;189;3,60
4D3827;27/10/2024 0:31:08;004a0655000000000000d423;0,74;6,85;0,00;0,00;0,00;212;3,50
4D3827;27/10/2024 0:30:38;010c06550000000000007623;1,12;6,85;0,00;0,00;0,00;118;3,50
4D3827;27/10/2024 0:30:09;02110656000000000000bf23;2,17;6,86;0,00;0,00;0,00;191;3,50
4D3827;27/10/2024 0:29:39;031006540000000000001223;3,16;6,84;0,00;0,00;0,00;18;3,50
4D3827;27/10/2024 0:28:42;051906570000000000008724;5,25;6,87;0,00;0,00;0,00;135;3,60
4D3827;26/10/2024 18:26:46;0048070c0000000000004f23;0,72;7,12;0,00;0,00;0,00;79;3,50
4D3827;26/10/2024 18:26:13;0063070f0000000000002123;0,99;7,15;0,00;0,00;0,00;33;3,50
4D3827;26/10/2024 18:25:44;022607110000000000009523;2,38;7,17;0,00;0,00;0,00;149;3,50
4D3827;26/10/2024 18:25:14;033c07110000000000000823;3,60;7,17;0,00;0,00;0,00;8;3,50
4D3827;26/10/2024 18:24:14;051707120000000000005724;5,23;7,18;0,00;0,00;0,00;87;3,60
4D3827;26/10/2024 12:22:02;004b063d000000000000fc23;0,75;6,61;0,00;0,00;0,00;252;3,50
4D3827;26/10/2024 12:21:35;0046063c0000000000005023;0,70;6,60;0,00;0,00;0,00;80;3,50
4D3827;26/10/2024 12:21:03;0125063f000000000000a123;1,37;6,63;0,00;0,00;0,00;161;3,50
4D3827;26/10/2024 12:20:33;035f063e0000000000007423;3,95;6,62;0,00;0,00;0,00;116;3,50
4D3827;26/10/2024 12:19:33;051906400000000000008b24;5,25;6,64;0,00;0,00;0,00;139;3,60
4D3827;26/10/2024 6:17:29;003f064d000000000000f223;0,63;6,77;0,00;0,00;0,00;242;3,50
4D3827;26/10/2024 6:16:59;013a064d0000000000004523;1,58;6,77;0,00;0,00;0,00;69;3,50
4D3827;26/10/2024 6:16:29;0240064f0000000000009823;2,64;6,79;0,00;0,00;0,00;152;3,50
4D3827;26/10/2024 6:16:00;033d064d000000000000ed23;3,61;6,77;0,00;0,00;0,00;237;3,50
4D3827;26/10/2024 6:15:04;051606500000000000004824;5,22;6,80;0,00;0,00;0,00;72;3,60
4D3827;26/10/2024 0:13:04;004b06380000000000000c23;0,75;6,56;0,00;0,00;0,00;12;3,50
4D3827;26/10/2024 0:12:30;005506370000000000000823;0,85;6,55;0,00;0,00;0,00;8;3,50
4D3827;26/10/2024 0:12:02;03000636000000000000b323;3,00;6,54;0,00;0,00;0,00;179;3,50
4D3827;26/10/2024 0:11:31;035e06350000000000000823;3,94;6,53;0,00;0,00;0,00;8;3,50
4D3827;26/10/2024 0:10:32;051a06330000000000003424;5,26;6,51;0,00;0,00;0,00;52;3,60
4D3827;25/10/2024 18:07:32;00430749000000000000c523;0,67;7,73;0,00;0,00;0,00;197;3,50
4D3827;25/10/2024 18:07:05;013e074a0000000000002123;1,62;7,74;0,00;0,00;0,00;33;3,50
4D3827;25/10/2024 18:06:32;024c074a0000000000007d23;2,76;7,74;0,00;0,00;0,00;125;3,50
4D3827;25/10/2024 18:06:03;034f074d000000000000da23;3,79;7,77;0,00;0,00;0,00;218;3,50
4D3827;25/10/2024 18:05:03;051b07500000000000003024;5,27;7,80;0,00;0,00;0,00;48;3,60
4D3827;25/10/2024 12:03:20;010a07330000000000006424;1,10;7,51;0,00;0,00;0,00;100;3,60
4D3827;25/10/2024 12:02:50;021a0736000000000000b624;2,26;7,54;0,00;0,00;0,00;182;3,60
4D3827;25/10/2024 12:02:21;040607350000000000005924;4,06;7,53;0,00;0,00;0,00;89;3,60
4D3827;25/10/2024 12:01:21;051c07380000000000006924;5,28;7,56;0,00;0,00;0,00;105;3,60
4D3827;25/10/2024 5:58:51;004f064c0000000000003224;0,79;6,76;0,00;0,00;0,00;50;3,60
4D3827;25/10/2024 5:58:22;0058064a0000000000002924;0,88;6,74;0,00;0,00;0,00;41;3,60
4D3827;25/10/2024 5:57:53;0206064d0000000000007d24;2,06;6,77;0,00;0,00;0,00;125;3,60
4D3827;25/10/2024 5:57:23;0361064b0000000000002524;3,97;6,75;0,00;0,00;0,00;37;3,60
4D3827;25/10/2024 5:56:23;051d064e0000000000004b24;5,29;6,78;0,00;0,00;0,00;75;3,60
4D3827;24/10/2024 23:54:05;004c063f000000000000c224;0,76;6,63;0,00;0,00;0,00;194;3,60
4D3827;24/10/2024 23:53:35;1,38E+43;1,56;6,64;0,00;0,00;0,00;30;3,60
4D3827;24/10/2024 23:53:06;024806400000000000007b24;2,72;6,64;0,00;0,00;0,00;123;3,60
4D3827;24/10/2024 23:52:36;034d063f000000000000d924;3,77;6,63;0,00;0,00;0,00;217;3,60
4D3827;24/10/2024 23:51:37;052506410000000000002f24;5,37;6,65;0,00;0,00;0,00;47;3,60
4D3827;24/10/2024 17:49:21;00500807000000000000b324;0,80;8,07;0,00;0,00;0,00;179;3,60
4D3827;24/10/2024 17:48:51;011708090000000000000724;1,23;8,09;0,00;0,00;0,00;7;3,60
4D3827;24/10/2024 17:48:24;022b08050000000000005e24;2,43;8,05;0,00;0,00;0,00;94;3,60
4D3827;24/10/2024 17:47:52;03260809000000000000b324;3,38;8,09;0,00;0,00;0,00;179;3,60
4D3827;24/10/2024 17:46:52;0524080a0000000000003724;5,36;8,10;0,00;0,00;0,00;55;3,60
4D3827;24/10/2024 11:43:46;0163073d0000000000005324;1,99;7,61;0,00;0,00;0,00;83;3,60
4D3827;24/10/2024 11:43:46;0163073d0000000000005324;1,99;7,61;0,00;0,00;0,00;83;3,60
4D3827;24/10/2024 11:44:10;004c073d000000000000f824;0,76;7,61;0,00;0,00;0,00;248;3,60
4D3827;24/10/2024 11:44:10;004c073d000000000000f824;0,76;7,61;0,00;0,00;0,00;248;3,60
4D3827;24/10/2024 11:43:46;0163073d0000000000005324;1,99;7,61;0,00;0,00;0,00;83;3,60
4D3827;24/10/2024 11:44:39;0056073e0000000000004424;0,86;7,62;0,00;0,00;0,00;68;3,60
4D3827;24/10/2024 11:42:40;040d073f0000000000000824;4,13;7,63;0,00;0,00;0,00;8;3,60
4D3827;24/10/2024 5:39:13;00560704000000000000cf24;0,86;7,04;0,00;0,00;0,00;207;3,60
4D3827;24/10/2024 5:38:44;010e06640000000000002124;1,14;7,00;0,00;0,00;0,00;33;3,60
4D3827;24/10/2024 5:38:14;021d07020000000000007324;2,29;7,02;0,00;0,00;0,00;115;3,60
4D3827;24/10/2024 5:37:44;040f07010000000000001c24;4,15;7,01;0,00;0,00;0,00;28;3,60
4D3827;24/10/2024 5:36:46;052707060000000000004525;5,39;7,06;0,00;0,00;0,00;69;3,70
4D3827;23/10/2024 23:35:01;0049070f000000000000db24;0,73;7,15;0,00;0,00;0,00;219;3,60
4D3827;23/10/2024 23:34:32;0147070f0000000000003124;1,71;7,15;0,00;0,00;0,00;49;3,60
4D3827;23/10/2024 23:34:03;0250070f0000000000008924;2,80;7,15;0,00;0,00;0,00;137;3,60
4D3827;23/10/2024 23:33:32;0358070f000000000000ec24;3,88;7,15;0,00;0,00;0,00;236;3,60
4D3827;23/10/2024 23:32:34;0529070f842c161e00003125;5,41;7,15;132,44;22,30;0,00;49;3,70
4D3827;23/10/2024 17:30:48;005608020000000000005d24;0,86;8,02;0,00;0,00;0,00;93;3,60
4D3827;23/10/2024 17:30:15;004e0803000000000000c124;0,78;8,03;0,00;0,00;0,00;193;3,60
4D3827;23/10/2024 17:29:45;022e08020000000000003724;2,46;8,02;0,00;0,00;0,00;55;3,60
4D3827;23/10/2024 17:29:16;034c0804000000000000ae24;3,76;8,04;0,00;0,00;0,00;174;3,60
4D3827;23/10/2024 17:28:16;052908020000000000003225;5,41;8,02;0,00;0,00;0,00;50;3,70
4D3827;23/10/2024 11:25:53;004b0723000000000000d724;0,75;7,35;0,00;0,00;0,00;215;3,60
4D3827;23/10/2024 11:25:24;015007230000000000003024;1,80;7,35;0,00;0,00;0,00;48;3,60
4D3827;23/10/2024 11:24:55;030207230000000000008c24;3,02;7,35;0,00;0,00;0,00;140;3,60
4D3827;23/10/2024 11:24:28;04000725000000000000e424;4,00;7,37;0,00;0,00;0,00;228;3,60
4D3827;23/10/2024 11:23:25;052907280000000000005425;5,41;7,40;0,00;0,00;0,00;84;3,70
4D3827;23/10/2024 5:21:12;005707100000000000009624;0,87;7,16;0,00;0,00;0,00;150;3,60
4D3827;23/10/2024 5:20:42;011207100000000000003b24;1,18;7,16;0,00;0,00;0,00;59;3,60
4D3827;23/10/2024 5:20:16;021e07100000000000008624;2,30;7,16;0,00;0,00;0,00;134;3,60
4D3827;23/10/2024 5:19:43;041507100000000000003124;4,21;7,16;0,00;0,00;0,00;49;3,60
4D3827;23/10/2024 5:18:43;052907130000000000005425;5,41;7,19;0,00;0,00;0,00;84;3,70
4D3827;22/10/2024 23:17:15;00580742000000000000b124;0,88;7,66;0,00;0,00;0,00;177;3,60
4D3827;22/10/2024 23:16:39;0118073f0000000000001224;1,24;7,63;0,00;0,00;0,00;18;3,60
4D3827;22/10/2024 23:16:10;0230073f0000000000006b24;2,48;7,63;0,00;0,00;0,00;107;3,60
4D3827;22/10/2024 23:15:40;0342073e000000000000d724;3,66;7,62;0,00;0,00;0,00;215;3,60
4D3827;22/10/2024 23:14:40;052a07400000000000004725;5,42;7,64;0,00;0,00;0,00;71;3,70
4D3827;22/10/2024 17:11:58;00570823000000000000d324;0,87;8,35;0,00;0,00;0,00;211;3,60
4D3827;22/10/2024 17:11:31;00580825000000000000e624;0,88;8,37;0,00;0,00;0,00;230;3,60
4D3827;22/10/2024 17:10:58;021408260000000000004224;2,20;8,38;0,00;0,00;0,00;66;3,60
4D3827;22/10/2024 17:10:29;03310824000000000000b824;3,49;8,36;0,00;0,00;0,00;184;3,60
4D3827;22/10/2024 17:09:29;052908260000000000003925;5,41;8,38;0,00;0,00;0,00;57;3,70
4D3827;22/10/2024 11:07:21;00580734000000000000f324;0,88;7,52;0,00;0,00;0,00;243;3,60
4D3827;22/10/2024 11:06:55;010e07340000000000004424;1,14;7,52;0,00;0,00;0,00;68;3,60
4D3827;22/10/2024 11:06:23;022607340000000000009824;2,38;7,52;0,00;0,00;0,00;152;3,60
4D3827;22/10/2024 11:05:53;041b07330000000000003e24;4,27;7,51;0,00;0,00;0,00;62;3,60
4D3827;22/10/2024 11:04:53;052a07300000000000005d25;5,42;7,48;0,00;0,00;0,00;93;3,70
4D3827;22/10/2024 5:02:47;5,61E+141;0,86;7,49;0,00;0,00;0,00;225;3,60
4D3827;22/10/2024 5:02:14;006107310000000000002a24;0,97;7,49;0,00;0,00;0,00;42;3,60
4D3827;22/10/2024 5:01:45;030a072d000000000000c824;3,10;7,45;0,00;0,00;0,00;200;3,60
4D3827;22/10/2024 5:01:15;040607330000000000001d24;4,06;7,51;0,00;0,00;0,00;29;3,60
4D3827;22/10/2024 5:00:16;0527072e0000000000005025;5,39;7,46;0,00;0,00;0,00;80;3,70
4D3827;21/10/2024 22:58:04;004a072b0000000000000a24;0,74;7,43;0,00;0,00;0,00;10;3,60
4D3827;21/10/2024 22:57:34;0158072f0000000000005f24;1,88;7,47;0,00;0,00;0,00;95;3,60
4D3827;21/10/2024 22:57:05;025a0731000000000000b424;2,90;7,49;0,00;0,00;0,00;180;3,60
4D3827;21/10/2024 22:56:35;0350072b0000000000000324;3,80;7,43;0,00;0,00;0,00;3;3,60
4D3827;21/10/2024 22:55:35;052c072b0000000000003c25;5,44;7,43;0,00;0,00;0,00;60;3,70
4D3827;21/10/2024 16:53:18;0054080d000000000003b424;0,84;8,13;0,00;0,00;0,03;180;3,60
4D3827;21/10/2024 16:52:48;011f080f0000000000031024;1,31;8,15;0,00;0,00;0,03;16;3,60
4D3827;21/10/2024 16:52:18;0232080a0000000000026d24;2,50;8,10;0,00;0,00;0,02;109;3,60
4D3827;21/10/2024 16:51:49;0335080b000000000003c924;3,53;8,11;0,00;0,00;0,03;201;3,60
4D3827;21/10/2024 16:50:48;0529080b0000000000043a25;5,41;8,11;0,00;0,00;0,04;58;3,70
4D3827;21/10/2024 10:50:53;000007117b2b044700000000;0,00;7,17;123,43;4,71;0,00;0;0,00
4D3827;21/10/2024 10:45:48;0,00E+00;0,00;0,00;0,00;0,00;0,00;0;0,00
4D3827;21/10/2024 10:44:51;003b073c000000000000ab25;0,59;7,60;0,00;0,00;0,00;171;3,70
4D3827;18/10/2024 7:51:31;2,31E+244;2,49;5,84;0,00;0,00;0,00;226;3,80
4D3827;17/10/2024 19:37:51;004c06470000000000002a26;0,76;6,71;0,00;0,00;0,00;42;3,80
4D3827;17/10/2024 19:37:24;012506460000000000008526;1,37;6,70;0,00;0,00;0,00;133;3,80
4D3827;17/10/2024 19:36:58;022f0646000000000000e126;2,47;6,70;0,00;0,00;0,00;225;3,80
4D3827;17/10/2024 19:36:25;033f06430000000000004026;3,63;6,67;0,00;0,00;0,00;64;3,80
4D3827;17/10/2024 19:35:22;052306460000000000006726;5,35;6,70;0,00;0,00;0,00;103;3,80
4D3827;17/10/2024 13:33:15;004e063b000000000000c226;0,78;6,59;0,00;0,00;0,00;194;3,80
4D3827;17/10/2024 13:32:52;012a0639000000000000d326;1,42;6,57;0,00;0,00;0,00;211;3,80
4D3827;17/10/2024 13:32:17;0250063b0000000000009026;2,80;6,59;0,00;0,00;0,00;144;3,80
4D3827;17/10/2024 13:31:47;034b0639000000000000f026;3,75;6,57;0,00;0,00;0,00;240;3,80
4D3827;17/10/2024 13:30:48;0520063a0000000000005e27;5,32;6,58;0,00;0,00;0,00;94;3,90
4D3827;17/10/2024 7:28:35;0047060d000000000000c326;0,71;6,13;0,00;0,00;0,00;195;3,80
4D3827;17/10/2024 7:28:02;025b060c0000000000007e26;2,91;6,12;0,00;0,00;0,00;126;3,80
4D3827;17/10/2024 7:27:32;0354060c000000000000df26;3,84;6,12;0,00;0,00;0,00;223;3,80
4D3827;17/10/2024 7:26:33;051e060c0000000000004e27;5,30;6,12;0,00;0,00;0,00;78;3,90
4D3827;17/10/2024 1:24:31;004806190000000000001426;0,72;6,25;0,00;0,00;0,00;20;3,80
4D3827;17/10/2024 1:24:01;004f06170000000000007926;0,79;6,23;0,00;0,00;0,00;121;3,80
4D3827;17/10/2024 1:23:32;025f06180000000000003926;2,95;6,24;0,00;0,00;0,00;57;3,80
4D3827;17/10/2024 1:23:02;035a06170000000000009c26;3,90;6,23;0,00;0,00;0,00;156;3,80
4D3827;17/10/2024 1:22:02;051c06190000000000001d27;5,28;6,25;0,00;0,00;0,00;29;3,90
4D3827;16/10/2024 19:19:46;0046062f0000000000009f26;0,70;6,47;0,00;0,00;0,00;159;3,80
4D3827;16/10/2024 19:19:16;0152062e000000000000ba26;1,82;6,46;0,00;0,00;0,00;186;3,80
4D3827;16/10/2024 19:18:46;024e062c0000000000001b26;2,78;6,44;0,00;0,00;0,00;27;3,80
4D3827;16/10/2024 19:18:17;034106310000000000007426;3,65;6,49;0,00;0,00;0,00;116;3,80
4D3827;16/10/2024 19:17:16;051b062c0000000000000327;5,27;6,44;0,00;0,00;0,00;3;3,90
4D3827;16/10/2024 13:15:06;0045061e000000000000a726;0,69;6,30;0,00;0,00;0,00;167;3,80
4D3827;16/10/2024 13:14:36;0116061e0000000000000c26;1,22;6,30;0,00;0,00;0,00;12;3,80
4D3827;16/10/2024 13:14:07;0231061e0000000000007126;2,49;6,30;0,00;0,00;0,00;113;3,80
4D3827;16/10/2024 13:13:37;0333061d000000000000d826;3,51;6,29;0,00;0,00;0,00;216;3,80
4D3827;16/10/2024 13:12:37;051c06200000000000006a27;5,28;6,32;0,00;0,00;0,00;106;3,90
4D3827;16/10/2024 7:09:46;004505620000000000009626;0,69;5,98;0,00;0,00;0,00;150;3,80
4D3827;16/10/2024 7:09:16;004f055e000000000000a826;0,79;5,94;0,00;0,00;0,00;168;3,80
4D3827;16/10/2024 7:08:46;025805600000000000006726;2,88;5,96;0,00;0,00;0,00;103;3,80
4D3827;16/10/2024 7:08:17;034a0562000000000000bd26;3,74;5,98;0,00;0,00;0,00;189;3,80
4D3827;16/10/2024 7:07:17;051a05600000000000003827;5,26;5,96;0,00;0,00;0,00;56;3,90
4D3827;16/10/2024 1:05:17;4,51E+44;0,69;6,06;0,00;0,00;0,00;30;3,80
4D3827;16/10/2024 1:04:47;010806060000000000007d26;1,08;6,06;0,00;0,00;0,00;125;3,80
4D3827;16/10/2024 1:04:18;02060603000000000000dd26;2,06;6,03;0,00;0,00;0,00;221;3,80
4D3827;16/10/2024 1:03:48;035f06060000000000009f26;3,95;6,06;0,00;0,00;0,00;159;3,80
4D3827;16/10/2024 1:02:48;051b06070000000000001e27;5,27;6,07;0,00;0,00;0,00;30;3,90
4D3827;15/10/2024 19:00:22;003b06200000000000000226;0,59;6,32;0,00;0,00;0,00;2;3,80
4D3827;15/10/2024 18:59:52;013806200000000000006926;1,56;6,32;0,00;0,00;0,00;105;3,80
4D3827;15/10/2024 18:59:26;02480621000000000000d326;2,72;6,33;0,00;0,00;0,00;211;3,80
4D3827;15/10/2024 18:58:53;034b06200000000000003e26;3,75;6,32;0,00;0,00;0,00;62;3,80
4D3827;15/10/2024 18:57:57;05190623000000000000f727;5,25;6,35;0,00;0,00;0,00;247;3,90
4D3827;15/10/2024 12:55:26;003a05200000000000005226;0,58;5,32;0,00;0,00;0,00;82;3,80
4D3827;15/10/2024 12:54:57;012d051f000000000000b326;1,45;5,31;0,00;0,00;0,00;179;3,80
4D3827;15/10/2024 12:54:28;023805200000000000001426;2,56;5,32;0,00;0,00;0,00;20;3,80
4D3827;15/10/2024 12:53:58;0336051f0000000000007e26;3,54;5,31;0,00;0,00;0,00;126;3,80
4D3827;15/10/2024 12:52:58;051805230000000000000527;5,24;5,35;0,00;0,00;0,00;5;3,90
4D3827;15/10/2024 6:50:52;003a042e0000000000006826;0,58;4,46;0,00;0,00;0,00;104;3,80
4D3827;15/10/2024 6:50:23;0147042e000000000000c826;1,71;4,46;0,00;0,00;0,00;200;3,80
4D3827;15/10/2024 6:49:53;024f042e0000000000002a26;2,79;4,46;0,00;0,00;0,00;42;3,80
4D3827;15/10/2024 6:49:23;034d042e0000000000008c26;3,77;4,46;0,00;0,00;0,00;140;3,80
4D3827;15/10/2024 6:48:24;051a042f0000000000001027;5,26;4,47;0,00;0,00;0,00;16;3,90
4D3827;15/10/2024 0:46:28;0048053f000000000000d626;0,72;5,63;0,00;0,00;0,00;214;3,80
4D3827;15/10/2024 0:45:58;010c05390000000000005426;1,12;5,57;0,00;0,00;0,00;84;3,80
4D3827;15/10/2024 0:45:29;022d053c000000000000be26;2,45;5,60;0,00;0,00;0,00;190;3,80
4D3827;15/10/2024 0:44:59;032e05390000000000002826;3,46;5,57;0,00;0,00;0,00;40;3,80
4D3827;15/10/2024 0:43:59;051c053d000000000000ff27;5,28;5,61;0,00;0,00;0,00;255;3,90
4D3827;14/10/2024 18:41:40;0042064e0000000000005e26;0,66;6,78;0,00;0,00;0,00;94;3,80
4D3827;14/10/2024 18:41:10;0152064a000000000000be26;1,82;6,74;0,00;0,00;0,00;190;3,80
4D3827;14/10/2024 18:40:41;025b064d0000000000002026;2,91;6,77;0,00;0,00;0,00;32;3,80
4D3827;14/10/2024 18:40:11;0356064e0000000000008326;3,86;6,78;0,00;0,00;0,00;131;3,80
4D3827;14/10/2024 18:39:14;051a06500000000000000827;5,26;6,80;0,00;0,00;0,00;8;3,90
4D3827;14/10/2024 12:37:16;004106240000000000006926;0,65;6,36;0,00;0,00;0,00;105;3,80
4D3827;14/10/2024 12:36:46;01450624000000000000c726;1,69;6,36;0,00;0,00;0,00;199;3,80
4D3827;14/10/2024 12:36:17;025006230000000000002826;2,80;6,35;0,00;0,00;0,00;40;3,80
4D3827;14/10/2024 12:35:50;035706240000000000009926;3,87;6,36;0,00;0,00;0,00;153;3,80
4D3827;14/10/2024 12:34:47;051e06260000000000001c27;5,30;6,38;0,00;0,00;0,00;28;3,90
4D3827;14/10/2024 6:32:57;004005580000000000008626;0,64;5,88;0,00;0,00;0,00;134;3,80
4D3827;14/10/2024 6:32:30;014d0558000000000000e426;1,77;5,88;0,00;0,00;0,00;228;3,80
4D3827;14/10/2024 6:31:58;024d05590000000000004226;2,77;5,89;0,00;0,00;0,00;66;3,80
4D3827;14/10/2024 6:31:28;034c0558000000000000a326;3,76;5,88;0,00;0,00;0,00;163;3,80
4D3827;14/10/2024 6:30:27;051d05570000000000001727;5,29;5,87;0,00;0,00;0,00;23;3,90
4D3827;14/10/2024 0:29:11;004705540000000000005726;0,71;5,84;0,00;0,00;0,00;87;3,80
4D3827;14/10/2024 0:28:41;01580557000000000000b626;1,88;5,87;0,00;0,00;0,00;182;3,80
4D3827;14/10/2024 0:28:11;025c05550000000000001426;2,92;5,85;0,00;0,00;0,00;20;3,80
4D3827;14/10/2024 0:27:42;036105550000000000008426;3,97;5,85;0,00;0,00;0,00;132;3,80
4D3827;14/10/2024 0:26:46;051d0552000000000000fd27;5,29;5,82;0,00;0,00;0,00;253;3,90
4D3827;13/10/2024 18:24:48;003e06070000000000003426;0,62;6,07;0,00;0,00;0,00;52;3,80
4D3827;13/10/2024 18:24:15;014506030000000000009426;1,69;6,03;0,00;0,00;0,00;148;3,80
4D3827;13/10/2024 18:23:46;024a0608000000000000f626;2,74;6,08;0,00;0,00;0,00;246;3,80
4D3827;13/10/2024 18:23:15;034606070000000000005926;3,70;6,07;0,00;0,00;0,00;89;3,80
4D3827;13/10/2024 18:22:16;051a060a000000000000e927;5,26;6,10;0,00;0,00;0,00;233;3,90
4D3827;13/10/2024 12:20:13;4,21E+44;0,66;5,68;0,00;0,00;0,00;126;3,80
4D3827;13/10/2024 12:19:43;01430544000000000000de26;1,67;5,68;0,00;0,00;0,00;222;3,80
4D3827;13/10/2024 12:19:14;024605450000000000003f26;2,70;5,69;0,00;0,00;0,00;63;3,80
4D3827;13/10/2024 12:18:44;033d05440000000000009626;3,61;5,68;0,00;0,00;0,00;150;3,80
4D3827;13/10/2024 12:17:44;0519054a0000000000001227;5,25;5,74;0,00;0,00;0,00;18;3,90
4D3827;13/10/2024 6:15:18;004a05270000000000006826;0,74;5,39;0,00;0,00;0,00;104;3,80
4D3827;13/10/2024 6:15:18;004a05270000000000006826;0,74;5,39;0,00;0,00;0,00;104;3,80
4D3827;13/10/2024 6:14:49;004805260000000000007b26;0,72;5,38;0,00;0,00;0,00;123;3,80
4D3827;13/10/2024 6:14:20;2,61E+45;2,97;5,38;0,00;0,00;0,00;62;3,80
4D3827;13/10/2024 6:13:50;035405250000000000009526;3,84;5,37;0,00;0,00;0,00;149;3,80
4D3827;13/10/2024 6:12:44;051705200000000000000f27;5,23;5,32;0,00;0,00;0,00;15;3,90
4D3827;13/10/2024 0:10:32;003f0459000000000000f026;0,63;4,89;0,00;0,00;0,00;240;3,80
4D3827;13/10/2024 0:10:02;013904580000000000005226;1,57;4,88;0,00;0,00;0,00;82;3,80
4D3827;13/10/2024 0:09:33;0244045c000000000000b626;2,68;4,92;0,00;0,00;0,00;182;3,80
4D3827;13/10/2024 0:09:02;034004580000000000001a26;3,64;4,88;0,00;0,00;0,00;26;3,80
4D3827;13/10/2024 0:08:03;05190458000000000000b827;5,25;4,88;0,00;0,00;0,00;184;3,90
4D3827;12/10/2024 18:05:43;003f051d000000000000c826;0,63;5,29;0,00;0,00;0,00;200;3,80
4D3827;12/10/2024 18:05:13;0125051d0000000000002826;1,37;5,29;0,00;0,00;0,00;40;3,80
4D3827;12/10/2024 18:04:44;0233051e0000000000008b26;2,51;5,30;0,00;0,00;0,00;139;3,80
4D3827;12/10/2024 18:04:14;032e051e000000000000ef26;3,46;5,30;0,00;0,00;0,00;239;3,80
4D3827;12/10/2024 18:03:14;05140520000000000000ad27;5,20;5,32;0,00;0,00;0,00;173;3,90
4D3827;12/10/2024 12:01:02;0107040a0000000000013526;1,07;4,10;0,00;0,00;0,01;53;3,80
4D3827;12/10/2024 12:00:33;021c04090000000000009926;2,28;4,09;0,00;0,00;0,00;153;3,80
4D3827;12/10/2024 12:00:03;0407040b0000000000005926;4,07;4,11;0,00;0,00;0,00;89;3,80
4D3827;12/10/2024 11:59:03;0513040c000000000000af27;5,19;4,12;0,00;0,00;0,00;175;3,90
4D3827;12/10/2024 5:56:49;0043051e0000000000000a27;0,67;5,30;0,00;0,00;0,00;10;3,90
4D3827;12/10/2024 5:56:20;011d051c0000000000006927;1,29;5,28;0,00;0,00;0,00;105;3,90
4D3827;12/10/2024 5:55:50;022e051c000000000000cb27;2,46;5,28;0,00;0,00;0,00;203;3,90
4D3827;12/10/2024 5:55:21;0328051b0000000000002d26;3,40;5,27;0,00;0,00;0,00;45;3,80
4D3827;12/10/2024 5:54:21;0514051b000000000000e227;5,20;5,27;0,00;0,00;0,00;226;3,90
4D3827;11/10/2024 23:52:02;0040042e0000000000002127;0,64;4,46;0,00;0,00;0,00;33;3,90
4D3827;11/10/2024 23:51:32;013604280000000000008227;1,54;4,40;0,00;0,00;0,00;130;3,90
4D3827;11/10/2024 23:51:03;02420429000000000000e527;2,66;4,41;0,00;0,00;0,00;229;3,90
4D3827;11/10/2024 23:50:32;034104290000000000004927;3,65;4,41;0,00;0,00;0,00;73;3,90
4D3827;11/10/2024 23:49:36;0516042b000000000000d927;5,22;4,43;0,00;0,00;0,00;217;3,90
4D3827;11/10/2024 17:47:19;00420639000000000000e827;0,66;6,57;0,00;0,00;0,00;232;3,90
4D3827;11/10/2024 17:46:49;012006383215181400004c27;1,32;6,56;50,21;24,20;0,00;76;3,90
4D3827;11/10/2024 17:46:19;02280637000000000000b027;2,40;6,55;0,00;0,00;0,00;176;3,90
4D3827;11/10/2024 17:45:50;040306370000000000007827;4,03;6,55;0,00;0,00;0,00;120;3,90
4D3827;11/10/2024 17:44:50;0514063b000000000000ce27;5,20;6,59;0,00;0,00;0,00;206;3,90
2A0CFF1;7/10/2024 6:03:58;0114061d000000000008461d;1,20;6,29;0,00;0,00;0,08;70;2,90
2A0CFF1;7/10/2024 6:03:26;021b0619000000000009df1d;2,27;6,25;0,00;0,00;0,09;223;2,90
2A0CFF1;7/10/2024 6:02:21;0410061d000000000010e71d;4,16;6,29;0,00;0,00;0,16;231;2,90
2A0CFF1;7/10/2024 6:01:12;051a062000000000000a181e;5,26;6,32;0,00;0,00;0,10;24;3,00
2A0CFF1;6/10/2024 6:03:49;015f0521000000000009c71d;1,95;5,33;0,00;0,00;0,09;199;2,90
2A0CFF1;6/10/2024 6:03:16;03030522000000000009a21d;3,03;5,34;0,00;0,00;0,09;162;2,90
2A0CFF1;6/10/2024 6:02:49;036205220000000000095d1d;3,98;5,34;0,00;0,00;0,09;93;2,90
2A0CFF1;6/10/2024 6:01:47;051c0524000000000008ec1e;5,28;5,36;0,00;0,00;0,08;236;3,00
2A0CFF1;5/10/2024 5:53:36;0062065700000000000b6e1d;0,98;6,87;0,00;0,00;0,11;110;2,90
2A0CFF1;5/10/2024 5:52:36;0206065900000000000b461d;2,06;6,89;0,00;0,00;0,11;70;2,90
2A0CFF1;5/10/2024 5:50:15;051b0658000000000009db1e;5,27;6,88;0,00;0,00;0,09;219;3,00
2A0CFF1;5/10/2024 5:51:23;040a065800000000000bf91d;4,10;6,88;0,00;0,00;0,11;249;2,90
2A0CFF1;5/10/2024 5:50:15;051b0658000000000009db1e;5,27;6,88;0,00;0,00;0,09;219;3,00
2A0CFF1;4/10/2024 6:04:02;005b0440000000000009ab1d;0,91;4,64;0,00;0,00;0,09;171;2,90
2A0CFF1;4/10/2024 6:02:53;015f043a000000000009b61d;1,95;4,58;0,00;0,00;0,09;182;2,90
2A0CFF1;4/10/2024 6:01:45;0303043c00000000000a8e1d;3,03;4,60;0,00;0,00;0,10;142;2,90
2A0CFF1;4/10/2024 6:00:36;0361043d00000000000a7f1e;3,97;4,61;0,00;0,00;0,10;127;3,00
2A0CFF1;4/10/2024 5:59:28;051a044100000000000ad91e;5,26;4,65;0,00;0,00;0,10;217;3,00
2A0CFF1;3/10/2024 6:04:10;0154061900000000000d951e;1,84;6,25;0,00;0,00;0,13;149;3,00
2A0CFF1;3/10/2024 6:03:42;025b061700000000000d6f1d;2,91;6,23;0,00;0,00;0,13;111;2,90
2A0CFF1;3/10/2024 6:03:10;0354061600000000000d711e;3,84;6,22;0,00;0,00;0,13;113;3,00
2A0CFF1;3/10/2024 6:02:03;0511061900000000000f4b1e;5,17;6,25;0,00;0,00;0,15;75;3,00
2A0CFF1;2/10/2024 12:16:40;0050073200000000000d6b1e;0,80;7,50;0,00;0,00;0,13;107;3,00
2A0CFF1;2/10/2024 12:16:12;0153072f00000000000eae1e;1,83;7,47;0,00;0,00;0,14;174;3,00
2A0CFF1;2/10/2024 12:15:37;025c073200000000000f831e;2,92;7,50;0,00;0,00;0,15;131;3,00
2A0CFF1;2/10/2024 12:15:05;0359073400000000000f6a1e;3,89;7,52;0,00;0,00;0,15;106;3,00
2A0CFF1;2/10/2024 12:14:03;0514073100000000000cc11f;5,20;7,49;0,00;0,00;0,12;193;3,10
2A0CFF1;2/10/2024 6:04:54;014a06570000000000039c1e;1,74;6,87;0,00;0,00;0,03;156;3,00
2A0CFF1;2/10/2024 6:03:46;025506570000000000036c1e;2,85;6,87;0,00;0,00;0,03;108;3,00
2A0CFF1;2/10/2024 6:02:40;03540657000000000002631e;3,84;6,87;0,00;0,00;0,02;99;3,00
2A0CFF1;2/10/2024 6:01:28;0515065a000000000004311f;5,21;6,90;0,00;0,00;0,04;49;3,10
2A0CFF1;1/10/2024 9:39:04;014807140000000000038d1e;1,72;7,20;0,00;0,00;0,03;141;3,00
2A0CFF1;1/10/2024 9:37:51;025407130000000000037d1e;2,84;7,19;0,00;0,00;0,03;125;3,00
2A0CFF1;1/10/2024 9:36:44;03550713000000000003781e;3,85;7,19;0,00;0,00;0,03;120;3,00
2A0CFF1;1/10/2024 9:35:38;051b0715000000000003331f;5,27;7,21;0,00;0,00;0,03;51;3,10
2A0CFF1;1/10/2024 3:32:29;00490715000000000003f71f;0,73;7,21;0,00;0,00;0,03;247;3,10
2A0CFF1;1/10/2024 3:31:57;01420713000000000003b71f;1,66;7,19;0,00;0,00;0,03;183;3,10
2A0CFF1;1/10/2024 3:31:26;024c0712000000000003b91f;2,76;7,18;0,00;0,00;0,03;185;3,10
2A0CFF1;1/10/2024 3:30:26;034f0712000000000003981f;3,79;7,18;0,00;0,00;0,03;152;3,10
2A0CFF1;1/10/2024 3:29:13;051b0710000000000003161f;5,27;7,16;0,00;0,00;0,03;22;3,10
2A0CFF1;30/09/2024 21:25:55;0159070e000000000002e31f;1,89;7,14;0,00;0,00;0,02;227;3,10
2A0CFF1;30/09/2024 21:25:27;0300070e000000000002cc1f;3,00;7,14;0,00;0,00;0,02;204;3,10
2A0CFF1;30/09/2024 21:24:22;0400070e000000000002b41f;4,00;7,14;0,00;0,00;0,02;180;3,10
2A0CFF1;30/09/2024 21:23:19;051e070c000000000002341f;5,30;7,12;0,00;0,00;0,02;52;3,10
2A0CFF1;30/09/2024 15:20:06;013c073f000000000004fe1f;1,60;7,63;0,00;0,00;0,04;254;3,10
2A0CFF1;30/09/2024 15:19:31;023f073f000000000004e71f;2,63;7,63;0,00;0,00;0,04;231;3,10
2A0CFF1;30/09/2024 15:19:03;0348073f000000000004c81f;3,72;7,63;0,00;0,00;0,04;200;3,10
2A0CFF1;30/09/2024 15:17:58;051e0743000000000004251f;5,30;7,67;0,00;0,00;0,04;37;3,10
2A0CFF1;30/09/2024 9:14:23;0258063c000000000007b31f;2,88;6,60;0,00;0,00;0,07;179;3,10
2A0CFF1;30/09/2024 9:13:52;0357063d000000000007d41f;3,87;6,61;0,00;0,00;0,07;212;3,10
2A0CFF1;30/09/2024 9:12:53;051e06420000000000075020;5,30;6,66;0,00;0,00;0,07;80;3,20
2A0CFF1;30/09/2024 3:09:41;0050061c0000000000051f1f;0,80;6,28;0,00;0,00;0,05;31;3,10
2A0CFF1;30/09/2024 3:09:12;01520617000000000005f81f;1,82;6,23;0,00;0,00;0,05;248;3,10
2A0CFF1;30/09/2024 3:08:37;025d061d000000000004e91f;2,93;6,29;0,00;0,00;0,04;233;3,10
2A0CFF1;30/09/2024 3:07:38;035c061c000000000006e91f;3,92;6,28;0,00;0,00;0,06;233;3,10
2A0CFF1;30/09/2024 3:06:26;052006200000000000044120;5,32;6,32;0,00;0,00;0,04;65;3,20
2A0CFF1;29/09/2024 21:02:36;010f07430000000000082b1f;1,15;7,67;0,00;0,00;0,08;43;3,10
2A0CFF1;29/09/2024 21:01:27;02060744000000000008041f;2,06;7,68;0,00;0,00;0,08;4;3,10
2A0CFF1;29/09/2024 21:00:22;030b0744000000000008fe1f;3,11;7,68;0,00;0,00;0,08;254;3,10
2A0CFF1;29/09/2024 20:59:10;04080743000000000008e41f;4,08;7,67;0,00;0,00;0,08;228;3,10
2A0CFF1;29/09/2024 20:58:00;0522074b000000000007341f;5,34;7,75;0,00;0,00;0,07;52;3,10
2A0CFF1;29/09/2024 14:54:52;01020753000000000013361f;1,02;7,83;0,00;0,00;0,19;54;3,10
2A0CFF1;29/09/2024 14:54:20;015f07560000000000131e1f;1,95;7,86;0,00;0,00;0,19;30;3,10
2A0CFF1;29/09/2024 14:53:48;030207560000000000130a1f;3,02;7,86;0,00;0,00;0,19;10;3,10
2A0CFF1;29/09/2024 14:52:46;03620758000000000013b41f;3,98;7,88;0,00;0,00;0,19;180;3,10
2A0CFF1;29/09/2024 14:51:37;052207550000000000145420;5,34;7,85;0,00;0,00;0,20;84;3,20
2A0CFF1;29/09/2024 8:47:56;00640711000000000006251f;1,00;7,17;0,00;0,00;0,06;37;3,10
2A0CFF1;29/09/2024 8:46:48;020307110000000000041b1f;2,03;7,17;0,00;0,00;0,04;27;3,10
2A0CFF1;29/09/2024 8:44:34;040b0710000000000006aa1f;4,11;7,16;0,00;0,00;0,06;170;3,10
2A0CFF1;29/09/2024 8:43:18;052407110000000000072d20;5,36;7,17;0,00;0,00;0,07;45;3,20
2A0CFF1;29/09/2024 2:40:15;005d06330000000000073b1f;0,93;6,51;0,00;0,00;0,07;59;3,10
2A0CFF1;29/09/2024 2:39:47;016006340000000000063e1f;1,96;6,52;0,00;0,00;0,06;62;3,10
2A0CFF1;29/09/2024 2:38:37;03050634000000000007261f;3,05;6,52;0,00;0,00;0,07;38;3,10
2A0CFF1;29/09/2024 2:37:25;04010635000000000006fa1f;4,01;6,53;0,00;0,00;0,06;250;3,10
2A0CFF1;29/09/2024 2:36:16;052406370000000000075a20;5,36;6,55;0,00;0,00;0,07;90;3,20
2A0CFF1;28/09/2024 20:33:22;015e07110000000000084a1f;1,94;7,17;0,00;0,00;0,08;74;3,10
2A0CFF1;28/09/2024 20:32:46;024e0712000000000008101f;2,78;7,18;0,00;0,00;0,08;16;3,10
2A0CFF1;28/09/2024 20:32:18;04150714000000000008ef1f;4,21;7,20;0,00;0,00;0,08;239;3,10
2A0CFF1;28/09/2024 20:31:16;5,22E+39;5,34;7,21;0,00;0,00;0,08;110;3,20
2A0CFF1;28/09/2024 14:27:27;025d0712000000000003fc1f;2,93;7,18;0,00;0,00;0,03;252;3,10
2A0CFF1;28/09/2024 14:26:53;035e07140000000000030b1f;3,94;7,20;0,00;0,00;0,03;11;3,10
2A0CFF1;28/09/2024 14:25:55;052307150000000000025220;5,35;7,21;0,00;0,00;0,02;82;3,20
2A0CFF1;28/09/2024 8:22:39;014c0604000000000006f51f;1,76;6,04;0,00;0,00;0,06;245;3,10
2A0CFF1;28/09/2024 8:22:08;025d0604000000000005cb1f;2,93;6,04;0,00;0,00;0,05;203;3,10
2A0CFF1;28/09/2024 8:21:32;035d0604000000000005db1f;3,93;6,04;0,00;0,00;0,05;219;3,10
2A0CFF1;28/09/2024 8:20:32;052006070000000000066020;5,32;6,07;0,00;0,00;0,06;96;3,20
2A0CFF1;28/09/2024 2:17:33;01500563000000000005611f;1,80;5,99;0,00;0,00;0,05;97;3,10
2A0CFF1;28/09/2024 2:16:57;02550562000000000006ee1f;2,85;5,98;0,00;0,00;0,06;238;3,10
2A0CFF1;28/09/2024 2:16:23;03560562000000000006061f;3,86;5,98;0,00;0,00;0,06;6;3,10
2A0CFF1;28/09/2024 2:15:20;052105630000000000078320;5,33;5,99;0,00;0,00;0,07;131;3,20
2A0CFF1;27/09/2024 20:11:51;014f0749000000000000201f;1,79;7,73;0,00;0,00;0,00;32;3,10
2A0CFF1;27/09/2024 20:11:20;0257074b000000000000051f;2,87;7,75;0,00;0,00;0,00;5;3,10
2A0CFF1;27/09/2024 20:10:48;0355074a000000000000f71f;3,85;7,74;0,00;0,00;0,00;247;3,10
2A0CFF1;27/09/2024 20:09:46;051c074e0000000000127a20;5,28;7,78;0,00;0,00;0,18;122;3,20
2A0CFF1;27/09/2024 14:06:18;0044072b0000000000146c1f;0,68;7,43;0,00;0,00;0,20;108;3,10
2A0CFF1;27/09/2024 14:05:46;0127072c0000000000155b1f;1,39;7,44;0,00;0,00;0,21;91;3,10
2A0CFF1;27/09/2024 14:05:15;0219072c0000000000150d1f;2,25;7,44;0,00;0,00;0,21;13;3,10
2A0CFF1;27/09/2024 14:04:16;0355072c000000000015371f;3,85;7,44;0,00;0,00;0,21;55;3,10
2A0CFF1;27/09/2024 14:03:03;051a072b0000000000168520;5,26;7,43;0,00;0,00;0,22;133;3,20
2A0CFF1;27/09/2024 8:00:00;013d0618000000000016751f;1,61;6,24;0,00;0,00;0,22;117;3,10
2A0CFF1;27/09/2024 7:59:29;02460616000000000016211f;2,70;6,22;0,00;0,00;0,22;33;3,10
2A0CFF1;27/09/2024 7:58:58;03470616000000000015fc1f;3,71;6,22;0,00;0,00;0,21;252;3,10
2A0CFF1;27/09/2024 7:57:56;051a06170000000000168c20;5,26;6,23;0,00;0,00;0,22;140;3,20
2A0CFF1;27/09/2024 1:54:39;0152061600000000004b501f;1,82;6,22;0,00;0,00;0,75;80;3,10
2A0CFF1;27/09/2024 1:54:07;0251061600000000004b2e1f;2,81;6,22;0,00;0,00;0,75;46;3,10
2A0CFF1;27/09/2024 1:53:35;03520616000000000049401f;3,82;6,22;0,00;0,00;0,73;64;3,10
2A0CFF1;27/09/2024 1:52:34;051d061500000000004c9920;5,29;6,21;0,00;0,00;0,76;153;3,20
2A0CFF1;26/09/2024 19:49:15;010f0647000000000006951f;1,15;6,71;0,00;0,00;0,06;149;3,10
2A0CFF1;26/09/2024 19:48:47;015f064800000000000a911f;1,95;6,72;0,00;0,00;0,10;145;3,10
2A0CFF1;26/09/2024 19:47:45;025b064800000000000c351f;2,91;6,72;0,00;0,00;0,12;53;3,10
2A0CFF1;26/09/2024 13:41:18;004406110000000000015d1f;0,68;6,17;0,00;0,00;0,01;93;3,10
2A0CFF1;26/09/2024 13:40:06;013f060f000000000002341f;1,63;6,15;0,00;0,00;0,02;52;3,10
2A0CFF1;26/09/2024 13:37:48;0347060d000000000003091f;3,71;6,13;0,00;0,00;0,03;9;3,10
2A0CFF1;26/09/2024 13:37:48;0347060d000000000003091f;3,71;6,13;0,00;0,00;0,03;9;3,10
2A0CFF1;26/09/2024 13:36:39;051b060c0000000000067720;5,27;6,12;0,00;0,00;0,06;119;3,20
2A0CFF1;26/09/2024 13:36:39;051b060c0000000000067720;5,27;6,12;0,00;0,00;0,06;119;3,20
2A0CFF1;26/09/2024 7:29:40;03600615000000000001f11f;3,96;6,21;0,00;0,00;0,01;241;3,10
2A0CFF1;26/09/2024 7:32:00;013c06160000000000012c1f;1,60;6,22;0,00;0,00;0,01;44;3,10
2A0CFF1;26/09/2024 7:33:05;00480616000000000001511f;0,72;6,22;0,00;0,00;0,01;81;3,10
2A0CFF1;26/09/2024 7:30:52;022e0616000000000001171f;2,46;6,22;0,00;0,00;0,01;23;3,10
2A0CFF1;26/09/2024 7:33:05;00480616000000000001511f;0,72;6,22;0,00;0,00;0,01;81;3,10
2A0CFF1;26/09/2024 7:32:00;013c06160000000000012c1f;1,60;6,22;0,00;0,00;0,01;44;3,10
2A0CFF1;26/09/2024 7:29:40;03600615000000000001f11f;3,96;6,21;0,00;0,00;0,01;241;3,10
2A0CFF1;26/09/2024 7:32:00;013c06160000000000012c1f;1,60;6,22;0,00;0,00;0,01;44;3,10
2A0CFF1;26/09/2024 7:30:52;022e0616000000000001171f;2,46;6,22;0,00;0,00;0,01;23;3,10
2A0CFF1;26/09/2024 7:29:40;03600615000000000001f11f;3,96;6,21;0,00;0,00;0,01;241;3,10
2A0CFF1;26/09/2024 7:30:52;022e0616000000000001171f;2,46;6,22;0,00;0,00;0,01;23;3,10
2A0CFF1;26/09/2024 7:29:40;03600615000000000001f11f;3,96;6,21;0,00;0,00;0,01;241;3,10
2A0CFF1;26/09/2024 7:28:34;051b0619000000000032a620;5,27;6,25;0,00;0,00;0,50;166;3,20
2A0CFF1;26/09/2024 7:28:34;051b0619000000000032a620;5,27;6,25;0,00;0,00;0,50;166;3,20
2A0CFF1;26/09/2024 1:25:15;004e05320000000000206c1f;0,78;5,50;0,00;0,00;0,32;108;3,10
2A0CFF1;26/09/2024 1:24:43;014b052f0000000000255a1f;1,75;5,47;0,00;0,00;0,37;90;3,10
2A0CFF1;26/09/2024 1:24:11;0251052d0000000000223a20;2,81;5,45;0,00;0,00;0,34;58;3,20
2A0CFF1;26/09/2024 1:23:13;0353052c000000000022121f;3,83;5,44;0,00;0,00;0,34;18;3,10
2A0CFF1;26/09/2024 1:22:01;0520053000000000002aa020;5,32;5,48;0,00;0,00;0,42;160;3,20
2A0CFF1;25/09/2024 19:18:44;014f081f00000000004c751f;1,79;8,31;0,00;0,00;0,76;117;3,10
2A0CFF1;25/09/2024 19:18:16;023f081f0000000000172c1f;2,63;8,31;0,00;0,00;0,23;44;3,10
2A0CFF1;25/09/2024 19:17:44;040d0821000000000000fa1f;4,13;8,33;0,00;0,00;0,00;250;3,10
2A0CFF1;25/09/2024 19:16:40;0522082a00000000004b7520;5,34;8,42;0,00;0,00;0,75;117;3,20
2A0CFF1;25/09/2024 13:13:17;005306590000000000456420;0,83;6,89;0,00;0,00;0,69;100;3,20
2A0CFF1;25/09/2024 13:12:42;014d06590000000000482520;1,77;6,89;0,00;0,00;0,72;37;3,20
2A0CFF1;25/09/2024 13:12:14;023e0658000000000049221f;2,62;6,88;0,00;0,00;0,73;34;3,10
2A0CFF1;25/09/2024 13:11:12;0408065c000000000025df20;4,08;6,92;0,00;0,00;0,37;223;3,20
2A0CFF1;25/09/2024 13:10:00;0521065c00000000004a9820;5,33;6,92;0,00;0,00;0,74;152;3,20
2A0CFF1;25/09/2024 7:06:36;0046061e00000000003e8620;0,70;6,30;0,00;0,00;0,62;134;3,20
2A0CFF1;25/09/2024 7:05:27;013f062000000000003f5320;1,63;6,32;0,00;0,00;0,63;83;3,20
2A0CFF1;25/09/2024 7:04:18;0247061f0000000000414220;2,71;6,31;0,00;0,00;0,65;66;3,20
2A0CFF1;25/09/2024 7:03:09;034b061c0000000000411720;3,75;6,28;0,00;0,00;0,65;23;3,20
2A0CFF1;25/09/2024 7:02:01;051e0620000000000045ca20;5,30;6,32;0,00;0,00;0,69;202;3,20
2A0CFF1;25/09/2024 0:58:41;0143061a0000000000497920;1,67;6,26;0,00;0,00;0,73;121;3,20
2A0CFF1;25/09/2024 0:57:39;023206190000000000495920;2,50;6,25;0,00;0,00;0,73;89;3,20
2A0CFF1;25/09/2024 0:56:30;4,03E+39;4,03;6,24;0,00;0,00;0,73;30;3,20
2A0CFF1;25/09/2024 0:55:22;0520061c00000000004aa720;5,32;6,28;0,00;0,00;0,74;167;3,20
2A0CFF1;24/09/2024 18:52:21;0142075d00000000002f7620;1,66;7,93;0,00;0,00;0,47;118;3,20
2A0CFF1;24/09/2024 18:51:19;024b075c00000000002b6220;2,75;7,92;0,00;0,00;0,43;98;3,20
2A0CFF1;24/09/2024 18:50:08;0350075c00000000004a3620;3,80;7,92;0,00;0,00;0,74;54;3,20
2A0CFF1;24/09/2024 18:48:58;051e076100000000001dcb20;5,30;7,97;0,00;0,00;0,29;203;3,20
2A0CFF1;24/09/2024 12:45:04;0136070b0000000000018020;1,54;7,11;0,00;0,00;0,01;128;3,20
2A0CFF1;24/09/2024 12:43:55;0241070b0000000000014e20;2,65;7,11;0,00;0,00;0,01;78;3,20
2A0CFF1;24/09/2024 12:42:46;0347070c0000000000012620;3,71;7,12;0,00;0,00;0,01;38;3,20
2A0CFF1;24/09/2024 12:41:38;051f070c000000000001bd21;5,31;7,12;0,00;0,00;0,01;189;3,30
2A0CFF1;24/09/2024 6:37:48;013a062d0000000000126a20;1,58;6,45;0,00;0,00;0,18;106;3,20
2A0CFF1;24/09/2024 6:36:37;0241062a0000000000124620;2,65;6,42;0,00;0,00;0,18;70;3,20
2A0CFF1;24/09/2024 6:35:28;0345062b0000000000125820;3,69;6,43;0,00;0,00;0,18;88;3,20
2A0CFF1;24/09/2024 6:34:19;051b0630000000000012cc21;5,27;6,48;0,00;0,00;0,18;204;3,30
2A0CFF1;24/09/2024 0:31:15;0056061d00000000000fa020;0,86;6,29;0,00;0,00;0,15;160;3,20
2A0CFF1;24/09/2024 0:30:44;0148061d00000000000f7e20;1,72;6,29;0,00;0,00;0,15;126;3,20
2A0CFF1;24/09/2024 0:29:43;0245061d00000000000f7c20;2,69;6,29;0,00;0,00;0,15;124;3,20
2A0CFF1;24/09/2024 0:28:34;0348061d00000000000f4020;3,72;6,29;0,00;0,00;0,15;64;3,20
2A0CFF1;24/09/2024 0:27:25;051f062000000000000fd521;5,31;6,32;0,00;0,00;0,15;213;3,30
2A0CFF1;23/09/2024 18:24:10;0043072500000000000ca920;0,67;7,37;0,00;0,00;0,12;169;3,20
2A0CFF1;23/09/2024 18:23:34;0136072500000000000c8320;1,54;7,37;0,00;0,00;0,12;131;3,20
2A0CFF1;23/09/2024 18:23:10;023d072300000000000c8220;2,61;7,35;0,00;0,00;0,12;130;3,20
2A0CFF1;23/09/2024 18:22:05;0342072300000000000c4520;3,66;7,35;0,00;0,00;0,12;69;3,20
2A0CFF1;23/09/2024 18:20:50;051e072900000000000cd321;5,30;7,41;0,00;0,00;0,12;211;3,30
2A0CFF1;23/09/2024 12:16:51;0151061c00000000000e7620;1,81;6,28;0,00;0,00;0,14;118;3,20
2A0CFF1;23/09/2024 12:16:19;025d061c00000000000f5320;2,93;6,28;0,00;0,00;0,15;83;3,20
2A0CFF1;23/09/2024 12:15:55;0359061d00000000000f2d20;3,89;6,29;0,00;0,00;0,15;45;3,20
2A0CFF1;23/09/2024 12:14:49;051f061e00000000000ec421;5,31;6,30;0,00;0,00;0,14;196;3,30
2A0CFF1;23/09/2024 6:11:26;004d053b000000000022ea20;0,77;5,59;0,00;0,00;0,34;234;3,20
2A0CFF1;23/09/2024 6:10:53;015905380000000000238b20;1,89;5,56;0,00;0,00;0,35;139;3,20
2A0CFF1;23/09/2024 6:10:22;026005360000000000257020;2,96;5,54;0,00;0,00;0,37;112;3,20
2A0CFF1;23/09/2024 6:09:51;3,57E+39;3,87;5,55;0,00;0,00;0,34;78;3,20
2A0CFF1;23/09/2024 6:08:49;051c0537000000000002d321;5,28;5,55;0,00;0,00;0,02;211;3,30
2A0CFF1;23/09/2024 0:05:08;0203060b00000000000baa20;2,03;6,11;0,00;0,00;0,11;170;3,20
2A0CFF1;23/09/2024 0:03:59;025b060b00000000000c9020;2,91;6,11;0,00;0,00;0,12;144;3,20
2A0CFF1;23/09/2024 0:02:50;034f060c00000000000b7d20;3,79;6,12;0,00;0,00;0,11;125;3,20
2A0CFF1;23/09/2024 0:01:42;0520060c000000000001ea21;5,32;6,12;0,00;0,00;0,01;234;3,30
2A0CFF1;22/09/2024 17:57:25;02140703000000000010b820;2,20;7,03;0,00;0,00;0,16;184;3,20
2A0CFF1;22/09/2024 17:56:16;4,09E+39;4,09;7,05;0,00;0,00;0,16;126;3,20
2A0CFF1;22/09/2024 17:55:04;051e07070000000000102c21;5,30;7,07;0,00;0,00;0,16;44;3,30
2A0CFF1;22/09/2024 11:50:58;004b0714000000000011c320;0,75;7,20;0,00;0,00;0,17;195;3,20
2A0CFF1;22/09/2024 11:49:47;013f0712000000000011ac20;1,63;7,18;0,00;0,00;0,17;172;3,20
2A0CFF1;22/09/2024 11:48:38;023107120000000000119820;2,49;7,18;0,00;0,00;0,17;152;3,20
2A0CFF1;22/09/2024 11:47:29;036307120000000000116120;3,99;7,18;0,00;0,00;0,17;97;3,20
2A0CFF1;22/09/2024 11:46:21;05210712000000000011c021;5,33;7,18;0,00;0,00;0,17;192;3,30
2A0CFF1;22/09/2024 5:42:13;00480424000000000011ce21;0,72;4,36;0,00;0,00;0,17;206;3,30
2A0CFF1;22/09/2024 5:41:05;013e04250000000000119821;1,62;4,37;0,00;0,00;0,17;152;3,30
2A0CFF1;22/09/2024 5:39:56;2,31E+40;2,49;4,36;0,00;0,00;0,17;158;3,30
2A0CFF1;22/09/2024 5:38:47;040004230000000000116021;4,00;4,35;0,00;0,00;0,17;96;3,30
2A0CFF1;22/09/2024 5:37:41;051f0424000000000011dc21;5,31;4,36;0,00;0,00;0,17;220;3,30
2A0CFF1;21/09/2024 23:34:34;004f040a0000000000010a21;0,79;4,10;0,00;0,00;0,01;10;3,30
2A0CFF1;21/09/2024 23:34:02;014e0405000000000001d621;1,78;4,05;0,00;0,00;0,01;214;3,30
2A0CFF1;21/09/2024 23:33:00;02400403000000000001b721;2,64;4,03;0,00;0,00;0,01;183;3,30
2A0CFF1;21/09/2024 23:31:52;040a03630000000000016a21;4,10;3,99;0,00;0,00;0,01;106;3,30
2A0CFF1;21/09/2024 23:30:40;051f0403000000000001f722;5,31;4,03;0,00;0,00;0,01;247;3,40
2A0CFF1;21/09/2024 17:27:31;004f0809000000000001db21;0,79;8,09;0,00;0,00;0,01;219;3,30
2A0CFF1;21/09/2024 17:26:59;013e0809000000000001bf21;1,62;8,09;0,00;0,00;0,01;191;3,30
2A0CFF1;21/09/2024 17:25:54;022c08090000000000019d21;2,44;8,09;0,00;0,00;0,01;157;3,30
2A0CFF1;21/09/2024 17:24:45;0361080b0000000000015721;3,97;8,11;0,00;0,00;0,01;87;3,30
2A0CFF1;21/09/2024 17:23:39;051e08120000000000015621;5,30;8,18;0,00;0,00;0,01;86;3,30
2A0CFF1;21/09/2024 11:20:21;0144062b000000000011ab21;1,68;6,43;0,00;0,00;0,17;171;3,30
2A0CFF1;21/09/2024 11:19:53;024c062c0000000000118b21;2,76;6,44;0,00;0,00;0,17;139;3,30
2A0CFF1;21/09/2024 11:18:45;034e062c0000000000119221;3,78;6,44;0,00;0,00;0,17;146;3,30
2A0CFF1;21/09/2024 11:17:36;051d06270000000000110a21;5,29;6,39;0,00;0,00;0,17;10;3,30
2A0CFF1;21/09/2024 5:14:34;01590636000000000011d321;1,89;6,54;0,00;0,00;0,17;211;3,30
2A0CFF1;21/09/2024 5:13:59;024f0638000000000011b721;2,79;6,56;0,00;0,00;0,17;183;3,30
2A0CFF1;21/09/2024 5:13:00;034106360000000000118221;3,65;6,54;0,00;0,00;0,17;130;3,30
2A0CFF1;21/09/2024 5:11:47;051d0638000000000011e822;5,29;6,56;0,00;0,00;0,17;232;3,40
2A0CFF1;20/09/2024 23:08:03;0048065c000000000011d821;0,72;6,92;0,00;0,00;0,17;216;3,30
2A0CFF1;20/09/2024 23:06:55;0117065c000000000011c421;1,23;6,92;0,00;0,00;0,17;196;3,30
2A0CFF1;20/09/2024 23:05:46;0303065b000000000011c321;3,03;6,91;0,00;0,00;0,17;195;3,30
2A0CFF1;20/09/2024 23:04:37;034f065d000000000011a321;3,79;6,93;0,00;0,00;0,17;163;3,30
2A0CFF1;20/09/2024 23:03:29;051e065e0000000000112922;5,30;6,94;0,00;0,00;0,17;41;3,40
2A0CFF1;20/09/2024 17:00:20;013c0742000000000011d721;1,60;7,66;0,00;0,00;0,17;215;3,30
2A0CFF1;20/09/2024 16:59:48;02440742000000000011b421;2,68;7,66;0,00;0,00;0,17;180;3,30
2A0CFF1;20/09/2024 16:59:24;034707410000000000119f21;3,71;7,65;0,00;0,00;0,17;159;3,30
2A0CFF1;20/09/2024 16:58:19;051e0745000000000011fe22;5,30;7,69;0,00;0,00;0,17;254;3,40
2A0CFF1;20/09/2024 10:55:11;004806240000000000130321;0,72;6,36;0,00;0,00;0,19;3;3,30
2A0CFF1;20/09/2024 10:54:40;013e0623000000000013c821;1,62;6,35;0,00;0,00;0,19;200;3,30
2A0CFF1;20/09/2024 10:53:37;02450624000000000013af21;2,69;6,36;0,00;0,00;0,19;175;3,30
2A0CFF1;20/09/2024 10:52:29;034506250000000000138f21;3,69;6,37;0,00;0,00;0,19;143;3,30
2A0CFF1;20/09/2024 10:51:20;051f062c3b4a190a0012f722;5,31;6,44;59,74;25,10;0,18;247;3,40
2A0CFF1;20/09/2024 4:47:57;004b043f0000000000011521;0,75;4,63;0,00;0,00;0,01;21;3,30
2A0CFF1;20/09/2024 4:47:30;01550439000000000001da21;1,85;4,57;0,00;0,00;0,01;218;3,30
2A0CFF1;20/09/2024 4:46:23;03380438000000000001a321;3,56;4,56;0,00;0,00;0,01;163;3,30
2A0CFF1;20/09/2024 4:45:23;051c043e3b21192800014922;5,28;4,62;59,33;25,40;0,01;73;3,40
2A0CFF1;19/09/2024 22:42:05;4,71E+39;0,71;6,38;0,00;0,00;0,20;30;3,30
2A0CFF1;19/09/2024 22:41:29;01140624000000000014fb21;1,20;6,36;0,00;0,00;0,20;251;3,30
2A0CFF1;19/09/2024 22:40:58;025b0623000000000014bc21;2,91;6,35;0,00;0,00;0,20;188;3,30
2A0CFF1;19/09/2024 22:39:57;03420622000000000014ac21;3,66;6,34;0,00;0,00;0,20;172;3,30
2A0CFF1;19/09/2024 22:38:49;051d06213962191e00131d22;5,29;6,33;57,98;25,30;0,19;29;3,40
2A0CFF1;19/09/2024 16:35:22;01350617000000000014e721;1,53;6,23;0,00;0,00;0,20;231;3,30
2A0CFF1;19/09/2024 16:34:23;02400617000000000014c821;2,64;6,23;0,00;0,00;0,20;200;3,30
2A0CFF1;19/09/2024 16:33:13;03430616000000000014aa21;3,67;6,22;0,00;0,00;0,20;170;3,30
2A0CFF1;19/09/2024 16:32:02;051a06153a0b191400155022;5,26;6,21;58,11;25,20;0,21;80;3,40
2A0CFF1;19/09/2024 10:28:37;0046061d00000000000dcb20;0,70;6,29;0,00;0,00;0,13;203;3,20
2A0CFF1;19/09/2024 10:28:05;012e061d00000000000dd120;1,46;6,29;0,00;0,00;0,13;209;3,20
2A0CFF1;19/09/2024 10:27:37;0222061d0000000000108920;2,34;6,29;0,00;0,00;0,16;137;3,20
2A0CFF1;19/09/2024 10:27:02;0357061e0000000000117820;3,87;6,30;0,00;0,00;0,17;120;3,20
2A0CFF1;19/09/2024 10:26:03;0519061d000000000003f621;5,25;6,29;0,00;0,00;0,03;246;3,30
2A0CFF1;19/09/2024 4:23:14;0047062f000000000013bb20;0,71;6,47;0,00;0,00;0,19;187;3,20
2A0CFF1;19/09/2024 4:22:46;0132062f000000000008c420;1,50;6,47;0,00;0,00;0,08;196;3,20
2A0CFF1;19/09/2024 4:22:14;02410629000000000005b520;2,65;6,41;0,00;0,00;0,05;181;3,20
2A0CFF1;19/09/2024 4:21:39;0348062f0000000000048020;3,72;6,47;0,00;0,00;0,04;128;3,20
2A0CFF1;19/09/2024 4:20:37;051b06300000000000042621;5,27;6,48;0,00;0,00;0,04;38;3,30
2A0CFF1;18/09/2024 22:17:27;0047071d0000000000050820;0,71;7,29;0,00;0,00;0,05;8;3,20
2A0CFF1;18/09/2024 22:16:55;012c071e000000000005b520;1,44;7,30;0,00;0,00;0,05;181;3,20
2A0CFF1;18/09/2024 22:16:20;021e071d000000000006bd20;2,30;7,29;0,00;0,00;0,06;189;3,20
2A0CFF1;18/09/2024 22:15:21;0351071c000000000006ab20;3,81;7,28;0,00;0,00;0,06;171;3,20
2A0CFF1;18/09/2024 22:14:08;051b071e0000000000052821;5,27;7,30;0,00;0,00;0,05;40;3,30
2A0CFF1;18/09/2024 16:10:22;00450805000000000005d220;0,69;8,05;0,00;0,00;0,05;210;3,20
2A0CFF1;18/09/2024 16:09:13;01360804000000000004b620;1,54;8,04;0,00;0,00;0,04;182;3,20
2A0CFF1;18/09/2024 16:08:04;023a0804000000000006ce20;2,58;8,04;0,00;0,00;0,06;206;3,20
2A0CFF1;18/09/2024 16:06:53;033f08040000000000048c20;3,63;8,04;0,00;0,00;0,04;140;3,20
2A0CFF1;18/09/2024 16:05:47;051a0807000000000004f021;5,26;8,07;0,00;0,00;0,04;240;3,30
2A0CFF1;18/09/2024 10:02:41;004c0706000000000005db21;0,76;7,06;0,00;0,00;0,05;219;3,30
2A0CFF1;18/09/2024 10:01:35;01110706000000000004d521;1,17;7,06;0,00;0,00;0,04;213;3,30
2A0CFF1;18/09/2024 10:00:24;02200708000000000004b020;2,32;7,08;0,00;0,00;0,04;176;3,20
2A0CFF1;18/09/2024 9:59:15;032807080000000000059620;3,40;7,08;0,00;0,00;0,05;150;3,20
2A0CFF1;18/09/2024 9:58:09;0519070b0000000000041d21;5,25;7,11;0,00;0,00;0,04;29;3,30
2A0CFF1;18/09/2024 3:54:17;004c063e0000000000022b21;0,76;6,62;0,00;0,00;0,02;43;3,30
2A0CFF1;18/09/2024 3:53:08;0110063d000000000002fe21;1,16;6,61;0,00;0,00;0,02;254;3,30
2A0CFF1;18/09/2024 3:51:59;0220063d000000000002e121;2,32;6,61;0,00;0,00;0,02;225;3,30
2A0CFF1;18/09/2024 3:50:50;0328063d000000000002bb21;3,40;6,61;0,00;0,00;0,02;187;3,30
2A0CFF1;18/09/2024 3:49:42;0518063e0000000000024521;5,24;6,62;0,00;0,00;0,02;69;3,30
2A0CFF1;17/09/2024 21:46:31;004b070e0000000000064421;0,75;7,14;0,00;0,00;0,06;68;3,30
2A0CFF1;17/09/2024 21:45:59;0063070d0000000000061121;0,99;7,13;0,00;0,00;0,06;17;3,30
2A0CFF1;17/09/2024 21:45:24;020b070c000000000006db21;2,11;7,12;0,00;0,00;0,06;219;3,30
2A0CFF1;17/09/2024 21:44:25;0407070d000000000006a621;4,07;7,13;0,00;0,00;0,06;166;3,30
2A0CFF1;17/09/2024 21:43:15;0517070f0000000000044621;5,23;7,15;0,00;0,00;0,04;70;3,30
2A0CFF1;17/09/2024 15:39:16;01030824000000000027fb21;1,03;8,36;0,00;0,00;0,39;251;3,30
2A0CFF1;17/09/2024 15:38:11;020e082200000000001fde21;2,14;8,34;0,00;0,00;0,31;222;3,30
2A0CFF1;17/09/2024 15:36:59;040308240000000000209421;4,03;8,36;0,00;0,00;0,32;148;3,30
2A0CFF1;17/09/2024 15:35:49;051408270000000000164421;5,20;8,39;0,00;0,00;0,22;68;3,30
2A0CFF1;17/09/2024 9:32:07;1,47E+239;1,71;6,64;0,00;0,00;0,08;226;3,30
2A0CFF1;17/09/2024 9:31:02;02390641000000000008de21;2,57;6,65;0,00;0,00;0,08;222;3,30
2A0CFF1;17/09/2024 9:29:50;4,02E+40;4,02;6,64;0,00;0,00;0,08;142;3,30
2A0CFF1;17/09/2024 9:28:41;0516064400000000000d1e22;5,22;6,68;0,00;0,00;0,13;30;3,40
2A0CFF1;17/09/2024 3:25:51;004c07130000000000123c21;0,76;7,19;0,00;0,00;0,18;60;3,30
2A0CFF1;17/09/2024 3:24:48;006307160000000000121621;0,99;7,22;0,00;0,00;0,18;22;3,30
2A0CFF1;17/09/2024 3:23:36;020d0715000000000012ea21;2,13;7,21;0,00;0,00;0,18;234;3,30
2A0CFF1;17/09/2024 3:22:28;04080718000000000012a521;4,08;7,24;0,00;0,00;0,18;165;3,30
2A0CFF1;17/09/2024 3:21:19;051607170000000000122b22;5,22;7,23;0,00;0,00;0,18;43;3,40
2A0CFF1;16/09/2024 21:18:03;011b08290000000000291221;1,27;8,41;0,00;0,00;0,41;18;3,30
2A0CFF1;16/09/2024 21:17:35;022c082b000000000019e321;2,44;8,43;0,00;0,00;0,25;227;3,30
2A0CFF1;16/09/2024 21:16:33;0333082c000000000003cf21;3,51;8,44;0,00;0,00;0,03;207;3,30
2A0CFF1;16/09/2024 21:15:21;0517082f0000000000044b22;5,23;8,47;0,00;0,00;0,04;75;3,40
2A0CFF1;16/09/2024 15:11:30;005008020000000000053321;0,80;8,02;0,00;0,00;0,05;51;3,30
2A0CFF1;16/09/2024 15:10:22;010208050000000000051121;1,02;8,05;0,00;0,00;0,05;17;3,30
2A0CFF1;16/09/2024 15:09:14;020e0804000000000006e621;2,14;8,04;0,00;0,00;0,06;230;3,30
2A0CFF1;16/09/2024 15:08:08;040908050000000000069621;4,09;8,05;0,00;0,00;0,06;150;3,30
2A0CFF1;16/09/2024 15:06:56;051608080000000000052b22;5,22;8,08;0,00;0,00;0,05;43;3,40
2A0CFF1;16/09/2024 9:03:44;004f06200000000000054321;0,79;6,32;0,00;0,00;0,05;67;3,30
2A0CFF1;16/09/2024 9:03:12;010706210000000000050021;1,07;6,33;0,00;0,00;0,05;0;3,30
2A0CFF1;16/09/2024 9:02:37;0217061e000000000004ed21;2,23;6,30;0,00;0,00;0,04;237;3,30
2A0CFF1;16/09/2024 9:02:06;040a061e000000000004c021;4,10;6,30;0,00;0,00;0,04;192;3,30
2A0CFF1;16/09/2024 9:01:05;051906210000000000043a22;5,25;6,33;0,00;0,00;0,04;58;3,40
2A0CFF1;16/09/2024 2:57:30;0108085a00000000000c2e21;1,08;8,90;0,00;0,00;0,12;46;3,30
2A0CFF1;16/09/2024 2:56:18;0216085b00000000000b0621;2,22;8,91;0,00;0,00;0,11;6;3,30
2A0CFF1;16/09/2024 2:55:09;04070858000000000009bd21;4,07;8,88;0,00;0,00;0,09;189;3,30
2A0CFF1;16/09/2024 2:54:00;051a08610000000000044122;5,26;8,97;0,00;0,00;0,04;65;3,40
2A0CFF1;15/09/2024 20:50:42;004e080c0000000000025a21;0,78;8,12;0,00;0,00;0,02;90;3,30
2A0CFF1;15/09/2024 20:50:14;0050080b0000000000023a21;0,80;8,11;0,00;0,00;0,02;58;3,30
2A0CFF1;15/09/2024 20:49:42;015b080b0000000000020721;1,91;8,11;0,00;0,00;0,02;7;3,30
2A0CFF1;15/09/2024 20:49:06;035e080e000000000002c721;3,94;8,14;0,00;0,00;0,02;199;3,30
2A0CFF1;15/09/2024 20:48:08;051a08120000000000025122;5,26;8,18;0,00;0,00;0,02;81;3,40
2A0CFF1;15/09/2024 14:44:39;005608430000000000024221;0,86;8,67;0,00;0,00;0,02;66;3,30
2A0CFF1;15/09/2024 14:44:04;011008420000000000020c21;1,16;8,66;0,00;0,00;0,02;12;3,30
2A0CFF1;15/09/2024 14:43:32;021c0841000000000002e921;2,28;8,65;0,00;0,00;0,02;233;3,30
2A0CFF1;15/09/2024 14:43:04;04110843000000000002af21;4,17;8,67;0,00;0,00;0,02;175;3,30
2A0CFF1;15/09/2024 14:42:01;051d08470000000000024222;5,29;8,71;0,00;0,00;0,02;66;3,40
2A0CFF1;15/09/2024 8:38:11;0055045500000000000f3d21;0,85;4,85;0,00;0,00;0,15;61;3,30
2A0CFF1;15/09/2024 8:36:57;011104550000000000091921;1,17;4,85;0,00;0,00;0,09;25;3,30
2A0CFF1;15/09/2024 8:34:39;032e045400000000001edc21;3,46;4,84;0,00;0,00;0,30;220;3,30
2A0CFF1;15/09/2024 8:33:30;051e04530000000000005022;5,30;4,83;0,00;0,00;0,00;80;3,40
2A0CFF1;15/09/2024 2:29:59;0128061b0000000000263c21;1,40;6,27;0,00;0,00;0,38;60;3,30
2A0CFF1;15/09/2024 2:28:46;0238061a0000000000202f21;2,56;6,26;0,00;0,00;0,32;47;3,30
2A0CFF1;15/09/2024 2:27:37;033d061c000000000020e921;3,61;6,28;0,00;0,00;0,32;233;3,30
2A0CFF1;15/09/2024 2:26:29;0521061a00000000002c5b22;5,33;6,26;0,00;0,00;0,44;91;3,40
2A0CFF1;14/09/2024 20:23:13;005707280000000000048021;0,87;7,40;0,00;0,00;0,04;128;3,30
2A0CFF1;14/09/2024 20:22:41;011907240000000000053f21;1,25;7,36;0,00;0,00;0,05;63;3,30
2A0CFF1;14/09/2024 20:22:09;022407250000000000041421;2,36;7,37;0,00;0,00;0,04;20;3,30
2A0CFF1;14/09/2024 20:21:37;032a07240000000000050721;3,42;7,36;0,00;0,00;0,05;7;3,30
2A0CFF1;14/09/2024 20:20:39;052107280000000000045122;5,33;7,40;0,00;0,00;0,04;81;3,40
2A0CFF1;14/09/2024 14:16:52;011a06400000000000043c21;1,26;6,64;0,00;0,00;0,04;60;3,30
2A0CFF1;14/09/2024 14:15:46;0229063f0000000000042421;2,41;6,63;0,00;0,00;0,04;36;3,30
2A0CFF1;14/09/2024 14:14:35;032f0640000000000004ed21;3,47;6,64;0,00;0,00;0,04;237;3,30
2A0CFF1;14/09/2024 14:13:26;052206420000000000034422;5,34;6,66;0,00;0,00;0,03;68;3,40
2A0CFF1;14/09/2024 8:10:29;004a06080000000000027c21;0,74;6,08;0,00;0,00;0,02;124;3,30
2A0CFF1;14/09/2024 8:09:50;012806070000000000016121;1,40;6,07;0,00;0,00;0,01;97;3,30
2A0CFF1;14/09/2024 8:09:18;021e060a0000000000014621;2,30;6,10;0,00;0,00;0,01;70;3,30
2A0CFF1;14/09/2024 8:08:50;0357060c0000000000022821;3,87;6,12;0,00;0,00;0,02;40;3,30
2A0CFF1;14/09/2024 8:07:45;0523060700000000000e9722;5,35;6,07;0,00;0,00;0,14;151;3,40
2A0CFF1;14/09/2024 2:04:13;004a061f000000000001a321;0,74;6,31;0,00;0,00;0,01;163;3,30
2A0CFF1;14/09/2024 2:03:44;013c06200000000000016f21;1,60;6,32;0,00;0,00;0,01;111;3,30
2A0CFF1;14/09/2024 2:03:13;024206200000000000015421;2,66;6,32;0,00;0,00;0,01;84;3,30
2A0CFF1;14/09/2024 2:02:45;034406200000000000012a21;3,68;6,32;0,00;0,00;0,01;42;3,30
2A0CFF1;14/09/2024 2:01:41;0524061e0000000000019b22;5,36;6,30;0,00;0,00;0,01;155;3,40
2A0CFF1;13/09/2024 19:57:53;004c0636000000000002ac22;0,76;6,54;0,00;0,00;0,02;172;3,40
2A0CFF1;13/09/2024 19:56:48;012606350000000000029121;1,38;6,53;0,00;0,00;0,02;145;3,30
2A0CFF1;13/09/2024 19:55:36;023906360000000000028721;2,57;6,54;0,00;0,00;0,02;135;3,30
2A0CFF1;13/09/2024 19:54:24;034006370000000000025221;3,64;6,55;0,00;0,00;0,02;82;3,30
2A0CFF1;13/09/2024 19:53:15;5,21E+41;5,33;6,56;0,00;0,00;0,02;158;3,40
2A0CFF1;13/09/2024 13:49:59;004c060f000000000002b722;0,76;6,15;0,00;0,00;0,02;183;3,40
2A0CFF1;13/09/2024 13:49:35;015406100000000000028921;1,84;6,16;0,00;0,00;0,02;137;3,30
2A0CFF1;13/09/2024 13:48:59;030106100000000000027f21;3,01;6,16;0,00;0,00;0,02;127;3,30
2A0CFF1;13/09/2024 13:47:58;035e060e0000000000026422;3,94;6,14;0,00;0,00;0,02;100;3,40
2A0CFF1;13/09/2024 13:46:49;0522060e000000000002c022;5,34;6,14;0,00;0,00;0,02;192;3,40
2A0CFF1;13/09/2024 7:43:35;00490527000000000003ff22;0,73;5,39;0,00;0,00;0,03;255;3,40
2A0CFF1;13/09/2024 7:43:07;00400529000000000003b422;0,64;5,41;0,00;0,00;0,03;180;3,40
2A0CFF1;13/09/2024 7:42:32;020a05240000000000038d22;2,10;5,36;0,00;0,00;0,03;141;3,40
2A0CFF1;13/09/2024 7:42:04;032905220000000000006122;3,41;5,34;0,00;0,00;0,00;97;3,40
2A0CFF1;13/09/2024 7:41:02;051e0522000000000002b223;5,30;5,34;0,00;0,00;0,02;178;3,50
2A0CFF1;13/09/2024 1:37:54;00410428000000000005eb22;0,65;4,40;0,00;0,00;0,05;235;3,40
2A0CFF1;13/09/2024 1:36:49;01320425000000000006c822;1,50;4,37;0,00;0,00;0,06;200;3,40
2A0CFF1;13/09/2024 1:35:40;02360422000000000005b522;2,54;4,34;0,00;0,00;0,05;181;3,40
2A0CFF1;13/09/2024 1:34:30;032f04200000000000057c22;3,47;4,32;0,00;0,00;0,05;124;3,40
2A0CFF1;13/09/2024 1:33:22;051e0422000000000006e623;5,30;4,34;0,00;0,00;0,06;230;3,50
2A0CFF1;12/09/2024 19:30:05;0044060d00000000000a6d22;0,68;6,13;0,00;0,00;0,10;109;3,40
2A0CFF1;12/09/2024 19:29:33;003e060600000000003efc22;0,62;6,06;0,00;0,00;0,62;252;3,40
2A0CFF1;12/09/2024 19:27:59;031d060700000000003a9d22;3,29;6,07;0,00;0,00;0,58;157;3,40
2A0CFF1;12/09/2024 19:26:55;051906070000000000170722;5,25;6,07;0,00;0,00;0,23;7;3,40
2A0CFF1;12/09/2024 13:22:44;0045054700000000000ce022;0,69;5,71;0,00;0,00;0,12;224;3,40
2A0CFF1;12/09/2024 13:21:36;0112054500000000000cc422;1,18;5,69;0,00;0,00;0,12;196;3,40
2A0CFF1;12/09/2024 13:20:28;022c054400000000000e9c22;2,44;5,68;0,00;0,00;0,14;156;3,40
2A0CFF1;12/09/2024 13:19:19;032e054500000000000f7a22;3,46;5,69;0,00;0,00;0,15;122;3,40
2A0CFF1;12/09/2024 13:18:10;051a054800000000000cea23;5,26;5,72;0,00;0,00;0,12;234;3,50
2A0CFF1;12/09/2024 7:14:18;0047043a0000000000100522;0,71;4,58;0,00;0,00;0,16;5;3,40
2A0CFF1;12/09/2024 7:13:09;003b0438000000000010e422;0,59;4,56;0,00;0,00;0,16;228;3,40
2A0CFF1;12/09/2024 7:12:01;02080436000000000011b622;2,08;4,54;0,00;0,00;0,17;182;3,40
2A0CFF1;12/09/2024 7:10:51;032b04350000000000118822;3,43;4,53;0,00;0,00;0,17;136;3,40
2A0CFF1;12/09/2024 7:09:42;051a0439000000000011be23;5,26;4,57;0,00;0,00;0,17;190;3,50
2A0CFF1;12/09/2024 1:06:37;004602310000000000125922;0,70;2,49;0,00;0,00;0,18;89;3,40
2A0CFF1;12/09/2024 1:06:05;005a021d0000000000100222;0,90;2,29;0,00;0,00;0,16;2;3,40
2A0CFF1;12/09/2024 1:05:34;02210216000000000011ec22;2,33;2,22;0,00;0,00;0,17;236;3,40
2A0CFF1;12/09/2024 1:04:31;03420211000000000010af22;3,66;2,17;0,00;0,00;0,16;175;3,40
2A0CFF1;12/09/2024 1:03:26;051b0210000000000006ea23;5,27;2,16;0,00;0,00;0,06;234;3,50
2A0CFF1;11/09/2024 19:00:08;004706320000000000022122;0,71;6,50;0,00;0,00;0,02;33;3,40
2A0CFF1;11/09/2024 18:59:37;010d0630000000000002f122;1,13;6,48;0,00;0,00;0,02;241;3,40
2A0CFF1;11/09/2024 18:59:01;02440630000000000002cd22;2,68;6,48;0,00;0,00;0,02;205;3,40
2A0CFF1;11/09/2024 18:58:33;035006300000000000029b22;3,80;6,48;0,00;0,00;0,02;155;3,40
2A0CFF1;11/09/2024 18:57:33;051a06320000000000020d23;5,26;6,50;0,00;0,00;0,02;13;3,50
2A0CFF1;11/09/2024 12:53:47;004805060000000000020f22;0,72;5,06;0,00;0,00;0,02;15;3,40
2A0CFF1;11/09/2024 12:53:16;00420505000000000002f022;0,66;5,05;0,00;0,00;0,02;240;3,40
2A0CFF1;11/09/2024 12:52:44;014d0501000000000002ad22;1,77;5,01;0,00;0,00;0,02;173;3,40
2A0CFF1;11/09/2024 12:51:43;030d04620000000000028a22;3,13;4,98;0,00;0,00;0,02;138;3,40
2A0CFF1;11/09/2024 12:50:34;05190503000000000002d123;5,25;5,03;0,00;0,00;0,02;209;3,50
2A0CFF1;11/09/2024 6:47:16;004502550000000000023922;0,69;2,85;0,00;0,00;0,02;57;3,40
2A0CFF1;11/09/2024 6:46:45;00400250000000000003ff22;0,64;2,80;0,00;0,00;0,03;255;3,40
2A0CFF1;11/09/2024 6:45:46;0211024a000000000002c222;2,17;2,74;0,00;0,00;0,02;194;3,40
2A0CFF1;11/09/2024 6:44:35;03280246000000000002b822;3,40;2,70;0,00;0,00;0,02;184;3,40
2A0CFF1;11/09/2024 6:43:26;05130245000000000002ed23;5,19;2,69;0,00;0,00;0,02;237;3,50
2A0CFF1;11/09/2024 0:40:24;004102410000000000023b22;0,65;2,65;0,00;0,00;0,02;59;3,40
2A0CFF1;11/09/2024 0:39:52;0124023c0000000000021022;1,36;2,60;0,00;0,00;0,02;16;3,40
2A0CFF1;11/09/2024 0:39:21;0236023a000000000002ea22;2,54;2,58;0,00;0,00;0,02;234;3,40
2A0CFF1;11/09/2024 0:38:19;03360238000000000002c422;3,54;2,56;0,00;0,00;0,02;196;3,40
2A0CFF1;11/09/2024 0:37:11;051602390000000000020323;5,22;2,57;0,00;0,00;0,02;3;3,50
2A0CFF1;10/09/2024 18:34:02;004607570000000000017722;0,70;7,87;0,00;0,00;0,01;119;3,40
2A0CFF1;10/09/2024 18:33:34;0040075c0000000000011a22;0,64;7,92;0,00;0,00;0,01;26;3,40
2A0CFF1;10/09/2024 18:32:55;014a075d000000000001f322;1,74;7,93;0,00;0,00;0,01;243;3,40
2A0CFF1;10/09/2024 18:31:53;03080760000000000001be22;3,08;7,96;0,00;0,00;0,01;190;3,40
2A0CFF1;10/09/2024 18:30:44;05140762000000000002f323;5,20;7,98;0,00;0,00;0,02;243;3,50
2A0CFF1;10/09/2024 12:24:17;0149051f000000000001e922;1,73;5,31;0,00;0,00;0,01;233;3,40
2A0CFF1;10/09/2024 12:26:35;004a05200000000000025822;0,74;5,32;0,00;0,00;0,02;88;3,40
;;;;;;;;;
2A0CFF1;10/09/2024 12:24:17;0149051f000000000001e922;1,73;5,31;0,00;0,00;0,01;233;3,40
2A0CFF1;10/09/2024 12:25:26;0044051f0000000000021822;0,68;5,31;0,00;0,00;0,02;24;3,40
2A0CFF1;10/09/2024 12:24:17;0149051f000000000001e922;1,73;5,31;0,00;0,00;0,01;233;3,40
2A0CFF1;10/09/2024 12:23:08;030c051d000000000002be22;3,12;5,29;0,00;0,00;0,02;190;3,40
2A0CFF1;10/09/2024 12:22:00;0517051e0000000000011023;5,23;5,30;0,00;0,00;0,01;16;3,50
2A0CFF1;10/09/2024 6:18:51;004805030000000000024122;0,72;5,03;0,00;0,00;0,02;65;3,40
2A0CFF1;10/09/2024 6:18:18;004005060000000000020922;0,64;5,06;0,00;0,00;0,02;9;3,40
2A0CFF1;10/09/2024 6:17:47;02160507000000000002e822;2,22;5,07;0,00;0,00;0,02;232;3,40
2A0CFF1;10/09/2024 6:17:16;03310505000000000002b222;3,49;5,05;0,00;0,00;0,02;178;3,40
2A0CFF1;10/09/2024 6:16:15;05170509000000000002f323;5,23;5,09;0,00;0,00;0,02;243;3,50
2A0CFF1;10/09/2024 0:13:05;0047054d0000000000026222;0,71;5,77;0,00;0,00;0,02;98;3,40
2A0CFF1;10/09/2024 0:12:34;003e054c0000000000023722;0,62;5,76;0,00;0,00;0,02;55;3,40
2A0CFF1;10/09/2024 0:12:02;020c05490000000000021322;2,12;5,73;0,00;0,00;0,02;19;3,40
2A0CFF1;10/09/2024 0:11:31;032d0549000000000002d422;3,45;5,73;0,00;0,00;0,02;212;3,40
2A0CFF1;10/09/2024 0:10:30;051a05470000000000020c23;5,26;5,71;0,00;0,00;0,02;12;3,50
2A0CFF1;9/09/2024 18:07:05;004807410000000000025322;0,72;7,65;0,00;0,00;0,02;83;3,40
2A0CFF1;9/09/2024 18:06:33;003e07400000000000024722;0,62;7,64;0,00;0,00;0,02;71;3,40
2A0CFF1;9/09/2024 18:06:01;01570741000000000001f822;1,87;7,65;0,00;0,00;0,01;248;3,40
2A0CFF1;9/09/2024 18:05:33;035e0744000000000001a722;3,94;7,68;0,00;0,00;0,01;167;3,40
2A0CFF1;9/09/2024 18:04:33;051807450000000000016623;5,24;7,69;0,00;0,00;0,01;102;3,50
2A0CFF1;9/09/2024 12:01:19;004805420000000000025422;0,72;5,66;0,00;0,00;0,02;84;3,40
2A0CFF1;9/09/2024 12:00:43;004305440000000000021322;0,67;5,68;0,00;0,00;0,02;19;3,40
2A0CFF1;9/09/2024 11:59:45;02190545000000000002dd22;2,25;5,69;0,00;0,00;0,02;221;3,40
2A0CFF1;9/09/2024 11:58:34;03390544000000000002b422;3,57;5,68;0,00;0,00;0,02;180;3,40
2A0CFF1;9/09/2024 11:57:25;051c0546000000000002f623;5,28;5,70;0,00;0,00;0,02;246;3,50
2A0CFF1;9/09/2024 5:54:19;004305330000000000019b23;0,67;5,51;0,00;0,00;0,01;155;3,50
2A0CFF1;9/09/2024 5:53:47;010705320000000000013023;1,07;5,50;0,00;0,00;0,01;48;3,50
2A0CFF1;9/09/2024 5:53:15;021c05330000000000010c23;2,28;5,51;0,00;0,00;0,01;12;3,50
2A0CFF1;9/09/2024 5:52:44;3,20E+241;3,32;5,50;0,00;0,00;0,01;226;3,50
2A0CFF1;9/09/2024 5:51:45;051805300000000000016723;5,24;5,48;0,00;0,00;0,01;103;3,50
2A0CFF1;8/09/2024 23:47:57;004305280000000000018023;0,67;5,40;0,00;0,00;0,01;128;3,50
2A0CFF1;8/09/2024 23:46:48;003d05280000000000016823;0,61;5,40;0,00;0,00;0,01;104;3,50
2A0CFF1;8/09/2024 23:45:38;015205280000000000022522;1,82;5,40;0,00;0,00;0,02;37;3,40
2A0CFF1;8/09/2024 23:44:30;03100525000000000002e822;3,16;5,37;0,00;0,00;0,02;232;3,40
2A0CFF1;8/09/2024 23:43:22;051b05290000000000022923;5,27;5,41;0,00;0,00;0,02;41;3,50
2A0CFF1;8/09/2024 17:40:13;003f0730000000000001b223;0,63;7,48;0,00;0,00;0,01;178;3,50
2A0CFF1;8/09/2024 17:39:45;003b07330000000000018623;0,59;7,51;0,00;0,00;0,01;134;3,50
2A0CFF1;8/09/2024 17:39:06;013e07380000000000014423;1,62;7,56;0,00;0,00;0,01;68;3,50
2A0CFF1;8/09/2024 17:38:38;030507380000000000011123;3,05;7,56;0,00;0,00;0,01;17;3,50
2A0CFF1;8/09/2024 17:37:36;0518073c0000000000013b23;5,24;7,60;0,00;0,00;0,01;59;3,50
2A0CFF1;8/09/2024 11:34:26;00420351000000000001c623;0,66;3,81;0,00;0,00;0,01;198;3,50
2A0CFF1;8/09/2024 11:33:54;005903450000000000013923;0,89;3,69;0,00;0,00;0,01;57;3,50
2A0CFF1;8/09/2024 11:33:26;020c03440000000000011c23;2,12;3,68;0,00;0,00;0,01;28;3,50
2A0CFF1;8/09/2024 11:32:50;04040342000000000001c923;4,04;3,66;0,00;0,00;0,01;201;3,50
2A0CFF1;8/09/2024 11:31:52;051a03440000000000012f24;5,26;3,68;0,00;0,00;0,01;47;3,60
2A0CFF1;8/09/2024 5:28:27;00430551000000000002cc23;0,67;5,81;0,00;0,00;0,02;204;3,50
2A0CFF1;8/09/2024 5:27:25;004105510000000000027923;0,65;5,81;0,00;0,00;0,02;121;3,50
2A0CFF1;8/09/2024 5:26:16;013205500000000000025123;1,50;5,80;0,00;0,00;0,02;81;3,50
2A0CFF1;8/09/2024 5:25:07;0302054f0000000000020222;3,02;5,79;0,00;0,00;0,02;2;3,40
2A0CFF1;8/09/2024 5:23:58;0519054f0000000000024123;5,25;5,79;0,00;0,00;0,02;65;3,50
2A0CFF1;7/09/2024 23:20:56;0042011d0000000000029f23;0,66;1,29;0,00;0,00;0,02;159;3,50
2A0CFF1;7/09/2024 23:20:24;006101130000000000027d23;0,97;1,19;0,00;0,00;0,02;125;3,50
2A0CFF1;7/09/2024 23:19:52;020b010d0000000000025f23;2,11;1,13;0,00;0,00;0,02;95;3,50
2A0CFF1;7/09/2024 23:18:51;040701040000000000020c23;4,07;1,04;0,00;0,00;0,02;12;3,50
2A0CFF1;7/09/2024 23:17:42;051a01040000000000028823;5,26;1,04;0,00;0,00;0,02;136;3,50
2A0CFF1;7/09/2024 17:14:17;003407620000000000029123;0,52;7,98;0,00;0,00;0,02;145;3,50
2A0CFF1;7/09/2024 17:13:45;014108000000000000024122;1,65;8,00;0,00;0,00;0,02;65;3,40
2A0CFF1;7/09/2024 17:13:14;030e0761000000000002fe22;3,14;7,97;0,00;0,00;0,02;254;3,40
2A0CFF1;7/09/2024 17:12:12;5,17E+42;5,23;8,00;0,00;0,00;0,02;46;3,50
2A0CFF1;7/09/2024 11:09:05;00400611000000000002c023;0,64;6,17;0,00;0,00;0,02;192;3,50
2A0CFF1;7/09/2024 11:08:37;012406130000000000026b23;1,36;6,19;0,00;0,00;0,02;107;3,50
2A0CFF1;7/09/2024 11:08:01;025606150000000000021823;2,86;6,21;0,00;0,00;0,02;24;3,50
2A0CFF1;7/09/2024 11:07:30;04050613000000000002ec23;4,05;6,19;0,00;0,00;0,02;236;3,50
2A0CFF1;7/09/2024 11:06:28;051a06150000000000024d23;5,26;6,21;0,00;0,00;0,02;77;3,50
2A0CFF1;7/09/2024 5:03:05;003d055e000000000002db23;0,61;5,94;0,00;0,00;0,02;219;3,50
2A0CFF1;7/09/2024 5:02:33;011b055d0000000000026023;1,27;5,93;0,00;0,00;0,02;96;3,50
2A0CFF1;7/09/2024 5:02:02;0248055d0000000000023023;2,72;5,93;0,00;0,00;0,02;48;3,50
2A0CFF1;7/09/2024 5:01:00;0359055b0000000000020923;3,89;5,91;0,00;0,00;0,02;9;3,50
2A0CFF1;7/09/2024 4:59:51;0515055b0000000000025424;5,21;5,91;0,00;0,00;0,02;84;3,60
2A0CFF1;6/09/2024 22:56:40;003d0511000000000002cb23;0,61;5,17;0,00;0,00;0,02;203;3,50
2A0CFF1;6/09/2024 22:56:16;00550510000000000002aa23;0,85;5,16;0,00;0,00;0,02;170;3,50
2A0CFF1;6/09/2024 22:55:37;025a050c0000000000025f23;2,90;5,12;0,00;0,00;0,02;95;3,50
2A0CFF1;6/09/2024 22:54:35;0352050c0000000000023023;3,82;5,12;0,00;0,00;0,02;48;3,50
2A0CFF1;6/09/2024 22:53:26;05170513000000000002ad24;5,23;5,19;0,00;0,00;0,02;173;3,60
2A0CFF1;6/09/2024 16:50:01;003b0745000000000002e323;0,59;7,69;0,00;0,00;0,02;227;3,50
2A0CFF1;6/09/2024 16:49:29;01130746000000000002bf23;1,19;7,70;0,00;0,00;0,02;191;3,50
2A0CFF1;6/09/2024 16:49:01;024307450000000000027a23;2,67;7,69;0,00;0,00;0,02;122;3,50
2A0CFF1;6/09/2024 16:48:29;034e07450000000000024422;3,78;7,69;0,00;0,00;0,02;68;3,40
2A0CFF1;6/09/2024 16:47:29;0514074a0000000000018d23;5,20;7,74;0,00;0,00;0,01;141;3,50
2A0CFF1;6/09/2024 10:44:18;003406180000000000029123;0,52;6,24;0,00;0,00;0,02;145;3,50
2A0CFF1;6/09/2024 10:43:46;0149061a0000000000025f23;1,73;6,26;0,00;0,00;0,02;95;3,50
2A0CFF1;6/09/2024 10:43:17;025606190000000000023a23;2,86;6,25;0,00;0,00;0,02;58;3,50
2A0CFF1;6/09/2024 10:42:18;0359061c0000000000020c23;3,89;6,28;0,00;0,00;0,02;12;3,50
2A0CFF1;6/09/2024 10:41:03;0515061e0000000000025823;5,21;6,30;0,00;0,00;0,02;88;3,50
2A0CFF1;6/09/2024 4:37:57;003d064f000000000002f423;0,61;6,79;0,00;0,00;0,02;244;3,50
2A0CFF1;6/09/2024 4:37:22;003b064f0000000000028f23;0,59;6,79;0,00;0,00;0,02;143;3,50
2A0CFF1;6/09/2024 4:36:51;014f06500000000000027423;1,79;6,80;0,00;0,00;0,02;116;3,50
2A0CFF1;6/09/2024 4:35:49;0356064e0000000000021c23;3,86;6,78;0,00;0,00;0,02;28;3,50
2A0CFF1;6/09/2024 4:34:41;05150653000000000002ae23;5,21;6,83;0,00;0,00;0,02;174;3,50
2A0CFF1;5/09/2024 22:31:43;00380840000000000002d923;0,56;8,64;0,00;0,00;0,02;217;3,50
2A0CFF1;5/09/2024 22:31:15;01410841000000000002c023;1,65;8,65;0,00;0,00;0,02;192;3,50
2A0CFF1;5/09/2024 22:30:39;024b08450000000000028a23;2,75;8,69;0,00;0,00;0,02;138;3,50
2A0CFF1;5/09/2024 22:29:43;034608410000000000024623;3,70;8,65;0,00;0,00;0,02;70;3,50
2A0CFF1;5/09/2024 22:28:28;051808400000000000019923;5,24;8,64;0,00;0,00;0,01;153;3,50
2A0CFF1;5/09/2024 16:24:55;003f07190000000000022223;0,63;7,25;0,00;0,00;0,02;34;3,50
2A0CFF1;5/09/2024 16:24:27;011107190000000000029023;1,17;7,25;0,00;0,00;0,02;144;3,50
2A0CFF1;5/09/2024 16:23:51;024a07180000000000026c23;2,74;7,24;0,00;0,00;0,02;108;3,50
2A0CFF1;5/09/2024 16:22:49;035b07180000000000023b23;3,91;7,24;0,00;0,00;0,02;59;3,50
2A0CFF1;5/09/2024 16:21:40;0516071a0000000000027b23;5,22;7,26;0,00;0,00;0,02;123;3,50
2A0CFF1;5/09/2024 10:18:27;011e040e000000000002a423;1,30;4,14;0,00;0,00;0,02;164;3,50
2A0CFF1;5/09/2024 10:17:51;024f040e0000000000027323;2,79;4,14;0,00;0,00;0,02;115;3,50
2A0CFF1;5/09/2024 10:17:23;0364040d0000000000023623;4,00;4,13;0,00;0,00;0,02;54;3,50
2A0CFF1;5/09/2024 10:16:21;051a040f0000000000018c24;5,26;4,15;0,00;0,00;0,01;140;3,60
2A0CFF1;5/09/2024 4:13:23;00420561000000000002f323;0,66;5,97;0,00;0,00;0,02;243;3,50
2A0CFF1;5/09/2024 4:12:51;0040055e000000000001b423;0,64;5,94;0,00;0,00;0,01;180;3,50
2A0CFF1;5/09/2024 4:12:19;015b055d0000000000028d23;1,91;5,93;0,00;0,00;0,02;141;3,50
2A0CFF1;5/09/2024 4:11:21;035b055c0000000000024223;3,91;5,92;0,00;0,00;0,02;66;3,50
2A0CFF1;5/09/2024 4:10:09;051a055e0000000000019924;5,26;5,94;0,00;0,00;0,01;153;3,60
2A0CFF1;4/09/2024 22:07:11;003f0627000000000002ed23;0,63;6,39;0,00;0,00;0,02;237;3,50
2A0CFF1;4/09/2024 22:06:43;010d0627000000000002b023;1,13;6,39;0,00;0,00;0,02;176;3,50
2A0CFF1;4/09/2024 22:06:07;021206270000000000028c23;2,18;6,39;0,00;0,00;0,02;140;3,50
2A0CFF1;4/09/2024 22:05:05;036306260000000000024823;3,99;6,38;0,00;0,00;0,02;72;3,50
2A0CFF1;4/09/2024 22:03:57;05190627000000000001b524;5,25;6,39;0,00;0,00;0,01;181;3,60
2A0CFF1;4/09/2024 15:59:52;004007240000000000021923;0,64;7,36;0,00;0,00;0,02;25;3,50
2A0CFF1;4/09/2024 15:58:44;010f0725000000000002cb23;1,15;7,37;0,00;0,00;0,02;203;3,50
2A0CFF1;4/09/2024 15:57:35;0232072b0000000000018923;2,50;7,43;0,00;0,00;0,01;137;3,50
2A0CFF1;4/09/2024 15:56:26;034707270000000000025223;3,71;7,39;0,00;0,00;0,02;82;3,50
2A0CFF1;4/09/2024 15:55:17;051507280000000000019a23;5,21;7,40;0,00;0,00;0,01;154;3,50
2A0C969;3/09/2024 3:40:52;3,58E+42;3,88;0,07;0,00;0,00;0,04;110;3,50
2A0C969;3/09/2024 3:39:52;041f00070000000000046823;4,31;0,07;0,00;0,00;0,04;104;3,50
2A0C969;2/09/2024 15:27:59;034f0636000000000004c925;3,79;6,54;0,00;0,00;0,04;201;3,70
2A0C969;2/09/2024 15:26:55;042406350000000000043025;4,36;6,53;0,00;0,00;0,04;48;3,70
2A0C969;2/09/2024 9:22:38;030405340000000000032725;3,04;5,52;0,00;0,00;0,03;39;3,70
2A0C969;2/09/2024 9:22:06;034305330000000000031225;3,67;5,51;0,00;0,00;0,03;18;3,70
2A0C969;2/09/2024 9:21:06;041a05370000000000031825;4,26;5,55;0,00;0,00;0,03;24;3,70
2A0C969;2/09/2024 3:16:58;044000300000000000040925;4,64;0,48;0,00;0,00;0,04;9;3,70
2A0C969;2/09/2024 3:15:58;0459003100000000005f5925;4,89;0,49;0,00;0,00;0,95;89;3,70
2A0C969;1/09/2024 21:11:35;045c0540000000000205bd25;4,92;5,64;0,00;0,00;2,05;189;3,70
2A0C969;1/09/2024 21:11:06;045f0540000000000205a325;4,95;5,64;0,00;0,00;2,05;163;3,70
2A0C969;1/09/2024 21:10:35;045e0540000000000205c625;4,94;5,64;0,00;0,00;2,05;198;3,70
2A0C969;1/09/2024 21:09:37;0458053e0000000002058425;4,88;5,62;0,00;0,00;2,05;132;3,70
2A0C969;1/09/2024 15:05:23;045f064500000000000dd525;4,95;6,69;0,00;0,00;0,13;213;3,70
2A0C969;1/09/2024 15:04:54;0462064300000000000df325;4,98;6,67;0,00;0,00;0,13;243;3,70
2A0C969;1/09/2024 15:04:24;0460064500000000000ef025;4,96;6,69;0,00;0,00;0,14;240;3,70
2A0C969;1/09/2024 15:03:25;045c064300000000000ded25;4,92;6,67;0,00;0,00;0,13;237;3,70
2A0C969;1/09/2024 8:59:32;04420500000000000004de25;4,66;5,00;0,00;0,00;0,04;222;3,70
2A0C969;1/09/2024 8:58:32;050005020000000002051f25;5,00;5,02;0,00;0,00;2,05;31;3,70
2A0C969;1/09/2024 2:54:41;032c054b000000000003bd25;3,44;5,75;0,00;0,00;0,03;189;3,70
2A0C969;1/09/2024 2:53:41;0406054d000000000003ca25;4,06;5,77;0,00;0,00;0,03;202;3,70
2A0C969;1/09/2024 2:52:36;043a054c000000000003c625;4,58;5,76;0,00;0,00;0,03;198;3,70
2A0C969;31/08/2024 20:48:36;024e0611000000000004df25;2,78;6,17;0,00;0,00;0,04;223;3,70
2A0C969;31/08/2024 20:48:07;032b0611000000000004e025;3,43;6,17;0,00;0,00;0,04;224;3,70
2A0C969;31/08/2024 20:47:43;04050612000000000004e825;4,05;6,18;0,00;0,00;0,04;232;3,70
2A0C969;31/08/2024 20:46:42;050a06110000000002053826;5,10;6,17;0,00;0,00;2,05;56;3,80
2A0C969;31/08/2024 14:44:09;0336062c000000000004fe25;3,54;6,44;0,00;0,00;0,04;254;3,70
2A0C969;31/08/2024 14:42:39;0444062e0000000000040425;4,68;6,46;0,00;0,00;0,04;4;3,70
2A0C969;31/08/2024 8:38:28;020d05310000000000031525;2,13;5,49;0,00;0,00;0,03;21;3,70
2A0C969;31/08/2024 8:37:52;024e052c0000000000041625;2,78;5,44;0,00;0,00;0,04;22;3,70
2A0C969;31/08/2024 8:37:27;032b052d0000000000041b25;3,43;5,45;0,00;0,00;0,04;27;3,70
2A0C969;31/08/2024 8:36:57;0403052b0000000000042525;4,03;5,43;0,00;0,00;0,04;37;3,70
2A0C969;31/08/2024 8:35:57;050e052c00000000001e7226;5,14;5,44;0,00;0,00;0,30;114;3,80
2A0C969;31/08/2024 2:39:43;0,00E+00;0,00;0,00;0,00;0,00;0,00;0;0,00
2A0C969;30/08/2024 20:36:22;024a05450000000000045225;2,74;5,69;0,00;0,00;0,04;82;3,70
2A0C969;30/08/2024 20:35:53;033205460000000000045425;3,50;5,70;0,00;0,00;0,04;84;3,70
2A0C969;30/08/2024 20:35:23;041405458e341c5a00045f25;4,20;5,69;142,52;28,90;0,04;95;3,70
2A0C969;30/08/2024 20:34:23;0507054518131c5a013aa126;5,07;5,69;24,19;28,90;1,58;161;3,80
2A0C969;30/08/2024 14:31:25;02230519000000000004dd25;2,35;5,25;0,00;0,00;0,04;221;3,70
2A0C969;30/08/2024 14:30:58;030c0519222b1c500004df25;3,12;5,25;34,43;28,80;0,04;223;3,70
2A0C969;30/08/2024 14:29:29;0509051a0000000000131326;5,09;5,26;0,00;0,00;0,19;19;3,80
2A0C969;30/08/2024 8:26:23;02130504000000000003ff25;2,19;5,04;0,00;0,00;0,03;255;3,70
2A0C969;30/08/2024 8:25:53;03030501000000000004fa25;3,03;5,01;0,00;0,00;0,04;250;3,70
2A0C969;30/08/2024 8:25:24;034e045e000000000004fb25;3,78;4,94;0,00;0,00;0,04;251;3,70
2A0C969;30/08/2024 8:24:25;050d05020000000002053e26;5,13;5,02;0,00;0,00;2,05;62;3,80
2A0C969;30/08/2024 2:29:17;0,00E+00;0,00;0,00;0,00;0,00;0,00;0;0,00
2A0C969;30/08/2024 2:28:05;050e050c0000000000125c26;5,14;5,12;0,00;0,00;0,18;92;3,80
2A0C969;29/08/2024 20:32:16;0,00E+00;0,00;0,00;0,00;0,00;0,00;0;0,00
2A0C969;29/08/2024 14:28:10;0332050a7d461d0a00033725;3,50;5,10;125,70;29,10;0,03;55;3,70
2A0C969;29/08/2024 14:28:10;0332050a7d461d0a00033725;3,50;5,10;125,70;29,10;0,03;55;3,70
2A0C969;29/08/2024 14:29:09;0155050cb7171d0a00033825;1,85;5,12;183,23;29,10;0,03;56;3,70
2A0C969;29/08/2024 14:28:39;024505097e371d0000033525;2,69;5,09;126,55;29,00;0,03;53;3,70
2A0C969;29/08/2024 14:27:10;050e050b9f2e1d0000136d26;5,14;5,11;159,46;29,00;0,19;109;3,80
2A0C969;29/08/2024 8:32:15;0,00E+00;0,00;0,00;0,00;0,00;0,00;0;0,00
2A0C969;29/08/2024 8:31:34;0335042e0000000000042125;3,53;4,46;0,00;0,00;0,04;33;3,70
2A0C969;29/08/2024 8:30:34;0508042fdd5b1d28000a5a26;5,08;4,47;221,91;29,40;0,10;90;3,80
2A0C969;29/08/2024 2:35:48;0,00E+00;0,00;0,00;0,00;0,00;0,00;0;0,00
2A0C969;29/08/2024 2:35:07;0346005c000000000004e323;3,70;0,92;0,00;0,00;0,04;227;3,50
2A0C969;29/08/2024 2:34:07;0509005e000000000032ef24;5,09;0,94;0,00;0,00;0,50;239;3,60
2A0C969;28/08/2024 20:38:05;0,00E+00;0,00;0,00;0,00;0,00;0,00;0;0,00
2A0C969;28/08/2024 14:34:54;006007459a331d2800048525;0,96;7,69;154,51;29,40;0,04;133;3,70
2A0C969;28/08/2024 14:34:24;014f0744f6281d2800048025;1,79;7,68;246,40;29,40;0,04;128;3,70
2A0C969;28/08/2024 14:33:55;02410740eb241d2800057e25;2,65;7,64;235,36;29,40;0,05;126;3,70
2A0C969;28/08/2024 14:33:25;032e0740a00b1d2800058025;3,46;7,64;160,11;29,40;0,05;128;3,70
2A0C969;28/08/2024 14:32:25;05080744e0221d28000db426;5,08;7,68;224,34;29,40;0,13;180;3,80
2A0C969;28/08/2024 8:29:20;0112055af6581d2800048825;1,18;5,90;246,88;29,40;0,04;136;3,70
2A0C969;28/08/2024 8:28:51;0202055afd011d2800038425;2,02;5,90;253,01;29,40;0,03;132;3,70
2A0C969;28/08/2024 8:28:21;033f0555fe391d2800038a25;3,63;5,85;254,57;29,40;0,03;138;3,70
2A0C969;28/08/2024 8:27:21;0506055898541d28003ebb26;5,06;5,88;152,84;29,40;0,62;187;3,80
2A0C969;28/08/2024 2:24:32;02240601f8091d1e00037725;2,36;6,01;248,09;29,30;0,03;119;3,70
2A0C969;28/08/2024 2:24:02;030e055ff9201d1e00037625;3,14;5,95;249,32;29,30;0,03;118;3,70
2A0C969;28/08/2024 2:23:32;0358055f23601d1e00048025;3,88;5,95;35,96;29,30;0,04;128;3,70
2A0C969;28/08/2024 2:22:33;05080561af021d1e0204b326;5,08;5,97;175,02;29,30;2,04;179;3,80
2A0C969;27/08/2024 20:19:26;0106062efd561d1400044e25;1,06;6,46;253,86;29,20;0,04;78;3,70
2A0C969;27/08/2024 20:18:56;015b062d02301d1400054c25;1,91;6,45;2,48;29,20;0,05;76;3,70
2A0C969;27/08/2024 20:18:27;033a0628ae471d1400045a25;3,58;6,40;174,71;29,20;0,04;90;3,70
2A0C969;27/08/2024 20:17:28;0508062910131d14004c9226;5,08;6,41;16,19;29,20;0,76;146;3,80
2A0C969;27/08/2024 14:14:20;01530642b5301d0a00044f25;1,83;6,66;181,48;29,10;0,04;79;3,70
2A0C969;27/08/2024 14:13:51;0247063f08481d0a00044d25;2,71;6,63;8,72;29,10;0,04;77;3,70
2A0C969;27/08/2024 14:13:21;0337063d2a1f1d0a00045125;3,55;6,61;42,31;29,10;0,04;81;3,70
2A0C969;27/08/2024 14:12:16;0508063cbd461d0a000d8326;5,08;6,60;189,70;29,10;0,13;131;3,80
2A0C969;27/08/2024 8:09:27;0109035199471c5a00041525;1,09;3,81;153,71;28,90;0,04;21;3,70
2A0C969;27/08/2024 8:08:57;016303518f481c5a00051225;1,99;3,81;143,72;28,90;0,05;18;3,70
2A0C969;27/08/2024 8:08:27;0257034ef4191c5a00041525;2,87;3,78;244,25;28,90;0,04;21;3,70
2A0C969;27/08/2024 8:07:58;0348034d1f341c5a00051d25;3,72;3,77;31,52;28,90;0,05;29;3,70
2A0C969;27/08/2024 8:06:58;050a034c550a1c5a000b6326;5,10;3,76;85,10;28,90;0,11;99;3,80
2A0C969;27/08/2024 2:04:17;0105041922241c5000045125;1,05;4,25;34,36;28,80;0,04;81;3,70
2A0C969;27/08/2024 2:03:48;015e0418222b1c5000044c25;1,94;4,24;34,43;28,80;0,04;76;3,70
2A0C969;27/08/2024 2:03:19;02530412fe121c5000044c25;2,83;4,18;254,18;28,80;0,04;76;3,70
2A0C969;27/08/2024 2:02:49;03450410542d1c5000045125;3,69;4,16;84,45;28,80;0,04;81;3,70
2A0C969;27/08/2024 2:01:49;050d041358531c5000128526;5,13;4,19;88,83;28,80;0,18;133;3,80
2A0C969;26/08/2024 19:58:37;005f070156401c4600044625;0,95;7,01;86,64;28,70;0,04;70;3,70
2A0C969;26/08/2024 19:58:07;024906619d1b1c4600054625;2,73;6,97;157,27;28,70;0,05;70;3,70
2A0C969;26/08/2024 19:57:38;033b066202241c3c00054f25;3,59;6,98;2,36;28,60;0,05;79;3,70
2A0C969;26/08/2024 19:56:38;050c065c9e531c3c02058026;5,12;6,92;158,83;28,60;2,05;128;3,80
2A0C969;26/08/2024 13:53:32;0042052e0000000000031825;0,66;5,46;0,00;0,00;0,03;24;3,70
2A0C969;26/08/2024 13:53:02;0131052d0000000000041225;1,49;5,45;0,00;0,00;0,04;18;3,70
2A0C969;26/08/2024 13:52:33;2,25E+44;2,37;5,40;0,00;0,00;0,03;14;3,70
2A0C969;26/08/2024 13:52:06;0318052b0000000000041025;3,24;5,43;0,00;0,00;0,04;16;3,70
2A0C969;26/08/2024 13:51:03;050f052e275c1c5a002a4426;5,15;5,46;39,92;28,90;0,42;68;3,80
2A0C969;26/08/2024 7:48:13;015705200000000000043b25;1,87;5,32;0,00;0,00;0,04;59;3,70
2A0C969;26/08/2024 7:47:41;024e051b0000000000043b25;2,78;5,27;0,00;0,00;0,04;59;3,70
2A0C969;26/08/2024 7:47:11;0341051c0000000000044025;3,65;5,28;0,00;0,00;0,04;64;3,70
2A0C969;26/08/2024 7:46:13;0509051f00000000000b7626;5,09;5,31;0,00;0,00;0,11;118;3,80
2A0C969;26/08/2024 1:43:20;003305210000000000046225;0,51;5,33;0,00;0,00;0,04;98;3,70
2A0C969;26/08/2024 1:42:50;004f05210000000000045b25;0,79;5,33;0,00;0,00;0,04;91;3,70
2A0C969;26/08/2024 1:42:20;023c051f0000000000045925;2,60;5,31;0,00;0,00;0,04;89;3,70
2A0C969;26/08/2024 1:41:51;0331051d0000000000046125;3,49;5,29;0,00;0,00;0,04;97;3,70
2A0C969;26/08/2024 1:40:52;0509051b0000000000149126;5,09;5,27;0,00;0,00;0,20;145;3,80
2A0C969;25/08/2024 19:37:51;002c05590000000000048525;0,44;5,89;0,00;0,00;0,04;133;3,70
2A0C969;25/08/2024 19:37:22;0060055a0000000000047d25;0,96;5,90;0,00;0,00;0,04;125;3,70
2A0C969;25/08/2024 19:36:55;0157055a0000000000057825;1,87;5,90;0,00;0,00;0,05;120;3,70
2A0C969;25/08/2024 19:35:53;034005580000000000057c25;3,64;5,88;0,00;0,00;0,05;124;3,70
2A0C969;25/08/2024 19:34:44;0508055a000000000037b226;5,08;5,90;0,00;0,00;0,55;178;3,80
2A0C969;25/08/2024 13:31:42;010a06080000000000045d25;1,10;6,08;0,00;0,00;0,04;93;3,70
2A0C969;25/08/2024 13:31:12;016006080000000000045825;1,96;6,08;0,00;0,00;0,04;88;3,70
2A0C969;25/08/2024 13:30:42;025406040000000000045525;2,84;6,04;0,00;0,00;0,04;85;3,70
2A0C969;25/08/2024 13:30:13;034506060000000000045b25;3,69;6,06;0,00;0,00;0,04;91;3,70
2A0C969;25/08/2024 13:29:13;050a06040000000000249126;5,10;6,04;0,00;0,00;0,36;145;3,80
2A0C969;25/08/2024 7:26:10;002d04110000000000045126;0,45;4,17;0,00;0,00;0,04;81;3,80
2A0C969;25/08/2024 7:25:40;005e040e0000000000044826;0,94;4,14;0,00;0,00;0,04;72;3,80
2A0C969;25/08/2024 7:25:14;0249040a0000000000044426;2,73;4,10;0,00;0,00;0,04;68;3,80
2A0C969;25/08/2024 7:24:41;033b040a0000000000044c26;3,59;4,10;0,00;0,00;0,04;76;3,80
2A0C969;25/08/2024 7:23:41;0507040b0000000000148126;5,07;4,11;0,00;0,00;0,20;129;3,80
2A0C969;25/08/2024 1:20:40;0059050e0000000000046226;0,89;5,14;0,00;0,00;0,04;98;3,80
2A0C969;25/08/2024 1:20:10;024605090000000000045f25;2,70;5,09;0,00;0,00;0,04;95;3,70
2A0C969;25/08/2024 1:19:41;033a050a0000000000046625;3,58;5,10;0,00;0,00;0,04;102;3,70
2A0C969;25/08/2024 1:18:40;0508050d00000000000b9c26;5,08;5,13;0,00;0,00;0,11;156;3,80
2A0C969;24/08/2024 19:16:02;004e06230000000000056a25;0,78;6,35;0,00;0,00;0,05;106;3,70
2A0C969;24/08/2024 19:15:32;0144061f0000000000066625;1,68;6,31;0,00;0,00;0,06;102;3,70
2A0C969;24/08/2024 19:15:03;023b061e0000000000056625;2,59;6,30;0,00;0,00;0,05;102;3,70
2A0C969;24/08/2024 19:14:32;032e06210000000000056c25;3,46;6,33;0,00;0,00;0,05;108;3,70
2A0C969;24/08/2024 19:13:32;05050624000000000009a326;5,05;6,36;0,00;0,00;0,09;163;3,80
2A0C969;24/08/2024 13:18:13;0,00E+00;0,00;0,00;0,00;0,00;0,00;0;0,00
2A0C969;24/08/2024 13:17:03;050706160000000000088526;5,07;6,22;0,00;0,00;0,08;133;3,80
2A0C969;24/08/2024 7:14:03;002903250000000000045326;0,41;3,37;0,00;0,00;0,04;83;3,80
2A0C969;24/08/2024 7:13:33;011303220000000000044f26;1,19;3,34;0,00;0,00;0,04;79;3,80
2A0C969;24/08/2024 7:13:03;020a031d0000000000044d26;2,10;3,29;0,00;0,00;0,04;77;3,80
2A0C969;24/08/2024 7:12:37;035b031c0000000000045e26;3,91;3,28;0,00;0,00;0,04;94;3,80
2A0C969;24/08/2024 7:11:37;050503170000000000188a27;5,05;3,23;0,00;0,00;0,24;138;3,90
2A0C969;24/08/2024 1:08:33;003403180000000000046626;0,52;3,24;0,00;0,00;0,04;102;3,80
2A0C969;24/08/2024 1:08:04;012f03150000000000046126;1,47;3,21;0,00;0,00;0,04;97;3,80
2A0C969;24/08/2024 1:07:35;022a031192401e0a00046026;2,42;3,17;146,64;30,10;0,04;96;3,80
2A0C969;24/08/2024 1:07:05;031f0311ca331e0a00056626;3,31;3,17;202,51;30,10;0,05;102;3,80
2A0C969;24/08/2024 1:06:05;0507031600000000000a9e27;5,07;3,22;0,00;0,00;0,10;158;3,90
2A0C969;23/08/2024 19:10:20;0,00E+00;0,00;0,00;0,00;0,00;0,00;0;0,00
2A0C969;23/08/2024 13:06:53;005b044ce4391d5a0003f826;0,91;4,76;228,57;29,90;0,03;248;3,80
2A0C969;23/08/2024 13:06:23;02470447913a1d5a0004ff26;2,71;4,71;145,58;29,90;0,04;255;3,80
2A0C969;23/08/2024 13:05:54;0339044650201d5a00030c26;3,57;4,70;80,32;29,90;0,03;12;3,80
2A0C969;23/08/2024 13:04:54;05070447ee0b1d5a000a3027;5,07;4,71;238,11;29,90;0,10;48;3,90
2A0C969;23/08/2024 7:02:08;0133032df42d1e0000050c26;1,51;3,45;244,45;30,00;0,05;12;3,80
2A0C969;23/08/2024 7:01:39;022e032b953b1e0000040d26;2,46;3,43;149,59;30,00;0,04;13;3,80
2A0C969;23/08/2024 7:01:08;0323032a54451e0000041426;3,35;3,42;84,69;30,00;0,04;20;3,80
2A0C969;23/08/2024 7:00:10;0507032303081e00000e4827;5,07;3,35;3,08;30,00;0,14;72;3,90
2A0C969;23/08/2024 0:57:05;0032053eba451e0a00042b26;0,50;5,62;186,69;30,10;0,04;43;3,80
2A0C969;23/08/2024 0:56:35;0128053cce4f1e0a00052326;1,40;5,60;206,79;30,10;0,05;35;3,80
2A0C969;23/08/2024 0:56:06;0223053bd0021e0a00042326;2,35;5,59;208,02;30,10;0,04;35;3,80
2A0C969;23/08/2024 0:55:36;031a053ae6181e0a00042b26;3,26;5,58;230,24;30,10;0,04;43;3,80
2A0C969;23/08/2024 0:54:36;0507053fc0231e0a02055a26;5,07;5,63;192,35;30,10;2,05;90;3,80
2A0C969;22/08/2024 18:51:57;002c053216381e0000051a26;0,44;5,50;22,56;30,00;0,05;26;3,80
2A0C969;22/08/2024 18:51:30;0117053246391e0000051526;1,23;5,50;70,57;30,00;0,05;21;3,80
2A0C969;22/08/2024 18:50:58;020c0531f0631e0000061326;2,12;5,49;240,99;30,00;0,06;19;3,80
2A0C969;22/08/2024 18:50:28;0307052f1d501e0000071826;3,07;5,47;29,80;30,00;0,07;24;3,80
2A0C969;22/08/2024 18:49:28;05050531fd461d5a00164827;5,05;5,49;253,70;29,90;0,22;72;3,90
2A0C969;22/08/2024 12:46:22;00550448f54a1e0000050826;0,85;4,72;245,74;30,00;0,05;8;3,80
2A0C969;22/08/2024 12:45:52;014d0449fb171e0000060526;1,77;4,73;251,23;30,00;0,06;5;3,80
2A0C969;22/08/2024 12:45:22;0248044997321e0000060426;2,72;4,73;151,50;30,00;0,06;4;3,80
2A0C969;22/08/2024 12:44:53;033e044798071e0000060826;3,62;4,71;152,07;30,00;0,06;8;3,80
2A0C969;22/08/2024 12:43:55;05070447014e1e0000473427;5,07;4,71;1,78;30,00;0,71;52;3,90
2A0C969;22/08/2024 6:41:06;01400436590f1d5a00040026;1,64;4,54;89,15;29,90;0,04;0;3,80
2A0C969;22/08/2024 6:40:37;023b043528561d5a0005fd26;2,59;4,53;40,86;29,90;0,05;253;3,80
2A0C969;22/08/2024 6:40:07;03310435591e1d5a00050226;3,49;4,53;89,30;29,90;0,05;2;3,80
2A0C969;22/08/2024 6:39:08;0506043604471d5a02053326;5,06;4,54;4,71;29,90;2,05;51;3,80
2A0C969;22/08/2024 0:35:59;0036004afa481e0000052126;0,54;0,74;250,72;30,00;0,05;33;3,80
2A0C969;22/08/2024 0:35:30;01310042fe351e0000051a26;1,49;0,66;254,53;30,00;0,05;26;3,80
2A0C969;22/08/2024 0:35:01;022e003c09301e0000061a26;2,46;0,60;9,48;30,00;0,06;26;3,80
2A0C969;22/08/2024 0:34:31;0326003c573f1e0000062226;3,38;0,60;87,63;30,00;0,06;34;3,80
2A0C969;22/08/2024 0:33:31;05080038064d1e0000385127;5,08;0,56;6,77;30,00;0,56;81;3,90
2A0C969;21/08/2024 18:30:16;0111071d9c351e0a00052326;1,17;7,29;156,53;30,10;0,05;35;3,80
2A0C969;21/08/2024 18:29:47;020b071d56531e0a00062326;2,11;7,29;86,83;30,10;0,06;35;3,80
2A0C969;21/08/2024 18:29:18;0307071c9b601e0a00062a26;3,07;7,28;155,96;30,10;0,06;42;3,80
2A0C969;21/08/2024 18:28:19;0508071c5b1a1e0a00145327;5,08;7,28;91,26;30,10;0,20;83;3,90
2A0C969;21/08/2024 12:25:11;01200622035d1d5a0004ef26;1,32;6,34;3,93;29,90;0,04;239;3,80
2A0C969;21/08/2024 12:24:41;02200621583b1d5a0005ee26;2,32;6,33;88,59;29,90;0,05;238;3,80
2A0C969;21/08/2024 12:24:12;031706209d291d5a0005f126;3,23;6,32;157,41;29,90;0,05;241;3,80
2A0C969;21/08/2024 12:23:12;050a0624a2421d5a000b2027;5,10;6,36;162,66;29,90;0,11;32;3,90
2A0C969;21/08/2024 6:20:21;002c013701181e0a00040c26;0,44;1,55;1,24;30,10;0,04;12;3,80
2A0C969;21/08/2024 6:19:51;0111013226571e0a00040726;1,17;1,50;38,87;30,10;0,04;7;3,80
2A0C969;21/08/2024 6:19:21;020a012d265e1e0a00040626;2,10;1,45;38,94;30,10;0,04;6;3,80
2A0C969;21/08/2024 6:18:52;035d0129032c1e0a00041d26;3,93;1,41;3,44;30,10;0,04;29;3,80
2A0C969;21/08/2024 6:17:52;050a012a5b591e0a000f3b27;5,10;1,42;91,89;30,10;0,15;59;3,90
2A0C969;21/08/2024 0:14:59;0032055d01521e1400050726;0,50;5,93;1,82;30,20;0,05;7;3,80
2A0C969;21/08/2024 0:14:30;0129055d03131e1400050526;1,41;5,93;3,19;30,20;0,05;5;3,80
2A0C969;21/08/2024 0:14:01;0221055acf441e1400050626;2,33;5,90;207,68;30,20;0,05;6;3,80
2A0C969;21/08/2024 0:13:31;03150557bd061e1400060c26;3,21;5,87;189,06;30,20;0,06;12;3,80
2A0C969;21/08/2024 0:12:31;05070563e90d1e1401523627;5,07;5,99;233,13;30,20;1,82;54;3,90
2A0C969;20/08/2024 18:09:36;00320918d0351e140004e626;0,50;9,24;208,53;30,20;0,04;230;3,80
2A0C969;20/08/2024 18:09:09;0052091ce8431e140005e326;0,82;9,28;232,67;30,20;0,05;227;3,80
2A0C969;20/08/2024 18:08:37;0246091ee8351e140006e626;2,70;9,30;232,53;30,20;0,06;230;3,80
2A0C969;20/08/2024 18:08:06;033a091ee8191e1e0007f426;3,58;9,30;232,25;30,30;0,07;244;3,80
2A0C969;20/08/2024 18:07:07;0505092405571e1e01191826;5,05;9,36;5,87;30,30;1,25;24;3,80
2A0C969;20/08/2024 12:03:14;0231060db0431d5a0005a026;2,49;6,13;176,67;29,90;0,05;160;3,80
2A0C969;20/08/2024 12:04:14;0035060c8c4c1d5a0003a226;0,53;6,12;140,76;29,90;0,03;162;3,80
2A0C969;20/08/2024 12:03:44;0134060daf371d5a00059e26;1,52;6,13;175,55;29,90;0,05;158;3,80
2A0C969;20/08/2024 12:03:14;0231060db0431d5a0005a026;2,49;6,13;176,67;29,90;0,05;160;3,80
2A0C969;20/08/2024 12:02:45;0329060dd4051d5a0005a626;3,41;6,13;212,05;29,90;0,05;166;3,80
2A0C969;20/08/2024 12:01:45;0508060ed30e1d5a0205d327;5,08;6,14;211,14;29,90;2,05;211;3,90
2A0C969;20/08/2024 5:58:37;0128062c07291d500004b126;1,40;6,44;7,41;29,80;0,04;177;3,80
2A0C969;20/08/2024 5:58:08;0227062cd3231d500004b126;2,39;6,44;211,35;29,80;0,04;177;3,80
2A0C969;20/08/2024 5:57:38;031f062cc05c1d500004b726;3,31;6,44;192,92;29,80;0,04;183;3,80
2A0C969;20/08/2024 5:56:41;0507062ba35a1d500048e827;5,07;6,43;163,90;29,80;0,72;232;3,90
2A0C969;19/08/2024 23:53:29;00320601af5f1d5a0005e626;0,50;6,01;175,95;29,90;0,05;230;3,80
2A0C969;19/08/2024 23:52:59;00570601e9211d5a0005e026;0,87;6,01;233,33;29,90;0,05;224;3,80
2A0C969;19/08/2024 23:52:31;01560601bf401d5a0005e126;1,86;6,01;191,64;29,90;0,05;225;3,80
2A0C969;19/08/2024 23:52:01;02530600d30f1d5a0005e726;2,83;6,00;211,15;29,90;0,05;231;3,80
2A0C969;19/08/2024 23:51:01;05080601a35d1d5a02051527;5,08;6,01;163,93;29,90;2,05;21;3,90
2A0C969;19/08/2024 17:47:55;0030075ca3231d5000041126;0,48;7,92;163,35;29,80;0,04;17;3,80
2A0C969;19/08/2024 17:47:25;0059075cec101d5000050e26;0,89;7,92;236,16;29,80;0,05;14;3,80
2A0C969;19/08/2024 17:46:56;024c075ec15b1d5000061726;2,76;7,94;193,91;29,80;0,06;23;3,80
2A0C969;19/08/2024 17:46:26;0341075dc21f1d5000062626;3,65;7,93;194,31;29,80;0,06;38;3,80
2A0C969;19/08/2024 17:45:26;0505075eb2471d5000174027;5,05;7,94;178,71;29,80;0,23;64;3,90
2A0C969;19/08/2024 11:42:22;0116063d0000000000056e24;1,22;6,61;0,00;0,00;0,05;110;3,60
2A0C969;19/08/2024 11:41:53;0236063d0000000000065824;2,54;6,61;0,00;0,00;0,06;88;3,60
2A0C969;19/08/2024 11:41:23;034b063d0000000000054c24;3,75;6,61;0,00;0,00;0,05;76;3,60
2A0C969;19/08/2024 11:40:23;05060643000000000205ba24;5,06;6,67;0,00;0,00;2,05;186;3,60
2A0C969;19/08/2024 5:37:24;0035012ca40b1d460004e126;0,53;1,44;164,11;29,70;0,04;225;3,80
2A0C969;19/08/2024 5:36:54;004a0125c0591d460005e026;0,74;1,37;192,89;29,70;0,05;224;3,80
2A0C969;19/08/2024 5:36:25;0244011bc3321d460005ec26;2,68;1,27;195,50;29,70;0,05;236;3,80
2A0C969;19/08/2024 5:35:55;033c01198f381d460005fd26;3,60;1,25;143,56;29,70;0,05;253;3,80
2A0C969;19/08/2024 5:34:55;0507011ba7381d46000e1a27;5,07;1,27;167,56;29,70;0,14;26;3,90
2A0C969;18/08/2024 23:31:41;002d045b0000000000051224;0,45;4,91;0,00;0,00;0,05;18;3,60
2A0C969;18/08/2024 23:31:11;012a0459000000000005fe24;1,42;4,89;0,00;0,00;0,05;254;3,60
2A0C969;18/08/2024 23:30:41;02460453000000000005f324;2,70;4,83;0,00;0,00;0,05;243;3,60
2A0C969;18/08/2024 23:29:42;0505045200000000013b7525;5,05;4,82;0,00;0,00;1,59;117;3,70
2A0C969;18/08/2024 17:26:30;013b0864995b1d4600053326;1,59;9,00;153,91;29,70;0,05;51;3,80
2A0C969;18/08/2024 17:26:01;02390902b4101d4600063c26;2,57;9,02;180,16;29,70;0,06;60;3,80
2A0C969;18/08/2024 17:25:34;03310904b4541d4600064e26;3,49;9,04;180,84;29,70;0,06;78;3,80
2A0C969;18/08/2024 17:24:30;050108649c301d4602057026;5,01;9,00;156,48;29,70;2,05;112;3,80
2A0C969;18/08/2024 11:21:39;002d0525d72c1d2800031326;0,45;5,37;215,44;29,40;0,03;19;3,80
2A0C969;18/08/2024 11:21:09;01080526d6571d2800041026;1,08;5,38;214,87;29,40;0,04;16;3,80
2A0C969;18/08/2024 11:20:40;020405289a5e1d2800041426;2,04;5,40;154,94;29,40;0,04;20;3,80
2A0C969;18/08/2024 11:20:10;0263052ab5301d2800041e26;2,99;5,42;181,48;29,40;0,04;30;3,80
2A0C969;18/08/2024 11:19:11;0504052b940a1d2800125227;5,04;5,43;148,10;29,40;0,18;82;3,90
2A0C969;18/08/2024 5:16:17;003904569a0f1d1400050526;0,57;4,86;154,15;29,20;0,05;5;3,80
2A0C969;18/08/2024 5:15:46;014004579b0e1d1400040126;1,64;4,87;155,14;29,20;0,04;1;3,80
2A0C969;18/08/2024 5:15:18;023e04579c0e1d1400040726;2,62;4,87;156,14;29,20;0,04;7;3,80
2A0C969;18/08/2024 5:14:48;0337045889351d1400031226;3,55;4,88;137,53;29,20;0,03;18;3,80
2A0C969;18/08/2024 5:13:47;050604597c1f1d14001b4127;5,06;4,89;124,31;29,20;0,27;65;3,90
2A0C969;17/08/2024 23:10:47;00340557c5321d2800052226;0,52;5,87;197,50;29,40;0,05;34;3,80
2A0C969;17/08/2024 23:10:17;013005579b491d2800052826;1,48;5,87;155,73;29,40;0,05;40;3,80
2A0C969;17/08/2024 23:09:47;022e0557a83c1d2800053226;2,46;5,87;168,60;29,40;0,05;50;3,80
2A0C969;17/08/2024 23:09:18;032605569d3a1d2800054326;3,38;5,86;157,58;29,40;0,05;67;3,80
2A0C969;17/08/2024 23:08:18;0508055a832f1d2802056227;5,08;5,90;131,47;29,40;2,05;98;3,90
2A0C969;17/08/2024 17:05:21;003b0757c8481d1e00040426;0,59;7,87;200,72;29,30;0,04;4;3,80
2A0C969;17/08/2024 17:04:55;005807579c4e1d1e00040226;0,88;7,87;156,78;29,30;0,04;2;3,80
2A0C969;17/08/2024 17:04:25;023f07588a5a1d1e00051226;2,63;7,88;138,90;29,30;0,05;18;3,80
2A0C969;17/08/2024 17:03:53;0334075894501d1e00052526;3,52;7,88;148,80;29,30;0,05;37;3,80
2A0C969;17/08/2024 17:02:54;0508075997111d1e00073e27;5,08;7,89;151,17;29,30;0,07;62;3,90
2A0C969;17/08/2024 10:59:49;003a06157b1d1d0a0004f126;0,58;6,21;123,29;29,10;0,04;241;3,80
2A0C969;17/08/2024 10:59:19;01020614941a1d0a0004f126;1,02;6,20;148,26;29,10;0,04;241;3,80
2A0C969;17/08/2024 10:58:50;01610613952b1d0a0005f526;1,97;6,19;149,43;29,10;0,05;245;3,80
2A0C969;17/08/2024 10:58:20;035606168c5d1d0a00050f26;3,86;6,22;140,93;29,10;0,05;15;3,80
2A0C969;17/08/2024 10:57:20;050f06147f4a1d0a01002b27;5,15;6,20;127,74;29,10;1,00;43;3,90
2A0C969;17/08/2024 4:54:57;0039034883221d1e00051c26;0,57;3,72;131,34;29,30;0,05;28;3,80
2A0C969;17/08/2024 4:54:27;013903478b2b1d1e00061d26;1,57;3,71;139,43;29,30;0,06;29;3,80
2A0C969;17/08/2024 4:53:58;023603456b011d1e00062226;2,54;3,69;107,01;29,30;0,06;34;3,80
2A0C969;17/08/2024 4:53:28;03320344704f1d1e00072b26;3,50;3,68;112,79;29,30;0,07;43;3,80
2A0C969;17/08/2024 4:52:29;05110349865f1d1400145227;5,17;3,73;134,95;29,20;0,20;82;3,90
2A0C969;16/08/2024 22:49:20;003905148b161d1400061e26;0,57;5,20;139,22;29,20;0,06;30;3,80
2A0C969;16/08/2024 22:48:50;01030510831d1d1400061e26;1,03;5,16;131,29;29,20;0,06;30;3,80
2A0C969;16/08/2024 22:48:20;015d050f700c1d1400072226;1,93;5,15;112,12;29,20;0,07;34;3,80
2A0C969;16/08/2024 22:47:51;0357050e96451d1400063d26;3,87;5,14;150,69;29,20;0,06;61;3,80
2A0C969;16/08/2024 22:46:52;0511051279141d14003a5427;5,17;5,18;121,20;29,20;0,58;84;3,90
2A0C969;16/08/2024 16:43:47;003d082a84071d1e00042a26;0,61;8,42;132,07;29,30;0,04;42;3,80
2A0C969;16/08/2024 16:43:18;0059082b84021d1400052b26;0,89;8,43;132,02;29,20;0,05;43;3,80
2A0C969;16/08/2024 16:42:49;0251082a763d1d1400053b26;2,81;8,42;118,61;29,20;0,05;59;3,80
2A0C969;16/08/2024 16:42:19;034b08296b3d1d1400054c26;3,75;8,41;107,61;29,20;0,05;76;3,80
2A0C969;16/08/2024 16:41:20;051008297f3a1d1400475827;5,16;8,41;127,58;29,20;0,71;88;3,90
2A0C969;16/08/2024 10:38:16;014a05506c1a1c5000043726;1,74;5,80;108,26;28,80;0,04;55;3,80
2A0C969;16/08/2024 10:37:47;0248054f6c441c5000044426;2,72;5,79;108,68;28,80;0,04;68;3,80
2A0C969;16/08/2024 10:37:16;034305507e4d1c5000045526;3,67;5,80;126,77;28,80;0,04;85;3,80
2A0C969;16/08/2024 10:36:17;0512055169261c50001f5f27;5,18;5,81;105,38;28,80;0,31;95;3,90
2A0C969;16/08/2024 4:33:35;014800246b291d280006b326;1,72;0,36;107,41;29,40;0,06;179;3,80
2A0C969;16/08/2024 4:33:08;0247001a6b5b1d280006bf26;2,71;0,26;107,91;29,40;0,06;191;3,80
2A0C969;16/08/2024 4:32:36;034100186b601d280007d226;3,65;0,24;107,96;29,40;0,07;210;3,80
2A0C969;16/08/2024 4:31:36;0512001868311d280205da27;5,18;0,24;104,49;29,40;2,05;218;3,90
2A0C969;15/08/2024 22:28:43;010a062c6a611d280007cb24;1,10;6,44;106,97;29,40;0,07;203;3,60
2A0C969;15/08/2024 22:28:13;0207062c6a581d1e0006c524;2,07;6,44;106,88;29,30;0,06;197;3,60
2A0C969;15/08/2024 22:27:44;0402062c6b2d1d1e0007c424;4,02;6,44;107,45;29,30;0,07;196;3,60
2A0C969;15/08/2024 22:26:45;05130634be071d2802055a25;5,19;6,52;190,07;29,40;2,05;90;3,70
2A0C969;15/08/2024 16:23:33;0142072577041d1e00058226;1,66;7,37;119,04;29,30;0,05;130;3,80
2A0C969;15/08/2024 16:23:03;02400725851f1d1e00058e26;2,64;7,37;133,31;29,30;0,05;142;3,80
2A0C969;15/08/2024 16:22:36;033b0725773a1d1e0006a126;3,59;7,37;119,58;29,30;0,06;161;3,80
2A0C969;15/08/2024 16:21:34;05120723730a1d1e0018ac27;5,18;7,35;115,10;29,30;0,24;172;3,90
2A0C969;15/08/2024 10:18:47;003404450000000000058b24;0,52;4,69;0,00;0,00;0,05;139;3,60
2A0C969;15/08/2024 10:18:17;015104450000000000058424;1,81;4,69;0,00;0,00;0,05;132;3,60
2A0C969;15/08/2024 10:17:17;030f04460000000000048824;3,15;4,70;0,00;0,00;0,04;136;3,60
2A0C969;15/08/2024 10:16:09;051104470000000000133625;5,17;4,71;0,00;0,00;0,19;54;3,70
2A0C969;15/08/2024 4:12:57;0052044371461d4600057726;0,82;4,67;113,70;29,70;0,05;119;3,80
2A0C969;15/08/2024 4:12:29;0161044271521d4600047e26;1,97;4,66;113,82;29,70;0,04;126;3,80
2A0C969;15/08/2024 4:11:59;035d0444855d1d4600049c26;3,93;4,68;133,93;29,70;0,04;156;3,80
2A0C969;15/08/2024 4:10:59;0512043f79161d460047bb27;5,18;4,63;121,22;29,70;0,71;187;3,90
2A0C969;14/08/2024 22:08:29;01390430771f1d5a0007f626;1,57;4,48;119,31;29,90;0,07;246;3,80
2A0C969;14/08/2024 22:07:56;023304337d4b1d5a00060426;2,51;4,51;125,75;29,90;0,06;4;3,80
2A0C969;14/08/2024 22:07:26;032f043477361d5a00061826;3,47;4,52;119,54;29,90;0,06;24;3,80
2A0C969;14/08/2024 22:06:27;0510043d6d611d5a01202f27;5,16;4,61;109,97;29,90;1,32;47;3,90
2A0C969;14/08/2024 16:03:40;003405420000000000074124;0,52;5,66;0,00;0,00;0,07;65;3,60
2A0C969;14/08/2024 16:03:10;010f05400000000000063f24;1,15;5,64;0,00;0,00;0,06;63;3,60
2A0C969;14/08/2024 16:02:44;023405400000000000063d24;2,52;5,64;0,00;0,00;0,06;61;3,60
2A0C969;14/08/2024 16:02:11;034e05420000000000063f24;3,78;5,66;0,00;0,00;0,06;63;3,60
2A0C969;14/08/2024 16:01:11;0509054200000000000afc25;5,09;5,66;0,00;0,00;0,10;252;3,70
2A0C969;14/08/2024 9:57:59;00460520730d1e0a0005f326;0,70;5,32;115,13;30,10;0,05;243;3,80
2A0C969;14/08/2024 9:57:30;0247051e6c3f1e0a00050526;2,71;5,30;108,63;30,10;0,05;5;3,80
2A0C969;14/08/2024 9:57:00;034305216c5a1e0a00051826;3,67;5,33;108,90;30,10;0,05;24;3,80
2A0C969;14/08/2024 9:56:01;050905256e3c1e0a00283827;5,09;5,37;110,60;30,10;0,40;56;3,90
2A0C969;14/08/2024 3:53:08;002d0353784a1e1400053b26;0,45;3,83;120,74;30,20;0,05;59;3,80
2A0C969;14/08/2024 3:52:38;0109034d79151e1400053b26;1,09;3,77;121,21;30,20;0,05;59;3,80
2A0C969;14/08/2024 3:52:09;0162034a6d381e1400054126;1,98;3,74;109,56;30,20;0,05;65;3,80
2A0C969;14/08/2024 3:51:39;035903487f151e1400056226;3,89;3,72;127,21;30,20;0,05;98;3,80
2A0C969;14/08/2024 3:50:39;0507034089011e1400317e27;5,07;3,64;137,01;30,20;0,49;126;3,90
2A0C969;13/08/2024 21:47:57;002b055c6e391e2800058026;0,43;5,92;110,57;30,40;0,05;128;3,80
2A0C969;13/08/2024 21:47:28;0109055d693a1e2800067c26;1,09;5,93;105,58;30,40;0,06;124;3,80
2A0C969;13/08/2024 21:46:59;023f055f610a1e2800058f26;2,63;5,95;97,10;30,40;0,05;143;3,80
2A0C969;13/08/2024 21:46:29;0332055e65281e280005a426;3,50;5,94;101,40;30,40;0,05;164;3,80
2A0C969;13/08/2024 21:45:29;0507055e66081e28000dbd27;5,07;5,94;102,08;30,40;0,13;189;3,90
2A0C969;13/08/2024 15:42:00;002c07127b181e0a00044526;0,44;7,18;123,24;30,10;0,04;69;3,80
2A0C969;13/08/2024 15:41:30;010b0713820d1e0000044726;1,11;7,19;130,13;30,00;0,04;71;3,80
2A0C969;13/08/2024 15:41:01;020b07147b381e0000044f26;2,11;7,20;123,56;30,00;0,04;79;3,80
2A0C969;13/08/2024 15:40:34;030d0713820a1e0000046226;3,13;7,19;130,10;30,00;0,04;98;3,80
2A0C969;13/08/2024 15:39:30;050607177c1b1e0002058027;5,06;7,23;124,27;30,00;2,05;128;3,90
2A0C969;13/08/2024 9:36:11;003005580000000000045324;0,48;5,88;0,00;0,00;0,04;83;3,60
2A0C969;13/08/2024 9:35:41;012805590000000000054d24;1,40;5,89;0,00;0,00;0,05;77;3,60
2A0C969;13/08/2024 9:35:12;024a05570000000000054a24;2,74;5,87;0,00;0,00;0,05;74;3,60
2A0C969;13/08/2024 9:34:12;050905580000000002050625;5,09;5,88;0,00;0,00;2,05;6;3,70
2A0C969;13/08/2024 3:31:09;012102135f191e0000051926;1,33;2,19;95,25;30,00;0,05;25;3,80
2A0C969;13/08/2024 3:31:39;002b02196b5c1e0000051a26;0,43;2,25;107,92;30,00;0,05;26;3,80
2A0C969;13/08/2024 3:31:09;012102135f191e0000051926;1,33;2,19;95,25;30,00;0,05;25;3,80
2A0C969;13/08/2024 3:30:39;0229020d625d1e0000042426;2,41;2,13;98,93;30,00;0,04;36;3,80
2A0C969;13/08/2024 3:29:10;050a02096d061e0000125f27;5,10;2,09;109,06;30,00;0,18;95;3,90
2A0C969;13/08/2024 3:30:10;0324020867301e0000043a26;3,36;2,08;103,48;30,00;0,04;58;3,80
2A0C969;13/08/2024 3:29:10;050a02096d061e0000125f27;5,10;2,09;109,06;30,00;0,18;95;3,90
2A0C969;12/08/2024 21:26:13;0059053f76451e1400054b26;0,89;5,63;118,69;30,20;0,05;75;3,80
2A0C969;12/08/2024 21:25:43;015b053c67121e1400055026;1,91;5,60;103,18;30,20;0,05;80;3,80
2A0C969;12/08/2024 21:25:13;035f053b70511e1400047126;3,95;5,59;112,81;30,20;0,04;113;3,80
2A0C969;12/08/2024 21:24:14;050e053d7d471e1401249a27;5,14;5,61;125,71;30,20;1,36;154;3,90
4D37FE;27/07/2024 22:16:42;031a03313c3f1e1e00060927;3,26;3,49;60,63;30,30;0,06;9;3,90
4D37FE;27/07/2024 22:16:15;035203313e131e1e00050927;3,82;3,49;62,19;30,30;0,05;9;3,90
4D37FE;27/07/2024 22:15:12;041a03303c371e1e00050927;4,26;3,48;60,55;30,30;0,05;9;3,90
4D37FE;27/07/2024 16:10:24;031907203c461e1400060927;3,25;7,32;60,70;30,20;0,06;9;3,90
4D37FE;27/07/2024 16:09:54;034b07213c4b1e1400060927;3,75;7,33;60,75;30,20;0,06;9;3,90
4D37FE;27/07/2024 16:08:59;041307203c391e1400060927;4,19;7,32;60,57;30,20;0,06;9;3,90
4D37FE;27/07/2024 10:04:26;035306413e211e0a00050927;3,83;6,65;62,33;30,10;0,05;9;3,90
4D37FE;27/07/2024 10:03:26;0421063f3e2d1e0a00040b27;4,33;6,63;62,45;30,10;0,04;11;3,90
4D37FE;26/07/2024 21:54:52;040106483f3d1e2800080927;4,01;6,72;63,61;30,40;0,08;9;3,90
4D37FE;26/07/2024 21:53:53;043606463c2c1e2800060927;4,54;6,70;60,44;30,40;0,06;9;3,90
4D37FE;26/07/2024 15:49:02;033a080a3c2f1e3200050a27;3,58;8,10;60,47;30,50;0,05;10;3,90
4D37FE;26/07/2024 15:48:05;040e08093c241e2800040b27;4,14;8,09;60,36;30,40;0,04;11;3,90
4D37FE;26/07/2024 9:43:29;030e062132421e1e00070927;3,14;6,33;50,66;30,30;0,07;9;3,90
4D37FE;26/07/2024 9:42:59;034c06233c491e1e00090927;3,76;6,35;60,73;30,30;0,09;9;3,90
4D37FE;26/07/2024 9:41:35;045a061f3b221e1e002c1a28;4,90;6,31;59,34;30,30;0,44;26;4,00
4D37FE;26/07/2024 3:38:18;031405293f491e2800050927;3,20;5,41;63,73;30,40;0,05;9;3,90
4D37FE;26/07/2024 3:37:52;035205293e011e2800050927;3,82;5,41;62,01;30,40;0,05;9;3,90
4D37FE;26/07/2024 3:36:49;042105283d601e2800050b27;4,33;5,40;61,96;30,40;0,05;11;3,90
4D37FE;25/07/2024 21:32:12;0215072b3c3e1e2800090927;2,21;7,43;60,62;30,40;0,09;9;3,90
4D37FE;25/07/2024 21:31:42;0256072a3c291e28000c0927;2,86;7,42;60,41;30,40;0,12;9;3,90
4D37FE;25/07/2024 21:31:13;032f0727411b1e28000b0a27;3,47;7,39;65,27;30,40;0,11;10;3,90
4D37FE;25/07/2024 21:30:43;040407283f4c1e28000e0a27;4,04;7,40;63,76;30,40;0,14;10;3,90
4D37FE;25/07/2024 21:29:46;0456072b3c3c1e1e0205e828;4,86;7,43;60,60;30,30;2,05;232;4,00
4D37FE;25/07/2024 15:26:03;0142085f3c611e0000060927;1,66;8,95;60,97;30,00;0,06;9;3,90
4D37FE;25/07/2024 15:25:36;0222085e3b3a1e0000060927;2,34;8,94;59,58;30,00;0,06;9;3,90
4D37FE;25/07/2024 15:25:07;026308603c541e0000050927;2,99;8,96;60,84;30,00;0,05;9;3,90
4D37FE;25/07/2024 15:24:35;033b08603c5f1e0000050927;3,59;8,96;60,95;30,00;0,05;9;3,90
4D37FE;25/07/2024 15:23:35;045708633d031e0000063f28;4,87;8,99;61,03;30,00;0,06;63;4,00
4D37FE;25/07/2024 9:20:10;021f05363d231d4600060927;2,31;5,54;61,35;29,70;0,06;9;3,90
4D37FE;25/07/2024 9:19:41;033805333d281d4600070927;3,56;5,51;61,40;29,70;0,07;9;3,90
4D37FE;25/07/2024 9:19:11;040d05333d281d4600070a27;4,13;5,51;61,40;29,70;0,07;10;3,90
4D37FE;25/07/2024 9:18:14;045905343d201d46001d9628;4,89;5,52;61,32;29,70;0,29;150;4,00
4D37FE;25/07/2024 3:14:58;0139071836081e0a00060927;1,57;7,24;54,08;30,10;0,06;9;3,90
4D37FE;25/07/2024 3:14:29;0219071933471e0a00070927;2,25;7,25;51,71;30,10;0,07;9;3,90
4D37FE;25/07/2024 3:13:59;025a0714335e1e0a00060927;2,90;7,20;51,94;30,10;0,06;9;3,90
4D37FE;25/07/2024 3:13:29;0331071636041e1400060927;3,49;7,22;54,04;30,20;0,06;9;3,90
4D37FE;25/07/2024 3:12:30;0455071e3b1a1e14001e3228;4,85;7,30;59,26;30,20;0,30;50;4,00
4D37FE;24/07/2024 21:08:54;0208080c3b1a1e2800070928;2,08;8,12;59,26;30,40;0,07;9;4,00
4D37FE;24/07/2024 21:08:24;0248080b3f4e1e1e00080928;2,72;8,11;63,78;30,30;0,08;9;4,00
4D37FE;24/07/2024 21:07:55;0325080b3c3b1e2800080928;3,37;8,11;60,59;30,40;0,08;9;4,00
4D37FE;24/07/2024 21:07:25;03620809412a1e28000a0928;3,98;8,09;65,42;30,40;0,10;9;4,00
4D37FE;24/07/2024 21:06:25;045608123e011e280205ee28;4,86;8,18;62,01;30,40;2,05;238;4,00
4D37FE;24/07/2024 15:03:11;011408383e181e2800050928;1,20;8,56;62,24;30,40;0,05;9;4,00
4D37FE;24/07/2024 15:02:41;015a08393e0e1e2800050928;1,90;8,57;62,14;30,40;0,05;9;4,00
4D37FE;24/07/2024 15:02:12;023a083b3e0b1e3200050928;2,58;8,59;62,11;30,50;0,05;9;4,00
4D37FE;24/07/2024 15:01:42;035508373e0b1e3200070928;3,85;8,55;62,11;30,50;0,07;9;4,00
4D37FE;24/07/2024 15:00:42;045608353d631e320205bd28;4,86;8,53;61,99;30,50;2,05;189;4,00
2A0C969;24/07/2024 8:53:29;0000042e0000000000020000;0,00;4,46;0,00;0,00;0,02;0;0,00
2A0C969;24/07/2024 6:00:12;0257040528551e1e00035e24;2,87;4,05;40,85;30,30;0,03;94;3,60
2A0C969;24/07/2024 5:59:43;03350407280c1e1e00036424;3,53;4,07;40,12;30,30;0,03;100;3,60
2A0C969;24/07/2024 5:59:13;042a040527231e1e0004a524;4,42;4,05;39,35;30,30;0,04;165;3,60
2A0C969;24/07/2024 5:58:19;0462040327011e1e0004a425;4,98;4,03;39,01;30,30;0,04;164;3,70
2A0C969;23/07/2024 23:54:50;0234042528541e2800047b24;2,52;4,37;40,84;30,40;0,04;123;3,60
2A0C969;23/07/2024 23:54:20;0314042727321e2800048424;3,20;4,39;39,50;30,40;0,04;132;3,60
2A0C969;23/07/2024 23:53:51;0423043827191e280004bf24;4,35;4,56;39,25;30,40;0,04;191;3,60
2A0C969;23/07/2024 23:52:54;0462045226411e280004d925;4,98;4,82;38,65;30,40;0,04;217;3,70
2A0C969;23/07/2024 17:49:41;0226063228031e280004fb24;2,38;6,50;40,03;30,40;0,04;251;3,60
2A0C969;23/07/2024 17:49:12;03080630283e1e2800040e24;3,08;6,48;40,62;30,40;0,04;14;3,60
2A0C969;23/07/2024 17:48:41;0413062e2a0c1e2800043924;4,19;6,46;42,12;30,40;0,04;57;3,60
2A0C969;23/07/2024 17:47:45;045f06262b571e280004d525;4,95;6,38;43,87;30,40;0,04;213;3,70
2A0C969;23/07/2024 11:44:44;013405541c0f1e140003ea24;1,52;5,84;28,15;30,20;0,03;234;3,60
2A0C969;23/07/2024 11:44:15;022005551c451e1400032724;2,32;5,85;28,69;30,20;0,03;39;3,60
2A0C969;23/07/2024 11:43:46;030805561c641e1400037324;3,08;5,86;29,00;30,20;0,03;115;3,60
2A0C969;23/07/2024 11:43:16;034d05551c631e140003c824;3,77;5,85;28,99;30,20;0,03;200;3,60
2A0C969;23/07/2024 11:42:16;050105561e221e1400045824;5,01;5,86;30,34;30,20;0,04;88;3,60
2A0C969;23/07/2024 5:39:09;012d042f233a1e1400031224;1,45;4,47;35,58;30,20;0,03;18;3,60
2A0C969;23/07/2024 5:38:40;0311043323481e1400031224;3,17;4,51;35,72;30,20;0,03;18;3,60
2A0C969;23/07/2024 5:38:10;035c0434234f1e1400031224;3,92;4,52;35,79;30,20;0,03;18;3,60
2A0C969;23/07/2024 5:37:10;0462043f243a1e14000c9624;4,98;4,63;36,58;30,20;0,12;150;3,60
2A0C969;22/07/2024 23:34:01;003f031a23121e0a00031124;0,63;3,26;35,18;30,10;0,03;17;3,60
2A0C969;22/07/2024 23:33:31;012d031b23101e0a00031224;1,45;3,27;35,16;30,10;0,03;18;3,60
2A0C969;22/07/2024 23:33:01;021c031a22131e0a00031124;2,28;3,26;34,19;30,10;0,03;17;3,60
2A0C969;22/07/2024 23:32:31;034c031c23591e0a00031424;3,76;3,28;35,89;30,10;0,03;20;3,60
2A0C969;22/07/2024 23:31:36;0464032225131e0a00047924;5,00;3,34;37,19;30,10;0,04;121;3,60
2A0C969;22/07/2024 17:28:17;020d0707210c1e0000041224;2,13;7,07;33,12;30,00;0,04;18;3,60
2A0C969;22/07/2024 17:27:54;0260070922471e0000041224;2,96;7,09;34,71;30,00;0,04;18;3,60
2A0C969;22/07/2024 17:27:18;0342070723191e0000041424;3,66;7,07;35,25;30,00;0,04;20;3,60
2A0C969;22/07/2024 17:26:18;0500070926471e000004ae24;5,00;7,09;38,71;30,00;0,04;174;3,60
2A0C969;22/07/2024 11:23:20;0046054729101e0000031124;0,70;5,71;41,16;30,00;0,03;17;3,60
2A0C969;22/07/2024 11:22:51;013b0546282f1e0000031124;1,59;5,70;40,47;30,00;0,03;17;3,60
2A0C969;22/07/2024 11:22:21;022c054827491e0000031224;2,44;5,72;39,73;30,00;0,03;18;3,60
2A0C969;22/07/2024 11:21:52;035b054928021e0000041924;3,91;5,73;40,02;30,00;0,04;25;3,60
2A0C969;22/07/2024 11:20:52;0503054b293d1e000004ac24;5,03;5,75;41,61;30,00;0,04;172;3,60
2A0C969;22/07/2024 5:18:05;002c053325491e0a00031124;0,44;5,51;37,73;30,10;0,03;17;3,60
2A0C969;22/07/2024 5:17:35;0122053224311e0a00041124;1,34;5,50;36,49;30,10;0,04;17;3,60
2A0C969;22/07/2024 5:17:06;0215053224051e0a00041224;2,21;5,50;36,05;30,10;0,04;18;3,60
2A0C969;22/07/2024 5:16:36;0348053324431e0a00041424;3,72;5,51;36,67;30,10;0,04;20;3,60
2A0C969;22/07/2024 5:15:41;05000535272f1e0a0005a924;5,00;5,53;39,47;30,10;0,05;169;3,60
2A0C969;21/07/2024 23:12:36;02060435272e1e1400041224;2,06;4,53;39,46;30,20;0,04;18;3,60
2A0C969;21/07/2024 23:12:06;025a043827401e1400051324;2,90;4,56;39,64;30,20;0,05;19;3,60
2A0C969;21/07/2024 23:11:40;03420439282b1e1400051524;3,66;4,57;40,43;30,20;0,05;21;3,60
2A0C969;21/07/2024 23:10:37;046204522a4f1e1400077824;4,98;4,82;42,79;30,20;0,07;120;3,60
2A0C969;21/07/2024 17:07:44;002d074223181e0a00041124;0,45;7,66;35,24;30,10;0,04;17;3,60
2A0C969;21/07/2024 17:07:14;011b074123621e0a00051124;1,27;7,65;35,98;30,10;0,05;17;3,60
2A0C969;21/07/2024 17:06:45;020c074123581e0a00041224;2,12;7,65;35,88;30,10;0,04;18;3,60
2A0C969;21/07/2024 17:06:15;033d074023311e0a00041c24;3,61;7,64;35,49;30,10;0,04;28;3,60
2A0C969;21/07/2024 17:05:15;045d074024071e0a00058224;4,93;7,64;36,07;30,10;0,05;130;3,60
2A0C969;21/07/2024 11:01:58;0121035628031e0000041124;1,33;3,86;40,03;30,00;0,04;17;3,60
2A0C969;21/07/2024 11:01:32;0212035728011e0000041224;2,18;3,87;40,01;30,00;0,04;18;3,60
2A0C969;21/07/2024 11:00:59;0342035729411e0000041324;3,66;3,87;41,65;30,00;0,04;19;3,60
2A0C969;21/07/2024 11:00:00;045c03592a281e000005b825;4,92;3,89;42,40;30,00;0,05;184;3,70
2A0C969;21/07/2024 4:57:01;0149051b2c0e1d5a00041124;1,73;5,27;44,14;29,90;0,04;17;3,60
2A0C969;21/07/2024 4:56:33;0239051a2d611d5a00031224;2,57;5,26;45,97;29,90;0,03;18;3,60
2A0C969;21/07/2024 4:56:03;0327051b2c201d5a00041224;3,39;5,27;44,32;29,90;0,04;18;3,60
2A0C969;21/07/2024 4:55:03;045c05252e201d5a0004cf25;4,92;5,37;46,32;29,90;0,04;207;3,70
2A0C969;20/07/2024 22:51:50;010705272e241e1400041124;1,07;5,39;46,36;30,20;0,04;17;3,60
2A0C969;20/07/2024 22:51:21;015505282f261e1400041124;1,85;5,40;47,38;30,20;0,04;17;3,60
2A0C969;20/07/2024 22:50:58;024805262f3e1e1400041224;2,72;5,38;47,62;30,20;0,04;18;3,60
2A0C969;20/07/2024 22:50:22;032d05272e461e1400041424;3,45;5,39;46,70;30,20;0,04;20;3,60
2A0C969;20/07/2024 22:49:27;0459052d2f3b1e1400048625;4,89;5,45;47,59;30,20;0,04;134;3,70
2A0C969;20/07/2024 16:45:45;022d0552230f1e2800031224;2,45;5,82;35,15;30,40;0,03;18;3,60
2A0C969;20/07/2024 16:44:50;034c0552230f1e2800031224;3,76;5,82;35,15;30,40;0,03;18;3,60
2A0C969;20/07/2024 10:40:53;0113035425141d5000021124;1,19;3,84;37,20;29,80;0,02;17;3,60
2A0C969;20/07/2024 10:40:27;020a0355251e1d5000021124;2,10;3,85;37,30;29,80;0,02;17;3,60
2A0C969;20/07/2024 10:39:54;025d035524451d5000021224;2,93;3,85;36,69;29,80;0,02;18;3,60
2A0C969;20/07/2024 10:39:25;03420356241d1d5000021424;3,66;3,86;36,29;29,80;0,02;20;3,60
2A0C969;20/07/2024 10:38:25;045e035425421d500002d725;4,94;3,84;37,66;29,80;0,02;215;3,70
2A0C969;20/07/2024 4:35:29;0151006225601e0a00031124;1,81;0,98;37,96;30,10;0,03;17;3,60
2A0C969;20/07/2024 4:34:59;0245006326441e0a00031124;2,69;0,99;38,68;30,10;0,03;17;3,60
2A0C969;20/07/2024 4:34:30;03320100264c1e0a00031224;3,50;1,00;38,76;30,10;0,03;18;3,60
2A0C969;20/07/2024 4:33:33;045f010a242b1e0a00048f25;4,95;1,10;36,43;30,10;0,04;143;3,70
2A0C969;19/07/2024 22:30:30;0159051e25321e2800031124;1,89;5,30;37,50;30,40;0,03;17;3,60
2A0C969;19/07/2024 22:30:00;024a051e26241e2800031124;2,74;5,30;38,36;30,40;0,03;17;3,60
2A0C969;19/07/2024 22:29:31;0331051f273a1e2800031224;3,49;5,31;39,58;30,40;0,03;18;3,60
2A0C969;19/07/2024 22:28:31;045f05172c601e1e00044425;4,95;5,23;44,96;30,30;0,04;68;3,70
2A0C969;19/07/2024 16:25:18;0144073d241a1e3200031124;1,68;7,61;36,26;30,50;0,03;17;3,60
2A0C969;19/07/2024 16:24:48;0233073c242a1e3200031124;2,51;7,60;36,42;30,50;0,03;17;3,60
2A0C969;19/07/2024 16:24:18;0352073b253f1e3200031224;3,82;7,59;37,63;30,50;0,03;18;3,60
2A0C969;19/07/2024 16:23:19;045f073c24381e3200063025;4,95;7,60;36,56;30,50;0,06;48;3,70
2A0C969;19/07/2024 10:20:21;0033042d1d1c1e1400031024;0,51;4,45;29,28;30,20;0,03;16;3,60
2A0C969;19/07/2024 10:19:52;0127042c1b1c1e1400031124;1,39;4,44;27,28;30,20;0,03;17;3,60
2A0C969;19/07/2024 10:19:22;021a042c1a5f1e1400031124;2,26;4,44;26,95;30,20;0,03;17;3,60
2A0C969;19/07/2024 10:18:52;034f042d1b0e1e1400031224;3,79;4,45;27,14;30,20;0,03;18;3,60
2A0C969;19/07/2024 10:17:53;0460042d1e581e140004ae25;4,96;4,45;30,88;30,20;0,04;174;3,70
2A0C969;19/07/2024 4:14:13;011f025f2d101e0000042223;1,31;2,95;45,16;30,00;0,04;34;3,50
2A0C969;19/07/2024 4:14:43;002b025f2a401e0000042323;0,43;2,95;42,64;30,00;0,04;35;3,50
2A0C969;19/07/2024 4:14:13;011f025f2d101e0000042223;1,31;2,95;45,16;30,00;0,04;34;3,50
2A0C969;19/07/2024 4:13:44;0211025e2d1a1e0000042323;2,17;2,94;45,26;30,00;0,04;35;3,50
2A0C969;19/07/2024 4:13:14;033c025d2e111e0000042523;3,60;2,93;46,17;30,00;0,04;37;3,50
2A0C969;19/07/2024 4:12:14;0461025e244d1e0000053623;4,97;2,94;36,77;30,00;0,05;54;3,50
2A0C969;18/07/2024 22:09:27;0112066228511e0a00031024;1,18;6,98;40,81;30,10;0,03;16;3,60
2A0C969;18/07/2024 22:08:56;020c0663284b1e0a00031024;2,12;6,99;40,75;30,10;0,03;16;3,60
2A0C969;18/07/2024 22:08:28;02610662293a1e0a00031124;2,97;6,98;41,58;30,10;0,03;17;3,60
2A0C969;18/07/2024 22:07:58;034b066028221e0a00031124;3,75;6,96;40,34;30,10;0,03;17;3,60
2A0C969;18/07/2024 22:06:59;0462065e2b171e0a0004b025;4,98;6,94;43,23;30,10;0,04;176;3,70
2A0C969;18/07/2024 16:03:50;010307420000000000030f24;1,03;7,66;0,00;0,00;0,03;15;3,60
2A0C969;18/07/2024 16:03:18;0216073d0000000000031024;2,22;7,61;0,00;0,00;0,03;16;3,60
2A0C969;18/07/2024 16:02:48;031c07430000000000031124;3,28;7,67;0,00;0,00;0,03;17;3,60
2A0C969;18/07/2024 16:01:48;045807430000000000039225;4,88;7,67;0,00;0,00;0,03;146;3,70
2A0C969;18/07/2024 9:58:31;022b05270000000000032423;2,43;5,39;0,00;0,00;0,03;36;3,50
2A0C969;18/07/2024 9:58:02;033605280000000000032423;3,54;5,40;0,00;0,00;0,03;36;3,50
2A0C969;18/07/2024 9:57:02;0500052900000000000e9523;5,00;5,41;0,00;0,00;0,14;149;3,50
2A0C969;18/07/2024 3:54:23;0140055c2a541d4600021024;1,64;5,92;42,84;29,70;0,02;16;3,60
2A0C969;18/07/2024 3:53:54;0234055a292f1d4600021024;2,52;5,90;41,47;29,70;0,02;16;3,60
2A0C969;18/07/2024 3:53:24;032405592a0d1d4600021124;3,36;5,89;42,13;29,70;0,02;17;3,60
2A0C969;18/07/2024 3:52:24;0464055c2e161d460003db25;5,00;5,92;46,22;29,70;0,03;219;3,70
2A0C969;17/07/2024 21:49:18;0156053226331e0000031024;1,86;5,50;38,51;30,00;0,03;16;3,60
2A0C969;17/07/2024 21:48:49;024a053227191e0000031124;2,74;5,50;39,25;30,00;0,03;17;3,60
2A0C969;17/07/2024 21:48:16;03320531282e1e0000031524;3,50;5,49;40,46;30,00;0,03;21;3,60
2A0C969;17/07/2024 21:47:16;0462052e252f1e00001f9d25;4,98;5,46;37,47;30,00;0,31;157;3,70
2A0C969;17/07/2024 15:44:43;0109064e2c081e0000031024;1,09;6,78;44,08;30,00;0,03;16;3,60
2A0C969;17/07/2024 15:44:14;0163064c2c4b1e0000031124;1,99;6,76;44,75;30,00;0,03;17;3,60
2A0C969;17/07/2024 15:43:47;033a064b2c201e0000031924;3,58;6,75;44,32;30,00;0,03;25;3,60
2A0C969;17/07/2024 15:42:44;0462064d2e0a1e0000048525;4,98;6,77;46,10;30,00;0,04;133;3,70
2A0C969;17/07/2024 9:39:48;015805052f1a1d3200031024;1,88;5,05;47,26;29,50;0,03;16;3,60
2A0C969;17/07/2024 9:39:19;024d05032f1a1d3200031024;2,77;5,03;47,26;29,50;0,03;16;3,60
2A0C969;17/07/2024 9:38:50;033a05042f211d3200031024;3,58;5,04;47,33;29,50;0,03;16;3,60
2A0C969;17/07/2024 9:37:49;046104622e2d1d3c0004f125;4,97;4,98;46,45;29,60;0,04;241;3,70
2A0C969;17/07/2024 3:34:44;0024053f2d021d5a00031024;0,36;5,63;45,02;29,90;0,03;16;3,60
2A0C969;17/07/2024 3:34:14;0109053e2d171d5a00041124;1,09;5,62;45,23;29,90;0,04;17;3,60
2A0C969;17/07/2024 3:33:45;020205402d1a1d5a00031424;2,02;5,64;45,26;29,90;0,03;20;3,60
2A0C969;17/07/2024 3:33:15;034005422f111d5a00033324;3,64;5,66;47,17;29,90;0,03;51;3,60
2A0C969;17/07/2024 3:32:15;046005402d0d1d5a0005a725;4,96;5,64;45,13;29,90;0,05;167;3,70
2A0C969;16/07/2024 21:29:07;002306162f371e0000040f24;0,35;6,22;47,55;30,00;0,04;15;3,60
2A0C969;16/07/2024 21:28:38;011106172c561e0000040f24;1,17;6,23;44,86;30,00;0,04;15;3,60
2A0C969;16/07/2024 21:28:08;020b06182f4a1e0000041024;2,11;6,24;47,74;30,00;0,04;16;3,60
2A0C969;16/07/2024 21:27:39;034606192f561e0000041324;3,70;6,25;47,86;30,00;0,04;19;3,60
2A0C969;16/07/2024 21:26:39;045e061e2d5e1e0000057325;4,94;6,30;45,94;30,00;0,05;115;3,70
2A0C969;16/07/2024 15:23:21;014606422f5c1d5000040f24;1,70;6,66;47,92;29,80;0,04;15;3,60
2A0C969;16/07/2024 15:21:55;032b06432e591d5000041024;3,43;6,67;46,89;29,80;0,04;16;3,60
2A0C969;16/07/2024 15:22:55;023906442e501d5000040f24;2,57;6,68;46,80;29,80;0,04;15;3,60
2A0C969;16/07/2024 15:21:55;032b06432e591d5000041024;3,43;6,67;46,89;29,80;0,04;16;3,60
2A0C969;16/07/2024 15:20:44;045f06452f611d500005c225;4,95;6,69;47,97;29,80;0,05;194;3,70
2A0C969;16/07/2024 9:17:59;015e03520000000000030e24;1,94;3,82;0,00;0,00;0,03;14;3,60
2A0C969;16/07/2024 9:17:30;030d03520000000000031124;3,13;3,82;0,00;0,00;0,03;17;3,60
2A0C969;16/07/2024 9:17:00;041103510000000000031424;4,17;3,81;0,00;0,00;0,03;20;3,60
2A0C969;16/07/2024 9:16:00;045f034d0000000000046c25;4,95;3,77;0,00;0,00;0,04;108;3,70
2A0C969;16/07/2024 3:12:57;015905022a0a1d4600031024;1,89;5,02;42,10;29,70;0,03;16;3,60
2A0C969;16/07/2024 3:12:28;024c0500292c1d4600030f24;2,76;5,00;41,44;29,70;0,03;15;3,60
2A0C969;16/07/2024 3:11:58;033b0501293c1d4600031024;3,59;5,01;41,60;29,70;0,03;16;3,60
2A0C969;16/07/2024 3:11:01;045c04622d3d1d460006dd25;4,92;4,98;45,61;29,70;0,06;221;3,70
2A0C969;15/07/2024 21:08:10;0109062f2c0c1e0000020f24;1,09;6,47;44,12;30,00;0,02;15;3,60
2A0C969;15/07/2024 21:07:41;0131062f2b201e0000020f24;1,49;6,47;43,32;30,00;0,02;15;3,60
2A0C969;15/07/2024 21:07:08;021c063029531e0000020f24;2,28;6,48;41,83;30,00;0,02;15;3,60
2A0C969;15/07/2024 21:06:08;035206302a541e0000031124;3,82;6,48;42,84;30,00;0,03;17;3,60
2A0C969;15/07/2024 14:59:41;045c070d0000000000043823;4,92;7,13;0,00;0,00;0,04;56;3,50
2A0C969;15/07/2024 8:56:36;0104034d2b371d1400030f24;1,04;3,77;43,55;29,20;0,03;15;3,60
2A0C969;15/07/2024 8:56:07;0163034c2d301d1400031024;1,99;3,76;45,48;29,20;0,03;16;3,60
2A0C969;15/07/2024 8:55:40;0342034c2d401d1400031524;3,66;3,76;45,64;29,20;0,03;21;3,60
2A0C969;15/07/2024 8:54:42;045f034d2f211d1400032d25;4,95;3,77;47,33;29,20;0,03;45;3,70
2A0C969;15/07/2024 2:51:43;0104053b2e011d5000030f24;1,04;5,59;46,01;29,80;0,03;15;3,60
2A0C969;15/07/2024 2:51:14;0161053c2c271d5000030f24;1,97;5,60;44,39;29,80;0,03;15;3,60
2A0C969;15/07/2024 2:50:45;0257053b2b4f1d5000031124;2,87;5,59;43,79;29,80;0,03;17;3,60
2A0C969;15/07/2024 2:50:18;0343053c2b091d5000031224;3,67;5,60;43,09;29,80;0,03;18;3,60
2A0C969;15/07/2024 2:49:16;045d053c2e1e1d500005af25;4,93;5,60;46,30;29,80;0,05;175;3,70
2A0C969;14/07/2024 20:45:54;013e06330000000000042023;1,62;6,51;0,00;0,00;0,04;32;3,50
2A0C969;14/07/2024 20:45:28;034406330000000000042223;3,68;6,51;0,00;0,00;0,04;34;3,50
2A0C969;14/07/2024 20:44:25;045c06330000000000040423;4,92;6,51;0,00;0,00;0,04;4;3,50
2A0C969;14/07/2024 14:41:12;004b070b0000000000031f23;0,75;7,11;0,00;0,00;0,03;31;3,50
2A0C969;14/07/2024 14:40:15;020007090000000000032023;2,00;7,09;0,00;0,00;0,03;32;3,50
2A0C969;14/07/2024 14:39:04;030d070d0000000000032223;3,13;7,13;0,00;0,00;0,03;34;3,50
2A0C969;14/07/2024 14:37:56;045d071100000000000c5723;4,93;7,17;0,00;0,00;0,12;87;3,50
2A0C969;14/07/2024 8:34:55;004a055e331a1d2800030f24;0,74;5,94;51,26;29,40;0,03;15;3,60
2A0C969;14/07/2024 8:34:25;0143055f31251d2800030f24;1,67;5,95;49,37;29,40;0,03;15;3,60
2A0C969;14/07/2024 8:33:56;0238055f31221d2800030f24;2,56;5,95;49,34;29,40;0,03;15;3,60
2A0C969;14/07/2024 8:33:26;032e055e312c1d2800031124;3,46;5,94;49,44;29,40;0,03;17;3,60
2A0C969;14/07/2024 8:32:26;045f05612f2a1d2800030c25;4,95;5,97;47,42;29,40;0,03;12;3,70
2A0C969;14/07/2024 2:29:16;021106042e521d3200030f24;2,17;6,04;46,82;29,50;0,03;15;3,60
2A0C969;14/07/2024 2:28:47;030306042f551d3200021124;3,03;6,04;47,85;29,50;0,02;17;3,60
2A0C969;14/07/2024 2:28:17;035206052f601d3200021524;3,82;6,05;47,96;29,50;0,02;21;3,60
2A0C969;14/07/2024 2:27:17;045d06142f1c1d320003d825;4,93;6,20;47,28;29,50;0,03;216;3,70
2A0C969;13/07/2024 20:24:16;002a071b2e071d4600020f24;0,42;7,27;46,07;29,70;0,02;15;3,60
2A0C969;13/07/2024 20:23:46;0122071b2f551d4600021124;1,34;7,27;47,85;29,70;0,02;17;3,60
2A0C969;13/07/2024 20:23:17;0219071d30031d4600021424;2,25;7,29;48,03;29,70;0,02;20;3,60
2A0C969;13/07/2024 20:22:47;0349071e2f0b1d4600021024;3,73;7,30;47,11;29,70;0,02;16;3,60
2A0C969;13/07/2024 20:21:47;045b071c2e551d460004ce25;4,91;7,28;46,85;29,70;0,04;206;3,70
2A0C969;13/07/2024 14:18:28;011e064530171d1e00020e24;1,30;6,69;48,23;29,30;0,02;14;3,60
2A0C969;13/07/2024 14:17:59;030a064431231d1e00021124;3,10;6,68;49,35;29,30;0,02;17;3,60
2A0C969;13/07/2024 14:17:29;0359064431261d1e00021524;3,89;6,68;49,38;29,30;0,02;21;3,60
2A0C969;13/07/2024 14:16:28;045e06442f381d1e00021c25;4,94;6,68;47,56;29,30;0,02;28;3,70
2A0C969;13/07/2024 8:14:05;012b06070000000000020f24;1,43;6,07;0,00;0,00;0,02;15;3,60
2A0C969;13/07/2024 8:13:36;024306060000000000021324;2,67;6,06;0,00;0,00;0,02;19;3,60
2A0C969;13/07/2024 8:13:06;034c06060000000000022224;3,76;6,06;0,00;0,00;0,02;34;3,60
2A0C969;13/07/2024 8:12:05;045e06020000000000035025;4,94;6,02;0,00;0,00;0,03;80;3,70
2A0C969;13/07/2024 2:08:54;0032013c004e1d1400020e25;0,50;1,60;0,78;29,20;0,02;14;3,70
2A0C969;13/07/2024 2:08:24;01170137004e1d1400020e25;1,23;1,55;0,78;29,20;0,02;14;3,70
2A0C969;13/07/2024 2:07:54;020c0135004e1d1400020f25;2,12;1,53;0,78;29,20;0,02;15;3,70
2A0C969;13/07/2024 2:07:25;03490133004e1d1400031425;3,73;1,51;0,78;29,20;0,03;20;3,70
2A0C969;13/07/2024 2:06:24;045d012d00501d1400034025;4,93;1,45;0,80;29,20;0,03;64;3,70
2A0C969;12/07/2024 20:03:09;0116063d303d1d0a00020e25;1,22;6,61;48,61;29,10;0,02;14;3,70
2A0C969;12/07/2024 20:02:39;020f063e303e1d0a00020e25;2,15;6,62;48,62;29,10;0,02;14;3,70
2A0C969;12/07/2024 20:02:10;0304063e2f431d0a00020f25;3,04;6,62;47,67;29,10;0,02;15;3,70
2A0C969;12/07/2024 20:01:10;045b064d2f411d0a000a4125;4,91;6,77;47,65;29,10;0,10;65;3,70
2A0C969;12/07/2024 13:57:56;0121060d0000000000021025;1,33;6,13;0,00;0,00;0,02;16;3,70
2A0C969;12/07/2024 13:57:29;0219060c32201c5000021225;2,25;6,12;50,32;28,80;0,02;18;3,70
2A0C969;12/07/2024 13:56:57;030a060d34231c5000021925;3,10;6,13;52,35;28,80;0,02;25;3,70
2A0C969;12/07/2024 13:55:57;045e060a341f1c5000029325;4,94;6,10;52,31;28,80;0,02;147;3,70
2A0C969;12/07/2024 7:52:59;011e053a0000000000020e24;1,30;5,58;0,00;0,00;0,02;14;3,60
2A0C969;12/07/2024 7:52:29;0238053a0000000000020f24;2,56;5,58;0,00;0,00;0,02;15;3,60
2A0C969;12/07/2024 7:52:00;034905390000000000021124;3,73;5,57;0,00;0,00;0,02;17;3,60
2A0C969;12/07/2024 7:51:00;045e05350000000000048825;4,94;5,53;0,00;0,00;0,04;136;3,70
2A0C969;12/07/2024 1:48:23;010006110000000000021d23;1,00;6,17;0,00;0,00;0,02;29;3,50
2A0C969;12/07/2024 1:47:53;2,15E+42;2,21;6,19;0,00;0,00;0,03;30;3,50
2A0C969;12/07/2024 1:47:24;032906130000000000032223;3,41;6,19;0,00;0,00;0,03;34;3,50
2A0C969;12/07/2024 1:46:24;045f0610000000000205cc24;4,95;6,16;0,00;0,00;2,05;204;3,60
2A0C969;11/07/2024 19:43:24;012a065532541d1e00020e25;1,42;6,85;50,84;29,30;0,02;14;3,70
2A0C969;11/07/2024 19:42:56;0224065531421d1e00020e25;2,36;6,85;49,66;29,30;0,02;14;3,70
2A0C969;11/07/2024 19:42:26;031a0654314e1d1e00020f25;3,26;6,84;49,78;29,30;0,02;15;3,70
2A0C969;11/07/2024 19:41:26;045f06552f051d1e0008fe25;4,95;6,85;47,05;29,30;0,08;254;3,70
2A0C969;11/07/2024 13:38:13;002d070933081c5a00020e25;0,45;7,09;51,08;28,90;0,02;14;3,70
2A0C969;11/07/2024 13:37:44;0107070a34101c5a00021125;1,07;7,10;52,16;28,90;0,02;17;3,70
2A0C969;11/07/2024 13:37:14;0202070a330f1c5a00021525;2,02;7,10;51,15;28,90;0,02;21;3,70
2A0C969;11/07/2024 13:36:45;034d070933211c5a00023c25;3,77;7,09;51,33;28,90;0,02;60;3,70
2A0C969;11/07/2024 13:35:46;0462070b330d1c5a00396825;4,98;7,11;51,13;28,90;0,57;104;3,70
2A0C969;11/07/2024 7:33:02;0048050d331d1c5000020e25;0,72;5,13;51,29;28,80;0,02;14;3,70
2A0C969;11/07/2024 7:32:29;012e050b332c1c5a00021025;1,46;5,11;51,44;28,90;0,02;16;3,70
2A0C969;11/07/2024 7:31:59;0227050b342e1c5a00021225;2,39;5,11;52,46;28,90;0,02;18;3,70
2A0C969;11/07/2024 7:31:30;0320050a33341c5a00021925;3,32;5,10;51,52;28,90;0,02;25;3,70
2A0C969;11/07/2024 7:30:31;0463050d30381c5a00028c25;4,99;5,13;48,56;28,90;0,02;140;3,70
2A0C969;11/07/2024 1:27:36;0116064a0000000000020e24;1,22;6,74;0,00;0,00;0,02;14;3,60
2A0C969;11/07/2024 1:27:07;021c064c0000000000021124;2,28;6,76;0,00;0,00;0,02;17;3,60
2A0C969;11/07/2024 1:26:37;0330064c0000000000021c24;3,48;6,76;0,00;0,00;0,02;28;3,60
2A0C969;11/07/2024 1:25:40;0463064800000000004d5525;4,99;6,72;0,00;0,00;0,77;85;3,70
2A0C969;10/07/2024 19:22:55;011f06380000000000020e25;1,31;6,56;0,00;0,00;0,02;14;3,70
2A0C969;10/07/2024 19:22:25;2,32E+44;2,50;6,56;0,00;0,00;0,02;14;3,70
2A0C969;10/07/2024 19:21:59;034206390000000000021125;3,66;6,57;0,00;0,00;0,02;17;3,70
2A0C969;10/07/2024 19:21:00;046006390000000000160a25;4,96;6,57;0,00;0,00;0,22;10;3,70
2A0C969;10/07/2024 13:18:21;012f063e2b401d3200010e25;1,47;6,62;43,64;29,50;0,01;14;3,70
2A0C969;10/07/2024 13:17:54;0224063f2b311d3200010e25;2,36;6,63;43,49;29,50;0,01;14;3,70
2A0C969;10/07/2024 13:16:22;0461063e2d131d320005cf25;4,97;6,62;45,19;29,50;0,05;207;3,70
2A0C969;10/07/2024 7:13:13;012e06050000000000010e25;1,46;6,05;0,00;0,00;0,01;14;3,70
2A0C969;10/07/2024 7:12:43;024b06050000000000010e25;2,75;6,05;0,00;0,00;0,01;14;3,70
2A0C969;10/07/2024 7:12:14;035806070000000000011025;3,88;6,07;0,00;0,00;0,01;16;3,70
2A0C969;10/07/2024 7:11:15;046206080000000000041925;4,98;6,08;0,00;0,00;0,04;25;3,70
2A0C969;10/07/2024 1:08:14;002d04492d0e1c4600010d25;0,45;4,73;45,14;28,70;0,01;13;3,70
2A0C969;10/07/2024 1:07:45;010b04482e041c4600020e25;1,11;4,72;46,04;28,70;0,02;14;3,70
2A0C969;10/07/2024 1:07:16;020b04432c5e1c4600020e25;2,11;4,67;44,94;28,70;0,02;14;3,70
2A0C969;10/07/2024 1:06:46;035404432b591c4600021125;3,84;4,67;43,89;28,70;0,02;17;3,70
2A0C969;10/07/2024 1:05:46;0501044030481c460205a925;5,01;4,64;48,72;28,70;2,05;169;3,70
2A0C969;9/07/2024 19:02:33;002d0548321c1c5000020d25;0,45;5,72;50,28;28,80;0,02;13;3,70
2A0C969;9/07/2024 19:02:04;0107054533381c5000020e25;1,07;5,69;51,56;28,80;0,02;14;3,70
2A0C969;9/07/2024 19:01:35;0205054432351c5000021125;2,05;5,68;50,53;28,80;0,02;17;3,70
2A0C969;9/07/2024 19:01:05;034d0542324b1c5000022325;3,77;5,66;50,75;28,80;0,02;35;3,70
2A0C969;9/07/2024 19:00:05;046305412f4f1c5000079b25;4,99;5,65;47,79;28,80;0,07;155;3,70
2A0C969;9/07/2024 12:56:57;002c063f0000000000021b23;0,44;6,63;0,00;0,00;0,02;27;3,50
2A0C969;9/07/2024 12:56:27;013f063e0000000000021f23;1,63;6,62;0,00;0,00;0,02;31;3,50
2A0C969;9/07/2024 12:55:58;0258063d0000000000023323;2,88;6,61;0,00;0,00;0,02;51;3,50
2A0C969;9/07/2024 12:54:58;0502063c0000000000104f24;5,02;6,60;0,00;0,00;0,16;79;3,60
2A0C969;9/07/2024 6:52:01;0128061a2f0c1c3200020e25;1,40;6,26;47,12;28,50;0,02;14;3,70
2A0C969;9/07/2024 6:51:28;0225061a30621c3200020e25;2,37;6,26;48,98;28,50;0,02;14;3,70
2A0C969;9/07/2024 6:50:59;0320061a2d291c3200021025;3,32;6,26;45,41;28,50;0,02;16;3,70
2A0C969;9/07/2024 6:49:58;0504061b31061c32004fea25;5,04;6,27;49,06;28,50;0,79;234;3,70
2A0C969;9/07/2024 0:46:46;0032062f31461c3c00020d25;0,50;6,47;49,70;28,60;0,02;13;3,70
2A0C969;9/07/2024 0:46:19;013b062f2f5f1c3c00021025;1,59;6,47;47,95;28,60;0,02;16;3,70
2A0C969;9/07/2024 0:45:47;0234063033591c4600021525;2,52;6,48;51,89;28,70;0,02;21;3,70
2A0C969;9/07/2024 0:45:17;0328063031091c4600021f25;3,40;6,48;49,09;28,70;0,02;31;3,70
2A0C969;9/07/2024 0:44:23;0501063233051c460023b625;5,01;6,50;51,05;28,70;0,35;182;3,70
2A0C969;8/07/2024 18:41:16;5,91E+43;0,89;7,54;0,00;0,00;0,02;14;3,70
2A0C969;8/07/2024 18:40:47;021307350000000000020f25;2,19;7,53;0,00;0,00;0,02;15;3,70
2A0C969;8/07/2024 18:40:17;032b07360000000000021225;3,43;7,54;0,00;0,00;0,02;18;3,70
2A0C969;8/07/2024 18:39:17;0464073400000000000bc825;5,00;7,52;0,00;0,00;0,11;200;3,70
2A0C969;8/07/2024 12:36:01;0057053934261c1e00020e25;0,87;5,57;52,38;28,30;0,02;14;3,70
2A0C969;8/07/2024 12:35:32;024b053933611c1e00021525;2,75;5,57;51,97;28,30;0,02;21;3,70
2A0C969;8/07/2024 12:35:02;033d053833461c1e00022225;3,61;5,56;51,70;28,30;0,02;34;3,70
2A0C969;8/07/2024 12:34:02;0504053b333f1c1e000afd26;5,04;5,59;51,63;28,30;0,10;253;3,80
2A0C969;8/07/2024 6:31:00;0138055836341c1400021823;1,56;5,88;54,52;28,20;0,02;24;3,50
2A0C969;8/07/2024 6:30:30;02320557320b1c1400031c23;2,50;5,87;50,11;28,20;0,03;28;3,50
2A0C969;8/07/2024 6:30:01;0328055835041c1400022323;3,40;5,88;53,04;28,20;0,02;35;3,50
2A0C969;8/07/2024 6:29:01;050505572f061c140205b924;5,05;5,87;47,06;28,20;2,05;185;3,60
2A0C969;8/07/2024 0:25:47;0138040d0000000000021723;1,56;4,13;0,00;0,00;0,02;23;3,50
2A0C969;8/07/2024 0:25:18;0257040c0000000000021723;2,87;4,12;0,00;0,00;0,02;23;3,50
2A0C969;8/07/2024 0:24:48;0407040b0000000000021923;4,07;4,11;0,00;0,00;0,02;25;3,50
2A0C969;8/07/2024 0:23:49;0504040500000000003f8024;5,04;4,05;0,00;0,00;0,63;128;3,60
2A0C969;7/07/2024 18:20:36;0118072b0000000000020e25;1,24;7,43;0,00;0,00;0,02;14;3,70
2A0C969;7/07/2024 18:20:03;0232072b0000000000021225;2,50;7,43;0,00;0,00;0,02;18;3,70
2A0C969;7/07/2024 18:19:34;0348072d0000000000021e25;3,72;7,45;0,00;0,00;0,02;30;3,70
2A0C969;7/07/2024 18:18:34;0501072b000000000026f825;5,01;7,43;0,00;0,00;0,38;248;3,70
2A0C969;7/07/2024 12:15:23;002a0558332a1b5a00020e25;0,42;5,88;51,42;27,90;0,02;14;3,70
2A0C969;7/07/2024 12:15:23;002a0558332a1b5a00020e25;0,42;5,88;51,42;27,90;0,02;14;3,70
2A0C969;7/07/2024 12:14:56;011b055735311b5a00020f25;1,27;5,87;53,49;27,90;0,02;15;3,70
2A0C969;7/07/2024 12:14:24;02170557352a1b5a00021125;2,23;5,87;53,42;27,90;0,02;17;3,70
2A0C969;7/07/2024 12:13:57;03100555342c1b5a00021625;3,16;5,85;52,44;27,90;0,02;22;3,70
2A0C969;7/07/2024 12:12:55;0503055633291b5a00036326;5,03;5,86;51,41;27,90;0,03;99;3,80
2A0C969;7/07/2024 6:10:00;012505300000000000021823;1,37;5,48;0,00;0,00;0,02;24;3,50
2A0C969;7/07/2024 6:09:30;024305300000000000021823;2,67;5,48;0,00;0,00;0,02;24;3,50
2A0C969;7/07/2024 6:09:01;035705310000000000021923;3,87;5,49;0,00;0,00;0,02;25;3,50
2A0C969;7/07/2024 6:08:01;0504052f000000000008f324;5,04;5,47;0,00;0,00;0,08;243;3,60
2A0C969;7/07/2024 0:05:01;0045054c32301c1e00020d25;0,69;5,76;50,48;28,30;0,02;13;3,70
2A0C969;7/07/2024 0:04:31;0127054934441c1e00020e25;1,39;5,73;52,68;28,30;0,02;14;3,70
2A0C969;7/07/2024 0:04:02;0219054b30481c1e00021125;2,25;5,75;48,72;28,30;0,02;17;3,70
2A0C969;7/07/2024 0:03:32;034f054932331c1e00021825;3,79;5,73;50,51;28,30;0,02;24;3,70
2A0C969;7/07/2024 0:02:32;0464054932331c1e00070526;5,00;5,73;50,51;28,30;0,07;5;3,80
2A0C969;6/07/2024 17:58:44;0123066033061c2800020e25;1,35;6,96;51,06;28,40;0,02;14;3,70
2A0C969;6/07/2024 17:58:08;021b065e331d1c2800021125;2,27;6,94;51,29;28,40;0,02;17;3,70
2A0C969;6/07/2024 17:57:11;0350066136171c2800021625;3,80;6,97;54,23;28,40;0,02;22;3,70
2A0C969;6/07/2024 11:52:49;0136062533381b5a00010f25;1,54;6,37;51,56;27,90;0,01;15;3,70
2A0C969;6/07/2024 11:52:22;0231062432311b5a00011225;2,49;6,36;50,49;27,90;0,01;18;3,70
2A0C969;6/07/2024 11:51:53;03290625324e1b5a00011925;3,41;6,37;50,78;27,90;0,01;25;3,70
2A0C969;6/07/2024 11:50:50;0464062031031b5a003a5a26;5,00;6,32;49,03;27,90;0,58;90;3,80
2A0C969;6/07/2024 5:47:40;00280611335d1b5000010e25;0,40;6,17;51,93;27,80;0,01;14;3,70
2A0C969;6/07/2024 5:47:11;010c060f320f1b5000021025;1,12;6,15;50,15;27,80;0,02;16;3,70
2A0C969;6/07/2024 5:46:42;020a060f34091b5000021425;2,10;6,15;52,09;27,80;0,02;20;3,70
2A0C969;6/07/2024 5:46:12;034a060b33571b5000022b25;3,74;6,11;51,87;27,80;0,02;43;3,70
2A0C969;6/07/2024 5:45:12;0460061033571b5000027926;4,96;6,16;51,87;27,80;0,02;121;3,80
2A0C969;5/07/2024 23:42:17;011e060a34501c0000020e25;1,30;6,10;52,80;28,00;0,02;14;3,70
2A0C969;5/07/2024 23:41:47;021b060a36041c0000021025;2,27;6,10;54,04;28,00;0,02;16;3,70
2A0C969;5/07/2024 23:41:18;0315060c344b1c0000021425;3,21;6,12;52,75;28,00;0,02;20;3,70
2A0C969;5/07/2024 23:40:18;04620610355e1c0000045226;4,98;6,16;53,94;28,00;0,04;82;3,80
2A0C969;5/07/2024 17:37:15;003407530000000000021724;0,52;7,83;0,00;0,00;0,02;23;3,60
2A0C969;5/07/2024 17:36:49;013e07530000000000021924;1,62;7,83;0,00;0,00;0,02;25;3,60
2A0C969;5/07/2024 17:36:16;035507550000000000021924;3,85;7,85;0,00;0,00;0,02;25;3,60
2A0C969;5/07/2024 17:35:16;04620752000000000004e824;4,98;7,82;0,00;0,00;0,04;232;3,60
2A0C969;5/07/2024 11:31:37;0121061136271b3c00011425;1,33;6,17;54,39;27,60;0,01;20;3,70
2A0C969;5/07/2024 11:31:05;0219061033241b3c00011d25;2,25;6,16;51,36;27,60;0,01;29;3,70
2A0C969;5/07/2024 11:30:35;0350061036321b3c00014025;3,80;6,16;54,50;27,60;0,01;64;3,70
2A0C969;5/07/2024 11:29:40;04640610351b1b3c000eb626;5,00;6,16;53,27;27,60;0,14;182;3,80
2A0C969;5/07/2024 5:26:22;003e06200000000000021624;0,62;6,32;0,00;0,00;0,02;22;3,60
2A0C969;5/07/2024 5:25:55;014b061f0000000000021924;1,75;6,31;0,00;0,00;0,02;25;3,60
2A0C969;5/07/2024 5:25:23;0300061f0000000000022124;3,00;6,31;0,00;0,00;0,02;33;3,60
2A0C969;5/07/2024 5:24:24;04620620000000000009c724;4,98;6,32;0,00;0,00;0,09;199;3,60
2A0C969;4/07/2024 23:21:23;012e0650353e1c3200010e25;1,46;6,80;53,62;28,50;0,01;14;3,70
2A0C969;4/07/2024 23:20:53;02290652353b1c3200021125;2,41;6,82;53,59;28,50;0,02;17;3,70
2A0C969;4/07/2024 23:19:52;0322065333351c3200021925;3,34;6,83;51,53;28,50;0,02;25;3,70
2A0C969;4/07/2024 23:18:45;045f0651332e1c32000bcf26;4,95;6,81;51,46;28,50;0,11;207;3,80
2A0C969;4/07/2024 17:15:29;002a0719353d1c2800010d25;0,42;7,25;53,61;28,40;0,01;13;3,70
2A0C969;4/07/2024 17:14:59;0126071934271c2800010f25;1,38;7,25;52,39;28,40;0,01;15;3,70
2A0C969;4/07/2024 17:14:30;02210719365b1c2800021225;2,33;7,25;54,91;28,40;0,02;18;3,70
2A0C969;4/07/2024 17:14:00;0318071a370a1c2800021b25;3,24;7,26;55,10;28,40;0,02;27;3,70
2A0C969;4/07/2024 17:13:01;045c071a34381c280004d726;4,92;7,26;52,56;28,40;0,04;215;3,80
2A0C969;4/07/2024 11:10:01;0036054d35531b5000010d25;0,54;5,77;53,83;27,80;0,01;13;3,70
2A0C969;4/07/2024 11:09:32;0134054935191b5000011025;1,52;5,73;53,25;27,80;0,01;16;3,70
2A0C969;4/07/2024 11:09:03;022d054a35281b5000011425;2,45;5,74;53,40;27,80;0,01;20;3,70
2A0C969;4/07/2024 11:08:33;0327054a37341b5000011d25;3,39;5,74;55,52;27,80;0,01;29;3,70
2A0C969;4/07/2024 11:07:34;045e054f38121b5002056226;4,94;5,79;56,18;27,80;2,05;98;3,80
2A0C969;4/07/2024 5:04:31;003302400000000000020d25;0,51;2,64;0,00;0,00;0,02;13;3,70
2A0C969;4/07/2024 5:04:02;5,20E+43;0,82;2,56;0,00;0,00;0,01;14;3,70
2A0C969;4/07/2024 5:03:32;020c02300000000000021225;2,12;2,48;0,00;0,00;0,02;18;3,70
2A0C969;4/07/2024 5:03:03;0327022e0000000000022025;3,39;2,46;0,00;0,00;0,02;32;3,70
2A0C969;4/07/2024 5:02:03;045e02280000000000044c26;4,94;2,40;0,00;0,00;0,04;76;3,80
2A0C969;3/07/2024 22:58:58;012d06120000000000021524;1,45;6,18;0,00;0,00;0,02;21;3,60
2A0C969;3/07/2024 22:58:28;024706120000000000021824;2,71;6,18;0,00;0,00;0,02;24;3,60
2A0C969;3/07/2024 22:57:59;034b06110000000000021524;3,75;6,17;0,00;0,00;0,02;21;3,60
2A0C969;3/07/2024 22:57:00;045d061200000000000dad24;4,93;6,18;0,00;0,00;0,13;173;3,60
2A0C969;3/07/2024 16:53:38;002c07373a0c1c1400010e25;0,44;7,55;58,12;28,20;0,01;14;3,70
2A0C969;3/07/2024 16:53:07;00540736361f1c1400010e25;0,84;7,54;54,31;28,20;0,01;14;3,70
2A0C969;3/07/2024 16:52:39;0150073538471c1400021125;1,80;7,53;56,71;28,20;0,02;17;3,70
2A0C969;3/07/2024 16:52:09;033507363a581c1400011b25;3,53;7,54;58,88;28,20;0,01;27;3,70
2A0C969;3/07/2024 16:51:09;045a073437481c1402052026;4,90;7,52;55,72;28,20;2,05;32;3,80
2A0C969;3/07/2024 10:48:14;011605180000000000011625;1,22;5,24;0,00;0,00;0,01;22;3,70
2A0C969;3/07/2024 10:47:44;023005190000000000012925;2,48;5,25;0,00;0,00;0,01;41;3,70
2A0C969;3/07/2024 10:47:15;033a05180000000000012e25;3,58;5,24;0,00;0,00;0,01;46;3,70
2A0C969;3/07/2024 10:46:15;045d051a000000000002a226;4,93;5,26;0,00;0,00;0,02;162;3,80
2A0C969;3/07/2024 4:43:15;0036053b39401b5000020d25;0,54;5,59;57,64;27,80;0,02;13;3,70
2A0C969;3/07/2024 4:42:46;013d053939031b5000021125;1,61;5,57;57,03;27,80;0,02;17;3,70
2A0C969;3/07/2024 4:42:17;023a053937461b5000021625;2,58;5,57;55,70;27,80;0,02;22;3,70
2A0C969;3/07/2024 4:41:47;0331053739011b5000022325;3,49;5,55;57,01;27,80;0,02;35;3,70
2A0C969;3/07/2024 4:40:47;045f0533393c1b50000a8026;4,95;5,51;57,60;27,80;0,10;128;3,80
2A0C969;2/07/2024 22:37:37;003105470000000000020d25;0,49;5,71;0,00;0,00;0,02;13;3,70
2A0C969;2/07/2024 22:37:08;013b05450000000000021125;1,59;5,69;0,00;0,00;0,02;17;3,70
2A0C969;2/07/2024 22:36:37;025905430000000000021c25;2,89;5,67;0,00;0,00;0,02;28;3,70
2A0C969;2/07/2024 22:35:38;045e05410000000000163d26;4,94;5,65;0,00;0,00;0,22;61;3,80
2A0C969;2/07/2024 16:32:41;004c074e3b041b5a00020e25;0,76;7,78;59,04;27,90;0,02;14;3,70
2A0C969;2/07/2024 16:32:09;0246074f39001b5a00021625;2,70;7,79;57,00;27,90;0,02;22;3,70
2A0C969;2/07/2024 16:31:39;033e075138581b5a00022325;3,62;7,81;56,88;27,90;0,02;35;3,70
2A0C969;2/07/2024 16:30:39;04600753383d1b5a00054726;4,96;7,83;56,61;27,90;0,05;71;3,80
2A0C969;2/07/2024 10:27:32;010f032a0000000000021124;1,15;3,42;0,00;0,00;0,02;17;3,60
2A0C969;2/07/2024 10:27:03;022d03240000000000021324;2,45;3,36;0,00;0,00;0,02;19;3,60
2A0C969;2/07/2024 10:26:33;034703240000000000021924;3,71;3,36;0,00;0,00;0,02;25;3,60
2A0C969;2/07/2024 10:25:35;050203210000000000375825;5,02;3,33;0,00;0,00;0,55;88;3,70
2A0C969;2/07/2024 4:22:26;003b053036521b3200020e26;0,59;5,48;54,82;27,50;0,02;14;3,80
2A0C969;2/07/2024 4:21:56;0058052e37591b3200021226;0,88;5,46;55,89;27,50;0,02;18;3,80
2A0C969;2/07/2024 4:21:27;024c052a36641b3200022b26;2,76;5,42;55,00;27,50;0,02;43;3,80
2A0C969;2/07/2024 4:20:57;033e052b36061b3200024e26;3,62;5,43;54,06;27,50;0,02;78;3,80
2A0C969;2/07/2024 4:19:57;0504052d34461b32000cbc26;5,04;5,45;52,70;27,50;0,12;188;3,80
2A0C969;1/07/2024 22:17:17;0051054937541b4600020e26;0,81;5,73;55,84;27,70;0,02;14;3,80
2A0C969;1/07/2024 22:16:47;024f054637561b4600021626;2,79;5,70;55,86;27,70;0,02;22;3,80
2A0C969;1/07/2024 22:15:47;0348054437531b4600022326;3,72;5,68;55,83;27,70;0,02;35;3,80
2A0C969;1/07/2024 22:14:38;0503054637371b46001b8926;5,03;5,70;55,55;27,70;0,27;137;3,80
2A0C969;1/07/2024 16:11:41;003706643a181b3c00020e26;0,55;7,00;58,24;27,60;0,02;14;3,80
2A0C969;1/07/2024 16:11:11;011c066338051b3c00021026;1,28;6,99;56,05;27,60;0,02;16;3,80
2A0C969;1/07/2024 16:10:42;02160700380c1b3c00021526;2,22;7,00;56,12;27,60;0,02;21;3,80
2A0C969;1/07/2024 16:10:12;035b070139151b3c00022e26;3,91;7,01;57,21;27,60;0,02;46;3,80
2A0C969;1/07/2024 16:09:12;05020701384e1b3c00079326;5,02;7,01;56,78;27,60;0,07;147;3,80
2A0C969;1/07/2024 10:06:01;00390541355f1b1400020e26;0,57;5,65;53,95;27,20;0,02;14;3,80
2A0C969;1/07/2024 10:05:31;0136053f36171b1400021826;1,54;5,63;54,23;27,20;0,02;24;3,80
2A0C969;1/07/2024 10:05:05;0232054037251b1400022526;2,50;5,64;55,37;27,20;0,02;37;3,80
2A0C969;1/07/2024 10:04:35;032b053d383e1b1400024126;3,43;5,61;56,62;27,20;0,02;65;3,80
2A0C969;1/07/2024 10:03:32;0504054539181b1400210726;5,04;5,69;57,24;27,20;0,33;7;3,80
2A0C969;1/07/2024 4:00:24;0208060b0000000000031124;2,08;6,11;0,00;0,00;0,03;17;3,60
2A0C969;1/07/2024 3:59:51;032706090000000000021524;3,39;6,09;0,00;0,00;0,02;21;3,60
2A0C969;1/07/2024 3:58:51;0501060b0000000000069f25;5,01;6,11;0,00;0,00;0,06;159;3,70
2A0C969;30/06/2024 21:55:52;003606220000000000021025;0,54;6,34;0,00;0,00;0,02;16;3,70
2A0C969;30/06/2024 21:55:23;011e06200000000000021725;1,30;6,32;0,00;0,00;0,02;23;3,70
2A0C969;30/06/2024 21:54:53;023d061f0000000000022d25;2,61;6,31;0,00;0,00;0,02;45;3,70
2A0C969;30/06/2024 21:54:24;0349061d0000000000023825;3,73;6,29;0,00;0,00;0,02;56;3,70
2A0C969;30/06/2024 21:53:22;0463061f000000000003c726;4,99;6,31;0,00;0,00;0,03;199;3,80
2A0C969;30/06/2024 15:50:27;003207490000000000021225;0,50;7,73;0,00;0,00;0,02;18;3,70
2A0C969;30/06/2024 15:49:51;011a07490000000000021d25;1,26;7,73;0,00;0,00;0,02;29;3,70
2A0C969;30/06/2024 15:49:22;0237074a0000000000023a25;2,55;7,74;0,00;0,00;0,02;58;3,70
2A0C969;30/06/2024 15:48:52;034207490000000000027625;3,66;7,73;0,00;0,00;0,02;118;3,70
2A0C969;30/06/2024 15:47:52;046307450000000000134526;4,99;7,69;0,00;0,00;0,19;69;3,80
2A0C969;30/06/2024 9:44:48;0042044c0000000000021a26;0,66;4,76;0,00;0,00;0,02;26;3,80
2A0C969;30/06/2024 9:44:19;0163044b0000000000023226;1,99;4,75;0,00;0,00;0,02;50;3,80
2A0C969;30/06/2024 9:43:49;031e044c0000000000026926;3,30;4,76;0,00;0,00;0,02;105;3,80
2A0C969;30/06/2024 9:42:49;0504044d0000000000419726;5,04;4,77;0,00;0,00;0,65;151;3,80
2A0C969;30/06/2024 3:39:41;011c033f3c241b0a00031426;1,28;3,63;60,36;27,10;0,03;20;3,80
2A0C969;30/06/2024 3:39:11;0215033c3b181b0a00021c26;2,21;3,60;59,24;27,10;0,02;28;3,80
2A0C969;30/06/2024 3:38:42;030e0339395f1b0a00022d26;3,14;3,57;57,95;27,10;0,02;45;3,80
2A0C969;30/06/2024 3:37:42;0500033d3c0b1b0a00092826;5,00;3,61;60,11;27,10;0,09;40;3,80
2A0C969;29/06/2024 21:35:09;012306280000000000031526;1,35;6,40;0,00;0,00;0,03;21;3,80
2A0C969;29/06/2024 21:34:39;023e06270000000000042726;2,62;6,39;0,00;0,00;0,04;39;3,80
2A0C969;29/06/2024 21:34:10;034806280000000000035126;3,72;6,40;0,00;0,00;0,03;81;3,80
2A0C969;29/06/2024 21:33:10;0501062b000000000009fa26;5,01;6,43;0,00;0,00;0,09;250;3,80
2A0C969;29/06/2024 15:29:36;011107610000000000021926;1,17;7,97;0,00;0,00;0,02;25;3,80
2A0C969;29/06/2024 15:28:34;034007620000000000024926;3,64;7,98;0,00;0,00;0,02;73;3,80
2A0C969;29/06/2024 15:27:34;05020763000000000017f426;5,02;7,99;0,00;0,00;0,23;244;3,80
2A0C969;29/06/2024 9:24:50;0101050b0000000000021526;1,01;5,11;0,00;0,00;0,02;21;3,80
2A0C969;29/06/2024 9:24:21;022205090000000000022726;2,34;5,09;0,00;0,00;0,02;39;3,80
2A0C969;29/06/2024 9:23:51;033d05090000000000035226;3,61;5,09;0,00;0,00;0,03;82;3,80
2A0C969;29/06/2024 9:22:51;0504050c00000000001a4b26;5,04;5,12;0,00;0,00;0,26;75;3,80
2A0C969;29/06/2024 3:19:49;005505400000000000021026;0,85;5,64;0,00;0,00;0,02;16;3,80
2A0C969;29/06/2024 3:19:17;0201053e0000000000021926;2,01;5,62;0,00;0,00;0,02;25;3,80
2A0C969;29/06/2024 3:18:47;0321053f0000000000023026;3,33;5,63;0,00;0,00;0,02;48;3,80
2A0C969;29/06/2024 3:17:47;050405450000000000070926;5,04;5,69;0,00;0,00;0,07;9;3,80
2A0C969;28/06/2024 21:14:48;003d05500000000000020d26;0,61;5,80;0,00;0,00;0,02;13;3,80
2A0C969;28/06/2024 21:14:18;0128054e0000000000021126;1,40;5,78;0,00;0,00;0,02;17;3,80
2A0C969;28/06/2024 21:13:48;0244054d0000000000031c26;2,68;5,77;0,00;0,00;0,03;28;3,80
2A0C969;28/06/2024 21:13:19;034b054c0000000000033526;3,75;5,76;0,00;0,00;0,03;53;3,80
2A0C969;28/06/2024 21:12:19;05020546000000000205b626;5,02;5,70;0,00;0,00;2,05;182;3,80
2A0C969;28/06/2024 15:09:00;003506590000000000021226;0,53;6,89;0,00;0,00;0,02;18;3,80
2A0C969;28/06/2024 15:08:30;013f06580000000000021d26;1,63;6,88;0,00;0,00;0,02;29;3,80
2A0C969;28/06/2024 15:07:58;026106590000000000033d26;2,97;6,89;0,00;0,00;0,03;61;3,80
2A0C969;28/06/2024 15:06:59;0505065900000000000a0726;5,05;6,89;0,00;0,00;0,10;7;3,80
2A0C969;28/06/2024 9:03:55;0030060b0000000000021426;0,48;6,11;0,00;0,00;0,02;20;3,80
2A0C969;28/06/2024 9:03:25;013c060c0000000000022326;1,60;6,12;0,00;0,00;0,02;35;3,80
2A0C969;28/06/2024 9:02:59;025c060b0000000000024826;2,92;6,11;0,00;0,00;0,02;72;3,80
2A0C969;28/06/2024 9:01:56;050706060000000000325b26;5,07;6,06;0,00;0,00;0,50;91;3,80
2A0C969;28/06/2024 2:58:48;0101042f0000000000021826;1,01;4,47;0,00;0,00;0,02;24;3,80
2A0C969;28/06/2024 2:58:19;0223042f0000000000022e26;2,35;4,47;0,00;0,00;0,02;46;3,80
2A0C969;28/06/2024 2:57:49;0341042e0000000000036526;3,65;4,46;0,00;0,00;0,03;101;3,80
2A0C969;28/06/2024 2:56:49;050504330000000002053d26;5,05;4,51;0,00;0,00;2,05;61;3,80
2A0C969;27/06/2024 20:54:06;011506273a631b0a00031b26;1,21;6,39;58,99;27,10;0,03;27;3,80
2A0C969;27/06/2024 20:53:43;02100623395b1b0a00032c26;2,16;6,35;57,91;27,10;0,03;44;3,80
2A0C969;27/06/2024 20:53:07;030a06263b191b0a00034e26;3,10;6,38;59,25;27,10;0,03;78;3,80
2A0C969;27/06/2024 20:52:07;050206283a511b0a000d2427;5,02;6,40;58,81;27,10;0,13;36;3,90
2A0C969;27/06/2024 8:41:47;003a060c0000000000021426;0,58;6,12;0,00;0,00;0,02;20;3,80
2A0C969;27/06/2024 8:41:18;0139060e0000000000022226;1,57;6,14;0,00;0,00;0,02;34;3,80
2A0C969;27/06/2024 8:40:48;025a060e0000000000024626;2,90;6,14;0,00;0,00;0,02;70;3,80
2A0C969;27/06/2024 8:39:48;0503060c0000000000065827;5,03;6,12;0,00;0,00;0,06;88;3,90
2A0C969;27/06/2024 2:37:06;004c06203b0f1b0000021926;0,76;6,32;59,15;27,00;0,02;25;3,80
2A0C969;27/06/2024 2:36:38;024606203f341b0000024526;2,70;6,32;63,52;27,00;0,02;69;3,80
2A0C969;27/06/2024 2:35:13;046406253e4d1b0000412627;5,00;6,37;62,77;27,00;0,65;38;3,90
2A0C969;26/06/2024 20:31:32;003d070b0000000000030d26;0,61;7,11;0,00;0,00;0,03;13;3,80
2A0C969;26/06/2024 20:30:27;0110070e0000000000031126;1,16;7,14;0,00;0,00;0,03;17;3,80
2A0C969;26/06/2024 14:23:44;0118072a0000000000021826;1,24;7,42;0,00;0,00;0,02;24;3,80
2A0C969;26/06/2024 14:23:21;0232072b0000000000032f26;2,50;7,43;0,00;0,00;0,03;47;3,80
2A0C969;26/06/2024 14:22:45;034607290000000000024d26;3,70;7,41;0,00;0,00;0,02;77;3,80
2A0C969;26/06/2024 14:21:46;0461072a000000000042fe27;4,97;7,42;0,00;0,00;0,66;254;3,90
2A0C969;26/06/2024 8:18:59;004c062a0000000000031026;0,76;6,42;0,00;0,00;0,03;16;3,80
2A0C969;26/06/2024 8:18:29;020d062a0000000000031626;2,13;6,42;0,00;0,00;0,03;22;3,80
2A0C969;26/06/2024 8:18:00;032d062b0000000000032c26;3,45;6,43;0,00;0,00;0,03;44;3,80
2A0C969;26/06/2024 8:17:00;0461063000000000000b1127;4,97;6,48;0,00;0,00;0,11;17;3,90
2A0C969;26/06/2024 2:14:27;004e042f0000000000030f26;0,78;4,47;0,00;0,00;0,03;15;3,80
2A0C969;26/06/2024 2:13:58;020e042b0000000000031826;2,14;4,43;0,00;0,00;0,03;24;3,80
2A0C969;26/06/2024 2:13:27;032e04280000000000043026;3,46;4,40;0,00;0,00;0,04;48;3,80
2A0C969;26/06/2024 2:12:29;0460042700000000010ed027;4,96;4,39;0,00;0,00;1,14;208;3,90
2A0C969;25/06/2024 20:09:25;002b060a0000000000030e26;0,43;6,10;0,00;0,00;0,03;14;3,80
2A0C969;25/06/2024 20:08:56;013906050000000000031526;1,57;6,05;0,00;0,00;0,03;21;3,80
2A0C969;25/06/2024 20:08:26;025306060000000000032a26;2,83;6,06;0,00;0,00;0,03;42;3,80
2A0C969;25/06/2024 20:07:26;045f060b000000000049af27;4,95;6,11;0,00;0,00;0,73;175;3,90
2A0C969;25/06/2024 14:04:15;002e06393a601b1400020e26;0,46;6,57;58,96;27,20;0,02;14;3,80
2A0C969;25/06/2024 14:03:45;012706383d4c1b1400031226;1,39;6,56;61,76;27,20;0,03;18;3,80
2A0C969;25/06/2024 14:03:16;022306363c341b1400031b26;2,35;6,54;60,52;27,20;0,03;27;3,80
2A0C969;25/06/2024 14:02:47;032206353b061b1400032c26;3,34;6,53;59,06;27,20;0,03;44;3,80
2A0C969;25/06/2024 14:01:47;046006313d311b14000ed027;4,96;6,49;61,49;27,20;0,14;208;3,90
2A0C969;25/06/2024 7:58:09;0131032b3c501b0000041f26;1,49;3,43;60,80;27,00;0,04;31;3,80
2A0C969;25/06/2024 7:58:39;003603343c3d1b0000030f26;0,54;3,52;60,61;27,00;0,03;15;3,80
2A0C969;25/06/2024 7:58:09;0131032b3c501b0000041f26;1,49;3,43;60,80;27,00;0,04;31;3,80
2A0C969;25/06/2024 7:58:39;003603343c3d1b0000030f26;0,54;3,52;60,61;27,00;0,03;15;3,80
2A0C969;25/06/2024 7:57:40;022f03273a181b0000043326;2,47;3,39;58,24;27,00;0,04;51;3,80
2A0C969;25/06/2024 7:57:10;032d03253a181b0000045926;3,45;3,37;58,24;27,00;0,04;89;3,80
2A0C969;25/06/2024 7:56:11;046303253c271b0000063727;4,99;3,37;60,39;27,00;0,06;55;3,90
2A0C969;25/06/2024 1:53:18;002d060d0000000000040e26;0,45;6,13;0,00;0,00;0,04;14;3,80
2A0C969;25/06/2024 1:52:49;013f060e0000000000041426;1,63;6,14;0,00;0,00;0,04;20;3,80
2A0C969;25/06/2024 1:52:19;025d060e0000000000042426;2,93;6,14;0,00;0,00;0,04;36;3,80
2A0C969;25/06/2024 1:51:19;0461060d000000000009f727;4,97;6,13;0,00;0,00;0,09;247;3,90
2A0C969;24/06/2024 19:47:59;3,31E+44;0,51;8,54;0,00;0,00;0,03;14;3,80
2A0C969;24/06/2024 19:47:30;015008370000000000041226;1,80;8,55;0,00;0,00;0,04;18;3,80
2A0C969;24/06/2024 19:47:00;030a08370000000000041f26;3,10;8,55;0,00;0,00;0,04;31;3,80
2A0C969;24/06/2024 19:46:01;045f083c00000000000ad227;4,95;8,60;0,00;0,00;0,10;210;3,90
2A0C969;24/06/2024 13:42:56;003008073b1e1b0000021026;0,48;8,07;59,30;27,00;0,02;16;3,80
2A0C969;24/06/2024 13:42:27;010408083c5b1b0000021526;1,04;8,08;60,91;27,00;0,02;21;3,80
2A0C969;24/06/2024 13:41:58;020608043a1d1b0000032026;2,06;8,04;58,29;27,00;0,03;32;3,80
2A0C969;24/06/2024 13:41:28;030208043c611b0000033726;3,02;8,04;60,97;27,00;0,03;55;3,80
2A0C969;24/06/2024 13:40:28;045f07613e021b00001a0227;4,95;7,97;62,02;27,00;0,26;2;3,90
2A0C969;24/06/2024 7:37:30;011e06210000000000042426;1,30;6,33;0,00;0,00;0,04;36;3,80
2A0C969;24/06/2024 7:37:02;024006250000000000044b26;2,64;6,37;0,00;0,00;0,04;75;3,80
2A0C969;24/06/2024 7:36:31;035206230000000000039c26;3,82;6,35;0,00;0,00;0,03;156;3,80
2A0C969;24/06/2024 7:35:33;045f06230000000000135b27;4,95;6,35;0,00;0,00;0,19;91;3,90
2A0C969;24/06/2024 1:32:28;002c06470000000000041126;0,44;6,71;0,00;0,00;0,04;17;3,80
2A0C969;24/06/2024 1:31:59;013e06440000000000041c26;1,62;6,68;0,00;0,00;0,04;28;3,80
2A0C969;24/06/2024 1:31:29;026206480000000000043926;2,98;6,72;0,00;0,00;0,04;57;3,80
2A0C969;24/06/2024 1:30:30;0461064a0000000000352627;4,97;6,74;0,00;0,00;0,53;38;3,90
2A0C969;23/06/2024 19:27:54;3,01E+44;0,48;8,23;0,00;0,00;0,03;14;3,80
2A0C969;23/06/2024 19:27:21;014808160000000000041526;1,72;8,22;0,00;0,00;0,04;21;3,80
2A0C969;23/06/2024 19:26:52;030208160000000000042626;3,02;8,22;0,00;0,00;0,04;38;3,80
2A0C969;23/06/2024 19:25:52;045d08160000000000050427;4,93;8,22;0,00;0,00;0,05;4;3,90
2A0C969;23/06/2024 13:22:32;003806223e331a5000021426;0,56;6,34;62,51;26,80;0,02;20;3,80
2A0C969;23/06/2024 13:22:02;005c062139241a5000031f26;0,92;6,33;57,36;26,80;0,03;31;3,80
2A0C969;23/06/2024 13:21:32;015b06223b551a5000033326;1,91;6,34;59,85;26,80;0,03;51;3,80
2A0C969;23/06/2024 13:21:03;034b06203d231a5000039626;3,75;6,32;61,35;26,80;0,03;150;3,80
2A0C969;23/06/2024 13:20:03;045f061d3c601a5000045127;4,95;6,29;60,96;26,80;0,04;81;3,90
2A0C969;23/06/2024 7:17:09;003904243c2a1a3c00031b26;0,57;4,36;60,42;26,60;0,03;27;3,80
2A0C969;23/06/2024 7:16:39;01050422394a1a3c00042c26;1,05;4,34;57,74;26,60;0,04;44;3,80
2A0C969;23/06/2024 7:16:10;020504223c3d1a3c00034c26;2,05;4,34;60,61;26,60;0,03;76;3,80
2A0C969;23/06/2024 7:15:40;0300041f3b231a3c00038026;3,00;4,31;59,35;26,60;0,03;128;3,80
2A0C969;23/06/2024 7:14:40;046204223d391a3c00048727;4,98;4,34;61,57;26,60;0,04;135;3,90
2A0C969;23/06/2024 1:11:24;0059061a3b521a5a00041c26;0,89;6,26;59,82;26,90;0,04;28;3,80
2A0C969;23/06/2024 1:10:54;015706183b511a5a00043026;1,87;6,24;59,81;26,90;0,04;48;3,80
2A0C969;23/06/2024 1:10:25;034e06173b561a5a00049026;3,78;6,23;59,86;26,90;0,04;144;3,80
2A0C969;23/06/2024 1:09:25;046106193d061a5a00094727;4,97;6,25;61,06;26,90;0,09;71;3,90
2A0C969;22/06/2024 19:06:16;004708353c5a1b0a00041526;0,71;8,53;60,90;27,10;0,04;21;3,80
2A0C969;22/06/2024 19:05:47;024208363a101b0a00043926;2,66;8,54;58,16;27,10;0,04;57;3,80
2A0C969;22/06/2024 19:05:17;0337083739061b0a00036526;3,55;8,55;57,06;27,10;0,03;101;3,80
2A0C969;22/06/2024 19:04:20;045f083a3c101b0a00100927;4,95;8,58;60,16;27,10;0,16;9;3,90
2A0C969;22/06/2024 13:01:16;003e072b3a4d1a4600021026;0,62;7,43;58,77;26,70;0,02;16;3,80
2A0C969;22/06/2024 13:00:46;0052072b38181a4600022026;0,82;7,43;56,24;26,70;0,02;32;3,80
2A0C969;22/06/2024 13:00:16;024f07273d371a4600025e26;2,79;7,39;61,55;26,70;0,02;94;3,80
2A0C969;22/06/2024 12:59:47;034707283a5c1a4600029e26;3,71;7,40;58,92;26,70;0,02;158;3,80
2A0C969;22/06/2024 12:58:47;0501072d3d001a4600095f27;5,01;7,45;61,00;26,70;0,09;95;3,90
2A0C969;22/06/2024 6:55:31;003703063c421a2800032426;0,55;3,06;60,66;26,40;0,03;36;3,80
2A0C969;22/06/2024 6:55:01;011103033a271a2800033d26;1,17;3,03;58,39;26,40;0,03;61;3,80
2A0C969;22/06/2024 6:54:31;021102633a2a1a2800036826;2,17;2,99;58,42;26,40;0,03;104;3,80
2A0C969;22/06/2024 6:54:01;031002613b5d1a280003aa26;3,16;2,97;59,93;26,40;0,03;170;3,80
2A0C969;22/06/2024 6:53:03;050402633c601a28000fbc27;5,04;2,99;60,96;26,40;0,15;188;3,90
2A0C969;22/06/2024 0:50:17;003905523d311a2800041c26;0,57;5,82;61,49;26,40;0,04;28;3,80
2A0C969;22/06/2024 0:49:48;011105513a121a2800052d26;1,17;5,81;58,18;26,40;0,05;45;3,80
2A0C969;22/06/2024 0:49:19;0210054e3d611a2800044e26;2,16;5,78;61,97;26,40;0,04;78;3,80
2A0C969;22/06/2024 0:48:48;030e054e3d5e1a2800048426;3,14;5,78;61,94;26,40;0,04;132;3,80
2A0C969;22/06/2024 0:47:48;050405513f061a28000b9227;5,04;5,81;63,06;26,40;0,11;146;3,90
2A0C969;21/06/2024 18:44:38;003a093c3d371a2800032226;0,58;9,60;61,55;26,40;0,03;34;3,80
2A0C969;21/06/2024 18:44:08;011f093a3b0a1a2800033926;1,31;9,58;59,10;26,40;0,03;57;3,80
2A0C969;21/06/2024 18:43:39;021e093b3b0e1a1e00036326;2,30;9,59;59,14;26,30;0,03;99;3,80
2A0C969;21/06/2024 18:43:09;031e093b40591a1e0003a326;3,30;9,59;64,89;26,30;0,03;163;3,80
2A0C969;21/06/2024 18:42:09;050309393c081a1e000eb827;5,03;9,57;60,08;26,30;0,14;184;3,90
2A0C969;21/06/2024 12:38:48;003f07013e34195a00024326;0,63;7,01;62,52;25,90;0,02;67;3,80
2A0C969;21/06/2024 12:38:19;005507013a3a195000027026;0,85;7,01;58,58;25,80;0,02;112;3,80
2A0C969;21/06/2024 12:37:49;025406623a44195000020726;2,84;6,98;58,68;25,80;0,02;7;3,80
2A0C969;21/06/2024 12:37:20;034c06633a4d195000026826;3,76;6,99;58,77;25,80;0,02;104;3,80
2A0C969;21/06/2024 12:36:20;050507013e15195000051527;5,05;7,01;62,21;25,80;0,05;21;3,90
2A0C969;21/06/2024 6:33:24;003a04413b2a1a0000033626;0,58;4,65;59,42;26,00;0,03;54;3,80
2A0C969;21/06/2024 6:32:54;010a04403f411a0000035d26;1,10;4,64;63,65;26,00;0,03;93;3,80
2A0C969;21/06/2024 6:32:25;0208043e3b561a0000039726;2,08;4,62;59,86;26,00;0,03;151;3,80
2A0C969;21/06/2024 6:31:55;0304043e3b591a000003e526;3,04;4,62;59,89;26,00;0,03;229;3,80
2A0C969;21/06/2024 6:30:55;050504433d5c1a000007f327;5,05;4,67;61,92;26,00;0,07;243;3,90
2A0C969;21/06/2024 0:27:58;014404093d4c1a3200033926;1,68;4,09;61,76;26,50;0,03;57;3,80
2A0C969;21/06/2024 0:27:29;023d04083b0c1a3200036426;2,61;4,08;59,12;26,50;0,03;100;3,80
2A0C969;21/06/2024 0:26:59;033804083c111a280003a326;3,56;4,08;60,17;26,40;0,03;163;3,80
2A0C969;21/06/2024 0:25:59;0505040c3d1a1a320205a627;5,05;4,12;61,26;26,50;2,05;166;3,90
2A0C969;20/06/2024 12:15:50;003807053801195000035a26;0,56;7,05;56,01;25,80;0,03;90;3,80
2A0C969;20/06/2024 12:15:17;006207043b49195000039326;0,98;7,04;59,73;25,80;0,03;147;3,80
2A0C969;20/06/2024 12:14:48;016307033c5c19500003de26;1,99;7,03;60,92;25,80;0,03;222;3,80
2A0C969;20/06/2024 12:14:18;03550703381c195000029b26;3,85;7,03;56,28;25,80;0,02;155;3,80
2A0C969;20/06/2024 12:13:18;050407043f42195001034027;5,04;7,04;63,66;25,80;1,03;64;3,90
2A0C969;20/06/2024 6:10:29;011a043a3c18194600038626;1,26;4,58;60,24;25,70;0,03;134;3,80
2A0C969;20/06/2024 6:09:59;020f043a3d4519460003cd26;2,15;4,58;61,69;25,70;0,03;205;3,80
2A0C969;20/06/2024 6:09:30;030904383c32194600032426;3,09;4,56;60,50;25,70;0,03;36;3,80
2A0C969;20/06/2024 6:08:30;050604334002193c00202b27;5,06;4,51;64,02;25,60;0,32;43;3,90
2A0C969;20/06/2024 0:05:28;0041060e3b101a3c00031526;0,65;6,14;59,16;26,60;0,03;21;3,80
2A0C969;20/06/2024 0:04:58;0130060d3a111a3c00033726;1,48;6,13;58,17;26,60;0,03;55;3,80
2A0C969;20/06/2024 0:04:32;022c06103b131a3c00045f26;2,44;6,16;59,19;26,60;0,04;95;3,80
2A0C969;20/06/2024 0:03:59;032b06113b271a3c00049e26;3,43;6,17;59,39;26,60;0,04;158;3,80
2A0C969;20/06/2024 0:02:59;0504061540151a3c000c7d27;5,04;6,21;64,21;26,60;0,12;125;3,90
2A0C969;19/06/2024 18:00:37;002806583a251b1400031126;0,40;6,88;58,37;27,20;0,03;17;3,80
2A0C969;19/06/2024 18:00:07;011b06593b331b0a00041926;1,27;6,89;59,51;27,10;0,04;25;3,80
2A0C969;19/06/2024 17:59:41;023106593b631b1400032d26;2,49;6,89;59,99;27,20;0,03;45;3,80
2A0C969;19/06/2024 17:59:08;032d06593b631b1400035126;3,45;6,89;59,99;27,20;0,03;81;3,80
2A0C969;19/06/2024 17:58:08;0464065939581b140205eb27;5,00;6,89;57,88;27,20;2,05;235;3,90
2A0C969;19/06/2024 11:55:05;011705593f141a4600021426;1,23;5,89;63,20;26,70;0,02;20;3,80
2A0C969;19/06/2024 11:54:36;021605583b131a4600022026;2,22;5,88;59,19;26,70;0,02;32;3,80
2A0C969;19/06/2024 11:54:06;031205583d531a4600023526;3,18;5,88;61,83;26,70;0,02;53;3,80
2A0C969;19/06/2024 11:53:06;0502055c3e631a46000e4f27;5,02;5,92;62,99;26,70;0,14;79;3,90
2A0C969;19/06/2024 5:50:07;003106143c131a5a00021226;0,49;6,20;60,19;26,90;0,02;18;3,80
2A0C969;19/06/2024 5:49:38;006106133d471a5a00031c26;0,97;6,19;61,71;26,90;0,03;28;3,80
2A0C969;19/06/2024 5:49:08;016106133d4f1a5a00022e26;1,97;6,19;61,79;26,90;0,02;46;3,80
2A0C969;19/06/2024 5:48:39;035406133d5f1a5a00028c26;3,84;6,19;61,95;26,90;0,02;140;3,80
2A0C969;19/06/2024 5:47:39;050006133b611a5a00072e27;5,00;6,19;59,97;26,90;0,07;46;3,90
2A0C969;18/06/2024 23:44:27;003406493d251b1400020c26;0,52;6,73;61,37;27,20;0,02;12;3,80
2A0C969;18/06/2024 23:43:58;010406483d2f1b1400021226;1,04;6,72;61,47;27,20;0,02;18;3,80
2A0C969;18/06/2024 23:43:31;015706473d2f1b1400021a26;1,87;6,71;61,47;27,20;0,02;26;3,80
2A0C969;18/06/2024 23:42:58;034a06473f0e1b1400034d26;3,74;6,71;63,14;27,20;0,03;77;3,80
2A0C969;18/06/2024 23:41:59;0501064a3f481b14000cde27;5,01;6,74;63,72;27,20;0,12;222;3,90
2A0C969;18/06/2024 17:39:04;003207133b331b3200020c26;0,50;7,19;59,51;27,50;0,02;12;3,80
2A0C969;18/06/2024 17:38:35;004507123e371b3200020d26;0,69;7,18;62,55;27,50;0,02;13;3,80
2A0C969;18/06/2024 17:38:08;014707133c611b3200021126;1,71;7,19;60,97;27,50;0,02;17;3,80
2A0C969;18/06/2024 17:37:36;034507103d101b3200022826;3,69;7,16;61,16;27,50;0,02;40;3,80
2A0C969;18/06/2024 17:36:36;0463070c3f2a1b3200107827;4,99;7,12;63,42;27,50;0,16;120;3,90
2A0C969;18/06/2024 11:33:20;003507133e451b0a00020d26;0,53;7,19;62,69;27,10;0,02;13;3,80
2A0C969;18/06/2024 11:32:50;004e0713401c1b0a00021626;0,78;7,19;64,28;27,10;0,02;22;3,80
2A0C969;18/06/2024 11:32:21;015207143d351b0a00022326;1,82;7,20;61,53;27,10;0,02;35;3,80
2A0C969;18/06/2024 11:31:52;034c07153d441b0a00026f26;3,76;7,21;61,68;27,10;0,02;111;3,80
2A0C969;18/06/2024 11:30:51;0501070f3e301b0a0004f727;5,01;7,15;62,48;27,10;0,04;247;3,90
2A0C969;18/06/2024 5:27:54;0131063f405c1b0000022126;1,49;6,63;64,92;27,00;0,02;33;3,80
2A0C969;18/06/2024 5:27:25;0234063f3f131b0000023a26;2,52;6,63;63,19;27,00;0,02;58;3,80
2A0C969;18/06/2024 5:26:55;032f06413f1a1b0000026726;3,47;6,65;63,26;27,00;0,02;103;3,80
2A0C969;18/06/2024 5:25:55;046306433d261b0000121127;4,99;6,67;61,38;27,00;0,18;17;3,90
2A0C969;17/06/2024 23:22:33;0035072c3c1a1a5a00021226;0,53;7,44;60,26;26,90;0,02;18;3,80
2A0C969;17/06/2024 23:22:03;0140072c3d491a5a00022c26;1,64;7,44;61,73;26,90;0,02;44;3,80
2A0C969;17/06/2024 23:21:34;0242072c3c311a5a00024d26;2,66;7,44;60,49;26,90;0,02;77;3,80
2A0C969;17/06/2024 23:21:04;033b072c3c2d1a5a00028426;3,59;7,44;60,45;26,90;0,02;132;3,80
2A0C969;17/06/2024 23:20:04;0500072f3e5a1a5000324027;5,00;7,47;62,90;26,80;0,50;64;3,90
2A0C969;17/06/2024 17:16:56;002c074b3c2c1a5a00021726;0,44;7,75;60,44;26,90;0,02;23;3,80
2A0C969;17/06/2024 17:16:27;010d074c3c411a5000022526;1,13;7,76;60,65;26,80;0,02;37;3,80
2A0C969;17/06/2024 17:15:56;020e074d3c491a5000024126;2,14;7,77;60,73;26,80;0,02;65;3,80
2A0C969;17/06/2024 17:15:27;0354074f3e181a500002b826;3,84;7,79;62,24;26,80;0,02;184;3,80
2A0C969;17/06/2024 17:14:30;0463074e3d261a5a000d2127;4,99;7,78;61,38;26,90;0,13;33;3,90
2A0C969;17/06/2024 11:11:08;002d064141021a3c00021b26;0,45;6,65;65,02;26,60;0,02;27;3,80
2A0C969;17/06/2024 11:10:38;011d06423e151a3c00022c26;1,29;6,66;62,21;26,60;0,02;44;3,80
2A0C969;17/06/2024 11:10:09;021e06413a1a1a3c00024d26;2,30;6,65;58,26;26,60;0,02;77;3,80
2A0C969;17/06/2024 11:09:39;031f063f3e251a3c00028426;3,31;6,63;62,37;26,60;0,02;132;3,80
2A0C969;17/06/2024 11:08:39;0502063c3f161a3c00088027;5,02;6,60;63,22;26,60;0,08;128;3,90
2A0C969;17/06/2024 5:05:35;014107053e281a3c00024d26;1,65;7,05;62,40;26,60;0,02;77;3,80
2A0C969;17/06/2024 5:05:06;023f07093e341a3c00028326;2,63;7,09;62,52;26,60;0,02;131;3,80
2A0C969;17/06/2024 5:04:36;033707093e301a3c0002ce26;3,55;7,09;62,48;26,60;0,02;206;3,80
2A0C969;17/06/2024 5:03:37;050207153e5f1a3c001e7d27;5,02;7,21;62,95;26,60;0,30;125;3,90
2A0C969;16/06/2024 23:00:26;004f07133d541a5000021f26;0,79;7,19;61,84;26,80;0,02;31;3,80
2A0C969;16/06/2024 22:59:57;015007133f1e1a5000023426;1,80;7,19;63,30;26,80;0,02;52;3,80
2A0C969;16/06/2024 22:59:27;034707133e051a5000029a26;3,71;7,19;62,05;26,80;0,02;154;3,80
2A0C969;16/06/2024 22:58:27;050107163e481a50001f4c27;5,01;7,22;62,72;26,80;0,31;76;3,90
2A0C969;16/06/2024 16:55:15;0033073b3c4f1a3200022c26;0,51;7,59;60,79;26,50;0,02;44;3,80
2A0C969;16/06/2024 16:54:45;013107373f3e1a3200024c26;1,49;7,55;63,62;26,50;0,02;76;3,80
2A0C969;16/06/2024 16:54:15;0232073a3d181a3200028126;2,50;7,58;61,24;26,50;0,02;129;3,80
2A0C969;16/06/2024 16:53:46;032e07393d101a320002cd26;3,46;7,57;61,16;26,50;0,02;205;3,80
2A0C969;16/06/2024 16:52:47;0463073b3f0c1a3200288a27;4,99;7,59;63,12;26,50;0,40;138;3,90
2A0C969;16/06/2024 10:49:21;003606393c15195a00023a26;0,54;6,57;60,21;25,90;0,02;58;3,80
2A0C969;16/06/2024 10:48:52;005f063a3c1d195a00026226;0,95;6,58;60,29;25,90;0,02;98;3,80
2A0C969;16/06/2024 10:48:22;0163063b3f08195a00029f26;1,99;6,59;63,08;25,90;0,02;159;3,80
2A0C969;16/06/2024 10:47:53;035706393d53195a00024d26;3,87;6,57;61,83;25,90;0,02;77;3,80
2A0C969;16/06/2024 10:46:53;050206344118195a0004f427;5,02;6,52;65,24;25,90;0,04;244;3,90
2A0C969;16/06/2024 4:43:58;011601093b531a0000025d27;1,22;1,09;59,83;26,00;0,02;93;3,90
2A0C969;16/06/2024 4:43:29;020901033e291a0000029827;2,09;1,03;62,41;26,00;0,02;152;3,90
2A0C969;16/06/2024 4:42:59;030400633e2a1a000003e627;3,04;0,99;62,42;26,00;0,03;230;3,90
2A0C969;16/06/2024 4:41:59;050300603b511a000160ed27;5,03;0,96;59,81;26,00;1,96;237;3,90
2A0C969;15/06/2024 22:39:07;011606263c601a1e00023626;1,22;6,38;60,96;26,30;0,02;54;3,80
2A0C969;15/06/2024 22:38:38;023306263c5b1a1e00029a26;2,51;6,38;60,91;26,30;0,02;154;3,80
2A0C969;15/06/2024 22:38:08;032306253c601a1e0002ec26;3,35;6,37;60,96;26,30;0,02;236;3,80
2A0C969;15/06/2024 22:37:09;0502062a3d4a1a1e0139ad27;5,02;6,42;61,74;26,30;1,57;173;3,90
2A0C969;15/06/2024 16:33:13;013008123f07195a0002a726;1,48;8,18;63,07;25,90;0,02;167;3,80
2A0C969;15/06/2024 16:32:13;022608133e4b195a0002f926;2,38;8,19;62,75;25,90;0,02;249;3,80
2A0C969;15/06/2024 4:18:40;0032064b3d15195000024a27;0,50;6,75;61,21;25,80;0,02;74;3,90
2A0C969;15/06/2024 4:18:10;0060064a3e34195000027b27;0,96;6,74;62,52;25,80;0,02;123;3,90
2A0C969;15/06/2024 4:17:41;0163064c3d0d19500002bf27;1,99;6,76;61,13;25,80;0,02;191;3,90
2A0C969;15/06/2024 4:17:11;0261064c3a1f195000021527;2,97;6,76;58,31;25,80;0,02;21;3,90
2A0C969;15/06/2024 4:16:11;0501064b3c5c195002051d27;5,01;6,75;60,92;25,80;2,05;29;3,90
2A0C969;14/06/2024 22:12:45;0034065d3b0f195000028327;0,52;6,93;59,15;25,80;0,02;131;3,90
2A0C969;14/06/2024 22:12:15;0130065b3d4f19500002cb27;1,48;6,91;61,79;25,80;0,02;203;3,90
2A0C969;14/06/2024 22:11:46;0234065c405a195000022227;2,52;6,92;64,90;25,80;0,02;34;3,90
2A0C969;14/06/2024 22:11:16;0330065d3d64195000028527;3,48;6,93;62,00;25,80;0,02;133;3,90
2A0C969;14/06/2024 22:10:16;0501065e3f51195000112227;5,01;6,94;63,81;25,80;0,17;34;3,90
2A0C969;14/06/2024 16:07:10;003a071a3f01195000012b27;0,58;7,26;63,01;25,80;0,01;43;3,90
2A0C969;14/06/2024 16:06:40;013e071b3f1419500002bc27;1,62;7,27;63,20;25,80;0,02;188;3,90
2A0C969;14/06/2024 16:06:10;0241071d3b0d195000021227;2,65;7,29;59,13;25,80;0,02;18;3,90
2A0C969;14/06/2024 16:05:41;033d071f3f28195000027227;3,61;7,31;63,40;25,80;0,02;114;3,90
2A0C969;14/06/2024 16:04:41;0502071d3e44195000121627;5,02;7,29;62,68;25,80;0,18;22;3,90
2A0C969;14/06/2024 10:01:19;003b06303c5c19320002b527;0,59;6,48;60,92;25,50;0,02;181;3,90
2A0C969;14/06/2024 10:00:49;013b06313a22193200020627;1,59;6,49;58,34;25,50;0,02;6;3,90
2A0C969;14/06/2024 10:00:20;023e062e3e31193200026227;2,62;6,46;62,49;25,50;0,02;98;3,90
2A0C969;14/06/2024 9:59:50;033b06323f5619320002c627;3,59;6,50;63,86;25,50;0,02;198;3,90
2A0C969;14/06/2024 9:58:50;050706333e57193200075e27;5,07;6,51;62,87;25,50;0,07;94;3,90
2A0C969;14/06/2024 3:55:42;003d052d3e34193c00029427;0,61;5,45;62,52;25,60;0,02;148;3,90
2A0C969;14/06/2024 3:55:12;004805293f46193c00023827;0,72;5,41;63,70;25,60;0,02;56;3,90
2A0C969;14/06/2024 3:54:42;024e05253a3c193c00020027;2,78;5,37;58,60;25,60;0,02;0;3,90
2A0C969;14/06/2024 3:54:13;034805253f54193c00026a27;3,72;5,37;63,84;25,60;0,02;106;3,90
2A0C969;14/06/2024 3:53:14;050805203e3b193c00055427;5,08;5,32;62,59;25,60;0,05;84;3,90
2A0C969;13/06/2024 21:50:03;003d06593d54195000022e27;0,61;6,89;61,84;25,80;0,02;46;3,90
2A0C969;13/06/2024 21:49:33;0140065a3e0c19500002c627;1,64;6,90;62,12;25,80;0,02;198;3,90
2A0C969;13/06/2024 21:49:04;0245065b3f24195000021c27;2,69;6,91;63,36;25,80;0,02;28;3,90
2A0C969;13/06/2024 21:48:34;0341065b3f33195000027e27;3,65;6,91;63,51;25,80;0,02;126;3,90
2A0C969;13/06/2024 21:47:35;0508065d3b54195000042527;5,08;6,93;59,84;25,80;0,04;37;3,90
2A0C969;13/06/2024 15:44:34;003706633c16194600028927;0,55;6,99;60,22;25,70;0,02;137;3,90
2A0C969;13/06/2024 15:44:04;013506633d5f19460002f427;1,53;6,99;61,95;25,70;0,02;244;3,90
2A0C969;13/06/2024 15:43:34;023907023b08194600026127;2,57;7,02;59,08;25,70;0,02;97;3,90
2A0C969;13/06/2024 15:43:04;033807023c2819460002d127;3,56;7,02;60,40;25,70;0,02;209;3,90
2A0C969;13/06/2024 15:42:05;051007043e2d194602052527;5,16;7,04;62,45;25,70;2,05;37;3,90
2A0C969;13/06/2024 9:38:36;003f042d3a5c192800021327;0,63;4,45;58,92;25,40;0,02;19;3,90
2A0C969;13/06/2024 9:38:06;0107042a3d2c192800027b27;1,07;4,42;61,44;25,40;0,02;123;3,90
2A0C969;13/06/2024 9:37:37;024d04263c05192800025127;2,77;4,38;60,05;25,40;0,02;81;3,90
2A0C969;13/06/2024 9:37:07;033a04293a5f19280002be27;3,58;4,41;58,95;25,40;0,02;190;3,90
2A0C969;13/06/2024 9:36:08;051404283d591928001e9227;5,20;4,40;61,89;25,40;0,30;146;3,90
2A0C969;13/06/2024 3:32:56;011f05023a35193200025b27;1,31;5,02;58,53;25,50;0,02;91;3,90
2A0C969;13/06/2024 3:32:27;016205013e3b193200029127;1,98;5,01;62,59;25,50;0,02;145;3,90
2A0C969;13/06/2024 3:31:57;024005023e2a19320002da27;2,64;5,02;62,42;25,50;0,02;218;3,90
2A0C969;13/06/2024 3:31:28;03600503400f193200029127;3,96;5,03;64,15;25,50;0,02;145;3,90
2A0C969;13/06/2024 3:30:28;051205043c121932000c6e27;5,18;5,04;60,18;25,50;0,12;110;3,90
2A0C969;12/06/2024 21:27:45;003c055d3d07193c00027227;0,60;5,93;61,07;25,60;0,02;114;3,90
2A0C969;12/06/2024 21:27:15;0055055e3b54193c0002b327;0,85;5,94;59,84;25,60;0,02;179;3,90
2A0C969;12/06/2024 21:26:46;024c055d3b41193c00026227;2,76;5,93;59,65;25,60;0,02;98;3,90
2A0C969;12/06/2024 21:26:16;0346055d3e25193c0002c627;3,70;5,93;62,37;25,60;0,02;198;3,90
2A0C969;12/06/2024 21:25:17;0513055f3c5e193c00045227;5,19;5,95;60,94;25,60;0,04;82;3,90
2A0C969;12/06/2024 15:22:06;012e05433a2a193c00025827;1,46;5,67;58,42;25,60;0,02;88;3,90
2A0C969;12/06/2024 15:21:40;025605433a51193c0002da27;2,86;5,67;58,81;25,60;0,02;218;3,90
2A0C969;12/06/2024 15:21:07;033605423b44193c00023427;3,54;5,66;59,68;25,60;0,02;52;3,90
2A0C969;12/06/2024 15:20:07;050f05483b5c193c00073c27;5,15;5,72;59,92;25,60;0,07;60;3,90
2A0C969;12/06/2024 9:17:05;003406243c42193c00025c27;0,52;6,36;60,66;25,60;0,02;92;3,90
2A0C969;12/06/2024 9:16:35;011a06253b32193c00029427;1,26;6,37;59,50;25,60;0,02;148;3,90
2A0C969;12/06/2024 9:16:05;021a06253f4f193c0002df27;2,26;6,37;63,79;25,60;0,02;223;3,90
2A0C969;12/06/2024 9:15:35;031b06253c59193c00023727;3,27;6,37;60,89;25,60;0,02;55;3,90
2A0C969;12/06/2024 9:14:36;051206243b44193c000c3b27;5,18;6,36;59,68;25,60;0,12;59;3,90
2A0C969;12/06/2024 3:11:59;003406343b1c194600028127;0,52;6,52;59,28;25,70;0,02;129;3,90
2A0C969;12/06/2024 3:11:29;012f06333b3719460002c727;1,47;6,51;59,55;25,70;0,02;199;3,90
2A0C969;12/06/2024 3:10:59;023506333e15194600021e27;2,53;6,51;62,21;25,70;0,02;30;3,90
2A0C969;12/06/2024 3:10:30;033406343d47194600027e27;3,52;6,52;61,71;25,70;0,02;126;3,90
2A0C969;12/06/2024 3:09:30;050d06323b3e194600062327;5,13;6,50;59,62;25,70;0,06;35;3,90
2A0C969;11/06/2024 21:06:40;003506243c131a0a00025627;0,53;6,36;60,19;26,10;0,02;86;3,90
2A0C969;11/06/2024 21:06:10;013706283a631a0a00028e27;1,55;6,40;58,99;26,10;0,02;142;3,90
2A0C969;11/06/2024 21:05:40;023e06243c101a0a0002da27;2,62;6,36;60,16;26,10;0,02;218;3,90
2A0C969;11/06/2024 21:05:11;033d06243b611a0a00023827;3,61;6,36;59,97;26,10;0,02;56;3,90
2A0C969;11/06/2024 21:04:14;050906253b0c1a0a000cdc27;5,09;6,37;59,12;26,10;0,12;220;3,90
2A0C969;11/06/2024 15:00:59;002f06353b3c195a00025c27;0,47;6,53;59,60;25,90;0,02;92;3,90
2A0C969;11/06/2024 15:00:29;011306343a2a195a00029727;1,19;6,52;58,42;25,90;0,02;151;3,90
2A0C969;11/06/2024 15:00:00;021906353b44195a0002e527;2,25;6,53;59,68;25,90;0,02;229;3,90
2A0C969;11/06/2024 14:59:30;031d06333b38195a00024127;3,29;6,51;59,56;25,90;0,02;65;3,90
2A0C969;11/06/2024 14:58:30;050906343c52195a0205f127;5,09;6,52;60,82;25,90;2,05;241;3,90
2A0CFF1;11/06/2024 5:24:14;010e04070000000000020e20;1,14;4,07;0,00;0,00;0,02;14;3,20
2A0CFF1;11/06/2024 5:23:42;023e04040000000000013820;2,62;4,04;0,00;0,00;0,01;56;3,20
2A0CFF1;11/06/2024 5:23:11;035d04020000000000023c20;3,93;4,02;0,00;0,00;0,02;60;3,20
2A0CFF1;11/06/2024 5:22:12;050f03620000000000013c20;5,15;3,98;0,00;0,00;0,01;60;3,20
2A0CFF1;10/06/2024 23:18:44;003d0506000000000007f220;0,61;5,06;0,00;0,00;0,07;242;3,20
2A0CFF1;10/06/2024 23:17:36;020505020000000000072920;2,05;5,02;0,00;0,00;0,07;41;3,20
2A0CFF1;10/06/2024 23:16:24;032b05010000000000063c20;3,43;5,01;0,00;0,00;0,06;60;3,20
2A0CFF1;10/06/2024 23:15:18;050a05050000000000003c20;5,10;5,05;0,00;0,00;0,00;60;3,20
2A0CFF1;10/06/2024 17:12:17;00370705000000000001c720;0,55;7,05;0,00;0,00;0,01;199;3,20
2A0CFF1;10/06/2024 17:11:38;00390703000000000001e720;0,57;7,03;0,00;0,00;0,01;231;3,20
2A0CFF1;10/06/2024 17:11:10;020507030000000000003320;2,05;7,03;0,00;0,00;0,00;51;3,20
2A0CFF1;10/06/2024 17:10:06;032c07020000000000003c20;3,44;7,02;0,00;0,00;0,00;60;3,20
2A0CFF1;10/06/2024 17:08:57;050607013c5c193c00013c20;5,06;7,01;60,92;25,60;0,01;60;3,20
2A0CFF1;10/06/2024 11:05:22;003d0539000000000001f420;0,61;5,57;0,00;0,00;0,01;244;3,20
2A0CFF1;10/06/2024 11:04:47;010105350000000000012220;1,01;5,53;0,00;0,00;0,01;34;3,20
2A0CFF1;10/06/2024 11:04:19;023105350000000000013c20;2,49;5,53;0,00;0,00;0,01;60;3,20
2A0CFF1;10/06/2024 11:03:17;034405360000000000013c20;3,68;5,54;0,00;0,00;0,01;60;3,20
2A0CFF1;10/06/2024 11:02:04;050d05330000000000013c21;5,13;5,51;0,00;0,00;0,01;60;3,30
2A0CFF1;10/06/2024 4:59:12;0032050b000000000000e920;0,50;5,11;0,00;0,00;0,00;233;3,20
2A0CFF1;10/06/2024 4:58:10;011905070000000000012420;1,25;5,07;0,00;0,00;0,01;36;3,20
2A0CFF1;10/06/2024 4:56:58;023305060000000000013c20;2,51;5,06;0,00;0,00;0,01;60;3,20
2A0CFF1;10/06/2024 4:55:50;034b05040000000000013c20;3,75;5,04;0,00;0,00;0,01;60;3,20
2A0CFF1;10/06/2024 4:54:41;050605073b4d192800013c21;5,06;5,07;59,77;25,40;0,01;60;3,30
2A0CFF1;9/06/2024 22:51:33;0037064d0000000000019520;0,55;6,77;0,00;0,00;0,01;149;3,20
2A0CFF1;9/06/2024 22:50:30;004c064c0000000000010c20;0,76;6,76;0,00;0,00;0,01;12;3,20
2A0CFF1;9/06/2024 22:49:21;014806490000000000012920;1,72;6,73;0,00;0,00;0,01;41;3,20
2A0CFF1;9/06/2024 22:48:12;034a064a0000000000013c20;3,74;6,74;0,00;0,00;0,01;60;3,20
2A0CFF1;9/06/2024 22:47:06;0506064c3d18193c00013c21;5,06;6,76;61,24;25,60;0,01;60;3,30
2A0CFF1;9/06/2024 16:43:54;004907200000000000010320;0,73;7,32;0,00;0,00;0,01;3;3,20
2A0CFF1;9/06/2024 16:43:19;020207200000000000012a20;2,02;7,32;0,00;0,00;0,01;42;3,20
2A0CFF1;9/06/2024 16:42:51;032507200000000000013c20;3,37;7,32;0,00;0,00;0,01;60;3,20
2A0CFF1;9/06/2024 16:41:45;050507210000000000013c21;5,05;7,33;0,00;0,00;0,01;60;3,30
2A0CFF1;9/06/2024 10:38:15;004506520000000000012620;0,69;6,82;0,00;0,00;0,01;38;3,20
2A0CFF1;9/06/2024 10:37:44;014f064e0000000000013c20;1,79;6,78;0,00;0,00;0,01;60;3,20
2A0CFF1;9/06/2024 10:37:13;034f064f0000000000023c20;3,79;6,79;0,00;0,00;0,02;60;3,20
2A0CFF1;9/06/2024 10:36:14;05080650373f1d2800013c21;5,08;6,80;55,63;29,40;0,01;60;3,30
2A0CFF1;9/06/2024 4:32:26;005e04610000000000012120;0,94;4,97;0,00;0,00;0,01;33;3,20
2A0CFF1;9/06/2024 4:31:18;022d04630000000000013c20;2,45;4,99;0,00;0,00;0,01;60;3,20
2A0CFF1;9/06/2024 4:30:09;035204630000000000013c20;3,82;4,99;0,00;0,00;0,01;60;3,20
2A0CFF1;9/06/2024 4:29:00;050905067756193200023c21;5,09;5,06;119,86;25,50;0,02;60;3,30
2A0CFF1;8/06/2024 22:25:58;0037063e0000000000018120;0,55;6,62;0,00;0,00;0,01;129;3,20
2A0CFF1;8/06/2024 22:25:23;0130063c000000000000fc20;1,48;6,60;0,00;0,00;0,00;252;3,20
2A0CFF1;8/06/2024 22:24:51;022b063d0000000000003120;2,43;6,61;0,00;0,00;0,00;49;3,20
2A0CFF1;8/06/2024 22:24:16;0332063a0000000000033c20;3,50;6,58;0,00;0,00;0,03;60;3,20
2A0CFF1;8/06/2024 22:23:15;050606403b36194600013c21;5,06;6,64;59,54;25,70;0,01;60;3,30
2A0CFF1;8/06/2024 16:19:20;0036073b0000000000015420;0,54;7,59;0,00;0,00;0,01;84;3,20
2A0CFF1;8/06/2024 16:18:10;003f073a000000000001e420;0,63;7,58;0,00;0,00;0,01;228;3,20
2A0CFF1;8/06/2024 16:17:02;0151073b0000000000062d20;1,81;7,59;0,00;0,00;0,06;45;3,20
2A0CFF1;8/06/2024 16:15:57;0306073d0000000000003b20;3,06;7,61;0,00;0,00;0,00;59;3,20
2A0CFF1;8/06/2024 16:14:44;0503073e3b14195000013c21;5,03;7,62;59,20;25,80;0,01;60;3,30
2A0CFF1;8/06/2024 10:11:20;003a041c0000000000006c20;0,58;4,28;0,00;0,00;0,00;108;3,20
2A0CFF1;8/06/2024 10:10:49;00340414000000000001cf20;0,52;4,20;0,00;0,00;0,01;207;3,20
2A0CFF1;8/06/2024 10:09:47;012404100000000000012520;1,36;4,16;0,00;0,00;0,01;37;3,20
2A0CFF1;8/06/2024 10:08:35;0256040c0000000000013c20;2,86;4,12;0,00;0,00;0,01;60;3,20
2A0CFF1;8/06/2024 10:07:26;0508040b38331d4600013c21;5,08;4,11;56,51;29,70;0,01;60;3,30
2A0CFF1;8/06/2024 4:04:14;003c0636000000000001e720;0,60;6,54;0,00;0,00;0,01;231;3,20
2A0CFF1;8/06/2024 4:03:42;003e06363c21192800010f20;0,62;6,54;60,33;25,40;0,01;15;3,20
2A0CFF1;8/06/2024 4:02:40;015006353f0e192800013320;1,80;6,53;63,14;25,40;0,01;51;3,20
2A0CFF1;8/06/2024 4:01:28;030106330000000000023c20;3,01;6,51;0,00;0,00;0,02;60;3,20
2A0CFF1;8/06/2024 4:00:19;050906373b2d192800013c21;5,09;6,55;59,45;25,40;0,01;60;3,30
2A0CFF1;7/06/2024 21:57:33;002e071b3a12193200000120;0,46;7,27;58,18;25,50;0,00;1;3,20
2A0CFF1;7/06/2024 21:57:01;0122071a0000000000012620;1,34;7,26;0,00;0,00;0,01;38;3,20
2A0CFF1;7/06/2024 21:56:30;0238071a0000000000013c20;2,56;7,26;0,00;0,00;0,01;60;3,20
2A0CFF1;7/06/2024 21:55:55;0337071b0000000000023c20;3,55;7,27;0,00;0,00;0,02;60;3,20
2A0CFF1;7/06/2024 21:54:55;0507071f0000000000013c21;5,07;7,31;0,00;0,00;0,01;60;3,30
2A0CFF1;7/06/2024 15:51:56;003907563c29193c00019b20;0,57;7,86;60,41;25,60;0,01;155;3,20
2A0CFF1;7/06/2024 15:51:28;004607550000000000020320;0,70;7,85;0,00;0,00;0,02;3;3,20
2A0CFF1;7/06/2024 15:50:56;015d07553e4e193c00012520;1,93;7,85;62,78;25,60;0,01;37;3,20
2A0CFF1;7/06/2024 15:49:54;034107560000000000003c20;3,65;7,86;0,00;0,00;0,00;60;3,20
2A0CFF1;7/06/2024 15:48:42;050507580000000000013c21;5,05;7,88;0,00;0,00;0,01;60;3,30
2A0CFF1;7/06/2024 9:45:29;004007013c37191e0000b821;0,64;7,01;60,55;25,30;0,00;184;3,30
2A0CFF1;7/06/2024 9:44:58;004507000000000000001a21;0,69;7,00;0,00;0,00;0,00;26;3,30
2A0CFF1;7/06/2024 9:44:30;024f07010000000000013c20;2,79;7,01;0,00;0,00;0,01;60;3,20
2A0CFF1;7/06/2024 9:43:54;034307010000000000013c21;3,67;7,01;0,00;0,00;0,01;60;3,30
2A0CFF1;7/06/2024 9:42:54;050a07023d27191400013c21;5,10;7,02;61,39;25,20;0,01;60;3,30
2A0CFF1;7/06/2024 3:38:54;003607192a1119280004f921;0,54;7,25;42,17;25,40;0,04;249;3,30
2A0CFF1;7/06/2024 3:37:45;011907183b3d193200032e21;1,25;7,24;59,61;25,50;0,03;46;3,30
2A0CFF1;7/06/2024 3:36:36;0212071a0000000000013c21;2,18;7,26;0,00;0,00;0,01;60;3,30
2A0CFF1;7/06/2024 3:35:30;032c071d3c0a193200013c21;3,44;7,29;60,10;25,50;0,01;60;3,30
2A0CFF1;7/06/2024 3:34:19;050b071a7158193200013c21;5,11;7,26;113,88;25,50;0,01;60;3,30
2A0CFF1;6/06/2024 21:31:15;0037073c396119460001c921;0,55;7,60;57,97;25,70;0,01;201;3,30
2A0CFF1;6/06/2024 21:30:40;0111073c3b48194600011921;1,17;7,60;59,72;25,70;0,01;25;3,30
2A0CFF1;6/06/2024 21:30:04;0224073d3f11194600013721;2,36;7,61;63,17;25,70;0,01;55;3,30
2A0CFF1;6/06/2024 21:29:33;032b073d39111c5000013c21;3,43;7,61;57,17;28,80;0,01;60;3,30
2A0CFF1;6/06/2024 21:28:30;0506073c3d03194600013c21;5,06;7,60;61,03;25,70;0,01;60;3,30
2A0CFF1;6/06/2024 15:25:08;003f07613d31195000005321;0,63;7,97;61,49;25,80;0,00;83;3,30
2A0CFF1;6/06/2024 15:24:36;014707603a52195000011421;1,71;7,96;58,82;25,80;0,01;20;3,30
2A0CFF1;6/06/2024 15:24:05;025307600000195000012a21;2,83;7,96;0,00;25,80;0,01;42;3,30
2A0CFF1;6/06/2024 15:23:37;034d076138431c3200013c21;3,77;7,97;56,67;28,50;0,01;60;3,30
2A0CFF1;6/06/2024 15:22:31;050407633a4e195000013c21;5,04;7,99;58,78;25,80;0,01;60;3,30
2A0CFF1;6/06/2024 9:18:59;004105443c4b19280001db21;0,65;5,68;60,75;25,40;0,01;219;3,30
2A0CFF1;6/06/2024 9:18:31;0040054138021d3c00010b21;0,64;5,65;56,02;29,60;0,01;11;3,30
2A0CFF1;6/06/2024 9:17:56;014605403e47192800013a21;1,70;5,64;62,71;25,40;0,01;58;3,30
2A0CFF1;6/06/2024 9:17:28;0354053c0000000000023c21;3,84;5,60;0,00;0,00;0,02;60;3,30
2A0CFF1;6/06/2024 9:16:26;050605393d15192800013c22;5,06;5,57;61,21;25,40;0,01;60;3,40
2A0CFF1;6/06/2024 3:13:26;00380647291619320001f421;0,56;6,71;41,22;25,50;0,01;244;3,30
2A0CFF1;6/06/2024 3:12:51;011706463c5a193200012221;1,23;6,70;60,90;25,50;0,01;34;3,30
2A0CFF1;6/06/2024 3:12:16;023006452501193200003c21;2,48;6,69;37,01;25,50;0,00;60;3,30
2A0CFF1;6/06/2024 3:11:19;033c06459f22193200013c21;3,60;6,69;159,34;25,50;0,01;60;3,30
2A0CFF1;5/06/2024 21:06:54;003d080f224819460001c721;0,61;8,15;34,72;25,70;0,01;199;3,30
2A0CFF1;5/06/2024 21:06:23;0106080e061819460001f621;1,06;8,14;6,24;25,70;0,01;246;3,30
2A0CFF1;5/06/2024 21:05:51;021d080e083c194600012a21;2,29;8,14;8,60;25,70;0,01;42;3,30
2A0CFF1;5/06/2024 21:05:20;0328080f37001e1400013c21;3,40;8,15;55,00;30,20;0,01;60;3,30
2A0CFF1;5/06/2024 21:04:21;05040815364e194600013c21;5,04;8,21;54,78;25,70;0,01;60;3,30
2A0CFF1;5/06/2024 15:00:57;003d07513d2b19280001e021;0,61;7,81;61,43;25,40;0,01;224;3,30
2A0CFF1;5/06/2024 15:00:22;012607513c5d192800011e21;1,38;7,81;60,93;25,40;0,01;30;3,30
2A0CFF1;5/06/2024 14:59:54;023e07523c5d192800003c21;2,62;7,82;60,93;25,40;0,00;60;3,30
2A0CFF1;5/06/2024 14:59:22;034807524264192800013c21;3,72;7,82;67,00;25,40;0,01;60;3,30
2A0CFF1;5/06/2024 14:58:20;050407563d12192800013c22;5,04;7,86;61,18;25,40;0,01;60;3,40
2A0CFF1;5/06/2024 8:54:51;004206333c42190a00011121;0,66;6,51;60,66;25,10;0,01;17;3,30
2A0CFF1;5/06/2024 8:54:20;015906333b57190a00033c21;1,89;6,51;59,87;25,10;0,03;60;3,30
2A0CFF1;5/06/2024 8:53:18;030b06323b60190a00013c21;3,11;6,50;59,96;25,10;0,01;60;3,30
2A0CFF1;5/06/2024 8:52:09;050706324427190a00013c22;5,07;6,50;68,39;25,10;0,01;60;3,40
2A0CFF1;5/06/2024 2:48:21;003a065b3b0f190a0001f921;0,58;6,91;59,15;25,10;0,01;249;3,30
2A0CFF1;5/06/2024 2:47:15;01320659374d1d1400012121;1,50;6,89;55,77;29,20;0,01;33;3,30
2A0CFF1;5/06/2024 2:46:04;024a065c374d1d1400013c21;2,74;6,92;55,77;29,20;0,01;60;3,30
2A0CFF1;5/06/2024 2:44:55;0348065b395e191400013c21;3,72;6,91;57,94;25,20;0,01;60;3,30
2A0CFF1;5/06/2024 2:43:47;0507065b3c001a2800013c22;5,07;6,91;60,00;26,40;0,01;60;3,40
2A0CFF1;4/06/2024 20:40:35;003b07083b60191e0000d721;0,59;7,08;59,96;25,30;0,00;215;3,30
2A0CFF1;4/06/2024 20:40:02;010e070736081d3200012f21;1,14;7,07;54,08;29,50;0,01;47;3,30
2A0CFF1;4/06/2024 20:39:28;022507063003191e00003c21;2,37;7,06;48,03;25,30;0,00;60;3,30
2A0CFF1;4/06/2024 20:38:29;0334070337091e1400013c21;3,52;7,03;55,09;30,20;0,01;60;3,30
2A0CFF1;4/06/2024 20:37:17;0504070c3b5a191e00013c22;5,04;7,12;59,90;25,30;0,01;60;3,40
2A0CFF1;4/06/2024 14:33:25;005a0743000000000000f221;0,90;7,67;0,00;0,00;0,00;242;3,30
2A0CFF1;4/06/2024 14:32:20;022a07420000000000013821;2,42;7,66;0,00;0,00;0,01;56;3,30
2A0CFF1;4/06/2024 14:31:11;035007400000000000013c21;3,80;7,64;0,00;0,00;0,01;60;3,30
2A0CFF1;4/06/2024 14:29:58;0505073f0000000000013c22;5,05;7,63;0,00;0,00;0,01;60;3,40
2A0CFF1;4/06/2024 8:26:37;003e05024832185a00011021;0,62;5,02;72,50;24,90;0,01;16;3,30
2A0CFF1;4/06/2024 8:26:09;006204621e40185a00013c21;0,98;4,98;30,64;24,90;0,01;60;3,30
2A0CFF1;4/06/2024 8:25:06;02170462394a1b2800003c21;2,23;4,98;57,74;27,40;0,00;60;3,30
2A0CFF1;4/06/2024 8:23:55;032704613d50185a00013c21;3,39;4,97;61,80;24,90;0,01;60;3,30
2A0CFF1;4/06/2024 8:22:49;050504633d3e185a00013c22;5,05;4,99;61,62;24,90;0,01;60;3,40
2A0CFF1;4/06/2024 2:19:00;003d06353e35190a0001ea21;0,61;6,53;62,53;25,10;0,01;234;3,30
2A0CFF1;4/06/2024 2:17:52;0114063538571c0a00013121;1,20;6,53;56,87;28,10;0,01;49;3,30
2A0CFF1;4/06/2024 2:16:43;022d06343c34190a00013c21;2,45;6,52;60,52;25,10;0,01;60;3,30
2A0CFF1;4/06/2024 2:15:34;033606353d0f190a00023c21;3,54;6,53;61,15;25,10;0,02;60;3,30
2A0CFF1;4/06/2024 2:14:25;050606353f09190a00013c22;5,06;6,53;63,09;25,10;0,01;60;3,40
2A0CFF1;3/06/2024 20:11:28;003f072a3c4919140001e921;0,63;7,42;60,73;25,20;0,01;233;3,30
2A0CFF1;3/06/2024 20:11:00;0035072a3c4919140002a822;0,53;7,42;60,73;25,20;0,02;168;3,40
2A0CFF1;3/06/2024 20:10:24;014407284236191e0001fc21;1,68;7,40;66,54;25,30;0,01;252;3,30
2A0CFF1;3/06/2024 20:09:56;025f07273b2a191e00013c21;2,95;7,39;59,42;25,30;0,01;60;3,30
2A0CFF1;3/06/2024 20:08:56;0503072c4028191e00003c22;5,03;7,44;64,40;25,30;0,00;60;3,40
2A0CFF1;3/06/2024 14:05:35;003e07103b2d190a00013c21;0,62;7,16;59,45;25,10;0,01;60;3,30
2A0CFF1;3/06/2024 14:05:02;011807123b32190a00012b21;1,24;7,18;59,50;25,10;0,01;43;3,30
2A0CFF1;3/06/2024 14:04:31;022f0713394c190a00013c21;2,47;7,19;57,76;25,10;0,01;60;3,30
2A0CFF1;3/06/2024 14:03:56;033b07143d38190a00013c21;3,59;7,20;61,56;25,10;0,01;60;3,30
2A0CFF1;3/06/2024 14:02:57;050707162c05190a00013c22;5,07;7,22;44,05;25,10;0,01;60;3,40
2A0CFF1;3/06/2024 7:59:36;003d06393b4618500001fa22;0,61;6,57;59,70;24,80;0,10;250;3,40
2A0CFF1;3/06/2024 7:59:08;011806393e48185000013c21;1,24;6,57;62,72;24,80;0,10;60;3,30
2A0CFF1;3/06/2024 7:58:37;023006393d29185000013c21;2,48;6,57;61,41;24,80;0,10;60;3,30
2A0CFF1;3/06/2024 7:58:01;033a06383e00185000013c22;3,58;6,56;62,00;24,80;0,10;60;3,40
2A0CFF1;3/06/2024 7:57:03;0508063c3e0c185000003c22;5,80;6,60;62,12;24,80;0,00;60;3,40
2A0CFF1;3/06/2024 1:54:02;0040065e3b48190000013c22;0,64;6,94;59,72;25,00;0,10;60;3,40
2A0CFF1;3/06/2024 1:53:23;0110065c3e58190000013921;1,16;6,92;62,88;25,00;0,10;57;3,30
2A0CFF1;3/06/2024 1:52:51;022a065c3c0a190000013c22;2,42;6,92;60,10;25,00;0,10;60;3,40
2A0CFF1;3/06/2024 1:51:53;033a065a3f0e190000013c21;3,58;6,90;63,14;25,00;0,10;60;3,30
2A0CFF1;3/06/2024 1:50:41;0509065b3d3d190000013c22;5,90;6,91;61,61;25,00;0,10;60;3,40
2A0CFF1;2/06/2024 19:47:45;0033071c3f4d19280001a622;0,51;7,28;63,77;25,40;0,10;166;3,40
2A0CFF1;2/06/2024 19:47:13;012d071b2c03192800013c22;1,45;7,27;44,30;25,40;0,10;60;3,40
2A0CFF1;2/06/2024 19:46:42;0245071a3e17192800013622;2,69;7,26;62,23;25,40;0,10;54;3,40
2A0CFF1;2/06/2024 19:45:43;034b07193d1b192800013c22;3,75;7,25;61,27;25,40;0,10;60;3,40
2A0CFF1;2/06/2024 13:41:14;003706470000190a0001a022;0,55;6,71;0,00;25,10;0,10;160;3,40
2A0CFF1;2/06/2024 13:40:43;012c0647422d190a0000e722;1,44;6,71;66,45;25,10;0,00;231;3,40
2A0CFF1;2/06/2024 13:40:14;024606483c2a190a00013222;2,70;6,72;60,42;25,10;0,10;50;3,40
2A0CFF1;2/06/2024 13:39:36;035206444856190a00013c22;3,82;6,68;72,86;25,10;0,10;60;3,40
2A0CFF1;2/06/2024 13:38:37;050f06463f1b190a00013c22;5,15;6,70;63,27;25,10;0,10;60;3,40
2A0CFF1;2/06/2024 7:35:35;0042045f3f3a19000000df22;0,66;4,95;63,58;25,00;0,00;223;3,40
2A0CFF1;2/06/2024 7:35:08;0063045d410e190000013122;0,99;4,93;65,14;25,00;0,10;49;3,40
2A0CFF1;2/06/2024 7:34:33;0216045c3d55190000003c22;2,22;4,92;61,85;25,00;0,00;60;3,40
2A0CFF1;2/06/2024 7:33:57;032404594114185a00013c22;3,36;4,89;65,20;24,90;0,10;60;3,40
2A0CFF1;2/06/2024 7:33:01;050e045b4249190000013c23;5,14;4,91;66,73;25,00;0,10;60;3,50
2A0CFF1;2/06/2024 1:29:59;006405403d4119140001d722;0,10;5,64;61,65;25,20;0,10;215;3,40
2A0CFF1;2/06/2024 1:29:24;021705403f15191e00011022;2,23;5,64;63,21;25,30;0,10;16;3,40
2A0CFF1;2/06/2024 1:28:53;033805403f15191e00013c22;3,56;5,64;63,21;25,30;0,10;60;3,40
2A0CFF1;2/06/2024 1:27:54;050b0542333d191e00013c23;5,11;5,66;51,61;25,30;0,10;60;3,50
2A0CFF1;1/06/2024 19:24:47;003406403c41193c00015522;0,52;6,64;60,65;25,60;0,10;85;3,40
2A0CFF1;1/06/2024 19:24:19;013c06413c45193c0001b022;1,60;6,65;60,69;25,60;0,10;176;3,40
2A0CFF1;1/06/2024 19:23:44;02540640380f193c0001fa22;2,84;6,64;56,15;25,60;0,10;250;3,40
2A0CFF1;1/06/2024 19:22:45;0355063f1d62193c0001ff22;3,85;6,63;29,98;25,60;0,10;255;3,40
2A0CFF1;1/06/2024 19:21:33;050706424213193c00013c23;5,70;6,66;66,19;25,60;0,10;60;3,50
2A0CFF1;1/06/2024 13:18:24;003306534218192800013a22;0,51;6,83;66,24;25,40;0,10;58;3,40
2A0CFF1;1/06/2024 13:17:48;012a06543f5c19280001bd22;1,42;6,84;63,92;25,40;0,10;189;3,40
2A0CFF1;1/06/2024 13:17:21;024506543d3819280001ec22;2,69;6,84;61,56;25,40;0,10;236;3,40
2A0CFF1;1/06/2024 13:16:49;035006523f5b192800012b22;3,80;6,82;63,91;25,40;0,10;43;3,40
2A0CFF1;1/06/2024 13:15:47;050b06553f0a192800013c23;5,11;6,85;63,10;25,40;0,10;60;3,50
2A0CFF1;1/06/2024 7:12:32;0057063b4031191400019222;0,87;6,59;64,49;25,20;0,10;146;3,40
2A0CFF1;1/06/2024 7:11:30;020f063d4137191400011822;2,15;6,61;65,55;25,20;0,10;24;3,40
2A0CFF1;1/06/2024 7:10:21;0326063c421b191400013422;3,38;6,60;66,27;25,20;0,10;52;3,40
2A0CFF1;1/06/2024 7:09:12;0509063e3c0d191400013c23;5,90;6,62;60,13;25,20;0,10;60;3,50
2A0CFF1;1/06/2024 1:06:11;0031050e3a3a193c00018b22;0,49;5,14;58,58;25,60;0,10;139;3,40
2A0CFF1;1/06/2024 1:05:36;013b050e3e2d193c0001ad22;1,59;5,14;62,45;25,60;0,10;173;3,40
2A0CFF1;1/06/2024 1:05:04;0254050d3e32193c00010722;2,84;5,13;62,50;25,60;0,10;7;3,40
2A0CFF1;1/06/2024 1:04:36;0358050e2c20193c00012022;3,88;5,14;44,32;25,60;0,10;32;3,40
2A0CFF1;1/06/2024 1:03:35;050905114600193c00013c23;5,90;5,17;70,00;25,60;0,10;60;3,50
2A0CFF1;31/05/2024 19:00:19;002e06563a20195000012422;0,46;6,86;58,32;25,80;0,10;36;3,40
2A0CFF1;31/05/2024 18:59:51;012806543f4d195000018222;1,40;6,84;63,77;25,80;0,10;130;3,40
2A0CFF1;31/05/2024 18:59:15;023806573d5b195000017a22;2,56;6,87;61,91;25,80;0,10;122;3,40
2A0CFF1;31/05/2024 18:58:47;034406583f5c19500001ca22;3,68;6,88;63,92;25,80;0,10;202;3,40
2A0CFF1;31/05/2024 18:57:45;0504065b4026195000013c23;5,40;6,91;64,38;25,80;0,10;60;3,50
2A0CFF1;31/05/2024 12:54:11;0039071e3d26194600015022;0,57;7,30;61,38;25,70;0,10;80;3,40
2A0CFF1;31/05/2024 12:53:09;0063071f4054193c00017722;0,99;7,31;64,84;25,60;0,10;119;3,40
2A0CFF1;31/05/2024 12:51:58;0214071e3d31194600019122;2,20;7,30;61,49;25,70;0,10;145;3,40
2A0CFF1;31/05/2024 12:50:51;0322071d3f25193c0001c422;3,34;7,29;63,37;25,60;0,10;196;3,40
2A0CFF1;31/05/2024 12:49:43;050707214215194600013c23;5,70;7,33;66,21;25,70;0,10;60;3,50
2A0CFF1;31/05/2024 6:46:22;003606493d25191e00012922;0,54;6,73;61,37;25,30;0,10;41;3,40
2A0CFF1;31/05/2024 6:45:53;006106483747191e00019022;0,97;6,72;55,71;25,30;0,10;144;3,40
2A0CFF1;31/05/2024 6:45:26;021406473d47191e0001a122;2,20;6,71;61,71;25,30;0,10;161;3,40
2A0CFF1;31/05/2024 6:44:54;0323064a3d3a191e0001f722;3,35;6,74;61,58;25,30;0,10;247;3,40
2A0CFF1;31/05/2024 6:43:48;05020645404a191e00013c23;5,20;6,69;64,74;25,30;0,10;60;3,50
2A0CFF1;31/05/2024 0:40:47;003207383d63193200011122;0,50;7,56;61,99;25,50;0,10;17;3,40
2A0CFF1;31/05/2024 0:40:15;0111073a3f58193200014a22;1,17;7,58;63,88;25,50;0,10;74;3,40
2A0CFF1;31/05/2024 0:39:47;022b07373f3f193200015c22;2,43;7,55;63,63;25,50;0,10;92;3,40
2A0CFF1;31/05/2024 0:39:12;033e07384252193200019122;3,62;7,56;66,82;25,50;0,10;145;3,40
2A0CFF1;31/05/2024 0:38:10;0464073a3d0b193200013c23;4,10;7,58;61,11;25,50;0,10;60;3,50
2A0CFF1;30/05/2024 18:34:22;0037081e3050193c0001ff22;0,55;8,30;48,80;25,60;0,10;255;3,40
2A0CFF1;30/05/2024 18:33:13;004b081c3f5b193c00013622;0,75;8,28;63,91;25,60;0,10;54;3,40
2A0CFF1;30/05/2024 18:32:05;0201081e3d0a193c00018a22;2,10;8,30;61,10;25,60;0,10;138;3,40
2A0CFF1;30/05/2024 18:30:56;0314081f411c193c0001a922;3,20;8,31;65,28;25,60;0,10;169;3,40
2A0CFF1;30/05/2024 18:29:47;046308243d01193c00013c23;4,99;8,36;61,10;25,60;0,10;60;3,50
2A0CFF1;30/05/2024 12:26:31;003b07364111191e0001b922;0,59;7,54;65,17;25,30;0,10;185;3,40
2A0CFF1;30/05/2024 12:25:56;006007343d3b193c00013022;0,96;7,52;61,59;25,60;0,10;48;3,40
2A0CFF1;30/05/2024 12:25:24;021807343f27191e00016a22;2,24;7,52;63,39;25,30;0,10;106;3,40
2A0CFF1;30/05/2024 12:24:53;032b07343c3f191e00017b22;3,43;7,52;60,63;25,30;0,10;123;3,40
2A0CFF1;30/05/2024 12:23:54;05010737443e191e00013c23;5,10;7,55;68,62;25,30;0,10;60;3,50
2A0CFF1;30/05/2024 6:20:01;0038064d3d4a190000016422;0,56;6,77;61,74;25,00;0,10;100;3,40
2A0CFF1;30/05/2024 6:18:53;010a064e3d4a190000019622;1,10;6,78;61,74;25,00;0,10;150;3,40
2A0CFF1;30/05/2024 6:17:45;0226064c422519000001d822;2,38;6,76;66,37;25,00;0,10;216;3,40
2A0CFF1;30/05/2024 6:16:36;033d064c0000000000010b22;3,61;6,76;0,00;0,00;0,10;11;3,40
2A0CFF1;30/05/2024 6:15:27;0504064f3c51190000013c23;5,40;6,79;60,81;25,00;0,10;60;3,50
2A0CFF1;30/05/2024 0:12:17;003106150000000000011122;0,49;6,21;0,00;0,00;0,10;17;3,40
2A0CFF1;30/05/2024 0:11:45;014d06130000000000016022;1,77;6,19;0,00;0,00;0,10;96;3,40
2A0CFF1;30/05/2024 0:11:14;031c06130000000000019a22;3,28;6,19;0,00;0,00;0,10;154;3,40
2A0CFF1;30/05/2024 0:10:15;050606120000000000013c23;5,60;6,18;0,00;0,00;0,10;60;3,50
2A0CFF1;29/05/2024 18:06:14;003e08104c5019280001ab22;0,62;8,16;76,80;25,40;0,10;171;3,40
2A0CFF1;29/05/2024 18:05:06;0045080c3d03191e00013c22;0,69;8,12;61,30;25,30;0,10;60;3,40
2A0CFF1;29/05/2024 18:03:57;015f080a3953191e00017a22;1,95;8,10;57,83;25,30;0,10;122;3,40
2A0CFF1;29/05/2024 18:02:51;030e08094009191e0001a222;3,14;8,90;64,90;25,30;0,10;162;3,40
2A0CFF1;29/05/2024 18:01:39;050508094d19191e00013c23;5,50;8,90;77,25;25,30;0,10;60;3,50
2A0CFF1;29/05/2024 11:58:23;0044070b3f3819000001bd22;0,68;7,11;63,56;25,00;0,10;189;3,40
2A0CFF1;29/05/2024 11:57:48;005e070a3d54190000013822;0,94;7,10;61,84;25,00;0,10;56;3,40
2A0CFF1;29/05/2024 11:57:16;0216070a4058190000016a22;2,22;7,10;64,88;25,00;0,10;106;3,40
2A0CFF1;29/05/2024 11:56:45;0329070b4044190000019b22;3,41;7,11;64,68;25,00;0,10;155;3,40
2A0CFF1;29/05/2024 11:55:43;050a07093d0b190000013c23;5,10;7,90;61,11;25,00;0,10;60;3,50
2A0CFF1;29/05/2024 5:52:39;0041063c410e18500001f222;0,65;6,60;65,14;24,80;0,10;242;3,40
2A0CFF1;29/05/2024 5:52:08;006206383830185000016122;0,98;6,56;56,48;24,80;0,10;97;3,40
2A0CFF1;29/05/2024 5:51:08;021806363e16185000019522;2,24;6,54;62,22;24,80;0,10;149;3,40
2A0CFF1;29/05/2024 5:49:57;032906383e3d18500001c122;3,41;6,56;62,61;24,80;0,10;193;3,40
2A0CFF1;29/05/2024 5:48:48;050906364134185000013c23;5,90;6,54;65,52;24,80;0,10;60;3,50
2A0CFF1;28/05/2024 23:45:30;0042065c3d1419140001e822;0,66;6,92;61,20;25,20;0,10;232;3,40
2A0CFF1;28/05/2024 23:44:58;0114065c4038191400011822;1,20;6,92;64,56;25,20;0,10;24;3,40
2A0CFF1;28/05/2024 23:44:26;022f065d4057191400014f22;2,47;6,93;64,87;25,20;0,10;79;3,40
2A0CFF1;28/05/2024 23:43:55;0342065c3f5a191400017822;3,66;6,92;63,90;25,20;0,10;120;3,40
2A0CFF1;28/05/2024 23:42:58;050b065d4122191400013c23;5,11;6,93;65,34;25,20;0,10;60;3,50
2A0CFF1;28/05/2024 17:39:52;00400760334c190a0001e122;0,64;7,96;51,76;25,10;0,10;225;3,40
2A0CFF1;28/05/2024 17:39:17;012008004012190a00011e22;1,32;8,00;64,18;25,10;0,10;30;3,40
2A0CFF1;28/05/2024 17:38:49;023807644012190a00014f22;2,56;7,10;64,18;25,10;0,10;79;3,40
2A0CFF1;28/05/2024 17:38:17;034007624147190a00017522;3,64;7,98;65,71;25,10;0,10;117;3,40
2A0CFF1;28/05/2024 17:37:15;050908033e24190a00013c23;5,90;8,30;62,36;25,10;0,10;60;3,50
2A0CFF1;28/05/2024 11:34:00;0044070e000000000001bc23;0,68;7,14;0,00;0,00;0,10;188;3,50
2A0CFF1;28/05/2024 11:33:24;0045070f0000000000010323;0,69;7,15;0,00;0,00;0,10;3;3,50
2A0CFF1;28/05/2024 11:32:56;0218070e0000000000013c22;2,24;7,14;0,00;0,00;0,10;60;3,40
2A0CFF1;28/05/2024 11:32:18;0347070e0000000000016f22;3,71;7,14;0,00;0,00;0,10;111;3,40
2A0CFF1;28/05/2024 11:31:21;051107100000000000013c23;5,17;7,16;0,00;0,00;0,10;60;3,50
2A0CFF1;28/05/2024 5:28:03;005b060d0000000000010a23;0,91;6,13;0,00;0,00;0,10;10;3,50
2A0CFF1;28/05/2024 5:27:35;0215060e412e185000013b23;2,21;6,14;65,46;24,80;0,10;59;3,50
2A0CFF1;28/05/2024 5:26:33;032d060e3c4c185000017123;3,45;6,14;60,76;24,80;0,10;113;3,50
2A0CFF1;28/05/2024 5:25:21;050c060e3b4c185000013c23;5,12;6,14;59,76;24,80;0,10;60;3,50
2A0CFF1;27/05/2024 23:22:04;00640559384c19000001e923;0,10;5,89;56,76;25,00;0,10;233;3,50
2A0CFF1;27/05/2024 23:21:28;021b05553f5d190000010b23;2,27;5,85;63,93;25,00;0,10;11;3,50
2A0CFF1;27/05/2024 23:20:57;032e0553403d190000013623;3,46;5,83;64,61;25,00;0,10;54;3,50
2A0CFF1;27/05/2024 23:19:58;050905563e23190000012923;5,90;5,86;62,35;25,00;0,10;41;3,50
2A0CFF1;27/05/2024 17:16:35;005906463d2a19000001c623;0,89;6,70;61,42;25,00;0,10;198;3,50
2A0CFF1;27/05/2024 17:16:00;020f0646404f185a00010a23;2,15;6,70;64,79;24,90;0,10;10;3,50
2A0CFF1;27/05/2024 17:14:58;032506463e1f185a00012223;3,37;6,70;62,31;24,90;0,10;34;3,50
2A0CFF1;27/05/2024 17:13:50;050706463c03185a00011423;5,70;6,70;60,30;24,90;0,10;20;3,50
2A0CFF1;27/05/2024 11:09:51;0040051a3f5818460001c723;0,64;5,26;63,88;24,70;0,10;199;3,50
2A0CFF1;27/05/2024 11:08:42;003905173f08184600010123;0,57;5,23;63,80;24,70;0,10;1;3,50
2A0CFF1;27/05/2024 11:07:34;014c05163f08184600012f23;1,76;5,22;63,80;24,70;0,10;47;3,50
2A0CFF1;27/05/2024 11:06:25;035905153e1e184600017b23;3,89;5,21;62,30;24,70;0,10;123;3,50
2A0CFF1;27/05/2024 11:05:16;050b05193c14184600013c23;5,11;5,25;60,20;24,70;0,10;60;3,50
2A0CFF1;27/05/2024 5:02:05;003f065b3f2e184600017d23;0,63;6,91;63,46;24,70;0,10;125;3,50
2A0CFF1;27/05/2024 5:01:33;004c0658430418460001e523;0,76;6,88;67,40;24,70;0,10;229;3,50
2A0CFF1;27/05/2024 5:01:01;015a06583b35184600011423;1,90;6,88;59,53;24,70;0,10;20;3,50
2A0CFF1;27/05/2024 5:00:30;035e06573c41184600015923;3,94;6,87;60,65;24,70;0,10;89;3,50
2A0CFF1;27/05/2024 4:59:29;05080657411c184600011423;5,80;6,87;65,28;24,70;0,10;20;3,50
2A0CFF1;26/05/2024 22:56:22;004005153f3c184600019f23;0,64;5,21;63,60;24,70;0,10;159;3,50
2A0CFF1;26/05/2024 22:55:50;010105123c0118460001c323;1,10;5,18;60,10;24,70;0,10;195;3,50
2A0CFF1;26/05/2024 22:55:19;0213050f3f1418460001fe23;2,19;5,15;63,20;24,70;0,10;254;3,50
2A0CFF1;26/05/2024 22:54:20;032405093f39184600011e23;3,36;5,90;63,57;24,70;0,10;30;3,50
2A0CFF1;26/05/2024 22:53:08;0509050b421218460001f224;5,90;5,11;66,18;24,70;0,10;242;3,60
2A0CFF1;26/05/2024 16:49:34;003706404129183c0001a723;0,55;6,64;65,41;24,60;0,10;167;3,50
2A0CFF1;26/05/2024 16:49:07;012e0640424d183c0001d223;1,46;6,64;66,77;24,60;0,10;210;3,50
2A0CFF1;26/05/2024 16:48:31;02490641424d183c00010223;2,73;6,65;66,77;24,60;0,10;2;3,50
2A0CFF1;26/05/2024 16:48:00;035706413c0f183c00013023;3,87;6,65;60,15;24,60;0,10;48;3,50
2A0CFF1;26/05/2024 16:47:01;050806423c0f183c00010a24;5,80;6,66;60,15;24,60;0,10;10;3,60
2A0CFF1;26/05/2024 10:43:21;004d0629425218140001d323;0,77;6,41;66,82;24,20;0,10;211;3,50
2A0CFF1;26/05/2024 10:42:50;020506293d11181400011723;2,50;6,41;61,17;24,20;0,10;23;3,50
2A0CFF1;26/05/2024 10:41:51;0317062c3e2f181400012823;3,23;6,44;62,47;24,20;0,10;40;3,50
2A0CFF1;26/05/2024 10:40:39;050e06293e6318140001ed24;5,14;6,41;62,99;24,20;0,10;237;3,60
2A0CFF1;26/05/2024 4:37:26;0041055a4047181400018723;0,65;5,90;64,71;24,20;0,10;135;3,50
2A0CFF1;26/05/2024 4:36:25;00420557444418140001d723;0,66;5,87;68,68;24,20;0,10;215;3,50
2A0CFF1;26/05/2024 4:35:16;015205533e49181400010d23;1,82;5,83;62,73;24,20;0,10;13;3,50
2A0CFF1;26/05/2024 4:34:07;03020553470e181400013a23;3,20;5,83;71,14;24,20;0,10;58;3,50
2A0CFF1;26/05/2024 4:32:59;050a05543f4218140001fb24;5,10;5,84;63,66;24,20;0,10;251;3,60
2A0CFF1;25/05/2024 22:29:53;003c014a3c5f183200019e23;0,60;1,74;60,95;24,50;0,10;158;3,50
2A0CFF1;25/05/2024 22:29:21;011301453f0d18320001d623;1,19;1,69;63,13;24,50;0,10;214;3,50
2A0CFF1;25/05/2024 22:28:53;022d01403c5e18280001fb23;2,45;1,64;60,94;24,40;0,10;251;3,50
2A0CFF1;25/05/2024 22:27:51;0342013e3c56183200011f23;3,66;1,62;60,86;24,50;0,10;31;3,50
2A0CFF1;25/05/2024 22:26:38;050b01403d2a18320001f024;5,11;1,64;61,42;24,50;0,10;240;3,60
2A0CFF1;25/05/2024 16:23:16;0035065f000000000001af23;0,53;6,95;0,00;0,00;0,10;175;3,50
2A0CFF1;25/05/2024 16:22:48;014c065e000000000001bf23;1,76;6,94;0,00;0,00;0,10;191;3,50
2A0CFF1;25/05/2024 16:22:10;031b06600000000000010023;3,27;6,96;0,00;0,00;0,10;0;3,50
2A0CFF1;25/05/2024 16:21:11;050f065e000000000001c224;5,15;6,94;0,00;0,00;0,10;194;3,60
2A0CFF1;25/05/2024 10:17:41;004305370000000000019523;0,67;5,55;0,00;0,00;0,10;149;3,50
2A0CFF1;25/05/2024 10:17:16;00380535000000000001cc23;0,56;5,53;0,00;0,00;0,10;204;3,50
2A0CFF1;25/05/2024 10:16:40;016205340000000000010323;1,98;5,52;0,00;0,00;0,10;3;3,50
2A0CFF1;25/05/2024 10:16:09;032f05350000000000012e23;3,47;5,53;0,00;0,00;0,10;46;3,50
2A0CFF1;25/05/2024 10:15:07;05130536000000000001f224;5,19;5,54;0,00;0,00;0,10;242;3,60
2A0CFF1;25/05/2024 4:11:59;0042051d3e3c175a0000ca23;0,66;5,29;62,60;23,90;0,00;202;3,50
2A0CFF1;25/05/2024 4:11:27;003c051d403b175a0000f723;0,60;5,29;64,59;23,90;0,00;247;3,50
2A0CFF1;25/05/2024 4:10:55;0152051c4525175a00001e23;1,82;5,28;69,37;23,90;0,00;30;3,50
2A0CFF1;25/05/2024 4:09:52;035e051c3c59175a00005623;3,94;5,28;60,89;23,90;0,00;86;3,50
2A0CFF1;25/05/2024 4:08:41;0511051d3f30175a0003f424;5,17;5,29;63,48;23,90;0,30;244;3,60
2A0CFF1;24/05/2024 22:05:37;005e055a3d4d180000019b23;0,94;5,90;61,77;24,00;0,10;155;3,50
2A0CFF1;24/05/2024 22:05:08;020005583d4d18000001c524;2,00;5,88;61,77;24,00;0,10;197;3,60
2A0CFF1;24/05/2024 22:04:06;03120558441c18000001fb23;3,18;5,88;68,28;24,00;0,10;251;3,50
2A0CFF1;24/05/2024 22:02:53;051005593e2c18000001c724;5,16;5,89;62,44;24,00;0,10;199;3,60
2A0CFF1;24/05/2024 15:59:21;004106553e24175000009d23;0,65;6,85;62,36;23,80;0,00;157;3,50
2A0CFF1;24/05/2024 15:58:53;004f06533b2a17500000f023;0,79;6,83;59,42;23,80;0,00;240;3,50
2A0CFF1;24/05/2024 15:58:21;015e0652442c175000001523;1,94;6,82;68,44;23,80;0,00;21;3,50
2A0CFF1;24/05/2024 15:57:19;036206523e38175000004723;3,98;6,82;62,56;23,80;0,00;71;3,50
2A0CFF1;24/05/2024 15:56:06;05090651420a17500000f224;5,90;6,81;66,10;23,80;0,00;242;3,60
2A0CFF1;24/05/2024 9:52:28;010305633b53173c0008ca23;1,30;5,99;59,83;23,60;0,80;202;3,50
2A0CFF1;24/05/2024 9:51:57;02180561435d173c0009ec23;2,24;5,97;67,93;23,60;0,90;236;3,50
2A0CFF1;24/05/2024 9:51:25;032c06003d1a173c00090d23;3,44;6,00;61,26;23,60;0,90;13;3,50
2A0CFF1;24/05/2024 9:50:22;050f05633d0f173c0005cc24;5,15;5,99;61,15;23,60;0,50;204;3,60
2A0CFF1;24/05/2024 3:46:40;003e06443e3317460008a623;0,62;6,68;62,51;23,70;0,80;166;3,50
2A0CFF1;24/05/2024 3:45:29;010806453c6217460008d123;1,80;6,69;60,98;23,70;0,80;209;3,50
2A0CFF1;24/05/2024 3:44:20;022306453f2c17460009ed23;2,35;6,69;63,44;23,70;0,90;237;3,50
2A0CFF1;24/05/2024 3:42:02;050d064a3d3e17460005bf24;5,13;6,74;61,62;23,70;0,50;191;3,60
2A0CFF1;23/05/2024 21:38:51;00420607424a180000075d24;0,66;6,70;66,74;24,00;0,70;93;3,60
2A0CFF1;23/05/2024 21:38:19;005906033e0918000008b923;0,89;6,30;62,90;24,00;0,80;185;3,50
2A0CFF1;23/05/2024 21:37:44;02140563441e18000008dd23;2,20;5,99;68,30;24,00;0,80;221;3,50
2A0CFF1;23/05/2024 21:37:13;032e05633b1d180000080323;3,46;5,99;59,29;24,00;0,80;3;3,50
2A0CFF1;23/05/2024 21:36:14;050a06033c5418000000b024;5,10;6,30;60,84;24,00;0,00;176;3,60
2A0CFF1;23/05/2024 15:32:50;004207023d5a180000074b24;0,66;7,20;61,90;24,00;0,70;75;3,60
2A0CFF1;23/05/2024 15:32:19;005207003f2718000007a423;0,82;7,00;63,39;24,00;0,70;164;3,50
2A0CFF1;23/05/2024 15:31:47;020906613f3618000008c723;2,90;6,97;63,54;24,00;0,80;199;3,50
2A0CFF1;23/05/2024 15:31:15;031f0701411018000008e823;3,31;7,10;65,16;24,00;0,80;232;3,50
2A0CFF1;23/05/2024 15:30:16;050807003a26180000059f24;5,80;7,00;58,38;24,00;0,50;159;3,60
2A0CFF1;23/05/2024 9:26:50;0043043b3b5a17280007b524;0,67;4,59;59,90;23,40;0,70;181;3,60
2A0CFF1;23/05/2024 9:25:48;005d04343f2f172800070f24;0,93;4,52;63,47;23,40;0,70;15;3,60
2A0CFF1;23/05/2024 9:24:39;0215042f3c56171e00073524;2,21;4,47;60,86;23,30;0,70;53;3,60
2A0CFF1;23/05/2024 9:23:31;032b04313e5d172800075e24;3,43;4,49;62,93;23,40;0,70;94;3,60
2A0CFF1;23/05/2024 9:22:22;050e04303a06171e00051124;5,14;4,48;58,60;23,30;0,50;17;3,60
2A0CFF1;23/05/2024 3:19:15;004206173d0a175000078f24;0,66;6,23;61,10;23,80;0,70;143;3,60
2A0CFF1;23/05/2024 3:18:43;004c06153e2617500007e024;0,76;6,21;62,38;23,80;0,70;224;3,60
2A0CFF1;23/05/2024 3:18:11;016106133c4d175000070624;1,97;6,19;60,77;23,80;0,70;6;3,60
2A0CFF1;23/05/2024 3:17:39;031106133e23175000073224;3,17;6,19;62,35;23,80;0,70;50;3,60
2A0CFF1;23/05/2024 3:16:38;050906163e5c17500004e424;5,90;6,22;62,92;23,80;0,40;228;3,60
2A0CFF1;22/05/2024 21:13:36;0041062e3d03180000079724;0,65;6,46;61,30;24,00;0,70;151;3,60
2A0CFF1;22/05/2024 21:13:00;0060062d3d2018000007c324;0,96;6,45;61,32;24,00;0,70;195;3,60
2A0CFF1;22/05/2024 21:12:32;0208062b3b0018000007f024;2,80;6,43;59,00;24,00;0,70;240;3,60
2A0CFF1;22/05/2024 21:12:00;031c062e3f3c180000071224;3,28;6,46;63,60;24,00;0,70;18;3,60
2A0CFF1;22/05/2024 21:10:58;0508062a440418000004d224;5,80;6,42;68,40;24,00;0,40;210;3,60
2A0CFF1;22/05/2024 15:07:28;005207413e04175a00069024;0,82;7,65;62,40;23,90;0,60;144;3,60
2A0CFF1;22/05/2024 15:07:00;02370741431b175a0007e124;2,55;7,65;67,27;23,90;0,70;225;3,60
2A0CFF1;22/05/2024 15:06:25;035007463a06175a00072b24;3,80;7,70;58,60;23,90;0,70;43;3,60
2A0CFF1;22/05/2024 15:05:26;050807483914175a0005fb24;5,80;7,72;57,20;23,90;0,50;251;3,60
2A0CFF1;22/05/2024 9:02:11;0045060c3c0617140006c624;0,69;6,12;60,60;23,20;0,60;198;3,60
2A0CFF1;22/05/2024 9:01:39;005906086562171400061024;0,89;6,80;101,98;23,20;0,60;16;3,60
2A0CFF1;22/05/2024 9:01:11;021206083b13171400063d24;2,18;6,80;59,19;23,20;0,60;61;3,60
2A0CFF1;22/05/2024 9:00:36;032806063f51171400065724;3,40;6,60;63,81;23,20;0,60;87;3,60
2A0CFF1;22/05/2024 8:59:35;050e06093b05171400041024;5,14;6,90;59,50;23,20;0,40;16;3,60
2A0CFF1;22/05/2024 2:56:28;0033065900000000000bbd24;0,51;6,89;0,00;0,00;0,11;189;3,60
2A0CFF1;22/05/2024 2:56:00;015b065600000000000ced24;1,91;6,86;0,00;0,00;0,12;237;3,60
2A0CFF1;22/05/2024 2:55:28;0327065600000000000c2824;3,39;6,86;0,00;0,00;0,12;40;3,60
2A0CFF1;22/05/2024 2:54:23;0508065b000000000006de24;5,80;6,91;0,00;0,00;0,60;222;3,60
2A0CFF1;21/05/2024 20:51:17;004107393e58175000079a24;0,65;7,57;62,88;23,80;0,70;154;3,60
2A0CFF1;21/05/2024 20:50:46;005807393d4d175a0007f624;0,88;7,57;61,77;23,90;0,70;246;3,60
2A0CFF1;21/05/2024 20:50:13;016007384200175000080f24;1,96;7,56;66,00;23,80;0,80;15;3,60
2A0CFF1;21/05/2024 20:49:11;030e07383d4f175000084424;3,14;7,56;61,79;23,80;0,80;68;3,60
2A0CFF1;21/05/2024 20:48:00;050707373e0917500005f724;5,70;7,55;62,90;23,80;0,50;247;3,60
2A0CFF1;21/05/2024 14:44:33;003f073c425417500001ef24;0,63;7,60;66,84;23,80;0,10;239;3,60
2A0CFF1;21/05/2024 14:44:01;005f073d344e175000015224;0,95;7,61;52,78;23,80;0,10;82;3,60
2A0CFF1;21/05/2024 14:43:33;020e073c4a19175000017f24;2,14;7,60;74,25;23,80;0,10;127;3,60
2A0CFF1;21/05/2024 14:42:57;0324073e3e5917500001a724;3,36;7,62;62,89;23,80;0,10;167;3,60
2A0CFF1;21/05/2024 14:42:01;0507073e423d175000013c25;5,70;7,62;66,61;23,80;0,10;60;3,70
2A0CFF1;21/05/2024 8:38:41;00540628310c171e0001db24;0,84;6,40;49,12;23,30;0,10;219;3,60
2A0CFF1;21/05/2024 8:38:05;020906273920170000010224;2,90;6,39;57,32;23,00;0,10;2;3,60
2A0CFF1;21/05/2024 8:37:37;032006263d2b171400012824;3,32;6,38;61,43;23,20;0,10;40;3,60
2A0CFF1;21/05/2024 8:36:35;0509062a411b171e0002f825;5,90;6,42;65,27;23,30;0,20;248;3,70
2A0CFF1;21/05/2024 2:33:29;00390642424217320053ba24;0,57;6,66;66,66;23,50;0,83;186;3,60
2A0CFF1;21/05/2024 2:32:57;010f06403c1017320053e124;1,15;6,64;60,16;23,50;0,83;225;3,60
2A0CFF1;21/05/2024 2:32:24;021a063e4046173200530824;2,26;6,62;64,70;23,50;0,83;8;3,60
2A0CFF1;21/05/2024 2:31:54;032b06423f51173200532324;3,43;6,66;63,81;23,50;0,83;35;3,60
2A0CFF1;21/05/2024 2:30:51;0506063d411917320006e625;5,60;6,61;65,25;23,50;0,60;230;3,70
2A0CFF1;20/05/2024 20:27:51;00330750402d175000003c26;0,51;7,80;64,45;23,80;0,00;60;3,80
2A0CFF1;20/05/2024 20:27:19;010c07503e5e175000003c26;1,12;7,80;62,94;23,80;0,00;60;3,80
2A0CFF1;20/05/2024 20:26:44;0208074f3e50175000003c26;2,80;7,79;62,80;23,80;0,00;60;3,80
2A0CFF1;20/05/2024 20:26:09;0310074e3f01175000003c26;3,16;7,78;63,10;23,80;0,00;60;3,80
2A0CFF1;20/05/2024 20:25:07;0505074f3d53175000003c26;5,50;7,79;61,83;23,80;0,00;60;3,80
2A0CFF1;20/05/2024 14:21:43;003d0761363d174600015524;0,61;7,97;54,61;23,70;0,10;85;3,60
2A0CFF1;20/05/2024 14:20:39;013d07633d2f17460001e624;1,61;7,99;61,47;23,70;0,10;230;3,60
2A0CFF1;20/05/2024 14:20:11;034a08024f41174600020a24;3,74;8,20;79,65;23,70;0,20;10;3,60
2A0CFF1;20/05/2024 14:19:09;050608023d5217460001ca25;5,60;8,20;61,82;23,70;0,10;202;3,70
2A0CFF1;20/05/2024 8:15:46;0061070d4105171400530d24;0,97;7,13;65,50;23,20;0,83;13;3,60
2A0CFF1;20/05/2024 8:15:10;0211070f3d57171400534224;2,17;7,15;61,87;23,20;0,83;66;3,60
2A0CFF1;20/05/2024 8:14:46;0325070e3c24171400536424;3,37;7,14;60,36;23,20;0,83;100;3,60
2A0CFF1;20/05/2024 8:13:40;050807143b3a171400061e25;5,80;7,20;59,58;23,20;0,60;30;3,70
2A0CFF1;20/05/2024 2:10:33;003c07203213161e00016424;0,60;7,32;50,19;22,30;0,10;100;3,60
2A0CFF1;20/05/2024 2:10:02;0043071e000000000001b624;0,67;7,30;0,00;0,00;0,10;182;3,60
2A0CFF1;20/05/2024 2:09:26;0150071d3a1217280001df24;1,80;7,29;58,18;23,40;0,10;223;3,60
2A0CFF1;20/05/2024 2:08:54;035c071e3b28173200022024;3,92;7,30;59,40;23,50;0,20;32;3,60
2A0CFF1;20/05/2024 2:07:53;050407204c2917320002e025;5,40;7,32;76,41;23,50;0,20;224;3,70
2A0CFF1;19/05/2024 20:04:48;003a08044003173c00018f24;0,58;8,40;64,30;23,60;0,10;143;3,60
2A0CFF1;19/05/2024 20:04:16;002d08024c4717320001ba24;0,45;8,20;76,71;23,50;0,10;186;3,60
2A0CFF1;19/05/2024 20:03:11;01380805395317320001ed24;1,56;8,50;57,83;23,50;0,10;237;3,60
2A0CFF1;19/05/2024 20:00:52;05040809355e173200013c25;5,40;8,90;53,94;23,50;0,10;60;3,70
2A0CFF1;19/05/2024 13:56:56;004007593c0517140053e724;0,64;7,89;60,50;23,20;0,83;231;3,60
2A0CFF1;19/05/2024 13:55:47;0159075a3c5e171400530124;1,89;7,90;60,94;23,20;0,83;1;3,60
2A0CFF1;19/05/2024 13:54:38;030e075e3b63171400532424;3,14;7,94;59,99;23,20;0,83;36;3,60
2A0CFF1;19/05/2024 13:53:30;0506075d394d17140054e325;5,60;7,93;57,77;23,20;0,84;227;3,70
2A0CFF1;19/05/2024 7:50:13;003f0706000000000052b724;0,63;7,60;0,00;0,00;0,82;183;3,60
2A0CFF1;19/05/2024 7:49:45;003c0704000000000052eb24;0,60;7,40;0,00;0,00;0,82;235;3,60
2A0CFF1;19/05/2024 7:49:09;012d07070000000000521624;1,45;7,70;0,00;0,00;0,82;22;3,60
2A0CFF1;19/05/2024 7:48:38;026107060000000000524124;2,97;7,60;0,00;0,00;0,82;65;3,60
2A0CFF1;19/05/2024 7:47:39;05070705000000000054fe25;5,70;7,50;0,00;0,00;0,84;254;3,70
2A0CFF1;19/05/2024 1:44:30;004406433c0e170a0000e424;0,68;6,67;60,14;23,10;0,00;228;3,60
2A0CFF1;19/05/2024 1:43:54;014e06403e14170a00000b24;1,78;6,64;62,20;23,10;0,00;11;3,60
2A0CFF1;19/05/2024 1:43:26;0357063f4919170a00003924;3,87;6,63;73,25;23,10;0,00;57;3,60
2A0CFF1;19/05/2024 1:42:23;050706403846170a0000e325;5,70;6,64;56,70;23,10;0,00;227;3,70
2A0CFF1;18/05/2024 19:39:11;0033080a3e0c171e0000d924;0,51;8,10;62,12;23,30;0,00;217;3,60
2A0CFF1;18/05/2024 19:38:39;012d08093e36171e0000fa24;1,45;8,90;62,54;23,30;0,00;250;3,60
2A0CFF1;18/05/2024 19:38:11;0248080b3b55171e00002524;2,72;8,11;59,85;23,30;0,00;37;3,60
2A0CFF1;18/05/2024 19:37:37;033f080a3a36171e00003124;3,63;8,10;58,54;23,30;0,00;49;3,60
2A0CFF1;18/05/2024 19:36:35;0504080a413c171e0000df25;5,40;8,10;65,60;23,30;0,00;223;3,70
2A0CFF1;18/05/2024 13:32:29;0037074a0000000000003c26;0,55;7,74;0,00;0,00;0,00;60;3,80
2A0CFF1;18/05/2024 13:31:21;013b074a0000000000003c26;1,59;7,74;0,00;0,00;0,00;60;3,80
2A0CFF1;18/05/2024 13:30:12;030e074a0000000000003c26;3,14;7,74;0,00;0,00;0,00;60;3,80
2A0CFF1;18/05/2024 13:29:02;0507074e0000000000013c26;5,70;7,78;0,00;0,00;0,10;60;3,80
2A0CFF1;18/05/2024 7:25:26;003f07083a44163c00032324;0,63;7,80;58,68;22,60;0,30;35;3,60
2A0CFF1;18/05/2024 7:24:55;004c07073949164600537b24;0,76;7,70;57,73;22,70;0,83;123;3,60
2A0CFF1;18/05/2024 7:24:19;015607033d3c1646004fa924;1,86;7,30;61,60;22,70;0,79;169;3,60
2A0CFF1;18/05/2024 7:23:48;03070708453316460053c824;3,70;7,80;69,51;22,70;0,83;200;3,60
2A0CFF1;18/05/2024 7:22:46;05050705412b164600553c25;5,50;7,50;65,43;22,70;0,85;60;3,70
2A0CFF1;18/05/2024 1:19:40;003b06043d4c165a00189724;0,59;6,40;61,76;22,90;0,24;151;3,60
2A0CFF1;18/05/2024 1:19:11;01030561414b165a0018c424;1,30;5,97;65,75;22,90;0,24;196;3,60
2A0CFF1;18/05/2024 1:18:36;0202055f3e16165a0018f424;2,20;5,95;62,22;22,90;0,24;244;3,60
2A0CFF1;18/05/2024 1:18:08;0308055c3b3f165a00180824;3,80;5,92;59,63;22,90;0,24;8;3,60
2A0CFF1;18/05/2024 1:17:06;0504055f3f1a165a0018d325;5,40;5,95;63,26;22,90;0,24;211;3,70
2A0CFF1;17/05/2024 19:13:56;003c08373a451714000a9624;0,60;8,55;58,69;23,20;0,10;150;3,60
2A0CFF1;17/05/2024 19:13:24;013f083a3a3b171e000be624;1,63;8,58;58,59;23,30;0,11;230;3,60
2A0CFF1;17/05/2024 19:12:56;0251083f3c3f171e000b0124;2,81;8,63;60,63;23,30;0,11;1;3,60
2A0CFF1;17/05/2024 19:12:24;0342083b3e0d171e000b5223;3,66;8,59;62,13;23,30;0,11;82;3,50
2A0CFF1;17/05/2024 19:11:20;0501083e4153171e00033c26;5,10;8,62;65,83;23,30;0,30;60;3,80
2A0CFF1;17/05/2024 13:07:43;003e074b423b163c0004e924;0,62;7,75;66,59;22,60;0,40;233;3,60
2A0CFF1;17/05/2024 13:07:12;0037074c3e2b163c00041424;0,55;7,76;62,43;22,60;0,40;20;3,60
2A0CFF1;17/05/2024 13:06:13;0140074b3f42163c00044224;1,64;7,75;63,66;22,60;0,40;66;3,60
2A0CFF1;17/05/2024 13:05:01;0353074d3c2a163c00037e24;3,83;7,77;60,42;22,60;0,30;126;3,60
2A0CFF1;17/05/2024 13:03:52;050607503951163c00032825;5,60;7,80;57,81;22,60;0,30;40;3,70
2A0CFF1;17/05/2024 7:00:40;003d051d00000000001c0924;0,61;5,29;0,00;0,00;0,28;9;3,60
2A0CFF1;17/05/2024 7:00:08;012a051d00000000001c3824;1,42;5,29;0,00;0,00;0,28;56;3,60
2A0CFF1;17/05/2024 6:59:37;025e051b00000000001c6124;2,94;5,27;0,00;0,00;0,28;97;3,60
2A0CFF1;17/05/2024 6:58:35;0506051d00000000001c2b25;5,60;5,29;0,00;0,00;0,28;43;3,70
2A0CFF1;17/05/2024 0:55:23;003e07194004163c00196624;0,62;7,25;64,40;22,60;0,25;102;3,60
2A0CFF1;17/05/2024 0:54:51;004507193c2d163c00198d24;0,69;7,25;60,45;22,60;0,25;141;3,60
2A0CFF1;17/05/2024 0:54:19;013e07193e33163c0019ba24;1,62;7,25;62,51;22,60;0,25;186;3,60
2A0CFF1;17/05/2024 0:53:48;034c071b3a0c163c0019ed24;3,76;7,27;58,12;22,60;0,25;237;3,60
2A0CFF1;17/05/2024 0:52:49;0504071d3c2e163c00199e25;5,40;7,29;60,46;22,60;0,25;158;3,70
2A0CFF1;16/05/2024 18:49:47;003d082700000000001a2c24;0,61;8,39;0,00;0,00;0,26;44;3,60
2A0CFF1;16/05/2024 18:49:15;0103082a00000000001a9024;1,30;8,42;0,00;0,00;0,26;144;3,60
2A0CFF1;16/05/2024 18:48:40;023c082c00000000001ab824;2,60;8,44;0,00;0,00;0,26;184;3,60
2A0CFF1;16/05/2024 18:48:11;0346082c00000000001bd424;3,70;8,44;0,00;0,00;0,27;212;3,60
2A0CFF1;16/05/2024 18:47:07;0463082900000000001a8e25;4,99;8,41;0,00;0,00;0,26;142;3,70
2A0CFF1;16/05/2024 12:43:50;003f080d3860164600079424;0,63;8,13;56,96;22,70;0,70;148;3,60
2A0CFF1;16/05/2024 12:43:18;013c080e3b1616460007c524;1,60;8,14;59,22;22,70;0,70;197;3,60
2A0CFF1;16/05/2024 12:42:17;024b080e3f2716460007f124;2,75;8,14;63,39;22,70;0,70;241;3,60
2A0CFF1;16/05/2024 12:41:07;033f080d4048164600070a24;3,63;8,13;64,72;22,70;0,70;10;3,60
2A0CFF1;16/05/2024 12:39:59;0507080e3d47164600093c25;5,70;8,14;61,71;22,70;0,90;60;3,70
2A0CFF1;16/05/2024 6:36:52;003205543d0e164600067224;0,50;5,84;61,14;22,70;0,60;114;3,60
2A0CFF1;16/05/2024 6:36:21;012f054e382e164600069724;1,47;5,78;56,46;22,70;0,60;151;3,60
2A0CFF1;16/05/2024 6:35:53;0249054e343216460006b924;2,73;5,78;52,50;22,70;0,60;185;3,60
2A0CFF1;16/05/2024 6:35:14;033d054c3c0c16500006d024;3,61;5,76;60,12;22,80;0,60;208;3,60
2A0CFF1;16/05/2024 6:34:15;0505054f3a0c165000068725;5,50;5,79;58,12;22,80;0,60;135;3,70
2A0CFF1;16/05/2024 0:30:50;0034073d3e57170a0001fe24;0,52;7,61;62,87;23,10;0,10;254;3,60
2A0CFF1;16/05/2024 0:30:14;0125073d0000000000012524;1,37;7,61;0,00;0,00;0,10;37;3,60
2A0CFF1;16/05/2024 0:29:46;0242073b3718170a00014624;2,66;7,59;55,24;23,10;0,10;70;3,60
2A0CFF1;16/05/2024 0:28:41;0339073c4011170a00015c24;3,57;7,60;64,17;23,10;0,10;92;3,60
2A0CFF1;16/05/2024 0:27:32;0502073f3a28170a00011625;5,20;7,63;58,40;23,10;0,10;22;3,70
2A0CFF1;15/05/2024 18:24:35;004d080b3c571714004dc124;0,77;8,11;60,87;23,20;0,77;193;3,60
2A0CFF1;15/05/2024 18:23:59;014f080c3f4d1714004dea24;1,79;8,12;63,77;23,20;0,77;234;3,60
2A0CFF1;15/05/2024 18:23:28;0351080b42181714004d1c24;3,81;8,11;66,24;23,20;0,77;28;3,60
2A0CFF1;15/05/2024 18:22:28;0502081139141714004ef825;5,20;8,17;57,20;23,20;0,78;248;3,70
2A0CF6B;15/05/2024 11:17:10;000006570018162b00000000;0,00;6,87;0,24;22,43;0,00;0;0,00
2A0CF6B;14/05/2024 23:37:37;033c0730374a171e00001124;3,60;7,48;55,74;23,30;0,00;17;3,60
2A0CF6B;14/05/2024 23:36:35;040107303643171e00005e24;4,10;7,48;54,67;23,30;0,00;94;3,60
2A0CF6B;12/05/2024 22:38:46;044e0726383016320000cb26;4,78;7,38;56,48;22,50;0,00;203;3,80
2A0CF6B;10/05/2024 21:40:12;0037083d3004161e0000e426;0,55;8,61;48,40;22,30;0,00;228;3,80
2A0CF6B;10/05/2024 21:39:41;011e083e363e161e00001d26;1,30;8,62;54,62;22,30;0,00;29;3,80
2A0CF6B;10/05/2024 21:39:05;0217083f3435161e00005426;2,23;8,63;52,53;22,30;0,00;84;3,80
2A0CF6B;10/05/2024 21:38:34;0350083e314c161e0000c526;3,80;8,62;49,76;22,30;0,00;197;3,80
2A0CF6B;10/05/2024 21:37:32;0464083f3152161e0000dd26;4,10;8,63;49,82;22,30;0,00;221;3,80
2A0CF6B;10/05/2024 9:26:47;00440806370a154600000326;0,68;8,60;55,10;21,70;0,00;3;3,80
2A0CF6B;10/05/2024 9:26:15;014408043920154600006c26;1,68;8,40;57,32;21,70;0,00;108;3,80
2A0CF6B;10/05/2024 9:25:51;02350803351215460000a126;2,53;8,30;53,18;21,70;0,00;161;3,80
2A0CF6B;10/05/2024 9:25:12;03250807361a15460000d526;3,37;8,70;54,26;21,70;0,00;213;3,80
2A0CF6B;10/05/2024 9:24:13;050208043718154600003026;5,20;8,40;55,24;21,70;0,00;48;3,80
2A0CF6B;10/05/2024 3:19:46;044f07623561155000004826;4,79;7,98;53,97;21,80;0,00;72;3,80
2A0CF6B;9/05/2024 21:15:18;045e08283458155a0000d825;4,94;8,40;52,88;21,90;0,00;216;3,70
2A0CF6B;9/05/2024 21:13:46;045e0829365d155a00005625;4,94;8,41;54,93;21,90;0,00;86;3,70
2A0CF6B;9/05/2024 15:08:17;045e08133551155a00004425;4,94;8,19;53,81;21,90;0,00;68;3,70
2A0CF6B;9/05/2024 15:07:15;045e08133460155a00007b25;4,94;8,19;52,96;21,90;0,00;123;3,70
2A0CF6B;9/05/2024 15:06:03;045e08123503155a0000b125;4,94;8,18;53,30;21,90;0,00;177;3,70
2A0CF6B;8/05/2024 20:41:51;046008293228155000009326;4,96;8,41;50,40;21,80;0,00;147;3,80
2A0CF6B;7/05/2024 7:54:44;003b07423604145000006725;0,59;7,66;54,40;20,80;0,00;103;3,70
2A0CF6B;7/05/2024 7:54:12;01040741360e14500000a325;1,40;7,65;54,14;20,80;0,00;163;3,70
2A0CF6B;7/05/2024 7:53:44;025507443a34145000001a25;2,85;7,68;58,52;20,80;0,00;26;3,70
2A0CF6B;7/05/2024 7:52:42;033607443814145000005525;3,54;7,68;56,20;20,80;0,00;85;3,70
2A0CF6B;7/05/2024 7:51:30;05070745380a145000006726;5,70;7,69;56,10;20,80;0,00;103;3,80
2A0CF6B;7/05/2024 1:48:13;04610749390d145a00006525;4,97;7,73;57,13;20,90;0,00;101;3,70
2A0CF6B;7/05/2024 1:47:48;0461074a3a24145a00009d25;4,97;7,74;58,36;20,90;0,00;157;3,70
2A0CF6B;7/05/2024 1:47:13;046107483609145a0000d525;4,97;7,72;54,90;20,90;0,00;213;3,70
2A0CF6B;7/05/2024 1:46:11;046207493462145a00000d25;4,98;7,73;52,98;20,90;0,00;13;3,70
2A0CF6B;6/05/2024 19:42:09;00360806364d151400002525;0,54;8,60;54,77;21,20;0,00;37;3,70
2A0CF6B;6/05/2024 19:41:33;010708073650151400006426;1,70;8,70;54,80;21,20;0,00;100;3,80
2A0CF6B;6/05/2024 19:40:58;2,47E+43;2,71;8,70;55,73;21,20;0,00;224;3,70
2A0CF6B;6/05/2024 19:39:59;03280807364d151400001d25;3,40;8,70;54,77;21,20;0,00;29;3,70
2A0CF6B;6/05/2024 19:38:47;05030807384d151400004026;5,30;8,70;56,77;21,20;0,00;64;3,80
2A0CF6B;6/05/2024 13:35:36;00330802371a145000005926;0,51;8,20;55,26;20,80;0,00;89;3,80
2A0CF6B;6/05/2024 13:35:09;012708043713145000009726;1,39;8,40;55,19;20,80;0,00;151;3,80
2A0CF6B;6/05/2024 13:34:37;02250802370314500000d426;2,37;8,20;55,30;20,80;0,00;212;3,80
2A0CF6B;6/05/2024 13:34:02;035b0803391a145000004a26;3,91;8,30;57,26;20,80;0,00;74;3,80
2A0CF6B;6/05/2024 13:33:00;050208023a3c145000006526;5,20;8,20;58,60;20,80;0,00;101;3,80
2A0CF6B;6/05/2024 1:21:22;0035065b383914460000ca26;0,53;6,91;56,57;20,70;0,00;202;3,80
2A0CF6B;6/05/2024 1:20:20;011a065b333714460000fb26;1,26;6,91;51,55;20,70;0,00;251;3,80
2A0CF6B;6/05/2024 1:19:11;020c06593d1e144600002c26;2,12;6,89;61,30;20,70;0,00;44;3,80
2A0CF6B;6/05/2024 1:18:02;034b065b343f144600008e26;3,75;6,91;52,63;20,70;0,00;142;3,80
2A0CF6B;6/05/2024 1:16:53;0500065d3543144600009027;5,00;6,93;53,67;20,70;0,00;144;3,90
2A0CF6B;5/05/2024 19:13:51;003a081a360e145000008d26;0,58;8,26;54,14;20,80;0,00;141;3,80
2A0CF6B;5/05/2024 19:13:15;0140081a360e145000000326;1,64;8,26;54,14;20,80;0,00;3;3,80
2A0CF6B;5/05/2024 19:12:44;0237081a381a145000003c26;2,55;8,26;56,26;20,80;0,00;60;3,80
2A0CF6B;5/05/2024 19:12:16;031e081c392d145000007526;3,30;8,28;57,45;20,80;0,00;117;3,80
2A0CF6B;5/05/2024 19:11:14;05000819380d145000007626;5,00;8,25;56,13;20,80;0,00;118;3,80
2A0CF6B;5/05/2024 13:07:28;003d075e3963141e00008b26;0,61;7,94;57,99;20,30;0,00;139;3,80
2A0CF6B;5/05/2024 13:06:17;0140075f385e141400003926;1,64;7,95;56,94;20,20;0,00;57;3,80
2A0CF6B;5/05/2024 13:05:08;023807623503141400007126;2,56;7,98;53,30;20,20;0,00;113;3,80
2A0CF6B;5/05/2024 13:03:58;031d0762355114140000aa26;3,29;7,98;53,81;20,20;0,00;170;3,80
2A0CF6B;5/05/2024 13:02:50;05020762365514140000a026;5,20;7,98;54,85;20,20;0,00;160;3,80
2A0CF6B;5/05/2024 6:59:39;003e06613603135a0000d126;0,62;6,97;54,30;19,90;0,00;209;3,80
2A0CF6B;5/05/2024 6:59:07;0055065d3234140000000926;0,85;6,93;50,52;20,00;0,00;9;3,80
2A0CF6B;5/05/2024 6:58:36;024d065d304e140000007626;2,77;6,93;48,78;20,00;0,00;118;3,80
2A0CF6B;5/05/2024 6:57:37;0340065e330f14000000ac26;3,64;6,94;51,15;20,00;0,00;172;3,80
2A0CF6B;5/05/2024 6:56:25;05030660361b14000000c326;5,30;6,96;54,27;20,00;0,00;195;3,80
2A0CF6B;4/05/2024 18:44:54;003d0804364f141e0000bf26;0,61;8,40;54,79;20,30;0,00;191;3,80
2A0CF6B;4/05/2024 18:44:18;005e0806344f141e0000f926;0,94;8,60;52,79;20,30;0,00;249;3,80
2A0CF6B;4/05/2024 18:43:47;024f08063644141e00006a26;2,79;8,60;54,68;20,30;0,00;106;3,80
2A0CF6B;4/05/2024 18:42:49;033508063a14141e0000a326;3,53;8,60;58,20;20,30;0,00;163;3,80
2A0CF6B;4/05/2024 18:41:37;050508093500141e00009926;5,50;8,90;53,00;20,30;0,00;153;3,80
2A0CF6B;4/05/2024 12:37:53;01610829382a135000004e26;1,97;8,41;56,42;19,80;0,00;78;3,80
2A0CF6B;4/05/2024 12:36:44;0231082a3716135000008426;2,49;8,42;55,22;19,80;0,00;132;3,80
2A0CF6B;4/05/2024 12:35:36;033d082a373313500000ef26;3,61;8,42;55,51;19,80;0,00;239;3,80
2A0CF6B;4/05/2024 12:34:27;0508082b352713500000d026;5,80;8,43;53,39;19,80;0,00;208;3,80
2A0CF6B;4/05/2024 6:31:09;0041074e363b133c00008626;0,65;7,78;54,59;19,60;0,00;134;3,80
2A0CF6B;4/05/2024 6:30:38;013f074f3444133c0000ba26;1,63;7,79;52,68;19,60;0,00;186;3,80
2A0CF6B;4/05/2024 6:30:06;023707523530133c0000ee26;2,55;7,82;53,48;19,60;0,00;238;3,80
2A0CF6B;4/05/2024 6:29:38;031e074e372b133c00002126;3,30;7,78;55,43;19,60;0,00;33;3,80
2A0CF6B;4/05/2024 6:28:33;0506074a3733133c0000ee26;5,60;7,74;55,51;19,60;0,00;238;3,80
2A0CF6B;4/05/2024 0:25:31;00440735353b133c00001526;0,68;7,53;53,59;19,60;0,00;21;3,80
2A0CF6B;4/05/2024 0:25:00;01420734363313460000b526;1,66;7,52;54,51;19,70;0,00;181;3,80
2A0CF6B;4/05/2024 0:24:01;02390735352913460000e826;2,57;7,53;53,41;19,70;0,00;232;3,80
2A0CF6B;4/05/2024 0:22:49;032007363633133c00001c26;3,32;7,54;54,51;19,60;0,00;28;3,80
2A0CF6B;4/05/2024 0:21:41;05070736353c13460000ea26;5,70;7,54;53,60;19,70;0,00;234;3,80
2A0CF6B;3/05/2024 18:18:35;00420822342813500000e526;0,66;8,34;52,40;19,80;0,00;229;3,80
2A0CF6B;3/05/2024 18:18:04;014308233621135000008926;1,67;8,35;54,33;19,80;0,00;137;3,80
2A0CF6B;3/05/2024 18:17:32;023b0827333613500000be26;2,59;8,39;51,54;19,80;0,00;190;3,80
2A0CF6B;3/05/2024 18:17:00;03210825362213500000f326;3,33;8,37;54,34;19,80;0,00;243;3,80
2A0CF6B;3/05/2024 18:15:58;05070824362113500000d226;5,70;8,36;54,33;19,80;0,00;210;3,80
2A0CF6B;3/05/2024 12:12:48;00440750352413140000af26;0,68;7,80;53,36;19,20;0,00;175;3,80
2A0CF6B;3/05/2024 12:12:13;014307533246131400003126;1,67;7,83;50,70;19,20;0,00;49;3,80
2A0CF6B;3/05/2024 12:11:11;023d07553722131400005c26;2,61;7,85;55,34;19,20;0,00;92;3,80
2A0CF6B;3/05/2024 12:10:00;032407543a3d131400008826;3,36;7,84;58,61;19,20;0,00;136;3,80
2A0CF6B;3/05/2024 12:08:50;050a075a3335131400002027;5,10;7,90;51,53;19,20;0,00;32;3,90
2A0CF6B;3/05/2024 6:04:53;004106613620130a0000c426;0,65;6,97;54,32;19,10;0,00;196;3,80
2A0CF6B;3/05/2024 6:03:45;005b06603418130a0000f326;0,91;6,96;52,24;19,10;0,00;243;3,80
2A0CF6B;3/05/2024 6:02:36;024c06613320130a00004f26;2,76;6,97;51,32;19,10;0,00;79;3,80
2A0CF6B;3/05/2024 6:01:27;033306613706130a00007c26;3,51;6,97;55,60;19,10;0,00;124;3,80
2A0CF6B;3/05/2024 6:00:19;050b06623342130a00002425;5,11;6,98;51,66;19,10;0,00;36;3,70
2A0CF6B;2/05/2024 23:57:34;003b072f3a3013140000d926;0,59;7,47;58,48;19,20;0,00;217;3,80
2A0CF6B;2/05/2024 23:56:59;011207303410131e00000526;1,18;7,48;52,16;19,30;0,00;5;3,80
2A0CF6B;2/05/2024 23:56:31;02590730331b131e00005c26;2,89;7,48;51,27;19,30;0,00;92;3,80
2A0CF6B;2/05/2024 23:55:59;032d07323615131e00008726;3,45;7,50;54,21;19,30;0,00;135;3,80
2A0CF6B;2/05/2024 23:54:57;050907343055131e00001f27;5,90;7,52;48,85;19,30;0,00;31;3,90
2A0CF6B;2/05/2024 17:51:55;004207533a3d130a0000f226;0,66;7,83;58,61;19,10;0,00;242;3,80
2A0CF6B;2/05/2024 17:51:20;013a07553538130a00004726;1,58;7,85;53,56;19,10;0,00;71;3,80
2A0CF6B;2/05/2024 17:50:45;02310754315f130a00007226;2,49;7,84;49,95;19,10;0,00;114;3,80
2A0CF6B;2/05/2024 17:50:14;035e0754362a130a0000c726;3,94;7,84;54,42;19,10;0,00;199;3,80
2A0CF6B;2/05/2024 17:49:13;050807553629131400002f27;5,80;7,85;54,41;19,20;0,00;47;3,90
2A0CF6B;2/05/2024 11:45:45;003f0725363a121400008426;0,63;7,37;54,58;18,20;0,00;132;3,80
2A0CF6B;2/05/2024 11:45:13;010507253454120a0000ab26;1,50;7,37;52,84;18,10;0,00;171;3,80
2A0CF6B;2/05/2024 11:44:45;02590727344b120a0000f826;2,89;7,39;52,75;18,10;0,00;248;3,80
2A0CF6B;2/05/2024 11:43:43;033c0725393e120a00001f26;3,60;7,37;57,62;18,10;0,00;31;3,80
2A0CF6B;2/05/2024 11:42:31;050f07263746120a00008a27;5,15;7,38;55,70;18,10;0,00;138;3,90
2A0CF6B;2/05/2024 5:39:39;004007043261130000000626;0,64;7,40;50,97;19,00;0,00;6;3,80
2A0CF6B;2/05/2024 5:39:04;01310706344f130000003026;1,49;7,60;52,79;19,00;0,00;48;3,80
2A0CF6B;2/05/2024 5:38:32;022c0709345a125a00005a26;2,44;7,90;52,90;18,90;0,00;90;3,80
2A0CF6B;2/05/2024 5:38:00;03200706325e130000008326;3,32;7,60;50,94;19,00;0,00;131;3,80
2A0CF6B;2/05/2024 5:37:01;050c0706303f125a00003927;5,12;7,60;48,63;18,90;0,00;57;3,90
2A0CF6B;1/05/2024 23:33:52;003d0709382c131400000327;0,61;7,90;56,44;19,20;0,00;3;3,90
2A0CF6B;1/05/2024 23:33:23;1,39E+46;1,57;7,90;53,56;19,20;0,00;46;3,90
2A0CF6B;1/05/2024 23:32:52;02340709372e131400005a27;2,52;7,90;55,46;19,20;0,00;90;3,90
2A0CF6B;1/05/2024 23:31:47;031d07093a3f131400008527;3,29;7,90;58,63;19,20;0,00;133;3,90
2A0CF6B;1/05/2024 23:30:38;050a0709382a131400001d27;5,10;7,90;56,42;19,20;0,00;29;3,90
2A0CF6B;1/05/2024 17:27:32;00330724385f133c0000df27;0,51;7,36;56,95;19,60;0,00;223;3,90
2A0CF6B;1/05/2024 17:26:56;012807283505133c00000b27;1,40;7,40;53,50;19,60;0,00;11;3,90
2A0CF6B;1/05/2024 17:26:24;022507243403133c00003727;2,37;7,36;52,30;19,60;0,00;55;3,90
2A0CF6B;1/05/2024 17:25:53;035607233462133c00009027;3,86;7,35;52,98;19,60;0,00;144;3,90
2A0CF6B;1/05/2024 17:24:54;050507263761133c00000527;5,50;7,38;55,97;19,60;0,00;5;3,90
2A0CF6B;1/05/2024 11:21:24;003205443763131e0000d226;0,50;5,68;55,99;19,30;0,00;210;3,80
2A0CF6B;1/05/2024 11:20:56;010d05423761131e0000fe26;1,13;5,66;55,97;19,30;0,00;254;3,80
2A0CF6B;1/05/2024 11:20:20;020b0540360a131e00002926;2,11;5,64;54,10;19,30;0,00;41;3,80
2A0CF6B;1/05/2024 11:19:49;0350053e3a1d131e00007e26;3,80;5,62;58,29;19,30;0,00;126;3,80
2A0CF6B;1/05/2024 11:18:50;0507053c3620131e00001625;5,70;5,60;54,32;19,30;0,00;22;3,70
2A0CF6B;1/05/2024 5:15:58;003c071f3325132800009227;0,60;7,31;51,37;19,40;0,00;146;3,90
2A0CF6B;1/05/2024 5:15:27;0143071f3239132800001727;1,67;7,31;50,57;19,40;0,00;23;3,90
2A0CF6B;1/05/2024 5:14:25;023d071f3508132800004327;2,61;7,31;53,80;19,40;0,00;67;3,90
2A0CF6B;1/05/2024 5:13:16;0325071e3519132800006e27;3,37;7,30;53,25;19,40;0,00;110;3,90
2A0CF6B;1/05/2024 5:12:07;05070722341a132800000c27;5,70;7,34;52,26;19,40;0,00;12;3,90
2A0CF6B;30/04/2024 23:08:42;003807283132133c0000ab27;0,56;7,40;49,50;19,60;0,00;171;3,90
2A0CF6B;30/04/2024 23:06:22;015b072c3501133c00000427;1,91;7,44;53,10;19,60;0,00;4;3,90
2A0CF6B;30/04/2024 23:05:13;0343072a385d133c00005e27;3,67;7,42;56,93;19,60;0,00;94;3,90
2A0CF6B;30/04/2024 23:04:04;050807293322133c00000127;5,80;7,41;51,34;19,60;0,00;1;3,90
2A0CF6B;30/04/2024 17:00:46;00380806321c13460000d427;0,56;8,60;50,28;19,70;0,00;212;3,90
2A0CF6B;30/04/2024 17:00:46;00380806321c13460000d427;0,56;8,60;50,28;19,70;0,00;212;3,90
2A0CF6B;30/04/2024 17:00:10;011e08093510134600000127;1,30;8,90;53,16;19,70;0,00;1;3,90
2A0CF6B;30/04/2024 16:59:07;0347080a312c134600008827;3,71;8,10;49,44;19,70;0,00;136;3,90
2A0CF6B;30/04/2024 16:58:06;050908073864134600000227;5,90;8,70;56,10;19,70;0,00;2;3,90
2A0CF6B;30/04/2024 10:54:37;003d064f3706123c00002a27;0,61;6,79;55,60;18,60;0,00;42;3,90
2A0CF6B;30/04/2024 10:54:05;0058064f3915123c00005327;0,88;6,79;57,21;18,60;0,00;83;3,90
2A0CF6B;30/04/2024 10:53:33;0248064d3711123c0000a627;2,72;6,77;55,17;18,60;0,00;166;3,90
2A0CF6B;30/04/2024 10:53:09;0327064d390d123c0000cf27;3,39;6,77;57,13;18,60;0,00;207;3,90
2A0CF6B;30/04/2024 10:52:03;050d064b341b123c00005327;5,13;6,75;52,27;18,60;0,00;83;3,90
2A0CF6B;30/04/2024 4:48:51;003d06573241131e0000c827;0,61;6,87;50,65;19,30;0,00;200;3,90
2A0CF6B;30/04/2024 4:47:49;010f0658323b131e0000f327;1,15;6,88;50,59;19,30;0,00;243;3,90
2A0CF6B;30/04/2024 4:46:41;023506573522131e00004b27;2,53;6,87;53,34;19,30;0,00;75;3,90
2A0CF6B;30/04/2024 4:45:32;035206573728131e0000a227;3,82;6,87;55,40;19,30;0,00;162;3,90
2A0CF6B;30/04/2024 4:44:23;050c06543821131e00001227;5,12;6,84;56,33;19,30;0,00;18;3,90
2A0CF6B;29/04/2024 22:41:11;00370660375a13460000c827;0,55;6,96;55,90;19,70;0,00;200;3,90
2A0CF6B;29/04/2024 22:40:39;01270662321613460000f527;1,39;6,98;50,22;19,70;0,00;245;3,90
2A0CF6B;29/04/2024 22:40:07;02240662312e134600002227;2,36;6,98;49,46;19,70;0,00;34;3,90
2A0CF6B;29/04/2024 22:39:35;035e06623a00134600007e27;3,94;6,98;58,00;19,70;0,00;126;3,90
2A0CF6B;29/04/2024 22:38:37;050d0661313013460000f927;5,13;6,97;49,48;19,70;0,00;249;3,90
2A0CF6B;29/04/2024 16:35:23;00330708321013460000c527;0,51;7,80;50,16;19,70;0,00;197;3,90
2A0CF6B;29/04/2024 16:34:51;01280708364413460000f227;1,40;7,80;54,68;19,70;0,00;242;3,90
2A0CF6B;29/04/2024 16:34:19;0229070a3858134600002027;2,41;7,10;56,88;19,70;0,00;32;3,90
2A0CF6B;29/04/2024 16:33:48;035f070a3261134600007a27;3,95;7,10;50,97;19,70;0,00;122;3,90
2A0CF6B;29/04/2024 16:32:44;050a07083c1313460000f627;5,10;7,80;60,19;19,70;0,00;246;3,90
2A0CFF1;29/04/2024 4:20:09;0039054e4307135000083c21;0,57;5,78;67,70;19,80;0,80;60;3,30
2A0CFF1;29/04/2024 4:19:08;014c054f3c5f135000083c21;1,76;5,79;60,95;19,80;0,80;60;3,30
2A0CFF1;29/04/2024 4:17:56;0262054f3e45135000083c21;2,98;5,79;62,69;19,80;0,80;60;3,30
2A0CFF1;29/04/2024 4:16:47;050805503f53135000003c23;5,80;5,80;63,83;19,80;0,00;60;3,50
2A0CFF1;28/04/2024 22:13:31;003906373e0a135000003c22;0,57;6,55;62,10;19,80;0,00;60;3,40
2A0CFF1;28/04/2024 22:13:04;004a063a4024135000003c22;0,74;6,58;64,36;19,80;0,00;60;3,40
2A0CFF1;28/04/2024 22:12:28;0156063a411f135000003c22;1,86;6,58;65,31;19,80;0,00;60;3,40
2A0CFF1;28/04/2024 22:11:59;03060638401a135000003c22;3,60;6,56;64,26;19,80;0,00;60;3,40
2A0CFF1;28/04/2024 22:10:54;0509063a3f41135000003c23;5,90;6,58;63,65;19,80;0,00;60;3,50
2A0CFF1;28/04/2024 16:07:58;011f062344091414002d3c22;1,31;6,35;68,90;20,20;0,45;60;3,40
2A0CFF1;28/04/2024 16:07:26;022b062343071414002d3c22;2,43;6,35;67,70;20,20;0,45;60;3,40
2A0CFF1;28/04/2024 16:06:51;034d062442011414002d3c22;3,77;6,36;66,10;20,20;0,45;60;3,40
2A0CFF1;28/04/2024 16:05:52;050906253f3a141400163c23;5,90;6,37;63,58;20,20;0,22;60;3,50
2A0CFF1;28/04/2024 10:02:30;004406353d18140a002e3c22;0,68;6,53;61,24;20,10;0,46;60;3,40
2A0CFF1;28/04/2024 10:01:58;012c06364004140a002e3c22;1,44;6,54;64,40;20,10;0,46;60;3,40
2A0CFF1;28/04/2024 10:01:26;022c06353b46140a002e3c22;2,44;6,53;59,70;20,10;0,46;60;3,40
2A0CFF1;28/04/2024 10:00:58;033606344038140a002e3c22;3,54;6,52;64,56;20,10;0,46;60;3,40
2A0CFF1;28/04/2024 9:59:56;050a06384114140a00153c23;5,10;6,56;65,20;20,10;0,21;60;3,50
2A0CFF1;28/04/2024 3:56:51;00520708412a141e00303c22;0,82;7,80;65,42;20,30;0,48;60;3,40
2A0CFF1;28/04/2024 3:56:23;015c07084136141e00303c22;1,92;7,80;65,54;20,30;0,48;60;3,40
2A0CFF1;28/04/2024 3:54:43;05080709410b141e00153c23;5,80;7,90;65,11;20,30;0,21;60;3,50
2A0CFF1;27/04/2024 21:51:35;0030070a00000000002e3c22;0,48;7,10;0,00;0,00;0,46;60;3,40
2A0CFF1;27/04/2024 21:51:03;012e070f00000000002e3c22;1,46;7,15;0,00;0,00;0,46;60;3,40
2A0CFF1;27/04/2024 21:50:02;0247070d00000000002e3c22;2,71;7,13;0,00;0,00;0,46;60;3,40
2A0CFF1;27/04/2024 21:48:53;0351070f00000000002e3c22;3,81;7,15;0,00;0,00;0,46;60;3,40
2A0CFF1;27/04/2024 21:47:44;0504070f0000000000153c23;5,40;7,15;0,00;0,00;0,21;60;3,50
2A0CFF1;27/04/2024 15:44:30;0032073140211432002b3c22;0,50;7,49;64,33;20,50;0,43;60;3,40
2A0CFF1;27/04/2024 15:43:55;013607313f2e1432002b3c22;1,54;7,49;63,46;20,50;0,43;60;3,40
2A0CFF1;27/04/2024 15:43:23;024207313d271432002b3c22;2,66;7,49;61,39;20,50;0,43;60;3,40
2A0CFF1;27/04/2024 15:41:49;050207394052143200173c23;5,20;7,57;64,82;20,50;0,23;60;3,50
2A0CFF1;27/04/2024 9:38:32;003006564527141e002f3c22;0,48;6,86;69,39;20,30;0,47;60;3,40
2A0CFF1;27/04/2024 9:38:04;003e06564127141e002f3c22;0,62;6,86;65,39;20,30;0,47;60;3,40
2A0CFF1;27/04/2024 9:37:33;014b0657410f141e00303c22;1,75;6,87;65,15;20,30;0,48;60;3,40
2A0CFF1;27/04/2024 9:37:01;0261065a4423141e00303c22;2,97;6,90;68,35;20,30;0,48;60;3,40
2A0CFF1;27/04/2024 9:35:59;0503065a3f00141e00153c23;5,30;6,90;63,00;20,30;0,21;60;3,50
2A0CFF1;27/04/2024 3:32:48;002e05543f321432002c3c22;0,46;5,84;63,50;20,50;0,44;60;3,40
2A0CFF1;27/04/2024 3:32:12;004405543d5f1432002c3c22;0,68;5,84;61,95;20,50;0,44;60;3,40
2A0CFF1;27/04/2024 3:31:44;014f05523f121432002c3c22;1,79;5,82;63,18;20,50;0,44;60;3,40
2A0CFF1;27/04/2024 3:30:42;026405533e4d1432002c3c22;2,10;5,83;62,77;20,50;0,44;60;3,40
2A0CFF1;27/04/2024 3:29:29;05010557404e143200163c23;5,10;5,87;64,78;20,50;0,22;60;3,50
2A0CFF1;26/04/2024 21:26:34;0029072400000000002e3c22;0,41;7,36;0,00;0,00;0,46;60;3,40
2A0CFF1;26/04/2024 21:26:06;0119072600000000002e3c22;1,25;7,38;0,00;0,00;0,46;60;3,40
2A0CFF1;26/04/2024 21:25:34;024b072600000000002e3c22;2,75;7,38;0,00;0,00;0,46;60;3,40
2A0CFF1;26/04/2024 21:24:33;050107250000000000153c23;5,10;7,37;0,00;0,00;0,21;60;3,50
2A0CFF1;26/04/2024 15:21:11;002707374158142800313c23;0,39;7,55;65,88;20,40;0,49;60;3,50
2A0CFF1;26/04/2024 15:20:36;013007383e43142800313c23;1,48;7,56;62,67;20,40;0,49;60;3,50
2A0CFF1;26/04/2024 15:20:00;0247073b3f54142800313c23;2,71;7,59;63,84;20,40;0,49;60;3,50
2A0CFF1;26/04/2024 15:19:32;034707383b08142800313c23;3,71;7,56;59,80;20,40;0,49;60;3,50
2A0CFF1;26/04/2024 15:18:24;050007383e18142800173c23;5,00;7,56;62,24;20,40;0,23;60;3,50
2A0CFF1;26/04/2024 9:15:02;00340636411a1414002e3c23;0,52;6,54;65,26;20,20;0,46;60;3,50
2A0CFF1;26/04/2024 9:14:30;004c0639413a1414002f3c23;0,76;6,57;65,58;20,20;0,47;60;3,50
2A0CFF1;26/04/2024 9:13:59;0160063a413a1414002e3c23;1,96;6,58;65,58;20,20;0,46;60;3,50
2A0CFF1;26/04/2024 9:13:00;0312063a40201414002e3c23;3,18;6,58;64,32;20,20;0,46;60;3,50
2A0CFF1;26/04/2024 9:11:48;050206394013141400153c23;5,20;6,57;64,19;20,20;0,21;60;3,50
2A0CFF1;26/04/2024 3:08:46;003406464318141e00103c22;0,52;6,70;67,24;20,30;0,16;60;3,40
2A0CFF1;26/04/2024 3:08:13;004906463e21141e00103c22;0,73;6,70;62,33;20,30;0,16;60;3,40
2A0CFF1;26/04/2024 3:07:46;015506474210141e00103c22;1,85;6,71;66,16;20,30;0,16;60;3,40
2A0CFF1;26/04/2024 3:06:44;03060645425f141e00103c22;3,60;6,69;66,95;20,30;0,16;60;3,40
2A0CFF1;26/04/2024 3:05:31;0500064a432d141e000d3c23;5,00;6,74;67,45;20,30;0,13;60;3,50
2A0CFF1;25/04/2024 21:02:37;003007354016142800353c23;0,48;7,53;64,22;20,40;0,53;60;3,50
2A0CFF1;25/04/2024 21:01:35;005f07333e25142800333c23;0,95;7,51;62,37;20,40;0,51;60;3,50
2A0CFF1;25/04/2024 21:00:23;020707333c56142800333c23;2,70;7,51;60,86;20,40;0,51;60;3,50
2A0CFF1;25/04/2024 20:59:13;031807323f0d142800333c23;3,24;7,50;63,13;20,40;0,51;60;3,50
2A0CFF1;25/04/2024 20:58:05;046107304011142800173c23;4,97;7,48;64,17;20,40;0,23;60;3,50
2A0CFF1;25/04/2024 14:54:46;003c08294137141400353c23;0,60;8,41;65,55;20,20;0,53;60;3,50
2A0CFF1;25/04/2024 14:54:17;014b082a4257141400363c23;1,75;8,42;66,87;20,20;0,54;60;3,50
2A0CFF1;25/04/2024 14:53:46;025d082b4038141400353c23;2,93;8,43;64,56;20,20;0,53;60;3,50
2A0CFF1;25/04/2024 14:52:44;045f082941141414001a3c23;4,95;8,41;65,20;20,20;0,26;60;3,50
2A0CFF1;25/04/2024 8:49:27;002d06283e58135000323c23;0,45;6,40;62,88;19,80;0,50;60;3,50
2A0CFF1;25/04/2024 8:48:59;012806293e5b135000323c23;1,40;6,41;62,91;19,80;0,50;60;3,50
2A0CFF1;25/04/2024 8:48:27;023d062a3c1a135000313c23;2,61;6,42;60,26;19,80;0,49;60;3,50
2A0CFF1;25/04/2024 8:47:55;033e06283c05135000313c23;3,62;6,40;60,50;19,80;0,49;60;3,50
2A0CFF1;25/04/2024 8:46:50;046206274130135000143c24;4,98;6,39;65,48;19,80;0,20;60;3,60
2A0CFF1;25/04/2024 2:43:50;002e0647400b141e00373c23;0,46;6,71;64,11;20,30;0,55;60;3,50
2A0CFF1;25/04/2024 2:43:15;012e064b3f01141e00373c23;1,46;6,75;63,10;20,30;0,55;60;3,50
2A0CFF1;25/04/2024 2:42:43;024306493f1c141e00383c23;2,67;6,73;63,28;20,30;0,56;60;3,50
2A0CFF1;25/04/2024 2:42:12;0343064b4206141e00373c23;3,67;6,75;66,60;20,30;0,55;60;3,50
2A0CFF1;25/04/2024 2:41:14;0464064b3e27141e001e3c24;4,10;6,75;62,39;20,30;0,30;60;3,60
2A0CFF1;24/04/2024 20:38:13;0032075b3e5b141e00023c23;0,50;7,91;62,91;20,30;0,20;60;3,50
2A0CFF1;24/04/2024 20:37:41;0132075b412f141e00023c23;1,50;7,91;65,47;20,30;0,20;60;3,50
2A0CFF1;24/04/2024 20:37:13;0249075e412f141e00033c23;2,73;7,94;65,47;20,30;0,30;60;3,50
2A0CFF1;24/04/2024 20:36:38;034d075b430b141e00033c23;3,77;7,91;67,11;20,30;0,30;60;3,50
2A0CFF1;24/04/2024 20:35:38;050307614136141e00013c24;5,30;7,97;65,54;20,30;0,10;60;3,60
2A0CFF1;24/04/2024 14:32:37;00330746403c1414002b3c23;0,51;7,70;64,60;20,20;0,43;60;3,50
2A0CFF1;24/04/2024 14:32:06;012d07473f471414002d3c23;1,45;7,71;63,71;20,20;0,45;60;3,50
2A0CFF1;24/04/2024 14:31:33;024407484610141400303c23;2,68;7,72;70,16;20,20;0,48;60;3,50
2A0CFF1;24/04/2024 14:30:58;0347074939031414002d3c23;3,71;7,73;57,30;20,20;0,45;60;3,50
2A0CFF1;24/04/2024 14:30:00;0504074b40291414001c3c24;5,40;7,75;64,41;20,20;0,28;60;3,60
2A0CFF1;24/04/2024 8:26:48;003e06533f0a140000393c23;0,62;6,83;63,10;20,00;0,57;60;3,50
2A0CFF1;24/04/2024 8:26:19;003a06544004140a00383c23;0,58;6,84;64,40;20,10;0,56;60;3,50
2A0CFF1;24/04/2024 8:25:44;014e06524208140a00383c23;1,78;6,82;66,80;20,10;0,56;60;3,50
2A0CFF1;24/04/2024 8:25:13;026406553b4c140a00383c23;2,10;6,85;59,76;20,10;0,56;60;3,50
2A0CFF1;24/04/2024 8:24:16;050506553f24140a001c3c24;5,50;6,85;63,36;20,10;0,28;60;3,60
2A0CFF1;24/04/2024 2:20:54;003307263d3a140a00303c23;0,51;7,38;61,58;20,10;0,48;60;3,50
2A0CFF1;24/04/2024 2:20:22;013d07264012140a00303c23;1,61;7,38;64,18;20,10;0,48;60;3,50
2A0CFF1;24/04/2024 2:19:49;024f07253f50140a00303c23;2,79;7,37;63,80;20,10;0,48;60;3,50
2A0CFF1;24/04/2024 2:19:19;034f07253b19140a00303c23;3,79;7,37;59,25;20,10;0,48;60;3,50
2A0CFF1;24/04/2024 2:18:17;050307224108140a00153c24;5,30;7,34;65,80;20,10;0,21;60;3,60
2A0CFF1;23/04/2024 20:15:14;003a074e422e1428002d3c23;0,58;7,78;66,46;20,40;0,45;60;3,50
2A0CFF1;23/04/2024 20:14:38;0052074f45321428002d3c23;0,82;7,79;69,50;20,40;0,45;60;3,50
2A0CFF1;23/04/2024 20:14:10;0211074e440f1428002d3c23;2,17;7,78;68,15;20,40;0,45;60;3,50
2A0CFF1;23/04/2024 20:13:13;03230750440f1428002d3c23;3,35;7,80;68,15;20,40;0,45;60;3,50
2A0CFF1;23/04/2024 20:12:01;050307534041142800163c24;5,30;7,83;64,65;20,40;0,22;60;3,60
2A0CFF1;23/04/2024 14:08:39;0042074a4402141e00303c23;0,66;7,74;68,20;20,30;0,48;60;3,50
2A0CFF1;23/04/2024 14:08:03;014f0749424e141e00303c23;1,79;7,73;66,78;20,30;0,48;60;3,50
2A0CFF1;23/04/2024 14:06:33;0502074f404b141e00163c24;5,20;7,79;64,75;20,30;0,22;60;3,60
2A0CFF1;23/04/2024 8:02:52;0141071e4028141400253c23;1,65;7,30;64,40;20,20;0,37;60;3,50
2A0CFF1;23/04/2024 8:02:21;024f071d4560141400253c23;2,79;7,29;69,96;20,20;0,37;60;3,50
2A0CFF1;23/04/2024 8:01:21;034907223f16141400253c23;3,73;7,34;63,22;20,20;0,37;60;3,50
2A0CFF1;23/04/2024 8:00:09;050407234113141400163c24;5,40;7,35;65,19;20,20;0,22;60;3,60
2A0CFF1;23/04/2024 1:56:57;0036030e4419141e002c3c23;0,54;3,14;68,25;20,30;0,44;60;3,50
2A0CFF1;23/04/2024 1:56:25;011f030a3f49141e002c3c23;1,31;3,10;63,73;20,30;0,44;60;3,50
2A0CFF1;23/04/2024 1:55:49;02370304424e141e002c3c23;2,55;3,40;66,78;20,30;0,44;60;3,50
2A0CFF1;23/04/2024 1:54:48;033803014546141e002c3c23;3,56;3,10;69,70;20,30;0,44;60;3,50
2A0CFF1;23/04/2024 1:53:39;05030302412c141e00173c24;5,30;3,20;65,44;20,30;0,23;60;3,60
2A0CFF1;22/04/2024 19:49:59;00320846405b143200233c23;0,50;8,70;64,91;20,50;0,35;60;3,50
2A0CFF1;22/04/2024 19:48:47;012408473f46143200233c23;1,36;8,71;63,70;20,50;0,35;60;3,50
2A0CFF1;22/04/2024 19:47:38;02370845402f143200233c23;2,55;8,69;64,47;20,50;0,35;60;3,50
2A0CFF1;22/04/2024 19:46:30;033908453c58143200223c23;3,57;8,69;60,88;20,50;0,34;60;3,50
2A0CFF1;22/04/2024 19:45:21;050308474059143200173c24;5,30;8,71;64,89;20,50;0,23;60;3,60
2A0CFF1;22/04/2024 13:42:02;003707543f54141400253c23;0,55;7,84;63,84;20,20;0,37;60;3,50
2A0CFF1;22/04/2024 13:41:34;010e07534040141400253c23;1,14;7,83;64,64;20,20;0,37;60;3,50
2A0CFF1;22/04/2024 13:40:58;022307553d4e141400253c23;2,35;7,85;61,78;20,20;0,37;60;3,50
2A0CFF1;22/04/2024 13:40:30;032707563d4e141400253c23;3,39;7,86;61,78;20,20;0,37;60;3,50
2A0CFF1;22/04/2024 13:39:28;046307544127141400163c24;4,99;7,84;65,39;20,20;0,22;60;3,60
2A0CFF1;22/04/2024 7:35:31;003806424147140000293c23;0,56;6,66;65,71;20,00;0,41;60;3,50
2A0CFF1;22/04/2024 7:34:23;0106064241451400002a3c23;1,60;6,66;65,69;20,00;0,42;60;3,50
2A0CFF1;22/04/2024 7:33:14;0218064141521400002c3c23;2,24;6,65;65,82;20,00;0,44;60;3,50
2A0CFF1;22/04/2024 7:32:05;032b063f444f140000333c23;3,43;6,63;68,79;20,00;0,51;60;3,50
2A0CFF1;22/04/2024 7:30:57;050206424056140000163c24;5,20;6,66;64,86;20,00;0,22;60;3,60
2A0CFF1;22/04/2024 1:27:35;004c0653425e141400373c23;0,76;6,83;66,94;20,20;0,55;60;3,50
2A0CFF1;22/04/2024 1:27:03;015e065141561414003b3c23;1,94;6,81;65,86;20,20;0,59;60;3,50
2A0CFF1;22/04/2024 1:26:32;031006504240141400373c23;3,16;6,80;66,64;20,20;0,55;60;3,50
2A0CFF1;22/04/2024 1:25:30;0503064d410b141400163c24;5,30;6,77;65,11;20,20;0,22;60;3,60
2A0CFF1;21/04/2024 19:22:20;003b07194039143200263c23;0,59;7,25;64,57;20,50;0,38;60;3,50
2A0CFF1;21/04/2024 19:21:49;004c07184044143200263c23;0,76;7,24;64,68;20,50;0,38;60;3,50
2A0CFF1;21/04/2024 19:21:13;01620715433e143200253c23;1,98;7,21;67,62;20,50;0,37;60;3,50
2A0CFF1;21/04/2024 19:20:42;03160714431a143200253c23;3,22;7,20;67,26;20,50;0,37;60;3,50
2A0CFF1;21/04/2024 19:19:43;050207164101143200173c24;5,20;7,22;65,10;20,50;0,23;60;3,60
2A0CFF1;21/04/2024 13:16:03;003a07093f39135a00203c23;0,58;7,90;63,57;19,90;0,32;60;3,50
2A0CFF1;21/04/2024 13:15:35;013c07084038135a00203c23;1,60;7,80;64,56;19,90;0,32;60;3,50
2A0CFF1;21/04/2024 13:14:59;0252070a401c135a00203c23;2,82;7,10;64,28;19,90;0,32;60;3,50
2A0CFF1;21/04/2024 13:14:31;035507093d0a135a00203c23;3,85;7,90;61,10;19,90;0,32;60;3,50
2A0CFF1;21/04/2024 13:13:29;0506070a4061135a00173c24;5,60;7,10;64,97;19,90;0,23;60;3,60
2A0CFF1;21/04/2024 7:10:26;003906130000000000273c23;0,57;6,19;0,00;0,00;0,39;60;3,50
2A0CFF1;21/04/2024 7:09:55;013506124410141400273c23;1,53;6,18;68,16;20,20;0,39;60;3,50
2A0CFF1;21/04/2024 7:08:58;024906114302141400263c23;2,73;6,17;67,20;20,20;0,38;60;3,50
2A0CFF1;21/04/2024 7:07:44;034806114611141400263c23;3,72;6,17;70,17;20,20;0,38;60;3,50
2A0CFF1;21/04/2024 1:03:25;003407233f5e143c003f3c23;0,52;7,35;63,94;20,60;0,63;60;3,50
2A0CFF1;21/04/2024 1:02:53;013407233f57143c00383c23;1,52;7,35;63,87;20,60;0,56;60;3,50
2A0CFF1;21/04/2024 1:01:55;024807243e00143c00363c23;2,72;7,36;62,00;20,60;0,54;60;3,50
2A0CFF1;21/04/2024 1:00:43;034c07203f17143c00343c23;3,76;7,32;63,23;20,60;0,52;60;3,50
2A0CFF1;21/04/2024 0:59:35;046407244133143c00163c24;4,10;7,36;65,51;20,60;0,22;60;3,60
2A0CFF1;20/04/2024 18:55:51;003505644121145a00503c23;0,53;5,10;65,33;20,90;0,80;60;3,50
2A0CFF1;20/04/2024 18:54:42;013205614546145a00503c23;1,50;5,97;69,70;20,90;0,80;60;3,50
2A0CFF1;20/04/2024 18:53:34;024805604320145a00503c23;2,72;5,96;67,32;20,90;0,80;60;3,50
2A0CFF1;20/04/2024 18:52:25;034d055e4335145000503c23;3,77;5,94;67,53;20,80;0,80;60;3,50
2A0CFF1;20/04/2024 18:51:16;0501055d4147145000513c23;5,10;5,93;65,71;20,80;0,81;60;3,50
2A0CFF1;20/04/2024 12:47:58;0039065d432e143200503c23;0,57;6,93;67,46;20,50;0,80;60;3,50
2A0CFF1;20/04/2024 12:47:27;013b065c4501143200503c23;1,59;6,92;69,10;20,50;0,80;60;3,50
2A0CFF1;20/04/2024 12:46:51;0252065b4106143200503c23;2,82;6,91;65,60;20,50;0,80;60;3,50
2A0CFF1;20/04/2024 12:46:23;03560658411f143200503c23;3,86;6,88;65,31;20,50;0,80;60;3,50
2A0CFF1;20/04/2024 12:45:18;0503065d4216143200513c23;5,30;6,93;66,22;20,50;0,81;60;3,50
2A0CFF1;20/04/2024 6:41:36;0059072f00000000004f3c23;0,89;7,47;0,00;0,00;0,79;60;3,50
2A0CFF1;20/04/2024 6:40:28;021f072d00000000004f3c23;2,31;7,45;0,00;0,00;0,79;60;3,50
2A0CFF1;20/04/2024 6:39:19;0340072f00000000004f3c23;3,64;7,47;0,00;0,00;0,79;60;3,50
2A0CFF1;20/04/2024 6:38:13;0500072f0000000000503c23;5,00;7,47;0,00;0,00;0,80;60;3,50
2A0CFF1;20/04/2024 0:35:05;003a0754425e145a00503c23;0,58;7,84;66,94;20,90;0,80;60;3,50
2A0CFF1;20/04/2024 0:34:33;013307544430145a00503c23;1,51;7,84;68,48;20,90;0,80;60;3,50
2A0CFF1;20/04/2024 0:34:04;024a07544026145a00503c23;2,74;7,84;64,38;20,90;0,80;60;3,50
2A0CFF1;20/04/2024 0:33:33;035007534613145a00503c23;3,80;7,83;70,19;20,90;0,80;60;3,50
2A0CFF1;20/04/2024 0:32:30;050307523e2c145a00513c23;5,30;7,82;62,44;20,90;0,81;60;3,50
2A0CFF1;19/04/2024 18:29:28;004107334212151e00503c23;0,65;7,51;66,18;21,30;0,80;60;3,50
2A0CFF1;19/04/2024 18:28:52;004307334344151e00503c23;0,67;7,51;67,68;21,30;0,80;60;3,50
2A0CFF1;19/04/2024 18:28:24;015707343a15151e00503c23;1,87;7,52;58,21;21,30;0,80;60;3,50
2A0CFF1;19/04/2024 18:27:22;030a07324535151e00503c23;3,10;7,50;69,53;21,30;0,80;60;3,50
2A0CFF1;19/04/2024 18:26:10;050507363e29151e00513c24;5,50;7,54;62,41;21,30;0,81;60;3,60
2A0CFF1;19/04/2024 12:22:58;004407303f4a145a00503c23;0,68;7,48;63,74;20,90;0,80;60;3,50
2A0CFF1;19/04/2024 12:22:27;0040072f3e3a145a00503c23;0,64;7,47;62,58;20,90;0,80;60;3,50
2A0CFF1;19/04/2024 12:21:51;0154072e4122145a00503c23;1,84;7,46;65,34;20,90;0,80;60;3,50
2A0CFF1;19/04/2024 12:21:20;0308072e4124145a00503c23;3,80;7,46;65,36;20,90;0,80;60;3,50
2A0CFF1;19/04/2024 12:20:21;050a07324544145a00513c24;5,10;7,50;69,68;20,90;0,81;60;3,60
2A0CFF1;19/04/2024 6:17:15;003d072b411b150a00503c23;0,61;7,43;65,27;21,10;0,80;60;3,50
2A0CFF1;19/04/2024 6:16:48;012107294357150a00503c23;1,33;7,41;67,87;21,10;0,80;60;3,50
2A0CFF1;19/04/2024 6:16:16;023807294260150a00503c23;2,56;7,41;66,96;21,10;0,80;60;3,50
2A0CFF1;19/04/2024 6:15:40;033d072c460b150a00503c23;3,61;7,44;70,11;21,10;0,80;60;3,50
2A0CFF1;19/04/2024 6:14:39;050507283f0d150a00513c24;5,50;7,40;63,13;21,10;0,81;60;3,60
2A0CFF1;19/04/2024 0:11:39;003907454212152800503c23;0,57;7,69;66,18;21,40;0,80;60;3,50
2A0CFF1;19/04/2024 0:11:04;013b0746f941152800503c23;1,59;7,70;249,65;21,40;0,80;60;3,50
2A0CFF1;19/04/2024 0:10:32;025207463e3f152800503c23;2,82;7,70;62,63;21,40;0,80;60;3,50
2A0CFF1;19/04/2024 0:10:01;03580747453e152800503c23;3,88;7,71;69,62;21,40;0,80;60;3,50
2A0CFF1;19/04/2024 0:09:00;050407464322152800523c24;5,40;7,70;67,34;21,40;0,82;60;3,60
2A0CFF1;18/04/2024 18:05:43;003c08300000000000503c23;0,60;8,48;0,00;0,00;0,80;60;3,50
2A0CFF1;18/04/2024 18:05:16;004b08310000000000503c23;0,75;8,49;0,00;0,00;0,80;60;3,50
2A0CFF1;18/04/2024 18:04:40;021608300000000000503c23;2,22;8,48;0,00;0,00;0,80;60;3,50
2A0CFF1;18/04/2024 18:04:08;033908310000000000503c23;3,57;8,49;0,00;0,00;0,80;60;3,50
2A0CFF1;18/04/2024 18:03:10;046308350000000000513c24;4,99;8,53;0,00;0,00;0,81;60;3,60
2A0CFF1;18/04/2024 11:59:46;003d07414362150000503c23;0,61;7,65;67,98;21,00;0,80;60;3,50
2A0CFF1;18/04/2024 11:58:46;00390742452e150000503c23;0,57;7,66;69,46;21,00;0,80;60;3,50
2A0CFF1;18/04/2024 11:57:31;014707433e51150000503c23;1,71;7,67;62,81;21,00;0,80;60;3,50
2A0CFF1;18/04/2024 11:56:23;025b07453e64150000503c23;2,91;7,69;62,10;21,00;0,80;60;3,50
2A0CFF1;18/04/2024 11:55:13;05000744402e150a00523c24;5,00;7,68;64,46;21,10;0,82;60;3,60
2A0CFF1;18/04/2024 5:51:57;0045074d4148145a00503c23;0,69;7,77;65,72;20,90;0,80;60;3,50
2A0CFF1;18/04/2024 5:51:29;015d07493f1b145a00503c23;1,93;7,73;63,27;20,90;0,80;60;3,50
2A0CFF1;18/04/2024 5:50:54;0305074d432c145a00503c23;3,50;7,77;67,44;20,90;0,80;60;3,50
2A0CFF1;18/04/2024 5:49:54;044e0750401d145a00523c24;4,78;7,80;64,29;20,90;0,82;60;3,60
2A0CFF1;17/04/2024 23:46:16;003907373e09151400513c23;0,57;7,55;62,90;21,20;0,81;60;3,50
2A0CFF1;17/04/2024 23:45:08;011e07373c4b151400513c23;1,30;7,55;60,75;21,20;0,81;60;3,50
2A0CFF1;17/04/2024 23:43:59;02330737404f151400513c23;2,51;7,55;64,79;21,20;0,81;60;3,50
2A0CFF1;17/04/2024 23:42:50;033d07353f02151400513c23;3,61;7,53;63,20;21,20;0,81;60;3,50
2A0CFF1;17/04/2024 23:41:41;045d07383e5e151400523c24;4,93;7,56;62,94;21,20;0,82;60;3,60
2A0CFF1;17/04/2024 17:38:28;003708054338152800513c23;0,55;8,50;67,56;21,40;0,81;60;3,50
2A0CFF1;17/04/2024 17:37:57;012008064355152800513c23;1,32;8,60;67,85;21,40;0,81;60;3,50
2A0CFF1;17/04/2024 17:37:26;02390806450b152800513c23;2,57;8,60;69,11;21,40;0,81;60;3,50
2A0CFF1;17/04/2024 17:36:27;034408084528152800513c23;3,68;8,80;69,40;21,40;0,81;60;3,50
2A0CFF1;17/04/2024 17:35:15;045d08083e01152800523c24;4,93;8,80;62,10;21,40;0,82;60;3,60
2A0CFF1;17/04/2024 11:37:48;003f07603d09145a00519f23;0,63;7,96;61,90;20,90;0,81;159;3,50
2A0CFF1;17/04/2024 11:37:13;0053075e3c57145a0051ab23;0,83;7,94;60,87;20,90;0,81;171;3,50
2A0CFF1;17/04/2024 11:36:41;0163075c3e55145a0051b223;1,99;7,92;62,85;20,90;0,81;178;3,50
2A0CFF1;17/04/2024 11:36:13;031407603a25145a0051bf23;3,20;7,96;58,37;20,90;0,81;191;3,50
2A0CFF1;17/04/2024 11:35:45;046108033b32145a0052db24;4,97;8,30;59,50;20,90;0,82;219;3,60
2A0CFF1;17/04/2024 11:30:56;0056075d430714500051de23;0,86;7,93;67,70;20,80;0,81;222;3,50
2A0CFF1;17/04/2024 11:30:28;0100075e415314500051f523;1,00;7,94;65,83;20,80;0,81;245;3,50
2A0CFF1;17/04/2024 11:30:00;0219075f4459145000521e24;2,25;7,95;68,89;20,80;0,82;30;3,60
2A0CFF1;17/04/2024 11:29:21;032907613e13145000523524;3,41;7,97;62,19;20,80;0,82;53;3,60
2A0CFF1;17/04/2024 11:24:10;002b08066219135a00513c23;0,43;8,60;98,25;19,90;0,81;60;3,50
2A0CFF1;17/04/2024 11:23:02;002407633c42135000513c23;0,36;7,99;60,66;19,80;0,81;60;3,50
2A0CFF1;17/04/2024 11:22:34;001f075d3e35135000513c23;0,31;7,93;62,53;19,80;0,81;60;3,50
2A0CFF1;17/04/2024 11:21:35;003707584220134600513c24;0,55;7,88;66,32;19,70;0,81;60;3,60
2A0CFF1;17/04/2024 8:27:06;003807504054145a00523c24;0,56;7,80;64,84;20,90;0,82;60;3,60
2A0CFF1;17/04/2024 8:26:27;011607543d0d145a00523c24;1,22;7,84;61,13;20,90;0,82;60;3,60
2A0CFF1;17/04/2024 8:25:55;022a07533e33145a00523c24;2,42;7,83;62,51;20,90;0,82;60;3,60
2A0CFF1;17/04/2024 8:25:27;033307523d62145a00523c24;3,51;7,82;61,98;20,90;0,82;60;3,60
2A0CFF1;17/04/2024 8:24:21;046307563e3f145a00533c24;4,99;7,86;62,63;20,90;0,83;60;3,60
2A0CFF1;17/04/2024 2:21:08;003908044629151400523c24;0,57;8,40;70,41;21,20;0,82;60;3,60
2A0CFF1;17/04/2024 2:20:33;01090803465c151400523c24;1,90;8,30;70,92;21,20;0,82;60;3,60
2A0CFF1;17/04/2024 2:20:01;021b08054516151400523c24;2,27;8,50;69,22;21,20;0,82;60;3,60
2A0CFF1;17/04/2024 2:19:33;032608044139151400523c24;3,38;8,40;65,57;21,20;0,82;60;3,60
2A0CFF1;17/04/2024 2:18:31;045c0809412b151400533c24;4,92;8,90;65,43;21,20;0,83;60;3,60
2A0CFF1;16/04/2024 20:15:19;005f08464363150a00523c24;0,95;8,70;67,99;21,10;0,82;60;3,60
2A0CFF1;16/04/2024 20:14:43;020408463d45150a00523c24;2,40;8,70;61,69;21,10;0,82;60;3,60
2A0CFF1;16/04/2024 20:14:15;031008453f08150a00523c24;3,16;8,69;63,80;21,10;0,82;60;3,60
2A0CFF1;16/04/2024 20:13:10;045808463d01150a00533c24;4,88;8,70;61,10;21,10;0,83;60;3,60
2A0CFF1;16/04/2024 14:09:14;003d0828442c144600523c24;0,61;8,40;68,44;20,70;0,82;60;3,60
2A0CFF1;16/04/2024 14:08:04;015008264314144600523c24;1,80;8,38;67,20;20,70;0,82;60;3,60
2A0CFF1;16/04/2024 14:06:56;026308294049144600523c24;2,99;8,41;64,73;20,70;0,82;60;3,60
2A0CFF1;16/04/2024 14:05:48;045c082e3d36144600533c24;4,92;8,46;61,54;20,70;0,83;60;3,60
2A0CFF1;16/04/2024 8:02:44;0033074d403d142800523c24;0,51;7,77;64,61;20,40;0,82;60;3,60
2A0CFF1;16/04/2024 8:02:09;0130074c4324142800523c24;1,48;7,76;67,36;20,40;0,82;60;3,60
2A0CFF1;16/04/2024 8:01:10;0246074f4519142800523c24;2,70;7,79;69,25;20,40;0,82;60;3,60
2A0CFF1;16/04/2024 7:59:57;034d07514139142800523c24;3,77;7,81;65,57;20,40;0,82;60;3,60
2A0CFF1;16/04/2024 7:58:49;045f07513e51142800533c24;4,95;7,81;62,81;20,40;0,83;60;3,60
2A0CFF1;16/04/2024 1:55:44;003a07404306143c00523c24;0,58;7,64;67,60;20,60;0,82;60;3,60
2A0CFF1;16/04/2024 1:55:11;01180741402f143c00523c24;1,24;7,65;64,47;20,60;0,82;60;3,60
2A0CFF1;16/04/2024 1:54:40;021e0743431d143c00523c24;2,30;7,67;67,29;20,60;0,82;60;3,60
2A0CFF1;16/04/2024 1:54:09;032807444513143c00523c24;3,40;7,68;69,19;20,60;0,82;60;3,60
2A0CFF1;16/04/2024 1:53:10;046007464220143c00533c25;4,96;7,70;66,32;20,60;0,83;60;3,70
2A0CFF1;15/04/2024 19:49:53;003607634246143c00523c24;0,54;7,99;66,70;20,60;0,82;60;3,60
2A0CFF1;15/04/2024 19:49:21;013507644020143c00523c24;1,53;7,10;64,32;20,60;0,82;60;3,60
2A0CFF1;15/04/2024 19:48:49;024807634163143c00523c24;2,72;7,99;65,99;20,60;0,82;60;3,60
2A0CFF1;15/04/2024 19:48:17;0350075f421f143c00523c24;3,80;7,95;66,31;20,60;0,82;60;3,60
2A0CFF1;15/04/2024 19:47:15;045e08013d46143c00533c25;4,94;8,10;61,70;20,60;0,83;60;3,70
2A0CFF1;15/04/2024 13:43:53;004c074d4125140a00523c24;0,76;7,77;65,37;20,10;0,82;60;3,60
2A0CFF1;15/04/2024 13:43:29;0160074a4739140a00523c24;1,96;7,74;71,57;20,10;0,82;60;3,60
2A0CFF1;15/04/2024 13:42:20;0311074a412f140000523c24;3,17;7,74;65,47;20,00;0,82;60;3,60
2A0CFF1;15/04/2024 13:41:11;0462074d410f140a00533c25;4,98;7,77;65,15;20,10;0,83;60;3,70
2A0CFF1;15/04/2024 7:38:01;003b0747453e135a00523c24;0,59;7,71;69,62;19,90;0,82;60;3,60
2A0CFF1;15/04/2024 7:37:29;011f0748440c135000523c24;1,31;7,72;68,12;19,80;0,82;60;3,60
2A0CFF1;15/04/2024 7:36:57;023507453c61135a00523c24;2,53;7,69;60,97;19,90;0,82;60;3,60
2A0CFF1;15/04/2024 7:36:26;033907484320135a00523c24;3,57;7,72;67,32;19,90;0,82;60;3,60
2A0CFF1;15/04/2024 7:35:27;046307474045135a00533c25;4,99;7,71;64,69;19,90;0,83;60;3,70
2A0CFF1;15/04/2024 1:32:19;003808253f52140a00523c24;0,56;8,37;63,82;20,10;0,82;60;3,60
2A0CFF1;15/04/2024 1:31:47;01310827452b140a00523c24;1,49;8,39;69,43;20,10;0,82;60;3,60
2A0CFF1;15/04/2024 1:31:15;024808244036140a00523c24;2,72;8,36;64,54;20,10;0,82;60;3,60
2A0CFF1;15/04/2024 1:30:44;035108273d2f140a00523c24;3,81;8,39;61,47;20,10;0,82;60;3,60
2A0CFF1;15/04/2024 1:29:42;046308323f32140a00533c25;4,99;8,50;63,50;20,10;0,83;60;3,70
2A0CFF1;14/04/2024 19:26:19;003b08164156141e00523c24;0,59;8,22;65,86;20,30;0,82;60;3,60
2A0CFF1;14/04/2024 19:25:47;01280818445d141e00523c24;1,40;8,24;68,93;20,30;0,82;60;3,60
2A0CFF1;14/04/2024 19:25:15;023f08183f57141e00523c24;2,63;8,24;63,87;20,30;0,82;60;3,60
2A0CFF1;14/04/2024 19:24:44;034c081c4406141400523c24;3,76;8,28;68,60;20,20;0,82;60;3,60
2A0CFF1;14/04/2024 19:23:42;0462081a3c2f141e00533c25;4,98;8,26;60,47;20,30;0,83;60;3,70
2A0CFF1;14/04/2024 13:20:33;005408274156140000523c24;0,84;8,39;65,86;20,00;0,82;60;3,60
2A0CFF1;14/04/2024 13:19:58;020508264055140000523c24;2,50;8,38;64,85;20,00;0,82;60;3,60
2A0CFF1;14/04/2024 13:18:59;0315082c3e0f140000523c24;3,21;8,44;62,15;20,00;0,82;60;3,60
2A0CFF1;14/04/2024 13:17:46;0502082d3763140000533c25;5,20;8,45;55,99;20,00;0,83;60;3,70
2A0CFF1;14/04/2024 7:14:24;004307593e14135000523c24;0,67;7,89;62,20;19,80;0,82;60;3,60
2A0CFF1;14/04/2024 7:13:52;011b0759445c135000523c24;1,27;7,89;68,92;19,80;0,82;60;3,60
2A0CFF1;14/04/2024 7:12:50;023307593d28135000523c24;2,51;7,89;61,40;19,80;0,82;60;3,60
2A0CFF1;14/04/2024 7:11:42;03550758404d135000523c24;3,85;7,88;64,77;19,80;0,82;60;3,60
2A0CFF1;14/04/2024 7:10:33;0505075b3d24135000533c25;5,50;7,91;61,36;19,80;0,83;60;3,70
2A0CFF1;14/04/2024 1:07:23;003e07394343135a00533c24;0,62;7,57;67,67;19,90;0,83;60;3,60
2A0CFF1;14/04/2024 1:06:52;013407373d3d135a00533c24;1,52;7,55;61,61;19,90;0,83;60;3,60
2A0CFF1;14/04/2024 1:05:53;024d07384252135a00533c24;2,77;7,56;66,82;19,90;0,83;60;3,60
2A0CFF1;14/04/2024 1:04:41;035707364602135a00533c24;3,87;7,54;70,20;19,90;0,83;60;3,60
2A0CFF1;14/04/2024 1:03:32;050507374008135a00533c25;5,50;7,55;64,80;19,90;0,83;60;3,70
2A0CFF1;13/04/2024 18:59:44;0047083d4613135a00533c24;0,71;8,61;70,19;19,90;0,83;60;3,60
2A0CFF1;13/04/2024 18:58:32;0109083f4247135a00533c24;1,90;8,63;66,71;19,90;0,83;60;3,60
2A0CFF1;13/04/2024 18:57:23;0220083f3c5b135a00533c24;2,32;8,63;60,91;19,90;0,83;60;3,60
2A0CFF1;13/04/2024 18:56:14;033008434053135a00533c24;3,48;8,67;64,83;19,90;0,83;60;3,60
2A0CFF1;13/04/2024 18:55:05;050408463d2c135a00533c25;5,40;8,70;61,44;19,90;0,83;60;3,70
2A0CFF1;13/04/2024 12:51:51;004907043f01133c00533c24;0,73;7,40;63,10;19,60;0,83;60;3,60
2A0CFF1;13/04/2024 12:51:23;010e0663413c133200533c24;1,14;6,99;65,60;19,50;0,83;60;3,60
2A0CFF1;13/04/2024 12:50:21;022506624210133200533c24;2,37;6,98;66,16;19,50;0,83;60;3,60
2A0CFF1;13/04/2024 12:49:09;0333065f4635133200533c24;3,51;6,95;70,53;19,50;0,83;60;3,60
2A0CFF1;13/04/2024 12:48:00;0507065f3b1d133200533c25;5,70;6,95;59,29;19,50;0,83;60;3,70
2A0CFF1;13/04/2024 6:44:54;0049080a421c131e00533c24;0,73;8,10;66,28;19,30;0,83;60;3,60
2A0CFF1;13/04/2024 6:43:49;01110809414a131e00533c24;1,17;8,90;65,74;19,30;0,83;60;3,60
2A0CFF1;13/04/2024 6:42:40;022a0808430b131e00533c24;2,42;8,80;67,11;19,30;0,83;60;3,60
2A0CFF1;13/04/2024 6:41:32;033808053f3a131e00533c24;3,56;8,50;63,58;19,30;0,83;60;3,60
2A0CFF1;13/04/2024 6:40:23;050808063a62131e00533c25;5,80;8,60;58,98;19,30;0,83;60;3,70
2A0CFF1;13/04/2024 0:36:39;004908163d06133200533c24;0,73;8,22;61,60;19,50;0,83;60;3,60
2A0CFF1;13/04/2024 0:35:30;011b0815424a133200533c24;1,27;8,21;66,74;19,50;0,83;60;3,60
2A0CFF1;13/04/2024 0:34:21;02310814440c133200533c24;2,49;8,20;68,12;19,50;0,83;60;3,60
2A0CFF1;13/04/2024 0:33:12;033d08123e25133200533c24;3,61;8,18;62,37;19,50;0,83;60;3,60
2A0CFF1;13/04/2024 0:32:04;050a0816403b133200533c25;5,10;8,22;64,59;19,50;0,83;60;3,70
2A0CFF1;12/04/2024 18:28:40;0042083d4210133c00533c24;0,66;8,61;66,16;19,60;0,83;60;3,60
2A0CFF1;12/04/2024 18:28:09;0144083d433a133200533c24;1,68;8,61;67,58;19,50;0,83;60;3,60
2A0CFF1;12/04/2024 18:27:37;0250083c3e4d133c00533c24;2,80;8,60;62,77;19,60;0,83;60;3,60
2A0CFF1;12/04/2024 18:27:06;035808403c0e133c00533c24;3,88;8,64;60,14;19,60;0,83;60;3,60
2A0CFF1;12/04/2024 18:26:04;0509083e3f10133c00533c25;5,90;8,62;63,16;19,60;0,83;60;3,70
2A0CFF1;12/04/2024 12:25:53;0,00E+00;0,00;0,00;0,00;0,00;0,00;0;0,00
2A0CFF1;12/04/2024 12:13:07;004f073f3d5e130a0053be25;0,79;7,63;61,94;19,10;0,83;190;3,70
2A0CFF1;12/04/2024 12:12:36;0049073c4460130a0053ec25;0,73;7,60;68,96;19,10;0,83;236;3,70
2A0CFF1;12/04/2024 12:12:08;015d073e421a130a00530525;1,93;7,62;66,26;19,10;0,83;5;3,70
2A0CFF1;12/04/2024 12:11:39;0363073f4031130a00532e25;3,99;7,63;64,49;19,10;0,83;46;3,70
2A0CFF1;12/04/2024 12:11:04;050e073c444b130a00536225;5,14;7,60;68,75;19,10;0,83;98;3,70
2A0CFF1;12/04/2024 12:06:22;004c07483f4b130a00533c25;0,76;7,72;63,75;19,10;0,83;60;3,70
2A0CFF1;12/04/2024 12:05:46;012007464001130000533c25;1,32;7,70;64,10;19,00;0,83;60;3,70
2A0CFF1;12/04/2024 12:05:18;023407484846130a00533c25;2,52;7,72;72,70;19,10;0,83;60;3,70
2A0CFF1;12/04/2024 12:04:16;034207473f23130a00533c25;3,66;7,71;63,35;19,10;0,83;60;3,70
2A0CFF1;12/04/2024 12:03:04;050f07473737130a00543c25;5,15;7,71;55,55;19,10;0,84;60;3,70
2A0CFF1;12/04/2024 11:57:45;0000073c3a60113700530000;0,00;7,60;58,96;17,55;0,83;0;0,00
2A0CFF1;12/04/2024 11:26:55;0049074c4221130000533c25;0,73;7,76;66,33;19,00;0,83;60;3,70
2A0CFF1;12/04/2024 11:26:23;012d074b412a125a00533c25;1,45;7,75;65,42;18,90;0,83;60;3,70
2A0CFF1;12/04/2024 11:25:55;024707474342125a00533c25;2,71;7,71;67,66;18,90;0,83;60;3,70
2A0CFF1;12/04/2024 11:25:22;03570746453d125a00533c25;3,87;7,70;69,61;18,90;0,83;60;3,70
2A0CFF1;12/04/2024 11:24:21;050e074e3d2c125a00533c25;5,14;7,78;61,44;18,90;0,83;60;3,70
2A0CFF1;12/04/2024 5:26:31;004d07484019131400533c25;0,77;7,72;64,25;19,20;0,83;60;3,70
2A0CFF1;12/04/2024 5:25:56;004d074a3c4d131400533c25;0,77;7,74;60,77;19,20;0,83;60;3,70
2A0CFF1;12/04/2024 5:24:54;0046074b4748131400533c25;0,70;7,75;71,72;19,20;0,83;60;3,70
2A0CFF1;12/04/2024 5:23:43;0211074b3d4a131400533c25;2,17;7,75;61,74;19,20;0,83;60;3,70
2A0CFF1;11/04/2024 23:20:08;010d07044015132800533c25;1,13;7,40;64,21;19,40;0,83;60;3,70
2A0CFF1;11/04/2024 23:19:37;022207053f28132800533c25;2,34;7,50;63,40;19,40;0,83;60;3,70
2A0CFF1;11/04/2024 23:18:38;033706634217131e00533c25;3,55;6,99;66,23;19,30;0,83;60;3,70
2A0CFF1;11/04/2024 23:17:26;050d07023b45131e00533c25;5,13;7,20;59,69;19,30;0,83;60;3,70
2A0CFF1;11/04/2024 17:14:03;010608233b06131e00533c25;1,60;8,35;59,60;19,30;0,83;60;3,70
2A0CFF1;11/04/2024 17:13:01;021a081f4144131400533c25;2,26;8,31;65,68;19,20;0,83;60;3,70
2A0CFF1;11/04/2024 17:11:53;032b08213d1b131400533c25;3,43;8,33;61,27;19,20;0,83;60;3,70
2A0CFF1;11/04/2024 17:10:43;0509081b3b21131e00543c25;5,90;8,27;59,33;19,30;0,84;60;3,70
2A0CFF1;11/04/2024 11:07:17;004607154507130000533c25;0,70;7,21;69,70;19,00;0,83;60;3,70
2A0CFF1;11/04/2024 11:06:14;023a07144003130000533c25;2,58;7,20;64,30;19,00;0,83;60;3,70
2A0CFF1;11/04/2024 11:05:11;034607174539130000533c25;3,70;7,23;69,57;19,00;0,83;60;3,70
2A0CFF1;11/04/2024 11:04:02;050b071e4357130000533c25;5,11;7,30;67,87;19,00;0,83;60;3,70
2A0CFF1;11/04/2024 5:01:09;0048073a4144125a00533c25;0,72;7,58;65,68;18,90;0,83;60;3,70
2A0CFF1;11/04/2024 5:00:37;006207394312125a00533c25;0,98;7,57;67,18;18,90;0,83;60;3,70
2A0CFF1;11/04/2024 5:00:05;021307393f5a125a00533c25;2,19;7,57;63,90;18,90;0,83;60;3,70
2A0CFF1;11/04/2024 4:59:33;032307393f02125a00533c25;3,35;7,57;63,20;18,90;0,83;60;3,70
2A0CFF1;11/04/2024 4:58:32;050507383f13125a00533c25;5,50;7,56;63,19;18,90;0,83;60;3,70
2A0CFF1;10/04/2024 22:55:15;004207483e50130000533c25;0,66;7,72;62,80;19,00;0,83;60;3,70
2A0CFF1;10/04/2024 22:54:47;011e07494130130a00533c25;1,30;7,73;65,48;19,10;0,83;60;3,70
2A0CFF1;10/04/2024 22:54:15;022f07494031130a00533c25;2,47;7,73;64,49;19,10;0,83;60;3,70
2A0CFF1;10/04/2024 22:53:43;033a0745402a130a00533c25;3,58;7,69;64,42;19,10;0,83;60;3,70
2A0CFF1;10/04/2024 22:52:43;0507074a4107130000533c25;5,70;7,74;65,70;19,00;0,83;60;3,70
2A0CFF1;10/04/2024 16:49:15;005708043e12130a00533c25;0,87;8,40;62,18;19,10;0,83;60;3,70
2A0CFF1;10/04/2024 16:48:50;020408053933130a00533c25;2,40;8,50;57,51;19,10;0,83;60;3,70
2A0CFF1;10/04/2024 16:48:12;031308054028130a00533c25;3,19;8,50;64,40;19,10;0,83;60;3,70
2A0CFF1;10/04/2024 16:47:10;0509080d395c130a00543c25;5,90;8,13;57,92;19,10;0,84;60;3,70
2A0CFF1;10/04/2024 10:43:55;004707483e09123c00533c25;0,71;7,72;62,90;18,60;0,83;60;3,70
2A0CFF1;10/04/2024 10:43:20;0125074c3f30123c00533c25;1,37;7,76;63,48;18,60;0,83;60;3,70
2A0CFF1;10/04/2024 10:42:52;0239074e4322124600533c25;2,57;7,78;67,34;18,70;0,83;60;3,70
2A0CFF1;10/04/2024 10:42:16;0347074b4141124600533c25;3,71;7,75;65,65;18,70;0,83;60;3,70
2A0CFF1;10/04/2024 10:41:15;051007473b2b124600533c25;5,16;7,71;59,43;18,70;0,83;60;3,70
2A0CFF1;10/04/2024 4:38:05;011407153e5e124600533c25;1,20;7,21;62,94;18,70;0,83;60;3,70
2A0CFF1;10/04/2024 4:37:30;022a07154236124600533c25;2,42;7,21;66,54;18,70;0,83;60;3,70
2A0CFF1;10/04/2024 4:36:26;03370716431d124600533c25;3,55;7,22;67,29;18,70;0,83;60;3,70
2A0CFF1;10/04/2024 4:35:18;05120718404d124600543c25;5,18;7,24;64,77;18,70;0,84;60;3,70
2A0CFF1;9/04/2024 22:32:14;004408053e1e130000533c25;0,68;8,50;62,30;19,00;0,83;60;3,70
2A0CFF1;9/04/2024 22:31:46;012d08063d52130000533c25;1,45;8,60;61,82;19,00;0,83;60;3,70
2A0CFF1;9/04/2024 22:31:14;024508083701130000533c25;2,69;8,80;55,10;19,00;0,83;60;3,70
2A0CFF1;9/04/2024 22:30:39;035408083c18130000533c25;3,84;8,80;60,24;19,00;0,83;60;3,70
2A0CFF1;9/04/2024 22:29:36;051508053e02130000543c25;5,21;8,50;62,20;19,00;0,84;60;3,70
2A0CFF1;9/04/2024 16:26:18;0041081f3d4f130000533c25;0,65;8,31;61,79;19,00;0,83;60;3,70
2A0CFF1;9/04/2024 16:25:46;013308223f1d130000533c25;1,51;8,34;63,29;19,00;0,83;60;3,70
2A0CFF1;9/04/2024 16:25:14;0243081e405a130000533c25;2,67;8,30;64,90;19,00;0,83;60;3,70
2A0CFF1;9/04/2024 16:24:46;035108203e52130000533c25;3,81;8,32;62,82;19,00;0,83;60;3,70
2A0CFF1;9/04/2024 16:23:50;0511081f3e29130000543c25;5,17;8,31;62,41;19,00;0,84;60;3,70
2A0CFF1;9/04/2024 10:20:29;004107313a21123c00533c25;0,65;7,49;58,33;18,60;0,83;60;3,70
2A0CFF1;9/04/2024 10:20:01;012f072f4753123c00533c25;1,47;7,47;71,83;18,60;0,83;60;3,70
2A0CFF1;9/04/2024 10:19:22;023507313e43123c00533c25;2,53;7,49;62,67;18,60;0,83;60;3,70
2A0CFF1;9/04/2024 10:18:51;033b0737421c123c00533c25;3,59;7,55;66,28;18,60;0,83;60;3,70
2A0CFF1;9/04/2024 10:17:52;051907343b36123c00543c25;5,25;7,52;59,54;18,60;0,84;60;3,70
2A0CFF1;9/04/2024 4:14:45;003f075e3f55125a00533c25;0,63;7,94;63,85;18,90;0,83;60;3,70
2A0CFF1;9/04/2024 4:14:14;0060075f402b125a00533c25;0,96;7,95;64,43;18,90;0,83;60;3,70
2A0CFF1;9/04/2024 4:13:42;0208075b3d18125a00533c25;2,80;7,91;61,24;18,90;0,83;60;3,70
2A0CFF1;9/04/2024 4:13:10;0363075f3e11125a00533c25;3,99;7,95;62,17;18,90;0,83;60;3,70
2A0CFF1;9/04/2024 4:12:08;051007594515125a00543c25;5,16;7,89;69,21;18,90;0,84;60;3,70
2A0CFF1;8/04/2024 22:08:53;003908113e58130a00533c25;0,57;8,17;62,88;19,10;0,83;60;3,70
2A0CFF1;8/04/2024 22:07:52;013208133b39130a00533c25;1,50;8,19;59,57;19,10;0,83;60;3,70
2A0CFF1;8/04/2024 22:06:44;023c08113c1a130a00533c25;2,60;8,17;60,26;19,10;0,83;60;3,70
2A0CFF1;8/04/2024 22:05:35;034708174159130a00533c25;3,71;8,23;65,89;19,10;0,83;60;3,70
2A0CFF1;8/04/2024 22:04:27;05090813385a130a00543c25;5,90;8,19;56,90;19,10;0,84;60;3,70
2A0CFF1;8/04/2024 16:01:18;003307613d57130000533c25;0,51;7,97;61,87;19,00;0,83;60;3,70
2A0CFF1;8/04/2024 16:00:50;011c07603b4a130000533c25;1,28;7,96;59,74;19,00;0,83;60;3,70
2A0CFF1;8/04/2024 16:00:18;021a07613c46130000533c25;2,26;7,97;60,70;19,00;0,83;60;3,70
2A0CFF1;8/04/2024 15:59:43;031c07624108130000533c25;3,28;7,98;65,80;19,00;0,83;60;3,70
2A0CFF1;8/04/2024 15:58:41;050407623b4b130000543c25;5,40;7,98;59,75;19,00;0,84;60;3,70
2A0CAA5;8/04/2024 4:10:59;034e075f000000000000781c;3,78;7,95;0,00;0,00;0,00;120;2,80
2A0CAA5;8/04/2024 4:10:26;0419075c0000000000005f1c;4,25;7,92;0,00;0,00;0,00;95;2,80
2A0CAA5;8/04/2024 4:09:29;0445075a000000000000871c;4,69;7,90;0,00;0,00;0,00;135;2,80
2A0CAA5;7/04/2024 22:03:28;04470811000000000000531c;4,71;8,17;0,00;0,00;0,00;83;2,80
2A0CAA5;7/04/2024 22:02:20;043f0813000000000000511c;4,63;8,19;0,00;0,00;0,00;81;2,80
2A0CAA5;6/04/2024 15:28:10;042e0835000000000000301c;4,46;8,53;0,00;0,00;0,00;48;2,80
2A0CAA5;5/04/2024 21:07:24;0453082c000000000000601c;4,83;8,44;0,00;0,00;0,00;96;2,80
2A0CAA5;5/04/2024 8:57:21;041e075e000000000000131d;4,30;7,94;0,00;0,00;0,00;19;2,90
2A0CAA5;4/04/2024 20:46:41;0421081e000000000000d01d;4,33;8,30;0,00;0,00;0,00;208;2,90
2A0CAA5;4/04/2024 2:28:59;0503064300000000000e341d;5,30;6,67;0,00;0,00;0,14;52;2,90
2A0CAA5;3/04/2024 8:09:58;04190748000000000000c51d;4,25;7,72;0,00;0,00;0,00;197;2,90
2A0CAA5;2/04/2024 1:41:27;0446074f000000000000891d;4,70;7,79;0,00;0,00;0,00;137;2,90
2A0CAA5;1/04/2024 7:22:10;0507071d0000000000003c1e;5,70;7,29;0,00;0,00;0,00;60;3,00
2A0CAA5;1/04/2024 1:14:06;04500727000000000000a31e;4,80;7,39;0,00;0,00;0,00;163;3,00
2A0CAA5;30/03/2024 11:39:29;013d071c000000000000251e;1,61;7,28;0,00;0,00;0,00;37;3,00
2A0CAA5;30/03/2024 11:39:00;0245071f0000000000003b1e;2,69;7,31;0,00;0,00;0,00;59;3,00
2A0CAA5;30/03/2024 11:38:30;0343071e0000000000004c1e;3,67;7,30;0,00;0,00;0,00;76;3,00
2A0CAA5;30/03/2024 11:37:30;0504071d000000000205c01f;5,40;7,29;0,00;0,00;2,50;192;3,10
2A0CAA5;30/03/2024 5:34:42;0126071c0000000000000e1e;1,38;7,28;0,00;0,00;0,00;14;3,00
2A0CAA5;30/03/2024 5:34:12;0249071b0000000000001f1e;2,73;7,27;0,00;0,00;0,00;31;3,00
2A0CAA5;30/03/2024 5:33:12;0350071c000000000000281e;3,80;7,28;0,00;0,00;0,00;40;3,00
2A0CAA5;30/03/2024 5:32:10;0463071e00000000002cbe1f;4,99;7,30;0,00;0,00;0,44;190;3,10
2A0CAA5;29/03/2024 23:28:50;01190713000000000000dc1e;1,25;7,19;0,00;0,00;0,00;220;3,00
2A0CAA5;29/03/2024 23:28:20;02340716000000000000fd1e;2,52;7,22;0,00;0,00;0,00;253;3,00
2A0CAA5;29/03/2024 23:27:23;033e0715000000000000fa1e;3,62;7,21;0,00;0,00;0,00;250;3,00
2A0CAA5;29/03/2024 23:26:13;0462071900000000000b8d1f;4,98;7,25;0,00;0,00;0,11;141;3,10
2A0CAA5;29/03/2024 17:23:09;002a0734000000000000b81e;0,42;7,52;0,00;0,00;0,00;184;3,00
2A0CAA5;29/03/2024 17:22:10;02310737000000000000ce1e;2,49;7,55;0,00;0,00;0,00;206;3,00
2A0CAA5;29/03/2024 17:21:43;03400732000000000000d01e;3,64;7,50;0,00;0,00;0,00;208;3,00
2A0CAA5;29/03/2024 17:20:40;045c073d000000000000561f;4,92;7,61;0,00;0,00;0,00;86;3,10
2A0CAA5;29/03/2024 11:17:16;00310732000000000000ec1e;0,49;7,50;0,00;0,00;0,00;236;3,00
2A0CAA5;29/03/2024 11:16:16;011e072e000000000000c21e;1,30;7,46;0,00;0,00;0,00;194;3,00
2A0CAA5;29/03/2024 11:15:08;02490732000000000000de1e;2,73;7,50;0,00;0,00;0,00;222;3,00
2A0CAA5;29/03/2024 11:14:00;045f07350000000000185a1f;4,95;7,53;0,00;0,00;0,24;90;3,10
2A0CAA5;29/03/2024 5:17:33;ff1b071b000000000000b71e;255,27;7,27;0,00;0,00;0,00;183;3,00
2A0CAA5;29/03/2024 5:16:33;ff28071d0000000000005e1e;255,40;7,29;0,00;0,00;0,00;94;3,00
2A0CAA5;29/03/2024 5:15:25;ff59071c000000000000561e;255,89;7,28;0,00;0,00;0,00;86;3,00
2A0CAA5;29/03/2024 5:14:17;004e071e0000000000008b1e;0,78;7,30;0,00;0,00;0,00;139;3,00
2A0CAA5;29/03/2024 5:13:09;01240721000000000013b41e;1,36;7,33;0,00;0,00;0,19;180;3,00
2A0CAA5;28/03/2024 23:09:42;0034072c0000000000000b1e;0,52;7,44;0,00;0,00;0,00;11;3,00
2A0CAA5;28/03/2024 23:09:15;011b072f000000000000491e;1,27;7,47;0,00;0,00;0,00;73;3,00
2A0CAA5;28/03/2024 23:08:43;023a072f000000000000531e;2,58;7,47;0,00;0,00;0,00;83;3,00
2A0CAA5;28/03/2024 23:08:13;034207310000000000004d1e;3,66;7,49;0,00;0,00;0,00;77;3,00
2A0CAA5;28/03/2024 23:07:12;04610737000000000001d71f;4,97;7,55;0,00;0,00;0,10;215;3,10
2A0CAA5;28/03/2024 17:03:59;01100741000000000000051e;1,16;7,65;0,00;0,00;0,00;5;3,00
2A0CAA5;28/03/2024 17:03:30;022507410000000000001e1e;2,37;7,65;0,00;0,00;0,00;30;3,00
2A0CAA5;28/03/2024 17:03:00;0337073e0000000000003a1e;3,55;7,62;0,00;0,00;0,00;58;3,00
2A0CAA5;28/03/2024 17:02:01;04630746000000000205ae1f;4,99;7,70;0,00;0,00;2,50;174;3,10
2A0CAA5;28/03/2024 10:58:44;003b07140000000000009f1e;0,59;7,20;0,00;0,00;0,00;159;3,00
2A0CAA5;28/03/2024 10:58:14;01080713000000000000141e;1,80;7,19;0,00;0,00;0,00;20;3,00
2A0CAA5;28/03/2024 10:57:17;02090714000000000000ec1e;2,90;7,20;0,00;0,00;0,00;236;3,00
2A0CAA5;28/03/2024 10:56:07;030e0713000000000000f61e;3,14;7,19;0,00;0,00;0,00;246;3,00
2A0CAA5;28/03/2024 4:51:04;00390711000000000000251e;0,57;7,17;0,00;0,00;0,00;37;3,00
2A0CAA5;28/03/2024 4:47:43;03340715000000000000f51e;3,52;7,21;0,00;0,00;0,00;245;3,00
2A0CAA5;28/03/2024 4:46:31;046007180000000000028120;4,96;7,24;0,00;0,00;0,20;129;3,20
2A0CAA5;27/03/2024 22:43:43;00300732000000000000d81e;0,48;7,50;0,00;0,00;0,00;216;3,00
2A0CAA5;27/03/2024 22:43:13;01290735000000000000a61e;1,41;7,53;0,00;0,00;0,00;166;3,00
2A0CAA5;27/03/2024 22:42:41;023a0734000000000000e01e;2,58;7,52;0,00;0,00;0,00;224;3,00
2A0CAA5;27/03/2024 22:41:41;03450750000000000000f31e;3,69;7,80;0,00;0,00;0,00;243;3,00
2A0CAA5;27/03/2024 22:40:33;046107380000000000008220;4,97;7,56;0,00;0,00;0,00;130;3,20
2A0CAA5;27/03/2024 16:37:28;0033072f0000000000005f1f;0,51;7,47;0,00;0,00;0,00;95;3,10
2A0CAA5;27/03/2024 16:36:55;01180730000000000000b11e;1,24;7,48;0,00;0,00;0,00;177;3,00
2A0CAA5;27/03/2024 16:35:58;0225072d000000000000f51e;2,37;7,45;0,00;0,00;0,00;245;3,00
2A0CAA5;27/03/2024 16:34:47;032f0732000000000000011e;3,47;7,50;0,00;0,00;0,00;1;3,00
2A0CAA5;27/03/2024 16:33:39;045f0736000000000202781f;4,95;7,54;0,00;0,00;2,20;120;3,10
2A0CAA5;27/03/2024 10:30:36;0035071a0000000000009b1f;0,53;7,26;0,00;0,00;0,00;155;3,10
2A0CAA5;27/03/2024 10:29:41;021b071b000000000000f21e;2,27;7,27;0,00;0,00;0,00;242;3,00
2A0CAA5;27/03/2024 10:29:08;032c071e0000000000001c1e;3,44;7,30;0,00;0,00;0,00;28;3,00
2A0CAA5;27/03/2024 10:28:08;4,63E+39;4,99;7,32;0,00;0,00;0,00;126;3,20
2A0CAA5;27/03/2024 4:25:12;002a0707000000000000fe1f;0,42;7,70;0,00;0,00;0,00;254;3,10
2A0CAA5;27/03/2024 4:24:42;01390709000000000000c91f;1,57;7,90;0,00;0,00;0,00;201;3,10
2A0CAA5;27/03/2024 4:23:42;025f070a000000000000eb1f;2,95;7,10;0,00;0,00;0,00;235;3,10
2A0CAA5;27/03/2024 4:22:34;046207140000000000047421;4,98;7,20;0,00;0,00;0,40;116;3,30
2A0CAA5;26/03/2024 22:19:48;005c070e000000000000f71f;0,92;7,14;0,00;0,00;0,00;247;3,10
2A0CAA5;26/03/2024 22:18:50;0221070e000000000000e01f;2,33;7,14;0,00;0,00;0,00;224;3,10
2A0CAA5;26/03/2024 22:17:40;03380710000000000000fc1f;3,56;7,16;0,00;0,00;0,00;252;3,10
2A0CAA5;26/03/2024 22:16:31;0502071a0000000000058421;5,20;7,26;0,00;0,00;0,50;132;3,30
2A0CAA5;26/03/2024 16:13:33;004c071f000000000000c81f;0,76;7,31;0,00;0,00;0,00;200;3,10
2A0CAA5;26/03/2024 16:13:03;0217071c000000000000c71f;2,23;7,28;0,00;0,00;0,00;199;3,10
2A0CAA5;26/03/2024 16:12:34;032a071b000000000000d41f;3,42;7,27;0,00;0,00;0,00;212;3,10
2A0CAA5;26/03/2024 16:11:34;04610719000000000002ae21;4,97;7,25;0,00;0,00;0,20;174;3,30
2A0CAA5;26/03/2024 10:08:40;002e0719000000000000021f;0,46;7,25;0,00;0,00;0,00;2;3,10
2A0CAA5;26/03/2024 10:08:11;0028071a0000000000003d1f;0,40;7,26;0,00;0,00;0,00;61;3,10
2A0CAA5;26/03/2024 10:07:38;0127071b000000000000881f;1,39;7,27;0,00;0,00;0,00;136;3,10
2A0CAA5;26/03/2024 10:07:09;0253071b000000000000e61f;2,83;7,27;0,00;0,00;0,00;230;3,10
2A0CAA5;26/03/2024 10:06:08;045c071c000000000205ad20;4,92;7,28;0,00;0,00;2,50;173;3,20
2A0CAA5;26/03/2024 4:02:59;00270711000000000000cd1f;0,39;7,17;0,00;0,00;0,00;205;3,10
2A0CAA5;26/03/2024 4:02:30;01260713000000000000f81f;1,38;7,19;0,00;0,00;0,00;248;3,10
2A0CAA5;26/03/2024 4:02:00;02580712000000000000b01f;2,88;7,18;0,00;0,00;0,00;176;3,10
2A0CAA5;26/03/2024 4:01:00;0459071400000000000dbb21;4,89;7,20;0,00;0,00;0,13;187;3,30
2A0CAA5;25/03/2024 21:58:04;002e071a0000000000004f1f;0,46;7,26;0,00;0,00;0,00;79;3,10
2A0CAA5;25/03/2024 21:57:34;003c0719000000000000aa1f;0,60;7,25;0,00;0,00;0,00;170;3,10
2A0CAA5;25/03/2024 21:57:05;020d071a000000000000a91f;2,13;7,26;0,00;0,00;0,00;169;3,10
2A0CAA5;25/03/2024 21:56:05;0320071c000000000000b01f;3,32;7,28;0,00;0,00;0,00;176;3,10
2A0CAA5;25/03/2024 21:55:00;045a0725000000000001b720;4,90;7,37;0,00;0,00;0,10;183;3,20
2A0CAA5;25/03/2024 15:52:08;003007460000000000000b1f;0,48;7,70;0,00;0,00;0,00;11;3,10
2A0CAA5;25/03/2024 15:51:32;011b074a0000000000004b1f;1,27;7,74;0,00;0,00;0,00;75;3,10
2A0CAA5;25/03/2024 15:51:03;02450749000000000000bd1f;2,69;7,73;0,00;0,00;0,00;189;3,10
2A0CAA5;25/03/2024 15:50:03;045e074e000000000000ae21;4,94;7,78;0,00;0,00;0,00;174;3,30
2A0CAA5;25/03/2024 9:47:06;00520715000000000000441f;0,82;7,21;0,00;0,00;0,00;68;3,10
2A0CAA5;25/03/2024 9:46:37;021e07170000000000007f1f;2,30;7,23;0,00;0,00;0,00;127;3,10
2A0CAA5;25/03/2024 9:46:07;032d0715000000000000971f;3,45;7,21;0,00;0,00;0,00;151;3,10
2A0CAA5;25/03/2024 9:45:06;0462071a0000000000026d21;4,98;7,26;0,00;0,00;0,20;109;3,30
2A0CAA5;25/03/2024 3:42:13;003607100000000000001f1f;0,54;7,16;0,00;0,00;0,00;31;3,10
2A0CAA5;25/03/2024 3:41:42;004e0711000000000000b31f;0,78;7,17;0,00;0,00;0,00;179;3,10
2A0CAA5;25/03/2024 3:40:43;02130710000000000000861f;2,19;7,16;0,00;0,00;0,00;134;3,10
2A0CAA5;25/03/2024 3:39:35;03240712000000000000a51f;3,36;7,18;0,00;0,00;0,00;165;3,10
2A0CAA5;25/03/2024 3:38:30;04600719000000000003a321;4,96;7,25;0,00;0,00;0,30;163;3,30
2A0CAA5;24/03/2024 21:35:26;0039072d000000000000341f;0,57;7,45;0,00;0,00;0,00;52;3,10
2A0CAA5;24/03/2024 21:34:53;003c072d000000000000881f;0,60;7,45;0,00;0,00;0,00;136;3,10
2A0CAA5;24/03/2024 21:34:30;0205072e0000000000008b1f;2,50;7,46;0,00;0,00;0,00;139;3,10
2A0CAA5;24/03/2024 21:33:54;0315072a000000000000981f;3,21;7,42;0,00;0,00;0,00;152;3,10
2A0CAA5;24/03/2024 21:32:54;046207330000000000067d21;4,98;7,51;0,00;0,00;0,60;125;3,30
2A0CAA5;24/03/2024 15:29:58;003b07390000000000006f1f;0,59;7,57;0,00;0,00;0,00;111;3,10
2A0CAA5;24/03/2024 15:29:29;0205073c0000000000009a1f;2,50;7,60;0,00;0,00;0,00;154;3,10
2A0CAA5;24/03/2024 15:28:59;031a073c000000000000a31f;3,26;7,60;0,00;0,00;0,00;163;3,10
2A0CAA5;24/03/2024 15:28:00;05020748000000000205d920;5,20;7,72;0,00;0,00;2,50;217;3,20
2A0CAA5;24/03/2024 9:25:18;0041071e000000000000d31f;0,65;7,30;0,00;0,00;0,00;211;3,10
2A0CAA5;24/03/2024 9:24:45;005b071e0000000000001a1f;0,91;7,30;0,00;0,00;0,00;26;3,10
2A0CAA5;24/03/2024 9:24:16;0225071d000000000000b01f;2,37;7,29;0,00;0,00;0,00;176;3,10
2A0CAA5;24/03/2024 9:23:46;0337071b000000000000cf1f;3,55;7,27;0,00;0,00;0,00;207;3,10
2A0CAA5;24/03/2024 9:22:45;5,01E+40;5,10;7,33;0,00;0,00;0,30;30;3,30
2A0CAA5;24/03/2024 3:19:55;003d071f000000000000bd1f;0,61;7,31;0,00;0,00;0,00;189;3,10
2A0CAA5;24/03/2024 3:19:25;00380721000000000000171f;0,56;7,33;0,00;0,00;0,00;23;3,10
2A0CAA5;24/03/2024 3:18:59;02050722000000000000b01f;2,50;7,34;0,00;0,00;0,00;176;3,10
2A0CAA5;24/03/2024 3:18:25;031e0724000000000000d31f;3,30;7,36;0,00;0,00;0,00;211;3,10
2A0CAA5;24/03/2024 3:17:25;050007260000000000087121;5,00;7,38;0,00;0,00;0,80;113;3,30
2A0CAA5;23/03/2024 21:14:36;01020743000000000000e91f;1,20;7,67;0,00;0,00;0,00;233;3,10
2A0CAA5;23/03/2024 21:13:36;02430746000000000000161f;2,67;7,70;0,00;0,00;0,00;22;3,10
2A0CAA5;23/03/2024 21:12:28;0504073e000000000003c121;5,40;7,62;0,00;0,00;0,30;193;3,30
2A0CAA5;23/03/2024 15:09:24;004207480000000000007a1f;0,66;7,72;0,00;0,00;0,00;122;3,10
2A0CAA5;23/03/2024 15:08:58;0124074a000000000000c71f;1,36;7,74;0,00;0,00;0,00;199;3,10
2A0CAA5;23/03/2024 15:08:25;0257074b000000000000031f;2,87;7,75;0,00;0,00;0,00;3;3,10
2A0CAA5;23/03/2024 15:07:25;0505074b000000000205df21;5,50;7,75;0,00;0,00;2,50;223;3,30
2A0CAA5;23/03/2024 9:04:17;00430720000000000000281f;0,67;7,32;0,00;0,00;0,00;40;3,10
2A0CAA5;23/03/2024 9:03:48;01050722000000000000ae1f;1,50;7,34;0,00;0,00;0,00;174;3,10
2A0CAA5;23/03/2024 9:03:18;022b0721000000000000c71f;2,43;7,33;0,00;0,00;0,00;199;3,10
2A0CAA5;23/03/2024 9:02:49;033f0721000000000000001f;3,63;7,33;0,00;0,00;0,00;0;3,10
2A0CAA5;23/03/2024 9:01:52;05060726000000000003f321;5,60;7,38;0,00;0,00;0,30;243;3,30
2A0CAA5;23/03/2024 2:58:55;00430733000000000000951f;0,67;7,51;0,00;0,00;0,00;149;3,10
2A0CAA5;23/03/2024 2:58:25;010f0731000000000000fa1f;1,15;7,49;0,00;0,00;0,00;250;3,10
2A0CAA5;23/03/2024 2:57:25;02310734000000000000f41f;2,49;7,52;0,00;0,00;0,00;244;3,10
2A0CAA5;23/03/2024 2:56:17;033207390000000000002b1f;3,50;7,57;0,00;0,00;0,00;43;3,10
2A0CAA5;23/03/2024 2:55:09;050507390000000000043a21;5,50;7,57;0,00;0,00;0,40;58;3,30
2A0CAA5;22/03/2024 20:51:56;00420750000000000000fb1f;0,66;7,80;0,00;0,00;0,00;251;3,10
2A0CAA5;22/03/2024 20:51:27;0115074f0000000000008f1f;1,21;7,79;0,00;0,00;0,00;143;3,10
2A0CAA5;22/03/2024 20:50:57;02480751000000000000ef1f;2,72;7,81;0,00;0,00;0,00;239;3,10
2A0CAA5;22/03/2024 20:50:02;035b0751000000000000391f;3,91;7,81;0,00;0,00;0,00;57;3,10
2A0CAA5;22/03/2024 20:48:49;0508074f0000000000036721;5,80;7,79;0,00;0,00;0,30;103;3,30
2A0CAA5;22/03/2024 14:45:32;0044074b000000000000181f;0,68;7,75;0,00;0,00;0,00;24;3,10
2A0CAA5;22/03/2024 14:45:03;0050074b000000000000611f;0,80;7,75;0,00;0,00;0,00;97;3,10
2A0CAA5;22/03/2024 14:44:33;0220074b000000000000ea1f;2,32;7,75;0,00;0,00;0,00;234;3,10
2A0CAA5;22/03/2024 14:43:33;0337074a000000000000271f;3,55;7,74;0,00;0,00;0,00;39;3,10
2A0CAA5;22/03/2024 14:42:25;050a07550000000000043421;5,10;7,85;0,00;0,00;0,40;52;3,30
2A0CAA5;22/03/2024 8:39:14;0048065d000000000000651f;0,72;6,93;0,00;0,00;0,00;101;3,10
2A0CAA5;22/03/2024 8:38:45;0114065e000000000000b31f;1,20;6,94;0,00;0,00;0,00;179;3,10
2A0CAA5;22/03/2024 8:38:15;02480660000000000000e11f;2,72;6,96;0,00;0,00;0,00;225;3,10
2A0CAA5;22/03/2024 8:37:45;035506600000000000002d1f;3,85;6,96;0,00;0,00;0,00;45;3,10
2A0CAA5;22/03/2024 8:36:47;050b06630000000000040d21;5,11;6,99;0,00;0,00;0,40;13;3,30
2A0CAA5;22/03/2024 2:33:43;021b07270000000000005e1f;2,27;7,39;0,00;0,00;0,00;94;3,10
2A0CAA5;22/03/2024 2:33:13;03340729000000000000461f;3,52;7,41;0,00;0,00;0,00;70;3,10
2A0CAA5;22/03/2024 2:32:13;050b072b00000000000a2321;5,11;7,43;0,00;0,00;0,10;35;3,30
2A0CAA5;21/03/2024 20:28:47;010c074d000000000000171f;1,12;7,77;0,00;0,00;0,00;23;3,10
2A0CAA5;21/03/2024 20:27:37;023b074c000000000000511f;2,59;7,76;0,00;0,00;0,00;81;3,10
2A0CAA5;21/03/2024 20:25:21;050d074c000000000059c021;5,13;7,76;0,00;0,00;0,89;192;3,30
2A0CAA5;21/03/2024 14:21:42;003c0811000000000000111f;0,60;8,17;0,00;0,00;0,00;17;3,10
2A0CAA5;21/03/2024 14:20:34;011d08140000000000004e1f;1,29;8,20;0,00;0,00;0,00;78;3,10
2A0CAA5;21/03/2024 14:19:29;022408160000000000006d1f;2,36;8,22;0,00;0,00;0,00;109;3,10
2A0CAA5;21/03/2024 14:18:19;032208180000000000009f1f;3,34;8,24;0,00;0,00;0,00;159;3,10
2A0CAA5;21/03/2024 14:17:14;050e081a000000000006cc21;5,14;8,26;0,00;0,00;0,60;204;3,30
2A0CAA5;21/03/2024 8:13:49;01160743000000000000bb1f;1,22;7,67;0,00;0,00;0,00;187;3,10
2A0CAA5;21/03/2024 8:13:19;024107450000000000000c1f;2,65;7,69;0,00;0,00;0,00;12;3,10
2A0CAA5;21/03/2024 8:12:24;03550746000000000000431f;3,85;7,70;0,00;0,00;0,00;67;3,10
2A0CAA5;21/03/2024 8:11:12;050c07480000000000607d21;5,12;7,72;0,00;0,00;0,96;125;3,30
2A0CAA5;21/03/2024 2:08:12;0041075a0000000000009c1f;0,65;7,90;0,00;0,00;0,00;156;3,10
2A0CAA5;21/03/2024 2:07:43;004707600000000000001c1f;0,71;7,96;0,00;0,00;0,00;28;3,10
2A0CAA5;21/03/2024 2:07:13;020c075f0000000000006e1f;2,12;7,95;0,00;0,00;0,00;110;3,10
2A0CAA5;21/03/2024 2:06:13;03260760000000000000a81f;3,38;7,96;0,00;0,00;0,00;168;3,10
2A0CAA5;21/03/2024 2:05:06;05060802000000000004f521;5,60;8,20;0,00;0,00;0,40;245;3,30
2A0CAA5;20/03/2024 20:01:54;003e0823000000000000531f;0,62;8,35;0,00;0,00;0,00;83;3,10
2A0CAA5;20/03/2024 20:01:24;003b0823000000000000a71f;0,59;8,35;0,00;0,00;0,00;167;3,10
2A0CAA5;20/03/2024 20:00:55;01640823000000000000f01f;1,10;8,35;0,00;0,00;0,00;240;3,10
2A0CAA5;20/03/2024 19:59:55;03180825000000000000281f;3,24;8,37;0,00;0,00;0,00;40;3,10
2A0CAA5;20/03/2024 19:58:47;0500082d0000000000027121;5,00;8,45;0,00;0,00;0,20;113;3,30
2A0CAA5;20/03/2024 13:55:41;0040082a0000000000009e20;0,64;8,42;0,00;0,00;0,00;158;3,20
2A0CAA5;20/03/2024 13:54:41;0047082b000000000000c720;0,71;8,43;0,00;0,00;0,00;199;3,20
2A0CAA5;20/03/2024 13:53:34;0212082c0000000000000c20;2,18;8,44;0,00;0,00;0,00;12;3,20
2A0CAA5;20/03/2024 13:52:26;032c0831000000000000551f;3,44;8,49;0,00;0,00;0,00;85;3,10
2A0CAA5;20/03/2024 13:51:18;050108360000000000047521;5,10;8,54;0,00;0,00;0,40;117;3,30
2A0CAA5;20/03/2024 7:48:07;003f0805000000000000541f;0,63;8,50;0,00;0,00;0,00;84;3,10
2A0CAA5;20/03/2024 7:47:38;00380807000000000000891f;0,56;8,70;0,00;0,00;0,00;137;3,10
2A0CAA5;20/03/2024 7:47:08;01610809000000000000cb1f;1,97;8,90;0,00;0,00;0,00;203;3,10
2A0CAA5;20/03/2024 7:46:39;031808060000000000001d1f;3,24;8,60;0,00;0,00;0,00;29;3,10
2A0CAA5;20/03/2024 7:45:39;05000804000000000013f622;5,00;8,40;0,00;0,00;0,19;246;3,40
2A0CAA5;20/03/2024 1:42:48;00410818000000000000181f;0,65;8,24;0,00;0,00;0,00;24;3,10
2A0CAA5;20/03/2024 1:42:18;00550817000000000000bf1f;0,85;8,23;0,00;0,00;0,00;191;3,10
2A0CAA5;20/03/2024 1:41:49;0221081a000000000000071f;2,33;8,26;0,00;0,00;0,00;7;3,10
2A0CAA5;20/03/2024 1:41:19;033d08170000000000003e1f;3,61;8,23;0,00;0,00;0,00;62;3,10
2A0CAA5;20/03/2024 1:40:20;046308210000000000038121;4,99;8,33;0,00;0,00;0,30;129;3,30
2A0CAA5;19/03/2024 19:37:21;003f083d0000000000001b1f;0,63;8,61;0,00;0,00;0,00;27;3,10
2A0CAA5;19/03/2024 19:36:52;003e0841000000000000891f;0,62;8,65;0,00;0,00;0,00;137;3,10
2A0CAA5;19/03/2024 19:36:22;015a0841000000000000cd1f;1,90;8,65;0,00;0,00;0,00;205;3,10
2A0CAA5;19/03/2024 19:35:53;03110844000000000000191f;3,17;8,68;0,00;0,00;0,00;25;3,10
2A0CAA5;19/03/2024 19:34:53;046208460000000000045322;4,98;8,70;0,00;0,00;0,40;83;3,40
2A0CAA5;19/03/2024 13:31:29;0040083c000000000000e11f;0,64;8,60;0,00;0,00;0,00;225;3,10
2A0CAA5;19/03/2024 13:31:00;0036083b000000000000431f;0,54;8,59;0,00;0,00;0,00;67;3,10
2A0CAA5;19/03/2024 13:30:31;0153083c000000000000821f;1,83;8,60;0,00;0,00;0,00;130;3,10
2A0CAA5;19/03/2024 13:30:01;0311083a000000000000ba1f;3,17;8,58;0,00;0,00;0,00;186;3,10
2A0CAA5;19/03/2024 13:29:01;05000845000000000001dc21;5,00;8,69;0,00;0,00;0,10;220;3,30
2A0CAA5;19/03/2024 7:25:36;00420660000000000000471f;0,66;6,96;0,00;0,00;0,00;71;3,10
2A0CAA5;19/03/2024 7:25:07;003b065e000000000000781f;0,59;6,94;0,00;0,00;0,00;120;3,10
2A0CAA5;19/03/2024 7:24:09;0206065c000000000000c71f;2,60;6,92;0,00;0,00;0,00;199;3,10
2A0CAA5;19/03/2024 7:22:59;032706590000000000000e1f;3,39;6,89;0,00;0,00;0,00;14;3,10
2A0CAA5;19/03/2024 7:21:51;0500065b0000000000030422;5,00;6,91;0,00;0,00;0,30;4;3,40
2A0CAA5;19/03/2024 1:18:33;004308140000000000003d1f;0,67;8,20;0,00;0,00;0,00;61;3,10
2A0CAA5;19/03/2024 1:18:04;00430814000000000000871f;0,67;8,20;0,00;0,00;0,00;135;3,10
2A0CAA5;19/03/2024 1:17:34;01560815000000000000de1f;1,86;8,21;0,00;0,00;0,00;222;3,10
2A0CAA5;19/03/2024 1:17:05;02630815000000000000161f;2,99;8,21;0,00;0,00;0,00;22;3,10
2A0CAA5;19/03/2024 1:16:05;04630816000000000006f821;4,99;8,22;0,00;0,00;0,60;248;3,30
2A0CAA5;18/03/2024 19:13:03;003f0863000000000000a71f;0,63;8,99;0,00;0,00;0,00;167;3,10
2A0CAA5;18/03/2024 19:12:33;01420901000000000000d71f;1,66;9,10;0,00;0,00;0,00;215;3,10
2A0CAA5;18/03/2024 19:12:04;024f09050000000000002b1f;2,79;9,50;0,00;0,00;0,00;43;3,10
2A0CAA5;18/03/2024 19:11:04;035509070000000000004f1f;3,85;9,70;0,00;0,00;0,00;79;3,10
2A0CAA5;18/03/2024 19:09:56;0461090f0000000000031221;4,97;9,15;0,00;0,00;0,30;18;3,30
2A0CFF1;18/03/2024 6:36:40;011408353e41110000023c23;1,20;8,53;62,65;17,00;0,20;60;3,50
2A0CFF1;18/03/2024 6:35:38;02220835400e110000023c23;2,34;8,53;64,14;17,00;0,20;60;3,50
2A0CFF1;18/03/2024 6:34:29;032e08353e50110000023c23;3,46;8,53;62,80;17,00;0,20;60;3,50
2A0CFF1;18/03/2024 6:33:20;052708353f0a11000002fe24;5,39;8,53;63,10;17,00;0,20;254;3,60
2A0CFF1;18/03/2024 0:30:05;010908244016105a00023c23;1,90;8,36;64,22;16,90;0,20;60;3,50
2A0CFF1;18/03/2024 0:29:33;021508223a1e105a00023c23;2,21;8,34;58,30;16,90;0,20;60;3,50
2A0CFF1;18/03/2024 0:29:02;032108213b26105a00023c23;3,33;8,33;59,38;16,90;0,20;60;3,50
2A0CFF1;18/03/2024 0:28:01;0527081f3d43105a0002a324;5,39;8,31;61,67;16,90;0,20;163;3,60
2A0CFF1;17/03/2024 18:24:48;011309043e5e110000023c23;1,19;9,40;62,94;17,00;0,20;60;3,50
2A0CFF1;17/03/2024 18:23:46;022009023d2b110000023c23;2,32;9,20;61,43;17,00;0,20;60;3,50
2A0CFF1;17/03/2024 18:22:38;032b09003e59110000023c23;3,43;9,00;62,89;17,00;0,20;60;3,50
2A0CFF1;17/03/2024 18:21:29;052809033a0c11000002fd24;5,40;9,30;58,12;17,00;0,20;253;3,60
2A0CFF1;17/03/2024 12:18:06;004009113c24110000023c23;0,64;9,17;60,36;17,00;0,20;60;3,50
2A0CFF1;17/03/2024 12:17:34;012c09133c31110000023c23;1,44;9,19;60,49;17,00;0,20;60;3,50
2A0CFF1;17/03/2024 12:17:02;023c0913390f110000023c23;2,60;9,19;57,15;17,00;0,20;60;3,50
2A0CFF1;17/03/2024 12:16:30;034a0914442a110000023c23;3,74;9,20;68,42;17,00;0,20;60;3,50
2A0CFF1;17/03/2024 12:15:29;052d09173d3b110000025524;5,45;9,23;61,59;17,00;0,20;85;3,60
2A0CFF1;17/03/2024 6:11:57;003e08163f17105000021124;0,62;8,22;63,23;16,80;0,20;17;3,60
2A0CFF1;17/03/2024 6:11:25;013208163f1b10500002f424;1,50;8,22;63,27;16,80;0,20;244;3,60
2A0CFF1;17/03/2024 6:10:54;024408153f1810500002d424;2,68;8,21;63,24;16,80;0,20;212;3,60
2A0CFF1;17/03/2024 6:09:52;03540815402f10500002ae23;3,84;8,21;64,47;16,80;0,20;174;3,50
2A0CFF1;17/03/2024 6:08:44;052c0818382410500002bb24;5,44;8,24;56,36;16,80;0,20;187;3,60
2A0CFF1;17/03/2024 0:05:42;0041074a3935105000023c24;0,65;7,74;57,53;16,80;0,20;60;3,60
2A0CFF1;17/03/2024 0:05:10;013507484137105000023c24;1,53;7,72;65,55;16,80;0,20;60;3,60
2A0CFF1;17/03/2024 0:04:38;024707464619105000023224;2,71;7,70;70,25;16,80;0,20;50;3,60
2A0CFF1;17/03/2024 0:04:07;3,57E+43;3,87;7,68;68,70;16,80;0,20;14;3,60
2A0CFF1;17/03/2024 0:03:05;052e07463706105000022824;5,46;7,70;55,60;16,80;0,20;40;3,60
2A0CFF1;16/03/2024 17:59:13;003e092f3f15105000023c24;0,62;9,47;63,21;16,80;0,20;60;3,60
2A0CFF1;16/03/2024 17:58:04;0144092f3f0a105000023c24;1,68;9,47;63,10;16,80;0,20;60;3,60
2A0CFF1;16/03/2024 17:56:56;025809313d61105000023c24;2,88;9,49;61,97;16,80;0,20;60;3,60
2A0CFF1;16/03/2024 17:55:47;040609313d51105000023c24;4,60;9,49;61,81;16,80;0,20;60;3,60
2A0CFF1;16/03/2024 17:54:38;052d09353c2e105000029d24;5,45;9,53;60,46;16,80;0,20;157;3,60
2A0CFF1;16/03/2024 11:50:38;011e0860334e10460002e124;1,30;8,96;51,78;16,70;0,20;225;3,60
2A0CFF1;16/03/2024 11:49:29;02360861334e10460002c024;2,54;8,97;51,78;16,70;0,20;192;3,60
2A0CFF1;16/03/2024 11:48:20;034d08643c62104600029a24;3,77;8,10;60,98;16,70;0,20;154;3,60
2A0CFF1;16/03/2024 11:47:11;05300904413a10460002a424;5,48;9,40;65,58;16,70;0,20;164;3,60
2A0CFF1;16/03/2024 5:43:59;012108213c5a103200029f24;1,33;8,33;60,90;16,50;0,20;159;3,60
2A0CFF1;16/03/2024 5:42:57;023b08213c14103200027324;2,59;8,33;60,20;16,50;0,20;115;3,60
2A0CFF1;16/03/2024 5:41:48;035208203957103200024524;3,82;8,32;57,87;16,50;0,20;69;3,60
2A0CFF1;16/03/2024 5:40:40;052f08253d55103200022b24;5,47;8,37;61,85;16,50;0,20;43;3,60
2A0CFF1;15/03/2024 23:36:47;01140806393e103c0002b824;1,20;8,60;57,62;16,60;0,20;184;3,60
2A0CFF1;15/03/2024 23:35:37;023108063845103c00028724;2,49;8,60;56,69;16,60;0,20;135;3,60
2A0CFF1;15/03/2024 23:34:29;034908053845103c00025824;3,73;8,50;56,69;16,60;0,20;88;3,60
2A0CFF1;15/03/2024 23:33:20;052e08063e25103c00023b24;5,46;8,60;62,37;16,60;0,20;59;3,60
2A0CFF1;15/03/2024 17:30:12;003c0907285810460002e524;0,60;9,70;40,88;16,70;0,20;229;3,60
2A0CFF1;15/03/2024 17:29:33;014109072a3d103c0002ba24;1,65;9,70;42,61;16,60;0,20;186;3,60
2A0CFF1;15/03/2024 17:29:05;0259090a2b58104600028924;2,89;9,10;43,88;16,70;0,20;137;3,60
2A0CFF1;15/03/2024 17:28:30;0406090b2854104600025524;4,60;9,11;40,84;16,70;0,20;85;3,60
2A0CFF1;15/03/2024 17:27:27;052a090b2a06104600027224;5,42;9,11;42,60;16,70;0,20;114;3,60
2A0CFF1;15/03/2024 11:24:10;010908593c45100000020724;1,90;8,89;60,69;16,00;0,20;7;3,60
2A0CFF1;15/03/2024 11:23:38;0224085a3c4e10000002de24;2,36;8,90;60,78;16,00;0,20;222;3,60
2A0CFF1;15/03/2024 11:23:07;033e085c3c5510000002ad24;3,62;8,92;60,85;16,00;0,20;173;3,60
2A0CFF1;15/03/2024 11:22:04;052c085e3d25100000029d25;5,44;8,94;61,37;16,00;0,20;157;3,70
2A0CFF1;15/03/2024 5:18:42;006308423c4e0f5a00020224;0,99;8,66;60,78;15,90;0,20;2;3,60
2A0CFF1;15/03/2024 5:18:10;02250843000000000002d624;2,37;8,67;0,00;0,00;0,20;214;3,60
2A0CFF1;15/03/2024 5:17:39;033e084539440f5a0002a324;3,62;8,69;57,68;15,90;0,20;163;3,60
2A0CFF1;15/03/2024 5:16:37;052908453d630f5a00022825;5,41;8,69;61,99;15,90;0,20;40;3,70
2A0CFF1;14/03/2024 23:12:58;004308523d5d100000025e24;0,67;8,82;61,93;16,00;0,20;94;3,60
2A0CFF1;14/03/2024 23:11:46;010008523d58100000023824;1,00;8,82;61,88;16,00;0,20;56;3,60
2A0CFF1;14/03/2024 23:10:37;020b08523b30100000021024;2,11;8,82;59,48;16,00;0,20;16;3,60
2A0CFF1;14/03/2024 23:09:29;032308523c4610000002e524;3,35;8,82;60,70;16,00;0,20;229;3,60
2A0CFF1;14/03/2024 23:08:20;052908553b31100000023125;5,41;8,85;59,49;16,00;0,20;49;3,70
2A0CFF1;14/03/2024 17:05:09;0035090b4119100a00024a24;0,53;9,11;65,25;16,10;0,20;74;3,60
2A0CFF1;14/03/2024 17:04:37;013e090a3c4a100a00022024;1,62;9,10;60,74;16,10;0,20;32;3,60
2A0CFF1;14/03/2024 17:04:06;025a090a3a1f100a0002f324;2,90;9,10;58,31;16,10;0,20;243;3,60
2A0CFF1;14/03/2024 17:03:07;0409090c400f100a0002c424;4,90;9,12;64,15;16,10;0,20;196;3,60
2A0CFF1;14/03/2024 17:01:55;0525090e3c13100a00023425;5,37;9,14;60,19;16,10;0,20;52;3,70
2A0CFF1;14/03/2024 10:58:29;0100084c40100f5a00021e24;1,00;8,76;64,16;15,90;0,20;30;3,60
2A0CFF1;14/03/2024 10:57:23;021e084e3d040f5a0002f324;2,30;8,78;61,40;15,90;0,20;243;3,60
2A0CFF1;14/03/2024 10:56:15;033b08533f290f5a0002c624;3,59;8,83;63,41;15,90;0,20;198;3,60
2A0CFF1;14/03/2024 10:55:05;052708513d590f5a00022c25;5,39;8,81;61,89;15,90;0,20;44;3,70
2A0CFF1;14/03/2024 4:51:44;003e0847403a0f4600023824;0,62;8,71;64,58;15,70;0,20;56;3,60
2A0CFF1;14/03/2024 4:50:48;0122084a3d0d0f4600021924;1,34;8,74;61,13;15,70;0,20;25;3,60
2A0CFF1;14/03/2024 4:49:40;024408493f0d0f460002f224;2,68;8,73;63,13;15,70;0,20;242;3,60
2A0CFF1;14/03/2024 4:48:31;035e084a3b5b0f460002d624;3,94;8,74;59,91;15,70;0,20;214;3,60
2A0CFF1;14/03/2024 4:47:22;0527084e40400f460002cf25;5,39;8,78;64,64;15,70;0,20;207;3,70
2A0CFF1;13/03/2024 22:44:11;0042092b3c620f4600022e24;0,66;9,43;60,98;15,70;0,20;46;3,60
2A0CFF1;13/03/2024 22:43:39;011e092a403e0f4600021124;1,30;9,42;64,62;15,70;0,20;17;3,60
2A0CFF1;13/03/2024 22:43:08;0240092c480e0f460002f324;2,64;9,44;72,14;15,70;0,20;243;3,60
2A0CFF1;13/03/2024 22:42:37;035e092c3f2e0f460002d324;3,94;9,44;63,46;15,70;0,20;211;3,60
2A0CFF1;13/03/2024 22:41:35;0529093439410f460002f925;5,41;9,52;57,65;15,70;0,20;249;3,70
