Date,Buoy,Chl
2016-08-09,CTD5,0.285
2016-08-25,CTD5,0.52
2016-08-30,CTD5,2.035
2016-09-06,CTD5,1.52
2016-09-08,CTD5,1.27
2016-09-22,CTD5,0.765
2016-09-29,CTD5,0.86
2016-10-06,CTD5,0.905
2016-10-14,CTD5,5.9415
2016-10-21,CTD5,3.1950000000000003
2016-10-28,CTD5,6.3515
2016-11-03,CTD5,7.08
2016-11-11,CTD5,4.05
2016-11-18,CTD5,6.97
2016-11-22,CTD5,3.279
2016-12-02,CTD5,8.286
2016-12-13,CTD5,4.755
2016-12-21,CTD5,0.895
2017-01-12,CTD5,10.535
2017-01-26,CTD5,16.0865
2017-02-03,CTD5,6.77
2017-02-10,CTD5,5.401
2017-02-16,CTD5,5.49
2017-02-24,CTD5,2.195
2017-03-02,CTD5,2.295
2017-03-22,CTD5,2.4265
2017-03-30,CTD5,3.3564999999999996
2017-04-05,CTD5,2.6835
2017-04-12,CTD5,3.3685
2017-04-18,CTD5,3.18
2017-04-25,CTD5,3.04
2017-05-04,CTD5,2.9265
2017-05-10,CTD5,3.3375000000000004
2017-05-19,CTD1,1.1135
2017-05-19,CTD10,0.902
2017-05-19,CTD11,1.0795
2017-05-19,CTD12,1.0245
2017-05-19,CTD2,1.54
2017-05-19,CTD3,1.578
2017-05-19,CTD4,1.4125
2017-05-19,CTD5,0.41150000000000003
2017-05-19,CTD6,0.958
2017-05-19,CTD7,1.3495
2017-05-19,CTD8,1.9085
2017-05-19,CTD9,0.163
2017-05-24,CTD1,0.883
2017-05-24,CTD10,0.5725
2017-05-24,CTD11,0.6539999999999999
2017-05-24,CTD12,1.0510000000000002
2017-05-24,CTD2,1.7025000000000001
2017-05-24,CTD3,1.5015
2017-05-24,CTD4,0.6545
2017-05-24,CTD5,0.4
2017-05-24,CTD6,0.9535
2017-05-24,CTD7,1.777
2017-05-24,CTD8,1.997
2017-05-24,CTD9,0.159
2017-06-02,CTD1,1.6225
2017-06-02,CTD10,2.335
2017-06-02,CTD11,0.9505
2017-06-02,CTD12,1.6829999999999998
2017-06-02,CTD2,2.923
2017-06-02,CTD3,2.3209999999999997
2017-06-02,CTD4,0.9295
2017-06-02,CTD5,0.49749999999999994
2017-06-02,CTD6,1.5299999999999998
2017-06-02,CTD7,2.2045
2017-06-02,CTD8,2.025
2017-06-02,CTD9,0.168
2017-06-06,CTD1,1.4175
2017-06-06,CTD10,1.8860000000000001
2017-06-06,CTD11,2.5915
2017-06-06,CTD12,1.3295
2017-06-06,CTD2,3.293
2017-06-06,CTD3,1.1095
2017-06-06,CTD4,1.1275
2017-06-06,CTD5,0.56
2017-06-06,CTD6,0.9055
2017-06-06,CTD7,1.8065
2017-06-06,CTD8,2.4945000000000004
2017-06-06,CTD9,0.124
2017-06-13,CTD1,1.208
2017-06-13,CTD10,2.032
2017-06-13,CTD11,0.958
2017-06-13,CTD12,2.2535
2017-06-13,CTD2,1.7040000000000002
2017-06-13,CTD3,1.8795000000000002
2017-06-13,CTD4,1.5995
2017-06-13,CTD5,0.4725
2017-06-13,CTD6,0.8485
2017-06-13,CTD7,2.286
2017-06-13,CTD8,1.8535
2017-06-13,CTD9,0.172
2017-06-21,CTD1,1.442
2017-06-21,CTD10,0.9179999999999999
2017-06-21,CTD11,1.295
2017-06-21,CTD12,1.4634999999999998
2017-06-21,CTD2,1.5885
2017-06-21,CTD3,1.517
2017-06-21,CTD4,2.4165
2017-06-21,CTD5,0.85
2017-06-21,CTD6,0.8540000000000001
2017-06-21,CTD7,1.5225
2017-06-21,CTD8,1.214
2017-06-21,CTD9,0.097
2017-06-30,CTD1,1.1285
2017-06-30,CTD10,0.8005
2017-06-30,CTD11,1.2890000000000001
2017-06-30,CTD12,1.6955
2017-06-30,CTD2,1.0765
2017-06-30,CTD3,1.6795
2017-06-30,CTD4,1.7355
2017-06-30,CTD5,0.575
2017-06-30,CTD6,2.0700000000000003
2017-06-30,CTD7,1.8235000000000001
2017-06-30,CTD8,1.093
2017-06-30,CTD9,0.115
2017-07-05,CTD1,1.222
2017-07-05,CTD10,1.127
2017-07-05,CTD11,1.6800000000000002
2017-07-05,CTD12,1.661
2017-07-05,CTD2,2.8705
2017-07-05,CTD3,1.5945
2017-07-05,CTD4,1.246
2017-07-05,CTD5,0.589
2017-07-05,CTD6,1.5979999999999999
2017-07-05,CTD7,2.835
2017-07-05,CTD8,1.192
2017-07-05,CTD9,0.115
2017-07-12,CTD1,0.8815
2017-07-12,CTD10,2.0380000000000003
2017-07-12,CTD11,5.8375
2017-07-12,CTD12,2.2245
2017-07-12,CTD2,1.8795000000000002
2017-07-12,CTD3,1.794
2017-07-12,CTD4,2.4345
2017-07-12,CTD5,1.0015
2017-07-12,CTD6,2.377
2017-07-12,CTD7,3.0709999999999997
2017-07-12,CTD8,2.2095000000000002
2017-07-12,CTD9,0.313
2017-07-19,CTD1,1.2494999999999998
2017-07-19,CTD10,1.5605
2017-07-19,CTD11,2.54
2017-07-19,CTD12,1.546
2017-07-19,CTD2,2.6085000000000003
2017-07-19,CTD3,2.003
2017-07-19,CTD4,1.3965
2017-07-19,CTD5,0.3425
2017-07-19,CTD6,2.021
2017-07-19,CTD7,2.609
2017-07-19,CTD8,1.77
2017-07-19,CTD9,0.209
2017-07-26,CTD1,0.602
2017-07-26,CTD10,1.1349999999999998
2017-07-26,CTD11,3.121
2017-07-26,CTD12,2.2990000000000004
2017-07-26,CTD2,2.1399999999999997
2017-07-26,CTD3,1.427
2017-07-26,CTD4,1.9095
2017-07-26,CTD5,0.59
2017-07-26,CTD6,2.8325
2017-07-26,CTD7,5.043
2017-07-26,CTD8,1.5379999999999998
2017-07-26,CTD9,0.136
2017-08-08,CTD5,1.339
2017-08-16,CTD5,1.6760000000000002
2017-08-23,CTD5,1.8275000000000001
2017-08-30,CTD1,4.63
2017-08-30,CTD10,6.297000000000001
2017-08-30,CTD11,5.9685
2017-08-30,CTD12,6.046
2017-08-30,CTD2,5.29
2017-08-30,CTD3,5.288
2017-08-30,CTD4,5.118
2017-08-30,CTD5,1.7315
2017-08-30,CTD6,5.514
2017-08-30,CTD7,5.276999999999999
2017-08-30,CTD8,5.468999999999999
2017-08-30,CTD9,0.19
2017-09-06,CTD1,5.221
2017-09-06,CTD10,6.659000000000001
2017-09-06,CTD11,6.744
2017-09-06,CTD12,7.1434999999999995
2017-09-06,CTD2,6.9655000000000005
2017-09-06,CTD3,6.8134999999999994
2017-09-06,CTD4,6.692500000000001
2017-09-06,CTD5,2.975
2017-09-06,CTD6,6.754
2017-09-06,CTD7,7.064
2017-09-06,CTD8,6.665
2017-09-06,CTD9,0.199
2017-09-11,CTD1,2.7095000000000002
2017-09-11,CTD10,5.6735
2017-09-11,CTD11,5.7065
2017-09-11,CTD12,6.419
2017-09-11,CTD2,5.4005
2017-09-11,CTD3,5.085
2017-09-11,CTD4,4.611
2017-09-11,CTD5,1.616
2017-09-11,CTD6,6.2940000000000005
2017-09-11,CTD7,4.983499999999999
2017-09-11,CTD8,6.152
2017-09-11,CTD9,0.203
2017-09-20,CTD5,2.605
2017-09-27,CTD1,4.62
2017-09-27,CTD10,6.4345
2017-09-27,CTD11,6.465
2017-09-27,CTD12,6.1485
2017-09-27,CTD2,6.0835
2017-09-27,CTD3,5.8469999999999995
2017-09-27,CTD4,4.2555
2017-09-27,CTD5,0.8049999999999999
2017-09-27,CTD6,5.6665
2017-09-27,CTD7,4.4625
2017-09-27,CTD8,5.5375
2017-09-27,CTD9,0.224
2017-10-04,CTD1,4.4510000000000005
2017-10-04,CTD10,3.569
2017-10-04,CTD11,4.7275
2017-10-04,CTD12,5.022500000000001
2017-10-04,CTD2,5.455
2017-10-04,CTD3,5.723
2017-10-04,CTD4,4.923500000000001
2017-10-04,CTD5,1.584
2017-10-04,CTD6,5.572
2017-10-04,CTD7,5.1905
2017-10-04,CTD8,5.004
2017-10-04,CTD9,0.156
2017-10-11,CTD1,3.957
2017-10-11,CTD10,4.8945
2017-10-11,CTD11,5.295999999999999
2017-10-11,CTD12,5.086
2017-10-11,CTD2,5.148
2017-10-11,CTD3,4.9075
2017-10-11,CTD4,4.6579999999999995
2017-10-11,CTD5,1.4075
2017-10-11,CTD6,5.454
2017-10-11,CTD7,3.1500000000000004
2017-10-11,CTD8,4.0285
2017-10-11,CTD9,3.861
2017-10-17,CTD1,5.8309999999999995
2017-10-17,CTD10,4.013
2017-10-17,CTD11,4.0345
2017-10-17,CTD12,5.3975
2017-10-17,CTD2,7.093
2017-10-17,CTD3,6.464499999999999
2017-10-17,CTD4,4.827500000000001
2017-10-17,CTD5,1.3499999999999999
2017-10-17,CTD6,5.9135
2017-10-17,CTD7,5.410500000000001
2017-10-17,CTD8,5.0975
2017-10-17,CTD9,0.289
2017-10-25,CTD1,1.985
2017-10-25,CTD10,4.7385
2017-10-25,CTD11,6.215999999999999
2017-10-25,CTD12,5.9055
2017-10-25,CTD2,5.619
2017-10-25,CTD3,5.436999999999999
2017-10-25,CTD4,4.019
2017-10-25,CTD5,0.866
2017-10-25,CTD6,6.0735
2017-10-25,CTD7,6.2075
2017-10-25,CTD8,5.1165
2017-10-25,CTD9,0.253
2017-11-03,CTD1,4.4045000000000005
2017-11-03,CTD10,5.874499999999999
2017-11-03,CTD11,5.8635
2017-11-03,CTD12,6.8454999999999995
2017-11-03,CTD2,7.683999999999999
2017-11-03,CTD3,6.5445
2017-11-03,CTD4,7.7835
2017-11-03,CTD5,1.8765
2017-11-03,CTD6,8.3485
2017-11-03,CTD7,4.0925
2017-11-03,CTD8,6.7684999999999995
2017-11-03,CTD9,0.318
2017-11-08,CTD1,4.3335
2017-11-08,CTD10,5.152
2017-11-08,CTD11,6.615
2017-11-08,CTD12,6.388
2017-11-08,CTD2,7.6129999999999995
2017-11-08,CTD3,6.380000000000001
2017-11-08,CTD4,5.6105
2017-11-08,CTD5,0.7835
2017-11-08,CTD6,6.807499999999999
2017-11-08,CTD7,5.422499999999999
2017-11-08,CTD8,6.339
2017-11-08,CTD9,0.162
2017-11-15,CTD1,5.526999999999999
2017-11-15,CTD10,4.7645
2017-11-15,CTD11,5.6545
2017-11-15,CTD12,6.5405
2017-11-15,CTD2,5.4975000000000005
2017-11-15,CTD3,6.0395
2017-11-15,CTD4,4.958500000000001
2017-11-15,CTD5,1.269
2017-11-15,CTD6,6.4030000000000005
2017-11-15,CTD7,5.6754999999999995
2017-11-15,CTD8,5.099
2017-11-15,CTD9,0.321
2017-11-22,CTD1,1.841
2017-11-22,CTD10,3.051
2017-11-22,CTD11,3.0505
2017-11-22,CTD12,3.066
2017-11-22,CTD2,4.303
2017-11-22,CTD3,3.7445
2017-11-22,CTD4,2.9699999999999998
2017-11-22,CTD5,0.8600000000000001
2017-11-22,CTD6,3.449
2017-11-22,CTD7,4.0795
2017-11-22,CTD8,3.6109999999999998
2017-11-22,CTD9,0.21
2017-11-28,CTD1,2.624
2017-11-28,CTD10,3.4375
2017-11-28,CTD11,3.3689999999999998
2017-11-28,CTD12,3.7984999999999998
2017-11-28,CTD2,3.5505000000000004
2017-11-28,CTD3,3.6855
2017-11-28,CTD4,3.4764999999999997
2017-11-28,CTD5,0.969
2017-11-28,CTD6,3.644
2017-11-28,CTD7,3.2300000000000004
2017-11-28,CTD8,3.347
2017-11-28,CTD9,0.176
2017-12-05,CTD1,1.365
2017-12-05,CTD10,3.1295
2017-12-05,CTD11,3.527
2017-12-05,CTD12,3.1790000000000003
2017-12-05,CTD2,3.3925
2017-12-05,CTD3,2.989
2017-12-05,CTD4,2.3945
2017-12-05,CTD5,1.05
2017-12-05,CTD6,3.1295
2017-12-05,CTD7,2.4305
2017-12-05,CTD8,2.502
2017-12-05,CTD9,0.185
2017-12-13,CTD1,2.2615
2017-12-13,CTD10,2.488
2017-12-13,CTD11,2.5774999999999997
2017-12-13,CTD12,2.48
2017-12-13,CTD2,3.4185
2017-12-13,CTD3,3.572
2017-12-13,CTD4,3.1315
2017-12-13,CTD5,1.3825
2017-12-13,CTD6,3.0455
2017-12-13,CTD7,2.8925
2017-12-13,CTD8,2.268
2017-12-13,CTD9,0.183
2017-12-18,CTD1,2.6295
2017-12-18,CTD10,2.34
2017-12-18,CTD11,1.9875
2017-12-18,CTD12,2.423
2017-12-18,CTD2,3.6565000000000003
2017-12-18,CTD3,3.553
2017-12-18,CTD4,3.2275
2017-12-18,CTD5,2.6035
2017-12-18,CTD6,2.3075
2017-12-18,CTD7,2.5780000000000003
2017-12-18,CTD8,2.0215
2017-12-18,CTD9,0.167
2017-12-26,CTD1,1.2555
2017-12-26,CTD10,2.303
2017-12-26,CTD11,2.0300000000000002
2017-12-26,CTD12,2.1944999999999997
2017-12-26,CTD2,2.357
2017-12-26,CTD3,2.029
2017-12-26,CTD4,1.7305000000000001
2017-12-26,CTD5,0.40499999999999997
2017-12-26,CTD6,2.406
2017-12-26,CTD7,1.9125
2017-12-26,CTD8,1.972
2017-12-26,CTD9,0.962
2018-01-02,CTD1,3.4050000000000002
2018-01-02,CTD10,6.289
2018-01-02,CTD11,5.624
2018-01-02,CTD12,7.5385
2018-01-02,CTD2,3.7435
2018-01-02,CTD3,3.8385
2018-01-02,CTD4,5.452500000000001
2018-01-02,CTD5,2.1135
2018-01-02,CTD6,6.725
2018-01-02,CTD7,4.507
2018-01-02,CTD8,7.6875
2018-01-02,CTD9,0.194
2018-01-09,CTD1,2.8449999999999998
2018-01-09,CTD10,3.879
2018-01-09,CTD11,3.8225
2018-01-09,CTD12,4.411
2018-01-09,CTD2,4.5415
2018-01-09,CTD3,4.1655
2018-01-09,CTD4,3.585
2018-01-09,CTD5,1.3425
2018-01-09,CTD6,4.4115
2018-01-09,CTD7,2.5949999999999998
2018-01-09,CTD8,3.6455
2018-01-09,CTD9,0.175
2018-01-17,CTD1,1.6925
2018-01-17,CTD10,4.35
2018-01-17,CTD11,3.9114999999999998
2018-01-17,CTD12,3.9655
2018-01-17,CTD2,3.609
2018-01-17,CTD3,3.3049999999999997
2018-01-17,CTD4,3.7495000000000003
2018-01-17,CTD5,1.291
2018-01-17,CTD6,4.599
2018-01-17,CTD7,2.9435000000000002
2018-01-17,CTD8,3.8345000000000002
2018-01-17,CTD9,0.206
2018-01-24,CTD1,3.4085
2018-01-24,CTD10,3.8985000000000003
2018-01-24,CTD11,4.775
2018-01-24,CTD12,4.459
2018-01-24,CTD2,5.1205
2018-01-24,CTD3,2.973
2018-01-24,CTD4,2.7525000000000004
2018-01-24,CTD5,0.29500000000000004
2018-01-24,CTD6,4.958
2018-01-24,CTD7,2.497
2018-01-24,CTD8,2.842
2018-01-24,CTD9,0.159
2018-01-31,CTD1,4.057
2018-01-31,CTD10,7.084
2018-01-31,CTD11,7.083
2018-01-31,CTD12,5.868
2018-01-31,CTD2,5.1795
2018-01-31,CTD3,3.2075
2018-01-31,CTD4,3.317
2018-01-31,CTD5,1.246
2018-01-31,CTD6,7.007
2018-01-31,CTD7,3.8925
2018-01-31,CTD8,5.8985
2018-01-31,CTD9,0.161
2018-02-12,CTD1,5.16
2018-02-12,CTD10,6.211
2018-02-12,CTD11,6.750500000000001
2018-02-12,CTD12,7.9675
2018-02-12,CTD2,7.750500000000001
2018-02-12,CTD3,7.1635
2018-02-12,CTD4,6.045
2018-02-12,CTD5,1.391
2018-02-12,CTD6,8.8825
2018-02-12,CTD7,8.371
2018-02-12,CTD8,8.2545
2018-02-12,CTD9,0.148
2018-02-20,CTD1,3.802
2018-02-20,CTD10,7.996
2018-02-20,CTD11,7.615
2018-02-20,CTD12,7.798500000000001
2018-02-20,CTD2,4.923
2018-02-20,CTD3,4.3045
2018-02-20,CTD4,4.178
2018-02-20,CTD5,0.6375
2018-02-20,CTD6,8.2265
2018-02-20,CTD7,3.153
2018-02-20,CTD8,3.7155
2018-02-20,CTD9,0.162
2018-02-27,CTD1,3.234
2018-02-27,CTD10,7.9315
2018-02-27,CTD11,8.211
2018-02-27,CTD12,6.5975
2018-02-27,CTD2,6.4745
2018-02-27,CTD3,6.6325
2018-02-27,CTD4,6.736000000000001
2018-02-27,CTD5,2.5675000000000003
2018-02-27,CTD6,6.4455
2018-02-27,CTD7,3.689
2018-02-27,CTD8,5.0695
2018-02-27,CTD9,0.192
2018-03-07,CTD1,5.204000000000001
2018-03-07,CTD10,5.0645
2018-03-07,CTD11,4.2605
2018-03-07,CTD12,5.3955
2018-03-07,CTD2,6.7605
2018-03-07,CTD3,6.111000000000001
2018-03-07,CTD4,4.0905
2018-03-07,CTD5,0.8759999999999999
2018-03-07,CTD6,6.588
2018-03-07,CTD7,3.5885
2018-03-07,CTD8,4.042
2018-03-07,CTD9,0.158
2018-03-08,CTD5,1.7035
2018-03-13,CTD1,2.4005
2018-03-13,CTD10,4.3685
2018-03-13,CTD11,3.707
2018-03-13,CTD12,4.585
2018-03-13,CTD2,4.412
2018-03-13,CTD3,4.5135000000000005
2018-03-13,CTD4,3.258
2018-03-13,CTD5,1.135
2018-03-13,CTD6,4.909
2018-03-13,CTD7,2.2875
2018-03-13,CTD8,4.4350000000000005
2018-03-13,CTD9,0.148
2018-03-26,CTD1,2.349
2018-03-26,CTD10,2.257
2018-03-26,CTD11,3.7095000000000002
2018-03-26,CTD12,4.8825
2018-03-26,CTD2,3.567
2018-03-26,CTD3,1.8624999999999998
2018-03-26,CTD4,1.7385000000000002
2018-03-26,CTD5,0.379
2018-03-26,CTD6,3.966
2018-03-26,CTD7,2.8535000000000004
2018-03-26,CTD8,2.2140000000000004
2018-03-26,CTD9,0.137
2018-04-05,CTD1,0.9205
2018-04-05,CTD10,2.507
2018-04-05,CTD11,1.9740000000000002
2018-04-05,CTD12,1.919
2018-04-05,CTD2,0.975
2018-04-05,CTD3,2.4524999999999997
2018-04-05,CTD4,2.5315000000000003
2018-04-05,CTD5,1.3199999999999998
2018-04-05,CTD6,2.0175
2018-04-05,CTD7,0.8825000000000001
2018-04-05,CTD8,1.474
2018-04-05,CTD9,0.15
2018-04-17,CTD1,0.995
2018-04-17,CTD10,1.1955
2018-04-17,CTD11,2.5905
2018-04-17,CTD12,2.1985
2018-04-17,CTD2,1.2585000000000002
2018-04-17,CTD3,1.403
2018-04-17,CTD4,1.42
2018-04-17,CTD5,0.629
2018-04-17,CTD6,1.401
2018-04-17,CTD7,0.416
2018-04-17,CTD8,0.9615
2018-04-17,CTD9,0.131
2018-04-27,CTD1,1.7755
2018-04-27,CTD10,2.9465000000000003
2018-04-27,CTD11,2.766
2018-04-27,CTD12,2.097
2018-04-27,CTD2,1.8679999999999999
2018-04-27,CTD3,1.3490000000000002
2018-04-27,CTD4,1.8050000000000002
2018-04-27,CTD5,0.554
2018-04-27,CTD6,2.0549999999999997
2018-04-27,CTD7,1.3525
2018-04-27,CTD8,1.3005
2018-04-27,CTD9,0.161
2018-05-02,CTD1,2.525
2018-05-02,CTD10,1.9335
2018-05-02,CTD11,1.9609999999999999
2018-05-02,CTD12,1.8745
2018-05-02,CTD2,1.6044999999999998
2018-05-02,CTD3,1.837
2018-05-02,CTD4,1.55
2018-05-02,CTD5,0.484
2018-05-02,CTD6,1.5585
2018-05-02,CTD7,0.7929999999999999
2018-05-02,CTD8,1.4795
2018-05-02,CTD9,0.178
2018-05-11,CTD1,2.9000000000000004
2018-05-11,CTD10,3.442
2018-05-11,CTD11,2.9924999999999997
2018-05-11,CTD12,1.27
2018-05-11,CTD2,2.3135
2018-05-11,CTD3,2.0149999999999997
2018-05-11,CTD4,1.2335
2018-05-11,CTD5,0.489
2018-05-11,CTD6,1.6364999999999998
2018-05-11,CTD7,2.4085
2018-05-11,CTD8,1.7585000000000002
2018-05-11,CTD9,0.223
2018-05-16,CTD1,2.67
2018-05-16,CTD10,2.6740000000000004
2018-05-16,CTD11,1.579
2018-05-16,CTD12,1.06
2018-05-16,CTD2,2.971
2018-05-16,CTD3,3.1955
2018-05-16,CTD4,2.3840000000000003
2018-05-16,CTD5,0.615
2018-05-16,CTD6,1.124
2018-05-16,CTD7,3.5940000000000003
2018-05-16,CTD8,1.1105
2018-05-16,CTD9,0.145
2018-05-22,CTD1,0.885
2018-05-22,CTD10,0.873
2018-05-22,CTD11,1.0474999999999999
2018-05-22,CTD12,0.8485
2018-05-22,CTD2,1.432
2018-05-22,CTD3,0.8225
2018-05-22,CTD4,0.8734999999999999
2018-05-22,CTD5,0.34750000000000003
2018-05-22,CTD6,1.505
2018-05-22,CTD7,1.4015
2018-05-22,CTD8,0.5875
2018-05-22,CTD9,0.217
2018-05-30,CTD1,0.9425
2018-05-30,CTD10,1.2654999999999998
2018-05-30,CTD11,0.9864999999999999
2018-05-30,CTD12,0.94
2018-05-30,CTD2,0.85
2018-05-30,CTD3,1.044
2018-05-30,CTD4,0.8585
2018-05-30,CTD5,0.7424999999999999
2018-05-30,CTD6,0.849
2018-05-30,CTD7,0.744
2018-05-30,CTD8,0.7284999999999999
2018-05-30,CTD9,0.122
2018-06-08,CTD1,1.0274999999999999
2018-06-08,CTD10,1.1515
2018-06-08,CTD11,1.3940000000000001
2018-06-08,CTD12,0.9845
2018-06-08,CTD2,0.9765
2018-06-08,CTD3,0.505
2018-06-08,CTD4,0.474
2018-06-08,CTD5,0.2315
2018-06-08,CTD6,0.9384999999999999
2018-06-08,CTD7,1.0815000000000001
2018-06-08,CTD8,0.8739999999999999
2018-06-08,CTD9,0.166
2018-06-12,CTD1,0.8089999999999999
2018-06-12,CTD10,1.938
2018-06-12,CTD11,1.4965000000000002
2018-06-12,CTD12,1.2485
2018-06-12,CTD2,0.767
2018-06-12,CTD3,0.819
2018-06-12,CTD4,0.8385
2018-06-12,CTD5,0.4575
2018-06-12,CTD6,0.8975
2018-06-12,CTD7,2.198
2018-06-12,CTD8,1.6600000000000001
2018-06-12,CTD9,0.147
2018-06-20,CTD1,0.9615
2018-06-20,CTD10,2.4539999999999997
2018-06-20,CTD11,0.45099999999999996
2018-06-20,CTD12,1.923
2018-06-20,CTD2,0.904
2018-06-20,CTD3,1.254
2018-06-20,CTD4,0.5860000000000001
2018-06-20,CTD5,0.5900000000000001
2018-06-20,CTD6,0.9045
2018-06-20,CTD7,0.54
2018-06-20,CTD8,0.9954999999999999
2018-06-20,CTD9,0.115
2018-06-26,CTD1,0.896
2018-06-26,CTD10,4.2940000000000005
2018-06-26,CTD11,1.9834999999999998
2018-06-26,CTD12,3.1020000000000003
2018-06-26,CTD2,0.9605
2018-06-26,CTD3,1.393
2018-06-26,CTD4,0.8625
2018-06-26,CTD5,0.68
2018-06-26,CTD6,2.2245
2018-06-26,CTD7,0.9844999999999999
2018-06-26,CTD8,1.9869999999999999
2018-06-26,CTD9,0.142
2018-07-04,CTD1,0.7525
2018-07-04,CTD10,1.9785
2018-07-04,CTD11,5.688000000000001
2018-07-04,CTD12,2.6505
2018-07-04,CTD2,0.8049999999999999
2018-07-04,CTD3,0.918
2018-07-04,CTD4,4.7765
2018-07-04,CTD5,0.7175
2018-07-04,CTD6,2.741
2018-07-04,CTD7,1.115
2018-07-04,CTD8,1.496
2018-07-04,CTD9,0.166
2018-07-10,CTD1,0.5735
2018-07-10,CTD10,1.7265000000000001
2018-07-10,CTD11,2.1145
2018-07-10,CTD12,2.6005000000000003
2018-07-10,CTD2,0.3845
2018-07-10,CTD3,0.715
2018-07-10,CTD4,1.9609999999999999
2018-07-10,CTD5,1.0050000000000001
2018-07-10,CTD6,2.6345
2018-07-10,CTD7,0.663
2018-07-10,CTD8,2.1405000000000003
2018-07-10,CTD9,0.134
2018-07-19,CTD1,0.6160000000000001
2018-07-19,CTD10,2.0045
2018-07-19,CTD11,1.0505
2018-07-19,CTD12,2.5620000000000003
2018-07-19,CTD2,1.0145
2018-07-19,CTD3,0.7045
2018-07-19,CTD4,0.919
2018-07-19,CTD5,0.42100000000000004
2018-07-19,CTD6,1.319
2018-07-19,CTD7,1.1709999999999998
2018-07-19,CTD8,1.9635
2018-07-19,CTD9,0.107
2018-07-24,CTD1,0.5925
2018-07-24,CTD10,2.592
2018-07-24,CTD11,1.8325
2018-07-24,CTD12,2.2590000000000003
2018-07-24,CTD2,0.4535
2018-07-24,CTD3,0.6839999999999999
2018-07-24,CTD4,1.0959999999999999
2018-07-24,CTD5,0.571
2018-07-24,CTD6,1.9489999999999998
2018-07-24,CTD7,0.723
2018-07-24,CTD8,1.884
2018-07-24,CTD9,0.123
2018-08-03,CTD1,0.5589999999999999
2018-08-03,CTD10,1.727
2018-08-03,CTD11,1.311
2018-08-03,CTD12,2.876
2018-08-03,CTD2,0.6505000000000001
2018-08-03,CTD3,1.209
2018-08-03,CTD4,1.7195
2018-08-03,CTD5,0.446
2018-08-03,CTD6,2.1625
2018-08-03,CTD7,1.6065
2018-08-03,CTD8,1.9415
2018-08-03,CTD9,0.117
2018-08-09,CTD1,0.607
2018-08-09,CTD10,1.6835
2018-08-09,CTD11,0.979
2018-08-09,CTD12,1.0034999999999998
2018-08-09,CTD2,0.643
2018-08-09,CTD3,0.8565
2018-08-09,CTD4,0.8675
2018-08-09,CTD5,0.435
2018-08-09,CTD6,0.7829999999999999
2018-08-09,CTD7,0.8845000000000001
2018-08-09,CTD8,1.2109999999999999
2018-08-09,CTD9,0.095
2018-08-14,CTD1,0.8594999999999999
2018-08-14,CTD10,1.6205
2018-08-14,CTD11,0.6225
2018-08-14,CTD12,1.3784999999999998
2018-08-14,CTD2,0.969
2018-08-14,CTD3,0.615
2018-08-14,CTD4,0.8255
2018-08-14,CTD5,0.43000000000000005
2018-08-14,CTD6,0.9715
2018-08-14,CTD7,0.642
2018-08-14,CTD8,1.1825
2018-08-14,CTD9,0.13
2018-08-23,CTD1,0.46499999999999997
2018-08-23,CTD10,1.311
2018-08-23,CTD11,1.225
2018-08-23,CTD12,1.645
2018-08-23,CTD2,1.1244999999999998
2018-08-23,CTD3,1.133
2018-08-23,CTD4,0.9875
2018-08-23,CTD5,0.4465
2018-08-23,CTD6,1.1475
2018-08-23,CTD7,1.1425
2018-08-23,CTD8,1.3385
2018-08-23,CTD9,0.107
2018-08-24,CTD5,0.61
2018-08-29,CTD1,0.4965
2018-08-29,CTD10,1.5115
2018-08-29,CTD11,0.8634999999999999
2018-08-29,CTD12,1.2825
2018-08-29,CTD2,0.5720000000000001
2018-08-29,CTD3,0.6970000000000001
2018-08-29,CTD4,0.703
2018-08-29,CTD5,0.3825
2018-08-29,CTD6,1.159
2018-08-29,CTD7,0.8585
2018-08-29,CTD8,1.446
2018-08-29,CTD9,0.083
2018-09-04,CTD1,0.9415
2018-09-04,CTD10,1.0470000000000002
2018-09-04,CTD11,0.9335
2018-09-04,CTD12,1.1440000000000001
2018-09-04,CTD2,1.3065
2018-09-04,CTD3,1.234
2018-09-04,CTD4,0.8069999999999999
2018-09-04,CTD5,0.401
2018-09-04,CTD6,1.3905
2018-09-04,CTD7,0.9564999999999999
2018-09-04,CTD8,1.768
2018-09-04,CTD9,0.069
2018-09-13,CTD1,0.998
2018-09-13,CTD10,1.842
2018-09-13,CTD11,1.0615
2018-09-13,CTD12,1.934
2018-09-13,CTD2,0.7275
2018-09-13,CTD3,1.032
2018-09-13,CTD4,0.924
2018-09-13,CTD5,0.399
2018-09-13,CTD6,1.655
2018-09-13,CTD7,1.039
2018-09-13,CTD8,2.064
2018-09-13,CTD9,0.092
2018-09-20,CTD1,0.9415
2018-09-20,CTD10,2.157
2018-09-20,CTD11,1.584
2018-09-20,CTD12,2.0025
2018-09-20,CTD2,0.7969999999999999
2018-09-20,CTD3,1.2075
2018-09-20,CTD4,1.1595
2018-09-20,CTD5,0.606
2018-09-20,CTD6,1.6705
2018-09-20,CTD7,0.633
2018-09-20,CTD8,1.741
2018-09-20,CTD9,0.065
2018-09-25,CTD5,0.511
2018-10-03,CTD1,0.325
2018-10-03,CTD10,1.0539999999999998
2018-10-03,CTD11,0.609
2018-10-03,CTD12,1.2385
2018-10-03,CTD2,0.478
2018-10-03,CTD3,0.34650000000000003
2018-10-03,CTD4,0.2395
2018-10-03,CTD5,0.094
2018-10-03,CTD6,1.0394999999999999
2018-10-03,CTD7,0.29400000000000004
2018-10-03,CTD8,1.351
2018-10-03,CTD9,0.0
2018-10-10,CTD1,0.4395
2018-10-10,CTD10,1.185
2018-10-10,CTD11,0.2605
2018-10-10,CTD12,1.0335
2018-10-10,CTD2,0.45499999999999996
2018-10-10,CTD3,0.6499999999999999
2018-10-10,CTD4,0.637
2018-10-10,CTD5,0.14850000000000002
2018-10-10,CTD6,1.0905
2018-10-10,CTD7,0.41500000000000004
2018-10-10,CTD8,0.9884999999999999
2018-10-10,CTD9,0.0
2018-10-17,CTD1,0.493
2018-10-17,CTD10,0.9365
2018-10-17,CTD11,0.476
2018-10-17,CTD12,1.414
2018-10-17,CTD2,0.5365
2018-10-17,CTD3,0.513
2018-10-17,CTD4,0.9664999999999999
2018-10-17,CTD5,0.175
2018-10-17,CTD6,0.992
2018-10-17,CTD7,0.34199999999999997
2018-10-17,CTD8,0.6455
2018-10-17,CTD9,0.031
2018-10-24,CTD5,0.351
2018-10-31,CTD1,0.7775000000000001
2018-10-31,CTD10,1.753
2018-10-31,CTD11,1.162
2018-10-31,CTD12,1.6255
2018-10-31,CTD2,0.5960000000000001
2018-10-31,CTD3,0.844
2018-10-31,CTD4,0.9835
2018-10-31,CTD5,0.441
2018-10-31,CTD6,1.3075
2018-10-31,CTD7,1.1185
2018-10-31,CTD8,1.444
2018-10-31,CTD9,0.279
2018-11-07,CTD1,0.685
2018-11-07,CTD10,1.0590000000000002
2018-11-07,CTD11,0.9535
2018-11-07,CTD12,1.0605
2018-11-07,CTD2,0.5195
2018-11-07,CTD3,0.987
2018-11-07,CTD4,1.4489999999999998
2018-11-07,CTD5,0.634
2018-11-07,CTD6,1.639
2018-11-07,CTD7,0.4645
2018-11-07,CTD8,1.1685
2018-11-07,CTD9,0.118
2018-11-21,CTD1,0.5640000000000001
2018-11-21,CTD10,1.568
2018-11-21,CTD11,2.252
2018-11-21,CTD12,2.0805
2018-11-21,CTD2,0.7010000000000001
2018-11-21,CTD3,1.1285
2018-11-21,CTD4,1.302
2018-11-21,CTD5,0.986
2018-11-21,CTD6,1.6179999999999999
2018-11-21,CTD7,1.1585
2018-11-21,CTD8,1.4895
2018-11-21,CTD9,0.167
2018-11-28,CTD1,0.713
2018-11-28,CTD10,2.6045
2018-11-28,CTD11,1.346
2018-11-28,CTD12,2.1275
2018-11-28,CTD2,1.4635
2018-11-28,CTD3,2.5355
2018-11-28,CTD4,3.0955
2018-11-28,CTD5,1.025
2018-11-28,CTD6,1.7635
2018-11-28,CTD7,2.5635
2018-11-28,CTD8,1.869
2018-11-28,CTD9,0.2
2018-12-04,CTD1,0.6399999999999999
2018-12-04,CTD10,1.1795
2018-12-04,CTD11,0.5885
2018-12-04,CTD12,1.3719999999999999
2018-12-04,CTD2,0.6725
2018-12-04,CTD3,1.4569999999999999
2018-12-04,CTD4,1.3855
2018-12-04,CTD5,0.815
2018-12-04,CTD6,1.2435
2018-12-04,CTD7,2.6654999999999998
2018-12-04,CTD8,1.4300000000000002
2018-12-04,CTD9,0.159
2018-12-11,CTD1,0.23099999999999998
2018-12-11,CTD10,1.643
2018-12-11,CTD11,0.67
2018-12-11,CTD12,1.7745
2018-12-11,CTD2,0.989
2018-12-11,CTD3,0.8340000000000001
2018-12-11,CTD4,0.62
2018-12-11,CTD5,0.37
2018-12-11,CTD6,2.331
2018-12-11,CTD7,1.524
2018-12-11,CTD8,1.707
2018-12-11,CTD9,0.176
2018-12-19,CTD1,0.40900000000000003
2018-12-19,CTD10,0.9974999999999999
2018-12-19,CTD11,0.483
2018-12-19,CTD12,0.8285
2018-12-19,CTD2,0.571
2018-12-19,CTD3,0.9164999999999999
2018-12-19,CTD4,0.6805
2018-12-19,CTD5,0.41500000000000004
2018-12-19,CTD6,0.847
2018-12-19,CTD7,1.969
2018-12-19,CTD8,1.2774999999999999
2018-12-19,CTD9,0.181
2018-12-26,CTD1,0.661
2018-12-26,CTD10,1.046
2018-12-26,CTD11,1.0305
2018-12-26,CTD12,0.8525
2018-12-26,CTD2,0.5545
2018-12-26,CTD3,0.3965
2018-12-26,CTD4,0.658
2018-12-26,CTD5,0.28
2018-12-26,CTD6,0.4655
2018-12-26,CTD7,0.473
2018-12-26,CTD8,0.1925
2018-12-26,CTD9,0.166
2019-01-03,CTD1,0.3315
2019-01-03,CTD10,0.8805000000000001
2019-01-03,CTD11,0.8325
2019-01-03,CTD12,1.279
2019-01-03,CTD2,0.488
2019-01-03,CTD3,0.6585000000000001
2019-01-03,CTD4,0.5565
2019-01-03,CTD5,0.2825
2019-01-03,CTD6,1.0270000000000001
2019-01-03,CTD7,0.822
2019-01-03,CTD8,1.373
2019-01-03,CTD9,0.164
2019-01-09,CTD1,0.7110000000000001
2019-01-09,CTD10,0.305
2019-01-09,CTD11,0.2215
2019-01-09,CTD12,0.471
2019-01-09,CTD2,0.5305
2019-01-09,CTD3,0.5589999999999999
2019-01-09,CTD4,0.574
2019-01-09,CTD5,0.3015
2019-01-09,CTD6,0.51
2019-01-09,CTD7,0.846
2019-01-09,CTD8,0.4275
2019-01-09,CTD9,0.126
2019-01-17,CTD1,0.38849999999999996
2019-01-17,CTD10,0.2825
2019-01-17,CTD11,0.273
2019-01-17,CTD12,0.3055
2019-01-17,CTD2,0.3045
2019-01-17,CTD3,0.31699999999999995
2019-01-17,CTD4,0.372
2019-01-17,CTD5,0.431
2019-01-17,CTD6,0.478
2019-01-17,CTD7,0.19
2019-01-17,CTD8,0.341
2019-01-17,CTD9,0.138
2019-01-25,CTD1,0.35550000000000004
2019-01-25,CTD10,0.2555
2019-01-25,CTD11,0.188
2019-01-25,CTD12,0.27449999999999997
2019-01-25,CTD2,0.4385
2019-01-25,CTD3,0.476
2019-01-25,CTD4,0.404
2019-01-25,CTD5,0.41000000000000003
2019-01-25,CTD6,0.29400000000000004
2019-01-25,CTD7,0.366
2019-01-25,CTD8,0.2515
2019-01-25,CTD9,0.118
2019-02-06,CTD1,0.324
2019-02-06,CTD10,0.394
2019-02-06,CTD11,0.276
2019-02-06,CTD12,0.5115000000000001
2019-02-06,CTD2,0.5625
2019-02-06,CTD3,0.5555
2019-02-06,CTD4,0.621
2019-02-06,CTD5,0.491
2019-02-06,CTD6,0.4655
2019-02-06,CTD7,0.279
2019-02-06,CTD8,0.24
2019-02-06,CTD9,0.108
2019-02-12,CTD1,0.4
2019-02-12,CTD10,0.514
2019-02-12,CTD11,0.267
2019-02-12,CTD12,0.8995
2019-02-12,CTD2,0.8109999999999999
2019-02-12,CTD3,0.785
2019-02-12,CTD4,0.5185
2019-02-12,CTD5,0.605
2019-02-12,CTD6,0.6255
2019-02-12,CTD7,1.066
2019-02-12,CTD8,0.5985
2019-02-12,CTD9,0.438
2019-02-20,CTD1,0.56
2019-02-20,CTD10,0.2015
2019-02-20,CTD11,0.0875
2019-02-20,CTD12,0.212
2019-02-20,CTD2,0.6675
2019-02-20,CTD3,0.503
2019-02-20,CTD4,0.241
2019-02-20,CTD5,0.06
2019-02-20,CTD6,0.1565
2019-02-20,CTD7,0.22999999999999998
2019-02-20,CTD8,0.178
2019-02-20,CTD9,0.176
2019-02-26,CTD1,0.47750000000000004
2019-02-26,CTD10,0.264
2019-02-26,CTD11,0.4375
2019-02-26,CTD12,0.197
2019-02-26,CTD2,0.374
2019-02-26,CTD3,0.27549999999999997
2019-02-26,CTD4,0.2685
2019-02-26,CTD5,0.136
2019-02-26,CTD6,0.232
2019-02-26,CTD7,0.344
2019-02-26,CTD8,0.2135
2019-02-26,CTD9,0.114
2019-03-05,CTD1,0.336
2019-03-05,CTD10,0.22999999999999998
2019-03-05,CTD11,0.25
2019-03-05,CTD12,0.589
2019-03-05,CTD2,0.29000000000000004
2019-03-05,CTD3,0.416
2019-03-05,CTD4,0.42800000000000005
2019-03-05,CTD5,0.24
2019-03-05,CTD6,0.488
2019-03-05,CTD7,0.1455
2019-03-05,CTD8,0.316
2019-03-05,CTD9,0.048
2019-03-12,CTD1,0.2465
2019-03-12,CTD10,0.3645
2019-03-12,CTD11,0.23450000000000001
2019-03-12,CTD12,0.3635
2019-03-12,CTD2,0.5775
2019-03-12,CTD3,0.5435000000000001
2019-03-12,CTD4,0.3575
2019-03-12,CTD5,0.216
2019-03-12,CTD6,0.36550000000000005
2019-03-12,CTD7,0.3035
2019-03-12,CTD8,0.307
2019-03-12,CTD9,0.196
2019-03-28,CTD1,0.328
2019-03-28,CTD10,0.2675
2019-03-28,CTD11,0.08099999999999999
2019-03-28,CTD12,0.1995
2019-03-28,CTD2,0.724
2019-03-28,CTD3,0.724
2019-03-28,CTD4,0.5865
2019-03-28,CTD5,0.2125
2019-03-28,CTD6,0.174
2019-03-28,CTD7,1.1475
2019-03-28,CTD8,0.3745
2019-03-28,CTD9,0.178
2019-04-02,CTD5,0.294
2019-04-15,CTD1,0.546
2019-04-15,CTD10,0.371
2019-04-15,CTD11,0.1285
2019-04-15,CTD12,0.3115
2019-04-15,CTD2,0.2525
2019-04-15,CTD3,0.5860000000000001
2019-04-15,CTD4,0.4085
2019-04-15,CTD5,0.119
2019-04-15,CTD6,0.317
2019-04-15,CTD7,0.586
2019-04-15,CTD8,0.3855
2019-04-15,CTD9,0.077
2019-04-24,CTD1,0.9584999999999999
2019-04-24,CTD10,1.1524999999999999
2019-04-24,CTD11,0.47050000000000003
2019-04-24,CTD12,1.8815
2019-04-24,CTD2,2.6239999999999997
2019-04-24,CTD3,1.9255
2019-04-24,CTD4,0.906
2019-04-24,CTD5,0.4165
2019-04-24,CTD6,1.072
2019-04-24,CTD7,2.6395
2019-04-24,CTD8,2.294
2019-04-24,CTD9,0.589
2019-04-30,CTD1,0.74
2019-04-30,CTD10,0.8325
2019-04-30,CTD11,0.622
2019-04-30,CTD12,0.94
2019-04-30,CTD2,2.0140000000000002
2019-04-30,CTD3,1.943
2019-04-30,CTD4,1.4325
2019-04-30,CTD5,0.544
2019-04-30,CTD6,1.3864999999999998
2019-04-30,CTD7,1.6789999999999998
2019-04-30,CTD8,0.727
2019-04-30,CTD9,0.212
2019-05-08,CTD1,0.627
2019-05-08,CTD10,0.4915
2019-05-08,CTD11,0.524
2019-05-08,CTD12,0.8835
2019-05-08,CTD2,1.2309999999999999
2019-05-08,CTD3,1.249
2019-05-08,CTD4,0.8075000000000001
2019-05-08,CTD5,0.326
2019-05-08,CTD6,1.2165
2019-05-08,CTD7,1.952
2019-05-08,CTD8,1.2745000000000002
2019-05-08,CTD9,0.365
2019-05-15,CTD1,1.3205
2019-05-15,CTD10,1.046
2019-05-15,CTD11,1.268
2019-05-15,CTD12,1.4155
2019-05-15,CTD2,1.3715000000000002
2019-05-15,CTD3,1.5775000000000001
2019-05-15,CTD4,1.1995
2019-05-15,CTD5,0.375
2019-05-15,CTD6,1.794
2019-05-15,CTD7,2.436
2019-05-15,CTD8,1.357
2019-05-15,CTD9,0.385
2019-05-21,CTD1,1.535
2019-05-21,CTD10,1.6525
2019-05-21,CTD11,2.3385
2019-05-21,CTD12,2.129
2019-05-21,CTD2,2.846
2019-05-21,CTD3,2.84
2019-05-21,CTD4,2.189
2019-05-21,CTD5,1.111
2019-05-21,CTD6,2.694
2019-05-21,CTD7,2.389
2019-05-21,CTD8,1.6709999999999998
2019-05-21,CTD9,1.421
2019-05-29,CTD1,1.0154999999999998
2019-05-29,CTD10,2.818
2019-05-29,CTD11,0.898
2019-05-29,CTD12,3.161
2019-05-29,CTD2,3.7875
2019-05-29,CTD3,3.536
2019-05-29,CTD4,2.0995
2019-05-29,CTD5,0.431
2019-05-29,CTD6,3.3354999999999997
2019-05-29,CTD7,4.561
2019-05-29,CTD8,4.218500000000001
2019-05-29,CTD9,1.895
2019-06-04,CTD1,1.875
2019-06-04,CTD10,2.4699999999999998
2019-06-04,CTD11,3.353
2019-06-04,CTD12,3.7720000000000002
2019-06-04,CTD2,4.085
2019-06-04,CTD3,4.3865
2019-06-04,CTD4,4.3835
2019-06-04,CTD5,0.665
2019-06-04,CTD6,4.569
2019-06-04,CTD7,2.809
2019-06-04,CTD8,3.9924999999999997
2019-06-04,CTD9,0.323
2019-06-18,CTD1,1.1885
2019-06-18,CTD10,1.8345
2019-06-18,CTD11,1.8875000000000002
2019-06-18,CTD12,2.3955
2019-06-18,CTD2,2.974
2019-06-18,CTD3,1.3165
2019-06-18,CTD4,3.2535
2019-06-18,CTD5,0.504
2019-06-18,CTD6,2.9145
2019-06-18,CTD7,1.8245
2019-06-18,CTD8,2.4145000000000003
2019-06-18,CTD9,0.951
2019-06-25,CTD1,1.549
2019-06-25,CTD10,2.232
2019-06-25,CTD11,2.2199999999999998
2019-06-25,CTD12,2.689
2019-06-25,CTD2,2.8495
2019-06-25,CTD3,3.3025
2019-06-25,CTD4,3.5375
2019-06-25,CTD5,0.265
2019-06-25,CTD6,3.771
2019-06-25,CTD7,1.993
2019-06-25,CTD8,2.2255000000000003
2019-06-25,CTD9,0.774
2019-07-04,CTD1,1.7189999999999999
2019-07-04,CTD10,2.0815
2019-07-04,CTD11,2.61
2019-07-04,CTD12,2.3775
2019-07-04,CTD2,2.7889999999999997
2019-07-04,CTD3,3.7119999999999997
2019-07-04,CTD4,2.956
2019-07-04,CTD6,2.3105
2019-07-04,CTD7,1.887
2019-07-04,CTD8,2.9314999999999998
2019-07-04,CTD9,1.25
2019-07-05,CTD5,0.5125
2019-07-10,CTD1,0.925
2019-07-10,CTD10,1.645
2019-07-10,CTD11,1.041
2019-07-10,CTD12,0.976
2019-07-10,CTD2,1.036
2019-07-10,CTD3,1.439
2019-07-10,CTD4,1.356
2019-07-10,CTD6,0.743
2019-07-10,CTD7,1.404
2019-07-10,CTD8,1.049
2019-07-10,CTD9,1.354
2019-07-11,CTD5,0.329
2019-07-19,CTD1,0.687
2019-07-19,CTD10,0.9530000000000001
2019-07-19,CTD11,1.545
2019-07-19,CTD12,1.5045000000000002
2019-07-19,CTD2,1.638
2019-07-19,CTD3,2.2039999999999997
2019-07-19,CTD4,3.055
2019-07-19,CTD5,0.909
2019-07-19,CTD6,2.627
2019-07-19,CTD7,1.138
2019-07-19,CTD8,1.688
2019-07-19,CTD9,0.7
2019-07-26,CTD1,0.9735
2019-07-26,CTD10,0.881
2019-07-26,CTD11,0.685
2019-07-26,CTD12,1.249
2019-07-26,CTD2,2.2075
2019-07-26,CTD3,2.2805
2019-07-26,CTD4,2.7805
2019-07-26,CTD5,0.5485
2019-07-26,CTD6,1.6705
2019-07-26,CTD7,1.996
2019-07-26,CTD8,2.0604999999999998
2019-07-26,CTD9,0.504
2019-07-30,CTD1,0.448
2019-07-30,CTD10,1.0485
2019-07-30,CTD11,1.1875
2019-07-30,CTD12,1.552
2019-07-30,CTD2,1.764
2019-07-30,CTD3,2.086
2019-07-30,CTD4,1.7875
2019-07-30,CTD5,0.736
2019-07-30,CTD6,3.0469999999999997
2019-07-30,CTD7,1.7565
2019-07-30,CTD8,2.5315000000000003
2019-07-30,CTD9,0.274
2019-08-06,CTD1,0.6205
2019-08-06,CTD10,1.808
2019-08-06,CTD11,1.875
2019-08-06,CTD12,1.7395
2019-08-06,CTD2,2.04
2019-08-06,CTD3,2.032
2019-08-06,CTD4,3.7474999999999996
2019-08-06,CTD5,0.59
2019-08-06,CTD6,2.6959999999999997
2019-08-06,CTD7,0.844
2019-08-06,CTD8,1.8065
2019-08-06,CTD9,0.276
2019-08-14,CTD1,2.4985
2019-08-14,CTD10,3.1065
2019-08-14,CTD11,3.4265
2019-08-14,CTD12,3.623
2019-08-14,CTD2,3.526
2019-08-14,CTD3,4.603
2019-08-14,CTD4,4.584
2019-08-14,CTD5,2.549
2019-08-14,CTD6,4.1655
2019-08-14,CTD7,3.3225
2019-08-14,CTD8,4.557
2019-08-14,CTD9,1.223
2019-08-22,CTD1,2.592
2019-08-22,CTD10,5.1815
2019-08-22,CTD11,4.544499999999999
2019-08-22,CTD12,3.936
2019-08-22,CTD2,3.6595000000000004
2019-08-22,CTD3,5.061
2019-08-22,CTD4,5.0855
2019-08-22,CTD5,1.864
2019-08-22,CTD6,4.4355
2019-08-22,CTD7,4.705
2019-08-22,CTD8,5.233499999999999
2019-08-22,CTD9,0.817
2019-08-29,CTD1,3.005
2019-08-29,CTD10,4.1674999999999995
2019-08-29,CTD11,3.125
2019-08-29,CTD12,3.613
2019-08-29,CTD2,4.205
2019-08-29,CTD3,4.353
2019-08-29,CTD4,4.3115000000000006
2019-08-29,CTD5,2.384
2019-08-29,CTD6,4.663
2019-08-29,CTD7,5.556
2019-08-29,CTD8,6.857
2019-08-29,CTD9,2.055
2019-09-04,CTD1,3.67
2019-09-04,CTD10,3.6029999999999998
2019-09-04,CTD11,3.3165
2019-09-04,CTD12,4.309
2019-09-04,CTD2,3.653
2019-09-04,CTD3,4.2355
2019-09-04,CTD4,4.199
2019-09-04,CTD5,1.0475
2019-09-04,CTD6,4.291
2019-09-04,CTD7,5.8295
2019-09-04,CTD8,4.577
2019-09-04,CTD9,1.48
2019-09-10,CTD1,2.2575000000000003
2019-09-10,CTD10,5.0085
2019-09-10,CTD11,3.5535
2019-09-10,CTD12,5.5695
2019-09-10,CTD2,4.6434999999999995
2019-09-10,CTD3,4.7325
2019-09-10,CTD4,5.4835
2019-09-10,CTD5,1.69
2019-09-10,CTD6,6.368
2019-09-10,CTD7,5.933
2019-09-10,CTD8,6.11
2019-09-10,CTD9,1.567
2019-09-17,CTD1,11.387
2019-09-17,CTD10,8.9345
2019-09-17,CTD11,2.894
2019-09-17,CTD12,10.943
2019-09-17,CTD2,11.4855
2019-09-17,CTD3,10.3915
2019-09-17,CTD4,10.974499999999999
2019-09-17,CTD5,1.1175000000000002
2019-09-17,CTD6,11.2645
2019-09-17,CTD7,10.212
2019-09-17,CTD8,11.0535
2019-09-17,CTD9,9.476
2019-09-18,CTD1,12.4245
2019-09-18,CTD10,14.0195
2019-09-18,CTD11,17.4515
2019-09-18,CTD12,9.9515
2019-09-18,CTD2,10.8115
2019-09-18,CTD3,9.163
2019-09-18,CTD4,10.5795
2019-09-18,CTD5,13.489
2019-09-18,CTD6,11.504
2019-09-18,CTD7,5.0765
2019-09-18,CTD8,8.405999999999999
2019-09-18,CTD9,16.667
2019-09-19,CTD1,23.657
2019-09-19,CTD10,12.508500000000002
2019-09-19,CTD11,14.8485
2019-09-19,CTD12,10.068
2019-09-19,CTD2,11.281
2019-09-19,CTD3,12.3705
2019-09-19,CTD4,14.157
2019-09-19,CTD5,0.859
2019-09-19,CTD6,8.6715
2019-09-19,CTD7,12.763
2019-09-19,CTD8,8.0935
2019-09-19,CTD9,14.238
2019-09-26,CTD1,2.309
2019-09-26,CTD10,4.526
2019-09-26,CTD11,3.255
2019-09-26,CTD12,2.104
2019-09-26,CTD2,2.521
2019-09-26,CTD3,1.7395
2019-09-26,CTD4,1.481
2019-09-26,CTD6,1.9525000000000001
2019-09-26,CTD7,3.51
2019-09-26,CTD8,2.8335
2019-09-26,CTD9,2.412
2019-09-27,CTD1,2.502
2019-09-27,CTD10,3.34
2019-09-27,CTD11,4.022
2019-09-27,CTD12,2.48
2019-09-27,CTD2,4.892
2019-09-27,CTD3,4.763
2019-09-27,CTD4,2.447
2019-09-27,CTD6,2.549
2019-09-27,CTD7,5.665
2019-09-27,CTD8,2.439
2019-09-27,CTD9,4.92
2019-09-28,CTD1,2.753
2019-09-28,CTD10,3.687
2019-09-28,CTD11,5.638
2019-09-28,CTD12,2.762
2019-09-28,CTD2,3.434
2019-09-28,CTD3,3.055
2019-09-28,CTD4,3.004
2019-09-28,CTD6,3.119
2019-09-28,CTD7,3.787
2019-09-28,CTD8,3.186
2019-09-28,CTD9,2.914
2019-10-03,CTD1,3.671
2019-10-03,CTD10,5.879
2019-10-03,CTD11,4.7605
2019-10-03,CTD12,5.1255
2019-10-03,CTD2,5.102
2019-10-03,CTD3,4.082
2019-10-03,CTD4,2.7225
2019-10-03,CTD5,1.964
2019-10-03,CTD6,5.2315000000000005
2019-10-03,CTD7,7.484
2019-10-03,CTD8,5.252000000000001
2019-10-03,CTD9,2.492
2019-10-14,CTD1,4.401
2019-10-14,CTD10,7.536
2019-10-14,CTD11,5.065
2019-10-14,CTD12,7.619
2019-10-14,CTD2,5.972
2019-10-14,CTD3,5.493
2019-10-14,CTD4,4.49
2019-10-14,CTD6,6.639
2019-10-14,CTD7,10.116
2019-10-14,CTD8,9.325
2019-10-14,CTD9,5.24
2019-10-15,CTD1,3.9829999999999997
2019-10-15,CTD10,10.941
2019-10-15,CTD11,7.9575
2019-10-15,CTD12,4.928
2019-10-15,CTD2,3.8015
2019-10-15,CTD3,4.839
2019-10-15,CTD4,3.54
2019-10-15,CTD5,1.7774999999999999
2019-10-15,CTD6,5.328
2019-10-15,CTD7,6.8905
2019-10-15,CTD8,8.231
2019-10-15,CTD9,6.041
2019-10-16,CTD1,5.2355
2019-10-16,CTD10,12.325500000000002
2019-10-16,CTD11,10.87
2019-10-16,CTD12,7.148
2019-10-16,CTD2,6.3045
2019-10-16,CTD3,5.0329999999999995
2019-10-16,CTD4,4.6555
2019-10-16,CTD5,1.771
2019-10-16,CTD6,6.045
2019-10-16,CTD7,7.121
2019-10-16,CTD8,8.0565
2019-10-16,CTD9,8.293
2019-10-25,CTD1,19.340000000000003
2019-10-25,CTD10,14.9565
2019-10-25,CTD11,10.119
2019-10-25,CTD12,15.663499999999999
2019-10-25,CTD2,16.172
2019-10-25,CTD3,13.5735
2019-10-25,CTD4,13.336500000000001
2019-10-25,CTD6,15.8885
2019-10-25,CTD7,16.393
2019-10-25,CTD8,14.366
2019-10-25,CTD9,15.785
2019-10-30,CTD1,8.601
2019-10-30,CTD10,21.012
2019-10-30,CTD11,18.448
2019-10-30,CTD12,24.08
2019-10-30,CTD2,23.056
2019-10-30,CTD3,21.764
2019-10-30,CTD4,21.397
2019-10-30,CTD6,24.135
2019-10-30,CTD7,24.753
2019-10-30,CTD8,23.99
2019-10-30,CTD9,6.903
2019-11-04,CTD1,13.0305
2019-11-04,CTD10,23.656
2019-11-04,CTD11,23.2365
2019-11-04,CTD12,23.903
2019-11-04,CTD2,24.8005
2019-11-04,CTD3,22.908
2019-11-04,CTD4,20.534
2019-11-04,CTD6,22.668
2019-11-04,CTD7,23.930500000000002
2019-11-04,CTD8,23.074
2019-11-04,CTD9,0.403
2019-11-07,CTD1,13.591999999999999
2019-11-07,CTD10,23.118499999999997
2019-11-07,CTD11,17.9655
2019-11-07,CTD12,23.8655
2019-11-07,CTD2,24.625
2019-11-07,CTD3,19.777
2019-11-07,CTD4,10.177499999999998
2019-11-07,CTD5,4.096
2019-11-07,CTD6,21.909999999999997
2019-11-07,CTD7,21.612499999999997
2019-11-07,CTD8,22.671
2019-11-07,CTD9,13.476
2019-11-14,CTD1,9.6935
2019-11-14,CTD10,13.3255
2019-11-14,CTD11,10.171
2019-11-14,CTD12,11.497
2019-11-14,CTD2,12.7055
2019-11-14,CTD3,12.352
2019-11-14,CTD4,10.484
2019-11-14,CTD5,1.0390000000000001
2019-11-14,CTD6,12.006
2019-11-14,CTD7,13.6465
2019-11-14,CTD8,13.867
2019-11-14,CTD9,7.794
2019-11-20,CTD1,3.007
2019-11-20,CTD10,11.087
2019-11-20,CTD11,7.077
2019-11-20,CTD12,9.163
2019-11-20,CTD2,9.847
2019-11-20,CTD3,8.697
2019-11-20,CTD4,7.555
2019-11-20,CTD6,8.558
2019-11-20,CTD7,10.755
2019-11-20,CTD8,8.431
2019-11-20,CTD9,1.197
2019-11-21,CTD1,2.7785
2019-11-21,CTD10,7.7835
2019-11-21,CTD11,12.2015
2019-11-21,CTD12,16.132
2019-11-21,CTD2,8.054
2019-11-21,CTD3,8.030999999999999
2019-11-21,CTD4,8.784500000000001
2019-11-21,CTD5,3.089
2019-11-21,CTD6,18.249000000000002
2019-11-21,CTD7,7.463
2019-11-21,CTD8,9.4785
2019-11-21,CTD9,2.128
2019-11-26,CTD1,0.917
2019-11-26,CTD10,8.427
2019-11-26,CTD11,9.319
2019-11-26,CTD12,8.929
2019-11-26,CTD2,7.245
2019-11-26,CTD3,7.512
2019-11-26,CTD4,8.24
2019-11-26,CTD6,9.127
2019-11-26,CTD7,6.627
2019-11-26,CTD8,8.383
2019-11-26,CTD9,1.755
2019-11-27,CTD1,4.268
2019-11-27,CTD10,6.79
2019-11-27,CTD11,10.229
2019-11-27,CTD12,10.337
2019-11-27,CTD2,12.301499999999999
2019-11-27,CTD3,14.7685
2019-11-27,CTD4,12.407
2019-11-27,CTD5,1.041
2019-11-27,CTD6,12.815999999999999
2019-11-27,CTD7,12.2855
2019-11-27,CTD8,10.8955
2019-11-27,CTD9,0.797
2019-12-02,CTD1,8.124
2019-12-02,CTD10,6.298
2019-12-02,CTD11,6.018
2019-12-02,CTD12,6.685
2019-12-02,CTD2,9.373
2019-12-02,CTD3,9.211
2019-12-02,CTD4,8.29
2019-12-02,CTD6,9.895
2019-12-02,CTD7,9.44
2019-12-02,CTD8,7.746
2019-12-02,CTD9,4.172
2019-12-05,CTD1,4.369
2019-12-05,CTD10,8.055
2019-12-05,CTD11,8.7805
2019-12-05,CTD12,9.16
2019-12-05,CTD2,9.126999999999999
2019-12-05,CTD3,9.981
2019-12-05,CTD4,8.206
2019-12-05,CTD5,3.84
2019-12-05,CTD6,12.428
2019-12-05,CTD7,9.8735
2019-12-05,CTD8,8.586
2019-12-05,CTD9,3.119
2019-12-07,CTD1,5.101
2019-12-07,CTD10,13.195
2019-12-07,CTD11,9.409
2019-12-07,CTD12,12.076
2019-12-07,CTD2,10.772
2019-12-07,CTD3,9.651
2019-12-07,CTD4,8.937
2019-12-07,CTD6,10.634
2019-12-07,CTD7,15.878
2019-12-07,CTD8,13.734
2019-12-07,CTD9,0.254
2019-12-11,CTD1,2.166
2019-12-11,CTD10,7.994
2019-12-11,CTD11,10.398
2019-12-11,CTD12,10.92
2019-12-11,CTD2,10.6655
2019-12-11,CTD3,11.412500000000001
2019-12-11,CTD4,7.9925
2019-12-11,CTD6,11.2655
2019-12-11,CTD7,12.4235
2019-12-11,CTD8,10.926
2019-12-11,CTD9,2.928
2019-12-16,CTD1,2.2915
2019-12-16,CTD10,4.671
2019-12-16,CTD11,5.102
2019-12-16,CTD12,5.936999999999999
2019-12-16,CTD2,5.263
2019-12-16,CTD3,3.8594999999999997
2019-12-16,CTD4,6.177
2019-12-16,CTD6,6.467499999999999
2019-12-16,CTD7,11.6175
2019-12-16,CTD8,6.460000000000001
2019-12-16,CTD9,1.868
2019-12-26,CTD1,0.981
2019-12-26,CTD10,2.6734999999999998
2019-12-26,CTD11,3.8804999999999996
2019-12-26,CTD12,5.466
2019-12-26,CTD2,5.481999999999999
2019-12-26,CTD3,9.6975
2019-12-26,CTD4,8.256
2019-12-26,CTD5,1.296
2019-12-26,CTD6,9.6035
2019-12-26,CTD7,8.959
2019-12-26,CTD8,4.8885000000000005
2019-12-26,CTD9,1.129
2020-01-03,CTD1,1.5470000000000002
2020-01-03,CTD10,1.979
2020-01-03,CTD11,2.3914999999999997
2020-01-03,CTD12,2.993
2020-01-03,CTD2,3.4955
2020-01-03,CTD3,4.482
2020-01-03,CTD4,2.9530000000000003
2020-01-03,CTD5,1.604
2020-01-03,CTD6,4.3725000000000005
2020-01-03,CTD7,4.1555
2020-01-03,CTD8,4.0200000000000005
2020-01-03,CTD9,0.671
2020-01-08,CTD1,1.7125
2020-01-08,CTD10,1.2934999999999999
2020-01-08,CTD11,1.2435
2020-01-08,CTD12,3.229
2020-01-08,CTD2,2.157
2020-01-08,CTD3,3.6745
2020-01-08,CTD4,2.5765000000000002
2020-01-08,CTD5,0.606
2020-01-08,CTD6,3.3765
2020-01-08,CTD7,3.0635
2020-01-08,CTD8,3.8925
2020-01-08,CTD9,0.299
2020-01-17,CTD1,1.0979999999999999
2020-01-17,CTD10,0.862
2020-01-17,CTD11,1.2535
2020-01-17,CTD12,1.589
2020-01-17,CTD2,0.8009999999999999
2020-01-17,CTD3,2.466
2020-01-17,CTD4,1.6545
2020-01-17,CTD5,0.9390000000000001
2020-01-17,CTD6,3.6094999999999997
2020-01-17,CTD7,2.819
2020-01-17,CTD8,1.1675
2020-01-17,CTD9,0.573
2020-01-23,CTD1,3.8884999999999996
2020-01-23,CTD10,12.21
2020-01-23,CTD11,9.2195
2020-01-23,CTD12,13.008500000000002
2020-01-23,CTD2,7.134499999999999
2020-01-23,CTD3,6.888
2020-01-23,CTD4,6.974
2020-01-23,CTD6,10.3355
2020-01-23,CTD7,9.199
2020-01-23,CTD8,11.509
2020-01-23,CTD9,7.799
2020-01-29,CTD1,2.251
2020-01-29,CTD10,10.172
2020-01-29,CTD11,9.809000000000001
2020-01-29,CTD12,12.518
2020-01-29,CTD2,8.2835
2020-01-29,CTD3,5.7075
2020-01-29,CTD4,8.8435
2020-01-29,CTD5,2.91
2020-01-29,CTD6,12.1625
2020-01-29,CTD7,12.229
2020-01-29,CTD8,11.496500000000001
2020-01-29,CTD9,3.625
2020-02-04,CTD1,2.107
2020-02-04,CTD10,2.261
2020-02-04,CTD11,2.6165
2020-02-04,CTD12,2.91
2020-02-04,CTD2,3.659
2020-02-04,CTD3,3.49
2020-02-04,CTD4,1.8235
2020-02-04,CTD5,0.445
2020-02-04,CTD6,2.3245
2020-02-04,CTD7,2.6535
2020-02-04,CTD8,2.9785
2020-02-04,CTD9,0.696
2020-02-11,CTD1,1.694
2020-02-11,CTD10,1.8330000000000002
2020-02-11,CTD11,1.616
2020-02-11,CTD12,2.8465
2020-02-11,CTD2,3.145
2020-02-11,CTD3,4.1705000000000005
2020-02-11,CTD4,4.391
2020-02-11,CTD5,2.225
2020-02-11,CTD6,3.8645
2020-02-11,CTD7,1.8165
2020-02-11,CTD8,2.2104999999999997
2020-02-11,CTD9,0.446
2020-02-20,CTD1,2.1485000000000003
2020-02-20,CTD10,3.5650000000000004
2020-02-20,CTD11,3.629
2020-02-20,CTD12,3.7800000000000002
2020-02-20,CTD2,4.276999999999999
2020-02-20,CTD3,6.1325
2020-02-20,CTD4,5.8309999999999995
2020-02-20,CTD5,2.759
2020-02-20,CTD6,5.9785
2020-02-20,CTD7,3.9635
2020-02-20,CTD8,4.753
2020-02-20,CTD9,1.33
2020-02-25,CTD1,4.1315
2020-02-25,CTD10,2.677
2020-02-25,CTD11,1.6885
2020-02-25,CTD12,5.147
2020-02-25,CTD2,2.783
2020-02-25,CTD3,10.265
2020-02-25,CTD4,6.949
2020-02-25,CTD5,2.2025
2020-02-25,CTD6,7.2265
2020-02-25,CTD7,3.7939999999999996
2020-02-25,CTD8,4.4165
2020-02-25,CTD9,0.89
2020-03-05,CTD1,3.2755
2020-03-05,CTD10,18.3565
2020-03-05,CTD11,13.923
2020-03-05,CTD12,17.354
2020-03-05,CTD2,6.6899999999999995
2020-03-05,CTD3,11.936
2020-03-05,CTD4,13.018
2020-03-05,CTD5,3.8975
2020-03-05,CTD6,17.0505
2020-03-05,CTD7,11.328
2020-03-05,CTD8,18.447
2020-03-05,CTD9,2.066
2020-03-11,CTD1,3.6805
2020-03-11,CTD10,5.3315
2020-03-11,CTD11,4.5465
2020-03-11,CTD12,5.779999999999999
2020-03-11,CTD2,9.7865
2020-03-11,CTD3,8.635
2020-03-11,CTD4,7.018000000000001
2020-03-11,CTD5,1.0625
2020-03-11,CTD6,12.2055
2020-03-11,CTD7,8.008000000000001
2020-03-11,CTD8,10.937999999999999
2020-03-11,CTD9,1.475
2020-03-17,CTD1,1.2435
2020-03-17,CTD10,4.699
2020-03-17,CTD11,4.241
2020-03-17,CTD12,5.9
2020-03-17,CTD2,4.57
2020-03-17,CTD3,4.9510000000000005
2020-03-17,CTD4,4.3565000000000005
2020-03-17,CTD5,1.029
2020-03-17,CTD6,8.3095
2020-03-17,CTD7,6.339
2020-03-17,CTD8,7.2445
2020-03-17,CTD9,0.909
2020-03-27,CTD5,1.746
2020-04-01,CTD1,2.154
2020-04-01,CTD10,4.288
2020-04-01,CTD11,1.9825
2020-04-01,CTD12,5.3065
2020-04-01,CTD2,5.736000000000001
2020-04-01,CTD3,6.282500000000001
2020-04-01,CTD4,3.961
2020-04-01,CTD5,1.1675
2020-04-01,CTD6,6.2805
2020-04-01,CTD7,7.4075
2020-04-01,CTD8,5.4559999999999995
2020-04-01,CTD9,1.636
2020-04-07,CTD1,1.2105000000000001
2020-04-07,CTD10,3.1975
2020-04-07,CTD11,3.1635
2020-04-07,CTD12,5.7415
2020-04-07,CTD2,7.2015
2020-04-07,CTD3,5.955
2020-04-07,CTD4,5.6690000000000005
2020-04-07,CTD5,2.526
2020-04-07,CTD6,6.297000000000001
2020-04-07,CTD7,5.6605
2020-04-07,CTD8,6.319000000000001
2020-04-07,CTD9,0.228
2020-04-14,CTD1,1.2725
2020-04-14,CTD10,2.2039999999999997
2020-04-14,CTD11,3.9299999999999997
2020-04-14,CTD12,7.1915000000000004
2020-04-14,CTD2,2.493
2020-04-14,CTD3,4.0665
2020-04-14,CTD4,6.833
2020-04-14,CTD5,0.9039999999999999
2020-04-14,CTD6,7.996
2020-04-14,CTD7,4.912
2020-04-14,CTD8,7.327999999999999
2020-04-14,CTD9,1.771
2020-04-21,CTD1,2.185
2020-04-21,CTD10,2.419
2020-04-21,CTD11,2.264
2020-04-21,CTD12,3.7154999999999996
2020-04-21,CTD2,2.1515
2020-04-21,CTD3,3.7495000000000003
2020-04-21,CTD4,2.9480000000000004
2020-04-21,CTD5,1.3715
2020-04-21,CTD6,5.108499999999999
2020-04-21,CTD7,3.774
2020-04-21,CTD8,3.1375
2020-04-21,CTD9,0.783
2020-04-28,CTD1,1.475
2020-04-28,CTD10,2.242
2020-04-28,CTD11,1.614
2020-04-28,CTD12,3.171
2020-04-28,CTD2,3.201
2020-04-28,CTD3,3.242
2020-04-28,CTD4,3.112
2020-04-28,CTD6,3.338
2020-04-28,CTD7,2.92
2020-04-28,CTD8,3.994
2020-04-28,CTD9,0.751
2020-05-05,CTD1,0.769
2020-05-05,CTD10,1.671
2020-05-05,CTD11,0.757
2020-05-05,CTD12,1.958
2020-05-05,CTD2,0.693
2020-05-05,CTD3,1.321
2020-05-05,CTD4,1.404
2020-05-05,CTD6,1.973
2020-05-05,CTD7,1.623
2020-05-05,CTD8,1.981
2020-05-05,CTD9,0.415
2020-05-12,CTD1,0.897
2020-05-12,CTD10,0.12
2020-05-12,CTD11,0.272
2020-05-12,CTD12,0.417
2020-05-12,CTD2,1.747
2020-05-12,CTD3,1.663
2020-05-12,CTD4,1.325
2020-05-12,CTD6,2.022
2020-05-12,CTD7,1.324
2020-05-12,CTD8,0.869
2020-05-12,CTD9,0.468
2020-05-13,CTD1,1.086
2020-05-13,CTD10,1.345
2020-05-13,CTD11,1.106
2020-05-13,CTD12,3.4295
2020-05-13,CTD2,1.287
2020-05-13,CTD3,3.012
2020-05-13,CTD4,3.0145
2020-05-13,CTD5,0.35
2020-05-13,CTD6,1.7570000000000001
2020-05-13,CTD7,1.7365
2020-05-13,CTD8,1.8935
2020-05-13,CTD9,0.666
2020-05-18,CTD1,0.375
2020-05-18,CTD10,0.234
2020-05-18,CTD11,0.561
2020-05-18,CTD12,0.748
2020-05-18,CTD2,1.254
2020-05-18,CTD3,1.379
2020-05-18,CTD4,1.66
2020-05-18,CTD6,0.997
2020-05-18,CTD7,0.141
2020-05-18,CTD8,0.229
2020-05-18,CTD9,0.17
2020-05-20,CTD1,0.871
2020-05-20,CTD10,4.3275
2020-05-20,CTD11,1.2945
2020-05-20,CTD12,5.331
2020-05-20,CTD2,1.266
2020-05-20,CTD3,3.3725
2020-05-20,CTD4,3.5595
2020-05-20,CTD5,0.8600000000000001
2020-05-20,CTD6,4.054
2020-05-20,CTD7,3.832
2020-05-20,CTD8,5.071999999999999
2020-05-20,CTD9,1.834
2020-05-25,CTD1,0.32
2020-05-25,CTD10,0.486
2020-05-25,CTD11,0.181
2020-05-25,CTD12,0.616
2020-05-25,CTD2,0.797
2020-05-25,CTD3,0.709
2020-05-25,CTD4,0.497
2020-05-25,CTD6,0.867
2020-05-25,CTD7,0.653
2020-05-25,CTD8,0.761
2020-05-25,CTD9,0.325
2020-06-01,CTD1,1.2894999999999999
2020-06-01,CTD10,1.2995
2020-06-01,CTD11,0.9824999999999999
2020-06-01,CTD12,3.375
2020-06-01,CTD2,2.3775
2020-06-01,CTD3,2.592
2020-06-01,CTD4,2.176
2020-06-01,CTD5,0.844
2020-06-01,CTD6,3.6945
2020-06-01,CTD7,3.9385
2020-06-01,CTD8,4.7989999999999995
2020-06-01,CTD9,1.057
2020-06-02,CTD1,0.217
2020-06-02,CTD10,0.23
2020-06-02,CTD11,0.217
2020-06-02,CTD12,0.277
2020-06-02,CTD2,0.363
2020-06-02,CTD3,0.347
2020-06-02,CTD4,0.303
2020-06-02,CTD6,0.285
2020-06-02,CTD7,0.223
2020-06-02,CTD8,0.291
2020-06-02,CTD9,0.218
2020-06-11,CTD1,0.273
2020-06-11,CTD10,0.225
2020-06-11,CTD11,0.225
2020-06-11,CTD12,0.228
2020-06-11,CTD2,0.223
2020-06-11,CTD3,0.232
2020-06-11,CTD4,0.239
2020-06-11,CTD6,0.234
2020-06-11,CTD7,0.22
2020-06-11,CTD8,0.226
2020-06-11,CTD9,0.206
2020-06-15,CTD1,1.4175
2020-06-15,CTD10,1.112
2020-06-15,CTD11,0.9765
2020-06-15,CTD12,1.6895
2020-06-15,CTD2,1.6745
2020-06-15,CTD3,1.595
2020-06-15,CTD4,1.334
2020-06-15,CTD5,0.405
2020-06-15,CTD6,1.8565
2020-06-15,CTD7,1.6045
2020-06-15,CTD8,1.655
2020-06-15,CTD9,0.955
2020-06-23,CTD1,0.975
2020-06-23,CTD10,0.953
2020-06-23,CTD11,0.317
2020-06-23,CTD12,0.402
2020-06-23,CTD2,0.345
2020-06-23,CTD3,1.971
2020-06-23,CTD4,0.841
2020-06-23,CTD6,0.38
2020-06-23,CTD7,1.838
2020-06-23,CTD8,0.681
2020-06-23,CTD9,0.353
2020-06-26,CTD1,0.6405000000000001
2020-06-26,CTD10,1.4045
2020-06-26,CTD11,0.961
2020-06-26,CTD12,2.09
2020-06-26,CTD2,0.6795
2020-06-26,CTD3,0.8775
2020-06-26,CTD4,0.9385
2020-06-26,CTD5,0.6725
2020-06-26,CTD6,1.6675
2020-06-26,CTD7,4.9745
2020-06-26,CTD8,1.6775
2020-06-26,CTD9,0.879
2020-07-02,CTD1,1.191
2020-07-02,CTD10,1.4655
2020-07-02,CTD11,1.1465
2020-07-02,CTD12,1.46
2020-07-02,CTD2,1.067
2020-07-02,CTD3,1.9244999999999999
2020-07-02,CTD4,1.173
2020-07-02,CTD5,0.8049999999999999
2020-07-02,CTD6,1.2105
2020-07-02,CTD7,1.245
2020-07-02,CTD8,1.5645
2020-07-02,CTD9,0.733
2020-07-07,CTD1,1.9355
2020-07-07,CTD10,1.5735000000000001
2020-07-07,CTD11,1.0
2020-07-07,CTD12,1.911
2020-07-07,CTD2,1.0035
2020-07-07,CTD3,1.4205
2020-07-07,CTD4,1.0705
2020-07-07,CTD5,0.76
2020-07-07,CTD6,1.3065
2020-07-07,CTD7,1.3765
2020-07-07,CTD8,1.7125
2020-07-07,CTD9,0.617
2020-07-17,CTD1,0.622
2020-07-17,CTD10,0.8574999999999999
2020-07-17,CTD11,0.554
2020-07-17,CTD12,1.1145
2020-07-17,CTD2,0.884
2020-07-17,CTD3,0.9145
2020-07-17,CTD4,0.7925
2020-07-17,CTD5,0.5925
2020-07-17,CTD6,1.0795
2020-07-17,CTD7,1.109
2020-07-17,CTD8,0.972
2020-07-17,CTD9,0.419
2020-07-23,CTD1,0.866
2020-07-23,CTD10,7.5675
2020-07-23,CTD11,0.552
2020-07-23,CTD12,4.9595
2020-07-23,CTD2,2.0535
2020-07-23,CTD3,1.7770000000000001
2020-07-23,CTD4,0.9015
2020-07-23,CTD5,0.6425000000000001
2020-07-23,CTD6,1.706
2020-07-23,CTD7,2.894
2020-07-23,CTD8,7.201
2020-07-23,CTD9,1.204
2020-07-28,CTD1,1.0175
2020-07-28,CTD10,4.311999999999999
2020-07-28,CTD11,2.5965
2020-07-28,CTD12,3.2185
2020-07-28,CTD2,2.513
2020-07-28,CTD3,2.0965
2020-07-28,CTD4,1.738
2020-07-28,CTD5,0.9189999999999999
2020-07-28,CTD6,2.303
2020-07-28,CTD7,3.2615000000000003
2020-07-28,CTD8,5.0155
2020-07-28,CTD9,1.186
2020-08-04,CTD1,1.1375
2020-08-04,CTD10,1.407
2020-08-04,CTD11,1.1239999999999999
2020-08-04,CTD12,1.7445
2020-08-04,CTD2,2.3135
2020-08-04,CTD3,2.205
2020-08-04,CTD4,1.948
2020-08-04,CTD5,0.76
2020-08-04,CTD6,1.29
2020-08-04,CTD7,1.634
2020-08-04,CTD8,2.069
2020-08-04,CTD9,0.602
2020-08-13,CTD1,1.0905
2020-08-13,CTD10,1.339
2020-08-13,CTD11,0.78
2020-08-13,CTD12,1.8025000000000002
2020-08-13,CTD2,0.9025000000000001
2020-08-13,CTD3,1.056
2020-08-13,CTD4,0.835
2020-08-13,CTD5,0.8624999999999999
2020-08-13,CTD6,0.963
2020-08-13,CTD7,1.5785
2020-08-13,CTD8,2.8825000000000003
2020-08-13,CTD9,0.419
2020-08-19,CTD1,0.734
2020-08-19,CTD10,1.709
2020-08-19,CTD11,1.4649999999999999
2020-08-19,CTD12,1.1880000000000002
2020-08-19,CTD2,1.109
2020-08-19,CTD3,1.1825
2020-08-19,CTD4,1.202
2020-08-19,CTD5,0.8440000000000001
2020-08-19,CTD6,1.1575
2020-08-19,CTD7,2.4699999999999998
2020-08-19,CTD8,1.6604999999999999
2020-08-19,CTD9,0.623
2020-08-26,CTD1,0.482
2020-08-26,CTD10,2.152
2020-08-26,CTD11,1.217
2020-08-26,CTD12,1.3395000000000001
2020-08-26,CTD2,1.244
2020-08-26,CTD3,1.2654999999999998
2020-08-26,CTD4,1.1885
2020-08-26,CTD5,0.49749999999999994
2020-08-26,CTD6,1.2134999999999998
2020-08-26,CTD7,1.403
2020-08-26,CTD8,1.718
2020-08-26,CTD9,0.681
2020-09-03,CTD1,0.5295000000000001
2020-09-03,CTD10,2.1790000000000003
2020-09-03,CTD11,0.7344999999999999
2020-09-03,CTD12,1.426
2020-09-03,CTD2,2.292
2020-09-03,CTD3,2.2955
2020-09-03,CTD4,1.303
2020-09-03,CTD5,0.6875
2020-09-03,CTD6,1.396
2020-09-03,CTD7,4.9785
2020-09-03,CTD8,2.0485
2020-09-03,CTD9,1.267
2020-09-10,CTD1,0.36
2020-09-10,CTD10,0.73
2020-09-10,CTD11,0.537
2020-09-10,CTD12,0.56
2020-09-10,CTD2,0.6645
2020-09-10,CTD3,0.623
2020-09-10,CTD4,0.5205
2020-09-10,CTD5,0.1315
2020-09-10,CTD6,0.5325
2020-09-10,CTD7,0.7030000000000001
2020-09-10,CTD8,0.6175
2020-09-10,CTD9,1.132
2020-09-16,CTD1,0.873
2020-09-16,CTD10,1.6345
2020-09-16,CTD11,1.1844999999999999
2020-09-16,CTD12,1.641
2020-09-16,CTD2,2.0620000000000003
2020-09-16,CTD3,2.441
2020-09-16,CTD4,1.7605
2020-09-16,CTD5,1.155
2020-09-16,CTD6,1.5095
2020-09-16,CTD7,1.893
2020-09-16,CTD8,1.837
2020-09-16,CTD9,0.431
2020-09-24,CTD1,0.8474999999999999
2020-09-24,CTD10,1.3975
2020-09-24,CTD11,1.1885
2020-09-24,CTD12,0.9119999999999999
2020-09-24,CTD2,1.3145
2020-09-24,CTD3,1.0875
2020-09-24,CTD4,0.8815
2020-09-24,CTD5,0.6525000000000001
2020-09-24,CTD6,0.8585
2020-09-24,CTD7,1.2705
2020-09-24,CTD8,1.5655000000000001
2020-09-24,CTD9,0.386
2020-09-30,CTD1,0.529
2020-09-30,CTD10,1.409
2020-09-30,CTD11,1.2025000000000001
2020-09-30,CTD12,1.2845
2020-09-30,CTD2,1.814
2020-09-30,CTD3,1.476
2020-09-30,CTD4,1.3955
2020-09-30,CTD5,0.7625
2020-09-30,CTD6,1.302
2020-09-30,CTD7,1.8335
2020-09-30,CTD8,1.6745
2020-09-30,CTD9,1.438
2020-10-08,CTD1,0.863
2020-10-08,CTD10,1.059
2020-10-08,CTD11,1.004
2020-10-08,CTD12,0.921
2020-10-08,CTD2,1.479
2020-10-08,CTD3,1.35
2020-10-08,CTD4,1.1404999999999998
2020-10-08,CTD5,0.6515
2020-10-08,CTD6,0.916
2020-10-08,CTD7,1.6349999999999998
2020-10-08,CTD8,1.0505
2020-10-08,CTD9,0.329
2020-10-14,CTD1,0.5985
2020-10-14,CTD10,0.9405
2020-10-14,CTD11,1.232
2020-10-14,CTD12,1.3105
2020-10-14,CTD2,1.2775
2020-10-14,CTD3,1.262
2020-10-14,CTD4,1.4895
2020-10-14,CTD5,0.541
2020-10-14,CTD6,0.7749999999999999
2020-10-14,CTD7,1.092
2020-10-14,CTD8,1.041
2020-10-14,CTD9,0.431
2020-10-22,CTD1,1.49
2020-10-22,CTD10,1.7835
2020-10-22,CTD11,2.298
2020-10-22,CTD12,1.4645
2020-10-22,CTD2,1.5485
2020-10-22,CTD3,1.8725
2020-10-22,CTD4,1.6004999999999998
2020-10-22,CTD5,1.095
2020-10-22,CTD6,2.089
2020-10-22,CTD7,4.8155
2020-10-22,CTD8,2.117
2020-10-22,CTD9,0.785
2020-10-29,CTD1,0.602
2020-10-29,CTD10,2.1100000000000003
2020-10-29,CTD11,1.0455
2020-10-29,CTD12,1.7309999999999999
2020-10-29,CTD2,1.263
2020-10-29,CTD3,1.6059999999999999
2020-10-29,CTD4,1.228
2020-10-29,CTD5,0.819
2020-10-29,CTD6,1.0485
2020-10-29,CTD7,2.0484999999999998
2020-10-29,CTD8,2.3715
2020-10-29,CTD9,1.091
2020-11-04,CTD1,0.9279999999999999
2020-11-04,CTD10,8.0275
2020-11-04,CTD11,1.091
2020-11-04,CTD12,2.8845
2020-11-04,CTD2,1.4095
2020-11-04,CTD3,2.3205
2020-11-04,CTD4,2.347
2020-11-04,CTD5,0.659
2020-11-04,CTD6,1.6985000000000001
2020-11-04,CTD7,3.2439999999999998
2020-11-04,CTD8,3.4675000000000002
2020-11-04,CTD9,1.552
2020-11-12,CTD1,0.755
2020-11-12,CTD10,1.887
2020-11-12,CTD11,1.1315
2020-11-12,CTD12,1.742
2020-11-12,CTD2,1.9515
2020-11-12,CTD3,2.411
2020-11-12,CTD4,2.019
2020-11-12,CTD5,0.9975
2020-11-12,CTD6,2.2085
2020-11-12,CTD7,1.871
2020-11-12,CTD8,1.616
2020-11-12,CTD9,0.632
2020-11-18,CTD1,0.5115000000000001
2020-11-18,CTD10,1.8105
2020-11-18,CTD11,1.514
2020-11-18,CTD12,1.3625
2020-11-18,CTD2,1.9115
2020-11-18,CTD3,2.36
2020-11-18,CTD4,1.936
2020-11-18,CTD5,0.5215000000000001
2020-11-18,CTD6,1.282
2020-11-18,CTD7,1.55
2020-11-18,CTD8,3.713
2020-11-18,CTD9,0.612
2020-11-25,CTD1,0.9610000000000001
2020-11-25,CTD10,2.0025
2020-11-25,CTD11,1.2455
2020-11-25,CTD12,1.399
2020-11-25,CTD2,1.818
2020-11-25,CTD3,1.9465000000000001
2020-11-25,CTD4,1.4649999999999999
2020-11-25,CTD5,1.206
2020-11-25,CTD6,2.433
2020-11-25,CTD7,2.46
2020-11-25,CTD8,2.525
2020-11-25,CTD9,0.889
2020-12-03,CTD1,0.5895
2020-12-03,CTD10,1.309
2020-12-03,CTD11,1.1400000000000001
2020-12-03,CTD12,1.1564999999999999
2020-12-03,CTD2,1.2955
2020-12-03,CTD3,1.5450000000000002
2020-12-03,CTD4,0.884
2020-12-03,CTD5,0.515
2020-12-03,CTD6,1.0415
2020-12-03,CTD7,1.318
2020-12-03,CTD8,1.333
2020-12-03,CTD9,0.628
2020-12-10,CTD1,0.8165
2020-12-10,CTD10,2.253
2020-12-10,CTD11,3.335
2020-12-10,CTD12,2.4915000000000003
2020-12-10,CTD2,1.1125
2020-12-10,CTD3,1.1095000000000002
2020-12-10,CTD4,1.661
2020-12-10,CTD5,0.9650000000000001
2020-12-10,CTD6,2.0445
2020-12-10,CTD7,1.2275
2020-12-10,CTD8,1.625
2020-12-10,CTD9,1.101
2020-12-15,CTD1,0.9835
2020-12-15,CTD10,2.1475
2020-12-15,CTD11,3.6045
2020-12-15,CTD12,2.2365
2020-12-15,CTD2,1.666
2020-12-15,CTD3,1.621
2020-12-15,CTD4,2.098
2020-12-15,CTD5,0.944
2020-12-15,CTD6,1.8725
2020-12-15,CTD7,1.327
2020-12-15,CTD8,1.6465
2020-12-15,CTD9,0.725
2020-12-21,CTD1,0.692
2020-12-21,CTD10,1.7349999999999999
2020-12-21,CTD11,2.5835
2020-12-21,CTD12,1.2814999999999999
2020-12-21,CTD2,0.9670000000000001
2020-12-21,CTD3,1.1600000000000001
2020-12-21,CTD4,1.3575
2020-12-21,CTD5,0.9964999999999999
2020-12-21,CTD6,1.668
2020-12-21,CTD7,0.9390000000000001
2020-12-21,CTD8,1.4180000000000001
2020-12-21,CTD9,0.722
2020-12-29,CTD1,0.8605
2020-12-29,CTD10,1.5555
2020-12-29,CTD11,2.285
2020-12-29,CTD12,1.48
2020-12-29,CTD2,1.2429999999999999
2020-12-29,CTD3,1.1655000000000002
2020-12-29,CTD4,1.029
2020-12-29,CTD5,0.5065
2020-12-29,CTD6,1.3405
2020-12-29,CTD7,0.804
2020-12-29,CTD8,1.246
2020-12-29,CTD9,0.592
2021-01-05,CTD1,0.6575
2021-01-05,CTD10,1.3275
2021-01-05,CTD11,0.403
2021-01-05,CTD12,0.4715
2021-01-05,CTD2,0.6739999999999999
2021-01-05,CTD3,1.146
2021-01-05,CTD4,0.5680000000000001
2021-01-05,CTD5,0.5415
2021-01-05,CTD6,0.897
2021-01-05,CTD7,0.395
2021-01-05,CTD8,0.8505
2021-01-05,CTD9,0.368
2021-01-13,CTD1,1.165
2021-01-13,CTD10,1.393
2021-01-13,CTD11,1.7825000000000002
2021-01-13,CTD12,1.186
2021-01-13,CTD2,1.3085
2021-01-13,CTD3,1.3735
2021-01-13,CTD4,1.363
2021-01-13,CTD5,0.9435
2021-01-13,CTD6,1.5785
2021-01-13,CTD7,1.5230000000000001
2021-01-13,CTD8,2.291
2021-01-13,CTD9,0.611
2021-01-20,CTD1,0.9085
2021-01-20,CTD10,1.7465000000000002
2021-01-20,CTD11,2.0140000000000002
2021-01-20,CTD12,2.498
2021-01-20,CTD2,1.256
2021-01-20,CTD3,1.3165
2021-01-20,CTD4,1.349
2021-01-20,CTD5,0.931
2021-01-20,CTD6,1.826
2021-01-20,CTD7,1.0514999999999999
2021-01-20,CTD8,1.4965
2021-01-20,CTD9,0.767
2021-01-27,CTD1,2.6805
2021-01-27,CTD10,1.2465
2021-01-27,CTD11,1.1735
2021-01-27,CTD12,1.3940000000000001
2021-01-27,CTD2,3.0465
2021-01-27,CTD3,3.9995000000000003
2021-01-27,CTD4,4.0045
2021-01-27,CTD5,2.3049999999999997
2021-01-27,CTD6,1.713
2021-01-27,CTD7,1.8119999999999998
2021-01-27,CTD8,1.325
2021-01-27,CTD9,1.254
2021-02-03,CTD1,1.737
2021-02-03,CTD10,3.0250000000000004
2021-02-03,CTD11,3.142
2021-02-03,CTD12,4.3095
2021-02-03,CTD2,2.1115
2021-02-03,CTD3,3.4145000000000003
2021-02-03,CTD4,4.2585
2021-02-03,CTD5,1.1059999999999999
2021-02-03,CTD6,5.1435
2021-02-03,CTD7,2.1784999999999997
2021-02-03,CTD8,3.403
2021-02-03,CTD9,1.178
2021-02-12,CTD1,1.1295000000000002
2021-02-12,CTD10,1.1800000000000002
2021-02-12,CTD11,1.4405000000000001
2021-02-12,CTD12,1.4529999999999998
2021-02-12,CTD2,1.0815000000000001
2021-02-12,CTD3,1.915
2021-02-12,CTD4,1.6724999999999999
2021-02-12,CTD5,1.081
2021-02-12,CTD6,1.8090000000000002
2021-02-12,CTD7,1.0085
2021-02-12,CTD8,0.98
2021-02-12,CTD9,0.145
2021-02-17,CTD1,0.52
2021-02-17,CTD10,0.5549999999999999
2021-02-17,CTD11,0.8245
2021-02-17,CTD12,0.7375
2021-02-17,CTD2,0.7455
2021-02-17,CTD3,0.8405
2021-02-17,CTD4,0.7250000000000001
2021-02-17,CTD5,0.5774999999999999
2021-02-17,CTD6,0.6475
2021-02-17,CTD7,0.5125000000000001
2021-02-17,CTD8,0.5275
2021-02-17,CTD9,0.305
2021-02-24,CTD1,0.485
2021-02-24,CTD10,0.6635
2021-02-24,CTD11,0.6305000000000001
2021-02-24,CTD12,0.6355
2021-02-24,CTD2,0.734
2021-02-24,CTD3,0.6234999999999999
2021-02-24,CTD4,0.5905
2021-02-24,CTD5,0.5
2021-02-24,CTD6,0.769
2021-02-24,CTD7,0.6435
2021-02-24,CTD8,0.439
2021-02-24,CTD9,0.241
2021-03-05,CTD1,0.38949999999999996
2021-03-05,CTD10,0.8405
2021-03-05,CTD11,0.6345000000000001
2021-03-05,CTD12,0.5900000000000001
2021-03-05,CTD2,0.5985
2021-03-05,CTD3,0.8380000000000001
2021-03-05,CTD4,0.5655
2021-03-05,CTD5,0.35650000000000004
2021-03-05,CTD6,0.6445000000000001
2021-03-05,CTD7,0.5155000000000001
2021-03-05,CTD8,0.761
2021-03-05,CTD9,0.632
2021-03-10,CTD1,1.0979999999999999
2021-03-10,CTD10,1.056
2021-03-10,CTD11,0.9415
2021-03-10,CTD12,1.1179999999999999
2021-03-10,CTD2,1.187
2021-03-10,CTD3,1.194
2021-03-10,CTD4,0.5735
2021-03-10,CTD5,0.5125
2021-03-10,CTD6,0.8365
2021-03-10,CTD7,1.213
2021-03-10,CTD8,1.2890000000000001
2021-03-10,CTD9,0.716
2021-03-15,CTD1,0.47950000000000004
2021-03-15,CTD10,0.5820000000000001
2021-03-15,CTD11,0.8400000000000001
2021-03-15,CTD12,0.7350000000000001
2021-03-15,CTD2,0.8195
2021-03-15,CTD3,0.5285
2021-03-15,CTD4,0.4345
2021-03-15,CTD5,0.334
2021-03-15,CTD6,0.6875
2021-03-15,CTD7,0.6605000000000001
2021-03-15,CTD8,0.7375
2021-03-15,CTD9,0.552
2021-03-24,CTD1,0.5369999999999999
2021-03-24,CTD10,0.9345
2021-03-24,CTD11,0.6815
2021-03-24,CTD12,0.6214999999999999
2021-03-24,CTD2,0.7024999999999999
2021-03-24,CTD3,0.779
2021-03-24,CTD4,0.4485
2021-03-24,CTD5,0.279
2021-03-24,CTD6,0.6479999999999999
2021-03-24,CTD7,1.0535
2021-03-24,CTD8,1.289
2021-03-24,CTD9,0.66
2021-04-06,CTD1,0.5735
2021-04-06,CTD10,0.5005
2021-04-06,CTD11,0.733
2021-04-06,CTD12,0.641
2021-04-06,CTD2,0.7144999999999999
2021-04-06,CTD3,0.615
2021-04-06,CTD4,0.6525000000000001
2021-04-06,CTD5,0.35150000000000003
2021-04-06,CTD6,0.574
2021-04-06,CTD7,0.8175
2021-04-06,CTD8,0.7030000000000001
2021-04-06,CTD9,0.461
2021-04-13,CTD1,0.6165
2021-04-13,CTD10,0.5315000000000001
2021-04-13,CTD11,0.755
2021-04-13,CTD12,0.629
2021-04-13,CTD2,0.6815
2021-04-13,CTD3,0.6194999999999999
2021-04-13,CTD4,0.588
2021-04-13,CTD5,0.3625
2021-04-13,CTD6,0.5905
2021-04-13,CTD7,0.6685000000000001
2021-04-13,CTD8,0.8895
2021-04-13,CTD9,0.424
2021-04-20,CTD1,0.655
2021-04-20,CTD10,0.76
2021-04-20,CTD11,0.5965
2021-04-20,CTD12,0.7355
2021-04-20,CTD2,0.8055
2021-04-20,CTD3,0.824
2021-04-20,CTD4,0.7170000000000001
2021-04-20,CTD5,0.4385
2021-04-20,CTD6,0.6465000000000001
2021-04-20,CTD7,1.199
2021-04-20,CTD8,1.0139999999999998
2021-04-20,CTD9,0.681
2021-04-27,CTD1,0.6145
2021-04-27,CTD10,0.796
2021-04-27,CTD11,0.7295
2021-04-27,CTD12,0.6715
2021-04-27,CTD2,0.5994999999999999
2021-04-27,CTD3,0.677
2021-04-27,CTD4,0.7035
2021-04-27,CTD5,0.4225
2021-04-27,CTD6,0.613
2021-04-27,CTD7,0.666
2021-04-27,CTD8,0.7024999999999999
2021-04-27,CTD9,0.561
2021-05-06,CTD1,0.6679999999999999
2021-05-06,CTD10,0.642
2021-05-06,CTD11,0.554
2021-05-06,CTD12,0.74
2021-05-06,CTD2,0.7135
2021-05-06,CTD3,0.6795
2021-05-06,CTD4,0.5115000000000001
2021-05-06,CTD5,0.311
2021-05-06,CTD6,0.627
2021-05-06,CTD7,1.2495
2021-05-06,CTD8,0.847
2021-05-06,CTD9,0.658
2021-05-13,CTD1,1.587
2021-05-13,CTD10,0.5435
2021-05-13,CTD11,0.6245
2021-05-13,CTD12,0.5545
2021-05-13,CTD2,0.492
2021-05-13,CTD3,0.929
2021-05-13,CTD4,0.751
2021-05-13,CTD5,0.3185
2021-05-13,CTD6,0.659
2021-05-13,CTD7,1.98
2021-05-13,CTD8,0.772
2021-05-13,CTD9,0.53
2021-05-20,CTD1,0.4155
2021-05-20,CTD10,0.6885
2021-05-20,CTD11,0.5505
2021-05-20,CTD12,0.5155000000000001
2021-05-20,CTD2,0.723
2021-05-20,CTD3,0.495
2021-05-20,CTD4,0.399
2021-05-20,CTD5,0.2575
2021-05-20,CTD6,0.401
2021-05-20,CTD7,3.622
2021-05-20,CTD8,0.7575000000000001
2021-05-20,CTD9,0.497
2021-05-25,CTD1,0.382
2021-05-25,CTD10,0.619
2021-05-25,CTD11,1.1265
2021-05-25,CTD12,0.9755
2021-05-25,CTD2,0.4645
2021-05-25,CTD3,0.616
2021-05-25,CTD4,0.49950000000000006
2021-05-25,CTD5,0.27749999999999997
2021-05-25,CTD6,0.6715
2021-05-25,CTD7,1.782
2021-05-25,CTD8,1.021
2021-05-25,CTD9,0.568
2021-06-02,CTD1,0.4575
2021-06-02,CTD10,2.7605
2021-06-02,CTD11,0.592
2021-06-02,CTD12,1.1935
2021-06-02,CTD2,1.307
2021-06-02,CTD3,0.8825000000000001
2021-06-02,CTD4,0.8205
2021-06-02,CTD5,0.2835
2021-06-02,CTD6,0.9285000000000001
2021-06-02,CTD7,1.009
2021-06-02,CTD8,1.267
2021-06-02,CTD9,0.806
2021-06-08,CTD1,0.32899999999999996
2021-06-08,CTD10,0.962
2021-06-08,CTD11,0.5255000000000001
2021-06-08,CTD12,0.891
2021-06-08,CTD2,0.896
2021-06-08,CTD3,0.5660000000000001
2021-06-08,CTD4,0.5105000000000001
2021-06-08,CTD5,0.415
2021-06-08,CTD6,0.645
2021-06-08,CTD7,1.7415
2021-06-08,CTD8,1.6219999999999999
2021-06-08,CTD9,0.976
2021-06-14,CTD1,0.3805
2021-06-14,CTD10,0.8354999999999999
2021-06-14,CTD11,0.7424999999999999
2021-06-14,CTD12,0.7889999999999999
2021-06-14,CTD2,0.456
2021-06-14,CTD3,0.7205
2021-06-14,CTD4,0.5095000000000001
2021-06-14,CTD5,0.34600000000000003
2021-06-14,CTD6,0.5385
2021-06-14,CTD7,1.302
2021-06-14,CTD8,0.5245
2021-06-14,CTD9,0.579
2021-06-22,CTD1,0.34550000000000003
2021-06-22,CTD10,0.44799999999999995
2021-06-22,CTD11,0.394
2021-06-22,CTD12,0.502
2021-06-22,CTD2,0.364
2021-06-22,CTD3,0.6045
2021-06-22,CTD4,0.4805
2021-06-22,CTD5,0.3315
2021-06-22,CTD6,0.46399999999999997
2021-06-22,CTD7,1.4005
2021-06-22,CTD8,0.494
2021-06-22,CTD9,0.546
2021-07-01,CTD1,0.854
2021-07-01,CTD10,0.6875
2021-07-01,CTD11,0.44
2021-07-01,CTD12,0.5525
2021-07-01,CTD2,0.985
2021-07-01,CTD3,0.8625
2021-07-01,CTD4,1.2495
2021-07-01,CTD5,0.4235
2021-07-01,CTD6,0.8855
2021-07-01,CTD7,1.3079999999999998
2021-07-01,CTD8,0.765
2021-07-01,CTD9,0.553
2021-07-06,CTD1,0.513
2021-07-06,CTD10,0.7384999999999999
2021-07-06,CTD11,0.428
2021-07-06,CTD12,0.713
2021-07-06,CTD2,0.601
2021-07-06,CTD3,0.489
2021-07-06,CTD4,0.35050000000000003
2021-07-06,CTD5,0.2975
2021-07-06,CTD6,0.621
2021-07-06,CTD7,1.3595
2021-07-06,CTD8,1.207
2021-07-06,CTD9,0.62
2021-07-14,CTD1,0.49749999999999994
2021-07-14,CTD10,0.958
2021-07-14,CTD11,0.5785
2021-07-14,CTD12,1.024
2021-07-14,CTD2,0.5025000000000001
2021-07-14,CTD3,0.612
2021-07-14,CTD4,0.6965
2021-07-14,CTD5,0.30000000000000004
2021-07-14,CTD6,0.8594999999999999
2021-07-14,CTD7,1.198
2021-07-14,CTD8,1.2605
2021-07-14,CTD9,0.541
2021-07-20,CTD1,0.45099999999999996
2021-07-20,CTD10,1.6655
2021-07-20,CTD11,1.408
2021-07-20,CTD12,1.7825
2021-07-20,CTD2,0.659
2021-07-20,CTD3,0.7909999999999999
2021-07-20,CTD4,0.8594999999999999
2021-07-20,CTD5,0.304
2021-07-20,CTD6,1.7349999999999999
2021-07-20,CTD7,1.2080000000000002
2021-07-20,CTD8,1.604
2021-07-20,CTD9,0.819
2021-07-27,CTD1,0.857
2021-07-27,CTD10,2.526
2021-07-27,CTD11,1.2429999999999999
2021-07-27,CTD12,2.091
2021-07-27,CTD2,0.9995
2021-07-27,CTD3,1.2365
2021-07-27,CTD4,2.1305
2021-07-27,CTD5,0.324
2021-07-27,CTD6,1.9515
2021-07-27,CTD7,2.2115
2021-07-27,CTD8,1.818
2021-07-27,CTD9,1.196
2021-08-03,CTD1,0.579
2021-08-03,CTD10,6.118
2021-08-03,CTD11,5.3345
2021-08-03,CTD12,4.008
2021-08-03,CTD2,1.1435
2021-08-03,CTD3,1.6789999999999998
2021-08-03,CTD4,2.5135
2021-08-03,CTD5,0.8450000000000001
2021-08-03,CTD6,3.778
2021-08-03,CTD7,6.6185
2021-08-03,CTD8,4.0395
2021-08-03,CTD9,2.283
2021-08-09,CTD1,0.792
2021-08-09,CTD10,5.364000000000001
2021-08-09,CTD11,4.3335
2021-08-09,CTD12,4.6155
2021-08-09,CTD2,1.7890000000000001
2021-08-09,CTD3,1.9795
2021-08-09,CTD4,2.98
2021-08-09,CTD5,0.735
2021-08-09,CTD6,3.883
2021-08-09,CTD7,3.6325
2021-08-09,CTD8,4.51
2021-08-09,CTD9,1.208
2021-08-13,CTD1,1.8115
2021-08-13,CTD10,6.2170000000000005
2021-08-13,CTD11,4.29
2021-08-13,CTD12,5.5009999999999994
2021-08-13,CTD2,2.9335
2021-08-13,CTD3,3.058
2021-08-13,CTD4,3.0285
2021-08-13,CTD5,0.895
2021-08-13,CTD6,4.628
2021-08-13,CTD7,5.5215
2021-08-13,CTD8,6.3165
2021-08-13,CTD9,4.05
2021-08-16,CTD1,0.927
2021-08-16,CTD10,4.502000000000001
2021-08-16,CTD11,5.3955
2021-08-16,CTD12,3.375
2021-08-16,CTD2,1.936
2021-08-16,CTD3,2.4050000000000002
2021-08-16,CTD4,4.519
2021-08-16,CTD5,1.096
2021-08-16,CTD6,3.6475
2021-08-16,CTD7,2.5835
2021-08-16,CTD8,5.0335
2021-08-16,CTD9,1.9169999999999998
2021-08-19,CTD1,0.9165
2021-08-19,CTD10,4.571
2021-08-19,CTD11,1.7585
2021-08-19,CTD12,4.039
2021-08-19,CTD2,1.808
2021-08-19,CTD3,2.7055
2021-08-19,CTD4,3.6705
2021-08-19,CTD5,1.344
2021-08-19,CTD6,3.7925
2021-08-19,CTD7,6.337
2021-08-19,CTD8,5.0285
2021-08-19,CTD9,4.085
2021-08-24,CTD1,1.2105000000000001
2021-08-24,CTD10,6.087
2021-08-24,CTD11,2.14
2021-08-24,CTD12,6.966
2021-08-24,CTD2,3.1014999999999997
2021-08-24,CTD3,4.9105
2021-08-24,CTD4,3.097
2021-08-24,CTD5,1.086
2021-08-24,CTD6,6.2364999999999995
2021-08-24,CTD7,3.4535
2021-08-24,CTD8,7.327
2021-08-24,CTD9,3.083
2021-08-26,CTD1,1.5274999999999999
2021-08-26,CTD10,7.982
2021-08-26,CTD11,4.231
2021-08-26,CTD12,8.1495
2021-08-26,CTD2,4.635
2021-08-26,CTD3,6.2
2021-08-26,CTD4,5.0665
2021-08-26,CTD5,1.266
2021-08-26,CTD6,8.228
2021-08-26,CTD7,4.676
2021-08-26,CTD8,8.118
2021-08-26,CTD9,5.279
2021-08-30,CTD1,1.7795
2021-08-30,CTD10,4.4315
2021-08-30,CTD11,4.666
2021-08-30,CTD12,3.818
2021-08-30,CTD2,3.8920000000000003
2021-08-30,CTD3,3.508
2021-08-30,CTD4,4.281499999999999
2021-08-30,CTD5,0.8615
2021-08-30,CTD6,3.713
2021-08-30,CTD7,4.3235
2021-08-30,CTD8,4.4030000000000005
2021-08-30,CTD9,1.584
2021-09-02,CTD1,2.305
2021-09-02,CTD10,2.0545
2021-09-02,CTD11,3.7
2021-09-02,CTD12,2.643
2021-09-02,CTD2,3.285
2021-09-02,CTD3,4.0120000000000005
2021-09-02,CTD4,2.649
2021-09-02,CTD5,0.7649999999999999
2021-09-02,CTD6,2.6814999999999998
2021-09-02,CTD7,3.423
2021-09-02,CTD8,2.758
2021-09-02,CTD9,2.713
2021-09-09,CTD5,0.4225
2021-09-13,CTD1,1.8725
2021-09-13,CTD10,8.6755
2021-09-13,CTD11,4.1525
2021-09-13,CTD12,4.593500000000001
2021-09-13,CTD2,2.901
2021-09-13,CTD3,3.7495
2021-09-13,CTD4,3.425
2021-09-13,CTD5,0.646
2021-09-13,CTD6,4.592499999999999
2021-09-13,CTD7,1.071
2021-09-13,CTD8,4.6995000000000005
2021-09-13,CTD9,3.247
2021-09-20,CTD1,1.5154999999999998
2021-09-20,CTD10,10.716000000000001
2021-09-20,CTD11,12.358
2021-09-20,CTD12,12.2195
2021-09-20,CTD2,2.6025
2021-09-20,CTD3,4.2485
2021-09-20,CTD4,9.361
2021-09-20,CTD5,1.7235
2021-09-20,CTD6,11.4595
2021-09-20,CTD7,1.8925
2021-09-20,CTD8,6.5344999999999995
2021-09-20,CTD9,3.486
2021-09-27,CTD1,0.209
2021-09-27,CTD10,2.753
2021-09-27,CTD11,0.764
2021-09-27,CTD12,10.543
2021-09-27,CTD2,0.348
2021-09-27,CTD3,2.637
2021-09-27,CTD4,16.724
2021-09-27,CTD6,10.559
2021-09-27,CTD7,4.549
2021-09-27,CTD8,4.058
2021-09-27,CTD9,0.009
2021-09-30,CTD1,1.9829999999999999
2021-09-30,CTD10,6.8125
2021-09-30,CTD11,6.726
2021-09-30,CTD12,8.646999999999998
2021-09-30,CTD2,4.497999999999999
2021-09-30,CTD3,7.554
2021-09-30,CTD4,8.1365
2021-09-30,CTD5,2.4625000000000004
2021-09-30,CTD6,8.516
2021-09-30,CTD7,8.186
2021-09-30,CTD8,9.242
2021-09-30,CTD9,3.411
2021-10-07,CTD1,1.2934999999999999
2021-10-07,CTD10,8.2485
2021-10-07,CTD11,8.575000000000001
2021-10-07,CTD12,7.6259999999999994
2021-10-07,CTD2,4.2940000000000005
2021-10-07,CTD3,4.548500000000001
2021-10-07,CTD4,4.8305
2021-10-07,CTD5,1.574
2021-10-07,CTD6,7.0075
2021-10-07,CTD7,6.2165
2021-10-07,CTD8,8.985
2021-10-07,CTD9,3.185
2021-10-11,CTD1,0.531
2021-10-11,CTD10,8.243500000000001
2021-10-11,CTD11,10.149999999999999
2021-10-11,CTD12,7.2684999999999995
2021-10-11,CTD2,1.353
2021-10-11,CTD3,1.902
2021-10-11,CTD4,5.2395
2021-10-11,CTD5,0.9675
2021-10-11,CTD6,6.356
2021-10-11,CTD7,1.249
2021-10-11,CTD8,6.0585
2021-10-11,CTD9,4.45
2021-10-18,CTD1,0.3595
2021-10-18,CTD10,5.13
2021-10-18,CTD11,3.229
2021-10-18,CTD12,3.659
2021-10-18,CTD2,1.1895
2021-10-18,CTD3,1.2555
2021-10-18,CTD4,1.7855
2021-10-18,CTD5,0.85
2021-10-18,CTD6,2.6155
2021-10-18,CTD7,2.195
2021-10-18,CTD8,2.968
2021-10-18,CTD9,1.88
2021-10-28,CTD1,0.9610000000000001
2021-10-28,CTD10,3.498
2021-10-28,CTD11,2.9565
2021-10-28,CTD12,3.2119999999999997
2021-10-28,CTD2,1.9195000000000002
2021-10-28,CTD3,2.1879999999999997
2021-10-28,CTD4,2.4225000000000003
2021-10-28,CTD5,0.5
2021-10-28,CTD6,3.066
2021-10-28,CTD7,3.1559999999999997
2021-10-28,CTD8,3.407
2021-10-28,CTD9,1.774
2021-11-04,CTD1,0.612
2021-11-04,CTD10,4.5215
2021-11-04,CTD11,2.2045
2021-11-04,CTD12,3.684
2021-11-04,CTD2,1.9674999999999998
2021-11-04,CTD3,2.1805000000000003
2021-11-04,CTD4,1.5670000000000002
2021-11-04,CTD5,0.38
2021-11-04,CTD6,3.9435000000000002
2021-11-04,CTD7,4.427
2021-11-04,CTD8,4.122
2021-11-04,CTD9,2.231
2021-11-11,CTD1,1.342
2021-11-11,CTD10,2.1125
2021-11-11,CTD11,1.1204999999999998
2021-11-11,CTD12,1.818
2021-11-11,CTD2,1.7065
2021-11-11,CTD3,1.387
2021-11-11,CTD4,1.22
2021-11-11,CTD5,0.5025
2021-11-11,CTD6,2.034
2021-11-11,CTD7,3.308
2021-11-11,CTD8,1.7965
2021-11-11,CTD9,0.738
2021-11-18,CTD1,0.669
2021-11-18,CTD10,2.2199999999999998
2021-11-18,CTD11,1.2475
2021-11-18,CTD12,2.9485
2021-11-18,CTD2,1.4024999999999999
2021-11-18,CTD3,1.2325
2021-11-18,CTD4,1.0259999999999998
2021-11-18,CTD5,0.379
2021-11-18,CTD6,3.3135000000000003
2021-11-18,CTD7,2.769
2021-11-18,CTD8,6.3985
2021-11-18,CTD9,1.982
2021-11-25,CTD5,0.5035000000000001
2021-11-26,CTD1,0.392
2021-11-26,CTD10,3.386
2021-11-26,CTD11,3.371
2021-11-26,CTD12,2.881
2021-11-26,CTD2,1.067
2021-11-26,CTD3,1.053
2021-11-26,CTD4,1.414
2021-11-26,CTD6,2.42
2021-11-26,CTD7,2.163
2021-11-26,CTD8,2.558
2021-11-26,CTD9,1.672
2021-12-01,CTD1,0.5740000000000001
2021-12-01,CTD10,3.0655
2021-12-01,CTD11,1.608
2021-12-01,CTD12,1.8195000000000001
2021-12-01,CTD2,0.8140000000000001
2021-12-01,CTD3,0.8135
2021-12-01,CTD4,0.984
2021-12-01,CTD5,0.5065
2021-12-01,CTD6,2.209
2021-12-01,CTD7,1.02
2021-12-01,CTD8,1.471
2021-12-01,CTD9,0.919
2021-12-10,CTD1,0.7775
2021-12-10,CTD10,0.927
2021-12-10,CTD11,0.4235
2021-12-10,CTD12,0.7475
2021-12-10,CTD2,1.2045
2021-12-10,CTD3,1.2135
2021-12-10,CTD4,0.7655000000000001
2021-12-10,CTD5,0.524
2021-12-10,CTD6,0.7435
2021-12-10,CTD7,1.5675
2021-12-10,CTD8,1.2945
2021-12-10,CTD9,1.194
2021-12-15,CTD1,0.9735
2021-12-15,CTD10,0.947
2021-12-15,CTD11,0.66
2021-12-15,CTD12,0.9039999999999999
2021-12-15,CTD2,1.037
2021-12-15,CTD3,1.1019999999999999
2021-12-15,CTD4,1.0145
2021-12-15,CTD5,0.5175
2021-12-15,CTD6,1.056
2021-12-15,CTD7,1.0965
2021-12-15,CTD8,0.946
2021-12-15,CTD9,0.979
2021-12-21,CTD1,1.823
2021-12-21,CTD10,1.3014999999999999
2021-12-21,CTD11,1.029
2021-12-21,CTD12,1.2265000000000001
2021-12-21,CTD2,2.0330000000000004
2021-12-21,CTD3,1.812
2021-12-21,CTD4,1.056
2021-12-21,CTD5,0.395
2021-12-21,CTD6,1.311
2021-12-21,CTD7,2.621
2021-12-21,CTD8,1.538
2021-12-21,CTD9,0.986
2021-12-28,CTD1,1.4045
2021-12-28,CTD10,0.454
2021-12-28,CTD11,0.364
2021-12-28,CTD12,0.8665
2021-12-28,CTD2,1.774
2021-12-28,CTD3,1.3980000000000001
2021-12-28,CTD4,0.9319999999999999
2021-12-28,CTD5,0.41
2021-12-28,CTD6,0.9595
2021-12-28,CTD7,1.0265
2021-12-28,CTD8,0.6325000000000001
2021-12-28,CTD9,0.273
2022-01-04,CTD1,0.8744999999999999
2022-01-04,CTD10,0.305
2022-01-04,CTD11,0.28200000000000003
2022-01-04,CTD12,1.033
2022-01-04,CTD2,1.4045
2022-01-04,CTD3,1.3105
2022-01-04,CTD4,0.655
2022-01-04,CTD5,0.32
2022-01-04,CTD6,0.877
2022-01-04,CTD7,2.0905
2022-01-04,CTD8,0.832
2022-01-04,CTD9,0.4
2022-01-12,CTD1,0.627
2022-01-12,CTD10,0.7264999999999999
2022-01-12,CTD11,0.456
2022-01-12,CTD12,0.5529999999999999
2022-01-12,CTD2,1.125
2022-01-12,CTD3,1.213
2022-01-12,CTD4,0.48750000000000004
2022-01-12,CTD5,0.28900000000000003
2022-01-12,CTD6,0.529
2022-01-12,CTD7,0.5025
2022-01-12,CTD8,0.3775
2022-01-12,CTD9,0.325
2022-01-19,CTD1,1.4849999999999999
2022-01-19,CTD10,0.3605
2022-01-19,CTD11,0.401
2022-01-19,CTD12,0.4345
2022-01-19,CTD2,1.177
2022-01-19,CTD3,0.887
2022-01-19,CTD4,0.661
2022-01-19,CTD5,0.3085
2022-01-19,CTD6,0.8405
2022-01-19,CTD7,0.6375
2022-01-19,CTD8,0.754
2022-01-19,CTD9,0.261
2022-01-27,CTD1,0.831
2022-01-27,CTD10,0.7755000000000001
2022-01-27,CTD11,0.5835
2022-01-27,CTD12,0.519
2022-01-27,CTD2,1.0755
2022-01-27,CTD3,1.0150000000000001
2022-01-27,CTD4,0.5865
2022-01-27,CTD5,0.46
2022-01-27,CTD6,0.8560000000000001
2022-01-27,CTD7,1.009
2022-01-27,CTD8,0.8075
2022-01-27,CTD9,0.515
2022-02-02,CTD1,0.9175
2022-02-02,CTD10,0.49150000000000005
2022-02-02,CTD11,0.669
2022-02-02,CTD12,0.5945
2022-02-02,CTD2,0.9225
2022-02-02,CTD3,0.6625000000000001
2022-02-02,CTD4,0.619
2022-02-02,CTD5,0.3265
2022-02-02,CTD6,0.868
2022-02-02,CTD7,0.825
2022-02-02,CTD8,0.6475
2022-02-02,CTD9,0.437
2022-02-10,CTD1,0.8625
2022-02-10,CTD10,1.6844999999999999
2022-02-10,CTD11,1.38
2022-02-10,CTD12,1.8570000000000002
2022-02-10,CTD2,1.407
2022-02-10,CTD3,1.443
2022-02-10,CTD4,1.1364999999999998
2022-02-10,CTD5,0.316
2022-02-10,CTD6,2.3745000000000003
2022-02-10,CTD7,1.3695
2022-02-10,CTD8,1.8105
2022-02-10,CTD9,1.287
2022-02-16,CTD1,0.7395
2022-02-16,CTD10,0.4925
2022-02-16,CTD11,0.33149999999999996
2022-02-16,CTD12,0.6695
2022-02-16,CTD2,1.2494999999999998
2022-02-16,CTD3,0.7875
2022-02-16,CTD4,0.509
2022-02-16,CTD5,0.27849999999999997
2022-02-16,CTD6,0.9984999999999999
2022-02-16,CTD7,1.3825
2022-02-16,CTD8,0.6869999999999999
2022-02-16,CTD9,0.605
2022-02-24,CTD1,0.5745
2022-02-24,CTD10,0.5775
2022-02-24,CTD11,0.502
2022-02-24,CTD12,0.4605
2022-02-24,CTD2,0.6950000000000001
2022-02-24,CTD3,0.7945
2022-02-24,CTD4,0.535
2022-02-24,CTD5,0.189
2022-02-24,CTD6,0.539
2022-02-24,CTD7,1.6520000000000001
2022-02-24,CTD8,0.41200000000000003
2022-02-24,CTD9,0.322
2022-03-02,CTD1,0.6034999999999999
2022-03-02,CTD10,0.6995
2022-03-02,CTD11,0.403
2022-03-02,CTD12,0.5505
2022-03-02,CTD2,0.3735
2022-03-02,CTD3,0.36550000000000005
2022-03-02,CTD4,0.3675
2022-03-02,CTD5,0.244
2022-03-02,CTD6,0.40049999999999997
2022-03-02,CTD7,0.7705
2022-03-02,CTD8,0.473
2022-03-02,CTD9,0.376
2022-03-11,CTD1,0.5625
2022-03-11,CTD10,0.776
2022-03-11,CTD11,0.5940000000000001
2022-03-11,CTD12,0.7164999999999999
2022-03-11,CTD2,0.715
2022-03-11,CTD3,0.6865
2022-03-11,CTD4,0.634
2022-03-11,CTD5,0.1835
2022-03-11,CTD6,0.7124999999999999
2022-03-11,CTD7,0.84
2022-03-11,CTD8,0.8025
2022-03-11,CTD9,0.491
2022-03-24,CTD1,0.523
2022-03-24,CTD10,1.846
2022-03-24,CTD11,0.99
2022-03-24,CTD12,1.4315
2022-03-24,CTD2,0.7715000000000001
2022-03-24,CTD3,0.7685
2022-03-24,CTD4,0.867
2022-03-24,CTD5,0.7285
2022-03-24,CTD6,1.6295000000000002
2022-03-24,CTD7,1.2155
2022-03-24,CTD8,1.1139999999999999
2022-03-24,CTD9,1.074
2022-03-28,CTD1,0.616
2022-03-28,CTD10,1.0055
2022-03-28,CTD11,0.6299999999999999
2022-03-28,CTD12,0.8665
2022-03-28,CTD2,1.204
2022-03-28,CTD3,1.516
2022-03-28,CTD4,0.9185
2022-03-28,CTD5,0.5525
2022-03-28,CTD6,1.3664999999999998
2022-03-28,CTD7,0.84
2022-03-28,CTD8,0.8875
2022-03-28,CTD9,0.408
2022-04-06,CTD1,1.972
2022-04-06,CTD10,1.903
2022-04-06,CTD11,1.532
2022-04-06,CTD12,1.7685
2022-04-06,CTD2,2.592
2022-04-06,CTD3,2.4924999999999997
2022-04-06,CTD4,2.007
2022-04-06,CTD5,1.5615
2022-04-06,CTD6,1.9135
2022-04-06,CTD7,2.6795
2022-04-06,CTD8,2.4565
2022-04-06,CTD9,1.197
2022-04-11,CTD1,0.7735000000000001
2022-04-11,CTD10,2.623
2022-04-11,CTD11,1.84
2022-04-11,CTD12,2.2225
2022-04-11,CTD2,1.2955
2022-04-11,CTD3,1.897
2022-04-11,CTD4,1.416
2022-04-11,CTD5,0.7365
2022-04-11,CTD6,2.099
2022-04-11,CTD7,3.4560000000000004
2022-04-11,CTD8,2.1615
2022-04-11,CTD9,1.921
2022-04-19,CTD1,0.7025
2022-04-19,CTD10,1.1475
2022-04-19,CTD11,0.833
2022-04-19,CTD12,1.7654999999999998
2022-04-19,CTD2,1.779
2022-04-19,CTD3,1.627
2022-04-19,CTD4,1.1644999999999999
2022-04-19,CTD5,0.525
2022-04-19,CTD6,2.048
2022-04-19,CTD7,2.6414999999999997
2022-04-19,CTD8,1.8655
2022-04-19,CTD9,0.799
2022-04-22,CTD1,2.364
2022-04-22,CTD10,2.6189999999999998
2022-04-22,CTD11,2.084
2022-04-22,CTD12,2.823
2022-04-22,CTD2,1.887
2022-04-22,CTD3,1.8395000000000001
2022-04-22,CTD4,1.375
2022-04-22,CTD5,0.42500000000000004
2022-04-22,CTD6,3.268
2022-04-22,CTD7,2.7445
2022-04-22,CTD8,2.5375
2022-04-22,CTD9,1.031
2022-04-27,CTD1,0.887
2022-04-27,CTD10,1.0659999999999998
2022-04-27,CTD11,0.565
2022-04-27,CTD12,1.487
2022-04-27,CTD2,1.3014999999999999
2022-04-27,CTD3,1.314
2022-04-27,CTD4,1.2970000000000002
2022-04-27,CTD5,0.5409999999999999
2022-04-27,CTD6,1.697
2022-04-27,CTD7,2.4425
2022-04-27,CTD8,1.1965
2022-04-27,CTD9,1.038
2022-05-06,CTD1,1.221
2022-05-06,CTD10,2.1205
2022-05-06,CTD11,1.3385
2022-05-06,CTD12,1.5955
2022-05-06,CTD2,0.7015
2022-05-06,CTD3,0.8640000000000001
2022-05-06,CTD4,0.719
2022-05-06,CTD5,0.5509999999999999
2022-05-06,CTD6,1.56
2022-05-06,CTD7,1.2435
2022-05-06,CTD8,1.442
2022-05-06,CTD9,0.774
2022-05-13,CTD1,0.335
2022-05-13,CTD10,2.3274999999999997
2022-05-13,CTD11,1.787
2022-05-13,CTD12,1.789
2022-05-13,CTD2,0.6619999999999999
2022-05-13,CTD3,0.6345000000000001
2022-05-13,CTD4,0.5754999999999999
2022-05-13,CTD5,0.2585
2022-05-13,CTD6,3.005
2022-05-13,CTD7,2.1025
2022-05-13,CTD8,1.8679999999999999
2022-05-13,CTD9,0.841
2022-05-18,CTD1,0.2755
2022-05-18,CTD10,2.19
2022-05-18,CTD11,1.619
2022-05-18,CTD12,2.974
2022-05-18,CTD2,0.768
2022-05-18,CTD3,1.419
2022-05-18,CTD4,2.0170000000000003
2022-05-18,CTD5,0.8340000000000001
2022-05-18,CTD6,3.2030000000000003
2022-05-18,CTD7,1.5710000000000002
2022-05-18,CTD8,2.4805
2022-05-18,CTD9,0.97
2022-05-26,CTD1,0.3205
2022-05-26,CTD10,0.9105000000000001
2022-05-26,CTD11,0.913
2022-05-26,CTD12,1.318
2022-05-26,CTD2,0.47400000000000003
2022-05-26,CTD3,0.442
2022-05-26,CTD4,0.696
2022-05-26,CTD5,0.391
2022-05-26,CTD6,1.3639999999999999
2022-05-26,CTD7,1.031
2022-05-26,CTD8,0.853
2022-05-26,CTD9,0.648
2022-06-02,CTD1,0.341
2022-06-02,CTD10,1.183
2022-06-02,CTD11,1.252
2022-06-02,CTD12,1.206
2022-06-02,CTD2,0.548
2022-06-02,CTD3,0.496
2022-06-02,CTD4,0.628
2022-06-02,CTD5,0.39999999999999997
2022-06-02,CTD6,1.0345
2022-06-02,CTD7,1.0835
2022-06-02,CTD8,0.899
2022-06-02,CTD9,0.656
2022-06-10,CTD1,0.47250000000000003
2022-06-10,CTD10,0.823
2022-06-10,CTD11,0.7915
2022-06-10,CTD12,0.7685
2022-06-10,CTD2,0.6839999999999999
2022-06-10,CTD3,0.488
2022-06-10,CTD4,0.4425
2022-06-10,CTD5,0.379
2022-06-10,CTD6,0.7555000000000001
2022-06-10,CTD7,0.78
2022-06-10,CTD8,0.6465000000000001
2022-06-10,CTD9,0.525
2022-06-17,CTD1,0.3125
2022-06-17,CTD10,0.956
2022-06-17,CTD11,0.4065
2022-06-17,CTD12,0.8674999999999999
2022-06-17,CTD2,0.7135
2022-06-17,CTD3,0.4905
2022-06-17,CTD4,0.39649999999999996
2022-06-17,CTD5,0.299
2022-06-17,CTD6,0.9219999999999999
2022-06-17,CTD7,1.0245
2022-06-17,CTD8,0.6819999999999999
2022-06-17,CTD9,0.481
2022-06-24,CTD1,0.383
2022-06-24,CTD10,0.40349999999999997
2022-06-24,CTD11,0.3685
2022-06-24,CTD12,0.7075
2022-06-24,CTD2,0.391
2022-06-24,CTD3,0.3135
2022-06-24,CTD4,0.562
2022-06-24,CTD5,0.69
2022-06-24,CTD6,0.4655
2022-06-24,CTD7,0.64
2022-06-24,CTD8,0.5780000000000001
2022-06-24,CTD9,0.528
2022-06-30,CTD1,0.3315
2022-06-30,CTD10,0.827
2022-06-30,CTD11,0.75
2022-06-30,CTD12,0.8049999999999999
2022-06-30,CTD2,0.4175
2022-06-30,CTD3,0.2965
2022-06-30,CTD4,0.49850000000000005
2022-06-30,CTD5,0.37
2022-06-30,CTD6,0.6415
2022-06-30,CTD7,1.059
2022-06-30,CTD8,0.756
2022-06-30,CTD9,0.571
2022-07-06,CTD1,0.372
2022-07-06,CTD10,0.831
2022-07-06,CTD11,0.6325000000000001
2022-07-06,CTD12,0.9225
2022-07-06,CTD2,0.4065
2022-07-06,CTD3,0.449
2022-07-06,CTD4,0.5095000000000001
2022-07-06,CTD5,0.276
2022-07-06,CTD6,0.895
2022-07-06,CTD7,0.9045000000000001
2022-07-06,CTD8,0.9784999999999999
2022-07-06,CTD9,0.693
2022-07-14,CTD1,0.4115
2022-07-14,CTD10,0.9365
2022-07-14,CTD11,0.9485
2022-07-14,CTD12,0.698
2022-07-14,CTD2,0.378
2022-07-14,CTD3,0.4925
2022-07-14,CTD4,0.313
2022-07-14,CTD5,0.275
2022-07-14,CTD6,0.7615
2022-07-14,CTD7,0.767
2022-07-14,CTD8,0.8245
2022-07-14,CTD9,0.484
2022-07-20,CTD1,1.3765
2022-07-20,CTD10,1.1124999999999998
2022-07-20,CTD11,1.0205
2022-07-20,CTD12,0.737
2022-07-20,CTD2,0.386
2022-07-20,CTD3,0.354
2022-07-20,CTD4,0.4585
2022-07-20,CTD5,0.305
2022-07-20,CTD6,0.8600000000000001
2022-07-20,CTD7,0.587
2022-07-20,CTD8,0.9335
2022-07-20,CTD9,0.658
2022-07-28,CTD1,0.3335
2022-07-28,CTD10,1.1835
2022-07-28,CTD11,0.8835000000000001
2022-07-28,CTD12,1.15
2022-07-28,CTD2,0.4335
2022-07-28,CTD3,0.497
2022-07-28,CTD4,0.634
2022-07-28,CTD5,0.256
2022-07-28,CTD6,1.0939999999999999
2022-07-28,CTD7,0.9375
2022-07-28,CTD8,1.218
2022-07-28,CTD9,0.491
2022-08-03,CTD1,0.4525
2022-08-03,CTD10,0.864
2022-08-03,CTD11,1.155
2022-08-03,CTD12,0.971
2022-08-03,CTD2,0.5
2022-08-03,CTD3,0.52
2022-08-03,CTD4,0.8445
2022-08-03,CTD5,0.315
2022-08-03,CTD6,1.0285
2022-08-03,CTD7,0.6475
2022-08-03,CTD8,1.9335
2022-08-03,CTD9,0.526
2022-08-11,CTD1,0.27699999999999997
2022-08-11,CTD10,0.5529999999999999
2022-08-11,CTD11,0.5640000000000001
2022-08-11,CTD12,0.6565
2022-08-11,CTD2,0.35350000000000004
2022-08-11,CTD3,0.437
2022-08-11,CTD4,0.397
2022-08-11,CTD5,0.32
2022-08-11,CTD6,0.752
2022-08-11,CTD7,0.8405
2022-08-11,CTD8,0.952
2022-08-11,CTD9,0.529
2022-08-17,CTD1,0.326
2022-08-17,CTD10,0.711
2022-08-17,CTD11,0.635
2022-08-17,CTD12,0.6945
2022-08-17,CTD2,0.495
2022-08-17,CTD3,0.41100000000000003
2022-08-17,CTD4,0.3635
2022-08-17,CTD5,0.2435
2022-08-17,CTD6,0.6335
2022-08-17,CTD7,2.141
2022-08-17,CTD8,0.9795
2022-08-17,CTD9,0.941
2022-08-24,CTD1,0.3185
2022-08-24,CTD10,0.7475
2022-08-24,CTD11,0.791
2022-08-24,CTD12,0.7370000000000001
2022-08-24,CTD2,0.344
2022-08-24,CTD3,0.3045
2022-08-24,CTD4,0.3105
2022-08-24,CTD5,0.226
2022-08-24,CTD6,0.9415
2022-08-24,CTD7,1.5885
2022-08-24,CTD8,0.8674999999999999
2022-08-24,CTD9,0.591
2022-09-01,CTD1,1.1099999999999999
2022-09-01,CTD10,0.5425
2022-09-01,CTD11,0.4545
2022-09-01,CTD12,0.8614999999999999
2022-09-01,CTD2,0.8300000000000001
2022-09-01,CTD3,0.6655
2022-09-01,CTD4,0.4685
2022-09-01,CTD5,0.304
2022-09-01,CTD6,0.754
2022-09-01,CTD7,2.335
2022-09-01,CTD8,0.9355
2022-09-01,CTD9,0.669
2022-09-07,CTD1,3.141
2022-09-07,CTD10,0.6779999999999999
2022-09-07,CTD11,0.3415
2022-09-07,CTD12,0.7484999999999999
2022-09-07,CTD2,0.9155
2022-09-07,CTD3,0.709
2022-09-07,CTD4,0.545
2022-09-07,CTD5,0.326
2022-09-07,CTD6,0.6990000000000001
2022-09-07,CTD7,0.9464999999999999
2022-09-07,CTD8,1.2585
2022-09-07,CTD9,0.272
2022-09-15,CTD1,0.401
2022-09-15,CTD10,0.5945
2022-09-15,CTD11,0.5609999999999999
2022-09-15,CTD12,0.7005
2022-09-15,CTD2,0.46499999999999997
2022-09-15,CTD3,0.524
2022-09-15,CTD4,0.563
2022-09-15,CTD5,0.319
2022-09-15,CTD6,0.919
2022-09-15,CTD7,0.6695
2022-09-15,CTD8,1.4809999999999999
2022-09-15,CTD9,0.525
2022-09-21,CTD1,0.4035
2022-09-21,CTD10,0.7424999999999999
2022-09-21,CTD11,0.672
2022-09-21,CTD12,0.7805
2022-09-21,CTD2,0.4465
2022-09-21,CTD3,0.4335
2022-09-21,CTD4,0.38049999999999995
2022-09-21,CTD5,0.3675
2022-09-21,CTD6,0.6875
2022-09-21,CTD7,1.4009999999999998
2022-09-21,CTD8,1.2325
2022-09-21,CTD9,1.171
2022-09-27,CTD5,0.32999999999999996
2022-09-29,CTD1,0.3825
2022-09-29,CTD10,2.5149999999999997
2022-09-29,CTD11,0.5295000000000001
2022-09-29,CTD12,2.884
2022-09-29,CTD2,1.3439999999999999
2022-09-29,CTD3,0.571
2022-09-29,CTD4,0.33899999999999997
2022-09-29,CTD5,0.35850000000000004
2022-09-29,CTD6,1.3185
2022-09-29,CTD7,5.899
2022-09-29,CTD8,3.667
2022-09-29,CTD9,2.242
2022-10-05,CTD1,0.5445
2022-10-05,CTD10,1.329
2022-10-05,CTD11,0.8205
2022-10-05,CTD12,1.4165
2022-10-05,CTD2,1.057
2022-10-05,CTD3,0.748
2022-10-05,CTD4,0.4295
2022-10-05,CTD5,0.23099999999999998
2022-10-05,CTD6,1.0870000000000002
2022-10-05,CTD7,3.5854999999999997
2022-10-05,CTD8,2.349
2022-10-05,CTD9,2.408
2022-10-11,CTD1,1.051
2022-10-11,CTD10,2.8535
2022-10-11,CTD11,3.3235
2022-10-11,CTD12,1.9180000000000001
2022-10-11,CTD2,1.2405
2022-10-11,CTD3,0.9935
2022-10-11,CTD4,0.6174999999999999
2022-10-11,CTD5,0.41600000000000004
2022-10-11,CTD6,1.0125
2022-10-11,CTD7,4.179
2022-10-11,CTD8,2.928
2022-10-11,CTD9,3.363
2022-10-18,CTD1,0.7070000000000001
2022-10-18,CTD10,2.4135
2022-10-18,CTD11,1.4205
2022-10-18,CTD12,1.7205
2022-10-18,CTD2,0.9359999999999999
2022-10-18,CTD3,0.6925
2022-10-18,CTD4,0.6365000000000001
2022-10-18,CTD5,0.37
2022-10-18,CTD6,1.052
2022-10-18,CTD7,1.6395
2022-10-18,CTD8,1.286
2022-10-18,CTD9,1.303
2022-10-26,CTD1,0.681
2022-10-26,CTD10,1.314
2022-10-26,CTD11,1.0735
2022-10-26,CTD12,1.4515
2022-10-26,CTD2,0.9735
2022-10-26,CTD3,1.637
2022-10-26,CTD4,1.539
2022-10-26,CTD5,0.501
2022-10-26,CTD6,1.4569999999999999
2022-10-26,CTD7,1.226
2022-10-26,CTD8,2.8625000000000003
2022-10-26,CTD9,1.045
2022-11-02,CTD1,0.5805
2022-11-02,CTD10,0.9325000000000001
2022-11-02,CTD11,0.849
2022-11-02,CTD12,1.016
2022-11-02,CTD2,0.9435
2022-11-02,CTD3,0.868
2022-11-02,CTD4,0.7665
2022-11-02,CTD5,0.43899999999999995
2022-11-02,CTD6,1.111
2022-11-02,CTD7,2.106
2022-11-02,CTD8,1.792
2022-11-02,CTD9,0.717
2022-11-09,CTD1,1.0315
2022-11-09,CTD10,1.114
2022-11-09,CTD11,0.716
2022-11-09,CTD12,2.717
2022-11-09,CTD2,1.6440000000000001
2022-11-09,CTD3,1.0885
2022-11-09,CTD4,0.9475
2022-11-09,CTD5,0.285
2022-11-09,CTD6,6.8815
2022-11-09,CTD7,3.6915
2022-11-09,CTD8,5.4145
2022-11-09,CTD9,1.042
2022-11-17,CTD1,0.8294999999999999
2022-11-17,CTD10,0.9869999999999999
2022-11-17,CTD11,0.6515
2022-11-17,CTD12,1.025
2022-11-17,CTD2,1.0035
2022-11-17,CTD3,1.109
2022-11-17,CTD4,0.876
2022-11-17,CTD5,0.47350000000000003
2022-11-17,CTD6,0.87
2022-11-17,CTD7,1.86
2022-11-17,CTD8,1.6325
2022-11-17,CTD9,0.799
2022-11-24,CTD1,0.9015
2022-11-24,CTD10,1.1395
2022-11-24,CTD11,0.6585
2022-11-24,CTD12,0.9864999999999999
2022-11-24,CTD2,1.546
2022-11-24,CTD3,1.227
2022-11-24,CTD4,1.025
2022-11-24,CTD5,0.3685
2022-11-24,CTD6,1.0535
2022-11-24,CTD7,2.379
2022-11-24,CTD8,1.7355
2022-11-24,CTD9,0.843
2022-12-01,CTD1,0.8915
2022-12-01,CTD10,1.5114999999999998
2022-12-01,CTD11,0.9105000000000001
2022-12-01,CTD12,1.2
2022-12-01,CTD2,1.4405000000000001
2022-12-01,CTD3,1.1495
2022-12-01,CTD4,0.9245
2022-12-01,CTD5,0.3715
2022-12-01,CTD6,1.2850000000000001
2022-12-01,CTD7,2.939
2022-12-01,CTD8,3.4139999999999997
2022-12-01,CTD9,0.692
2022-12-07,CTD1,2.2935
2022-12-07,CTD10,0.7324999999999999
2022-12-07,CTD11,0.36
2022-12-07,CTD12,0.9575
2022-12-07,CTD2,2.2455
2022-12-07,CTD3,3.002
2022-12-07,CTD4,1.7774999999999999
2022-12-07,CTD5,0.625
2022-12-07,CTD6,1.438
2022-12-07,CTD7,2.4625
2022-12-07,CTD8,1.2934999999999999
2022-12-07,CTD9,0.441
2022-12-16,CTD1,1.783
2022-12-16,CTD10,0.9555
2022-12-16,CTD11,0.7515000000000001
2022-12-16,CTD12,1.1265
2022-12-16,CTD2,2.1155
2022-12-16,CTD3,2.3985
2022-12-16,CTD4,2.019
2022-12-16,CTD5,0.575
2022-12-16,CTD6,1.6445
2022-12-16,CTD7,1.999
2022-12-16,CTD8,1.8905
2022-12-16,CTD9,0.6
2022-12-20,CTD1,1.494
2022-12-20,CTD10,1.105
2022-12-20,CTD11,1.286
2022-12-20,CTD12,1.2875
2022-12-20,CTD2,1.7745000000000002
2022-12-20,CTD3,1.766
2022-12-20,CTD4,1.6124999999999998
2022-12-20,CTD5,1.1415
2022-12-20,CTD6,1.807
2022-12-20,CTD7,2.6605
2022-12-20,CTD8,2.7504999999999997
2022-12-20,CTD9,0.947
2022-12-27,CTD1,0.946
2022-12-27,CTD10,0.895
2022-12-27,CTD11,1.01
2022-12-27,CTD12,0.989
2022-12-27,CTD2,1.46
2022-12-27,CTD3,1.4335
2022-12-27,CTD4,1.5314999999999999
2022-12-27,CTD5,0.605
2022-12-27,CTD6,1.1145
2022-12-27,CTD7,1.5110000000000001
2022-12-27,CTD8,1.435
2022-12-27,CTD9,1.084
2023-01-03,CTD1,1.3559999999999999
2023-01-03,CTD10,0.522
2023-01-03,CTD11,0.321
2023-01-03,CTD12,0.6355
2023-01-03,CTD2,1.0925
2023-01-03,CTD3,1.2385000000000002
2023-01-03,CTD4,0.9824999999999999
2023-01-03,CTD5,0.371
2023-01-03,CTD6,1.1055
2023-01-03,CTD7,1.189
2023-01-03,CTD8,1.456
2023-01-03,CTD9,0.446
2023-01-10,CTD1,1.2574999999999998
2023-01-10,CTD10,1.1085
2023-01-10,CTD11,0.7849999999999999
2023-01-10,CTD12,1.1564999999999999
2023-01-10,CTD2,1.127
2023-01-10,CTD3,1.154
2023-01-10,CTD4,1.428
2023-01-10,CTD5,0.7715
2023-01-10,CTD6,1.2625000000000002
2023-01-10,CTD7,1.549
2023-01-10,CTD8,1.7175
2023-01-10,CTD9,0.591
2023-01-20,CTD1,1.2245
2023-01-20,CTD10,0.7295
2023-01-20,CTD11,0.502
2023-01-20,CTD12,0.8155
2023-01-20,CTD2,1.2825
2023-01-20,CTD3,1.2730000000000001
2023-01-20,CTD4,0.9795
2023-01-20,CTD5,0.544
2023-01-20,CTD6,0.5700000000000001
2023-01-20,CTD7,1.2485
2023-01-20,CTD8,1.35
2023-01-20,CTD9,0.611
2023-01-25,CTD1,1.4064999999999999
2023-01-25,CTD10,0.621
2023-01-25,CTD11,0.692
2023-01-25,CTD12,0.717
2023-01-25,CTD2,1.216
2023-01-25,CTD3,1.1295
2023-01-25,CTD4,0.8835
2023-01-25,CTD5,0.6759999999999999
2023-01-25,CTD6,0.8125
2023-01-25,CTD7,1.5155
2023-01-25,CTD8,0.5135000000000001
2023-01-25,CTD9,0.398
2023-02-01,CTD1,0.853
2023-02-01,CTD10,0.39949999999999997
2023-02-01,CTD11,0.245
2023-02-01,CTD12,0.3215
2023-02-01,CTD2,0.8055
2023-02-01,CTD3,0.7335
2023-02-01,CTD4,0.5685
2023-02-01,CTD5,0.26
2023-02-01,CTD6,0.305
2023-02-01,CTD7,0.873
2023-02-01,CTD8,0.3325
2023-02-01,CTD9,0.208
2023-02-08,CTD1,0.7204999999999999
2023-02-08,CTD10,0.416
2023-02-08,CTD11,0.378
2023-02-08,CTD12,0.517
2023-02-08,CTD2,0.7545
2023-02-08,CTD3,0.6455
2023-02-08,CTD4,0.81
2023-02-08,CTD5,0.5349999999999999
2023-02-08,CTD6,0.5974999999999999
2023-02-08,CTD7,0.7895
2023-02-08,CTD8,0.5774999999999999
2023-02-08,CTD9,0.451
2023-02-14,CTD1,0.946
2023-02-14,CTD10,0.624
2023-02-14,CTD11,0.47150000000000003
2023-02-14,CTD12,0.542
2023-02-14,CTD2,0.9365
2023-02-14,CTD3,0.873
2023-02-14,CTD4,0.7484999999999999
2023-02-14,CTD5,0.491
2023-02-14,CTD6,0.5515
2023-02-14,CTD7,0.7789999999999999
2023-02-14,CTD8,0.556
2023-02-14,CTD9,0.422
2023-02-23,CTD1,0.683
2023-02-23,CTD10,0.6465000000000001
2023-02-23,CTD11,0.4985
2023-02-23,CTD12,0.5575
2023-02-23,CTD2,0.723
2023-02-23,CTD3,0.7430000000000001
2023-02-23,CTD4,0.604
2023-02-23,CTD5,0.4115
2023-02-23,CTD6,0.5654999999999999
2023-02-23,CTD7,0.9075
2023-02-23,CTD8,0.6545000000000001
2023-02-23,CTD9,0.56
2023-03-01,CTD1,0.451
2023-03-01,CTD10,0.236
2023-03-01,CTD11,0.203
2023-03-01,CTD12,0.22899999999999998
2023-03-01,CTD2,0.4625
2023-03-01,CTD3,0.55
2023-03-01,CTD4,0.5435
2023-03-01,CTD5,0.3575
2023-03-01,CTD6,0.28
2023-03-01,CTD7,0.241
2023-03-01,CTD8,0.42
2023-03-01,CTD9,0.172
2023-03-08,CTD1,0.4165
2023-03-08,CTD10,0.3715
2023-03-08,CTD11,0.2195
2023-03-08,CTD12,0.32
2023-03-08,CTD2,0.651
2023-03-08,CTD3,0.5185
2023-03-08,CTD4,0.317
2023-03-08,CTD5,0.165
2023-03-08,CTD6,0.322
2023-03-08,CTD7,0.497
2023-03-08,CTD8,0.41300000000000003
2023-03-08,CTD9,0.266
2023-03-16,CTD1,0.473
2023-03-16,CTD10,0.28400000000000003
2023-03-16,CTD11,0.2625
2023-03-16,CTD12,0.3015
2023-03-16,CTD2,0.609
2023-03-16,CTD3,0.5115000000000001
2023-03-16,CTD4,0.396
2023-03-16,CTD5,0.175
2023-03-16,CTD6,0.335
2023-03-16,CTD7,0.687
2023-03-16,CTD8,0.316
2023-03-16,CTD9,0.174
2023-03-22,CTD1,1.7785000000000002
2023-03-22,CTD10,0.245
2023-03-22,CTD11,0.1765
2023-03-22,CTD12,0.3125
2023-03-22,CTD2,0.6950000000000001
2023-03-22,CTD3,0.482
2023-03-22,CTD4,0.314
2023-03-22,CTD5,0.1885
2023-03-22,CTD6,0.27449999999999997
2023-03-22,CTD7,1.6015000000000001
2023-03-22,CTD8,0.8075
2023-03-22,CTD9,0.312
2023-03-29,CTD1,0.49550000000000005
2023-03-29,CTD10,0.363
2023-03-29,CTD11,0.41900000000000004
2023-03-29,CTD12,0.3125
2023-03-29,CTD2,0.40800000000000003
2023-03-29,CTD3,0.3255
2023-03-29,CTD4,0.3685
2023-03-29,CTD5,0.23
2023-03-29,CTD6,0.2295
2023-03-29,CTD7,0.843
2023-03-29,CTD8,0.311
2023-03-29,CTD9,0.393
2023-04-04,CTD1,0.5585
2023-04-04,CTD10,0.39649999999999996
2023-04-04,CTD11,0.439
2023-04-04,CTD12,0.213
2023-04-04,CTD2,0.7945
2023-04-04,CTD3,0.47
2023-04-04,CTD4,0.3605
2023-04-04,CTD5,0.14
2023-04-04,CTD6,0.2425
2023-04-04,CTD7,1.5015
2023-04-04,CTD8,0.3405
2023-04-04,CTD9,0.428
2023-04-11,CTD1,0.41700000000000004
2023-04-11,CTD10,0.3385
2023-04-11,CTD11,0.525
2023-04-11,CTD12,0.3615
2023-04-11,CTD2,0.40900000000000003
2023-04-11,CTD3,0.3735
2023-04-11,CTD4,0.3725
2023-04-11,CTD5,0.309
2023-04-11,CTD6,0.368
2023-04-11,CTD7,0.5489999999999999
2023-04-11,CTD8,0.8535
2023-04-11,CTD9,0.268
2023-04-20,CTD1,0.4205
2023-04-20,CTD10,0.4655
2023-04-20,CTD11,0.313
2023-04-20,CTD12,0.481
2023-04-20,CTD2,0.3355
2023-04-20,CTD3,0.322
2023-04-20,CTD4,0.28800000000000003
2023-04-20,CTD5,0.316
2023-04-20,CTD6,0.522
2023-04-20,CTD7,0.4295
2023-04-20,CTD8,1.2195
2023-04-20,CTD9,0.215
2023-04-27,CTD1,0.3555
2023-04-27,CTD10,0.32299999999999995
2023-04-27,CTD11,0.537
2023-04-27,CTD12,0.242
2023-04-27,CTD2,0.3285
2023-04-27,CTD3,0.321
2023-04-27,CTD4,0.2525
2023-04-27,CTD5,0.3225
2023-04-27,CTD6,0.2555
2023-04-27,CTD7,1.0015
2023-04-27,CTD8,0.5985
2023-04-27,CTD9,0.34
2023-05-04,CTD1,0.158
2023-05-04,CTD10,0.592
2023-05-04,CTD11,0.214
2023-05-04,CTD12,0.652
2023-05-04,CTD2,0.269
2023-05-04,CTD3,0.31
2023-05-04,CTD4,0.313
2023-05-04,CTD6,0.598
2023-05-04,CTD7,0.95
2023-05-04,CTD8,0.985
2023-05-04,CTD9,0.342
2023-05-05,CTD5,0.21000000000000002
2023-05-11,CTD1,0.2305
2023-05-11,CTD10,0.3525
2023-05-11,CTD11,0.219
2023-05-11,CTD12,0.263
2023-05-11,CTD2,0.261
2023-05-11,CTD3,0.333
2023-05-11,CTD4,0.33199999999999996
2023-05-11,CTD5,0.246
2023-05-11,CTD6,0.226
2023-05-11,CTD7,0.681
2023-05-11,CTD8,0.649
2023-05-11,CTD9,0.464
2023-05-18,CTD1,0.3645
2023-05-18,CTD10,0.29100000000000004
2023-05-18,CTD11,0.174
2023-05-18,CTD12,0.255
2023-05-18,CTD2,0.3255
2023-05-18,CTD3,0.3305
2023-05-18,CTD4,0.344
2023-05-18,CTD5,0.254
2023-05-18,CTD6,0.23299999999999998
2023-05-18,CTD7,0.7284999999999999
2023-05-18,CTD8,1.49
2023-05-18,CTD9,0.432
2023-05-25,CTD1,0.321
2023-05-25,CTD10,1.0225
2023-05-25,CTD11,0.776
2023-05-25,CTD12,1.0205
2023-05-25,CTD2,0.2485
2023-05-25,CTD3,0.2875
2023-05-25,CTD4,0.423
2023-05-25,CTD5,0.22349999999999998
2023-05-25,CTD6,0.45399999999999996
2023-05-25,CTD7,0.328
2023-05-25,CTD8,0.4305
2023-05-25,CTD9,0.495
2023-05-31,CTD1,0.3255
2023-05-31,CTD10,0.448
2023-05-31,CTD11,0.442
2023-05-31,CTD12,0.3555
2023-05-31,CTD2,0.329
2023-05-31,CTD3,0.4255
2023-05-31,CTD4,0.362
2023-05-31,CTD5,0.2565
2023-05-31,CTD6,0.2995
2023-05-31,CTD7,0.375
2023-05-31,CTD8,0.4545
2023-05-31,CTD9,0.382
2023-06-05,CTD1,0.4095
2023-06-05,CTD10,0.4275
2023-06-05,CTD11,0.41600000000000004
2023-06-05,CTD12,0.2565
2023-06-05,CTD2,0.3255
2023-06-05,CTD3,0.2005
2023-06-05,CTD4,0.2225
2023-06-05,CTD5,0.20600000000000002
2023-06-05,CTD6,0.2515
2023-06-05,CTD7,1.0365
2023-06-05,CTD8,1.155
2023-06-05,CTD9,0.503
2023-06-13,CTD1,0.679
2023-06-13,CTD10,0.6375
2023-06-13,CTD11,0.2925
2023-06-13,CTD12,0.5295000000000001
2023-06-13,CTD2,1.2065000000000001
2023-06-13,CTD3,0.9155
2023-06-13,CTD4,0.39549999999999996
2023-06-13,CTD5,0.2
2023-06-13,CTD6,0.4995
2023-06-13,CTD7,1.917
2023-06-13,CTD8,1.1255000000000002
2023-06-13,CTD9,0.678
2023-06-21,CTD1,0.371
2023-06-21,CTD10,0.269
2023-06-21,CTD11,0.7535000000000001
2023-06-21,CTD12,0.405
2023-06-21,CTD2,0.378
2023-06-21,CTD3,0.6325000000000001
2023-06-21,CTD4,0.7415
2023-06-21,CTD5,0.41600000000000004
2023-06-21,CTD6,0.6025
2023-06-21,CTD7,0.5640000000000001
2023-06-21,CTD8,1.661
2023-06-21,CTD9,0.499
2023-06-28,CTD1,0.29800000000000004
2023-06-28,CTD10,0.358
2023-06-28,CTD11,0.3865
2023-06-28,CTD12,0.418
2023-06-28,CTD2,0.3695
2023-06-28,CTD3,0.4355
2023-06-28,CTD4,0.42000000000000004
2023-06-28,CTD5,0.309
2023-06-28,CTD6,0.431
2023-06-28,CTD7,0.4915
2023-06-28,CTD8,0.8935
2023-06-28,CTD9,0.431
2023-07-05,CTD1,0.377
2023-07-05,CTD10,0.5175000000000001
2023-07-05,CTD11,0.537
2023-07-05,CTD12,0.3525
2023-07-05,CTD2,0.422
2023-07-05,CTD3,0.3715
2023-07-05,CTD4,0.388
2023-07-05,CTD5,0.254
2023-07-05,CTD6,0.323
2023-07-05,CTD7,0.327
2023-07-05,CTD8,0.5309999999999999
2023-07-05,CTD9,0.517
2023-07-12,CTD1,0.311
2023-07-12,CTD10,0.3055
2023-07-12,CTD11,0.56
2023-07-12,CTD12,0.3765
2023-07-12,CTD2,0.41800000000000004
2023-07-12,CTD3,0.3825
2023-07-12,CTD4,0.5785
2023-07-12,CTD5,0.2465
2023-07-12,CTD6,0.671
2023-07-12,CTD7,0.464
2023-07-12,CTD8,0.7809999999999999
2023-07-12,CTD9,0.308
2023-07-19,CTD1,0.39449999999999996
2023-07-19,CTD10,0.514
2023-07-19,CTD11,0.4125
2023-07-19,CTD12,0.484
2023-07-19,CTD2,0.4535
2023-07-19,CTD3,0.384
2023-07-19,CTD4,0.3215
2023-07-19,CTD5,0.20500000000000002
2023-07-19,CTD6,0.4
2023-07-19,CTD7,0.6635
2023-07-19,CTD8,0.7070000000000001
2023-07-19,CTD9,0.621
2023-07-26,CTD1,0.35
2023-07-26,CTD10,0.4075
2023-07-26,CTD11,0.54
2023-07-26,CTD12,0.396
2023-07-26,CTD2,0.398
2023-07-26,CTD3,0.3345
2023-07-26,CTD4,0.49850000000000005
2023-07-26,CTD5,0.395
2023-07-26,CTD6,0.4095
2023-07-26,CTD7,0.6519999999999999
2023-07-26,CTD8,0.6890000000000001
2023-07-26,CTD9,0.279
2023-08-01,CTD1,0.265
2023-08-01,CTD10,0.5925
2023-08-01,CTD11,0.55
2023-08-01,CTD12,0.523
2023-08-01,CTD2,0.2585
2023-08-01,CTD3,0.2905
2023-08-01,CTD4,0.40900000000000003
2023-08-01,CTD5,0.3285
2023-08-01,CTD6,0.494
2023-08-01,CTD7,1.2035
2023-08-01,CTD8,0.8865
2023-08-01,CTD9,0.465
2023-08-10,CTD1,0.4685
2023-08-10,CTD10,0.744
2023-08-10,CTD11,0.844
2023-08-10,CTD12,0.8975
2023-08-10,CTD2,0.558
2023-08-10,CTD3,0.521
2023-08-10,CTD4,0.7064999999999999
2023-08-10,CTD5,0.44899999999999995
2023-08-10,CTD6,0.6639999999999999
2023-08-10,CTD7,0.5145
2023-08-10,CTD8,1.15
2023-08-10,CTD9,0.493
2023-08-17,CTD1,0.4985
2023-08-17,CTD10,0.518
2023-08-17,CTD11,0.40299999999999997
2023-08-17,CTD12,0.586
2023-08-17,CTD2,0.6525000000000001
2023-08-17,CTD3,0.43
2023-08-17,CTD4,0.3695
2023-08-17,CTD5,0.21750000000000003
2023-08-17,CTD6,0.51
2023-08-17,CTD7,0.438
2023-08-17,CTD8,0.7775
2023-08-17,CTD9,0.414
2023-08-24,CTD1,0.4945
2023-08-24,CTD10,0.451
2023-08-24,CTD11,0.557
2023-08-24,CTD12,0.447
2023-08-24,CTD2,0.4605
2023-08-24,CTD3,0.46799999999999997
2023-08-24,CTD4,0.6195
2023-08-24,CTD5,0.274
2023-08-24,CTD6,0.501
2023-08-24,CTD7,0.708
2023-08-24,CTD8,0.998
2023-08-24,CTD9,0.22
2023-08-30,CTD1,0.419
2023-08-30,CTD10,0.492
2023-08-30,CTD11,0.573
2023-08-30,CTD12,0.537
2023-08-30,CTD2,0.571
2023-08-30,CTD3,0.495
2023-08-30,CTD4,0.462
2023-08-30,CTD5,0.17
2023-08-30,CTD6,0.489
2023-08-30,CTD7,0.513
2023-08-30,CTD8,0.625
2023-08-30,CTD9,0.426
2023-09-07,CTD1,0.603
2023-09-07,CTD10,0.54
2023-09-07,CTD11,0.761
2023-09-07,CTD12,0.912
2023-09-07,CTD2,0.565
2023-09-07,CTD3,0.602
2023-09-07,CTD4,0.771
2023-09-07,CTD5,0.61
2023-09-07,CTD6,0.916
2023-09-07,CTD7,0.673
2023-09-07,CTD8,1.077
2023-09-07,CTD9,0.26
2023-09-13,CTD1,0.536
2023-09-13,CTD10,0.564
2023-09-13,CTD11,0.502
2023-09-13,CTD12,0.915
2023-09-13,CTD2,1.153
2023-09-13,CTD3,0.912
2023-09-13,CTD4,0.548
2023-09-13,CTD5,0.28
2023-09-13,CTD6,0.664
2023-09-13,CTD7,0.44
2023-09-13,CTD8,0.909
2023-09-13,CTD9,0.342
2023-09-21,CTD1,0.566
2023-09-21,CTD10,0.48
2023-09-21,CTD11,0.419
2023-09-21,CTD12,1.051
2023-09-21,CTD2,0.909
2023-09-21,CTD3,0.505
2023-09-21,CTD4,0.302
2023-09-21,CTD5,0.29
2023-09-21,CTD6,1.027
2023-09-21,CTD7,2.538
2023-09-21,CTD8,2.067
2023-09-21,CTD9,1.004
2023-09-27,CTD1,0.764
2023-09-27,CTD10,0.525
2023-09-27,CTD11,0.765
2023-09-27,CTD12,0.43
2023-09-27,CTD2,0.874
2023-09-27,CTD3,0.715
2023-09-27,CTD4,0.457
2023-09-27,CTD5,0.2
2023-09-27,CTD6,0.35
2023-09-27,CTD7,0.77
2023-09-27,CTD8,0.64
2023-09-27,CTD9,0.4
2023-10-05,CTD1,0.588
2023-10-05,CTD10,0.734
2023-10-05,CTD11,0.647
2023-10-05,CTD12,0.907
2023-10-05,CTD2,0.63
2023-10-05,CTD3,0.623
2023-10-05,CTD4,0.832
2023-10-05,CTD5,0.28
2023-10-05,CTD6,0.775
2023-10-05,CTD7,0.69
2023-10-05,CTD8,0.964
2023-10-05,CTD9,0.553
2023-10-11,CTD1,0.808
2023-10-11,CTD10,1.13
2023-10-11,CTD11,1.147
2023-10-11,CTD12,0.815
2023-10-11,CTD2,0.842
2023-10-11,CTD3,0.626
2023-10-11,CTD4,0.58
2023-10-11,CTD5,0.21
2023-10-11,CTD6,0.677
2023-10-11,CTD7,1.048
2023-10-11,CTD8,0.91
2023-10-11,CTD9,0.877
2023-10-17,CTD1,0.423
2023-10-17,CTD10,1.111
2023-10-17,CTD11,1.134
2023-10-17,CTD12,0.994
2023-10-17,CTD2,0.694
2023-10-17,CTD3,0.629
2023-10-17,CTD4,0.498
2023-10-17,CTD5,0.2
2023-10-17,CTD6,0.936
2023-10-17,CTD7,0.828
2023-10-17,CTD8,0.988
2023-10-17,CTD9,1.089
2023-10-25,CTD1,0.547
2023-10-25,CTD10,1.896
2023-10-25,CTD11,1.422
2023-10-25,CTD12,1.822
2023-10-25,CTD2,1.728
2023-10-25,CTD3,1.469
2023-10-25,CTD4,1.178
2023-10-25,CTD5,0.3
2023-10-25,CTD6,1.775
2023-10-25,CTD7,2.281
2023-10-25,CTD8,2.114
2023-10-25,CTD9,1.36
2023-10-31,CTD1,0.785
2023-10-31,CTD10,1.221
2023-10-31,CTD11,0.888
2023-10-31,CTD12,1.228
2023-10-31,CTD2,1.139
2023-10-31,CTD3,1.331
2023-10-31,CTD4,1.051
2023-10-31,CTD5,0.41
2023-10-31,CTD6,1.177
2023-10-31,CTD7,1.539
2023-10-31,CTD8,1.548
2023-10-31,CTD9,1.372
2023-11-08,CTD1,0.781
2023-11-08,CTD10,0.723
2023-11-08,CTD11,0.319
2023-11-08,CTD12,0.852
2023-11-08,CTD2,1.366
2023-11-08,CTD3,1.136
2023-11-08,CTD4,1.03
2023-11-08,CTD5,0.44
2023-11-08,CTD6,0.966
2023-11-08,CTD7,2.046
2023-11-08,CTD8,1.58
2023-11-08,CTD9,0.845
2023-11-16,CTD1,0.202
2023-11-16,CTD10,0.566
2023-11-16,CTD11,0.359
2023-11-16,CTD12,0.692
2023-11-16,CTD2,0.643
2023-11-16,CTD3,0.65
2023-11-16,CTD4,0.524
2023-11-16,CTD5,0.21
2023-11-16,CTD6,0.835
2023-11-16,CTD7,1.243
2023-11-16,CTD8,0.92
2023-11-16,CTD9,0.529
2023-11-24,CTD1,0.514
2023-11-24,CTD10,0.83
2023-11-24,CTD11,0.504
2023-11-24,CTD12,0.631
2023-11-24,CTD2,0.666
2023-11-24,CTD3,0.506
2023-11-24,CTD4,0.333
2023-11-24,CTD5,0.53
2023-11-24,CTD6,0.488
2023-11-24,CTD7,0.922
2023-11-24,CTD8,0.769
2023-11-24,CTD9,0.722
2023-11-29,CTD1,0.597
2023-11-29,CTD10,0.596
2023-11-29,CTD11,0.736
2023-11-29,CTD12,0.649
2023-11-29,CTD2,0.759
2023-11-29,CTD3,0.639
2023-11-29,CTD4,0.639
2023-11-29,CTD5,0.44
2023-11-29,CTD6,0.66
2023-11-29,CTD7,0.851
2023-11-29,CTD8,0.737
2023-11-29,CTD9,0.475
2023-12-07,CTD1,0.68
2023-12-07,CTD10,0.917
2023-12-07,CTD11,0.65
2023-12-07,CTD12,0.916
2023-12-07,CTD2,0.84
2023-12-07,CTD3,0.792
2023-12-07,CTD4,0.757
2023-12-07,CTD5,0.44
2023-12-07,CTD6,0.923
2023-12-07,CTD7,1.015
2023-12-07,CTD8,1.181
2023-12-07,CTD9,0.767
2023-12-13,CTD1,1.207
2023-12-13,CTD10,0.501
2023-12-13,CTD11,0.043
2023-12-13,CTD12,0.623
2023-12-13,CTD2,1.127
2023-12-13,CTD3,0.937
2023-12-13,CTD4,0.609
2023-12-13,CTD5,0.26
2023-12-13,CTD6,0.819
2023-12-13,CTD7,1.625
2023-12-13,CTD8,1.03
2023-12-13,CTD9,0.87
2023-12-19,CTD1,1.013
2023-12-19,CTD10,0.669
2023-12-19,CTD11,0.553
2023-12-19,CTD12,0.574
2023-12-19,CTD2,0.728
2023-12-19,CTD3,0.61
2023-12-19,CTD4,0.545
2023-12-19,CTD5,0.38
2023-12-19,CTD6,0.568
2023-12-19,CTD7,0.804
2023-12-19,CTD8,0.716
2023-12-19,CTD9,0.599
2023-12-27,CTD1,0.799
2023-12-27,CTD10,0.71
2023-12-27,CTD11,0.038
2023-12-27,CTD12,0.676
2023-12-27,CTD2,0.69
2023-12-27,CTD3,0.558
2023-12-27,CTD4,0.445
2023-12-27,CTD5,0.17
2023-12-27,CTD6,0.6
2023-12-27,CTD7,0.785
2023-12-27,CTD8,1.462
2023-12-27,CTD9,0.722
2024-01-03,CTD1,0.484
2024-01-03,CTD10,1.186
2024-01-03,CTD11,1.019
2024-01-03,CTD12,0.986
2024-01-03,CTD2,0.657
2024-01-03,CTD3,0.554
2024-01-03,CTD4,0.621
2024-01-03,CTD5,0.22
2024-01-03,CTD6,0.969
2024-01-03,CTD7,1.015
2024-01-03,CTD8,1.035
2024-01-03,CTD9,0.978
2024-01-09,CTD1,0.697
2024-01-09,CTD10,0.79
2024-01-09,CTD11,0.546
2024-01-09,CTD12,0.78
2024-01-09,CTD2,0.93
2024-01-09,CTD3,0.591
2024-01-09,CTD4,0.447
2024-01-09,CTD5,0.46
2024-01-09,CTD6,0.703
2024-01-09,CTD7,1.105
2024-01-09,CTD8,0.915
2024-01-09,CTD9,0.698
2024-01-16,CTD1,0.325
2024-01-16,CTD10,0.336
2024-01-16,CTD11,0.178
2024-01-16,CTD12,0.406
2024-01-16,CTD2,0.529
2024-01-16,CTD3,0.424
2024-01-16,CTD4,0.338
2024-01-16,CTD5,0.28
2024-01-16,CTD6,0.443
2024-01-16,CTD7,0.621
2024-01-16,CTD8,0.542
2024-01-16,CTD9,0.427
2024-01-23,CTD1,0.991
2024-01-23,CTD10,0.424
2024-01-23,CTD11,0.471
2024-01-23,CTD12,0.535
2024-01-23,CTD2,1.074
2024-01-23,CTD3,0.935
2024-01-23,CTD4,0.732
2024-01-23,CTD5,0.59
2024-01-23,CTD6,0.633
2024-01-23,CTD7,1.161
2024-01-23,CTD8,0.743
2024-01-23,CTD9,0.462
2024-02-01,CTD1,0.191
2024-02-01,CTD10,0.731
2024-02-01,CTD11,0.665
2024-02-01,CTD12,0.677
2024-02-01,CTD2,0.422
2024-02-01,CTD3,0.357
2024-02-01,CTD4,0.371
2024-02-01,CTD5,0.26
2024-02-01,CTD6,0.572
2024-02-01,CTD7,0.633
2024-02-01,CTD8,0.685
2024-02-01,CTD9,0.664
2024-02-06,CTD1,0.029
2024-02-06,CTD10,0.581
2024-02-06,CTD11,0.875
2024-02-06,CTD12,0.66
2024-02-06,CTD2,0.447
2024-02-06,CTD3,0.393
2024-02-06,CTD4,0.523
2024-02-06,CTD5,0.34
2024-02-06,CTD6,1.001
2024-02-06,CTD7,0.612
2024-02-06,CTD8,0.681
2024-02-06,CTD9,0.613
2024-02-13,CTD1,0.633
2024-02-13,CTD10,0.464
2024-02-13,CTD11,0.289
2024-02-13,CTD12,0.5
2024-02-13,CTD2,0.5
2024-02-13,CTD3,0.416
2024-02-13,CTD4,0.387
2024-02-13,CTD5,0.46
2024-02-13,CTD6,0.357
2024-02-13,CTD7,0.749
2024-02-13,CTD8,1.068
2024-02-13,CTD9,0.476
2024-02-20,CTD1,0.289
2024-02-20,CTD10,0.473
2024-02-20,CTD11,0.548
2024-02-20,CTD12,0.372
2024-02-20,CTD2,0.262
2024-02-20,CTD3,0.286
2024-02-20,CTD4,0.434
2024-02-20,CTD5,0.18
2024-02-20,CTD6,0.356
2024-02-20,CTD7,0.265
2024-02-20,CTD8,0.355
2024-02-20,CTD9,0.324
2024-03-07,CTD1,0.296
2024-03-07,CTD10,0.778
2024-03-07,CTD11,0.51
2024-03-07,CTD12,0.723
2024-03-07,CTD2,0.398
2024-03-07,CTD3,0.323
2024-03-07,CTD4,0.31
2024-03-07,CTD5,0.18
2024-03-07,CTD6,0.589
2024-03-07,CTD7,0.655
2024-03-07,CTD8,0.732
2024-03-07,CTD9,0.725
2024-03-13,CTD1,0.134
2024-03-13,CTD10,0.291
2024-03-13,CTD11,0.242
2024-03-13,CTD12,0.247
2024-03-13,CTD2,0.329
2024-03-13,CTD3,0.246
2024-03-13,CTD4,0.175
2024-03-13,CTD5,0.27
2024-03-13,CTD6,0.241
2024-03-13,CTD7,0.554
2024-03-13,CTD8,0.424
2024-03-13,CTD9,0.325
2024-03-20,CTD1,0.328
2024-03-20,CTD10,0.541
2024-03-20,CTD11,0.53
2024-03-20,CTD12,0.56
2024-03-20,CTD2,0.415
2024-03-20,CTD3,0.335
2024-03-20,CTD4,0.281
2024-03-20,CTD5,0.19
2024-03-20,CTD6,0.529
2024-03-20,CTD7,0.526
2024-03-20,CTD8,0.569
2024-03-20,CTD9,0.392
2024-03-26,CTD1,0.118
2024-03-26,CTD10,0.666
2024-03-26,CTD11,0.38
2024-03-26,CTD12,0.521
2024-03-26,CTD2,0.443
2024-03-26,CTD3,0.286
2024-03-26,CTD4,0.277
2024-03-26,CTD5,0.18
2024-03-26,CTD6,0.459
2024-03-26,CTD7,1.135
2024-03-26,CTD8,0.963
2024-03-26,CTD9,0.795
2024-04-02,CTD1,0.623
2024-04-02,CTD10,0.469
2024-04-02,CTD11,0.521
2024-04-02,CTD12,0.343
2024-04-02,CTD2,0.459
2024-04-02,CTD3,0.32
2024-04-02,CTD4,0.209
2024-04-02,CTD6,0.286
2024-04-02,CTD7,1.141
2024-04-02,CTD8,0.553
2024-04-02,CTD9,0.534
2024-04-10,CTD1,0.545
2024-04-10,CTD10,0.329
2024-04-10,CTD11,0.23
2024-04-10,CTD12,0.335
2024-04-10,CTD2,0.374
2024-04-10,CTD3,0.313
2024-04-10,CTD4,0.291
2024-04-10,CTD6,0.274
2024-04-10,CTD7,0.495
2024-04-10,CTD8,0.426
2024-04-10,CTD9,0.295
2024-04-24,CTD1,0.594
2024-04-24,CTD10,0.419
2024-04-24,CTD11,0.444
2024-04-24,CTD12,0.375
2024-04-24,CTD2,0.677
2024-04-24,CTD3,0.445
2024-04-24,CTD4,0.373
2024-04-24,CTD6,0.377
2024-04-24,CTD7,0.756
2024-04-24,CTD8,0.514
2024-04-24,CTD9,0.575
2024-04-29,CTD1,1.193
2024-04-29,CTD10,0.629
2024-04-29,CTD11,0.493
2024-04-29,CTD12,0.588
2024-04-29,CTD2,1.287
2024-04-29,CTD3,1.077
2024-04-29,CTD4,0.831
2024-04-29,CTD6,0.7
2024-04-29,CTD7,1.0
2024-04-29,CTD8,0.779
2024-04-29,CTD9,0.741
2024-05-10,CTD1,0.352
2024-05-10,CTD10,0.35
2024-05-10,CTD11,0.306
2024-05-10,CTD12,0.337
2024-05-10,CTD2,0.374
2024-05-10,CTD3,0.366
2024-05-10,CTD4,0.318
2024-05-10,CTD6,0.334
2024-05-10,CTD7,0.423
2024-05-10,CTD8,0.375
2024-05-10,CTD9,0.281
2024-05-15,CTD1,0.326
2024-05-15,CTD10,0.485
2024-05-15,CTD11,0.483
2024-05-15,CTD12,0.482
2024-05-15,CTD2,0.6
2024-05-15,CTD3,0.432
2024-05-15,CTD4,0.318
2024-05-15,CTD6,0.447
2024-05-15,CTD7,0.966
2024-05-15,CTD8,0.641
2024-05-15,CTD9,0.485
2024-05-22,CTD1,0.785
2024-05-22,CTD10,0.506
2024-05-22,CTD11,0.373
2024-05-22,CTD12,0.494
2024-05-22,CTD2,0.616
2024-05-22,CTD3,0.544
2024-05-22,CTD4,0.396
2024-05-22,CTD6,0.459
2024-05-22,CTD7,0.675
2024-05-22,CTD8,0.585
2024-05-22,CTD9,0.415
2024-05-29,CTD1,0.371
2024-05-29,CTD10,0.405
2024-05-29,CTD11,0.275
2024-05-29,CTD12,0.368
2024-05-29,CTD2,0.393
2024-05-29,CTD3,0.284
2024-05-29,CTD4,0.28
2024-05-29,CTD6,0.294
2024-05-29,CTD7,0.501
2024-05-29,CTD8,0.432
2024-05-29,CTD9,0.417
2024-06-05,CTD1,0.2
2024-06-05,CTD10,0.504
2024-06-05,CTD11,0.47
2024-06-05,CTD12,0.421
2024-06-05,CTD2,0.352
2024-06-05,CTD3,0.327
2024-06-05,CTD4,0.342
2024-06-05,CTD6,0.39
2024-06-05,CTD7,0.912
2024-06-05,CTD8,0.614
2024-06-05,CTD9,0.468
2024-06-10,CTD1,0.217
2024-06-10,CTD10,0.798
2024-06-10,CTD11,1.146
2024-06-10,CTD12,0.621
2024-06-10,CTD2,0.256
2024-06-10,CTD3,0.262
2024-06-10,CTD4,0.394
2024-06-10,CTD6,0.487
2024-06-10,CTD7,0.48
2024-06-10,CTD8,0.545
2024-06-10,CTD9,0.437
2024-06-18,CTD1,0.159
2024-06-18,CTD10,0.513
2024-06-18,CTD11,0.395
2024-06-18,CTD12,0.433
2024-06-18,CTD2,0.317
2024-06-18,CTD3,0.232
2024-06-18,CTD4,0.158
2024-06-18,CTD6,0.346
2024-06-18,CTD7,0.849
2024-06-18,CTD8,0.546
2024-06-18,CTD9,0.497
2024-06-25,CTD1,0.292
2024-06-25,CTD10,0.746
2024-06-25,CTD11,0.603
2024-06-25,CTD12,0.701
2024-06-25,CTD2,0.417
2024-06-25,CTD3,0.357
2024-06-25,CTD4,0.283
2024-06-25,CTD6,0.587
2024-06-25,CTD7,0.643
2024-06-25,CTD8,0.721
2024-06-25,CTD9,0.591
2024-07-03,CTD1,0.414
2024-07-03,CTD10,0.485
2024-07-03,CTD11,0.54
2024-07-03,CTD12,0.493
2024-07-03,CTD2,0.492
2024-07-03,CTD3,0.466
2024-07-03,CTD4,0.417
2024-07-03,CTD6,0.426
2024-07-03,CTD7,0.638
2024-07-03,CTD8,0.618
2024-07-03,CTD9,0.369
2024-07-09,CTD1,0.301
2024-07-09,CTD10,0.815
2024-07-09,CTD11,0.558
2024-07-09,CTD12,0.739
2024-07-09,CTD2,0.417
2024-07-09,CTD3,0.37
2024-07-09,CTD4,0.411
2024-07-09,CTD6,0.6
2024-07-09,CTD7,0.522
2024-07-09,CTD8,0.704
2024-07-09,CTD9,0.654
2024-07-18,CTD1,0.368
2024-07-18,CTD10,0.553
2024-07-18,CTD11,0.612
2024-07-18,CTD12,0.452
2024-07-18,CTD2,0.463
2024-07-18,CTD3,0.399
2024-07-18,CTD4,0.375
2024-07-18,CTD6,0.372
2024-07-18,CTD7,0.645
2024-07-18,CTD8,0.525
2024-07-18,CTD9,0.607
2016-06-08,CTD8,12.62
2016-06-29,CTD4,11.35
2016-08-02,CTD1,11.78
2016-08-02,CTD10,12.56
2016-08-02,CTD11,13.65
2016-08-02,CTD12,15.61
2016-08-02,CTD2,15.42
2016-08-02,CTD3,13.93
2016-08-02,CTD4,12.46
2016-08-02,CTD6,17.75
2016-08-02,CTD7,16.4
2016-08-02,CTD8,14.34
2016-08-02,CTD9,
2016-08-04,CTD1,13.15
2016-08-04,CTD10,14.43
2016-08-04,CTD11,9.98
2016-08-04,CTD12,16.59
2016-08-04,CTD2,10.63
2016-08-04,CTD3,10.87
2016-08-04,CTD4,7.03
2016-08-04,CTD6,11.27
2016-08-04,CTD7,9.83
2016-08-04,CTD8,12.51
2016-08-04,CTD9,
2016-08-09,CTD1,11.46
2016-08-09,CTD10,9.75
2016-08-09,CTD11,8.69
2016-08-09,CTD12,8.52
2016-08-09,CTD2,12.21
2016-08-09,CTD3,11.75
2016-08-09,CTD4,7.58
2016-08-09,CTD6,9.52
2016-08-09,CTD7,10.94
2016-08-09,CTD8,12.84
2016-08-09,CTD9,
2016-08-22,CTD12,12.403
2016-08-25,CTD1,13.43
2016-08-25,CTD10,17.46
2016-08-25,CTD11,10.34
2016-08-25,CTD2,14.99
2016-08-25,CTD3,12.9
2016-08-25,CTD4,
2016-08-25,CTD6,10.42
2016-08-25,CTD7,10.54
2016-08-25,CTD8,10.42
2016-08-25,CTD9,
2016-08-26,CTD4,
2016-08-27,CTD4,11.11
2016-08-30,CTD1,
2016-08-30,CTD10,11.92
2016-08-30,CTD11,7.72
2016-08-30,CTD2,13.85
2016-08-30,CTD3,15.48
2016-08-30,CTD4,12.24
2016-08-30,CTD6,11.48
2016-08-30,CTD7,13.66
2016-08-30,CTD8,12.75
2016-08-30,CTD9,
2016-08-31,CTD1,
2016-09-01,CTD1,15.61
2016-09-06,CTD1,17.74
2016-09-06,CTD10,15.3
2016-09-06,CTD11,15.54
2016-09-06,CTD12,
2016-09-06,CTD2,14.72
2016-09-06,CTD3,15.77
2016-09-06,CTD4,10.1
2016-09-06,CTD6,15.23
2016-09-06,CTD7,13.57
2016-09-06,CTD8,11.94
2016-09-06,CTD9,
2016-09-08,CTD1,18.69
2016-09-08,CTD10,15.06
2016-09-08,CTD11,11.3
2016-09-08,CTD12,11.52
2016-09-08,CTD2,13.22
2016-09-08,CTD3,13.57
2016-09-08,CTD4,12.38
2016-09-08,CTD6,12.32
2016-09-08,CTD7,13.91
2016-09-08,CTD9,
2016-09-22,CTD1,17.92
2016-09-22,CTD10,14.82
2016-09-22,CTD11,13.765
2016-09-22,CTD2,14.13
2016-09-22,CTD3,12.66
2016-09-22,CTD4,11.387
2016-09-22,CTD6,12.695
2016-09-22,CTD7,13.95
2016-09-22,CTD8,12.645
2016-09-22,CTD9,
2016-09-29,CTD1,10.85
2016-09-29,CTD10,8.185
2016-09-29,CTD11,10.93
2016-09-29,CTD12,10.885
2016-09-29,CTD2,11.94
2016-09-29,CTD3,13.137
2016-09-29,CTD6,9.973
2016-09-29,CTD7,10.8
2016-09-29,CTD8,10.34
2016-09-29,CTD9,
2016-10-06,CTD1,16.04
2016-10-06,CTD10,10.82
2016-10-06,CTD11,12.58
2016-10-06,CTD12,12.115
2016-10-06,CTD2,16.89
2016-10-06,CTD3,15.023
2016-10-06,CTD4,11.673
2016-10-06,CTD6,15.087
2016-10-06,CTD7,15.64
2016-10-06,CTD8,11.58
2016-10-06,CTD9,
2016-10-14,CTD1,23.46
2016-10-14,CTD10,18.96
2016-10-14,CTD11,21.453
2016-10-14,CTD12,19.3
2016-10-14,CTD2,20.923
2016-10-14,CTD3,19.54
2016-10-14,CTD4,16.29
2016-10-14,CTD6,21.272
2016-10-14,CTD7,17.28
2016-10-14,CTD8,21.697
2016-10-14,CTD9,
2016-10-21,CTD1,11.99
2016-10-21,CTD10,21.903
2016-10-21,CTD11,11.247
2016-10-21,CTD12,19.13
2016-10-21,CTD2,16.2
2016-10-21,CTD3,16.693
2016-10-21,CTD4,9.643
2016-10-21,CTD6,16.402
2016-10-21,CTD7,17.833
2016-10-21,CTD8,16.717
2016-10-21,CTD9,
2016-10-28,CTD1,9.22
2016-10-28,CTD10,14.563
2016-10-28,CTD11,13.313
2016-10-28,CTD12,20.96
2016-10-28,CTD2,14.265
2016-10-28,CTD3,16.823
2016-10-28,CTD4,17.327
2016-10-28,CTD6,13.128
2016-10-28,CTD7,11.447
2016-10-28,CTD8,16.887
2016-10-28,CTD9,
2016-11-03,CTD1,15.75
2016-11-03,CTD10,24.54
2016-11-03,CTD11,27.283
2016-11-03,CTD12,27.5
2016-11-03,CTD2,18.6
2016-11-03,CTD3,21.4
2016-11-03,CTD4,21.917
2016-11-03,CTD6,27.11
2016-11-03,CTD7,17.647
2016-11-03,CTD8,25.243
2016-11-03,CTD9,
2016-11-11,CTD1,9.76
2016-11-11,CTD10,21.457
2016-11-11,CTD11,24.693
2016-11-11,CTD12,23.007
2016-11-11,CTD2,10.51
2016-11-11,CTD3,20.103
2016-11-11,CTD4,20.777
2016-11-11,CTD6,24.61
2016-11-11,CTD7,18.703
2016-11-11,CTD8,22.14
2016-11-11,CTD9,
2016-11-18,CTD1,11.03
2016-11-18,CTD10,26.743
2016-11-18,CTD11,22.627
2016-11-18,CTD12,25.897
2016-11-18,CTD2,23.867
2016-11-18,CTD3,25.207
2016-11-18,CTD4,25.797
2016-11-18,CTD6,29.352
2016-11-18,CTD7,20.977
2016-11-18,CTD8,28.04
2016-11-18,CTD9,
2016-11-22,CTD1,35.85
2016-11-22,CTD10,26.297
2016-11-22,CTD11,21.827
2016-11-22,CTD12,31.148
2016-11-22,CTD2,22.533
2016-11-22,CTD3,29.657
2016-11-22,CTD4,30.253
2016-11-22,CTD6,31.408
2016-11-22,CTD7,21.14
2016-11-22,CTD8,31.21
2016-11-22,CTD9,
2016-12-02,CTD1,30.12
2016-12-02,CTD10,24.123
2016-12-02,CTD11,18.753
2016-12-02,CTD12,28.153
2016-12-02,CTD2,26.23
2016-12-02,CTD3,32.47
2016-12-02,CTD4,30.55
2016-12-02,CTD6,29.375
2016-12-02,CTD7,30.047
2016-12-02,CTD8,30.257
2016-12-02,CTD9,
2016-12-13,CTD1,12.37
2016-12-13,CTD10,24.463
2016-12-13,CTD11,14.635
2016-12-13,CTD12,26.757
2016-12-13,CTD2,31.74
2016-12-13,CTD3,30.647
2016-12-13,CTD4,22.033
2016-12-13,CTD6,26.085
2016-12-13,CTD7,26.335
2016-12-13,CTD8,23.353
2016-12-13,CTD9,
2016-12-21,CTD1,28.26
2016-12-21,CTD2,25.8
2016-12-21,CTD3,26.28
2016-12-21,CTD4,
2016-12-21,CTD6,
2016-12-21,CTD7,
2016-12-29,CTD1,
2016-12-29,CTD2,
2017-01-12,CTD1,34.96
2017-01-12,CTD10,44.333
2017-01-12,CTD11,32.653
2017-01-12,CTD12,57.012
2017-01-12,CTD2,60.655
2017-01-12,CTD3,55.863
2017-01-12,CTD4,48.197
2017-01-12,CTD6,58.778
2017-01-12,CTD7,57.44
2017-01-12,CTD8,59.22
2017-01-12,CTD9,
2017-01-26,CTD1,26.43
2017-01-26,CTD10,28.923
2017-01-26,CTD11,22.027
2017-01-26,CTD12,37.29
2017-01-26,CTD2,46.127
2017-01-26,CTD3,41.61
2017-01-26,CTD4,35.71
2017-01-26,CTD6,39.815
2017-01-26,CTD7,43.48
2017-01-26,CTD8,45.0
2017-01-26,CTD9,
2017-02-03,CTD1,
2017-02-03,CTD10,33.413
2017-02-03,CTD11,12.38
2017-02-03,CTD12,32.928
2017-02-03,CTD2,37.482
2017-02-03,CTD3,34.392
2017-02-03,CTD4,27.36
2017-02-03,CTD6,46.082
2017-02-03,CTD7,47.413
2017-02-03,CTD8,38.093
2017-02-03,CTD9,19.66
2017-02-10,CTD1,59.43
2017-02-10,CTD10,37.873
2017-02-10,CTD11,23.33
2017-02-10,CTD12,45.512
2017-02-10,CTD2,28.088
2017-02-10,CTD3,28.428
2017-02-10,CTD4,11.907
2017-02-10,CTD6,38.15
2017-02-10,CTD7,27.323
2017-02-10,CTD8,48.563
2017-02-10,CTD9,
2017-02-16,CTD1,47.13
2017-02-16,CTD10,31.57
2017-02-16,CTD11,18.353
2017-02-16,CTD12,33.785
2017-02-16,CTD2,28.077
2017-02-16,CTD3,30.23
2017-02-16,CTD4,11.85
2017-02-16,CTD6,28.768
2017-02-16,CTD7,31.557
2017-02-16,CTD8,29.82
2017-02-16,CTD9,
2017-02-24,CTD1,14.11
2017-02-24,CTD10,29.44
2017-02-24,CTD11,10.277
2017-02-24,CTD12,16.465
2017-02-24,CTD2,32.177
2017-02-24,CTD3,23.375
2017-02-24,CTD4,16.973
2017-02-24,CTD6,23.242
2017-02-24,CTD7,26.877
2017-02-24,CTD8,23.477
2017-02-24,CTD9,
2017-03-02,CTD1,3.31
2017-03-02,CTD10,15.53
2017-03-02,CTD11,6.567
2017-03-02,CTD12,17.175
2017-03-02,CTD2,24.955
2017-03-02,CTD3,18.905
2017-03-02,CTD4,9.275
2017-03-02,CTD6,15.968
2017-03-02,CTD7,19.897
2017-03-02,CTD8,12.843
2017-03-02,CTD9,
2017-03-08,CTD9,
2017-03-22,CTD1,
2017-03-22,CTD10,7.67
2017-03-22,CTD11,3.205
2017-03-22,CTD12,6.538
2017-03-22,CTD2,6.103
2017-03-22,CTD3,5.898
2017-03-22,CTD4,4.193
2017-03-22,CTD6,8.302
2017-03-22,CTD7,8.88
2017-03-22,CTD8,8.837
2017-03-22,CTD9,
2017-03-30,CTD1,3.51
2017-03-30,CTD10,4.66
2017-03-30,CTD11,3.355
2017-03-30,CTD12,6.82
2017-03-30,CTD2,8.542
2017-03-30,CTD3,5.748
2017-03-30,CTD4,4.517
2017-03-30,CTD6,8.572
2017-03-30,CTD7,9.857
2017-03-30,CTD8,6.993
2017-03-30,CTD9,
2017-04-05,CTD1,3.14
2017-04-05,CTD10,5.6
2017-04-05,CTD11,6.67
2017-04-05,CTD12,4.068
2017-04-05,CTD2,5.902
2017-04-05,CTD3,5.158
2017-04-05,CTD4,3.263
2017-04-05,CTD6,7.912
2017-04-05,CTD7,11.19
2017-04-05,CTD8,10.313
2017-04-05,CTD9,
2017-04-12,CTD1,3.65
2017-04-12,CTD10,5.827
2017-04-12,CTD11,3.34
2017-04-12,CTD12,4.59
2017-04-12,CTD2,9.662
2017-04-12,CTD3,10.62
2017-04-12,CTD4,5.383
2017-04-12,CTD6,5.12
2017-04-12,CTD7,12.203
2017-04-12,CTD8,10.773
2017-04-12,CTD9,
2017-04-18,CTD1,4.04
2017-04-18,CTD10,5.69
2017-04-18,CTD11,7.77
2017-04-18,CTD12,6.652
2017-04-18,CTD2,4.738
2017-04-18,CTD3,4.832
2017-04-18,CTD4,7.18
2017-04-18,CTD6,7.615
2017-04-18,CTD7,4.055
2017-04-18,CTD8,8.11
2017-04-18,CTD9,
2017-04-25,CTD1,
2017-04-25,CTD10,3.337
2017-04-25,CTD11,3.22
2017-04-25,CTD12,5.075
2017-04-25,CTD2,8.295
2017-04-25,CTD3,8.782
2017-04-25,CTD4,4.677
2017-04-25,CTD6,5.125
2017-04-25,CTD7,5.24
2017-04-25,CTD8,6.38
2017-04-25,CTD9,
2017-05-04,CTD1,3.41
2017-05-04,CTD10,3.513
2017-05-04,CTD11,3.25
2017-05-04,CTD12,3.912
2017-05-04,CTD2,5.57
2017-05-04,CTD3,5.325
2017-05-04,CTD4,4.83
2017-05-04,CTD6,4.518
2017-05-04,CTD7,4.08
2017-05-04,CTD8,4.633
2017-05-04,CTD9,
2017-05-10,CTD1,4.61
2017-05-10,CTD10,4.937
2017-05-10,CTD11,4.945
2017-05-10,CTD12,4.62
2017-05-10,CTD2,5.358
2017-05-10,CTD3,4.408
2017-05-10,CTD4,4.843
2017-05-10,CTD6,4.137
2017-05-10,CTD7,3.897
2017-05-10,CTD8,4.043
2017-05-10,CTD9,
2017-08-08,CTD1,1.06
2017-08-08,CTD10,4.603
2017-08-08,CTD11,6.89
2017-08-08,CTD12,4.61
2017-08-08,CTD2,2.892
2017-08-08,CTD3,3.628
2017-08-08,CTD4,4.72
2017-08-08,CTD6,4.98
2017-08-08,CTD7,2.18
2017-08-08,CTD8,4.603
2017-08-08,CTD9,
2017-08-16,CTD1,4.28
2017-08-16,CTD10,5.03
2017-08-16,CTD11,5.72
2017-08-16,CTD12,5.81
2017-08-16,CTD2,5.81
2017-08-16,CTD3,6.668
2017-08-16,CTD4,4.55
2017-08-16,CTD6,5.072
2017-08-16,CTD7,4.193
2017-08-16,CTD8,4.757
2017-08-16,CTD9,
2017-08-23,CTD1,5.29
2017-08-23,CTD10,7.843
2017-08-23,CTD11,9.9
2017-08-23,CTD12,7.652
2017-08-23,CTD2,6.94
2017-08-23,CTD3,7.028
2017-08-23,CTD4,7.67
2017-08-23,CTD6,7.652
2017-08-23,CTD7,6.663
2017-08-23,CTD8,6.713
2017-08-23,CTD9,
2017-09-20,CTD1,4.04
2017-09-20,CTD10,6.78
2017-09-20,CTD11,8.673
2017-09-20,CTD12,10.225
2017-09-20,CTD2,7.127
2017-09-20,CTD3,6.785
2017-09-20,CTD4,8.392
2017-09-20,CTD6,9.747
2017-09-20,CTD7,6.68
2017-09-20,CTD8,8.853
2017-09-20,CTD9,
2018-03-08,CTD1,3.57
2018-03-08,CTD10,7.197
2018-03-08,CTD11,5.19
2018-03-08,CTD12,7.042
2018-03-08,CTD2,17.232
2018-03-08,CTD3,15.73
2018-03-08,CTD4,4.797
2018-03-08,CTD6,6.115
2018-03-08,CTD7,14.877
2018-03-08,CTD8,7.347
2018-09-25,CTD1,0.97
2018-09-25,CTD10,2.453
2018-09-25,CTD11,1.03
2018-09-25,CTD12,2.4
2018-09-25,CTD2,0.615
2018-09-25,CTD3,0.957
2018-09-25,CTD4,0.943
2018-09-25,CTD6,1.142
2018-09-25,CTD7,1.283
2018-09-25,CTD8,2.007
2018-09-25,CTD9,
2018-10-24,CTD1,0.56
2018-10-24,CTD10,1.057
2018-10-24,CTD11,0.74
2018-10-24,CTD12,1.13
2018-10-24,CTD2,0.58
2018-10-24,CTD3,0.712
2018-10-24,CTD4,0.857
2018-10-24,CTD6,0.805
2018-10-24,CTD7,0.913
2018-10-24,CTD8,0.77
2018-10-24,CTD9,
2019-04-02,CTD1,0.38
2019-04-02,CTD10,0.467
2019-04-02,CTD11,0.14
2019-04-02,CTD12,0.332
2019-04-02,CTD2,0.57
2019-04-02,CTD3,0.783
2019-04-02,CTD4,0.573
2019-04-02,CTD6,0.39
2019-04-02,CTD7,0.6
2019-04-02,CTD8,0.17
2019-04-02,CTD9,
2019-07-11,CTD1,0.56
2019-07-11,CTD10,0.657
2019-07-11,CTD11,0.867
2019-07-11,CTD12,1.068
2019-07-11,CTD2,0.983
2019-07-11,CTD3,1.465
2019-07-11,CTD4,0.977
2019-07-11,CTD6,1.922
2019-07-11,CTD7,1.543
2019-07-11,CTD8,1.603
2019-07-11,CTD9,
2020-03-27,CTD1,1.86
2020-03-27,CTD10,8.003
2020-03-27,CTD11,5.675
2020-03-27,CTD12,12.115
2020-03-27,CTD2,4.962
2020-03-27,CTD3,7.715
2020-03-27,CTD4,10.8
2020-03-27,CTD6,12.54
2020-03-27,CTD7,6.8
2020-03-27,CTD8,12.5
2020-03-27,CTD9,
2020-08-29,CTD2,1.642
2021-09-09,CTD1,1.22
2021-09-09,CTD10,4.63
2021-09-09,CTD11,7.27
2021-09-09,CTD12,5.4
2021-09-09,CTD2,2.38
2021-09-09,CTD3,2.36
2021-09-09,CTD4,2.748
2021-09-09,CTD6,5.218
2021-09-09,CTD7,2.23
2021-09-09,CTD8,3.9
2021-09-09,CTD9,
2021-09-12,CTD10,10.05
2021-09-12,CTD11,10.47
2021-09-12,CTD12,5.033
2021-09-12,CTD3,4.848
2021-09-12,CTD4,10.775
2021-09-12,CTD6,4.745
2021-09-12,CTD7,4.063
2021-09-12,CTD8,4.123
2021-09-12,CTD9,
2021-11-25,CTD1,0.69
2021-11-25,CTD10,2.21
2021-11-25,CTD11,0.833
2021-11-25,CTD12,2.113
2021-11-25,CTD2,1.045
2021-11-25,CTD3,1.098
2021-11-25,CTD4,1.423
2021-11-25,CTD6,2.677
2021-11-25,CTD7,2.433
2021-11-25,CTD8,0.94
2021-11-25,CTD9,
2022-07-29,CTD3,0.598
2022-09-27,CTD1,0.59
2022-09-27,CTD10,0.957
2022-09-27,CTD11,0.643
2022-09-27,CTD12,1.385
2022-09-27,CTD2,0.575
2022-09-27,CTD3,0.717
2022-09-27,CTD4,0.448
2022-09-27,CTD6,0.762
2022-09-27,CTD7,2.173
2022-09-27,CTD8,2.147
2022-09-27,CTD9,
2023-03-04,CTD12,0.358
2023-05-05,CTD1,0.39
2023-05-05,CTD10,0.297
2023-05-05,CTD11,0.36
2023-05-05,CTD12,0.25
2023-05-05,CTD2,0.2
2023-05-05,CTD3,0.292
2023-05-05,CTD4,0.31
2023-05-05,CTD6,0.645
2023-05-05,CTD7,1.137
2023-05-05,CTD8,1.207
2023-05-05,CTD9,
