Date,Buoy,Chl
2017-05-19,CTD1,0.8105
2017-05-19,CTD10,0.486
2017-05-19,CTD11,0.559
2017-05-19,CTD12,0.5650000000000001
2017-05-19,CTD2,1.0185
2017-05-19,CTD3,0.7849999999999999
2017-05-19,CTD4,0.713
2017-05-19,CTD6,0.504
2017-05-19,CTD7,0.5665
2017-05-19,CTD8,0.6935
2017-05-19,CTD9,0.47650000000000003
2017-05-24,CTD1,0.5825
2017-05-24,CTD10,0.41200000000000003
2017-05-24,CTD11,0.41200000000000003
2017-05-24,CTD12,0.493
2017-05-24,CTD2,0.7685
2017-05-24,CTD3,0.8975
2017-05-24,CTD4,0.35400000000000004
2017-05-24,CTD6,0.5275
2017-05-24,CTD7,1.0075
2017-05-24,CTD8,0.6315
2017-05-24,CTD9,0.1645
2017-06-02,CTD1,1.053
2017-06-02,CTD10,1.1545
2017-06-02,CTD11,0.68
2017-06-02,CTD12,0.94
2017-06-02,CTD2,1.9175
2017-06-02,CTD3,0.7060000000000001
2017-06-02,CTD4,0.4275
2017-06-02,CTD6,0.7705
2017-06-02,CTD7,1.1864999999999999
2017-06-02,CTD8,0.875
2017-06-02,CTD9,0.574
2017-06-06,CTD1,0.5215
2017-06-06,CTD10,1.2705
2017-06-06,CTD11,1.3885
2017-06-06,CTD12,0.6615
2017-06-06,CTD2,1.6589999999999998
2017-06-06,CTD3,0.577
2017-06-06,CTD4,0.6054999999999999
2017-06-06,CTD6,0.586
2017-06-06,CTD7,0.732
2017-06-06,CTD8,1.2469999999999999
2017-06-06,CTD9,0.29200000000000004
2017-06-13,CTD1,0.722
2017-06-13,CTD10,1.2970000000000002
2017-06-13,CTD11,0.5795
2017-06-13,CTD12,1.14
2017-06-13,CTD2,0.815
2017-06-13,CTD3,1.252
2017-06-13,CTD4,0.647
2017-06-13,CTD6,0.4955
2017-06-13,CTD7,1.222
2017-06-13,CTD8,0.702
2017-06-13,CTD9,0.601
2017-06-21,CTD1,0.948
2017-06-21,CTD10,0.314
2017-06-21,CTD11,0.5045
2017-06-21,CTD12,0.77
2017-06-21,CTD2,1.0675
2017-06-21,CTD3,0.909
2017-06-21,CTD4,1.2715
2017-06-21,CTD6,0.525
2017-06-21,CTD7,0.465
2017-06-21,CTD8,0.685
2017-06-21,CTD9,0.21850000000000003
2017-06-30,CTD1,0.8394999999999999
2017-06-30,CTD10,0.5325
2017-06-30,CTD11,0.8555
2017-06-30,CTD12,0.829
2017-06-30,CTD2,0.5205
2017-06-30,CTD3,0.9285
2017-06-30,CTD4,0.8995
2017-06-30,CTD6,0.8545
2017-06-30,CTD7,0.7835
2017-06-30,CTD8,0.5735
2017-06-30,CTD9,0.4625
2017-07-05,CTD1,0.45099999999999996
2017-07-05,CTD10,0.729
2017-07-05,CTD11,1.3195
2017-07-05,CTD12,1.1745
2017-07-05,CTD2,1.7640000000000002
2017-07-05,CTD3,1.184
2017-07-05,CTD4,0.8295000000000001
2017-07-05,CTD6,1.0525
2017-07-05,CTD7,1.8445
2017-07-05,CTD8,0.7484999999999999
2017-07-05,CTD9,0.1225
2017-07-12,CTD1,0.5425
2017-07-12,CTD10,1.9794999999999998
2017-07-12,CTD11,3.3305
2017-07-12,CTD12,1.4685000000000001
2017-07-12,CTD2,1.3034999999999999
2017-07-12,CTD3,1.425
2017-07-12,CTD4,0.8624999999999999
2017-07-12,CTD6,1.611
2017-07-12,CTD7,1.5214999999999999
2017-07-12,CTD8,1.345
2017-07-12,CTD9,0.39149999999999996
2017-07-19,CTD1,1.014
2017-07-19,CTD10,1.4445000000000001
2017-07-19,CTD11,2.0300000000000002
2017-07-19,CTD12,0.6585
2017-07-19,CTD2,1.9755
2017-07-19,CTD3,1.37
2017-07-19,CTD4,1.0155
2017-07-19,CTD6,1.4315
2017-07-19,CTD7,1.3985
2017-07-19,CTD8,0.866
2017-07-19,CTD9,0.5695
2017-07-26,CTD1,0.4815
2017-07-26,CTD10,0.715
2017-07-26,CTD11,1.738
2017-07-26,CTD12,1.4994999999999998
2017-07-26,CTD2,1.0665
2017-07-26,CTD3,0.964
2017-07-26,CTD4,1.0225
2017-07-26,CTD6,1.7369999999999999
2017-07-26,CTD7,2.8575
2017-07-26,CTD8,1.1440000000000001
2017-07-26,CTD9,0.423
2017-08-30,CTD1,3.6875
2017-08-30,CTD10,5.2065
2017-08-30,CTD11,5.202500000000001
2017-08-30,CTD12,5.1739999999999995
2017-08-30,CTD2,4.495
2017-08-30,CTD3,4.134
2017-08-30,CTD4,4.436
2017-08-30,CTD6,4.213
2017-08-30,CTD7,2.675
2017-08-30,CTD8,4.0085
2017-08-30,CTD9,2.895
2017-09-06,CTD1,2.463
2017-09-06,CTD10,4.0085
2017-09-06,CTD11,3.6305
2017-09-06,CTD12,4.052
2017-09-06,CTD2,4.048
2017-09-06,CTD3,2.8175000000000003
2017-09-06,CTD4,3.3345
2017-09-06,CTD6,5.21
2017-09-06,CTD7,1.992
2017-09-06,CTD8,3.848
2017-09-06,CTD9,1.1695
2017-09-11,CTD1,1.5699999999999998
2017-09-11,CTD10,3.3215
2017-09-11,CTD11,3.7270000000000003
2017-09-11,CTD12,4.7705
2017-09-11,CTD2,2.147
2017-09-11,CTD3,1.8895
2017-09-11,CTD4,1.744
2017-09-11,CTD6,4.182
2017-09-11,CTD7,2.016
2017-09-11,CTD8,3.3575
2017-09-11,CTD9,1.4715
2017-09-27,CTD1,2.7245
2017-09-27,CTD10,3.6735
2017-09-27,CTD11,3.646
2017-09-27,CTD12,4.8365
2017-09-27,CTD2,4.7285
2017-09-27,CTD3,3.722
2017-09-27,CTD4,2.6365000000000003
2017-09-27,CTD6,4.178
2017-09-27,CTD7,2.155
2017-09-27,CTD8,2.6605
2017-09-27,CTD9,1.092
2017-10-04,CTD1,3.202
2017-10-04,CTD10,1.7355
2017-10-04,CTD11,2.412
2017-10-04,CTD12,2.5145
2017-10-04,CTD2,3.6615
2017-10-04,CTD3,3.896
2017-10-04,CTD4,2.382
2017-10-04,CTD6,2.3825
2017-10-04,CTD7,2.29
2017-10-04,CTD8,2.4965
2017-10-04,CTD9,0.713
2017-10-11,CTD1,2.4234999999999998
2017-10-11,CTD10,3.8305
2017-10-11,CTD11,3.6665
2017-10-11,CTD12,3.9175
2017-10-11,CTD2,3.808
2017-10-11,CTD3,3.6445
2017-10-11,CTD4,2.2875
2017-10-11,CTD6,3.19
2017-10-11,CTD7,2.0385
2017-10-11,CTD8,2.86
2017-10-11,CTD9,3.3955
2017-10-17,CTD1,4.5775
2017-10-17,CTD10,2.5090000000000003
2017-10-17,CTD11,2.4524999999999997
2017-10-17,CTD12,2.917
2017-10-17,CTD2,5.422
2017-10-17,CTD3,4.922000000000001
2017-10-17,CTD4,2.6149999999999998
2017-10-17,CTD6,2.872
2017-10-17,CTD7,3.1655
2017-10-17,CTD8,3.0075000000000003
2017-10-17,CTD9,1.2895
2017-10-25,CTD1,1.0135
2017-10-25,CTD10,2.6605
2017-10-25,CTD11,3.3815
2017-10-25,CTD12,3.4560000000000004
2017-10-25,CTD2,3.5805
2017-10-25,CTD3,3.5965
2017-10-25,CTD4,1.4715
2017-10-25,CTD6,3.2285
2017-10-25,CTD7,2.836
2017-10-25,CTD8,2.9125
2017-10-25,CTD9,1.0115
2017-11-03,CTD1,2.9654999999999996
2017-11-03,CTD10,3.7215000000000003
2017-11-03,CTD11,3.9455
2017-11-03,CTD12,4.673
2017-11-03,CTD2,5.801
2017-11-03,CTD3,5.076
2017-11-03,CTD4,5.241
2017-11-03,CTD6,5.2589999999999995
2017-11-03,CTD7,2.6475
2017-11-03,CTD8,4.3935
2017-11-03,CTD9,1.714
2017-11-08,CTD1,3.1925
2017-11-08,CTD10,2.997
2017-11-08,CTD11,3.811
2017-11-08,CTD12,4.1645
2017-11-08,CTD2,5.079
2017-11-08,CTD3,2.7439999999999998
2017-11-08,CTD4,2.648
2017-11-08,CTD6,4.15
2017-11-08,CTD7,2.762
2017-11-08,CTD8,3.3325
2017-11-08,CTD9,1.201
2017-11-15,CTD1,3.8149999999999995
2017-11-15,CTD10,1.9380000000000002
2017-11-15,CTD11,2.6895
2017-11-15,CTD12,3.463
2017-11-15,CTD2,4.741
2017-11-15,CTD3,4.303
2017-11-15,CTD4,2.163
2017-11-15,CTD6,3.1085
2017-11-15,CTD7,3.4265000000000003
2017-11-15,CTD8,2.653
2017-11-15,CTD9,0.321
2017-11-22,CTD1,0.9969999999999999
2017-11-22,CTD10,1.096
2017-11-22,CTD11,1.5639999999999998
2017-11-22,CTD12,1.6485
2017-11-22,CTD2,2.4505
2017-11-22,CTD3,2.2104999999999997
2017-11-22,CTD4,1.2754999999999999
2017-11-22,CTD6,1.787
2017-11-22,CTD7,2.6254999999999997
2017-11-22,CTD8,2.063
2017-11-22,CTD9,0.625
2017-11-28,CTD1,1.493
2017-11-28,CTD10,1.94
2017-11-28,CTD11,1.758
2017-11-28,CTD12,2.0705
2017-11-28,CTD2,2.724
2017-11-28,CTD3,2.7995
2017-11-28,CTD4,1.7710000000000001
2017-11-28,CTD6,1.9329999999999998
2017-11-28,CTD7,2.3529999999999998
2017-11-28,CTD8,2.064
2017-11-28,CTD9,1.048
2017-12-05,CTD1,0.6255000000000001
2017-12-05,CTD10,1.3419999999999999
2017-12-05,CTD11,1.5875
2017-12-05,CTD12,1.468
2017-12-05,CTD2,1.5745
2017-12-05,CTD3,0.9774999999999999
2017-12-05,CTD4,0.8405
2017-12-05,CTD6,1.3585
2017-12-05,CTD7,0.9345
2017-12-05,CTD8,1.011
2017-12-05,CTD9,0.5575
2017-12-13,CTD1,1.1560000000000001
2017-12-13,CTD10,1.2215
2017-12-13,CTD11,1.117
2017-12-13,CTD12,1.052
2017-12-13,CTD2,1.7465000000000002
2017-12-13,CTD3,1.9355
2017-12-13,CTD4,1.5585
2017-12-13,CTD6,1.3525
2017-12-13,CTD7,1.4605
2017-12-13,CTD8,1.0
2017-12-13,CTD9,0.6415000000000001
2017-12-18,CTD1,1.1315
2017-12-18,CTD10,1.379
2017-12-18,CTD11,1.1655
2017-12-18,CTD12,1.403
2017-12-18,CTD2,2.484
2017-12-18,CTD3,2.247
2017-12-18,CTD4,1.9125
2017-12-18,CTD6,1.197
2017-12-18,CTD7,1.0675
2017-12-18,CTD8,0.9794999999999999
2017-12-18,CTD9,0.36350000000000005
2017-12-26,CTD1,0.599
2017-12-26,CTD10,1.2795
2017-12-26,CTD11,0.9970000000000001
2017-12-26,CTD12,1.497
2017-12-26,CTD2,1.6925
2017-12-26,CTD3,1.1585
2017-12-26,CTD4,0.7484999999999999
2017-12-26,CTD6,1.605
2017-12-26,CTD7,1.083
2017-12-26,CTD8,1.2029999999999998
2017-12-26,CTD9,1.026
2018-01-02,CTD1,3.247
2018-01-02,CTD10,3.6775
2018-01-02,CTD11,3.0564999999999998
2018-01-02,CTD12,4.115
2018-01-02,CTD2,2.4314999999999998
2018-01-02,CTD3,1.344
2018-01-02,CTD4,1.988
2018-01-02,CTD6,4.1795
2018-01-02,CTD7,2.0145
2018-01-02,CTD8,3.1959999999999997
2018-01-02,CTD9,0.637
2018-01-09,CTD1,2.0875
2018-01-09,CTD10,1.6119999999999999
2018-01-09,CTD11,1.6584999999999999
2018-01-09,CTD12,2.4154999999999998
2018-01-09,CTD2,3.1005000000000003
2018-01-09,CTD3,1.6199999999999999
2018-01-09,CTD4,1.293
2018-01-09,CTD6,1.8059999999999998
2018-01-09,CTD7,1.325
2018-01-09,CTD8,1.384
2018-01-09,CTD9,0.6825
2018-01-17,CTD1,0.874
2018-01-17,CTD10,1.899
2018-01-17,CTD11,1.8880000000000001
2018-01-17,CTD12,2.373
2018-01-17,CTD2,1.9725
2018-01-17,CTD3,1.3925
2018-01-17,CTD4,1.6135
2018-01-17,CTD6,2.1174999999999997
2018-01-17,CTD7,1.1795
2018-01-17,CTD8,1.5539999999999998
2018-01-17,CTD9,0.628
2018-01-24,CTD1,1.9284999999999999
2018-01-24,CTD10,1.216
2018-01-24,CTD11,1.1935
2018-01-24,CTD12,2.155
2018-01-24,CTD2,3.3194999999999997
2018-01-24,CTD3,0.9895
2018-01-24,CTD4,0.8125
2018-01-24,CTD6,2.8705
2018-01-24,CTD7,1.2465
2018-01-24,CTD8,1.0855
2018-01-24,CTD9,0.4345
2018-01-31,CTD1,3.569
2018-01-31,CTD10,3.7715
2018-01-31,CTD11,3.5945
2018-01-31,CTD12,2.666
2018-01-31,CTD2,2.741
2018-01-31,CTD3,1.1645
2018-01-31,CTD4,1.272
2018-01-31,CTD6,3.3585000000000003
2018-01-31,CTD7,1.0785
2018-01-31,CTD8,2.6750000000000003
2018-01-31,CTD9,1.8005
2018-02-12,CTD1,4.147
2018-02-12,CTD10,2.615
2018-02-12,CTD11,4.207
2018-02-12,CTD12,3.9659999999999997
2018-02-12,CTD2,4.6205
2018-02-12,CTD3,3.1345
2018-02-12,CTD4,2.1135
2018-02-12,CTD6,5.1325
2018-02-12,CTD7,4.506
2018-02-12,CTD8,3.782
2018-02-12,CTD9,0.859
2018-02-20,CTD1,2.7805
2018-02-20,CTD10,2.9924999999999997
2018-02-20,CTD11,3.0385
2018-02-20,CTD12,3.8175
2018-02-20,CTD2,3.125
2018-02-20,CTD3,1.4395
2018-02-20,CTD4,1.354
2018-02-20,CTD6,4.686
2018-02-20,CTD7,1.3255000000000001
2018-02-20,CTD8,1.1960000000000002
2018-02-20,CTD9,0.6809999999999999
2018-02-27,CTD1,1.802
2018-02-27,CTD10,4.577
2018-02-27,CTD11,4.461
2018-02-27,CTD12,3.101
2018-02-27,CTD2,3.4915000000000003
2018-02-27,CTD3,3.7700000000000005
2018-02-27,CTD4,3.1799999999999997
2018-02-27,CTD6,3.4375
2018-02-27,CTD7,2.2085
2018-02-27,CTD8,3.078
2018-02-27,CTD9,1.151
2018-03-07,CTD1,2.5155
2018-03-07,CTD10,2.221
2018-03-07,CTD11,1.282
2018-03-07,CTD12,1.972
2018-03-07,CTD2,2.45
2018-03-07,CTD3,1.3785
2018-03-07,CTD4,1.5270000000000001
2018-03-07,CTD6,2.585
2018-03-07,CTD7,1.3575
2018-03-07,CTD8,1.5915000000000001
2018-03-07,CTD9,0.509
2018-03-13,CTD1,1.4295
2018-03-13,CTD10,2.7195
2018-03-13,CTD11,2.2145
2018-03-13,CTD12,1.985
2018-03-13,CTD2,2.396
2018-03-13,CTD3,2.5315000000000003
2018-03-13,CTD4,1.5095
2018-03-13,CTD6,2.2835
2018-03-13,CTD7,1.1295
2018-03-13,CTD8,2.116
2018-03-13,CTD9,0.274
2018-03-26,CTD1,1.156
2018-03-26,CTD10,0.801
2018-03-26,CTD11,2.2015
2018-03-26,CTD12,1.657
2018-03-26,CTD2,1.944
2018-03-26,CTD3,0.5365
2018-03-26,CTD4,0.544
2018-03-26,CTD6,1.2955
2018-03-26,CTD7,1.47
2018-03-26,CTD8,0.9595
2018-03-26,CTD9,0.2335
2018-04-05,CTD1,0.4645
2018-04-05,CTD10,0.9099999999999999
2018-04-05,CTD11,1.139
2018-04-05,CTD12,0.8214999999999999
2018-04-05,CTD2,0.238
2018-04-05,CTD3,1.476
2018-04-05,CTD4,1.3385
2018-04-05,CTD6,0.6759999999999999
2018-04-05,CTD7,0.39549999999999996
2018-04-05,CTD8,0.562
2018-04-05,CTD9,0.18
2018-04-17,CTD1,0.6285
2018-04-17,CTD10,0.607
2018-04-17,CTD11,1.0735
2018-04-17,CTD12,1.1219999999999999
2018-04-17,CTD2,0.6745
2018-04-17,CTD3,0.9555
2018-04-17,CTD4,0.6625
2018-04-17,CTD6,0.631
2018-04-17,CTD7,0.2715
2018-04-17,CTD8,0.485
2018-04-17,CTD9,0.17049999999999998
2018-04-27,CTD1,1.359
2018-04-27,CTD10,1.2665000000000002
2018-04-27,CTD11,1.5154999999999998
2018-04-27,CTD12,0.7925
2018-04-27,CTD2,1.2105
2018-04-27,CTD3,0.657
2018-04-27,CTD4,0.762
2018-04-27,CTD6,0.969
2018-04-27,CTD7,0.645
2018-04-27,CTD8,0.5690000000000001
2018-04-27,CTD9,0.3355
2018-05-02,CTD1,0.965
2018-05-02,CTD10,3.578
2018-05-02,CTD11,0.6255
2018-05-02,CTD12,0.853
2018-05-02,CTD2,0.6785
2018-05-02,CTD3,0.8305
2018-05-02,CTD4,0.6214999999999999
2018-05-02,CTD6,0.688
2018-05-02,CTD7,0.474
2018-05-02,CTD8,0.44299999999999995
2018-05-02,CTD9,0.254
2018-05-11,CTD1,1.7115
2018-05-11,CTD10,1.998
2018-05-11,CTD11,1.887
2018-05-11,CTD12,0.797
2018-05-11,CTD2,1.5815000000000001
2018-05-11,CTD3,1.5315
2018-05-11,CTD4,0.477
2018-05-11,CTD6,1.3165
2018-05-11,CTD7,1.6005000000000003
2018-05-11,CTD8,1.041
2018-05-11,CTD9,0.3715
2018-05-16,CTD1,1.205
2018-05-16,CTD10,0.7715
2018-05-16,CTD11,0.8875
2018-05-16,CTD12,0.3275
2018-05-16,CTD2,1.3399999999999999
2018-05-16,CTD3,1.6005
2018-05-16,CTD4,1.1265
2018-05-16,CTD6,0.5115000000000001
2018-05-16,CTD7,1.8755
2018-05-16,CTD8,0.526
2018-05-16,CTD9,0.4575
2018-05-22,CTD1,0.7175
2018-05-22,CTD10,0.5565
2018-05-22,CTD11,0.8170000000000001
2018-05-22,CTD12,0.481
2018-05-22,CTD2,0.8725
2018-05-22,CTD3,0.4345
2018-05-22,CTD4,0.524
2018-05-22,CTD6,0.8995
2018-05-22,CTD7,0.6945
2018-05-22,CTD8,0.333
2018-05-22,CTD9,0.3135
2018-05-30,CTD1,0.583
2018-05-30,CTD10,0.8005
2018-05-30,CTD11,0.7085
2018-05-30,CTD12,0.404
2018-05-30,CTD2,0.633
2018-05-30,CTD3,0.765
2018-05-30,CTD4,0.5665
2018-05-30,CTD6,0.565
2018-05-30,CTD7,0.4435
2018-05-30,CTD8,0.4395
2018-05-30,CTD9,0.246
2018-06-08,CTD1,0.5780000000000001
2018-06-08,CTD10,0.5695
2018-06-08,CTD11,0.8105
2018-06-08,CTD12,0.485
2018-06-08,CTD2,0.6815
2018-06-08,CTD3,0.3265
2018-06-08,CTD4,0.34450000000000003
2018-06-08,CTD6,0.516
2018-06-08,CTD7,0.8340000000000001
2018-06-08,CTD8,0.44099999999999995
2018-06-08,CTD9,0.318
2018-06-12,CTD1,0.591
2018-06-12,CTD10,1.0005
2018-06-12,CTD11,0.85
2018-06-12,CTD12,0.7745
2018-06-12,CTD2,0.5025000000000001
2018-06-12,CTD3,0.5645
2018-06-12,CTD4,0.4655
2018-06-12,CTD6,0.5245
2018-06-12,CTD7,1.3820000000000001
2018-06-12,CTD8,0.623
2018-06-12,CTD9,0.2585
2018-06-20,CTD1,0.8314999999999999
2018-06-20,CTD10,1.2025000000000001
2018-06-20,CTD11,0.44899999999999995
2018-06-20,CTD12,1.0425
2018-06-20,CTD2,0.5265
2018-06-20,CTD3,0.756
2018-06-20,CTD4,0.427
2018-06-20,CTD6,0.4415
2018-06-20,CTD7,0.28
2018-06-20,CTD8,0.5509999999999999
2018-06-20,CTD9,0.2425
2018-06-26,CTD1,0.7335
2018-06-26,CTD10,1.5055
2018-06-26,CTD11,0.7025
2018-06-26,CTD12,1.6855
2018-06-26,CTD2,0.6495
2018-06-26,CTD3,0.9495
2018-06-26,CTD4,0.472
2018-06-26,CTD6,1.055
2018-06-26,CTD7,0.667
2018-06-26,CTD8,1.1315
2018-06-26,CTD9,0.236
2018-07-04,CTD1,0.5355000000000001
2018-07-04,CTD10,1.2405
2018-07-04,CTD11,3.7415
2018-07-04,CTD12,1.8725
2018-07-04,CTD2,0.6875
2018-07-04,CTD3,0.6265000000000001
2018-07-04,CTD4,1.7275
2018-07-04,CTD6,2.0330000000000004
2018-07-04,CTD7,0.9385
2018-07-04,CTD8,1.111
2018-07-04,CTD9,0.308
2018-07-10,CTD1,0.492
2018-07-10,CTD10,1.005
2018-07-10,CTD11,1.101
2018-07-10,CTD12,1.706
2018-07-10,CTD2,0.3005
2018-07-10,CTD3,0.45599999999999996
2018-07-10,CTD4,1.2315
2018-07-10,CTD6,1.5310000000000001
2018-07-10,CTD7,0.46399999999999997
2018-07-10,CTD8,1.351
2018-07-10,CTD9,0.272
2018-07-19,CTD1,0.545
2018-07-19,CTD10,1.2705
2018-07-19,CTD11,0.862
2018-07-19,CTD12,1.593
2018-07-19,CTD2,0.6655
2018-07-19,CTD3,0.45799999999999996
2018-07-19,CTD4,0.581
2018-07-19,CTD6,0.6985
2018-07-19,CTD7,0.767
2018-07-19,CTD8,1.1405
2018-07-19,CTD9,0.3135
2018-07-24,CTD1,0.633
2018-07-24,CTD10,1.267
2018-07-24,CTD11,0.796
2018-07-24,CTD12,1.1865
2018-07-24,CTD2,0.34199999999999997
2018-07-24,CTD3,0.43500000000000005
2018-07-24,CTD4,0.4985
2018-07-24,CTD6,1.022
2018-07-24,CTD7,0.47050000000000003
2018-07-24,CTD8,1.0095
2018-07-24,CTD9,0.2065
2018-08-03,CTD1,0.40149999999999997
2018-08-03,CTD10,0.9815
2018-08-03,CTD11,0.944
2018-08-03,CTD12,1.8275000000000001
2018-08-03,CTD2,0.4235
2018-08-03,CTD3,0.772
2018-08-03,CTD4,0.77
2018-08-03,CTD6,1.273
2018-08-03,CTD7,1.072
2018-08-03,CTD8,1.152
2018-08-03,CTD9,0.2585
2018-08-09,CTD1,0.44199999999999995
2018-08-09,CTD10,0.8775
2018-08-09,CTD11,0.6225
2018-08-09,CTD12,0.585
2018-08-09,CTD2,0.4245
2018-08-09,CTD3,0.568
2018-08-09,CTD4,0.484
2018-08-09,CTD6,0.6365
2018-08-09,CTD7,0.617
2018-08-09,CTD8,0.8155
2018-08-09,CTD9,0.22249999999999998
2018-08-14,CTD1,0.371
2018-08-14,CTD10,1.2375
2018-08-14,CTD11,0.494
2018-08-14,CTD12,0.9470000000000001
2018-08-14,CTD2,0.6965
2018-08-14,CTD3,0.34850000000000003
2018-08-14,CTD4,0.5415
2018-08-14,CTD6,0.672
2018-08-14,CTD7,0.41100000000000003
2018-08-14,CTD8,0.49749999999999994
2018-08-14,CTD9,0.22
2018-08-23,CTD1,0.36250000000000004
2018-08-23,CTD10,0.6675
2018-08-23,CTD11,0.8085
2018-08-23,CTD12,1.0194999999999999
2018-08-23,CTD2,0.694
2018-08-23,CTD3,0.4815
2018-08-23,CTD4,0.45349999999999996
2018-08-23,CTD6,0.7515000000000001
2018-08-23,CTD7,0.6935
2018-08-23,CTD8,0.8005
2018-08-23,CTD9,0.2085
2018-08-29,CTD1,0.4245
2018-08-29,CTD10,0.6619999999999999
2018-08-29,CTD11,0.7015
2018-08-29,CTD12,0.634
2018-08-29,CTD2,0.397
2018-08-29,CTD3,0.47350000000000003
2018-08-29,CTD4,0.372
2018-08-29,CTD6,0.4255
2018-08-29,CTD7,0.408
2018-08-29,CTD8,0.5820000000000001
2018-08-29,CTD9,0.14150000000000001
2018-09-04,CTD1,0.6405
2018-09-04,CTD10,0.5655
2018-09-04,CTD11,0.44499999999999995
2018-09-04,CTD12,0.508
2018-09-04,CTD2,0.864
2018-09-04,CTD3,0.7155
2018-09-04,CTD4,0.3685
2018-09-04,CTD6,0.538
2018-09-04,CTD7,0.3895
2018-09-04,CTD8,0.6795
2018-09-04,CTD9,0.23450000000000001
2018-09-13,CTD1,0.812
2018-09-13,CTD10,0.8225
2018-09-13,CTD11,0.795
2018-09-13,CTD12,0.7789999999999999
2018-09-13,CTD2,0.579
2018-09-13,CTD3,0.675
2018-09-13,CTD4,0.509
2018-09-13,CTD6,0.5485
2018-09-13,CTD7,0.47150000000000003
2018-09-13,CTD8,0.9079999999999999
2018-09-13,CTD9,0.346
2018-09-20,CTD1,0.7244999999999999
2018-09-20,CTD10,0.9299999999999999
2018-09-20,CTD11,0.48400000000000004
2018-09-20,CTD12,1.058
2018-09-20,CTD2,0.495
2018-09-20,CTD3,0.6765000000000001
2018-09-20,CTD4,0.597
2018-09-20,CTD6,0.7985
2018-09-20,CTD7,0.542
2018-09-20,CTD8,0.802
2018-09-20,CTD9,0.2375
2018-10-03,CTD1,0.22749999999999998
2018-10-03,CTD10,0.5945
2018-10-03,CTD11,0.39749999999999996
2018-10-03,CTD12,0.681
2018-10-03,CTD2,0.3155
2018-10-03,CTD3,0.241
2018-10-03,CTD4,0.12
2018-10-03,CTD6,0.59
2018-10-03,CTD7,0.16749999999999998
2018-10-03,CTD8,0.733
2018-10-03,CTD9,0.105
2018-10-10,CTD1,0.342
2018-10-10,CTD10,0.485
2018-10-10,CTD11,0.144
2018-10-10,CTD12,0.48750000000000004
2018-10-10,CTD2,0.393
2018-10-10,CTD3,0.48949999999999994
2018-10-10,CTD4,0.2535
2018-10-10,CTD6,0.6325000000000001
2018-10-10,CTD7,0.2525
2018-10-10,CTD8,0.4585
2018-10-10,CTD9,1.34
2018-10-17,CTD1,0.1945
2018-10-17,CTD10,0.41200000000000003
2018-10-17,CTD11,0.28150000000000003
2018-10-17,CTD12,0.6315000000000001
2018-10-17,CTD2,0.22799999999999998
2018-10-17,CTD3,0.46099999999999997
2018-10-17,CTD4,0.447
2018-10-17,CTD6,0.3275
2018-10-17,CTD7,0.1385
2018-10-17,CTD8,0.277
2018-10-17,CTD9,0.16049999999999998
2018-10-31,CTD1,0.6825
2018-10-31,CTD10,0.968
2018-10-31,CTD11,0.8225
2018-10-31,CTD12,1.1085
2018-10-31,CTD2,0.35550000000000004
2018-10-31,CTD3,0.58
2018-10-31,CTD4,0.513
2018-10-31,CTD6,0.472
2018-10-31,CTD7,0.6799999999999999
2018-10-31,CTD8,0.7295
2018-10-31,CTD9,0.279
2018-11-07,CTD1,0.5539999999999999
2018-11-07,CTD10,0.6375
2018-11-07,CTD11,1.466
2018-11-07,CTD12,0.6185
2018-11-07,CTD2,0.297
2018-11-07,CTD3,0.739
2018-11-07,CTD4,0.7295
2018-11-07,CTD6,0.6315000000000001
2018-11-07,CTD7,0.276
2018-11-07,CTD8,0.6335
2018-11-07,CTD9,0.204
2018-11-21,CTD1,0.508
2018-11-21,CTD10,1.5225
2018-11-21,CTD11,1.168
2018-11-21,CTD12,1.5255
2018-11-21,CTD2,0.5595
2018-11-21,CTD3,0.8694999999999999
2018-11-21,CTD4,0.8825000000000001
2018-11-21,CTD6,1.3375
2018-11-21,CTD7,1.0735
2018-11-21,CTD8,1.319
2018-11-21,CTD9,0.3135
2018-11-28,CTD1,0.3585
2018-11-28,CTD10,1.1280000000000001
2018-11-28,CTD11,0.736
2018-11-28,CTD12,0.8089999999999999
2018-11-28,CTD2,0.7775000000000001
2018-11-28,CTD3,1.0145
2018-11-28,CTD4,1.6029999999999998
2018-11-28,CTD6,0.8240000000000001
2018-11-28,CTD7,1.613
2018-11-28,CTD8,0.9625
2018-11-28,CTD9,0.37
2018-12-04,CTD1,0.374
2018-12-04,CTD10,0.7010000000000001
2018-12-04,CTD11,0.548
2018-12-04,CTD12,0.7035
2018-12-04,CTD2,0.43299999999999994
2018-12-04,CTD3,1.227
2018-12-04,CTD4,0.8140000000000001
2018-12-04,CTD6,0.677
2018-12-04,CTD7,1.6315
2018-12-04,CTD8,0.7304999999999999
2018-12-04,CTD9,0.3195
2018-12-11,CTD1,0.2625
2018-12-11,CTD10,1.0465
2018-12-11,CTD11,0.44799999999999995
2018-12-11,CTD12,0.783
2018-12-11,CTD2,0.5875
2018-12-11,CTD3,0.5605
2018-12-11,CTD4,0.48650000000000004
2018-12-11,CTD6,1.4425000000000001
2018-12-11,CTD7,0.734
2018-12-11,CTD8,0.929
2018-12-11,CTD9,0.32299999999999995
2018-12-19,CTD1,0.472
2018-12-19,CTD10,0.6255000000000001
2018-12-19,CTD11,0.42900000000000005
2018-12-19,CTD12,0.55
2018-12-19,CTD2,0.3775
2018-12-19,CTD3,0.5635
2018-12-19,CTD4,0.4185
2018-12-19,CTD6,0.4275
2018-12-19,CTD7,1.5434999999999999
2018-12-19,CTD8,0.7390000000000001
2018-12-19,CTD9,0.2305
2018-12-26,CTD1,0.4545
2018-12-26,CTD10,0.5840000000000001
2018-12-26,CTD11,0.529
2018-12-26,CTD12,0.532
2018-12-26,CTD2,0.6895
2018-12-26,CTD3,0.23850000000000002
2018-12-26,CTD4,0.34299999999999997
2018-12-26,CTD6,0.3325
2018-12-26,CTD7,0.35150000000000003
2018-12-26,CTD8,0.1695
2018-12-26,CTD9,0.178
2019-01-03,CTD1,0.3075
2019-01-03,CTD10,0.6405
2019-01-03,CTD11,0.485
2019-01-03,CTD12,0.917
2019-01-03,CTD2,0.293
2019-01-03,CTD3,0.421
2019-01-03,CTD4,0.41000000000000003
2019-01-03,CTD6,0.82
2019-01-03,CTD7,0.48650000000000004
2019-01-03,CTD8,0.9095
2019-01-03,CTD9,0.277
2019-01-09,CTD1,0.35550000000000004
2019-01-09,CTD10,0.2135
2019-01-09,CTD11,0.174
2019-01-09,CTD12,0.2955
2019-01-09,CTD2,0.4195
2019-01-09,CTD3,0.4435
2019-01-09,CTD4,0.38949999999999996
2019-01-09,CTD6,0.3065
2019-01-09,CTD7,0.4265
2019-01-09,CTD8,0.281
2019-01-09,CTD9,0.133
2019-01-17,CTD1,0.329
2019-01-17,CTD10,0.2045
2019-01-17,CTD11,0.274
2019-01-17,CTD12,0.206
2019-01-17,CTD2,0.303
2019-01-17,CTD3,0.3515
2019-01-17,CTD4,0.244
2019-01-17,CTD6,0.2665
2019-01-17,CTD7,0.1565
2019-01-17,CTD8,0.1935
2019-01-17,CTD9,0.11900000000000001
2019-01-25,CTD1,0.22
2019-01-25,CTD10,0.1785
2019-01-25,CTD11,0.165
2019-01-25,CTD12,0.1825
2019-01-25,CTD2,0.331
2019-01-25,CTD3,0.3685
2019-01-25,CTD4,0.2945
2019-01-25,CTD6,0.1835
2019-01-25,CTD7,0.245
2019-01-25,CTD8,0.1655
2019-01-25,CTD9,0.154
2019-02-06,CTD1,0.1985
2019-02-06,CTD10,0.238
2019-02-06,CTD11,0.1915
2019-02-06,CTD12,0.3115
2019-02-06,CTD2,0.4145
2019-02-06,CTD3,0.367
2019-02-06,CTD4,0.2935
2019-02-06,CTD6,0.358
2019-02-06,CTD7,0.18
2019-02-06,CTD8,0.1635
2019-02-06,CTD9,0.139
2019-02-12,CTD1,0.1305
2019-02-12,CTD10,0.2605
2019-02-12,CTD11,0.2225
2019-02-12,CTD12,0.492
2019-02-12,CTD2,0.5015000000000001
2019-02-12,CTD3,0.41600000000000004
2019-02-12,CTD4,0.255
2019-02-12,CTD6,0.32699999999999996
2019-02-12,CTD7,0.561
2019-02-12,CTD8,0.3305
2019-02-12,CTD9,0.584
2019-02-20,CTD1,0.26
2019-02-20,CTD10,0.1135
2019-02-20,CTD11,0.084
2019-02-20,CTD12,0.078
2019-02-20,CTD2,0.316
2019-02-20,CTD3,0.308
2019-02-20,CTD4,0.1395
2019-02-20,CTD6,0.0455
2019-02-20,CTD7,0.11649999999999999
2019-02-20,CTD8,0.10200000000000001
2019-02-20,CTD9,0.153
2019-02-26,CTD1,0.2455
2019-02-26,CTD10,0.128
2019-02-26,CTD11,0.0475
2019-02-26,CTD12,0.08449999999999999
2019-02-26,CTD2,0.1555
2019-02-26,CTD3,0.137
2019-02-26,CTD4,0.16399999999999998
2019-02-26,CTD6,0.0995
2019-02-26,CTD7,0.148
2019-02-26,CTD8,0.1335
2019-02-26,CTD9,0.122
2019-03-05,CTD1,0.16999999999999998
2019-03-05,CTD10,0.128
2019-03-05,CTD11,0.1145
2019-03-05,CTD12,0.315
2019-03-05,CTD2,0.213
2019-03-05,CTD3,0.2595
2019-03-05,CTD4,0.201
2019-03-05,CTD6,0.214
2019-03-05,CTD7,0.081
2019-03-05,CTD8,0.1665
2019-03-05,CTD9,0.07400000000000001
2019-03-12,CTD1,0.11750000000000001
2019-03-12,CTD10,0.201
2019-03-12,CTD11,0.22849999999999998
2019-03-12,CTD12,0.1915
2019-03-12,CTD2,0.299
2019-03-12,CTD3,0.33399999999999996
2019-03-12,CTD4,0.2025
2019-03-12,CTD6,0.2295
2019-03-12,CTD7,0.158
2019-03-12,CTD8,0.146
2019-03-12,CTD9,0.183
2019-03-28,CTD1,0.16
2019-03-28,CTD10,0.1375
2019-03-28,CTD11,0.0795
2019-03-28,CTD12,0.0575
2019-03-28,CTD2,0.357
2019-03-28,CTD3,0.36
2019-03-28,CTD4,0.348
2019-03-28,CTD6,0.0805
2019-03-28,CTD7,0.45199999999999996
2019-03-28,CTD8,0.2435
2019-03-28,CTD9,0.139
2019-04-15,CTD1,0.3175
2019-04-15,CTD10,0.11800000000000001
2019-04-15,CTD11,0.025
2019-04-15,CTD12,0.061
2019-04-15,CTD2,0.184
2019-04-15,CTD3,0.3375
2019-04-15,CTD4,0.40149999999999997
2019-04-15,CTD6,0.1225
2019-04-15,CTD7,0.23049999999999998
2019-04-15,CTD8,0.16799999999999998
2019-04-15,CTD9,0.1535
2019-04-24,CTD1,0.366
2019-04-24,CTD10,0.5589999999999999
2019-04-24,CTD11,0.274
2019-04-24,CTD12,0.561
2019-04-24,CTD2,1.103
2019-04-24,CTD3,0.8260000000000001
2019-04-24,CTD4,0.371
2019-04-24,CTD6,0.4465
2019-04-24,CTD7,1.2055
2019-04-24,CTD8,0.893
2019-04-24,CTD9,0.4945
2019-04-30,CTD1,0.46950000000000003
2019-04-30,CTD10,0.3695
2019-04-30,CTD11,0.4195
2019-04-30,CTD12,0.34500000000000003
2019-04-30,CTD2,1.0095
2019-04-30,CTD3,0.8625
2019-04-30,CTD4,0.456
2019-04-30,CTD6,0.5855
2019-04-30,CTD7,0.7375
2019-04-30,CTD8,0.4135
2019-04-30,CTD9,0.11599999999999999
2019-05-08,CTD1,0.1405
2019-05-08,CTD10,0.3145
2019-05-08,CTD11,0.2815
2019-05-08,CTD12,0.42600000000000005
2019-05-08,CTD2,0.732
2019-05-08,CTD3,0.667
2019-05-08,CTD4,0.41500000000000004
2019-05-08,CTD6,0.6305000000000001
2019-05-08,CTD7,0.898
2019-05-08,CTD8,0.4865
2019-05-08,CTD9,0.27749999999999997
2019-05-15,CTD1,0.76
2019-05-15,CTD10,0.577
2019-05-15,CTD11,0.691
2019-05-15,CTD12,0.683
2019-05-15,CTD2,0.6815
2019-05-15,CTD3,0.768
2019-05-15,CTD4,0.46299999999999997
2019-05-15,CTD6,0.6745
2019-05-15,CTD7,1.2610000000000001
2019-05-15,CTD8,0.6915
2019-05-15,CTD9,0.3425
2019-05-21,CTD1,1.0605
2019-05-21,CTD10,1.3559999999999999
2019-05-21,CTD11,1.4975
2019-05-21,CTD12,1.592
2019-05-21,CTD2,2.307
2019-05-21,CTD3,2.1574999999999998
2019-05-21,CTD4,0.9894999999999999
2019-05-21,CTD6,1.7730000000000001
2019-05-21,CTD7,2.1615
2019-05-21,CTD8,1.5585
2019-05-21,CTD9,0.9905
2019-05-29,CTD1,0.5375000000000001
2019-05-29,CTD10,1.599
2019-05-29,CTD11,0.892
2019-05-29,CTD12,1.903
2019-05-29,CTD2,1.1400000000000001
2019-05-29,CTD3,1.5955
2019-05-29,CTD4,1.0995
2019-05-29,CTD6,2.3724999999999996
2019-05-29,CTD7,1.86
2019-05-29,CTD8,2.9515000000000002
2019-05-29,CTD9,1.895
2019-06-04,CTD1,1.345
2019-06-04,CTD10,1.05
2019-06-04,CTD11,1.1725
2019-06-04,CTD12,1.796
2019-06-04,CTD2,2.5885
2019-06-04,CTD3,1.9645
2019-06-04,CTD4,1.911
2019-06-04,CTD6,2.259
2019-06-04,CTD7,1.77
2019-06-04,CTD8,2.493
2019-06-04,CTD9,0.5465
2019-06-18,CTD1,1.1475
2019-06-18,CTD10,1.1139999999999999
2019-06-18,CTD11,0.886
2019-06-18,CTD12,1.355
2019-06-18,CTD2,1.984
2019-06-18,CTD3,2.697
2019-06-18,CTD4,2.7779999999999996
2019-06-18,CTD6,1.8475000000000001
2019-06-18,CTD7,0.9875
2019-06-18,CTD8,1.245
2019-06-18,CTD9,0.6255
2019-06-25,CTD1,1.129
2019-06-25,CTD10,1.129
2019-06-25,CTD11,0.766
2019-06-25,CTD12,1.3025
2019-06-25,CTD2,1.7670000000000001
2019-06-25,CTD3,1.4295
2019-06-25,CTD4,1.2255
2019-06-25,CTD6,1.8025000000000002
2019-06-25,CTD7,1.1455
2019-06-25,CTD8,1.296
2019-06-25,CTD9,0.774
2019-07-04,CTD1,0.8145
2019-07-04,CTD10,1.404
2019-07-04,CTD11,1.0315
2019-07-04,CTD12,1.4780000000000002
2019-07-04,CTD2,1.9165
2019-07-04,CTD3,2.3275
2019-07-04,CTD4,1.7585
2019-07-04,CTD6,1.3525
2019-07-04,CTD7,1.4845000000000002
2019-07-04,CTD8,1.7515
2019-07-04,CTD9,0.77
2019-07-10,CTD1,0.371
2019-07-10,CTD10,1.166
2019-07-10,CTD11,0.577
2019-07-10,CTD12,0.494
2019-07-10,CTD2,0.968
2019-07-10,CTD3,1.002
2019-07-10,CTD4,0.554
2019-07-10,CTD6,0.37
2019-07-10,CTD7,1.231
2019-07-10,CTD8,0.997
2019-07-10,CTD9,1.354
2019-07-19,CTD1,0.6174999999999999
2019-07-19,CTD10,0.694
2019-07-19,CTD11,0.8225
2019-07-19,CTD12,0.7825
2019-07-19,CTD2,1.112
2019-07-19,CTD3,1.403
2019-07-19,CTD4,1.476
2019-07-19,CTD6,1.17
2019-07-19,CTD7,0.3755
2019-07-19,CTD8,0.965
2019-07-19,CTD9,0.485
2019-07-26,CTD1,0.6990000000000001
2019-07-26,CTD10,0.4985
2019-07-26,CTD11,0.325
2019-07-26,CTD12,0.9035
2019-07-26,CTD2,1.013
2019-07-26,CTD3,0.6995
2019-07-26,CTD4,1.536
2019-07-26,CTD6,1.0594999999999999
2019-07-26,CTD7,1.0785
2019-07-26,CTD8,1.4815
2019-07-26,CTD9,0.5469999999999999
2019-07-30,CTD1,0.20950000000000002
2019-07-30,CTD10,0.478
2019-07-30,CTD11,0.49949999999999994
2019-07-30,CTD12,0.753
2019-07-30,CTD2,0.9955
2019-07-30,CTD3,1.298
2019-07-30,CTD4,1.521
2019-07-30,CTD6,1.5755
2019-07-30,CTD7,0.7715000000000001
2019-07-30,CTD8,0.808
2019-07-30,CTD9,0.30200000000000005
2019-08-06,CTD1,0.1955
2019-08-06,CTD10,0.8055
2019-08-06,CTD11,0.712
2019-08-06,CTD12,0.885
2019-08-06,CTD2,1.061
2019-08-06,CTD3,1.1059999999999999
2019-08-06,CTD4,1.8570000000000002
2019-08-06,CTD6,1.1685
2019-08-06,CTD7,0.412
2019-08-06,CTD8,0.7065
2019-08-06,CTD9,0.29800000000000004
2019-08-14,CTD1,1.1525
2019-08-14,CTD10,1.552
2019-08-14,CTD11,1.342
2019-08-14,CTD12,1.3784999999999998
2019-08-14,CTD2,2.074
2019-08-14,CTD3,2.9505
2019-08-14,CTD4,2.8735
2019-08-14,CTD6,1.7919999999999998
2019-08-14,CTD7,0.9804999999999999
2019-08-14,CTD8,1.4895
2019-08-14,CTD9,1.2815
2019-08-22,CTD1,1.6684999999999999
2019-08-22,CTD10,2.533
2019-08-22,CTD11,2.5105
2019-08-22,CTD12,2.156
2019-08-22,CTD2,2.311
2019-08-22,CTD3,3.3324999999999996
2019-08-22,CTD4,3.2565
2019-08-22,CTD6,2.6425
2019-08-22,CTD7,2.3970000000000002
2019-08-22,CTD8,2.0325
2019-08-22,CTD9,1.0685
2019-08-29,CTD1,2.028
2019-08-29,CTD10,2.2385
2019-08-29,CTD11,1.2205
2019-08-29,CTD12,2.6595000000000004
2019-08-29,CTD2,2.355
2019-08-29,CTD3,2.6654999999999998
2019-08-29,CTD4,2.1915
2019-08-29,CTD6,2.9115
2019-08-29,CTD7,2.5885
2019-08-29,CTD8,3.4364999999999997
2019-08-29,CTD9,1.8025000000000002
2019-09-04,CTD1,1.7985
2019-09-04,CTD10,1.786
2019-09-04,CTD11,1.5150000000000001
2019-09-04,CTD12,2.6505
2019-09-04,CTD2,2.8979999999999997
2019-09-04,CTD3,3.158
2019-09-04,CTD4,3.143
2019-09-04,CTD6,2.0084999999999997
2019-09-04,CTD7,3.0665
2019-09-04,CTD8,1.6509999999999998
2019-09-04,CTD9,1.045
2019-09-10,CTD1,1.0775000000000001
2019-09-10,CTD10,2.55
2019-09-10,CTD11,2.291
2019-09-10,CTD12,3.4495000000000005
2019-09-10,CTD2,3.702
2019-09-10,CTD3,3.247
2019-09-10,CTD4,2.484
2019-09-10,CTD6,3.245
2019-09-10,CTD7,4.126
2019-09-10,CTD8,4.1370000000000005
2019-09-10,CTD9,1.3485
2019-09-17,CTD1,8.494
2019-09-17,CTD10,10.746500000000001
2019-09-17,CTD11,5.925000000000001
2019-09-17,CTD12,14.843499999999999
2019-09-17,CTD2,9.5495
2019-09-17,CTD3,8.622
2019-09-17,CTD4,11.806999999999999
2019-09-17,CTD6,13.7165
2019-09-17,CTD7,8.0475
2019-09-17,CTD8,11.2105
2019-09-17,CTD9,9.693000000000001
2019-09-18,CTD1,13.523
2019-09-18,CTD10,20.009999999999998
2019-09-18,CTD11,20.735500000000002
2019-09-18,CTD12,22.2285
2019-09-18,CTD2,18.0065
2019-09-18,CTD3,17.3105
2019-09-18,CTD4,20.741
2019-09-18,CTD6,22.456
2019-09-18,CTD7,19.5975
2019-09-18,CTD8,22.718
2019-09-18,CTD9,17.9935
2019-09-19,CTD1,24.362499999999997
2019-09-19,CTD10,13.482
2019-09-19,CTD11,14.875499999999999
2019-09-19,CTD12,20.823
2019-09-19,CTD2,27.6995
2019-09-19,CTD3,26.014499999999998
2019-09-19,CTD4,24.0305
2019-09-19,CTD6,20.6025
2019-09-19,CTD7,27.665
2019-09-19,CTD8,23.216
2019-09-19,CTD9,20.104
2019-09-26,CTD1,2.4139999999999997
2019-09-26,CTD10,2.8005
2019-09-26,CTD11,3.263
2019-09-26,CTD12,2.3315
2019-09-26,CTD2,2.563
2019-09-26,CTD3,2.382
2019-09-26,CTD4,2.2265
2019-09-26,CTD6,2.3295
2019-09-26,CTD7,3.9165
2019-09-26,CTD8,2.5545
2019-09-26,CTD9,3.821
2019-09-27,CTD1,0.902
2019-09-27,CTD10,4.06
2019-09-27,CTD11,2.264
2019-09-27,CTD12,3.647
2019-09-27,CTD2,1.417
2019-09-27,CTD3,2.534
2019-09-27,CTD4,1.021
2019-09-27,CTD6,3.0
2019-09-27,CTD7,2.024
2019-09-27,CTD8,3.823
2019-09-27,CTD9,4.92
2019-09-28,CTD1,1.166
2019-09-28,CTD10,0.449
2019-09-28,CTD11,2.502
2019-09-28,CTD12,1.433
2019-09-28,CTD2,2.171
2019-09-28,CTD3,2.701
2019-09-28,CTD4,1.808
2019-09-28,CTD6,0.774
2019-09-28,CTD7,2.1
2019-09-28,CTD8,1.89
2019-09-28,CTD9,2.914
2019-10-03,CTD1,3.549
2019-10-03,CTD10,4.8075
2019-10-03,CTD11,3.391
2019-10-03,CTD12,3.243
2019-10-03,CTD2,3.4125
2019-10-03,CTD3,3.067
2019-10-03,CTD4,2.8365
2019-10-03,CTD6,3.7725
2019-10-03,CTD7,5.3185
2019-10-03,CTD8,3.5415
2019-10-03,CTD9,4.366
2019-10-14,CTD1,1.605
2019-10-14,CTD10,3.911
2019-10-14,CTD11,2.751
2019-10-14,CTD12,0.944
2019-10-14,CTD2,2.203
2019-10-14,CTD3,2.788
2019-10-14,CTD4,2.506
2019-10-14,CTD6,2.775
2019-10-14,CTD7,4.547
2019-10-14,CTD8,4.027
2019-10-14,CTD9,5.24
2019-10-15,CTD1,2.745
2019-10-15,CTD10,8.4915
2019-10-15,CTD11,4.1815
2019-10-15,CTD12,3.082
2019-10-15,CTD2,4.508
2019-10-15,CTD3,5.156000000000001
2019-10-15,CTD4,3.1205
2019-10-15,CTD6,2.9965
2019-10-15,CTD7,6.265000000000001
2019-10-15,CTD8,5.8260000000000005
2019-10-15,CTD9,7.8155
2019-10-16,CTD1,5.2565
2019-10-16,CTD10,10.2885
2019-10-16,CTD11,7.208
2019-10-16,CTD12,6.391
2019-10-16,CTD2,8.2365
2019-10-16,CTD3,5.8195
2019-10-16,CTD4,3.474
2019-10-16,CTD6,5.0575
2019-10-16,CTD7,6.350999999999999
2019-10-16,CTD8,6.761
2019-10-16,CTD9,9.961500000000001
2019-10-25,CTD1,10.682
2019-10-25,CTD10,14.764
2019-10-25,CTD11,11.668
2019-10-25,CTD12,14.064
2019-10-25,CTD2,13.168
2019-10-25,CTD3,10.6485
2019-10-25,CTD4,10.384
2019-10-25,CTD6,11.728
2019-10-25,CTD7,15.369
2019-10-25,CTD8,14.508
2019-10-25,CTD9,16.5275
2019-10-30,CTD1,3.493
2019-10-30,CTD10,6.26
2019-10-30,CTD11,2.309
2019-10-30,CTD12,6.041
2019-10-30,CTD2,12.367
2019-10-30,CTD3,6.746
2019-10-30,CTD4,3.784
2019-10-30,CTD6,0.665
2019-10-30,CTD7,12.233
2019-10-30,CTD8,7.6
2019-10-30,CTD9,6.903
2019-11-04,CTD1,7.682
2019-11-04,CTD10,18.253
2019-11-04,CTD11,14.910499999999999
2019-11-04,CTD12,14.728
2019-11-04,CTD2,16.4895
2019-11-04,CTD3,12.52
2019-11-04,CTD4,7.492999999999999
2019-11-04,CTD6,11.737
2019-11-04,CTD7,19.067
2019-11-04,CTD8,14.613999999999999
2019-11-04,CTD9,9.5215
2019-11-07,CTD1,9.1415
2019-11-07,CTD10,15.9005
2019-11-07,CTD11,15.4295
2019-11-07,CTD12,19.92
2019-11-07,CTD2,22.7835
2019-11-07,CTD3,15.0155
2019-11-07,CTD4,3.793
2019-11-07,CTD6,17.043
2019-11-07,CTD7,15.631
2019-11-07,CTD8,20.772
2019-11-07,CTD9,15.333000000000002
2019-11-14,CTD1,6.811999999999999
2019-11-14,CTD10,9.655
2019-11-14,CTD11,7.1405
2019-11-14,CTD12,8.4475
2019-11-14,CTD2,9.333
2019-11-14,CTD3,9.475999999999999
2019-11-14,CTD4,6.640000000000001
2019-11-14,CTD6,8.7075
2019-11-14,CTD7,9.9465
2019-11-14,CTD8,9.792
2019-11-14,CTD9,7.077
2019-11-20,CTD1,1.42
2019-11-20,CTD10,3.003
2019-11-20,CTD11,0.122
2019-11-20,CTD12,3.781
2019-11-20,CTD2,3.486
2019-11-20,CTD3,2.718
2019-11-20,CTD4,0.979
2019-11-20,CTD6,5.905
2019-11-20,CTD7,4.176
2019-11-20,CTD8,2.348
2019-11-20,CTD9,1.197
2019-11-21,CTD1,3.7265
2019-11-21,CTD10,6.876
2019-11-21,CTD11,5.007000000000001
2019-11-21,CTD12,12.157499999999999
2019-11-21,CTD2,5.8045
2019-11-21,CTD3,5.048
2019-11-21,CTD4,4.266500000000001
2019-11-21,CTD6,9.724
2019-11-21,CTD7,6.4350000000000005
2019-11-21,CTD8,8.814499999999999
2019-11-21,CTD9,1.574
2019-11-26,CTD1,0.499
2019-11-26,CTD10,1.685
2019-11-26,CTD11,1.779
2019-11-26,CTD12,1.609
2019-11-26,CTD2,1.295
2019-11-26,CTD3,1.081
2019-11-26,CTD4,0.978
2019-11-26,CTD6,1.464
2019-11-26,CTD7,1.834
2019-11-26,CTD8,1.721
2019-11-26,CTD9,1.755
2019-11-27,CTD1,0.5509999999999999
2019-11-27,CTD10,3.765
2019-11-27,CTD11,3.8594999999999997
2019-11-27,CTD12,3.9115
2019-11-27,CTD2,4.637
2019-11-27,CTD3,4.333
2019-11-27,CTD4,4.0965
2019-11-27,CTD6,5.4094999999999995
2019-11-27,CTD7,2.279
2019-11-27,CTD8,1.9224999999999999
2019-11-27,CTD9,0.9385000000000001
2019-12-02,CTD1,2.297
2019-12-02,CTD10,4.44
2019-12-02,CTD11,3.952
2019-12-02,CTD12,3.607
2019-12-02,CTD2,2.924
2019-12-02,CTD3,2.401
2019-12-02,CTD4,2.551
2019-12-02,CTD6,4.434
2019-12-02,CTD7,3.736
2019-12-02,CTD8,3.957
2019-12-02,CTD9,4.172
2019-12-05,CTD1,3.3135000000000003
2019-12-05,CTD10,5.5925
2019-12-05,CTD11,5.657500000000001
2019-12-05,CTD12,5.247
2019-12-05,CTD2,7.269
2019-12-05,CTD3,7.326
2019-12-05,CTD4,3.7565
2019-12-05,CTD6,6.1345
2019-12-05,CTD7,4.9815
2019-12-05,CTD8,5.1745
2019-12-05,CTD9,6.0745
2019-12-07,CTD1,2.308
2019-12-07,CTD10,4.331
2019-12-07,CTD11,0.096
2019-12-07,CTD12,3.267
2019-12-07,CTD2,0.253
2019-12-07,CTD3,0.867
2019-12-07,CTD4,0.201
2019-12-07,CTD6,4.235
2019-12-07,CTD7,0.208
2019-12-07,CTD8,1.534
2019-12-07,CTD9,0.254
2019-12-11,CTD1,0.586
2019-12-11,CTD10,3.0415
2019-12-11,CTD11,2.5365
2019-12-11,CTD12,4.4215
2019-12-11,CTD2,4.474
2019-12-11,CTD3,5.1545000000000005
2019-12-11,CTD4,3.205
2019-12-11,CTD6,5.095
2019-12-11,CTD7,6.314
2019-12-11,CTD8,4.5945
2019-12-11,CTD9,3.664
2019-12-16,CTD1,1.7715
2019-12-16,CTD10,1.5925
2019-12-16,CTD11,1.5065
2019-12-16,CTD12,2.2215
2019-12-16,CTD2,2.533
2019-12-16,CTD3,2.4405
2019-12-16,CTD4,1.4435
2019-12-16,CTD6,2.487
2019-12-16,CTD7,3.6765
2019-12-16,CTD8,2.1109999999999998
2019-12-16,CTD9,2.734
2019-12-26,CTD1,0.563
2019-12-26,CTD10,1.5215
2019-12-26,CTD11,1.2285
2019-12-26,CTD12,2.0015
2019-12-26,CTD2,3.43
2019-12-26,CTD3,2.351
2019-12-26,CTD4,2.384
2019-12-26,CTD6,5.209
2019-12-26,CTD7,6.138
2019-12-26,CTD8,3.3005
2019-12-26,CTD9,0.9495
2020-01-03,CTD1,0.8440000000000001
2020-01-03,CTD10,0.744
2020-01-03,CTD11,1.059
2020-01-03,CTD12,1.463
2020-01-03,CTD2,2.4715
2020-01-03,CTD3,3.0170000000000003
2020-01-03,CTD4,1.9005
2020-01-03,CTD6,1.8155000000000001
2020-01-03,CTD7,1.7225
2020-01-03,CTD8,1.9449999999999998
2020-01-03,CTD9,0.7105
2020-01-08,CTD1,1.2525
2020-01-08,CTD10,0.5035000000000001
2020-01-08,CTD11,0.5775
2020-01-08,CTD12,1.2235
2020-01-08,CTD2,1.4405000000000001
2020-01-08,CTD3,1.601
2020-01-08,CTD4,0.784
2020-01-08,CTD6,1.355
2020-01-08,CTD7,1.442
2020-01-08,CTD8,1.5065
2020-01-08,CTD9,0.38949999999999996
2020-01-17,CTD1,0.788
2020-01-17,CTD10,0.538
2020-01-17,CTD11,0.768
2020-01-17,CTD12,0.7525
2020-01-17,CTD2,0.6205
2020-01-17,CTD3,1.4195
2020-01-17,CTD4,1.084
2020-01-17,CTD6,1.724
2020-01-17,CTD7,1.2885
2020-01-17,CTD8,0.6559999999999999
2020-01-17,CTD9,0.4865
2020-01-23,CTD1,2.7175000000000002
2020-01-23,CTD10,9.3235
2020-01-23,CTD11,5.0655
2020-01-23,CTD12,10.6175
2020-01-23,CTD2,3.3600000000000003
2020-01-23,CTD3,1.1915
2020-01-23,CTD4,2.1635
2020-01-23,CTD6,6.2715
2020-01-23,CTD7,7.528
2020-01-23,CTD8,8.7615
2020-01-23,CTD9,8.2545
2020-01-29,CTD1,1.04
2020-01-29,CTD10,2.7350000000000003
2020-01-29,CTD11,2.4010000000000002
2020-01-29,CTD12,3.508
2020-01-29,CTD2,4.5335
2020-01-29,CTD3,2.562
2020-01-29,CTD4,2.9154999999999998
2020-01-29,CTD6,3.7365000000000004
2020-01-29,CTD7,3.9645
2020-01-29,CTD8,3.324
2020-01-29,CTD9,2.9025
2020-02-04,CTD1,1.2149999999999999
2020-02-04,CTD10,1.31
2020-02-04,CTD11,0.7825
2020-02-04,CTD12,0.8225
2020-02-04,CTD2,1.7105
2020-02-04,CTD3,1.5175
2020-02-04,CTD4,0.6665
2020-02-04,CTD6,0.755
2020-02-04,CTD7,1.2725
2020-02-04,CTD8,0.9965
2020-02-04,CTD9,1.013
2020-02-11,CTD1,0.656
2020-02-11,CTD10,0.729
2020-02-11,CTD11,0.608
2020-02-11,CTD12,1.0935000000000001
2020-02-11,CTD2,1.891
2020-02-11,CTD3,2.6775
2020-02-11,CTD4,2.4185
2020-02-11,CTD6,1.431
2020-02-11,CTD7,0.6925
2020-02-11,CTD8,0.819
2020-02-11,CTD9,0.623
2020-02-20,CTD1,0.477
2020-02-20,CTD10,1.608
2020-02-20,CTD11,1.9205
2020-02-20,CTD12,1.9164999999999999
2020-02-20,CTD2,2.2205
2020-02-20,CTD3,3.7085
2020-02-20,CTD4,3.3835
2020-02-20,CTD6,2.9080000000000004
2020-02-20,CTD7,1.871
2020-02-20,CTD8,2.5625
2020-02-20,CTD9,1.71
2020-02-25,CTD1,1.8285
2020-02-25,CTD10,1.0735000000000001
2020-02-25,CTD11,1.028
2020-02-25,CTD12,2.516
2020-02-25,CTD2,1.0825
2020-02-25,CTD3,7.481
2020-02-25,CTD4,2.6095
2020-02-25,CTD6,3.3385
2020-02-25,CTD7,1.7045000000000001
2020-02-25,CTD8,1.823
2020-02-25,CTD9,0.72
2020-03-05,CTD1,0.773
2020-03-05,CTD10,5.622999999999999
2020-03-05,CTD11,2.386
2020-03-05,CTD12,6.8485000000000005
2020-03-05,CTD2,3.1025
2020-03-05,CTD3,5.6995000000000005
2020-03-05,CTD4,5.4325
2020-03-05,CTD6,6.875500000000001
2020-03-05,CTD7,5.1695
2020-03-05,CTD8,6.4795
2020-03-05,CTD9,2.008
2020-03-11,CTD1,0.6855
2020-03-11,CTD10,1.3679999999999999
2020-03-11,CTD11,2.1495
2020-03-11,CTD12,2.832
2020-03-11,CTD2,3.1425
2020-03-11,CTD3,2.4695
2020-03-11,CTD4,1.6545
2020-03-11,CTD6,4.6715
2020-03-11,CTD7,2.987
2020-03-11,CTD8,3.897
2020-03-11,CTD9,1.0875
2020-03-17,CTD1,0.7955
2020-03-17,CTD10,2.949
2020-03-17,CTD11,1.157
2020-03-17,CTD12,2.9665
2020-03-17,CTD2,2.982
2020-03-17,CTD3,2.0555
2020-03-17,CTD4,2.2715
2020-03-17,CTD6,3.9505
2020-03-17,CTD7,5.345
2020-03-17,CTD8,4.2415
2020-03-17,CTD9,1.2345000000000002
2020-04-01,CTD1,1.2825
2020-04-01,CTD10,3.077
2020-04-01,CTD11,1.087
2020-04-01,CTD12,2.3755
2020-04-01,CTD2,4.036
2020-04-01,CTD3,1.573
2020-04-01,CTD4,0.9335
2020-04-01,CTD6,2.017
2020-04-01,CTD7,3.8665
2020-04-01,CTD8,3.161
2020-04-01,CTD9,2.473
2020-04-07,CTD1,1.0225
2020-04-07,CTD10,1.1375
2020-04-07,CTD11,1.423
2020-04-07,CTD12,1.811
2020-04-07,CTD2,4.106
2020-04-07,CTD3,2.294
2020-04-07,CTD4,1.676
2020-04-07,CTD6,2.3225
2020-04-07,CTD7,3.0460000000000003
2020-04-07,CTD8,3.1580000000000004
2020-04-07,CTD9,0.384
2020-04-14,CTD1,1.0145
2020-04-14,CTD10,1.8145
2020-04-14,CTD11,2.2880000000000003
2020-04-14,CTD12,3.5614999999999997
2020-04-14,CTD2,2.272
2020-04-14,CTD3,1.736
2020-04-14,CTD4,2.4684999999999997
2020-04-14,CTD6,3.552
2020-04-14,CTD7,5.419
2020-04-14,CTD8,4.1885
2020-04-14,CTD9,1.7854999999999999
2020-04-21,CTD1,0.962
2020-04-21,CTD10,1.154
2020-04-21,CTD11,0.687
2020-04-21,CTD12,1.6665
2020-04-21,CTD2,1.0645
2020-04-21,CTD3,1.1745
2020-04-21,CTD4,1.2275
2020-04-21,CTD6,2.196
2020-04-21,CTD7,1.8864999999999998
2020-04-21,CTD8,1.1469999999999998
2020-04-21,CTD9,1.0015
2020-04-28,CTD1,1.073
2020-04-28,CTD10,0.86
2020-04-28,CTD11,0.998
2020-04-28,CTD12,0.896
2020-04-28,CTD2,0.771
2020-04-28,CTD3,0.924
2020-04-28,CTD4,1.039
2020-04-28,CTD6,0.92
2020-04-28,CTD7,0.401
2020-04-28,CTD8,0.807
2020-04-28,CTD9,0.751
2020-05-05,CTD1,1.01
2020-05-05,CTD10,0.727
2020-05-05,CTD11,0.424
2020-05-05,CTD12,0.889
2020-05-05,CTD2,1.123
2020-05-05,CTD3,1.097
2020-05-05,CTD4,1.106
2020-05-05,CTD6,1.165
2020-05-05,CTD7,0.259
2020-05-05,CTD8,0.634
2020-05-05,CTD9,0.415
2020-05-12,CTD1,1.089
2020-05-12,CTD10,0.296
2020-05-12,CTD11,0.203
2020-05-12,CTD12,0.359
2020-05-12,CTD2,0.959
2020-05-12,CTD3,0.868
2020-05-12,CTD4,0.675
2020-05-12,CTD6,0.592
2020-05-12,CTD7,0.893
2020-05-12,CTD8,0.622
2020-05-12,CTD9,0.468
2020-05-13,CTD1,0.6140000000000001
2020-05-13,CTD10,0.8045
2020-05-13,CTD11,0.7949999999999999
2020-05-13,CTD12,1.6934999999999998
2020-05-13,CTD2,0.75
2020-05-13,CTD3,0.9904999999999999
2020-05-13,CTD4,1.0985
2020-05-13,CTD6,0.7225
2020-05-13,CTD7,0.9465
2020-05-13,CTD8,0.996
2020-05-13,CTD9,0.9279999999999999
2020-05-18,CTD1,0.537
2020-05-18,CTD10,0.373
2020-05-18,CTD11,0.205
2020-05-18,CTD12,0.552
2020-05-18,CTD2,0.419
2020-05-18,CTD3,0.494
2020-05-18,CTD4,0.64
2020-05-18,CTD6,0.339
2020-05-18,CTD7,0.263
2020-05-18,CTD8,0.32
2020-05-18,CTD9,0.17
2020-05-20,CTD1,0.7095
2020-05-20,CTD10,2.9505
2020-05-20,CTD11,0.6980000000000001
2020-05-20,CTD12,3.0045
2020-05-20,CTD2,0.7424999999999999
2020-05-20,CTD3,1.2145
2020-05-20,CTD4,1.388
2020-05-20,CTD6,1.9715000000000003
2020-05-20,CTD7,2.009
2020-05-20,CTD8,2.9655
2020-05-20,CTD9,1.252
2020-05-25,CTD1,0.531
2020-05-25,CTD10,0.3
2020-05-25,CTD11,0.263
2020-05-25,CTD12,0.315
2020-05-25,CTD2,0.444
2020-05-25,CTD3,0.396
2020-05-25,CTD4,0.316
2020-05-25,CTD6,0.311
2020-05-25,CTD7,0.432
2020-05-25,CTD8,0.323
2020-05-25,CTD9,0.325
2020-06-01,CTD1,0.718
2020-06-01,CTD10,0.6890000000000001
2020-06-01,CTD11,0.305
2020-06-01,CTD12,0.79
2020-06-01,CTD2,0.6105
2020-06-01,CTD3,0.6335000000000001
2020-06-01,CTD4,0.415
2020-06-01,CTD6,0.8255
2020-06-01,CTD7,2.4335
2020-06-01,CTD8,1.8655
2020-06-01,CTD9,0.9384999999999999
2020-06-02,CTD1,0.595
2020-06-02,CTD10,0.213
2020-06-02,CTD11,0.191
2020-06-02,CTD12,0.218
2020-06-02,CTD2,0.307
2020-06-02,CTD3,0.246
2020-06-02,CTD4,0.247
2020-06-02,CTD6,0.243
2020-06-02,CTD7,0.255
2020-06-02,CTD8,0.228
2020-06-02,CTD9,0.218
2020-06-11,CTD1,0.257
2020-06-11,CTD10,0.206
2020-06-11,CTD11,0.214
2020-06-11,CTD12,0.211
2020-06-11,CTD2,0.197
2020-06-11,CTD3,0.213
2020-06-11,CTD4,0.226
2020-06-11,CTD6,0.217
2020-06-11,CTD7,0.207
2020-06-11,CTD8,0.207
2020-06-11,CTD9,0.206
2020-06-15,CTD1,1.248
2020-06-15,CTD10,0.8069999999999999
2020-06-15,CTD11,0.7375
2020-06-15,CTD12,1.1665
2020-06-15,CTD2,1.42
2020-06-15,CTD3,1.2165
2020-06-15,CTD4,0.982
2020-06-15,CTD6,1.0975
2020-06-15,CTD7,1.0485
2020-06-15,CTD8,0.995
2020-06-15,CTD9,0.7925
2020-06-23,CTD1,0.249
2020-06-23,CTD10,0.492
2020-06-23,CTD11,0.239
2020-06-23,CTD12,0.183
2020-06-23,CTD2,0.199
2020-06-23,CTD3,0.366
2020-06-23,CTD4,0.342
2020-06-23,CTD6,1.08
2020-06-23,CTD7,0.816
2020-06-23,CTD8,0.239
2020-06-23,CTD9,0.353
2020-06-26,CTD1,0.679
2020-06-26,CTD10,0.8335
2020-06-26,CTD11,0.628
2020-06-26,CTD12,1.264
2020-06-26,CTD2,0.4875
2020-06-26,CTD3,0.6795
2020-06-26,CTD4,0.6355
2020-06-26,CTD6,0.671
2020-06-26,CTD7,2.95
2020-06-26,CTD8,1.052
2020-06-26,CTD9,0.9545
2020-07-02,CTD1,0.9424999999999999
2020-07-02,CTD10,0.8315
2020-07-02,CTD11,0.721
2020-07-02,CTD12,0.6845
2020-07-02,CTD2,0.8474999999999999
2020-07-02,CTD3,1.2965
2020-07-02,CTD4,0.9255
2020-07-02,CTD6,0.7005
2020-07-02,CTD7,0.8055
2020-07-02,CTD8,0.9665
2020-07-02,CTD9,0.7765
2020-07-07,CTD1,0.5225
2020-07-07,CTD10,0.818
2020-07-07,CTD11,0.666
2020-07-07,CTD12,0.8755
2020-07-07,CTD2,0.6295
2020-07-07,CTD3,1.1345
2020-07-07,CTD4,0.5905
2020-07-07,CTD6,0.6225
2020-07-07,CTD7,0.6735
2020-07-07,CTD8,0.9055
2020-07-07,CTD9,0.6885
2020-07-17,CTD1,0.426
2020-07-17,CTD10,0.509
2020-07-17,CTD11,0.3775
2020-07-17,CTD12,0.5425
2020-07-17,CTD2,0.676
2020-07-17,CTD3,0.5755
2020-07-17,CTD4,0.4645
2020-07-17,CTD6,0.5515
2020-07-17,CTD7,0.6825
2020-07-17,CTD8,0.5505
2020-07-17,CTD9,0.4295
2020-07-23,CTD1,0.5605
2020-07-23,CTD10,0.9045
2020-07-23,CTD11,0.35050000000000003
2020-07-23,CTD12,2.412
2020-07-23,CTD2,1.085
2020-07-23,CTD3,1.151
2020-07-23,CTD4,0.5865
2020-07-23,CTD6,0.7005
2020-07-23,CTD7,0.7585
2020-07-23,CTD8,3.0340000000000003
2020-07-23,CTD9,1.467
2020-07-28,CTD1,0.8065
2020-07-28,CTD10,1.8784999999999998
2020-07-28,CTD11,0.9785
2020-07-28,CTD12,1.4769999999999999
2020-07-28,CTD2,1.4465
2020-07-28,CTD3,1.323
2020-07-28,CTD4,0.988
2020-07-28,CTD6,1.218
2020-07-28,CTD7,1.0445
2020-07-28,CTD8,2.016
2020-07-28,CTD9,1.153
2020-08-04,CTD1,0.758
2020-08-04,CTD10,0.7925
2020-08-04,CTD11,0.8565
2020-08-04,CTD12,0.8375
2020-08-04,CTD2,1.9579999999999997
2020-08-04,CTD3,1.746
2020-08-04,CTD4,1.275
2020-08-04,CTD6,0.78
2020-08-04,CTD7,1.2205
2020-08-04,CTD8,1.143
2020-08-04,CTD9,0.486
2020-08-13,CTD1,0.3805
2020-08-13,CTD10,0.7285
2020-08-13,CTD11,0.478
2020-08-13,CTD12,0.69
2020-08-13,CTD2,0.573
2020-08-13,CTD3,0.842
2020-08-13,CTD4,0.661
2020-08-13,CTD6,0.4905
2020-08-13,CTD7,0.744
2020-08-13,CTD8,1.11
2020-08-13,CTD9,0.5445
2020-08-19,CTD1,0.7384999999999999
2020-08-19,CTD10,0.954
2020-08-19,CTD11,0.858
2020-08-19,CTD12,0.843
2020-08-19,CTD2,0.7464999999999999
2020-08-19,CTD3,0.888
2020-08-19,CTD4,0.903
2020-08-19,CTD6,0.6415
2020-08-19,CTD7,1.2845
2020-08-19,CTD8,0.7865
2020-08-19,CTD9,0.6465000000000001
2020-08-26,CTD1,0.465
2020-08-26,CTD10,0.7869999999999999
2020-08-26,CTD11,0.5735
2020-08-26,CTD12,0.663
2020-08-26,CTD2,1.0655000000000001
2020-08-26,CTD3,1.0465
2020-08-26,CTD4,0.8345
2020-08-26,CTD6,0.617
2020-08-26,CTD7,0.9195
2020-08-26,CTD8,1.225
2020-08-26,CTD9,0.6855
2020-09-03,CTD1,0.5305
2020-09-03,CTD10,1.0939999999999999
2020-09-03,CTD11,0.4395
2020-09-03,CTD12,0.724
2020-09-03,CTD2,0.6970000000000001
2020-09-03,CTD3,1.445
2020-09-03,CTD4,0.9415
2020-09-03,CTD6,0.657
2020-09-03,CTD7,3.0355
2020-09-03,CTD8,1.159
2020-09-03,CTD9,1.0534999999999999
2020-09-10,CTD1,0.299
2020-09-10,CTD10,0.4505
2020-09-10,CTD11,0.191
2020-09-10,CTD12,0.4
2020-09-10,CTD2,0.622
2020-09-10,CTD3,0.4585
2020-09-10,CTD4,0.23299999999999998
2020-09-10,CTD6,0.381
2020-09-10,CTD7,0.867
2020-09-10,CTD8,0.6055
2020-09-10,CTD9,0.9059999999999999
2020-09-16,CTD1,0.669
2020-09-16,CTD10,0.9319999999999999
2020-09-16,CTD11,0.612
2020-09-16,CTD12,0.5895
2020-09-16,CTD2,1.146
2020-09-16,CTD3,1.642
2020-09-16,CTD4,1.3855
2020-09-16,CTD6,0.7015
2020-09-16,CTD7,1.135
2020-09-16,CTD8,0.9755
2020-09-16,CTD9,0.5455
2020-09-24,CTD1,0.8545
2020-09-24,CTD10,0.8180000000000001
2020-09-24,CTD11,0.687
2020-09-24,CTD12,0.51
2020-09-24,CTD2,1.065
2020-09-24,CTD3,0.9035
2020-09-24,CTD4,0.6465
2020-09-24,CTD6,0.4905
2020-09-24,CTD7,1.0825
2020-09-24,CTD8,1.041
2020-09-24,CTD9,0.618
2020-09-30,CTD1,0.451
2020-09-30,CTD10,0.8815
2020-09-30,CTD11,0.503
2020-09-30,CTD12,0.8055
2020-09-30,CTD2,0.736
2020-09-30,CTD3,1.121
2020-09-30,CTD4,0.9025000000000001
2020-09-30,CTD6,0.7615000000000001
2020-09-30,CTD7,1.1575
2020-09-30,CTD8,1.131
2020-09-30,CTD9,1.639
2020-10-08,CTD1,0.844
2020-10-08,CTD10,0.5115
2020-10-08,CTD11,0.633
2020-10-08,CTD12,0.5075
2020-10-08,CTD2,1.039
2020-10-08,CTD3,1.0110000000000001
2020-10-08,CTD4,0.6895
2020-10-08,CTD6,0.516
2020-10-08,CTD7,0.8835
2020-10-08,CTD8,0.585
2020-10-08,CTD9,0.5345
2020-10-14,CTD1,0.5105
2020-10-14,CTD10,0.5835
2020-10-14,CTD11,0.5215
2020-10-14,CTD12,1.1485
2020-10-14,CTD2,1.0190000000000001
2020-10-14,CTD3,0.619
2020-10-14,CTD4,0.6405000000000001
2020-10-14,CTD6,0.456
2020-10-14,CTD7,0.837
2020-10-14,CTD8,0.5635
2020-10-14,CTD9,0.5005
2020-10-22,CTD1,1.4895
2020-10-22,CTD10,1.495
2020-10-22,CTD11,1.5025
2020-10-22,CTD12,0.859
2020-10-22,CTD2,1.9475
2020-10-22,CTD3,1.5875
2020-10-22,CTD4,1.2325
2020-10-22,CTD6,1.441
2020-10-22,CTD7,2.763
2020-10-22,CTD8,1.3515000000000001
2020-10-22,CTD9,1.1375
2020-10-29,CTD1,0.626
2020-10-29,CTD10,1.4425
2020-10-29,CTD11,0.9135
2020-10-29,CTD12,1.0074999999999998
2020-10-29,CTD2,0.8059999999999999
2020-10-29,CTD3,0.895
2020-10-29,CTD4,0.7055
2020-10-29,CTD6,0.654
2020-10-29,CTD7,1.7955
2020-10-29,CTD8,1.5105
2020-10-29,CTD9,1.1905000000000001
2020-11-04,CTD1,0.7304999999999999
2020-11-04,CTD10,3.608
2020-11-04,CTD11,1.1515
2020-11-04,CTD12,1.0485
2020-11-04,CTD2,0.8535
2020-11-04,CTD3,1.4344999999999999
2020-11-04,CTD4,1.267
2020-11-04,CTD6,0.8055
2020-11-04,CTD7,1.1575000000000002
2020-11-04,CTD8,1.055
2020-11-04,CTD9,2.066
2020-11-12,CTD1,0.562
2020-11-12,CTD10,0.9695
2020-11-12,CTD11,0.751
2020-11-12,CTD12,0.967
2020-11-12,CTD2,1.4180000000000001
2020-11-12,CTD3,1.7335
2020-11-12,CTD4,1.2055
2020-11-12,CTD6,0.997
2020-11-12,CTD7,1.071
2020-11-12,CTD8,1.157
2020-11-12,CTD9,0.7010000000000001
2020-11-18,CTD1,0.4115
2020-11-18,CTD10,0.8345
2020-11-18,CTD11,0.6955
2020-11-18,CTD12,0.6915
2020-11-18,CTD2,1.459
2020-11-18,CTD3,1.7845
2020-11-18,CTD4,0.489
2020-11-18,CTD6,0.659
2020-11-18,CTD7,0.859
2020-11-18,CTD8,2.135
2020-11-18,CTD9,0.831
2020-11-25,CTD1,0.6535
2020-11-25,CTD10,1.245
2020-11-25,CTD11,0.822
2020-11-25,CTD12,0.7015
2020-11-25,CTD2,1.157
2020-11-25,CTD3,1.238
2020-11-25,CTD4,1.13
2020-11-25,CTD6,0.8485
2020-11-25,CTD7,0.7145
2020-11-25,CTD8,0.8955
2020-11-25,CTD9,1.1895
2020-12-03,CTD1,0.524
2020-12-03,CTD10,0.7725
2020-12-03,CTD11,0.694
2020-12-03,CTD12,0.631
2020-12-03,CTD2,1.1515
2020-12-03,CTD3,1.3375
2020-12-03,CTD4,0.5609999999999999
2020-12-03,CTD6,0.571
2020-12-03,CTD7,0.747
2020-12-03,CTD8,0.565
2020-12-03,CTD9,0.8240000000000001
2020-12-10,CTD1,0.469
2020-12-10,CTD10,1.501
2020-12-10,CTD11,2.05
2020-12-10,CTD12,1.999
2020-12-10,CTD2,1.1335
2020-12-10,CTD3,1.138
2020-12-10,CTD4,1.292
2020-12-10,CTD6,1.3744999999999998
2020-12-10,CTD7,0.847
2020-12-10,CTD8,1.0885
2020-12-10,CTD9,1.0005
2020-12-15,CTD1,0.7749999999999999
2020-12-15,CTD10,1.2095
2020-12-15,CTD11,1.563
2020-12-15,CTD12,1.1075
2020-12-15,CTD2,1.165
2020-12-15,CTD3,1.5405
2020-12-15,CTD4,1.373
2020-12-15,CTD6,0.9724999999999999
2020-12-15,CTD7,0.844
2020-12-15,CTD8,0.8705
2020-12-15,CTD9,0.8875
2020-12-21,CTD1,0.5835
2020-12-21,CTD10,1.1835
2020-12-21,CTD11,1.3399999999999999
2020-12-21,CTD12,0.9695
2020-12-21,CTD2,1.1515
2020-12-21,CTD3,0.9935
2020-12-21,CTD4,0.9285
2020-12-21,CTD6,0.955
2020-12-21,CTD7,0.6455
2020-12-21,CTD8,0.79
2020-12-21,CTD9,0.821
2020-12-29,CTD1,0.7885
2020-12-29,CTD10,0.985
2020-12-29,CTD11,1.2275
2020-12-29,CTD12,0.9970000000000001
2020-12-29,CTD2,0.8895
2020-12-29,CTD3,0.9189999999999999
2020-12-29,CTD4,0.602
2020-12-29,CTD6,0.818
2020-12-29,CTD7,0.5255
2020-12-29,CTD8,0.8089999999999999
2020-12-29,CTD9,0.7010000000000001
2021-01-05,CTD1,0.6025
2021-01-05,CTD10,1.1789999999999998
2021-01-05,CTD11,0.6639999999999999
2021-01-05,CTD12,0.461
2021-01-05,CTD2,0.5025
2021-01-05,CTD3,0.8454999999999999
2021-01-05,CTD4,0.6075
2021-01-05,CTD6,0.8075
2021-01-05,CTD7,0.3745
2021-01-05,CTD8,0.5815
2021-01-05,CTD9,0.464
2021-01-13,CTD1,0.7895000000000001
2021-01-13,CTD10,0.8744999999999999
2021-01-13,CTD11,0.8535
2021-01-13,CTD12,0.6185
2021-01-13,CTD2,1.342
2021-01-13,CTD3,1.2429999999999999
2021-01-13,CTD4,1.0475
2021-01-13,CTD6,0.8105
2021-01-13,CTD7,0.7815000000000001
2021-01-13,CTD8,0.8675
2021-01-13,CTD9,0.6154999999999999
2021-01-20,CTD1,0.96
2021-01-20,CTD10,1.186
2021-01-20,CTD11,1.7565
2021-01-20,CTD12,2.0235
2021-01-20,CTD2,1.194
2021-01-20,CTD3,1.573
2021-01-20,CTD4,1.186
2021-01-20,CTD6,0.9815
2021-01-20,CTD7,0.6194999999999999
2021-01-20,CTD8,0.8435
2021-01-20,CTD9,0.8235
2021-01-27,CTD1,0.9930000000000001
2021-01-27,CTD10,1.0865
2021-01-27,CTD11,1.0665
2021-01-27,CTD12,1.369
2021-01-27,CTD2,4.483
2021-01-27,CTD3,3.7035
2021-01-27,CTD4,3.3475
2021-01-27,CTD6,1.312
2021-01-27,CTD7,1.9445000000000001
2021-01-27,CTD8,1.2854999999999999
2021-01-27,CTD9,1.177
2021-02-03,CTD1,1.1875
2021-02-03,CTD10,1.4865
2021-02-03,CTD11,1.617
2021-02-03,CTD12,2.0735
2021-02-03,CTD2,2.021
2021-02-03,CTD3,2.1479999999999997
2021-02-03,CTD4,2.1155
2021-02-03,CTD6,1.9785
2021-02-03,CTD7,1.603
2021-02-03,CTD8,1.6055000000000001
2021-02-03,CTD9,1.034
2021-02-12,CTD1,0.6465000000000001
2021-02-12,CTD10,0.851
2021-02-12,CTD11,0.91
2021-02-12,CTD12,0.9755
2021-02-12,CTD2,1.032
2021-02-12,CTD3,1.754
2021-02-12,CTD4,1.32
2021-02-12,CTD6,0.868
2021-02-12,CTD7,0.5465
2021-02-12,CTD8,0.4685
2021-02-12,CTD9,0.4575
2021-02-17,CTD1,0.294
2021-02-17,CTD10,0.389
2021-02-17,CTD11,0.4835
2021-02-17,CTD12,0.4375
2021-02-17,CTD2,0.533
2021-02-17,CTD3,0.589
2021-02-17,CTD4,0.548
2021-02-17,CTD6,0.40549999999999997
2021-02-17,CTD7,0.3745
2021-02-17,CTD8,0.34950000000000003
2021-02-17,CTD9,0.3225
2021-02-24,CTD1,0.4305
2021-02-24,CTD10,0.381
2021-02-24,CTD11,0.391
2021-02-24,CTD12,0.3765
2021-02-24,CTD2,0.454
2021-02-24,CTD3,0.409
2021-02-24,CTD4,0.4435
2021-02-24,CTD6,0.426
2021-02-24,CTD7,0.43300000000000005
2021-02-24,CTD8,0.3075
2021-02-24,CTD9,0.5005
2021-03-05,CTD1,0.2635
2021-03-05,CTD10,0.6735
2021-03-05,CTD11,0.577
2021-03-05,CTD12,0.5175000000000001
2021-03-05,CTD2,0.4355
2021-03-05,CTD3,0.5369999999999999
2021-03-05,CTD4,0.3805
2021-03-05,CTD6,0.5185
2021-03-05,CTD7,0.487
2021-03-05,CTD8,0.6875
2021-03-05,CTD9,0.681
2021-03-10,CTD1,0.601
2021-03-10,CTD10,0.7535000000000001
2021-03-10,CTD11,0.731
2021-03-10,CTD12,0.7795
2021-03-10,CTD2,1.1520000000000001
2021-03-10,CTD3,1.0755
2021-03-10,CTD4,0.5840000000000001
2021-03-10,CTD6,0.6194999999999999
2021-03-10,CTD7,0.848
2021-03-10,CTD8,0.822
2021-03-10,CTD9,0.623
2021-03-15,CTD1,0.368
2021-03-15,CTD10,0.5055000000000001
2021-03-15,CTD11,0.5465
2021-03-15,CTD12,0.498
2021-03-15,CTD2,0.5355
2021-03-15,CTD3,0.3755
2021-03-15,CTD4,0.3225
2021-03-15,CTD6,0.4145
2021-03-15,CTD7,0.493
2021-03-15,CTD8,0.5325
2021-03-15,CTD9,0.626
2021-03-24,CTD1,0.4325
2021-03-24,CTD10,0.5525
2021-03-24,CTD11,0.4235
2021-03-24,CTD12,0.498
2021-03-24,CTD2,0.6105
2021-03-24,CTD3,0.4965
2021-03-24,CTD4,0.34099999999999997
2021-03-24,CTD6,0.47250000000000003
2021-03-24,CTD7,0.8105
2021-03-24,CTD8,0.7605
2021-03-24,CTD9,0.605
2021-04-06,CTD1,0.365
2021-04-06,CTD10,0.4505
2021-04-06,CTD11,0.4935
2021-04-06,CTD12,0.47750000000000004
2021-04-06,CTD2,0.517
2021-04-06,CTD3,0.48
2021-04-06,CTD4,0.401
2021-04-06,CTD6,0.4345
2021-04-06,CTD7,0.607
2021-04-06,CTD8,0.5660000000000001
2021-04-06,CTD9,0.4405
2021-04-13,CTD1,0.513
2021-04-13,CTD10,0.373
2021-04-13,CTD11,0.40149999999999997
2021-04-13,CTD12,0.401
2021-04-13,CTD2,0.5065
2021-04-13,CTD3,0.4535
2021-04-13,CTD4,0.375
2021-04-13,CTD6,0.40700000000000003
2021-04-13,CTD7,0.5175
2021-04-13,CTD8,0.5974999999999999
2021-04-13,CTD9,0.40700000000000003
2021-04-20,CTD1,0.505
2021-04-20,CTD10,0.5525
2021-04-20,CTD11,0.398
2021-04-20,CTD12,0.511
2021-04-20,CTD2,0.7255
2021-04-20,CTD3,0.694
2021-04-20,CTD4,0.46099999999999997
2021-04-20,CTD6,0.4775
2021-04-20,CTD7,0.8160000000000001
2021-04-20,CTD8,0.6755
2021-04-20,CTD9,0.6605000000000001
2021-04-27,CTD1,0.49450000000000005
2021-04-27,CTD10,0.558
2021-04-27,CTD11,0.491
2021-04-27,CTD12,0.4575
2021-04-27,CTD2,0.4445
2021-04-27,CTD3,0.445
2021-04-27,CTD4,0.532
2021-04-27,CTD6,0.43100000000000005
2021-04-27,CTD7,0.665
2021-04-27,CTD8,0.6125
2021-04-27,CTD9,0.48550000000000004
2021-05-06,CTD1,0.5674999999999999
2021-05-06,CTD10,0.5535
2021-05-06,CTD11,0.4625
2021-05-06,CTD12,0.5425
2021-05-06,CTD2,0.5435
2021-05-06,CTD3,0.562
2021-05-06,CTD4,0.47050000000000003
2021-05-06,CTD6,0.5235000000000001
2021-05-06,CTD7,0.8385
2021-05-06,CTD8,0.6945
2021-05-06,CTD9,0.539
2021-05-13,CTD1,1.58
2021-05-13,CTD10,0.4465
2021-05-13,CTD11,0.5035000000000001
2021-05-13,CTD12,0.416
2021-05-13,CTD2,0.4635
2021-05-13,CTD3,0.671
2021-05-13,CTD4,0.639
2021-05-13,CTD6,0.495
2021-05-13,CTD7,0.959
2021-05-13,CTD8,0.47350000000000003
2021-05-13,CTD9,0.45
2021-05-20,CTD1,0.2885
2021-05-20,CTD10,0.5415
2021-05-20,CTD11,0.41500000000000004
2021-05-20,CTD12,0.397
2021-05-20,CTD2,0.4935
2021-05-20,CTD3,0.35950000000000004
2021-05-20,CTD4,0.3015
2021-05-20,CTD6,0.317
2021-05-20,CTD7,1.6949999999999998
2021-05-20,CTD8,0.508
2021-05-20,CTD9,0.3635
2021-05-25,CTD1,0.2455
2021-05-25,CTD10,0.4435
2021-05-25,CTD11,0.51
2021-05-25,CTD12,0.6895
2021-05-25,CTD2,0.377
2021-05-25,CTD3,0.44
2021-05-25,CTD4,0.2835
2021-05-25,CTD6,0.45599999999999996
2021-05-25,CTD7,1.0785
2021-05-25,CTD8,0.8185
2021-05-25,CTD9,0.46399999999999997
2021-06-02,CTD1,0.32699999999999996
2021-06-02,CTD10,1.0635
2021-06-02,CTD11,0.40049999999999997
2021-06-02,CTD12,0.7765
2021-06-02,CTD2,0.61
2021-06-02,CTD3,0.5175
2021-06-02,CTD4,0.48
2021-06-02,CTD6,0.648
2021-06-02,CTD7,0.7665
2021-06-02,CTD8,0.874
2021-06-02,CTD9,0.638
2021-06-08,CTD1,0.3375
2021-06-08,CTD10,0.733
2021-06-08,CTD11,0.45699999999999996
2021-06-08,CTD12,0.6765
2021-06-08,CTD2,0.5525
2021-06-08,CTD3,0.504
2021-06-08,CTD4,0.4365
2021-06-08,CTD6,0.5725
2021-06-08,CTD7,1.0385
2021-06-08,CTD8,1.1015
2021-06-08,CTD9,0.663
2021-06-14,CTD1,0.2915
2021-06-14,CTD10,0.6395
2021-06-14,CTD11,0.5814999999999999
2021-06-14,CTD12,0.5415
2021-06-14,CTD2,0.3805
2021-06-14,CTD3,0.4525
2021-06-14,CTD4,0.3365
2021-06-14,CTD6,0.422
2021-06-14,CTD7,0.786
2021-06-14,CTD8,0.42600000000000005
2021-06-14,CTD9,0.5595
2021-06-22,CTD1,0.2865
2021-06-22,CTD10,0.3885
2021-06-22,CTD11,0.272
2021-06-22,CTD12,0.3785
2021-06-22,CTD2,0.31
2021-06-22,CTD3,0.4255
2021-06-22,CTD4,0.37150000000000005
2021-06-22,CTD6,0.3715
2021-06-22,CTD7,0.8875
2021-06-22,CTD8,0.44199999999999995
2021-06-22,CTD9,0.488
2021-07-01,CTD1,0.6665
2021-07-01,CTD10,0.5860000000000001
2021-07-01,CTD11,0.4055
2021-07-01,CTD12,0.40700000000000003
2021-07-01,CTD2,0.7330000000000001
2021-07-01,CTD3,0.6475
2021-07-01,CTD4,0.613
2021-07-01,CTD6,0.539
2021-07-01,CTD7,0.8185
2021-07-01,CTD8,0.5655
2021-07-01,CTD9,0.4365
2021-07-06,CTD1,0.4095
2021-07-06,CTD10,0.5155000000000001
2021-07-06,CTD11,0.36
2021-07-06,CTD12,0.47550000000000003
2021-07-06,CTD2,0.5035
2021-07-06,CTD3,0.4665
2021-07-06,CTD4,0.3265
2021-07-06,CTD6,0.4285
2021-07-06,CTD7,0.784
2021-07-06,CTD8,0.6699999999999999
2021-07-06,CTD9,0.51
2021-07-14,CTD1,0.35850000000000004
2021-07-14,CTD10,0.551
2021-07-14,CTD11,0.4275
2021-07-14,CTD12,0.5589999999999999
2021-07-14,CTD2,0.483
2021-07-14,CTD3,0.5874999999999999
2021-07-14,CTD4,0.47
2021-07-14,CTD6,0.5375
2021-07-14,CTD7,0.6839999999999999
2021-07-14,CTD8,0.6455
2021-07-14,CTD9,0.49050000000000005
2021-07-20,CTD1,0.46950000000000003
2021-07-20,CTD10,1.0325
2021-07-20,CTD11,0.8275
2021-07-20,CTD12,1.142
2021-07-20,CTD2,0.6
2021-07-20,CTD3,0.596
2021-07-20,CTD4,0.6619999999999999
2021-07-20,CTD6,0.994
2021-07-20,CTD7,0.764
2021-07-20,CTD8,0.7615
2021-07-20,CTD9,0.6045
2021-07-27,CTD1,0.899
2021-07-27,CTD10,1.8605
2021-07-27,CTD11,0.921
2021-07-27,CTD12,1.5070000000000001
2021-07-27,CTD2,0.9735
2021-07-27,CTD3,1.131
2021-07-27,CTD4,1.718
2021-07-27,CTD6,1.3780000000000001
2021-07-27,CTD7,1.4845
2021-07-27,CTD8,1.2785000000000002
2021-07-27,CTD9,0.943
2021-08-03,CTD1,0.8975
2021-08-03,CTD10,3.778
2021-08-03,CTD11,3.5069999999999997
2021-08-03,CTD12,2.815
2021-08-03,CTD2,1.53
2021-08-03,CTD3,1.7555
2021-08-03,CTD4,2.0564999999999998
2021-08-03,CTD6,2.8754999999999997
2021-08-03,CTD7,4.6315
2021-08-03,CTD8,2.5655
2021-08-03,CTD9,1.9165
2021-08-09,CTD1,0.7395
2021-08-09,CTD10,4.047
2021-08-09,CTD11,3.492
2021-08-09,CTD12,3.5564999999999998
2021-08-09,CTD2,1.4365
2021-08-09,CTD3,1.8285
2021-08-09,CTD4,2.9095
2021-08-09,CTD6,3.0789999999999997
2021-08-09,CTD7,3.104
2021-08-09,CTD8,3.056
2021-08-09,CTD9,0.989
2021-08-13,CTD1,1.1600000000000001
2021-08-13,CTD10,4.1445
2021-08-13,CTD11,2.377
2021-08-13,CTD12,3.9815
2021-08-13,CTD2,2.597
2021-08-13,CTD3,2.589
2021-08-13,CTD4,2.08
2021-08-13,CTD6,3.3415
2021-08-13,CTD7,4.3705
2021-08-13,CTD8,4.282500000000001
2021-08-13,CTD9,2.445
2021-08-16,CTD1,1.2429999999999999
2021-08-16,CTD10,3.2125000000000004
2021-08-16,CTD11,3.9105
2021-08-16,CTD12,3.049
2021-08-16,CTD2,1.506
2021-08-16,CTD3,1.9675
2021-08-16,CTD4,2.9305000000000003
2021-08-16,CTD6,2.8185000000000002
2021-08-16,CTD7,1.7229999999999999
2021-08-16,CTD8,3.8905
2021-08-16,CTD9,1.887
2021-08-19,CTD1,1.124
2021-08-19,CTD10,4.189
2021-08-19,CTD11,3.2405
2021-08-19,CTD12,3.463
2021-08-19,CTD2,1.8575
2021-08-19,CTD3,2.5175
2021-08-19,CTD4,3.0765000000000002
2021-08-19,CTD6,3.365
2021-08-19,CTD7,5.475
2021-08-19,CTD8,4.428
2021-08-19,CTD9,4.085
2021-08-24,CTD1,1.5205
2021-08-24,CTD10,5.893000000000001
2021-08-24,CTD11,4.229
2021-08-24,CTD12,6.538
2021-08-24,CTD2,3.2264999999999997
2021-08-24,CTD3,3.6905
2021-08-24,CTD4,3.044
2021-08-24,CTD6,6.2780000000000005
2021-08-24,CTD7,3.8545
2021-08-24,CTD8,7.1255
2021-08-24,CTD9,2.1215
2021-08-26,CTD1,1.2075
2021-08-26,CTD10,7.7085
2021-08-26,CTD11,5.7875
2021-08-26,CTD12,5.79
2021-08-26,CTD2,3.996
2021-08-26,CTD3,3.0915
2021-08-26,CTD4,3.4985
2021-08-26,CTD6,7.1655
2021-08-26,CTD7,4.1274999999999995
2021-08-26,CTD8,6.635999999999999
2021-08-26,CTD9,5.2645
2021-08-30,CTD1,1.177
2021-08-30,CTD10,2.7785
2021-08-30,CTD11,2.9284999999999997
2021-08-30,CTD12,2.7625
2021-08-30,CTD2,2.6195
2021-08-30,CTD3,2.294
2021-08-30,CTD4,2.5774999999999997
2021-08-30,CTD6,2.7915
2021-08-30,CTD7,1.924
2021-08-30,CTD8,2.072
2021-08-30,CTD9,1.072
2021-09-02,CTD1,2.322
2021-09-02,CTD10,2.9435000000000002
2021-09-02,CTD11,5.223
2021-09-02,CTD12,3.013
2021-09-02,CTD2,3.2190000000000003
2021-09-02,CTD3,3.9695
2021-09-02,CTD4,2.7969999999999997
2021-09-02,CTD6,2.8865
2021-09-02,CTD7,2.962
2021-09-02,CTD8,6.6745
2021-09-02,CTD9,2.6814999999999998
2021-09-13,CTD1,1.611
2021-09-13,CTD10,7.2085
2021-09-13,CTD11,5.781000000000001
2021-09-13,CTD12,4.0945
2021-09-13,CTD2,2.6685
2021-09-13,CTD3,3.4735
2021-09-13,CTD4,3.192
2021-09-13,CTD6,4.4765
2021-09-13,CTD7,1.3905
2021-09-13,CTD8,4.0585
2021-09-13,CTD9,2.8535
2021-09-20,CTD1,2.0170000000000003
2021-09-20,CTD10,6.936
2021-09-20,CTD11,9.7385
2021-09-20,CTD12,8.277000000000001
2021-09-20,CTD2,2.3945
2021-09-20,CTD3,4.1475
2021-09-20,CTD4,7.5845
2021-09-20,CTD6,8.725000000000001
2021-09-20,CTD7,1.442
2021-09-20,CTD8,4.681
2021-09-20,CTD9,2.958
2021-09-27,CTD1,0.136
2021-09-27,CTD10,0.598
2021-09-27,CTD11,0.15
2021-09-27,CTD12,3.852
2021-09-27,CTD2,3.567
2021-09-27,CTD3,1.957
2021-09-27,CTD4,5.215
2021-09-27,CTD6,2.615
2021-09-27,CTD7,0.281
2021-09-27,CTD8,0.617
2021-09-27,CTD9,0.009
2021-09-30,CTD1,2.2525
2021-09-30,CTD10,3.7045000000000003
2021-09-30,CTD11,5.4045
2021-09-30,CTD12,7.984
2021-09-30,CTD2,3.2275
2021-09-30,CTD3,5.2315000000000005
2021-09-30,CTD4,5.5445
2021-09-30,CTD6,7.0344999999999995
2021-09-30,CTD7,3.113
2021-09-30,CTD8,5.2435
2021-09-30,CTD9,2.6755
2021-10-07,CTD1,1.5805
2021-10-07,CTD10,3.5854999999999997
2021-10-07,CTD11,3.416
2021-10-07,CTD12,3.4035
2021-10-07,CTD2,3.21
2021-10-07,CTD3,3.513
2021-10-07,CTD4,2.8920000000000003
2021-10-07,CTD6,4.335
2021-10-07,CTD7,2.7575000000000003
2021-10-07,CTD8,4.639
2021-10-07,CTD9,2.1825
2021-10-11,CTD1,0.501
2021-10-11,CTD10,5.9335
2021-10-11,CTD11,6.386
2021-10-11,CTD12,4.0489999999999995
2021-10-11,CTD2,1.246
2021-10-11,CTD3,1.6400000000000001
2021-10-11,CTD4,3.3
2021-10-11,CTD6,4.638
2021-10-11,CTD7,1.324
2021-10-11,CTD8,4.179
2021-10-11,CTD9,2.925
2021-10-18,CTD1,0.453
2021-10-18,CTD10,2.074
2021-10-18,CTD11,1.407
2021-10-18,CTD12,1.631
2021-10-18,CTD2,0.8585
2021-10-18,CTD3,0.821
2021-10-18,CTD4,1.0075
2021-10-18,CTD6,1.2875
2021-10-18,CTD7,1.065
2021-10-18,CTD8,1.7455
2021-10-18,CTD9,1.22
2021-10-28,CTD1,0.8254999999999999
2021-10-28,CTD10,1.952
2021-10-28,CTD11,1.584
2021-10-28,CTD12,1.6435
2021-10-28,CTD2,1.5675
2021-10-28,CTD3,1.8445
2021-10-28,CTD4,1.3679999999999999
2021-10-28,CTD6,1.655
2021-10-28,CTD7,1.462
2021-10-28,CTD8,1.722
2021-10-28,CTD9,1.177
2021-11-04,CTD1,0.483
2021-11-04,CTD10,2.6435
2021-11-04,CTD11,1.1764999999999999
2021-11-04,CTD12,1.9085
2021-11-04,CTD2,1.1225
2021-11-04,CTD3,1.1775
2021-11-04,CTD4,0.685
2021-11-04,CTD6,1.526
2021-11-04,CTD7,2.7755
2021-11-04,CTD8,2.1870000000000003
2021-11-04,CTD9,1.9205
2021-11-11,CTD1,1.0125
2021-11-11,CTD10,0.994
2021-11-11,CTD11,0.723
2021-11-11,CTD12,0.9289999999999999
2021-11-11,CTD2,1.1895
2021-11-11,CTD3,1.022
2021-11-11,CTD4,0.763
2021-11-11,CTD6,1.029
2021-11-11,CTD7,1.3255
2021-11-11,CTD8,0.895
2021-11-11,CTD9,0.744
2021-11-18,CTD1,0.521
2021-11-18,CTD10,1.8985
2021-11-18,CTD11,1.3065
2021-11-18,CTD12,1.4595
2021-11-18,CTD2,1.1360000000000001
2021-11-18,CTD3,1.0125
2021-11-18,CTD4,0.844
2021-11-18,CTD6,1.7925
2021-11-18,CTD7,1.9144999999999999
2021-11-18,CTD8,3.713
2021-11-18,CTD9,2.051
2021-11-26,CTD1,0.658
2021-11-26,CTD10,1.429
2021-11-26,CTD11,0.826
2021-11-26,CTD12,1.593
2021-11-26,CTD2,0.947
2021-11-26,CTD3,0.944
2021-11-26,CTD4,0.996
2021-11-26,CTD6,1.542
2021-11-26,CTD7,1.514
2021-11-26,CTD8,1.723
2021-11-26,CTD9,1.672
2021-12-01,CTD1,0.451
2021-12-01,CTD10,1.385
2021-12-01,CTD11,0.681
2021-12-01,CTD12,0.8505
2021-12-01,CTD2,0.5835
2021-12-01,CTD3,0.5660000000000001
2021-12-01,CTD4,0.7565
2021-12-01,CTD6,1.018
2021-12-01,CTD7,0.7
2021-12-01,CTD8,0.8475
2021-12-01,CTD9,0.7245
2021-12-10,CTD1,0.666
2021-12-10,CTD10,0.8955
2021-12-10,CTD11,0.5925
2021-12-10,CTD12,0.7905
2021-12-10,CTD2,1.044
2021-12-10,CTD3,1.104
2021-12-10,CTD4,0.722
2021-12-10,CTD6,0.839
2021-12-10,CTD7,1.2999999999999998
2021-12-10,CTD8,1.1105
2021-12-10,CTD9,1.242
2021-12-15,CTD1,0.8554999999999999
2021-12-15,CTD10,0.989
2021-12-15,CTD11,0.708
2021-12-15,CTD12,0.8265
2021-12-15,CTD2,0.9704999999999999
2021-12-15,CTD3,0.983
2021-12-15,CTD4,0.867
2021-12-15,CTD6,1.074
2021-12-15,CTD7,1.0205
2021-12-15,CTD8,0.9099999999999999
2021-12-15,CTD9,0.8245
2021-12-21,CTD1,1.2055
2021-12-21,CTD10,0.9715
2021-12-21,CTD11,0.6990000000000001
2021-12-21,CTD12,0.8325
2021-12-21,CTD2,1.69
2021-12-21,CTD3,1.4645000000000001
2021-12-21,CTD4,0.637
2021-12-21,CTD6,0.8545
2021-12-21,CTD7,1.8439999999999999
2021-12-21,CTD8,1.024
2021-12-21,CTD9,0.708
2021-12-28,CTD1,0.8260000000000001
2021-12-28,CTD10,0.5095000000000001
2021-12-28,CTD11,0.5315000000000001
2021-12-28,CTD12,0.5630000000000001
2021-12-28,CTD2,1.263
2021-12-28,CTD3,0.9205
2021-12-28,CTD4,0.7304999999999999
2021-12-28,CTD6,0.639
2021-12-28,CTD7,0.6395
2021-12-28,CTD8,0.4515
2021-12-28,CTD9,0.4215
2022-01-04,CTD1,0.8295
2022-01-04,CTD10,0.2425
2022-01-04,CTD11,0.125
2022-01-04,CTD12,0.65
2022-01-04,CTD2,1.084
2022-01-04,CTD3,1.0095
2022-01-04,CTD4,0.5835
2022-01-04,CTD6,0.6575
2022-01-04,CTD7,1.178
2022-01-04,CTD8,0.44799999999999995
2022-01-04,CTD9,0.56
2022-01-12,CTD1,0.5105
2022-01-12,CTD10,0.4165
2022-01-12,CTD11,0.3145
2022-01-12,CTD12,0.3735
2022-01-12,CTD2,0.7175
2022-01-12,CTD3,0.6895
2022-01-12,CTD4,0.4285
2022-01-12,CTD6,0.39749999999999996
2022-01-12,CTD7,0.478
2022-01-12,CTD8,0.361
2022-01-12,CTD9,0.3875
2022-01-19,CTD1,0.8015000000000001
2022-01-19,CTD10,0.232
2022-01-19,CTD11,0.2215
2022-01-19,CTD12,0.267
2022-01-19,CTD2,0.8245
2022-01-19,CTD3,0.7875
2022-01-19,CTD4,0.4165
2022-01-19,CTD6,0.46049999999999996
2022-01-19,CTD7,0.41800000000000004
2022-01-19,CTD8,0.4485
2022-01-19,CTD9,0.3955
2022-01-27,CTD1,0.748
2022-01-27,CTD10,0.646
2022-01-27,CTD11,0.40449999999999997
2022-01-27,CTD12,0.48
2022-01-27,CTD2,0.85
2022-01-27,CTD3,0.7955
2022-01-27,CTD4,0.5175
2022-01-27,CTD6,0.756
2022-01-27,CTD7,0.6545
2022-01-27,CTD8,0.5775
2022-01-27,CTD9,1.1975
2022-02-02,CTD1,0.7070000000000001
2022-02-02,CTD10,0.445
2022-02-02,CTD11,0.4675
2022-02-02,CTD12,0.513
2022-02-02,CTD2,0.5905
2022-02-02,CTD3,0.45899999999999996
2022-02-02,CTD4,0.3425
2022-02-02,CTD6,0.47350000000000003
2022-02-02,CTD7,0.5655
2022-02-02,CTD8,0.46799999999999997
2022-02-02,CTD9,0.4135
2022-02-10,CTD1,0.9145
2022-02-10,CTD10,1.6405
2022-02-10,CTD11,1.557
2022-02-10,CTD12,1.4420000000000002
2022-02-10,CTD2,1.6055
2022-02-10,CTD3,1.1905000000000001
2022-02-10,CTD4,1.016
2022-02-10,CTD6,1.7095
2022-02-10,CTD7,1.0605
2022-02-10,CTD8,1.4195000000000002
2022-02-10,CTD9,1.0234999999999999
2022-02-16,CTD1,0.6305000000000001
2022-02-16,CTD10,0.4795
2022-02-16,CTD11,0.40449999999999997
2022-02-16,CTD12,0.5415
2022-02-16,CTD2,0.81
2022-02-16,CTD3,0.5145
2022-02-16,CTD4,0.388
2022-02-16,CTD6,0.652
2022-02-16,CTD7,0.7364999999999999
2022-02-16,CTD8,0.48650000000000004
2022-02-16,CTD9,0.5325
2022-02-24,CTD1,0.42900000000000005
2022-02-24,CTD10,0.35650000000000004
2022-02-24,CTD11,0.382
2022-02-24,CTD12,0.3215
2022-02-24,CTD2,0.376
2022-02-24,CTD3,0.47650000000000003
2022-02-24,CTD4,0.3225
2022-02-24,CTD6,0.34850000000000003
2022-02-24,CTD7,0.5885
2022-02-24,CTD8,0.232
2022-02-24,CTD9,0.511
2022-03-02,CTD1,0.30200000000000005
2022-03-02,CTD10,0.40049999999999997
2022-03-02,CTD11,0.31
2022-03-02,CTD12,0.367
2022-03-02,CTD2,0.28
2022-03-02,CTD3,0.273
2022-03-02,CTD4,0.28300000000000003
2022-03-02,CTD6,0.3135
2022-03-02,CTD7,0.362
2022-03-02,CTD8,0.3095
2022-03-02,CTD9,0.388
2022-03-11,CTD1,0.334
2022-03-11,CTD10,0.357
2022-03-11,CTD11,0.295
2022-03-11,CTD12,0.5425
2022-03-11,CTD2,0.765
2022-03-11,CTD3,0.5685
2022-03-11,CTD4,0.35550000000000004
2022-03-11,CTD6,0.5535
2022-03-11,CTD7,0.5845
2022-03-11,CTD8,0.5365
2022-03-11,CTD9,0.4255
2022-03-24,CTD1,0.46099999999999997
2022-03-24,CTD10,1.6035
2022-03-24,CTD11,0.406
2022-03-24,CTD12,1.366
2022-03-24,CTD2,0.722
2022-03-24,CTD3,0.649
2022-03-24,CTD4,0.6735
2022-03-24,CTD6,1.3305
2022-03-24,CTD7,1.1955
2022-03-24,CTD8,1.1095
2022-03-24,CTD9,1.552
2022-03-28,CTD1,0.501
2022-03-28,CTD10,0.74
2022-03-28,CTD11,0.42
2022-03-28,CTD12,0.7065
2022-03-28,CTD2,1.0385
2022-03-28,CTD3,1.175
2022-03-28,CTD4,0.7015
2022-03-28,CTD6,1.22
2022-03-28,CTD7,0.6685000000000001
2022-03-28,CTD8,0.6745
2022-03-28,CTD9,1.414
2022-04-06,CTD1,0.871
2022-04-06,CTD10,1.6844999999999999
2022-04-06,CTD11,1.197
2022-04-06,CTD12,1.238
2022-04-06,CTD2,1.6280000000000001
2022-04-06,CTD3,2.0295
2022-04-06,CTD4,1.524
2022-04-06,CTD6,1.2690000000000001
2022-04-06,CTD7,0.7905
2022-04-06,CTD8,1.262
2022-04-06,CTD9,0.9935
2022-04-11,CTD1,0.6725
2022-04-11,CTD10,2.0415
2022-04-11,CTD11,1.218
2022-04-11,CTD12,1.2105000000000001
2022-04-11,CTD2,1.2945
2022-04-11,CTD3,1.2245
2022-04-11,CTD4,0.7969999999999999
2022-04-11,CTD6,1.06
2022-04-11,CTD7,2.9635
2022-04-11,CTD8,1.4215
2022-04-11,CTD9,2.2455
2022-04-19,CTD1,0.61
2022-04-19,CTD10,0.7415
2022-04-19,CTD11,0.4845
2022-04-19,CTD12,1.0095
2022-04-19,CTD2,1.28
2022-04-19,CTD3,1.1675
2022-04-19,CTD4,0.6525
2022-04-19,CTD6,1.078
2022-04-19,CTD7,1.2115
2022-04-19,CTD8,0.959
2022-04-19,CTD9,0.5745
2022-04-22,CTD1,0.849
2022-04-22,CTD10,1.4855
2022-04-22,CTD11,1.1125
2022-04-22,CTD12,1.3815
2022-04-22,CTD2,1.3639999999999999
2022-04-22,CTD3,1.346
2022-04-22,CTD4,0.6445000000000001
2022-04-22,CTD6,1.7435
2022-04-22,CTD7,1.542
2022-04-22,CTD8,1.234
2022-04-22,CTD9,0.8405
2022-04-27,CTD1,0.671
2022-04-27,CTD10,0.8795
2022-04-27,CTD11,0.656
2022-04-27,CTD12,0.982
2022-04-27,CTD2,0.855
2022-04-27,CTD3,0.9065
2022-04-27,CTD4,0.884
2022-04-27,CTD6,1.333
2022-04-27,CTD7,1.4375
2022-04-27,CTD8,1.0875
2022-04-27,CTD9,0.704
2022-05-06,CTD1,0.3805
2022-05-06,CTD10,0.8785000000000001
2022-05-06,CTD11,0.6855
2022-05-06,CTD12,0.679
2022-05-06,CTD2,0.493
2022-05-06,CTD3,0.5975
2022-05-06,CTD4,0.513
2022-05-06,CTD6,0.6995
2022-05-06,CTD7,0.704
2022-05-06,CTD8,0.6639999999999999
2022-05-06,CTD9,0.597
2022-05-13,CTD1,0.3725
2022-05-13,CTD10,0.872
2022-05-13,CTD11,0.6255
2022-05-13,CTD12,0.6599999999999999
2022-05-13,CTD2,0.45899999999999996
2022-05-13,CTD3,0.4775
2022-05-13,CTD4,0.433
2022-05-13,CTD6,1.159
2022-05-13,CTD7,1.0125
2022-05-13,CTD8,1.017
2022-05-13,CTD9,0.5855
2022-05-18,CTD1,0.351
2022-05-18,CTD10,0.905
2022-05-18,CTD11,0.8865
2022-05-18,CTD12,1.431
2022-05-18,CTD2,0.5275
2022-05-18,CTD3,0.844
2022-05-18,CTD4,1.484
2022-05-18,CTD6,1.5265
2022-05-18,CTD7,0.7515000000000001
2022-05-18,CTD8,1.1124999999999998
2022-05-18,CTD9,0.7749999999999999
2022-05-26,CTD1,0.215
2022-05-26,CTD10,0.5860000000000001
2022-05-26,CTD11,0.491
2022-05-26,CTD12,0.96
2022-05-26,CTD2,0.2275
2022-05-26,CTD3,0.22349999999999998
2022-05-26,CTD4,0.4515
2022-05-26,CTD6,0.667
2022-05-26,CTD7,0.515
2022-05-26,CTD8,0.521
2022-05-26,CTD9,0.6739999999999999
2022-06-02,CTD1,0.26949999999999996
2022-06-02,CTD10,0.6935
2022-06-02,CTD11,0.764
2022-06-02,CTD12,0.6355
2022-06-02,CTD2,0.4105
2022-06-02,CTD3,0.384
2022-06-02,CTD4,0.2885
2022-06-02,CTD6,0.601
2022-06-02,CTD7,0.623
2022-06-02,CTD8,0.5545
2022-06-02,CTD9,0.583
2022-06-10,CTD1,0.379
2022-06-10,CTD10,0.5840000000000001
2022-06-10,CTD11,0.493
2022-06-10,CTD12,0.5249999999999999
2022-06-10,CTD2,0.5355
2022-06-10,CTD3,0.396
2022-06-10,CTD4,0.371
2022-06-10,CTD6,0.485
2022-06-10,CTD7,0.5469999999999999
2022-06-10,CTD8,0.4505
2022-06-10,CTD9,0.5425
2022-06-17,CTD1,0.2525
2022-06-17,CTD10,0.593
2022-06-17,CTD11,0.40900000000000003
2022-06-17,CTD12,0.5385
2022-06-17,CTD2,0.506
2022-06-17,CTD3,0.3795
2022-06-17,CTD4,0.354
2022-06-17,CTD6,0.5825
2022-06-17,CTD7,0.6990000000000001
2022-06-17,CTD8,0.4925
2022-06-17,CTD9,0.4155
2022-06-24,CTD1,0.31
2022-06-24,CTD10,0.36750000000000005
2022-06-24,CTD11,0.395
2022-06-24,CTD12,0.49650000000000005
2022-06-24,CTD2,0.329
2022-06-24,CTD3,0.2545
2022-06-24,CTD4,0.6125
2022-06-24,CTD6,0.32799999999999996
2022-06-24,CTD7,0.5835
2022-06-24,CTD8,0.44499999999999995
2022-06-24,CTD9,2.3390000000000004
2022-06-30,CTD1,0.227
2022-06-30,CTD10,0.6045
2022-06-30,CTD11,0.5885
2022-06-30,CTD12,0.571
2022-06-30,CTD2,0.308
2022-06-30,CTD3,0.2495
2022-06-30,CTD4,0.3985
2022-06-30,CTD6,0.46799999999999997
2022-06-30,CTD7,0.7919999999999999
2022-06-30,CTD8,0.546
2022-06-30,CTD9,0.5205
2022-07-06,CTD1,0.4035
2022-07-06,CTD10,0.6599999999999999
2022-07-06,CTD11,0.5155000000000001
2022-07-06,CTD12,0.685
2022-07-06,CTD2,0.3395
2022-07-06,CTD3,0.4295
2022-07-06,CTD4,0.378
2022-07-06,CTD6,0.6785
2022-07-06,CTD7,0.7645
2022-07-06,CTD8,0.7195
2022-07-06,CTD9,0.6014999999999999
2022-07-14,CTD1,0.3245
2022-07-14,CTD10,0.532
2022-07-14,CTD11,0.554
2022-07-14,CTD12,0.46399999999999997
2022-07-14,CTD2,0.306
2022-07-14,CTD3,0.40249999999999997
2022-07-14,CTD4,0.273
2022-07-14,CTD6,0.485
2022-07-14,CTD7,0.47750000000000004
2022-07-14,CTD8,0.485
2022-07-14,CTD9,0.517
2022-07-20,CTD1,0.2535
2022-07-20,CTD10,0.6719999999999999
2022-07-20,CTD11,0.5395
2022-07-20,CTD12,0.444
2022-07-20,CTD2,0.317
2022-07-20,CTD3,0.291
2022-07-20,CTD4,0.31399999999999995
2022-07-20,CTD6,0.63
2022-07-20,CTD7,0.5865
2022-07-20,CTD8,0.571
2022-07-20,CTD9,0.514
2022-07-28,CTD1,0.314
2022-07-28,CTD10,0.742
2022-07-28,CTD11,0.5369999999999999
2022-07-28,CTD12,0.7155
2022-07-28,CTD2,0.39
2022-07-28,CTD3,0.46099999999999997
2022-07-28,CTD4,0.5245
2022-07-28,CTD6,0.7755
2022-07-28,CTD7,0.512
2022-07-28,CTD8,0.6
2022-07-28,CTD9,0.47050000000000003
2022-08-03,CTD1,0.2645
2022-08-03,CTD10,0.503
2022-08-03,CTD11,0.6225
2022-08-03,CTD12,0.6485000000000001
2022-08-03,CTD2,0.40700000000000003
2022-08-03,CTD3,0.4205
2022-08-03,CTD4,0.5455
2022-08-03,CTD6,0.5265
2022-08-03,CTD7,0.432
2022-08-03,CTD8,1.0899999999999999
2022-08-03,CTD9,0.638
2022-08-11,CTD1,0.268
2022-08-11,CTD10,0.36
2022-08-11,CTD11,0.4405
2022-08-11,CTD12,0.46699999999999997
2022-08-11,CTD2,0.3785
2022-08-11,CTD3,0.378
2022-08-11,CTD4,0.3255
2022-08-11,CTD6,0.5165
2022-08-11,CTD7,0.7835
2022-08-11,CTD8,0.726
2022-08-11,CTD9,0.4995
2022-08-17,CTD1,0.23450000000000001
2022-08-17,CTD10,0.617
2022-08-17,CTD11,0.47200000000000003
2022-08-17,CTD12,0.5365
2022-08-17,CTD2,0.469
2022-08-17,CTD3,0.28900000000000003
2022-08-17,CTD4,0.241
2022-08-17,CTD6,0.4695
2022-08-17,CTD7,1.9064999999999999
2022-08-17,CTD8,0.861
2022-08-17,CTD9,0.7455
2022-08-24,CTD1,0.2445
2022-08-24,CTD10,0.5615
2022-08-24,CTD11,0.567
2022-08-24,CTD12,0.4645
2022-08-24,CTD2,0.3365
2022-08-24,CTD3,0.3015
2022-08-24,CTD4,0.2715
2022-08-24,CTD6,0.5685
2022-08-24,CTD7,0.9039999999999999
2022-08-24,CTD8,0.485
2022-08-24,CTD9,0.5605
2022-09-01,CTD1,0.46499999999999997
2022-09-01,CTD10,0.44399999999999995
2022-09-01,CTD11,0.3065
2022-09-01,CTD12,0.538
2022-09-01,CTD2,0.6074999999999999
2022-09-01,CTD3,0.5095000000000001
2022-09-01,CTD4,0.3715
2022-09-01,CTD6,0.47750000000000004
2022-09-01,CTD7,1.59
2022-09-01,CTD8,0.7204999999999999
2022-09-01,CTD9,0.6495
2022-09-07,CTD1,0.434
2022-09-07,CTD10,0.402
2022-09-07,CTD11,0.277
2022-09-07,CTD12,0.4615
2022-09-07,CTD2,0.39749999999999996
2022-09-07,CTD3,0.3425
2022-09-07,CTD4,0.348
2022-09-07,CTD6,0.38649999999999995
2022-09-07,CTD7,0.385
2022-09-07,CTD8,0.5995
2022-09-07,CTD9,0.421
2022-09-15,CTD1,0.40800000000000003
2022-09-15,CTD10,0.5095000000000001
2022-09-15,CTD11,0.46299999999999997
2022-09-15,CTD12,0.5265
2022-09-15,CTD2,0.4145
2022-09-15,CTD3,0.46299999999999997
2022-09-15,CTD4,0.3975
2022-09-15,CTD6,0.639
2022-09-15,CTD7,0.565
2022-09-15,CTD8,1.109
2022-09-15,CTD9,0.5875
2022-09-21,CTD1,0.325
2022-09-21,CTD10,0.7775
2022-09-21,CTD11,0.712
2022-09-21,CTD12,0.798
2022-09-21,CTD2,0.47250000000000003
2022-09-21,CTD3,0.4175
2022-09-21,CTD4,0.346
2022-09-21,CTD6,0.628
2022-09-21,CTD7,1.3045
2022-09-21,CTD8,1.154
2022-09-21,CTD9,0.9305
2022-09-29,CTD1,0.4435
2022-09-29,CTD10,1.311
2022-09-29,CTD11,0.3725
2022-09-29,CTD12,1.721
2022-09-29,CTD2,1.2954999999999999
2022-09-29,CTD3,0.783
2022-09-29,CTD4,0.41000000000000003
2022-09-29,CTD6,1.0495
2022-09-29,CTD7,4.872
2022-09-29,CTD8,2.2295
2022-09-29,CTD9,1.426
2022-10-05,CTD1,0.30200000000000005
2022-10-05,CTD10,1.4555
2022-10-05,CTD11,1.0525
2022-10-05,CTD12,1.5
2022-10-05,CTD2,0.8320000000000001
2022-10-05,CTD3,0.5245
2022-10-05,CTD4,0.3065
2022-10-05,CTD6,1.0425
2022-10-05,CTD7,3.1135
2022-10-05,CTD8,2.2185
2022-10-05,CTD9,1.944
2022-10-11,CTD1,0.4495
2022-10-11,CTD10,3.797
2022-10-11,CTD11,4.4155
2022-10-11,CTD12,2.3884999999999996
2022-10-11,CTD2,1.1495000000000002
2022-10-11,CTD3,0.8805000000000001
2022-10-11,CTD4,0.631
2022-10-11,CTD6,0.972
2022-10-11,CTD7,2.4555
2022-10-11,CTD8,2.891
2022-10-11,CTD9,2.5965
2022-10-18,CTD1,0.5705
2022-10-18,CTD10,1.5630000000000002
2022-10-18,CTD11,1.318
2022-10-18,CTD12,1.336
2022-10-18,CTD2,0.9159999999999999
2022-10-18,CTD3,0.7235
2022-10-18,CTD4,0.643
2022-10-18,CTD6,0.907
2022-10-18,CTD7,1.23
2022-10-18,CTD8,0.986
2022-10-18,CTD9,1.2365
2022-10-26,CTD1,0.631
2022-10-26,CTD10,1.028
2022-10-26,CTD11,0.896
2022-10-26,CTD12,1.1164999999999998
2022-10-26,CTD2,0.9025
2022-10-26,CTD3,1.4085
2022-10-26,CTD4,1.105
2022-10-26,CTD6,1.159
2022-10-26,CTD7,0.8855
2022-10-26,CTD8,2.0175
2022-10-26,CTD9,0.8775
2022-11-02,CTD1,0.619
2022-11-02,CTD10,0.6275
2022-11-02,CTD11,0.612
2022-11-02,CTD12,0.624
2022-11-02,CTD2,0.7075
2022-11-02,CTD3,0.653
2022-11-02,CTD4,0.6315
2022-11-02,CTD6,0.655
2022-11-02,CTD7,0.7335
2022-11-02,CTD8,0.939
2022-11-02,CTD9,0.6935
2022-11-09,CTD1,0.733
2022-11-09,CTD10,0.6679999999999999
2022-11-09,CTD11,0.42300000000000004
2022-11-09,CTD12,0.9575
2022-11-09,CTD2,1.109
2022-11-09,CTD3,0.9075
2022-11-09,CTD4,0.5195000000000001
2022-11-09,CTD6,2.409
2022-11-09,CTD7,1.463
2022-11-09,CTD8,1.978
2022-11-09,CTD9,0.781
2022-11-17,CTD1,0.5875
2022-11-17,CTD10,0.667
2022-11-17,CTD11,0.4445
2022-11-17,CTD12,0.6625
2022-11-17,CTD2,0.8165
2022-11-17,CTD3,0.7035
2022-11-17,CTD4,0.575
2022-11-17,CTD6,0.5269999999999999
2022-11-17,CTD7,1.2555
2022-11-17,CTD8,0.9525000000000001
2022-11-17,CTD9,0.7045
2022-11-24,CTD1,0.6385
2022-11-24,CTD10,0.7645
2022-11-24,CTD11,0.5495
2022-11-24,CTD12,0.6955
2022-11-24,CTD2,0.962
2022-11-24,CTD3,0.8175
2022-11-24,CTD4,0.532
2022-11-24,CTD6,0.6455
2022-11-24,CTD7,1.1265
2022-11-24,CTD8,0.9319999999999999
2022-11-24,CTD9,0.7164999999999999
2022-12-01,CTD1,1.0315
2022-12-01,CTD10,0.6910000000000001
2022-12-01,CTD11,0.5015000000000001
2022-12-01,CTD12,0.726
2022-12-01,CTD2,1.052
2022-12-01,CTD3,1.0615
2022-12-01,CTD4,0.7685
2022-12-01,CTD6,0.8495
2022-12-01,CTD7,1.3445
2022-12-01,CTD8,1.5210000000000001
2022-12-01,CTD9,0.671
2022-12-07,CTD1,1.9205
2022-12-07,CTD10,0.5125
2022-12-07,CTD11,0.512
2022-12-07,CTD12,0.7715000000000001
2022-12-07,CTD2,2.2595
2022-12-07,CTD3,1.968
2022-12-07,CTD4,1.5145
2022-12-07,CTD6,1.045
2022-12-07,CTD7,1.0785
2022-12-07,CTD8,0.752
2022-12-07,CTD9,0.5655
2022-12-16,CTD1,1.339
2022-12-16,CTD10,0.792
2022-12-16,CTD11,0.696
2022-12-16,CTD12,0.7035
2022-12-16,CTD2,1.2445
2022-12-16,CTD3,1.3305
2022-12-16,CTD4,0.99
2022-12-16,CTD6,0.97
2022-12-16,CTD7,0.929
2022-12-16,CTD8,0.8885000000000001
2022-12-16,CTD9,0.485
2022-12-20,CTD1,1.222
2022-12-20,CTD10,0.7745
2022-12-20,CTD11,0.882
2022-12-20,CTD12,0.9635
2022-12-20,CTD2,1.6905000000000001
2022-12-20,CTD3,1.6125
2022-12-20,CTD4,1.439
2022-12-20,CTD6,1.282
2022-12-20,CTD7,1.2
2022-12-20,CTD8,1.4055
2022-12-20,CTD9,0.9435
2022-12-27,CTD1,0.7795000000000001
2022-12-27,CTD10,0.7175
2022-12-27,CTD11,0.536
2022-12-27,CTD12,0.5569999999999999
2022-12-27,CTD2,0.901
2022-12-27,CTD3,0.9149999999999999
2022-12-27,CTD4,0.7135
2022-12-27,CTD6,0.575
2022-12-27,CTD7,0.966
2022-12-27,CTD8,1.032
2022-12-27,CTD9,0.8170000000000001
2023-01-03,CTD1,0.503
2023-01-03,CTD10,0.4445
2023-01-03,CTD11,0.4575
2023-01-03,CTD12,0.4385
2023-01-03,CTD2,0.7195
2023-01-03,CTD3,0.9525
2023-01-03,CTD4,0.6739999999999999
2023-01-03,CTD6,0.6984999999999999
2023-01-03,CTD7,0.7955
2023-01-03,CTD8,0.76
2023-01-03,CTD9,0.453
2023-01-10,CTD1,0.6805
2023-01-10,CTD10,0.53
2023-01-10,CTD11,0.40800000000000003
2023-01-10,CTD12,0.627
2023-01-10,CTD2,0.893
2023-01-10,CTD3,0.9610000000000001
2023-01-10,CTD4,0.9365
2023-01-10,CTD6,0.6965
2023-01-10,CTD7,0.7715
2023-01-10,CTD8,0.857
2023-01-10,CTD9,0.5555
2023-01-20,CTD1,0.692
2023-01-20,CTD10,0.46499999999999997
2023-01-20,CTD11,0.27649999999999997
2023-01-20,CTD12,0.5369999999999999
2023-01-20,CTD2,1.0655
2023-01-20,CTD3,1.0550000000000002
2023-01-20,CTD4,0.7015
2023-01-20,CTD6,0.39149999999999996
2023-01-20,CTD7,0.9295
2023-01-20,CTD8,0.865
2023-01-20,CTD9,0.6105
2023-01-25,CTD1,1.3415
2023-01-25,CTD10,0.5075
2023-01-25,CTD11,0.5409999999999999
2023-01-25,CTD12,0.5225
2023-01-25,CTD2,1.0725
2023-01-25,CTD3,1.0655000000000001
2023-01-25,CTD4,0.8294999999999999
2023-01-25,CTD6,0.5569999999999999
2023-01-25,CTD7,0.7715000000000001
2023-01-25,CTD8,0.4655
2023-01-25,CTD9,0.569
2023-02-01,CTD1,0.6245
2023-02-01,CTD10,0.238
2023-02-01,CTD11,0.1565
2023-02-01,CTD12,0.23249999999999998
2023-02-01,CTD2,0.5585
2023-02-01,CTD3,0.518
2023-02-01,CTD4,0.326
2023-02-01,CTD6,0.253
2023-02-01,CTD7,0.473
2023-02-01,CTD8,0.2525
2023-02-01,CTD9,0.439
2023-02-08,CTD1,0.535
2023-02-08,CTD10,0.38
2023-02-08,CTD11,0.3
2023-02-08,CTD12,0.4525
2023-02-08,CTD2,0.591
2023-02-08,CTD3,0.49450000000000005
2023-02-08,CTD4,0.5105
2023-02-08,CTD6,0.502
2023-02-08,CTD7,0.7705
2023-02-08,CTD8,0.475
2023-02-08,CTD9,0.7555000000000001
2023-02-14,CTD1,0.8734999999999999
2023-02-14,CTD10,0.46399999999999997
2023-02-14,CTD11,0.381
2023-02-14,CTD12,0.41500000000000004
2023-02-14,CTD2,0.7725
2023-02-14,CTD3,0.7124999999999999
2023-02-14,CTD4,0.579
2023-02-14,CTD6,0.45599999999999996
2023-02-14,CTD7,0.503
2023-02-14,CTD8,0.42200000000000004
2023-02-14,CTD9,0.491
2023-02-23,CTD1,0.7055
2023-02-23,CTD10,0.541
2023-02-23,CTD11,0.49
2023-02-23,CTD12,0.491
2023-02-23,CTD2,0.6735
2023-02-23,CTD3,0.626
2023-02-23,CTD4,0.499
2023-02-23,CTD6,0.498
2023-02-23,CTD7,0.6445000000000001
2023-02-23,CTD8,0.49650000000000005
2023-02-23,CTD9,0.47500000000000003
2023-03-01,CTD1,0.3215
2023-03-01,CTD10,0.193
2023-03-01,CTD11,0.16949999999999998
2023-03-01,CTD12,0.1805
2023-03-01,CTD2,0.3555
2023-03-01,CTD3,0.38549999999999995
2023-03-01,CTD4,0.27049999999999996
2023-03-01,CTD6,0.21050000000000002
2023-03-01,CTD7,0.2275
2023-03-01,CTD8,0.2815
2023-03-01,CTD9,0.16599999999999998
2023-03-08,CTD1,0.356
2023-03-08,CTD10,0.2835
2023-03-08,CTD11,0.179
2023-03-08,CTD12,0.2395
2023-03-08,CTD2,0.3715
2023-03-08,CTD3,0.35150000000000003
2023-03-08,CTD4,0.239
2023-03-08,CTD6,0.23349999999999999
2023-03-08,CTD7,0.29100000000000004
2023-03-08,CTD8,0.31
2023-03-08,CTD9,0.193
2023-03-16,CTD1,0.371
2023-03-16,CTD10,0.1765
2023-03-16,CTD11,0.122
2023-03-16,CTD12,0.1865
2023-03-16,CTD2,0.373
2023-03-16,CTD3,0.30300000000000005
2023-03-16,CTD4,0.238
2023-03-16,CTD6,0.2105
2023-03-16,CTD7,0.2965
2023-03-16,CTD8,0.201
2023-03-16,CTD9,0.292
2023-03-22,CTD1,0.3675
2023-03-22,CTD10,0.172
2023-03-22,CTD11,0.1375
2023-03-22,CTD12,0.193
2023-03-22,CTD2,0.4315
2023-03-22,CTD3,0.2825
2023-03-22,CTD4,0.185
2023-03-22,CTD6,0.19
2023-03-22,CTD7,0.6859999999999999
2023-03-22,CTD8,0.4235
2023-03-22,CTD9,0.396
2023-03-29,CTD1,0.4455
2023-03-29,CTD10,0.3195
2023-03-29,CTD11,0.3255
2023-03-29,CTD12,0.275
2023-03-29,CTD2,0.361
2023-03-29,CTD3,0.2595
2023-03-29,CTD4,0.263
2023-03-29,CTD6,0.229
2023-03-29,CTD7,0.6295
2023-03-29,CTD8,0.3155
2023-03-29,CTD9,0.4065
2023-04-04,CTD1,0.4505
2023-04-04,CTD10,0.364
2023-04-04,CTD11,0.34450000000000003
2023-04-04,CTD12,0.299
2023-04-04,CTD2,0.6665
2023-04-04,CTD3,0.39949999999999997
2023-04-04,CTD4,0.21650000000000003
2023-04-04,CTD6,0.249
2023-04-04,CTD7,0.8160000000000001
2023-04-04,CTD8,0.3015
2023-04-04,CTD9,0.384
2023-04-11,CTD1,0.358
2023-04-11,CTD10,0.2715
2023-04-11,CTD11,0.378
2023-04-11,CTD12,0.2935
2023-04-11,CTD2,0.3825
2023-04-11,CTD3,0.356
2023-04-11,CTD4,0.3205
2023-04-11,CTD6,0.3035
2023-04-11,CTD7,0.405
2023-04-11,CTD8,0.533
2023-04-11,CTD9,0.28900000000000003
2023-04-20,CTD1,0.2715
2023-04-20,CTD10,0.186
2023-04-20,CTD11,0.213
2023-04-20,CTD12,0.2615
2023-04-20,CTD2,0.3155
2023-04-20,CTD3,0.2945
2023-04-20,CTD4,0.306
2023-04-20,CTD6,0.4195
2023-04-20,CTD7,0.205
2023-04-20,CTD8,0.5105
2023-04-20,CTD9,0.2375
2023-04-27,CTD1,0.243
2023-04-27,CTD10,0.243
2023-04-27,CTD11,0.20850000000000002
2023-04-27,CTD12,0.21100000000000002
2023-04-27,CTD2,0.23249999999999998
2023-04-27,CTD3,0.2815
2023-04-27,CTD4,0.219
2023-04-27,CTD6,0.218
2023-04-27,CTD7,0.6405000000000001
2023-04-27,CTD8,0.401
2023-04-27,CTD9,0.28500000000000003
2023-05-04,CTD1,0.271
2023-05-04,CTD10,0.29
2023-05-04,CTD11,0.185
2023-05-04,CTD12,0.437
2023-05-04,CTD2,0.215
2023-05-04,CTD3,0.259
2023-05-04,CTD4,0.309
2023-05-04,CTD6,0.444
2023-05-04,CTD7,0.474
2023-05-04,CTD8,0.562
2023-05-04,CTD9,0.342
2023-05-11,CTD1,0.1945
2023-05-11,CTD10,0.302
2023-05-11,CTD11,0.215
2023-05-11,CTD12,0.2545
2023-05-11,CTD2,0.24
2023-05-11,CTD3,0.21050000000000002
2023-05-11,CTD4,0.26949999999999996
2023-05-11,CTD6,0.2295
2023-05-11,CTD7,0.5435
2023-05-11,CTD8,0.478
2023-05-11,CTD9,0.382
2023-05-18,CTD1,0.2475
2023-05-18,CTD10,0.28800000000000003
2023-05-18,CTD11,0.174
2023-05-18,CTD12,0.258
2023-05-18,CTD2,0.303
2023-05-18,CTD3,0.27649999999999997
2023-05-18,CTD4,0.22199999999999998
2023-05-18,CTD6,0.2175
2023-05-18,CTD7,0.5780000000000001
2023-05-18,CTD8,1.0454999999999999
2023-05-18,CTD9,0.346
2023-05-25,CTD1,0.23700000000000002
2023-05-25,CTD10,0.6735
2023-05-25,CTD11,0.4145
2023-05-25,CTD12,0.5495
2023-05-25,CTD2,0.222
2023-05-25,CTD3,0.2575
2023-05-25,CTD4,0.2115
2023-05-25,CTD6,0.275
2023-05-25,CTD7,0.2375
2023-05-25,CTD8,0.2805
2023-05-25,CTD9,0.4625
2023-05-31,CTD1,0.23249999999999998
2023-05-31,CTD10,0.386
2023-05-31,CTD11,0.303
2023-05-31,CTD12,0.3715
2023-05-31,CTD2,0.2465
2023-05-31,CTD3,0.3295
2023-05-31,CTD4,0.28
2023-05-31,CTD6,0.237
2023-05-31,CTD7,0.344
2023-05-31,CTD8,0.3605
2023-05-31,CTD9,0.276
2023-06-05,CTD1,0.2565
2023-06-05,CTD10,0.269
2023-06-05,CTD11,0.252
2023-06-05,CTD12,0.2205
2023-06-05,CTD2,0.28900000000000003
2023-06-05,CTD3,0.212
2023-06-05,CTD4,0.1535
2023-06-05,CTD6,0.22649999999999998
2023-06-05,CTD7,0.6045
2023-06-05,CTD8,0.625
2023-06-05,CTD9,0.3765
2023-06-13,CTD1,0.45
2023-06-13,CTD10,0.5389999999999999
2023-06-13,CTD11,0.22999999999999998
2023-06-13,CTD12,0.454
2023-06-13,CTD2,0.6759999999999999
2023-06-13,CTD3,0.517
2023-06-13,CTD4,0.2385
2023-06-13,CTD6,0.4055
2023-06-13,CTD7,1.137
2023-06-13,CTD8,0.6645
2023-06-13,CTD9,0.47900000000000004
2023-06-21,CTD1,0.21600000000000003
2023-06-21,CTD10,0.28
2023-06-21,CTD11,0.595
2023-06-21,CTD12,0.30000000000000004
2023-06-21,CTD2,0.2825
2023-06-21,CTD3,0.44599999999999995
2023-06-21,CTD4,0.471
2023-06-21,CTD6,0.4275
2023-06-21,CTD7,0.4285
2023-06-21,CTD8,0.8415
2023-06-21,CTD9,0.3745
2023-06-28,CTD1,0.247
2023-06-28,CTD10,0.29300000000000004
2023-06-28,CTD11,0.27849999999999997
2023-06-28,CTD12,0.23249999999999998
2023-06-28,CTD2,0.2655
2023-06-28,CTD3,0.345
2023-06-28,CTD4,0.28
2023-06-28,CTD6,0.23399999999999999
2023-06-28,CTD7,0.345
2023-06-28,CTD8,0.554
2023-06-28,CTD9,0.4155
2023-07-05,CTD1,0.2075
2023-07-05,CTD10,0.497
2023-07-05,CTD11,0.42400000000000004
2023-07-05,CTD12,0.321
2023-07-05,CTD2,0.3125
2023-07-05,CTD3,0.2945
2023-07-05,CTD4,0.3285
2023-07-05,CTD6,0.30500000000000005
2023-07-05,CTD7,0.2535
2023-07-05,CTD8,0.4445
2023-07-05,CTD9,0.4635
2023-07-12,CTD1,0.293
2023-07-12,CTD10,0.2545
2023-07-12,CTD11,0.2535
2023-07-12,CTD12,0.248
2023-07-12,CTD2,0.313
2023-07-12,CTD3,0.3175
2023-07-12,CTD4,0.312
2023-07-12,CTD6,0.28300000000000003
2023-07-12,CTD7,0.2725
2023-07-12,CTD8,0.45699999999999996
2023-07-12,CTD9,0.349
2023-07-19,CTD1,0.221
2023-07-19,CTD10,0.519
2023-07-19,CTD11,0.5055000000000001
2023-07-19,CTD12,0.471
2023-07-19,CTD2,0.3335
2023-07-19,CTD3,0.2895
2023-07-19,CTD4,0.278
2023-07-19,CTD6,0.344
2023-07-19,CTD7,0.43200000000000005
2023-07-19,CTD8,0.567
2023-07-19,CTD9,0.3155
2023-07-26,CTD1,0.251
2023-07-26,CTD10,0.359
2023-07-26,CTD11,0.5005000000000001
2023-07-26,CTD12,0.362
2023-07-26,CTD2,0.3305
2023-07-26,CTD3,0.301
2023-07-26,CTD4,0.506
2023-07-26,CTD6,0.364
2023-07-26,CTD7,0.478
2023-07-26,CTD8,0.5345
2023-07-26,CTD9,0.2995
2023-08-01,CTD1,0.192
2023-08-01,CTD10,0.3615
2023-08-01,CTD11,0.3605
2023-08-01,CTD12,0.365
2023-08-01,CTD2,0.23399999999999999
2023-08-01,CTD3,0.256
2023-08-01,CTD4,0.3235
2023-08-01,CTD6,0.37
2023-08-01,CTD7,0.6060000000000001
2023-08-01,CTD8,0.52
2023-08-01,CTD9,0.3975
2023-08-10,CTD1,0.3295
2023-08-10,CTD10,0.523
2023-08-10,CTD11,0.47150000000000003
2023-08-10,CTD12,0.696
2023-08-10,CTD2,0.4665
2023-08-10,CTD3,0.488
2023-08-10,CTD4,0.492
2023-08-10,CTD6,0.577
2023-08-10,CTD7,0.2525
2023-08-10,CTD8,0.98
2023-08-10,CTD9,0.39649999999999996
2023-08-17,CTD1,0.348
2023-08-17,CTD10,0.384
2023-08-17,CTD11,0.3255
2023-08-17,CTD12,0.5145
2023-08-17,CTD2,0.528
2023-08-17,CTD3,0.3605
2023-08-17,CTD4,0.3145
2023-08-17,CTD6,0.438
2023-08-17,CTD7,0.398
2023-08-17,CTD8,0.571
2023-08-17,CTD9,0.427
2023-08-24,CTD1,0.7385
2023-08-24,CTD10,0.41100000000000003
2023-08-24,CTD11,0.538
2023-08-24,CTD12,0.3885
2023-08-24,CTD2,0.4545
2023-08-24,CTD3,0.499
2023-08-24,CTD4,0.4505
2023-08-24,CTD6,0.4525
2023-08-24,CTD7,0.397
2023-08-24,CTD8,0.7015
2023-08-24,CTD9,0.275
2023-08-30,CTD1,0.364
2023-08-30,CTD10,0.433
2023-08-30,CTD11,0.458
2023-08-30,CTD12,0.401
2023-08-30,CTD2,0.396
2023-08-30,CTD3,0.366
2023-08-30,CTD4,0.271
2023-08-30,CTD6,0.368
2023-08-30,CTD7,0.39
2023-08-30,CTD8,0.4
2023-08-30,CTD9,0.426
2023-09-07,CTD1,2.388
2023-09-07,CTD10,0.518
2023-09-07,CTD11,0.618
2023-09-07,CTD12,0.555
2023-09-07,CTD2,0.45
2023-09-07,CTD3,0.24
2023-09-07,CTD4,0.158
2023-09-07,CTD6,0.225
2023-09-07,CTD7,0.614
2023-09-07,CTD8,0.592
2023-09-07,CTD9,0.26
2023-09-13,CTD1,0.635
2023-09-13,CTD10,0.455
2023-09-13,CTD11,0.366
2023-09-13,CTD12,0.641
2023-09-13,CTD2,2.232
2023-09-13,CTD3,1.589
2023-09-13,CTD4,0.599
2023-09-13,CTD6,0.715
2023-09-13,CTD7,0.697
2023-09-13,CTD8,0.591
2023-09-13,CTD9,0.342
2023-09-21,CTD1,0.827
2023-09-21,CTD10,0.82
2023-09-21,CTD11,0.364
2023-09-21,CTD12,0.805
2023-09-21,CTD2,0.817
2023-09-21,CTD3,0.508
2023-09-21,CTD4,0.29
2023-09-21,CTD6,0.654
2023-09-21,CTD7,0.921
2023-09-21,CTD8,0.981
2023-09-21,CTD9,1.004
2023-09-27,CTD1,0.592
2023-09-27,CTD10,0.319
2023-09-27,CTD11,0.247
2023-09-27,CTD12,0.321
2023-09-27,CTD2,0.695
2023-09-27,CTD3,0.596
2023-09-27,CTD4,0.419
2023-09-27,CTD6,0.321
2023-09-27,CTD7,0.598
2023-09-27,CTD8,0.429
2023-09-27,CTD9,0.4
2023-10-05,CTD1,0.484
2023-10-05,CTD10,0.581
2023-10-05,CTD11,0.674
2023-10-05,CTD12,0.58
2023-10-05,CTD2,0.559
2023-10-05,CTD3,0.536
2023-10-05,CTD4,0.669
2023-10-05,CTD6,0.591
2023-10-05,CTD7,0.552
2023-10-05,CTD8,0.557
2023-10-05,CTD9,0.553
2023-10-11,CTD1,0.785
2023-10-11,CTD10,0.875
2023-10-11,CTD11,0.927
2023-10-11,CTD12,0.705
2023-10-11,CTD2,0.757
2023-10-11,CTD3,0.59
2023-10-11,CTD4,0.599
2023-10-11,CTD6,0.576
2023-10-11,CTD7,0.855
2023-10-11,CTD8,0.75
2023-10-11,CTD9,0.877
2023-10-17,CTD1,0.586
2023-10-17,CTD10,0.907
2023-10-17,CTD11,0.921
2023-10-17,CTD12,0.818
2023-10-17,CTD2,0.726
2023-10-17,CTD3,0.497
2023-10-17,CTD4,0.337
2023-10-17,CTD6,0.689
2023-10-17,CTD7,1.175
2023-10-17,CTD8,1.048
2023-10-17,CTD9,1.089
2023-10-25,CTD1,0.454
2023-10-25,CTD10,1.033
2023-10-25,CTD11,0.463
2023-10-25,CTD12,1.145
2023-10-25,CTD2,0.999
2023-10-25,CTD3,0.711
2023-10-25,CTD4,0.643
2023-10-25,CTD6,1.24
2023-10-25,CTD7,1.704
2023-10-25,CTD8,1.459
2023-10-25,CTD9,1.36
2023-10-31,CTD1,0.696
2023-10-31,CTD10,1.162
2023-10-31,CTD11,1.038
2023-10-31,CTD12,1.077
2023-10-31,CTD2,1.066
2023-10-31,CTD3,0.93
2023-10-31,CTD4,0.922
2023-10-31,CTD6,1.039
2023-10-31,CTD7,1.527
2023-10-31,CTD8,1.353
2023-10-31,CTD9,1.372
2023-11-08,CTD1,0.794
2023-11-08,CTD10,0.505
2023-11-08,CTD11,0.087
2023-11-08,CTD12,0.55
2023-11-08,CTD2,0.984
2023-11-08,CTD3,0.694
2023-11-08,CTD4,0.352
2023-11-08,CTD6,0.541
2023-11-08,CTD7,1.404
2023-11-08,CTD8,0.922
2023-11-08,CTD9,0.845
2023-11-16,CTD1,0.11
2023-11-16,CTD10,0.526
2023-11-16,CTD11,0.447
2023-11-16,CTD12,0.612
2023-11-16,CTD2,0.399
2023-11-16,CTD3,0.365
2023-11-16,CTD4,0.329
2023-11-16,CTD6,0.657
2023-11-16,CTD7,0.511
2023-11-16,CTD8,0.568
2023-11-16,CTD9,0.529
2023-11-24,CTD1,0.459
2023-11-24,CTD10,0.637
2023-11-24,CTD11,0.453
2023-11-24,CTD12,0.537
2023-11-24,CTD2,0.598
2023-11-24,CTD3,0.499
2023-11-24,CTD4,0.377
2023-11-24,CTD6,0.486
2023-11-24,CTD7,0.755
2023-11-24,CTD8,0.657
2023-11-24,CTD9,0.722
2023-11-29,CTD1,0.443
2023-11-29,CTD10,0.451
2023-11-29,CTD11,0.628
2023-11-29,CTD12,0.465
2023-11-29,CTD2,0.495
2023-11-29,CTD3,0.439
2023-11-29,CTD4,0.438
2023-11-29,CTD6,0.468
2023-11-29,CTD7,0.554
2023-11-29,CTD8,0.507
2023-11-29,CTD9,0.475
2023-12-07,CTD1,0.569
2023-12-07,CTD10,0.719
2023-12-07,CTD11,0.575
2023-12-07,CTD12,0.69
2023-12-07,CTD2,0.568
2023-12-07,CTD3,0.524
2023-12-07,CTD4,0.555
2023-12-07,CTD6,0.639
2023-12-07,CTD7,0.728
2023-12-07,CTD8,0.724
2023-12-07,CTD9,0.767
2023-12-13,CTD1,1.038
2023-12-13,CTD10,0.682
2023-12-13,CTD11,0.542
2023-12-13,CTD12,0.648
2023-12-13,CTD2,1.094
2023-12-13,CTD3,0.938
2023-12-13,CTD4,0.634
2023-12-13,CTD6,0.671
2023-12-13,CTD7,1.262
2023-12-13,CTD8,0.898
2023-12-13,CTD9,0.87
2023-12-19,CTD1,0.867
2023-12-19,CTD10,0.497
2023-12-19,CTD11,0.302
2023-12-19,CTD12,0.45
2023-12-19,CTD2,0.772
2023-12-19,CTD3,0.659
2023-12-19,CTD4,0.463
2023-12-19,CTD6,0.458
2023-12-19,CTD7,0.807
2023-12-19,CTD8,0.599
2023-12-19,CTD9,0.599
2023-12-27,CTD1,0.758
2023-12-27,CTD10,0.413
2023-12-27,CTD11,0.077
2023-12-27,CTD12,0.385
2023-12-27,CTD2,0.679
2023-12-27,CTD3,0.307
2023-12-27,CTD4,0.158
2023-12-27,CTD6,0.368
2023-12-27,CTD7,0.553
2023-12-27,CTD8,0.81
2023-12-27,CTD9,0.722
2024-01-03,CTD1,0.889
2024-01-03,CTD10,0.781
2024-01-03,CTD11,0.615
2024-01-03,CTD12,0.647
2024-01-03,CTD2,0.74
2024-01-03,CTD3,0.462
2024-01-03,CTD4,0.281
2024-01-03,CTD6,0.501
2024-01-03,CTD7,1.207
2024-01-03,CTD8,0.887
2024-01-03,CTD9,0.978
2024-01-09,CTD1,0.613
2024-01-09,CTD10,0.58
2024-01-09,CTD11,0.477
2024-01-09,CTD12,0.558
2024-01-09,CTD2,0.751
2024-01-09,CTD3,0.517
2024-01-09,CTD4,0.416
2024-01-09,CTD6,0.523
2024-01-09,CTD7,0.909
2024-01-09,CTD8,0.704
2024-01-09,CTD9,0.698
2024-01-16,CTD1,0.197
2024-01-16,CTD10,0.34
2024-01-16,CTD11,0.346
2024-01-16,CTD12,0.417
2024-01-16,CTD2,0.313
2024-01-16,CTD3,0.265
2024-01-16,CTD4,0.24
2024-01-16,CTD6,0.361
2024-01-16,CTD7,0.473
2024-01-16,CTD8,0.479
2024-01-16,CTD9,0.427
2024-01-23,CTD1,0.75
2024-01-23,CTD10,0.433
2024-01-23,CTD11,0.468
2024-01-23,CTD12,0.428
2024-01-23,CTD2,0.665
2024-01-23,CTD3,0.624
2024-01-23,CTD4,0.596
2024-01-23,CTD6,0.479
2024-01-23,CTD7,0.677
2024-01-23,CTD8,0.504
2024-01-23,CTD9,0.462
2024-02-01,CTD1,0.318
2024-02-01,CTD10,0.676
2024-02-01,CTD11,0.66
2024-02-01,CTD12,0.561
2024-02-01,CTD2,0.42
2024-02-01,CTD3,0.391
2024-02-01,CTD4,0.406
2024-02-01,CTD6,0.494
2024-02-01,CTD7,0.544
2024-02-01,CTD8,0.569
2024-02-01,CTD9,0.664
2024-02-06,CTD1,0.383
2024-02-06,CTD10,0.633
2024-02-06,CTD11,0.656
2024-02-06,CTD12,0.668
2024-02-06,CTD2,0.454
2024-02-06,CTD3,0.385
2024-02-06,CTD4,0.45
2024-02-06,CTD6,0.828
2024-02-06,CTD7,0.617
2024-02-06,CTD8,0.666
2024-02-06,CTD9,0.613
2024-02-13,CTD1,0.472
2024-02-13,CTD10,0.344
2024-02-13,CTD11,0.376
2024-02-13,CTD12,0.344
2024-02-13,CTD2,0.414
2024-02-13,CTD3,0.354
2024-02-13,CTD4,0.27
2024-02-13,CTD6,0.279
2024-02-13,CTD7,0.507
2024-02-13,CTD8,0.5
2024-02-13,CTD9,0.476
2024-02-20,CTD1,0.599
2024-02-20,CTD10,0.318
2024-02-20,CTD11,0.312
2024-02-20,CTD12,0.312
2024-02-20,CTD2,0.43
2024-02-20,CTD3,0.417
2024-02-20,CTD4,0.364
2024-02-20,CTD6,0.308
2024-02-20,CTD7,0.369
2024-02-20,CTD8,0.325
2024-02-20,CTD9,0.324
2024-03-07,CTD1,0.401
2024-03-07,CTD10,0.701
2024-03-07,CTD11,0.57
2024-03-07,CTD12,0.671
2024-03-07,CTD2,0.41
2024-03-07,CTD3,0.438
2024-03-07,CTD4,0.481
2024-03-07,CTD6,0.6
2024-03-07,CTD7,0.538
2024-03-07,CTD8,0.67
2024-03-07,CTD9,0.725
2024-03-13,CTD1,0.08
2024-03-13,CTD10,0.247
2024-03-13,CTD11,0.131
2024-03-13,CTD12,0.21
2024-03-13,CTD2,0.176
2024-03-13,CTD3,0.133
2024-03-13,CTD4,0.089
2024-03-13,CTD6,0.177
2024-03-13,CTD7,0.365
2024-03-13,CTD8,0.3
2024-03-13,CTD9,0.325
2024-03-20,CTD1,0.442
2024-03-20,CTD10,0.424
2024-03-20,CTD11,0.393
2024-03-20,CTD12,0.386
2024-03-20,CTD2,0.344
2024-03-20,CTD3,0.324
2024-03-20,CTD4,0.255
2024-03-20,CTD6,0.377
2024-03-20,CTD7,0.305
2024-03-20,CTD8,0.36
2024-03-20,CTD9,0.392
2024-03-26,CTD1,0.32
2024-03-26,CTD10,0.625
2024-03-26,CTD11,0.4
2024-03-26,CTD12,0.556
2024-03-26,CTD2,0.374
2024-03-26,CTD3,0.284
2024-03-26,CTD4,0.205
2024-03-26,CTD6,0.406
2024-03-26,CTD7,0.755
2024-03-26,CTD8,0.73
2024-03-26,CTD9,0.795
2024-04-02,CTD1,0.47
2024-04-02,CTD10,0.423
2024-04-02,CTD11,0.322
2024-04-02,CTD12,0.359
2024-04-02,CTD2,0.411
2024-04-02,CTD3,0.285
2024-04-02,CTD4,0.19
2024-04-02,CTD6,0.281
2024-04-02,CTD7,0.724
2024-04-02,CTD8,0.471
2024-04-02,CTD9,0.534
2024-04-10,CTD1,0.293
2024-04-10,CTD10,0.245
2024-04-10,CTD11,0.134
2024-04-10,CTD12,0.252
2024-04-10,CTD2,0.303
2024-04-10,CTD3,0.26
2024-04-10,CTD4,0.189
2024-04-10,CTD6,0.217
2024-04-10,CTD7,0.345
2024-04-10,CTD8,0.292
2024-04-10,CTD9,0.295
2024-04-24,CTD1,0.431
2024-04-24,CTD10,0.392
2024-04-24,CTD11,0.305
2024-04-24,CTD12,0.338
2024-04-24,CTD2,0.575
2024-04-24,CTD3,0.367
2024-04-24,CTD4,0.329
2024-04-24,CTD6,0.347
2024-04-24,CTD7,0.95
2024-04-24,CTD8,0.587
2024-04-24,CTD9,0.575
2024-04-29,CTD1,0.691
2024-04-29,CTD10,0.656
2024-04-29,CTD11,0.468
2024-04-29,CTD12,0.714
2024-04-29,CTD2,1.018
2024-04-29,CTD3,0.836
2024-04-29,CTD4,0.62
2024-04-29,CTD6,0.745
2024-04-29,CTD7,0.93
2024-04-29,CTD8,0.807
2024-04-29,CTD9,0.741
2024-05-10,CTD1,0.304
2024-05-10,CTD10,0.27
2024-05-10,CTD11,0.248
2024-05-10,CTD12,0.261
2024-05-10,CTD2,0.306
2024-05-10,CTD3,0.29
2024-05-10,CTD4,0.278
2024-05-10,CTD6,0.266
2024-05-10,CTD7,0.318
2024-05-10,CTD8,0.282
2024-05-10,CTD9,0.281
2024-05-15,CTD1,0.239
2024-05-15,CTD10,0.392
2024-05-15,CTD11,0.384
2024-05-15,CTD12,0.371
2024-05-15,CTD2,0.379
2024-05-15,CTD3,0.256
2024-05-15,CTD4,0.175
2024-05-15,CTD6,0.325
2024-05-15,CTD7,0.639
2024-05-15,CTD8,0.482
2024-05-15,CTD9,0.485
2024-05-22,CTD1,0.274
2024-05-22,CTD10,0.383
2024-05-22,CTD11,0.38
2024-05-22,CTD12,0.316
2024-05-22,CTD2,0.345
2024-05-22,CTD3,0.259
2024-05-22,CTD4,0.14
2024-05-22,CTD6,0.25
2024-05-22,CTD7,0.433
2024-05-22,CTD8,0.368
2024-05-22,CTD9,0.415
2024-05-29,CTD1,0.367
2024-05-29,CTD10,0.323
2024-05-29,CTD11,0.158
2024-05-29,CTD12,0.304
2024-05-29,CTD2,0.367
2024-05-29,CTD3,0.262
2024-05-29,CTD4,0.245
2024-05-29,CTD6,0.269
2024-05-29,CTD7,0.514
2024-05-29,CTD8,0.4
2024-05-29,CTD9,0.417
2024-06-05,CTD1,0.256
2024-06-05,CTD10,0.386
2024-06-05,CTD11,0.288
2024-06-05,CTD12,0.349
2024-06-05,CTD2,0.337
2024-06-05,CTD3,0.283
2024-06-05,CTD4,0.275
2024-06-05,CTD6,0.322
2024-06-05,CTD7,0.556
2024-06-05,CTD8,0.44
2024-06-05,CTD9,0.468
2024-06-10,CTD1,0.229
2024-06-10,CTD10,0.28
2024-06-10,CTD11,0.095
2024-06-10,CTD12,0.265
2024-06-10,CTD2,0.45
2024-06-10,CTD3,0.237
2024-06-10,CTD4,0.08
2024-06-10,CTD6,0.248
2024-06-10,CTD7,0.844
2024-06-10,CTD8,0.44
2024-06-10,CTD9,0.437
2024-06-18,CTD1,0.189
2024-06-18,CTD10,0.427
2024-06-18,CTD11,0.282
2024-06-18,CTD12,0.336
2024-06-18,CTD2,0.32
2024-06-18,CTD3,0.19
2024-06-18,CTD4,0.087
2024-06-18,CTD6,0.252
2024-06-18,CTD7,0.579
2024-06-18,CTD8,0.414
2024-06-18,CTD9,0.497
2024-06-25,CTD1,0.244
2024-06-25,CTD10,0.56
2024-06-25,CTD11,0.43
2024-06-25,CTD12,0.544
2024-06-25,CTD2,0.346
2024-06-25,CTD3,0.3
2024-06-25,CTD4,0.283
2024-06-25,CTD6,0.464
2024-06-25,CTD7,0.506
2024-06-25,CTD8,0.552
2024-06-25,CTD9,0.591
2024-07-03,CTD1,0.239
2024-07-03,CTD10,0.347
2024-07-03,CTD11,0.396
2024-07-03,CTD12,0.328
2024-07-03,CTD2,0.339
2024-07-03,CTD3,0.235
2024-07-03,CTD4,0.174
2024-07-03,CTD6,0.292
2024-07-03,CTD7,0.413
2024-07-03,CTD8,0.361
2024-07-03,CTD9,0.369
2024-07-09,CTD1,0.339
2024-07-09,CTD10,0.685
2024-07-09,CTD11,0.66
2024-07-09,CTD12,0.558
2024-07-09,CTD2,0.359
2024-07-09,CTD3,0.28
2024-07-09,CTD4,0.288
2024-07-09,CTD6,0.44
2024-07-09,CTD7,0.464
2024-07-09,CTD8,0.53
2024-07-09,CTD9,0.654
2024-07-18,CTD1,0.269
2024-07-18,CTD10,0.539
2024-07-18,CTD11,0.543
2024-07-18,CTD12,0.44
2024-07-18,CTD2,0.379
2024-07-18,CTD3,0.321
2024-07-18,CTD4,0.293
2024-07-18,CTD6,0.364
2024-07-18,CTD7,0.592
2024-07-18,CTD8,0.532
2024-07-18,CTD9,0.607
2016-06-08,CTD8,14.85
2016-06-29,CTD4,14.74
2016-08-02,CTD1,12.39
2016-08-02,CTD10,15.52
2016-08-02,CTD11,17.215
2016-08-02,CTD12,15.76
2016-08-02,CTD2,15.175
2016-08-02,CTD3,15.005
2016-08-02,CTD4,12.23
2016-08-02,CTD6,17.18
2016-08-02,CTD7,16.845
2016-08-02,CTD8,14.395
2016-08-02,CTD9,10.98
2016-08-04,CTD1,16.35
2016-08-04,CTD10,19.48
2016-08-04,CTD11,16.92
2016-08-04,CTD12,22.94
2016-08-04,CTD2,12.095
2016-08-04,CTD3,10.725
2016-08-04,CTD4,7.545
2016-08-04,CTD6,10.63
2016-08-04,CTD7,14.75
2016-08-04,CTD8,20.27
2016-08-04,CTD9,10.18
2016-08-09,CTD1,10.09
2016-08-09,CTD10,14.125
2016-08-09,CTD11,9.89
2016-08-09,CTD12,10.205
2016-08-09,CTD2,11.205
2016-08-09,CTD3,12.075
2016-08-09,CTD4,8.84
2016-08-09,CTD6,12.15
2016-08-09,CTD7,13.535
2016-08-09,CTD8,14.34
2016-08-09,CTD9,3.66
2016-08-22,CTD12,12.42
2016-08-25,CTD1,14.88
2016-08-25,CTD10,19.275
2016-08-25,CTD11,19.88
2016-08-25,CTD2,17.13
2016-08-25,CTD3,15.48
2016-08-25,CTD4,16.52
2016-08-25,CTD6,13.035
2016-08-25,CTD7,13.18
2016-08-25,CTD8,11.935
2016-08-25,CTD9,14.7
2016-08-26,CTD4,16.76
2016-08-27,CTD4,
2016-08-30,CTD1,12.46
2016-08-30,CTD10,15.775
2016-08-30,CTD11,10.32
2016-08-30,CTD2,13.98
2016-08-30,CTD3,15.4
2016-08-30,CTD4,12.335
2016-08-30,CTD6,17.095
2016-08-30,CTD7,16.155
2016-08-30,CTD8,18.54
2016-08-30,CTD9,8.44
2016-08-31,CTD1,13.44
2016-09-01,CTD1,
2016-09-06,CTD1,17.66
2016-09-06,CTD10,18.315
2016-09-06,CTD11,15.79
2016-09-06,CTD12,11.81
2016-09-06,CTD2,17.575
2016-09-06,CTD3,16.26
2016-09-06,CTD4,12.125
2016-09-06,CTD6,14.895
2016-09-06,CTD7,15.315
2016-09-06,CTD8,14.19
2016-09-06,CTD9,6.76
2016-09-08,CTD1,21.69
2016-09-08,CTD10,16.6
2016-09-08,CTD11,14.81
2016-09-08,CTD12,14.525
2016-09-08,CTD2,16.57
2016-09-08,CTD3,12.705
2016-09-08,CTD4,16.045
2016-09-08,CTD6,14.045
2016-09-08,CTD7,17.195
2016-09-08,CTD9,3.8
2016-09-22,CTD1,14.72
2016-09-22,CTD10,10.86
2016-09-22,CTD11,17.25
2016-09-22,CTD2,14.405
2016-09-22,CTD3,11.51
2016-09-22,CTD4,10.05
2016-09-22,CTD6,10.14
2016-09-22,CTD7,10.57
2016-09-22,CTD8,12.535
2016-09-22,CTD9,8.92
2016-09-29,CTD1,12.74
2016-09-29,CTD10,3.865
2016-09-29,CTD11,13.885
2016-09-29,CTD12,11.97
2016-09-29,CTD2,12.64
2016-09-29,CTD3,11.91
2016-09-29,CTD6,11.56
2016-09-29,CTD7,10.215
2016-09-29,CTD8,9.12
2016-09-29,CTD9,13.75
2016-10-06,CTD1,14.42
2016-10-06,CTD10,3.985
2016-10-06,CTD11,16.685
2016-10-06,CTD12,11.425
2016-10-06,CTD2,14.695
2016-10-06,CTD3,14.91
2016-10-06,CTD4,13.345
2016-10-06,CTD6,16.36
2016-10-06,CTD7,14.915
2016-10-06,CTD8,11.97
2016-10-06,CTD9,1.51
2016-10-14,CTD1,23.0
2016-10-14,CTD10,22.505
2016-10-14,CTD11,24.31
2016-10-14,CTD12,20.575
2016-10-14,CTD2,19.85
2016-10-14,CTD3,18.62
2016-10-14,CTD4,20.455
2016-10-14,CTD6,20.1
2016-10-14,CTD7,16.75
2016-10-14,CTD8,22.215
2016-10-14,CTD9,22.0
2016-10-21,CTD1,12.38
2016-10-21,CTD10,24.53
2016-10-21,CTD11,14.355
2016-10-21,CTD12,21.395
2016-10-21,CTD2,18.3
2016-10-21,CTD3,19.63
2016-10-21,CTD4,10.2
2016-10-21,CTD6,16.35
2016-10-21,CTD7,16.45
2016-10-21,CTD8,17.065
2016-10-21,CTD9,16.17
2016-10-28,CTD1,9.745
2016-10-28,CTD10,19.59
2016-10-28,CTD11,14.02
2016-10-28,CTD12,18.925
2016-10-28,CTD2,15.395
2016-10-28,CTD3,18.195
2016-10-28,CTD4,11.045
2016-10-28,CTD6,17.065
2016-10-28,CTD7,15.075
2016-10-28,CTD8,15.49
2016-10-28,CTD9,7.61
2016-11-03,CTD1,13.46
2016-11-03,CTD10,19.66
2016-11-03,CTD11,25.19
2016-11-03,CTD12,27.51
2016-11-03,CTD2,19.91
2016-11-03,CTD3,22.295
2016-11-03,CTD4,21.645
2016-11-03,CTD6,26.175
2016-11-03,CTD7,17.455
2016-11-03,CTD8,24.79
2016-11-03,CTD9,8.0
2016-11-11,CTD1,7.895
2016-11-11,CTD10,17.48
2016-11-11,CTD11,20.65
2016-11-11,CTD12,17.565
2016-11-11,CTD2,9.775
2016-11-11,CTD3,14.88
2016-11-11,CTD4,15.125
2016-11-11,CTD6,21.715
2016-11-11,CTD7,13.575
2016-11-11,CTD8,14.32
2016-11-11,CTD9,2.53
2016-11-18,CTD1,9.76
2016-11-18,CTD10,14.035
2016-11-18,CTD11,8.12
2016-11-18,CTD12,18.33
2016-11-18,CTD2,18.8
2016-11-18,CTD3,17.27
2016-11-18,CTD4,22.03
2016-11-18,CTD6,20.49
2016-11-18,CTD7,11.985
2016-11-18,CTD8,18.23
2016-11-18,CTD9,3.19
2016-11-22,CTD1,16.97
2016-11-22,CTD10,24.0
2016-11-22,CTD11,12.665
2016-11-22,CTD12,24.505
2016-11-22,CTD2,19.41
2016-11-22,CTD3,13.09
2016-11-22,CTD4,14.025
2016-11-22,CTD6,17.655
2016-11-22,CTD7,25.57
2016-11-22,CTD8,26.05
2016-11-22,CTD9,8.1
2016-12-02,CTD1,17.645
2016-12-02,CTD10,16.88
2016-12-02,CTD11,14.0
2016-12-02,CTD12,20.51
2016-12-02,CTD2,12.505
2016-12-02,CTD3,24.145
2016-12-02,CTD4,16.225
2016-12-02,CTD6,22.12
2016-12-02,CTD7,14.14
2016-12-02,CTD8,19.47
2016-12-02,CTD9,12.5
2016-12-13,CTD1,11.31
2016-12-13,CTD10,13.96
2016-12-13,CTD11,4.22
2016-12-13,CTD12,13.04
2016-12-13,CTD2,23.08
2016-12-13,CTD3,20.675
2016-12-13,CTD4,9.765
2016-12-13,CTD6,13.18
2016-12-13,CTD7,13.105
2016-12-13,CTD8,12.245
2016-12-13,CTD9,10.74
2016-12-21,CTD1,29.2
2016-12-21,CTD2,25.43
2016-12-21,CTD3,28.17
2016-12-21,CTD4,4.51
2016-12-21,CTD6,4.62
2016-12-21,CTD7,20.03
2016-12-29,CTD1,17.66
2016-12-29,CTD2,28.65
2017-01-12,CTD1,34.735
2017-01-12,CTD10,20.645
2017-01-12,CTD11,14.505
2017-01-12,CTD12,36.095
2017-01-12,CTD2,52.285
2017-01-12,CTD3,51.175
2017-01-12,CTD4,23.91
2017-01-12,CTD6,30.525
2017-01-12,CTD7,34.195
2017-01-12,CTD8,36.525
2017-01-12,CTD9,8.87
2017-01-26,CTD1,26.355
2017-01-26,CTD10,12.5
2017-01-26,CTD11,10.445
2017-01-26,CTD12,19.575
2017-01-26,CTD2,46.88
2017-01-26,CTD3,39.21
2017-01-26,CTD4,34.14
2017-01-26,CTD6,21.19
2017-01-26,CTD7,32.14
2017-01-26,CTD8,32.14
2017-01-26,CTD9,8.68
2017-02-03,CTD1,15.31
2017-02-03,CTD10,22.115
2017-02-03,CTD11,6.19
2017-02-03,CTD12,9.635
2017-02-03,CTD2,23.915
2017-02-03,CTD3,22.935
2017-02-03,CTD4,19.275
2017-02-03,CTD6,27.905
2017-02-03,CTD7,24.17
2017-02-03,CTD8,21.56
2017-02-03,CTD9,16.185
2017-02-10,CTD1,21.21
2017-02-10,CTD10,20.45
2017-02-10,CTD11,11.01
2017-02-10,CTD12,21.03
2017-02-10,CTD2,24.095
2017-02-10,CTD3,12.24
2017-02-10,CTD4,5.03
2017-02-10,CTD6,10.29
2017-02-10,CTD7,24.095
2017-02-10,CTD8,26.76
2017-02-10,CTD9,3.26
2017-02-16,CTD1,16.385
2017-02-16,CTD10,19.78
2017-02-16,CTD11,8.16
2017-02-16,CTD12,20.145
2017-02-16,CTD2,19.685
2017-02-16,CTD3,21.22
2017-02-16,CTD4,5.73
2017-02-16,CTD6,11.435
2017-02-16,CTD7,20.945
2017-02-16,CTD8,20.965
2017-02-16,CTD9,11.52
2017-02-24,CTD1,11.995
2017-02-24,CTD10,22.925
2017-02-24,CTD11,5.705
2017-02-24,CTD12,9.555
2017-02-24,CTD2,17.75
2017-02-24,CTD3,12.59
2017-02-24,CTD4,9.73
2017-02-24,CTD6,16.54
2017-02-24,CTD7,21.05
2017-02-24,CTD8,17.615
2017-02-24,CTD9,9.01
2017-03-02,CTD1,2.955
2017-03-02,CTD10,6.655
2017-03-02,CTD11,4.54
2017-03-02,CTD12,7.615
2017-03-02,CTD2,14.805
2017-03-02,CTD3,13.05
2017-03-02,CTD4,4.685
2017-03-02,CTD6,6.965
2017-03-02,CTD7,6.415
2017-03-02,CTD8,4.95
2017-03-02,CTD9,2.14
2017-03-08,CTD9,1.77
2017-03-22,CTD1,2.61
2017-03-22,CTD10,5.015
2017-03-22,CTD11,2.805
2017-03-22,CTD12,4.49
2017-03-22,CTD2,4.395
2017-03-22,CTD3,4.465
2017-03-22,CTD4,3.435
2017-03-22,CTD6,5.54
2017-03-22,CTD7,5.815
2017-03-22,CTD8,5.97
2017-03-22,CTD9,3.35
2017-03-30,CTD1,3.23
2017-03-30,CTD10,3.81
2017-03-30,CTD11,2.865
2017-03-30,CTD12,5.15
2017-03-30,CTD2,7.64
2017-03-30,CTD3,4.435
2017-03-30,CTD4,3.885
2017-03-30,CTD6,6.09
2017-03-30,CTD7,6.115
2017-03-30,CTD8,4.895
2017-03-30,CTD9,2.94
2017-04-05,CTD1,3.295
2017-04-05,CTD10,4.06
2017-04-05,CTD11,3.005
2017-04-05,CTD12,3.29
2017-04-05,CTD2,5.21
2017-04-05,CTD3,4.735
2017-04-05,CTD4,3.015
2017-04-05,CTD6,5.09
2017-04-05,CTD7,10.045
2017-04-05,CTD8,8.7
2017-04-05,CTD9,2.74
2017-04-12,CTD1,3.685
2017-04-12,CTD10,4.95
2017-04-12,CTD11,3.035
2017-04-12,CTD12,3.615
2017-04-12,CTD2,6.43
2017-04-12,CTD3,9.95
2017-04-12,CTD4,5.27
2017-04-12,CTD6,4.645
2017-04-12,CTD7,10.335
2017-04-12,CTD8,7.705
2017-04-12,CTD9,2.93
2017-04-18,CTD1,4.495
2017-04-18,CTD10,5.43
2017-04-18,CTD11,7.475
2017-04-18,CTD12,5.715
2017-04-18,CTD2,4.08
2017-04-18,CTD3,4.68
2017-04-18,CTD4,5.52
2017-04-18,CTD6,7.205
2017-04-18,CTD7,5.205
2017-04-18,CTD8,10.32
2017-04-18,CTD9,
2017-04-25,CTD1,3.39
2017-04-25,CTD10,4.03
2017-04-25,CTD11,3.915
2017-04-25,CTD12,4.955
2017-04-25,CTD2,8.055
2017-04-25,CTD3,10.685
2017-04-25,CTD4,5.225
2017-04-25,CTD6,4.985
2017-04-25,CTD7,5.875
2017-04-25,CTD8,6.71
2017-04-25,CTD9,2.93
2017-05-04,CTD1,3.575
2017-05-04,CTD10,3.2
2017-05-04,CTD11,3.205
2017-05-04,CTD12,3.235
2017-05-04,CTD2,4.865
2017-05-04,CTD3,4.855
2017-05-04,CTD4,5.11
2017-05-04,CTD6,3.845
2017-05-04,CTD7,3.525
2017-05-04,CTD8,3.61
2017-05-04,CTD9,2.76
2017-05-10,CTD1,4.815
2017-05-10,CTD10,4.65
2017-05-10,CTD11,4.565
2017-05-10,CTD12,4.12
2017-05-10,CTD2,4.295
2017-05-10,CTD3,5.23
2017-05-10,CTD4,5.46
2017-05-10,CTD6,3.55
2017-05-10,CTD7,3.91
2017-05-10,CTD8,3.48
2017-05-10,CTD9,3.03
2017-08-08,CTD1,0.98
2017-08-08,CTD10,5.02
2017-08-08,CTD11,7.03
2017-08-08,CTD12,4.175
2017-08-08,CTD2,2.725
2017-08-08,CTD3,2.055
2017-08-08,CTD4,3.83
2017-08-08,CTD6,4.755
2017-08-08,CTD7,2.12
2017-08-08,CTD8,4.37
2017-08-08,CTD9,4.45
2017-08-16,CTD1,4.31
2017-08-16,CTD10,4.295
2017-08-16,CTD11,5.99
2017-08-16,CTD12,5.805
2017-08-16,CTD2,5.805
2017-08-16,CTD3,4.375
2017-08-16,CTD4,3.6
2017-08-16,CTD6,5.5
2017-08-16,CTD7,4.58
2017-08-16,CTD8,4.515
2017-08-16,CTD9,2.23
2017-08-23,CTD1,5.07
2017-08-23,CTD10,8.835
2017-08-23,CTD11,10.66
2017-08-23,CTD12,8.25
2017-08-23,CTD2,5.54
2017-08-23,CTD3,4.605
2017-08-23,CTD4,4.3
2017-08-23,CTD6,8.25
2017-08-23,CTD7,8.915
2017-08-23,CTD8,7.42
2017-08-23,CTD9,2.62
2017-09-20,CTD1,3.765
2017-09-20,CTD10,5.09
2017-09-20,CTD11,6.01
2017-09-20,CTD12,8.075
2017-09-20,CTD2,5.645
2017-09-20,CTD3,3.685
2017-09-20,CTD4,4.1
2017-09-20,CTD6,7.125
2017-09-20,CTD7,4.645
2017-09-20,CTD8,6.85
2017-09-20,CTD9,2.19
2018-03-08,CTD1,3.0
2018-03-08,CTD10,3.395
2018-03-08,CTD11,2.91
2018-03-08,CTD12,3.125
2018-03-08,CTD2,10.15
2018-03-08,CTD3,9.66
2018-03-08,CTD4,2.665
2018-03-08,CTD6,2.055
2018-03-08,CTD7,4.695
2018-03-08,CTD8,2.88
2018-09-25,CTD1,0.51
2018-09-25,CTD10,1.885
2018-09-25,CTD11,0.905
2018-09-25,CTD12,1.635
2018-09-25,CTD2,0.555
2018-09-25,CTD3,0.945
2018-09-25,CTD4,0.58
2018-09-25,CTD6,1.05
2018-09-25,CTD7,1.165
2018-09-25,CTD8,1.555
2018-09-25,CTD9,0.83
2018-10-24,CTD1,0.38
2018-10-24,CTD10,0.795
2018-10-24,CTD11,0.475
2018-10-24,CTD12,0.69
2018-10-24,CTD2,0.29
2018-10-24,CTD3,0.545
2018-10-24,CTD4,0.385
2018-10-24,CTD6,0.385
2018-10-24,CTD7,0.485
2018-10-24,CTD8,0.625
2018-10-24,CTD9,0.39
2019-04-02,CTD1,0.43
2019-04-02,CTD10,0.28
2019-04-02,CTD11,0.165
2019-04-02,CTD12,0.22
2019-04-02,CTD2,0.625
2019-04-02,CTD3,0.75
2019-04-02,CTD4,0.595
2019-04-02,CTD6,0.37
2019-04-02,CTD7,0.305
2019-04-02,CTD8,0.1
2019-04-02,CTD9,0.21
2019-07-11,CTD1,0.51
2019-07-11,CTD10,0.445
2019-07-11,CTD11,0.475
2019-07-11,CTD12,0.845
2019-07-11,CTD2,0.835
2019-07-11,CTD3,1.035
2019-07-11,CTD4,0.855
2019-07-11,CTD6,1.255
2019-07-11,CTD7,1.01
2019-07-11,CTD8,0.975
2019-07-11,CTD9,0.31
2020-03-27,CTD1,1.185
2020-03-27,CTD10,8.835
2020-03-27,CTD11,7.36
2020-03-27,CTD12,12.22
2020-03-27,CTD2,4.12
2020-03-27,CTD3,4.785
2020-03-27,CTD4,9.705
2020-03-27,CTD6,12.45
2020-03-27,CTD7,6.635
2020-03-27,CTD8,13.345
2020-03-27,CTD9,12.86
2020-08-29,CTD2,1.28
2021-09-09,CTD1,1.16
2021-09-09,CTD10,4.3
2021-09-09,CTD11,
2021-09-09,CTD12,4.85
2021-09-09,CTD2,2.085
2021-09-09,CTD3,2.155
2021-09-09,CTD4,2.09
2021-09-09,CTD6,4.825
2021-09-09,CTD7,1.86
2021-09-09,CTD8,3.13
2021-09-09,CTD9,1.74
2021-11-25,CTD1,0.61
2021-11-25,CTD10,1.245
2021-11-25,CTD11,0.545
2021-11-25,CTD12,1.245
2021-11-25,CTD2,0.75
2021-11-25,CTD3,0.805
2021-11-25,CTD4,0.78
2021-11-25,CTD6,1.585
2021-11-25,CTD7,1.31
2021-11-25,CTD8,0.685
2021-11-25,CTD9,0.59
2022-07-29,CTD3,0.54
2022-09-27,CTD1,0.415
2022-09-27,CTD10,0.88
2022-09-27,CTD11,0.545
2022-09-27,CTD12,1.09
2022-09-27,CTD2,0.515
2022-09-27,CTD3,0.645
2022-09-27,CTD4,0.395
2022-09-27,CTD6,0.605
2022-09-27,CTD7,1.58
2022-09-27,CTD8,2.215
2022-09-27,CTD9,0.71
2023-03-04,CTD12,0.21
2023-05-05,CTD1,0.295
2023-05-05,CTD10,0.255
2023-05-05,CTD11,0.33
2023-05-05,CTD12,0.2
2023-05-05,CTD2,0.16
2023-05-05,CTD3,0.29
2023-05-05,CTD4,0.22
2023-05-05,CTD6,0.395
2023-05-05,CTD7,0.475
2023-05-05,CTD8,0.77
2023-05-05,CTD9,0.32
