Date,Buoy,Latitude,Longitude,Band_1,Band_2,Band_3,Band_4,Band_5,Band_6,Band_7,Band_8,Band_9,Band_10,Band_11,Band_12,Band_13,Band_14,Band_15,Band_16,Band_17,Band_18,Band_19,Band_20,Band_21,Band_22,Band_23,Band_24,Band_25,Band_26,Band_27,Band_28,Band_29,Band_30,Band_31,Band_32,Band_33
2016-08-09,CTD1,4187246,695025,0.1166,0.088,0.0713,0.0427,0.0373,0.0259,0.024,0.0213,0.0194,0.0065,0.0005,0.0092,0.0075,0.005731157,0.014207409,0.038568657,0.018638626,0.0170158,0.004787862,0.0046895384,0.0018007173,0.0056829103,0.014454156,0.039117813,0.019008828,0.01605457,0.0049948087,0.5182927,0.28079587,4.209515,8.220111,2.9752991,0.0
2016-08-09,CTD2,4181518,693105,0.1218,0.0926,0.0705,0.0474,0.0417,0.0341,0.0324,0.0287,0.028,0.0088,0.0007,0.0175,0.0145,0.0061484445,0.011972377,0.023884796,0.011033784,0.010584949,0.003230629,0.0031829225,0.0012446915,0.0061178263,0.011799649,0.024192063,0.011337929,0.0101308925,0.003347566,0.46724638,0.31746545,1.9023128,5.847145,2.1552403,0.0
2016-08-09,CTD3,4181698,695238,0.1208,0.0931,0.0698,0.0482,0.0416,0.0344,0.0333,0.03,0.0293,0.0088,0.0007,0.0188,0.0145,0.0062793368,0.012703992,0.024710445,0.012148,0.011127428,0.0034067265,0.003342095,0.0013201119,0.006240739,0.012703475,0.024764562,0.01212898,0.010621661,0.003402267,0.50282925,0.40192544,1.0074542,5.829585,2.581012,0.0
2016-08-09,CTD4,4180266,698264,0.1283,0.0901,0.0666,0.043,0.042,0.0314,0.0309,0.0277,0.0273,0.0107,0.0005,0.0195,0.0145,0.0036118168,0.006785014,0.015658265,0.009603352,0.01290134,0.003911526,0.0039216955,0.0015820895,0.0036397362,0.006492031,0.016038617,0.010661883,0.012085402,0.0041480972,0.63983315,0.3055096,4.059415,6.484693,3.9112227,0.0
2016-08-09,CTD5,4179450,700268,0.1245,0.1004,0.0771,0.0413,0.0339,0.032,0.0293,0.0262,0.0264,0.0082,0.0007,0.0167,0.0137,0.006887885,0.014554088,0.01697487,0.0029320626,0.001735568,0.00044793732,0.00043395895,0.00017069299,0.0067816353,0.014882068,0.016995769,0.0028845328,0.0018233629,0.00043819775,0.02235193,0.030578915,0.35059187,0.7118656,0.3573525,0.0
2016-08-09,CTD6,4176009,695829,0.1171,0.0881,0.0651,0.0413,0.0349,0.028,0.0259,0.0243,0.0221,0.007,0.0006,0.0129,0.0096,0.0065942276,0.012779382,0.024055956,0.009152798,0.007927722,0.002314353,0.0022753547,0.0009009904,0.006558838,0.012684781,0.024236284,0.009220223,0.007660309,0.0023520337,0.31171608,0.25937736,1.2137126,3.692813,1.781681,0.0
2016-08-09,CTD7,4176724,690397,0.1219,0.0953,0.0755,0.0527,0.0456,0.0357,0.0359,0.0315,0.0306,0.0088,0.0007,0.0193,0.0155,0.013368423,0.021022636,0.0364347,0.01902283,0.018591052,0.0057212044,0.0055950857,0.0021801041,0.01312339,0.020781763,0.036852933,0.019121837,0.017680854,0.0057473877,0.595136,0.5338805,1.1537197,9.353531,4.3237915,0.0
2016-08-09,CTD8,4174178,693048,0.1178,0.0891,0.0695,0.0414,0.0359,0.0272,0.0245,0.0225,0.0224,0.0069,0.0005,0.0117,0.0085,0.0077019064,0.01676312,0.03372512,0.012039777,0.009535782,0.0026410918,0.0025738513,0.0010092695,0.0076012104,0.016859,0.033768218,0.012039851,0.00941098,0.0026996378,0.42793238,0.16674945,1.3503486,4.5053825,1.9408842,0.0
2016-08-09,CTD9,4171106,693183,0.123,0.0984,0.0846,0.0574,0.0497,0.0373,0.0354,0.0313,0.0315,0.0093,0.0005,0.0215,0.0162,0.006087794,0.016020028,0.040854033,0.02219395,0.019630406,0.005633065,0.0055235513,0.0021086298,0.005984252,0.016306255,0.041706342,0.02168231,0.01886277,0.0059794937,0.3814799,0.43092936,4.2239547,9.966663,3.0462697,0.0
2016-08-09,CTD10,4170388,695646,0.1199,0.0925,0.0743,0.0492,0.0411,0.0326,0.033,0.0283,0.0267,0.0084,0.0006,0.0167,0.0137,0.013091566,0.021001317,0.036947016,0.018572835,0.017491495,0.0052627916,0.0051411605,0.0019936734,0.012876673,0.0208034,0.037351605,0.018702812,0.016661331,0.005308367,0.5947752,0.4543456,1.137985,8.36877,3.8216813,0.0
2016-08-09,CTD11,4169609,700351,0.1245,0.0924,0.0732,0.0491,0.0413,0.0345,0.0337,0.0273,0.0299,0.0093,0.0005,0.0196,0.016,0.0043315855,0.009476996,0.026094498,0.012157884,0.011369099,0.003227481,0.0032065627,0.0012303779,0.004356719,0.009389774,0.02679436,0.012237355,0.010907218,0.0035015282,0.53581643,0.15332673,3.0207045,5.285697,1.799254,0.0
2016-08-09,CTD12,4173438,695414,0.1192,0.0916,0.0717,0.0455,0.0384,0.0309,0.0297,0.0263,0.0256,0.0077,0.0005,0.0151,0.0122,0.01127791,0.020572433,0.036850583,0.012884595,0.010512082,0.002897272,0.0028239845,0.0010946572,0.011097433,0.020443011,0.036994934,0.012728461,0.010140864,0.0029168134,0.35050568,0.17471874,0.8443626,4.9248834,1.9107314,0.0
2016-09-08,CTD1,4187246,695025,0.1222,0.0919,0.0742,0.05,0.0442,0.0356,0.0352,0.0292,0.0293,0.0086,0.0007,0.0174,0.0129,0.006207642,0.012908329,0.029258177,0.01699419,0.016272835,0.004910323,0.0047994447,0.0018157054,0.0061516417,0.012812335,0.029810939,0.017168444,0.016068513,0.0053518624,0.47756115,0.53563684,3.2475138,8.593695,3.1029987,0.0
2016-09-08,CTD2,4181518,693105,0.1193,0.0889,0.069,0.0438,0.0371,0.0301,0.0287,0.0242,0.0246,0.0079,0.0007,0.0125,0.0088,0.003646756,0.009805792,0.024496019,0.011615957,0.009482059,0.0027521,0.0026820851,0.0010318822,0.0036125854,0.009971882,0.024854759,0.011706504,0.0091352705,0.002865382,0.30567616,0.33844277,3.3438964,4.976325,1.5170311,0.0
2016-09-08,CTD3,4181698,695238,0.1182,0.0868,0.0658,0.0404,0.0343,0.0279,0.0257,0.0218,0.022,0.0072,0.0005,0.0097,0.0071,0.0015733631,0.0044225655,0.016144725,0.009059243,0.008257379,0.0021562034,0.002103297,0.0007962809,0.0015896033,0.0044992995,0.016703412,0.009307243,0.007716121,0.00232479,0.3304902,0.16748372,4.031449,3.538567,1.0608892,0.0
2016-09-08,CTD4,4180266,698264,0.1196,0.0895,0.0668,0.0443,0.0378,0.0305,0.0305,0.0254,0.0252,0.0075,0.0005,0.0143,0.011,0.013034536,0.018500656,0.028131861,0.01449079,0.014649527,0.004621614,0.0045049917,0.0017528116,0.012790599,0.018261459,0.028113594,0.014456104,0.013490983,0.004605106,0.57312465,0.57012707,0.85782474,7.778868,3.473355,0.0
2016-09-08,CTD5,4179450,700268,0.1238,0.0956,0.0733,0.0405,0.0353,0.0324,0.0309,0.0266,0.0268,0.0081,0.0006,0.0165,0.012,0.0049978774,0.0116278725,0.018949859,0.0039146966,0.0023821264,0.0006345796,0.00061991415,0.00024596383,0.0049639638,0.011863148,0.0189723,0.0038622993,0.00252724,0.00062151294,0.00036130336,0.0753533,0.6316189,0.9532727,0.5923385,0.0
2016-09-08,CTD6,4176009,695829,0.1166,0.0865,0.0642,0.0405,0.034,0.0272,0.025,0.0213,0.0211,0.0072,0.0005,0.0094,0.0071,0.00302549,0.008493967,0.023209797,0.009092814,0.0064613004,0.0017419539,0.0016929943,0.00066734117,0.0030041174,0.008788778,0.023630342,0.00908358,0.006622849,0.0017399004,0.13132186,0.1966394,3.437107,3.017596,1.0462097,0.0
2016-09-08,CTD7,4176724,690397,0.1202,0.0898,0.0702,0.0449,0.0376,0.0313,0.0301,0.0242,0.0253,0.0072,0.0005,0.0117,0.0083,0.005979565,0.012178509,0.02600316,0.011754035,0.009825755,0.0029214656,0.0028719385,0.0011262529,0.00594945,0.012282843,0.026595168,0.011779145,0.009540207,0.002970071,0.38662773,0.291329,1.7533531,5.0713863,2.2451134,0.0
2016-09-08,CTD8,4174178,693048,0.1193,0.089,0.07,0.0454,0.039,0.0309,0.029,0.0248,0.0244,0.0078,0.0006,0.0122,0.0088,0.003931835,0.011294658,0.028070262,0.014631234,0.01386991,0.0040148417,0.00391978,0.0014938029,0.0038814635,0.011614326,0.028329942,0.014742743,0.013298407,0.004221105,0.2490471,0.41316316,5.2499366,7.1708446,2.0447168,0.0
2016-09-08,CTD9,4171106,693183,0.1213,0.0933,0.0793,0.0544,0.0465,0.0354,0.035,0.0301,0.0299,0.0083,0.0005,0.0174,0.0123,0.006933538,0.015287411,0.040888462,0.023354677,0.020835783,0.006347452,0.0062277378,0.0024009498,0.0068477,0.015263408,0.041607276,0.023302164,0.02055582,0.006600138,0.5097211,0.599193,4.059415,11.297453,4.5153217,0.0
2016-09-08,CTD10,4170388,695646,0.1201,0.0913,0.0748,0.0484,0.0424,0.0324,0.0312,0.0261,0.0259,0.008,0.0005,0.0133,0.0096,0.0074158907,0.015434597,0.03418007,0.017680287,0.017291304,0.005081328,0.0049879374,0.0019170316,0.007313051,0.015302386,0.034642454,0.018045882,0.016353736,0.005330084,0.53384405,0.38899904,2.6115837,8.723147,3.4017296,0.0
2016-09-08,CTD11,4169609,700351,0.1194,0.0905,0.0719,0.0464,0.0404,0.0331,0.0314,0.0263,0.0276,0.0085,0.0006,0.0159,0.0116,0.0035855295,0.010739749,0.027912332,0.012816878,0.010381201,0.0029646393,0.002881909,0.0010820364,0.0035378777,0.011183533,0.028648453,0.013020797,0.010281272,0.0031155986,0.1734304,0.28667012,4.451834,5.14611,1.1090934,0.0
2016-09-08,CTD12,4173438,695414,0.1188,0.0885,0.0684,0.0442,0.0376,0.0307,0.0291,0.0241,0.0245,0.0078,0.0006,0.0125,0.0101,0.0027696604,0.008702121,0.022468738,0.012093774,0.010327489,0.0026775994,0.0025918032,0.0009747228,0.0027492878,0.009068005,0.02324992,0.011995478,0.010041493,0.0028497872,0.06722074,0.25305438,3.1178916,4.9702477,1.0093763,0.0
2017-06-30,CTD1,4187246,695025,0.1269,0.1047,0.0837,0.0479,0.0396,0.0323,0.0305,0.0285,0.0256,0.0102,0.0011,0.0168,0.0123,0.0137856,0.027497182,0.046204355,0.01157814,0.008428933,0.0023177671,0.0022438774,0.0008891755,0.013713298,0.027634006,0.045923997,0.011522852,0.00850755,0.0022659737,0.1902468,0.1240577,0.55255425,3.7276642,1.6962646,0.0
2017-06-30,CTD2,4181518,693105,0.1399,0.1204,0.101,0.0724,0.063,0.0599,0.0576,0.0569,0.0528,0.0197,0.0011,0.0438,0.0357,0.00715896,0.015184122,0.022196712,0.0047429833,0.0028392284,0.00075556024,0.0007388904,0.00029079345,0.0071091005,0.01539363,0.022173017,0.0047310423,0.0030648913,0.0007370876,0.009159206,0.07268083,0.56434983,1.1767098,0.63385564,0.0
2017-06-30,CTD3,4181698,695238,0.1405,0.1189,0.0961,0.0712,0.0654,0.0623,0.0632,0.0625,0.0585,0.021,0.001,0.0474,0.0392,0.014753919,0.022910388,0.03270006,0.010330496,0.0077150157,0.0021414128,0.002081424,0.00082800246,0.014662619,0.023037,0.03273293,0.010300096,0.007753518,0.0021156187,0.21083026,0.16844365,0.26473823,3.4268231,1.3897374,0.0
2017-06-30,CTD4,4180266,698264,0.1411,0.1196,0.0994,0.0707,0.0659,0.0602,0.0595,0.0574,0.0562,0.02,0.001,0.0457,0.0368,0.017000033,0.026202045,0.04214056,0.012631095,0.010067157,0.002718594,0.0025802485,0.0010050182,0.016736204,0.026217168,0.042270653,0.012582259,0.009738293,0.0025942666,0.26488405,0.1447407,0.3928281,4.9369435,1.5544094,0.0
2017-06-30,CTD5,4179450,700268,0.1329,0.1157,0.0921,0.0578,0.0519,0.0481,0.0497,0.0457,0.0427,0.0149,0.0008,0.0344,0.0272,0.028621584,0.039041553,0.048996095,0.012262126,0.0079520885,0.0020416777,0.0019087102,0.0007260509,0.02833815,0.038917903,0.049424104,0.0122523615,0.008060918,0.0019319113,0.21125653,0.07400233,0.17321564,4.1676273,0.8914627,0.0
2017-06-30,CTD6,4176009,695829,0.1479,0.1263,0.1072,0.0807,0.0736,0.0701,0.0707,0.0678,0.0685,0.0239,0.0008,0.0549,0.0458,0.024919594,0.03375136,0.04908613,0.015537795,0.011373982,0.0029777116,0.002815603,0.0010791881,0.024468705,0.033737052,0.049534455,0.015492811,0.0110948915,0.0028342623,0.30567616,0.13198742,0.30016437,5.6805143,1.2711802,0.0
2017-06-30,CTD7,4176724,690397,0.1512,0.1371,0.1204,0.086,0.0773,0.0726,0.0724,0.069,0.0675,0.0242,0.001,0.0548,0.0451,0.026663989,0.038815834,0.05493893,0.01461361,0.010521165,0.0027119408,0.0025905168,0.0009928945,0.026488122,0.038683675,0.055273674,0.014613894,0.010358801,0.0026135163,0.28293642,0.071797594,0.30803287,4.9672117,1.3173693,0.0
2017-06-30,CTD8,4174178,693048,0.1499,0.1306,0.1127,0.0838,0.0778,0.072,0.0732,0.0688,0.0693,0.0245,0.0011,0.0571,0.0468,0.015544436,0.027863108,0.044584505,0.012044677,0.008495532,0.0022504206,0.0021724585,0.00084656815,0.015392407,0.02784078,0.04460036,0.012032447,0.008553887,0.0021867764,0.19627011,0.10652431,0.5178969,3.8652995,1.4505956,0.0
2017-06-30,CTD9,4171106,693183,0.1552,0.1413,0.1286,0.1005,0.0891,0.0758,0.0759,0.0721,0.0711,0.0246,0.001,0.0582,0.0478,0.016806394,0.030760411,0.064853124,0.030674035,0.024448609,0.0060382527,0.0057134726,0.0021032235,0.016678605,0.03082318,0.06509313,0.030640695,0.024458071,0.0060393936,0.4052667,0.17181411,1.4552032,10.655811,2.6431165,0.0
2017-06-30,CTD10,4170388,695646,0.149,0.128,0.1053,0.0811,0.0774,0.0734,0.073,0.068,0.0692,0.0245,0.0008,0.0576,0.0473,0.016212951,0.02544736,0.034855157,0.009887233,0.006803235,0.0018946587,0.001797146,0.0007075337,0.016053272,0.02566987,0.03494395,0.009821676,0.0069528637,0.0017928464,0.14699721,0.15988046,0.31817496,3.3141744,1.3606962,0.0
2017-06-30,CTD11,4169609,700351,0.1653,0.1384,0.1198,0.0979,0.0948,0.0926,0.0935,0.082,0.0933,0.0325,0.0012,0.0771,0.0657,0.007408971,0.016878452,0.028843127,0.008751727,0.0063231606,0.0016905457,0.0016473205,0.00065343414,0.007313051,0.017051004,0.0288849,0.008735067,0.006383138,0.0016929886,0.13567168,0.11440174,0.8291705,2.5673845,1.2636373,-1.1e-44
2017-06-30,CTD12,4173438,695414,0.1496,0.1287,0.1108,0.0852,0.0783,0.071,0.0729,0.0678,0.0689,0.0244,0.0009,0.0568,0.0482,0.022062257,0.03215271,0.05188566,0.019719828,0.016537774,0.004512341,0.0043188334,0.0016128935,0.021690758,0.032037597,0.052378267,0.019719565,0.015759086,0.004425364,0.45655692,0.2031724,0.49184176,7.7111363,2.1329668,0.0
2018-02-20,CTD1,4187246,695025,0.1509,0.1153,0.095,0.0759,0.0762,0.0775,0.0829,0.0712,0.0836,0.0411,0.0133,0.0853,0.0841,0.0017193333,0.0049371338,0.013419033,0.009806451,0.0077387528,0.0023707468,0.002309565,0.00091248,0.00172742,0.0050357766,0.013773837,0.009780809,0.007907338,0.0024190734,0.029991439,0.62590146,6.3365808,2.768882,1.5749835,-1.1e-44
2018-02-20,CTD2,4181518,693105,0.1416,0.1102,0.0871,0.0592,0.056,0.0547,0.0551,0.0524,0.0527,0.0259,0.0107,0.0499,0.044,0.0019063666,0.0057181865,0.01495783,0.005507873,0.003252217,0.0008900066,0.0008614526,0.00034074858,0.0019114512,0.005919726,0.0152435955,0.005506258,0.0035711995,0.0008605325,2.8214974e-05,0.21472326,2.270311,1.322574,0.8814464,-1.1e-44
2018-02-20,CTD3,4181698,695238,0.1296,0.0994,0.0753,0.0406,0.0349,0.0313,0.0281,0.0249,0.0217,0.0088,0.0035,0.0134,0.0086,0.0029207787,0.008810616,0.017933173,0.003465611,0.002119145,0.0005314553,0.0005128322,0.00020130043,0.0028973143,0.009211993,0.01800324,0.0033703465,0.002163183,0.00052465557,2.9246054e-05,0.14177641,1.1000242,0.8687256,0.3266845,0.0
2018-02-20,CTD4,4180266,698264,0.1226,0.0902,0.0665,0.0314,0.026,0.0209,0.0189,0.0152,0.0151,0.0049,0.0007,0.0039,0.002,0.006542198,0.015227099,0.027167078,0.0063966666,0.0042506442,0.0011142116,0.0010869107,0.00043071518,0.006469594,0.0154852895,0.027107436,0.006384793,0.004423461,0.0011137166,0.099371545,0.07727156,0.7235178,1.7009339,1.0475991,0.0
2018-02-20,CTD5,4179450,700268,0.1265,0.0975,0.0712,0.0278,0.0216,0.0181,0.016,0.0123,0.0112,0.005,0.0006,0.0027,0.0018,0.011426293,0.021354776,0.028308425,0.005425214,0.003407584,0.00092206773,0.000905108,0.00035736454,0.011365673,0.021431865,0.028363341,0.005406498,0.0036168513,0.00090975093,0.0784887,0.04085249,0.29740584,1.2864406,0.9660937,0.0
2018-02-20,CTD6,4176009,695829,0.1225,0.0902,0.0676,0.0324,0.0261,0.0206,0.0188,0.0148,0.0147,0.0054,0.0006,0.0035,0.0025,0.008053668,0.015543465,0.027451232,0.0076435995,0.005692598,0.0015690541,0.0015396822,0.00061929616,0.007993462,0.015498417,0.02743965,0.007618407,0.0056779995,0.0015794153,0.20549919,0.123430625,0.69043773,2.078948,1.6350747,0.0
2018-02-20,CTD7,4176724,690397,0.129,0.0958,0.0752,0.0395,0.0348,0.0304,0.0289,0.0233,0.0244,0.01,0.0027,0.015,0.0111,0.0044722124,0.012461329,0.028131861,0.0069820024,0.004445974,0.0011487523,0.0011106386,0.0004395174,0.0044072964,0.012895426,0.028047284,0.006883954,0.0046455543,0.001140962,0.002655588,0.10206867,1.2690663,1.8943888,0.91974694,0.0
2018-02-20,CTD8,4174178,693048,0.1271,0.0951,0.0746,0.0367,0.0309,0.026,0.0233,0.02,0.0187,0.0091,0.0029,0.01,0.0074,0.0025384955,0.008005093,0.017994566,0.0039509227,0.002375032,0.0005948079,0.00057190144,0.0002250975,0.002528377,0.008401446,0.018072233,0.0038099189,0.0024248336,0.00058463507,2.7586624e-05,0.15520656,1.4441345,1.0078613,0.3597048,0.0
2018-02-20,CTD9,4171106,693183,0.1278,0.1017,0.0876,0.0493,0.0401,0.0245,0.0228,0.0176,0.0174,0.0061,0.0006,0.0057,0.0032,0.016377643,0.028100021,0.056029066,0.027438369,0.024678672,0.006858581,0.0066327085,0.0025068768,0.01616584,0.02831568,0.05657485,0.027525341,0.023929456,0.0070132073,0.52537036,0.25006908,1.1526644,8.803653,5.6725855,0.0
2018-02-20,CTD10,4170388,695646,0.1222,0.0894,0.0712,0.0333,0.0274,0.0206,0.0197,0.0154,0.0145,0.0051,0.0005,0.0035,0.0028,0.014439031,0.022006532,0.03546653,0.012811683,0.012565595,0.0036819377,0.0036120121,0.0014043661,0.014132693,0.021653382,0.035611846,0.012860364,0.011375551,0.003717109,0.35482004,0.22494663,0.666291,5.773711,2.9582715,0.0
2018-02-20,CTD11,4169609,700351,0.1196,0.0891,0.0686,0.0324,0.0267,0.0199,0.0177,0.015,0.0131,0.0059,0.0009,0.0039,0.0026,0.0043803966,0.0109055415,0.024259487,0.008248333,0.0057863677,0.0015598504,0.0015259832,0.00061443215,0.004339084,0.011092997,0.024398994,0.008187406,0.0059796097,0.0015645595,0.078099966,0.16565476,1.5029398,2.427765,1.4063373,0.0
2018-02-20,CTD12,4173438,695414,0.1241,0.0903,0.0691,0.0334,0.0294,0.023,0.0205,0.0149,0.0165,0.0057,0.0006,0.0046,0.0032,0.0030315295,0.0077887904,0.018498447,0.005721469,0.004178303,0.0011316178,0.0011046561,0.0004447969,0.003011571,0.007944746,0.018691756,0.0057266373,0.004222158,0.0011414215,0.001977922,0.15988046,1.4235065,1.5723377,1.1351252,0.0
2018-03-07,CTD1,4187246,695025,0.128,0.1002,0.0825,0.0407,0.032,0.0229,0.0212,0.0171,0.016,0.0077,0.0008,0.0055,0.0033,0.016278706,0.02892401,0.052058626,0.018391168,0.013887472,0.0036570353,0.0035209623,0.0013502317,0.016085383,0.02901969,0.052137773,0.018379945,0.013773124,0.0035582003,0.2987639,0.17143594,0.7002034,5.6770887,2.764481,0.0
2018-03-07,CTD2,4181518,693105,0.1211,0.0903,0.07,0.034,0.0285,0.0225,0.021,0.017,0.0152,0.0082,0.0008,0.0052,0.0032,0.012114984,0.022012012,0.03689342,0.011754035,0.008759328,0.0024201635,0.0023536282,0.00093293935,0.011949449,0.022016548,0.036974624,0.011710128,0.008767914,0.0023733121,0.22577903,0.17854492,0.6242565,3.4484723,2.2553165,0.0
2018-03-07,CTD3,4181698,695238,0.1214,0.0909,0.0726,0.0347,0.0294,0.0213,0.0201,0.0169,0.0144,0.0069,0.0006,0.0044,0.0033,0.018097235,0.029177811,0.047115546,0.015668746,0.012700007,0.0035885072,0.0034831031,0.0013580432,0.01781974,0.02901969,0.04745097,0.015613674,0.01231506,0.0035359391,0.3692327,0.2070385,0.5164405,5.4881983,2.92449,0.0
2018-03-07,CTD4,4180266,698264,0.1229,0.0945,0.0789,0.0377,0.0296,0.0224,0.021,0.0165,0.0154,0.0075,0.0008,0.005,0.0037,0.012776515,0.023686288,0.04189517,0.014438445,0.010575815,0.002866251,0.002772683,0.0010854641,0.012599302,0.023773046,0.04197128,0.014388255,0.0106596295,0.0027962655,0.2146956,0.19506416,0.7717145,4.3711643,2.4090755,0.0
2018-03-07,CTD5,4179450,700268,0.1185,0.09,0.0673,0.0263,0.021,0.0172,0.0159,0.0127,0.0118,0.0058,0.0008,0.0033,0.0023,0.014843036,0.026177911,0.03747508,0.008080342,0.005480455,0.0014226687,0.0013853343,0.00053721585,0.014780074,0.026117157,0.037597552,0.008125415,0.005572441,0.0014071352,0.16074567,0.054677118,0.32518098,2.4059792,1.191366,0.0
2018-03-07,CTD6,4176009,695829,0.117,0.0851,0.0645,0.0307,0.0249,0.0193,0.0174,0.0137,0.0127,0.0061,0.0006,0.0034,0.0021,0.008583699,0.016452169,0.028637268,0.008207701,0.0058094077,0.0015884071,0.0015558231,0.0006238715,0.008494693,0.01639286,0.028690565,0.008168496,0.0059496793,0.0015881403,0.16419789,0.16163829,0.78004444,2.3372,1.5874541,0.0
2018-03-07,CTD7,4176724,690397,0.1198,0.089,0.0692,0.0321,0.0254,0.021,0.0186,0.0153,0.0131,0.007,0.0008,0.0034,0.0017,0.007987185,0.01695255,0.030138701,0.006357381,0.00404272,0.0010519146,0.0010238634,0.00039978977,0.0078944005,0.017263584,0.030045938,0.0063609267,0.004248812,0.0010411195,0.07399765,0.121930175,0.693678,1.7712882,0.86865,0.0
2018-03-07,CTD8,4174178,693048,0.12,0.0908,0.0716,0.0328,0.0265,0.0215,0.0188,0.0153,0.0136,0.007,0.0007,0.0041,0.0029,0.008612357,0.018643627,0.031381212,0.0072067315,0.004695824,0.0012295856,0.0011956847,0.0004690241,0.008517179,0.018765543,0.03130493,0.0072138817,0.0049298797,0.0012123585,0.08086077,0.09233711,0.62075275,1.9995098,1.0489902,0.0
2018-03-07,CTD9,4171106,693183,0.1194,0.0941,0.0757,0.0396,0.0299,0.0187,0.0176,0.0134,0.0116,0.0065,0.0009,0.0034,0.0018,0.018569399,0.032179218,0.061010253,0.023515716,0.017971378,0.0048452695,0.004633225,0.0017637582,0.018394422,0.032351777,0.060986076,0.023366038,0.018044412,0.0047345227,0.33718973,0.24791141,0.8081921,7.3370514,3.376026,0.0
2018-03-07,CTD10,4170388,695646,0.1165,0.0846,0.0643,0.0301,0.0241,0.0191,0.0168,0.0133,0.0114,0.006,0.0007,0.0025,0.0015,0.0052192365,0.012073292,0.02333138,0.007013668,0.0048839045,0.0013416561,0.0013158416,0.0005288475,0.0051763644,0.012217486,0.023392882,0.0069916304,0.00503363,0.0013356245,0.077437885,0.15690686,0.9456338,1.9117413,1.3517426,0.0
2018-03-07,CTD11,4169609,700351,0.1168,0.0873,0.0684,0.0304,0.0247,0.0184,0.0158,0.0127,0.0116,0.0057,0.0006,0.0029,0.0018,0.0059623304,0.014089144,0.027999988,0.008354223,0.0058842693,0.0016009208,0.0015674579,0.000625843,0.0058912556,0.014293108,0.028039005,0.008320821,0.00602691,0.0015950263,0.09287657,0.15534182,1.1137357,2.3828425,1.4344332,0.0
2018-03-07,CTD12,4173438,695414,0.1188,0.0861,0.0643,0.0302,0.0249,0.0186,0.0172,0.014,0.0129,0.008,0.0009,0.0036,0.0028,0.01576936,0.02354361,0.034999557,0.012749495,0.011344716,0.0032670437,0.003187637,0.0012512513,0.015443202,0.023315681,0.035286598,0.012662896,0.010621661,0.003227619,0.37905017,0.26477557,0.4726175,4.9188633,2.6996925,0.0
2018-05-16,CTD1,4187246,695025,0.1288,0.106,0.0856,0.0514,0.0459,0.0391,0.039,0.035,0.0322,0.0104,0.0008,0.0235,0.0181,0.022369346,0.033005234,0.05220524,0.018978141,0.015480957,0.004204894,0.004016646,0.0015357342,0.022006953,0.032935094,0.05268295,0.01892691,0.014828627,0.004091207,0.4306398,0.2003695,0.43724218,7.1036267,2.3982136,0.0
2018-05-16,CTD2,4181518,693105,0.1333,0.1084,0.0883,0.0574,0.0504,0.0475,0.0476,0.0449,0.0429,0.014,0.001,0.0331,0.0264,0.0042131897,0.010511064,0.018511038,0.0035645566,0.0021470315,0.0005544758,0.0005400919,0.00021314352,0.0041717617,0.010795696,0.018532224,0.003499061,0.0022518206,0.0005412028,0.0013407104,0.084652156,0.69791275,0.91608256,0.44259807,0.0
2018-05-16,CTD3,4181698,695238,0.1313,0.1058,0.0844,0.0571,0.0514,0.0488,0.0475,0.0444,0.0438,0.014,0.001,0.034,0.0272,0.0068403324,0.015517286,0.0262278,0.0052508838,0.0030707705,0.0008145815,0.00079362385,0.00031184172,0.0067693116,0.015811604,0.026184592,0.0052228384,0.003342331,0.000792075,0.016192682,0.04845183,0.6086419,1.2720907,0.6321734,0.0
2018-05-16,CTD4,4180266,698264,0.128,0.1039,0.0816,0.0536,0.0476,0.044,0.0439,0.0406,0.0398,0.0128,0.0009,0.0304,0.0243,0.00810569,0.018163383,0.032074526,0.0071153906,0.0046361396,0.0011977246,0.0011666048,0.00045674227,0.00801245,0.018395258,0.03195815,0.007119932,0.0048192386,0.0011892166,0.09061167,0.086826205,0.5262279,2.0348916,0.9076038,0.0
2018-05-16,CTD5,4179450,700268,0.1323,0.1111,0.0915,0.055,0.0491,0.0466,0.0456,0.0425,0.0424,0.0135,0.0008,0.033,0.0265,0.011950126,0.022336774,0.028968977,0.005248742,0.0031368444,0.0008558684,0.00083723286,0.0003309745,0.011913543,0.022491714,0.029020686,0.005204797,0.0033978694,0.000835048,0.060313318,0.022262516,0.3146587,1.1907932,0.88673514,0.0
2018-05-16,CTD6,4176009,695829,0.1353,0.1138,0.0892,0.0604,0.0542,0.0507,0.0517,0.0481,0.0486,0.0149,0.001,0.0368,0.0302,0.018976312,0.02846975,0.03418007,0.008802257,0.0056875725,0.0015057764,0.0014673175,0.00057268335,0.018997595,0.028459664,0.034323562,0.00882977,0.0059774676,0.0014675737,0.10765029,0.08945958,0.23037003,2.6578188,1.033101,0.0
2018-05-16,CTD7,4176724,690397,0.1388,0.1193,0.1078,0.0663,0.057,0.0502,0.0495,0.0451,0.0444,0.0145,0.0009,0.0335,0.026,0.014343912,0.027800921,0.047518395,0.01232708,0.008551415,0.0022305977,0.0021520115,0.0008354674,0.01419913,0.02784078,0.047319565,0.012327607,0.008667694,0.002174362,0.18042497,0.07349278,0.6123653,3.848443,1.5080717,0.0
2018-05-16,CTD8,4174178,693048,0.1363,0.1155,0.097,0.0626,0.057,0.0521,0.0529,0.0486,0.0485,0.015,0.0008,0.0378,0.03,0.014726865,0.027726388,0.042304665,0.009575797,0.0060262247,0.0015303179,0.0014738827,0.00056492706,0.014700439,0.02782136,0.04209308,0.009631123,0.0063446774,0.0014745643,0.09853646,0.07282003,0.40817416,2.8714542,1.0181248,0.0
2018-05-16,CTD9,4171106,693183,0.1405,0.1235,0.114,0.0866,0.0729,0.0558,0.0563,0.0522,0.0508,0.0153,0.0008,0.0387,0.0314,0.016369384,0.029483702,0.062322438,0.031974014,0.028901478,0.007833916,0.0075872946,0.0028438307,0.016258681,0.029512,0.0628002,0.032005664,0.028024312,0.008188088,0.563419,0.2572511,1.6357678,11.762743,4.855809,0.0
2018-05-16,CTD10,4170388,695646,0.1359,0.1134,0.0945,0.065,0.0583,0.0549,0.0516,0.0496,0.0497,0.0156,0.0006,0.0392,0.0317,0.0018818039,0.0058294265,0.012002554,0.0026055365,0.0015667691,0.00039384371,0.0003794812,0.00014874619,0.0018990894,0.0060970727,0.012136802,0.0025367448,0.0015847834,0.0003850104,2.6613712e-05,0.15507142,1.8137207,0.7223376,0.21241407,-1.435e-42
2018-05-16,CTD11,4169609,700351,0.1395,0.1125,0.0949,0.064,0.0574,0.0537,0.0557,0.0452,0.0523,0.0161,0.0008,0.0397,0.0332,0.01417374,0.02540577,0.040991865,0.011233842,0.008011565,0.0021477393,0.0020845348,0.0008171461,0.014004123,0.025368074,0.041005235,0.0112393275,0.008025047,0.0020995475,0.18603216,0.091231585,0.51887006,3.5923126,1.3697075,0.0
2018-05-16,CTD12,4173438,695414,0.1388,0.1175,0.0943,0.064,0.058,0.0552,0.0547,0.0537,0.0504,0.0161,0.0007,0.0405,0.0334,0.022110868,0.032291982,0.04251626,0.011279791,0.0076981033,0.0020740565,0.0019695237,0.00076578266,0.0219013,0.03216309,0.04286235,0.011207777,0.007761551,0.0019740073,0.18165722,0.11223047,0.27199945,3.8532522,1.2016643,0.0
2018-06-20,CTD1,4187246,695025,0.1414,0.1195,0.0988,0.075,0.067,0.0623,0.0618,0.0584,0.0576,0.0135,0.0008,0.0455,0.0357,0.014031085,0.025210189,0.038712386,0.01094398,0.0079486035,0.0022055202,0.0021317557,0.00084701524,0.013934669,0.025257744,0.038728636,0.010899545,0.008063683,0.0021538069,0.18986002,0.17736387,0.48953965,3.6331165,1.638298,0.0
2018-06-20,CTD2,4181518,693105,0.1438,0.1205,0.1004,0.0711,0.0644,0.0625,0.0632,0.0565,0.0585,0.014,0.0008,0.0466,0.0368,0.009303947,0.019207567,0.02704721,0.0052082227,0.0030747731,0.000821571,0.0008016831,0.0003158277,0.009239087,0.01945455,0.027042981,0.0051760515,0.0033385763,0.0007998397,0.030425295,0.046062943,0.433369,1.2620555,0.7706701,0.0
2018-06-20,CTD3,4181698,695238,0.1441,0.1219,0.0994,0.0737,0.0684,0.065,0.0659,0.0605,0.0628,0.015,0.0006,0.0498,0.0405,0.014699844,0.02358351,0.029321726,0.0071153906,0.0044577457,0.0012361836,0.0011933307,0.00047196384,0.014662619,0.023637604,0.029345132,0.0071007945,0.0047700177,0.001188739,0.072282195,0.11364104,0.22067277,2.0073214,1.0283123,0.0
2018-06-20,CTD4,4180266,698264,0.1328,0.1076,0.084,0.0558,0.0514,0.0475,0.047,0.0446,0.043,0.0105,0.0006,0.0321,0.0264,0.018237723,0.026093533,0.032897335,0.008605385,0.0059495727,0.0016439015,0.0016060863,0.0006482956,0.01811221,0.026054762,0.03291007,0.008562264,0.0060161315,0.0016298648,0.17485642,0.16241857,0.23469673,2.8806198,1.268661,0.0
2018-06-20,CTD5,4179450,700268,0.1387,0.1227,0.1025,0.0648,0.0573,0.0566,0.0555,0.0528,0.0517,0.0114,0.0006,0.0417,0.0326,0.008408236,0.017401792,0.019397372,0.0026115293,0.0015081883,0.0003887243,0.0003758049,0.00014770517,0.008338676,0.017738078,0.019556643,0.0025677625,0.0015941766,0.0003785328,0.04714882,0.0050037187,0.23813462,0.7398078,0.29835436,-2.87e-42
2018-06-20,CTD6,4176009,695829,0.1424,0.1209,0.0992,0.0711,0.0638,0.0616,0.0603,0.0557,0.0585,0.0139,0.0006,0.0465,0.0362,0.005952774,0.013084361,0.01732302,0.0028325608,0.0016691106,0.00043288924,0.00041935802,0.0001651743,0.005887636,0.013379752,0.017325923,0.002788547,0.0017606743,0.00042310267,0.011833301,0.023383008,0.33826476,0.69229466,0.36183557,0.0
2018-06-20,CTD7,4176724,690397,0.1424,0.1212,0.0987,0.0724,0.0649,0.0614,0.0629,0.0595,0.0589,0.0147,0.0006,0.0461,0.0372,0.027451122,0.036377244,0.04575902,0.013807097,0.009736637,0.0026178802,0.0024649925,0.0009538554,0.027075207,0.036326624,0.046088222,0.013685756,0.009658031,0.0024674202,0.22821082,0.1653642,0.2207725,5.099292,1.2669842,0.0
2018-06-20,CTD8,4174178,693048,0.1454,0.1248,0.1067,0.0764,0.0671,0.0642,0.0646,0.0596,0.0616,0.0145,0.0008,0.0485,0.0396,0.022071976,0.032478042,0.0412338,0.01031781,0.006728715,0.0018216039,0.0017321781,0.000675474,0.021997338,0.032442816,0.041519344,0.010264142,0.0069528637,0.0017304257,0.14064282,0.08610555,0.29864386,3.3711243,1.1328706,0.0
2018-06-20,CTD9,4171106,693183,0.1484,0.1329,0.1188,0.0889,0.0767,0.0653,0.0641,0.0593,0.0614,0.0144,0.0008,0.0493,0.0383,0.01022204,0.022347832,0.047897954,0.017265696,0.0122639695,0.0032559196,0.0031299568,0.0011997033,0.01007004,0.022657283,0.04771445,0.017005997,0.012253505,0.0032333613,0.21672556,0.14461578,1.3201457,6.0073347,1.6851783,0.0
2018-06-20,CTD10,4170388,695646,0.1458,0.1236,0.1015,0.077,0.0691,0.0676,0.0659,0.0614,0.0631,0.015,0.0006,0.0509,0.0398,0.005590532,0.012299102,0.016285298,0.0028490615,0.0017135594,0.00044004695,0.00042677962,0.00016818817,0.0055443984,0.01254345,0.016289027,0.0027856317,0.0017731594,0.00042972266,0.011417371,0.07411615,0.41123962,0.6854367,0.35039067,0.0
2018-06-20,CTD11,4169609,700351,0.1468,0.1151,0.0988,0.0718,0.0656,0.065,0.0644,0.0557,0.0626,0.0154,0.0007,0.0506,0.0406,0.0017309627,0.005434205,0.0129002305,0.0028823882,0.0017327104,0.00042661736,0.00040859112,0.00016023559,0.0017506465,0.005696545,0.013048378,0.002770137,0.001746983,0.0004172548,2.6937683e-05,0.119794205,1.7158717,0.7900622,0.18150218,-1.446e-42
2018-06-20,CTD12,4173438,695414,0.1488,0.1287,0.1071,0.0789,0.0742,0.0714,0.0722,0.0674,0.0698,0.0159,0.0007,0.0544,0.0454,0.012857424,0.023503747,0.031105073,0.0059339195,0.0035365487,0.0009631937,0.00093506236,0.00036835237,0.012838749,0.023655243,0.03122398,0.0059144306,0.0038406814,0.00093405775,0.05531563,0.04691636,0.28257543,1.4464908,0.90039444,0.0
2018-07-10,CTD1,4187246,695025,0.154,0.1287,0.1109,0.0872,0.0812,0.0778,0.0795,0.072,0.0749,0.0169,0.001,0.0581,0.0459,0.011281121,0.019051775,0.030934572,0.0112522,0.008581362,0.0023894536,0.0023141645,0.0009168262,0.011165589,0.019141063,0.030964209,0.01121128,0.008670629,0.0023300417,0.20301779,0.24443379,0.70546687,4.032623,1.7356231,0.0
2018-07-10,CTD2,4181518,693105,0.1545,0.1348,0.1119,0.0836,0.0761,0.0733,0.0747,0.0676,0.0704,0.0161,0.001,0.055,0.0433,0.021936106,0.031335272,0.036871996,0.007971337,0.0049380953,0.0013482212,0.0012792915,0.00050034677,0.02202138,0.031337854,0.037218846,0.007923432,0.0052071563,0.001287441,0.10667391,0.07931128,0.2180966,2.4481616,0.9185254,0.0
2018-07-10,CTD3,4181698,695238,0.1528,0.1305,0.1081,0.0827,0.0757,0.0733,0.0733,0.0685,0.0724,0.0161,0.0008,0.0553,0.045,0.008983839,0.019247904,0.02833498,0.00580882,0.0034782737,0.000912409,0.00088900543,0.0003495768,0.008909667,0.019537363,0.028304914,0.005750302,0.0037264745,0.00089219975,0.019695576,0.07839,0.33065653,1.3923211,0.77169573,0.0
2018-07-10,CTD4,4180266,698264,0.1522,0.1291,0.107,0.085,0.0786,0.0753,0.0769,0.0695,0.0725,0.0159,0.0008,0.0584,0.0454,0.021096075,0.029477315,0.03944764,0.012534067,0.009157687,0.0025035609,0.0023889998,0.000932447,0.020816911,0.02945189,0.03966924,0.012448735,0.009068125,0.0023965486,0.24315341,0.19042102,0.2665645,4.629101,1.4582624,0.0
2018-07-10,CTD5,4179450,700268,0.1579,0.1368,0.1185,0.0888,0.0811,0.0796,0.0808,0.0733,0.0773,0.017,0.0009,0.0636,0.0504,0.012278043,0.023772126,0.035414428,0.008053781,0.004689614,0.0012458464,0.0011980435,0.0004661035,0.012249569,0.024003811,0.035316076,0.008101268,0.005150599,0.0011877841,0.033959694,0.07103554,0.39411464,2.1335692,0.88261896,0.0
2018-07-10,CTD6,4176009,695829,0.1483,0.1229,0.1036,0.0784,0.0708,0.0683,0.0683,0.0623,0.0661,0.0147,0.0011,0.0501,0.0404,0.0073629767,0.015369538,0.01981364,0.0036389858,0.0021716491,0.00057914667,0.00056290557,0.0002227802,0.0072561344,0.015568579,0.01979218,0.0036048144,0.0023274978,0.0005667063,0.023232926,0.08431839,0.7517918,0.8710346,0.53694,0.0
2018-07-10,CTD7,4176724,690397,0.1461,0.1214,0.0989,0.0755,0.0685,0.064,0.0656,0.0609,0.0621,0.0139,0.0011,0.0462,0.0363,0.02375251,0.031479675,0.04116458,0.012895043,0.009535782,0.0025707937,0.0024454705,0.0009508391,0.0233832,0.03146891,0.04146445,0.012805927,0.009301772,0.0024582362,0.2678767,0.18458228,0.2476456,4.8769097,1.4165764,0.0
2018-07-10,CTD8,4174178,693048,0.1514,0.1284,0.1116,0.0849,0.0745,0.0712,0.0717,0.0686,0.0691,0.0156,0.001,0.0544,0.0416,0.0072967107,0.017945627,0.034200393,0.007703611,0.0048367144,0.001238592,0.0012009987,0.00046804844,0.007193107,0.01834562,0.033997223,0.0076821675,0.005092739,0.0012216357,0.033619855,0.13397355,0.76991504,2.2527528,0.8116962,0.0
2018-07-10,CTD9,4171106,693183,0.1468,0.1293,0.1132,0.084,0.0726,0.063,0.0624,0.0574,0.0592,0.0138,0.001,0.0455,0.0337,0.0075765457,0.01750587,0.0498619,0.018110937,0.012490891,0.0031024402,0.0029672896,0.0011280343,0.007416924,0.017981285,0.05000199,0.017759956,0.01277212,0.0031346085,0.054412715,0.13739921,1.0745547,6.373668,0.6410555,0.0
2018-07-10,CTD10,4170388,695646,0.1507,0.1258,0.1057,0.0836,0.077,0.0735,0.075,0.0672,0.0723,0.0166,0.001,0.0565,0.046,0.0119033195,0.02098001,0.033095457,0.009706376,0.006719826,0.0019002553,0.0018543897,0.0007462393,0.011770721,0.020960705,0.03305979,0.009659045,0.0069993837,0.0018594266,0.13398993,0.17759939,0.590082,3.1526432,1.4834526,0.0
2018-07-10,CTD11,4169609,700351,0.1504,0.1228,0.1032,0.0788,0.0725,0.0696,0.0706,0.0618,0.0682,0.0165,0.0008,0.0539,0.0434,0.0054937634,0.013722762,0.024982559,0.0057308464,0.0034449955,0.00090113335,0.00087744783,0.000344956,0.0054392195,0.014117179,0.024998112,0.005679576,0.0036863755,0.00088068395,0.0027941475,0.0812253,0.8089459,1.3695852,0.6238297,0.0
2018-07-10,CTD12,4173438,695414,0.1525,0.1293,0.1105,0.0847,0.0769,0.0754,0.077,0.0689,0.073,0.0162,0.001,0.0581,0.0466,0.015030139,0.024546586,0.032572296,0.008577114,0.0049055084,0.0012684942,0.0012146911,0.00046878,0.014982346,0.024631951,0.03260285,0.0086016655,0.0054409807,0.0012089573,0.08046067,0.09743384,0.40589043,2.3660097,0.86576766,0.0
2018-08-29,CTD1,4187246,695025,0.1286,0.098,0.0782,0.0509,0.0453,0.0417,0.0406,0.0351,0.0368,0.0108,0.0008,0.0215,0.0146,0.0031402519,0.009338086,0.019182254,0.0038540894,0.0023190985,0.00058476365,0.000565008,0.00022168602,0.0031121958,0.009766434,0.019262563,0.003759557,0.0023976392,0.0005759478,2.7915616e-05,0.10444013,1.1809337,0.9407127,0.36734045,0.0
2018-08-29,CTD2,4181518,693105,0.1281,0.0978,0.0743,0.0453,0.0394,0.0366,0.0363,0.0306,0.0321,0.0097,0.0006,0.0166,0.0118,0.014241647,0.022237398,0.029806228,0.008073694,0.0060209073,0.0016715645,0.0016334575,0.00065137376,0.014106914,0.022112181,0.029897813,0.008015908,0.005958217,0.001656282,0.17822656,0.13547103,0.30789047,2.5313792,1.4315993,0.0
2018-08-29,CTD3,4181698,695238,0.1262,0.096,0.0708,0.0422,0.036,0.0332,0.0316,0.0271,0.0272,0.0096,0.0008,0.0134,0.0096,0.004085696,0.009756944,0.014734002,0.0030676818,0.0018980289,0.0005005983,0.00048777164,0.0001937188,0.0040675844,0.010094489,0.014727232,0.0030164444,0.0019786833,0.0004917461,0.0008851074,0.063207254,0.6055089,0.77294254,0.44201398,0.0
2018-08-29,CTD4,4180266,698264,0.1275,0.0953,0.0692,0.0443,0.0387,0.0353,0.035,0.029,0.0303,0.0098,0.0007,0.016,0.0116,0.012751962,0.017241772,0.021603333,0.007977901,0.0062262737,0.0018441231,0.0017953583,0.0007302748,0.012660563,0.017173592,0.02146276,0.007857941,0.006184012,0.001798429,0.18327089,0.33114,0.24394858,2.9530575,1.7018341,0.0
2018-08-29,CTD5,4179450,700268,0.1287,0.1005,0.0791,0.0436,0.0372,0.0346,0.0334,0.0282,0.0285,0.0098,0.0007,0.0161,0.0113,0.0058017117,0.013301112,0.020305231,0.004587908,0.0027452556,0.0007365837,0.00071938714,0.0002846964,0.0057498207,0.013611514,0.020340582,0.004542158,0.0029552132,0.0007187456,0.00025444952,0.058375247,0.48770583,1.0349301,0.59946007,0.0
2018-08-29,CTD6,4176009,695829,0.1253,0.096,0.0719,0.0432,0.0362,0.033,0.0316,0.0265,0.0276,0.0091,0.0006,0.0143,0.0102,0.0039553395,0.009288263,0.015005056,0.0030676818,0.0018527937,0.00048592984,0.00047326687,0.00018735736,0.0039363867,0.009468141,0.015022402,0.0030143363,0.0019405924,0.00047449354,0.0011033441,0.06100998,0.61668956,0.7688484,0.42317596,0.0
2018-08-29,CTD7,4176724,690397,0.127,0.0973,0.0748,0.0463,0.0393,0.0367,0.0366,0.0309,0.0314,0.0101,0.0007,0.0171,0.0119,0.008717218,0.018105144,0.026554924,0.006174754,0.003965296,0.0010739908,0.001047684,0.0004136626,0.008678514,0.018325793,0.02655547,0.006183425,0.0041910005,0.0010533916,0.058196668,0.07857321,0.36627683,1.6667737,0.9345316,0.0
2018-08-29,CTD8,4174178,693048,0.126,0.0968,0.0742,0.0442,0.0374,0.033,0.0317,0.0275,0.0269,0.0088,0.0007,0.0135,0.0094,0.011484743,0.01939965,0.02845916,0.008548934,0.006212553,0.001719851,0.0016795765,0.0006701586,0.011378267,0.019335933,0.028480474,0.00851742,0.006259435,0.0016976281,0.16498698,0.121930175,0.46058553,2.53789,1.5150356,0.0
2018-08-29,CTD9,4171106,693183,0.1277,0.1058,0.0868,0.0574,0.0473,0.0378,0.0375,0.0321,0.033,0.0101,0.0005,0.0202,0.0141,0.017979177,0.03048763,0.058215596,0.023995427,0.021607691,0.0058681457,0.0056459303,0.0021325725,0.017798347,0.030455273,0.05859057,0.024377583,0.020604696,0.005885911,0.4469257,0.25064024,1.0088497,8.598642,3.727011,0.0
2018-08-29,CTD10,4170388,695646,0.1241,0.0933,0.0701,0.0421,0.0367,0.033,0.0315,0.0271,0.0282,0.0092,0.0005,0.0147,0.0105,0.004097871,0.010350149,0.01935811,0.0040503927,0.002453302,0.0006339912,0.0006141094,0.00024316729,0.004058704,0.010630265,0.019378511,0.003980324,0.002585895,0.00062302675,0.000798943,0.06676666,0.79919904,1.0206307,0.50619006,0.0
2018-08-29,CTD11,4169609,700351,0.1252,0.0954,0.0714,0.0444,0.0384,0.0337,0.0322,0.0276,0.029,0.0095,0.0006,0.0158,0.0108,0.006492583,0.0146375345,0.024094991,0.006300208,0.004316659,0.0011644624,0.0011405029,0.00045626753,0.0064302804,0.014579004,0.024103815,0.00628338,0.004423461,0.0011636817,0.11171992,0.088218965,0.7094398,1.7210774,1.0283123,0.0
2018-08-29,CTD12,4173438,695414,0.1249,0.0958,0.0747,0.0426,0.0361,0.0322,0.0301,0.0257,0.026,0.0086,0.0007,0.0131,0.0088,0.006596316,0.01517983,0.027055757,0.005941221,0.0039116675,0.0010288279,0.0010040405,0.00039773108,0.006526981,0.015428498,0.02699472,0.0059164586,0.0040594554,0.001024418,0.06707723,0.07839,0.6843218,1.6537286,0.8594598,0.0
2018-10-03,CTD1,4187246,695025,0.1203,0.0851,0.0608,0.0311,0.0247,0.0212,0.0209,0.0152,0.0157,0.005,0.0006,0.0061,0.0048,0.014549887,0.022094315,0.03048326,0.009481908,0.0070938296,0.0019891588,0.0019326141,0.00077186804,0.014377342,0.021999698,0.030564327,0.009404055,0.007033831,0.0019498547,0.217017,0.18689375,0.34333193,2.9624667,1.8529776,0.0
2018-10-03,CTD2,4181518,693105,0.1197,0.0858,0.0584,0.029,0.0229,0.0198,0.0193,0.0146,0.0134,0.0045,0.0006,0.0046,0.0026,0.026506469,0.032931633,0.03990905,0.01340598,0.009627352,0.0026436832,0.0024735816,0.00096448755,0.0259992,0.033083457,0.04021514,0.01326626,0.009508559,0.0024821754,0.21196878,0.2632039,0.17268151,5.1964784,1.4785757,0.0
2018-10-03,CTD3,4181698,695238,0.1186,0.0858,0.0575,0.0276,0.0219,0.0196,0.0171,0.0134,0.0122,0.0045,0.0006,0.0042,0.0029,0.0047835973,0.011222787,0.0141448965,0.0021653713,0.001276899,0.00032076766,0.0003082869,0.000120815144,0.004709785,0.011541574,0.014212989,0.0021091586,0.0013117881,0.00031270445,0.006908307,0.030356655,0.36119333,0.6107088,0.2298507,0.0
2018-10-03,CTD4,4180266,698264,0.1202,0.0836,0.0552,0.0288,0.0239,0.0192,0.0157,0.014,0.0153,0.0047,0.0006,0.0052,0.0032,0.0011125006,0.0021468783,0.0023519385,0.00093634863,0.00057056843,0.00014381798,0.00013607557,5.390081e-05,0.0011344304,0.0021287538,0.0022728383,0.0009311731,0.0005849954,0.00014036306,0.22958928,0.008642274,0.6907611,0.17358416,0.13537209,0.0
2018-10-03,CTD5,4179450,700268,0.1219,0.0917,0.0668,0.0281,0.0221,0.0189,0.0178,0.0136,0.0132,0.0044,0.0004,0.0045,0.003,0.017352765,0.027856886,0.039235026,0.0074663614,0.005017198,0.0012834133,0.0012468647,0.00048039807,0.017264364,0.027711445,0.039499015,0.007512324,0.005063107,0.0012802528,0.18128674,0.040919162,0.23619418,2.260043,1.0392901,0.0
2018-10-03,CTD6,4176009,695829,0.1186,0.0867,0.061,0.0288,0.0218,0.019,0.017,0.0133,0.0125,0.0045,0.0005,0.0038,0.0027,0.004947534,0.012131255,0.021361109,0.004351249,0.0026626114,0.0006923467,0.0006723954,0.0002656207,0.004895027,0.012418091,0.021342935,0.0042955405,0.0028100302,0.00068259845,0.0058825966,0.059969146,0.6728791,1.1272002,0.5927319,0.0
2018-10-03,CTD7,4176724,690397,0.1184,0.084,0.0575,0.0282,0.0228,0.02,0.0183,0.0139,0.0131,0.0044,0.0006,0.0039,0.0023,0.005111624,0.010700263,0.014548891,0.0029037218,0.0018065145,0.0004802851,0.00046768668,0.0001859159,0.0050967108,0.010825116,0.014484533,0.0028604695,0.0018877008,0.00047297444,0.017140154,0.05693694,0.42752472,0.7242581,0.47158515,0.0
2018-10-03,CTD8,4174178,693048,0.123,0.0929,0.0729,0.0354,0.0261,0.0205,0.0185,0.014,0.0133,0.0045,0.0006,0.0038,0.003,0.012741449,0.02354361,0.039134584,0.011859822,0.008271848,0.0022360864,0.002154155,0.00084567466,0.012595905,0.023619974,0.039191738,0.01182655,0.008421221,0.0021628302,0.15811986,0.16652986,0.6109306,3.5141835,1.9650779,0.0
2018-10-03,CTD9,4171106,693183,0.1219,0.0972,0.0767,0.0418,0.0313,0.0207,0.0208,0.015,0.0148,0.0047,0.0006,0.0061,0.0037,0.026811305,0.041236658,0.07106303,0.03431295,0.028412482,0.008268288,0.007861343,0.0029928095,0.026608286,0.041503042,0.07214783,0.034470517,0.029072495,0.008212277,0.4306398,0.39100164,0.7395946,10.280252,6.4398847,0.0
2018-10-03,CTD10,4170388,695646,0.1196,0.0866,0.0598,0.0304,0.024,0.0195,0.0187,0.0141,0.0133,0.0044,0.0006,0.0048,0.0035,0.022535896,0.02949009,0.038447317,0.012947402,0.009556521,0.0026973595,0.0025623748,0.0010119356,0.02193009,0.02954542,0.038707674,0.012767149,0.009467541,0.0025608656,0.2333028,0.28574786,0.30141452,4.700768,2.1412935,0.0
2018-10-03,CTD11,4169609,700351,0.118,0.0862,0.0588,0.0301,0.0239,0.0198,0.0192,0.0144,0.0144,0.0047,0.0005,0.0056,0.0042,0.018653955,0.023697723,0.026261207,0.0070281094,0.0052669006,0.0014765692,0.0014492373,0.0005832981,0.018233463,0.023696432,0.026263157,0.006984563,0.0052432646,0.0014757323,0.17689541,0.15568055,0.32397714,2.0441618,1.4306557,0.0
2018-10-03,CTD12,4173438,695414,0.1201,0.0897,0.0668,0.0311,0.024,0.0192,0.0182,0.0134,0.013,0.005,0.0004,0.0037,0.0026,0.019310778,0.029566795,0.044330124,0.013089768,0.0094779385,0.0025783726,0.0024649925,0.00096550625,0.019073224,0.02960563,0.04462337,0.013005079,0.009426665,0.0024747886,0.22683999,0.15312685,0.40893832,4.232738,1.9753507,0.0
2018-11-07,CTD1,4187246,695025,0.1276,0.0895,0.0611,0.0317,0.0263,0.0219,0.0191,0.0166,0.0148,0.0063,0.0008,0.0043,0.0029,0.0019622878,0.0054287715,0.013038631,0.0040164017,0.0025246267,0.0006644731,0.00064071064,0.0002577651,0.001964748,0.005565938,0.013138684,0.003956716,0.002626084,0.00065066543,4.0646304e-05,0.19471598,1.7234626,0.9821426,0.5579952,0.0
2018-11-07,CTD2,4181518,693105,0.1262,0.0913,0.0617,0.0289,0.024,0.0212,0.0173,0.014,0.0125,0.0063,0.0006,0.0025,0.0017,0.0012625963,0.0038516363,0.0069115763,0.0009261997,0.000470788,0.00011611314,0.00010721086,4.1292238e-05,0.001309598,0.004019226,0.007099192,0.00088135514,0.00049705897,0.000111679066,2.6761492e-05,0.0059410045,1.0859718,0.23132987,0.04112631,-1.435e-42
2018-11-07,CTD3,4181698,695238,0.1255,0.0902,0.0596,0.0284,0.0233,0.0194,0.0167,0.0134,0.0122,0.0054,0.0007,0.0021,0.0015,0.0035795814,0.0076490953,0.012649948,0.0027719028,0.0017564453,0.00045497378,0.00043868914,0.00017490606,0.0035800533,0.007673129,0.012605526,0.002717555,0.0017970726,0.00044846098,0.0064102737,0.06589705,0.63043517,0.7166066,0.3907538,0.0
2018-11-07,CTD4,4180266,698264,0.1255,0.0878,0.0564,0.0286,0.0226,0.0183,0.0174,0.0129,0.0128,0.006,0.0005,0.002,0.0012,0.013357563,0.016593428,0.019345038,0.0074540796,0.0058505926,0.0017419539,0.001705672,0.000696434,0.0132603375,0.016539495,0.019129055,0.0073236367,0.0057790866,0.0017277272,0.2223252,0.37196496,0.20952283,3.052295,1.8409076,0.0
2018-11-07,CTD5,4179450,700268,0.1308,0.1004,0.0697,0.0281,0.0223,0.0189,0.0161,0.0131,0.0114,0.0054,0.0007,0.0019,0.0013,0.01000311,0.019921279,0.020469034,0.002200355,0.0013168512,0.00033350958,0.0003221016,0.00012621278,0.009859728,0.020192744,0.020726271,0.002147103,0.0013485545,0.00033286848,0.053716205,0.0050037187,0.18793362,0.6904592,0.2876762,-2.87e-42
2018-11-07,CTD6,4176009,695829,0.1267,0.094,0.0662,0.0295,0.0238,0.0193,0.0161,0.0129,0.0131,0.0057,0.0008,0.0018,0.001,0.003446561,0.008218695,0.014254989,0.0026590193,0.0017058256,0.0004380992,0.00042276498,0.00016826832,0.0034250356,0.008346652,0.014254816,0.0026018915,0.0017340485,0.00043454388,0.037552826,0.1156022,0.6313228,0.7029442,0.39307487,0.0
2018-11-07,CTD7,4176724,690397,0.124,0.0874,0.0575,0.0285,0.0241,0.0206,0.0174,0.0136,0.0132,0.006,0.0005,0.0024,0.0018,0.0014358838,0.003852932,0.009364349,0.0019852924,0.0012115192,0.00030044973,0.0002865373,0.000113265975,0.0014558296,0.0040091057,0.009414071,0.0019255057,0.001225506,0.00029276565,8.761237e-05,0.034971766,1.2281767,0.5529195,0.1840504,0.0
2018-11-07,CTD8,4174178,693048,0.1309,0.1012,0.0739,0.0334,0.0261,0.0199,0.0173,0.0133,0.0122,0.0052,0.0007,0.002,0.0006,0.013756041,0.023572106,0.033745248,0.008357662,0.005748169,0.001566748,0.0015214446,0.0006022846,0.013652045,0.023438271,0.033834893,0.008345527,0.0058796504,0.0015382608,0.13813612,0.10983342,0.3844807,2.3146904,1.4621106,0.0
2018-11-07,CTD9,4171106,693183,0.1274,0.1002,0.0766,0.0394,0.0294,0.0193,0.018,0.0138,0.0124,0.0054,0.0005,0.0038,0.0024,0.015572441,0.025387956,0.04268131,0.018521808,0.0144479945,0.0039514024,0.003819512,0.0014751791,0.015341722,0.025361937,0.042963356,0.01846535,0.014315516,0.0038735103,0.3253863,0.22221659,0.65514433,5.8120728,3.2255607,0.0
2018-11-07,CTD10,4170388,695646,0.1238,0.0873,0.0577,0.0282,0.0227,0.0193,0.0165,0.0132,0.0113,0.0054,0.0004,0.0024,0.0013,0.002725,0.007229031,0.012404086,0.0025995593,0.0016061709,0.0004112974,0.00039548555,0.00015641996,0.0027156516,0.007407825,0.012424197,0.0025491042,0.0016475264,0.00040373174,0.00037686827,0.06875632,0.85463876,0.74770755,0.30010873,0.0
2018-11-07,CTD11,4169609,700351,0.1223,0.0881,0.0581,0.0281,0.0224,0.0178,0.016,0.0129,0.0121,0.0054,0.0007,0.0028,0.0018,0.010881855,0.015913246,0.022661494,0.007744943,0.006616971,0.001920919,0.0018888604,0.00075137464,0.010803748,0.015811604,0.022608478,0.0076847277,0.006394488,0.0019148523,0.25473344,0.1845003,0.37473994,2.908281,1.7840145,0.0
2018-11-07,CTD12,4173438,695414,0.1246,0.0915,0.0628,0.0282,0.0226,0.0192,0.017,0.0132,0.012,0.0052,0.0005,0.0019,0.0015,0.0069619287,0.013138297,0.016415559,0.0032727893,0.002092537,0.00057358964,0.00056185754,0.00022531957,0.0069520664,0.013208983,0.016320573,0.0032294008,0.0021991907,0.00056877214,0.04661088,0.06472718,0.31670487,0.74522984,0.63554233,0.0
2019-03-12,CTD1,4187246,695025,0.1294,0.0948,0.069,0.0387,0.0319,0.0271,0.0264,0.0205,0.0201,0.0075,0.0008,0.0071,0.005,0.01576936,0.023203164,0.032591928,0.012483282,0.010251841,0.0030424283,0.0029628898,0.0011790495,0.015549052,0.023129659,0.032649264,0.01231253,0.009959268,0.0029614968,0.2893253,0.35936236,0.41666114,4.7559094,2.6635592,0.0
2019-03-12,CTD2,4181518,693105,0.1296,0.0979,0.0707,0.0347,0.0281,0.0254,0.0232,0.0184,0.0175,0.0067,0.0006,0.0055,0.0035,0.007411277,0.016393181,0.018542547,0.0022655057,0.0013252253,0.000333935,0.0003221016,0.00012603991,0.007280167,0.01677986,0.018691756,0.0022160576,0.0013718572,0.00032772752,0.018222434,0.0050037187,0.27038148,0.73637795,0.23936196,-2.87e-42
2019-03-12,CTD3,4181698,695238,0.1285,0.0972,0.0694,0.0339,0.0277,0.023,0.0217,0.0176,0.0173,0.0067,0.0007,0.0053,0.0033,0.017042303,0.02673585,0.037226573,0.009466347,0.0069485805,0.0018715173,0.0018142201,0.0007139031,0.016880745,0.02660681,0.037453946,0.009437526,0.006848555,0.00184365,0.21040477,0.10131988,0.3114713,2.9927652,1.6105654,0.0
2019-03-12,CTD4,4180266,698264,0.1256,0.0907,0.0604,0.0318,0.0269,0.0231,0.0209,0.017,0.0154,0.0064,0.0006,0.0055,0.003,0.01070781,0.0148012545,0.014796167,0.0039241123,0.002588183,0.000742851,0.000727329,0.00029523502,0.010749354,0.01482276,0.014451509,0.0038690658,0.0027390788,0.0007352922,0.039489206,0.18507491,0.15976709,0.95961475,0.79197,0.0
2019-03-12,CTD5,4179450,700268,0.1307,0.1049,0.0788,0.0324,0.0254,0.0224,0.0208,0.0169,0.0152,0.0067,0.0006,0.0056,0.0041,0.016225267,0.02793782,0.033815764,0.005851812,0.003504219,0.0009517042,0.0009179461,0.00036049425,0.016291054,0.027976941,0.03417931,0.0058178417,0.003765584,0.0009295231,0.09452758,0.015912931,0.19012254,1.4117026,0.94451874,0.0
2019-03-12,CTD6,4176009,695829,0.1259,0.0941,0.067,0.0311,0.0255,0.0226,0.0204,0.0161,0.0152,0.0062,0.0006,0.0049,0.0031,0.005720087,0.012453919,0.016713388,0.003040244,0.0018721424,0.0004934248,0.00047957955,0.00019018601,0.005679409,0.01265492,0.016687302,0.002996478,0.0019632075,0.00048605286,0.028788792,0.049845044,0.34110537,0.7668095,0.4784973,0.0
2019-03-12,CTD7,4176724,690397,0.1249,0.0904,0.0619,0.0322,0.0265,0.0227,0.0211,0.0163,0.0158,0.0063,0.0008,0.0047,0.0031,0.012250759,0.016920105,0.020904204,0.0072245463,0.0053206696,0.0015514622,0.0014997016,0.00060641236,0.012176509,0.016849676,0.02077167,0.0071055745,0.00534518,0.0015135619,0.14230496,0.29771155,0.26220387,2.4926445,1.5636352,0.0
2019-03-12,CTD8,4174178,693048,0.1231,0.089,0.0612,0.03,0.0246,0.0206,0.0191,0.0152,0.0151,0.006,0.0005,0.004,0.0024,0.01060316,0.015926568,0.019299343,0.005575855,0.004033844,0.0011786795,0.0011551803,0.00047073662,0.0105695715,0.015824942,0.019153269,0.005494879,0.004120151,0.0011693108,0.10056621,0.19246945,0.28769484,1.6151818,1.2241423,0.0
2019-03-12,CTD9,4171106,693183,0.1282,0.1039,0.0845,0.0502,0.0381,0.0222,0.0219,0.0171,0.0158,0.0065,0.0006,0.0061,0.0038,0.024981111,0.037944373,0.06431633,0.032936413,0.029187066,0.009245671,0.008940539,0.0034899113,0.024854029,0.0380216,0.065904,0.03365732,0.03004503,0.009310772,0.4984863,0.4403095,0.73031694,10.136674,8.845109,0.0
2019-03-12,CTD10,4170388,695646,0.1233,0.0888,0.0613,0.0319,0.0266,0.0231,0.0213,0.0174,0.0173,0.0069,0.0006,0.0066,0.0058,0.005065183,0.011353106,0.017841415,0.00431106,0.002705341,0.00075129775,0.0007346634,0.0002986899,0.005044778,0.011531211,0.017667372,0.004259682,0.0028472568,0.0007467378,0.07932804,0.11701306,0.58429515,1.0233393,0.83746207,0.0
2019-03-12,CTD11,4169609,700351,0.1242,0.0903,0.0626,0.0329,0.0273,0.0238,0.0229,0.0172,0.0162,0.0069,0.0006,0.0071,0.0054,0.0150340535,0.01896169,0.0185741,0.004297175,0.0029113316,0.00080957345,0.0007860294,0.00031406718,0.015032241,0.019044146,0.018449971,0.0042552203,0.0030078667,0.00080735184,0.07989241,0.13816735,0.0914179,1.3330784,0.6989081,0.0
2019-03-12,CTD12,4173438,695414,0.1272,0.0991,0.0733,0.0332,0.0262,0.0221,0.0209,0.0159,0.016,0.0062,0.0006,0.0052,0.0033,0.01963007,0.030584933,0.040533613,0.008573586,0.0057863677,0.0014707979,0.0014165647,0.00054116786,0.01965719,0.030434899,0.040896397,0.008632733,0.0058040842,0.0014536837,0.19760275,0.033003245,0.22808398,2.669759,1.0651205,0.0
2019-06-25,CTD1,4187246,695025,0.1613,0.14,0.1203,0.1009,0.0967,0.0928,0.0954,0.0885,0.0925,0.0215,0.001,0.0772,0.0621,0.027520165,0.034898855,0.044354312,0.015260552,0.011330109,0.0030752947,0.0028947776,0.0011298184,0.027043633,0.0350034,0.044680934,0.015116646,0.01105574,0.0029199868,0.29084754,0.23677264,0.20158626,5.932096,1.5626075,0.0
2019-06-25,CTD2,4181518,693105,0.1598,0.1365,0.1183,0.0995,0.0928,0.0898,0.09,0.0836,0.0898,0.0208,0.001,0.0741,0.0572,0.0097618485,0.017486915,0.029916748,0.011465387,0.008618936,0.0023835923,0.002284428,0.00089956436,0.009669566,0.017482892,0.030002315,0.011455012,0.008638396,0.0022900358,0.2146956,0.22709513,0.8089459,4.18317,1.5853691,0.0
2019-06-25,CTD3,4181698,695238,0.1576,0.1319,0.1118,0.0916,0.0868,0.084,0.0854,0.0774,0.082,0.0202,0.0009,0.0689,0.0546,0.010311827,0.017486915,0.029014023,0.008730158,0.0058325385,0.0016806154,0.0016489591,0.0006662877,0.010260595,0.017694555,0.028918803,0.008669569,0.0060161315,0.0016498034,0.12825786,0.21231876,0.47751907,2.6646357,1.4592236,0.0
2019-06-25,CTD4,4180266,698264,0.1545,0.1312,0.1087,0.0895,0.0824,0.08,0.0815,0.076,0.0786,0.019,0.0008,0.0644,0.0509,0.019520283,0.025667783,0.028699804,0.008665768,0.006085026,0.001782642,0.001727875,0.0006993765,0.019296652,0.025688417,0.028648453,0.008551034,0.0061928444,0.001729076,0.12301545,0.22413395,0.21662523,3.110956,1.1858567,0.0
2019-06-25,CTD5,4179450,700268,0.1644,0.1447,0.1242,0.0927,0.0869,0.085,0.0878,0.0818,0.084,0.0204,0.0008,0.0709,0.0555,0.021530902,0.031888094,0.03712964,0.0068426975,0.0041893492,0.0011201631,0.0010731402,0.00041818252,0.021685986,0.031842854,0.037515447,0.00681683,0.0044283606,0.0010897275,0.12430665,0.0351015,0.21275409,1.8833134,0.88379306,0.0
2019-06-25,CTD6,4176009,695829,0.1559,0.1327,0.1111,0.0915,0.0852,0.0819,0.0822,0.0765,0.0798,0.0191,0.0008,0.0667,0.0518,0.014622818,0.022248426,0.03303593,0.0106962435,0.0077184024,0.0021414128,0.0020762496,0.0008210378,0.014452046,0.022196788,0.032975513,0.010648428,0.0077214544,0.0021027531,0.19167131,0.22885065,0.36169836,3.7253313,1.4746854,0.0
2019-06-25,CTD7,4176724,690397,0.1605,0.1352,0.1153,0.0949,0.0887,0.0871,0.087,0.081,0.0858,0.0205,0.0008,0.0706,0.057,0.0025142606,0.006785014,0.013085062,0.0026437573,0.0016473759,0.00041511306,0.0003995621,0.00015797844,0.0025083688,0.006983933,0.013147316,0.0025749083,0.0016684079,0.0004085643,3.3176795e-05,0.06463086,0.9817361,0.72956604,0.26663658,0.0
2019-06-25,CTD8,4174178,693048,0.1602,0.1377,0.1163,0.0959,0.0896,0.0879,0.0889,0.0829,0.0865,0.0204,0.0008,0.0718,0.0571,0.008408236,0.016109396,0.019753722,0.0038387135,0.0022926452,0.00061009394,0.0005928685,0.00023475252,0.008358354,0.016260812,0.01972375,0.0037992613,0.0024606532,0.00059634855,0.02167475,0.045184057,0.40893832,0.9314004,0.5579952,0.0
2019-06-25,CTD9,4171106,693183,0.1593,0.142,0.1279,0.1016,0.0921,0.0842,0.086,0.078,0.081,0.0194,0.0008,0.0669,0.0518,0.017852867,0.029656397,0.053942025,0.021981433,0.017824765,0.0049196817,0.0047122412,0.0017784548,0.017576778,0.029659206,0.0541051,0.021899942,0.017478727,0.0048571466,0.41857523,0.20731771,0.7681197,8.073771,2.6738362,0.0
2019-06-25,CTD10,4170388,695646,0.1585,0.1353,0.1158,0.093,0.0859,0.0839,0.0846,0.0782,0.0805,0.0197,0.0006,0.0674,0.0526,0.007790438,0.017288733,0.029677672,0.006904891,0.004211533,0.0011099043,0.0010736664,0.0004179661,0.0077247126,0.017723562,0.02962913,0.006879306,0.0045140893,0.0010701149,0.00036787015,0.08332654,0.64751166,1.855291,0.7196554,0.0
2019-06-25,CTD11,4169609,700351,0.1642,0.1351,0.1172,0.0994,0.0922,0.0906,0.0924,0.0806,0.0925,0.023,0.0008,0.0755,0.0627,0.005841033,0.013418336,0.024448568,0.007837946,0.005637562,0.0014012684,0.0013561539,0.0005189836,0.0057197977,0.013379752,0.024458379,0.0078032906,0.005973185,0.0013668591,0.00058950606,0.16248971,1.73032,2.4718976,0.91669613,-1.1e-44
2019-06-25,CTD12,4173438,695414,0.1582,0.1343,0.115,0.0939,0.0879,0.085,0.0853,0.0796,0.0818,0.0199,0.0007,0.0694,0.056,0.010754224,0.022502976,0.029972123,0.008374874,0.005575664,0.0015153958,0.0014724212,0.000584524,0.010689165,0.022881174,0.02991521,0.008342778,0.005860678,0.0014880485,0.070857,0.14688283,0.44823402,2.5006678,1.1396477,0.0
2019-07-10,CTD1,4187246,695025,0.1343,0.1069,0.0861,0.06,0.0534,0.0487,0.0502,0.0452,0.0452,0.0117,0.0008,0.0319,0.0233,0.020581042,0.026906837,0.03698993,0.014461688,0.012227387,0.003475316,0.0033486842,0.0013008507,0.020232547,0.026669966,0.03720865,0.014362872,0.011613511,0.0034034639,0.41725346,0.30144477,0.315096,6.290578,1.999955,0.0
2019-07-10,CTD2,4181518,693105,0.1427,0.1183,0.0961,0.0719,0.0656,0.0627,0.0636,0.0574,0.0602,0.0145,0.0008,0.0461,0.0358,0.014207667,0.023806509,0.033364274,0.00819083,0.0051473384,0.0013917128,0.0013368323,0.0005238915,0.014165885,0.02387938,0.033351284,0.008225337,0.005486475,0.0013361573,0.08858748,0.11368841,0.34573433,2.4734876,1.0026971,0.0
2019-07-10,CTD3,4181698,695238,0.1429,0.1183,0.0964,0.0733,0.0649,0.0619,0.0625,0.057,0.059,0.0146,0.0008,0.0461,0.0362,0.011484743,0.022165788,0.030511325,0.008268723,0.0049315603,0.0013004153,0.0012493285,0.00048543277,0.011431913,0.022377983,0.030546645,0.0082606925,0.0053762947,0.0012448729,0.02833771,0.10045444,0.49694493,2.4497373,0.8663433,0.0
2019-07-10,CTD4,4180266,698264,0.1359,0.1086,0.0851,0.059,0.0521,0.0485,0.0484,0.0458,0.0452,0.0123,0.0008,0.0338,0.025,0.018698545,0.028275201,0.03468038,0.010939508,0.007858498,0.0021204588,0.0020414025,0.0007988068,0.018464282,0.028178612,0.03472008,0.010896119,0.007820673,0.0020551125,0.18986002,0.19289926,0.2394378,3.737009,1.3156297,0.0
2019-07-10,CTD5,4179450,700268,0.1406,0.1198,0.0993,0.0655,0.0579,0.0553,0.057,0.0523,0.0525,0.0133,0.0009,0.0407,0.0307,0.027493604,0.037923355,0.047354486,0.011811625,0.008067932,0.0021572637,0.00204649,0.0007933443,0.02739696,0.03779687,0.047774456,0.011735518,0.0081108045,0.0020527553,0.18960255,0.10749579,0.1951945,4.103437,1.1283746,0.0
2019-07-10,CTD6,4176009,695829,0.1431,0.1206,0.0986,0.0727,0.0663,0.0632,0.0634,0.0585,0.0599,0.0148,0.0008,0.0476,0.0376,0.020286307,0.027825788,0.03405833,0.0101251695,0.007031664,0.001960033,0.0018692177,0.0007376296,0.02005807,0.02782136,0.034188915,0.01006339,0.0071280585,0.0018688054,0.15468137,0.16086219,0.27038148,3.5119746,1.249509,0.0
2019-07-10,CTD7,4176724,690397,0.1409,0.1149,0.0945,0.0682,0.0612,0.0593,0.0607,0.0541,0.0547,0.0143,0.0009,0.0426,0.0332,0.017297236,0.026559334,0.03698993,0.011015766,0.007824104,0.0021298628,0.00204649,0.00080261065,0.01712615,0.026512237,0.037137315,0.010978548,0.007869325,0.0020535407,0.19693539,0.15724942,0.28676876,3.7864254,1.4137768,0.0
2019-07-10,CTD8,4174178,693048,0.1434,0.1222,0.1032,0.0741,0.0662,0.063,0.0649,0.058,0.06,0.0149,0.0008,0.0471,0.0362,0.02451612,0.03425894,0.046814773,0.01365194,0.009728189,0.0025809037,0.0024454705,0.00094483484,0.024266956,0.03418797,0.047164556,0.013596205,0.009629265,0.0024564029,0.25727978,0.13775313,0.2599332,4.909846,1.3375362,0.0
2019-07-10,CTD9,4171106,693183,0.1448,0.128,0.1136,0.088,0.0774,0.068,0.071,0.0633,0.0662,0.0157,0.0009,0.0516,0.0397,0.021699296,0.034926176,0.063485555,0.023876993,0.019670133,0.005363342,0.005151034,0.0019570168,0.021424288,0.03493815,0.06347137,0.02395713,0.019043665,0.005306699,0.46115252,0.2036285,0.82301426,8.475692,2.969613,0.0
2019-07-10,CTD10,4170388,695646,0.1461,0.124,0.1037,0.079,0.0711,0.0688,0.0701,0.0644,0.0649,0.0161,0.0008,0.0533,0.0418,0.01265059,0.025715573,0.039638523,0.010166749,0.0060235653,0.0015355762,0.0014687738,0.0005631526,0.012592508,0.025843276,0.039872028,0.010260879,0.0065274346,0.0014681551,0.074472316,0.07312743,0.3920949,3.1606424,0.84248817,0.0
2019-07-10,CTD11,4169609,700351,0.1433,0.1152,0.0951,0.0672,0.0594,0.0563,0.058,0.0485,0.0537,0.0145,0.001,0.04,0.0327,0.0097503355,0.021446396,0.035268836,0.00889686,0.0063343276,0.001762612,0.0017158835,0.0006837078,0.009641849,0.021764703,0.035051383,0.008870207,0.006371805,0.0017970318,0.17331205,0.13014553,0.32729897,2.8861322,1.3086939,0.0
2019-07-10,CTD12,4173438,695414,0.1453,0.1219,0.1,0.0759,0.0691,0.0655,0.0659,0.0616,0.0629,0.0157,0.0009,0.0516,0.0398,0.009070513,0.019654253,0.031958207,0.007441818,0.004406963,0.001159951,0.001119951,0.00043678907,0.008985221,0.019939318,0.031894203,0.0074622626,0.0048016068,0.0011191156,0.006824063,0.0980293,0.6722489,2.0897644,0.7983147,0.0
2019-07-30,CTD1,4187246,695025,0.1747,0.1439,0.1205,0.1017,0.098,0.0978,0.1055,0.0849,0.1075,0.0184,0.0012,0.0798,0.0593,0.0008133663,0.001350409,0.0036112862,0.005184914,0.005519317,0.0021340556,0.0021659809,0.0009887116,0.00082802767,0.0013233898,0.0034931146,0.005427064,0.0058396608,0.0020339831,0.68332815,0.75722706,0.6219185,2.9605825,2.3355196,-1.1e-44
2019-07-30,CTD2,4181518,693105,0.146,0.1201,0.0977,0.0686,0.0606,0.0573,0.0584,0.0511,0.0555,0.0113,0.001,0.0405,0.0302,0.021372715,0.03138119,0.040522203,0.01060908,0.007134524,0.001920919,0.0018305462,0.00071277487,0.021253875,0.031337854,0.04078775,0.010574671,0.007271407,0.0018343835,0.16296503,0.11919188,0.25232288,3.5743139,1.191366,0.0
2019-07-30,CTD3,4181698,695238,0.1741,0.1343,0.1122,0.0868,0.0805,0.0759,0.0809,0.0695,0.077,0.0194,0.0012,0.0568,0.0405,0.008182985,0.015141233,0.021675,0.010288268,0.00985563,0.0028079234,0.002737177,0.0010797571,0.008112767,0.014907543,0.021569747,0.010169841,0.009511719,0.002793203,0.3920873,0.23463155,0.9265545,5.0806727,1.8773462,-1.1e-44
2019-07-30,CTD4,4180266,698264,0.2735,0.2688,0.2492,0.2437,0.2367,0.2457,0.2651,0.2438,0.279,0.0492,0.0012,0.2575,0.1882,0.0,0.0,0.0,0.0,0.0,0.0,0.0,0.0,0.0,0.0,0.0,0.0,0.0,0.0,0.0,0.0,0.0,0.0,0.0,0.0
2019-07-30,CTD5,4179450,700268,0.1344,0.1096,0.0821,0.0531,0.0452,0.0414,0.0415,0.0393,0.0364,0.009,0.001,0.0238,0.0174,0.022164399,0.028043823,0.031162059,0.008364542,0.0062676165,0.0017967115,0.0017347652,0.00069460133,0.021819834,0.028015913,0.031250946,0.008230767,0.0062083267,0.0017507856,0.15692987,0.13722263,0.16699888,3.1307425,1.0160993,0.0
2019-07-30,CTD6,4176009,695829,0.143,0.1183,0.0975,0.0685,0.0589,0.0537,0.0563,0.0493,0.0521,0.0111,0.0009,0.0378,0.0286,0.028438874,0.038569335,0.053562332,0.016515188,0.012185701,0.0031713191,0.0029790534,0.0011363839,0.028092494,0.0385253,0.053988997,0.016464321,0.011840212,0.0030110748,0.3322075,0.14177641,0.2476456,6.108983,1.4621106,0.0
2019-07-30,CTD7,4176724,690397,0.1457,0.1177,0.0966,0.0682,0.059,0.056,0.0571,0.0509,0.0518,0.0116,0.001,0.0386,0.0282,0.022688247,0.032737892,0.039235026,0.010179256,0.0068242447,0.0018761227,0.0017900056,0.0007052995,0.022456363,0.03269555,0.039488394,0.010092332,0.0069431034,0.0017845015,0.14679462,0.14312641,0.2658324,3.5230322,1.2569693,0.0
2019-07-30,CTD8,4174178,693048,0.1467,0.1241,0.1078,0.0726,0.063,0.0591,0.0601,0.0533,0.0547,0.0111,0.001,0.0409,0.0305,0.027908914,0.03909803,0.055448048,0.015876565,0.011570874,0.0029952284,0.0028295855,0.0010820364,0.027667014,0.038993567,0.05586309,0.015852856,0.011295851,0.002860176,0.31848478,0.10435433,0.27400497,5.683942,1.4486849,0.0
2019-07-30,CTD9,4171106,693183,0.1416,0.1214,0.1055,0.0767,0.065,0.0552,0.0557,0.0501,0.0514,0.0111,0.0009,0.0386,0.0287,0.016443804,0.028350437,0.05176611,0.021091728,0.017513065,0.004875373,0.004714517,0.0018081967,0.01622635,0.02831568,0.05196097,0.021048147,0.01710315,0.004839937,0.3928371,0.242549,0.95575505,7.778868,2.8726587,0.0
2019-07-30,CTD10,4170388,695646,0.139,0.1121,0.0911,0.063,0.0539,0.0504,0.0521,0.0464,0.047,0.0106,0.001,0.035,0.0264,0.02397397,0.03284473,0.043071974,0.013031591,0.009453249,0.0025531945,0.0024224855,0.00094284187,0.023671152,0.032822266,0.043402836,0.012938436,0.009298667,0.0024354022,0.25456452,0.15527417,0.23395187,4.785167,1.4344332,0.0
2019-07-30,CTD11,4169609,700351,0.145,0.1194,0.0951,0.0704,0.062,0.0602,0.0635,0.054,0.0587,0.0118,0.0012,0.0442,0.0343,0.020468505,0.03128938,0.03665823,0.01119264,0.007344649,0.0021121344,0.0020161523,0.0008047318,0.02009932,0.031337854,0.036681015,0.011186783,0.007494894,0.0020138163,0.14709862,0.16391993,0.23416442,3.9827309,1.1396477,0.0
2019-07-30,CTD12,4173438,695414,0.1422,0.1176,0.0937,0.0657,0.0575,0.0547,0.0542,0.0488,0.05,0.0108,0.001,0.0371,0.028,0.008943438,0.01925295,0.026061255,0.005199734,0.0030868144,0.0008114957,0.0007905766,0.0003115252,0.008888917,0.019630821,0.026067093,0.0051528052,0.0033211086,0.000792075,0.035151165,0.07646761,0.35386962,1.2332263,0.7732367,0.0
2019-08-14,CTD1,4187246,695025,0.1361,0.1078,0.0873,0.0581,0.0513,0.046,0.0456,0.0403,0.0407,0.0095,0.0007,0.0278,0.0209,0.011461987,0.0212795,0.03371506,0.009583662,0.006803235,0.0018641724,0.0018097111,0.0007169206,0.011343657,0.02131617,0.033730157,0.009560069,0.006899328,0.0018230353,0.1522535,0.1333457,0.56329125,2.9530575,1.5190291,0.0
2019-08-14,CTD2,4181518,693105,0.1338,0.1061,0.0864,0.0564,0.0487,0.0437,0.0419,0.0375,0.0375,0.0093,0.0007,0.0233,0.0182,0.004746127,0.012513291,0.025763541,0.0061494675,0.0040179174,0.0010253619,0.0010001247,0.00039081508,0.004692221,0.012834953,0.025755808,0.006135038,0.004140059,0.0010252469,0.03241043,0.08839493,1.1312289,1.855291,0.71536195,0.0
2019-08-14,CTD3,4181698,695238,0.1298,0.1006,0.0779,0.0488,0.0421,0.0369,0.036,0.032,0.0315,0.0083,0.0006,0.0193,0.0142,0.014023604,0.022094315,0.031784307,0.010195954,0.0077353576,0.002131958,0.0020710882,0.0008249482,0.0138509115,0.022005314,0.031857707,0.010131027,0.007670914,0.0020835828,0.23945537,0.17533717,0.43703747,3.364752,1.7886903,0.0
2019-08-14,CTD4,4180266,698264,0.1262,0.0988,0.0776,0.0478,0.0389,0.0345,0.033,0.0286,0.0273,0.0072,0.0007,0.0186,0.0133,0.008989237,0.018658457,0.029113308,0.007484822,0.005102083,0.0013835758,0.0013561539,0.00054230256,0.008912263,0.018836185,0.029122844,0.007509814,0.005224232,0.001385483,0.086545676,0.13097909,0.58429515,2.1641908,1.1921551,0.0
2019-08-14,CTD5,4179450,700268,0.1349,0.1064,0.0862,0.0504,0.0435,0.0371,0.037,0.033,0.0326,0.008,0.0006,0.021,0.0161,0.022920122,0.03360973,0.048854806,0.014438445,0.010489407,0.0027092837,0.0025700203,0.0009840267,0.022665655,0.033615835,0.04920384,0.0143671,0.010321666,0.0025971464,0.2744973,0.12203298,0.31161547,4.9369435,1.4746854,0.0
2019-08-14,CTD6,4176009,695829,0.1286,0.1001,0.0803,0.0489,0.0414,0.0357,0.0345,0.0292,0.0304,0.0079,0.0007,0.0177,0.0126,0.007030029,0.016307231,0.032670546,0.00756535,0.0049098404,0.0012592615,0.0012303651,0.00048165163,0.0069310814,0.016539495,0.03251943,0.0075274,0.0050226166,0.0012680177,0.08407206,0.10474108,1.1364225,2.2454848,0.8324658,0.0
2019-08-14,CTD7,4176724,690397,0.1331,0.1081,0.0903,0.0526,0.0451,0.04,0.0403,0.0339,0.035,0.0083,0.0007,0.0214,0.0149,0.023227625,0.035480954,0.05191225,0.013840558,0.009967345,0.0026012408,0.002476041,0.0009528489,0.023096884,0.03533045,0.05218835,0.013800362,0.009780236,0.0024997937,0.27576652,0.09330813,0.31714514,4.7705183,1.5874541,0.0
2019-08-14,CTD8,4174178,693048,0.1342,0.1111,0.1,0.0571,0.0473,0.0404,0.039,0.0348,0.0345,0.0088,0.0008,0.0215,0.0155,0.011400386,0.023634868,0.044390608,0.0137126995,0.009544073,0.0025270176,0.0024357666,0.0009503373,0.011237184,0.02382027,0.044187434,0.013653141,0.009777005,0.0024628246,0.1538328,0.13165033,0.7965943,4.3522916,1.724289,0.0
2019-08-14,CTD9,4171106,693183,0.1338,0.1105,0.0946,0.0646,0.0554,0.044,0.0434,0.0377,0.038,0.0095,0.0006,0.0258,0.0193,0.015939383,0.026674915,0.05292837,0.023088388,0.021436,0.006012877,0.0058618817,0.002236615,0.015758205,0.02648705,0.053500332,0.023307966,0.02024786,0.0061640735,0.57452303,0.28799313,1.2337822,9.231748,4.1915736,0.0
2019-08-14,CTD10,4170388,695646,0.1289,0.1011,0.0808,0.0508,0.0437,0.0385,0.0377,0.0329,0.0322,0.0083,0.0005,0.0209,0.0158,0.01239448,0.021161538,0.034968577,0.012093774,0.009161676,0.0025195868,0.002441827,0.00095991656,0.012249569,0.021140674,0.03507094,0.012039851,0.009123032,0.0024720232,0.26071113,0.19195507,0.69465303,4.1238785,1.8663425,0.0
2019-08-14,CTD11,4169609,700351,0.1308,0.1012,0.0819,0.0534,0.0474,0.0429,0.0409,0.0335,0.0389,0.0095,0.0005,0.0253,0.0201,0.0031298297,0.009456199,0.018904947,0.0037136353,0.0021965771,0.0005506886,0.0005326351,0.00020799013,0.0031044793,0.009926241,0.019032458,0.0036212676,0.0022764783,0.0005396762,2.6937876e-05,0.112792246,1.3607608,0.8885477,0.28544044,-1.435e-42
2019-08-14,CTD12,4173438,695414,0.1282,0.1006,0.0799,0.0479,0.0405,0.0355,0.0334,0.0299,0.0304,0.0081,0.0006,0.0177,0.0132,0.0042551174,0.011613835,0.023285728,0.0053047244,0.0034016378,0.0008554608,0.0008327985,0.0003242952,0.0042083855,0.011983866,0.023349918,0.005273667,0.0034906736,0.0008556529,0.0007063345,0.06611931,0.76847845,1.5600073,0.5156659,0.0
2019-09-18,CTD1,4187246,695025,0.1396,0.1063,0.0913,0.0627,0.063,0.047,0.0472,0.0388,0.0392,0.009,0.001,0.0188,0.0118,0.009516633,0.01680919,0.037302088,0.023895182,0.030694809,0.009833499,0.009777397,0.003643907,0.009446899,0.016183777,0.038248487,0.025901984,0.027966933,0.010425453,1.2431469,0.56612885,3.0342581,14.711933,7.7444234,-1.1e-44
2019-09-18,CTD2,4181518,693105,0.1325,0.0994,0.0873,0.0551,0.055,0.0388,0.0388,0.0339,0.0308,0.0084,0.0011,0.0138,0.0092,0.007853151,0.015000317,0.037518412,0.022546332,0.02748595,0.008537366,0.008485773,0.003167662,0.007810325,0.014549797,0.03836293,0.023763089,0.024267316,0.009144334,1.2391196,0.39707336,3.5463755,13.430536,6.9534817,0.0
2019-09-18,CTD3,4181698,695238,0.1253,0.0972,0.0891,0.072,0.0581,0.0406,0.0356,0.0418,0.0295,0.0082,0.0063,0.0225,0.0093,0.00088150264,0.0027351954,0.012430694,0.0114700645,0.009984637,0.002941537,0.0028648372,0.001115035,0.00093278097,0.0028861023,0.013014128,0.011447889,0.009959268,0.0031751734,0.19258298,0.40855348,13.473583,3.9138362,1.488345,0.0
2019-09-18,CTD4,4180266,698264,0.1331,0.0997,0.0799,0.0559,0.055,0.0422,0.0416,0.0329,0.0366,0.0123,0.0029,0.0211,0.0138,0.0041005816,0.0090424875,0.024926344,0.015426348,0.01933855,0.005837938,0.0057707764,0.0021722997,0.0040943427,0.008769715,0.025779052,0.016459662,0.017273214,0.0063806376,1.0757873,0.27116325,4.984473,9.771432,4.199401,-1.1e-44
2019-09-18,CTD5,4179450,700268,0.2188,0.1644,0.1503,0.1358,0.1378,0.1373,0.1411,0.1095,0.1373,0.086,0.0349,0.1406,0.1218,0.0,0.0,0.0,0.0,0.0,0.0,0.0,0.0,0.0,0.0,0.0,0.0,0.0,0.0,0.0,0.0,0.0,0.0,0.0,0.0
2019-09-18,CTD6,4176009,695829,0.131,0.0971,0.0757,0.0494,0.0488,0.0353,0.0343,0.028,0.0284,0.0082,0.001,0.0122,0.0081,0.0058598407,0.009611608,0.022542719,0.012252162,0.017635724,0.0053405655,0.0053598788,0.0020710572,0.005887636,0.009197786,0.02294498,0.013246336,0.015426545,0.0057210033,1.6633534,0.2826096,1.861212,7.7471952,6.3027315,0.0
2019-09-18,CTD7,4176724,690397,0.1325,0.0984,0.0814,0.0541,0.0551,0.0397,0.0394,0.0315,0.0309,0.0081,0.0009,0.0132,0.0075,0.0064432947,0.011983158,0.029230973,0.018514529,0.024277225,0.008021198,0.007992433,0.0030228388,0.006438126,0.011555402,0.029776243,0.019840514,0.021351488,0.008552868,1.519925,0.5056025,3.8175511,12.204039,6.9989185,0.0
2019-09-18,CTD8,4174178,693048,0.1399,0.1065,0.0867,0.0615,0.0607,0.0465,0.0477,0.0405,0.0427,0.0159,0.0045,0.0258,0.0185,0.009048782,0.013899019,0.029494734,0.018866831,0.02379703,0.00792347,0.007937581,0.0031207749,0.009019261,0.01327863,0.030361447,0.019861596,0.021284977,0.008240916,1.4893452,0.6039894,1.7541256,11.646524,8.819688,-1.1e-44
2019-09-18,CTD9,4171106,693183,0.1335,0.0998,0.0853,0.0568,0.0566,0.0406,0.0407,0.0332,0.0331,0.0089,0.0012,0.0163,0.0097,0.0056340285,0.011886404,0.033135183,0.020880343,0.02503685,0.0072117383,0.0071337842,0.002643668,0.005618454,0.0116178,0.03416971,0.021995211,0.022124842,0.007907447,1.0550675,0.3143947,4.75718,12.66619,5.2642536,0.0
2019-09-18,CTD10,4170388,695646,0.1324,0.0983,0.0791,0.0514,0.0502,0.0379,0.0371,0.0299,0.0302,0.0079,0.0007,0.0132,0.0084,0.0046521123,0.010276805,0.02778124,0.01587023,0.020168502,0.00577252,0.005718908,0.00214244,0.0046399077,0.010106822,0.028673714,0.0168967,0.01802437,0.006230761,0.985972,0.29593152,4.79245,10.396373,4.1941814,0.0
2019-09-18,CTD11,4169609,700351,0.1338,0.1019,0.0815,0.0532,0.0516,0.04,0.0391,0.0321,0.0318,0.0083,0.0009,0.0151,0.0096,0.009692929,0.01602895,0.03252325,0.016766448,0.020495715,0.006247686,0.0062042805,0.002347757,0.009605914,0.015515936,0.033069164,0.017706072,0.018029379,0.006584714,1.2478588,0.35372132,1.6643007,10.326566,4.585584,0.0
2019-09-18,CTD12,4173438,695414,0.172,0.1443,0.1192,0.0977,0.0974,0.0871,0.0888,0.0839,0.0825,0.0427,0.0215,0.0805,0.0554,0.017237552,0.026595807,0.04611755,0.03047277,0.03465731,0.01446688,0.014511747,0.005960536,0.016909745,0.025861897,0.047367323,0.033512123,0.036662165,0.014471069,0.92594886,1.4105333,1.5334896,14.363199,17.00811,-1.1e-44
2019-09-28,CTD1,4187246,695025,0.1403,0.1114,0.0977,0.0571,0.0451,0.0314,0.0311,0.0241,0.0243,0.0067,0.0008,0.0077,0.0045,0.023187844,0.03650882,0.06762909,0.03388552,0.030046077,0.008657224,0.008320981,0.003161374,0.022973983,0.03668832,0.06861038,0.034038704,0.029926836,0.008804738,0.58120596,0.33345264,0.7577864,9.699764,7.4855447,0.0
2019-09-28,CTD2,4181518,693105,0.1324,0.0944,0.0652,0.0393,0.0329,0.029,0.0279,0.022,0.0223,0.0071,0.001,0.0077,0.0048,0.013256484,0.01675852,0.01861835,0.008302819,0.0065994943,0.0020157425,0.0019773836,0.00080345845,0.013116394,0.016696366,0.018432386,0.008120044,0.0064882217,0.0019938247,0.23738812,0.5096506,0.2215722,3.5923126,1.8761204,0.0
2019-09-28,CTD3,4181698,695238,0.1391,0.1015,0.0724,0.0464,0.0386,0.0328,0.0325,0.0259,0.0267,0.0082,0.0009,0.0114,0.0067,0.0169747,0.021918958,0.027416669,0.012452905,0.010713597,0.003350832,0.0032511433,0.001310447,0.016600635,0.021854032,0.027325856,0.012203642,0.010453797,0.0032035909,0.27090028,0.5736149,0.29713145,5.86828,2.581012,0.0
2019-09-28,CTD4,4180266,698264,0.1322,0.0953,0.0661,0.0402,0.0323,0.0283,0.0264,0.0208,0.0206,0.0066,0.001,0.0063,0.0031,0.0075906515,0.012365269,0.016189594,0.006457388,0.0042806934,0.0011763927,0.0011523424,0.00047690625,0.007619399,0.012341179,0.016033437,0.006363093,0.004517417,0.001166493,0.08890086,0.27341244,0.3939306,1.7482928,1.3733282,0.0
2019-09-28,CTD5,4179450,700268,0.1369,0.1004,0.0721,0.0409,0.0342,0.029,0.0279,0.0227,0.0223,0.0065,0.0009,0.0069,0.0039,0.016000379,0.021760754,0.029494734,0.011020268,0.008603888,0.0023847634,0.0022810213,0.0008971927,0.015766134,0.02162561,0.029611858,0.01092011,0.0083072325,0.0023239157,0.30170873,0.26044753,0.2607673,4.2748966,1.7378985,0.0
2019-09-28,CTD6,4176009,695829,0.1368,0.0999,0.0708,0.0446,0.0363,0.0315,0.0301,0.0244,0.0237,0.0071,0.0008,0.0073,0.0037,0.00970439,0.013894995,0.018688068,0.008577114,0.006854369,0.0021267235,0.0020970243,0.0008600843,0.009683447,0.013846472,0.018502811,0.008444973,0.0068678595,0.002078814,0.20178755,0.5048915,0.4415642,3.1566403,2.3461123,0.0
2019-09-28,CTD7,4176724,690397,0.1389,0.1018,0.0745,0.0471,0.0383,0.0327,0.0307,0.0249,0.025,0.007,0.0009,0.0083,0.0042,0.0054902085,0.010667447,0.020169556,0.008268723,0.0059838137,0.0017351225,0.0017073697,0.0006905867,0.0054712524,0.010668993,0.02050696,0.008192815,0.006111568,0.0017257058,0.12870416,0.31308827,1.0859718,2.4782639,1.7805153,0.0
2019-09-28,CTD8,4174178,693048,0.1411,0.1053,0.0788,0.0496,0.0408,0.0343,0.0333,0.0262,0.0261,0.0071,0.0008,0.0113,0.0067,0.0184142,0.024424313,0.033876292,0.016699994,0.015028675,0.0047537205,0.0046309857,0.001841266,0.017939825,0.024259845,0.034064226,0.016562339,0.014380044,0.004630781,0.46900052,0.5836585,0.43581113,7.563952,4.1759596,0.0
2019-09-28,CTD9,4171106,693183,0.1442,0.1101,0.0926,0.0651,0.0531,0.0386,0.0376,0.0301,0.0311,0.0094,0.0008,0.0124,0.0085,0.006347711,0.01500883,0.039762363,0.028203784,0.027665054,0.008453185,0.008317182,0.0031223276,0.0062828446,0.015031146,0.041005235,0.028406864,0.027005939,0.00919808,0.54577446,0.6479906,5.4106274,14.409294,5.864242,0.0
2019-09-28,CTD10,4170388,695646,0.1392,0.1058,0.0775,0.0515,0.0419,0.0367,0.0343,0.0292,0.028,0.0072,0.0007,0.0112,0.0052,0.010938243,0.015758423,0.022043506,0.009682506,0.0076274625,0.0023007456,0.002251706,0.00091731036,0.010864434,0.015696362,0.021839164,0.009569312,0.0075759105,0.0022370475,0.21687123,0.43969145,0.46296683,3.60813,2.2494807,0.0
2019-09-28,CTD11,4169609,700351,0.1338,0.0983,0.0705,0.0439,0.0365,0.0311,0.0296,0.0242,0.0231,0.0065,0.001,0.0078,0.0044,0.012013858,0.016095968,0.02139659,0.010957406,0.009589792,0.0029386615,0.0028705169,0.0011569147,0.011871212,0.01596327,0.021197243,0.0106955785,0.009467541,0.0028394295,0.2732334,0.52028006,0.437447,4.785167,2.6550233,0.0
2019-09-28,CTD12,4173438,695414,0.1407,0.1028,0.0739,0.0468,0.0388,0.0329,0.0324,0.0253,0.0259,0.0077,0.0008,0.0096,0.0055,0.020609224,0.02396158,0.028193563,0.015048065,0.014533188,0.00484989,0.0046691927,0.0018642719,0.019861627,0.023837993,0.027997632,0.014673921,0.013585947,0.004702307,0.4469257,0.88711655,0.2665645,11.049227,2.91331,0.0
2019-10-03,CTD1,4187246,695025,0.1329,0.1101,0.1103,0.0737,0.0657,0.0356,0.0347,0.0278,0.0254,0.0093,0.0019,0.0106,0.0079,0.015238484,0.028564112,0.05962603,0.042525634,0.044956174,0.016882721,0.016820133,0.006683217,0.015009199,0.028322216,0.061744556,0.04433335,0.046086784,0.01713657,0.7401657,0.94833905,2.7112238,14.8849745,20.105492,0.0
2019-10-03,CTD2,4181518,693105,0.1187,0.0856,0.0612,0.036,0.0298,0.0249,0.0231,0.0189,0.019,0.008,0.0015,0.0063,0.0047,0.004243898,0.009382232,0.0195419,0.0067532477,0.004940275,0.0013286247,0.001284992,0.0005069216,0.0042215423,0.009447768,0.019661717,0.0067502884,0.0049805995,0.001334027,0.16476117,0.17728545,1.095992,2.1881387,1.0886916,0.0
2019-10-03,CTD3,4181698,695238,0.1183,0.0854,0.0602,0.0352,0.0299,0.0247,0.0226,0.0184,0.0169,0.0075,0.0016,0.0068,0.0048,0.0041937577,0.00815829,0.016060889,0.006803416,0.004896855,0.0013748163,0.0013374939,0.00053134374,0.004188726,0.008191886,0.016152957,0.00681683,0.005055723,0.0013674034,0.14914054,0.2572511,1.2270585,2.0521398,1.1656113,0.0
2019-10-03,CTD4,4180266,698264,0.1144,0.0811,0.0579,0.0346,0.0286,0.0236,0.0212,0.0175,0.017,0.0073,0.0017,0.0065,0.0048,0.0016790443,0.0045095915,0.013702368,0.007531175,0.0060716122,0.0017072291,0.0016646102,0.00065000384,0.0016844823,0.004572609,0.014162022,0.007600636,0.006003219,0.0017610458,0.2633121,0.31497723,4.2303843,2.8934975,1.0966622,0.0
2019-10-03,CTD5,4179450,700268,0.1095,0.0769,0.0522,0.0279,0.0234,0.0201,0.0179,0.0153,0.0143,0.0068,0.0018,0.0049,0.004,0.0016149137,0.0047952565,0.011090346,0.0022309846,0.0013075038,0.0003186106,0.000303578,0.00011891446,0.0016348109,0.0049721976,0.011181945,0.0021012255,0.0013136955,0.00031065583,3.2015512e-05,0.16037048,1.3999896,0.70061517,0.15919472,0.0
2019-10-03,CTD6,4176009,695829,0.1156,0.0812,0.058,0.0327,0.0275,0.0218,0.0197,0.0156,0.0152,0.0068,0.0013,0.0045,0.0033,0.0018119339,0.0046479525,0.0130154705,0.0069077318,0.0057761567,0.001678142,0.001642414,0.00064557197,0.0018145834,0.0046811774,0.013391151,0.007001064,0.0057293773,0.0017392222,0.21139881,0.38251877,5.219729,2.671469,1.1795908,0.0
2019-10-03,CTD7,4176724,690397,0.119,0.0863,0.0646,0.0371,0.0312,0.0257,0.0235,0.0186,0.0179,0.0074,0.0012,0.0053,0.0042,0.0038621242,0.009578558,0.021804485,0.008605385,0.005819677,0.0015806368,0.0015252258,0.0005975577,0.0038237274,0.009727582,0.022207322,0.008545424,0.006024753,0.001607616,0.082714446,0.23634274,1.8816637,2.9605825,1.0937572,0.0
2019-10-03,CTD8,4174178,693048,0.1157,0.0819,0.0576,0.0327,0.0269,0.0218,0.0194,0.0159,0.015,0.0062,0.001,0.0043,0.0034,0.0014056778,0.0039593605,0.011891255,0.005210347,0.0038317868,0.0010688136,0.0010324129,0.0004117413,0.0014228798,0.00404337,0.012041092,0.0051706783,0.0038492717,0.0010653725,0.0060069556,0.24432248,4.1711965,1.6678652,0.8346827,0.0
2019-10-03,CTD9,4171106,693183,0.1169,0.0868,0.0751,0.0471,0.0405,0.0248,0.0233,0.0182,0.0174,0.0067,0.0011,0.0068,0.0048,0.003544095,0.010456126,0.036498472,0.027829228,0.024688298,0.0067923423,0.006604785,0.0024490277,0.0035345699,0.0109567065,0.038248487,0.027209297,0.024249474,0.007628231,0.33263808,0.5079798,9.573542,10.90862,3.8941355,0.0
2019-10-03,CTD10,4170388,695646,0.1145,0.0801,0.0552,0.0323,0.0274,0.0221,0.0191,0.0158,0.0142,0.0062,0.0012,0.0048,0.0028,0.0008847478,0.002611915,0.008715674,0.0062230923,0.0051201372,0.0014998879,0.0014615068,0.00057690515,0.0009275465,0.0026894133,0.008856306,0.006181314,0.005083462,0.0015388678,0.16979662,0.3303729,7.4320717,2.1047246,1.0026971,0.0
2019-10-03,CTD11,4169609,700351,0.1126,0.0798,0.0543,0.0308,0.025,0.02,0.0181,0.0142,0.0129,0.0062,0.0012,0.0043,0.003,0.0064351116,0.01037576,0.016644247,0.008385218,0.0068332683,0.0022295013,0.002187648,0.0008887062,0.006447945,0.010305929,0.016580254,0.008323563,0.0068654437,0.0021900972,0.26540992,0.54501694,0.9334497,3.587805,2.0728402,0.0
2019-10-03,CTD12,4173438,695414,0.1146,0.0797,0.0543,0.0305,0.0251,0.0211,0.0186,0.0148,0.0137,0.0061,0.0012,0.0042,0.0026,0.002226262,0.0056689666,0.01283153,0.005045285,0.0034600804,0.0009562824,0.0009291689,0.00037736256,0.0022236162,0.005745616,0.012954395,0.0050171157,0.0035792154,0.0009504849,0.020426141,0.21289316,1.9366081,1.5126075,0.86461735,0.0
2019-11-27,CTD1,4187246,695025,0.1333,0.0958,0.0648,0.0341,0.0284,0.024,0.0218,0.0164,0.0163,0.0063,0.0011,0.0043,0.0023,0.0035641612,0.008056742,0.014538668,0.0047295303,0.0030587956,0.00083415676,0.00080944056,0.00032895533,0.0035555735,0.0081358,0.014555532,0.004678649,0.0032060968,0.00081991707,0.016366135,0.1861473,0.7677611,1.209828,0.86691946,0.0
2019-11-27,CTD2,4181518,693105,0.1341,0.0971,0.0728,0.04,0.0326,0.0237,0.0232,0.0172,0.0167,0.0072,0.0017,0.004,0.003,0.012114984,0.019751556,0.036138125,0.015978228,0.017029835,0.004854514,0.0047533633,0.0018157054,0.011907023,0.019361677,0.036610387,0.016417786,0.015241881,0.004929591,0.6906827,0.3198262,1.0617839,6.9832163,4.1217294,0.0
2019-11-27,CTD3,4181698,695238,0.134,0.0973,0.0739,0.0401,0.033,0.0242,0.0212,0.0174,0.0152,0.0072,0.0028,0.0039,0.0029,0.0033449982,0.010003209,0.027218575,0.010389896,0.0072293016,0.0019619614,0.0018945105,0.0007322031,0.003298405,0.010451126,0.02743965,0.010189294,0.0073044403,0.002013044,0.003599967,0.28561637,3.7176356,3.2192051,1.1003041,0.0
2019-11-27,CTD4,4180266,698264,0.1346,0.097,0.0712,0.038,0.0307,0.0243,0.0229,0.0171,0.0168,0.0079,0.0023,0.0052,0.0032,0.00920176,0.017477443,0.031524744,0.012625971,0.0099759875,0.00283972,0.0027864582,0.0011010219,0.0090771075,0.017473314,0.031675674,0.012589922,0.009900394,0.0028157246,0.26226887,0.32101348,1.0328547,3.9876945,2.7697978,0.0
2019-11-27,CTD5,4179450,700268,0.1387,0.1017,0.0704,0.0333,0.0266,0.0237,0.0216,0.0171,0.0167,0.0089,0.0032,0.0052,0.0038,0.0058110524,0.013246671,0.016449688,0.0021840022,0.001350184,0.00034257828,0.00033099606,0.00013008625,0.0057233223,0.013540469,0.016484436,0.0021353494,0.0013824115,0.0003386267,0.02432288,0.024774697,0.33004338,0.62298054,0.28248766,0.0
2019-11-27,CTD6,4176009,695829,0.1364,0.0984,0.0733,0.0441,0.038,0.0288,0.027,0.0214,0.0214,0.0112,0.0049,0.0082,0.0054,0.002711477,0.0080283,0.028414762,0.017197454,0.01677183,0.004555758,0.0044572223,0.001654571,0.0027056476,0.008217498,0.0294052,0.017447975,0.015558076,0.005010808,0.49020386,0.30130562,7.5629725,6.96264,2.8144789,0.0
2019-11-27,CTD7,4176724,690397,0.1337,0.0966,0.0706,0.0408,0.0352,0.0279,0.0273,0.0209,0.0208,0.0097,0.0035,0.0065,0.0048,0.008817781,0.014081014,0.025978291,0.013674005,0.013730125,0.0041766604,0.00411777,0.0016036762,0.00874989,0.013706704,0.02635768,0.014031698,0.012851473,0.0042836294,0.87252426,0.39911878,1.3430427,6.844354,3.5777862,0.0
2019-11-27,CTD8,4174178,693048,0.1345,0.0983,0.072,0.0431,0.0357,0.0281,0.0266,0.0224,0.0201,0.0103,0.0047,0.008,0.0051,0.0050174915,0.010918893,0.028432515,0.01555644,0.014959665,0.004456476,0.004327232,0.0016408503,0.004976316,0.010920384,0.028732726,0.015667604,0.014418859,0.004742217,0.39862835,0.5994741,3.0010793,7.697653,3.0852883,0.0
2019-11-27,CTD9,4171106,693183,0.1377,0.1035,0.0814,0.0493,0.042,0.0317,0.0317,0.026,0.0241,0.0128,0.006,0.0122,0.0086,0.008480132,0.01655233,0.036212113,0.021165332,0.02029068,0.0065726116,0.0064455085,0.0025081483,0.008368207,0.01643858,0.036812432,0.021383118,0.019958641,0.006739986,0.59730464,0.38412833,2.520322,10.274476,5.6554446,0.0
2019-11-27,CTD10,4170388,695646,0.1369,0.1005,0.074,0.0453,0.0373,0.0285,0.0287,0.0223,0.0217,0.011,0.005,0.0087,0.0064,0.012250759,0.020190572,0.03535198,0.020727048,0.020438127,0.0067329057,0.006589318,0.0025842243,0.012041208,0.019949833,0.035809997,0.021009913,0.019846836,0.0067850514,0.7528899,0.57685333,1.2054398,9.944181,6.0982356,0.0
2019-11-27,CTD11,4169609,700351,0.1378,0.106,0.0854,0.0472,0.0384,0.0278,0.0245,0.0223,0.0199,0.0102,0.0051,0.0077,0.0059,0.0072083855,0.01776789,0.039942954,0.014767004,0.010635317,0.002757498,0.0026741142,0.0010367925,0.0070706187,0.017932452,0.03998975,0.014759985,0.010942441,0.002768804,0.06542477,0.21843502,1.7719753,4.9945965,2.0407293,0.0
2019-11-27,CTD12,4173438,695414,0.1378,0.1028,0.0774,0.0464,0.0402,0.0309,0.0288,0.0241,0.0221,0.012,0.0059,0.0098,0.007,0.0035665294,0.010799199,0.033045843,0.018391168,0.0151929185,0.0041766604,0.0040540434,0.0015237535,0.0035224678,0.0112071065,0.033474077,0.018105417,0.014974372,0.0044723884,0.1424033,0.40117502,4.191919,6.9503202,2.308489,0.0
2020-02-20,CTD1,4187246,695025,0.1307,0.0956,0.0668,0.036,0.031,0.0248,0.0234,0.0182,0.0187,0.0079,0.001,0.0056,0.0041,0.008785925,0.0140525885,0.021100033,0.007305265,0.005748169,0.0016398729,0.0016205184,0.0006558464,0.008760126,0.013818428,0.021078663,0.0073015695,0.005700555,0.0016485103,0.23722978,0.19637589,0.446557,2.0695274,1.786351,0.0
2020-02-20,CTD2,4181518,693105,0.1281,0.092,0.0647,0.0336,0.0276,0.0235,0.0208,0.0171,0.0152,0.0071,0.0006,0.0038,0.0023,0.007120964,0.012984643,0.019456388,0.005076199,0.0034631058,0.000987567,0.00096748554,0.00039162207,0.007100533,0.012929543,0.019341832,0.005034546,0.003619554,0.00097783,0.08114774,0.18368284,0.6354812,1.2628888,1.0622978,0.0
2020-02-20,CTD3,4181698,695238,0.1267,0.0902,0.0633,0.0341,0.0275,0.0234,0.0203,0.0163,0.015,0.0071,0.0009,0.0039,0.0029,0.001686045,0.005564299,0.014360787,0.003673909,0.0023181129,0.00058800046,0.00056474475,0.00022410112,0.0017060376,0.0058357376,0.014484533,0.0035633831,0.0023345049,0.00058086193,2.6865195e-05,0.28053775,2.349857,0.94760025,0.33821142,-1.435e-42
2020-02-20,CTD4,4180266,698264,0.1274,0.0921,0.0653,0.0351,0.0285,0.0233,0.0209,0.0166,0.0166,0.0076,0.0008,0.0041,0.0033,0.003537039,0.008696588,0.01818602,0.0065806014,0.0044166828,0.00122839,0.0011998157,0.0004867,0.0035180775,0.008832492,0.018286416,0.00650755,0.0046200026,0.0012177214,0.020660995,0.22474317,1.2456306,1.8157824,1.3366532,0.0
2020-02-20,CTD5,4179450,700268,0.1324,0.0985,0.0713,0.0334,0.0272,0.0224,0.0187,0.0155,0.0147,0.0071,0.0009,0.0046,0.0029,0.0017927485,0.004725009,0.010022598,0.0021589343,0.0013090563,0.00032389862,0.0003089477,0.000121309604,0.0018018952,0.004818325,0.010086883,0.002079043,0.0013237592,0.00031452457,0.00053162064,0.038058035,1.0593444,0.62174225,0.20494513,0.0
2020-02-20,CTD6,4176009,695829,0.126,0.0892,0.0609,0.0334,0.0268,0.0227,0.0202,0.0165,0.0159,0.0072,0.0009,0.0034,0.0021,0.001959099,0.006348986,0.015888823,0.004065055,0.002550719,0.00065464445,0.00063081266,0.00025078672,0.0019670783,0.0066521973,0.016028259,0.0039539477,0.0025966163,0.00064671657,2.694619e-05,0.18417284,2.1753023,1.0045272,0.4365043,-1.435e-42
2020-02-20,CTD7,4176724,690397,0.1335,0.1035,0.0832,0.0432,0.0344,0.0249,0.0229,0.0178,0.0166,0.007,0.0007,0.0036,0.0021,0.013922864,0.024680883,0.043920208,0.016443094,0.012490891,0.0033737402,0.0032655988,0.0012658016,0.013727739,0.024752721,0.044096008,0.01640849,0.01242333,0.0033052457,0.27722362,0.21098508,0.7855238,5.1117387,2.8162801,0.0
2020-02-20,CTD8,4174178,693048,0.1289,0.093,0.0683,0.0366,0.0302,0.0239,0.0218,0.018,0.0163,0.0071,0.001,0.0043,0.0028,0.0070057996,0.014150224,0.027115656,0.010250406,0.0074946354,0.0020679466,0.0020241982,0.00080261065,0.0069499654,0.01427667,0.027204342,0.01022829,0.0076364926,0.0020590462,0.21585341,0.24476802,0.9265545,3.1307425,2.002562,0.0
2020-02-20,CTD9,4171106,693183,0.134,0.1041,0.0862,0.0526,0.0434,0.0283,0.0243,0.0202,0.0194,0.0086,0.0007,0.0064,0.0048,0.0035962607,0.013344004,0.044209313,0.021296741,0.013437289,0.0033786686,0.0032415404,0.0012316725,0.003516981,0.014528964,0.044727016,0.019961929,0.014170002,0.0035458195,2.9193594e-05,0.28326038,6.7773676,5.263263,1.3934096,0.0
2020-02-20,CTD10,4170388,695646,0.1295,0.0954,0.0708,0.038,0.0308,0.0254,0.0225,0.0185,0.0172,0.0078,0.001,0.0049,0.0027,0.0040093837,0.010912216,0.02366065,0.006341736,0.004218954,0.0011387704,0.0011144633,0.00044456596,0.003969714,0.01117008,0.023666492,0.0063069835,0.004392546,0.0011299886,0.016718807,0.20081872,1.6887901,1.7233298,1.0959352,0.0
2020-02-20,CTD11,4169609,700351,0.1295,0.0937,0.0685,0.0362,0.0296,0.024,0.0228,0.0178,0.0172,0.0074,0.0009,0.0058,0.0034,0.008796534,0.01658429,0.029449133,0.011437364,0.009034837,0.0026501727,0.0026021164,0.0010318822,0.008693768,0.016548693,0.029560091,0.011398126,0.009031668,0.0026348287,0.2744973,0.2600903,0.9369156,4.0175953,2.3309937,0.0
2020-02-20,CTD12,4173438,695414,0.1267,0.0909,0.0624,0.0335,0.0276,0.0228,0.0203,0.0161,0.0142,0.0071,0.001,0.0036,0.0031,0.0072241724,0.012048001,0.018360425,0.0073414305,0.0053821146,0.0015837402,0.001558143,0.0006368006,0.0072234743,0.012008846,0.018274784,0.007238146,0.005578483,0.0015584072,0.12361641,0.33252558,0.617558,2.1810691,1.7793504,0.0
2020-03-11,CTD1,4187246,695025,0.1268,0.0973,0.0758,0.039,0.0317,0.0233,0.0214,0.0175,0.0159,0.006,0.0008,0.0063,0.0038,0.012199717,0.02239763,0.037953626,0.012242205,0.0091536995,0.0025171149,0.0024503367,0.0009685688,0.012031352,0.0224348,0.038009953,0.012181207,0.009095546,0.0024784796,0.23112991,0.19289926,0.68560493,3.6058664,2.3159676,0.0
2020-03-11,CTD2,4181518,693105,0.1214,0.0907,0.0719,0.0373,0.0293,0.0214,0.0197,0.0156,0.0143,0.005,0.0008,0.0035,0.0024,0.0129954275,0.022220861,0.03800827,0.014909916,0.011472038,0.0031574266,0.0030641858,0.001195922,0.012814658,0.022247652,0.038196545,0.014863741,0.011357401,0.0030878119,0.27179548,0.25328562,0.8003179,4.7734447,2.6414196,0.0
2020-03-11,CTD3,4181698,695238,0.1176,0.0851,0.0623,0.0321,0.0262,0.0196,0.0173,0.0138,0.0128,0.0049,0.0006,0.0027,0.0017,0.004488428,0.011016087,0.024087181,0.008278937,0.006036874,0.0016174978,0.0015705754,0.0006186454,0.004441795,0.0112341,0.024324926,0.008307123,0.0060984762,0.0016222054,0.08858748,0.17333612,1.5611138,2.552597,1.2796127,0.0
2020-03-11,CTD4,4180266,698264,0.1181,0.0859,0.0638,0.0311,0.024,0.0187,0.0171,0.0134,0.0124,0.005,0.0007,0.003,0.0019,0.0086332485,0.0168138,0.029095236,0.009262508,0.0069577647,0.0019542596,0.001918236,0.0007706471,0.008539715,0.01682638,0.029139899,0.009235178,0.0069920206,0.00193937,0.16875507,0.18409108,0.7666863,2.612233,1.9882641,0.0
2020-03-11,CTD5,4179450,700268,0.1244,0.0957,0.0712,0.0305,0.0233,0.0182,0.0166,0.0128,0.012,0.0051,0.0006,0.003,0.0019,0.015084996,0.026864039,0.041303094,0.010436798,0.0071533825,0.0019039956,0.0018351075,0.00071729865,0.014963185,0.02689169,0.04136576,0.010438311,0.00729935,0.0018479408,0.16408545,0.09939496,0.45287892,3.1267757,1.5544094,0.0
2020-03-11,CTD6,4176009,695829,0.1171,0.0843,0.0651,0.0344,0.029,0.0196,0.0172,0.0142,0.0128,0.0049,0.0007,0.0019,0.0014,0.0040160227,0.010501352,0.023900315,0.010288268,0.009631533,0.002874679,0.0028295855,0.0011045089,0.003974675,0.010623822,0.024162618,0.0104614915,0.009147521,0.002954011,0.29584524,0.3607032,4.08127,4.847142,2.0917938,0.0
2020-03-11,CTD7,4176724,690397,0.122,0.0939,0.0811,0.0417,0.0328,0.0231,0.0204,0.0157,0.0141,0.0051,0.0007,0.0033,0.0019,0.009485616,0.020362644,0.04250449,0.015712619,0.011595705,0.0030558323,0.0029687576,0.0011563057,0.009324996,0.020501887,0.04256025,0.015645118,0.011814031,0.0030284768,0.16612042,0.22413395,1.3943231,5.046698,2.4656768,0.0
2020-03-11,CTD8,4174178,693048,0.1174,0.0853,0.0661,0.0354,0.0293,0.0204,0.0184,0.0145,0.0139,0.0056,0.0009,0.0026,0.0016,0.008344461,0.0149875535,0.031352565,0.01423654,0.013678033,0.0040537566,0.003987352,0.0015421608,0.008262792,0.014810074,0.03164844,0.014443364,0.012843522,0.004142521,0.5269907,0.37702787,1.5184848,6.527255,3.2296546,0.0
2020-03-11,CTD9,4171106,693183,0.1192,0.0954,0.0781,0.0453,0.0337,0.0208,0.0187,0.0155,0.0141,0.0056,0.0008,0.0045,0.003,0.01318102,0.025358282,0.049784,0.020399608,0.015403677,0.0040478967,0.0039025797,0.0014906833,0.013015256,0.02555876,0.049927995,0.020302225,0.015390394,0.0039927317,0.27613014,0.24757254,1.1526644,6.5622635,2.8054888,0.0
2020-03-11,CTD10,4170388,695646,0.1168,0.0854,0.0653,0.0331,0.0269,0.02,0.0179,0.0138,0.0134,0.005,0.0005,0.003,0.0023,0.0053185355,0.0128779,0.027894827,0.009875075,0.007072011,0.0018669233,0.0018124152,0.0007191922,0.0052506845,0.0131204175,0.028113594,0.009783948,0.0072359745,0.0018782261,0.115693375,0.19947441,1.4775717,3.008023,1.638298,0.0
2020-03-11,CTD11,4169609,700351,0.1172,0.0878,0.0687,0.037,0.0299,0.0215,0.0197,0.0155,0.015,0.0056,0.0007,0.0048,0.0032,0.01006782,0.018549874,0.038590744,0.0144558735,0.010390178,0.0028732726,0.0027989128,0.001099862,0.009936055,0.018589756,0.038791563,0.014156795,0.010518641,0.0028208639,0.19773647,0.22936977,1.0266852,4.6806,2.191908,0.0
2020-03-11,CTD12,4173438,695414,0.1169,0.0843,0.0636,0.0319,0.0254,0.0201,0.0169,0.0135,0.0117,0.005,0.0006,0.0025,0.0008,0.001561432,0.005118872,0.013567242,0.0038020823,0.0023912815,0.000611505,0.0005887183,0.00023382463,0.0015855274,0.0053661983,0.013719835,0.003693001,0.0024175514,0.00060339464,2.679733e-05,0.23915218,2.599619,0.9698491,0.34379444,-1.435e-42
2020-12-21,CTD1,4187246,695025,0.142,0.0998,0.0655,0.0351,0.0291,0.0228,0.0227,0.0169,0.0161,0.0053,0.0009,0.0035,0.0038,0.017774725,0.021760754,0.030064583,0.013958265,0.01408792,0.004367595,0.004258396,0.0016692692,0.017272763,0.02134368,0.030343853,0.013944616,0.01267343,0.004351177,0.681703,0.48175955,0.28024527,7.7924776,3.473355,0.0
2020-12-21,CTD2,4181518,693105,0.1407,0.0992,0.0621,0.0329,0.0266,0.0233,0.021,0.0153,0.0159,0.0054,0.0009,0.003,0.0017,0.0061858785,0.0101691615,0.01124318,0.002315403,0.0014978632,0.0004332727,0.0004204902,0.00017134623,0.0061554094,0.010218404,0.011271098,0.0022615332,0.0015783601,0.0004328154,0.036541592,0.1323255,0.27112696,0.604264,0.45867133,0.0
2020-12-21,CTD3,4181698,695238,0.1396,0.0976,0.0618,0.0324,0.0251,0.0225,0.0209,0.0148,0.0133,0.0044,0.0008,0.0029,0.0015,0.012567124,0.015806967,0.015723838,0.0037151156,0.0024669687,0.0007307174,0.00070781895,0.00028932907,0.012612897,0.015860552,0.015472758,0.0036339746,0.0026211496,0.00072137936,0.025906775,0.19831732,0.111263625,1.0152348,0.7380702,0.0
2020-12-21,CTD4,4180266,698264,0.1397,0.0981,0.0637,0.032,0.0253,0.0216,0.0196,0.0144,0.0136,0.0052,0.0009,0.0028,0.0013,0.015191152,0.019952234,0.025574721,0.010330496,0.00854021,0.002494973,0.00242369,0.0009685688,0.014959355,0.01987106,0.025524292,0.010205528,0.008202924,0.0024417776,0.1464912,0.3716184,0.31422204,4.177983,2.1961768,0.0
2020-12-21,CTD5,4179450,700268,0.1442,0.1061,0.072,0.0314,0.0259,0.02,0.0197,0.0143,0.0142,0.0044,0.0007,0.0024,0.0012,0.0214158,0.027769854,0.03606424,0.012600378,0.00995871,0.0027319484,0.0025585606,0.0009997291,0.02103715,0.02782136,0.036439262,0.012429749,0.009887349,0.0025818183,0.27251357,0.25421274,0.22297925,4.823447,1.7344865,0.0
2020-12-21,CTD6,4176009,695829,0.1387,0.0965,0.0613,0.0313,0.0245,0.0213,0.0192,0.0143,0.0125,0.0044,0.0008,0.0021,0.0014,0.007388244,0.010172315,0.011336632,0.0035070465,0.002558384,0.00077360513,0.0007575141,0.00031630968,0.007479412,0.010159381,0.011133939,0.0034298901,0.002643925,0.0007758236,0.07279791,0.2457737,0.34718418,0.94508994,0.9252638,0.0
2020-12-21,CTD7,4176724,690397,0.1395,0.0995,0.0629,0.0328,0.0266,0.0233,0.0212,0.0153,0.0139,0.0046,0.0008,0.0035,0.0008,0.01139715,0.014097276,0.015457578,0.005276656,0.0038351512,0.0011896059,0.0011568865,0.0004808991,0.011444563,0.014121252,0.015194187,0.0051421095,0.0039773677,0.001166493,0.060270254,0.3659481,0.18056864,1.7724454,1.208045,0.0
2020-12-21,CTD8,4174178,693048,0.1396,0.0974,0.0621,0.0326,0.0265,0.0212,0.0202,0.0148,0.0147,0.0053,0.0009,0.0028,0.001,0.0136712985,0.017955268,0.023415262,0.0102967005,0.009278079,0.0027146002,0.002663522,0.0010538832,0.013476565,0.017771984,0.023136068,0.010199032,0.008785697,0.0027175415,0.24937834,0.44196197,0.27934465,4.8116393,2.236403,0.0
2020-12-21,CTD9,4171106,693183,0.1401,0.1067,0.0745,0.0404,0.0318,0.0216,0.0204,0.015,0.0151,0.0051,0.0008,0.0021,0.0027,0.019070905,0.027373673,0.041592643,0.017534172,0.015173886,0.004586381,0.004414206,0.0017167868,0.018657198,0.027248625,0.04203769,0.017472215,0.014466399,0.004484202,0.42176268,0.35224357,0.4693048,7.124572,3.845693,0.0
2020-12-21,CTD10,4170388,695646,0.1375,0.0963,0.0619,0.0318,0.0252,0.0211,0.0201,0.0144,0.0146,0.005,0.0007,0.0024,0.0017,0.015508477,0.021140132,0.028343838,0.010859315,0.00906639,0.0026050715,0.0025345325,0.0010055488,0.015256198,0.021026028,0.028405132,0.010763226,0.008638396,0.0025618149,0.3264437,0.34736395,0.27425677,4.227495,2.317466,0.0
2020-12-21,CTD11,4169609,700351,0.1384,0.1019,0.0717,0.0333,0.0255,0.0202,0.0185,0.0137,0.0122,0.0043,0.0008,0.0021,0.0016,0.0051887636,0.011006,0.01649529,0.003575898,0.0022521487,0.0005754354,0.00055483996,0.00022005585,0.0051683467,0.011123106,0.016569583,0.0034904918,0.0022970932,0.0005683124,0.025501266,0.15003328,0.5596017,0.9338747,0.53658414,0.0
2020-12-21,CTD12,4173438,695414,0.1378,0.096,0.0611,0.031,0.0255,0.0207,0.0192,0.0144,0.0131,0.004,0.0007,0.0023,0.0013,0.011191477,0.014400629,0.01865635,0.008047154,0.0066637974,0.0019794023,0.0019480698,0.0007900014,0.011103616,0.014219255,0.018549891,0.007949759,0.006467545,0.0019611437,0.27251357,0.40683848,0.26914388,3.067836,1.9702079,0.0
2021-01-05,CTD1,4187246,695025,0.1383,0.0984,0.0681,0.0347,0.0305,0.025,0.0225,0.0175,0.0174,0.0085,0.001,0.0037,0.0031,0.004947534,0.010031233,0.016696079,0.005216726,0.003633828,0.0010823295,0.0010720886,0.00044641687,0.0049454905,0.010051428,0.01669267,0.005167099,0.0037768295,0.0010822782,0.12190671,0.22688955,0.6254288,1.278824,1.3980134,0.0
2021-01-05,CTD2,4181518,693105,0.1371,0.0974,0.0613,0.0337,0.0284,0.0245,0.0207,0.017,0.0161,0.0077,0.0009,0.003,0.0022,0.00084466435,0.0026032787,0.006409389,0.0011639202,0.0006340301,0.00015558426,0.00014520939,5.669888e-05,0.00091630657,0.0027230354,0.006415412,0.0011219746,0.0006635953,0.00014953017,5.927615e-05,0.038694687,0.90994996,0.29344878,0.072849035,-1.435e-42
2021-01-05,CTD3,4181698,695238,0.1397,0.1006,0.0638,0.034,0.0284,0.024,0.0208,0.0164,0.0148,0.0076,0.0012,0.0027,0.0025,0.0075063426,0.0111886915,0.013419033,0.0047218613,0.0034615928,0.001058538,0.0010446109,0.0004358836,0.0075853257,0.011156642,0.013164594,0.004623588,0.0035818913,0.0010491442,0.066886336,0.3326799,0.29836828,1.2299728,1.3226014,0.0
2021-01-05,CTD4,4180266,698264,0.1386,0.1,0.0647,0.0328,0.0275,0.0225,0.0201,0.0153,0.0148,0.0066,0.0012,0.0034,0.002,0.009381868,0.013465443,0.016155932,0.0052895914,0.004014387,0.0012018057,0.0011845463,0.0004867,0.009408836,0.013407082,0.015966235,0.005195798,0.0040609622,0.0011959228,0.10007263,0.26684603,0.29864386,1.4483948,1.3778673,0.0
2021-01-05,CTD5,4179450,700268,0.1429,0.1087,0.0744,0.0313,0.0256,0.0221,0.0195,0.0157,0.0133,0.0066,0.0009,0.0022,0.0013,0.007901675,0.0160602,0.017768297,0.002402626,0.0014538522,0.00037301314,0.00036134545,0.00014242456,0.00781265,0.016274435,0.017820386,0.0023547031,0.0015012176,0.00036665067,0.03494972,0.0050037187,0.23673148,0.66218704,0.34043324,-2.87e-42
2021-01-05,CTD6,4176009,695829,0.136,0.0976,0.0637,0.0327,0.0267,0.023,0.0201,0.0154,0.0143,0.0068,0.0009,0.0023,0.0014,0.004735249,0.009002538,0.0127950255,0.002956109,0.0019616347,0.0005439442,0.00053140346,0.00021545577,0.004755453,0.009026039,0.012882208,0.0029149065,0.0020349976,0.00053945853,0.05535522,0.11199736,0.39670077,0.73686695,0.46324134,0.0
2021-01-05,CTD7,4176724,690397,0.1378,0.099,0.0645,0.0329,0.0286,0.024,0.0212,0.0167,0.0151,0.0076,0.0012,0.0032,0.0021,0.009479986,0.0126476735,0.014174846,0.00498405,0.0037388122,0.0011498671,0.0011265737,0.00046975724,0.009531625,0.012632562,0.01393247,0.0048729363,0.0038278296,0.001140962,0.09010148,0.34351093,0.3479924,1.5651336,1.3130246,0.0
2021-01-05,CTD8,4174178,693048,0.136,0.0967,0.0615,0.033,0.0259,0.0229,0.0196,0.0162,0.0139,0.0077,0.0011,0.003,0.0012,0.0045838715,0.009388132,0.013442839,0.003498716,0.0022208788,0.00064318004,0.000620206,0.00025066177,0.0045810165,0.009383992,0.013207883,0.003439515,0.002384158,0.0006327022,0.012447578,0.11454503,0.60239184,0.9344943,0.6431888,0.0
2021-01-05,CTD9,4171106,693183,0.1382,0.1057,0.0773,0.041,0.0339,0.024,0.0209,0.0165,0.0158,0.0077,0.0009,0.0037,0.0021,0.0071522426,0.015270162,0.031668756,0.010661296,0.008029139,0.0021947047,0.002153083,0.00084925425,0.007059962,0.015328413,0.031766593,0.010594746,0.007964644,0.0022719689,0.2744973,0.25925875,1.12709,3.889498,2.1164057,0.0
2021-01-05,CTD10,4170388,695646,0.1357,0.0991,0.0673,0.0336,0.0283,0.0228,0.0199,0.0153,0.0145,0.0064,0.0009,0.0022,0.0015,0.0053810277,0.0102704475,0.016898973,0.0046666535,0.0033529948,0.0009567415,0.00094099547,0.0003846203,0.0053906655,0.010252712,0.016924974,0.0046203686,0.0034594713,0.00095434533,0.07187218,0.12997955,0.5976059,1.0783097,1.0879698,0.0
2021-01-05,CTD11,4169609,700351,0.1232,0.0859,0.0526,0.0274,0.0223,0.0196,0.0164,0.0131,0.0131,0.0064,0.001,0.0022,0.0009,0.0013852298,0.0044270265,0.0070910635,0.0010305074,0.0005168224,0.00012603,0.00011635626,4.4669712e-05,0.0014276438,0.004745478,0.0073398054,0.0009718298,0.0005425133,0.00012067937,2.7056212e-05,0.0053824093,1.1224505,0.27571955,0.05223301,-1.435e-42
2021-01-05,CTD12,4173438,695414,0.1343,0.0945,0.0609,0.0318,0.0256,0.022,0.0186,0.0146,0.0127,0.0062,0.0009,0.0021,0.0018,0.0019457681,0.0057067927,0.011886993,0.0026417298,0.001595078,0.0003988665,0.00038235035,0.00015014729,0.0019548784,0.0059028342,0.011993506,0.002569547,0.0016233163,0.00039037174,2.783752e-05,0.12239358,1.5130615,0.7393168,0.21446335,0.0
2021-04-20,CTD1,4187246,695025,0.1382,0.1058,0.079,0.0508,0.0466,0.0433,0.0417,0.0349,0.0327,0.0105,0.0007,0.0153,0.0104,0.01268199,0.015166956,0.01746638,0.0067754984,0.00551688,0.0016568609,0.0016205184,0.00065653725,0.012646931,0.015159842,0.017253911,0.006670751,0.0053860513,0.0016517446,0.2265364,0.37405136,0.12549508,2.8368738,1.4805245,0.0
2021-04-20,CTD2,4181518,693105,0.133,0.1001,0.0711,0.0467,0.04,0.0381,0.037,0.0318,0.0316,0.0098,0.0008,0.015,0.0103,0.008921949,0.014240162,0.015409104,0.00314796,0.00201913,0.0005688737,0.00055716827,0.00022476484,0.008943472,0.014280778,0.0153130125,0.0030998515,0.0021381779,0.0005632804,0.020035986,0.07232042,0.19251126,0.7223376,0.64532924,0.0
2021-04-20,CTD3,4181698,695238,0.1362,0.1012,0.0713,0.046,0.0407,0.0372,0.0369,0.0313,0.0328,0.0108,0.0008,0.0164,0.0124,0.017696781,0.021478789,0.02403256,0.009746287,0.0074716215,0.002218569,0.002122227,0.0008510497,0.017403262,0.021520292,0.023731675,0.009532383,0.007391433,0.0021245033,0.12870416,0.36120734,0.16891918,4.266963,1.282153,0.0
2021-04-20,CTD4,4180266,698264,0.1359,0.1011,0.0729,0.0419,0.0357,0.0319,0.0313,0.0253,0.0246,0.0094,0.0007,0.011,0.0072,0.027281418,0.03241819,0.037054367,0.012868939,0.009371391,0.0025961418,0.0024406137,0.00095637626,0.0266449,0.032583106,0.037106775,0.012716873,0.00919358,0.0024344926,0.18819237,0.27103886,0.16524789,5.2792788,1.339304,0.0
2021-04-20,CTD5,4179450,700268,0.1414,0.1145,0.0861,0.0406,0.0336,0.0318,0.0302,0.0241,0.0243,0.0083,0.0008,0.0099,0.0059,0.016373513,0.029031752,0.032572296,0.003946177,0.0022877827,0.0005986582,0.0005788881,0.000226769,0.016514724,0.029099224,0.03307854,0.0038907975,0.0024367145,0.0005961071,0.09634233,0.0050037187,0.13883895,1.2002736,0.4848709,-2.87e-42
2021-04-20,CTD6,4176009,695829,0.1281,0.0944,0.0651,0.0398,0.0343,0.0318,0.0292,0.0259,0.024,0.0085,0.0008,0.0119,0.0083,0.004500256,0.009867136,0.01179782,0.0018659801,0.001095561,0.00027422173,0.00026327232,0.00010306863,0.0044487263,0.010125345,0.011738857,0.0018128782,0.0011200043,0.00026775667,0.009058164,0.07796451,0.2900907,0.614772,0.17386152,-1.435e-42
2021-04-20,CTD7,4176724,690397,0.1324,0.1004,0.0739,0.0447,0.0387,0.0373,0.0358,0.0298,0.03,0.009,0.0009,0.0147,0.0094,0.0051921415,0.012383698,0.015828155,0.002333782,0.0013373717,0.00033750493,0.0003251755,0.00012719756,0.005120484,0.012759687,0.015889008,0.002278746,0.0013945822,0.0003270911,0.0008808932,0.005152116,0.26668674,0.5810873,0.23357636,0.0
2021-04-20,CTD8,4174178,693048,0.128,0.095,0.0675,0.0393,0.0338,0.0316,0.0304,0.0251,0.024,0.0084,0.0007,0.0099,0.0067,0.0073629767,0.014683578,0.016523845,0.0026518847,0.0015629533,0.0004044948,0.0003919794,0.00015458738,0.007299882,0.014899048,0.016532283,0.0026000834,0.0016390092,0.00039503162,0.042125482,0.0947492,0.2397648,0.63930666,0.36565593,0.0
2021-04-20,CTD9,4171106,693183,0.1295,0.104,0.0837,0.0494,0.041,0.0303,0.0301,0.0238,0.0242,0.0078,0.0006,0.0077,0.0037,0.024934968,0.037001785,0.061722945,0.02521713,0.024078535,0.007288292,0.0070217852,0.0026263678,0.024392964,0.03677712,0.062925786,0.025565075,0.022913577,0.007272664,0.63409156,0.38520524,0.58101374,10.460718,4.7553787,0.0
2021-04-20,CTD10,4170388,695646,0.1249,0.0902,0.0628,0.0352,0.0302,0.0283,0.0262,0.0211,0.0208,0.0076,0.0007,0.006,0.003,0.0028995113,0.0070728282,0.008290374,0.0009778605,0.00052274746,0.00013064167,0.00012305634,4.8294445e-05,0.0028839165,0.0072807027,0.00846275,0.00093228894,0.0005403346,0.00012506008,9.927425e-05,0.00636091,0.45245466,0.27769288,0.06764981,-1.435e-42
2021-04-20,CTD11,4169609,700351,0.1286,0.0979,0.072,0.0376,0.0311,0.0282,0.027,0.0208,0.021,0.0076,0.0007,0.0063,0.0034,0.01569282,0.023754945,0.028744536,0.0064335577,0.004399203,0.001184417,0.0011506432,0.00045178336,0.015623822,0.023678774,0.028851032,0.0063934918,0.004477634,0.0011730778,0.14230496,0.056834467,0.27337655,1.9330168,0.92772627,0.0
2021-04-20,CTD12,4173438,695414,0.1263,0.0933,0.0648,0.0376,0.0335,0.0308,0.0289,0.0239,0.0226,0.008,0.0006,0.0106,0.0064,0.0066172336,0.012153046,0.012184364,0.0026764376,0.0017607999,0.0005074303,0.0004968052,0.00020208646,0.006620956,0.0122283595,0.012196988,0.0026191345,0.0018548932,0.00050395215,0.03596861,0.075586244,0.25014368,0.6795485,0.5401535,0.0
2021-05-20,CTD1,4187246,695025,0.1294,0.1007,0.0782,0.0527,0.0473,0.0434,0.0407,0.0377,0.0373,0.0099,0.0006,0.0281,0.021,0.002339664,0.006840823,0.016139124,0.004768074,0.002922694,0.0007467096,0.00072594103,0.000284123,0.0023401936,0.0071443627,0.016362721,0.0047113295,0.0030625903,0.000738287,0.0001417957,0.19076075,1.5083303,1.2587278,0.4900322,0.0
2021-05-20,CTD2,4181518,693105,0.1408,0.1151,0.0892,0.0666,0.0603,0.0563,0.0567,0.053,0.0534,0.0136,0.0008,0.0422,0.0331,0.019333491,0.024030678,0.026252853,0.007919014,0.005429863,0.0015759933,0.0015079112,0.0006038688,0.018962063,0.024027558,0.026137542,0.00777997,0.005572441,0.0015034277,0.10893997,0.24111825,0.16951497,2.8879719,1.1328706,0.0
2021-05-20,CTD3,4181698,695238,0.1364,0.1103,0.0845,0.0599,0.0544,0.0512,0.0511,0.0474,0.0465,0.0123,0.0008,0.0357,0.0284,0.019662155,0.02406527,0.025887268,0.009458576,0.0069119628,0.0020316632,0.0019345393,0.0007784129,0.019319076,0.024092935,0.025724843,0.009265149,0.006938228,0.0019311669,0.13023262,0.24802446,0.17268151,3.8173182,1.296642,0.0
2021-05-20,CTD4,4180266,698264,0.1284,0.0985,0.072,0.0438,0.039,0.035,0.0351,0.0308,0.0303,0.0095,0.0007,0.022,0.0171,0.02372238,0.030080423,0.034793403,0.012811683,0.009660854,0.0026566777,0.002523228,0.0009887116,0.023244772,0.030082868,0.034681253,0.0126551995,0.009342217,0.0025381714,0.23392707,0.27848205,0.16011675,5.099292,1.3278539,0.0
2021-05-20,CTD5,4179450,700268,0.142,0.1231,0.103,0.0619,0.053,0.0515,0.0517,0.047,0.0464,0.012,0.0008,0.0367,0.029,0.012688976,0.022647597,0.02780742,0.00497797,0.002969904,0.0008138089,0.0007943876,0.00031454625,0.0126707945,0.022771923,0.027890282,0.004934241,0.0032193533,0.00079400913,0.06358485,0.026366085,0.23268086,1.1190264,0.76607174,0.0
2021-05-20,CTD6,4176009,695829,0.1365,0.1103,0.0843,0.062,0.0547,0.0528,0.0521,0.0485,0.048,0.0122,0.0008,0.0375,0.029,0.00592609,0.012520728,0.016678786,0.0030809017,0.0018336682,0.0004815811,0.0004670476,0.0001845758,0.0058912556,0.012729682,0.016660482,0.003039734,0.0019456751,0.0004707054,0.00578432,0.037494764,0.38251185,0.74919814,0.42457378,0.0
2021-05-20,CTD7,4176724,690397,0.1424,0.1206,0.1078,0.0742,0.0667,0.0608,0.0604,0.0553,0.0555,0.0133,0.0008,0.0438,0.0326,0.00960731,0.021231195,0.040545028,0.010398408,0.0072484035,0.0019105591,0.001855313,0.000726817,0.009468705,0.021398768,0.040387433,0.010388778,0.007365757,0.0018833161,0.11520955,0.11269839,0.92526704,3.1766977,1.3517426,0.0
2021-05-20,CTD8,4174178,693048,0.1357,0.1009,0.0755,0.0566,0.0558,0.0538,0.0527,0.0404,0.052,0.0131,0.0007,0.0429,0.0394,0.0033606,0.008858268,0.013225251,0.0025748217,0.0018050192,0.00047259138,0.0004582031,0.00018070701,0.0033272705,0.009206308,0.013329799,0.0024974444,0.0019168167,0.00046266898,0.41698956,0.32838702,0.61121726,0.73247766,0.41708148,0.0
2021-05-20,CTD9,4171106,693183,0.1478,0.1334,0.1144,0.0847,0.0754,0.0647,0.0649,0.0599,0.0615,0.0154,0.0008,0.0484,0.0381,0.022174139,0.034646485,0.057313178,0.019959724,0.016827324,0.0047559896,0.0045864084,0.0017674215,0.022031,0.034627113,0.057384674,0.019914364,0.016227078,0.0046672053,0.41593543,0.13025633,0.564085,7.5330515,2.7556412,0.0
2021-05-20,CTD10,4170388,695646,0.1383,0.1143,0.0902,0.0649,0.06,0.0577,0.0587,0.0543,0.0544,0.0136,0.0006,0.0421,0.033,0.019147668,0.02535235,0.02605295,0.006548229,0.0041819816,0.0011988891,0.0011500774,0.00045936252,0.019055413,0.025392631,0.02602802,0.0065009203,0.0044169356,0.0011520368,0.060832422,0.16058101,0.17018804,2.1446562,0.9764148,0.0
2021-05-20,CTD11,4169609,700351,0.1404,0.1112,0.0923,0.0625,0.0564,0.0538,0.0549,0.0457,0.0525,0.014,0.0009,0.0393,0.0333,0.0172035,0.026802959,0.03610645,0.009754288,0.0069363536,0.0019180881,0.0018701483,0.0007442737,0.01703855,0.026720552,0.036248673,0.0096870335,0.0069528637,0.0018862302,0.1806708,0.118245326,0.30960384,3.2498915,1.2144588,0.0
2021-05-20,CTD12,4173438,695414,0.1409,0.1144,0.0901,0.0662,0.0584,0.0569,0.0571,0.053,0.0527,0.0136,0.0007,0.042,0.0342,0.0070344415,0.014780191,0.023993604,0.0047237775,0.0027930238,0.00074145326,0.0007211056,0.00028426622,0.007000544,0.015108262,0.023964623,0.0046900627,0.0030203222,0.0007231406,0.014182794,0.04893871,0.37825218,1.1658691,0.6483379,0.0
2021-06-14,CTD1,4187246,695025,0.1454,0.1213,0.1063,0.088,0.0852,0.0855,0.0879,0.0809,0.0847,0.0231,0.0012,0.0668,0.049,0.0050717937,0.010382171,0.017859735,0.005376679,0.0038689652,0.0010580269,0.0010303945,0.0004119543,0.0050338265,0.01042258,0.01784885,0.005352626,0.0039376444,0.0010636529,0.048277773,0.11954281,0.6901145,1.5878835,1.0215095,0.0
2021-06-14,CTD2,4181518,693105,0.1489,0.1257,0.1048,0.0866,0.0824,0.0846,0.087,0.0787,0.0841,0.0231,0.0012,0.065,0.0502,0.003634671,0.008847036,0.012704176,0.0023162744,0.0013236505,0.00033266065,0.00031947417,0.00012495148,0.0036125854,0.009141157,0.012785145,0.0022607541,0.0013788835,0.00032192384,0.000103572034,0.018828873,0.53044367,0.53633255,0.20837758,0.0
2021-06-14,CTD3,4181698,695238,0.1491,0.1261,0.1046,0.0839,0.0792,0.079,0.0797,0.0728,0.0769,0.0219,0.0012,0.0582,0.0458,0.005222632,0.011519433,0.016172756,0.0029515116,0.0017348531,0.00045375866,0.0004388875,0.00017324004,0.0051843943,0.011760985,0.016173825,0.0029159246,0.0018438617,0.0004418845,0.0012067944,0.03390565,0.43255806,0.7066868,0.3801077,0.0
2021-06-14,CTD4,4180266,698264,0.1501,0.1273,0.1067,0.0873,0.0806,0.0801,0.0802,0.0732,0.0769,0.0225,0.0011,0.06,0.0471,0.00548488,0.0120588355,0.016055312,0.0027379002,0.0016286206,0.00041566146,0.0004013495,0.00015812779,0.005454371,0.012203002,0.016100895,0.0026949374,0.00169648,0.0004046933,0.005329411,0.015667632,0.46274984,0.74177486,0.3333762,0.0
2021-06-14,CTD5,4179450,700268,0.1525,0.1326,0.1139,0.0863,0.0795,0.0782,0.0793,0.0726,0.076,0.0215,0.0011,0.0586,0.046,0.011494505,0.021538252,0.027938608,0.0057308464,0.0033398557,0.0008891568,0.00086479395,0.00033970532,0.011460391,0.021708997,0.027989361,0.0057030623,0.0036494113,0.00086088205,0.05253715,0.049931668,0.29143086,1.3750087,0.7967238,0.0
2021-06-14,CTD6,4176009,695829,0.1485,0.1255,0.104,0.0851,0.079,0.0797,0.0789,0.0729,0.076,0.0219,0.0012,0.0589,0.0469,0.0027522545,0.0069650607,0.011283724,0.0019621586,0.0011416193,0.00028362157,0.0002710706,0.00010598158,0.002738307,0.0071646594,0.011364695,0.0019027621,0.0011691172,0.00027476606,0.00018142941,0.01350284,0.5203333,0.51104105,0.17038573,0.0
2021-06-14,CTD7,4176724,690397,0.1512,0.1326,0.1174,0.0905,0.0842,0.0841,0.0867,0.0792,0.084,0.023,0.0013,0.0624,0.0487,0.0106185,0.020990662,0.029095236,0.0056632194,0.0033311264,0.00090027216,0.0008765981,0.0003454858,0.0105695715,0.021211853,0.02909728,0.0056367503,0.0036385271,0.00087285176,0.03257381,0.04655036,0.33968198,1.3741033,0.79302394,0.0
2021-06-14,CTD8,4174178,693048,0.1489,0.1262,0.1079,0.0878,0.0818,0.0825,0.0846,0.0769,0.0817,0.0224,0.0011,0.0618,0.0478,0.0049169087,0.011222787,0.01624583,0.0031430286,0.0019518221,0.00050536974,0.0004893391,0.00019409493,0.0048798327,0.011503618,0.016257536,0.0030803964,0.0020152892,0.0004975097,0.00017956772,0.055862527,0.49694493,0.82599336,0.38717136,0.0
2021-06-14,CTD9,4171106,693183,0.1524,0.135,0.1228,0.1007,0.0952,0.0928,0.0967,0.0883,0.0944,0.0254,0.0011,0.0721,0.0538,0.022232616,0.03375811,0.05169976,0.015825955,0.0115857655,0.0029631904,0.0028239845,0.0010763471,0.022050248,0.033687115,0.05193574,0.01588918,0.011357401,0.0028518625,0.31232598,0.11598943,0.39855868,5.615745,1.4420171,0.0
2021-06-14,CTD10,4170388,695646,0.1491,0.1282,0.111,0.0901,0.0848,0.0859,0.089,0.0808,0.086,0.0234,0.0011,0.0668,0.0519,0.00900815,0.017739179,0.02291556,0.004536196,0.0026466332,0.0007100831,0.0006872413,0.00027100265,0.0089538945,0.017927574,0.02288861,0.004531089,0.0028914856,0.00068844616,0.009635506,0.052921098,0.40989557,1.1116464,0.62465906,0.0
2021-06-14,CTD11,4169609,700351,0.1527,0.1297,0.1142,0.0917,0.0869,0.0879,0.0895,0.0778,0.0877,0.0241,0.001,0.0682,0.0538,0.0025928437,0.007068212,0.012298171,0.0020934541,0.0011964919,0.00029462986,0.00028103127,0.0001098708,0.0025831184,0.0073497863,0.012461086,0.0020167637,0.0012224172,0.00028327983,3.0542396e-05,0.08319536,0.72317946,0.5503622,0.14217478,-1.435e-42
2021-06-14,CTD12,4173438,695414,0.1482,0.1257,0.1057,0.0875,0.0809,0.0817,0.083,0.0746,0.0797,0.0228,0.0012,0.0615,0.0482,0.0056759967,0.012561691,0.019476095,0.004008354,0.0024117636,0.0006410924,0.0006231325,0.00024694478,0.0056375456,0.0127897505,0.019458191,0.0039594863,0.0025800655,0.000627082,0.0025043064,0.05218014,0.49415478,0.9880195,0.56582373,0.0
2021-08-13,CTD1,4187246,695025,0.1438,0.1175,0.0994,0.0775,0.0725,0.0693,0.0694,0.0623,0.0656,0.0179,0.0011,0.0457,0.0334,0.0034753096,0.008488547,0.019390823,0.008063732,0.0054974235,0.0014859972,0.0014413546,0.0005702852,0.0034572014,0.008672264,0.019550478,0.008013253,0.0057128915,0.0014851076,0.062639214,0.20090869,1.8466083,2.6783187,1.0524762,0.0
2021-08-13,CTD2,4181518,693105,0.1417,0.1142,0.0935,0.0726,0.0656,0.0629,0.0634,0.0564,0.0593,0.0167,0.001,0.0406,0.0294,0.006562967,0.011925748,0.021718092,0.00857006,0.0063399184,0.0017402435,0.0016879499,0.0006645358,0.0065488676,0.011980301,0.021677177,0.008612952,0.0064423503,0.0017317765,0.14832059,0.21356542,0.77099425,2.811644,1.3104244,0.0
2021-08-13,CTD3,4181698,695238,0.1397,0.1118,0.0903,0.069,0.0615,0.0571,0.057,0.0507,0.0521,0.0154,0.0009,0.0341,0.0254,0.010189268,0.015776064,0.025821222,0.013110983,0.011912799,0.0036322933,0.003553974,0.0014014267,0.010095859,0.0156081505,0.025903298,0.013095653,0.01141556,0.0036231265,0.46900052,0.51542115,0.816141,6.186227,2.8289192,0.0
2021-08-13,CTD4,4180266,698264,0.1379,0.1105,0.0879,0.0672,0.0587,0.0565,0.0565,0.0511,0.0509,0.0153,0.0009,0.0336,0.0244,0.008245757,0.012643926,0.019423584,0.009036929,0.006836279,0.0019706625,0.0019030175,0.0007557478,0.00824087,0.0125990845,0.019341832,0.008948632,0.0069504227,0.0019267052,0.23314697,0.2628426,0.5747756,3.2334917,1.54219,0.0
2021-08-13,CTD5,4179450,700268,0.1431,0.1162,0.0939,0.0694,0.063,0.0605,0.0606,0.0551,0.0556,0.0162,0.001,0.0384,0.0287,0.010236964,0.017619884,0.026791712,0.007159441,0.0048345802,0.0013661139,0.0013269502,0.0005319001,0.010202553,0.017742919,0.02676241,0.007165567,0.0050594136,0.0013319,0.09715958,0.18581662,0.43601528,2.096552,1.1882148,0.0
2021-08-13,CTD6,4176009,695829,0.1386,0.1119,0.0894,0.0688,0.062,0.057,0.057,0.0501,0.0517,0.0156,0.001,0.0351,0.0255,0.012404792,0.018076072,0.026808687,0.013740401,0.012565595,0.00406746,0.0039737504,0.0015995031,0.012206359,0.017878847,0.02677838,0.0135678025,0.012070206,0.003956272,0.47459373,0.7149312,0.7928875,7.1161876,3.4645991,0.0
2021-08-13,CTD7,4176724,690397,0.1427,0.1184,0.1055,0.0784,0.0701,0.0637,0.0642,0.0558,0.0598,0.0163,0.001,0.0388,0.0284,0.008140523,0.019076848,0.04194184,0.015506763,0.011685502,0.0029545105,0.002854924,0.0011016023,0.008005325,0.019501101,0.042270653,0.015474961,0.011873939,0.0029454748,0.23299123,0.18278825,1.5507027,5.8085756,1.8075116,0.0
2021-08-13,CTD8,4174178,693048,0.2132,0.228,0.2132,0.2062,0.1932,0.189,0.1922,0.2018,0.194,0.05,0.0012,0.1985,0.1314,0.0,0.0,0.0,0.0,0.0,0.0,0.0,0.0,0.0,0.0,0.0,0.0,0.0,0.0,0.0,0.0,0.0,0.0,0.0,0.0
2021-08-13,CTD9,4171106,693183,0.1386,0.113,0.0973,0.0758,0.071,0.0639,0.0654,0.0586,0.0606,0.0171,0.001,0.0418,0.0301,0.00868828,0.015175537,0.027425306,0.015377052,0.014588193,0.0047855787,0.004703148,0.0018175873,0.0086025745,0.01497564,0.027676545,0.01565411,0.0139621245,0.004756089,0.5518267,0.53337973,1.8288964,8.349457,3.2812378,0.0
2021-08-13,CTD10,4170388,695646,0.1401,0.1133,0.0928,0.0741,0.0684,0.0632,0.0631,0.0568,0.0586,0.0169,0.0009,0.0412,0.0305,0.0052413456,0.009690107,0.019033505,0.011582861,0.009298289,0.0028732726,0.0028281843,0.0011203351,0.0052295798,0.009588248,0.019171448,0.011659475,0.009113863,0.002913643,0.39736295,0.6186082,2.1447108,5.1743875,2.2582397,0.0
2021-08-13,CTD11,4169609,700351,0.141,0.1113,0.0902,0.0725,0.066,0.063,0.0633,0.0541,0.0598,0.0174,0.0009,0.041,0.0303,0.0022512767,0.0057391305,0.012645438,0.006624018,0.005250645,0.0015606153,0.0015274992,0.0006096073,0.0022445044,0.0057730577,0.01283148,0.0066843266,0.005318088,0.0015756893,0.20233347,0.36765686,2.6050518,2.7618148,1.0736331,0.0
2021-08-13,CTD12,4173438,695414,0.1397,0.1133,0.0929,0.0718,0.0657,0.0603,0.0591,0.0535,0.0538,0.0158,0.0008,0.0368,0.0287,0.0038226459,0.009039629,0.021361109,0.009130258,0.007584046,0.0020679466,0.0020121413,0.00077595207,0.003801113,0.009127049,0.021663725,0.009241166,0.007391433,0.0021751877,0.20494536,0.2663573,2.1902697,3.487761,1.1464646,0.0
2021-11-11,CTD1,4187246,695025,0.1298,0.0925,0.0652,0.0335,0.0273,0.0232,0.021,0.0168,0.0159,0.0064,0.0006,0.0044,0.003,0.0033773964,0.00861944,0.017133443,0.004300642,0.00272522,0.0007421518,0.0007238644,0.0002921183,0.003355353,0.008813343,0.017110683,0.00422559,0.002855834,0.0007332031,0.00045589535,0.105650045,0.93778396,1.0890708,0.7012352,0.0
2021-11-11,CTD2,4181518,693105,0.128,0.0909,0.0586,0.0308,0.0251,0.0214,0.019,0.0149,0.0142,0.0056,0.0007,0.0034,0.0024,0.006913941,0.0106936935,0.013476231,0.00429198,0.0026752385,0.00070875237,0.0006830098,0.00028028514,0.0069752145,0.010681929,0.013413127,0.0041829823,0.0027879262,0.0006932171,0.09287657,0.19084579,0.30127534,1.0536057,0.83746207,0.0
2021-11-11,CTD3,4181698,695238,0.1284,0.0914,0.0587,0.0301,0.0245,0.0214,0.0189,0.0138,0.0135,0.0057,0.0008,0.0036,0.0017,0.00642898,0.009729556,0.01116652,0.002541608,0.0016252969,0.0004515405,0.00043928451,0.0001784638,0.0065051597,0.009691839,0.011148688,0.0024991774,0.0016727421,0.00045043623,0.053447712,0.09555689,0.26840422,0.6308811,0.49296,0.0
2021-11-11,CTD4,4180266,698264,0.1309,0.0952,0.0643,0.0324,0.027,0.0223,0.0193,0.0149,0.0146,0.0055,0.0006,0.003,0.0016,0.005128304,0.010359747,0.016105555,0.0040585315,0.0026937204,0.0007544922,0.0007388904,0.00030111906,0.0051268414,0.010397262,0.016028259,0.0040082755,0.0028005359,0.0007506943,0.073161036,0.18295054,0.53169006,0.97306937,0.86749595,0.0
2021-11-11,CTD5,4179450,700268,0.1471,0.1163,0.0834,0.0351,0.0269,0.0208,0.0191,0.015,0.0137,0.0056,0.0008,0.0032,0.0022,0.02981739,0.041300975,0.055158775,0.010574406,0.0068092314,0.001696366,0.0016068845,0.0006076883,0.030218467,0.04103246,0.05558761,0.010675351,0.006870276,0.0016517446,0.21818638,0.010018348,0.18161249,3.4225085,0.9693074,0.0
2021-11-11,CTD6,4176009,695829,0.1281,0.0927,0.0647,0.0321,0.0263,0.0218,0.0187,0.015,0.0143,0.0056,0.0008,0.003,0.0019,0.002329664,0.0070153205,0.014065305,0.0029389106,0.0018713641,0.00047834846,0.00046071067,0.00018307012,0.0023295754,0.0072441082,0.014097397,0.0028714726,0.001900426,0.00047297444,3.69825e-05,0.113973126,1.2416695,0.8156415,0.30944696,0.0
2021-11-11,CTD7,4176724,690397,0.1326,0.1022,0.0832,0.0395,0.0306,0.024,0.0212,0.0163,0.0155,0.0056,0.0011,0.0031,0.0018,0.008762093,0.018658457,0.033165,0.009266314,0.006359524,0.0017122665,0.0016745726,0.0006655864,0.008645538,0.018831134,0.033134837,0.009250154,0.0065228106,0.0017016139,0.097776875,0.15094735,0.81918895,2.529754,1.6095079,0.0
2021-11-11,CTD8,4174178,693048,0.1316,0.0992,0.0756,0.0368,0.0297,0.0232,0.0201,0.0161,0.015,0.0055,0.0008,0.003,0.0018,0.006433067,0.014537441,0.027494483,0.0066732103,0.004395328,0.001172971,0.0011466886,0.00045626753,0.0063678264,0.014708895,0.027472232,0.006627925,0.004570968,0.0011683708,0.087963894,0.10426861,0.74758804,1.7828945,1.1306204,0.0
2021-11-11,CTD9,4171106,693183,0.1308,0.0982,0.0752,0.0395,0.0325,0.0226,0.0206,0.0155,0.0145,0.0055,0.0008,0.0039,0.0027,0.01603297,0.024273392,0.042187404,0.017912108,0.014897173,0.0040792413,0.0039312863,0.0015245494,0.01575028,0.024206119,0.042448714,0.017848367,0.014195605,0.0039927317,0.36080134,0.30410144,0.74793744,5.9965343,3.2770832,0.0
2021-11-11,CTD10,4170388,695646,0.1276,0.0921,0.0646,0.0318,0.0252,0.0213,0.0199,0.0146,0.0142,0.0056,0.0005,0.0031,0.0024,0.012449544,0.019705428,0.029339902,0.009738292,0.0071944087,0.0019832992,0.0019201469,0.00076135085,0.012309586,0.019641224,0.02938803,0.00970573,0.0071505317,0.0019423605,0.19666903,0.24757254,0.35767847,3.0368273,1.799254,0.0
2021-11-11,CTD11,4169609,700351,0.1253,0.0919,0.0616,0.0309,0.0247,0.0206,0.0178,0.0147,0.0135,0.0056,0.0008,0.004,0.0019,0.0035464498,0.008421052,0.014765055,0.0029071064,0.0017923652,0.00046670382,0.00045138647,0.00017915067,0.0035345699,0.008637314,0.014756028,0.0028584737,0.0018673865,0.00045843032,0.01919601,0.059186976,0.60182685,0.7688484,0.37049013,0.0
2021-11-11,CTD12,4173438,695414,0.1285,0.0925,0.0654,0.0321,0.0255,0.0218,0.0183,0.0147,0.0149,0.0056,0.0008,0.0027,0.0024,0.0011987969,0.0035926478,0.009232359,0.0019535657,0.0011193856,0.000275913,0.0002606605,0.00010122376,0.001235569,0.003723593,0.009296067,0.0018758606,0.0011418122,0.00026533141,2.6939333e-05,0.093420945,1.714357,0.5677657,0.11671393,-1.435e-42
2021-11-26,CTD1,4187246,695025,0.1359,0.0967,0.0636,0.0331,0.0269,0.0245,0.0216,0.0174,0.0162,0.0071,0.0012,0.0033,0.0024,0.0011679889,0.0035055887,0.00685611,0.0010855579,0.0005600826,0.00013664542,0.00012697179,4.901399e-05,0.0012194487,0.0036737449,0.00700389,0.0010373582,0.0005898251,0.00013097591,2.6618442e-05,0.035994776,1.3893037,0.2820499,0.051029753,-1.435e-42
2021-11-26,CTD2,4181518,693105,0.1357,0.0951,0.0609,0.0326,0.0283,0.0245,0.0219,0.0172,0.0154,0.0073,0.0012,0.0039,0.0025,0.009556222,0.0126139745,0.01530186,0.006532104,0.0052460097,0.0015852944,0.0015589171,0.000639823,0.009578345,0.012573097,0.015086,0.006413103,0.00519202,0.0015738293,0.10007263,0.4162659,0.23544417,2.4121847,1.7074213,0.0
2021-11-26,CTD3,4181698,695238,0.135,0.0958,0.0605,0.0327,0.0271,0.0234,0.0217,0.0163,0.0155,0.0072,0.0014,0.0032,0.0018,0.01918385,0.022725692,0.025615677,0.011582861,0.008921326,0.0027629067,0.0026332976,0.0010600144,0.01874968,0.02286966,0.025279175,0.011274464,0.0088601075,0.002609657,0.13520253,0.6332796,0.18969943,5.330824,2.0143335,0.0
2021-11-26,CTD4,4180266,698264,0.1359,0.0954,0.0609,0.0333,0.0273,0.0235,0.0213,0.0164,0.0155,0.0074,0.0015,0.0046,0.0016,0.0074251257,0.01021021,0.012114807,0.005024786,0.0039288844,0.0012331799,0.001222502,0.000513318,0.0075085787,0.010190409,0.011894946,0.004925683,0.003987728,0.0012265453,0.075806394,0.37985164,0.30732158,1.6109527,1.3287313,0.0
2021-11-26,CTD5,4179450,700268,0.1386,0.1016,0.0683,0.0312,0.0259,0.0224,0.0196,0.0155,0.0145,0.0073,0.0011,0.0026,0.002,0.012563655,0.017482178,0.019260246,0.0043600383,0.002866351,0.00084695045,0.0008380418,0.00034868307,0.012555192,0.01746374,0.019135106,0.004279069,0.0030339677,0.0008514921,0.054218356,0.14593337,0.1829876,0.9692063,1.0215095,0.0
2021-11-26,CTD6,4176009,695829,0.134,0.0963,0.0635,0.0334,0.0273,0.0223,0.0204,0.0163,0.0148,0.0072,0.0012,0.0029,0.0017,0.010788356,0.014877264,0.01936465,0.0070425807,0.005595397,0.0016715645,0.0016448654,0.00067440746,0.010758405,0.014805848,0.019274741,0.00694932,0.0055403146,0.001656282,0.1871729,0.37109917,0.41822356,2.4199631,1.828913,0.0
2021-11-26,CTD7,4176724,690397,0.147,0.1208,0.1033,0.0527,0.0408,0.0266,0.0258,0.0196,0.0183,0.0071,0.0013,0.0032,0.001,0.02912852,0.044017747,0.075490974,0.034744665,0.029000081,0.008365952,0.007897566,0.0029838537,0.028944597,0.044138927,0.076801136,0.034974415,0.029619126,0.008378271,0.4766692,0.32808262,0.6814434,10.413887,6.7102304,0.0
2021-11-26,CTD8,4174178,693048,0.1349,0.0992,0.0683,0.0335,0.0279,0.0241,0.0205,0.0161,0.0154,0.0072,0.0011,0.0027,0.0018,0.001508049,0.004128006,0.009449904,0.00209578,0.0012525236,0.00030898376,0.00029491243,0.00011594549,0.0015271764,0.0042233844,0.009505133,0.002022968,0.0012673757,0.0003000566,3.8487993e-05,0.05396207,1.3681546,0.6022641,0.17419124,0.0
2021-11-26,CTD9,4171106,693183,0.135,0.101,0.0721,0.04,0.0333,0.0233,0.0216,0.0165,0.0157,0.0071,0.0014,0.0037,0.0019,0.01167456,0.018348621,0.031314395,0.0151387965,0.012342697,0.0035126624,0.0034018457,0.0013326401,0.011495271,0.018118525,0.031657513,0.01501599,0.011885197,0.0034118518,0.35073155,0.35520554,0.61207813,5.05286,3.1526937,0.0
2021-11-26,CTD10,4170388,695646,0.1351,0.0981,0.0677,0.0343,0.0268,0.0233,0.021,0.0155,0.0148,0.0077,0.0011,0.0032,0.0018,0.0067759412,0.013072826,0.01746638,0.0037839091,0.0023379135,0.000629597,0.00061094225,0.00024437887,0.0067549585,0.013166565,0.017453976,0.0037398592,0.002483895,0.000618246,0.04252046,0.086003184,0.39301166,0.9469721,0.64575815,0.0
2021-11-26,CTD11,4169609,700351,0.1322,0.0962,0.0631,0.0316,0.026,0.0226,0.0205,0.0164,0.0143,0.0072,0.0014,0.0024,0.0014,0.012942228,0.016980393,0.016228942,0.0036709849,0.0023548887,0.00067635556,0.00065262825,0.0002628419,0.0129701,0.017008718,0.016054166,0.0036060775,0.0025205952,0.00066481595,0.026929986,0.13070056,0.26485956,1.0058595,0.6892188,0.0
2021-11-26,CTD12,4173438,695414,0.1346,0.0971,0.0658,0.0343,0.0282,0.0231,0.021,0.0159,0.0155,0.0071,0.0012,0.003,0.0024,0.007656769,0.013375264,0.018416783,0.0061469446,0.0049206885,0.0014586108,0.0014377862,0.0005906937,0.00764447,0.013442288,0.018292237,0.006059992,0.004849348,0.0014640897,0.17096095,0.2283328,0.37508965,1.7643592,1.6222427,0.0
2021-12-01,CTD1,4187246,695025,0.1381,0.097,0.0643,0.0352,0.0297,0.0252,0.024,0.0182,0.0179,0.0071,0.0008,0.0045,0.0021,0.013120146,0.016452169,0.02212365,0.009392774,0.007906893,0.0022883418,0.0022461114,0.0008981406,0.0129701,0.0163746,0.022097703,0.009316284,0.007554933,0.0022693977,0.18017946,0.3493073,0.31950417,3.5319014,2.2378523,0.0
2021-12-01,CTD2,4181518,693105,0.1368,0.0964,0.0615,0.0324,0.0273,0.0245,0.0211,0.0165,0.0159,0.0063,0.0009,0.0032,0.0017,0.0009755381,0.0024740957,0.004015772,0.00063985185,0.00034631515,8.662957e-05,8.062525e-05,3.1363285e-05,0.0010189636,0.002548858,0.0040796716,0.0006282317,0.00036957586,8.502648e-05,7.797475e-05,0.071797594,1.1489781,0.17656766,0.061031573,-1.435e-42
2021-12-01,CTD3,4181698,695238,0.1362,0.095,0.0605,0.0326,0.0278,0.022,0.0203,0.0159,0.0148,0.0063,0.001,0.0028,0.0013,0.012699458,0.01658429,0.020441659,0.008651523,0.007318863,0.0021477393,0.0021085383,0.0008479101,0.012585718,0.016479807,0.019929651,0.008559455,0.007004296,0.0021301738,0.31436682,0.4403095,0.36508408,3.4789944,1.9986528,0.0
2021-12-01,CTD4,4180266,698264,0.136,0.097,0.0637,0.0321,0.0261,0.0231,0.0203,0.0148,0.0147,0.0055,0.001,0.0034,0.0021,0.008562905,0.015745202,0.01413991,0.0034931747,0.0023943419,0.0006801562,0.0006663658,0.00027291427,0.0084672775,0.015954318,0.014175905,0.0034467513,0.002485764,0.00067790155,0.070104785,0.13710506,0.31175968,0.8113216,0.79407924,0.0
2021-12-01,CTD5,4179450,700268,0.1444,0.1072,0.0728,0.034,0.0276,0.0221,0.0197,0.0148,0.0151,0.0055,0.0008,0.0035,0.0025,0.013506518,0.02065672,0.025812976,0.0051933774,0.0034195092,0.00094624114,0.0009264622,0.0003681632,0.013394745,0.020576987,0.02591108,0.0051456722,0.003561869,0.0009409003,0.09366557,0.114211015,0.27425677,1.2864406,1.0160993,0.0
2021-12-01,CTD6,4176009,695829,0.1366,0.1006,0.0702,0.0342,0.0272,0.0233,0.0205,0.0153,0.0141,0.0064,0.0006,0.0032,0.0021,0.008208047,0.015291726,0.022109061,0.005584985,0.0036722296,0.0010224009,0.0010006133,0.00040144482,0.008175398,0.015345783,0.022077201,0.0055615637,0.003878038,0.0010067523,0.06664846,0.14867385,0.4407376,1.3704877,1.0722097,0.0
2021-12-01,CTD7,4176724,690397,0.1403,0.1081,0.0829,0.0374,0.0309,0.0251,0.0218,0.0174,0.0167,0.0068,0.0008,0.003,0.0016,0.0081879925,0.017218323,0.029240038,0.0064733247,0.0042995843,0.0011560185,0.0011293453,0.00044827585,0.008107966,0.017358687,0.029122844,0.0064546824,0.0044759833,0.0011464867,0.08028978,0.084385015,0.56144345,1.6821182,1.0836492,0.0
2021-12-01,CTD8,4174178,693048,0.137,0.1011,0.0716,0.035,0.0283,0.024,0.0208,0.0164,0.0146,0.0069,0.0008,0.0023,0.0011,0.0076094936,0.014953556,0.02197811,0.004571218,0.0027690295,0.0007390141,0.000718701,0.00028455292,0.007571733,0.015095388,0.021940917,0.0045453254,0.0029775072,0.00072461163,0.057288565,0.09882993,0.44426152,1.1407021,0.7322045,0.0
2021-12-01,CTD9,4171106,693183,0.1375,0.1032,0.0748,0.0423,0.0352,0.0261,0.0238,0.0183,0.0181,0.0072,0.0007,0.0048,0.0033,0.01127791,0.018441707,0.033254568,0.01252898,0.01485979,0.004409711,0.0043546343,0.0016779732,0.011097433,0.018246636,0.03339847,0.012883748,0.012827629,0.004525729,0.55317956,0.34335136,0.9425737,6.7598166,3.7223349,0.0
2021-12-01,CTD10,4170388,695646,0.1417,0.1067,0.0835,0.043,0.0359,0.0272,0.0255,0.0198,0.0179,0.0073,0.0006,0.0043,0.0035,0.0109476615,0.021017306,0.037899036,0.013121603,0.009851357,0.0027494046,0.0026582414,0.0010433756,0.010776524,0.021064198,0.03798926,0.013068037,0.0096740415,0.002675919,0.27179548,0.20592576,0.73994035,3.7722452,2.5993302,0.0
2021-12-01,CTD11,4169609,700351,0.1349,0.1006,0.0693,0.0344,0.0275,0.0213,0.019,0.0153,0.0152,0.0054,0.0009,0.0032,0.0022,0.0077472636,0.015926568,0.02758114,0.0071359132,0.005023848,0.0013654468,0.0013388179,0.0005327358,0.0076810634,0.01601706,0.02752116,0.007124724,0.00513187,0.0013581754,0.12897265,0.107318394,0.63697284,1.9507077,1.3304877,0.0
2021-12-01,CTD12,4173438,695414,0.1375,0.1013,0.0715,0.0351,0.0289,0.0248,0.0213,0.0169,0.0142,0.0062,0.0006,0.0036,0.0029,0.0032464042,0.008830211,0.013126977,0.00216215,0.0012849779,0.0003174048,0.0003033189,0.00011912991,0.0032233642,0.009172265,0.013203547,0.0020826035,0.0012999363,0.00030778904,3.7160797e-05,0.08535825,0.80293435,0.5955145,0.16825125,0.0
2022-02-24,CTD1,4187246,695025,0.1335,0.0978,0.0713,0.0463,0.0419,0.0398,0.04,0.0339,0.0346,0.0132,0.0011,0.0192,0.0133,0.0051416834,0.0090424875,0.015259147,0.0072872494,0.0056276126,0.0017669469,0.0017330401,0.000701222,0.005155542,0.009006515,0.015337873,0.0071439184,0.0058438587,0.0017535164,0.20083547,0.44403645,1.0139823,2.712816,1.7631185,-1.1e-44
2022-02-24,CTD2,4181518,693105,0.1323,0.0973,0.0677,0.0429,0.0382,0.0371,0.0355,0.0308,0.0306,0.0121,0.0011,0.0156,0.0107,0.0018533858,0.004962,0.007914212,0.0012684788,0.00072662235,0.00018072565,0.00017149461,6.6994646e-05,0.0018631045,0.005111535,0.007948849,0.0012306422,0.00074103964,0.00017418075,0.0009002872,0.029161932,0.6307309,0.32846674,0.122201055,-1.1e-44
2022-02-24,CTD3,4181698,695238,0.1314,0.097,0.0663,0.0401,0.0355,0.0332,0.0309,0.0266,0.0267,0.0107,0.001,0.0125,0.0081,0.0025092766,0.006393097,0.009374576,0.0014118704,0.00074652716,0.00018289361,0.00017286037,6.7319466e-05,0.0024938574,0.0066081434,0.009562095,0.0013346815,0.0007688202,0.00017615945,0.00013032075,0.009492371,0.75637174,0.39384028,0.093429625,-1.446e-42
2022-02-24,CTD4,4180266,698264,0.1316,0.0973,0.0677,0.041,0.0359,0.033,0.0315,0.0266,0.0265,0.0107,0.0009,0.0126,0.0086,0.0045032175,0.009717403,0.01512634,0.0032986675,0.0020481457,0.0005524524,0.000539341,0.00021556154,0.0044975425,0.009832493,0.015169537,0.003254369,0.0021591296,0.00054163975,0.0015993853,0.10211046,0.5502248,0.81835306,0.571863,-1.1e-44
2022-02-24,CTD5,4179450,700268,0.1406,0.1104,0.0815,0.042,0.0356,0.0316,0.0311,0.0266,0.0272,0.0107,0.0011,0.0131,0.0089,0.0269378,0.036543474,0.046030853,0.0114327,0.007488053,0.0019058686,0.001794465,0.0006822685,0.026739137,0.03642982,0.046583086,0.011426541,0.007562794,0.0018279924,0.20842966,0.056063265,0.19037691,3.8125503,1.0966622,-1.1e-44
2022-02-24,CTD6,4176009,695829,0.1302,0.0979,0.0712,0.0403,0.0345,0.0321,0.0318,0.0262,0.0259,0.0107,0.0009,0.0124,0.0083,0.011423052,0.019695187,0.027607178,0.007744943,0.005234439,0.0014275474,0.0013901455,0.00054858736,0.0113499435,0.019714152,0.027602855,0.0077722096,0.005431135,0.0013948829,0.104014084,0.21952245,0.42953083,2.2367928,1.2779218,0.0
2022-02-24,CTD7,4176724,690397,0.1471,0.1263,0.1102,0.0556,0.0451,0.0392,0.0386,0.033,0.0326,0.0126,0.0011,0.0157,0.0099,0.018783426,0.035103936,0.05746775,0.013443966,0.008099806,0.0019658238,0.0018682875,0.0007030724,0.018962063,0.035170395,0.05717167,0.013653141,0.008658897,0.001870252,0.13548383,0.05179647,0.5324393,4.103437,1.150269,-1.1e-44
2022-02-24,CTD8,4174178,693048,0.1341,0.1043,0.0798,0.0429,0.0374,0.0346,0.0331,0.0278,0.0281,0.0112,0.0007,0.013,0.0089,0.004441408,0.011557819,0.01884094,0.0046440093,0.0027726146,0.0007386664,0.0007217942,0.00028613542,0.004385355,0.01195537,0.018882371,0.00457074,0.0029607713,0.00072020764,5.0775452e-05,0.06092052,0.682082,1.0397403,0.6680197,-1.1e-44
2022-02-24,CTD9,4171106,693183,0.1386,0.1106,0.0903,0.0573,0.0522,0.0409,0.0398,0.0346,0.0356,0.0126,0.0009,0.0174,0.0117,0.011162774,0.02220433,0.045475893,0.019604668,0.018682156,0.0051885187,0.005057938,0.0019022365,0.0109620765,0.022044647,0.04565499,0.019951353,0.017380668,0.0053418027,0.53482944,0.22658157,1.651809,7.980577,3.8097272,-1.1e-44
2022-02-24,CTD10,4170388,695646,0.134,0.1039,0.0793,0.0457,0.0393,0.0359,0.0351,0.0306,0.0306,0.0118,0.0009,0.0156,0.0101,0.0051668566,0.014036365,0.026919227,0.007515692,0.0043779346,0.0011633328,0.0011377027,0.00044618506,0.005090389,0.014553967,0.02699472,0.007427393,0.0047717676,0.001127261,3.1814656e-05,0.16427967,1.1841743,1.7551612,0.9426381,-1.1e-44
2022-02-24,CTD11,4169609,700351,0.1305,0.0995,0.0725,0.0443,0.0385,0.036,0.0349,0.03,0.0306,0.012,0.0009,0.0154,0.011,0.003608221,0.009527664,0.017263586,0.0042506643,0.0024785972,0.0006525158,0.0006358905,0.0002512872,0.0035845228,0.009826472,0.017342579,0.0041815205,0.0026459147,0.0006324456,2.9820778e-05,0.11939226,1.0642288,0.97306937,0.54446864,0.0
2022-02-24,CTD12,4173438,695414,0.1315,0.0999,0.0722,0.0409,0.0361,0.0335,0.0314,0.0275,0.0279,0.0111,0.0009,0.013,0.0087,0.0025646708,0.0076565226,0.014050426,0.0024653715,0.0014278152,0.00035043163,0.00033591516,0.00013086534,0.00254934,0.007959678,0.014171276,0.0023784256,0.0014561467,0.00034141363,2.7404976e-05,0.07626085,0.9995804,0.6221547,0.18207799,-1.1e-44
2022-07-14,CTD1,4187246,695025,0.1456,0.1251,0.1052,0.0772,0.0709,0.0662,0.0666,0.0614,0.06,0.013,0.0008,0.0399,0.0288,0.023267435,0.032744568,0.05036999,0.018175265,0.014219002,0.0036908702,0.0034882429,0.0013291485,0.022880785,0.032688517,0.050820176,0.018199947,0.013898921,0.0035569607,0.41857523,0.16427967,0.3789587,6.763821,1.6896044,0.0
2022-07-14,CTD2,4181518,693105,0.1437,0.1197,0.0955,0.0705,0.0616,0.0598,0.0584,0.0556,0.0538,0.0129,0.0008,0.0358,0.0267,0.0076142102,0.015089882,0.01808699,0.0036841638,0.0022435728,0.00060004,0.0005854212,0.0002320957,0.007533335,0.015324073,0.018043458,0.003645449,0.0023895414,0.00058795733,0.040060494,0.0336999,0.35901326,0.899223,0.5711045,0.0
2022-07-14,CTD3,4181698,695238,0.133,0.0989,0.0712,0.0403,0.0337,0.0304,0.0293,0.0232,0.0232,0.0079,0.0008,0.0067,0.0042,0.020590434,0.024903633,0.026622413,0.0078962315,0.005765964,0.0016087928,0.0015527355,0.0006157254,0.020232547,0.02493455,0.026571343,0.007798103,0.0056718616,0.0015756893,0.15319924,0.21462652,0.12517682,3.166654,1.0771997,0.0
2022-07-14,CTD4,4180266,698264,0.1337,0.0992,0.0728,0.041,0.0353,0.0303,0.0285,0.0244,0.0225,0.0083,0.0006,0.0086,0.004,0.014672855,0.019111985,0.023255331,0.008057096,0.0062043346,0.0018046749,0.0017512413,0.00070678815,0.014534525,0.019049238,0.02311477,0.007947124,0.006144405,0.0017665399,0.17786258,0.2509836,0.20358478,3.0291212,1.4863862,0.0
2022-07-14,CTD5,4179450,700268,0.1406,0.1174,0.0934,0.0539,0.0457,0.0425,0.0418,0.0382,0.0356,0.0103,0.0008,0.0226,0.0168,0.019694267,0.029996693,0.035906274,0.0065079923,0.0039670384,0.00107451,0.0010339294,0.00040582387,0.019752448,0.029981714,0.036308784,0.0064810677,0.0042127883,0.0010482967,0.11955084,0.02695254,0.18877222,1.7620554,0.7625142,0.0
2022-07-14,CTD6,4176009,695829,0.1408,0.1152,0.0889,0.0583,0.0503,0.0483,0.0472,0.0438,0.0404,0.012,0.0005,0.0274,0.0209,0.006303395,0.013560029,0.018210849,0.0029803761,0.0017499361,0.00046379125,0.0004507725,0.00017820699,0.006263674,0.013782438,0.018176155,0.0029384166,0.0018652983,0.00045441458,0.0029389283,0.03802174,0.40286592,0.7281146,0.42094925,0.0
2022-07-14,CTD7,4176724,690397,0.1497,0.1312,0.1149,0.07,0.0594,0.0538,0.056,0.0487,0.047,0.0127,0.0007,0.0294,0.0213,0.03086125,0.044162203,0.06714249,0.019067612,0.014010973,0.0035024392,0.0032914497,0.0012375145,0.030743374,0.043911025,0.06717919,0.019152733,0.013639833,0.0033511121,0.37856588,0.068445496,0.29237288,6.688096,1.3375362,0.0
2022-07-14,CTD8,4174178,693048,0.1474,0.1237,0.1023,0.0707,0.0627,0.0587,0.0588,0.0556,0.0547,0.0142,0.0006,0.0391,0.0303,0.012615766,0.024024917,0.0394925,0.0091377655,0.0054370617,0.0014275474,0.0013798568,0.0005363729,0.012545029,0.024140552,0.039234027,0.009142782,0.0058145276,0.0013838303,0.09472759,0.079466105,0.4671094,2.5839097,0.999374,0.0
2022-07-14,CTD9,4171106,693183,0.145,0.1226,0.1063,0.0786,0.0746,0.0625,0.0633,0.0582,0.0588,0.0145,0.0008,0.0403,0.0308,0.018334666,0.027336674,0.046977546,0.018844638,0.019853769,0.005509671,0.0053984406,0.0020498694,0.017892592,0.027031595,0.047786463,0.019219784,0.017161336,0.0055920435,0.85022706,0.21452981,0.49951652,9.226484,3.3717597,0.0
2022-07-14,CTD10,4170388,695646,0.1441,0.1195,0.0967,0.0694,0.0618,0.0594,0.059,0.0545,0.054,0.0137,0.0006,0.0381,0.0294,0.006859752,0.016149726,0.02430665,0.004923597,0.0030376287,0.0007928684,0.0007718148,0.00030356957,0.0067836917,0.016525708,0.024280572,0.004901795,0.0032253966,0.0007831111,0.037310828,0.05858749,0.4533036,1.2315985,0.6431888,0.0
2022-07-14,CTD11,4169609,700351,0.1379,0.1029,0.077,0.0478,0.0427,0.0412,0.0402,0.0303,0.0339,0.0111,0.0008,0.0183,0.0141,0.0080117555,0.013449727,0.019175766,0.0057685156,0.0042170975,0.00119598,0.001179308,0.0004756656,0.0080195805,0.013360257,0.019092781,0.0057168035,0.004318527,0.0011873071,0.11024439,0.12198157,0.4245335,1.599378,1.1003041,0.0
2022-07-14,CTD12,4173438,695414,0.1451,0.1208,0.0958,0.0664,0.0582,0.0544,0.0537,0.0503,0.0478,0.0128,0.0006,0.0343,0.0262,0.02416087,0.03395407,0.04462092,0.012842883,0.009237783,0.0024718086,0.002348951,0.00090815435,0.023935689,0.033915665,0.044981014,0.012740058,0.009095546,0.0023653135,0.25204286,0.12198157,0.24295063,4.6576476,1.3340074,0.0
2022-07-29,CTD1,4187246,695025,0.1433,0.116,0.0965,0.0722,0.0654,0.0621,0.0633,0.0572,0.0586,0.0124,0.0007,0.0442,0.0332,0.012501322,0.020937437,0.031114565,0.009560087,0.006884623,0.0019542596,0.0019077603,0.00076578266,0.012410091,0.0209118,0.031125255,0.009517031,0.0070585245,0.0019141136,0.13661458,0.22781622,0.51814,2.9984784,1.6415275,0.0
2022-07-29,CTD2,4181518,693105,0.136,0.1087,0.0853,0.0608,0.0544,0.0516,0.0529,0.0462,0.0482,0.0107,0.0009,0.0339,0.025,0.017451266,0.023225773,0.032220352,0.012564631,0.009209675,0.0025885117,0.0024454705,0.00096296147,0.017076058,0.023060143,0.03233461,0.012388057,0.009098596,0.0024436016,0.2052221,0.27606162,0.1706384,5.025185,1.3706118,0.0
2022-07-29,CTD3,4181698,695238,0.1333,0.1061,0.0815,0.0571,0.05,0.0468,0.0464,0.0428,0.0428,0.0104,0.0007,0.0294,0.0222,0.008004378,0.015560933,0.020633927,0.0041159983,0.0024817789,0.000668824,0.00065231964,0.00025905654,0.007972146,0.015718475,0.020584138,0.004076145,0.0026679013,0.00065410766,0.03388658,0.053599525,0.39707163,0.9827939,0.6671323,0.0
2022-07-29,CTD4,4180266,698264,0.13,0.1099,0.0862,0.0616,0.0526,0.0501,0.0469,0.0469,0.0441,0.0094,0.0006,0.0309,0.0228,0.009576065,0.019854309,0.0273994,0.0061823605,0.0038469513,0.00097436254,0.0009469686,0.00037426926,0.009506964,0.020071037,0.027382707,0.006266264,0.0041155694,0.0009531856,0.079159476,0.065065704,0.49184176,1.8288614,0.73317885,0.0
2022-07-29,CTD5,4179450,700268,0.1353,0.1103,0.0898,0.0556,0.0487,0.0456,0.0456,0.0405,0.0412,0.0097,0.0006,0.029,0.0211,0.015128187,0.024024917,0.028583746,0.0059925923,0.003874064,0.0010662349,0.001038493,0.0004108904,0.015055307,0.024009746,0.028698994,0.0059510283,0.0040609622,0.0010470267,0.100143,0.06472718,0.31422204,1.6025267,0.9835738,0.0
2022-07-29,CTD6,4176009,695829,0.1286,0.1019,0.078,0.0522,0.0442,0.041,0.0388,0.036,0.037,0.0087,0.0008,0.0226,0.0167,0.0022825908,0.0071633817,0.010856873,0.0025445188,0.0015063604,0.00038268213,0.00036922525,0.00014524058,0.0022821077,0.007668315,0.011071462,0.0024758896,0.0015398355,0.000371588,2.6615104e-05,0.08562909,1.6459596,0.7194664,0.20612644,-1.435e-42
2022-07-29,CTD7,4176724,690397,0.1449,0.1275,0.1141,0.0743,0.0614,0.0537,0.0541,0.0472,0.0496,0.0104,0.0007,0.0337,0.0251,0.024378842,0.039225187,0.061839696,0.017954549,0.013105566,0.0033378087,0.00315945,0.0012009664,0.024362696,0.039092008,0.06178606,0.017996369,0.012883316,0.00320131,0.33828172,0.08617387,0.45607397,6.138307,1.67856,0.0
2022-07-29,CTD8,4174178,693048,0.1368,0.1108,0.0917,0.061,0.0519,0.0467,0.0471,0.0432,0.0428,0.0099,0.0007,0.0292,0.0217,0.018573845,0.029707652,0.044209313,0.0119421845,0.0085738655,0.0022615087,0.0021713777,0.00084255496,0.018320365,0.029686011,0.04435919,0.011918128,0.008475812,0.0021925906,0.24105681,0.08765868,0.4038086,4.0351324,1.4746854,0.0
2022-07-29,CTD9,4171106,693183,0.1365,0.1137,0.0958,0.0673,0.061,0.0525,0.0534,0.0468,0.0491,0.0107,0.0007,0.0339,0.0236,0.02215466,0.031914514,0.051978756,0.018667933,0.016178643,0.004518829,0.004341967,0.0016684012,0.0217672,0.031801198,0.052772004,0.018916687,0.015358809,0.004429757,0.48354512,0.17287795,0.45628777,7.6528563,2.7769017,0.0
2022-07-29,CTD10,4170388,695646,0.1362,0.109,0.0869,0.0615,0.0557,0.0527,0.0508,0.0466,0.0478,0.0107,0.0006,0.0346,0.0258,0.0022527575,0.0063030743,0.012214909,0.002581721,0.0015693189,0.0003940157,0.0003796493,0.0001490252,0.0022601443,0.0065146824,0.012330398,0.0025017792,0.0015801091,0.00038607625,2.6762167e-05,0.13775313,1.3936948,0.6936745,0.2151511,-1.435e-42
2022-07-29,CTD11,4169609,700351,0.133,0.0989,0.0752,0.0506,0.0445,0.0413,0.0415,0.0334,0.0384,0.0097,0.0007,0.0248,0.0188,0.008738313,0.014355236,0.019687323,0.006069264,0.0046834117,0.0013667813,0.0013534718,0.00055378553,0.008732,0.014264352,0.019581323,0.005993987,0.004693599,0.0013674034,0.15500073,0.17595802,0.40456435,1.7301036,1.3796871,0.0
2022-07-29,CTD12,4173438,695414,0.1356,0.11,0.0872,0.0579,0.0501,0.0457,0.0455,0.0413,0.0427,0.0102,0.0007,0.0285,0.0202,0.01471528,0.02450579,0.036541026,0.008591238,0.005640052,0.0014672027,0.0014285505,0.0005569872,0.01463241,0.024463473,0.036409125,0.008607307,0.0058543654,0.0014444911,0.12173698,0.08355671,0.4036199,2.53789,1.0743455,0.0
2022-08-03,CTD1,4187246,695025,0.1279,0.0963,0.0736,0.0443,0.039,0.0334,0.0327,0.0289,0.0276,0.0075,0.0008,0.0152,0.0106,0.009407022,0.015953232,0.023445824,0.0076846094,0.0060076336,0.0016947009,0.0016613028,0.0006676927,0.0093952725,0.015976705,0.023414388,0.0076336674,0.005941152,0.0016804532,0.31539178,0.20426889,0.4120097,2.4576302,1.5729142,0.0
2022-08-03,CTD2,4181518,693105,0.1261,0.0957,0.0698,0.0417,0.0354,0.0322,0.0313,0.0266,0.0263,0.007,0.0006,0.0135,0.0095,0.012128512,0.01765323,0.019390823,0.0043162797,0.0029647613,0.0008449376,0.0008295894,0.00033419873,0.012143406,0.017646287,0.019329619,0.004258194,0.0030694988,0.00084254553,0.08172462,0.09478748,0.21652752,1.1369357,0.83080703,0.0
2022-08-03,CTD3,4181698,695238,0.1218,0.0882,0.0623,0.0349,0.0288,0.0257,0.0241,0.0186,0.0184,0.0064,0.0007,0.0064,0.0041,0.014500123,0.018148812,0.019614499,0.006521377,0.0048795952,0.0014366537,0.0013977407,0.00056819525,0.014403458,0.01812344,0.019433644,0.006400023,0.004892148,0.0014116152,0.16464837,0.2897227,0.18726572,2.460794,1.4776022,0.0
2022-08-03,CTD4,4180266,698264,0.1241,0.091,0.0647,0.0387,0.0323,0.0279,0.0279,0.023,0.0216,0.007,0.0008,0.0106,0.0076,0.02233024,0.028570408,0.03655167,0.015908271,0.013323999,0.004028422,0.0038363659,0.0015087068,0.021662127,0.028459664,0.036640644,0.015524082,0.0129391765,0.003847098,0.2746783,0.50135154,0.24162686,8.101916,2.1329668,0.0
2022-08-03,CTD5,4179450,700268,0.1275,0.0998,0.0747,0.0377,0.0298,0.0268,0.0262,0.0213,0.0205,0.0064,0.0008,0.0092,0.0061,0.025124889,0.03313251,0.03839225,0.008354223,0.005652519,0.0014751243,0.0014032912,0.00054060144,0.025042553,0.0330269,0.038854565,0.008340031,0.0056453324,0.0014393438,0.18477227,0.06681678,0.17945191,2.9568179,0.871542,0.0
2022-08-03,CTD6,4176009,695829,0.1219,0.0908,0.0657,0.0379,0.0308,0.0268,0.0256,0.0218,0.0215,0.0065,0.0006,0.0097,0.0063,0.011083329,0.018177962,0.02398582,0.006667726,0.004821796,0.0013614516,0.0013361712,0.0005414513,0.011014223,0.018113611,0.023942705,0.0066211857,0.0048867795,0.0013522352,0.14548407,0.14650221,0.345092,1.9659945,1.3208551,0.0
2022-08-03,CTD7,4176724,690397,0.1337,0.1101,0.096,0.0498,0.0391,0.0337,0.0332,0.0278,0.027,0.0076,0.0009,0.014,0.0095,0.017631978,0.031683616,0.050867945,0.011956776,0.008142492,0.0020760973,0.001991214,0.0007641681,0.017585268,0.031600233,0.050720587,0.012002865,0.008233822,0.0020145886,0.21168362,0.0381672,0.446557,3.751067,1.3287313,0.0
2022-08-03,CTD8,4174178,693048,0.1297,0.1019,0.0825,0.0499,0.0411,0.0345,0.0341,0.0295,0.0287,0.0075,0.0007,0.016,0.0123,0.013045216,0.023344675,0.04049938,0.013542109,0.009967345,0.00268154,0.0025866616,0.0010103352,0.01288703,0.023385683,0.04056022,0.0135151725,0.009992095,0.002620282,0.24363962,0.15967096,0.65822214,4.5276494,1.8421112,0.0
2022-08-03,CTD9,4171106,693183,0.1279,0.1034,0.0842,0.0551,0.0494,0.039,0.0391,0.0337,0.0337,0.0084,0.0007,0.0208,0.0147,0.01896282,0.027398353,0.045279577,0.016853198,0.016455853,0.0046061683,0.0044572223,0.0017025749,0.018508025,0.026904391,0.04584202,0.017005997,0.014863869,0.0046520033,0.6849566,0.1884804,0.45864648,7.9251146,2.8818507,0.0
2022-08-03,CTD10,4170388,695646,0.1274,0.0991,0.076,0.0473,0.0417,0.038,0.0376,0.0322,0.0328,0.0084,0.0006,0.0209,0.0148,0.013502871,0.020969363,0.028043894,0.0077513214,0.006160685,0.0017513916,0.0017150302,0.0006887697,0.013384099,0.02083588,0.028097006,0.0077052345,0.0060355454,0.0017494216,0.18793702,0.15869737,0.2960366,2.6955154,1.4240686,0.0
2022-08-03,CTD11,4169609,700351,0.1277,0.0941,0.0687,0.0432,0.0381,0.0353,0.0349,0.0277,0.0314,0.0085,0.0007,0.0187,0.0146,0.00914142,0.013794665,0.016615512,0.0056055845,0.0047984477,0.00143806,0.0014130592,0.00058054936,0.009145862,0.013670946,0.016346904,0.0056484006,0.0047893,0.0014245687,0.15277824,0.22545618,0.3393665,1.9878471,1.366096,0.0
2022-08-03,CTD12,4173438,695414,0.1301,0.1033,0.0817,0.0467,0.0379,0.031,0.0312,0.0261,0.024,0.007,0.0007,0.0125,0.0101,0.023677215,0.035460357,0.05835727,0.02208322,0.018327525,0.005016567,0.0047994447,0.0018308117,0.023338662,0.03541788,0.058873825,0.022096349,0.01769075,0.004918517,0.46259704,0.2112701,0.46754766,8.003787,2.930095,0.0
2022-09-07,CTD1,4187246,695025,0.121,0.0891,0.0682,0.0418,0.0389,0.0335,0.0332,0.029,0.0302,0.0078,0.0008,0.019,0.0143,0.011393916,0.017279334,0.02520841,0.010458185,0.011999718,0.0035642069,0.0035192329,0.0013644669,0.01124967,0.016831039,0.025378525,0.010975103,0.010450392,0.00366227,0.8680258,0.33875725,0.5548935,6.2943335,2.602674,0.0
2022-09-07,CTD2,4181518,693105,0.1188,0.0876,0.0634,0.0376,0.032,0.0292,0.0277,0.0244,0.0245,0.0067,0.0007,0.0134,0.0097,0.0039409595,0.009814973,0.014832536,0.0038618024,0.0025759977,0.00067383476,0.0006532459,0.0002600948,0.0039094384,0.01004529,0.014698487,0.0038072518,0.0027042737,0.0006640067,0.003945206,0.09842865,0.83614933,0.861835,0.58104455,0.0
2022-09-07,CTD3,4181698,695238,0.1176,0.0863,0.0612,0.0349,0.0296,0.0267,0.0262,0.0218,0.0211,0.0067,0.0005,0.0112,0.0088,0.015258234,0.020472618,0.02172528,0.005787446,0.0045772265,0.0013534974,0.0013401433,0.000551469,0.015086099,0.020389587,0.02169737,0.005720735,0.0045524943,0.0013597998,0.1497583,0.25259265,0.21400388,2.0614848,1.4137768,0.0
2022-09-07,CTD4,4180266,698264,0.1153,0.0836,0.0583,0.0329,0.0273,0.0241,0.0222,0.0191,0.0192,0.0061,0.0006,0.0094,0.0068,0.0023466134,0.0059604333,0.011058416,0.002411737,0.0014960496,0.00037937236,0.00036518043,0.00014476685,0.0023494398,0.006071974,0.011122889,0.0023547031,0.0015173195,0.0003743786,5.585195e-05,0.06671658,0.9369156,0.6648287,0.29816008,0.0
2022-09-07,CTD5,4179450,700268,0.1148,0.0868,0.0642,0.0303,0.0241,0.0219,0.02,0.0157,0.0156,0.005,0.0005,0.0066,0.0047,0.0038125212,0.009091199,0.013858275,0.0025060184,0.0015210555,0.00038838573,0.0003749751,0.0001478435,0.0037928156,0.009289043,0.013891518,0.0024545316,0.0015650196,0.0003798787,0.0002530958,0.044134654,0.6239638,0.6371897,0.29583913,0.0
2022-09-07,CTD6,4176009,695829,0.1153,0.0844,0.0595,0.0317,0.026,0.0217,0.0206,0.0163,0.0156,0.0056,0.0006,0.0069,0.0045,0.01718649,0.023152338,0.029622702,0.010112727,0.0076812273,0.002183942,0.0021064403,0.0008416657,0.016955381,0.023118064,0.029646408,0.009992926,0.0075706616,0.0021156187,0.20913307,0.22740386,0.24295063,3.6013432,1.7828474,0.0
2022-09-07,CTD7,4176724,690397,0.1434,0.1316,0.126,0.0667,0.0471,0.0291,0.0287,0.0235,0.022,0.0064,0.0007,0.0102,0.0063,0.025853774,0.04430672,0.086154975,0.038194638,0.029675499,0.007866052,0.007379634,0.0027289968,0.026128884,0.04445377,0.08567768,0.03773144,0.030585853,0.007939791,0.39989737,0.2056486,1.0247939,11.847291,4.162988,0.0
2022-09-07,CTD8,4174178,693048,0.1254,0.1022,0.0901,0.0438,0.0327,0.0249,0.0236,0.0186,0.0183,0.0061,0.0006,0.0081,0.0052,0.016647434,0.030371044,0.05388769,0.017610574,0.012587014,0.0032829992,0.003148553,0.0012079366,0.016494311,0.030475654,0.053821545,0.01757914,0.012712838,0.003174041,0.23190379,0.1282785,0.68368113,5.5449324,2.1357388,0.0
2022-09-07,CTD9,4171106,693183,0.1161,0.0879,0.0706,0.04,0.0375,0.0264,0.0255,0.0212,0.0215,0.0068,0.0005,0.0116,0.0075,0.014699844,0.020477863,0.034322493,0.013260396,0.0153331375,0.0042803753,0.004206932,0.0015961722,0.014403458,0.019902544,0.034788106,0.013829124,0.01322112,0.004500482,1.0323708,0.1790198,0.56594145,7.4541035,3.1168392,0.0
2022-09-07,CTD10,4170388,695646,0.1142,0.082,0.0591,0.0325,0.0267,0.0232,0.0216,0.018,0.0186,0.0061,0.0007,0.008,0.006,0.0034089722,0.008813414,0.017233932,0.0036015608,0.0021937918,0.0005649767,0.0005456341,0.0002167287,0.0033826272,0.0091214115,0.017292654,0.0035248965,0.0022919215,0.0005546975,0.00085115846,0.06765053,0.85942197,0.9154751,0.44641402,0.0
2022-09-07,CTD11,4169609,700351,0.1123,0.0811,0.0569,0.0313,0.0262,0.0228,0.0214,0.0176,0.018,0.0061,0.0005,0.0087,0.0065,0.0074807378,0.012954076,0.018291742,0.0047622714,0.0035072847,0.0010135721,0.0010001247,0.00041004136,0.0074816523,0.012910579,0.018292237,0.004703139,0.0035658649,0.0010186337,0.13041356,0.113215715,0.42993322,1.1566551,1.106156,0.0
2022-09-07,CTD12,4173438,695414,0.1185,0.0896,0.0667,0.0342,0.0273,0.0231,0.0221,0.0173,0.0174,0.0055,0.0008,0.007,0.0057,0.012773006,0.022686625,0.03371506,0.008374874,0.005829964,0.0015705934,0.0015274992,0.0006029178,0.012674206,0.022680182,0.0337587,0.00837305,0.0059347637,0.0015486095,0.15457506,0.089781955,0.4257274,2.4703085,1.3597982,0.0
2022-09-27,CTD1,4187246,695025,0.1169,0.0833,0.0583,0.0315,0.0265,0.0216,0.0192,0.0164,0.0155,0.0061,0.0008,0.0063,0.0045,0.0027141762,0.0072667855,0.015576632,0.0048206355,0.0032593086,0.00089512364,0.0008702532,0.00035390083,0.0027048157,0.007466292,0.015761044,0.0047310423,0.0034055114,0.000882832,5.0524202e-05,0.1695589,1.4650335,1.201067,0.9283429,0.0
2022-09-27,CTD2,4181518,693105,0.1156,0.083,0.0568,0.03,0.0244,0.0201,0.0193,0.0151,0.0146,0.0055,0.0006,0.0048,0.0035,0.01587853,0.021516617,0.028070262,0.01012932,0.008110457,0.0023824216,0.002315316,0.00092704763,0.015663268,0.021470523,0.028072137,0.010012104,0.007891028,0.0023265395,0.27905485,0.29964116,0.28414026,3.9236107,2.0394015,0.0
2022-09-27,CTD3,4181698,695238,0.1164,0.0846,0.0589,0.0313,0.0249,0.0219,0.0197,0.0163,0.0155,0.0061,0.0006,0.0056,0.0042,0.004030666,0.0096840495,0.015136926,0.0030095568,0.0018397643,0.00047899302,0.0004649244,0.00018368843,0.0040108305,0.0098928865,0.015140005,0.002963157,0.001913241,0.00047032832,5.7613484e-05,0.07736152,0.6328048,0.7678283,0.40091482,0.0
2022-09-27,CTD4,4180266,698264,0.1163,0.0834,0.0573,0.0312,0.0256,0.0215,0.0198,0.0163,0.0155,0.0056,0.0007,0.0066,0.0051,0.01067695,0.014945065,0.019214718,0.007770488,0.0060903993,0.0018459368,0.0018160269,0.0007434889,0.010644196,0.014890556,0.01904451,0.007666823,0.0061093844,0.001813157,0.19050507,0.39154965,0.3359165,2.7162888,1.9869691,0.0
2022-09-27,CTD5,4179450,700268,0.1267,0.0973,0.0729,0.0358,0.0284,0.022,0.019,0.0152,0.0137,0.0056,0.0005,0.0047,0.0034,0.0026953407,0.0070659053,0.014879413,0.0035744782,0.0021817673,0.00055829214,0.00054084393,0.00021335258,0.0027265344,0.007345162,0.01501752,0.00347585,0.0022366531,0.000549125,0.0017484014,0.15622424,0.3784287,0.914868,0.36637688,0.0
2022-09-27,CTD6,4176009,695829,0.1175,0.0873,0.0628,0.0315,0.0264,0.0207,0.0183,0.0152,0.0146,0.0055,0.0006,0.0043,0.0028,0.00851885,0.014813904,0.02303591,0.006002429,0.004397265,0.0012200542,0.0011980435,0.00048492683,0.008492198,0.01473414,0.023001462,0.0059694047,0.004454577,0.0012260536,0.14161831,0.11387812,0.45076156,1.5723377,1.2762331,0.0
2022-09-27,CTD7,4176724,690397,0.1261,0.1026,0.0957,0.0473,0.0364,0.024,0.0229,0.0177,0.0163,0.0061,0.0006,0.0053,0.0033,0.02346194,0.040181953,0.075459085,0.033366233,0.0254881,0.0066770273,0.006301558,0.002346561,0.023556769,0.04044856,0.07596763,0.03300925,0.025962103,0.0066523626,0.37929252,0.20666686,0.9517824,10.119561,3.938214,0.0
2022-09-27,CTD8,4174178,693048,0.1217,0.0954,0.0836,0.0425,0.0325,0.0223,0.0201,0.0174,0.0153,0.0057,0.0005,0.0052,0.0036,0.012135281,0.023709161,0.046216764,0.01673319,0.012533529,0.003328073,0.0032271873,0.0012479672,0.011946181,0.023814363,0.046276357,0.01668895,0.012516689,0.0032784315,0.24041507,0.19076075,1.0116463,5.2792788,2.572726,0.0
2022-09-27,CTD9,4171106,693183,0.1204,0.0931,0.0812,0.0492,0.0402,0.0245,0.0225,0.0182,0.0163,0.0061,0.0005,0.0058,0.0037,0.00851368,0.018510493,0.044657357,0.027265,0.026137078,0.0077983434,0.007622402,0.0028970742,0.0084077185,0.01847986,0.04553834,0.027386058,0.025331993,0.008247533,0.55250275,0.5391669,3.5999143,12.123983,5.913948,0.0
2022-09-27,CTD10,4170388,695646,0.1201,0.0927,0.0773,0.04,0.0315,0.0228,0.0212,0.017,0.0154,0.0058,0.0006,0.0058,0.0049,0.013770816,0.024569912,0.043980338,0.017041422,0.013000329,0.0035092514,0.0033968277,0.0013138908,0.013580227,0.02463798,0.044153135,0.016996473,0.012923199,0.0034407352,0.2808971,0.21559612,0.9023824,5.5617194,2.6567283,0.0
2022-09-27,CTD11,4169609,700351,0.1176,0.086,0.0611,0.034,0.029,0.0247,0.0234,0.0191,0.0199,0.0073,0.0004,0.009,0.0074,0.0057071955,0.011990349,0.019893765,0.0053898706,0.0039168242,0.0010765895,0.0010528271,0.00042539075,0.005677659,0.011998135,0.01984832,0.0053655836,0.0039744126,0.0010822782,0.13794506,0.13165033,0.6894685,1.4869887,1.113514,0.0
2022-09-27,CTD12,4173438,695414,0.1203,0.0928,0.0756,0.0363,0.028,0.0202,0.0189,0.0145,0.0139,0.0054,0.0004,0.0043,0.0036,0.012165773,0.022480773,0.039134584,0.013233599,0.00966505,0.0026449799,0.0025598314,0.001008205,0.011998541,0.02253731,0.039202306,0.013174798,0.0097996425,0.0025741826,0.20563787,0.194195,0.75707877,4.04267,2.2335064,0.0
2023-01-10,CTD1,4187246,695025,0.1371,0.0955,0.0598,0.0341,0.0278,0.0245,0.022,0.0164,0.0165,0.0058,0.0009,0.0041,0.0027,0.0017354159,0.004176887,0.007767906,0.0020581663,0.001254493,0.00032389862,0.00031241067,0.00012393037,0.0017506465,0.0041967817,0.00777703,0.0020133257,0.0012858699,0.00031403807,5.4333803e-05,0.118792266,1.0352368,0.55918044,0.2635457,0.0
2023-01-10,CTD2,4181518,693105,0.1366,0.0951,0.0597,0.0318,0.0263,0.023,0.0208,0.0158,0.0152,0.0054,0.0009,0.0034,0.0013,0.005964243,0.0086139515,0.009828136,0.0038036008,0.0029366454,0.00090372213,0.0008985428,0.00037872442,0.006067421,0.008589132,0.009622589,0.0037176588,0.0030010939,0.00090533163,0.029905416,0.39855987,0.33157846,1.0397403,1.2184845,0.0
2023-01-10,CTD3,4181698,695238,0.1356,0.0954,0.0594,0.0314,0.0245,0.0224,0.0185,0.0152,0.0141,0.0051,0.0009,0.0028,0.0008,0.0012952028,0.0032073215,0.0052486747,0.0007816403,0.00039605759,9.898212e-05,9.118193e-05,3.4979348e-05,0.001354849,0.003352712,0.005369137,0.0007558751,0.00042390512,9.592107e-05,2.7292905e-05,0.04907414,1.1421613,0.20044826,0.04256466,0.0
2023-01-10,CTD4,4180266,698264,0.1366,0.0983,0.0653,0.0314,0.0262,0.0221,0.0196,0.0148,0.0148,0.0053,0.0008,0.0029,0.0009,0.004185456,0.008715967,0.013122314,0.0028194378,0.0019004019,0.0005153004,0.0005032403,0.00020327193,0.0041848053,0.008688438,0.013052665,0.002775937,0.0019398674,0.0005148161,0.06048587,0.070631385,0.50139517,0.70809543,0.5561476,0.0
2023-01-10,CTD5,4179450,700268,0.1398,0.1037,0.0731,0.033,0.026,0.0218,0.0208,0.0154,0.0155,0.0049,0.0005,0.0028,0.0018,0.014298401,0.023709161,0.031496,0.008238156,0.0062015974,0.0016847458,0.0016481396,0.0006520598,0.014191737,0.023667008,0.03160308,0.008187406,0.006184012,0.0016693083,0.17119472,0.11775063,0.2735021,2.402882,1.54727,0.0
2023-01-10,CTD6,4176009,695829,0.1363,0.0964,0.0605,0.0317,0.0253,0.0206,0.019,0.0149,0.0153,0.0052,0.0006,0.0031,0.0018,0.004406447,0.009839492,0.014615498,0.00399872,0.0026138625,0.0007232011,0.0007095074,0.0002927092,0.0043880916,0.009935355,0.014460937,0.003942893,0.0027287959,0.000721966,0.046178274,0.11028973,0.5948082,0.9388429,0.86865,0.0
2023-01-10,CTD7,4176724,690397,0.1456,0.1176,0.0946,0.0391,0.029,0.0226,0.0208,0.0152,0.015,0.0051,0.0009,0.0022,0.0014,0.019565988,0.03198722,0.047430094,0.012357168,0.008736415,0.0023120793,0.002219448,0.0008628134,0.019440418,0.03194015,0.047690462,0.012354026,0.008738341,0.0022378936,0.22487329,0.094596274,0.37579006,3.6171975,1.9282656,0.0
2023-01-10,CTD8,4174178,693048,0.1398,0.1039,0.074,0.0349,0.0278,0.0231,0.0222,0.0164,0.0152,0.0052,0.0006,0.0028,0.0008,0.017258853,0.025500884,0.03587474,0.012044677,0.009054545,0.0025245382,0.0024212815,0.000953352,0.017021896,0.025497157,0.03606876,0.011965965,0.008950071,0.0024335834,0.24575683,0.21241438,0.34734568,3.8628871,1.9973514,0.0
2023-01-10,CTD9,4171106,693183,0.1361,0.1006,0.0699,0.0393,0.033,0.023,0.0215,0.0154,0.0147,0.0053,0.0007,0.0042,0.0029,0.01177694,0.019117007,0.03032459,0.018061046,0.017730026,0.0059847953,0.0058702286,0.0022851347,0.011600388,0.01886146,0.03052897,0.01821989,0.017273214,0.005986733,0.6089872,0.5861279,1.3874257,8.078457,5.6486015,0.0
2023-01-10,CTD10,4170388,695646,0.1336,0.0919,0.0585,0.0296,0.0244,0.0205,0.019,0.0148,0.0135,0.0051,0.0008,0.0026,0.002,0.0046720016,0.008119103,0.010705069,0.0035560762,0.0024785972,0.0007057683,0.0006905158,0.00028541492,0.0047274125,0.008082591,0.010675345,0.0035372658,0.0025367632,0.0007022887,0.10622614,0.15981059,0.39154592,0.921568,0.8031064,0.0
2023-01-10,CTD11,4169609,700351,0.136,0.0979,0.0659,0.0322,0.0243,0.0207,0.02,0.014,0.0141,0.005,0.001,0.0028,0.0018,0.009251362,0.015939895,0.021804485,0.0069820024,0.004864543,0.001362782,0.0013289206,0.0005288475,0.009164445,0.015896223,0.021710843,0.006979855,0.005015286,0.001333495,0.10600293,0.2192253,0.44301453,2.2209404,1.208045,0.0
2023-01-10,CTD12,4173438,695414,0.1353,0.0947,0.0606,0.0316,0.0253,0.0215,0.0205,0.0148,0.0142,0.0049,0.0009,0.0028,0.0018,0.009991379,0.013390915,0.0141798435,0.005287433,0.0040249876,0.0012604884,0.0012468647,0.00051979825,0.010041413,0.013399269,0.013914255,0.005167099,0.0041109924,0.0012448729,0.05836329,0.45307028,0.2042252,1.7992663,1.4382203,0.0
2023-03-01,CTD1,4187246,695025,0.1255,0.0888,0.0587,0.033,0.0294,0.0256,0.0232,0.0177,0.0168,0.0083,0.001,0.0052,0.003,0.007326354,0.010398212,0.012193084,0.005276656,0.0043779346,0.0014115816,0.0014151614,0.00058054936,0.007388066,0.010425748,0.01191853,0.0051993956,0.0042629857,0.0014780711,0.15649922,0.5561247,0.34173998,2.373647,1.5605541,0.0
2023-03-01,CTD2,4181518,693105,0.1249,0.0878,0.0566,0.0304,0.0254,0.0227,0.0213,0.0171,0.0147,0.0073,0.0011,0.004,0.0024,0.014994943,0.016896956,0.016206447,0.0063027954,0.0043760063,0.0013641138,0.0013074116,0.0005389059,0.014867626,0.0170369,0.015771247,0.006132942,0.0045928895,0.0012988131,0.049150776,0.47414106,0.1797702,2.612233,0.86922765,0.0
2023-03-01,CTD3,4181698,695238,0.1248,0.0898,0.0598,0.0301,0.0255,0.0214,0.02,0.016,0.0143,0.0069,0.001,0.0041,0.0022,0.018547183,0.023714881,0.027624546,0.009262508,0.0068272515,0.0019648576,0.0018860416,0.0007561466,0.018276883,0.023737667,0.027594678,0.009124988,0.0068052905,0.0018920704,0.14659227,0.2995029,0.16423595,3.4181988,1.5140389,0.0
2023-03-01,CTD4,4180266,698264,0.1353,0.104,0.0763,0.0376,0.0308,0.0226,0.0216,0.0168,0.0159,0.0072,0.0009,0.004,0.0029,0.026800772,0.037482712,0.055655178,0.019928625,0.01572795,0.0046437616,0.0043335413,0.0016779732,0.026420293,0.037654802,0.05612614,0.019620003,0.015458224,0.0043540685,0.296621,0.3114992,0.33004338,7.599404,3.013467,0.0
2023-03-01,CTD5,4179450,700268,0.1522,0.1292,0.1046,0.0461,0.0345,0.0255,0.022,0.0177,0.0166,0.0073,0.0011,0.0043,0.0028,0.01979997,0.034612432,0.05652969,0.014945841,0.010207583,0.0026333323,0.0025107255,0.0009634699,0.019752448,0.034619894,0.056416262,0.014981092,0.010368947,0.002521262,0.20955618,0.08183283,0.47394922,4.578119,1.8921144,0.0
2023-03-01,CTD6,4176009,695829,0.1262,0.0923,0.0603,0.0298,0.0245,0.0214,0.0184,0.0155,0.0141,0.0067,0.0008,0.0037,0.0023,0.0038074688,0.0086606955,0.012306966,0.00245976,0.0015100188,0.0003936718,0.00038201152,0.00015142118,0.0037975549,0.00879696,0.012281726,0.002414906,0.0015598325,0.0003857714,0.00031454046,0.069858,0.4761772,0.63973093,0.36278677,0.0
2023-03-01,CTD7,4176724,690397,0.1334,0.1088,0.0838,0.033,0.0265,0.0231,0.0217,0.017,0.0168,0.0073,0.0008,0.0038,0.002,0.021119853,0.03326668,0.042669505,0.007186003,0.0044734906,0.0011509829,0.0011095484,0.00042715782,0.02137688,0.03316837,0.04308702,0.0072138817,0.0046592355,0.0011372931,0.15953714,0.0060174074,0.18306884,2.0816472,0.95018286,0.0
2023-03-01,CTD8,4174178,693048,0.1417,0.1192,0.095,0.0401,0.0311,0.023,0.0216,0.0168,0.0156,0.0066,0.001,0.0035,0.0023,0.032611415,0.050230086,0.08406136,0.02722434,0.019551156,0.004910323,0.0045620613,0.0017016904,0.032998927,0.05007916,0.083360456,0.027367093,0.019894706,0.004683969,0.3817236,0.0753533,0.48816362,8.073771,2.7983162,0.0
2023-03-01,CTD9,4171106,693183,0.1295,0.1013,0.0744,0.0413,0.0346,0.0242,0.0233,0.0183,0.0177,0.0076,0.0008,0.005,0.0028,0.024394078,0.03541917,0.054118816,0.021620035,0.017927285,0.0050644646,0.004843605,0.0018623444,0.023960713,0.035454337,0.055130113,0.021582304,0.017395355,0.0049565583,0.5022068,0.36834267,0.4634011,8.608545,3.838475,0.0
2023-03-01,CTD10,4170388,695646,0.129,0.0971,0.0682,0.0324,0.0259,0.0232,0.0212,0.0164,0.0151,0.0072,0.0008,0.004,0.0022,0.010863107,0.019303456,0.022750905,0.003997117,0.0024334753,0.00065464445,0.00064131594,0.0002555857,0.010824958,0.0193926,0.022783227,0.003951181,0.0025927124,0.00064961,0.06617519,0.054755144,0.22912003,0.9419613,0.75444466,0.0
2023-03-01,CTD11,4169609,700351,0.1311,0.1014,0.0744,0.0374,0.0301,0.0241,0.0222,0.0175,0.0155,0.0072,0.0011,0.0044,0.0029,0.020109588,0.032265436,0.04734189,0.013558531,0.00965666,0.002614031,0.0025057415,0.0009809156,0.020003142,0.032246888,0.04754668,0.013490933,0.009735072,0.0025147118,0.21026312,0.13622692,0.3955903,4.312101,1.8847164,0.0
2023-03-01,CTD12,4173438,695414,0.126,0.0916,0.0609,0.0303,0.0252,0.0219,0.0199,0.0156,0.0147,0.0065,0.0008,0.0032,0.0022,0.011140487,0.01637506,0.01787807,0.0043075844,0.0029583464,0.00085342623,0.0008200413,0.00033283708,0.01115938,0.016365474,0.017729571,0.004232979,0.0031547837,0.0008276164,0.04046528,0.17257325,0.19003783,1.0627156,0.91669613,0.0
2023-03-16,CTD1,4187246,695025,0.1136,0.0789,0.0521,0.0278,0.0238,0.0189,0.0171,0.0145,0.0124,0.006,0.0007,0.0043,0.0037,0.0057035172,0.0074003073,0.010246642,0.005248742,0.004809046,0.0015139118,0.0014982139,0.00061314175,0.005810304,0.0073220795,0.0101979105,0.0053841453,0.004691875,0.0015309941,0.2964269,0.37967452,0.4735049,2.467133,1.5905867,0.0
2023-03-16,CTD2,4181518,693105,0.1142,0.0805,0.0532,0.0268,0.0216,0.0198,0.0171,0.0138,0.0128,0.0059,0.0006,0.0038,0.0028,0.0017127271,0.0044285143,0.0065709585,0.0008157073,0.00040655973,0.00010081872,9.242603e-05,3.5329642e-05,0.0017470884,0.004623632,0.0067926757,0.00077871344,0.00043254808,9.7170814e-05,3.8445924e-05,0.035605002,0.6572973,0.20044826,0.04309579,-1.435e-42
2023-03-16,CTD3,4181698,695238,0.1148,0.0827,0.0561,0.0264,0.0217,0.0188,0.0159,0.0135,0.0124,0.0055,0.0006,0.0032,0.002,0.0013084416,0.0041377367,0.008152151,0.001208407,0.000617648,0.00014994682,0.00013964692,5.400355e-05,0.001351871,0.004403442,0.0083208205,0.0011353972,0.00064220786,0.00014308142,2.6625397e-05,0.0062812776,1.2326592,0.31441498,0.051885936,-1.435e-42
2023-03-16,CTD4,4180266,698264,0.1158,0.0867,0.0614,0.0266,0.0216,0.0182,0.016,0.0125,0.0123,0.0054,0.0008,0.0033,0.0022,0.003933137,0.009264894,0.015110471,0.0031075324,0.0019673838,0.0005178759,0.0005041672,0.00020081089,0.0039143246,0.009427435,0.015100711,0.0030535827,0.0020319526,0.0005119227,0.007231754,0.074918896,0.5710111,0.805419,0.48712212,0.0
2023-03-16,CTD5,4179450,700268,0.1253,0.1002,0.0742,0.026,0.0211,0.0174,0.0158,0.0125,0.0114,0.0055,0.0007,0.003,0.0022,0.023938678,0.03565964,0.044535983,0.008067051,0.005262251,0.0013228034,0.0012648423,0.00048190274,0.024201546,0.035454337,0.04514312,0.008125415,0.0053122984,0.0013097558,0.20110705,0.008271986,0.1580316,2.62903,0.85660774,0.0
2023-03-16,CTD6,4176009,695829,0.1136,0.0798,0.0525,0.0257,0.0211,0.0177,0.0157,0.0128,0.0116,0.0054,0.0007,0.0029,0.0023,0.005327176,0.009638721,0.013267571,0.0033696743,0.0021854595,0.0006146221,0.0006007022,0.00024425742,0.005359075,0.0097694285,0.013151634,0.0033222986,0.002286762,0.0006102791,0.05156793,0.09967891,0.40343124,0.7734558,0.68876076,0.0
2023-03-16,CTD7,4176724,690397,0.1292,0.1095,0.092,0.0333,0.025,0.0193,0.0179,0.0144,0.0134,0.0055,0.0006,0.0038,0.0022,0.02981739,0.045435745,0.07311387,0.020328341,0.014637242,0.0036322933,0.0034169422,0.001282536,0.029935196,0.045172084,0.07274198,0.020462973,0.014466399,0.0034758928,0.34847856,0.06202785,0.34047198,6.554469,2.0741887,0.0
2023-03-16,CTD8,4174178,693048,0.1171,0.0868,0.0613,0.0264,0.021,0.0182,0.0168,0.0126,0.0116,0.0054,0.0005,0.0029,0.0011,0.0078048734,0.015171247,0.019221216,0.0036303117,0.0022321944,0.00060031685,0.0005848737,0.00023221053,0.0077732042,0.015315395,0.019171448,0.003597246,0.0023752134,0.00059153856,0.03909413,0.054289114,0.31846985,0.8774159,0.6131489,0.0
2023-03-16,CTD9,4171106,693183,0.1168,0.0908,0.0699,0.0379,0.0309,0.0194,0.0181,0.0146,0.0131,0.0052,0.0007,0.0043,0.0029,0.02116745,0.030630386,0.048675336,0.02262433,0.019065905,0.005611885,0.0054346607,0.002083868,0.020663004,0.030373821,0.04984175,0.02249795,0.01798933,0.005644083,0.4140964,0.35869387,0.5818324,8.925626,3.94314,0.0
2023-03-16,CTD10,4170388,695646,0.1123,0.0787,0.0522,0.0248,0.0205,0.0179,0.0161,0.0127,0.0121,0.0054,0.0006,0.0035,0.0028,0.0060800067,0.010611848,0.012162589,0.002548406,0.0016541333,0.0004541633,0.0004434779,0.0001784638,0.0061047217,0.010639935,0.012108812,0.0025087313,0.0017192991,0.00045025628,0.09353362,0.15842041,0.27000958,0.67639893,0.48776728,0.0
2023-03-16,CTD11,4169609,700351,0.1142,0.0869,0.0622,0.0268,0.0216,0.0176,0.0153,0.0131,0.0113,0.0049,0.0006,0.0032,0.002,0.007385944,0.016181141,0.02600316,0.005442976,0.0033253203,0.00088365434,0.00086312153,0.00033953178,0.007319643,0.016415708,0.025973396,0.00543456,0.0035658649,0.0008647368,0.042155735,0.05365656,0.56567585,1.415424,0.74596435,0.0
2023-03-16,CTD12,4173438,695414,0.1147,0.0817,0.0549,0.0262,0.0213,0.0185,0.0173,0.0132,0.012,0.0054,0.0006,0.0031,0.0027,0.014279467,0.01821201,0.01931239,0.005429649,0.0036354195,0.0010408056,0.0009957388,0.0003983475,0.014188042,0.018192356,0.01908674,0.0053618783,0.0037838742,0.001012881,0.064040035,0.21833645,0.16692552,1.925482,0.7249381,0.0
2023-04-20,CTD1,4187246,695025,0.1265,0.0942,0.0697,0.0469,0.0441,0.0404,0.0395,0.0348,0.0352,0.0125,0.0007,0.0242,0.0187,0.002603168,0.0055421074,0.010161618,0.0048481305,0.0048795952,0.0013687855,0.0013381557,0.0005332937,0.002607773,0.005528919,0.010143929,0.0048898924,0.0043105516,0.0013838303,0.34668553,0.2504116,1.7052944,2.128046,1.1929446,0.0
2023-04-20,CTD2,4181518,693105,0.1261,0.096,0.0688,0.0457,0.0413,0.0388,0.0384,0.0352,0.0343,0.0126,0.0008,0.0229,0.0183,0.01407978,0.01660257,0.01623457,0.0058999676,0.00431096,0.0013131599,0.0012755058,0.0005238915,0.014026106,0.016659357,0.015899286,0.005754255,0.0044071646,0.0012797408,0.07749285,0.37790796,0.15395202,2.2776308,1.2804589,0.0
2023-04-20,CTD3,4181698,695238,0.1287,0.1008,0.0736,0.0483,0.0421,0.042,0.0403,0.0365,0.036,0.0128,0.0007,0.0256,0.0201,0.006842488,0.0136432,0.014848147,0.0019322773,0.00119556,0.00031080307,0.00030087025,0.00011896828,0.006816662,0.013794426,0.014876568,0.0018847807,0.0012232988,0.00030719553,0.059841283,0.0050037187,0.33142462,0.5306824,0.26784882,-2.87e-42
2023-04-20,CTD4,4180266,698264,0.1362,0.1137,0.0877,0.0546,0.0477,0.0437,0.0443,0.041,0.0391,0.0139,0.0009,0.0292,0.0231,0.029166372,0.03863972,0.049305204,0.012039777,0.008082083,0.0021079844,0.0019773836,0.0007573444,0.02888538,0.038555447,0.049804818,0.012002865,0.008091374,0.0019999573,0.20716904,0.09387384,0.18759935,4.2881503,1.0283123,0.0
2023-04-20,CTD5,4179450,700268,0.1528,0.1358,0.1121,0.0622,0.0525,0.0458,0.0454,0.0412,0.0414,0.0148,0.0008,0.031,0.0249,0.032051668,0.04677062,0.06486806,0.012564631,0.008117566,0.0019552207,0.0018241797,0.00067761214,0.032587178,0.04625056,0.064724796,0.012616769,0.008290244,0.001870252,0.27359396,0.005014685,0.26196387,4.3603706,0.77994984,-2.87e-42
2023-04-20,CTD6,4176009,695829,0.1318,0.1032,0.0778,0.0537,0.0484,0.0447,0.0449,0.0419,0.0412,0.0148,0.0007,0.0301,0.0239,0.0076000676,0.015025868,0.022780772,0.006834261,0.0047583873,0.0013462482,0.0013223643,0.0005332937,0.0075513837,0.0150055075,0.022839382,0.006793819,0.0049407086,0.0013271256,0.08454929,0.1883127,0.59564614,1.8931551,1.3043771,0.0
2023-04-20,CTD7,4176724,690397,0.1369,0.1223,0.1051,0.0446,0.0361,0.0302,0.029,0.0248,0.0253,0.0094,0.0009,0.0138,0.0104,0.033780564,0.04748253,0.064584464,0.0126567455,0.008146059,0.0019638918,0.0018351075,0.0006822685,0.034239963,0.04691939,0.06458339,0.012821462,0.008197317,0.0018891483,0.27887124,0.0050835,0.17953143,4.4227676,0.54591477,-2.87e-42
2023-04-20,CTD8,4174178,693048,0.1436,0.1282,0.1141,0.0565,0.0463,0.0367,0.0377,0.0325,0.0319,0.0124,0.0009,0.0207,0.0161,0.036421213,0.053953398,0.09124836,0.028078469,0.020885948,0.004985658,0.004639949,0.0016999227,0.03662277,0.0533293,0.08948683,0.028445493,0.020729909,0.004825889,0.45971203,0.021207202,0.39540553,9.137402,1.9107314,0.0
2023-04-20,CTD9,4171106,693183,0.1293,0.1068,0.0856,0.0569,0.05,0.0398,0.0401,0.0344,0.0362,0.0133,0.0008,0.0232,0.019,0.023501927,0.035879962,0.060157623,0.019967504,0.020661008,0.005686334,0.0054216995,0.0020299293,0.023170773,0.035819773,0.06057432,0.020977175,0.018729081,0.005644083,0.6491133,0.14726456,0.47573075,8.65821,3.499746,0.0
2023-04-20,CTD10,4170388,695646,0.1255,0.0967,0.073,0.0483,0.0433,0.0418,0.0421,0.0384,0.0364,0.0138,0.0007,0.0264,0.0215,0.009903732,0.015021607,0.017604714,0.0053090565,0.0036851238,0.0010997441,0.0010647572,0.00043520576,0.009865365,0.014933052,0.017571624,0.005202996,0.0038449743,0.0010757458,0.060098305,0.19541301,0.35386962,1.7132168,1.0087063,0.0
2023-04-20,CTD11,4169609,700351,0.1332,0.1077,0.0823,0.0494,0.0439,0.0408,0.0404,0.0342,0.0366,0.0141,0.0007,0.0256,0.0216,0.012487499,0.022276014,0.027991213,0.0056447093,0.0034661337,0.0009417141,0.0009246624,0.0003653375,0.012457198,0.0224007,0.028047284,0.005598076,0.0037403975,0.00091382046,0.063132815,0.0424234,0.25359383,1.3534395,0.9130484,0.0
2023-04-20,CTD12,4173438,695414,0.1309,0.104,0.0785,0.0549,0.0492,0.0474,0.0463,0.0437,0.0426,0.0152,0.0008,0.0313,0.0261,0.004384728,0.00995355,0.014005873,0.002370152,0.0013950444,0.00035603886,0.0003434543,0.00013509192,0.004305368,0.010262086,0.014037633,0.002322396,0.0014524133,0.00034692785,0.0017515188,0.016495954,0.4682058,0.5876716,0.28599766,0.0
2023-05-25,CTD1,4187246,695025,0.1382,0.1058,0.079,0.0508,0.0466,0.0433,0.0417,0.0349,0.0327,0.0105,0.0007,0.0153,0.0104,0.01268199,0.015166956,0.01746638,0.0067754984,0.00551688,0.0016568609,0.0016205184,0.00065653725,0.012646931,0.015159842,0.017253911,0.006670751,0.0053860513,0.0016517446,0.2265364,0.37405136,0.12549508,2.8368738,1.4805245,0.0
2023-05-25,CTD2,4181518,693105,0.133,0.1001,0.0711,0.0467,0.04,0.0381,0.037,0.0318,0.0316,0.0098,0.0008,0.015,0.0103,0.008921949,0.014240162,0.015409104,0.00314796,0.00201913,0.0005688737,0.00055716827,0.00022476484,0.008943472,0.014280778,0.0153130125,0.0030998515,0.0021381779,0.0005632804,0.020035986,0.07232042,0.19251126,0.7223376,0.64532924,0.0
2023-05-25,CTD3,4181698,695238,0.1362,0.1012,0.0713,0.046,0.0407,0.0372,0.0369,0.0313,0.0328,0.0108,0.0008,0.0164,0.0124,0.017696781,0.021478789,0.02403256,0.009746287,0.0074716215,0.002218569,0.002122227,0.0008510497,0.017403262,0.021520292,0.023731675,0.009532383,0.007391433,0.0021245033,0.12870416,0.36120734,0.16891918,4.266963,1.282153,0.0
2023-05-25,CTD4,4180266,698264,0.1359,0.1011,0.0729,0.0419,0.0357,0.0319,0.0313,0.0253,0.0246,0.0094,0.0007,0.011,0.0072,0.027281418,0.03241819,0.037054367,0.012868939,0.009371391,0.0025961418,0.0024406137,0.00095637626,0.0266449,0.032583106,0.037106775,0.012716873,0.00919358,0.0024344926,0.18819237,0.27103886,0.16524789,5.2792788,1.339304,0.0
2023-05-25,CTD5,4179450,700268,0.1414,0.1145,0.0861,0.0406,0.0336,0.0318,0.0302,0.0241,0.0243,0.0083,0.0008,0.0099,0.0059,0.016373513,0.029031752,0.032572296,0.003946177,0.0022877827,0.0005986582,0.0005788881,0.000226769,0.016514724,0.029099224,0.03307854,0.0038907975,0.0024367145,0.0005961071,0.09634233,0.0050037187,0.13883895,1.2002736,0.4848709,-2.87e-42
2023-05-25,CTD6,4176009,695829,0.1281,0.0944,0.0651,0.0398,0.0343,0.0318,0.0292,0.0259,0.024,0.0085,0.0008,0.0119,0.0083,0.004500256,0.009867136,0.01179782,0.0018659801,0.001095561,0.00027422173,0.00026327232,0.00010306863,0.0044487263,0.010125345,0.011738857,0.0018128782,0.0011200043,0.00026775667,0.009058164,0.07796451,0.2900907,0.614772,0.17386152,-1.435e-42
2023-05-25,CTD7,4176724,690397,0.1324,0.1004,0.0739,0.0447,0.0387,0.0373,0.0358,0.0298,0.03,0.009,0.0009,0.0147,0.0094,0.0051921415,0.012383698,0.015828155,0.002333782,0.0013373717,0.00033750493,0.0003251755,0.00012719756,0.005120484,0.012759687,0.015889008,0.002278746,0.0013945822,0.0003270911,0.0008808932,0.005152116,0.26668674,0.5810873,0.23357636,0.0
2023-05-25,CTD8,4174178,693048,0.128,0.095,0.0675,0.0393,0.0338,0.0316,0.0304,0.0251,0.024,0.0084,0.0007,0.0099,0.0067,0.0073629767,0.014683578,0.016523845,0.0026518847,0.0015629533,0.0004044948,0.0003919794,0.00015458738,0.007299882,0.014899048,0.016532283,0.0026000834,0.0016390092,0.00039503162,0.042125482,0.0947492,0.2397648,0.63930666,0.36565593,0.0
2023-05-25,CTD9,4171106,693183,0.1295,0.104,0.0837,0.0494,0.041,0.0303,0.0301,0.0238,0.0242,0.0078,0.0006,0.0077,0.0037,0.024934968,0.037001785,0.061722945,0.02521713,0.024078535,0.007288292,0.0070217852,0.0026263678,0.024392964,0.03677712,0.062925786,0.025565075,0.022913577,0.007272664,0.63409156,0.38520524,0.58101374,10.460718,4.7553787,0.0
2023-05-25,CTD10,4170388,695646,0.1249,0.0902,0.0628,0.0352,0.0302,0.0283,0.0262,0.0211,0.0208,0.0076,0.0007,0.006,0.003,0.0028995113,0.0070728282,0.008290374,0.0009778605,0.00052274746,0.00013064167,0.00012305634,4.8294445e-05,0.0028839165,0.0072807027,0.00846275,0.00093228894,0.0005403346,0.00012506008,9.927425e-05,0.00636091,0.45245466,0.27769288,0.06764981,-1.435e-42
2023-05-25,CTD11,4169609,700351,0.1286,0.0979,0.072,0.0376,0.0311,0.0282,0.027,0.0208,0.021,0.0076,0.0007,0.0063,0.0034,0.01569282,0.023754945,0.028744536,0.0064335577,0.004399203,0.001184417,0.0011506432,0.00045178336,0.015623822,0.023678774,0.028851032,0.0063934918,0.004477634,0.0011730778,0.14230496,0.056834467,0.27337655,1.9330168,0.92772627,0.0
2023-05-25,CTD12,4173438,695414,0.1263,0.0933,0.0648,0.0376,0.0335,0.0308,0.0289,0.0239,0.0226,0.008,0.0006,0.0106,0.0064,0.0066172336,0.012153046,0.012184364,0.0026764376,0.0017607999,0.0005074303,0.0004968052,0.00020208646,0.006620956,0.0122283595,0.012196988,0.0026191345,0.0018548932,0.00050395215,0.03596861,0.075586244,0.25014368,0.6795485,0.5401535,0.0
