Date,Buoy,Chl
2016-08-09,CTD5,0.12
2016-08-25,CTD5,1.06
2016-08-30,CTD5,0.44
2016-09-06,CTD5,
2016-09-08,CTD5,0.04
2016-09-22,CTD5,0.97
2016-09-29,CTD5,3.39
2016-10-06,CTD5,1.83
2016-10-14,CTD5,1.45
2016-10-21,CTD5,0.45
2016-10-28,CTD5,1.62
2016-11-03,CTD5,0.57
2016-11-11,CTD5,0.45
2016-11-18,CTD5,3.48
2016-11-22,CTD5,0.49
2016-12-02,CTD5,2.57
2016-12-13,CTD5,0.73
2016-12-21,CTD5,5.05
2017-01-12,CTD5,10.12
2017-01-26,CTD5,2.68
2017-02-03,CTD5,1.05
2017-02-10,CTD5,2.23
2017-02-16,CTD5,5.5
2017-02-24,CTD5,0.79
2017-03-02,CTD5,0.57
2017-03-22,CTD1,2.145
2017-03-22,CTD10,3.36
2017-03-22,CTD11,1.582
2017-03-22,CTD12,3.203
2017-03-22,CTD2,2.123
2017-03-22,CTD3,1.828
2017-03-22,CTD4,1.954
2017-03-22,CTD5,0.43
2017-03-22,CTD6,2.46
2017-03-22,CTD7,3.544
2017-03-22,CTD8,3.538
2017-03-22,CTD9,4.166
2017-03-30,CTD1,3.539
2017-03-30,CTD10,2.997
2017-03-30,CTD11,1.373
2017-03-30,CTD12,2.497
2017-03-30,CTD2,2.167
2017-03-30,CTD3,1.511
2017-03-30,CTD4,1.225
2017-03-30,CTD5,0.44
2017-03-30,CTD6,2.103
2017-03-30,CTD7,4.065
2017-03-30,CTD8,3.29
2017-03-30,CTD9,3.301
2017-04-05,CTD1,1.549
2017-04-05,CTD10,2.91
2017-04-05,CTD11,0.653
2017-04-05,CTD12,2.15
2017-04-05,CTD2,1.606
2017-04-05,CTD3,1.516
2017-04-05,CTD4,1.352
2017-04-05,CTD5,0.22
2017-04-05,CTD6,2.166
2017-04-05,CTD7,5.202
2017-04-05,CTD8,2.548
2017-04-05,CTD9,1.534
2017-04-12,CTD1,5.839
2017-04-12,CTD10,2.934
2017-04-12,CTD11,0.965
2017-04-12,CTD12,2.674
2017-04-12,CTD2,1.722
2017-04-12,CTD3,1.761
2017-04-12,CTD4,2.067
2017-04-12,CTD5,1.02
2017-04-12,CTD6,2.531
2017-04-12,CTD7,3.24
2017-04-12,CTD8,2.22
2017-04-12,CTD9,2.197
2017-04-18,CTD5,
2017-04-25,CTD1,1.5
2017-04-25,CTD10,1.496
2017-04-25,CTD11,1.366
2017-04-25,CTD12,1.955
2017-04-25,CTD2,2.065
2017-04-25,CTD3,1.692
2017-04-25,CTD4,1.454
2017-04-25,CTD5,1.16
2017-04-25,CTD6,2.032
2017-04-25,CTD7,2.323
2017-04-25,CTD8,3.132
2017-04-25,CTD9,3.754
2017-05-04,CTD1,1.975
2017-05-04,CTD10,1.487
2017-05-04,CTD11,1.775
2017-05-04,CTD12,2.153
2017-05-04,CTD2,1.151
2017-05-04,CTD3,1.102
2017-05-04,CTD4,1.295
2017-05-04,CTD5,1.1
2017-05-04,CTD6,1.522
2017-05-04,CTD7,1.928
2017-05-04,CTD8,2.468
2017-05-04,CTD9,2.218
2017-05-10,CTD5,0.32
2017-05-19,CTD1,10.618
2017-05-19,CTD10,1.835
2017-05-19,CTD11,1.369
2017-05-19,CTD12,1.367
2017-05-19,CTD2,2.051
2017-05-19,CTD3,1.5
2017-05-19,CTD4,3.489
2017-05-19,CTD5,0.46
2017-05-19,CTD6,0.949
2017-05-19,CTD7,2.564
2017-05-19,CTD8,3.112
2017-05-19,CTD9,9.323
2017-05-24,CTD1,1.347
2017-05-24,CTD10,1.509
2017-05-24,CTD11,1.23
2017-05-24,CTD12,1.945
2017-05-24,CTD2,1.835
2017-05-24,CTD3,1.159
2017-05-24,CTD4,1.816
2017-05-24,CTD5,0.5
2017-05-24,CTD6,1.34
2017-05-24,CTD7,6.353
2017-05-24,CTD8,2.956
2017-05-24,CTD9,20.597
2017-06-02,CTD1,2.786
2017-06-02,CTD10,8.276
2017-06-02,CTD11,1.399
2017-06-02,CTD12,1.143
2017-06-02,CTD2,1.631
2017-06-02,CTD3,0.431
2017-06-02,CTD4,0.487
2017-06-02,CTD5,0.72
2017-06-02,CTD6,1.674
2017-06-02,CTD7,2.913
2017-06-02,CTD8,2.179
2017-06-02,CTD9,6.255
2017-06-06,CTD1,7.975
2017-06-06,CTD10,0.986
2017-06-06,CTD11,0.991
2017-06-06,CTD12,0.88
2017-06-06,CTD2,1.468
2017-06-06,CTD3,1.466
2017-06-06,CTD4,0.958
2017-06-06,CTD5,0.72
2017-06-06,CTD6,0.791
2017-06-06,CTD7,3.956
2017-06-06,CTD8,1.669
2017-06-06,CTD9,1.178
2017-06-13,CTD1,1.295
2017-06-13,CTD10,1.705
2017-06-13,CTD11,1.289
2017-06-13,CTD12,5.035
2017-06-13,CTD2,3.024
2017-06-13,CTD3,1.464
2017-06-13,CTD4,0.889
2017-06-13,CTD5,0.13
2017-06-13,CTD6,1.18
2017-06-13,CTD7,4.319
2017-06-13,CTD8,9.909
2017-06-13,CTD9,14.102
2017-06-21,CTD1,19.978
2017-06-21,CTD10,0.863
2017-06-21,CTD11,0.937
2017-06-21,CTD12,0.795
2017-06-21,CTD2,1.293
2017-06-21,CTD3,0.788
2017-06-21,CTD4,0.954
2017-06-21,CTD5,0.48
2017-06-21,CTD6,0.755
2017-06-21,CTD7,4.655
2017-06-21,CTD8,1.713
2017-06-21,CTD9,0.447
2017-06-30,CTD1,2.856
2017-06-30,CTD10,1.615
2017-06-30,CTD11,1.448
2017-06-30,CTD12,2.336
2017-06-30,CTD2,2.227
2017-06-30,CTD3,1.294
2017-06-30,CTD4,1.914
2017-06-30,CTD5,0.31
2017-06-30,CTD6,2.488
2017-06-30,CTD7,5.553
2017-06-30,CTD8,2.759
2017-06-30,CTD9,5.455
2017-07-05,CTD1,33.322
2017-07-05,CTD10,1.261
2017-07-05,CTD11,1.436
2017-07-05,CTD12,1.38
2017-07-05,CTD2,2.053
2017-07-05,CTD3,1.174
2017-07-05,CTD4,0.989
2017-07-05,CTD5,2.12
2017-07-05,CTD6,1.235
2017-07-05,CTD7,5.345
2017-07-05,CTD8,1.772
2017-07-05,CTD9,7.44
2017-07-12,CTD1,1.479
2017-07-12,CTD10,1.103
2017-07-12,CTD11,2.336
2017-07-12,CTD12,1.213
2017-07-12,CTD2,1.912
2017-07-12,CTD3,1.192
2017-07-12,CTD4,1.269
2017-07-12,CTD5,0.55
2017-07-12,CTD6,1.331
2017-07-12,CTD7,1.998
2017-07-12,CTD8,1.754
2017-07-12,CTD9,9.661
2017-07-19,CTD1,65.388
2017-07-19,CTD10,0.787
2017-07-19,CTD11,1.655
2017-07-19,CTD12,0.901
2017-07-19,CTD2,1.485
2017-07-19,CTD3,1.133
2017-07-19,CTD4,1.016
2017-07-19,CTD5,0.81
2017-07-19,CTD6,0.964
2017-07-19,CTD7,3.457
2017-07-19,CTD8,1.623
2017-07-19,CTD9,6.088
2017-07-26,CTD1,21.299
2017-07-26,CTD10,0.669
2017-07-26,CTD11,1.982
2017-07-26,CTD12,1.104
2017-07-26,CTD2,1.601
2017-07-26,CTD3,0.839
2017-07-26,CTD4,0.982
2017-07-26,CTD5,0.15
2017-07-26,CTD6,1.308
2017-07-26,CTD7,4.856
2017-07-26,CTD8,1.042
2017-07-26,CTD9,1.298
2017-08-08,CTD5,0.33
2017-08-16,CTD5,1.41
2017-08-23,CTD5,0.51
2017-08-30,CTD1,167.105
2017-08-30,CTD10,6.32
2017-08-30,CTD11,6.633
2017-08-30,CTD12,6.466
2017-08-30,CTD2,6.359
2017-08-30,CTD3,5.798
2017-08-30,CTD4,4.959
2017-08-30,CTD5,1.31
2017-08-30,CTD6,6.45
2017-08-30,CTD7,7.876
2017-08-30,CTD8,6.161
2017-08-30,CTD9,9.762
2017-09-06,CTD1,5.94
2017-09-06,CTD10,5.931
2017-09-06,CTD11,5.72
2017-09-06,CTD12,7.437
2017-09-06,CTD2,9.975
2017-09-06,CTD3,6.14
2017-09-06,CTD4,4.472
2017-09-06,CTD5,0.36
2017-09-06,CTD6,5.663
2017-09-06,CTD7,8.172
2017-09-06,CTD8,11.639
2017-09-06,CTD9,9.857
2017-09-11,CTD1,4.512
2017-09-11,CTD10,7.393
2017-09-11,CTD11,5.282
2017-09-11,CTD12,5.953
2017-09-11,CTD2,3.484
2017-09-11,CTD3,2.663
2017-09-11,CTD4,2.415
2017-09-11,CTD5,1.1
2017-09-11,CTD6,4.418
2017-09-11,CTD7,3.377
2017-09-11,CTD8,5.146
2017-09-11,CTD9,0.364
2017-09-20,CTD5,0.0
2017-09-27,CTD1,3.962
2017-09-27,CTD10,5.868
2017-09-27,CTD11,6.419
2017-09-27,CTD12,4.717
2017-09-27,CTD2,5.256
2017-09-27,CTD3,3.618
2017-09-27,CTD4,2.257
2017-09-27,CTD5,1.87
2017-09-27,CTD6,4.016
2017-09-27,CTD7,23.603
2017-09-27,CTD8,7.253
2017-09-27,CTD9,9.739
2017-10-04,CTD1,4.095
2017-10-04,CTD10,4.887
2017-10-04,CTD11,7.866
2017-10-04,CTD12,6.169
2017-10-04,CTD2,4.453
2017-10-04,CTD3,4.451
2017-10-04,CTD4,5.459
2017-10-04,CTD5,0.35
2017-10-04,CTD6,6.408
2017-10-04,CTD7,4.675
2017-10-04,CTD8,4.393
2017-10-04,CTD9,9.812
2017-10-11,CTD1,3.209
2017-10-11,CTD10,4.342
2017-10-11,CTD11,4.47
2017-10-11,CTD12,3.883
2017-10-11,CTD2,3.742
2017-10-11,CTD3,3.835
2017-10-11,CTD4,3.059
2017-10-11,CTD5,0.39
2017-10-11,CTD6,3.916
2017-10-11,CTD7,3.872
2017-10-11,CTD8,3.443
2017-10-11,CTD9,58.242
2017-10-17,CTD1,2.982
2017-10-17,CTD10,4.288
2017-10-17,CTD11,4.563
2017-10-17,CTD12,5.74
2017-10-17,CTD2,3.562
2017-10-17,CTD3,3.64
2017-10-17,CTD4,4.445
2017-10-17,CTD5,0.39
2017-10-17,CTD6,5.502
2017-10-17,CTD7,3.695
2017-10-17,CTD8,3.762
2017-10-17,CTD9,0.123
2017-10-25,CTD1,61.309
2017-10-25,CTD10,3.811
2017-10-25,CTD11,4.591
2017-10-25,CTD12,4.343
2017-10-25,CTD2,2.85
2017-10-25,CTD3,2.691
2017-10-25,CTD4,2.771
2017-10-25,CTD5,0.03
2017-10-25,CTD6,3.516
2017-10-25,CTD7,5.393
2017-10-25,CTD8,5.642
2017-10-25,CTD9,15.796
2017-11-03,CTD1,2.663
2017-11-03,CTD10,3.924
2017-11-03,CTD11,4.978
2017-11-03,CTD12,4.249
2017-11-03,CTD2,3.245
2017-11-03,CTD3,3.159
2017-11-03,CTD4,3.093
2017-11-03,CTD5,0.87
2017-11-03,CTD6,3.67
2017-11-03,CTD7,3.21
2017-11-03,CTD8,4.124
2017-11-03,CTD9,1.509
2017-11-08,CTD1,2.873
2017-11-08,CTD10,5.721
2017-11-08,CTD11,6.882
2017-11-08,CTD12,6.046
2017-11-08,CTD2,3.799
2017-11-08,CTD3,3.46
2017-11-08,CTD4,3.263
2017-11-08,CTD5,0.38
2017-11-08,CTD6,4.705
2017-11-08,CTD7,4.115
2017-11-08,CTD8,6.921
2017-11-08,CTD9,0.098
2017-11-15,CTD1,4.218
2017-11-15,CTD10,5.184
2017-11-15,CTD11,4.853
2017-11-15,CTD12,5.085
2017-11-15,CTD2,3.836
2017-11-15,CTD3,3.877
2017-11-15,CTD4,4.172
2017-11-15,CTD5,1.64
2017-11-15,CTD6,4.838
2017-11-15,CTD7,4.613
2017-11-15,CTD8,6.008
2017-11-15,CTD9,10.251
2017-11-22,CTD1,3.21
2017-11-22,CTD10,5.227
2017-11-22,CTD11,4.339
2017-11-22,CTD12,5.292
2017-11-22,CTD2,3.795
2017-11-22,CTD3,4.14
2017-11-22,CTD4,3.936
2017-11-22,CTD5,0.67
2017-11-22,CTD6,5.454
2017-11-22,CTD7,4.73
2017-11-22,CTD8,5.177
2017-11-22,CTD9,1.301
2017-11-28,CTD1,10.478
2017-11-28,CTD10,4.811
2017-11-28,CTD11,4.628
2017-11-28,CTD12,4.6
2017-11-28,CTD2,3.841
2017-11-28,CTD3,3.747
2017-11-28,CTD4,3.636
2017-11-28,CTD5,0.63
2017-11-28,CTD6,4.311
2017-11-28,CTD7,5.241
2017-11-28,CTD8,6.077
2017-11-28,CTD9,0.094
2017-12-05,CTD1,3.007
2017-12-05,CTD10,12.326
2017-12-05,CTD11,6.571
2017-12-05,CTD12,5.873
2017-12-05,CTD2,3.404
2017-12-05,CTD3,3.602
2017-12-05,CTD4,3.73
2017-12-05,CTD5,0.38
2017-12-05,CTD6,4.41
2017-12-05,CTD7,3.929
2017-12-05,CTD8,5.094
2017-12-05,CTD9,0.482
2017-12-13,CTD1,23.306
2017-12-13,CTD10,6.93
2017-12-13,CTD11,6.315
2017-12-13,CTD12,5.059
2017-12-13,CTD2,5.842
2017-12-13,CTD3,5.62
2017-12-13,CTD4,4.994
2017-12-13,CTD5,1.0
2017-12-13,CTD6,4.643
2017-12-13,CTD7,4.386
2017-12-13,CTD8,4.044
2017-12-13,CTD9,4.347
2017-12-18,CTD1,50.188
2017-12-18,CTD10,5.963
2017-12-18,CTD11,4.502
2017-12-18,CTD12,4.193
2017-12-18,CTD2,3.571
2017-12-18,CTD3,3.403
2017-12-18,CTD4,3.364
2017-12-18,CTD5,0.63
2017-12-18,CTD6,3.705
2017-12-18,CTD7,3.44
2017-12-18,CTD8,3.456
2017-12-18,CTD9,1.348
2017-12-26,CTD1,9.663
2017-12-26,CTD10,3.518
2017-12-26,CTD11,3.657
2017-12-26,CTD12,3.973
2017-12-26,CTD2,3.392
2017-12-26,CTD3,3.339
2017-12-26,CTD4,2.915
2017-12-26,CTD5,0.31
2017-12-26,CTD6,3.884
2017-12-26,CTD7,3.355
2017-12-26,CTD8,4.314
2017-12-26,CTD9,12.416
2018-01-02,CTD1,2.433
2018-01-02,CTD10,4.117
2018-01-02,CTD11,4.695
2018-01-02,CTD12,3.529
2018-01-02,CTD2,2.991
2018-01-02,CTD3,2.97
2018-01-02,CTD4,3.22
2018-01-02,CTD5,0.45
2018-01-02,CTD6,3.367
2018-01-02,CTD7,3.865
2018-01-02,CTD8,3.856
2018-01-02,CTD9,10.954
2018-01-09,CTD1,16.714
2018-01-09,CTD10,2.985
2018-01-09,CTD11,2.931
2018-01-09,CTD12,2.779
2018-01-09,CTD2,2.509
2018-01-09,CTD3,2.444
2018-01-09,CTD4,2.426
2018-01-09,CTD5,0.72
2018-01-09,CTD6,2.601
2018-01-09,CTD7,2.827
2018-01-09,CTD8,2.506
2018-01-09,CTD9,0.861
2018-01-17,CTD1,1.987
2018-01-17,CTD10,2.784
2018-01-17,CTD11,3.462
2018-01-17,CTD12,23.253
2018-01-17,CTD2,5.698
2018-01-17,CTD3,3.655
2018-01-17,CTD4,3.238
2018-01-17,CTD5,0.16
2018-01-17,CTD6,19.996
2018-01-17,CTD7,2.395
2018-01-17,CTD8,77.134
2018-01-17,CTD9,1.873
2018-01-24,CTD1,1.623
2018-01-24,CTD10,2.542
2018-01-24,CTD11,15.754
2018-01-24,CTD12,29.661
2018-01-24,CTD2,7.327
2018-01-24,CTD3,3.212
2018-01-24,CTD4,2.064
2018-01-24,CTD5,0.51
2018-01-24,CTD6,26.845
2018-01-24,CTD7,1.956
2018-01-24,CTD8,94.687
2018-01-24,CTD9,3.445
2018-01-31,CTD1,11.596
2018-01-31,CTD10,13.683
2018-01-31,CTD11,9.744
2018-01-31,CTD12,78.809
2018-01-31,CTD2,8.877
2018-01-31,CTD3,7.521
2018-01-31,CTD4,16.841
2018-01-31,CTD5,1.2
2018-01-31,CTD6,53.111
2018-01-31,CTD7,4.342
2018-01-31,CTD8,86.692
2018-01-31,CTD9,0.234
2018-02-12,CTD1,1.725
2018-02-12,CTD10,3.792
2018-02-12,CTD11,6.802
2018-02-12,CTD12,3.565
2018-02-12,CTD2,2.485
2018-02-12,CTD3,2.281
2018-02-12,CTD4,2.005
2018-02-12,CTD5,0.61
2018-02-12,CTD6,3.188
2018-02-12,CTD7,4.485
2018-02-12,CTD8,4.142
2018-02-12,CTD9,0.0
2018-02-20,CTD1,3.302
2018-02-20,CTD10,3.274
2018-02-20,CTD11,2.823
2018-02-20,CTD12,2.853
2018-02-20,CTD2,1.89
2018-02-20,CTD3,2.066
2018-02-20,CTD4,1.95
2018-02-20,CTD5,0.63
2018-02-20,CTD6,2.341
2018-02-20,CTD7,2.542
2018-02-20,CTD8,3.432
2018-02-20,CTD9,18.298
2018-02-27,CTD1,4.361
2018-02-27,CTD10,3.606
2018-02-27,CTD11,4.012
2018-02-27,CTD12,2.504
2018-02-27,CTD2,1.854
2018-02-27,CTD3,1.951
2018-02-27,CTD4,2.163
2018-02-27,CTD5,0.78
2018-02-27,CTD6,2.084
2018-02-27,CTD7,1.944
2018-02-27,CTD8,2.588
2018-02-27,CTD9,4.691
2018-03-07,CTD1,5.418
2018-03-07,CTD10,2.966
2018-03-07,CTD11,4.187
2018-03-07,CTD12,2.721
2018-03-07,CTD2,3.228
2018-03-07,CTD3,3.517
2018-03-07,CTD4,2.961
2018-03-07,CTD5,0.63
2018-03-07,CTD6,2.936
2018-03-07,CTD7,3.15
2018-03-07,CTD8,3.184
2018-03-07,CTD9,0.887
2018-03-08,CTD5,0.4
2018-03-13,CTD1,4.972
2018-03-13,CTD10,2.902
2018-03-13,CTD11,2.825
2018-03-13,CTD12,2.695
2018-03-13,CTD2,2.381
2018-03-13,CTD3,2.989
2018-03-13,CTD4,2.666
2018-03-13,CTD5,0.51
2018-03-13,CTD6,2.56
2018-03-13,CTD7,2.334
2018-03-13,CTD8,3.075
2018-03-13,CTD9,1.269
2018-03-26,CTD1,50.48
2018-03-26,CTD10,5.268
2018-03-26,CTD11,11.541
2018-03-26,CTD12,5.014
2018-03-26,CTD2,2.208
2018-03-26,CTD3,2.278
2018-03-26,CTD4,2.916
2018-03-26,CTD5,0.11
2018-03-26,CTD6,4.579
2018-03-26,CTD7,1.711
2018-03-26,CTD8,2.488
2018-03-26,CTD9,2.349
2018-04-05,CTD1,16.804
2018-04-05,CTD10,2.378
2018-04-05,CTD11,2.194
2018-04-05,CTD12,2.013
2018-04-05,CTD2,1.564
2018-04-05,CTD3,1.543
2018-04-05,CTD4,1.375
2018-04-05,CTD5,1.03
2018-04-05,CTD6,1.57
2018-04-05,CTD7,1.833
2018-04-05,CTD8,1.542
2018-04-05,CTD9,2.173
2018-04-17,CTD1,2.592
2018-04-17,CTD10,1.562
2018-04-17,CTD11,2.204
2018-04-17,CTD12,1.786
2018-04-17,CTD2,1.732
2018-04-17,CTD3,1.529
2018-04-17,CTD4,1.809
2018-04-17,CTD5,0.42
2018-04-17,CTD6,1.696
2018-04-17,CTD7,1.285
2018-04-17,CTD8,1.302
2018-04-17,CTD9,0.484
2018-04-27,CTD1,0.719
2018-04-27,CTD10,5.634
2018-04-27,CTD11,3.489
2018-04-27,CTD12,3.017
2018-04-27,CTD2,1.179
2018-04-27,CTD3,1.187
2018-04-27,CTD4,1.672
2018-04-27,CTD5,0.56
2018-04-27,CTD6,2.448
2018-04-27,CTD7,3.084
2018-04-27,CTD8,4.092
2018-04-27,CTD9,0.041
2018-05-02,CTD1,2.163
2018-05-02,CTD10,3.697
2018-05-02,CTD11,10.17
2018-05-02,CTD12,2.415
2018-05-02,CTD2,1.495
2018-05-02,CTD3,1.842
2018-05-02,CTD4,1.484
2018-05-02,CTD5,0.68
2018-05-02,CTD6,1.883
2018-05-02,CTD7,2.169
2018-05-02,CTD8,2.498
2018-05-02,CTD9,67.06
2018-05-11,CTD1,1.672
2018-05-11,CTD10,1.859
2018-05-11,CTD11,1.57
2018-05-11,CTD12,1.432
2018-05-11,CTD2,1.199
2018-05-11,CTD3,1.23
2018-05-11,CTD4,1.547
2018-05-11,CTD5,0.31
2018-05-11,CTD6,1.278
2018-05-11,CTD7,2.149
2018-05-11,CTD8,1.716
2018-05-11,CTD9,6.674
2018-05-16,CTD1,0.516
2018-05-16,CTD10,1.947
2018-05-16,CTD11,15.367
2018-05-16,CTD12,44.445
2018-05-16,CTD2,1.048
2018-05-16,CTD3,0.871
2018-05-16,CTD4,2.26
2018-05-16,CTD5,0.43
2018-05-16,CTD6,25.561
2018-05-16,CTD7,3.22
2018-05-16,CTD8,46.636
2018-05-16,CTD9,0.235
2018-05-22,CTD1,1.699
2018-05-22,CTD10,1.666
2018-05-22,CTD11,2.081
2018-05-22,CTD12,1.524
2018-05-22,CTD2,1.272
2018-05-22,CTD3,0.803
2018-05-22,CTD4,0.753
2018-05-22,CTD5,0.32
2018-05-22,CTD6,2.147
2018-05-22,CTD7,3.13
2018-05-22,CTD8,1.868
2018-05-22,CTD9,5.816
2018-05-30,CTD1,2.208
2018-05-30,CTD10,1.886
2018-05-30,CTD11,3.964
2018-05-30,CTD12,1.33
2018-05-30,CTD2,0.766
2018-05-30,CTD3,0.578
2018-05-30,CTD4,0.714
2018-05-30,CTD5,0.61
2018-05-30,CTD6,1.091
2018-05-30,CTD7,2.326
2018-05-30,CTD8,1.364
2018-05-30,CTD9,3.541
2018-06-08,CTD1,2.218
2018-06-08,CTD10,2.507
2018-06-08,CTD11,2.675
2018-06-08,CTD12,42.628
2018-06-08,CTD2,14.876
2018-06-08,CTD3,0.927
2018-06-08,CTD4,0.633
2018-06-08,CTD5,0.06
2018-06-08,CTD6,24.816
2018-06-08,CTD7,3.787
2018-06-08,CTD8,66.923
2018-06-08,CTD9,0.0
2018-06-12,CTD1,6.204
2018-06-12,CTD10,1.763
2018-06-12,CTD11,1.892
2018-06-12,CTD12,1.482
2018-06-12,CTD2,0.847
2018-06-12,CTD3,0.542
2018-06-12,CTD4,0.964
2018-06-12,CTD5,0.29
2018-06-12,CTD6,1.32
2018-06-12,CTD7,1.655
2018-06-12,CTD8,1.726
2018-06-12,CTD9,0.0
2018-06-20,CTD1,0.886
2018-06-20,CTD10,1.369
2018-06-20,CTD11,1.222
2018-06-20,CTD12,1.439
2018-06-20,CTD2,0.856
2018-06-20,CTD3,1.158
2018-06-20,CTD4,0.938
2018-06-20,CTD5,0.32
2018-06-20,CTD6,1.387
2018-06-20,CTD7,1.373
2018-06-20,CTD8,2.516
2018-06-20,CTD9,2.051
2018-06-26,CTD1,4.317
2018-06-26,CTD10,1.24
2018-06-26,CTD11,1.085
2018-06-26,CTD12,1.604
2018-06-26,CTD2,0.728
2018-06-26,CTD3,0.892
2018-06-26,CTD4,1.008
2018-06-26,CTD5,0.42
2018-06-26,CTD6,1.199
2018-06-26,CTD7,1.049
2018-06-26,CTD8,1.846
2018-06-26,CTD9,0.948
2018-07-04,CTD1,0.811
2018-07-04,CTD10,1.248
2018-07-04,CTD11,1.301
2018-07-04,CTD12,1.752
2018-07-04,CTD2,0.988
2018-07-04,CTD3,1.017
2018-07-04,CTD4,1.613
2018-07-04,CTD5,0.82
2018-07-04,CTD6,1.312
2018-07-04,CTD7,0.984
2018-07-04,CTD8,2.239
2018-07-04,CTD9,0.0
2018-07-10,CTD1,13.484
2018-07-10,CTD10,1.27
2018-07-10,CTD11,1.948
2018-07-10,CTD12,1.458
2018-07-10,CTD2,1.482
2018-07-10,CTD3,1.268
2018-07-10,CTD4,0.936
2018-07-10,CTD5,0.24
2018-07-10,CTD6,1.279
2018-07-10,CTD7,0.955
2018-07-10,CTD8,2.684
2018-07-10,CTD9,0.0
2018-07-19,CTD1,0.835
2018-07-19,CTD10,1.455
2018-07-19,CTD11,1.127
2018-07-19,CTD12,2.183
2018-07-19,CTD2,0.791
2018-07-19,CTD3,0.807
2018-07-19,CTD4,1.041
2018-07-19,CTD5,0.9
2018-07-19,CTD6,1.248
2018-07-19,CTD7,0.897
2018-07-19,CTD8,1.514
2018-07-19,CTD9,0.565
2018-07-24,CTD1,0.605
2018-07-24,CTD10,1.692
2018-07-24,CTD11,1.477
2018-07-24,CTD12,1.473
2018-07-24,CTD2,0.465
2018-07-24,CTD3,0.77
2018-07-24,CTD4,0.977
2018-07-24,CTD5,0.43
2018-07-24,CTD6,0.815
2018-07-24,CTD7,1.075
2018-07-24,CTD8,1.675
2018-07-24,CTD9,1.005
2018-08-03,CTD1,0.334
2018-08-03,CTD10,1.179
2018-08-03,CTD11,9.041
2018-08-03,CTD12,2.724
2018-08-03,CTD2,0.615
2018-08-03,CTD3,0.696
2018-08-03,CTD4,0.725
2018-08-03,CTD5,0.29
2018-08-03,CTD6,2.254
2018-08-03,CTD7,0.803
2018-08-03,CTD8,1.549
2018-08-03,CTD9,0.789
2018-08-09,CTD1,43.744
2018-08-09,CTD10,1.008
2018-08-09,CTD11,0.649
2018-08-09,CTD12,1.594
2018-08-09,CTD2,0.66
2018-08-09,CTD3,0.678
2018-08-09,CTD4,0.693
2018-08-09,CTD5,0.29
2018-08-09,CTD6,1.214
2018-08-09,CTD7,1.122
2018-08-09,CTD8,2.244
2018-08-09,CTD9,3.437
2018-08-14,CTD1,257.347
2018-08-14,CTD10,1.069
2018-08-14,CTD11,0.596
2018-08-14,CTD12,1.17
2018-08-14,CTD2,0.837
2018-08-14,CTD3,0.555
2018-08-14,CTD4,0.601
2018-08-14,CTD5,0.33
2018-08-14,CTD6,1.014
2018-08-14,CTD7,0.564
2018-08-14,CTD8,1.357
2018-08-14,CTD9,9.66
2018-08-23,CTD1,0.872
2018-08-23,CTD10,0.833
2018-08-23,CTD11,0.898
2018-08-23,CTD12,1.539
2018-08-23,CTD2,0.744
2018-08-23,CTD3,0.61
2018-08-23,CTD4,0.57
2018-08-23,CTD5,0.46
2018-08-23,CTD6,0.868
2018-08-23,CTD7,0.659
2018-08-23,CTD8,1.258
2018-08-23,CTD9,0.43
2018-08-24,CTD5,
2018-08-29,CTD1,18.3
2018-08-29,CTD10,0.985
2018-08-29,CTD11,0.835
2018-08-29,CTD12,3.017
2018-08-29,CTD2,0.754
2018-08-29,CTD3,0.828
2018-08-29,CTD4,1.043
2018-08-29,CTD5,0.5
2018-08-29,CTD6,1.793
2018-08-29,CTD7,0.804
2018-08-29,CTD8,2.101
2018-08-29,CTD9,1.86
2018-09-04,CTD1,0.622
2018-09-04,CTD10,0.856
2018-09-04,CTD11,1.125
2018-09-04,CTD12,2.256
2018-09-04,CTD2,0.885
2018-09-04,CTD3,0.64
2018-09-04,CTD4,0.676
2018-09-04,CTD5,0.25
2018-09-04,CTD6,1.368
2018-09-04,CTD7,2.22
2018-09-04,CTD8,1.404
2018-09-04,CTD9,0.63
2018-09-13,CTD1,0.358
2018-09-13,CTD10,1.515
2018-09-13,CTD11,0.883
2018-09-13,CTD12,2.186
2018-09-13,CTD2,0.744
2018-09-13,CTD3,0.807
2018-09-13,CTD4,0.786
2018-09-13,CTD5,0.54
2018-09-13,CTD6,1.426
2018-09-13,CTD7,2.0
2018-09-13,CTD8,4.148
2018-09-13,CTD9,0.069
2018-09-20,CTD1,0.403
2018-09-20,CTD10,1.376
2018-09-20,CTD11,1.068
2018-09-20,CTD12,1.345
2018-09-20,CTD2,0.616
2018-09-20,CTD3,0.663
2018-09-20,CTD4,0.625
2018-09-20,CTD5,0.49
2018-09-20,CTD6,1.212
2018-09-20,CTD7,0.917
2018-09-20,CTD8,1.434
2018-09-20,CTD9,21.107
2018-09-25,CTD5,0.32
2018-10-03,CTD1,0.973
2018-10-03,CTD10,11.157
2018-10-03,CTD11,1.083
2018-10-03,CTD12,2.166
2018-10-03,CTD2,0.78
2018-10-03,CTD3,0.35
2018-10-03,CTD4,0.231
2018-10-03,CTD5,0.2
2018-10-03,CTD6,1.238
2018-10-03,CTD7,0.526
2018-10-03,CTD8,2.723
2018-10-03,CTD9,4.133
2018-10-10,CTD1,55.583
2018-10-10,CTD10,2.048
2018-10-10,CTD11,1.208
2018-10-10,CTD12,12.384
2018-10-10,CTD2,6.677
2018-10-10,CTD3,0.89
2018-10-10,CTD4,1.149
2018-10-10,CTD5,2.5
2018-10-10,CTD6,10.644
2018-10-10,CTD7,3.403
2018-10-10,CTD8,41.171
2018-10-10,CTD9,9.297
2018-10-17,CTD1,38.55
2018-10-17,CTD10,1.507
2018-10-17,CTD11,8.752
2018-10-17,CTD12,1.959
2018-10-17,CTD2,0.548
2018-10-17,CTD3,0.633
2018-10-17,CTD4,0.484
2018-10-17,CTD5,0.53
2018-10-17,CTD6,1.342
2018-10-17,CTD7,0.71
2018-10-17,CTD8,0.817
2018-10-17,CTD9,5.716
2018-10-24,CTD5,0.43
2018-10-31,CTD1,0.822
2018-10-31,CTD10,2.596
2018-10-31,CTD11,2.088
2018-10-31,CTD12,2.137
2018-10-31,CTD2,0.957
2018-10-31,CTD3,0.717
2018-10-31,CTD4,1.21
2018-10-31,CTD5,0.8
2018-10-31,CTD6,1.743
2018-10-31,CTD7,1.37
2018-10-31,CTD8,3.823
2018-10-31,CTD9,2.364
2018-11-07,CTD1,222.727
2018-11-07,CTD10,0.626
2018-11-07,CTD11,0.684
2018-11-07,CTD12,1.043
2018-11-07,CTD2,1.081
2018-11-07,CTD3,0.851
2018-11-07,CTD4,0.748
2018-11-07,CTD5,0.29
2018-11-07,CTD6,1.293
2018-11-07,CTD7,1.235
2018-11-07,CTD8,1.996
2018-11-07,CTD9,8.541
2018-11-21,CTD1,1.646
2018-11-21,CTD10,1.556
2018-11-21,CTD11,1.895
2018-11-21,CTD12,1.708
2018-11-21,CTD2,1.235
2018-11-21,CTD3,1.002
2018-11-21,CTD4,1.63
2018-11-21,CTD5,2.92
2018-11-21,CTD6,1.597
2018-11-21,CTD7,8.145
2018-11-21,CTD8,2.244
2018-11-21,CTD9,11.666
2018-11-28,CTD1,9.936
2018-11-28,CTD10,1.282
2018-11-28,CTD11,1.239
2018-11-28,CTD12,1.092
2018-11-28,CTD2,0.909
2018-11-28,CTD3,0.962
2018-11-28,CTD4,1.226
2018-11-28,CTD5,0.26
2018-11-28,CTD6,1.171
2018-11-28,CTD7,1.549
2018-11-28,CTD8,1.044
2018-11-28,CTD9,20.408
2018-12-04,CTD1,32.972
2018-12-04,CTD10,0.952
2018-12-04,CTD11,0.567
2018-12-04,CTD12,1.007
2018-12-04,CTD2,1.16
2018-12-04,CTD3,0.883
2018-12-04,CTD4,0.683
2018-12-04,CTD5,0.48
2018-12-04,CTD6,1.099
2018-12-04,CTD7,2.652
2018-12-04,CTD8,0.892
2018-12-04,CTD9,0.0
2018-12-11,CTD1,0.806
2018-12-11,CTD10,1.07
2018-12-11,CTD11,4.707
2018-12-11,CTD12,1.086
2018-12-11,CTD2,0.736
2018-12-11,CTD3,0.649
2018-12-11,CTD4,0.581
2018-12-11,CTD5,0.61
2018-12-11,CTD6,1.121
2018-12-11,CTD7,1.863
2018-12-11,CTD8,0.967
2018-12-11,CTD9,0.169
2018-12-19,CTD1,0.382
2018-12-19,CTD10,1.555
2018-12-19,CTD11,1.274
2018-12-19,CTD12,1.247
2018-12-19,CTD2,0.656
2018-12-19,CTD3,0.693
2018-12-19,CTD4,0.709
2018-12-19,CTD5,0.37
2018-12-19,CTD6,1.281
2018-12-19,CTD7,1.979
2018-12-19,CTD8,1.195
2018-12-19,CTD9,27.419
2018-12-26,CTD1,0.488
2018-12-26,CTD10,0.949
2018-12-26,CTD11,1.242
2018-12-26,CTD12,0.614
2018-12-26,CTD2,0.622
2018-12-26,CTD3,0.693
2018-12-26,CTD4,0.818
2018-12-26,CTD5,0.47
2018-12-26,CTD6,0.523
2018-12-26,CTD7,0.576
2018-12-26,CTD8,0.652
2018-12-26,CTD9,0.0
2019-01-03,CTD1,2.848
2019-01-03,CTD10,0.622
2019-01-03,CTD11,0.711
2019-01-03,CTD12,1.115
2019-01-03,CTD2,0.709
2019-01-03,CTD3,0.545
2019-01-03,CTD4,0.501
2019-01-03,CTD5,0.28
2019-01-03,CTD6,1.481
2019-01-03,CTD7,1.248
2019-01-03,CTD8,0.997
2019-01-03,CTD9,3.586
2019-01-09,CTD1,9.461
2019-01-09,CTD10,0.545
2019-01-09,CTD11,0.141
2019-01-09,CTD12,0.677
2019-01-09,CTD2,0.696
2019-01-09,CTD3,0.444
2019-01-09,CTD4,0.448
2019-01-09,CTD5,0.39
2019-01-09,CTD6,0.777
2019-01-09,CTD7,4.414
2019-01-09,CTD8,0.62
2019-01-09,CTD9,0.0
2019-01-17,CTD1,0.492
2019-01-17,CTD10,0.547
2019-01-17,CTD11,0.366
2019-01-17,CTD12,0.615
2019-01-17,CTD2,0.567
2019-01-17,CTD3,0.479
2019-01-17,CTD4,0.534
2019-01-17,CTD5,1.32
2019-01-17,CTD6,0.606
2019-01-17,CTD7,0.675
2019-01-17,CTD8,1.111
2019-01-17,CTD9,0.359
2019-01-25,CTD1,0.512
2019-01-25,CTD10,0.773
2019-01-25,CTD11,1.108
2019-01-25,CTD12,0.785
2019-01-25,CTD2,0.671
2019-01-25,CTD3,0.576
2019-01-25,CTD4,1.121
2019-01-25,CTD5,0.3
2019-01-25,CTD6,0.801
2019-01-25,CTD7,1.507
2019-01-25,CTD8,0.762
2019-01-25,CTD9,0.48
2019-02-06,CTD1,0.52
2019-02-06,CTD10,2.747
2019-02-06,CTD11,2.675
2019-02-06,CTD12,2.309
2019-02-06,CTD2,2.306
2019-02-06,CTD3,0.992
2019-02-06,CTD4,1.044
2019-02-06,CTD5,0.19
2019-02-06,CTD6,1.747
2019-02-06,CTD7,1.648
2019-02-06,CTD8,7.219
2019-02-06,CTD9,4.311
2019-02-12,CTD1,52.362
2019-02-12,CTD10,1.012
2019-02-12,CTD11,4.131
2019-02-12,CTD12,1.24
2019-02-12,CTD2,1.151
2019-02-12,CTD3,0.771
2019-02-12,CTD4,0.642
2019-02-12,CTD5,0.6
2019-02-12,CTD6,0.943
2019-02-12,CTD7,1.536
2019-02-12,CTD8,4.07
2019-02-12,CTD9,4.133
2019-02-20,CTD1,7.608
2019-02-20,CTD10,0.815
2019-02-20,CTD11,0.632
2019-02-20,CTD12,1.153
2019-02-20,CTD2,1.246
2019-02-20,CTD3,0.953
2019-02-20,CTD4,0.568
2019-02-20,CTD5,0.17
2019-02-20,CTD6,0.9
2019-02-20,CTD7,2.075
2019-02-20,CTD8,1.005
2019-02-20,CTD9,0.178
2019-02-26,CTD1,7.456
2019-02-26,CTD10,0.824
2019-02-26,CTD11,1.757
2019-02-26,CTD12,0.984
2019-02-26,CTD2,1.051
2019-02-26,CTD3,0.809
2019-02-26,CTD4,0.816
2019-02-26,CTD5,0.16
2019-02-26,CTD6,1.224
2019-02-26,CTD7,1.097
2019-02-26,CTD8,0.842
2019-02-26,CTD9,0.7
2019-03-05,CTD1,17.489
2019-03-05,CTD10,0.785
2019-03-05,CTD11,0.649
2019-03-05,CTD12,1.377
2019-03-05,CTD2,1.166
2019-03-05,CTD3,0.948
2019-03-05,CTD4,0.746
2019-03-05,CTD5,0.32
2019-03-05,CTD6,1.22
2019-03-05,CTD7,1.057
2019-03-05,CTD8,1.04
2019-03-05,CTD9,0.143
2019-03-12,CTD1,0.945
2019-03-12,CTD10,0.805
2019-03-12,CTD11,0.619
2019-03-12,CTD12,0.946
2019-03-12,CTD2,1.404
2019-03-12,CTD3,1.097
2019-03-12,CTD4,0.758
2019-03-12,CTD5,0.5
2019-03-12,CTD6,0.903
2019-03-12,CTD7,1.5
2019-03-12,CTD8,1.001
2019-03-12,CTD9,0.386
2019-03-28,CTD1,1.673
2019-03-28,CTD10,1.42
2019-03-28,CTD11,1.579
2019-03-28,CTD12,2.762
2019-03-28,CTD2,2.225
2019-03-28,CTD3,1.795
2019-03-28,CTD4,1.997
2019-03-28,CTD5,3.45
2019-03-28,CTD6,2.276
2019-03-28,CTD7,3.347
2019-03-28,CTD8,3.127
2019-03-28,CTD9,1.313
2019-04-02,CTD5,2.38
2019-04-15,CTD1,0.968
2019-04-15,CTD10,2.527
2019-04-15,CTD11,0.763
2019-04-15,CTD12,4.847
2019-04-15,CTD2,7.708
2019-04-15,CTD3,3.117
2019-04-15,CTD4,0.731
2019-04-15,CTD5,0.44
2019-04-15,CTD6,14.304
2019-04-15,CTD7,2.779
2019-04-15,CTD8,91.056
2019-04-15,CTD9,8.196
2019-04-24,CTD1,5.641
2019-04-24,CTD10,2.822
2019-04-24,CTD11,3.199
2019-04-24,CTD12,24.336
2019-04-24,CTD2,42.26
2019-04-24,CTD3,4.364
2019-04-24,CTD4,4.961
2019-04-24,CTD5,7.83
2019-04-24,CTD6,21.293
2019-04-24,CTD7,2.889
2019-04-24,CTD8,87.809
2019-04-24,CTD9,21.183
2019-04-30,CTD1,2.221
2019-04-30,CTD10,1.59
2019-04-30,CTD11,1.197
2019-04-30,CTD12,1.987
2019-04-30,CTD2,3.359
2019-04-30,CTD3,2.99
2019-04-30,CTD4,2.457
2019-04-30,CTD5,3.73
2019-04-30,CTD6,2.207
2019-04-30,CTD7,4.569
2019-04-30,CTD8,2.158
2019-04-30,CTD9,2.496
2019-05-08,CTD1,19.421
2019-05-08,CTD10,0.983
2019-05-08,CTD11,0.0
2019-05-08,CTD12,1.818
2019-05-08,CTD2,2.149
2019-05-08,CTD3,1.716
2019-05-08,CTD4,1.32
2019-05-08,CTD5,0.77
2019-05-08,CTD6,1.797
2019-05-08,CTD7,3.151
2019-05-08,CTD8,2.294
2019-05-08,CTD9,0.296
2019-05-15,CTD1,1.871
2019-05-15,CTD10,1.288
2019-05-15,CTD11,1.277
2019-05-15,CTD12,1.983
2019-05-15,CTD2,2.07
2019-05-15,CTD3,1.535
2019-05-15,CTD4,1.424
2019-05-15,CTD5,0.47
2019-05-15,CTD6,2.09
2019-05-15,CTD7,3.243
2019-05-15,CTD8,2.051
2019-05-15,CTD9,1.444
2019-05-21,CTD1,0.944
2019-05-21,CTD10,1.606
2019-05-21,CTD11,2.02
2019-05-21,CTD12,1.995
2019-05-21,CTD2,1.766
2019-05-21,CTD3,1.459
2019-05-21,CTD4,1.533
2019-05-21,CTD5,0.64
2019-05-21,CTD6,1.846
2019-05-21,CTD7,3.585
2019-05-21,CTD8,3.204
2019-05-21,CTD9,1.557
2019-05-29,CTD1,1.41
2019-05-29,CTD10,1.869
2019-05-29,CTD11,0.857
2019-05-29,CTD12,1.968
2019-05-29,CTD2,2.162
2019-05-29,CTD3,1.764
2019-05-29,CTD4,1.394
2019-05-29,CTD5,0.58
2019-05-29,CTD6,1.912
2019-05-29,CTD7,3.041
2019-05-29,CTD8,2.606
2019-05-29,CTD9,3.839
2019-06-04,CTD1,1.462
2019-06-04,CTD10,1.259
2019-06-04,CTD11,1.741
2019-06-04,CTD12,1.932
2019-06-04,CTD2,1.715
2019-06-04,CTD3,1.795
2019-06-04,CTD4,1.672
2019-06-04,CTD5,0.6
2019-06-04,CTD6,1.953
2019-06-04,CTD7,1.454
2019-06-04,CTD8,2.589
2019-06-04,CTD9,0.972
2019-06-18,CTD1,1.264
2019-06-18,CTD10,1.588
2019-06-18,CTD11,2.141
2019-06-18,CTD12,1.765
2019-06-18,CTD2,1.986
2019-06-18,CTD3,1.572
2019-06-18,CTD4,1.276
2019-06-18,CTD5,0.66
2019-06-18,CTD6,1.585
2019-06-18,CTD7,1.728
2019-06-18,CTD8,2.869
2019-06-18,CTD9,1.272
2019-06-25,CTD1,1.112
2019-06-25,CTD10,1.306
2019-06-25,CTD11,1.645
2019-06-25,CTD12,1.394
2019-06-25,CTD2,1.665
2019-06-25,CTD3,1.51
2019-06-25,CTD4,1.295
2019-06-25,CTD5,0.53
2019-06-25,CTD6,1.564
2019-06-25,CTD7,1.908
2019-06-25,CTD8,1.479
2019-06-25,CTD9,1.63
2019-07-04,CTD1,1.01
2019-07-04,CTD10,1.218
2019-07-04,CTD11,1.507
2019-07-04,CTD12,1.508
2019-07-04,CTD2,1.345
2019-07-04,CTD3,1.485
2019-07-04,CTD4,1.376
2019-07-04,CTD6,1.377
2019-07-04,CTD7,1.414
2019-07-04,CTD8,2.256
2019-07-04,CTD9,1.714
2019-07-05,CTD5,0.38
2019-07-10,CTD1,0.993
2019-07-10,CTD10,1.575
2019-07-10,CTD11,0.892
2019-07-10,CTD12,1.232
2019-07-10,CTD2,0.967
2019-07-10,CTD3,1.076
2019-07-10,CTD4,1.78
2019-07-10,CTD6,1.008
2019-07-10,CTD7,1.172
2019-07-10,CTD8,1.084
2019-07-10,CTD9,0.765
2019-07-11,CTD5,0.44
2019-07-19,CTD1,0.659
2019-07-19,CTD10,1.308
2019-07-19,CTD11,1.75
2019-07-19,CTD12,0.934
2019-07-19,CTD2,1.053
2019-07-19,CTD3,1.067
2019-07-19,CTD4,1.107
2019-07-19,CTD5,0.42
2019-07-19,CTD6,1.134
2019-07-19,CTD7,0.889
2019-07-19,CTD8,1.2
2019-07-19,CTD9,1.31
2019-07-26,CTD1,0.987
2019-07-26,CTD10,1.196
2019-07-26,CTD11,0.0
2019-07-26,CTD12,1.323
2019-07-26,CTD2,1.992
2019-07-26,CTD3,1.714
2019-07-26,CTD4,1.576
2019-07-26,CTD5,0.92
2019-07-26,CTD6,1.477
2019-07-26,CTD7,4.632
2019-07-26,CTD8,3.58
2019-07-26,CTD9,1.431
2019-07-30,CTD1,0.499
2019-07-30,CTD10,1.189
2019-07-30,CTD11,1.073
2019-07-30,CTD12,1.308
2019-07-30,CTD2,1.639
2019-07-30,CTD3,1.348
2019-07-30,CTD4,1.199
2019-07-30,CTD5,0.48
2019-07-30,CTD6,2.02
2019-07-30,CTD7,1.731
2019-07-30,CTD8,3.309
2019-07-30,CTD9,5.219
2019-08-06,CTD1,31.338
2019-08-06,CTD10,1.615
2019-08-06,CTD11,1.44
2019-08-06,CTD12,1.495
2019-08-06,CTD2,1.797
2019-08-06,CTD3,1.618
2019-08-06,CTD4,1.624
2019-08-06,CTD5,0.26
2019-08-06,CTD6,1.765
2019-08-06,CTD7,0.636
2019-08-06,CTD8,1.789
2019-08-06,CTD9,1.457
2019-08-14,CTD1,1.495
2019-08-14,CTD10,4.195
2019-08-14,CTD11,2.796
2019-08-14,CTD12,5.6
2019-08-14,CTD2,2.7
2019-08-14,CTD3,2.218
2019-08-14,CTD4,2.574
2019-08-14,CTD5,0.87
2019-08-14,CTD6,3.793
2019-08-14,CTD7,13.153
2019-08-14,CTD8,11.956
2019-08-14,CTD9,3.614
2019-08-22,CTD1,1.754
2019-08-22,CTD10,2.389
2019-08-22,CTD11,4.02
2019-08-22,CTD12,3.811
2019-08-22,CTD2,4.71
2019-08-22,CTD3,3.272
2019-08-22,CTD4,2.949
2019-08-22,CTD5,3.65
2019-08-22,CTD6,3.959
2019-08-22,CTD7,13.038
2019-08-22,CTD8,10.007
2019-08-22,CTD9,7.999
2019-08-29,CTD1,2.949
2019-08-29,CTD10,3.226
2019-08-29,CTD11,3.793
2019-08-29,CTD12,3.189
2019-08-29,CTD2,3.733
2019-08-29,CTD3,3.51
2019-08-29,CTD4,3.583
2019-08-29,CTD5,0.2
2019-08-29,CTD6,3.463
2019-08-29,CTD7,5.139
2019-08-29,CTD8,4.156
2019-08-29,CTD9,5.503
2019-09-04,CTD1,2.892
2019-09-04,CTD10,2.563
2019-09-04,CTD11,2.874
2019-09-04,CTD12,2.785
2019-09-04,CTD2,3.728
2019-09-04,CTD3,3.113
2019-09-04,CTD4,2.673
2019-09-04,CTD5,0.67
2019-09-04,CTD6,2.356
2019-09-04,CTD7,7.019
2019-09-04,CTD8,3.726
2019-09-04,CTD9,2.723
2019-09-10,CTD1,1.815
2019-09-10,CTD10,2.451
2019-09-10,CTD11,1.854
2019-09-10,CTD12,2.909
2019-09-10,CTD2,3.028
2019-09-10,CTD3,2.819
2019-09-10,CTD4,3.243
2019-09-10,CTD5,0.87
2019-09-10,CTD6,3.278
2019-09-10,CTD7,4.083
2019-09-10,CTD8,3.694
2019-09-10,CTD9,14.845
2019-09-17,CTD1,9.499
2019-09-17,CTD10,7.315
2019-09-17,CTD11,6.169
2019-09-17,CTD12,8.116
2019-09-17,CTD2,13.248
2019-09-17,CTD3,12.291
2019-09-17,CTD4,9.146
2019-09-17,CTD5,3.4
2019-09-17,CTD6,10.054
2019-09-17,CTD7,10.046
2019-09-17,CTD8,9.595
2019-09-17,CTD9,7.063
2019-09-18,CTD1,10.844
2019-09-18,CTD10,5.18
2019-09-18,CTD11,7.354
2019-09-18,CTD12,5.098
2019-09-18,CTD2,9.712
2019-09-18,CTD3,8.102
2019-09-18,CTD4,4.71
2019-09-18,CTD5,0.94
2019-09-18,CTD6,5.115
2019-09-18,CTD7,14.767
2019-09-18,CTD8,8.365
2019-09-18,CTD9,11.418
2019-09-19,CTD1,10.719
2019-09-19,CTD10,4.121
2019-09-19,CTD11,5.815
2019-09-19,CTD12,4.061
2019-09-19,CTD2,10.051
2019-09-19,CTD3,5.151
2019-09-19,CTD4,3.8
2019-09-19,CTD5,0.37
2019-09-19,CTD6,3.273
2019-09-19,CTD7,15.414
2019-09-19,CTD8,7.681
2019-09-19,CTD9,12.093
2019-09-26,CTD1,11.638
2019-09-26,CTD10,4.001
2019-09-26,CTD11,3.207
2019-09-26,CTD12,2.077
2019-09-26,CTD2,2.653
2019-09-26,CTD3,2.37
2019-09-26,CTD4,2.332
2019-09-26,CTD6,1.663
2019-09-26,CTD7,4.948
2019-09-26,CTD8,3.436
2019-09-26,CTD9,93.4
2019-09-27,CTD1,2.58
2019-09-27,CTD10,5.028
2019-09-27,CTD11,2.636
2019-09-27,CTD12,2.536
2019-09-27,CTD2,3.42
2019-09-27,CTD3,2.846
2019-09-27,CTD4,2.28
2019-09-27,CTD6,2.267
2019-09-27,CTD7,11.922
2019-09-27,CTD8,2.352
2019-09-27,CTD9,6.306
2019-09-28,CTD1,9.824
2019-09-28,CTD10,5.402
2019-09-28,CTD11,3.404
2019-09-28,CTD12,2.593
2019-09-28,CTD2,3.525
2019-09-28,CTD3,2.042
2019-09-28,CTD4,1.415
2019-09-28,CTD6,1.77
2019-09-28,CTD7,6.652
2019-09-28,CTD8,5.97
2019-09-28,CTD9,15.23
2019-10-03,CTD1,9.184
2019-10-03,CTD10,3.871
2019-10-03,CTD11,2.355
2019-10-03,CTD12,2.942
2019-10-03,CTD2,3.941
2019-10-03,CTD3,2.737
2019-10-03,CTD4,2.369
2019-10-03,CTD5,1.2
2019-10-03,CTD6,2.765
2019-10-03,CTD7,8.431
2019-10-03,CTD8,3.88
2019-10-03,CTD9,2.586
2019-10-14,CTD1,6.548
2019-10-14,CTD10,5.035
2019-10-14,CTD11,15.647
2019-10-14,CTD12,3.606
2019-10-14,CTD2,4.681
2019-10-14,CTD3,3.378
2019-10-14,CTD4,4.491
2019-10-14,CTD6,3.802
2019-10-14,CTD7,5.292
2019-10-14,CTD8,3.676
2019-10-14,CTD9,11.426
2019-10-15,CTD1,11.412
2019-10-15,CTD10,6.577
2019-10-15,CTD11,4.891
2019-10-15,CTD12,7.238
2019-10-15,CTD2,3.851
2019-10-15,CTD3,5.261
2019-10-15,CTD4,5.661
2019-10-15,CTD5,1.55
2019-10-15,CTD6,7.736
2019-10-15,CTD7,10.858
2019-10-15,CTD8,7.842
2019-10-15,CTD9,54.047
2019-10-16,CTD1,6.711
2019-10-16,CTD10,10.977
2019-10-16,CTD11,5.466
2019-10-16,CTD12,10.709
2019-10-16,CTD2,6.033
2019-10-16,CTD3,4.433
2019-10-16,CTD4,4.272
2019-10-16,CTD5,0.96
2019-10-16,CTD6,7.12
2019-10-16,CTD7,4.004
2019-10-16,CTD8,7.263
2019-10-16,CTD9,18.45
2019-10-25,CTD1,7.515
2019-10-25,CTD10,6.117
2019-10-25,CTD11,4.527
2019-10-25,CTD12,4.369
2019-10-25,CTD2,4.52
2019-10-25,CTD3,3.481
2019-10-25,CTD4,3.659
2019-10-25,CTD6,4.219
2019-10-25,CTD7,7.044
2019-10-25,CTD8,5.192
2019-10-25,CTD9,38.161
2019-10-30,CTD1,4.057
2019-10-30,CTD10,6.004
2019-10-30,CTD11,5.33
2019-10-30,CTD12,5.964
2019-10-30,CTD2,6.271
2019-10-30,CTD3,5.383
2019-10-30,CTD4,5.035
2019-10-30,CTD6,5.77
2019-10-30,CTD7,7.25
2019-10-30,CTD8,6.473
2019-10-30,CTD9,4.601
2019-11-04,CTD1,6.283
2019-11-04,CTD10,6.092
2019-11-04,CTD11,6.794
2019-11-04,CTD12,6.885
2019-11-04,CTD2,7.929
2019-11-04,CTD3,7.863
2019-11-04,CTD4,7.604
2019-11-04,CTD6,7.182
2019-11-04,CTD7,7.289
2019-11-04,CTD8,7.227
2019-11-04,CTD9,4.965
2019-11-07,CTD1,10.89
2019-11-07,CTD10,8.187
2019-11-07,CTD11,6.624
2019-11-07,CTD12,6.015
2019-11-07,CTD2,8.851
2019-11-07,CTD3,6.231
2019-11-07,CTD4,4.523
2019-11-07,CTD5,1.6
2019-11-07,CTD6,5.747
2019-11-07,CTD7,9.613
2019-11-07,CTD8,5.711
2019-11-07,CTD9,4.692
2019-11-14,CTD1,3.878
2019-11-14,CTD10,16.105
2019-11-14,CTD11,29.97
2019-11-14,CTD12,15.251
2019-11-14,CTD2,7.533
2019-11-14,CTD3,5.751
2019-11-14,CTD4,4.523
2019-11-14,CTD5,0.44
2019-11-14,CTD6,13.999
2019-11-14,CTD7,9.328
2019-11-14,CTD8,11.885
2019-11-14,CTD9,11.969
2019-11-20,CTD1,3.1
2019-11-20,CTD10,12.749
2019-11-20,CTD11,10.092
2019-11-20,CTD12,9.965
2019-11-20,CTD2,7.171
2019-11-20,CTD3,5.657
2019-11-20,CTD4,4.458
2019-11-20,CTD6,8.063
2019-11-20,CTD7,10.76
2019-11-20,CTD8,10.584
2019-11-20,CTD9,8.785
2019-11-21,CTD1,2.784
2019-11-21,CTD10,8.621
2019-11-21,CTD11,8.376
2019-11-21,CTD12,8.606
2019-11-21,CTD2,4.885
2019-11-21,CTD3,4.534
2019-11-21,CTD4,4.329
2019-11-21,CTD5,1.05
2019-11-21,CTD6,8.657
2019-11-21,CTD7,5.153
2019-11-21,CTD8,6.578
2019-11-21,CTD9,4.135
2019-11-26,CTD1,1.23
2019-11-26,CTD10,7.56
2019-11-26,CTD11,11.09
2019-11-26,CTD12,7.449
2019-11-26,CTD2,5.922
2019-11-26,CTD3,6.251
2019-11-26,CTD4,7.062
2019-11-26,CTD6,7.171
2019-11-26,CTD7,4.46
2019-11-26,CTD8,6.845
2019-11-26,CTD9,2.902
2019-11-27,CTD1,2.447
2019-11-27,CTD10,5.122
2019-11-27,CTD11,8.378
2019-11-27,CTD12,5.336
2019-11-27,CTD2,7.372
2019-11-27,CTD3,6.876
2019-11-27,CTD4,5.057
2019-11-27,CTD5,0.36
2019-11-27,CTD6,5.916
2019-11-27,CTD7,7.014
2019-11-27,CTD8,5.886
2019-11-27,CTD9,3.267
2019-12-02,CTD1,3.679
2019-12-02,CTD10,3.562
2019-12-02,CTD11,3.414
2019-12-02,CTD12,3.681
2019-12-02,CTD2,4.341
2019-12-02,CTD3,4.247
2019-12-02,CTD4,4.03
2019-12-02,CTD6,4.141
2019-12-02,CTD7,4.595
2019-12-02,CTD8,3.966
2019-12-02,CTD9,4.676
2019-12-05,CTD1,5.149
2019-12-05,CTD10,16.253
2019-12-05,CTD11,23.842
2019-12-05,CTD12,14.335
2019-12-05,CTD2,9.643
2019-12-05,CTD3,7.151
2019-12-05,CTD4,8.485
2019-12-05,CTD5,63.24
2019-12-05,CTD6,14.674
2019-12-05,CTD7,11.281
2019-12-05,CTD8,12.931
2019-12-05,CTD9,15.353
2019-12-07,CTD1,4.198
2019-12-07,CTD10,11.891
2019-12-07,CTD11,9.289
2019-12-07,CTD12,10.751
2019-12-07,CTD2,7.338
2019-12-07,CTD3,5.679
2019-12-07,CTD4,4.479
2019-12-07,CTD6,8.902
2019-12-07,CTD7,15.319
2019-12-07,CTD8,12.87
2019-12-07,CTD9,13.338
2019-12-11,CTD1,2.46
2019-12-11,CTD10,6.862
2019-12-11,CTD11,8.916
2019-12-11,CTD12,6.578
2019-12-11,CTD2,5.777
2019-12-11,CTD3,5.799
2019-12-11,CTD4,6.079
2019-12-11,CTD6,6.401
2019-12-11,CTD7,6.483
2019-12-11,CTD8,6.427
2019-12-11,CTD9,1.108
2019-12-16,CTD1,0.996
2019-12-16,CTD10,4.909
2019-12-16,CTD11,6.551
2019-12-16,CTD12,4.73
2019-12-16,CTD2,3.555
2019-12-16,CTD3,3.636
2019-12-16,CTD4,4.108
2019-12-16,CTD6,4.503
2019-12-16,CTD7,5.365
2019-12-16,CTD8,4.85
2019-12-16,CTD9,14.018
2019-12-26,CTD1,2.806
2019-12-26,CTD10,2.567
2019-12-26,CTD11,3.57
2019-12-26,CTD12,3.438
2019-12-26,CTD2,5.218
2019-12-26,CTD3,4.807
2019-12-26,CTD4,4.163
2019-12-26,CTD5,0.78
2019-12-26,CTD6,6.199
2019-12-26,CTD7,6.536
2019-12-26,CTD8,4.009
2019-12-26,CTD9,2.646
2020-01-03,CTD1,2.389
2020-01-03,CTD10,2.155
2020-01-03,CTD11,1.882
2020-01-03,CTD12,2.425
2020-01-03,CTD2,2.379
2020-01-03,CTD3,2.662
2020-01-03,CTD4,1.942
2020-01-03,CTD5,0.41
2020-01-03,CTD6,3.192
2020-01-03,CTD7,3.492
2020-01-03,CTD8,4.032
2020-01-03,CTD9,4.819
2020-01-08,CTD1,2.203
2020-01-08,CTD10,1.947
2020-01-08,CTD11,1.744
2020-01-08,CTD12,3.076
2020-01-08,CTD2,1.85
2020-01-08,CTD3,1.822
2020-01-08,CTD4,1.786
2020-01-08,CTD5,0.51
2020-01-08,CTD6,2.705
2020-01-08,CTD7,4.449
2020-01-08,CTD8,3.71
2020-01-08,CTD9,1.445
2020-01-17,CTD1,0.526
2020-01-17,CTD10,1.319
2020-01-17,CTD11,1.414
2020-01-17,CTD12,2.015
2020-01-17,CTD2,1.007
2020-01-17,CTD3,1.637
2020-01-17,CTD4,1.447
2020-01-17,CTD5,0.8
2020-01-17,CTD6,3.325
2020-01-17,CTD7,3.138
2020-01-17,CTD8,1.811
2020-01-17,CTD9,1.059
2020-01-23,CTD1,4.978
2020-01-23,CTD10,18.158
2020-01-23,CTD11,11.752
2020-01-23,CTD12,15.033
2020-01-23,CTD2,9.431
2020-01-23,CTD3,7.676
2020-01-23,CTD4,5.771
2020-01-23,CTD6,9.974
2020-01-23,CTD7,14.707
2020-01-23,CTD8,14.425
2020-01-23,CTD9,11.7
2020-01-29,CTD1,1.876
2020-01-29,CTD10,5.348
2020-01-29,CTD11,4.821
2020-01-29,CTD12,5.476
2020-01-29,CTD2,4.606
2020-01-29,CTD3,3.584
2020-01-29,CTD4,3.725
2020-01-29,CTD5,2.19
2020-01-29,CTD6,5.041
2020-01-29,CTD7,6.571
2020-01-29,CTD8,5.446
2020-01-29,CTD9,2.129
2020-02-04,CTD1,1.565
2020-02-04,CTD10,1.885
2020-02-04,CTD11,2.638
2020-02-04,CTD12,1.987
2020-02-04,CTD2,2.031
2020-02-04,CTD3,2.063
2020-02-04,CTD4,1.951
2020-02-04,CTD5,1.02
2020-02-04,CTD6,2.075
2020-02-04,CTD7,2.96
2020-02-04,CTD8,2.221
2020-02-04,CTD9,5.306
2020-02-11,CTD1,2.197
2020-02-11,CTD10,1.938
2020-02-11,CTD11,4.157
2020-02-11,CTD12,2.59
2020-02-11,CTD2,3.318
2020-02-11,CTD3,2.892
2020-02-11,CTD4,2.569
2020-02-11,CTD5,1.99
2020-02-11,CTD6,2.274
2020-02-11,CTD7,3.586
2020-02-11,CTD8,3.708
2020-02-11,CTD9,2.804
2020-02-20,CTD1,0.879
2020-02-20,CTD10,2.992
2020-02-20,CTD11,3.115
2020-02-20,CTD12,1.856
2020-02-20,CTD2,1.705
2020-02-20,CTD3,1.708
2020-02-20,CTD4,1.858
2020-02-20,CTD5,1.13
2020-02-20,CTD6,2.058
2020-02-20,CTD7,1.929
2020-02-20,CTD8,2.182
2020-02-20,CTD9,3.035
2020-02-25,CTD1,1.363
2020-02-25,CTD10,2.176
2020-02-25,CTD11,2.81
2020-02-25,CTD12,5.008
2020-02-25,CTD2,2.817
2020-02-25,CTD3,3.614
2020-02-25,CTD4,3.466
2020-02-25,CTD5,1.7
2020-02-25,CTD6,4.63
2020-02-25,CTD7,2.945
2020-02-25,CTD8,5.819
2020-02-25,CTD9,1.404
2020-03-05,CTD1,3.003
2020-03-05,CTD10,7.067
2020-03-05,CTD11,8.807
2020-03-05,CTD12,5.009
2020-03-05,CTD2,2.99
2020-03-05,CTD3,3.559
2020-03-05,CTD4,6.976
2020-03-05,CTD5,2.95
2020-03-05,CTD6,5.219
2020-03-05,CTD7,5.337
2020-03-05,CTD8,4.947
2020-03-05,CTD9,2.426
2020-03-11,CTD1,4.313
2020-03-11,CTD10,4.383
2020-03-11,CTD11,4.752
2020-03-11,CTD12,4.43
2020-03-11,CTD2,4.957
2020-03-11,CTD3,5.041
2020-03-11,CTD4,5.037
2020-03-11,CTD5,1.11
2020-03-11,CTD6,5.14
2020-03-11,CTD7,5.031
2020-03-11,CTD8,4.836
2020-03-11,CTD9,4.224
2020-03-17,CTD1,3.957
2020-03-17,CTD10,8.608
2020-03-17,CTD11,4.23
2020-03-17,CTD12,5.419
2020-03-17,CTD2,3.276
2020-03-17,CTD3,3.151
2020-03-17,CTD4,3.55
2020-03-17,CTD5,6.08
2020-03-17,CTD6,4.102
2020-03-17,CTD7,9.226
2020-03-17,CTD8,5.199
2020-03-17,CTD9,16.373
2020-03-27,CTD5,15.71
2020-04-01,CTD1,2.314
2020-04-01,CTD10,5.11
2020-04-01,CTD11,3.088
2020-04-01,CTD12,6.34
2020-04-01,CTD2,4.767
2020-04-01,CTD3,5.774
2020-04-01,CTD4,6.664
2020-04-01,CTD5,5.92
2020-04-01,CTD6,6.895
2020-04-01,CTD7,25.195
2020-04-01,CTD8,7.542
2020-04-01,CTD9,13.711
2020-04-07,CTD1,1.405
2020-04-07,CTD10,3.823
2020-04-07,CTD11,2.902
2020-04-07,CTD12,3.462
2020-04-07,CTD2,3.055
2020-04-07,CTD3,2.895
2020-04-07,CTD4,2.795
2020-04-07,CTD5,1.97
2020-04-07,CTD6,2.991
2020-04-07,CTD7,4.165
2020-04-07,CTD8,3.889
2020-04-07,CTD9,4.522
2020-04-14,CTD1,1.271
2020-04-14,CTD10,4.916
2020-04-14,CTD11,4.191
2020-04-14,CTD12,4.318
2020-04-14,CTD2,3.051
2020-04-14,CTD3,2.566
2020-04-14,CTD4,2.546
2020-04-14,CTD5,1.96
2020-04-14,CTD6,3.494
2020-04-14,CTD7,4.43
2020-04-14,CTD8,4.472
2020-04-14,CTD9,5.273
2020-04-21,CTD1,2.9
2020-04-21,CTD10,3.483
2020-04-21,CTD11,3.333
2020-04-21,CTD12,4.385
2020-04-21,CTD2,4.161
2020-04-21,CTD3,4.064
2020-04-21,CTD4,5.399
2020-04-21,CTD5,2.37
2020-04-21,CTD6,5.394
2020-04-21,CTD7,5.576
2020-04-21,CTD8,5.117
2020-04-21,CTD9,7.43
2020-04-28,CTD1,5.323
2020-04-28,CTD10,4.46
2020-04-28,CTD11,2.387
2020-04-28,CTD12,4.444
2020-04-28,CTD2,5.206
2020-04-28,CTD3,4.602
2020-04-28,CTD4,3.799
2020-04-28,CTD6,4.383
2020-04-28,CTD7,6.315
2020-04-28,CTD8,4.736
2020-04-28,CTD9,3.533
2020-05-05,CTD1,2.002
2020-05-05,CTD10,2.192
2020-05-05,CTD11,0.879
2020-05-05,CTD12,2.74
2020-05-05,CTD2,2.6
2020-05-05,CTD3,1.568
2020-05-05,CTD4,0.522
2020-05-05,CTD6,2.178
2020-05-05,CTD7,9.409
2020-05-05,CTD8,5.284
2020-05-05,CTD9,4.212
2020-05-12,CTD1,1.059
2020-05-12,CTD10,3.201
2020-05-12,CTD11,5.965
2020-05-12,CTD12,2.22
2020-05-12,CTD2,1.764
2020-05-12,CTD3,2.077
2020-05-12,CTD4,2.338
2020-05-12,CTD6,2.886
2020-05-12,CTD7,1.585
2020-05-12,CTD8,2.087
2020-05-12,CTD9,2.577
2020-05-13,CTD1,0.441
2020-05-13,CTD10,5.374
2020-05-13,CTD11,5.111
2020-05-13,CTD12,4.202
2020-05-13,CTD2,1.113
2020-05-13,CTD3,1.375
2020-05-13,CTD4,2.117
2020-05-13,CTD5,1.55
2020-05-13,CTD6,3.016
2020-05-13,CTD7,2.018
2020-05-13,CTD8,3.221
2020-05-13,CTD9,2.434
2020-05-18,CTD1,2.735
2020-05-18,CTD10,1.806
2020-05-18,CTD11,1.522
2020-05-18,CTD12,2.021
2020-05-18,CTD2,1.776
2020-05-18,CTD3,1.907
2020-05-18,CTD4,2.175
2020-05-18,CTD6,1.479
2020-05-18,CTD7,1.744
2020-05-18,CTD8,2.05
2020-05-18,CTD9,0.474
2020-05-20,CTD1,2.811
2020-05-20,CTD10,2.56
2020-05-20,CTD11,1.101
2020-05-20,CTD12,2.174
2020-05-20,CTD2,0.757
2020-05-20,CTD3,2.139
2020-05-20,CTD4,1.818
2020-05-20,CTD5,1.67
2020-05-20,CTD6,1.864
2020-05-20,CTD7,1.224
2020-05-20,CTD8,1.981
2020-05-20,CTD9,0.694
2020-05-25,CTD1,3.5
2020-05-25,CTD10,2.73
2020-05-25,CTD11,2.446
2020-05-25,CTD12,2.515
2020-05-25,CTD2,4.142
2020-05-25,CTD3,3.407
2020-05-25,CTD4,2.465
2020-05-25,CTD6,3.354
2020-05-25,CTD7,5.989
2020-05-25,CTD8,3.741
2020-05-25,CTD9,2.622
2020-06-01,CTD1,2.612
2020-06-01,CTD10,1.988
2020-06-01,CTD11,1.077
2020-06-01,CTD12,2.34
2020-06-01,CTD2,3.523
2020-06-01,CTD3,3.767
2020-06-01,CTD4,3.789
2020-06-01,CTD5,2.71
2020-06-01,CTD6,3.46
2020-06-01,CTD7,2.77
2020-06-01,CTD8,2.158
2020-06-01,CTD9,2.821
2020-06-02,CTD1,1.234
2020-06-02,CTD10,1.301
2020-06-02,CTD11,0.925
2020-06-02,CTD12,1.497
2020-06-02,CTD2,1.556
2020-06-02,CTD3,1.48
2020-06-02,CTD4,1.415
2020-06-02,CTD6,1.433
2020-06-02,CTD7,1.592
2020-06-02,CTD8,1.612
2020-06-02,CTD9,3.033
2020-06-11,CTD1,2.439
2020-06-11,CTD10,1.484
2020-06-11,CTD11,0.895
2020-06-11,CTD12,3.954
2020-06-11,CTD2,2.98
2020-06-11,CTD3,2.352
2020-06-11,CTD4,1.764
2020-06-11,CTD6,2.692
2020-06-11,CTD7,2.06
2020-06-11,CTD8,3.791
2020-06-11,CTD9,1.927
2020-06-15,CTD1,4.518
2020-06-15,CTD10,1.493
2020-06-15,CTD11,0.938
2020-06-15,CTD12,1.865
2020-06-15,CTD2,2.032
2020-06-15,CTD3,1.728
2020-06-15,CTD4,1.361
2020-06-15,CTD5,0.79
2020-06-15,CTD6,1.734
2020-06-15,CTD7,2.124
2020-06-15,CTD8,1.879
2020-06-15,CTD9,1.689
2020-06-23,CTD1,1.349
2020-06-23,CTD10,1.439
2020-06-23,CTD11,1.31
2020-06-23,CTD12,2.034
2020-06-23,CTD2,0.72
2020-06-23,CTD3,2.053
2020-06-23,CTD4,1.063
2020-06-23,CTD6,3.006
2020-06-23,CTD7,4.038
2020-06-23,CTD8,1.676
2020-06-23,CTD9,2.082
2020-06-26,CTD1,0.946
2020-06-26,CTD10,1.323
2020-06-26,CTD11,1.059
2020-06-26,CTD12,3.808
2020-06-26,CTD2,2.477
2020-06-26,CTD3,2.496
2020-06-26,CTD4,2.496
2020-06-26,CTD5,1.57
2020-06-26,CTD6,4.002
2020-06-26,CTD7,1.266
2020-06-26,CTD8,4.298
2020-06-26,CTD9,3.948
2020-07-02,CTD1,3.243
2020-07-02,CTD10,1.095
2020-07-02,CTD11,0.792
2020-07-02,CTD12,1.662
2020-07-02,CTD2,1.106
2020-07-02,CTD3,0.989
2020-07-02,CTD4,0.938
2020-07-02,CTD5,1.63
2020-07-02,CTD6,1.166
2020-07-02,CTD7,2.542
2020-07-02,CTD8,1.471
2020-07-02,CTD9,1.909
2020-07-07,CTD1,0.841
2020-07-07,CTD10,0.803
2020-07-07,CTD11,0.804
2020-07-07,CTD12,1.346
2020-07-07,CTD2,0.978
2020-07-07,CTD3,0.9
2020-07-07,CTD4,0.721
2020-07-07,CTD5,0.97
2020-07-07,CTD6,1.406
2020-07-07,CTD7,1.328
2020-07-07,CTD8,1.212
2020-07-07,CTD9,2.146
2020-07-17,CTD1,0.664
2020-07-17,CTD10,0.487
2020-07-17,CTD11,0.486
2020-07-17,CTD12,0.941
2020-07-17,CTD2,0.684
2020-07-17,CTD3,0.94
2020-07-17,CTD4,1.171
2020-07-17,CTD5,1.46
2020-07-17,CTD6,1.112
2020-07-17,CTD7,0.534
2020-07-17,CTD8,0.775
2020-07-17,CTD9,2.652
2020-07-23,CTD1,0.61
2020-07-23,CTD10,9.214
2020-07-23,CTD11,0.442
2020-07-23,CTD12,3.942
2020-07-23,CTD2,2.919
2020-07-23,CTD3,2.41
2020-07-23,CTD4,2.604
2020-07-23,CTD5,3.16
2020-07-23,CTD6,1.743
2020-07-23,CTD7,6.225
2020-07-23,CTD8,6.032
2020-07-23,CTD9,15.241
2020-07-28,CTD1,0.79
2020-07-28,CTD10,1.983
2020-07-28,CTD11,1.732
2020-07-28,CTD12,1.592
2020-07-28,CTD2,1.596
2020-07-28,CTD3,1.349
2020-07-28,CTD4,1.19
2020-07-28,CTD5,0.96
2020-07-28,CTD6,1.344
2020-07-28,CTD7,2.398
2020-07-28,CTD8,2.32
2020-07-28,CTD9,3.679
2020-08-04,CTD1,0.819
2020-08-04,CTD10,0.59
2020-08-04,CTD11,0.134
2020-08-04,CTD12,0.864
2020-08-04,CTD2,1.195
2020-08-04,CTD3,0.998
2020-08-04,CTD4,0.77
2020-08-04,CTD5,0.57
2020-08-04,CTD6,0.562
2020-08-04,CTD7,1.639
2020-08-04,CTD8,1.329
2020-08-04,CTD9,2.664
2020-08-13,CTD1,0.779
2020-08-13,CTD10,0.652
2020-08-13,CTD11,1.134
2020-08-13,CTD12,0.922
2020-08-13,CTD2,0.975
2020-08-13,CTD3,0.786
2020-08-13,CTD4,0.646
2020-08-13,CTD5,1.51
2020-08-13,CTD6,0.855
2020-08-13,CTD7,1.518
2020-08-13,CTD8,1.619
2020-08-13,CTD9,3.733
2020-08-19,CTD1,0.756
2020-08-19,CTD10,0.523
2020-08-19,CTD11,0.615
2020-08-19,CTD12,0.622
2020-08-19,CTD2,0.676
2020-08-19,CTD3,0.809
2020-08-19,CTD4,0.765
2020-08-19,CTD5,0.44
2020-08-19,CTD6,0.677
2020-08-19,CTD7,0.616
2020-08-19,CTD8,0.648
2020-08-19,CTD9,1.478
2020-08-26,CTD1,0.265
2020-08-26,CTD10,0.919
2020-08-26,CTD11,0.569
2020-08-26,CTD12,0.811
2020-08-26,CTD2,1.16
2020-08-26,CTD3,0.898
2020-08-26,CTD4,0.595
2020-08-26,CTD5,1.17
2020-08-26,CTD6,0.792
2020-08-26,CTD7,1.643
2020-08-26,CTD8,1.43
2020-08-26,CTD9,0.782
2020-09-03,CTD1,0.491
2020-09-03,CTD10,1.021
2020-09-03,CTD11,0.582
2020-09-03,CTD12,0.617
2020-09-03,CTD2,2.808
2020-09-03,CTD3,1.855
2020-09-03,CTD4,0.673
2020-09-03,CTD5,0.66
2020-09-03,CTD6,0.741
2020-09-03,CTD7,4.706
2020-09-03,CTD8,2.069
2020-09-03,CTD9,1.865
2020-09-10,CTD1,0.644
2020-09-10,CTD10,0.491
2020-09-10,CTD11,0.156
2020-09-10,CTD12,0.63
2020-09-10,CTD2,0.887
2020-09-10,CTD3,0.459
2020-09-10,CTD4,0.129
2020-09-10,CTD5,1.51
2020-09-10,CTD6,0.48
2020-09-10,CTD7,2.229
2020-09-10,CTD8,1.12
2020-09-10,CTD9,1.83
2020-09-16,CTD1,6.8
2020-09-16,CTD10,0.672
2020-09-16,CTD11,0.365
2020-09-16,CTD12,0.784
2020-09-16,CTD2,0.901
2020-09-16,CTD3,1.027
2020-09-16,CTD4,0.6
2020-09-16,CTD5,0.97
2020-09-16,CTD6,0.827
2020-09-16,CTD7,1.046
2020-09-16,CTD8,0.934
2020-09-16,CTD9,7.411
2020-09-24,CTD1,0.859
2020-09-24,CTD10,0.428
2020-09-24,CTD11,0.756
2020-09-24,CTD12,0.457
2020-09-24,CTD2,0.716
2020-09-24,CTD3,0.556
2020-09-24,CTD4,0.399
2020-09-24,CTD5,0.31
2020-09-24,CTD6,0.452
2020-09-24,CTD7,0.993
2020-09-24,CTD8,0.933
2020-09-24,CTD9,2.484
2020-09-30,CTD1,0.581
2020-09-30,CTD10,0.459
2020-09-30,CTD11,0.236
2020-09-30,CTD12,0.672
2020-09-30,CTD2,0.999
2020-09-30,CTD3,0.835
2020-09-30,CTD4,0.557
2020-09-30,CTD5,1.1
2020-09-30,CTD6,0.707
2020-09-30,CTD7,1.214
2020-09-30,CTD8,0.963
2020-09-30,CTD9,4.785
2020-10-08,CTD1,0.759
2020-10-08,CTD10,0.575
2020-10-08,CTD11,0.47
2020-10-08,CTD12,0.592
2020-10-08,CTD2,0.908
2020-10-08,CTD3,0.796
2020-10-08,CTD4,0.69
2020-10-08,CTD5,0.32
2020-10-08,CTD6,0.572
2020-10-08,CTD7,1.308
2020-10-08,CTD8,1.181
2020-10-08,CTD9,2.211
2020-10-14,CTD1,1.126
2020-10-14,CTD10,0.341
2020-10-14,CTD11,1.009
2020-10-14,CTD12,0.496
2020-10-14,CTD2,0.72
2020-10-14,CTD3,0.722
2020-10-14,CTD4,0.77
2020-10-14,CTD5,0.54
2020-10-14,CTD6,0.383
2020-10-14,CTD7,0.53
2020-10-14,CTD8,0.524
2020-10-14,CTD9,0.592
2020-10-22,CTD1,1.015
2020-10-22,CTD10,0.518
2020-10-22,CTD11,1.0
2020-10-22,CTD12,1.152
2020-10-22,CTD2,0.663
2020-10-22,CTD3,0.649
2020-10-22,CTD4,1.173
2020-10-22,CTD5,1.35
2020-10-22,CTD6,1.248
2020-10-22,CTD7,4.128
2020-10-22,CTD8,2.003
2020-10-22,CTD9,1.246
2020-10-29,CTD1,1.198
2020-10-29,CTD10,1.407
2020-10-29,CTD11,0.748
2020-10-29,CTD12,0.978
2020-10-29,CTD2,0.912
2020-10-29,CTD3,0.771
2020-10-29,CTD4,0.862
2020-10-29,CTD5,0.25
2020-10-29,CTD6,0.653
2020-10-29,CTD7,1.099
2020-10-29,CTD8,1.041
2020-10-29,CTD9,1.326
2020-11-04,CTD1,0.491
2020-11-04,CTD10,2.612
2020-11-04,CTD11,0.689
2020-11-04,CTD12,1.572
2020-11-04,CTD2,0.649
2020-11-04,CTD3,0.778
2020-11-04,CTD4,0.649
2020-11-04,CTD5,0.79
2020-11-04,CTD6,0.792
2020-11-04,CTD7,1.658
2020-11-04,CTD8,1.767
2020-11-04,CTD9,4.691
2020-11-12,CTD1,0.656
2020-11-12,CTD10,0.848
2020-11-12,CTD11,1.095
2020-11-12,CTD12,0.996
2020-11-12,CTD2,0.635
2020-11-12,CTD3,1.036
2020-11-12,CTD4,1.21
2020-11-12,CTD5,0.35
2020-11-12,CTD6,1.213
2020-11-12,CTD7,0.677
2020-11-12,CTD8,1.01
2020-11-12,CTD9,2.613
2020-11-18,CTD1,0.73
2020-11-18,CTD10,0.677
2020-11-18,CTD11,0.696
2020-11-18,CTD12,0.837
2020-11-18,CTD2,0.825
2020-11-18,CTD3,0.826
2020-11-18,CTD4,0.669
2020-11-18,CTD5,0.35
2020-11-18,CTD6,0.738
2020-11-18,CTD7,1.222
2020-11-18,CTD8,1.181
2020-11-18,CTD9,4.453
2020-11-25,CTD1,0.76
2020-11-25,CTD10,0.823
2020-11-25,CTD11,0.85
2020-11-25,CTD12,0.767
2020-11-25,CTD2,1.232
2020-11-25,CTD3,1.096
2020-11-25,CTD4,0.935
2020-11-25,CTD5,0.57
2020-11-25,CTD6,0.925
2020-11-25,CTD7,1.828
2020-11-25,CTD8,1.622
2020-11-25,CTD9,4.134
2020-12-03,CTD1,0.601
2020-12-03,CTD10,0.72
2020-12-03,CTD11,0.722
2020-12-03,CTD12,0.692
2020-12-03,CTD2,0.68
2020-12-03,CTD3,0.72
2020-12-03,CTD4,0.817
2020-12-03,CTD5,0.94
2020-12-03,CTD6,0.6
2020-12-03,CTD7,0.653
2020-12-03,CTD8,0.742
2020-12-03,CTD9,1.933
2020-12-10,CTD1,0.598
2020-12-10,CTD10,1.394
2020-12-10,CTD11,1.706
2020-12-10,CTD12,1.256
2020-12-10,CTD2,0.701
2020-12-10,CTD3,0.804
2020-12-10,CTD4,1.064
2020-12-10,CTD5,0.48
2020-12-10,CTD6,1.3
2020-12-10,CTD7,0.915
2020-12-10,CTD8,1.226
2020-12-10,CTD9,1.427
2020-12-15,CTD1,0.784
2020-12-15,CTD10,0.832
2020-12-15,CTD11,1.536
2020-12-15,CTD12,0.939
2020-12-15,CTD2,0.556
2020-12-15,CTD3,0.545
2020-12-15,CTD4,0.615
2020-12-15,CTD5,0.34
2020-12-15,CTD6,0.865
2020-12-15,CTD7,0.928
2020-12-15,CTD8,1.092
2020-12-15,CTD9,1.17
2020-12-21,CTD1,0.425
2020-12-21,CTD10,0.841
2020-12-21,CTD11,1.379
2020-12-21,CTD12,0.785
2020-12-21,CTD2,0.476
2020-12-21,CTD3,0.578
2020-12-21,CTD4,0.791
2020-12-21,CTD5,0.46
2020-12-21,CTD6,0.81
2020-12-21,CTD7,0.505
2020-12-21,CTD8,0.728
2020-12-21,CTD9,0.895
2020-12-29,CTD1,0.505
2020-12-29,CTD10,4.04
2020-12-29,CTD11,1.281
2020-12-29,CTD12,2.95
2020-12-29,CTD2,0.438
2020-12-29,CTD3,0.424
2020-12-29,CTD4,0.823
2020-12-29,CTD5,0.87
2020-12-29,CTD6,2.563
2020-12-29,CTD7,1.57
2020-12-29,CTD8,2.49
2020-12-29,CTD9,0.612
2021-01-05,CTD1,0.427
2021-01-05,CTD10,1.405
2021-01-05,CTD11,1.63
2021-01-05,CTD12,1.188
2021-01-05,CTD2,0.523
2021-01-05,CTD3,0.704
2021-01-05,CTD4,0.698
2021-01-05,CTD5,0.45
2021-01-05,CTD6,0.988
2021-01-05,CTD7,0.699
2021-01-05,CTD8,0.79
2021-01-05,CTD9,1.16
2021-01-13,CTD1,0.394
2021-01-13,CTD10,1.72
2021-01-13,CTD11,2.38
2021-01-13,CTD12,1.462
2021-01-13,CTD2,1.307
2021-01-13,CTD3,1.156
2021-01-13,CTD4,1.123
2021-01-13,CTD5,1.37
2021-01-13,CTD6,1.813
2021-01-13,CTD7,2.841
2021-01-13,CTD8,2.869
2021-01-13,CTD9,2.2
2021-01-20,CTD1,0.713
2021-01-20,CTD10,0.744
2021-01-20,CTD11,1.074
2021-01-20,CTD12,1.163
2021-01-20,CTD2,0.92
2021-01-20,CTD3,0.874
2021-01-20,CTD4,0.872
2021-01-20,CTD5,0.58
2021-01-20,CTD6,0.921
2021-01-20,CTD7,0.954
2021-01-20,CTD8,1.246
2021-01-20,CTD9,0.413
2021-01-27,CTD1,1.194
2021-01-27,CTD10,0.75
2021-01-27,CTD11,1.014
2021-01-27,CTD12,0.849
2021-01-27,CTD2,1.067
2021-01-27,CTD3,1.263
2021-01-27,CTD4,1.294
2021-01-27,CTD5,1.44
2021-01-27,CTD6,1.002
2021-01-27,CTD7,0.821
2021-01-27,CTD8,0.8
2021-01-27,CTD9,1.316
2021-02-03,CTD1,1.002
2021-02-03,CTD10,1.449
2021-02-03,CTD11,1.358
2021-02-03,CTD12,1.626
2021-02-03,CTD2,1.133
2021-02-03,CTD3,1.133
2021-02-03,CTD4,1.067
2021-02-03,CTD5,0.6
2021-02-03,CTD6,1.694
2021-02-03,CTD7,1.55
2021-02-03,CTD8,1.754
2021-02-03,CTD9,1.163
2021-02-12,CTD1,7.356
2021-02-12,CTD10,0.737
2021-02-12,CTD11,1.099
2021-02-12,CTD12,0.892
2021-02-12,CTD2,0.801
2021-02-12,CTD3,1.146
2021-02-12,CTD4,1.026
2021-02-12,CTD5,0.5
2021-02-12,CTD6,1.06
2021-02-12,CTD7,0.68
2021-02-12,CTD8,0.793
2021-02-12,CTD9,2.136
2021-02-17,CTD1,1.777
2021-02-17,CTD10,0.478
2021-02-17,CTD11,0.94
2021-02-17,CTD12,0.589
2021-02-17,CTD2,0.576
2021-02-17,CTD3,0.589
2021-02-17,CTD4,0.771
2021-02-17,CTD5,1.72
2021-02-17,CTD6,0.645
2021-02-17,CTD7,0.407
2021-02-17,CTD8,0.502
2021-02-17,CTD9,1.294
2021-02-24,CTD1,0.441
2021-02-24,CTD10,0.955
2021-02-24,CTD11,0.877
2021-02-24,CTD12,0.901
2021-02-24,CTD2,0.847
2021-02-24,CTD3,0.938
2021-02-24,CTD4,1.359
2021-02-24,CTD5,4.98
2021-02-24,CTD6,0.805
2021-02-24,CTD7,0.645
2021-02-24,CTD8,0.879
2021-02-24,CTD9,13.104
2021-03-05,CTD1,0.569
2021-03-05,CTD10,0.658
2021-03-05,CTD11,0.655
2021-03-05,CTD12,0.621
2021-03-05,CTD2,0.461
2021-03-05,CTD3,0.525
2021-03-05,CTD4,1.144
2021-03-05,CTD5,1.31
2021-03-05,CTD6,0.561
2021-03-05,CTD7,2.93
2021-03-05,CTD8,1.258
2021-03-05,CTD9,2.504
2021-03-10,CTD1,0.65
2021-03-10,CTD10,0.707
2021-03-10,CTD11,0.807
2021-03-10,CTD12,0.729
2021-03-10,CTD2,0.702
2021-03-10,CTD3,0.528
2021-03-10,CTD4,0.493
2021-03-10,CTD5,0.85
2021-03-10,CTD6,0.525
2021-03-10,CTD7,1.301
2021-03-10,CTD8,1.057
2021-03-10,CTD9,1.664
2021-03-15,CTD1,0.883
2021-03-15,CTD10,0.636
2021-03-15,CTD11,0.888
2021-03-15,CTD12,0.578
2021-03-15,CTD2,0.514
2021-03-15,CTD3,0.531
2021-03-15,CTD4,0.544
2021-03-15,CTD5,0.54
2021-03-15,CTD6,0.545
2021-03-15,CTD7,1.09
2021-03-15,CTD8,0.632
2021-03-15,CTD9,4.004
2021-03-24,CTD1,0.743
2021-03-24,CTD10,0.79
2021-03-24,CTD11,0.974
2021-03-24,CTD12,0.548
2021-03-24,CTD2,0.481
2021-03-24,CTD3,0.697
2021-03-24,CTD4,1.092
2021-03-24,CTD5,1.01
2021-03-24,CTD6,0.585
2021-03-24,CTD7,1.045
2021-03-24,CTD8,0.883
2021-03-24,CTD9,1.838
2021-04-06,CTD1,0.703
2021-04-06,CTD10,0.527
2021-04-06,CTD11,0.892
2021-04-06,CTD12,0.505
2021-04-06,CTD2,0.447
2021-04-06,CTD3,0.416
2021-04-06,CTD4,0.525
2021-04-06,CTD5,0.66
2021-04-06,CTD6,0.423
2021-04-06,CTD7,0.479
2021-04-06,CTD8,0.453
2021-04-06,CTD9,1.278
2021-04-13,CTD1,0.495
2021-04-13,CTD10,0.508
2021-04-13,CTD11,0.822
2021-04-13,CTD12,0.525
2021-04-13,CTD2,0.529
2021-04-13,CTD3,0.444
2021-04-13,CTD4,0.385
2021-04-13,CTD5,0.76
2021-04-13,CTD6,0.463
2021-04-13,CTD7,2.307
2021-04-13,CTD8,0.977
2021-04-13,CTD9,2.412
2021-04-20,CTD1,0.684
2021-04-20,CTD10,0.521
2021-04-20,CTD11,0.642
2021-04-20,CTD12,0.476
2021-04-20,CTD2,0.474
2021-04-20,CTD3,0.499
2021-04-20,CTD4,0.454
2021-04-20,CTD5,0.54
2021-04-20,CTD6,0.423
2021-04-20,CTD7,0.922
2021-04-20,CTD8,0.674
2021-04-20,CTD9,1.383
2021-04-27,CTD1,0.61
2021-04-27,CTD10,0.974
2021-04-27,CTD11,0.606
2021-04-27,CTD12,0.533
2021-04-27,CTD2,0.535
2021-04-27,CTD3,0.553
2021-04-27,CTD4,0.552
2021-04-27,CTD5,2.46
2021-04-27,CTD6,0.722
2021-04-27,CTD7,2.255
2021-04-27,CTD8,1.007
2021-04-27,CTD9,1.325
2021-05-06,CTD1,0.452
2021-05-06,CTD10,0.668
2021-05-06,CTD11,0.976
2021-05-06,CTD12,0.539
2021-05-06,CTD2,0.465
2021-05-06,CTD3,0.46
2021-05-06,CTD4,0.568
2021-05-06,CTD5,1.08
2021-05-06,CTD6,0.449
2021-05-06,CTD7,0.73
2021-05-06,CTD8,0.676
2021-05-06,CTD9,0.834
2021-05-13,CTD1,0.587
2021-05-13,CTD10,0.448
2021-05-13,CTD11,0.966
2021-05-13,CTD12,0.339
2021-05-13,CTD2,0.42
2021-05-13,CTD3,0.542
2021-05-13,CTD4,0.649
2021-05-13,CTD5,0.43
2021-05-13,CTD6,0.337
2021-05-13,CTD7,1.779
2021-05-13,CTD8,0.779
2021-05-13,CTD9,0.981
2021-05-20,CTD1,0.611
2021-05-20,CTD10,0.512
2021-05-20,CTD11,0.662
2021-05-20,CTD12,0.524
2021-05-20,CTD2,0.545
2021-05-20,CTD3,0.513
2021-05-20,CTD4,0.516
2021-05-20,CTD5,0.63
2021-05-20,CTD6,0.418
2021-05-20,CTD7,1.642
2021-05-20,CTD8,0.729
2021-05-20,CTD9,0.896
2021-05-25,CTD1,0.657
2021-05-25,CTD10,0.413
2021-05-25,CTD11,0.956
2021-05-25,CTD12,0.537
2021-05-25,CTD2,0.517
2021-05-25,CTD3,0.396
2021-05-25,CTD4,0.439
2021-05-25,CTD5,1.0
2021-05-25,CTD6,0.365
2021-05-25,CTD7,3.119
2021-05-25,CTD8,0.744
2021-05-25,CTD9,1.05
2021-06-02,CTD1,0.597
2021-06-02,CTD10,0.822
2021-06-02,CTD11,0.514
2021-06-02,CTD12,0.567
2021-06-02,CTD2,0.534
2021-06-02,CTD3,0.58
2021-06-02,CTD4,0.568
2021-06-02,CTD5,0.48
2021-06-02,CTD6,0.508
2021-06-02,CTD7,0.642
2021-06-02,CTD8,0.619
2021-06-02,CTD9,0.748
2021-06-08,CTD1,0.733
2021-06-08,CTD10,0.516
2021-06-08,CTD11,0.612
2021-06-08,CTD12,0.536
2021-06-08,CTD2,0.775
2021-06-08,CTD3,0.733
2021-06-08,CTD4,0.502
2021-06-08,CTD5,0.52
2021-06-08,CTD6,0.462
2021-06-08,CTD7,1.38
2021-06-08,CTD8,0.952
2021-06-08,CTD9,0.923
2021-06-14,CTD1,2.601
2021-06-14,CTD10,0.627
2021-06-14,CTD11,0.767
2021-06-14,CTD12,0.408
2021-06-14,CTD2,0.425
2021-06-14,CTD3,1.197
2021-06-14,CTD4,7.317
2021-06-14,CTD5,0.85
2021-06-14,CTD6,0.538
2021-06-14,CTD7,1.699
2021-06-14,CTD8,0.336
2021-06-14,CTD9,0.761
2021-06-22,CTD1,0.759
2021-06-22,CTD10,0.523
2021-06-22,CTD11,3.457
2021-06-22,CTD12,0.442
2021-06-22,CTD2,0.511
2021-06-22,CTD3,0.537
2021-06-22,CTD4,0.517
2021-06-22,CTD5,0.48
2021-06-22,CTD6,0.446
2021-06-22,CTD7,1.748
2021-06-22,CTD8,0.622
2021-06-22,CTD9,0.814
2021-07-01,CTD1,0.996
2021-07-01,CTD10,0.498
2021-07-01,CTD11,0.61
2021-07-01,CTD12,0.468
2021-07-01,CTD2,0.785
2021-07-01,CTD3,0.796
2021-07-01,CTD4,1.279
2021-07-01,CTD5,0.32
2021-07-01,CTD6,0.578
2021-07-01,CTD7,1.019
2021-07-01,CTD8,0.604
2021-07-01,CTD9,1.189
2021-07-06,CTD1,0.691
2021-07-06,CTD10,0.525
2021-07-06,CTD11,0.588
2021-07-06,CTD12,0.489
2021-07-06,CTD2,0.673
2021-07-06,CTD3,0.383
2021-07-06,CTD4,0.25
2021-07-06,CTD5,0.4
2021-07-06,CTD6,0.463
2021-07-06,CTD7,1.34
2021-07-06,CTD8,0.962
2021-07-06,CTD9,0.68
2021-07-14,CTD1,0.547
2021-07-14,CTD10,0.993
2021-07-14,CTD11,0.844
2021-07-14,CTD12,1.032
2021-07-14,CTD2,0.512
2021-07-14,CTD3,0.491
2021-07-14,CTD4,0.639
2021-07-14,CTD5,0.39
2021-07-14,CTD6,0.81
2021-07-14,CTD7,2.181
2021-07-14,CTD8,1.093
2021-07-14,CTD9,1.057
2021-07-20,CTD1,0.652
2021-07-20,CTD10,1.207
2021-07-20,CTD11,0.902
2021-07-20,CTD12,1.038
2021-07-20,CTD2,0.685
2021-07-20,CTD3,0.675
2021-07-20,CTD4,0.745
2021-07-20,CTD5,0.6
2021-07-20,CTD6,0.884
2021-07-20,CTD7,1.392
2021-07-20,CTD8,1.199
2021-07-20,CTD9,0.916
2021-07-27,CTD1,0.811
2021-07-27,CTD10,1.235
2021-07-27,CTD11,0.928
2021-07-27,CTD12,1.303
2021-07-27,CTD2,1.03
2021-07-27,CTD3,0.913
2021-07-27,CTD4,2.221
2021-07-27,CTD5,0.56
2021-07-27,CTD6,1.598
2021-07-27,CTD7,2.528
2021-07-27,CTD8,1.387
2021-07-27,CTD9,1.264
2021-08-03,CTD1,0.737
2021-08-03,CTD10,2.119
2021-08-03,CTD11,1.918
2021-08-03,CTD12,1.644
2021-08-03,CTD2,0.859
2021-08-03,CTD3,1.091
2021-08-03,CTD4,1.279
2021-08-03,CTD5,0.65
2021-08-03,CTD6,1.408
2021-08-03,CTD7,8.011
2021-08-03,CTD8,3.138
2021-08-03,CTD9,2.17
2021-08-09,CTD1,0.507
2021-08-09,CTD10,2.373
2021-08-09,CTD11,0.07
2021-08-09,CTD12,2.552
2021-08-09,CTD2,3.383
2021-08-09,CTD3,1.362
2021-08-09,CTD4,1.095
2021-08-09,CTD5,0.58
2021-08-09,CTD6,2.1
2021-08-09,CTD7,8.366
2021-08-09,CTD8,5.252
2021-08-09,CTD9,4.502
2021-08-13,CTD1,2.851
2021-08-13,CTD10,2.284
2021-08-13,CTD11,1.835
2021-08-13,CTD12,2.765
2021-08-13,CTD2,1.62
2021-08-13,CTD3,1.534
2021-08-13,CTD4,1.356
2021-08-13,CTD5,0.44
2021-08-13,CTD6,2.991
2021-08-13,CTD7,2.555
2021-08-13,CTD8,2.804
2021-08-13,CTD9,3.106
2021-08-16,CTD1,0.914
2021-08-16,CTD10,2.619
2021-08-16,CTD11,2.242
2021-08-16,CTD12,2.602
2021-08-16,CTD2,1.485
2021-08-16,CTD3,1.443
2021-08-16,CTD4,2.583
2021-08-16,CTD5,0.44
2021-08-16,CTD6,2.488
2021-08-16,CTD7,1.707
2021-08-16,CTD8,3.452
2021-08-16,CTD9,2.353
2021-08-19,CTD1,0.675
2021-08-19,CTD10,2.248
2021-08-19,CTD11,2.589
2021-08-19,CTD12,2.216
2021-08-19,CTD2,1.437
2021-08-19,CTD3,1.385
2021-08-19,CTD4,2.972
2021-08-19,CTD5,0.54
2021-08-19,CTD6,2.311
2021-08-19,CTD7,7.629
2021-08-19,CTD8,2.717
2021-08-19,CTD9,3.72
2021-08-24,CTD1,1.009
2021-08-24,CTD10,1.913
2021-08-24,CTD11,2.023
2021-08-24,CTD12,2.221
2021-08-24,CTD2,1.653
2021-08-24,CTD3,1.741
2021-08-24,CTD4,2.154
2021-08-24,CTD5,1.9
2021-08-24,CTD6,2.235
2021-08-24,CTD7,9.348
2021-08-24,CTD8,6.342
2021-08-24,CTD9,3.217
2021-08-26,CTD1,0.902
2021-08-26,CTD10,3.424
2021-08-26,CTD11,1.927
2021-08-26,CTD12,2.686
2021-08-26,CTD2,1.818
2021-08-26,CTD3,1.774
2021-08-26,CTD4,1.907
2021-08-26,CTD5,0.83
2021-08-26,CTD6,2.141
2021-08-26,CTD7,4.348
2021-08-26,CTD8,5.358
2021-08-26,CTD9,4.275
2021-08-30,CTD1,1.003
2021-08-30,CTD10,2.334
2021-08-30,CTD11,2.118
2021-08-30,CTD12,1.843
2021-08-30,CTD2,1.622
2021-08-30,CTD3,1.53
2021-08-30,CTD4,1.86
2021-08-30,CTD5,0.51
2021-08-30,CTD6,1.667
2021-08-30,CTD7,3.951
2021-08-30,CTD8,3.573
2021-08-30,CTD9,2.364
2021-09-02,CTD1,1.261
2021-09-02,CTD10,4.176
2021-09-02,CTD11,1.398
2021-09-02,CTD12,3.344
2021-09-02,CTD2,1.592
2021-09-02,CTD3,1.692
2021-09-02,CTD4,1.087
2021-09-02,CTD5,2.96
2021-09-02,CTD6,2.174
2021-09-02,CTD7,4.7
2021-09-02,CTD8,4.878
2021-09-02,CTD9,6.674
2021-09-09,CTD5,0.71
2021-09-13,CTD1,1.231
2021-09-13,CTD10,2.163
2021-09-13,CTD11,1.947
2021-09-13,CTD12,1.558
2021-09-13,CTD2,1.595
2021-09-13,CTD3,1.376
2021-09-13,CTD4,1.678
2021-09-13,CTD5,0.42
2021-09-13,CTD6,1.495
2021-09-13,CTD7,5.537
2021-09-13,CTD8,3.61
2021-09-13,CTD9,2.462
2021-09-20,CTD1,1.343
2021-09-20,CTD10,1.811
2021-09-20,CTD11,1.777
2021-09-20,CTD12,1.697
2021-09-20,CTD2,1.602
2021-09-20,CTD3,1.593
2021-09-20,CTD4,1.301
2021-09-20,CTD5,0.73
2021-09-20,CTD6,1.689
2021-09-20,CTD7,4.161
2021-09-20,CTD8,2.971
2021-09-20,CTD9,2.756
2021-09-27,CTD1,3.506
2021-09-27,CTD10,4.253
2021-09-27,CTD11,2.539
2021-09-27,CTD12,4.795
2021-09-27,CTD2,2.357
2021-09-27,CTD3,2.391
2021-09-27,CTD4,2.754
2021-09-27,CTD6,3.643
2021-09-27,CTD7,3.666
2021-09-27,CTD8,5.457
2021-09-27,CTD9,2.066
2021-09-30,CTD1,1.484
2021-09-30,CTD10,2.306
2021-09-30,CTD11,1.331
2021-09-30,CTD12,2.033
2021-09-30,CTD2,1.592
2021-09-30,CTD3,1.493
2021-09-30,CTD4,1.898
2021-09-30,CTD5,0.49
2021-09-30,CTD6,1.927
2021-09-30,CTD7,6.09
2021-09-30,CTD8,3.334
2021-09-30,CTD9,3.583
2021-10-07,CTD1,1.034
2021-10-07,CTD10,2.551
2021-10-07,CTD11,1.355
2021-10-07,CTD12,2.128
2021-10-07,CTD2,1.885
2021-10-07,CTD3,1.516
2021-10-07,CTD4,1.307
2021-10-07,CTD5,0.44
2021-10-07,CTD6,1.426
2021-10-07,CTD7,3.377
2021-10-07,CTD8,3.2
2021-10-07,CTD9,1.676
2021-10-11,CTD1,1.136
2021-10-11,CTD10,1.925
2021-10-11,CTD11,2.266
2021-10-11,CTD12,1.94
2021-10-11,CTD2,2.562
2021-10-11,CTD3,1.219
2021-10-11,CTD4,1.07
2021-10-11,CTD5,0.83
2021-10-11,CTD6,2.008
2021-10-11,CTD7,5.806
2021-10-11,CTD8,3.76
2021-10-11,CTD9,3.394
2021-10-18,CTD1,1.664
2021-10-18,CTD10,1.612
2021-10-18,CTD11,1.291
2021-10-18,CTD12,1.484
2021-10-18,CTD2,1.89
2021-10-18,CTD3,1.442
2021-10-18,CTD4,1.096
2021-10-18,CTD5,0.43
2021-10-18,CTD6,1.373
2021-10-18,CTD7,3.169
2021-10-18,CTD8,1.769
2021-10-18,CTD9,1.689
2021-10-28,CTD1,1.028
2021-10-28,CTD10,2.998
2021-10-28,CTD11,2.476
2021-10-28,CTD12,1.466
2021-10-28,CTD2,1.711
2021-10-28,CTD3,0.99
2021-10-28,CTD4,0.861
2021-10-28,CTD5,0.62
2021-10-28,CTD6,1.145
2021-10-28,CTD7,4.309
2021-10-28,CTD8,2.611
2021-10-28,CTD9,2.992
2021-11-04,CTD1,0.519
2021-11-04,CTD10,1.545
2021-11-04,CTD11,1.537
2021-11-04,CTD12,1.626
2021-11-04,CTD2,0.86
2021-11-04,CTD3,0.761
2021-11-04,CTD4,0.854
2021-11-04,CTD5,0.43
2021-11-04,CTD6,1.229
2021-11-04,CTD7,1.308
2021-11-04,CTD8,1.824
2021-11-04,CTD9,2.821
2021-11-11,CTD1,0.743
2021-11-11,CTD10,1.123
2021-11-11,CTD11,1.306
2021-11-11,CTD12,1.009
2021-11-11,CTD2,0.589
2021-11-11,CTD3,0.566
2021-11-11,CTD4,0.611
2021-11-11,CTD5,2.01
2021-11-11,CTD6,1.008
2021-11-11,CTD7,0.766
2021-11-11,CTD8,1.014
2021-11-11,CTD9,1.231
2021-11-18,CTD1,0.523
2021-11-18,CTD10,1.088
2021-11-18,CTD11,0.448
2021-11-18,CTD12,1.068
2021-11-18,CTD2,1.064
2021-11-18,CTD3,0.518
2021-11-18,CTD4,0.243
2021-11-18,CTD5,1.13
2021-11-18,CTD6,1.011
2021-11-18,CTD7,2.63
2021-11-18,CTD8,2.564
2021-11-18,CTD9,11.942
2021-11-25,CTD5,0.64
2021-11-26,CTD1,0.778
2021-11-26,CTD10,1.95
2021-11-26,CTD11,2.225
2021-11-26,CTD12,1.299
2021-11-26,CTD2,1.435
2021-11-26,CTD3,0.63
2021-11-26,CTD4,1.052
2021-11-26,CTD6,1.028
2021-11-26,CTD7,2.256
2021-11-26,CTD8,1.474
2021-11-26,CTD9,5.477
2021-12-01,CTD1,0.774
2021-12-01,CTD10,2.251
2021-12-01,CTD11,1.859
2021-12-01,CTD12,1.526
2021-12-01,CTD2,1.206
2021-12-01,CTD3,1.06
2021-12-01,CTD4,0.992
2021-12-01,CTD5,1.6
2021-12-01,CTD6,1.423
2021-12-01,CTD7,2.025
2021-12-01,CTD8,1.754
2021-12-01,CTD9,4.624
2021-12-10,CTD1,0.79
2021-12-10,CTD10,1.173
2021-12-10,CTD11,0.674
2021-12-10,CTD12,1.084
2021-12-10,CTD2,1.116
2021-12-10,CTD3,0.811
2021-12-10,CTD4,0.706
2021-12-10,CTD5,0.59
2021-12-10,CTD6,0.787
2021-12-10,CTD7,2.089
2021-12-10,CTD8,1.62
2021-12-10,CTD9,3.267
2021-12-15,CTD1,0.56
2021-12-15,CTD10,1.029
2021-12-15,CTD11,0.671
2021-12-15,CTD12,0.89
2021-12-15,CTD2,0.659
2021-12-15,CTD3,0.661
2021-12-15,CTD4,0.793
2021-12-15,CTD5,1.4
2021-12-15,CTD6,0.813
2021-12-15,CTD7,1.384
2021-12-15,CTD8,1.109
2021-12-15,CTD9,1.426
2021-12-21,CTD1,3.73
2021-12-21,CTD10,0.52
2021-12-21,CTD11,0.226
2021-12-21,CTD12,0.913
2021-12-21,CTD2,2.206
2021-12-21,CTD3,1.941
2021-12-21,CTD4,1.435
2021-12-21,CTD5,0.52
2021-12-21,CTD6,1.305
2021-12-21,CTD7,2.577
2021-12-21,CTD8,1.563
2021-12-21,CTD9,3.881
2021-12-28,CTD1,0.803
2021-12-28,CTD10,0.417
2021-12-28,CTD11,0.558
2021-12-28,CTD12,0.588
2021-12-28,CTD2,0.625
2021-12-28,CTD3,0.666
2021-12-28,CTD4,0.757
2021-12-28,CTD5,0.42
2021-12-28,CTD6,0.703
2021-12-28,CTD7,0.501
2021-12-28,CTD8,0.492
2021-12-28,CTD9,0.409
2022-01-04,CTD1,0.351
2022-01-04,CTD10,0.623
2022-01-04,CTD11,0.439
2022-01-04,CTD12,1.087
2022-01-04,CTD2,0.635
2022-01-04,CTD3,0.497
2022-01-04,CTD4,0.415
2022-01-04,CTD5,0.29
2022-01-04,CTD6,0.91
2022-01-04,CTD7,1.738
2022-01-04,CTD8,1.371
2022-01-04,CTD9,0.829
2022-01-12,CTD1,0.429
2022-01-12,CTD10,1.199
2022-01-12,CTD11,0.604
2022-01-12,CTD12,0.644
2022-01-12,CTD2,0.585
2022-01-12,CTD3,0.523
2022-01-12,CTD4,0.518
2022-01-12,CTD5,0.67
2022-01-12,CTD6,0.426
2022-01-12,CTD7,0.903
2022-01-12,CTD8,0.829
2022-01-12,CTD9,0.844
2022-01-19,CTD1,0.95
2022-01-19,CTD10,0.63
2022-01-19,CTD11,0.544
2022-01-19,CTD12,0.684
2022-01-19,CTD2,0.564
2022-01-19,CTD3,0.457
2022-01-19,CTD4,0.416
2022-01-19,CTD5,0.32
2022-01-19,CTD6,0.646
2022-01-19,CTD7,0.873
2022-01-19,CTD8,0.824
2022-01-19,CTD9,0.393
2022-01-27,CTD1,0.393
2022-01-27,CTD10,1.468
2022-01-27,CTD11,0.878
2022-01-27,CTD12,0.758
2022-01-27,CTD2,1.011
2022-01-27,CTD3,0.535
2022-01-27,CTD4,0.257
2022-01-27,CTD5,4.65
2022-01-27,CTD6,0.69
2022-01-27,CTD7,2.128
2022-01-27,CTD8,1.417
2022-01-27,CTD9,1.247
2022-02-02,CTD1,0.422
2022-02-02,CTD10,0.627
2022-02-02,CTD11,0.545
2022-02-02,CTD12,0.645
2022-02-02,CTD2,0.635
2022-02-02,CTD3,0.409
2022-02-02,CTD4,0.238
2022-02-02,CTD5,0.38
2022-02-02,CTD6,0.56
2022-02-02,CTD7,1.74
2022-02-02,CTD8,1.159
2022-02-02,CTD9,0.609
2022-02-10,CTD1,0.429
2022-02-10,CTD10,1.228
2022-02-10,CTD11,0.676
2022-02-10,CTD12,0.769
2022-02-10,CTD2,0.753
2022-02-10,CTD3,0.505
2022-02-10,CTD4,1.134
2022-02-10,CTD5,1.23
2022-02-10,CTD6,0.675
2022-02-10,CTD7,2.206
2022-02-10,CTD8,1.23
2022-02-10,CTD9,1.298
2022-02-16,CTD1,0.557
2022-02-16,CTD10,0.582
2022-02-16,CTD11,0.065
2022-02-16,CTD12,0.573
2022-02-16,CTD2,1.064
2022-02-16,CTD3,0.501
2022-02-16,CTD4,0.556
2022-02-16,CTD5,0.35
2022-02-16,CTD6,0.611
2022-02-16,CTD7,2.843
2022-02-16,CTD8,1.364
2022-02-16,CTD9,1.219
2022-02-24,CTD1,0.57
2022-02-24,CTD10,1.305
2022-02-24,CTD11,0.936
2022-02-24,CTD12,0.718
2022-02-24,CTD2,1.35
2022-02-24,CTD3,0.583
2022-02-24,CTD4,0.621
2022-02-24,CTD5,0.64
2022-02-24,CTD6,0.533
2022-02-24,CTD7,3.723
2022-02-24,CTD8,1.031
2022-02-24,CTD9,1.202
2022-03-02,CTD1,0.604
2022-03-02,CTD10,1.465
2022-03-02,CTD11,0.734
2022-03-02,CTD12,1.482
2022-03-02,CTD2,0.933
2022-03-02,CTD3,0.43
2022-03-02,CTD4,0.547
2022-03-02,CTD5,0.81
2022-03-02,CTD6,1.217
2022-03-02,CTD7,3.781
2022-03-02,CTD8,2.266
2022-03-02,CTD9,1.666
2022-03-11,CTD1,0.742
2022-03-11,CTD10,2.097
2022-03-11,CTD11,0.841
2022-03-11,CTD12,1.159
2022-03-11,CTD2,0.685
2022-03-11,CTD3,0.336
2022-03-11,CTD4,0.316
2022-03-11,CTD5,0.49
2022-03-11,CTD6,0.689
2022-03-11,CTD7,1.706
2022-03-11,CTD8,1.497
2022-03-11,CTD9,1.533
2022-03-24,CTD1,0.837
2022-03-24,CTD10,28.82
2022-03-24,CTD11,32.348
2022-03-24,CTD12,19.201
2022-03-24,CTD2,1.712
2022-03-24,CTD3,1.287
2022-03-24,CTD4,9.723
2022-03-24,CTD5,16.23
2022-03-24,CTD6,7.674
2022-03-24,CTD7,22.541
2022-03-24,CTD8,25.415
2022-03-24,CTD9,13.474
2022-03-28,CTD1,0.693
2022-03-28,CTD10,3.165
2022-03-28,CTD11,2.261
2022-03-28,CTD12,3.834
2022-03-28,CTD2,5.807
2022-03-28,CTD3,3.977
2022-03-28,CTD4,2.309
2022-03-28,CTD5,7.09
2022-03-28,CTD6,4.507
2022-03-28,CTD7,8.795
2022-03-28,CTD8,9.264
2022-03-28,CTD9,4.747
2022-04-06,CTD1,6.413
2022-04-06,CTD10,7.126
2022-04-06,CTD11,6.067
2022-04-06,CTD12,7.62
2022-04-06,CTD2,6.789
2022-04-06,CTD3,6.974
2022-04-06,CTD4,6.76
2022-04-06,CTD5,8.81
2022-04-06,CTD6,7.061
2022-04-06,CTD7,7.283
2022-04-06,CTD8,7.451
2022-04-06,CTD9,6.84
2022-04-11,CTD1,1.134
2022-04-11,CTD10,12.377
2022-04-11,CTD11,6.97
2022-04-11,CTD12,6.651
2022-04-11,CTD2,0.803
2022-04-11,CTD3,1.746
2022-04-11,CTD4,7.786
2022-04-11,CTD5,10.14
2022-04-11,CTD6,4.367
2022-04-11,CTD7,11.058
2022-04-11,CTD8,6.132
2022-04-11,CTD9,11.212
2022-04-19,CTD1,0.495
2022-04-19,CTD10,1.919
2022-04-19,CTD11,1.193
2022-04-19,CTD12,1.853
2022-04-19,CTD2,1.317
2022-04-19,CTD3,0.878
2022-04-19,CTD4,0.897
2022-04-19,CTD5,0.67
2022-04-19,CTD6,1.613
2022-04-19,CTD7,2.898
2022-04-19,CTD8,2.278
2022-04-19,CTD9,1.366
2022-04-22,CTD1,0.971
2022-04-22,CTD10,2.215
2022-04-22,CTD11,2.062
2022-04-22,CTD12,2.634
2022-04-22,CTD2,0.914
2022-04-22,CTD3,0.902
2022-04-22,CTD4,1.459
2022-04-22,CTD5,1.62
2022-04-22,CTD6,2.8
2022-04-22,CTD7,1.834
2022-04-22,CTD8,2.43
2022-04-22,CTD9,1.742
2022-04-27,CTD1,0.676
2022-04-27,CTD10,2.212
2022-04-27,CTD11,1.899
2022-04-27,CTD12,1.976
2022-04-27,CTD2,1.282
2022-04-27,CTD3,0.711
2022-04-27,CTD4,0.867
2022-04-27,CTD5,1.05
2022-04-27,CTD6,1.486
2022-04-27,CTD7,4.692
2022-04-27,CTD8,2.294
2022-04-27,CTD9,1.391
2022-05-06,CTD1,2.872
2022-05-06,CTD10,3.416
2022-05-06,CTD11,2.18
2022-05-06,CTD12,2.734
2022-05-06,CTD2,0.747
2022-05-06,CTD3,0.852
2022-05-06,CTD4,1.493
2022-05-06,CTD5,3.98
2022-05-06,CTD6,2.03
2022-05-06,CTD7,1.756
2022-05-06,CTD8,2.4
2022-05-06,CTD9,2.667
2022-05-13,CTD1,2.906
2022-05-13,CTD10,1.904
2022-05-13,CTD11,0.973
2022-05-13,CTD12,2.383
2022-05-13,CTD2,3.618
2022-05-13,CTD3,4.327
2022-05-13,CTD4,1.099
2022-05-13,CTD5,1.2
2022-05-13,CTD6,2.629
2022-05-13,CTD7,2.784
2022-05-13,CTD8,3.848
2022-05-13,CTD9,2.997
2022-05-18,CTD1,0.415
2022-05-18,CTD10,1.315
2022-05-18,CTD11,0.936
2022-05-18,CTD12,1.21
2022-05-18,CTD2,0.478
2022-05-18,CTD3,0.617
2022-05-18,CTD4,0.838
2022-05-18,CTD5,0.5
2022-05-18,CTD6,1.091
2022-05-18,CTD7,1.036
2022-05-18,CTD8,1.211
2022-05-18,CTD9,1.487
2022-05-26,CTD1,0.368
2022-05-26,CTD10,0.739
2022-05-26,CTD11,0.584
2022-05-26,CTD12,0.923
2022-05-26,CTD2,0.812
2022-05-26,CTD3,0.675
2022-05-26,CTD4,0.653
2022-05-26,CTD5,0.62
2022-05-26,CTD6,0.957
2022-05-26,CTD7,0.941
2022-05-26,CTD8,0.893
2022-05-26,CTD9,1.999
2022-06-02,CTD1,0.234
2022-06-02,CTD10,1.447
2022-06-02,CTD11,0.676
2022-06-02,CTD12,1.27
2022-06-02,CTD2,1.024
2022-06-02,CTD3,0.385
2022-06-02,CTD4,0.411
2022-06-02,CTD5,0.51
2022-06-02,CTD6,0.958
2022-06-02,CTD7,3.296
2022-06-02,CTD8,2.074
2022-06-02,CTD9,1.263
2022-06-10,CTD1,0.218
2022-06-10,CTD10,2.916
2022-06-10,CTD11,0.875
2022-06-10,CTD12,2.375
2022-06-10,CTD2,0.49
2022-06-10,CTD3,0.405
2022-06-10,CTD4,0.545
2022-06-10,CTD5,0.51
2022-06-10,CTD6,1.773
2022-06-10,CTD7,3.586
2022-06-10,CTD8,2.937
2022-06-10,CTD9,2.066
2022-06-17,CTD1,0.322
2022-06-17,CTD10,1.333
2022-06-17,CTD11,0.497
2022-06-17,CTD12,2.039
2022-06-17,CTD2,0.618
2022-06-17,CTD3,0.486
2022-06-17,CTD4,0.546
2022-06-17,CTD5,0.65
2022-06-17,CTD6,1.549
2022-06-17,CTD7,4.657
2022-06-17,CTD8,1.17
2022-06-17,CTD9,1.034
2022-06-24,CTD1,0.0
2022-06-24,CTD10,1.255
2022-06-24,CTD11,0.357
2022-06-24,CTD12,1.557
2022-06-24,CTD2,0.555
2022-06-24,CTD3,0.345
2022-06-24,CTD4,0.194
2022-06-24,CTD5,0.82
2022-06-24,CTD6,1.145
2022-06-24,CTD7,4.299
2022-06-24,CTD8,2.63
2022-06-24,CTD9,1.933
2022-06-30,CTD1,0.207
2022-06-30,CTD10,1.173
2022-06-30,CTD11,0.825
2022-06-30,CTD12,1.46
2022-06-30,CTD2,0.483
2022-06-30,CTD3,0.48
2022-06-30,CTD4,0.614
2022-06-30,CTD5,0.66
2022-06-30,CTD6,1.223
2022-06-30,CTD7,1.029
2022-06-30,CTD8,1.345
2022-06-30,CTD9,1.312
2022-07-06,CTD1,0.391
2022-07-06,CTD10,1.282
2022-07-06,CTD11,0.932
2022-07-06,CTD12,0.977
2022-07-06,CTD2,0.687
2022-07-06,CTD3,0.6
2022-07-06,CTD4,0.803
2022-07-06,CTD5,0.5
2022-07-06,CTD6,1.378
2022-07-06,CTD7,5.517
2022-07-06,CTD8,1.794
2022-07-06,CTD9,2.22
2022-07-14,CTD1,0.49
2022-07-14,CTD10,0.825
2022-07-14,CTD11,0.724
2022-07-14,CTD12,0.959
2022-07-14,CTD2,0.667
2022-07-14,CTD3,0.438
2022-07-14,CTD4,0.462
2022-07-14,CTD5,0.52
2022-07-14,CTD6,0.878
2022-07-14,CTD7,3.483
2022-07-14,CTD8,1.255
2022-07-14,CTD9,0.95
2022-07-20,CTD1,1.629
2022-07-20,CTD10,0.884
2022-07-20,CTD11,0.138
2022-07-20,CTD12,0.914
2022-07-20,CTD2,1.377
2022-07-20,CTD3,0.814
2022-07-20,CTD4,0.641
2022-07-20,CTD5,0.53
2022-07-20,CTD6,0.921
2022-07-20,CTD7,2.738
2022-07-20,CTD8,2.056
2022-07-20,CTD9,1.203
2022-07-28,CTD1,0.487
2022-07-28,CTD10,1.056
2022-07-28,CTD11,0.956
2022-07-28,CTD12,0.982
2022-07-28,CTD2,0.746
2022-07-28,CTD3,0.684
2022-07-28,CTD4,0.815
2022-07-28,CTD5,0.44
2022-07-28,CTD6,0.904
2022-07-28,CTD7,0.985
2022-07-28,CTD8,1.006
2022-07-28,CTD9,0.952
2022-08-03,CTD1,0.348
2022-08-03,CTD10,1.104
2022-08-03,CTD11,0.84
2022-08-03,CTD12,1.03
2022-08-03,CTD2,0.628
2022-08-03,CTD3,0.734
2022-08-03,CTD4,0.752
2022-08-03,CTD5,0.51
2022-08-03,CTD6,0.921
2022-08-03,CTD7,0.995
2022-08-03,CTD8,1.075
2022-08-03,CTD9,1.508
2022-08-11,CTD1,0.377
2022-08-11,CTD10,1.001
2022-08-11,CTD11,0.768
2022-08-11,CTD12,1.251
2022-08-11,CTD2,0.731
2022-08-11,CTD3,0.474
2022-08-11,CTD4,0.69
2022-08-11,CTD5,0.87
2022-08-11,CTD6,0.956
2022-08-11,CTD7,5.272
2022-08-11,CTD8,2.373
2022-08-11,CTD9,1.834
2022-08-17,CTD1,0.0
2022-08-17,CTD10,0.733
2022-08-17,CTD11,0.429
2022-08-17,CTD12,1.359
2022-08-17,CTD2,0.681
2022-08-17,CTD3,0.544
2022-08-17,CTD4,0.721
2022-08-17,CTD5,0.58
2022-08-17,CTD6,1.197
2022-08-17,CTD7,4.848
2022-08-17,CTD8,2.3
2022-08-17,CTD9,2.041
2022-08-24,CTD1,0.428
2022-08-24,CTD10,1.35
2022-08-24,CTD11,0.839
2022-08-24,CTD12,1.102
2022-08-24,CTD2,1.074
2022-08-24,CTD3,0.377
2022-08-24,CTD4,0.354
2022-08-24,CTD5,0.43
2022-08-24,CTD6,0.796
2022-08-24,CTD7,5.58
2022-08-24,CTD8,2.124
2022-08-24,CTD9,1.646
2022-09-01,CTD1,3.488
2022-09-01,CTD10,0.615
2022-09-01,CTD11,0.451
2022-09-01,CTD12,1.067
2022-09-01,CTD2,1.121
2022-09-01,CTD3,0.884
2022-09-01,CTD4,0.65
2022-09-01,CTD5,0.69
2022-09-01,CTD6,1.03
2022-09-01,CTD7,1.528
2022-09-01,CTD8,1.254
2022-09-01,CTD9,2.265
2022-09-07,CTD1,6.016
2022-09-07,CTD10,0.802
2022-09-07,CTD11,0.269
2022-09-07,CTD12,1.277
2022-09-07,CTD2,1.353
2022-09-07,CTD3,0.901
2022-09-07,CTD4,0.561
2022-09-07,CTD5,0.49
2022-09-07,CTD6,1.136
2022-09-07,CTD7,2.027
2022-09-07,CTD8,1.707
2022-09-07,CTD9,1.432
2022-09-15,CTD1,0.386
2022-09-15,CTD10,2.136
2022-09-15,CTD11,0.658
2022-09-15,CTD12,1.637
2022-09-15,CTD2,0.967
2022-09-15,CTD3,0.814
2022-09-15,CTD4,0.466
2022-09-15,CTD5,0.67
2022-09-15,CTD6,1.176
2022-09-15,CTD7,4.551
2022-09-15,CTD8,2.954
2022-09-15,CTD9,0.99
2022-09-21,CTD1,0.063
2022-09-21,CTD10,2.694
2022-09-21,CTD11,1.398
2022-09-21,CTD12,2.004
2022-09-21,CTD2,0.607
2022-09-21,CTD3,0.49
2022-09-21,CTD4,0.754
2022-09-21,CTD5,1.02
2022-09-21,CTD6,1.525
2022-09-21,CTD7,6.586
2022-09-21,CTD8,3.678
2022-09-21,CTD9,1.233
2022-09-27,CTD5,1.8
2022-09-29,CTD1,0.422
2022-09-29,CTD10,2.315
2022-09-29,CTD11,0.068
2022-09-29,CTD12,1.904
2022-09-29,CTD2,1.843
2022-09-29,CTD3,0.644
2022-09-29,CTD4,0.347
2022-09-29,CTD5,0.6
2022-09-29,CTD6,1.107
2022-09-29,CTD7,4.805
2022-09-29,CTD8,3.061
2022-09-29,CTD9,3.44
2022-10-05,CTD1,0.77
2022-10-05,CTD10,1.78
2022-10-05,CTD11,0.656
2022-10-05,CTD12,1.563
2022-10-05,CTD2,1.703
2022-10-05,CTD3,1.153
2022-10-05,CTD4,0.628
2022-10-05,CTD5,0.51
2022-10-05,CTD6,1.188
2022-10-05,CTD7,3.266
2022-10-05,CTD8,2.442
2022-10-05,CTD9,2.674
2022-10-11,CTD1,1.45
2022-10-11,CTD10,1.734
2022-10-11,CTD11,1.463
2022-10-11,CTD12,1.06
2022-10-11,CTD2,0.689
2022-10-11,CTD3,0.473
2022-10-11,CTD4,0.46
2022-10-11,CTD5,0.73
2022-10-11,CTD6,0.741
2022-10-11,CTD7,5.732
2022-10-11,CTD8,2.842
2022-10-11,CTD9,2.466
2022-10-18,CTD1,0.539
2022-10-18,CTD10,1.053
2022-10-18,CTD11,0.98
2022-10-18,CTD12,0.831
2022-10-18,CTD2,0.939
2022-10-18,CTD3,0.498
2022-10-18,CTD4,0.565
2022-10-18,CTD5,0.97
2022-10-18,CTD6,0.741
2022-10-18,CTD7,2.461
2022-10-18,CTD8,1.268
2022-10-18,CTD9,3.323
2022-10-26,CTD1,0.423
2022-10-26,CTD10,1.114
2022-10-26,CTD11,0.147
2022-10-26,CTD12,0.885
2022-10-26,CTD2,0.692
2022-10-26,CTD3,0.419
2022-10-26,CTD4,0.79
2022-10-26,CTD5,0.57
2022-10-26,CTD6,0.703
2022-10-26,CTD7,4.564
2022-10-26,CTD8,2.369
2022-10-26,CTD9,1.514
2022-11-02,CTD1,0.845
2022-11-02,CTD10,1.304
2022-11-02,CTD11,0.615
2022-11-02,CTD12,1.002
2022-11-02,CTD2,1.017
2022-11-02,CTD3,0.824
2022-11-02,CTD4,0.548
2022-11-02,CTD5,0.34
2022-11-02,CTD6,0.772
2022-11-02,CTD7,3.284
2022-11-02,CTD8,1.869
2022-11-02,CTD9,1.555
2022-11-09,CTD1,0.652
2022-11-09,CTD10,0.493
2022-11-09,CTD11,0.541
2022-11-09,CTD12,1.257
2022-11-09,CTD2,0.856
2022-11-09,CTD3,0.653
2022-11-09,CTD4,0.62
2022-11-09,CTD5,0.46
2022-11-09,CTD6,1.587
2022-11-09,CTD7,1.266
2022-11-09,CTD8,1.637
2022-11-09,CTD9,0.701
2022-11-17,CTD1,0.867
2022-11-17,CTD10,0.777
2022-11-17,CTD11,0.699
2022-11-17,CTD12,0.706
2022-11-17,CTD2,0.603
2022-11-17,CTD3,0.6
2022-11-17,CTD4,0.656
2022-11-17,CTD5,0.47
2022-11-17,CTD6,0.616
2022-11-17,CTD7,0.788
2022-11-17,CTD8,0.768
2022-11-17,CTD9,1.025
2022-11-24,CTD1,0.429
2022-11-24,CTD10,0.496
2022-11-24,CTD11,0.104
2022-11-24,CTD12,0.723
2022-11-24,CTD2,0.963
2022-11-24,CTD3,0.526
2022-11-24,CTD4,0.59
2022-11-24,CTD5,0.4
2022-11-24,CTD6,0.769
2022-11-24,CTD7,2.328
2022-11-24,CTD8,1.574
2022-11-24,CTD9,2.518
2022-12-01,CTD1,0.531
2022-12-01,CTD10,1.25
2022-12-01,CTD11,0.742
2022-12-01,CTD12,0.984
2022-12-01,CTD2,0.829
2022-12-01,CTD3,0.562
2022-12-01,CTD4,0.701
2022-12-01,CTD5,0.43
2022-12-01,CTD6,0.883
2022-12-01,CTD7,2.081
2022-12-01,CTD8,1.663
2022-12-01,CTD9,0.733
2022-12-07,CTD1,0.865
2022-12-07,CTD10,0.6
2022-12-07,CTD11,0.373
2022-12-07,CTD12,0.589
2022-12-07,CTD2,0.667
2022-12-07,CTD3,0.771
2022-12-07,CTD4,0.766
2022-12-07,CTD5,0.58
2022-12-07,CTD6,0.675
2022-12-07,CTD7,1.401
2022-12-07,CTD8,0.859
2022-12-07,CTD9,0.976
2022-12-16,CTD1,0.957
2022-12-16,CTD10,1.026
2022-12-16,CTD11,0.461
2022-12-16,CTD12,0.919
2022-12-16,CTD2,1.056
2022-12-16,CTD3,0.844
2022-12-16,CTD4,1.048
2022-12-16,CTD5,0.85
2022-12-16,CTD6,0.953
2022-12-16,CTD7,2.102
2022-12-16,CTD8,2.059
2022-12-16,CTD9,0.679
2022-12-20,CTD1,0.758
2022-12-20,CTD10,0.694
2022-12-20,CTD11,0.606
2022-12-20,CTD12,0.694
2022-12-20,CTD2,1.022
2022-12-20,CTD3,0.709
2022-12-20,CTD4,0.62
2022-12-20,CTD5,0.55
2022-12-20,CTD6,0.767
2022-12-20,CTD7,2.582
2022-12-20,CTD8,1.941
2022-12-20,CTD9,1.412
2022-12-27,CTD1,0.512
2022-12-27,CTD10,0.656
2022-12-27,CTD11,0.563
2022-12-27,CTD12,0.651
2022-12-27,CTD2,0.588
2022-12-27,CTD3,0.557
2022-12-27,CTD4,0.562
2022-12-27,CTD5,0.41
2022-12-27,CTD6,0.604
2022-12-27,CTD7,0.702
2022-12-27,CTD8,0.8
2022-12-27,CTD9,3.623
2023-01-03,CTD1,0.757
2023-01-03,CTD10,0.616
2023-01-03,CTD11,0.276
2023-01-03,CTD12,0.666
2023-01-03,CTD2,0.824
2023-01-03,CTD3,0.54
2023-01-03,CTD4,0.572
2023-01-03,CTD5,0.39
2023-01-03,CTD6,0.66
2023-01-03,CTD7,1.671
2023-01-03,CTD8,1.141
2023-01-03,CTD9,0.725
2023-01-10,CTD1,0.855
2023-01-10,CTD10,0.902
2023-01-10,CTD11,0.571
2023-01-10,CTD12,0.854
2023-01-10,CTD2,0.62
2023-01-10,CTD3,0.554
2023-01-10,CTD4,0.561
2023-01-10,CTD5,0.5
2023-01-10,CTD6,0.764
2023-01-10,CTD7,1.026
2023-01-10,CTD8,1.055
2023-01-10,CTD9,0.75
2023-01-20,CTD1,0.35
2023-01-20,CTD10,1.25
2023-01-20,CTD11,1.038
2023-01-20,CTD12,1.015
2023-01-20,CTD2,0.467
2023-01-20,CTD3,0.452
2023-01-20,CTD4,0.717
2023-01-20,CTD5,0.67
2023-01-20,CTD6,0.697
2023-01-20,CTD7,1.38
2023-01-20,CTD8,1.133
2023-01-20,CTD9,1.144
2023-01-25,CTD1,0.511
2023-01-25,CTD10,0.551
2023-01-25,CTD11,0.678
2023-01-25,CTD12,0.542
2023-01-25,CTD2,0.569
2023-01-25,CTD3,0.48
2023-01-25,CTD4,0.899
2023-01-25,CTD5,4.83
2023-01-25,CTD6,0.572
2023-01-25,CTD7,2.583
2023-01-25,CTD8,0.618
2023-01-25,CTD9,0.327
2023-02-01,CTD1,0.542
2023-02-01,CTD10,0.522
2023-02-01,CTD11,0.528
2023-02-01,CTD12,0.491
2023-02-01,CTD2,0.489
2023-02-01,CTD3,0.46
2023-02-01,CTD4,0.643
2023-02-01,CTD5,0.54
2023-02-01,CTD6,0.451
2023-02-01,CTD7,1.956
2023-02-01,CTD8,0.847
2023-02-01,CTD9,0.797
2023-02-08,CTD1,4.5
2023-02-08,CTD10,0.366
2023-02-08,CTD11,0.834
2023-02-08,CTD12,0.822
2023-02-08,CTD2,0.248
2023-02-08,CTD3,0.571
2023-02-08,CTD4,6.014
2023-02-08,CTD5,11.82
2023-02-08,CTD6,1.311
2023-02-08,CTD7,0.0
2023-02-08,CTD8,0.068
2023-02-08,CTD9,1.58
2023-02-14,CTD1,0.923
2023-02-14,CTD10,0.394
2023-02-14,CTD11,0.494
2023-02-14,CTD12,0.532
2023-02-14,CTD2,0.207
2023-02-14,CTD3,0.72
2023-02-14,CTD4,2.498
2023-02-14,CTD5,4.19
2023-02-14,CTD6,0.793
2023-02-14,CTD7,0.128
2023-02-14,CTD8,0.361
2023-02-14,CTD9,1.95
2023-02-23,CTD1,0.783
2023-02-23,CTD10,1.306
2023-02-23,CTD11,1.066
2023-02-23,CTD12,1.117
2023-02-23,CTD2,1.065
2023-02-23,CTD3,0.855
2023-02-23,CTD4,0.986
2023-02-23,CTD5,1.05
2023-02-23,CTD6,1.035
2023-02-23,CTD7,3.231
2023-02-23,CTD8,1.859
2023-02-23,CTD9,1.301
2023-03-01,CTD1,0.953
2023-03-01,CTD10,2.739
2023-03-01,CTD11,6.934
2023-03-01,CTD12,1.879
2023-03-01,CTD2,0.495
2023-03-01,CTD3,0.651
2023-03-01,CTD4,1.614
2023-03-01,CTD5,5.35
2023-03-01,CTD6,1.47
2023-03-01,CTD7,0.0
2023-03-01,CTD8,0.714
2023-03-01,CTD9,0.0
2023-03-08,CTD1,0.324
2023-03-08,CTD10,0.6
2023-03-08,CTD11,0.433
2023-03-08,CTD12,0.547
2023-03-08,CTD2,0.452
2023-03-08,CTD3,0.29
2023-03-08,CTD4,0.508
2023-03-08,CTD5,0.46
2023-03-08,CTD6,0.502
2023-03-08,CTD7,2.369
2023-03-08,CTD8,1.026
2023-03-08,CTD9,0.814
2023-03-16,CTD1,0.7
2023-03-16,CTD10,0.508
2023-03-16,CTD11,0.674
2023-03-16,CTD12,0.511
2023-03-16,CTD2,2.239
2023-03-16,CTD3,1.494
2023-03-16,CTD4,0.685
2023-03-16,CTD5,0.36
2023-03-16,CTD6,0.465
2023-03-16,CTD7,3.507
2023-03-16,CTD8,0.994
2023-03-16,CTD9,1.367
2023-03-22,CTD1,5.829
2023-03-22,CTD10,0.563
2023-03-22,CTD11,0.0
2023-03-22,CTD12,1.03
2023-03-22,CTD2,0.774
2023-03-22,CTD3,0.294
2023-03-22,CTD4,0.095
2023-03-22,CTD5,0.51
2023-03-22,CTD6,0.422
2023-03-22,CTD7,4.913
2023-03-22,CTD8,2.489
2023-03-22,CTD9,1.526
2023-03-29,CTD1,0.485
2023-03-29,CTD10,1.097
2023-03-29,CTD11,1.254
2023-03-29,CTD12,0.769
2023-03-29,CTD2,0.482
2023-03-29,CTD3,0.475
2023-03-29,CTD4,0.751
2023-03-29,CTD5,0.48
2023-03-29,CTD6,0.481
2023-03-29,CTD7,0.824
2023-03-29,CTD8,0.75
2023-03-29,CTD9,1.955
2023-04-04,CTD1,0.047
2023-04-04,CTD10,0.343
2023-04-04,CTD11,0.681
2023-04-04,CTD12,0.13
2023-04-04,CTD2,0.504
2023-04-04,CTD3,0.105
2023-04-04,CTD4,0.251
2023-04-04,CTD5,0.44
2023-04-04,CTD6,0.115
2023-04-04,CTD7,3.91
2023-04-04,CTD8,0.642
2023-04-04,CTD9,1.19
2023-04-11,CTD1,0.456
2023-04-11,CTD10,0.359
2023-04-11,CTD11,1.126
2023-04-11,CTD12,0.46
2023-04-11,CTD2,0.388
2023-04-11,CTD3,0.658
2023-04-11,CTD4,1.403
2023-04-11,CTD5,0.42
2023-04-11,CTD6,0.594
2023-04-11,CTD7,0.724
2023-04-11,CTD8,0.618
2023-04-11,CTD9,0.387
2023-04-20,CTD1,0.277
2023-04-20,CTD10,0.846
2023-04-20,CTD11,0.646
2023-04-20,CTD12,0.793
2023-04-20,CTD2,0.562
2023-04-20,CTD3,0.399
2023-04-20,CTD4,0.784
2023-04-20,CTD5,3.18
2023-04-20,CTD6,0.599
2023-04-20,CTD7,1.449
2023-04-20,CTD8,2.691
2023-04-20,CTD9,1.12
2023-04-27,CTD1,0.289
2023-04-27,CTD10,0.943
2023-04-27,CTD11,1.527
2023-04-27,CTD12,0.572
2023-04-27,CTD2,0.631
2023-04-27,CTD3,0.489
2023-04-27,CTD4,0.769
2023-04-27,CTD5,0.48
2023-04-27,CTD6,0.561
2023-04-27,CTD7,1.571
2023-04-27,CTD8,1.216
2023-04-27,CTD9,0.866
2023-05-04,CTD1,0.491
2023-05-04,CTD10,0.665
2023-05-04,CTD11,0.26
2023-05-04,CTD12,0.973
2023-05-04,CTD2,0.654
2023-05-04,CTD3,0.516
2023-05-04,CTD4,0.728
2023-05-04,CTD6,0.92
2023-05-04,CTD7,2.584
2023-05-04,CTD8,1.816
2023-05-04,CTD9,0.487
2023-05-05,CTD5,0.66
2023-05-11,CTD1,0.274
2023-05-11,CTD10,0.812
2023-05-11,CTD11,0.0
2023-05-11,CTD12,0.508
2023-05-11,CTD2,0.496
2023-05-11,CTD3,0.205
2023-05-11,CTD4,0.379
2023-05-11,CTD5,0.56
2023-05-11,CTD6,0.366
2023-05-11,CTD7,9.947
2023-05-11,CTD8,2.482
2023-05-11,CTD9,2.727
2023-05-18,CTD1,2.337
2023-05-18,CTD10,0.895
2023-05-18,CTD11,0.0
2023-05-18,CTD12,0.679
2023-05-18,CTD2,0.737
2023-05-18,CTD3,0.369
2023-05-18,CTD4,0.942
2023-05-18,CTD5,1.08
2023-05-18,CTD6,0.507
2023-05-18,CTD7,5.763
2023-05-18,CTD8,2.442
2023-05-18,CTD9,2.212
2023-05-25,CTD1,0.36
2023-05-25,CTD10,1.353
2023-05-25,CTD11,2.833
2023-05-25,CTD12,0.974
2023-05-25,CTD2,0.617
2023-05-25,CTD3,0.483
2023-05-25,CTD4,0.79
2023-05-25,CTD5,0.71
2023-05-25,CTD6,0.639
2023-05-25,CTD7,2.659
2023-05-25,CTD8,1.528
2023-05-25,CTD9,1.495
2023-05-31,CTD1,0.569
2023-05-31,CTD10,0.614
2023-05-31,CTD11,0.033
2023-05-31,CTD12,0.896
2023-05-31,CTD2,1.851
2023-05-31,CTD3,0.558
2023-05-31,CTD4,0.694
2023-05-31,CTD5,0.5
2023-05-31,CTD6,0.774
2023-05-31,CTD7,5.619
2023-05-31,CTD8,2.569
2023-05-31,CTD9,0.977
2023-06-05,CTD1,0.918
2023-06-05,CTD10,1.314
2023-06-05,CTD11,1.939
2023-06-05,CTD12,0.624
2023-06-05,CTD2,0.747
2023-06-05,CTD3,0.641
2023-06-05,CTD4,0.776
2023-06-05,CTD5,0.51
2023-06-05,CTD6,0.606
2023-06-05,CTD7,2.245
2023-06-05,CTD8,1.829
2023-06-05,CTD9,1.32
2023-06-13,CTD1,0.635
2023-06-13,CTD10,1.075
2023-06-13,CTD11,0.509
2023-06-13,CTD12,0.808
2023-06-13,CTD2,0.669
2023-06-13,CTD3,0.785
2023-06-13,CTD4,0.693
2023-06-13,CTD5,0.29
2023-06-13,CTD6,0.609
2023-06-13,CTD7,2.647
2023-06-13,CTD8,1.498
2023-06-13,CTD9,1.685
2023-06-21,CTD1,0.019
2023-06-21,CTD10,0.641
2023-06-21,CTD11,1.645
2023-06-21,CTD12,0.814
2023-06-21,CTD2,0.865
2023-06-21,CTD3,0.623
2023-06-21,CTD4,0.365
2023-06-21,CTD5,0.51
2023-06-21,CTD6,0.751
2023-06-21,CTD7,3.676
2023-06-21,CTD8,2.778
2023-06-21,CTD9,1.462
2023-06-28,CTD1,0.447
2023-06-28,CTD10,0.561
2023-06-28,CTD11,1.247
2023-06-28,CTD12,0.913
2023-06-28,CTD2,1.361
2023-06-28,CTD3,0.615
2023-06-28,CTD4,1.086
2023-06-28,CTD5,0.39
2023-06-28,CTD6,1.05
2023-06-28,CTD7,4.027
2023-06-28,CTD8,1.916
2023-06-28,CTD9,1.541
2023-07-05,CTD1,0.193
2023-07-05,CTD10,0.793
2023-07-05,CTD11,1.581
2023-07-05,CTD12,0.574
2023-07-05,CTD2,0.511
2023-07-05,CTD3,0.511
2023-07-05,CTD4,0.5
2023-07-05,CTD5,0.5
2023-07-05,CTD6,0.524
2023-07-05,CTD7,2.283
2023-07-05,CTD8,1.275
2023-07-05,CTD9,3.584
2023-07-12,CTD1,0.199
2023-07-12,CTD10,1.69
2023-07-12,CTD11,2.651
2023-07-12,CTD12,0.79
2023-07-12,CTD2,1.04
2023-07-12,CTD3,0.425
2023-07-12,CTD4,0.178
2023-07-12,CTD5,0.62
2023-07-12,CTD6,0.451
2023-07-12,CTD7,3.846
2023-07-12,CTD8,2.171
2023-07-12,CTD9,2.153
2023-07-19,CTD1,0.759
2023-07-19,CTD10,0.793
2023-07-19,CTD11,1.152
2023-07-19,CTD12,0.942
2023-07-19,CTD2,1.608
2023-07-19,CTD3,1.18
2023-07-19,CTD4,0.731
2023-07-19,CTD5,0.39
2023-07-19,CTD6,1.004
2023-07-19,CTD7,2.536
2023-07-19,CTD8,1.482
2023-07-19,CTD9,0.835
2023-07-26,CTD1,0.481
2023-07-26,CTD10,0.805
2023-07-26,CTD11,0.238
2023-07-26,CTD12,0.611
2023-07-26,CTD2,0.889
2023-07-26,CTD3,0.375
2023-07-26,CTD4,0.351
2023-07-26,CTD5,0.39
2023-07-26,CTD6,0.449
2023-07-26,CTD7,1.568
2023-07-26,CTD8,1.662
2023-07-26,CTD9,0.473
2023-08-01,CTD1,0.009
2023-08-01,CTD10,0.888
2023-08-01,CTD11,0.354
2023-08-01,CTD12,0.504
2023-08-01,CTD2,0.402
2023-08-01,CTD3,0.334
2023-08-01,CTD4,0.482
2023-08-01,CTD5,0.41
2023-08-01,CTD6,0.437
2023-08-01,CTD7,5.122
2023-08-01,CTD8,1.907
2023-08-01,CTD9,1.46
2023-08-10,CTD1,0.531
2023-08-10,CTD10,0.905
2023-08-10,CTD11,0.314
2023-08-10,CTD12,0.675
2023-08-10,CTD2,0.617
2023-08-10,CTD3,0.539
2023-08-10,CTD4,0.52
2023-08-10,CTD5,0.71
2023-08-10,CTD6,0.524
2023-08-10,CTD7,2.48
2023-08-10,CTD8,1.696
2023-08-10,CTD9,0.384
2023-08-17,CTD1,0.385
2023-08-17,CTD10,0.674
2023-08-17,CTD11,0.0
2023-08-17,CTD12,0.762
2023-08-17,CTD2,0.662
2023-08-17,CTD3,0.453
2023-08-17,CTD4,0.594
2023-08-17,CTD5,0.53
2023-08-17,CTD6,0.642
2023-08-17,CTD7,3.366
2023-08-17,CTD8,2.174
2023-08-17,CTD9,2.32
2023-08-24,CTD1,0.314
2023-08-24,CTD10,0.565
2023-08-24,CTD11,0.0
2023-08-24,CTD12,0.815
2023-08-24,CTD2,0.703
2023-08-24,CTD3,0.552
2023-08-24,CTD4,0.34
2023-08-24,CTD5,0.75
2023-08-24,CTD6,0.687
2023-08-24,CTD7,3.292
2023-08-24,CTD8,2.17
2023-08-24,CTD9,0.897
2023-08-30,CTD1,0.669
2023-08-30,CTD10,0.648
2023-08-30,CTD11,0.808
2023-08-30,CTD12,0.921
2023-08-30,CTD2,1.592
2023-08-30,CTD3,0.715
2023-08-30,CTD4,0.545
2023-08-30,CTD5,0.55
2023-08-30,CTD6,0.506
2023-08-30,CTD7,4.234
2023-08-30,CTD8,2.32
2023-08-30,CTD9,0.716
2023-09-07,CTD1,0.677
2023-09-07,CTD10,1.071
2023-09-07,CTD11,1.535
2023-09-07,CTD12,1.469
2023-09-07,CTD2,1.292
2023-09-07,CTD3,0.73
2023-09-07,CTD4,1.063
2023-09-07,CTD5,2.01
2023-09-07,CTD6,1.338
2023-09-07,CTD7,2.551
2023-09-07,CTD8,3.346
2023-09-07,CTD9,1.374
2023-09-13,CTD1,0.406
2023-09-13,CTD10,0.737
2023-09-13,CTD11,1.116
2023-09-13,CTD12,1.21
2023-09-13,CTD2,0.493
2023-09-13,CTD3,0.554
2023-09-13,CTD4,2.018
2023-09-13,CTD5,0.97
2023-09-13,CTD6,0.889
2023-09-13,CTD7,0.946
2023-09-13,CTD8,1.819
2023-09-13,CTD9,0.409
2023-09-21,CTD1,4.143
2023-09-21,CTD10,1.141
2023-09-21,CTD11,1.062
2023-09-21,CTD12,1.423
2023-09-21,CTD2,4.821
2023-09-21,CTD3,1.217
2023-09-21,CTD4,0.31
2023-09-21,CTD5,1.42
2023-09-21,CTD6,1.163
2023-09-21,CTD7,6.778
2023-09-21,CTD8,3.571
2023-09-21,CTD9,2.72
2023-09-27,CTD1,1.582
2023-09-27,CTD10,1.116
2023-09-27,CTD11,2.745
2023-09-27,CTD12,0.784
2023-09-27,CTD2,2.366
2023-09-27,CTD3,1.817
2023-09-27,CTD4,1.077
2023-09-27,CTD5,0.76
2023-09-27,CTD6,0.567
2023-09-27,CTD7,1.752
2023-09-27,CTD8,1.797
2023-09-27,CTD9,1.298
2023-10-05,CTD1,1.158
2023-10-05,CTD10,0.991
2023-10-05,CTD11,1.623
2023-10-05,CTD12,1.085
2023-10-05,CTD2,1.657
2023-10-05,CTD3,1.356
2023-10-05,CTD4,1.238
2023-10-05,CTD5,1.01
2023-10-05,CTD6,1.574
2023-10-05,CTD7,1.531
2023-10-05,CTD8,1.559
2023-10-05,CTD9,1.478
2023-10-11,CTD1,1.529
2023-10-11,CTD10,2.593
2023-10-11,CTD11,3.073
2023-10-11,CTD12,1.372
2023-10-11,CTD2,3.391
2023-10-11,CTD3,1.971
2023-10-11,CTD4,1.005
2023-10-11,CTD5,0.41
2023-10-11,CTD6,1.017
2023-10-11,CTD7,3.66
2023-10-11,CTD8,2.339
2023-10-11,CTD9,3.293
2023-10-17,CTD1,0.962
2023-10-17,CTD10,1.813
2023-10-17,CTD11,1.985
2023-10-17,CTD12,1.351
2023-10-17,CTD2,1.418
2023-10-17,CTD3,0.894
2023-10-17,CTD4,0.671
2023-10-17,CTD5,0.4
2023-10-17,CTD6,1.168
2023-10-17,CTD7,3.042
2023-10-17,CTD8,1.972
2023-10-17,CTD9,1.689
2023-10-25,CTD1,1.234
2023-10-25,CTD10,1.784
2023-10-25,CTD11,0.664
2023-10-25,CTD12,1.722
2023-10-25,CTD2,2.094
2023-10-25,CTD3,1.325
2023-10-25,CTD4,1.401
2023-10-25,CTD5,0.61
2023-10-25,CTD6,1.702
2023-10-25,CTD7,4.511
2023-10-25,CTD8,3.046
2023-10-25,CTD9,3.648
2023-10-31,CTD1,0.688
2023-10-31,CTD10,1.491
2023-10-31,CTD11,0.597
2023-10-31,CTD12,1.582
2023-10-31,CTD2,1.199
2023-10-31,CTD3,1.084
2023-10-31,CTD4,1.187
2023-10-31,CTD5,0.39
2023-10-31,CTD6,1.327
2023-10-31,CTD7,2.869
2023-10-31,CTD8,2.791
2023-10-31,CTD9,3.337
2023-11-08,CTD1,1.204
2023-11-08,CTD10,0.872
2023-11-08,CTD11,0.866
2023-11-08,CTD12,1.345
2023-11-08,CTD2,2.978
2023-11-08,CTD3,1.022
2023-11-08,CTD4,0.872
2023-11-08,CTD5,0.44
2023-11-08,CTD6,1.297
2023-11-08,CTD7,8.805
2023-11-08,CTD8,3.725
2023-11-08,CTD9,7.484
2023-11-16,CTD1,0.129
2023-11-16,CTD10,0.665
2023-11-16,CTD11,0.321
2023-11-16,CTD12,0.848
2023-11-16,CTD2,0.588
2023-11-16,CTD3,0.593
2023-11-16,CTD4,0.705
2023-11-16,CTD5,0.4
2023-11-16,CTD6,1.125
2023-11-16,CTD7,2.852
2023-11-16,CTD8,1.629
2023-11-16,CTD9,1.226
2023-11-24,CTD1,0.291
2023-11-24,CTD10,0.889
2023-11-24,CTD11,0.546
2023-11-24,CTD12,0.751
2023-11-24,CTD2,0.472
2023-11-24,CTD3,0.357
2023-11-24,CTD4,0.537
2023-11-24,CTD5,2.27
2023-11-24,CTD6,0.561
2023-11-24,CTD7,1.048
2023-11-24,CTD8,0.829
2023-11-24,CTD9,1.851
2023-11-29,CTD1,0.358
2023-11-29,CTD10,0.527
2023-11-29,CTD11,0.483
2023-11-29,CTD12,0.562
2023-11-29,CTD2,0.486
2023-11-29,CTD3,0.492
2023-11-29,CTD4,0.493
2023-11-29,CTD5,0.48
2023-11-29,CTD6,0.479
2023-11-29,CTD7,0.929
2023-11-29,CTD8,0.824
2023-11-29,CTD9,0.707
2023-12-07,CTD1,0.565
2023-12-07,CTD10,0.423
2023-12-07,CTD11,0.222
2023-12-07,CTD12,0.434
2023-12-07,CTD2,0.798
2023-12-07,CTD3,0.567
2023-12-07,CTD4,0.472
2023-12-07,CTD5,0.38
2023-12-07,CTD6,0.486
2023-12-07,CTD7,1.355
2023-12-07,CTD8,0.841
2023-12-07,CTD9,0.578
2023-12-13,CTD1,0.275
2023-12-13,CTD10,0.607
2023-12-13,CTD11,0.0
2023-12-13,CTD12,0.392
2023-12-13,CTD2,0.46
2023-12-13,CTD3,0.153
2023-12-13,CTD4,0.194
2023-12-13,CTD5,0.26
2023-12-13,CTD6,0.447
2023-12-13,CTD7,4.229
2023-12-13,CTD8,1.763
2023-12-13,CTD9,1.268
2023-12-19,CTD1,0.567
2023-12-19,CTD10,0.376
2023-12-19,CTD11,0.72
2023-12-19,CTD12,0.415
2023-12-19,CTD2,0.446
2023-12-19,CTD3,0.504
2023-12-19,CTD4,0.783
2023-12-19,CTD5,0.81
2023-12-19,CTD6,0.514
2023-12-19,CTD7,0.473
2023-12-19,CTD8,0.616
2023-12-19,CTD9,0.962
2023-12-27,CTD1,0.416
2023-12-27,CTD10,0.378
2023-12-27,CTD11,0.133
2023-12-27,CTD12,0.49
2023-12-27,CTD2,0.402
2023-12-27,CTD3,0.392
2023-12-27,CTD4,0.401
2023-12-27,CTD5,0.31
2023-12-27,CTD6,0.431
2023-12-27,CTD7,0.592
2023-12-27,CTD8,0.849
2023-12-27,CTD9,0.602
2024-01-03,CTD1,0.39
2024-01-03,CTD10,0.512
2024-01-03,CTD11,0.421
2024-01-03,CTD12,0.468
2024-01-03,CTD2,0.445
2024-01-03,CTD3,0.385
2024-01-03,CTD4,0.387
2024-01-03,CTD5,0.33
2024-01-03,CTD6,0.434
2024-01-03,CTD7,0.633
2024-01-03,CTD8,0.542
2024-01-03,CTD9,0.854
2024-01-09,CTD1,0.346
2024-01-09,CTD10,0.597
2024-01-09,CTD11,0.496
2024-01-09,CTD12,0.564
2024-01-09,CTD2,0.413
2024-01-09,CTD3,0.449
2024-01-09,CTD4,0.501
2024-01-09,CTD5,0.43
2024-01-09,CTD6,0.555
2024-01-09,CTD7,0.52
2024-01-09,CTD8,0.576
2024-01-09,CTD9,1.487
2024-01-16,CTD1,0.359
2024-01-16,CTD10,0.311
2024-01-16,CTD11,0.226
2024-01-16,CTD12,0.351
2024-01-16,CTD2,0.533
2024-01-16,CTD3,0.467
2024-01-16,CTD4,0.413
2024-01-16,CTD5,0.35
2024-01-16,CTD6,0.367
2024-01-16,CTD7,0.602
2024-01-16,CTD8,0.45
2024-01-16,CTD9,0.465
2024-01-23,CTD1,2.391
2024-01-23,CTD10,0.359
2024-01-23,CTD11,0.358
2024-01-23,CTD12,0.814
2024-01-23,CTD2,2.303
2024-01-23,CTD3,1.823
2024-01-23,CTD4,1.123
2024-01-23,CTD5,0.92
2024-01-23,CTD6,1.117
2024-01-23,CTD7,2.967
2024-01-23,CTD8,1.472
2024-01-23,CTD9,1.347
2024-02-01,CTD1,0.306
2024-02-01,CTD10,0.341
2024-02-01,CTD11,0.0
2024-02-01,CTD12,0.474
2024-02-01,CTD2,0.658
2024-02-01,CTD3,0.363
2024-02-01,CTD4,0.133
2024-02-01,CTD5,0.49
2024-02-01,CTD6,0.411
2024-02-01,CTD7,1.341
2024-02-01,CTD8,0.813
2024-02-01,CTD9,2.522
2024-02-06,CTD1,0.0
2024-02-06,CTD10,0.335
2024-02-06,CTD11,0.499
2024-02-06,CTD12,0.48
2024-02-06,CTD2,0.314
2024-02-06,CTD3,0.352
2024-02-06,CTD4,0.469
2024-02-06,CTD5,0.29
2024-02-06,CTD6,0.833
2024-02-06,CTD7,0.959
2024-02-06,CTD8,0.747
2024-02-06,CTD9,0.428
2024-02-13,CTD1,0.662
2024-02-13,CTD10,0.392
2024-02-13,CTD11,0.268
2024-02-13,CTD12,0.716
2024-02-13,CTD2,0.858
2024-02-13,CTD3,0.56
2024-02-13,CTD4,0.398
2024-02-13,CTD5,0.35
2024-02-13,CTD6,0.516
2024-02-13,CTD7,2.11
2024-02-13,CTD8,2.501
2024-02-13,CTD9,1.596
2024-02-20,CTD1,0.404
2024-02-20,CTD10,0.354
2024-02-20,CTD11,0.394
2024-02-20,CTD12,0.333
2024-02-20,CTD2,0.348
2024-02-20,CTD3,0.374
2024-02-20,CTD4,0.437
2024-02-20,CTD5,0.36
2024-02-20,CTD6,0.353
2024-02-20,CTD7,0.319
2024-02-20,CTD8,0.365
2024-02-20,CTD9,0.312
2024-03-07,CTD1,0.171
2024-03-07,CTD10,2.392
2024-03-07,CTD11,2.796
2024-03-07,CTD12,1.7
2024-03-07,CTD2,0.331
2024-03-07,CTD3,0.359
2024-03-07,CTD4,0.745
2024-03-07,CTD5,0.35
2024-03-07,CTD6,1.269
2024-03-07,CTD7,1.265
2024-03-07,CTD8,1.659
2024-03-07,CTD9,2.26
2024-03-13,CTD1,0.0
2024-03-13,CTD10,0.537
2024-03-13,CTD11,0.369
2024-03-13,CTD12,0.369
2024-03-13,CTD2,0.397
2024-03-13,CTD3,0.195
2024-03-13,CTD4,0.293
2024-03-13,CTD5,0.38
2024-03-13,CTD6,0.336
2024-03-13,CTD7,2.204
2024-03-13,CTD8,0.739
2024-03-13,CTD9,0.973
2024-03-20,CTD1,0.229
2024-03-20,CTD10,0.905
2024-03-20,CTD11,0.928
2024-03-20,CTD12,1.109
2024-03-20,CTD2,0.375
2024-03-20,CTD3,0.319
2024-03-20,CTD4,0.426
2024-03-20,CTD5,0.39
2024-03-20,CTD6,0.763
2024-03-20,CTD7,0.937
2024-03-20,CTD8,1.078
2024-03-20,CTD9,1.465
2024-03-26,CTD1,0.211
2024-03-26,CTD10,1.242
2024-03-26,CTD11,0.612
2024-03-26,CTD12,0.59
2024-03-26,CTD2,1.424
2024-03-26,CTD3,0.555
2024-03-26,CTD4,0.414
2024-03-26,CTD5,2.44
2024-03-26,CTD6,0.441
2024-03-26,CTD7,4.52
2024-03-26,CTD8,2.868
2024-03-26,CTD9,2.459
2024-04-02,CTD1,0.575
2024-04-02,CTD10,0.972
2024-04-02,CTD11,1.121
2024-04-02,CTD12,0.472
2024-04-02,CTD2,0.567
2024-04-02,CTD3,0.299
2024-04-02,CTD4,0.196
2024-04-02,CTD6,0.443
2024-04-02,CTD7,5.058
2024-04-02,CTD8,1.094
2024-04-02,CTD9,2.021
2024-04-10,CTD1,0.654
2024-04-10,CTD10,0.543
2024-04-10,CTD11,0.214
2024-04-10,CTD12,0.596
2024-04-10,CTD2,0.793
2024-04-10,CTD3,0.555
2024-04-10,CTD4,1.005
2024-04-10,CTD6,0.482
2024-04-10,CTD7,1.85
2024-04-10,CTD8,1.292
2024-04-10,CTD9,0.657
2024-04-24,CTD1,0.516
2024-04-24,CTD10,0.477
2024-04-24,CTD11,0.694
2024-04-24,CTD12,0.396
2024-04-24,CTD2,0.455
2024-04-24,CTD3,0.435
2024-04-24,CTD4,0.513
2024-04-24,CTD6,0.388
2024-04-24,CTD7,0.525
2024-04-24,CTD8,0.45
2024-04-24,CTD9,2.902
2024-04-29,CTD1,0.521
2024-04-29,CTD10,0.57
2024-04-29,CTD11,0.889
2024-04-29,CTD12,0.496
2024-04-29,CTD2,0.564
2024-04-29,CTD3,0.522
2024-04-29,CTD4,0.589
2024-04-29,CTD6,0.503
2024-04-29,CTD7,0.946
2024-04-29,CTD8,0.654
2024-04-29,CTD9,1.283
2024-05-10,CTD1,0.447
2024-05-10,CTD10,0.489
2024-05-10,CTD11,0.717
2024-05-10,CTD12,0.494
2024-05-10,CTD2,0.467
2024-05-10,CTD3,0.488
2024-05-10,CTD4,0.568
2024-05-10,CTD6,0.5
2024-05-10,CTD7,0.652
2024-05-10,CTD8,0.524
2024-05-10,CTD9,0.434
2024-05-15,CTD1,0.986
2024-05-15,CTD10,0.645
2024-05-15,CTD11,0.798
2024-05-15,CTD12,0.602
2024-05-15,CTD2,4.102
2024-05-15,CTD3,2.404
2024-05-15,CTD4,0.896
2024-05-15,CTD6,0.591
2024-05-15,CTD7,7.612
2024-05-15,CTD8,2.436
2024-05-15,CTD9,3.18
2024-05-22,CTD1,0.567
2024-05-22,CTD10,0.521
2024-05-22,CTD11,0.416
2024-05-22,CTD12,0.541
2024-05-22,CTD2,0.733
2024-05-22,CTD3,0.683
2024-05-22,CTD4,0.604
2024-05-22,CTD6,0.576
2024-05-22,CTD7,0.805
2024-05-22,CTD8,0.66
2024-05-22,CTD9,0.662
2024-05-29,CTD1,0.617
2024-05-29,CTD10,0.678
2024-05-29,CTD11,0.699
2024-05-29,CTD12,0.585
2024-05-29,CTD2,0.456
2024-05-29,CTD3,0.55
2024-05-29,CTD4,0.54
2024-05-29,CTD6,0.508
2024-05-29,CTD7,0.591
2024-05-29,CTD8,0.627
2024-05-29,CTD9,1.33
2024-06-05,CTD1,0.385
2024-06-05,CTD10,1.118
2024-06-05,CTD11,0.774
2024-06-05,CTD12,0.609
2024-06-05,CTD2,0.817
2024-06-05,CTD3,0.64
2024-06-05,CTD4,0.555
2024-06-05,CTD6,0.496
2024-06-05,CTD7,5.987
2024-06-05,CTD8,2.498
2024-06-05,CTD9,2.128
2024-06-10,CTD1,0.733
2024-06-10,CTD10,1.812
2024-06-10,CTD11,0.747
2024-06-10,CTD12,1.388
2024-06-10,CTD2,1.057
2024-06-10,CTD3,0.654
2024-06-10,CTD4,0.322
2024-06-10,CTD6,1.045
2024-06-10,CTD7,2.431
2024-06-10,CTD8,1.802
2024-06-10,CTD9,1.481
2024-06-18,CTD1,0.331
2024-06-18,CTD10,0.984
2024-06-18,CTD11,0.908
2024-06-18,CTD12,0.642
2024-06-18,CTD2,0.952
2024-06-18,CTD3,0.564
2024-06-18,CTD4,0.294
2024-06-18,CTD6,0.476
2024-06-18,CTD7,4.7
2024-06-18,CTD8,1.456
2024-06-18,CTD9,1.48
2024-06-25,CTD1,0.505
2024-06-25,CTD10,1.627
2024-06-25,CTD11,0.761
2024-06-25,CTD12,1.222
2024-06-25,CTD2,1.235
2024-06-25,CTD3,0.674
2024-06-25,CTD4,0.462
2024-06-25,CTD6,0.758
2024-06-25,CTD7,3.481
2024-06-25,CTD8,2.028
2024-06-25,CTD9,1.051
2024-07-03,CTD1,0.54
2024-07-03,CTD10,1.018
2024-07-03,CTD11,1.471
2024-07-03,CTD12,0.872
2024-07-03,CTD2,0.655
2024-07-03,CTD3,0.7
2024-07-03,CTD4,0.725
2024-07-03,CTD6,0.699
2024-07-03,CTD7,1.369
2024-07-03,CTD8,1.304
2024-07-03,CTD9,0.821
2024-07-09,CTD1,0.268
2024-07-09,CTD10,1.104
2024-07-09,CTD11,0.846
2024-07-09,CTD12,1.119
2024-07-09,CTD2,0.687
2024-07-09,CTD3,0.634
2024-07-09,CTD4,0.728
2024-07-09,CTD6,0.999
2024-07-09,CTD7,2.117
2024-07-09,CTD8,1.505
2024-07-09,CTD9,1.921
2024-07-18,CTD1,1.311
2024-07-18,CTD10,1.471
2024-07-18,CTD11,0.627
2024-07-18,CTD12,1.092
2024-07-18,CTD2,2.338
2024-07-18,CTD3,1.446
2024-07-18,CTD4,0.59
2024-07-18,CTD6,0.638
2024-07-18,CTD7,4.303
2024-07-18,CTD8,2.207
2024-07-18,CTD9,1.894
