Date,Buoy,Latitude,Longitude,rtoa_B1,rtoa_B2,rtoa_B3,rtoa_B4,rtoa_B5,rtoa_B6,rtoa_B7,rtoa_B8,rtoa_B8A,rtoa_B9,rtoa_B10,rtoa_B11,rtoa_B12,rhow_B1,rhow_B2,rhow_B3,rhow_B4,rhow_B5,rhow_B6,rhow_B7,rhow_B8A,rhown_B1,rhown_B2,rhown_B3,rhown_B4,rhown_B5,rhown_B6,Chl
2016-08-09,CTD1,4187246,695025,0.1166,0.0879,0.0709,0.0432,0.0365,0.0259,0.024,0.0208,0.0191,0.0065,0.0005,0.0093,0.0073,0.010624481,0.016557535,0.032384552,0.016780281,0.012566763,0.0037257508,0.0036818709,0.0014473192,0.010575526,0.016691737,0.0324639,0.016380625,0.013099749,0.0036055562,10.865
2016-08-09,CTD2,4181518,693105,0.1218,0.0935,0.0708,0.049,0.0419,0.0343,0.033,0.0296,0.0285,0.0088,0.0007,0.0176,0.0144,0.007923393,0.011770556,0.021903703,0.012113725,0.009040595,0.0027737764,0.002740579,0.0010888296,0.007922596,0.01181726,0.02193412,0.011918128,0.009454949,0.002680846,11.75
2016-08-09,CTD3,4181698,695238,0.1208,0.0931,0.07,0.0485,0.0415,0.0347,0.0328,0.0299,0.0284,0.0088,0.0007,0.0186,0.0148,0.007143528,0.010799487,0.020426381,0.011342302,0.008600693,0.0026381165,0.0026212204,0.0010468804,0.0071542272,0.010834939,0.020462053,0.011137918,0.009016513,0.0025608656,12.155
2016-08-09,CTD4,4180266,698264,0.1283,0.1005,0.0775,0.0557,0.0478,0.0398,0.0384,0.036,0.0326,0.0107,0.0005,0.0195,0.0155,0.00834835,0.011493996,0.022479063,0.013876248,0.010844637,0.003242291,0.0032637531,0.0012924316,0.00837807,0.0115588615,0.022699209,0.013579969,0.011277797,0.0031661226,8.03
2016-08-09,CTD6,4176009,695829,0.1171,0.0879,0.0648,0.0413,0.0347,0.0278,0.0262,0.0235,0.022,0.007,0.0006,0.0125,0.0096,0.00824704,0.012276086,0.021916643,0.010758338,0.00773042,0.0022531194,0.0022172334,0.0008805404,0.008248172,0.012326574,0.021927327,0.010634988,0.008124707,0.0021751877,11.08
2016-08-09,CTD7,4176724,690397,0.1216,0.0946,0.0752,0.0517,0.0449,0.0353,0.0343,0.0306,0.0288,0.0088,0.0007,0.0184,0.0147,0.009413645,0.014200934,0.027014345,0.01507428,0.011553612,0.0035371203,0.003520081,0.0013884287,0.009389851,0.014280778,0.027051032,0.014755674,0.012062613,0.0034298815,12.465
2016-08-09,CTD8,4174178,693048,0.1178,0.0899,0.07,0.0425,0.0359,0.0277,0.0255,0.0232,0.0213,0.0069,0.0005,0.0123,0.0089,0.0100416485,0.016055742,0.029348467,0.0135051105,0.009702014,0.0027962578,0.002748763,0.0010838717,0.009984354,0.016188301,0.029362286,0.013286205,0.010184162,0.0026986462,13.48
2016-08-09,CTD9,4171106,693183,0.1233,0.0983,0.0842,0.059,0.0497,0.0377,0.0359,0.0324,0.0309,0.0093,0.0005,0.0213,0.0163,0.012891191,0.01993437,0.03835634,0.02176378,0.016870368,0.0051990086,0.0051388885,0.0019925332,0.012807781,0.020145059,0.038571615,0.021179557,0.01759193,0.0050461353,3.66
2016-08-09,CTD10,4170388,695646,0.1206,0.0925,0.0741,0.0488,0.0411,0.0333,0.0329,0.0283,0.0273,0.0084,0.0006,0.0167,0.0138,0.008112824,0.013049408,0.025872147,0.013400449,0.009960784,0.0030119875,0.0029873487,0.0011901954,0.008086391,0.01311274,0.026012404,0.0131629035,0.010453797,0.002921045,10.3
2016-08-09,CTD11,4169609,700351,0.1245,0.0925,0.0728,0.0489,0.043,0.0354,0.0355,0.0274,0.0314,0.0093,0.0005,0.0202,0.0175,0.008105557,0.011979025,0.021000816,0.011000672,0.008032962,0.0024041818,0.0023557125,0.0009359669,0.00811757,0.01202314,0.020967184,0.010879009,0.008444171,0.0023064883,9.11
2016-08-09,CTD12,4173438,695414,0.1192,0.0917,0.0715,0.0456,0.0386,0.0309,0.0292,0.0262,0.0252,0.0077,0.0006,0.015,0.0125,0.008989714,0.014293721,0.026778305,0.012550694,0.008972003,0.0026215564,0.0025908514,0.0010250371,0.008959109,0.01437552,0.026842339,0.012372923,0.009398448,0.0025409989,9.51
2016-09-08,CTD1,4187246,695025,0.1222,0.0924,0.0745,0.0498,0.0428,0.0348,0.0343,0.0289,0.029,0.0086,0.0007,0.017,0.0124,0.007186908,0.011409761,0.023645932,0.014095872,0.0108549725,0.0033967479,0.0033966762,0.0013554926,0.0071671666,0.011452029,0.023760693,0.013808575,0.011364658,0.0033099267,20.94
2016-09-08,CTD2,4181518,693105,0.1193,0.0889,0.0689,0.0435,0.0371,0.0301,0.0289,0.0242,0.0244,0.0078,0.0007,0.0123,0.009,0.0065848045,0.010436455,0.021094711,0.011201857,0.008247391,0.0024894085,0.0024704451,0.0009859185,0.0065828213,0.010470194,0.021157654,0.0110580055,0.008661829,0.0024208832,15.345
2016-09-08,CTD3,4181698,695238,0.1178,0.0865,0.0661,0.0406,0.0346,0.0275,0.0261,0.0215,0.0218,0.0072,0.0005,0.0099,0.0072,0.006710377,0.010536389,0.020597933,0.010707693,0.007770033,0.0023496428,0.0023244137,0.00092797464,0.006718175,0.010565986,0.020700367,0.010541282,0.008177715,0.0022805568,13.84
2016-09-08,CTD4,4180266,698264,0.1196,0.0895,0.0668,0.044,0.0375,0.0311,0.0301,0.0256,0.0254,0.0075,0.0005,0.0142,0.0107,0.00538102,0.0084329555,0.017104443,0.009806661,0.007483394,0.0023039908,0.0022890803,0.0009150217,0.0053873323,0.0084486725,0.017237332,0.009652834,0.007877458,0.0022336654,13.55
2016-09-08,CTD6,4176009,695829,0.1166,0.0862,0.0644,0.04,0.0337,0.0272,0.0251,0.021,0.0211,0.0072,0.0005,0.0095,0.007,0.0065888213,0.0103188595,0.019942816,0.010286571,0.007690974,0.0023005109,0.002276823,0.00091038225,0.0065928376,0.010346785,0.02003014,0.010124569,0.008099697,0.0022345104,13.9
2016-09-08,CTD7,4176724,690397,0.1202,0.0895,0.0703,0.0444,0.0377,0.0308,0.0298,0.0244,0.0248,0.0074,0.0006,0.0119,0.0083,0.0064161755,0.010458245,0.0216526,0.011541264,0.008612197,0.002611856,0.0025957297,0.001040885,0.00640875,0.010489292,0.021771546,0.011352071,0.009046844,0.0025438291,15.895
2016-09-08,CTD9,4171106,693183,0.121,0.0933,0.0792,0.0541,0.0467,0.0355,0.0347,0.0297,0.0297,0.0084,0.0005,0.0174,0.0126,0.009851409,0.015453519,0.03083936,0.019270614,0.015157631,0.0048468914,0.004828156,0.0019033923,0.009811909,0.0155641865,0.031089414,0.01873835,0.015864851,0.004731448,3.8
2016-09-08,CTD10,4170388,695646,0.1201,0.0914,0.0751,0.049,0.0424,0.0322,0.0314,0.0262,0.0258,0.0083,0.0005,0.0139,0.0101,0.007997258,0.012899798,0.027413853,0.016326621,0.012701652,0.0039966,0.0039799144,0.0015764722,0.007965052,0.012967536,0.027643776,0.015921012,0.013282109,0.0038947402,14.865
2016-09-08,CTD11,4169609,700351,0.1194,0.0905,0.0721,0.0469,0.0402,0.033,0.0317,0.0269,0.0276,0.0085,0.0006,0.0159,0.0116,0.00623437,0.010245188,0.021897234,0.012531611,0.009714669,0.0030141682,0.0030104576,0.0012063143,0.0062216846,0.010271467,0.022090867,0.012293703,0.010187499,0.0029433437,13.7
2016-09-08,CTD12,4173438,695414,0.1191,0.0888,0.0687,0.0447,0.0377,0.0305,0.029,0.0241,0.0244,0.0078,0.0006,0.0125,0.0095,0.006784298,0.010533255,0.020969592,0.012143477,0.009175999,0.0028447933,0.0028296234,0.0011295978,0.0067816353,0.010565986,0.021151062,0.011921803,0.009610126,0.0027637433,13.025
2017-06-30,CTD1,4187246,695025,0.1269,0.1037,0.0838,0.0483,0.039,0.032,0.0306,0.0285,0.0254,0.0102,0.0011,0.0166,0.0121,0.013001307,0.02272808,0.041443713,0.011541264,0.007581408,0.0020489956,0.002013281,0.000796014,0.012945832,0.02297921,0.04107063,0.01144077,0.008022293,0.0019877085,0.9715
2017-06-30,CTD2,4181518,693105,0.1399,0.12,0.1002,0.0709,0.0638,0.0594,0.0587,0.0569,0.0536,0.0197,0.0011,0.0439,0.0355,0.009040141,0.017061781,0.031254612,0.006735012,0.004254722,0.0011399037,0.0011176403,0.00044776828,0.008990452,0.017239869,0.031143188,0.006682062,0.0045608827,0.0011227288,0.9365
2017-06-30,CTD3,4181698,695238,0.1405,0.1194,0.0961,0.0713,0.0654,0.0623,0.0622,0.0601,0.0585,0.021,0.001,0.047,0.039,0.0075835697,0.013584243,0.023005998,0.0054059313,0.0034694881,0.000953778,0.0009364642,0.0003777826,0.007560422,0.013670946,0.02294498,0.005358176,0.0037264745,0.0009370929,1.5154999999999998
2017-06-30,CTD4,4180266,698264,0.1411,0.12,0.0984,0.0707,0.0647,0.0602,0.0595,0.0569,0.0562,0.02,0.0009,0.0447,0.0366,0.00907478,0.016721314,0.028703239,0.006716879,0.004379786,0.0012045004,0.001184028,0.00047483333,0.009035008,0.016854338,0.028741164,0.0066504343,0.0046867076,0.0011839723,1.512
2017-06-30,CTD6,4176009,695829,0.1479,0.1263,0.1068,0.0807,0.0747,0.0705,0.0707,0.0667,0.0675,0.0239,0.0008,0.0552,0.0456,0.007608714,0.014366672,0.027990112,0.0073707406,0.0049179825,0.001336192,0.0013147063,0.0005259095,0.00756947,0.014491523,0.027906777,0.007306468,0.005250895,0.0013118499,1.854
2017-06-30,CTD7,4176724,690397,0.1519,0.1358,0.1209,0.086,0.0778,0.0721,0.0724,0.0683,0.0672,0.0243,0.001,0.0549,0.0452,0.011686963,0.022875605,0.046262253,0.011007561,0.007160964,0.0019035863,0.0018718408,0.00073682674,0.011616378,0.023158662,0.04541024,0.010937272,0.007578536,0.0018601465,1.552
2017-06-30,CTD8,4174178,693048,0.1502,0.1313,0.1128,0.0833,0.0768,0.0723,0.0732,0.0688,0.0687,0.0245,0.001,0.0571,0.0471,0.009521529,0.018191645,0.033471674,0.007299737,0.0046655284,0.0012513162,0.0012308423,0.0004928281,0.009455072,0.018410167,0.033228815,0.0072478717,0.00499153,0.0012309798,0.9935
2017-06-30,CTD9,4171106,693183,0.155,0.1406,0.1277,0.1012,0.0887,0.0762,0.0759,0.0719,0.0705,0.0246,0.001,0.0584,0.0477,0.016230635,0.028125005,0.060782634,0.026990114,0.021012975,0.0063581625,0.006308979,0.0024163665,0.016121557,0.028571198,0.060478445,0.026241194,0.022006158,0.006277348,0.4625
2017-06-30,CTD10,4170388,695646,0.1498,0.1287,0.1061,0.0824,0.077,0.0733,0.0733,0.0692,0.07,0.0245,0.0009,0.0577,0.0477,0.0074096294,0.013665981,0.02487514,0.006367644,0.00416348,0.0011491238,0.0011314623,0.00045515836,0.0073703555,0.013750509,0.024869818,0.006298391,0.0044595087,0.0011304438,0.7235
2017-06-30,CTD11,4169609,700351,0.1653,0.1398,0.12,0.1001,0.0959,0.0929,0.0952,0.0838,0.0929,0.0326,0.0012,0.0776,0.0664,0.005832959,0.0102973245,0.02105085,0.008687492,0.0063787256,0.001915407,0.0019044826,0.00076362217,0.005817458,0.010321626,0.021203846,0.008556647,0.0067265793,0.0018760483,1.1375
2017-06-30,CTD12,4173438,695414,0.1496,0.1297,0.1105,0.0839,0.0776,0.0726,0.0734,0.0688,0.0695,0.0244,0.0009,0.0576,0.0482,0.008385684,0.01591452,0.030570345,0.007729807,0.0050533433,0.0013784241,0.0013608142,0.0005468231,0.008331306,0.016088994,0.030405464,0.0076336674,0.005393868,0.0013527742,1.5275
2018-02-20,CTD1,4187246,695025,0.1509,0.1164,0.0954,0.0749,0.0762,0.0789,0.0853,0.0733,0.0885,0.0411,0.0142,0.0865,0.0899,0.0015073201,0.0023100253,0.0050561293,0.0038334609,0.003087569,0.0010308886,0.0010453128,0.00042358792,0.001486374,0.002327331,0.0050652907,0.0038032543,0.0032157325,0.0010083831,3.2845
2018-02-20,CTD2,4181518,693105,0.1416,0.1113,0.0892,0.0594,0.0561,0.0563,0.0582,0.0539,0.0557,0.0259,0.0109,0.0526,0.0482,0.0037507892,0.007294271,0.016253263,0.005065793,0.003404306,0.00093615515,0.0009222757,0.00036955436,0.0037247655,0.0073059625,0.016289027,0.005011898,0.003602021,0.0009205181,4.5120000000000005
2018-02-20,CTD3,4181698,695238,0.1309,0.0983,0.0747,0.04,0.0344,0.03,0.0276,0.0245,0.0225,0.0088,0.0035,0.0134,0.0081,0.0052482584,0.009943182,0.021748897,0.0057575125,0.003795291,0.0010234099,0.001001535,0.0004014976,0.0052166316,0.00999019,0.02174455,0.005687395,0.0040639783,0.0010091994,3.695
2018-02-20,CTD4,4180266,698264,0.1226,0.0896,0.0665,0.0318,0.0259,0.0209,0.0189,0.0151,0.0143,0.0055,0.0007,0.0035,0.0022,0.00625348,0.011490617,0.02208545,0.0053120907,0.0034131827,0.00091105624,0.0008871662,0.00035451524,0.0062273955,0.011531211,0.022022603,0.005260917,0.0036589606,0.00089801295,3.478
2018-02-20,CTD6,4176009,695829,0.1225,0.0897,0.0677,0.0327,0.0265,0.0208,0.0187,0.0148,0.0142,0.0054,0.0006,0.0036,0.0021,0.00672674,0.012510154,0.024596913,0.006309636,0.0040680575,0.0010895643,0.0010661328,0.00042412346,0.006695784,0.012587941,0.024532774,0.006279097,0.004363443,0.0010718445,7.4525
2018-02-20,CTD7,4176724,690397,0.1282,0.0958,0.0754,0.0395,0.0342,0.0303,0.0292,0.0238,0.0244,0.0093,0.0027,0.0148,0.0111,0.004526362,0.0089394795,0.020298503,0.005225169,0.0034310026,0.0009297233,0.000912431,0.00036752448,0.0044919373,0.008973133,0.020245116,0.0051528052,0.0036521372,0.0009156761,2.675
2018-02-20,CTD8,4174178,693048,0.1271,0.0953,0.0749,0.0368,0.0309,0.0259,0.0244,0.0207,0.0199,0.0091,0.0029,0.0101,0.0074,0.0062496536,0.012151569,0.025329811,0.0059797317,0.0038390558,0.0010267273,0.0010056663,0.00039997455,0.006204581,0.01223924,0.025187742,0.005926607,0.0041094683,0.001013701,3.108
2018-02-20,CTD9,4171106,693183,0.1286,0.1016,0.0864,0.0492,0.0398,0.0247,0.0228,0.0179,0.0169,0.0057,0.0006,0.0056,0.0037,0.014598099,0.02433716,0.049061608,0.023789369,0.01767931,0.005133074,0.0050414153,0.0019505242,0.014496994,0.024746675,0.049045123,0.023174712,0.018427894,0.0049948087,0.6809999999999999
2018-02-20,CTD10,4170388,695646,0.122,0.0896,0.0705,0.0331,0.027,0.0206,0.0188,0.015,0.0139,0.0051,0.0007,0.0035,0.0023,0.0072174156,0.013705043,0.02843225,0.00734864,0.0047928616,0.001277152,0.0012475079,0.0004936516,0.0071714846,0.013826435,0.028338289,0.007284446,0.005120662,0.0012558922,6.6595
2018-02-20,CTD11,4169609,700351,0.1197,0.0893,0.0688,0.033,0.0263,0.02,0.0179,0.0144,0.0131,0.0059,0.0008,0.0039,0.0027,0.0064161755,0.012481147,0.027506683,0.0074175894,0.0048877583,0.0013155323,0.0012919395,0.0005155175,0.0063717137,0.012580517,0.027382707,0.0073260926,0.005205262,0.0012941497,6.117
2018-02-20,CTD12,4173438,695414,0.123,0.0903,0.07,0.0335,0.0282,0.0228,0.0205,0.0157,0.0154,0.0057,0.0007,0.0045,0.0027,0.006463378,0.012155112,0.025555914,0.0063310643,0.0040755556,0.0010913248,0.0010740423,0.0004306003,0.006426361,0.012231985,0.025478188,0.0062513216,0.004377972,0.0010761801,6.898
2018-03-07,CTD1,4187246,695025,0.128,0.1014,0.0829,0.0406,0.0323,0.0232,0.022,0.0174,0.016,0.0077,0.0008,0.0055,0.0037,0.014812678,0.025892034,0.049403727,0.013480904,0.008800872,0.0023066036,0.0022403891,0.00087021024,0.014802881,0.026223427,0.04886237,0.013398315,0.0092707565,0.0022235455,3.917
2018-03-07,CTD2,4181518,693105,0.1211,0.0899,0.0701,0.034,0.0283,0.0223,0.0207,0.0169,0.0152,0.0077,0.0008,0.0052,0.0033,0.008316111,0.015384839,0.029389147,0.0069537186,0.0044704773,0.0011910216,0.0011643479,0.0004626631,0.008274992,0.015494041,0.029250931,0.0069072363,0.004787544,0.001172135,5.798
2018-03-07,CTD3,4181698,695238,0.1209,0.0901,0.0718,0.0343,0.0286,0.0211,0.0199,0.016,0.0145,0.0069,0.0006,0.0043,0.0028,0.010044553,0.018230548,0.034951355,0.008980719,0.005847452,0.0015612615,0.0015283899,0.00060546555,0.009998594,0.018400228,0.034749225,0.008966138,0.0062282817,0.0015303899,5.2155000000000005
2018-03-07,CTD4,4180266,698264,0.1229,0.0941,0.0781,0.0364,0.0293,0.0222,0.0204,0.016,0.0154,0.0075,0.0008,0.005,0.0037,0.011845374,0.021592073,0.041279044,0.009942318,0.006412426,0.0016830873,0.0016405395,0.0006432858,0.011793356,0.021837264,0.040852915,0.009894321,0.0068052905,0.0016388422,3.4535
2018-03-07,CTD6,4176009,695829,0.117,0.0854,0.0649,0.0306,0.0248,0.0194,0.0172,0.0137,0.0125,0.0061,0.0006,0.0031,0.0019,0.007904429,0.014411399,0.027367527,0.006735012,0.004347808,0.0011630874,0.0011356405,0.00045135434,0.007868629,0.014508154,0.027252896,0.0067070066,0.0046592355,0.0011446424,5.715
2018-03-07,CTD7,4176724,690397,0.1198,0.0896,0.0693,0.0322,0.0261,0.021,0.0186,0.015,0.0133,0.0068,0.0008,0.0034,0.0018,0.009627643,0.017421503,0.030940682,0.006511482,0.0041147545,0.0010886851,0.0010595842,0.00042127463,0.009597638,0.017559646,0.03074157,0.0064920904,0.0044185664,0.0010748777,3.012
2018-03-07,CTD8,4174178,693048,0.12,0.091,0.0715,0.0327,0.0265,0.021,0.0189,0.0151,0.0138,0.007,0.0007,0.0043,0.003,0.010434207,0.018931102,0.033588056,0.0068608695,0.004298667,0.0011376097,0.0011071524,0.00043975151,0.010406833,0.019095114,0.033351284,0.006860742,0.004614908,0.0011213726,3.4415
2018-03-07,CTD9,4171106,693183,0.1212,0.0934,0.0754,0.0395,0.0293,0.0192,0.0175,0.0136,0.0122,0.0065,0.0009,0.0035,0.002,0.0138703445,0.023189705,0.045201432,0.01724257,0.012160793,0.0033549166,0.003280285,0.0012706874,0.013792853,0.02352022,0.045085184,0.016939411,0.012701007,0.0032322123,0.509
2018-03-07,CTD10,4170388,695646,0.1165,0.0847,0.0643,0.0297,0.0242,0.0189,0.0171,0.0131,0.0114,0.0059,0.0007,0.0029,0.0019,0.007668441,0.014188867,0.02708317,0.006123896,0.0038947875,0.0010451595,0.001016067,0.0004045603,0.0076285074,0.014284887,0.026914435,0.006059992,0.0041832444,0.0010310673,4.3055
2018-03-07,CTD11,4169609,700351,0.1168,0.0875,0.0683,0.0307,0.0246,0.0183,0.0159,0.0129,0.0109,0.0057,0.0006,0.0029,0.0018,0.009284998,0.017219933,0.034029264,0.007871924,0.0050387466,0.0013351253,0.0013051309,0.0005183131,0.009239087,0.017411156,0.033787258,0.007837083,0.005393868,0.0013118499,3.2475
2018-03-07,CTD12,4173438,695414,0.1177,0.0863,0.0649,0.0303,0.0252,0.0196,0.0179,0.0141,0.0135,0.007,0.0009,0.004,0.003,0.008549147,0.015159025,0.026747964,0.0063418034,0.004032244,0.0010777517,0.0010461725,0.0004163329,0.00851968,0.015250433,0.0266986,0.0063349823,0.004336121,0.0010606502,4.633
2018-05-16,CTD1,4187246,695025,0.1288,0.1063,0.086,0.0524,0.0458,0.0391,0.0388,0.0346,0.0324,0.0109,0.0009,0.0237,0.0181,0.010569831,0.0190564,0.036144383,0.009750329,0.006336257,0.0017217516,0.0016895978,0.0006703032,0.010522027,0.019233199,0.035909366,0.009665259,0.006738455,0.0016771683,1.955
2018-05-16,CTD2,4181518,693105,0.1333,0.1088,0.0879,0.0576,0.0511,0.048,0.0474,0.0443,0.0427,0.014,0.001,0.0331,0.0264,0.008694751,0.015813606,0.026243672,0.005407787,0.0034055726,0.00092296035,0.0009038078,0.00036380521,0.008668357,0.015927484,0.026161058,0.0053563253,0.0036630603,0.00091012014,2.604
2018-05-16,CTD3,4181698,695238,0.1319,0.1072,0.0854,0.058,0.0529,0.0488,0.0483,0.045,0.044,0.0142,0.0009,0.0343,0.0275,0.007154351,0.01277005,0.022525353,0.00536342,0.0033992433,0.00092558464,0.0009067981,0.00036535045,0.00712841,0.012846274,0.022448687,0.0053120917,0.003654865,0.0009115985,2.8315
2018-05-16,CTD4,4180266,698264,0.128,0.1032,0.0809,0.0526,0.0474,0.0437,0.043,0.0402,0.0389,0.0128,0.0009,0.0302,0.0243,0.007864264,0.013941308,0.022255318,0.0048671635,0.0030783603,0.0008410325,0.0008228751,0.00033193384,0.007838265,0.014011636,0.0222623,0.0048190495,0.003309926,0.00082795275,2.063
2018-05-16,CTD6,4176009,695829,0.1353,0.1117,0.0882,0.0602,0.054,0.0508,0.0502,0.0471,0.0474,0.0149,0.001,0.0367,0.0297,0.009106857,0.015927719,0.024889475,0.0048403554,0.0030191517,0.00082445925,0.00080669945,0.0003252299,0.009082382,0.01603053,0.02489242,0.004788987,0.0032484615,0.0008122888,1.002
2018-05-16,CTD7,4176724,690397,0.1388,0.1205,0.1079,0.0654,0.057,0.0492,0.0491,0.0449,0.044,0.0145,0.0009,0.0335,0.0264,0.013952792,0.026609972,0.052871823,0.012482103,0.007992252,0.0020766754,0.0020266653,0.0007944296,0.013901852,0.026987035,0.0518097,0.012399417,0.00843269,0.002013044,3.122
2018-05-16,CTD8,4174178,693048,0.1362,0.1156,0.0964,0.062,0.0558,0.0522,0.0517,0.0491,0.0483,0.0152,0.0008,0.0376,0.0304,0.010792886,0.019970689,0.033588056,0.006335358,0.003961497,0.0010519411,0.0010299545,0.00041266286,0.010761423,0.02015565,0.03338903,0.0062769563,0.004251958,0.0010390176,0.963
2018-05-16,CTD9,4171106,693183,0.1407,0.1235,0.1128,0.0854,0.0727,0.0554,0.0559,0.0514,0.0502,0.0153,0.0008,0.0387,0.0307,0.019532198,0.03216426,0.06502097,0.031343672,0.02439084,0.0073167267,0.007205114,0.0027512219,0.019485468,0.032730725,0.065220855,0.03050094,0.025722621,0.007237873,0.4575
2018-05-16,CTD10,4170388,695646,0.1359,0.1134,0.0934,0.0637,0.0565,0.0534,0.0523,0.0494,0.0488,0.0156,0.0007,0.0392,0.0317,0.00824704,0.015376271,0.028171072,0.006428311,0.0041527757,0.0011275685,0.0011080607,0.00044533017,0.008189909,0.015507175,0.027997632,0.006363093,0.00445622,0.0011101312,2.1115
2018-05-16,CTD11,4169609,700351,0.1395,0.1129,0.0947,0.064,0.0574,0.054,0.0557,0.0463,0.0519,0.0161,0.0008,0.0399,0.0337,0.007588136,0.013862192,0.026027687,0.006821745,0.0044950605,0.0012383353,0.0012203461,0.0004899559,0.0075649447,0.013963135,0.025903298,0.006764008,0.004808652,0.0012138189,1.338
2018-05-16,CTD12,4173438,695414,0.1384,0.1165,0.0948,0.0642,0.0589,0.0554,0.0559,0.0513,0.0514,0.0161,0.0007,0.0415,0.0338,0.010073648,0.01832807,0.028823406,0.0052720844,0.0032933555,0.0008923951,0.0008744305,0.00035211683,0.010041413,0.01846491,0.028749606,0.00521742,0.003541954,0.00088139944,0.9145
2018-06-20,CTD1,4187246,695025,0.1414,0.1194,0.0985,0.0734,0.0662,0.0618,0.0605,0.0578,0.0572,0.0135,0.0008,0.0451,0.0358,0.007038249,0.012773742,0.024997193,0.00801895,0.005530911,0.0015563389,0.0015407027,0.00061927905,0.007011122,0.012846274,0.024952771,0.007912922,0.0058881,0.0015255646,0.9445
2018-06-20,CTD2,4181518,693105,0.1438,0.1218,0.1002,0.0717,0.0655,0.0632,0.0633,0.058,0.0592,0.014,0.0008,0.0469,0.0374,0.009780133,0.017327534,0.02560719,0.004870524,0.0029776995,0.00080232247,0.0007859462,0.000317306,0.009747509,0.017454172,0.02550123,0.0048240772,0.0031976886,0.0007933639,0.8140000000000001
2018-06-20,CTD3,4181698,695238,0.1444,0.1221,0.0997,0.0745,0.0684,0.0655,0.0653,0.061,0.0618,0.015,0.0007,0.0498,0.0402,0.007923393,0.014148703,0.0220204,0.00477725,0.0029599466,0.000815135,0.0008003839,0.00032426335,0.0078920545,0.01423974,0.021968117,0.004722819,0.003179743,0.00080179266,1.142
2018-06-20,CTD4,4180266,698264,0.1328,0.108,0.084,0.0573,0.0514,0.0475,0.047,0.0432,0.0423,0.0105,0.0006,0.0325,0.0256,0.007902062,0.013483592,0.020876158,0.0046873065,0.002964375,0.00081315066,0.0007947748,0.00032028905,0.00787331,0.013556231,0.020817151,0.0046494217,0.0031881053,0.0007982158,0.56
2018-06-20,CTD6,4176009,695829,0.1424,0.1208,0.0987,0.0704,0.0637,0.0612,0.0613,0.0562,0.0577,0.0139,0.0006,0.0458,0.0362,0.009543787,0.017084971,0.026079694,0.005134284,0.0032157279,0.00087411056,0.00085690164,0.0003458957,0.009512439,0.017201973,0.026098385,0.0050801313,0.0034568831,0.0008615817,0.8065
2018-06-20,CTD7,4176724,690397,0.1426,0.1194,0.0972,0.072,0.0653,0.062,0.0625,0.0579,0.0585,0.0146,0.0007,0.0458,0.0366,0.007106842,0.012755291,0.02226843,0.0055543594,0.0035661862,0.0009796298,0.0009623023,0.00038831597,0.007085562,0.01282364,0.022207322,0.0054986696,0.003830682,0.00096367265,0.4885
2018-06-20,CTD8,4174178,693048,0.1454,0.1261,0.1073,0.0756,0.0675,0.0646,0.0648,0.0604,0.0614,0.0145,0.0007,0.0492,0.0392,0.010389314,0.019288486,0.033588056,0.006785105,0.004225139,0.0011262059,0.0011071524,0.0004447693,0.010342289,0.019439049,0.03334185,0.0067388746,0.0045257458,0.0011083425,0.8915
2018-06-20,CTD9,4171106,693183,0.1501,0.1334,0.1181,0.0899,0.0767,0.0653,0.065,0.0603,0.0614,0.0144,0.0007,0.0493,0.0392,0.016444795,0.027983563,0.057370443,0.022772012,0.01686568,0.004839022,0.0047632665,0.0018526978,0.016331578,0.028433455,0.05717167,0.022180842,0.017552502,0.0047145607,0.2425
2018-06-20,CTD10,4170388,695646,0.1455,0.1227,0.102,0.0766,0.0689,0.0658,0.066,0.0609,0.0631,0.0149,0.0006,0.0498,0.0404,0.0073672626,0.013219413,0.024518885,0.0064653996,0.00429709,0.0011848124,0.0011681635,0.0004704809,0.0073328433,0.013286386,0.024502994,0.006384793,0.004597962,0.0011641498,2.1105
2018-06-20,CTD11,4169609,700351,0.1468,0.1151,0.0987,0.0725,0.0656,0.0644,0.0647,0.0538,0.0632,0.0154,0.0007,0.0505,0.0409,0.005585403,0.009516417,0.017474966,0.0061218143,0.0041957465,0.00117816,0.001153916,0.00046111425,0.0055821734,0.009529493,0.017504312,0.006099495,0.004462799,0.0011497212,0.486
2018-06-20,CTD12,4173438,695414,0.1488,0.1282,0.1072,0.0806,0.0739,0.0707,0.0718,0.0664,0.0684,0.0159,0.0007,0.0548,0.0445,0.00852635,0.015739333,0.026808674,0.005852656,0.0037575564,0.0010242382,0.001006909,0.00040592864,0.008497189,0.015869465,0.026754426,0.005778025,0.0040324167,0.0010079751,1.7265
2018-07-10,CTD1,4187246,695025,0.1542,0.1304,0.1112,0.0888,0.0809,0.0773,0.0783,0.0706,0.075,0.017,0.001,0.0587,0.0459,0.0063887886,0.011352783,0.02287166,0.00912748,0.0065648234,0.0019946056,0.0019867446,0.0007998277,0.0063697696,0.011404055,0.023022674,0.009001236,0.006938228,0.0019551157,0.525
2018-07-10,CTD2,4181518,693105,0.1545,0.1333,0.1121,0.0832,0.0759,0.0736,0.0745,0.068,0.0707,0.0161,0.001,0.0549,0.0432,0.009538218,0.017459195,0.028719239,0.0060637887,0.003860402,0.0010498173,0.0010303782,0.00041440665,0.009501491,0.01758849,0.028640036,0.0060022017,0.0041415943,0.0010335717,0.3675
2018-07-10,CTD3,4181698,695238,0.1528,0.1303,0.1075,0.0826,0.0754,0.0736,0.0742,0.0678,0.0716,0.0161,0.0008,0.056,0.0445,0.0076201675,0.013529971,0.022538593,0.0054994365,0.003510993,0.0009697581,0.0009528275,0.00038439428,0.007594399,0.013599653,0.022497218,0.005445823,0.0037697973,0.0009555064,0.6675
2018-07-10,CTD4,4180266,698264,0.1526,0.128,0.1059,0.0841,0.0768,0.075,0.0755,0.0682,0.0725,0.0162,0.001,0.0583,0.0456,0.0057087783,0.010181105,0.018838672,0.005800941,0.0039527356,0.0011072932,0.0010940623,0.0004449562,0.005702205,0.010205954,0.018846503,0.005740431,0.0042268503,0.0010862158,1.7875
2018-07-10,CTD6,4176009,695829,0.1483,0.124,0.1031,0.0778,0.0702,0.0675,0.0681,0.0616,0.065,0.0147,0.0011,0.0499,0.0399,0.0067575183,0.012073844,0.022737958,0.0066023082,0.0044152113,0.0012299167,0.0012143862,0.00048975134,0.006738588,0.01212359,0.022671258,0.006543011,0.0047160597,0.0012070178,2.3440000000000003
2018-07-10,CTD7,4176724,690397,0.1464,0.1217,0.0999,0.0753,0.0681,0.065,0.0656,0.0606,0.0614,0.014,0.0011,0.0464,0.036,0.006404425,0.011413121,0.020801662,0.006088595,0.0040144473,0.0011280231,0.0011153523,0.00045344283,0.0063911825,0.011455462,0.02075869,0.0060227835,0.0042978195,0.0011047735,0.613
2018-07-10,CTD8,4174178,693048,0.151,0.1289,0.1122,0.0829,0.0745,0.0706,0.0717,0.0656,0.068,0.0154,0.001,0.0532,0.0414,0.00830374,0.015809229,0.031442363,0.008252072,0.0054132445,0.0014812476,0.001464032,0.00058683794,0.00827011,0.015967747,0.031214995,0.008163101,0.0057728523,0.0014548366,1.9815
2018-07-10,CTD9,4171106,693183,0.147,0.1278,0.112,0.0838,0.0726,0.0622,0.0625,0.0564,0.0587,0.0136,0.0009,0.0447,0.0337,0.014058243,0.023396783,0.046881195,0.02055012,0.015377315,0.004446986,0.0043695155,0.0017000862,0.013934669,0.023690546,0.04706932,0.019988386,0.015980355,0.0043108407,0.272
2018-07-10,CTD10,4170388,695646,0.151,0.1258,0.1059,0.0828,0.0767,0.074,0.0748,0.067,0.0722,0.0166,0.001,0.0568,0.0458,0.005503447,0.00977752,0.019056391,0.0062161335,0.004206553,0.0011929383,0.0011791992,0.0004766247,0.0054932707,0.009802418,0.01908674,0.006153931,0.0044875494,0.0011702515,1.5445
2018-07-10,CTD11,4169609,700351,0.1505,0.1229,0.1023,0.0791,0.0718,0.0698,0.0707,0.062,0.0677,0.0165,0.0008,0.0538,0.043,0.0054042935,0.009410895,0.017999966,0.00623304,0.00421274,0.001197743,0.001184028,0.00047922344,0.0054023485,0.009427435,0.018043458,0.00616024,0.004480937,0.0011730778,1.7515
2018-07-10,CTD12,4173438,695414,0.1525,0.1289,0.1096,0.0844,0.0772,0.0754,0.0757,0.0684,0.0734,0.0164,0.001,0.0581,0.046,0.006671663,0.012151569,0.023229048,0.0064304876,0.0042876415,0.0011924589,0.0011758301,0.00047384083,0.006641106,0.012217486,0.023242792,0.006369596,0.0045793876,0.0011688407,2.3985000000000003
2018-08-29,CTD1,4187246,695025,0.1287,0.0982,0.0783,0.0507,0.0453,0.0415,0.0407,0.0352,0.0363,0.0108,0.0008,0.0215,0.0146,0.0045798407,0.008021382,0.015846828,0.005428236,0.003650523,0.0010242382,0.0010093987,0.00040850622,0.0045710346,0.008019663,0.015868472,0.0053563253,0.0038953947,0.0010039044,0.45
2018-08-29,CTD2,4181518,693105,0.1281,0.0981,0.0742,0.0453,0.0396,0.0371,0.0359,0.0307,0.0318,0.0098,0.0006,0.0168,0.0118,0.006081584,0.010325019,0.015358727,0.0033316533,0.002104143,0.0005728146,0.0005566013,0.00022427361,0.0060785892,0.010349934,0.015303078,0.003277237,0.0022552053,0.00056305283,0.5375000000000001
2018-08-29,CTD3,4181698,695238,0.1262,0.096,0.0709,0.042,0.0361,0.0331,0.0319,0.0269,0.0273,0.0096,0.0008,0.0135,0.0095,0.0062822476,0.01025131,0.014884208,0.0034171548,0.0021366265,0.0005837929,0.00056631345,0.00022880179,0.0062828446,0.010283987,0.014808955,0.0033833561,0.0022962303,0.0005724641,0.6495
2018-08-29,CTD4,4180266,698264,0.1273,0.0958,0.07,0.0444,0.0388,0.0355,0.0348,0.0296,0.0308,0.0098,0.0007,0.0163,0.0117,0.0047543705,0.007568024,0.01184327,0.0035650346,0.0022709176,0.00062967313,0.0006109633,0.00024492526,0.004768791,0.007558361,0.0117854765,0.0035248965,0.0024257454,0.00061499665,0.629
2018-08-29,CTD6,4176009,695829,0.1253,0.0958,0.072,0.0427,0.0364,0.033,0.0312,0.0265,0.0269,0.0091,0.0006,0.0138,0.0099,0.0062115104,0.010448902,0.017052079,0.0046453555,0.0030022794,0.00083185977,0.000811049,0.0003253682,0.0062216846,0.010463835,0.017017603,0.0046091173,0.003222978,0.00081526535,0.9995
2018-08-29,CTD7,4176724,690397,0.127,0.0968,0.0744,0.0461,0.0404,0.0366,0.0361,0.0304,0.0313,0.01,0.0007,0.0173,0.0119,0.0051726885,0.008893535,0.01585173,0.0044057285,0.0028695024,0.0007929256,0.00077592983,0.00031274938,0.0051667443,0.008898428,0.01583771,0.004366612,0.003072959,0.00077708607,0.7705
2018-08-29,CTD8,4174178,693048,0.126,0.0969,0.0747,0.0442,0.0377,0.033,0.0321,0.0274,0.0274,0.0088,0.0007,0.0137,0.0095,0.00716302,0.012123257,0.021233058,0.0064960886,0.004300244,0.0011848124,0.001161019,0.00046363362,0.0071542272,0.012159633,0.02121706,0.006467863,0.0045962706,0.0011594767,1.2325
2018-08-29,CTD9,4171106,693183,0.1291,0.1037,0.0862,0.0571,0.0471,0.038,0.0372,0.0324,0.033,0.0101,0.0007,0.0206,0.0143,0.010814473,0.018128555,0.03637111,0.016484654,0.012153296,0.003477982,0.0034382427,0.0013505566,0.010725247,0.01830103,0.036469422,0.016108353,0.012689183,0.0033724508,0.1415
2018-08-29,CTD10,4170388,695646,0.1244,0.0937,0.0706,0.0426,0.0367,0.0331,0.0324,0.027,0.028,0.0092,0.0006,0.0151,0.0106,0.0054076263,0.00894761,0.014888841,0.0044873515,0.0029138362,0.0007997192,0.0007801147,0.00031408283,0.0054174038,0.008948169,0.014871729,0.0044745714,0.0031194587,0.0007824747,1.2935
2018-08-29,CTD11,4169609,700351,0.1252,0.0956,0.0713,0.0442,0.0379,0.0338,0.0328,0.0277,0.0289,0.0095,0.0006,0.0161,0.0109,0.00548145,0.009100612,0.016093561,0.005488137,0.003627581,0.0010122901,0.0009937304,0.00039879378,0.0054932707,0.009101703,0.016080111,0.0054740747,0.0038809255,0.0009893811,0.8275
2018-08-29,CTD12,4173438,695414,0.125,0.0962,0.0747,0.0428,0.0363,0.0322,0.0304,0.026,0.026,0.0086,0.0007,0.0131,0.0091,0.0073406175,0.0126377195,0.022183321,0.0062797475,0.0040966193,0.0011153611,0.0010918204,0.00043661965,0.0073350454,0.012681046,0.022159308,0.0062619913,0.004392546,0.0010941323,1.132
2018-10-03,CTD1,4187246,695025,0.1203,0.0856,0.0614,0.0313,0.0252,0.0211,0.0202,0.0153,0.0157,0.005,0.0006,0.0065,0.0048,0.005614709,0.009359941,0.014930592,0.004167984,0.0026466798,0.0007207363,0.000698808,0.00027949878,0.0056167217,0.0093608955,0.014881408,0.0041581998,0.0028344388,0.0007060082,0.278
2018-10-03,CTD2,4181518,693105,0.1197,0.0859,0.0587,0.0291,0.0232,0.0198,0.0193,0.0145,0.0135,0.0045,0.0006,0.0047,0.0027,0.0069112577,0.0107611,0.012997993,0.0025752867,0.001570836,0.00042413696,0.0004074701,0.00016281672,0.0069268914,0.010785904,0.012899159,0.0025376254,0.0016820697,0.0004144458,0.4405
2018-10-03,CTD3,4181698,695238,0.1186,0.0853,0.0579,0.0276,0.0223,0.019,0.0175,0.0134,0.0124,0.0045,0.0006,0.004,0.0027,0.008141942,0.012151569,0.012543654,0.0024128535,0.001465414,0.00039450894,0.0003779832,0.00015079587,0.008144031,0.012181302,0.012461086,0.0023825415,0.0015696461,0.00038561906,0.321
2018-10-03,CTD4,4180266,698264,0.1202,0.0832,0.0554,0.0286,0.0229,0.0193,0.0191,0.0139,0.0141,0.0047,0.0006,0.005,0.0032,0.0059780204,0.008688114,0.009478866,0.0023582166,0.0014718759,0.00040031358,0.00038583242,0.00015424186,0.00601924,0.0086992355,0.009361096,0.0023256054,0.0015604079,0.00038821757,0.211
2018-10-03,CTD6,4176009,695829,0.1186,0.0865,0.0613,0.0288,0.0222,0.0185,0.017,0.0133,0.0126,0.0045,0.0005,0.0037,0.0027,0.008669053,0.013949239,0.01959829,0.0042423722,0.0026645756,0.000716069,0.0006916181,0.0002759497,0.008658209,0.013999498,0.019544313,0.0042241137,0.0028665913,0.00070514815,0.9465
2018-10-03,CTD7,4176724,690397,0.1185,0.0841,0.0574,0.0283,0.0227,0.0197,0.0182,0.0138,0.0134,0.0045,0.0007,0.0042,0.0022,0.006379034,0.009830499,0.011481731,0.0022209443,0.0013433973,0.00036155037,0.0003464689,0.00013815622,0.0063872845,0.009838518,0.011375977,0.0021887945,0.0014344265,0.00035198822,0.2744999999999999
2018-10-03,CTD8,4174178,693048,0.123,0.0937,0.073,0.0351,0.0264,0.0198,0.0187,0.014,0.0134,0.0045,0.0006,0.0038,0.0028,0.0131121315,0.022188725,0.038611867,0.009797254,0.006302901,0.0016751864,0.0016262049,0.0006390968,0.013098917,0.02238934,0.038425457,0.009777672,0.006691061,0.0016234798,1.215
2018-10-03,CTD9,4171106,693183,0.1239,0.0949,0.0754,0.0418,0.0313,0.0206,0.0201,0.0152,0.0149,0.0047,0.0006,0.0058,0.0039,0.014012978,0.02226127,0.042012874,0.01738245,0.012356883,0.00351979,0.0034370145,0.0013319298,0.013934669,0.022571547,0.042070914,0.017048895,0.012883316,0.0033807785,0.105
2018-10-03,CTD10,4170388,695646,0.1196,0.0862,0.0603,0.0303,0.0238,0.0196,0.0185,0.0141,0.0138,0.0044,0.0006,0.0047,0.0031,0.006925965,0.011222986,0.017083481,0.004364703,0.002799523,0.00075888855,0.00073498866,0.00029302976,0.0069331774,0.011240857,0.017028531,0.004352915,0.0030033498,0.00074461603,0.933
2018-10-03,CTD11,4169609,700351,0.118,0.0863,0.0588,0.0297,0.0239,0.0198,0.0186,0.0146,0.0139,0.0047,0.0005,0.0056,0.004,0.005677256,0.009453547,0.014382573,0.003467352,0.00219656,0.0005966759,0.0005785808,0.0002318393,0.0056829103,0.009450677,0.014334131,0.0034310918,0.002347701,0.0005829812,0.5325
2018-10-03,CTD12,4173438,695414,0.1201,0.0902,0.067,0.0313,0.024,0.0192,0.0179,0.0135,0.0132,0.005,0.0006,0.0038,0.0025,0.011057371,0.018553799,0.028903725,0.0061218143,0.0038248864,0.0010135198,0.0009815268,0.00038996132,0.011044986,0.018669968,0.02882565,0.006132942,0.0041064206,0.0009990406,1.1425
2018-11-07,CTD1,4187246,695025,0.1276,0.0903,0.0618,0.0318,0.0267,0.0226,0.0203,0.0161,0.0146,0.0063,0.0008,0.0043,0.0033,0.004037499,0.006626165,0.011529074,0.0032720773,0.0020698458,0.0005688967,0.00055340235,0.00022228002,0.004033437,0.006599784,0.011523626,0.0032395916,0.0022116064,0.0005535783,0.619
2018-11-07,CTD2,4181518,693105,0.1262,0.0915,0.0611,0.0291,0.0236,0.0204,0.0174,0.0143,0.0122,0.0063,0.0007,0.0025,0.0017,0.007961441,0.012344126,0.013970571,0.0023389698,0.0014055314,0.0003688465,0.0003499494,0.0001382711,0.007920244,0.012429111,0.013905156,0.0023215944,0.0014984602,0.00036206917,0.469
2018-11-07,CTD3,4181698,695238,0.1255,0.09,0.0597,0.0285,0.0232,0.0196,0.0169,0.0134,0.0121,0.0054,0.0007,0.0022,0.0015,0.007199968,0.0111536225,0.013022544,0.0025427649,0.0015455866,0.00041269246,0.00039545234,0.00015724334,0.007206108,0.011180168,0.012984229,0.0025244486,0.0016542515,0.00040309207,0.923
2018-11-07,CTD4,4180266,698264,0.1254,0.0882,0.0566,0.0284,0.0228,0.019,0.0174,0.0134,0.0122,0.0059,0.0005,0.0024,0.0017,0.0059505636,0.008858545,0.009481879,0.0020235511,0.0012239771,0.0003269955,0.00031318134,0.00012442292,0.005969576,0.008865404,0.009354883,0.0019948718,0.0013004082,0.0003170926,1.267
2018-11-07,CTD6,4176009,695829,0.1267,0.094,0.0659,0.0297,0.0239,0.0192,0.0164,0.0127,0.012,0.0057,0.0008,0.0021,0.0008,0.00977445,0.016197918,0.022878362,0.004289708,0.0026328433,0.0006977037,0.0006696618,0.00026590962,0.009761481,0.016274435,0.022839382,0.0042671287,0.0028461865,0.0006904066,1.458
2018-11-07,CTD7,4176724,690397,0.124,0.0875,0.0573,0.0284,0.0234,0.0204,0.0174,0.0138,0.0132,0.006,0.0005,0.0028,0.0016,0.0048553385,0.0076332856,0.009515084,0.0021222476,0.0012931258,0.0003458082,0.00033212666,0.00013221253,0.0048556156,0.0076251137,0.009404701,0.0020840296,0.0013708568,0.0003353416,0.414
2018-11-07,CTD8,4174178,693048,0.1309,0.1011,0.0741,0.0334,0.0258,0.0197,0.0173,0.0134,0.0125,0.0053,0.0007,0.002,0.0011,0.014679764,0.024378572,0.038209423,0.007704209,0.00479112,0.0012513162,0.0012064823,0.00047523086,0.014745909,0.02459579,0.03831088,0.007738659,0.005122529,0.0012280218,1.0395
2018-11-07,CTD9,4171106,693183,0.1298,0.0997,0.0753,0.0394,0.0292,0.0199,0.0175,0.0137,0.0124,0.0054,0.0005,0.0037,0.0023,0.012378646,0.02094714,0.039375108,0.015157614,0.010534646,0.0029396764,0.0028591258,0.0011088491,0.012306246,0.021206373,0.039234027,0.014976733,0.010998978,0.0028075178,0.204
2018-11-07,CTD10,4170388,695646,0.1238,0.0879,0.0575,0.0281,0.0225,0.0189,0.0163,0.0128,0.0117,0.0054,0.0006,0.0024,0.0017,0.005883347,0.009136468,0.011724034,0.002791413,0.0017139739,0.00045872986,0.00044158896,0.00017533587,0.0058894455,0.009138335,0.011657697,0.0027711028,0.0018335822,0.00044667334,0.9485
2018-11-07,CTD11,4169609,700351,0.1223,0.088,0.058,0.0281,0.0226,0.0183,0.0157,0.0126,0.0112,0.0054,0.0007,0.0027,0.0016,0.004504032,0.007642652,0.01305945,0.0035440477,0.0022346776,0.0006100998,0.00059307594,0.00023722865,0.004494739,0.0076203276,0.0130741205,0.0035027403,0.0023904396,0.00059466047,1.1535
2018-11-07,CTD12,4173438,695414,0.1246,0.0911,0.0622,0.0279,0.0225,0.0189,0.0167,0.0132,0.0117,0.0054,0.0005,0.002,0.0014,0.008156537,0.013185268,0.016495451,0.0026681623,0.001610728,0.00042870792,0.0004116182,0.00016412171,0.008105566,0.013263127,0.01646321,0.002642925,0.0017256954,0.00042025137,0.944
2019-03-12,CTD1,4187246,695025,0.1294,0.0947,0.069,0.0385,0.0323,0.0269,0.026,0.0203,0.0199,0.0075,0.0008,0.0075,0.0051,0.005010774,0.008209738,0.015108044,0.00536342,0.0035661862,0.0010163948,0.0009982416,0.00040302615,0.0050073243,0.0082021225,0.015149843,0.005324958,0.0038164402,0.0009937971,0.1644999999999999
2019-03-12,CTD2,4181518,693105,0.1296,0.0979,0.0703,0.0346,0.0281,0.0251,0.0231,0.0183,0.017,0.0067,0.0006,0.0053,0.0032,0.010615357,0.016372485,0.01731532,0.0025735176,0.0015002352,0.00040062997,0.00038335114,0.00015244471,0.010602356,0.016470639,0.017309282,0.0025358642,0.0016071899,0.00039378312,0.508
2019-03-12,CTD3,4181698,695238,0.1287,0.0971,0.0693,0.0337,0.0276,0.0236,0.0219,0.0175,0.0168,0.0065,0.0007,0.0053,0.0033,0.0107038235,0.01641297,0.019183418,0.0036224516,0.0021990254,0.0005937878,0.00057076436,0.0002278306,0.010698177,0.016475223,0.019141158,0.0035985063,0.002369863,0.0005843985,0.49
2019-03-12,CTD4,4180266,698264,0.1256,0.0902,0.0607,0.0321,0.0266,0.0233,0.0209,0.0167,0.0163,0.0064,0.0006,0.0056,0.0034,0.0057510682,0.008461248,0.009267381,0.0021215293,0.0012917201,0.00035028608,0.00033598472,0.000134144,0.005787109,0.00846974,0.009143049,0.0020883142,0.0013753655,0.00033968542,0.3195
2019-03-12,CTD6,4176009,695829,0.1259,0.0948,0.0671,0.0313,0.0255,0.0225,0.0206,0.0162,0.0151,0.0062,0.0006,0.0049,0.003,0.010636657,0.016512256,0.017373709,0.0026736804,0.0016030188,0.0004297309,0.000411952,0.0001647437,0.010620271,0.016617794,0.017359247,0.002628258,0.0017199377,0.00042293436,0.3355
2019-03-12,CTD7,4176724,690397,0.125,0.0904,0.0621,0.0319,0.0264,0.0228,0.0212,0.0166,0.0159,0.0063,0.0008,0.0047,0.0028,0.006554751,0.009949144,0.011598606,0.0025957252,0.001590062,0.00043058535,0.00041379308,0.00016536818,0.006578819,0.009953604,0.01146283,0.002563307,0.0017021544,0.00042008428,0.258
2019-03-12,CTD8,4174178,693048,0.1231,0.0891,0.0612,0.0301,0.0246,0.021,0.0192,0.0153,0.0142,0.006,0.0006,0.0042,0.0027,0.0073806182,0.011292717,0.013121179,0.0027380097,0.0016856488,0.00045581063,0.00043818654,0.00017489283,0.007401373,0.011308615,0.013001307,0.0027099939,0.0018051191,0.00044507094,0.2665
2019-03-12,CTD9,4171106,693183,0.1305,0.1029,0.0842,0.0501,0.0376,0.0225,0.0215,0.0171,0.0159,0.0064,0.0006,0.0064,0.0043,0.01891607,0.028337909,0.051029056,0.025506077,0.018691124,0.005351237,0.0052074096,0.0019991554,0.018820323,0.028907215,0.051244695,0.024874188,0.019503163,0.0051384843,0.155
2019-03-12,CTD10,4170388,695646,0.1235,0.0891,0.0612,0.0323,0.0268,0.0232,0.0214,0.0178,0.0171,0.0069,0.0006,0.0067,0.0055,0.0051982948,0.008234825,0.011011492,0.0027789194,0.0017408642,0.00047514567,0.00045865198,0.00018351446,0.0052150153,0.008220063,0.010914945,0.0027499364,0.0018528195,0.00046192884,0.323
2019-03-12,CTD11,4169609,700351,0.1242,0.0907,0.063,0.0334,0.0278,0.0238,0.0223,0.0177,0.0176,0.0069,0.0006,0.0071,0.0053,0.0049294066,0.008169745,0.012694749,0.003470966,0.0022171931,0.0006073903,0.0005884458,0.00023632168,0.0049393475,0.008156154,0.012701303,0.003426288,0.002366303,0.00059249735,0.224
2019-03-12,CTD12,4173438,695414,0.1272,0.0985,0.0728,0.0328,0.0264,0.0224,0.0207,0.0165,0.0157,0.0062,0.0006,0.0051,0.0033,0.012859355,0.020882834,0.027421579,0.0044625574,0.002701739,0.0007175242,0.0006904746,0.00027524526,0.012883577,0.02100424,0.027504843,0.004432629,0.0029100229,0.00071292743,0.3185
2019-06-25,CTD1,4187246,695025,0.1613,0.1389,0.1205,0.1017,0.0955,0.0928,0.0949,0.0872,0.0924,0.0215,0.001,0.0765,0.0614,0.005374388,0.0096636005,0.019853229,0.0076354635,0.005409361,0.0016189031,0.0016184339,0.0006578745,0.005362392,0.009685894,0.019860813,0.0075274,0.0057293773,0.0015881403,1.3405
2019-06-25,CTD2,4181518,693105,0.1598,0.1371,0.1177,0.0982,0.0917,0.0899,0.0919,0.0847,0.0886,0.0208,0.001,0.0742,0.0586,0.005344643,0.009689785,0.018981667,0.0064960886,0.0044721123,0.0013050538,0.0012945678,0.00052329345,0.005332607,0.009721617,0.018966293,0.0064174687,0.0047508073,0.0012812774,2.6585
2019-06-25,CTD3,4181698,695238,0.1568,0.1331,0.1126,0.093,0.0864,0.0848,0.0856,0.0793,0.0833,0.0198,0.0009,0.069,0.0554,0.0052856295,0.009328924,0.01812644,0.0063504064,0.004319212,0.0012035328,0.0011898474,0.00048527113,0.0052816747,0.009343606,0.018187735,0.0062748166,0.0045962706,0.0011815958,2.9325
2019-06-25,CTD4,4180266,698264,0.1545,0.1309,0.1087,0.0898,0.0825,0.0809,0.0813,0.0756,0.0786,0.019,0.0008,0.0652,0.0513,0.004999952,0.0085492525,0.016952971,0.0062797475,0.0044135954,0.0012822764,0.0012757555,0.00051809754,0.0049964506,0.008551825,0.017028531,0.0062194113,0.0046953233,0.0012568985,2.979
2019-06-25,CTD6,4176009,695829,0.1559,0.132,0.1108,0.0913,0.085,0.0819,0.0822,0.0765,0.0801,0.0191,0.0008,0.0666,0.0525,0.0055153263,0.009672321,0.018935809,0.007219675,0.0051528635,0.0014812476,0.001467574,0.000591202,0.005511966,0.009685894,0.019026436,0.0071343156,0.0054686326,0.001451956,3.3255
2019-06-25,CTD7,4176724,690397,0.1605,0.1368,0.116,0.0955,0.089,0.0874,0.0885,0.0818,0.0864,0.0204,0.0008,0.0709,0.0571,0.0058419267,0.010508199,0.01917184,0.0059350706,0.004030758,0.0011463503,0.0011333175,0.00045918502,0.0058335843,0.010543567,0.019129055,0.0058498764,0.004304181,0.0011240867,1.7945
2019-06-25,CTD8,4174178,693048,0.1602,0.1367,0.1162,0.0962,0.0893,0.0874,0.0882,0.082,0.0863,0.0204,0.0008,0.0715,0.0566,0.0056406897,0.010057006,0.019900966,0.00705005,0.004975332,0.0014469757,0.0014371366,0.0005805861,0.005632333,0.010076014,0.01994846,0.00696105,0.005283436,0.0014183599,2.012
2019-06-25,CTD9,4171106,693183,0.1621,0.1415,0.1268,0.1018,0.0925,0.083,0.0844,0.0778,0.081,0.0194,0.0008,0.0657,0.0518,0.011618183,0.019846357,0.041268766,0.018813247,0.014367347,0.004398403,0.0043591806,0.0017030316,0.0115016205,0.020018278,0.041453477,0.018329829,0.014938951,0.004287917,0.486
2019-06-25,CTD10,4170388,695646,0.1585,0.1358,0.1158,0.0934,0.0869,0.0837,0.0847,0.0795,0.0816,0.0197,0.0008,0.0678,0.0537,0.006334341,0.011500758,0.02297908,0.0077477694,0.005347556,0.0015252894,0.0015119101,0.0006102056,0.0063155564,0.011551944,0.023001462,0.0076693785,0.005684143,0.0014939464,1.9455
2019-06-25,CTD11,4169609,700351,0.1642,0.1348,0.1163,0.0986,0.0912,0.0906,0.0936,0.0802,0.0927,0.023,0.0008,0.0764,0.0631,0.0042656083,0.007060328,0.014704562,0.0074101747,0.0055825976,0.0016983249,0.0016983515,0.0006851611,0.0042692437,0.0070525846,0.014852388,0.0073630125,0.0058817617,0.0016640867,1.7405
2019-06-25,CTD12,4173438,695414,0.158,0.1346,0.1143,0.094,0.0871,0.0849,0.0862,0.0798,0.0837,0.0199,0.0008,0.069,0.0558,0.0054679555,0.009704358,0.019557053,0.0065180897,0.004554565,0.0013426098,0.0013324317,0.00053805485,0.0054577435,0.009724599,0.019593673,0.006441526,0.0048440224,0.001316573,2.373
2019-07-10,CTD1,4187246,695025,0.1343,0.1081,0.087,0.0614,0.0541,0.0498,0.0502,0.0456,0.0467,0.0117,0.0008,0.0334,0.0243,0.006661509,0.011272756,0.020401971,0.0069373897,0.0046996363,0.0013319296,0.0013141726,0.0005270031,0.0066592875,0.011305219,0.020385263,0.006853792,0.00501895,0.0013055771,0.667
2019-07-10,CTD2,4181518,693105,0.1428,0.1188,0.0967,0.0724,0.0653,0.0627,0.0634,0.0578,0.0595,0.0145,0.0009,0.0461,0.0354,0.006637198,0.01165721,0.020195475,0.0053800177,0.0035136028,0.0009729064,0.0009563699,0.0003870045,0.0066269953,0.011704934,0.02016902,0.0053194403,0.0037683924,0.0009558938,1.012
2019-07-10,CTD3,4181698,695238,0.1427,0.1186,0.0965,0.0724,0.0647,0.0618,0.0625,0.0574,0.0594,0.0146,0.0008,0.0459,0.0361,0.0063615106,0.011222986,0.020237844,0.005648321,0.0036899766,0.0010246526,0.0010089834,0.0004079895,0.00635036,0.011257764,0.020232417,0.005586522,0.003958195,0.0010063449,1.329
2019-07-10,CTD4,4180266,698264,0.1348,0.1082,0.0851,0.0595,0.0524,0.0486,0.0487,0.0451,0.0445,0.012,0.0008,0.033,0.0249,0.0066473177,0.011443392,0.019580608,0.0053689475,0.003494075,0.0009674033,0.0009496894,0.00038293347,0.0066471617,0.0114864,0.019544313,0.005304753,0.0037515718,0.00094932975,1.174
2019-07-10,CTD6,4176009,695829,0.1431,0.1198,0.0983,0.0732,0.066,0.063,0.0634,0.058,0.0597,0.0148,0.0008,0.0473,0.0371,0.0066473177,0.012021089,0.02220948,0.006218245,0.0041177846,0.0011408225,0.0011231496,0.0004523025,0.0066290093,0.012080455,0.022207322,0.0061623445,0.0044071646,0.0011200178,0.665
2019-07-10,CTD7,4176724,690397,0.1413,0.1164,0.0959,0.0701,0.0635,0.0608,0.0618,0.056,0.0573,0.0143,0.0009,0.0441,0.0335,0.006369293,0.011426566,0.020237844,0.004911029,0.0031930238,0.00088661857,0.00087118475,0.00035226627,0.006348422,0.0114726415,0.020162689,0.0048560356,0.0034221262,0.00087214314,1.357
2019-07-10,CTD8,4174178,693048,0.1434,0.1222,0.1032,0.0738,0.0662,0.0629,0.0629,0.0579,0.0592,0.0149,0.0008,0.047,0.0362,0.008306213,0.015470726,0.02839256,0.0064522875,0.004132964,0.0011302986,0.0011139817,0.00044946358,0.008265231,0.015594952,0.028279902,0.006386967,0.0044332654,0.0011105788,1.046
2019-07-10,CTD9,4171106,693183,0.147,0.1275,0.1129,0.088,0.078,0.0679,0.071,0.0637,0.0663,0.0157,0.0008,0.0527,0.0405,0.010588023,0.019258102,0.039845727,0.018118242,0.013883834,0.0042023603,0.0041563106,0.0016254117,0.010486477,0.019433884,0.03993621,0.01764253,0.014440455,0.0040898267,1.228
2019-07-10,CTD10,4170388,695646,0.1461,0.1235,0.1033,0.0784,0.0711,0.0684,0.0701,0.0642,0.0654,0.016,0.0008,0.0532,0.0419,0.00640834,0.011839703,0.022525353,0.0058766673,0.0038962266,0.0010825493,0.0010674471,0.00043132572,0.0063814414,0.011895004,0.022448687,0.0057959114,0.004170863,0.0010632235,1.568
2019-07-10,CTD11,4169609,700351,0.1444,0.1162,0.0974,0.0702,0.0627,0.0588,0.0603,0.0518,0.0571,0.0145,0.001,0.0431,0.0346,0.0068277624,0.011629872,0.02000873,0.0062648514,0.0041772802,0.0011691884,0.0011510863,0.00046421684,0.0068332003,0.011666528,0.019992407,0.0062534544,0.0044660917,0.0011428008,0.921
2019-07-10,CTD12,4173438,695414,0.1453,0.1219,0.1001,0.0763,0.0693,0.0661,0.0669,0.0617,0.0633,0.0157,0.0009,0.0511,0.0401,0.006278405,0.011236239,0.020969592,0.0057476843,0.0038390558,0.0010677864,0.0010543731,0.00042699056,0.0062694196,0.011278081,0.0209541,0.0056737186,0.0041140434,0.0010482967,0.887
2019-07-30,CTD1,4187246,695025,0.1747,0.1376,0.1145,0.092,0.0854,0.0846,0.0879,0.0732,0.0832,0.0184,0.0011,0.0652,0.0468,0.0034756386,0.0051728245,0.0097942585,0.0044702915,0.0028899645,0.0008649318,0.00085407274,0.00035481615,0.0034647512,0.0051933927,0.009796604,0.004409491,0.0031019412,0.0008452884,0.322
2019-07-30,CTD2,4181518,693105,0.1463,0.1207,0.0986,0.0696,0.0606,0.0573,0.0585,0.0522,0.055,0.0113,0.001,0.0401,0.0302,0.0081104,0.01425332,0.02525721,0.007009965,0.004589608,0.001264932,0.0012434484,0.00049903576,0.008091181,0.014334267,0.025202964,0.0069587026,0.0049136765,0.0012389008,1.5985
2019-07-30,CTD3,4181698,695238,0.1713,0.1374,0.1156,0.0922,0.0847,0.0816,0.0855,0.073,0.0832,0.018,0.0011,0.059,0.0427,0.00650296,0.010489442,0.018521706,0.006182447,0.004175745,0.0011635557,0.0011277606,0.0004524924,0.006501199,0.010511612,0.018538112,0.0061371345,0.0044332654,0.0011331787,1.9095
2019-07-30,CTD4,4180266,698264,0.2698,0.2547,0.2395,0.2429,0.2262,0.2318,0.2489,0.232,0.2529,0.049,0.0012,0.2293,0.1654,0.0,0.0,0.0,0.0,0.0,0.0,0.0,0.0,0.0,0.0,0.0,0.0,0.0,0.0,1.7085
2019-07-30,CTD6,4176009,695829,0.143,0.1183,0.0977,0.0681,0.0589,0.0542,0.0556,0.0494,0.051,0.0111,0.0009,0.0378,0.0287,0.008398161,0.014923243,0.02841637,0.00865636,0.0057915556,0.001625284,0.0016055569,0.0006432858,0.008358354,0.015031146,0.02842186,0.00855384,0.0061663813,0.0015887652,2.685
2019-07-30,CTD7,4176724,690397,0.1439,0.1177,0.0961,0.0682,0.06,0.0569,0.0585,0.0519,0.0534,0.0111,0.001,0.0391,0.0293,0.0070767584,0.0124739045,0.022314368,0.005959393,0.0038919111,0.0010816755,0.0010656951,0.0004306003,0.0070663546,0.01254345,0.02229672,0.005898231,0.004172409,0.0010619361,1.5154999999999998
2019-07-30,CTD8,4174178,693048,0.1467,0.1238,0.106,0.072,0.0618,0.0573,0.0588,0.0519,0.0532,0.0111,0.001,0.0398,0.0299,0.009669801,0.017810704,0.03555378,0.009521545,0.006302901,0.0017157,0.0016889261,0.0006716667,0.009605914,0.017981285,0.035257135,0.009425343,0.0067028827,0.0016745446,2.1135
2019-07-30,CTD9,4171106,693183,0.1429,0.1198,0.1041,0.0764,0.0648,0.0551,0.0557,0.0497,0.0507,0.0111,0.001,0.0385,0.0287,0.012464695,0.020701364,0.04178463,0.018691137,0.013838575,0.0040569524,0.003996463,0.0015560033,0.012363114,0.020938959,0.041772474,0.018199947,0.014388664,0.0039214026,0.305
2019-07-30,CTD10,4170388,695646,0.139,0.1127,0.0911,0.0632,0.0543,0.0512,0.0521,0.0469,0.0471,0.0106,0.0008,0.0353,0.0264,0.0070703267,0.01238366,0.022255318,0.0061010327,0.0040085316,0.00110774,0.0010900301,0.00043975151,0.007051447,0.012436462,0.022234797,0.006047566,0.0042978195,0.0010857777,0.91
2019-07-30,CTD11,4169609,700351,0.145,0.1162,0.093,0.0681,0.0615,0.0585,0.0589,0.05,0.0559,0.0118,0.0011,0.0422,0.0328,0.0059706867,0.009795151,0.016663807,0.005232361,0.003510993,0.0009670114,0.0009528275,0.00038520814,0.0059677437,0.009808427,0.016585592,0.005215615,0.003739003,0.0009497146,0.9535
2019-07-30,CTD12,4173438,695414,0.1422,0.117,0.0944,0.0657,0.0573,0.0537,0.0542,0.0489,0.0499,0.011,0.001,0.0371,0.0284,0.007696148,0.013607557,0.024293007,0.0063032205,0.004072555,0.0011212229,0.0011021697,0.00044383603,0.0076719006,0.013659043,0.02422891,0.0062534544,0.004368281,0.0011007715,1.418
2019-08-14,CTD1,4187246,695025,0.1361,0.1077,0.0872,0.058,0.0515,0.0461,0.0456,0.0405,0.041,0.0095,0.0007,0.028,0.021,0.006576778,0.011527838,0.022545217,0.008045454,0.0055269524,0.0015618778,0.0015444142,0.0006208031,0.006558838,0.01157617,0.022608478,0.007949759,0.0058838734,0.0015279755,1.8235
2019-08-14,CTD2,4181518,693105,0.1332,0.1061,0.086,0.0559,0.0487,0.0426,0.0419,0.0369,0.0373,0.0089,0.0007,0.0234,0.0176,0.007679975,0.01356484,0.026732802,0.009436146,0.006423693,0.001795885,0.0017691603,0.0007045731,0.0076536043,0.013635262,0.026730489,0.009349496,0.0068172845,0.00174874,3.2595
2019-08-14,CTD3,4181698,695238,0.1294,0.1002,0.0782,0.0492,0.0421,0.0373,0.036,0.0319,0.0315,0.0084,0.0006,0.0194,0.0145,0.007048927,0.01176366,0.021832637,0.007653235,0.0051770825,0.0014406677,0.0014084192,0.00056219375,0.0070344433,0.011806691,0.021900168,0.007615866,0.0055043693,0.0014009967,4.249
2019-08-14,CTD4,4180266,698264,0.1285,0.0982,0.0772,0.0475,0.0396,0.0333,0.0329,0.0284,0.0275,0.0077,0.0007,0.016,0.0118,0.008653666,0.014281591,0.026340941,0.009650843,0.0066247904,0.0018830559,0.0018491419,0.0007344592,0.008622771,0.014400316,0.02635768,0.009603268,0.007004296,0.0018251584,4.1765
2019-08-14,CTD6,4176009,695829,0.1286,0.1005,0.0812,0.05,0.0422,0.0362,0.0352,0.0306,0.0305,0.0079,0.0007,0.0183,0.0133,0.0084306775,0.01457908,0.028791323,0.010348706,0.007060177,0.0019823536,0.001946754,0.00076914445,0.008397826,0.014675289,0.028774936,0.010234801,0.007476701,0.0019222528,3.6635
2019-08-14,CTD7,4176724,690397,0.1335,0.1075,0.0901,0.0529,0.045,0.0396,0.0399,0.0343,0.0347,0.0086,0.0007,0.0214,0.0152,0.009854269,0.017877785,0.03373168,0.008653535,0.005669013,0.001530122,0.0014998079,0.00059608556,0.00980349,0.018030213,0.03350246,0.00858476,0.006044192,0.0014945375,2.761
2019-08-14,CTD8,4174178,693048,0.1342,0.1113,0.1004,0.0575,0.0469,0.0403,0.0388,0.0348,0.0341,0.0088,0.0008,0.0215,0.0161,0.012955043,0.024467459,0.05080839,0.014200356,0.009429943,0.0024922001,0.002442485,0.00095286715,0.01288703,0.024819298,0.05002667,0.014019233,0.009926527,0.0024154573,3.8015
2019-08-14,CTD9,4171106,693183,0.134,0.1095,0.0944,0.0647,0.0548,0.0441,0.0437,0.0384,0.0385,0.0095,0.0006,0.0261,0.0191,0.012086127,0.01961982,0.039514918,0.018488778,0.013867364,0.0041417684,0.004123676,0.0016067142,0.011995263,0.019829134,0.039584067,0.018016163,0.014466399,0.004048585,1.149
2019-08-14,CTD10,4170388,695646,0.1289,0.1009,0.0801,0.0508,0.0437,0.0384,0.0371,0.0327,0.0328,0.0084,0.0005,0.0207,0.0156,0.007285384,0.012416085,0.023943387,0.008696,0.005910112,0.0016575322,0.0016346616,0.00065280154,0.007269235,0.012473269,0.023986557,0.008629904,0.0062795333,0.001618388,2.69
2019-08-14,CTD11,4169609,700351,0.1308,0.1004,0.08,0.0516,0.0452,0.0402,0.0384,0.0316,0.0349,0.0095,0.0005,0.0226,0.0177,0.0070063034,0.0117498785,0.022764647,0.00859719,0.005891253,0.0016588342,0.0016294528,0.00064961566,0.006994204,0.011806691,0.02279024,0.008548228,0.006234946,0.001612677,2.7765
2019-08-14,CTD12,4173438,695414,0.1283,0.1006,0.0807,0.0491,0.0412,0.0355,0.0343,0.0299,0.0302,0.0081,0.0006,0.0179,0.0132,0.009125612,0.015552662,0.02924289,0.010299627,0.00697025,0.0019310204,0.0018940424,0.0007502697,0.009098218,0.01566986,0.029242378,0.010199032,0.007386292,0.0018724237,3.1555
2019-09-18,CTD1,4187246,695025,0.1396,0.1069,0.0908,0.0623,0.0631,0.047,0.0474,0.0385,0.0396,0.009,0.0009,0.0189,0.012,0.008088627,0.012840351,0.02721354,0.018889831,0.015652644,0.005197353,0.00522422,0.0020894133,0.008069645,0.012880285,0.02748038,0.018425127,0.016353736,0.005112442,14.2065
2019-09-18,CTD2,4181518,693105,0.1319,0.1001,0.0843,0.0549,0.0548,0.0389,0.039,0.0328,0.0309,0.0084,0.0012,0.014,0.009,0.008523821,0.013748115,0.02924289,0.018971743,0.015223315,0.004942041,0.0049355705,0.001962274,0.008497189,0.013810423,0.029439567,0.018460318,0.015897136,0.004839937,13.1535
2019-09-18,CTD3,4181698,695238,0.1259,0.1015,0.0882,0.0658,0.0581,0.0425,0.0356,0.0398,0.0285,0.0085,0.0074,0.0271,0.0085,0.011462168,0.018036634,0.036494315,0.024543535,0.019664751,0.006802925,0.006747516,0.0026271187,0.01148575,0.01829608,0.03652979,0.024389483,0.020610131,0.006683435,11.481
2019-09-18,CTD4,4180266,698264,0.1331,0.0992,0.08,0.0549,0.055,0.0425,0.0424,0.0331,0.0363,0.0123,0.0029,0.0208,0.014,0.0059542176,0.009089606,0.019004634,0.013577926,0.011302896,0.0037920894,0.0037920342,0.0015259545,0.0059512774,0.009096079,0.01919571,0.013358195,0.011832727,0.0036915238,12.6465
2019-09-18,CTD6,4176009,695829,0.131,0.0969,0.0758,0.0491,0.0491,0.0358,0.0347,0.0283,0.0284,0.0082,0.001,0.0122,0.0083,0.0070596193,0.010539526,0.02113865,0.014008545,0.011073738,0.0035570085,0.0035213328,0.0014092046,0.0070642233,0.010565986,0.021263363,0.013710255,0.011576659,0.003432291,13.733
2019-09-18,CTD7,4176724,690397,0.1325,0.099,0.0811,0.054,0.0547,0.04,0.0393,0.0314,0.0314,0.0083,0.0009,0.0136,0.008,0.0070982347,0.011006225,0.023154505,0.016667232,0.013916815,0.0046805167,0.0047115018,0.0018874429,0.0070941136,0.011016365,0.023285594,0.016274108,0.014531402,0.0045945644,8.7535
2019-09-18,CTD8,4174178,693048,0.1399,0.1069,0.0879,0.0613,0.0613,0.0482,0.048,0.0409,0.0427,0.0159,0.0045,0.0274,0.0188,0.0069470247,0.011055171,0.022838175,0.0151752,0.011966975,0.0038619963,0.0038938923,0.001552154,0.006958373,0.011079637,0.022973206,0.014824771,0.012458279,0.0037959924,11.7565
2019-09-18,CTD9,4171106,693183,0.1335,0.1006,0.0855,0.0568,0.0565,0.0412,0.0405,0.0333,0.0334,0.0089,0.0011,0.0162,0.01,0.008185794,0.013147414,0.027864745,0.01903333,0.015434777,0.0050046057,0.0050283014,0.0020024723,0.008163322,0.013208983,0.028097006,0.018535877,0.01613368,0.004926425,14.7405
2019-09-18,CTD10,4170388,695646,0.1323,0.0983,0.0791,0.0516,0.0506,0.038,0.0374,0.0299,0.03,0.0083,0.0009,0.0134,0.0084,0.0064811623,0.010123429,0.021384833,0.014572676,0.011845154,0.0038633249,0.0038749722,0.001553253,0.0064794556,0.010140804,0.021630121,0.014257459,0.012388453,0.0037777747,15.542000000000002
2019-09-18,CTD11,4169609,700351,0.1338,0.1019,0.0817,0.0538,0.0517,0.0401,0.0393,0.032,0.0331,0.0083,0.0009,0.015,0.0096,0.0062649725,0.01016286,0.022406476,0.01412507,0.011334902,0.0037051262,0.0037143936,0.0014904886,0.006257933,0.010177988,0.022643337,0.013804468,0.011885197,0.0036269005,18.2635
2019-09-18,CTD12,4173438,695414,0.1715,0.1443,0.1219,0.0992,0.0984,0.0888,0.0897,0.0855,0.083,0.0427,0.0215,0.0809,0.0569,0.008316111,0.013383548,0.028783308,0.021496559,0.018926758,0.0065480554,0.0066163135,0.0026351176,0.008306783,0.013387556,0.029054709,0.021091895,0.01977251,0.0064754863,12.47
2019-09-28,CTD1,4187246,695025,0.1403,0.1113,0.0972,0.0574,0.0451,0.0316,0.0315,0.0244,0.0242,0.0067,0.0008,0.0077,0.0042,0.015591514,0.025330892,0.05051881,0.021976741,0.015913129,0.00447811,0.0043754294,0.0016842469,0.015501949,0.025731722,0.050559,0.021438336,0.016585264,0.0043079704,2.049
2019-09-28,CTD2,4181518,693105,0.1324,0.0946,0.0648,0.0397,0.0329,0.029,0.028,0.022,0.0223,0.0071,0.001,0.0077,0.0045,0.0031528012,0.004615954,0.0071440325,0.0026443887,0.0017402188,0.000492779,0.00047699863,0.00019209158,0.0031687454,0.0046016937,0.0071038757,0.0026154944,0.0018383717,0.00047754732,3.15
2019-09-28,CTD3,4181698,695238,0.1391,0.1012,0.0728,0.0463,0.0387,0.0334,0.0327,0.0262,0.0271,0.0082,0.0009,0.0113,0.007,0.0061114826,0.008993808,0.014477132,0.0061510173,0.004214288,0.0012166571,0.0011825775,0.00047463467,0.0061516417,0.009009302,0.014451509,0.006149728,0.0044958275,0.0011796979,2.967
2019-09-28,CTD4,4180266,698264,0.1324,0.0954,0.0662,0.0402,0.0325,0.028,0.0264,0.0208,0.0205,0.0066,0.001,0.0059,0.0031,0.0047617233,0.00690342,0.011712915,0.0049930024,0.0034578994,0.000986798,0.00096111296,0.00038684087,0.0047896113,0.006907184,0.011669259,0.0049841553,0.0036918817,0.00096055376,2.83
2019-09-28,CTD6,4176009,695829,0.1368,0.0999,0.0707,0.0442,0.0363,0.0311,0.0295,0.0237,0.0233,0.0071,0.0008,0.0073,0.0038,0.00510448,0.0073799253,0.012658809,0.0057575125,0.0040026237,0.0011943778,0.0011657773,0.00046949694,0.0051316144,0.007389206,0.012622134,0.005718769,0.0042661414,0.0011613439,2.796
2019-09-28,CTD7,4176724,690397,0.139,0.1022,0.0749,0.0469,0.0385,0.0328,0.0321,0.0252,0.025,0.0072,0.0008,0.0084,0.0048,0.0053265435,0.007892421,0.01434222,0.006557861,0.0047564097,0.0014441053,0.0014255855,0.00057700695,0.0053458256,0.007897631,0.014371596,0.0064854748,0.0050391452,0.0014065761,3.364
2019-09-28,CTD8,4174178,693048,0.1411,0.1053,0.0786,0.0497,0.0412,0.0342,0.0335,0.0268,0.0261,0.0071,0.0009,0.0112,0.0066,0.0069554653,0.0103404345,0.019050635,0.008986551,0.0064079235,0.0018874387,0.0018498703,0.00073860673,0.0069731073,0.010362536,0.019074667,0.008896284,0.0067670294,0.0018287016,2.932
2019-09-28,CTD9,4171106,693183,0.1444,0.1103,0.0925,0.0643,0.0526,0.0387,0.0377,0.03,0.0311,0.0092,0.0008,0.0124,0.008,0.015393159,0.02208298,0.03944497,0.023595572,0.017863369,0.0053732367,0.0052799657,0.0020479742,0.015291147,0.022423431,0.039530896,0.022955513,0.018626643,0.005185924,2.028
2019-09-28,CTD10,4170388,695646,0.1396,0.1026,0.0741,0.0473,0.0393,0.0344,0.0336,0.0261,0.0265,0.0075,0.0008,0.0096,0.0044,0.004100286,0.006212278,0.011832043,0.0054843747,0.0038991058,0.0011654303,0.0011473236,0.00046324517,0.004108429,0.0062122587,0.011894946,0.005404632,0.004140059,0.0011327225,3.386
2019-09-28,CTD11,4169609,700351,0.1338,0.0981,0.0705,0.0439,0.0365,0.031,0.0296,0.0237,0.0233,0.0065,0.001,0.0077,0.0043,0.004434962,0.00680628,0.013548197,0.006789675,0.004986152,0.0015422652,0.0015253257,0.00062004064,0.0044431807,0.006801081,0.01359905,0.0066911234,0.005293041,0.0015004589,4.976
2019-09-28,CTD12,4173438,695414,0.1407,0.1032,0.0738,0.0465,0.0388,0.0329,0.0324,0.0254,0.0257,0.0076,0.0008,0.0095,0.0058,0.005171092,0.007551791,0.013117055,0.005735911,0.0039425367,0.0011435832,0.0011153523,0.00044946358,0.0051972666,0.007565487,0.013087009,0.005705023,0.004200325,0.0011137166,2.576
2019-10-03,CTD1,4187246,695025,0.1329,0.1099,0.1114,0.0743,0.0657,0.0363,0.035,0.0287,0.0255,0.0093,0.0019,0.0108,0.0081,0.021732645,0.03458078,0.071973756,0.04468916,0.037555084,0.012634654,0.012609111,0.0048447098,0.021848569,0.03533773,0.07324851,0.043589424,0.040587734,0.012823589,3.6365
2019-10-03,CTD2,4181518,693105,0.1182,0.0854,0.0614,0.0362,0.0299,0.0249,0.0232,0.0189,0.0185,0.008,0.0015,0.0068,0.0052,0.0039233305,0.0064427364,0.013913851,0.0068770377,0.0050423923,0.0015271,0.0015247136,0.00062309555,0.003915547,0.006436751,0.014065187,0.0068053156,0.00534518,0.0014921748,4.7265
2019-10-03,CTD3,4181698,695238,0.1185,0.0854,0.0603,0.0357,0.0295,0.0252,0.0226,0.0188,0.0176,0.0075,0.0016,0.0064,0.0048,0.0032553684,0.0053332667,0.011865755,0.006171954,0.0047133425,0.0014977726,0.0014907896,0.0006089549,0.0032414524,0.0053254245,0.012021243,0.006076596,0.005004309,0.0014617714,3.8785
2019-10-03,CTD4,4180266,698264,0.1142,0.0815,0.058,0.0343,0.0286,0.0235,0.0212,0.0175,0.0169,0.0074,0.0019,0.0062,0.005,0.0034916613,0.0057187495,0.012875889,0.0073928996,0.0057504526,0.0018064048,0.0018051898,0.00073682674,0.003480987,0.005714671,0.013026962,0.007284446,0.0060854093,0.0017672277,2.761
2019-10-03,CTD6,4176009,695829,0.1156,0.0813,0.0577,0.0327,0.0276,0.0218,0.0197,0.0159,0.0152,0.0068,0.0013,0.0045,0.0034,0.0041589327,0.00664868,0.013957463,0.007239012,0.0054054796,0.0016705932,0.0016635802,0.0006730327,0.0041548656,0.0066479896,0.014088187,0.0071824444,0.0057293773,0.0016324252,4.95
2019-10-03,CTD7,4176724,690397,0.1187,0.086,0.065,0.0374,0.0314,0.0249,0.0232,0.0189,0.0177,0.0074,0.0012,0.0058,0.0043,0.00487187,0.00830798,0.018844374,0.009080299,0.006812239,0.0020822505,0.0020947612,0.00084017566,0.0048601474,0.008315487,0.019008376,0.008931153,0.0072107553,0.0020378816,7.0975
2019-10-03,CTD8,4174178,693048,0.1157,0.0818,0.0576,0.0324,0.0269,0.0218,0.0196,0.0159,0.015,0.0062,0.001,0.0045,0.0034,0.004017616,0.0064268503,0.01343814,0.0065889456,0.0048700576,0.0014859518,0.0014687564,0.00059682125,0.004012083,0.0064184256,0.013536811,0.0064942967,0.005173155,0.0014502301,4.866
2019-10-03,CTD9,4171106,693183,0.118,0.0869,0.0751,0.0475,0.0392,0.025,0.0231,0.0183,0.0176,0.0071,0.0011,0.0064,0.0046,0.010975923,0.017173305,0.034794956,0.023379358,0.018786168,0.006068185,0.0060521015,0.0023817485,0.010928436,0.017330116,0.03501229,0.022680337,0.019629637,0.005965032,3.4845
2019-10-03,CTD10,4170388,695646,0.1144,0.0798,0.0553,0.0323,0.0271,0.0219,0.0199,0.0159,0.0152,0.0062,0.0012,0.0048,0.0031,0.0031222396,0.0048457235,0.01050311,0.0063418034,0.0050205546,0.0016323293,0.0016236108,0.0006716667,0.0031073706,0.004856718,0.010604821,0.0062619913,0.0053316187,0.0015918929,5.606
2019-10-03,CTD11,4169609,700351,0.1126,0.0796,0.0544,0.0308,0.0251,0.02,0.0181,0.0147,0.0129,0.0062,0.0012,0.0039,0.0029,0.0029804923,0.0049299933,0.011383998,0.0062904074,0.004980739,0.0015929794,0.0015921362,0.00065306766,0.0029662226,0.0049109925,0.011455252,0.0062151677,0.0052911188,0.0015541138,4.3565000000000005
2019-10-03,CTD12,4173438,695414,0.1145,0.0797,0.054,0.0306,0.0249,0.0213,0.0185,0.0148,0.0143,0.0063,0.0012,0.004,0.0031,0.0029526355,0.004645825,0.009642936,0.004933103,0.0036995602,0.0011417421,0.0011305357,0.00046460604,0.0029424548,0.0046265656,0.00969311,0.004859411,0.0039303293,0.0011128192,4.696
2019-11-27,CTD1,4187246,695025,0.1334,0.0961,0.0656,0.0343,0.0282,0.0234,0.022,0.0166,0.016,0.0064,0.0011,0.004,0.0024,0.0040562307,0.006814674,0.012335747,0.0034112283,0.0021867256,0.00059330784,0.00057572575,0.0002307568,0.0040346966,0.006790342,0.012346663,0.0033562116,0.0023336278,0.00057758106,2.37
2019-11-27,CTD2,4181518,693105,0.1341,0.097,0.0722,0.0403,0.0329,0.0247,0.0234,0.017,0.0167,0.0072,0.0017,0.0039,0.0025,0.00553234,0.009487794,0.020913491,0.009853809,0.0073686875,0.0022200271,0.0022061581,0.00088435446,0.0055085625,0.009497313,0.021078663,0.009699495,0.0077481666,0.0021735365,10.6195
2019-11-27,CTD3,4181698,695238,0.1341,0.0977,0.0733,0.0408,0.033,0.0244,0.0221,0.0179,0.0163,0.0072,0.0028,0.0041,0.0027,0.006215315,0.010615043,0.023080155,0.010751574,0.007984131,0.0024132251,0.0023919225,0.0009562038,0.0061913077,0.010636711,0.023192937,0.010557966,0.00838689,0.0023555688,12.4405
2019-11-27,CTD4,4180266,698264,0.1346,0.0972,0.0711,0.0382,0.0312,0.0243,0.0227,0.017,0.017,0.008,0.0023,0.0047,0.0032,0.0050293794,0.008669656,0.018781733,0.007280256,0.0051808176,0.0014965866,0.0014729018,0.0005919322,0.0050197793,0.008666879,0.01886443,0.007209037,0.005494422,0.0014629301,10.2635
2019-11-27,CTD6,4176009,695829,0.1364,0.0991,0.0735,0.0443,0.0382,0.029,0.0273,0.0213,0.0211,0.0112,0.0049,0.0082,0.0055,0.0055528227,0.008958461,0.020177338,0.012516362,0.010035227,0.003234199,0.0032379096,0.0013010208,0.005539266,0.00896203,0.020417228,0.012282417,0.010508383,0.0031661226,11.019
2019-11-27,CTD7,4176724,690397,0.1338,0.0968,0.0701,0.0416,0.0349,0.028,0.0265,0.0208,0.0211,0.0096,0.0035,0.0066,0.0046,0.0039756987,0.006632298,0.015832132,0.009246332,0.007386434,0.0024177576,0.0024304525,0.0009920305,0.00395981,0.006626989,0.01604898,0.009095395,0.0077669104,0.0023626524,9.8945
2019-11-27,CTD8,4174178,693048,0.1345,0.0984,0.0719,0.0431,0.0357,0.0281,0.0266,0.0223,0.0205,0.0103,0.0047,0.0079,0.0054,0.00470031,0.0077014375,0.018076858,0.010507033,0.008317095,0.0026351877,0.002636022,0.0010634147,0.0046849214,0.0076948274,0.018309705,0.0103164725,0.008738341,0.002582774,8.95
2019-11-27,CTD9,4171106,693183,0.1378,0.1033,0.0807,0.0496,0.042,0.0317,0.0309,0.0258,0.0245,0.0128,0.006,0.0122,0.009,0.007019066,0.011846636,0.026877096,0.016841738,0.013476156,0.004328445,0.0043194885,0.0017172229,0.006985759,0.011895004,0.02717201,0.016399197,0.014101885,0.0042508603,0.8500000000000001
2019-11-27,CTD10,4170388,695646,0.1363,0.1005,0.0745,0.0447,0.0375,0.0288,0.0283,0.0228,0.0216,0.0112,0.0052,0.0085,0.0064,0.005324901,0.008969323,0.020597933,0.011526962,0.0090316245,0.002863565,0.0028676013,0.0011489327,0.005309548,0.00897591,0.020836668,0.011306162,0.009470691,0.0028095676,5.9375
2019-11-27,CTD11,4169609,700351,0.1378,0.1063,0.0858,0.0473,0.039,0.028,0.0255,0.0216,0.0199,0.0103,0.0051,0.008,0.0061,0.008217592,0.015120937,0.035200737,0.015840743,0.011845154,0.003503758,0.0034814524,0.0013718826,0.008144031,0.015285053,0.03519826,0.015439306,0.012372974,0.0034407352,8.449
2019-11-27,CTD12,4173438,695414,0.1378,0.1018,0.0776,0.0461,0.0395,0.0308,0.0288,0.024,0.0227,0.012,0.0059,0.0098,0.0071,0.005331474,0.009230849,0.021936066,0.012080322,0.009576173,0.0029967588,0.0030049423,0.001207215,0.0053128367,0.009237613,0.022207322,0.011833855,0.010044793,0.0029454748,8.823
2020-02-20,CTD1,4187246,695025,0.1307,0.0948,0.0664,0.0359,0.0309,0.0253,0.0232,0.0182,0.0181,0.0079,0.001,0.0053,0.0037,0.004835873,0.008048393,0.015169188,0.0050188843,0.0033353253,0.0009338801,0.00091017375,0.00036519565,0.004825506,0.008029702,0.015199121,0.0049703387,0.0035671978,0.00091382046,1.2885
2020-02-20,CTD2,4181518,693105,0.1286,0.0922,0.0647,0.0336,0.0276,0.0239,0.0209,0.0169,0.0152,0.0071,0.0007,0.0038,0.0024,0.0046974053,0.008033649,0.0139662,0.003673133,0.0023268342,0.00063402415,0.0006160295,0.00024765197,0.004680547,0.008019663,0.013955269,0.003626345,0.0024970071,0.00061975163,3.727
2020-02-20,CTD3,4181698,695238,0.1268,0.0905,0.0629,0.0343,0.0277,0.0231,0.0202,0.0163,0.0153,0.0072,0.0009,0.0035,0.0021,0.004350796,0.00727636,0.014750436,0.005446889,0.0038390558,0.0010983944,0.0010793465,0.00043442164,0.0043431474,0.007257811,0.01482342,0.0053637307,0.0040851478,0.0010735767,5.47
2020-02-20,CTD4,4180266,698264,0.1279,0.0922,0.0653,0.0351,0.0285,0.0236,0.0209,0.0168,0.0155,0.0076,0.0008,0.0042,0.0032,0.0047484967,0.008169745,0.016658682,0.0056425263,0.003844737,0.0010825493,0.0010626354,0.00042951436,0.0047362503,0.0081637995,0.016730292,0.00557499,0.004104898,0.0010615073,5.204
2020-02-20,CTD6,4176009,695829,0.126,0.0894,0.0609,0.0332,0.027,0.0229,0.02,0.0165,0.015,0.0072,0.0009,0.0035,0.0022,0.0037071889,0.0062141963,0.012551565,0.0046005817,0.0031669287,0.0008967518,0.00087479193,0.00035271497,0.003695816,0.0061965175,0.012547561,0.0045326687,0.003372515,0.0008756919,5.151
2020-02-20,CTD7,4176724,690397,0.1338,0.1035,0.083,0.043,0.0343,0.0247,0.0228,0.0179,0.0164,0.0071,0.0007,0.0038,0.002,0.01194857,0.020909611,0.04242984,0.014054238,0.00953867,0.0025704878,0.0025062498,0.000976432,0.011880971,0.021195414,0.042148516,0.013874412,0.010038194,0.0024821754,3.197
2020-02-20,CTD8,4174178,693048,0.1289,0.0933,0.0678,0.0369,0.0302,0.0241,0.0219,0.0177,0.0164,0.0071,0.0009,0.004,0.0027,0.0054780734,0.009467803,0.019817488,0.0070855888,0.004962736,0.001407826,0.0013869496,0.00055687316,0.0054611177,0.0094798,0.019873315,0.0069963457,0.005279598,0.001379432,4.064
2020-02-20,CTD9,4171106,693183,0.1349,0.1038,0.0856,0.0526,0.0425,0.0277,0.0257,0.0208,0.0194,0.0086,0.0008,0.0066,0.0049,0.013814336,0.021597547,0.042597335,0.024072858,0.018506868,0.005594971,0.005521118,0.002144652,0.013720517,0.021915583,0.042817507,0.02338929,0.019303923,0.0054650847,1.1395
2020-02-20,CTD10,4170388,695646,0.1299,0.0954,0.0705,0.0377,0.0308,0.0254,0.0227,0.0182,0.0173,0.0078,0.001,0.0049,0.0032,0.0057563754,0.010328101,0.021710334,0.00691877,0.004675737,0.0013160582,0.0012908897,0.0005161614,0.005739208,0.010353083,0.021690639,0.006823747,0.0049805995,0.0012915655,3.024
2020-02-20,CTD11,4169609,700351,0.1295,0.0938,0.0682,0.0363,0.0298,0.0243,0.0218,0.0178,0.0171,0.0074,0.0009,0.0055,0.0038,0.0049538324,0.008807632,0.01923559,0.0066380613,0.004564552,0.0012951719,0.0012757555,0.0005116698,0.0049332115,0.008813343,0.01926865,0.006574181,0.004860016,0.0012690331,3.012
2020-02-20,CTD12,4173438,695414,0.127,0.0907,0.0619,0.0335,0.0273,0.023,0.0204,0.0162,0.0151,0.0069,0.001,0.0036,0.0027,0.0041091554,0.006839917,0.013022544,0.0042130467,0.0028152787,0.00078427565,0.000764141,0.0003078638,0.0040956214,0.006816143,0.013039808,0.004123456,0.0030044783,0.0007664198,3.2205000000000004
2020-03-11,CTD1,4187246,695025,0.1268,0.0978,0.0757,0.0391,0.031,0.0236,0.0214,0.0175,0.0162,0.006,0.0008,0.0059,0.0039,0.012265761,0.020759957,0.038690712,0.011498399,0.0075917873,0.0020403631,0.0019867446,0.0007778042,0.012212999,0.020977022,0.038540263,0.0114336535,0.008027802,0.001971732,2.379
2020-03-11,CTD2,4181518,693105,0.121,0.0907,0.0718,0.0371,0.0293,0.0216,0.0197,0.0156,0.0137,0.0056,0.0006,0.0034,0.0024,0.009504864,0.016693933,0.034620732,0.011987911,0.008291948,0.0022935646,0.0022550751,0.0008850494,0.009446899,0.016859,0.034487575,0.01182655,0.008744249,0.0022302878,8.579999999999998
2020-03-11,CTD3,4181698,695238,0.1176,0.0849,0.0624,0.0319,0.0253,0.0194,0.0176,0.0139,0.0129,0.005,0.0006,0.0028,0.0013,0.0065988726,0.011646952,0.023026204,0.007358455,0.0049251183,0.0013762285,0.0013525698,0.0005393953,0.006576818,0.011683972,0.023043899,0.0073236367,0.0052585355,0.0013484677,7.427
2020-03-11,CTD4,4180266,698264,0.1181,0.0862,0.0639,0.0311,0.0245,0.0191,0.0171,0.0135,0.0127,0.005,0.0008,0.003,0.0019,0.007942397,0.013941308,0.024882307,0.006653758,0.004301822,0.0011598149,0.0011305357,0.00045040803,0.007922596,0.014003543,0.024817144,0.0066324216,0.004611514,0.001137751,5.8425
2020-03-11,CTD6,4176009,695829,0.1171,0.085,0.0655,0.0346,0.0288,0.0195,0.0177,0.0139,0.0125,0.0049,0.0007,0.0026,0.0015,0.008098298,0.013487453,0.028242122,0.012244309,0.008886109,0.0025983262,0.0025656088,0.0010175804,0.008060088,0.013568062,0.028313255,0.012058378,0.009339101,0.0025287655,10.424
2020-03-11,CTD7,4176724,690397,0.122,0.094,0.0809,0.0421,0.033,0.0225,0.0206,0.016,0.0144,0.0054,0.0007,0.0031,0.0019,0.01195191,0.02087748,0.043962516,0.01762055,0.012516925,0.003533401,0.0034802118,0.0013515427,0.011854961,0.021178981,0.043776955,0.017216422,0.013079599,0.003432291,6.686
2020-03-11,CTD8,4174178,693048,0.1174,0.0854,0.0662,0.0353,0.0293,0.021,0.0182,0.0146,0.0134,0.0056,0.0008,0.003,0.0019,0.007400692,0.012586565,0.026930407,0.011914379,0.00869887,0.0025723996,0.002543452,0.0010093917,0.007368144,0.012647464,0.027042981,0.011695638,0.009144457,0.0025044475,9.289
2020-03-11,CTD9,4171106,693183,0.1212,0.094,0.0775,0.0449,0.0337,0.0214,0.0191,0.0154,0.0141,0.0056,0.0008,0.0044,0.0027,0.014263255,0.022773407,0.043430272,0.021680057,0.015967373,0.0046605906,0.004580067,0.0017754802,0.014158504,0.023112267,0.043595307,0.02115762,0.016637536,0.0045108655,0.4574999999999999
2020-03-11,CTD10,4170388,695646,0.1168,0.0852,0.0658,0.0333,0.0266,0.02,0.0179,0.0138,0.0129,0.005,0.0006,0.003,0.0023,0.007093935,0.012937068,0.027044918,0.008951607,0.0060736225,0.0016943379,0.0016702168,0.00066433306,0.0070578326,0.013017064,0.027075194,0.008812487,0.006453792,0.0016614815,4.3445
2020-03-11,CTD11,4169609,700351,0.1172,0.0875,0.0684,0.0367,0.0299,0.0212,0.0197,0.0154,0.0146,0.0056,0.0007,0.005,0.0035,0.0073850746,0.013223211,0.029332206,0.011991596,0.008606443,0.0024977908,0.002477008,0.0009832545,0.007346064,0.013313564,0.029362286,0.011771865,0.00905596,0.0024436016,3.9155
2020-03-11,CTD12,4173438,695414,0.1169,0.0847,0.0634,0.0318,0.0253,0.0194,0.0167,0.0132,0.0121,0.005,0.0006,0.0025,0.0011,0.007031849,0.012390859,0.024760697,0.007945142,0.0053841765,0.0014865408,0.0014563845,0.000579152,0.0070090056,0.012451174,0.024749555,0.007886699,0.005727314,0.0014536837,4.827500000000001
2020-12-21,CTD1,4187246,695025,0.1419,0.0992,0.0656,0.0347,0.0291,0.0238,0.0225,0.0169,0.016,0.0052,0.0009,0.004,0.0034,0.004030031,0.0064407485,0.010732222,0.0033339667,0.0021358281,0.0005702763,0.00054818817,0.00021742107,0.0040208623,0.006412328,0.010678883,0.0032898837,0.0022670932,0.0005562683,0.643
2020-12-21,CTD2,4181518,693105,0.1407,0.0987,0.0616,0.033,0.0269,0.0218,0.0209,0.0154,0.0148,0.0052,0.0009,0.0026,0.0011,0.004621079,0.006931115,0.008219036,0.002035865,0.0012364021,0.00033158995,0.00031717436,0.0001256599,0.0046442454,0.0069180992,0.008119192,0.0020085236,0.0013098839,0.00032067733,1.004
2020-12-21,CTD3,4181698,695238,0.1396,0.0983,0.0615,0.0324,0.0259,0.0223,0.0201,0.0149,0.0143,0.0044,0.0008,0.0025,0.0013,0.004375064,0.006632298,0.007736266,0.0018196828,0.0011023573,0.00029381615,0.00028129687,0.00011161417,0.0043922,0.0066395816,0.007641832,0.0017891906,0.0011636815,0.0002839303,1.1355
2020-12-21,CTD4,4180266,698264,0.1397,0.0985,0.0636,0.0318,0.0255,0.0209,0.0202,0.0148,0.0142,0.0052,0.0009,0.0029,0.0014,0.0056458996,0.008743703,0.011398426,0.0027952692,0.001702584,0.00045074962,0.00043041387,0.00017002464,0.0056358078,0.008731701,0.01132342,0.0027973119,0.001824722,0.00043942302,1.27
2020-12-21,CTD6,4176009,695829,0.1387,0.0964,0.0608,0.031,0.0248,0.0206,0.019,0.0141,0.0131,0.0044,0.0008,0.0021,0.0013,0.0047705616,0.0072073485,0.009147417,0.0024244406,0.0014859828,0.00039342107,0.0003754053,0.00014804865,0.004794084,0.007180483,0.009067489,0.0024065631,0.0015783601,0.0003819827,1.5139999999999998
2020-12-21,CTD7,4176724,690397,0.1399,0.0993,0.0634,0.0333,0.0268,0.0225,0.0207,0.0153,0.0143,0.005,0.0008,0.0027,0.0011,0.0047499645,0.007491786,0.009202815,0.0021215293,0.0012954724,0.00034432963,0.00033146638,0.00013172074,0.0047436273,0.007478037,0.009155196,0.0020961943,0.001365368,0.00033312786,0.875
2020-12-21,CTD8,4174178,693048,0.1396,0.0974,0.0623,0.0328,0.0265,0.0219,0.0203,0.0147,0.0145,0.0053,0.0009,0.0028,0.0013,0.004151235,0.0062720245,0.009051995,0.0027522082,0.0017305682,0.0004640719,0.0004468363,0.00017764368,0.0041665556,0.0062617017,0.0089865895,0.002744193,0.0018363175,0.00045025628,1.246
2020-12-21,CTD9,4171106,693183,0.1409,0.1014,0.0712,0.0386,0.0326,0.0223,0.0204,0.015,0.0144,0.0051,0.0007,0.0028,0.002,0.007400692,0.011870931,0.022591619,0.010600293,0.007654308,0.002190688,0.002141535,0.0008428383,0.007392499,0.0119056385,0.022650316,0.010435003,0.008016788,0.0021285524,0.6635
2020-12-21,CTD10,4170388,695646,0.1376,0.0959,0.0619,0.0317,0.0255,0.0213,0.0194,0.0143,0.0139,0.0048,0.0007,0.0025,0.0015,0.0038538212,0.00611143,0.009276221,0.002701452,0.0017324939,0.00046240696,0.0004435716,0.00017526194,0.0038560966,0.0060835453,0.009225362,0.002660453,0.0018254019,0.0004489988,1.599
2020-12-21,CTD11,4169609,700351,0.1383,0.1018,0.0717,0.0328,0.0255,0.0208,0.0185,0.014,0.0124,0.0043,0.0008,0.0024,0.0012,0.0059688548,0.010973699,0.020869942,0.0045672744,0.002886724,0.00077038124,0.00074571103,0.0002978097,0.005927566,0.011006403,0.02079765,0.004516896,0.0030937993,0.0007580539,2.2435
2020-12-21,CTD12,4173438,695414,0.1379,0.0967,0.0612,0.0315,0.0253,0.0207,0.0191,0.0144,0.0136,0.0042,0.0009,0.0021,0.0016,0.0046800147,0.007165361,0.009320546,0.0025594104,0.0016113226,0.00042565475,0.00040664585,0.00016077851,0.004658733,0.007151122,0.009240687,0.0025349844,0.0017008918,0.00041395222,1.207
2021-01-05,CTD1,4187246,695025,0.1388,0.0982,0.0672,0.035,0.0303,0.0251,0.0225,0.0177,0.0174,0.0085,0.0009,0.0039,0.0032,0.004151235,0.0068589086,0.012626943,0.0038789953,0.002525659,0.0006968546,0.0006755028,0.00026750026,0.0041315826,0.006833396,0.012676252,0.0038420693,0.0027012238,0.00068010774,0.6325
2021-01-05,CTD2,4181518,693105,0.1371,0.097,0.0611,0.0332,0.0282,0.0246,0.0214,0.0173,0.0157,0.0077,0.0009,0.0032,0.0021,0.00373007,0.005731128,0.0069661466,0.0016209388,0.0009885831,0.00026398356,0.0002528101,0.00010036388,0.0037399097,0.005718303,0.006919041,0.0015851541,0.0010380927,0.0002547229,0.6285000000000001
2021-01-05,CTD3,4181698,695238,0.1397,0.1002,0.064,0.0338,0.0284,0.0242,0.0211,0.0168,0.0151,0.0076,0.0009,0.003,0.0018,0.0062822476,0.009382556,0.010841719,0.002353389,0.001432511,0.000384078,0.00036734215,0.00014571902,0.0063001434,0.009378213,0.010739207,0.0023344553,0.0015296589,0.0003734949,1.087
2021-01-05,CTD4,4180266,698264,0.1379,0.0993,0.0645,0.0327,0.0273,0.0227,0.0197,0.0155,0.0146,0.0075,0.001,0.0031,0.002,0.00672674,0.010368232,0.0142129,0.003576196,0.0022138786,0.00058544654,0.0005614357,0.0002219967,0.006718175,0.010362536,0.01413891,0.0035796475,0.0023796814,0.0005733909,0.5625
2021-01-05,CTD6,4176009,695829,0.136,0.0977,0.0637,0.0326,0.027,0.0228,0.02,0.0158,0.0143,0.0068,0.0009,0.0025,0.0018,0.005318336,0.008512914,0.0118882805,0.0028459078,0.001757733,0.0004666745,0.00044884393,0.00017854554,0.0053128367,0.008506722,0.011867488,0.0028110028,0.0018785659,0.0004558705,0.8525
2021-01-05,CTD7,4176724,690397,0.1378,0.0989,0.0641,0.0332,0.0281,0.0242,0.0212,0.0169,0.0159,0.0076,0.0009,0.003,0.002,0.005346291,0.008463825,0.01060023,0.002249068,0.0013611221,0.00036112615,0.00034688457,0.00013781221,0.0053392122,0.0084513035,0.010510334,0.0022160576,0.0014470976,0.00035116213,0.394
2021-01-05,CTD8,4174178,693048,0.136,0.0965,0.0622,0.0327,0.027,0.0228,0.0202,0.0157,0.014,0.0074,0.0011,0.0024,0.0018,0.0047868066,0.0075935996,0.010426702,0.002590377,0.0016148954,0.00043488512,0.00041733234,0.0001652292,0.004776217,0.0075869025,0.01036499,0.0025641974,0.0017205764,0.00042293436,0.7795000000000001
2021-01-05,CTD9,4171106,693183,0.139,0.1022,0.0739,0.0404,0.0339,0.024,0.0209,0.0167,0.0159,0.0076,0.0009,0.0037,0.0021,0.007890233,0.012963209,0.026415953,0.011742967,0.008592073,0.0024894085,0.0024582958,0.0009756764,0.007863951,0.013017064,0.026476214,0.011580224,0.008995329,0.0024172647,0.472
2021-01-05,CTD10,4170388,695646,0.1363,0.0983,0.0673,0.0339,0.0283,0.0229,0.0199,0.0153,0.014,0.0066,0.0009,0.0022,0.0017,0.0055000572,0.009239219,0.016916584,0.00445638,0.0028899645,0.00078332034,0.00076067075,0.0003046054,0.0054814043,0.009231914,0.016914105,0.004418732,0.0031042714,0.0007682914,1.2945
2021-01-05,CTD11,4169609,700351,0.1232,0.086,0.0526,0.027,0.0223,0.0191,0.0163,0.0131,0.0122,0.0064,0.001,0.0022,0.0007,0.001304683,0.0020137774,0.0043244828,0.0021894816,0.0015679447,0.0004603807,0.00045529575,0.00018617084,0.0012883855,0.0020265556,0.0042903265,0.0021493144,0.0016371903,0.00044223733,0.486
2021-01-05,CTD12,4173438,695414,0.1343,0.0947,0.0611,0.0315,0.0259,0.022,0.0187,0.0151,0.0134,0.0062,0.0009,0.0021,0.0016,0.004654049,0.007225098,0.010711812,0.0027952692,0.0017636123,0.00048126894,0.0004631677,0.0001857777,0.004645692,0.007203146,0.01065061,0.0027711028,0.0018715706,0.0004671363,0.4485
2021-04-20,CTD1,4187246,695025,0.1382,0.1055,0.0792,0.0513,0.0463,0.0429,0.0418,0.0349,0.0339,0.0105,0.0008,0.0153,0.0103,0.005822215,0.009599862,0.012770937,0.0023622478,0.0014367114,0.00038772484,0.0003732966,0.00014991591,0.00578889,0.009626611,0.012730589,0.0023040343,0.0015358693,0.0003783836,0.576
2021-04-20,CTD2,4181518,693105,0.133,0.1001,0.0709,0.0457,0.04,0.0381,0.0373,0.0319,0.0317,0.0098,0.0008,0.0151,0.0103,0.0060444046,0.009425093,0.009744589,0.0017113915,0.0010247172,0.00027739198,0.0002670911,0.00010716319,0.006050703,0.009444862,0.009651377,0.0016641103,0.0010850795,0.0002680616,0.79
2021-04-20,CTD3,4181698,695238,0.1362,0.1017,0.072,0.0468,0.0407,0.0383,0.0378,0.0324,0.0324,0.0108,0.0008,0.018,0.0126,0.005738703,0.008969323,0.010103999,0.0022149137,0.001354199,0.00037015072,0.00035545538,0.0001419427,0.0057924544,0.008984248,0.010030152,0.0021723122,0.0014391639,0.00035923754,0.7935
2021-04-20,CTD4,4180266,698264,0.1335,0.1012,0.0723,0.0416,0.0357,0.032,0.0313,0.0255,0.0252,0.0086,0.0008,0.0111,0.0072,0.009241544,0.013992927,0.015126834,0.0026190365,0.0015877183,0.00043058535,0.00041547444,0.00016704571,0.009244437,0.014056213,0.015046834,0.0025865647,0.0017008918,0.0004224299,0.6505
2021-04-20,CTD6,4176009,695829,0.1281,0.0944,0.0654,0.0398,0.0343,0.0322,0.0299,0.026,0.0252,0.0085,0.0008,0.0119,0.0083,0.005402628,0.008110096,0.0095635895,0.0020503355,0.0012489667,0.00033953934,0.0003267549,0.00013101386,0.005415729,0.008112957,0.0094579235,0.0020044174,0.0013271326,0.00032887654,0.61
2021-04-20,CTD7,4176724,690397,0.1324,0.1007,0.074,0.0447,0.039,0.0366,0.0358,0.0304,0.0297,0.009,0.0008,0.0141,0.0094,0.007909167,0.01285148,0.014833338,0.0025210378,0.0015163058,0.0004118762,0.00039801814,0.00016023955,0.007885021,0.012925748,0.014799319,0.0024673229,0.001622716,0.00040341177,1.098
2021-04-20,CTD8,4174178,693048,0.128,0.0947,0.0674,0.0394,0.0338,0.031,0.0297,0.0247,0.0244,0.0084,0.0007,0.0103,0.0068,0.0067781094,0.0103589585,0.012154107,0.0024918055,0.0015308711,0.0004181238,0.00040287734,0.0001616584,0.006791921,0.010387781,0.012045065,0.0024511325,0.0016359788,0.00040710802,0.9385
2021-04-20,CTD9,4171106,693183,0.1309,0.102,0.0811,0.049,0.0409,0.0308,0.0302,0.0242,0.0236,0.008,0.0007,0.0078,0.0042,0.01205919,0.01934428,0.037470736,0.015351869,0.010639482,0.0029557406,0.0028888811,0.0011249123,0.011988711,0.019547733,0.03747444,0.015142983,0.011130576,0.0028342623,0.6174999999999999
2021-04-20,CTD10,4170388,695646,0.1249,0.0902,0.0627,0.0353,0.0302,0.0281,0.0268,0.021,0.0205,0.0076,0.0008,0.0059,0.0031,0.006675728,0.01023907,0.00969517,0.0016283981,0.0009542303,0.00025664072,0.0002473227,9.8561395e-05,0.0066653583,0.010312205,0.00958752,0.0015856802,0.0010099486,0.0002475481,0.7175
2021-04-20,CTD11,4169609,700351,0.1286,0.0977,0.0721,0.0376,0.031,0.028,0.0266,0.021,0.0205,0.0076,0.0007,0.0061,0.0034,0.011231257,0.017911395,0.021384833,0.003602376,0.0021785647,0.00059067534,0.0005700592,0.00022870448,0.0112215895,0.018005738,0.021409435,0.0035559016,0.0023441745,0.0005820383,0.546
2021-04-20,CTD12,4173438,695414,0.1264,0.0931,0.0654,0.0383,0.0329,0.0304,0.0286,0.0242,0.0233,0.008,0.0006,0.0102,0.0069,0.006453518,0.009774583,0.011387603,0.002396403,0.0014621944,0.0003990507,0.00038366037,0.00015391929,0.006497241,0.009778416,0.011289758,0.0023465815,0.0015644424,0.00038867808,0.6910000000000001
2021-05-20,CTD1,4187246,695025,0.1294,0.1009,0.078,0.0525,0.0473,0.0432,0.043,0.0387,0.0373,0.0099,0.0008,0.0279,0.0204,0.0058079194,0.009739415,0.016233223,0.005182212,0.0034093757,0.0009595943,0.0009426653,0.00037970633,0.0058120918,0.009763441,0.016179046,0.005147455,0.0036439653,0.00093975646,0.3515
2021-05-20,CTD2,4181518,693105,0.1408,0.1149,0.0889,0.0664,0.0593,0.0571,0.0575,0.0534,0.0533,0.0136,0.0008,0.0418,0.0322,0.0061811525,0.01035278,0.015315896,0.003693604,0.0023699063,0.00065306114,0.00063646375,0.00025732908,0.00617806,0.010378308,0.015308044,0.0036403448,0.0025444077,0.0006422708,0.6715
2021-05-20,CTD3,4181698,695238,0.1364,0.11,0.0835,0.0593,0.0528,0.0506,0.0501,0.0463,0.0459,0.0123,0.0008,0.0354,0.0277,0.00643777,0.010828355,0.015690697,0.0034373836,0.0021834574,0.0006039598,0.00058893143,0.00023844346,0.006438126,0.010857887,0.015634011,0.0033845413,0.0023424134,0.00059153856,0.469
2021-05-20,CTD4,4180266,698264,0.1284,0.1014,0.0759,0.0485,0.0427,0.0394,0.0398,0.0359,0.0348,0.0095,0.0007,0.0248,0.0194,0.008428172,0.013495175,0.017950686,0.004173772,0.0026397526,0.000725729,0.0007084142,0.00028551524,0.008415144,0.0135878,0.017883059,0.0041625625,0.002837638,0.0007117695,0.376
2021-05-20,CTD6,4176009,695829,0.1365,0.1101,0.0838,0.0609,0.0547,0.0525,0.0521,0.0483,0.0481,0.0122,0.0008,0.0375,0.0291,0.0054377103,0.009133706,0.01413317,0.0032113595,0.0020323268,0.0005640954,0.0005495435,0.0002224691,0.005440901,0.009141157,0.014060591,0.0031534503,0.0021745737,0.0005517925,0.3815
2021-05-20,CTD7,4176724,690397,0.1448,0.1214,0.1074,0.0741,0.0661,0.0597,0.06,0.0552,0.0548,0.0143,0.0008,0.0427,0.0322,0.00898442,0.01735099,0.037047427,0.01057358,0.007138737,0.0019497547,0.0019247612,0.00076392805,0.008914861,0.017564451,0.036660828,0.010418475,0.007562794,0.0019074769,3.1045
2021-05-20,CTD8,4174178,693048,0.1357,0.1045,0.0796,0.057,0.0509,0.0497,0.0509,0.0427,0.0467,0.0131,0.0007,0.0364,0.0343,0.0059014424,0.008606644,0.009376996,0.002527969,0.0015524295,0.0004295602,0.00041547444,0.00016746788,0.00593303,0.008621226,0.009246824,0.0024931177,0.0016610059,0.00041975031,0.698
2021-05-20,CTD9,4171106,693183,0.1484,0.1295,0.1116,0.0839,0.075,0.064,0.0651,0.0596,0.0603,0.0154,0.0008,0.0485,0.0382,0.011523725,0.020105988,0.04111479,0.017117811,0.012721006,0.003768572,0.0037183114,0.0014577574,0.011416115,0.020394925,0.04123442,0.016698357,0.013245491,0.0036369788,0.284
2021-05-20,CTD10,4170388,695646,0.1385,0.1123,0.0894,0.065,0.0586,0.0572,0.057,0.0534,0.0528,0.0136,0.0006,0.0422,0.0329,0.0060555357,0.010602425,0.016797516,0.0038321295,0.002433747,0.0006688739,0.00065487577,0.00026557,0.006050703,0.0106270425,0.016730292,0.00378996,0.0026152404,0.00065756845,0.6515
2021-05-20,CTD11,4169609,700351,0.1404,0.1116,0.0929,0.0624,0.0564,0.0543,0.0558,0.0457,0.0525,0.014,0.0009,0.0396,0.0331,0.007418576,0.013083265,0.021057112,0.004828671,0.0030680327,0.0008396672,0.0008225349,0.0003317928,0.007396935,0.0131281,0.02099992,0.0047823307,0.003296308,0.0008242601,0.5115000000000001
2021-05-20,CTD12,4173438,695414,0.1409,0.1149,0.0911,0.066,0.0594,0.0566,0.0573,0.0533,0.0533,0.0136,0.0007,0.0423,0.0338,0.0068049636,0.0119266175,0.018690936,0.0044579236,0.002857721,0.00078332034,0.0007679447,0.0003107596,0.006787805,0.011969611,0.018614797,0.0044018044,0.0030694988,0.0007714209,0.489
2021-06-14,CTD1,4187246,695025,0.1456,0.1219,0.1058,0.0881,0.0846,0.0853,0.0874,0.0804,0.0854,0.0231,0.0012,0.0666,0.0493,0.0029922596,0.0052694636,0.009397879,0.002965423,0.0019368724,0.0005424595,0.00053372595,0.00021631528,0.002986493,0.0052514775,0.009370423,0.0029230618,0.0020456926,0.0005284758,0.3365
2021-06-14,CTD2,4181518,693105,0.1491,0.1259,0.1049,0.0872,0.0828,0.0846,0.0864,0.079,0.0842,0.023,0.0012,0.0649,0.05,0.0045572463,0.007873124,0.01131212,0.002581489,0.0016036105,0.00044238887,0.0004323432,0.0001749666,0.00456534,0.0078828065,0.011252468,0.0025244486,0.0017097518,0.00043178184,0.441
2021-06-14,CTD3,4181698,695238,0.149,0.1262,0.1054,0.085,0.0793,0.079,0.0799,0.0724,0.0768,0.0219,0.0012,0.0582,0.0461,0.005259605,0.009571014,0.016328605,0.0040188376,0.0025811112,0.00071985886,0.0007075354,0.00028771252,0.0052490584,0.009600038,0.016294282,0.0039553316,0.0027639149,0.00070514815,0.6595
2021-06-14,CTD4,4180266,698264,0.1497,0.1275,0.1067,0.087,0.0806,0.0801,0.0812,0.0739,0.0774,0.0225,0.0011,0.06,0.0476,0.005095033,0.009283974,0.016766576,0.0043285475,0.0028237172,0.00078906945,0.0007788246,0.00031690134,0.0050856527,0.009309112,0.016805764,0.004259682,0.00301692,0.00077393366,0.4675
2021-06-14,CTD6,4176009,695829,0.1485,0.1251,0.104,0.0852,0.0794,0.0792,0.0799,0.0728,0.077,0.0219,0.0012,0.0587,0.0467,0.00456853,0.008162267,0.0144997295,0.003989645,0.0026044105,0.0007295705,0.000716669,0.00029029726,0.004566763,0.0081663495,0.014498707,0.003934622,0.0027837355,0.00071466784,0.514
2021-06-14,CTD7,4176724,690397,0.1512,0.1324,0.1175,0.0905,0.0843,0.0848,0.0867,0.0791,0.0845,0.0229,0.0012,0.063,0.049,0.008383191,0.0160646,0.026506186,0.0054693515,0.0034335556,0.00092633575,0.0009143162,0.00036971096,0.008341134,0.016192826,0.026412943,0.005413968,0.0036822506,0.0009130792,1.165
2021-06-14,CTD8,4174178,693048,0.1486,0.1259,0.1072,0.0871,0.0819,0.0825,0.0843,0.0762,0.0817,0.0224,0.0011,0.0612,0.0482,0.0050997543,0.009119904,0.015244749,0.0037504884,0.0024056626,0.00066535646,0.00065514655,0.00026613628,0.005090389,0.009141157,0.015218873,0.0036852483,0.0025742492,0.0006527816,0.501
2021-06-14,CTD9,4171106,693183,0.1527,0.1333,0.1208,0.1004,0.0952,0.0932,0.0967,0.0885,0.0946,0.0254,0.0011,0.0723,0.0545,0.00470031,0.008977478,0.018303677,0.006584497,0.004571222,0.0013452923,0.0013487383,0.0005470496,0.0046849214,0.009003729,0.018321358,0.006516399,0.004838702,0.0013223672,0.5485
2021-06-14,CTD10,4170388,695646,0.1493,0.1272,0.1103,0.0896,0.0846,0.0858,0.0882,0.0802,0.0856,0.0237,0.0011,0.0664,0.0516,0.0050761895,0.009362765,0.015550397,0.0037426802,0.0023716812,0.0006535909,0.0006452029,0.0002618628,0.0050698943,0.009389774,0.015528018,0.0036787998,0.0025358093,0.00064018945,0.787
2021-06-14,CTD11,4169609,700351,0.1527,0.1304,0.1142,0.0918,0.0857,0.0872,0.0891,0.0784,0.0865,0.0241,0.001,0.068,0.0536,0.005377703,0.010190238,0.018488018,0.0047805514,0.0030829613,0.0008551535,0.00084494223,0.0003425343,0.0053640516,0.010237105,0.01847931,0.0047113295,0.00329878,0.0008394703,0.6964999999999999
2021-06-14,CTD12,4173438,695414,0.1485,0.1254,0.1063,0.0867,0.0813,0.0817,0.0827,0.0752,0.0794,0.0227,0.0012,0.061,0.0479,0.0044998573,0.008237338,0.01440054,0.0038615218,0.002495576,0.0006988374,0.0006896183,0.00027997541,0.004493338,0.008248327,0.014404452,0.0037873066,0.002665895,0.00068343076,0.7384999999999999
2021-08-13,CTD1,4187246,695025,0.144,0.1176,0.0993,0.0776,0.0723,0.0691,0.0697,0.0624,0.0656,0.0179,0.001,0.0458,0.0333,0.004161502,0.0073505156,0.015905734,0.0071451734,0.0053130668,0.0016374706,0.0016392317,0.0006689421,0.004150976,0.007347474,0.016038617,0.0070460257,0.0056229704,0.0016050908,1.5295
2021-08-13,CTD2,4181518,693105,0.1417,0.1147,0.0937,0.0724,0.0655,0.063,0.0631,0.0564,0.0592,0.0166,0.001,0.0401,0.0292,0.0040990203,0.007110471,0.015000412,0.0062861415,0.00461984,0.001399446,0.0013959523,0.0005699091,0.0040917867,0.007103932,0.015130173,0.0061939894,0.004906491,0.0013706743,2.865
2021-08-13,CTD3,4181698,695238,0.1397,0.1119,0.0911,0.0687,0.0617,0.057,0.0571,0.0505,0.0525,0.0154,0.0009,0.0342,0.0255,0.0048598414,0.008095247,0.017587483,0.009500135,0.007343397,0.0023240882,0.0023458372,0.00095731823,0.0048556156,0.008097761,0.017729571,0.009337408,0.007745492,0.0022736841,2.95
2021-08-13,CTD4,4180266,698264,0.1379,0.1095,0.0874,0.0663,0.059,0.0553,0.0553,0.0487,0.0502,0.0153,0.0009,0.0329,0.0237,0.004028788,0.006634344,0.014833338,0.0082765175,0.0064349775,0.002083846,0.0020939487,0.00085524796,0.004023374,0.006624893,0.014983386,0.008152318,0.006798102,0.0020394428,2.7735
2021-08-13,CTD6,4176009,695829,0.1386,0.1113,0.0898,0.0692,0.062,0.0576,0.0566,0.0504,0.0521,0.0156,0.001,0.0347,0.0259,0.004772036,0.007736913,0.016859546,0.010247486,0.008183684,0.0026893162,0.0027050124,0.0010988017,0.004768791,0.007738395,0.017039465,0.0101019945,0.0086091785,0.0026290019,4.2965
2021-08-13,CTD7,4176724,690397,0.1433,0.1195,0.1063,0.0786,0.0704,0.0635,0.0638,0.0568,0.0597,0.0164,0.001,0.0389,0.0287,0.0076132934,0.01367769,0.0315194,0.015831674,0.01236447,0.0039180983,0.00393604,0.0015687031,0.007560422,0.013770457,0.031702932,0.015434854,0.012919206,0.0038550072,5.159
2021-08-13,CTD8,4174178,693048,0.1952,0.2005,0.1871,0.1766,0.1553,0.1469,0.1516,0.1644,0.1515,0.043,0.0012,0.1446,0.1007,0.0,0.0,0.0,0.0,0.0,0.0,0.0,0.0,0.0,0.0,0.0,0.0,0.0,0.0,5.801500000000001
2021-08-13,CTD9,4171106,693183,0.139,0.1127,0.0962,0.0756,0.0709,0.0647,0.0654,0.0586,0.0611,0.017,0.001,0.0421,0.0301,0.004417179,0.0072206566,0.016073698,0.010394683,0.008655447,0.0029632617,0.0029884458,0.0012262552,0.004414175,0.0072167753,0.016273275,0.010254354,0.009113863,0.0029009895,2.274
2021-08-13,CTD10,4170388,695646,0.1401,0.1128,0.0928,0.0742,0.0681,0.0632,0.0638,0.0565,0.0585,0.0169,0.0008,0.0412,0.0306,0.0042642904,0.0067623737,0.015169188,0.010533611,0.008795017,0.0030824125,0.0031259197,0.0012867306,0.0042639174,0.006756085,0.01539769,0.010372309,0.009261468,0.00301216,5.6925
2021-08-13,CTD11,4169609,700351,0.1409,0.111,0.0902,0.0725,0.066,0.0626,0.0628,0.0542,0.0591,0.0174,0.0009,0.0407,0.0304,0.0033998075,0.0053135515,0.011594936,0.007851112,0.0065235794,0.0022531194,0.002286449,0.000947328,0.0033963502,0.0053135906,0.011742735,0.007761873,0.00688721,0.0021984184,3.7795
2021-08-13,CTD12,4173438,695414,0.1397,0.1129,0.0931,0.072,0.0655,0.0603,0.0599,0.053,0.0542,0.0158,0.0008,0.0367,0.0279,0.0048809103,0.008023834,0.01809888,0.011236838,0.009163898,0.0030979952,0.003132755,0.0012735069,0.004869223,0.008019663,0.018368036,0.011040693,0.009648435,0.0030393945,5.164
2021-11-11,CTD1,4187246,695025,0.1298,0.0931,0.0647,0.0335,0.0275,0.0232,0.0211,0.0165,0.0159,0.0064,0.0006,0.0044,0.0031,0.004400828,0.00754253,0.013900792,0.003960662,0.0025666547,0.0006985538,0.0006791445,0.0002710563,0.00439083,0.007522825,0.013868814,0.0039249943,0.002742171,0.00068343076,1.1695
2021-11-11,CTD2,4181518,693105,0.128,0.0903,0.0586,0.0305,0.0252,0.0213,0.0191,0.0151,0.0136,0.0056,0.0008,0.0029,0.002,0.004403549,0.0068104756,0.008878244,0.0023104164,0.0014483309,0.0003903308,0.0003767677,0.00015016676,0.004415552,0.006790342,0.008788964,0.0022811042,0.0015290957,0.0003783836,1.602
2021-11-11,CTD3,4181698,695238,0.128,0.091,0.059,0.0301,0.0243,0.0213,0.0182,0.0143,0.0135,0.0056,0.0008,0.003,0.0012,0.0054713264,0.008275112,0.009400867,0.0023461676,0.0014414527,0.00038362478,0.0003683767,0.0001460233,0.005491574,0.008256051,0.009311508,0.0023191916,0.00153135,0.000372907,1.3095
2021-11-11,CTD4,4180266,698264,0.1309,0.0949,0.0639,0.0326,0.0265,0.0219,0.0191,0.0151,0.0143,0.0055,0.0006,0.003,0.0016,0.00651289,0.010263562,0.015788117,0.004121963,0.0026132017,0.00070111046,0.00067522353,0.00026829913,0.0065150703,0.010258961,0.015761044,0.004114814,0.002811087,0.00068704924,1.109
2021-11-11,CTD6,4176009,695829,0.1281,0.093,0.0643,0.0322,0.0261,0.0215,0.0187,0.0149,0.0136,0.0056,0.0008,0.003,0.002,0.0058527053,0.009943182,0.017099202,0.0043526185,0.0027682723,0.0007472644,0.000724121,0.0002906684,0.0058371737,0.009935355,0.017072301,0.0043135793,0.0029674545,0.0007355911,1.8155
2021-11-11,CTD7,4176724,690397,0.1328,0.1025,0.0835,0.0391,0.0309,0.0236,0.0211,0.0163,0.0156,0.0056,0.0008,0.0032,0.0015,0.010524465,0.019898096,0.040037,0.009697372,0.006267488,0.0016394024,0.0015991534,0.0006287315,0.010468737,0.020160945,0.03962664,0.009652834,0.0066698273,0.001606353,2.811
2021-11-11,CTD8,4174178,693048,0.1316,0.0991,0.0756,0.0371,0.0292,0.0231,0.0201,0.0157,0.0147,0.0055,0.0008,0.0029,0.0021,0.008640861,0.015721895,0.031785805,0.00832013,0.005452218,0.0014730481,0.0014359775,0.0005706153,0.008589972,0.015860552,0.03160308,0.008277055,0.0058228946,0.0014456372,1.612
2021-11-11,CTD9,4171106,693183,0.1301,0.0969,0.0723,0.0381,0.0325,0.0231,0.021,0.016,0.0146,0.0061,0.0008,0.004,0.0026,0.008198011,0.014088625,0.02924289,0.0115519995,0.008114891,0.0023293556,0.0023058057,0.0009139493,0.008153671,0.01417427,0.02933656,0.01138394,0.008524902,0.0022762595,0.7055
2021-11-11,CTD10,4170388,695646,0.1276,0.0923,0.065,0.0321,0.0263,0.0215,0.0191,0.0146,0.0138,0.0056,0.0005,0.0032,0.0021,0.005062102,0.008944899,0.017188523,0.0042852485,0.0027445469,0.00074635434,0.00072382146,0.00029017366,0.005043212,0.008945399,0.017165646,0.004237418,0.0029452345,0.0007326073,1.86
2021-11-11,CTD11,4169609,700351,0.1253,0.092,0.0616,0.0308,0.0248,0.0205,0.0182,0.0147,0.0134,0.0056,0.0008,0.0036,0.0022,0.0042577093,0.007591271,0.014378084,0.0037116094,0.002384144,0.00064778805,0.00063044415,0.00025179956,0.0042281356,0.00758452,0.0143856695,0.003646726,0.0025444077,0.00063295884,0.9835
2021-11-11,CTD12,4173438,695414,0.1285,0.093,0.0644,0.0321,0.0259,0.0214,0.0189,0.0148,0.0141,0.0056,0.0008,0.003,0.0024,0.005637219,0.009678139,0.01712018,0.0042028297,0.0027159343,0.0007272041,0.00070344907,0.00028057236,0.0056271246,0.009674012,0.017121663,0.0041683866,0.0029100229,0.0007140872,1.6215
2021-11-26,CTD1,4187246,695025,0.1359,0.0963,0.0632,0.0336,0.0278,0.0243,0.022,0.0172,0.0162,0.0072,0.0012,0.0035,0.002,0.0050527314,0.007772542,0.00925855,0.0022970638,0.0014504546,0.00038956237,0.0003732966,0.0001481105,0.00502914,0.007813965,0.009207007,0.0022560856,0.0015330431,0.0003776384,0.532
2021-11-26,CTD2,4181518,693105,0.1357,0.0955,0.061,0.0332,0.0281,0.0244,0.0218,0.0174,0.0157,0.0073,0.0013,0.0039,0.0024,0.004625366,0.006785338,0.0072920932,0.0015956594,0.0009710627,0.00026013568,0.00024980874,9.919811e-05,0.0046500354,0.006775334,0.00720536,0.0015637531,0.001021388,0.00025054047,1.048
2021-11-26,CTD3,4181698,695238,0.1349,0.0953,0.0602,0.0328,0.027,0.0235,0.0212,0.0166,0.0157,0.0072,0.0013,0.0032,0.0019,0.0049829925,0.007355033,0.007387142,0.0015795736,0.0009515683,0.00025500904,0.0002443953,9.706743e-05,0.0049917973,0.0073497863,0.007298717,0.0015462557,0.0010021691,0.0002457908,1.045
2021-11-26,CTD4,4180266,698264,0.1359,0.0962,0.0612,0.0328,0.0273,0.0232,0.0212,0.0163,0.0156,0.0072,0.0014,0.0036,0.002,0.0062707257,0.009141996,0.010075155,0.0025894865,0.001578962,0.0004268393,0.0004079655,0.00016186218,0.0063116997,0.009146807,0.009943996,0.002581178,0.0016933362,0.0004151049,1.34
2021-11-26,CTD6,4176009,695829,0.134,0.0964,0.0638,0.0331,0.0273,0.0227,0.0203,0.0162,0.0156,0.0072,0.0012,0.0031,0.0018,0.006049968,0.00939955,0.014155276,0.0038561614,0.0024301049,0.00064595276,0.00062113855,0.00024565638,0.0060599856,0.009392667,0.014106613,0.0038677116,0.0026015046,0.0006316765,2.255
2021-11-26,CTD7,4176724,690397,0.147,0.1204,0.1033,0.0522,0.0403,0.0264,0.0252,0.0196,0.017,0.0071,0.0014,0.0033,0.0015,0.020992054,0.035543434,0.06933064,0.022749059,0.015510135,0.004105454,0.0039757853,0.0015129832,0.02109828,0.036076505,0.06836368,0.022435455,0.016245801,0.003910721,2.031
2021-11-26,CTD8,4174178,693048,0.1349,0.0984,0.0676,0.0336,0.0277,0.0236,0.0207,0.0162,0.0153,0.0072,0.0011,0.0028,0.0018,0.006736985,0.010993205,0.016475148,0.003349043,0.0020644425,0.000549057,0.0005282696,0.00021015716,0.0067242933,0.010999765,0.016436713,0.0033188101,0.0022182572,0.0005388059,2.403
2021-11-26,CTD9,4171106,693183,0.1352,0.0982,0.0701,0.0393,0.033,0.0237,0.0216,0.0169,0.0163,0.0071,0.0012,0.0034,0.0019,0.007878419,0.012510154,0.024903817,0.010938825,0.0076621524,0.002228472,0.0021858371,0.0008640623,0.007859276,0.012561972,0.024975432,0.010807379,0.008066449,0.0021628302,1.966
2021-11-26,CTD10,4170388,695646,0.1353,0.0983,0.0682,0.0346,0.0276,0.0231,0.0208,0.016,0.0155,0.0072,0.0011,0.0028,0.0018,0.006406382,0.010652978,0.01824813,0.0045625353,0.002886724,0.00077603525,0.00075004366,0.0002993351,0.0063989847,0.0106593,0.018228313,0.00455484,0.0031042714,0.00076052314,2.925
2021-11-26,CTD11,4169609,700351,0.1322,0.0962,0.0633,0.0318,0.0263,0.0221,0.0202,0.0159,0.0139,0.0072,0.0014,0.0031,0.0014,0.005310141,0.008722488,0.012492354,0.0025029397,0.0015336893,0.0004036493,0.0003861438,0.0001528919,0.0052964143,0.00871816,0.012502193,0.002463905,0.0016341634,0.00039316047,2.649
2021-11-26,CTD12,4173438,695414,0.1346,0.0973,0.066,0.0339,0.0279,0.0232,0.0208,0.0166,0.0154,0.0071,0.0012,0.0032,0.0024,0.0059706867,0.009660696,0.015287401,0.0036616682,0.0022862644,0.0006110881,0.00058820314,0.00023431875,0.0059787445,0.009650285,0.015288187,0.0036403448,0.002457879,0.0005990112,2.623
2021-12-01,CTD1,4187246,695025,0.1381,0.0972,0.0643,0.035,0.0297,0.0254,0.0232,0.0183,0.0176,0.0071,0.0009,0.0046,0.003,0.0033308216,0.005396191,0.008492135,0.0024595612,0.0015598792,0.0004207849,0.00040697533,0.00016274834,0.0033241652,0.005362788,0.0084375255,0.002414906,0.0016487469,0.00040726954,0.517
2021-12-01,CTD2,4181518,693105,0.1368,0.0966,0.0617,0.0328,0.0272,0.0241,0.0205,0.0165,0.0157,0.0063,0.0009,0.003,0.0013,0.004165359,0.0064606545,0.008297639,0.001917001,0.001156824,0.00030824446,0.00029600528,0.000117755764,0.0041743675,0.0064347126,0.008241201,0.0018835035,0.0012246225,0.00029821496,0.7685
2021-12-01,CTD3,4181698,695238,0.1362,0.0957,0.0605,0.032,0.0267,0.0231,0.0198,0.0158,0.0149,0.0063,0.001,0.0028,0.0017,0.0052888915,0.0078851795,0.009466824,0.0023784465,0.0014881659,0.00039700777,0.00037935574,0.00015010401,0.0053194193,0.007875404,0.009351779,0.002361222,0.0015771952,0.00038561906,0.762
2021-12-01,CTD4,4180266,698264,0.1363,0.0971,0.0631,0.0321,0.0267,0.0227,0.0203,0.0154,0.0145,0.0058,0.001,0.0032,0.002,0.00581149,0.008866608,0.010865816,0.002587707,0.0016030188,0.00042717843,0.00040912395,0.00016193016,0.005803158,0.008901184,0.010757013,0.0025561952,0.0017040505,0.0004154349,0.905
2021-12-01,CTD6,4176009,695829,0.1366,0.1001,0.0703,0.0346,0.0279,0.023,0.0201,0.0153,0.0141,0.0064,0.0006,0.0028,0.0013,0.0067246924,0.011510907,0.020171296,0.0047525573,0.0030078932,0.00081183045,0.0007869223,0.0003146178,0.006689689,0.0115243085,0.020124743,0.0047557936,0.0032411607,0.0007972431,1.6404999999999998
2021-12-01,CTD7,4176724,690397,0.1403,0.1086,0.0826,0.0377,0.0301,0.0251,0.0219,0.0172,0.016,0.0063,0.0008,0.0029,0.0014,0.010211321,0.018766606,0.03383968,0.0062669776,0.0038876003,0.0010045355,0.0009714681,0.00038553416,0.010176519,0.01895265,0.033578236,0.0062385397,0.0041863453,0.0009958106,0.936
2021-12-01,CTD8,4174178,693048,0.137,0.1007,0.0708,0.0348,0.0285,0.0233,0.0208,0.0163,0.0148,0.0069,0.0008,0.0028,0.0013,0.0063130693,0.010973699,0.01976398,0.004595809,0.002879177,0.0007747752,0.00074540253,0.00029742953,0.006296295,0.010983187,0.019748611,0.004542158,0.0031077696,0.0007630004,1.327
2021-12-01,CTD9,4171106,693183,0.1376,0.101,0.0727,0.0411,0.0352,0.0257,0.0232,0.0183,0.0173,0.0066,0.0008,0.0045,0.0031,0.006896579,0.011389623,0.023127446,0.01038153,0.007636029,0.0022403414,0.0022053083,0.0008739858,0.006878864,0.011434876,0.023235664,0.01022829,0.0079975445,0.0021851175,0.685
2021-12-01,CTD10,4170388,695646,0.1416,0.108,0.0838,0.0429,0.0346,0.0272,0.0239,0.0193,0.0184,0.0071,0.0009,0.0043,0.0034,0.008127372,0.015218422,0.033239763,0.009512364,0.006363051,0.0017036541,0.0016722124,0.0006600211,0.008067254,0.015371867,0.032975513,0.00939798,0.006771802,0.0016732342,2.6285
2021-12-01,CTD11,4169609,700351,0.1349,0.1005,0.069,0.0339,0.0271,0.022,0.0192,0.0155,0.0142,0.0054,0.0009,0.0028,0.0021,0.005611254,0.010060017,0.019853229,0.0049895607,0.0031954066,0.00086704147,0.00084389496,0.00033748007,0.005583896,0.010063715,0.019798411,0.0049273935,0.003427254,0.0008514921,1.348
2021-12-01,CTD12,4173438,695414,0.1375,0.101,0.0709,0.0352,0.0286,0.024,0.0214,0.0165,0.0153,0.0062,0.0008,0.003,0.0022,0.006018506,0.0104271285,0.018747639,0.0042072055,0.0026348156,0.0007125886,0.0006879088,0.00027244553,0.0059787445,0.010441603,0.01872143,0.0041523892,0.0028408407,0.0006983052,1.6105
2022-02-24,CTD1,4187246,695025,0.1335,0.0982,0.0715,0.0467,0.0424,0.0398,0.0398,0.0336,0.0346,0.0132,0.0011,0.0194,0.0131,0.002625648,0.004324167,0.009753884,0.0044610123,0.0034005083,0.0010669241,0.001059149,0.00043570253,0.0026101726,0.0043083425,0.009806363,0.0043818797,0.0035912716,0.0010394376,0.4875
2022-02-24,CTD2,4181518,693105,0.1323,0.0976,0.0681,0.0431,0.038,0.0368,0.0356,0.0304,0.0307,0.012,0.0011,0.0157,0.0104,0.0024922278,0.004291224,0.008414318,0.0023333882,0.00154161,0.00042887824,0.0004169939,0.00016895437,0.0024756584,0.00426362,0.008415168,0.0022724706,0.0016197178,0.00041345926,0.6035
2022-02-24,CTD3,4181698,695238,0.1314,0.0966,0.0664,0.0403,0.0355,0.033,0.0315,0.0266,0.0271,0.0107,0.001,0.0125,0.0082,0.0027863444,0.004760021,0.009006092,0.0024377562,0.0015679447,0.0004354042,0.00042330322,0.00017081402,0.0027696844,0.004734949,0.0089925565,0.002370217,0.0016597756,0.00042058574,0.7250000000000001
2022-02-24,CTD4,4180266,698264,0.1316,0.0971,0.0678,0.0412,0.0358,0.0327,0.0313,0.0265,0.0267,0.0107,0.0009,0.0129,0.0086,0.0030141172,0.005160077,0.010373871,0.0034135976,0.0022556752,0.0006353097,0.0006208821,0.00025395362,0.003000398,0.005134323,0.010378746,0.0033526872,0.0023913383,0.0006189983,0.4795
2022-02-24,CTD6,4176009,695829,0.1302,0.0983,0.0709,0.0402,0.0348,0.0319,0.0311,0.0261,0.0259,0.0107,0.0009,0.0122,0.008,0.0037358133,0.0069653476,0.013710554,0.0032314698,0.0020567488,0.0005557383,0.0005419091,0.00021862553,0.003702743,0.006959725,0.013697393,0.0031435352,0.0021909534,0.00054076617,0.495
2022-02-24,CTD7,4176724,690397,0.1471,0.1265,0.1106,0.0555,0.0453,0.0387,0.0382,0.0329,0.0332,0.0126,0.0011,0.0158,0.0098,0.013220055,0.02567769,0.052907366,0.011580667,0.007356033,0.001869962,0.0018180615,0.0007074267,0.0132216085,0.026054762,0.051683832,0.01154434,0.0077910656,0.0018237428,1.3795000000000002
2022-02-24,CTD8,4174178,693048,0.1341,0.1044,0.0793,0.0428,0.0373,0.0345,0.0335,0.0281,0.0281,0.0112,0.0007,0.0131,0.0089,0.005101329,0.009940202,0.020322809,0.004304606,0.0027189858,0.0007307566,0.0007119402,0.0002862458,0.0050620325,0.009987137,0.02022607,0.0042241137,0.0029144015,0.00071816164,0.3705
2022-02-24,CTD9,4171106,693183,0.1389,0.1103,0.0903,0.057,0.0515,0.0408,0.0399,0.0344,0.0351,0.0126,0.001,0.0175,0.0109,0.007504058,0.013957174,0.034156058,0.018073516,0.01436313,0.0044514225,0.0044603515,0.0017621402,0.007439189,0.014109039,0.03434283,0.017540209,0.015040945,0.0044005318,0.502
2022-02-24,CTD10,4170388,695646,0.1342,0.1041,0.0799,0.0455,0.0392,0.0367,0.0351,0.0306,0.0308,0.0125,0.0009,0.0157,0.0105,0.004567118,0.008880062,0.01956294,0.0049655344,0.0032494706,0.00087624235,0.0008579648,0.0003444303,0.004531318,0.00891222,0.019519674,0.004886497,0.0034711405,0.00086298253,0.519
2022-02-24,CTD11,4169609,700351,0.1305,0.0995,0.0729,0.0443,0.0392,0.036,0.0348,0.0299,0.0302,0.012,0.0009,0.0161,0.0106,0.0033115314,0.006124656,0.014833338,0.0052197813,0.003770095,0.0010961805,0.0010837857,0.00043845936,0.003293278,0.0061048158,0.014866891,0.005129657,0.003995144,0.0010735767,0.4659999999999999
2022-02-24,CTD12,4173438,695414,0.1315,0.0995,0.0723,0.0412,0.0361,0.0337,0.0322,0.0274,0.0273,0.0109,0.0009,0.013,0.0086,0.0037026303,0.0069610593,0.014172983,0.0032891505,0.0020970805,0.00057119795,0.00055683055,0.0002246554,0.003671675,0.006955332,0.0141666485,0.0031967852,0.0022366531,0.0005578437,0.431
2022-07-14,CTD1,4187246,695025,0.1456,0.1176,0.0979,0.0661,0.0598,0.0555,0.0536,0.052,0.0485,0.013,0.0008,0.0326,0.0219,0.0075471285,0.013487453,0.025040383,0.0068056933,0.004508222,0.0012548328,0.0012318463,0.00049303385,0.0075243246,0.0135878,0.025028374,0.006777752,0.004829846,0.0012304864,0.3685
2022-07-14,CTD2,4181518,693105,0.1437,0.1175,0.0927,0.0656,0.0588,0.0566,0.0564,0.051,0.0506,0.0129,0.0007,0.0334,0.0251,0.008016417,0.013779509,0.018970195,0.0037805706,0.002361935,0.00064360094,0.0006301838,0.00025536367,0.0080077,0.013862517,0.018996345,0.0037529797,0.002539627,0.0006350162,0.362
2022-07-14,CTD3,4181698,695238,0.133,0.099,0.0714,0.0404,0.0337,0.0308,0.0292,0.0234,0.0234,0.0079,0.0008,0.0068,0.0046,0.009488224,0.014208984,0.014972448,0.002977761,0.0018215205,0.00049854297,0.00047993448,0.00019225429,0.009509701,0.014272563,0.014852388,0.002955919,0.001958077,0.00048761643,0.4715
2022-07-14,CTD4,4180266,698264,0.1337,0.0999,0.073,0.0411,0.0353,0.0316,0.0303,0.0244,0.0243,0.0083,0.0006,0.0099,0.0063,0.010024229,0.015023939,0.016833676,0.0035514405,0.0022056142,0.0006032273,0.0005809711,0.00023282786,0.010041413,0.015108262,0.01676799,0.0035447082,0.002371645,0.00059034233,0.3025
2022-07-14,CTD6,4176009,695829,0.1408,0.1154,0.0904,0.0601,0.0517,0.0488,0.0489,0.0459,0.0423,0.012,0.0005,0.0298,0.0212,0.0096951695,0.016440004,0.024082752,0.0046309186,0.0028374828,0.0007691304,0.00075004366,0.00030292448,0.009669566,0.016539495,0.024052458,0.0045755203,0.0030499639,0.0007583621,0.7045
2022-07-14,CTD7,4176724,690397,0.15,0.1301,0.1141,0.0689,0.0588,0.0533,0.0536,0.0474,0.0464,0.0128,0.0007,0.0291,0.0209,0.015886193,0.029073626,0.050484125,0.009694265,0.0060094553,0.0015551103,0.001516776,0.00059804926,0.015961183,0.029325204,0.049743295,0.009659045,0.00637407,0.0015189524,0.6915
2022-07-14,CTD8,4174178,693048,0.1474,0.1226,0.1008,0.0698,0.0621,0.0584,0.0588,0.0547,0.0545,0.0142,0.0007,0.0387,0.0301,0.009056114,0.015976187,0.02708317,0.0063806004,0.004086075,0.0011212229,0.0011003632,0.00044271853,0.009024507,0.016084492,0.0270108,0.0063263555,0.0043844436,0.0011003277,0.7415
2022-07-14,CTD9,4171106,693183,0.145,0.1199,0.1023,0.0765,0.0741,0.0625,0.0633,0.0576,0.058,0.0145,0.0008,0.041,0.0308,0.0075199003,0.012792216,0.027090825,0.014466184,0.011221408,0.0035099173,0.0035238373,0.0014107343,0.007495105,0.0128425,0.027309628,0.014144248,0.011717163,0.0034419429,0.5035000000000001
2022-07-14,CTD10,4170388,695646,0.1443,0.1191,0.0971,0.0696,0.0618,0.0594,0.0589,0.0536,0.0538,0.0139,0.0006,0.0382,0.0295,0.007186908,0.012792216,0.021858457,0.005313916,0.0033715281,0.00092183787,0.0009056756,0.0003667466,0.0071628513,0.01286894,0.021798573,0.005244566,0.0036249652,0.00090753863,0.8360000000000001
2022-07-14,CTD11,4169609,700351,0.1379,0.1051,0.0795,0.0514,0.0453,0.0422,0.042,0.0337,0.0368,0.0111,0.0008,0.0205,0.0164,0.007311849,0.01128606,0.014097867,0.0031748225,0.0019940205,0.000547069,0.00052848674,0.00021194947,0.007315248,0.011325608,0.013987246,0.0031468368,0.0021373762,0.0005340454,0.8525
2022-07-14,CTD12,4173438,695414,0.1451,0.1193,0.0952,0.0637,0.0562,0.0517,0.0523,0.048,0.047,0.0129,0.0006,0.033,0.0254,0.0096192295,0.016652925,0.026589107,0.005463728,0.003464333,0.0009453095,0.00092647184,0.00037348844,0.009589366,0.016738076,0.026587224,0.005413968,0.0037264745,0.0009317877,0.649
2022-07-29,CTD3,4181698,695238,0.1342,0.1055,0.0814,0.0569,0.05,0.0474,0.0464,0.0421,0.0428,0.0104,0.0007,0.0294,0.0217,0.0053216177,0.008893535,0.015009744,0.0046405387,0.0030979607,0.00086704147,0.0008494954,0.0003426798,0.005309548,0.008895671,0.014978515,0.0046107234,0.0033136494,0.0008487294,0.582
2022-08-03,CTD1,4187246,695025,0.1279,0.0964,0.0742,0.0447,0.039,0.0339,0.0336,0.0286,0.0279,0.0075,0.0007,0.0146,0.0103,0.0068008257,0.0112694325,0.018770363,0.005951275,0.0039338144,0.0010873674,0.0010613267,0.00042717037,0.006818727,0.011288252,0.018751143,0.005930671,0.0042143483,0.0010610786,0.3565
2022-08-03,CTD2,4181518,693105,0.1261,0.0957,0.0702,0.0427,0.0356,0.0323,0.0317,0.0272,0.0263,0.007,0.0007,0.0136,0.0094,0.0066533964,0.010624516,0.014986425,0.0037090317,0.0023707936,0.0006517388,0.0006325313,0.000254495,0.0066532223,0.010636711,0.014895937,0.0036852483,0.0025491973,0.0006391513,0.48
2022-08-03,CTD3,4181698,695238,0.1218,0.0891,0.0627,0.0359,0.0291,0.0257,0.0244,0.0193,0.0193,0.0064,0.0007,0.007,0.0043,0.0062229307,0.009516417,0.013421281,0.0038588408,0.0024788121,0.0006845215,0.0006630489,0.00026568316,0.0062560206,0.009550021,0.013325428,0.0038420693,0.0026588847,0.00066860585,0.498
2022-08-03,CTD4,4180266,698264,0.1241,0.0914,0.0651,0.0387,0.0322,0.0284,0.0281,0.0232,0.0226,0.007,0.0007,0.0113,0.0075,0.00607972,0.0093008075,0.012670779,0.0037897737,0.0024520408,0.0006781632,0.0006567736,0.00026342916,0.0061140796,0.009309112,0.012584795,0.0037753892,0.0026280603,0.0006626601,0.763
2022-08-03,CTD6,4176009,695829,0.1219,0.0907,0.0655,0.0379,0.0311,0.0271,0.0262,0.0217,0.021,0.0065,0.0006,0.0096,0.0063,0.0069829607,0.010773882,0.016536126,0.005104322,0.0033266426,0.0009210903,0.0008945251,0.00035783893,0.0070132394,0.010785904,0.016479127,0.0051119174,0.0035658649,0.000899107,0.918
2022-08-03,CTD7,4176724,690397,0.1337,0.1116,0.0963,0.0515,0.0406,0.0346,0.0341,0.0293,0.0285,0.0074,0.0007,0.0154,0.0104,0.015964594,0.028279757,0.049850434,0.010928545,0.006943702,0.0018176865,0.0017698605,0.00069522887,0.016013192,0.028531807,0.049277194,0.01088243,0.00734527,0.0017596746,0.5865
2022-08-03,CTD8,4174178,693048,0.1297,0.1023,0.0825,0.0499,0.0411,0.0349,0.0344,0.0296,0.0292,0.0075,0.0007,0.0165,0.0123,0.010873241,0.018362293,0.03354326,0.011395327,0.007696224,0.0020998577,0.0020584655,0.0008120095,0.0108158635,0.018509785,0.03350246,0.011288543,0.00813863,0.0020293137,1.694
2022-08-03,CTD9,4171106,693183,0.1281,0.1009,0.0818,0.0533,0.0497,0.039,0.0395,0.034,0.0335,0.0084,0.0007,0.0211,0.0151,0.008566914,0.013595896,0.027198177,0.012696446,0.0093252575,0.002774795,0.002754914,0.0010963016,0.008552256,0.013659043,0.027252896,0.012448735,0.009767315,0.0027006299,0.6930000000000001
2022-08-03,CTD10,4170388,695646,0.1277,0.0994,0.0758,0.0489,0.0421,0.0382,0.0379,0.0326,0.033,0.0084,0.0006,0.021,0.0152,0.006173585,0.010226843,0.017533824,0.0052359607,0.003456614,0.0009627105,0.0009426653,0.00037874328,0.0061799507,0.010252712,0.017515514,0.0052138106,0.0037015367,0.0009420455,0.7665
2022-08-03,CTD11,4169609,700351,0.1277,0.0947,0.0701,0.0448,0.0387,0.0354,0.0351,0.0283,0.031,0.0084,0.0007,0.0186,0.0142,0.0058527053,0.009103366,0.01248448,0.003959287,0.0025714645,0.0007102778,0.0006873399,0.00027442572,0.005867764,0.009118593,0.012424197,0.003956716,0.0027432027,0.00069209153,0.9975
2022-08-03,CTD12,4173438,695414,0.1298,0.1034,0.0816,0.0473,0.038,0.031,0.0311,0.026,0.0248,0.007,0.0007,0.0125,0.0101,0.013054843,0.02165235,0.038483966,0.012447916,0.008342305,0.0022728343,0.0022189415,0.00087021024,0.012994401,0.021859622,0.038383763,0.012327607,0.008791631,0.0021793204,0.899
2022-09-07,CTD1,4187246,695025,0.121,0.0896,0.0684,0.0425,0.0389,0.0336,0.0334,0.0291,0.0299,0.0078,0.0008,0.019,0.0145,0.0041129626,0.006787429,0.012928668,0.0052359607,0.0036087905,0.001027974,0.0010123109,0.0004076453,0.004114847,0.0067710523,0.013009854,0.0051975963,0.0038335365,0.0010063449,1.8425
2022-09-07,CTD2,4181518,693105,0.1188,0.0875,0.0633,0.0373,0.0321,0.0292,0.028,0.024,0.0243,0.0068,0.0007,0.0134,0.0102,0.0043427367,0.007114847,0.011412872,0.0032562239,0.0020900422,0.0005742041,0.0005563722,0.00022284777,0.0043485714,0.0071016923,0.01137974,0.0032294008,0.0022249287,0.0005598761,0.8125
2022-09-07,CTD3,4181698,695238,0.1175,0.0861,0.0612,0.0354,0.0294,0.0268,0.0253,0.0217,0.0211,0.0067,0.0005,0.0111,0.0085,0.00420283,0.0068652504,0.011018476,0.0032080202,0.002052913,0.00056569115,0.00055044895,0.0002220911,0.004205759,0.00685069,0.0109874755,0.0031755983,0.0021893098,0.000551347,0.6365000000000001
2022-09-07,CTD4,4180266,698264,0.1153,0.0835,0.0587,0.0329,0.0273,0.0242,0.0222,0.019,0.019,0.0061,0.0006,0.0094,0.0068,0.0046800147,0.0074711205,0.011591268,0.003801639,0.002492774,0.0006895398,0.0006691082,0.00026784235,0.0046936823,0.007459253,0.0115388725,0.00378333,0.0026598852,0.0006737844,0.5025
2022-09-07,CTD6,4176009,695829,0.1153,0.0844,0.0596,0.0314,0.0259,0.0221,0.0205,0.0165,0.0163,0.0056,0.0006,0.0065,0.0046,0.0060221995,0.009599862,0.014208459,0.0038992541,0.0024899754,0.00068230304,0.0006635974,0.00026636312,0.006048848,0.009600038,0.0141342925,0.0038853532,0.002668905,0.0006672498,0.633
2022-09-07,CTD7,4176724,690397,0.1434,0.1314,0.1266,0.0665,0.0467,0.0292,0.0288,0.0235,0.0222,0.0064,0.0007,0.0102,0.0072,0.030761547,0.05143811,0.10040427,0.032111455,0.022129681,0.005701993,0.005468808,0.0020304904,0.031452443,0.05134626,0.09666302,0.031673912,0.023553066,0.005487243,0.798
2022-09-07,CTD8,4174178,693048,0.1254,0.1027,0.0901,0.0441,0.0331,0.0245,0.0236,0.0188,0.0183,0.0061,0.0006,0.0076,0.0053,0.016908899,0.029290412,0.054279074,0.014347591,0.009380565,0.002469019,0.0024028777,0.0009330539,0.016893169,0.029652506,0.053641535,0.014257459,0.009854793,0.0023653135,1.0825
2022-09-07,CTD9,4171106,693183,0.1161,0.0859,0.068,0.0392,0.0376,0.0263,0.0255,0.0212,0.0216,0.0067,0.0005,0.0116,0.0078,0.008860774,0.014476653,0.027522178,0.013149382,0.009566786,0.0027453809,0.0027029917,0.0010642268,0.008819178,0.014570654,0.02752932,0.01294235,0.010025006,0.0026504197,0.293
2022-09-07,CTD10,4170388,695646,0.1142,0.0823,0.0591,0.0321,0.0267,0.0233,0.0216,0.0176,0.0179,0.0061,0.0005,0.0081,0.0058,0.0046916013,0.0076005887,0.012642867,0.0039647897,0.0025743546,0.00071143225,0.0006927634,0.00027831073,0.004703923,0.0075916694,0.012597229,0.0039359992,0.0027504344,0.0006951913,0.6105
2022-09-07,CTD11,4169609,700351,0.1123,0.0807,0.0573,0.0309,0.0261,0.0228,0.0214,0.0176,0.0179,0.0061,0.0005,0.0087,0.0062,0.004010186,0.006620038,0.011180297,0.003574954,0.0023390593,0.00064752554,0.0006309653,0.00025341337,0.0040108305,0.006599784,0.011174547,0.0035459504,0.002483895,0.00063090835,0.3195
2022-09-07,CTD12,4173438,695414,0.1183,0.0892,0.0671,0.0344,0.0274,0.0231,0.0216,0.0176,0.0175,0.0055,0.0006,0.0071,0.0056,0.008819016,0.014554446,0.023154505,0.0062648514,0.004045639,0.0010975084,0.0010696412,0.00042627208,0.008821753,0.014604074,0.023107676,0.0062555876,0.004337724,0.0010753117,0.6779999999999999
2022-09-27,CTD1,4187246,695025,0.1169,0.0832,0.0589,0.0314,0.0272,0.0216,0.0197,0.0164,0.0155,0.0061,0.0008,0.0063,0.0046,0.0048794025,0.007928722,0.01440054,0.0053120907,0.0036208595,0.0010346478,0.0010123109,0.0004073014,0.004888944,0.007919917,0.014427964,0.0052809664,0.0038564443,0.0010100164,0.5
2022-09-27,CTD2,4181518,693105,0.1158,0.0828,0.057,0.0301,0.0244,0.0204,0.0191,0.0151,0.0146,0.0055,0.0006,0.0048,0.0037,0.0049922364,0.008009132,0.01257136,0.0038228242,0.0024881114,0.0006853553,0.0006655209,0.0002668174,0.0050057694,0.007994619,0.012514551,0.0037992613,0.0026548873,0.0006699647,0.56
2022-09-27,CTD3,4181698,695238,0.1164,0.0843,0.0586,0.0306,0.0249,0.0213,0.0193,0.0158,0.0153,0.0061,0.0006,0.0053,0.0041,0.0053397007,0.008577905,0.013104691,0.00350123,0.0022180225,0.0006049379,0.0005862656,0.00023481785,0.0053458256,0.008570461,0.013044092,0.0034721992,0.0023752134,0.0005917781,0.698
2022-09-27,CTD4,4180266,698264,0.1163,0.0838,0.057,0.0308,0.0255,0.0215,0.0199,0.0165,0.0153,0.0059,0.0006,0.0066,0.0049,0.0046011247,0.007294271,0.011365987,0.0035799243,0.0023181417,0.0006391825,0.00062190864,0.00024966392,0.004609653,0.0072807027,0.011312189,0.003553411,0.0024717818,0.000624038,0.44
2022-09-27,CTD6,4176009,695829,0.1175,0.0873,0.0628,0.0315,0.0255,0.0208,0.0189,0.0151,0.0142,0.0055,0.0006,0.0044,0.0032,0.008091044,0.013364377,0.02117008,0.005409643,0.0034720683,0.00094301277,0.0009143162,0.00036395947,0.008091181,0.013403175,0.021131296,0.0053934483,0.0037362154,0.000923885,0.728
2022-09-27,CTD7,4176724,690397,0.1261,0.1027,0.0962,0.0475,0.0366,0.0241,0.0225,0.018,0.0163,0.0061,0.0006,0.0053,0.0034,0.017429866,0.030940011,0.06329859,0.020940827,0.014380002,0.003811774,0.003709175,0.0014219921,0.017424367,0.0314551,0.062229626,0.020565186,0.015018731,0.0036724247,1.975
2022-09-27,CTD8,4174178,693048,0.1217,0.0956,0.0841,0.0425,0.0335,0.0227,0.0203,0.0168,0.0153,0.0057,0.0005,0.0049,0.0036,0.0139791,0.024331247,0.049346615,0.017132174,0.011870919,0.0032480808,0.0031774784,0.0012285381,0.013894567,0.02469833,0.04900854,0.016844599,0.012411696,0.003131247,2.082
2022-09-27,CTD9,4171106,693183,0.1206,0.0924,0.0798,0.0484,0.0389,0.0245,0.0228,0.0181,0.0164,0.006,0.0005,0.006,0.004,0.0139452815,0.021718236,0.04312337,0.024447799,0.018766135,0.005672027,0.0056020003,0.0021733548,0.013854546,0.022033405,0.043132044,0.023733765,0.019608524,0.005550648,0.71
2022-09-27,CTD10,4170388,695646,0.12,0.0928,0.0771,0.0401,0.0316,0.0226,0.0209,0.017,0.0155,0.0058,0.0005,0.0058,0.0044,0.01176926,0.020215731,0.041084036,0.01451297,0.010038473,0.0027554943,0.0027050124,0.0010565328,0.011686929,0.020464407,0.040929027,0.014320638,0.010528909,0.0026700164,0.925
2022-09-27,CTD11,4169609,700351,0.1176,0.0863,0.0609,0.0338,0.0288,0.0247,0.0232,0.0187,0.0191,0.0072,0.0005,0.0095,0.0073,0.0038550089,0.0066466304,0.012539702,0.0042630187,0.002826888,0.00079035276,0.00077721506,0.0003148856,0.003846477,0.0066290866,0.012572372,0.004215267,0.0030044783,0.0007714209,0.605
2022-09-27,CTD12,4173438,695414,0.1203,0.0929,0.0756,0.0357,0.0274,0.0202,0.0185,0.0149,0.0138,0.0054,0.0005,0.004,0.0033,0.013791979,0.023744512,0.043007303,0.011257868,0.007323217,0.0019362499,0.0018836528,0.00073741964,0.013796477,0.023962291,0.04272791,0.011225296,0.007745492,0.0018745977,1.306
2023-01-10,CTD1,4187246,695025,0.1371,0.0953,0.0605,0.0335,0.0279,0.0242,0.0221,0.0164,0.0162,0.0058,0.0009,0.0041,0.0027,0.0017326496,0.002678614,0.0047589075,0.001722171,0.001086776,0.0002974361,0.00028877278,0.000116890325,0.0017209222,0.0026643067,0.0047365385,0.0016820048,0.0011373314,0.00028611065,0.9905
2023-01-10,CTD2,4181518,693105,0.1366,0.095,0.0592,0.0318,0.0263,0.0228,0.0208,0.0154,0.0153,0.0054,0.0009,0.0029,0.0015,0.0025905876,0.003999225,0.004943212,0.0011439152,0.00068390206,0.00018264957,0.0001747188,6.901958e-05,0.0025926318,0.0039701443,0.004899389,0.001114639,0.0007120983,0.0001757243,1.0750000000000002
2023-01-10,CTD3,4181698,695238,0.1358,0.0949,0.0597,0.0314,0.0248,0.0224,0.0191,0.0148,0.0141,0.0051,0.0009,0.0026,0.0016,0.0030630047,0.0048085875,0.0065746224,0.0016967644,0.0010448233,0.0002776026,0.0002662627,0.0001053526,0.003062397,0.004777209,0.0065065217,0.0016668922,0.0010912663,0.000267148,1.1045
2023-01-10,CTD4,4180266,698264,0.1365,0.0977,0.0657,0.0317,0.0255,0.0218,0.0198,0.0151,0.0144,0.0053,0.0008,0.0029,0.0017,0.0050076796,0.008414996,0.012855643,0.0027817974,0.0016994344,0.00044895668,0.00043164054,0.0001711741,0.004990247,0.008401446,0.012806187,0.0027356013,0.0018152307,0.00043872243,1.334
2023-01-10,CTD6,4176009,695829,0.1363,0.0957,0.0604,0.0314,0.0251,0.0214,0.0199,0.0149,0.0143,0.0052,0.0006,0.0029,0.0018,0.0038419664,0.0060644243,0.00744103,0.0017819606,0.0010914243,0.00029002424,0.00027747793,0.00010972038,0.0038404772,0.006046976,0.007383574,0.0017492988,0.0011442646,0.00027951892,1.1425
2023-01-10,CTD7,4176724,690397,0.1456,0.1175,0.0945,0.0387,0.0296,0.0222,0.0208,0.0155,0.0146,0.005,0.0009,0.0027,0.0016,0.01771642,0.031184327,0.05093608,0.008563532,0.005192037,0.0013118559,0.0012613008,0.0004928281,0.018017277,0.031427495,0.050608687,0.008607307,0.005534309,0.0012936324,1.358
2023-01-10,CTD8,4174178,693048,0.1398,0.1038,0.0733,0.0349,0.0271,0.0223,0.0208,0.016,0.0151,0.0052,0.0006,0.0028,0.0014,0.007027586,0.0121834865,0.020857513,0.0044363593,0.0027807313,0.0007418209,0.00071845046,0.0002866118,0.0069984305,0.012217486,0.020830162,0.0043925974,0.0029943362,0.0007305259,1.517
2023-01-10,CTD9,4171106,693183,0.1363,0.0978,0.0664,0.0367,0.0325,0.023,0.0215,0.0163,0.0153,0.0055,0.0009,0.0041,0.0024,0.0050402638,0.00762393,0.015325405,0.007905845,0.006011585,0.0018476013,0.0018252477,0.00073357316,0.0050275787,0.0076514874,0.015437685,0.007785147,0.0063311514,0.0018026261,0.5765
2023-01-10,CTD10,4170388,695646,0.1336,0.0922,0.0583,0.0303,0.0244,0.0208,0.0188,0.0144,0.0137,0.005,0.0008,0.0026,0.0015,0.002579018,0.004080411,0.0063558384,0.0019592512,0.001226628,0.00032851906,0.00031567042,0.00012498822,0.0025697062,0.004051026,0.006327735,0.0019294346,0.001282612,0.0003170926,0.975
2023-01-10,CTD11,4169609,700351,0.136,0.0979,0.0657,0.0316,0.0243,0.0207,0.0196,0.0139,0.0141,0.005,0.001,0.0027,0.0018,0.003963456,0.006969638,0.012293006,0.0027827574,0.0017331362,0.0004607484,0.00044556367,0.0001772693,0.003931473,0.0069465544,0.012293876,0.0027166088,0.0018404284,0.00044828188,0.6859999999999999
2023-01-10,CTD12,4173438,695414,0.1353,0.0953,0.0606,0.0314,0.0255,0.0219,0.0197,0.0146,0.0142,0.005,0.0009,0.0028,0.0017,0.0033966862,0.00544472,0.007907196,0.0022315406,0.001392757,0.00037015072,0.0003546022,0.0001407659,0.0033952924,0.0054141623,0.007885922,0.0021955762,0.0014663332,0.00035853343,1.046
2023-03-01,CTD1,4187246,695025,0.1256,0.0887,0.0591,0.033,0.0292,0.0254,0.023,0.0181,0.0175,0.0083,0.001,0.0056,0.0034,0.0030077242,0.004774684,0.00712603,0.0019724583,0.001235956,0.00033664826,0.0003248136,0.00013014948,0.003002257,0.004753013,0.0070898347,0.001927469,0.0013004082,0.00032418116,0.3804999999999999
2023-03-01,CTD2,4181518,693105,0.1249,0.0879,0.057,0.0304,0.0255,0.0227,0.0215,0.0171,0.0157,0.0073,0.0011,0.004,0.0024,0.005270975,0.007863493,0.0074363276,0.0013266045,0.000782027,0.00020854622,0.00019950337,7.914579e-05,0.005293135,0.007870473,0.0073470813,0.0012907041,0.00082174415,0.0002000942,0.4405
2023-03-01,CTD3,4181698,695238,0.1248,0.0895,0.0594,0.0302,0.0254,0.0219,0.02,0.0157,0.0145,0.0069,0.001,0.0039,0.0022,0.007139203,0.010608732,0.011001024,0.002055878,0.0012350642,0.0003318473,0.00031755157,0.00012628341,0.0071348567,0.010639935,0.010900496,0.0020250406,0.0013170406,0.0003221738,0.516
2023-03-01,CTD4,4180266,698264,0.1353,0.104,0.0762,0.038,0.0303,0.0231,0.0216,0.017,0.0158,0.0072,0.0009,0.004,0.0029,0.017988114,0.027536176,0.041464325,0.009650843,0.0061340467,0.0016259233,0.0015580928,0.0006089549,0.018103568,0.02776314,0.041497383,0.009655939,0.006465251,0.0015645595,0.477
2023-03-01,CTD6,4176009,695829,0.1262,0.0922,0.0604,0.0297,0.0246,0.0212,0.0189,0.0152,0.0145,0.0067,0.0008,0.0034,0.002,0.0098342635,0.013961143,0.01345924,0.002593941,0.001574313,0.00042514817,0.00040664585,0.0001616584,0.009876649,0.014003543,0.013316687,0.0025820748,0.0016908257,0.00041494003,0.2644999999999999
2023-03-01,CTD7,4176724,690397,0.1337,0.1088,0.0838,0.0333,0.0267,0.0232,0.0217,0.0171,0.0161,0.0073,0.001,0.004,0.0025,0.018303186,0.030373743,0.040940717,0.0052233725,0.0030783603,0.0007935701,0.00075909856,0.00030074018,0.018639611,0.030516434,0.0411907,0.0051778434,0.0032950726,0.0008001648,0.2345
2023-03-01,CTD8,4174178,693048,0.1417,0.1189,0.0952,0.0398,0.0308,0.023,0.0216,0.0168,0.0156,0.0066,0.001,0.0035,0.0024,0.02787837,0.043393098,0.06323421,0.010653884,0.006450804,0.0016406913,0.0015699947,0.0006082057,0.028622068,0.04319791,0.06284205,0.010624916,0.0067813555,0.001591267,0.3795
2023-03-01,CTD9,4171106,693183,0.1295,0.0958,0.0705,0.0393,0.0346,0.0244,0.0231,0.0183,0.0174,0.0079,0.0009,0.005,0.0029,0.010392302,0.016020346,0.029675089,0.012117441,0.0084579345,0.0023808046,0.0023226358,0.0009096703,0.010351071,0.016152136,0.02969829,0.011988094,0.00888702,0.0022986825,0.1825
2023-03-01,CTD10,4170388,695646,0.1295,0.0976,0.0684,0.0322,0.0259,0.0226,0.0211,0.0167,0.0153,0.0073,0.0008,0.004,0.0024,0.01183211,0.018298775,0.020932177,0.0031913773,0.0018997197,0.0005051886,0.0004842748,0.00019306997,0.0118289925,0.018410167,0.02102614,0.0031567626,0.0020449269,0.00049971446,0.2239999999999999
2023-03-01,CTD11,4169609,700351,0.1311,0.1013,0.0735,0.0366,0.0299,0.0241,0.0219,0.0173,0.0162,0.0072,0.0011,0.0045,0.0029,0.012190947,0.020252403,0.03231472,0.00648292,0.0039908327,0.0010566281,0.0010215162,0.0004050729,0.012196403,0.020394925,0.032205697,0.0064987116,0.0042914664,0.0010402782,0.1935
2023-03-01,CTD12,4173438,695414,0.1259,0.0912,0.0604,0.0303,0.0249,0.0213,0.0199,0.0157,0.0149,0.0066,0.0008,0.0033,0.0023,0.008566914,0.012510154,0.012811208,0.0025629296,0.0015633303,0.00042312834,0.00040549494,0.0001616584,0.0085874535,0.012554561,0.012701303,0.002539388,0.0016758451,0.0004129669,0.218
2023-03-16,CTD1,4187246,695025,0.1456,0.1219,0.1058,0.0881,0.0846,0.0853,0.0874,0.0804,0.0854,0.0231,0.0012,0.0666,0.0493,0.0029922596,0.0052694636,0.009397879,0.002965423,0.0019368724,0.0005424595,0.00053372595,0.00021631528,0.002986493,0.0052514775,0.009370423,0.0029230618,0.0020456926,0.0005284758,0.416
2023-03-16,CTD2,4181518,693105,0.1491,0.1259,0.1049,0.0872,0.0828,0.0846,0.0864,0.079,0.0842,0.023,0.0012,0.0649,0.05,0.0045572463,0.007873124,0.01131212,0.002581489,0.0016036105,0.00044238887,0.0004323432,0.0001749666,0.00456534,0.0078828065,0.011252468,0.0025244486,0.0017097518,0.00043178184,0.5595
2023-03-16,CTD3,4181698,695238,0.149,0.1262,0.1054,0.085,0.0793,0.079,0.0799,0.0724,0.0768,0.0219,0.0012,0.0582,0.0461,0.005259605,0.009571014,0.016328605,0.0040188376,0.0025811112,0.00071985886,0.0007075354,0.00028771252,0.0052490584,0.009600038,0.016294282,0.0039553316,0.0027639149,0.00070514815,0.4695
2023-03-16,CTD4,4180266,698264,0.1497,0.1275,0.1067,0.087,0.0806,0.0801,0.0812,0.0739,0.0774,0.0225,0.0011,0.06,0.0476,0.005095033,0.009283974,0.016766576,0.0043285475,0.0028237172,0.00078906945,0.0007788246,0.00031690134,0.0050856527,0.009309112,0.016805764,0.004259682,0.00301692,0.00077393366,0.361
2023-03-16,CTD6,4176009,695829,0.1485,0.1251,0.104,0.0852,0.0794,0.0792,0.0799,0.0728,0.077,0.0219,0.0012,0.0587,0.0467,0.00456853,0.008162267,0.0144997295,0.003989645,0.0026044105,0.0007295705,0.000716669,0.00029029726,0.004566763,0.0081663495,0.014498707,0.003934622,0.0027837355,0.00071466784,0.3125
2023-03-16,CTD7,4176724,690397,0.1512,0.1324,0.1175,0.0905,0.0843,0.0848,0.0867,0.0791,0.0845,0.0229,0.0012,0.063,0.049,0.008383191,0.0160646,0.026506186,0.0054693515,0.0034335556,0.00092633575,0.0009143162,0.00036971096,0.008341134,0.016192826,0.026412943,0.005413968,0.0036822506,0.0009130792,0.5875
2023-03-16,CTD8,4174178,693048,0.1486,0.1259,0.1072,0.0871,0.0819,0.0825,0.0843,0.0762,0.0817,0.0224,0.0011,0.0612,0.0482,0.0050997543,0.009119904,0.015244749,0.0037504884,0.0024056626,0.00066535646,0.00065514655,0.00026613628,0.005090389,0.009141157,0.015218873,0.0036852483,0.0025742492,0.0006527816,0.291
2023-03-16,CTD9,4171106,693183,0.1527,0.1333,0.1208,0.1004,0.0952,0.0932,0.0967,0.0885,0.0946,0.0254,0.0011,0.0723,0.0545,0.00470031,0.008977478,0.018303677,0.006584497,0.004571222,0.0013452923,0.0013487383,0.0005470496,0.0046849214,0.009003729,0.018321358,0.006516399,0.004838702,0.0013223672,0.289
2023-03-16,CTD10,4170388,695646,0.1493,0.1272,0.1103,0.0896,0.0846,0.0858,0.0882,0.0802,0.0856,0.0237,0.0011,0.0664,0.0516,0.0050761895,0.009362765,0.015550397,0.0037426802,0.0023716812,0.0006535909,0.0006452029,0.0002618628,0.0050698943,0.009389774,0.015528018,0.0036787998,0.0025358093,0.00064018945,0.2645
2023-03-16,CTD11,4169609,700351,0.1527,0.1304,0.1142,0.0918,0.0857,0.0872,0.0891,0.0784,0.0865,0.0241,0.001,0.068,0.0536,0.005377703,0.010190238,0.018488018,0.0047805514,0.0030829613,0.0008551535,0.00084494223,0.0003425343,0.0053640516,0.010237105,0.01847931,0.0047113295,0.00329878,0.0008394703,0.2395
2023-03-16,CTD12,4173438,695414,0.1485,0.1254,0.1063,0.0867,0.0813,0.0817,0.0827,0.0752,0.0794,0.0227,0.0012,0.061,0.0479,0.0044998573,0.008237338,0.01440054,0.0038615218,0.002495576,0.0006988374,0.0006896183,0.00027997541,0.004493338,0.008248327,0.014404452,0.0037873066,0.002665895,0.00068343076,0.2794999999999999
2023-04-20,CTD1,4187246,695025,0.1265,0.0951,0.0703,0.0476,0.0441,0.0405,0.0395,0.0351,0.0352,0.0125,0.0007,0.0242,0.0187,0.0034469937,0.0055895234,0.0096582705,0.0031507015,0.0020582853,0.00058214413,0.00056818314,0.00023056053,0.0034475191,0.0055677067,0.009635373,0.0031074511,0.0021876674,0.0005660194,0.3605
2023-04-20,CTD2,4181518,693105,0.1261,0.096,0.0691,0.0471,0.0419,0.0396,0.039,0.0354,0.0343,0.0123,0.0008,0.0234,0.0184,0.004048727,0.0065590655,0.009382958,0.0021592358,0.0013239982,0.00036325274,0.0003510712,0.00014164751,0.004046051,0.006541551,0.009302241,0.0021019455,0.0014058417,0.0003521261,0.3335
2023-04-20,CTD3,4181698,695238,0.1291,0.1009,0.075,0.0497,0.0444,0.0417,0.0405,0.0375,0.0361,0.0128,0.0007,0.0257,0.0204,0.005799001,0.009868921,0.013629152,0.0027798784,0.0017428019,0.00047762322,0.0004635461,0.00018711791,0.0057924544,0.0098928865,0.013576792,0.0027194489,0.0018639073,0.00046694925,0.316
2023-04-20,CTD4,4180266,698264,0.1359,0.1132,0.088,0.054,0.048,0.0437,0.044,0.0409,0.039,0.0139,0.0008,0.0292,0.0234,0.010938495,0.019415453,0.028823406,0.0052179866,0.0032349678,0.0008688034,0.00084844255,0.00034108275,0.010916223,0.019563293,0.028758047,0.0051742597,0.003481545,0.0008591355,0.293
2023-04-20,CTD6,4176009,695829,0.1318,0.1036,0.0778,0.054,0.049,0.0459,0.0449,0.0423,0.0412,0.0148,0.0007,0.0306,0.0247,0.0048613437,0.008272589,0.013710554,0.0035873924,0.0023172745,0.0006443839,0.0006281045,0.00025362932,0.0048601474,0.008279262,0.013724328,0.0035385052,0.0024764338,0.00062988565,0.4975
2023-04-20,CTD7,4176724,690397,0.1369,0.1235,0.107,0.0449,0.0363,0.0315,0.0308,0.0263,0.0258,0.0096,0.0009,0.0145,0.0108,0.026035829,0.042804908,0.06254057,0.009524606,0.005715716,0.0014550411,0.001402173,0.00054977497,0.026786301,0.042449113,0.06204924,0.009464985,0.0060096723,0.0014257003,0.3735
2023-04-20,CTD8,4174178,693048,0.1436,0.1291,0.1149,0.0571,0.0461,0.0383,0.0377,0.0336,0.0325,0.0123,0.0009,0.0213,0.0169,0.0247988,0.042103663,0.070440225,0.013208835,0.008164374,0.00205766,0.0019836428,0.00076699274,0.025354668,0.04199079,0.06897386,0.013178765,0.008559693,0.0019740073,1.0345
2023-04-20,CTD9,4171106,693183,0.1293,0.1016,0.0804,0.0551,0.05,0.0392,0.0391,0.0353,0.0344,0.0125,0.0008,0.023,0.0184,0.0101701515,0.016077895,0.02923478,0.014212932,0.010437287,0.0030283744,0.0029972347,0.0011751334,0.010141889,0.016192826,0.029148428,0.013986033,0.010924819,0.0029337702,0.225
2023-04-20,CTD10,4170388,695646,0.1242,0.0954,0.0722,0.0479,0.0438,0.0409,0.0401,0.0375,0.0358,0.0132,0.0007,0.0255,0.0207,0.004490132,0.007612251,0.012559479,0.0030730683,0.0019535453,0.0005381073,0.000524808,0.00021276112,0.004472372,0.007603598,0.012514551,0.003017499,0.0020882748,0.000525502,0.4135
2023-04-20,CTD11,4169609,700351,0.1332,0.1075,0.0831,0.0498,0.044,0.041,0.0408,0.0345,0.0369,0.0141,0.0007,0.026,0.0216,0.00988004,0.016936962,0.024285976,0.0045688553,0.0028205498,0.00075827225,0.00073987106,0.0002975562,0.009851275,0.0170463,0.024206797,0.004527931,0.0030362478,0.0007488656,0.277
2023-04-20,CTD12,4173438,695414,0.1299,0.1028,0.0774,0.0532,0.0485,0.0461,0.0451,0.0419,0.041,0.0152,0.0008,0.0303,0.0249,0.0054259915,0.009250389,0.013641975,0.0028696018,0.0017939858,0.00049238413,0.00047758428,0.00019315173,0.0054073622,0.009269012,0.013594596,0.0028110028,0.001916101,0.0004806219,0.4345
2023-05-25,CTD1,4187246,695025,0.1544,0.1296,0.1079,0.0887,0.0842,0.0813,0.0823,0.076,0.0796,0.0204,0.001,0.0621,0.0477,0.0048060766,0.008585733,0.016541217,0.005293871,0.0035914246,0.0010371612,0.0010248835,0.00041809145,0.0048015476,0.008597146,0.01654826,0.0052264538,0.0038349645,0.0010178101,0.269
2023-05-25,CTD2,4181518,693105,0.1568,0.1343,0.1095,0.0886,0.0833,0.0834,0.0837,0.0785,0.0818,0.0205,0.0012,0.0646,0.051,0.006825687,0.011898747,0.01752311,0.0039441935,0.0025209347,0.00070224976,0.0006884781,0.0002784293,0.0068207933,0.011934035,0.017453976,0.0038853532,0.0027022401,0.00068928563,0.242
2023-05-25,CTD3,4181698,695238,0.1566,0.1337,0.1094,0.0891,0.0841,0.0826,0.0841,0.0782,0.0811,0.0209,0.0011,0.066,0.0527,0.005747533,0.010325019,0.017416282,0.004337559,0.0027922003,0.0007785615,0.0007679447,0.00031235043,0.005732143,0.010362536,0.017364807,0.004288046,0.0029898393,0.0007651746,0.282
2023-05-25,CTD4,4180266,698264,0.158,0.14,0.1178,0.0918,0.0858,0.0842,0.0858,0.0808,0.0824,0.0205,0.0011,0.0684,0.0546,0.010356493,0.019126825,0.028329145,0.005474981,0.0034017737,0.000919224,0.000904928,0.00036550534,0.01032474,0.019258846,0.028238254,0.005428937,0.0036494113,0.0009064345,0.3785
2023-05-25,CTD6,4176009,695829,0.1505,0.1263,0.1011,0.0796,0.0735,0.0721,0.0723,0.0676,0.0691,0.0182,0.001,0.0549,0.0426,0.006175476,0.01106171,0.017352456,0.004007692,0.0025589776,0.0007125886,0.0006990972,0.00028381776,0.006161065,0.011099681,0.017281577,0.003937377,0.0027380488,0.0007008634,0.4165
2023-05-25,CTD7,4176724,690397,0.1558,0.1423,0.124,0.0786,0.0716,0.0709,0.0706,0.0654,0.0666,0.0174,0.001,0.05,0.0386,0.01957465,0.034302782,0.044487897,0.0065313224,0.003897666,0.0010258969,0.0010073235,0.00040438958,0.019843409,0.034152087,0.044784665,0.006467863,0.004133924,0.0010116524,0.3055
2023-05-25,CTD8,4174178,693048,0.1578,0.1418,0.1209,0.0846,0.0769,0.0737,0.0733,0.0687,0.0698,0.0181,0.001,0.0547,0.0428,0.01557932,0.028434977,0.041981705,0.0070855888,0.0043287245,0.0011399037,0.0011176403,0.00044720454,0.015659321,0.028544933,0.04196022,0.007041281,0.0046047335,0.0011213726,0.3944999999999999
2023-05-25,CTD9,4171106,693183,0.1491,0.1276,0.1093,0.0858,0.0793,0.0732,0.0739,0.0694,0.07,0.018,0.0011,0.0534,0.0409,0.0073939953,0.013158761,0.027974417,0.011914379,0.008629476,0.0025005902,0.002487351,0.0009958667,0.0073570968,0.013236032,0.028080424,0.01168478,0.009062041,0.002445427,0.439
2023-05-25,CTD10,4170388,695646,0.1481,0.1256,0.1057,0.0772,0.0706,0.0679,0.0688,0.0627,0.0644,0.0171,0.001,0.0488,0.0384,0.008132226,0.0152311735,0.027044918,0.005955333,0.0038079484,0.0010338112,0.0010177407,0.00041057952,0.008100769,0.015345783,0.026946526,0.005892167,0.0040851478,0.0010178101,0.9315
2023-05-25,CTD11,4169609,700351,0.1577,0.1348,0.1163,0.0877,0.0808,0.0787,0.0808,0.0701,0.0792,0.0204,0.0011,0.0622,0.0512,0.008395665,0.015769884,0.028495839,0.0069817915,0.0044934177,0.0012195919,0.0012010765,0.00048223842,0.00834851,0.015900686,0.028371695,0.0069189034,0.0048051286,0.0011964032,0.6745
2023-05-25,CTD12,4173438,695414,0.1559,0.1374,0.1174,0.0883,0.0801,0.0763,0.0774,0.0724,0.0733,0.0184,0.0011,0.0588,0.0471,0.009934628,0.018726882,0.0347307,0.007827756,0.005011481,0.0013485178,0.0013254225,0.0005294163,0.009868185,0.01893743,0.034429625,0.007764456,0.005349061,0.0013234232,0.918
