Date,Buoy,Latitude,Longitude,rhow_B1,rhow_B2,rhow_B3,rhow_B4,rhow_B5,rhow_B6,rhow_B7,rhow_B8,rhown_B1,rhown_B2,rhown_B3,rhown_B4,rhown_B5,rhown_B6,Band_15,Band_16,Chl,dif_norm_rhow_B2_B3,dif_inv_rhow_B2_B3,dif_norm_rhow_B2_B4,dif_inv_rhow_B2_B4,dif_norm_rhow_B2_B5,dif_inv_rhow_B2_B5,dif_norm_rhow_B3_B4,dif_inv_rhow_B3_B4,dif_norm_rhow_B3_B5,dif_inv_rhow_B3_B5,dif_norm_rhow_B4_B5,dif_inv_rhow_B4_B5,dall_gitelson_rhow_B2_B3_B4,dall_gitelson_rhow_B2_B3_B5,dall_gitelson_rhow_B2_B4_B3,dall_gitelson_rhow_B2_B4_B5,dall_gitelson_rhow_B2_B5_B3,dall_gitelson_rhow_B2_B5_B4,dall_gitelson_rhow_B3_B4_B2,dall_gitelson_rhow_B3_B4_B5,dall_gitelson_rhow_B3_B5_B2,dall_gitelson_rhow_B3_B5_B4,dall_gitelson_rhow_B4_B5_B2,dall_gitelson_rhow_B4_B5_B3,dif_norm_4_bands_rhow_B2_B3_B4_B5,dif_norm_4_bands_rhow_B2_B4_B3_B5,dif_norm_4_bands_rhow_B2_B5_B3_B4,dif_norm_4_bands_rhow_B3_B4_B2_B5,dif_norm_4_bands_rhow_B3_B5_B2_B4,dif_norm_4_bands_rhow_B4_B5_B2_B3,dif_rel_4bands_rhow_B2_B3_B4_B5,dif_rel_4bands_rhow_B2_B3_B5_B4,dif_rel_4bands_rhow_B2_B4_B3_B5,dif_rel_4bands_rhow_B2_B4_B5_B3,dif_rel_4bands_rhow_B2_B5_B3_B4,dif_rel_4bands_rhow_B2_B5_B4_B3,dif_rel_4bands_rhow_B3_B2_B4_B5,dif_rel_4bands_rhow_B3_B2_B5_B4,dif_rel_4bands_rhow_B3_B4_B5_B2,dif_rel_4bands_rhow_B3_B5_B4_B2,dif_rel_4bands_rhow_B4_B2_B5_B3,dif_rel_4bands_rhow_B4_B3_B5_B2,sum_norm_3bands_rhow_B2_B4_B3,sum_norm_3bands_rhow_B3_B5_B4,dif_norm_rhown_B2_B3,dif_inv_rhown_B2_B3,dif_norm_rhown_B2_B4,dif_inv_rhown_B2_B4,dif_norm_rhown_B2_B5,dif_inv_rhown_B2_B5,dif_norm_rhown_B3_B4,dif_inv_rhown_B3_B4,dif_norm_rhown_B3_B5,dif_inv_rhown_B3_B5,dif_norm_rhown_B4_B5,dif_inv_rhown_B4_B5,dall_gitelson_rhown_B2_B3_B4,dall_gitelson_rhown_B2_B3_B5,dall_gitelson_rhown_B2_B4_B3,dall_gitelson_rhown_B2_B4_B5,dall_gitelson_rhown_B2_B5_B3,dall_gitelson_rhown_B2_B5_B4,dall_gitelson_rhown_B3_B4_B2,dall_gitelson_rhown_B3_B4_B5,dall_gitelson_rhown_B3_B5_B2,dall_gitelson_rhown_B3_B5_B4,dall_gitelson_rhown_B4_B5_B2,dall_gitelson_rhown_B4_B5_B3,dif_norm_4_bands_rhown_B2_B3_B4_B5,dif_norm_4_bands_rhown_B2_B4_B3_B5,dif_norm_4_bands_rhown_B2_B5_B3_B4,dif_norm_4_bands_rhown_B3_B4_B2_B5,dif_norm_4_bands_rhown_B3_B5_B2_B4,dif_norm_4_bands_rhown_B4_B5_B2_B3,dif_rel_4bands_rhown_B2_B3_B4_B5,dif_rel_4bands_rhown_B2_B3_B5_B4,dif_rel_4bands_rhown_B2_B4_B3_B5,dif_rel_4bands_rhown_B2_B4_B5_B3,dif_rel_4bands_rhown_B2_B5_B3_B4,dif_rel_4bands_rhown_B2_B5_B4_B3,dif_rel_4bands_rhown_B3_B2_B4_B5,dif_rel_4bands_rhown_B3_B2_B5_B4,dif_rel_4bands_rhown_B3_B4_B5_B2,dif_rel_4bands_rhown_B3_B5_B4_B2,dif_rel_4bands_rhown_B4_B2_B5_B3,dif_rel_4bands_rhown_B4_B3_B5_B2,sum_norm_3bands_rhown_B2_B4_B3,sum_norm_3bands_rhown_B3_B5_B4
2016-08-09,CTD1,4187246,695025,0.011557551,0.01677188,0.028794995,0.014744224,0.012881314,0.0037190781,0.0036645178,0.001499898,0.011450892,0.016650114,0.028876431,0.014738435,0.012411696,0.003736388,0.42127708,-8.000000000000001e-45,10.09,-0.264,24.895,0.064,-8.2,0.131,-18.008,0.323,-33.095,0.382,-42.904,0.067,-9.809,0.367,0.321,-0.236,-0.106,-0.519,-0.266,-0.555,-0.426,-0.72,-0.633,-0.165,-0.282,-0.435,0.049,0.089,0.474,0.505,0.041,-0.562,-0.291,-1.098,0.69,-0.651,0.79,0.572,0.843,1.185,1.356,0.432,-0.256,0.692,0.957,-0.269,25.429,0.061,-7.79,0.146,-20.51,0.324,-33.219,0.399,-45.939,0.086,-12.719,0.375,0.316,-0.225,-0.097,-0.592,-0.302,-0.553,-0.412,-0.765,-0.677,-0.212,-0.367,-0.45,0.046,0.097,0.486,0.525,0.051,-0.611,-0.266,-1.197,0.7,-0.618,0.831,0.547,0.892,1.214,1.441,0.455,-0.235,0.689,0.947
2016-08-09,CTD2,4181518,693105,0.011378609,0.015170635,0.022114683,0.01308602,0.010211863,0.003135181,0.0030726576,0.0012883042,0.011312262,0.0151770655,0.021913743,0.012872052,0.010413002,0.0029754401,0.12682779,-8.000000000000001e-45,11.205,-0.186,20.698,0.074,-10.501,0.195,-32.009,0.256,-31.199,0.368,-52.706,0.123,-21.508,0.271,0.211,-0.232,-0.107,-0.708,-0.419,-0.473,-0.319,-0.8,-0.69,-0.326,-0.476,-0.298,0.064,0.141,0.356,0.421,0.077,-0.595,-0.094,-1.006,0.698,-0.204,0.894,0.176,0.677,1.017,1.303,0.401,-0.081,0.758,0.918,-0.182,20.255,0.082,-11.799,0.186,-30.145,0.26,-32.054,0.356,-50.4,0.106,-18.346,0.261,0.211,-0.259,-0.123,-0.661,-0.388,-0.486,-0.334,-0.765,-0.649,-0.278,-0.402,-0.289,0.071,0.137,0.353,0.41,0.066,-0.544,-0.116,-0.925,0.704,-0.245,0.87,0.208,0.635,1.016,1.256,0.373,-0.099,0.756,0.929
2016-08-09,CTD3,4181698,695238,0.01071672,0.014699977,0.020822242,0.012379519,0.0089632,0.0025987655,0.0026362666,0.0011002447,0.010668161,0.014882068,0.020655101,0.012456335,0.009467541,0.002429041,0.0028127148,-8.000000000000001e-45,12.075,-0.172,20.002,0.086,-12.751,0.242,-43.54,0.254,-32.753,0.398,-63.542,0.16,-30.789,0.248,0.179,-0.266,-0.114,-0.907,-0.539,-0.481,-0.294,-0.934,-0.787,-0.453,-0.641,-0.287,0.078,0.173,0.357,0.438,0.096,-0.675,-0.018,-1.136,0.757,-0.042,1.046,0.035,0.692,1.072,1.481,0.412,-0.015,0.762,0.897,-0.162,18.781,0.089,-13.085,0.222,-38.429,0.248,-31.866,0.371,-57.21,0.136,-25.344,0.234,0.178,-0.27,-0.124,-0.794,-0.479,-0.474,-0.302,-0.851,-0.713,-0.377,-0.523,-0.263,0.081,0.164,0.337,0.409,0.084,-0.595,-0.04,-0.987,0.736,-0.086,0.969,0.072,0.628,1.022,1.345,0.379,-0.033,0.769,0.91
2016-08-09,CTD4,4180266,698264,0.008905852,0.01154712,0.020527788,0.0085025905,0.012757267,0.003352748,0.0033195373,0.0012944449,0.008946076,0.010900615,0.01956898,0.008786617,0.010652719,0.003097792,0.83157766,-8.000000000000001e-45,8.84,-0.28,37.887,0.152,-31.01,-0.05,8.215,0.414,-68.897,0.233,-29.672,-0.2,39.225,0.322,0.483,-0.637,-0.396,0.169,0.07,-0.796,-0.879,-0.343,-0.252,0.453,0.805,-0.422,0.091,-0.042,0.495,0.388,-0.133,-0.104,-0.938,-0.251,0.737,-1.509,0.491,1.111,0.277,1.309,0.873,0.115,-0.691,0.625,1.147,-0.284,40.637,0.107,-22.072,0.012,-2.135,0.38,-62.708,0.295,-42.771,-0.096,19.937,0.357,0.433,-0.432,-0.235,-0.042,-0.019,-0.684,-0.668,-0.466,-0.376,0.217,0.39,-0.446,0.07,0.009,0.5,0.453,-0.061,-0.268,-0.655,-0.596,0.696,-1.204,0.574,0.97,0.583,1.25,1.031,0.262,-0.528,0.646,1.066
2016-08-09,CTD6,4176009,695829,0.010866346,0.014820004,0.021078905,0.011349414,0.008379667,0.0024124808,0.00239987,0.0009990195,0.010843163,0.014848155,0.020862717,0.011281502,0.008559693,0.0023239157,0.10584251,-8.000000000000001e-45,12.15,-0.174,20.036,0.133,-20.634,0.278,-51.86,0.3,-40.669,0.431,-71.896,0.151,-31.226,0.227,0.168,-0.435,-0.173,-1.093,-0.589,-0.603,-0.341,-1.065,-0.816,-0.463,-0.658,-0.317,0.118,0.199,0.419,0.485,0.083,-0.651,-0.035,-1.21,0.908,-0.089,1.23,0.068,0.684,1.292,1.75,0.368,-0.027,0.729,0.908,-0.168,19.416,0.136,-21.292,0.269,-49.478,0.298,-40.708,0.418,-68.894,0.137,-28.186,0.219,0.166,-0.444,-0.182,-1.032,-0.558,-0.604,-0.348,-1.023,-0.777,-0.419,-0.588,-0.303,0.121,0.196,0.409,0.471,0.076,-0.606,-0.047,-1.121,0.906,-0.115,1.194,0.087,0.646,1.273,1.678,0.35,-0.036,0.732,0.915
2016-08-09,CTD7,4176724,690397,0.013880036,0.019730497,0.030705446,0.018938396,0.01469822,0.0043080775,0.004288094,0.0017497751,0.01374942,0.019918298,0.030750453,0.018626811,0.014427495,0.0040650438,0.14515826,-8.000000000000001e-45,13.535,-0.218,18.115,0.02,-2.12,0.146,-17.352,0.237,-20.235,0.353,-35.468,0.126,-15.233,0.343,0.266,-0.065,-0.031,-0.533,-0.329,-0.399,-0.297,-0.7,-0.672,-0.301,-0.468,-0.326,0.017,0.101,0.342,0.414,0.084,-0.646,-0.134,-1.047,0.563,-0.279,0.726,0.268,0.78,0.876,1.129,0.481,-0.128,0.767,0.915,-0.214,17.685,0.034,-3.481,0.16,-19.107,0.246,-21.166,0.361,-36.792,0.127,-15.626,0.329,0.255,-0.107,-0.05,-0.588,-0.356,-0.422,-0.305,-0.733,-0.685,-0.311,-0.481,-0.328,0.029,0.111,0.353,0.423,0.083,-0.643,-0.127,-1.062,0.6,-0.27,0.775,0.253,0.769,0.927,1.196,0.466,-0.119,0.761,0.915
2016-08-09,CTD8,4174178,693048,0.010402882,0.015704345,0.025355967,0.01222232,0.00956906,0.0027028676,0.0026292522,0.001097651,0.010365723,0.015665445,0.025279175,0.012241106,0.009683657,0.0025866001,0.26514226,-8.000000000000001e-45,14.34,-0.235,24.238,0.125,-18.141,0.243,-40.827,0.35,-42.379,0.452,-65.065,0.122,-22.686,0.296,0.232,-0.46,-0.174,-1.035,-0.499,-0.666,-0.406,-1.022,-0.795,-0.356,-0.575,-0.443,0.1,0.163,0.52,0.565,0.065,-0.658,-0.164,-1.365,0.908,-0.433,1.159,0.337,0.832,1.465,1.872,0.401,-0.127,0.68,0.929,-0.235,24.277,0.123,-17.857,0.236,-39.432,0.347,-42.134,0.446,-63.709,0.117,-21.575,0.297,0.235,-0.451,-0.173,-0.997,-0.483,-0.66,-0.408,-0.998,-0.78,-0.338,-0.545,-0.438,0.098,0.159,0.514,0.559,0.062,-0.644,-0.171,-1.331,0.897,-0.447,1.133,0.35,0.823,1.447,1.829,0.398,-0.134,0.682,0.932
2016-08-09,CTD9,4171106,693183,0.013036164,0.02006638,0.033828877,0.020082636,0.01582168,0.004466356,0.0045266794,0.0018462652,0.012928517,0.020150354,0.033901665,0.0199778,0.015860243,0.004318023,0.19972745,-8.000000000000001e-45,3.66,-0.255,20.274,-0.0,0.04,0.118,-13.37,0.255,-20.234,0.363,-33.644,0.119,-13.41,0.407,0.321,0.001,0.001,-0.452,-0.269,-0.406,-0.32,-0.675,-0.676,-0.269,-0.454,-0.383,-0.0,0.079,0.383,0.449,0.079,-0.676,-0.195,-1.139,0.531,-0.416,0.675,0.417,0.898,0.896,1.137,0.533,-0.195,0.745,0.921,-0.254,20.13,0.004,-0.429,0.119,-13.424,0.258,-20.558,0.363,-33.554,0.115,-12.995,0.402,0.319,-0.015,-0.007,-0.455,-0.268,-0.414,-0.326,-0.676,-0.67,-0.262,-0.441,-0.384,0.003,0.08,0.387,0.45,0.076,-0.665,-0.2,-1.129,0.541,-0.426,0.681,0.423,0.889,0.91,1.146,0.524,-0.198,0.742,0.924
2016-08-09,CTD10,4170388,695646,0.016327148,0.02284161,0.03433029,0.017810361,0.01401841,0.0040529827,0.0040420312,0.0016394382,0.016081367,0.022904217,0.03427543,0.017676726,0.013987463,0.0038934108,0.18805386,-8.000000000000001e-45,14.125,-0.201,14.651,0.124,-12.367,0.239,-27.555,0.317,-27.018,0.42,-42.206,0.119,-15.188,0.261,0.205,-0.425,-0.173,-0.946,-0.491,-0.617,-0.379,-0.964,-0.752,-0.347,-0.521,-0.361,0.104,0.169,0.448,0.5,0.066,-0.605,-0.122,-1.166,0.874,-0.298,1.111,0.232,0.716,1.314,1.669,0.371,-0.095,0.711,0.927,-0.199,14.485,0.129,-12.911,0.242,-27.833,0.319,-27.396,0.42,-42.317,0.117,-14.921,0.256,0.203,-0.443,-0.181,-0.954,-0.492,-0.627,-0.383,-0.969,-0.748,-0.342,-0.511,-0.359,0.108,0.172,0.45,0.5,0.065,-0.596,-0.123,-1.155,0.888,-0.302,1.122,0.233,0.705,1.328,1.679,0.364,-0.095,0.71,0.929
2016-08-09,CTD11,4169609,700351,0.010767565,0.015042636,0.022594802,0.012919855,0.010850893,0.0031603382,0.0030426378,0.0012864679,0.010719227,0.014928797,0.02249028,0.012713011,0.010645811,0.0031111392,0.38435462,-8.000000000000001e-45,9.89,-0.201,22.22,0.076,-10.923,0.162,-25.681,0.272,-33.142,0.351,-47.9,0.087,-14.758,0.287,0.241,-0.247,-0.119,-0.58,-0.332,-0.499,-0.36,-0.721,-0.619,-0.222,-0.333,-0.318,0.063,0.118,0.374,0.42,0.055,-0.525,-0.174,-0.918,0.684,-0.363,0.814,0.311,0.662,1.028,1.223,0.379,-0.15,0.743,0.942,-0.202,22.521,0.08,-11.675,0.167,-26.949,0.278,-34.196,0.357,-49.47,0.088,-15.274,0.286,0.24,-0.263,-0.124,-0.606,-0.343,-0.511,-0.364,-0.739,-0.629,-0.228,-0.344,-0.324,0.067,0.122,0.382,0.428,0.055,-0.53,-0.174,-0.938,0.701,-0.367,0.837,0.312,0.669,1.056,1.261,0.378,-0.148,0.739,0.941
2016-08-09,CTD12,4173438,695414,0.012315695,0.017694283,0.025472794,0.013293076,0.009602651,0.002741353,0.002719555,0.0011238804,0.012282886,0.017912947,0.025043517,0.013250319,0.009861297,0.0026396925,0.1144196,-8.000000000000001e-45,10.205,-0.18,17.258,0.142,-18.712,0.296,-47.622,0.314,-35.97,0.452,-64.88,0.161,-28.911,0.229,0.166,-0.477,-0.18,-1.213,-0.633,-0.636,-0.345,-1.148,-0.862,-0.512,-0.736,-0.34,0.125,0.209,0.446,0.512,0.085,-0.69,-0.028,-1.322,0.954,-0.074,1.321,0.055,0.717,1.374,1.901,0.374,-0.021,0.718,0.905,-0.166,15.895,0.15,-19.644,0.29,-45.581,0.308,-35.539,0.435,-61.476,0.147,-25.937,0.211,0.157,-0.492,-0.194,-1.142,-0.604,-0.637,-0.35,-1.101,-0.815,-0.465,-0.65,-0.309,0.134,0.21,0.425,0.487,0.079,-0.628,-0.029,-1.188,0.958,-0.074,1.287,0.054,0.654,1.34,1.8,0.346,-0.021,0.725,0.911
2016-09-08,CTD1,4187246,695025,0.011359334,0.01652359,0.027251022,0.014605151,0.013168484,0.0038591444,0.003769339,0.0015695846,0.0112527935,0.016315356,0.027374579,0.014725516,0.012372974,0.0038814612,0.46080577,-8.000000000000001e-45,21.69,-0.245,23.824,0.062,-7.949,0.113,-15.419,0.302,-31.773,0.348,-39.243,0.052,-7.47,0.348,0.314,-0.217,-0.105,-0.42,-0.225,-0.525,-0.418,-0.648,-0.573,-0.123,-0.204,-0.386,0.047,0.08,0.426,0.452,0.033,-0.503,-0.295,-0.938,0.648,-0.611,0.719,0.54,0.748,1.069,1.186,0.401,-0.261,0.711,0.966,-0.253,24.762,0.051,-6.617,0.137,-19.529,0.3,-31.379,0.377,-44.291,0.087,-12.912,0.365,0.306,-0.181,-0.082,-0.535,-0.288,-0.512,-0.388,-0.723,-0.652,-0.211,-0.353,-0.408,0.04,0.094,0.441,0.483,0.054,-0.594,-0.244,-1.104,0.656,-0.54,0.781,0.488,0.838,1.101,1.31,0.451,-0.22,0.71,0.944
2016-09-08,CTD2,4181518,693105,0.00968305,0.014277933,0.023084925,0.01124637,0.009417515,0.0026045013,0.0025218632,0.0010348605,0.009650158,0.014231543,0.023093492,0.011253372,0.008694133,0.0026543294,0.31651407,-8.000000000000001e-45,16.57,-0.236,26.72,0.119,-18.879,0.205,-36.147,0.345,-45.599,0.421,-62.867,0.089,-17.268,0.301,0.252,-0.436,-0.178,-0.834,-0.407,-0.651,-0.429,-0.898,-0.707,-0.247,-0.399,-0.426,0.093,0.142,0.5,0.535,0.049,-0.576,-0.219,-1.182,0.862,-0.537,1.029,0.423,0.779,1.393,1.664,0.38,-0.172,0.683,0.947,-0.237,26.964,0.117,-18.596,0.242,-44.754,0.345,-45.56,0.453,-71.718,0.128,-26.158,0.303,0.234,-0.429,-0.162,-1.034,-0.504,-0.648,-0.396,-1.021,-0.807,-0.372,-0.604,-0.444,0.094,0.161,0.516,0.565,0.069,-0.678,-0.156,-1.392,0.888,-0.415,1.15,0.328,0.85,1.441,1.865,0.414,-0.124,0.683,0.925
2016-09-08,CTD3,4181698,695238,0.0102565475,0.014694998,0.023492077,0.011051187,0.009322661,0.002676736,0.002582983,0.0010665213,0.0101938695,0.014533129,0.023435911,0.011002682,0.008926009,0.0026818323,0.34042424,-8.000000000000001e-45,12.705,-0.23,25.483,0.142,-22.438,0.224,-39.215,0.36,-47.92,0.432,-64.698,0.085,-16.777,0.282,0.238,-0.527,-0.209,-0.921,-0.433,-0.704,-0.447,-0.951,-0.715,-0.247,-0.394,-0.432,0.111,0.156,0.518,0.55,0.045,-0.56,-0.218,-1.19,0.933,-0.549,1.106,0.413,0.755,1.491,1.768,0.355,-0.164,0.674,0.95,-0.234,26.139,0.138,-22.079,0.239,-43.224,0.361,-48.217,0.448,-69.363,0.104,-21.145,0.288,0.233,-0.517,-0.197,-1.013,-0.476,-0.701,-0.43,-1.008,-0.763,-0.307,-0.496,-0.447,0.109,0.163,0.53,0.568,0.055,-0.613,-0.191,-1.305,0.94,-0.502,1.159,0.38,0.801,1.516,1.868,0.376,-0.145,0.673,0.94
2016-09-08,CTD4,4180266,698264,0.011194974,0.015667122,0.023484332,0.013225308,0.010400377,0.0031005812,0.003004866,0.0012724794,0.011174908,0.015678689,0.023385717,0.013115406,0.010515221,0.0029926745,0.19194913,-8.000000000000001e-45,16.045,-0.2,21.246,0.085,-11.785,0.202,-32.322,0.279,-33.031,0.386,-53.569,0.12,-20.538,0.281,0.221,-0.277,-0.123,-0.759,-0.427,-0.518,-0.344,-0.839,-0.708,-0.322,-0.482,-0.331,0.072,0.143,0.394,0.453,0.072,-0.604,-0.119,-1.073,0.742,-0.269,0.943,0.227,0.713,1.112,1.414,0.401,-0.101,0.738,0.923,-0.197,21.02,0.089,-12.465,0.197,-31.319,0.281,-33.485,0.38,-52.339,0.11,-18.854,0.276,0.221,-0.292,-0.131,-0.732,-0.411,-0.525,-0.352,-0.821,-0.686,-0.296,-0.441,-0.326,0.076,0.141,0.392,0.447,0.067,-0.577,-0.131,-1.029,0.746,-0.292,0.93,0.244,0.69,1.112,1.387,0.387,-0.11,0.737,0.929
2016-09-08,CTD6,4176009,695829,0.008069832,0.011949981,0.018957907,0.0099579785,0.007988389,0.0022110238,0.0021894898,0.00092732714,0.008081603,0.011983866,0.018918298,0.009986541,0.007986565,0.0022260717,0.20323768,-8.000000000000001e-45,14.045,-0.227,30.934,0.091,-16.74,0.199,-41.5,0.311,-47.674,0.407,-72.433,0.11,-24.76,0.308,0.247,-0.317,-0.134,-0.787,-0.413,-0.57,-0.381,-0.866,-0.721,-0.296,-0.469,-0.39,0.074,0.137,0.451,0.501,0.064,-0.616,-0.172,-1.173,0.779,-0.408,0.971,0.34,0.784,1.235,1.54,0.412,-0.143,0.709,0.932,-0.224,30.587,0.091,-16.689,0.2,-41.765,0.309,-47.276,0.406,-72.351,0.111,-25.076,0.305,0.244,-0.316,-0.133,-0.79,-0.417,-0.567,-0.378,-0.867,-0.723,-0.301,-0.474,-0.386,0.074,0.138,0.447,0.498,0.065,-0.617,-0.166,-1.169,0.778,-0.394,0.973,0.328,0.779,1.228,1.535,0.411,-0.139,0.711,0.931
2016-09-08,CTD7,4176724,690397,0.01093273,0.016185405,0.026132973,0.0130003,0.010497962,0.0030031123,0.0029583275,0.0012209823,0.010858353,0.016035022,0.026137542,0.01295801,0.010301453,0.0029401497,0.301959,-8.000000000000001e-45,17.195,-0.235,23.518,0.109,-15.137,0.213,-33.473,0.336,-38.655,0.427,-56.991,0.106,-18.335,0.306,0.247,-0.396,-0.159,-0.875,-0.435,-0.626,-0.406,-0.922,-0.741,-0.297,-0.479,-0.423,0.087,0.145,0.492,0.536,0.059,-0.619,-0.188,-1.244,0.843,-0.468,1.044,0.376,0.807,1.362,1.686,0.401,-0.151,0.69,0.936,-0.24,24.104,0.106,-14.809,0.218,-34.71,0.337,-38.913,0.435,-58.815,0.114,-19.901,0.312,0.248,-0.387,-0.153,-0.907,-0.45,-0.624,-0.401,-0.943,-0.762,-0.319,-0.52,-0.434,0.084,0.147,0.5,0.546,0.063,-0.644,-0.182,-1.3,0.843,-0.461,1.061,0.372,0.835,1.375,1.729,0.414,-0.147,0.687,0.932
2016-09-08,CTD9,4171106,693183,0.011149553,0.017658358,0.03241541,0.018646877,0.016633632,0.0047219843,0.004727363,0.0019193726,0.011051146,0.017641466,0.032649264,0.018707886,0.015915604,0.00476999,0.42893314,-8.000000000000001e-45,3.8,-0.295,25.781,-0.027,3.002,0.03,-3.489,0.27,-22.779,0.322,-29.27,0.057,-6.491,0.481,0.429,0.097,0.05,-0.113,-0.065,-0.402,-0.379,-0.517,-0.546,-0.115,-0.21,-0.418,-0.02,0.02,0.402,0.435,0.04,-0.576,-0.347,-1.002,0.434,-0.677,0.486,0.715,0.944,0.796,0.893,0.543,-0.367,0.725,0.961,-0.298,26.056,-0.029,3.231,0.051,-6.147,0.271,-22.825,0.345,-32.203,0.081,-9.378,0.487,0.415,0.105,0.051,-0.201,-0.115,-0.403,-0.363,-0.568,-0.602,-0.165,-0.306,-0.433,-0.022,0.034,0.415,0.46,0.056,-0.635,-0.31,-1.108,0.456,-0.637,0.535,0.675,1.0,0.843,0.991,0.573,-0.329,0.723,0.946
2016-09-08,CTD10,4170388,695646,0.011679797,0.01756291,0.030290844,0.016078604,0.014313119,0.0041277017,0.0041058715,0.0016671405,0.01156208,0.01746374,0.030537806,0.01607168,0.013656444,0.004160665,0.48930648,-8.000000000000001e-45,16.6,-0.266,23.925,0.044,-5.256,0.102,-12.928,0.307,-29.181,0.358,-36.853,0.058,-7.672,0.385,0.342,-0.159,-0.075,-0.392,-0.208,-0.513,-0.418,-0.647,-0.593,-0.135,-0.232,-0.419,0.033,0.07,0.446,0.475,0.037,-0.544,-0.31,-1.024,0.62,-0.657,0.696,0.601,0.835,1.069,1.201,0.443,-0.284,0.703,0.962,-0.272,24.515,0.042,-4.96,0.122,-15.964,0.31,-29.475,0.382,-40.479,0.081,-11.004,0.394,0.335,-0.151,-0.068,-0.488,-0.257,-0.515,-0.403,-0.707,-0.651,-0.192,-0.336,-0.44,0.031,0.082,0.465,0.503,0.05,-0.605,-0.278,-1.15,0.639,-0.621,0.753,0.572,0.899,1.118,1.316,0.473,-0.256,0.699,0.948
2016-09-08,CTD11,4169609,700351,0.008599888,0.013562002,0.023937594,0.011771254,0.009587707,0.002685022,0.002650354,0.001106496,0.008577385,0.013493271,0.024008509,0.01182655,0.009540207,0.0026504197,0.29637876,-8.000000000000001e-45,14.81,-0.277,31.96,0.071,-11.217,0.172,-30.565,0.341,-43.177,0.428,-62.525,0.102,-19.348,0.376,0.306,-0.269,-0.108,-0.732,-0.36,-0.586,-0.414,-0.848,-0.736,-0.262,-0.463,-0.486,0.053,0.111,0.526,0.566,0.058,-0.661,-0.248,-1.345,0.752,-0.619,0.923,0.537,0.951,1.327,1.629,0.467,-0.215,0.676,0.939,-0.28,32.459,0.066,-10.444,0.172,-30.709,0.34,-42.904,0.431,-63.168,0.107,-20.264,0.384,0.31,-0.251,-0.1,-0.737,-0.363,-0.579,-0.409,-0.852,-0.747,-0.273,-0.487,-0.492,0.05,0.11,0.529,0.571,0.061,-0.678,-0.245,-1.376,0.744,-0.616,0.922,0.54,0.973,1.323,1.64,0.479,-0.214,0.675,0.936
2016-09-08,CTD12,4173438,695414,0.008288924,0.012296981,0.020725923,0.010698382,0.0089214295,0.0025770892,0.0025624398,0.0010620079,0.0082847625,0.012268295,0.020804148,0.010759835,0.008926009,0.0025846865,0.29431054,-8.000000000000001e-45,14.525,-0.255,33.072,0.07,-12.151,0.159,-30.769,0.319,-45.223,0.398,-63.841,0.091,-18.618,0.354,0.295,-0.252,-0.108,-0.638,-0.329,-0.556,-0.403,-0.785,-0.683,-0.229,-0.386,-0.43,0.054,0.107,0.473,0.513,0.054,-0.606,-0.241,-1.174,0.719,-0.559,0.862,0.486,0.852,1.212,1.453,0.44,-0.209,0.696,0.943,-0.258,33.444,0.066,-11.427,0.158,-30.521,0.318,-44.871,0.4,-63.965,0.093,-19.094,0.36,0.299,-0.238,-0.102,-0.635,-0.328,-0.55,-0.401,-0.785,-0.688,-0.234,-0.397,-0.434,0.051,0.106,0.474,0.516,0.055,-0.616,-0.24,-1.191,0.711,-0.559,0.857,0.49,0.866,1.206,1.454,0.448,-0.21,0.696,0.942
2017-06-30,CTD1,4187246,695025,0.020267187,0.029541695,0.037989896,0.012751135,0.008468138,0.0021277042,0.0021259508,0.00085472845,0.020357018,0.029518683,0.037854936,0.013071979,0.008717688,0.0020231022,0.022276886,-8.000000000000001e-45,1.13,-0.125,7.528,0.397,-44.574,0.554,-84.239,0.497,-52.102,0.635,-91.767,0.202,-39.665,0.096,0.064,-1.693,-0.377,-3.2,-1.074,-1.539,-0.441,-2.711,-1.17,-1.172,-1.507,-0.398,0.361,0.415,0.664,0.698,0.063,-0.728,0.114,-2.169,2.094,0.509,3.153,-0.22,0.622,2.693,4.055,0.209,0.049,0.626,0.916,-0.124,7.46,0.386,-42.623,0.544,-80.832,0.487,-50.083,0.626,-88.293,0.2,-38.21,0.098,0.065,-1.613,-0.372,-3.06,-1.057,-1.478,-0.437,-2.606,-1.154,-1.128,-1.446,-0.383,0.353,0.408,0.648,0.684,0.065,-0.72,0.113,-2.084,2.028,0.49,3.041,-0.217,0.616,2.601,3.899,0.213,0.05,0.632,0.914
2017-06-30,CTD2,4181518,693105,0.016517498,0.025367688,0.031084968,0.007473426,0.004881024,0.001217275,0.0012638009,0.0005068762,0.01648207,0.025398772,0.031188054,0.0077052345,0.0051243957,0.0011925652,0.023997532,-8.000000000000001e-45,0.6,-0.101,7.25,0.545,-94.387,0.677,-165.455,0.612,-101.638,0.729,-172.705,0.21,-71.068,0.054,0.035,-2.934,-0.461,-5.143,-1.237,-2.578,-0.496,-4.381,-1.291,-1.803,-2.209,-0.463,0.498,0.531,0.781,0.798,0.046,-0.715,0.163,-2.974,3.237,1.038,4.957,-0.306,0.572,3.967,6.074,0.138,0.048,0.582,0.933,-0.102,7.308,0.534,-90.41,0.664,-155.773,0.604,-97.718,0.718,-163.081,0.201,-65.363,0.056,0.037,-2.82,-0.463,-4.858,-1.2,-2.482,-0.501,-4.142,-1.257,-1.66,-2.039,-0.451,0.487,0.521,0.769,0.787,0.046,-0.689,0.149,-2.79,3.132,0.909,4.709,-0.276,0.563,3.846,5.783,0.139,0.045,0.585,0.934
2017-06-30,CTD3,4181698,695238,0.015449502,0.021422183,0.025057863,0.007897569,0.0058195754,0.0015518613,0.0015043294,0.0006166561,0.0153105855,0.021547975,0.024697088,0.00799204,0.0058166184,0.001532203,0.066870295,-8.000000000000001e-45,1.24,-0.078,6.773,0.461,-79.941,0.573,-125.153,0.521,-86.714,0.623,-131.926,0.151,-45.213,0.053,0.039,-2.003,-0.465,-3.136,-0.988,-1.858,-0.505,-2.826,-1.042,-0.969,-1.133,-0.265,0.438,0.473,0.63,0.656,0.045,-0.502,0.118,-1.593,2.48,0.508,3.366,-0.187,0.433,2.901,3.937,0.136,0.044,0.631,0.937,-0.068,5.917,0.459,-78.716,0.575,-125.513,0.511,-84.634,0.619,-131.431,0.158,-46.797,0.047,0.034,-1.944,-0.458,-3.1,-1.003,-1.824,-0.492,-2.832,-1.05,-1.008,-1.156,-0.228,0.444,0.481,0.61,0.639,0.047,-0.502,0.145,-1.55,2.461,0.614,3.381,-0.228,0.418,2.82,3.875,0.135,0.054,0.639,0.933
2017-06-30,CTD4,4180266,698264,0.018474942,0.026557297,0.03269803,0.0093244435,0.0077019935,0.0019760975,0.0019553616,0.00075169717,0.018661596,0.026405288,0.032900732,0.009431433,0.007350387,0.0019785652,0.10172809,-8.000000000000001e-45,1.17,-0.104,7.072,0.48,-69.591,0.55,-92.182,0.556,-76.662,0.619,-99.254,0.095,-22.592,0.066,0.054,-2.275,-0.536,-3.014,-0.86,-2.036,-0.59,-2.636,-0.925,-0.6,-0.739,-0.361,0.427,0.449,0.682,0.697,0.027,-0.398,-0.014,-1.397,2.613,-0.059,3.163,0.021,0.405,3.217,3.894,0.116,-0.005,0.606,0.961,-0.11,7.477,0.474,-68.157,0.564,-98.176,0.554,-75.634,0.635,-105.653,0.124,-30.019,0.071,0.055,-2.242,-0.501,-3.23,-0.926,-1.997,-0.556,-2.79,-0.996,-0.793,-0.988,-0.387,0.422,0.45,0.695,0.713,0.035,-0.481,0.023,-1.676,2.576,0.104,3.306,-0.037,0.467,3.21,4.119,0.134,0.008,0.604,0.951
2017-06-30,CTD6,4176009,695829,0.014288368,0.02187355,0.03017332,0.009782173,0.006607161,0.0016928541,0.0016972328,0.0006960351,0.014247245,0.021642271,0.03015083,0.010002512,0.006810086,0.0016292253,0.10775962,-8.000000000000001e-45,1.44,-0.159,12.575,0.382,-56.509,0.536,-105.634,0.51,-69.085,0.641,-118.209,0.194,-49.124,0.123,0.083,-1.705,-0.373,-3.187,-1.033,-1.511,-0.456,-2.586,-1.156,-1.075,-1.482,-0.506,0.329,0.382,0.716,0.744,0.061,-0.756,0.05,-2.331,2.017,0.226,2.986,-0.101,0.704,2.782,4.12,0.228,0.022,0.608,0.921,-0.164,13.039,0.368,-53.769,0.521,-100.635,0.502,-66.808,0.631,-113.674,0.19,-46.866,0.13,0.089,-1.621,-0.366,-3.034,-1.007,-1.446,-0.455,-2.46,-1.137,-1.014,-1.413,-0.506,0.315,0.369,0.708,0.738,0.062,-0.751,0.037,-2.264,1.938,0.164,2.846,-0.076,0.712,2.7,3.965,0.236,0.017,0.611,0.92
2017-06-30,CTD7,4176724,690397,0.020480853,0.03264059,0.046598703,0.014955263,0.009264766,0.0023425673,0.0023474235,0.0009417427,0.020472635,0.03263228,0.04668955,0.01532826,0.009913454,0.0021423695,0.00856756,-8.000000000000001e-45,0.6,-0.176,9.177,0.372,-36.229,0.558,-77.299,0.514,-45.406,0.668,-86.476,0.235,-41.07,0.137,0.085,-1.688,-0.336,-3.602,-1.156,-1.482,-0.421,-2.823,-1.293,-1.341,-1.914,-0.576,0.317,0.38,0.755,0.784,0.072,-0.914,0.081,-2.847,1.984,0.407,3.202,-0.187,0.808,2.832,4.571,0.259,0.037,0.601,0.908,-0.177,9.226,0.361,-34.594,0.534,-70.229,0.506,-43.821,0.65,-79.455,0.215,-35.634,0.141,0.091,-1.615,-0.343,-3.279,-1.076,-1.43,-0.434,-2.593,-1.218,-1.163,-1.664,-0.557,0.306,0.366,0.737,0.767,0.068,-0.847,0.052,-2.581,1.917,0.246,2.963,-0.115,0.784,2.742,4.24,0.257,0.025,0.605,0.913
2017-06-30,CTD8,4174178,693048,0.017271448,0.026172582,0.034994133,0.011128032,0.006920709,0.0017969251,0.0018103285,0.0007366638,0.017306384,0.026060998,0.035080723,0.011330863,0.007225878,0.0017082755,0.059021108,-8.000000000000001e-45,0.7,-0.144,9.632,0.403,-51.655,0.582,-106.286,0.517,-61.287,0.67,-115.918,0.233,-54.631,0.107,0.067,-1.808,-0.357,-3.719,-1.183,-1.604,-0.424,-3.034,-1.29,-1.43,-1.912,-0.489,0.359,0.417,0.721,0.753,0.069,-0.86,0.126,-2.704,2.154,0.637,3.464,-0.271,0.715,2.88,4.631,0.227,0.054,0.61,0.909,-0.148,9.866,0.394,-49.883,0.566,-100.02,0.512,-59.749,0.658,-109.886,0.221,-50.137,0.112,0.071,-1.75,-0.36,-3.509,-1.133,-1.557,-0.432,-2.864,-1.245,-1.307,-1.759,-0.486,0.348,0.406,0.713,0.745,0.067,-0.825,0.105,-2.555,2.094,0.511,3.284,-0.222,0.708,2.819,4.42,0.229,0.046,0.612,0.912
2017-06-30,CTD9,4171106,693183,0.027821157,0.042674866,0.057955574,0.032366145,0.019210875,0.005050064,0.005196822,0.0020447834,0.028188534,0.043018177,0.05778518,0.031876855,0.021224113,0.0045825383,0.00020461388,-8.000000000000001e-45,0.81,-0.152,6.178,0.137,-7.463,0.379,-28.621,0.283,-13.642,0.502,-34.799,0.255,-21.157,0.2,0.119,-0.433,-0.143,-1.659,-0.926,-0.582,-0.262,-1.485,-1.126,-0.903,-1.226,-0.296,0.134,0.26,0.413,0.516,0.131,-0.948,0.143,-1.698,0.987,0.431,1.663,-0.327,0.765,1.34,2.258,0.427,0.108,0.746,0.854,-0.146,5.941,0.149,-8.125,0.339,-23.87,0.289,-14.065,0.463,-29.811,0.201,-15.745,0.189,0.126,-0.469,-0.172,-1.379,-0.761,-0.605,-0.299,-1.282,-0.95,-0.677,-0.91,-0.278,0.141,0.243,0.403,0.488,0.106,-0.757,0.079,-1.373,0.982,0.214,1.475,-0.159,0.677,1.319,1.982,0.374,0.058,0.743,0.881
2017-06-30,CTD10,4170388,695646,0.016007408,0.023611633,0.026905747,0.008222215,0.0050828224,0.001325315,0.0013735933,0.00056754885,0.01607735,0.023832085,0.026571343,0.0083565265,0.0053122984,0.0012538818,0.00038697655,-8.000000000000001e-45,0.665,-0.065,5.185,0.483,-79.27,0.646,-154.389,0.532,-84.455,0.682,-159.574,0.236,-75.119,0.043,0.026,-2.133,-0.403,-4.154,-1.269,-1.994,-0.429,-3.768,-1.312,-1.774,-2.021,-0.248,0.481,0.527,0.651,0.686,0.062,-0.74,0.259,-2.422,2.683,1.373,4.34,-0.478,0.521,3.057,4.945,0.159,0.09,0.63,0.911,-0.054,4.326,0.481,-77.707,0.635,-146.282,0.521,-82.032,0.667,-150.608,0.223,-68.575,0.036,0.023,-2.065,-0.413,-3.887,-1.222,-1.955,-0.436,-3.589,-1.259,-1.634,-1.822,-0.2,0.485,0.53,0.625,0.66,0.06,-0.676,0.261,-2.15,2.652,1.306,4.172,-0.458,0.479,2.957,4.651,0.151,0.092,0.639,0.913
2017-06-30,CTD11,4169609,700351,0.010984656,0.014941023,0.023631908,0.008014794,0.006928744,0.001761733,0.0017298113,0.00066234445,0.010925381,0.014450009,0.023767952,0.008217196,0.006394488,0.0017755004,0.42437258,-2e-44,1.175,-0.225,24.614,0.302,-57.839,0.366,-77.396,0.493,-82.454,0.547,-102.011,0.073,-19.557,0.197,0.171,-1.367,-0.401,-1.829,-0.62,-1.232,-0.571,-1.524,-0.818,-0.292,-0.462,-0.582,0.227,0.253,0.714,0.728,0.028,-0.525,-0.232,-1.547,1.571,-0.792,1.817,0.425,0.717,2.485,2.874,0.243,-0.125,0.595,0.966,-0.244,27.131,0.275,-52.492,0.386,-87.181,0.486,-79.623,0.576,-114.311,0.125,-34.689,0.223,0.173,-1.248,-0.336,-2.072,-0.716,-1.151,-0.509,-1.652,-0.939,-0.501,-0.824,-0.638,0.207,0.252,0.746,0.766,0.048,-0.677,-0.17,-1.958,1.489,-0.633,1.914,0.36,0.867,2.45,3.148,0.3,-0.097,0.593,0.943
2017-06-30,CTD12,4173438,695414,0.020851087,0.02965814,0.039513133,0.015296827,0.00986412,0.0026508677,0.0026515317,0.0011007641,0.020597896,0.029867284,0.039647937,0.015564353,0.010375715,0.002392065,0.0024111148,-8.000000000000001e-45,1.275,-0.142,8.41,0.319,-31.655,0.501,-67.66,0.442,-40.065,0.6,-76.069,0.216,-36.004,0.129,0.083,-1.251,-0.312,-2.673,-1.035,-1.188,-0.395,-2.256,-1.164,-1.068,-1.423,-0.392,0.291,0.361,0.613,0.66,0.079,-0.8,0.106,-2.067,1.689,0.424,2.62,-0.218,0.687,2.25,3.49,0.266,0.055,0.65,0.901,-0.141,8.259,0.315,-30.768,0.484,-62.897,0.436,-39.027,0.585,-71.157,0.2,-32.13,0.129,0.086,-1.22,-0.319,-2.494,-0.979,-1.166,-0.405,-2.125,-1.108,-0.96,-1.274,-0.377,0.286,0.353,0.598,0.644,0.075,-0.747,0.087,-1.902,1.657,0.331,2.486,-0.173,0.661,2.2,3.3,0.259,0.045,0.654,0.906
2018-02-20,CTD1,4187246,695025,0.0018449604,0.0023610487,0.0045538167,0.0020216706,0.004421269,0.0007661036,0.00071167294,0.00027409976,0.0018565484,0.002346007,0.0047380463,0.002419089,0.0027931735,0.0010294012,3.2859805,-2.8899999999999995e-42,3.965,-0.317,203.945,0.077,-71.1,-0.304,197.361,0.385,-275.044,0.015,-6.583,-0.372,268.461,0.412,0.902,-0.324,-0.314,0.899,0.399,-0.649,-1.216,-0.016,-0.013,0.634,1.223,-0.34,0.038,-0.313,0.373,0.03,-0.347,0.061,-1.668,0.138,0.197,-1.718,0.09,1.471,-0.258,0.38,0.174,-0.115,-1.429,0.634,1.365,-0.338,215.199,-0.015,12.877,-0.087,68.24,0.324,-202.321,0.258,-146.958,-0.072,55.363,0.521,0.601,0.061,0.036,0.323,0.165,-0.475,-0.565,-0.345,-0.356,0.13,0.262,-0.459,-0.01,-0.062,0.451,0.408,-0.053,-0.371,-0.659,-0.727,0.38,-1.119,0.329,1.154,0.865,0.768,0.665,0.442,-0.68,0.673,1.052
2018-02-20,CTD2,4181518,693105,0.0037334298,0.00564229,0.0095112575,0.0021671946,0.0027785294,0.00048233633,0.00049421116,0.00018599891,0.0037469205,0.0054573487,0.009654581,0.0024207644,0.0019413177,0.00060486316,1.2422333,-2.8899999999999995e-42,4.68,-0.255,72.094,0.445,-284.193,0.34,-182.67,0.629,-356.287,0.548,-254.764,-0.124,101.523,0.156,0.2,-2.703,-0.79,-1.737,-0.396,-2.01,-0.99,-1.437,-0.552,0.573,0.966,-0.782,0.283,0.245,0.872,0.862,-0.04,-0.187,-0.689,-0.82,2.311,-2.358,1.803,0.906,0.404,3.896,3.039,0.092,-0.265,0.515,1.052,-0.278,79.661,0.385,-229.853,0.475,-331.875,0.599,-309.515,0.665,-411.536,0.11,-102.021,0.193,0.155,-2.219,-0.446,-3.204,-0.803,-1.689,-0.601,-2.246,-0.996,-0.557,-0.985,-0.962,0.262,0.291,0.978,0.979,0.032,-0.682,-0.237,-2.719,2.053,-1.177,2.56,0.522,0.967,3.633,4.53,0.243,-0.105,0.521,0.96
2018-02-20,CTD3,4181698,695238,0.005959592,0.010243557,0.018708058,0.004348435,0.0032090822,0.0007095557,0.0007038405,0.0002788295,0.00593303,0.010119167,0.01886443,0.0044996063,0.0030637407,0.00073439616,0.25957566,-2.878e-42,1.83,-0.292,44.169,0.404,-132.345,0.523,-213.993,0.623,-176.515,0.707,-258.163,0.151,-81.648,0.192,0.142,-2.476,-0.425,-4.003,-0.931,-1.808,-0.566,-2.645,-1.123,-0.836,-1.527,-1.12,0.269,0.305,1.067,1.062,0.039,-0.807,-0.19,-3.474,2.184,-1.11,2.96,0.471,1.088,3.989,5.405,0.253,-0.081,0.504,0.951,-0.302,45.813,0.384,-123.419,0.535,-227.576,0.615,-169.232,0.721,-273.389,0.19,-104.157,0.206,0.14,-2.328,-0.378,-4.293,-1.024,-1.712,-0.518,-2.766,-1.23,-1.054,-1.965,-1.156,0.256,0.302,1.09,1.081,0.05,-0.932,-0.144,-3.908,2.086,-0.89,3.064,0.396,1.183,3.89,5.713,0.282,-0.064,0.504,0.939
2018-02-20,CTD4,4180266,698264,0.008712168,0.013607952,0.023130678,0.0064191455,0.0044678743,0.0010407175,0.0010380787,0.0004084164,0.008711592,0.01342272,0.023364233,0.006688857,0.004457864,0.0010512659,0.22905879,-8.000000000000001e-45,2.055,-0.259,30.254,0.359,-82.298,0.506,-150.334,0.566,-112.551,0.676,-180.587,0.179,-68.036,0.194,0.135,-1.904,-0.368,-3.477,-0.965,-1.532,-0.503,-2.457,-1.159,-0.926,-1.574,-0.875,0.26,0.309,0.925,0.932,0.053,-0.848,-0.108,-3.057,1.927,-0.558,2.768,0.263,1.004,3.275,4.705,0.279,-0.051,0.545,0.934,-0.27,31.7,0.335,-75.002,0.501,-149.822,0.555,-106.702,0.68,-181.522,0.2,-74.82,0.212,0.141,-1.752,-0.334,-3.5,-1.002,-1.432,-0.476,-2.437,-1.214,-1.004,-1.748,-0.892,0.242,0.298,0.933,0.94,0.061,-0.926,-0.092,-3.234,1.816,-0.482,2.725,0.24,1.074,3.161,4.743,0.308,-0.046,0.547,0.926
2018-02-20,CTD6,4176009,695829,0.0100614475,0.015924154,0.02593666,0.008133883,0.006152658,0.0014141619,0.0013958584,0.00055627397,0.010027124,0.015882839,0.026114043,0.00840618,0.0057707755,0.0014804131,0.25637835,-8.000000000000001e-45,6.73,-0.239,24.242,0.324,-60.145,0.443,-99.734,0.523,-84.387,0.617,-123.976,0.139,-39.589,0.197,0.149,-1.56,-0.37,-2.587,-0.811,-1.344,-0.519,-1.974,-1.008,-0.63,-1.027,-0.701,0.243,0.287,0.806,0.822,0.047,-0.708,-0.142,-2.258,1.721,-0.601,2.275,0.307,0.872,2.802,3.705,0.274,-0.073,0.575,0.942,-0.244,24.667,0.308,-55.999,0.467,-110.326,0.513,-80.667,0.638,-134.993,0.186,-54.327,0.207,0.142,-1.462,-0.323,-2.881,-0.927,-1.281,-0.466,-2.144,-1.135,-0.863,-1.419,-0.722,0.234,0.293,0.818,0.838,0.063,-0.848,-0.078,-2.636,1.668,-0.354,2.43,0.187,0.958,2.743,3.996,0.308,-0.041,0.578,0.924
2018-02-20,CTD7,4176724,690397,0.008171807,0.013589553,0.024375081,0.007611109,0.0063621504,0.001439973,0.0014173215,0.0005587577,0.008151261,0.01341099,0.02458496,0.007931322,0.005829177,0.0015207531,0.37548137,-8.000000000000001e-45,1.84,-0.284,32.56,0.282,-57.801,0.362,-83.594,0.524,-90.361,0.586,-116.154,0.089,-25.793,0.248,0.207,-1.409,-0.368,-2.038,-0.636,-1.228,-0.575,-1.578,-0.884,-0.351,-0.629,-0.772,0.195,0.226,0.84,0.85,0.033,-0.639,-0.278,-2.046,1.524,-1.067,1.824,0.597,0.958,2.734,3.271,0.299,-0.156,0.558,0.961,-0.294,33.89,0.257,-51.517,0.394,-96.985,0.512,-85.407,0.617,-130.876,0.153,-45.468,0.269,0.198,-1.267,-0.3,-2.384,-0.769,-1.145,-0.498,-1.755,-1.038,-0.61,-1.118,-0.812,0.18,0.233,0.866,0.879,0.055,-0.815,-0.189,-2.527,1.454,-0.799,1.978,0.473,1.098,2.665,3.626,0.354,-0.112,0.562,0.935
2018-02-20,CTD8,4174178,693048,0.007041697,0.012079395,0.019779852,0.005072339,0.0038820857,0.0008533308,0.0008399631,0.00032908292,0.0070217145,0.011998135,0.019898336,0.0053010867,0.003676758,0.00089619233,0.2608033,-8.000000000000001e-45,1.495,-0.242,32.229,0.409,-114.362,0.514,-174.808,0.592,-146.591,0.672,-207.037,0.133,-60.446,0.163,0.125,-2.262,-0.444,-3.458,-0.887,-1.771,-0.569,-2.501,-1.05,-0.73,-1.196,-0.86,0.296,0.33,0.921,0.927,0.037,-0.696,-0.155,-2.714,2.185,-0.788,2.855,0.331,0.872,3.578,4.675,0.224,-0.065,0.538,0.952,-0.248,33.091,0.387,-105.294,0.531,-188.632,0.579,-138.385,0.688,-221.723,0.181,-83.338,0.175,0.122,-2.095,-0.387,-3.753,-1.0,-1.66,-0.509,-2.66,-1.175,-1.0,-1.658,-0.88,0.284,0.33,0.931,0.938,0.051,-0.839,-0.091,-3.149,2.079,-0.49,2.997,0.217,0.965,3.447,4.97,0.257,-0.04,0.542,0.936
2018-02-20,CTD9,4171106,693183,0.019578973,0.031036908,0.051963568,0.026312552,0.020225585,0.005463091,0.005385534,0.0021298386,0.019435916,0.031337854,0.052403618,0.026346503,0.02068086,0.0052783997,0.19662866,-8.000000000000001e-45,1.2,-0.252,12.975,0.082,-5.785,0.211,-17.223,0.328,-18.76,0.44,-30.198,0.131,-11.438,0.341,0.262,-0.301,-0.117,-0.895,-0.453,-0.582,-0.379,-0.937,-0.795,-0.355,-0.594,-0.45,0.065,0.138,0.5,0.553,0.073,-0.704,-0.171,-1.39,0.79,-0.44,1.028,0.373,0.906,1.323,1.721,0.459,-0.145,0.691,0.922,-0.252,12.828,0.087,-6.045,0.205,-16.444,0.331,-18.873,0.434,-29.271,0.12,-10.398,0.338,0.265,-0.317,-0.125,-0.862,-0.433,-0.591,-0.39,-0.917,-0.771,-0.326,-0.545,-0.448,0.068,0.135,0.501,0.55,0.068,-0.676,-0.187,-1.344,0.795,-0.474,1.013,0.398,0.887,1.329,1.693,0.446,-0.157,0.689,0.928
2018-02-20,CTD10,4170388,695646,0.016007408,0.024324449,0.03754879,0.014263056,0.0106047,0.0027028676,0.0026894996,0.0010630091,0.015801843,0.024307664,0.037659213,0.014413671,0.010210879,0.0026956727,0.31123126,-8.000000000000001e-45,4.13,-0.214,14.479,0.261,-29.0,0.393,-53.187,0.449,-43.479,0.56,-67.666,0.147,-24.187,0.207,0.154,-1.089,-0.308,-1.997,-0.759,-1.058,-0.461,-1.646,-0.965,-0.588,-0.908,-0.532,0.209,0.265,0.667,0.698,0.059,-0.697,-0.096,-1.835,1.423,-0.339,1.914,0.199,0.8,2.197,2.954,0.304,-0.056,0.624,0.929,-0.215,14.585,0.256,-28.239,0.408,-56.795,0.446,-42.825,0.573,-71.381,0.171,-28.556,0.21,0.149,-1.063,-0.288,-2.139,-0.819,-1.041,-0.437,-1.735,-1.029,-0.694,-1.075,-0.542,0.207,0.271,0.673,0.709,0.068,-0.766,-0.063,-2.002,1.415,-0.232,1.998,0.138,0.841,2.193,3.095,0.322,-0.037,0.625,0.919
2018-02-20,CTD11,4169609,700351,0.0102082575,0.016903138,0.028072657,0.00966208,0.0069690645,0.0017391859,0.0017186293,0.0006928671,0.010170741,0.016938416,0.028138492,0.009865843,0.007090736,0.0016910037,0.19722107,-8.000000000000001e-45,4.28,-0.248,23.539,0.273,-44.337,0.416,-84.331,0.488,-67.876,0.602,-107.869,0.162,-39.994,0.227,0.164,-1.245,-0.309,-2.367,-0.815,-1.147,-0.473,-1.823,-1.042,-0.676,-1.123,-0.672,0.207,0.263,0.771,0.794,0.06,-0.784,-0.119,-2.279,1.501,-0.48,2.081,0.274,0.94,2.493,3.457,0.323,-0.068,0.591,0.929,-0.248,23.499,0.264,-42.322,0.41,-81.992,0.481,-65.821,0.597,-105.491,0.164,-39.669,0.232,0.167,-1.191,-0.3,-2.307,-0.809,-1.115,-0.467,-1.787,-1.041,-0.672,-1.116,-0.661,0.201,0.259,0.76,0.785,0.062,-0.789,-0.117,-2.251,1.465,-0.463,2.038,0.27,0.943,2.433,3.386,0.33,-0.068,0.595,0.927
2018-02-20,CTD12,4173438,695414,0.008297163,0.013557416,0.02400867,0.0065127187,0.0058195754,0.0013498847,0.0013124424,0.00051136134,0.0082847625,0.013438372,0.024133202,0.006819135,0.0053704483,0.0013871376,0.3172491,-8.000000000000001e-45,5.61,-0.278,32.109,0.351,-79.785,0.399,-98.073,0.573,-111.894,0.61,-130.182,0.056,-18.288,0.209,0.187,-1.916,-0.464,-2.355,-0.639,-1.517,-0.651,-1.765,-0.848,-0.248,-0.439,-0.847,0.236,0.254,0.903,0.906,0.018,-0.554,-0.329,-2.044,1.839,-1.357,2.058,0.652,0.877,3.257,3.645,0.238,-0.158,0.534,0.977,-0.285,32.977,0.327,-72.232,0.429,-111.79,0.559,-105.209,0.636,-144.768,0.119,-39.558,0.225,0.177,-1.743,-0.388,-2.698,-0.762,-1.414,-0.565,-1.945,-0.987,-0.532,-0.955,-0.877,0.224,0.261,0.921,0.926,0.039,-0.713,-0.231,-2.523,1.748,-1.037,2.22,0.526,1.008,3.139,3.986,0.285,-0.117,0.539,0.953
2018-03-07,CTD1,4187246,695025,0.02249385,0.03396407,0.05073416,0.018465992,0.013666023,0.003513069,0.003513554,0.0013909475,0.022281867,0.03404453,0.051157124,0.018641995,0.013532214,0.0033452036,0.15205923,-8.000000000000001e-45,3.905,-0.198,9.732,0.296,-24.711,0.426,-43.731,0.466,-34.443,0.576,-53.464,0.149,-19.021,0.18,0.133,-1.254,-0.338,-2.219,-0.808,-1.17,-0.471,-1.816,-0.987,-0.646,-0.965,-0.522,0.241,0.293,0.677,0.707,0.057,-0.682,-0.071,-1.873,1.57,-0.262,2.121,0.143,0.754,2.345,3.169,0.274,-0.038,0.619,0.931,-0.201,9.826,0.292,-24.269,0.431,-44.524,0.466,-34.095,0.582,-54.35,0.159,-20.255,0.183,0.133,-1.242,-0.328,-2.278,-0.83,-1.161,-0.461,-1.85,-1.013,-0.69,-1.036,-0.532,0.238,0.294,0.683,0.714,0.06,-0.712,-0.06,-1.954,1.562,-0.228,2.151,0.125,0.777,2.347,3.233,0.283,-0.033,0.618,0.927
2018-03-07,CTD2,4181518,693105,0.013861113,0.021516087,0.03392647,0.010907069,0.008624411,0.0021435353,0.002147539,0.00084840215,0.013836381,0.021349184,0.034073807,0.011207777,0.008329929,0.0021123958,0.30125627,-8.000000000000001e-45,3.615,-0.224,17.001,0.327,-45.207,0.428,-69.473,0.513,-62.208,0.595,-86.474,0.117,-24.266,0.185,0.147,-1.534,-0.39,-2.357,-0.758,-1.338,-0.537,-1.861,-0.943,-0.522,-0.823,-0.635,0.249,0.288,0.764,0.78,0.041,-0.63,-0.157,-1.961,1.718,-0.616,2.173,0.312,0.786,2.71,3.427,0.253,-0.079,0.585,0.949,-0.23,17.492,0.311,-42.384,0.439,-73.209,0.505,-59.876,0.607,-90.701,0.147,-30.825,0.196,0.146,-1.444,-0.353,-2.495,-0.821,-1.278,-0.499,-1.936,-1.017,-0.658,-1.05,-0.651,0.239,0.288,0.77,0.791,0.052,-0.719,-0.117,-2.186,1.66,-0.477,2.234,0.251,0.853,2.65,3.566,0.281,-0.061,0.587,0.936
2018-03-07,CTD3,4181698,695238,0.019866353,0.028975075,0.04406948,0.015645958,0.0129312575,0.0033260223,0.003332921,0.0013136751,0.019530576,0.028715886,0.044542864,0.015771337,0.012138703,0.0032587242,0.367002,-8.000000000000001e-45,2.56,-0.207,11.821,0.299,-29.402,0.383,-42.82,0.476,-41.223,0.546,-54.641,0.095,-13.418,0.185,0.153,-1.296,-0.38,-1.887,-0.67,-1.194,-0.533,-1.583,-0.855,-0.389,-0.591,-0.528,0.234,0.269,0.678,0.698,0.037,-0.552,-0.169,-1.556,1.558,-0.576,1.886,0.311,0.694,2.37,2.868,0.247,-0.091,0.611,0.955,-0.216,12.374,0.291,-28.582,0.406,-47.557,0.477,-40.956,0.572,-59.931,0.13,-18.975,0.195,0.15,-1.273,-0.347,-2.118,-0.75,-1.176,-0.497,-1.721,-0.945,-0.545,-0.845,-0.567,0.228,0.275,0.704,0.728,0.05,-0.655,-0.125,-1.849,1.548,-0.459,2.012,0.252,0.781,2.402,3.12,0.277,-0.069,0.607,0.94
2018-03-07,CTD4,4180266,698264,0.016556958,0.026250858,0.04208429,0.012456603,0.009673952,0.002283774,0.0022610163,0.00087157765,0.016445383,0.026054762,0.042337365,0.012743926,0.008916999,0.0022960855,0.2455442,-8.000000000000001e-45,2.145,-0.232,14.332,0.356,-42.185,0.461,-65.276,0.543,-56.517,0.626,-79.609,0.126,-23.092,0.179,0.139,-1.775,-0.408,-2.747,-0.813,-1.484,-0.547,-2.09,-0.992,-0.606,-0.972,-0.715,0.267,0.304,0.825,0.837,0.041,-0.664,-0.153,-2.243,1.878,-0.665,2.418,0.316,0.827,3.01,3.876,0.245,-0.073,0.566,0.949,-0.238,14.761,0.343,-40.088,0.49,-73.765,0.537,-54.849,0.652,-88.526,0.177,-33.677,0.188,0.132,-1.697,-0.357,-3.123,-0.94,-1.429,-0.489,-2.307,-1.128,-0.877,-1.426,-0.752,0.26,0.311,0.846,0.861,0.056,-0.814,-0.084,-2.703,1.834,-0.4,2.621,0.196,0.925,2.98,4.259,0.279,-0.041,0.567,0.931
2018-03-07,CTD6,4176009,695829,0.01016021,0.0163121,0.025919653,0.0070386124,0.0054993434,0.0012592532,0.0012627431,0.00049023377,0.010153421,0.016201878,0.026129706,0.007370416,0.005220433,0.0013113262,0.283667,-8.000000000000001e-45,3.815,-0.227,22.723,0.397,-80.769,0.496,-120.536,0.573,-103.493,0.65,-143.259,0.123,-39.766,0.16,0.125,-2.094,-0.444,-3.124,-0.848,-1.688,-0.569,-2.337,-1.008,-0.649,-1.031,-0.766,0.295,0.328,0.866,0.875,0.036,-0.651,-0.152,-2.396,2.105,-0.716,2.695,0.309,0.808,3.345,4.282,0.219,-0.066,0.553,0.953,-0.235,23.451,0.375,-73.956,0.513,-129.834,0.56,-97.407,0.667,-153.284,0.171,-55.877,0.173,0.122,-1.932,-0.386,-3.393,-0.957,-1.578,-0.509,-2.483,-1.13,-0.905,-1.46,-0.788,0.282,0.328,0.876,0.887,0.051,-0.792,-0.088,-2.807,1.998,-0.442,2.821,0.201,0.904,3.223,4.55,0.255,-0.04,0.557,0.936
2018-03-07,CTD7,4176724,690397,0.010357352,0.01683453,0.026581934,0.0064783115,0.004919931,0.0010745063,0.001066016,0.00040581077,0.010354,0.01677986,0.02679436,0.006789225,0.004609818,0.0011299886,0.21106294,-8.000000000000001e-45,1.88,-0.225,21.782,0.444,-94.959,0.548,-143.853,0.608,-116.742,0.688,-165.635,0.137,-48.894,0.141,0.107,-2.524,-0.467,-3.824,-0.932,-1.965,-0.574,-2.788,-1.073,-0.823,-1.3,-0.855,0.329,0.36,0.924,0.929,0.036,-0.683,-0.126,-2.804,2.414,-0.682,3.178,0.262,0.82,3.811,5.018,0.2,-0.049,0.537,0.953,-0.23,22.274,0.424,-87.697,0.569,-157.333,0.596,-109.971,0.706,-179.607,0.191,-69.636,0.151,0.103,-2.35,-0.404,-4.216,-1.068,-1.845,-0.507,-3.014,-1.219,-1.168,-1.866,-0.879,0.318,0.362,0.935,0.941,0.05,-0.847,-0.053,-3.341,2.299,-0.307,3.387,0.124,0.918,3.672,5.408,0.233,-0.021,0.541,0.935
2018-03-07,CTD8,4174178,693048,0.010914247,0.017551016,0.02859886,0.0075920504,0.0056852354,0.0012931526,0.0012867842,0.00049629214,0.010891828,0.017420707,0.028783383,0.007933954,0.005506361,0.0013092328,0.2113159,-8.000000000000001e-45,2.22,-0.239,22.01,0.396,-74.74,0.511,-118.917,0.58,-96.75,0.668,-140.928,0.144,-44.177,0.167,0.125,-2.137,-0.425,-3.401,-0.903,-1.698,-0.55,-2.473,-1.07,-0.775,-1.263,-0.832,0.29,0.328,0.904,0.911,0.041,-0.722,-0.135,-2.719,2.113,-0.68,2.822,0.294,0.881,3.443,4.598,0.234,-0.058,0.545,0.947,-0.246,22.661,0.374,-68.638,0.52,-124.205,0.568,-91.298,0.679,-146.866,0.181,-55.568,0.18,0.125,-1.976,-0.378,-3.575,-0.985,-1.59,-0.503,-2.559,-1.165,-0.968,-1.599,-0.845,0.277,0.324,0.909,0.918,0.053,-0.836,-0.089,-3.032,2.004,-0.464,2.888,0.211,0.958,3.312,4.772,0.264,-0.04,0.549,0.934
2018-03-07,CTD9,4171106,693183,0.021306556,0.031484976,0.04601881,0.020667458,0.013991415,0.0037190781,0.0036908577,0.0014743258,0.021145368,0.031759568,0.046264585,0.02066231,0.01454877,0.0035162433,0.0908607,-8.000000000000001e-45,0.86,-0.188,10.031,0.207,-16.624,0.385,-39.711,0.38,-26.655,0.534,-49.742,0.193,-23.087,0.207,0.14,-0.765,-0.233,-1.827,-0.821,-0.839,-0.373,-1.566,-1.028,-0.727,-1.062,-0.419,0.18,0.262,0.557,0.614,0.086,-0.793,0.007,-1.766,1.219,0.024,1.801,-0.016,0.785,1.782,2.633,0.352,0.005,0.673,0.9,-0.186,9.872,0.212,-16.911,0.372,-37.248,0.383,-26.782,0.522,-47.12,0.174,-20.337,0.204,0.144,-0.782,-0.246,-1.723,-0.77,-0.851,-0.39,-1.496,-0.974,-0.646,-0.941,-0.412,0.182,0.257,0.553,0.605,0.078,-0.734,-0.018,-1.643,1.223,-0.056,1.736,0.037,0.753,1.781,2.529,0.336,-0.011,0.672,0.909
2018-03-07,CTD10,4170388,695646,0.008929647,0.014268267,0.023608547,0.0059086755,0.004578168,0.0010199648,0.0010279762,0.00039306763,0.008933059,0.014084638,0.023811541,0.0062045706,0.0043281154,0.0010679568,0.29950598,-8.000000000000001e-45,3.445,-0.247,27.728,0.414,-99.157,0.514,-148.342,0.6,-126.885,0.675,-176.07,0.127,-49.185,0.164,0.127,-2.341,-0.454,-3.502,-0.877,-1.81,-0.581,-2.512,-1.04,-0.702,-1.161,-0.891,0.297,0.328,0.939,0.943,0.035,-0.686,-0.17,-2.742,2.221,-0.879,2.866,0.364,0.88,3.675,4.743,0.22,-0.071,0.533,0.955,-0.257,29.003,0.388,-90.172,0.53,-160.048,0.587,-119.175,0.692,-189.051,0.178,-69.876,0.18,0.126,-2.147,-0.39,-3.811,-0.993,-1.679,-0.516,-2.663,-1.173,-0.984,-1.664,-0.923,0.28,0.325,0.956,0.96,0.05,-0.842,-0.106,-3.232,2.088,-0.584,2.994,0.257,0.993,3.53,5.061,0.259,-0.047,0.535,0.937
2018-03-07,CTD11,4169609,700351,0.011386328,0.018421758,0.029582277,0.008777235,0.0063621504,0.0015071384,0.0015056143,0.0005892848,0.011359379,0.018360503,0.029706944,0.009089486,0.006237169,0.0015431229,0.22433037,-8.000000000000001e-45,2.03,-0.232,20.48,0.355,-59.647,0.487,-102.896,0.542,-80.127,0.646,-123.376,0.16,-43.248,0.18,0.13,-1.765,-0.379,-3.044,-0.903,-1.476,-0.51,-2.273,-1.083,-0.797,-1.279,-0.737,0.268,0.314,0.839,0.854,0.05,-0.757,-0.102,-2.551,1.884,-0.475,2.599,0.226,0.881,3.025,4.173,0.261,-0.049,0.567,0.937,-0.236,20.803,0.338,-55.552,0.493,-105.864,0.531,-76.355,0.653,-126.667,0.186,-50.312,0.189,0.13,-1.65,-0.346,-3.145,-0.962,-1.402,-0.476,-2.326,-1.151,-0.924,-1.495,-0.74,0.258,0.312,0.838,0.855,0.059,-0.839,-0.068,-2.743,1.81,-0.325,2.638,0.161,0.932,2.929,4.268,0.285,-0.034,0.571,0.926
2018-03-07,CTD12,4173438,695414,0.010771207,0.016207367,0.026192997,0.0076988917,0.0059208465,0.0014029214,0.001403567,0.0005476779,0.010722237,0.015967747,0.026341908,0.007981452,0.0056779995,0.0014342134,0.35807896,-8.000000000000001e-45,2.915,-0.236,23.522,0.356,-68.188,0.465,-107.194,0.546,-91.711,0.631,-130.717,0.131,-39.006,0.181,0.139,-1.786,-0.404,-2.808,-0.825,-1.486,-0.543,-2.119,-1.006,-0.632,-1.022,-0.733,0.265,0.304,0.836,0.848,0.042,-0.682,-0.15,-2.319,1.879,-0.665,2.443,0.316,0.847,3.037,3.949,0.249,-0.071,0.564,0.948,-0.245,24.664,0.333,-62.664,0.475,-113.492,0.535,-87.328,0.645,-138.156,0.169,-50.828,0.197,0.14,-1.651,-0.356,-2.99,-0.906,-1.394,-0.496,-2.206,-1.103,-0.812,-1.339,-0.759,0.249,0.3,0.848,0.863,0.054,-0.8,-0.105,-2.639,1.785,-0.488,2.509,0.244,0.938,2.945,4.139,0.284,-0.053,0.566,0.933
2018-05-16,CTD2,4181518,693105,0.013089571,0.02032532,0.026115848,0.0068315933,0.0045833304,0.0011361307,0.0011212653,0.00044219074,0.013133888,0.020304305,0.026067093,0.0070531485,0.0046081226,0.0011245395,0.100724034,-8.000000000000001e-45,1.825,-0.125,10.909,0.497,-97.179,0.632,-168.982,0.585,-108.088,0.701,-179.891,0.197,-71.803,0.075,0.05,-2.538,-0.445,-4.413,-1.154,-2.197,-0.495,-3.656,-1.229,-1.459,-1.875,-0.507,0.44,0.478,0.774,0.793,0.048,-0.712,0.107,-2.723,2.8,0.612,4.173,-0.206,0.614,3.597,5.362,0.161,0.036,0.585,0.932,-0.124,10.888,0.484,-92.53,0.63,-167.757,0.574,-103.418,0.7,-178.646,0.21,-75.227,0.077,0.05,-2.412,-0.426,-4.373,-1.183,-2.1,-0.477,-3.627,-1.26,-1.527,-1.961,-0.494,0.432,0.474,0.763,0.784,0.053,-0.752,0.126,-2.778,2.702,0.71,4.136,-0.247,0.63,3.469,5.309,0.171,0.044,0.59,0.926
2018-05-16,CTD3,4181698,695238,0.012677141,0.018888775,0.02390607,0.0069614258,0.004404755,0.0011426525,0.0011837172,0.00047649033,0.012687859,0.018805888,0.023935404,0.0071391156,0.0046678046,0.00109325,0.14857058,-8.000000000000001e-45,2.345,-0.117,11.111,0.461,-90.707,0.622,-174.086,0.549,-101.818,0.689,-185.197,0.225,-83.379,0.077,0.049,-2.168,-0.4,-4.162,-1.212,-1.923,-0.448,-3.498,-1.289,-1.575,-1.993,-0.441,0.421,0.469,0.727,0.754,0.06,-0.79,0.157,-2.714,2.529,0.854,3.997,-0.315,0.633,3.201,5.059,0.184,0.058,0.604,0.917,-0.12,11.396,0.45,-86.899,0.602,-161.059,0.541,-98.294,0.674,-172.454,0.209,-74.16,0.081,0.053,-2.08,-0.406,-3.855,-1.15,-1.849,-0.459,-3.243,-1.231,-1.395,-1.775,-0.434,0.408,0.455,0.716,0.743,0.058,-0.744,0.132,-2.494,2.439,0.676,3.731,-0.257,0.619,3.105,4.748,0.185,0.05,0.607,0.92
2018-05-16,CTD4,4180266,698264,0.01274205,0.018818632,0.024722375,0.00581454,0.004044695,0.00096474076,0.0009975304,0.00039356836,0.012770004,0.01875043,0.024832185,0.00597145,0.003984765,0.0009897818,0.16409235,-8.000000000000001e-45,1.59,-0.136,12.69,0.528,-118.844,0.646,-194.099,0.619,-131.533,0.719,-206.788,0.18,-75.255,0.074,0.051,-2.938,-0.481,-4.799,-1.129,-2.475,-0.532,-3.891,-1.202,-1.416,-1.86,-0.599,0.452,0.484,0.827,0.839,0.041,-0.676,0.066,-2.876,3.073,0.401,4.417,-0.124,0.618,4.037,5.803,0.145,0.02,0.566,0.942,-0.14,13.062,0.517,-114.131,0.649,-197.624,0.612,-127.193,0.723,-210.686,0.2,-83.492,0.078,0.052,-2.834,-0.455,-4.907,-1.18,-2.385,-0.507,-3.95,-1.258,-1.566,-2.073,-0.611,0.443,0.479,0.83,0.843,0.046,-0.743,0.088,-3.092,2.98,0.547,4.465,-0.174,0.657,3.946,5.913,0.158,0.028,0.567,0.936
2018-05-16,CTD6,4176009,695829,0.01515713,0.022147184,0.025107317,0.006338207,0.004255987,0.0010563881,0.0011116058,0.00043801064,0.015232928,0.022174206,0.025096577,0.006518613,0.004326516,0.0010444911,0.091030285,-8.000000000000001e-45,0.745,-0.063,5.323,0.555,-112.621,0.678,-189.811,0.597,-117.944,0.71,-195.134,0.197,-77.19,0.034,0.023,-2.828,-0.479,-4.766,-1.203,-2.612,-0.502,-4.322,-1.237,-1.71,-1.938,-0.279,0.538,0.569,0.711,0.732,0.044,-0.607,0.211,-2.405,3.325,1.243,4.951,-0.356,0.462,3.769,5.613,0.117,0.06,0.603,0.934,-0.062,5.251,0.546,-108.309,0.673,-186.035,0.588,-113.561,0.706,-191.287,0.202,-77.726,0.034,0.023,-2.718,-0.469,-4.669,-1.213,-2.518,-0.491,-4.242,-1.247,-1.724,-1.951,-0.269,0.532,0.565,0.701,0.724,0.046,-0.623,0.22,-2.399,3.229,1.275,4.865,-0.375,0.468,3.655,5.507,0.122,0.065,0.607,0.931
2018-05-16,CTD7,4176724,690397,0.021764008,0.034804765,0.050052825,0.015130617,0.009587707,0.0023425673,0.0023237045,0.00092993054,0.0217959,0.034865707,0.050211992,0.015497276,0.010001959,0.0021917592,0.053544197,-8.000000000000001e-45,2.63,-0.18,8.753,0.394,-37.359,0.568,-75.569,0.536,-46.112,0.678,-84.321,0.224,-38.209,0.132,0.084,-1.87,-0.358,-3.782,-1.143,-1.605,-0.442,-2.935,-1.276,-1.33,-1.912,-0.617,0.33,0.387,0.787,0.81,0.065,-0.883,0.062,-2.92,2.109,0.322,3.328,-0.14,0.804,3.033,4.786,0.243,0.027,0.588,0.915,-0.18,8.766,0.385,-35.846,0.554,-71.299,0.528,-44.612,0.668,-80.065,0.216,-35.453,0.136,0.088,-1.8,-0.359,-3.58,-1.105,-1.555,-0.446,-2.792,-1.241,-1.236,-1.78,-0.602,0.322,0.378,0.774,0.798,0.065,-0.855,0.049,-2.77,2.051,0.246,3.177,-0.109,0.795,2.953,4.576,0.245,0.022,0.592,0.916
2018-05-16,CTD8,4174178,693048,0.018250255,0.027387407,0.034275476,0.0075190193,0.0052535785,0.0012047935,0.0012606307,0.00049368537,0.018194437,0.027216647,0.03465215,0.007873616,0.0051300004,0.0012123585,0.13511534,-8.000000000000001e-45,0.595,-0.112,7.338,0.569,-96.483,0.678,-153.833,0.64,-103.821,0.734,-161.171,0.177,-57.35,0.055,0.039,-3.307,-0.507,-5.273,-1.157,-2.843,-0.545,-4.414,-1.212,-1.571,-1.966,-0.539,0.503,0.53,0.82,0.831,0.037,-0.632,0.1,-2.882,3.489,0.655,4.994,-0.18,0.553,4.367,6.25,0.121,0.028,0.566,0.946,-0.12,7.884,0.551,-90.264,0.683,-158.19,0.63,-98.148,0.742,-166.074,0.211,-67.925,0.062,0.04,-3.128,-0.463,-5.482,-1.246,-2.671,-0.504,-4.52,-1.308,-1.849,-2.354,-0.572,0.486,0.519,0.828,0.841,0.044,-0.749,0.134,-3.298,3.309,0.904,5.078,-0.262,0.622,4.213,6.466,0.141,0.039,0.567,0.935
2018-05-16,CTD9,4171106,693183,0.028348394,0.042476423,0.06275782,0.03794823,0.026037116,0.0068438672,0.0069709183,0.0027148656,0.028445179,0.042893264,0.06309342,0.037214875,0.027992427,0.0065213344,0.0034590382,-8.000000000000001e-45,0.77,-0.193,7.608,0.056,-2.809,0.24,-14.864,0.246,-10.417,0.414,-22.472,0.186,-12.055,0.289,0.198,-0.176,-0.073,-0.933,-0.564,-0.442,-0.271,-0.955,-0.853,-0.512,-0.757,-0.317,0.051,0.163,0.362,0.457,0.113,-0.781,-0.009,-1.291,0.704,-0.022,1.027,0.02,0.791,1.041,1.517,0.479,-0.008,0.764,0.882,-0.191,7.464,0.071,-3.557,0.21,-12.41,0.258,-11.021,0.385,-19.874,0.141,-8.853,0.278,0.209,-0.224,-0.1,-0.783,-0.462,-0.473,-0.309,-0.852,-0.74,-0.38,-0.559,-0.31,0.062,0.149,0.365,0.438,0.087,-0.65,-0.072,-1.101,0.709,-0.163,0.942,0.141,0.719,1.043,1.386,0.424,-0.063,0.756,0.908
2018-05-16,CTD10,4170388,695646,0.012021942,0.01878048,0.025339318,0.006342674,0.0039705206,0.0010170976,0.0010756658,0.00043350217,0.01201822,0.018634845,0.025516603,0.006625678,0.0043233186,0.000992189,0.090129405,-8.000000000000001e-45,1.295,-0.149,13.782,0.495,-104.415,0.651,-198.609,0.6,-118.198,0.729,-212.392,0.23,-94.194,0.087,0.055,-2.646,-0.415,-5.033,-1.26,-2.22,-0.469,-3.989,-1.347,-1.769,-2.387,-0.636,0.424,0.467,0.835,0.851,0.054,-0.856,0.115,-3.421,2.804,0.735,4.48,-0.248,0.723,3.784,6.044,0.181,0.039,0.569,0.925,-0.156,14.473,0.475,-97.265,0.623,-177.641,0.588,-111.738,0.71,-192.114,0.21,-80.376,0.096,0.063,-2.482,-0.421,-4.533,-1.177,-2.082,-0.483,-3.58,-1.273,-1.498,-2.051,-0.629,0.402,0.445,0.823,0.839,0.052,-0.802,0.078,-3.09,2.643,0.459,4.051,-0.163,0.717,3.619,5.547,0.186,0.028,0.572,0.928
2018-05-16,CTD11,4169609,700351,0.01541265,0.022810996,0.03295109,0.010196252,0.007856047,0.0018931893,0.0018396595,0.0007276013,0.0152678415,0.022657283,0.03311606,0.010488034,0.007453365,0.0018862302,0.21786281,-8.000000000000001e-45,1.2,-0.182,13.49,0.382,-54.237,0.488,-83.452,0.527,-67.727,0.615,-96.942,0.13,-29.215,0.138,0.106,-1.787,-0.426,-2.75,-0.851,-1.545,-0.532,-2.211,-0.988,-0.666,-0.963,-0.562,0.309,0.347,0.742,0.76,0.042,-0.606,-0.078,-1.957,1.999,-0.328,2.594,0.147,0.674,2.887,3.747,0.209,-0.035,0.592,0.946,-0.188,13.939,0.367,-51.211,0.505,-90.032,0.519,-65.15,0.633,-103.971,0.169,-38.821,0.146,0.104,-1.696,-0.382,-2.981,-0.944,-1.476,-0.486,-2.356,-1.09,-0.88,-1.286,-0.583,0.3,0.349,0.751,0.774,0.054,-0.723,-0.026,-2.283,1.935,-0.118,2.723,0.054,0.751,2.829,3.98,0.238,-0.012,0.594,0.93
2018-05-16,CTD12,4173438,695414,0.01858197,0.026795913,0.03392647,0.008043668,0.005795102,0.0013680739,0.0014508219,0.0005688173,0.018508025,0.026518535,0.034304302,0.008331793,0.005647369,0.0013592581,0.12496803,-8.000000000000001e-45,0.48,-0.117,7.844,0.538,-87.002,0.644,-135.24,0.617,-94.846,0.708,-143.084,0.162,-48.238,0.063,0.045,-2.952,-0.504,-4.588,-1.088,-2.541,-0.55,-3.834,-1.151,-1.293,-1.637,-0.515,0.472,0.5,0.794,0.807,0.037,-0.598,0.069,-2.523,3.16,0.406,4.387,-0.122,0.546,4.002,5.554,0.129,0.021,0.574,0.946,-0.128,8.559,0.522,-82.313,0.649,-139.364,0.609,-90.871,0.717,-147.923,0.192,-57.051,0.071,0.048,-2.824,-0.465,-4.781,-1.161,-2.41,-0.513,-3.923,-1.232,-1.513,-1.957,-0.557,0.455,0.49,0.807,0.822,0.044,-0.702,0.095,-2.892,3.018,0.578,4.453,-0.182,0.616,3.904,5.76,0.15,0.03,0.573,0.937
2018-06-20,CTD1,4187246,695025,0.015043783,0.0223564,0.027331281,0.01026327,0.006384248,0.0018062307,0.0018221581,0.00075759477,0.015032241,0.022680182,0.02700276,0.010355861,0.007004296,0.0016498034,0.00019537915,-8.000000000000001e-45,0.95,-0.1,8.142,0.371,-52.705,0.556,-111.906,0.454,-60.847,0.621,-120.047,0.233,-59.201,0.084,0.052,-1.44,-0.336,-3.059,-1.149,-1.36,-0.388,-2.684,-1.232,-1.324,-1.618,-0.299,0.359,0.425,0.594,0.642,0.078,-0.79,0.196,-2.103,1.945,0.839,3.126,-0.385,0.6,2.377,3.822,0.225,0.09,0.656,0.897,-0.087,7.058,0.373,-52.472,0.528,-98.678,0.446,-59.53,0.588,-105.736,0.193,-46.206,0.073,0.049,-1.417,-0.368,-2.665,-1.022,-1.35,-0.417,-2.398,-1.095,-1.048,-1.248,-0.249,0.362,0.42,0.561,0.605,0.067,-0.639,0.164,-1.665,1.931,0.631,2.855,-0.288,0.514,2.299,3.399,0.197,0.075,0.665,0.91
2018-06-20,CTD2,4181518,693105,0.015720641,0.022575049,0.025919653,0.005313191,0.0036941462,0.00090328575,0.0009292061,0.00036464055,0.015714647,0.0224348,0.02603583,0.005451462,0.0036795035,0.0009201448,0.11385559,-8.000000000000001e-45,0.685,-0.069,5.716,0.619,-143.914,0.719,-226.402,0.66,-149.63,0.751,-232.118,0.18,-82.488,0.03,0.021,-3.73,-0.532,-5.868,-1.203,-3.378,-0.553,-5.24,-1.233,-1.862,-2.138,-0.371,0.583,0.605,0.784,0.797,0.033,-0.567,0.176,-2.768,4.106,1.233,5.906,-0.29,0.453,4.715,6.781,0.093,0.041,0.575,0.948,-0.074,6.165,0.609,-138.863,0.718,-227.202,0.654,-145.028,0.752,-233.367,0.194,-88.339,0.034,0.023,-3.615,-0.511,-5.915,-1.239,-3.254,-0.534,-5.236,-1.272,-1.982,-2.3,-0.394,0.572,0.596,0.788,0.802,0.037,-0.62,0.187,-2.961,3.974,1.321,5.888,-0.321,0.486,4.612,6.833,0.102,0.045,0.575,0.944
2018-06-20,CTD3,4181698,695238,0.01614997,0.022956751,0.02518167,0.0068534524,0.0043038772,0.0011749426,0.0011930979,0.00048531988,0.016109493,0.022886934,0.025142126,0.0069422903,0.004599654,0.0011007715,0.0033418057,-8.000000000000001e-45,1.075,-0.046,3.849,0.54,-102.352,0.684,-188.788,0.572,-106.2,0.708,-192.637,0.229,-86.437,0.026,0.017,-2.577,-0.441,-4.754,-1.294,-2.438,-0.457,-4.422,-1.32,-1.984,-2.177,-0.199,0.546,0.582,0.672,0.7,0.053,-0.681,0.284,-2.501,3.179,1.66,5.062,-0.495,0.469,3.487,5.552,0.128,0.085,0.619,0.92,-0.047,3.919,0.535,-100.352,0.665,-173.715,0.567,-104.271,0.691,-177.634,0.203,-73.363,0.027,0.018,-2.523,-0.462,-4.368,-1.206,-2.386,-0.48,-4.065,-1.233,-1.679,-1.845,-0.195,0.536,0.57,0.662,0.689,0.049,-0.599,0.248,-2.169,3.114,1.354,4.7,-0.411,0.436,3.421,5.163,0.12,0.075,0.621,0.927
2018-06-20,CTD4,4180266,698264,0.019152071,0.025115626,0.028654773,0.008767718,0.0054243393,0.0014243042,0.0014782529,0.000598614,0.019010928,0.025300616,0.02872429,0.008925334,0.005737636,0.0013761418,0.035328377,-8.000000000000001e-45,0.615,-0.066,4.918,0.482,-74.239,0.645,-144.538,0.531,-79.157,0.682,-149.456,0.236,-70.299,0.043,0.027,-2.127,-0.403,-4.142,-1.267,-1.988,-0.429,-3.754,-1.31,-1.766,-2.014,-0.249,0.48,0.526,0.651,0.686,0.062,-0.74,0.258,-2.418,2.675,1.362,4.324,-0.475,0.522,3.052,4.934,0.16,0.09,0.63,0.911,-0.063,4.711,0.478,-72.516,0.63,-134.763,0.526,-77.227,0.667,-139.474,0.217,-62.247,0.042,0.027,-2.083,-0.416,-3.871,-1.203,-1.954,-0.443,-3.529,-1.245,-1.575,-1.788,-0.233,0.475,0.52,0.638,0.672,0.059,-0.675,0.238,-2.172,2.635,1.191,4.099,-0.42,0.492,2.992,4.654,0.153,0.084,0.634,0.915
2018-06-20,CTD6,4176009,695829,0.015812065,0.0230879,0.02673901,0.0068194824,0.004499808,0.0011426525,0.0011832258,0.00047173255,0.015869437,0.0230833,0.026874362,0.007019964,0.004609818,0.0011200178,0.04358583,-8.000000000000001e-45,0.57,-0.073,5.914,0.544,-103.326,0.674,-178.919,0.594,-109.24,0.712,-184.833,0.205,-75.593,0.04,0.027,-2.763,-0.465,-4.784,-1.22,-2.522,-0.492,-4.267,-1.26,-1.745,-2.021,-0.323,0.521,0.554,0.722,0.744,0.047,-0.652,0.204,-2.557,3.217,1.21,4.876,-0.357,0.498,3.726,5.647,0.127,0.06,0.6,0.931,-0.076,6.111,0.534,-99.13,0.667,-173.607,0.586,-105.241,0.707,-179.718,0.207,-74.477,0.043,0.028,-2.664,-0.457,-4.666,-1.219,-2.429,-0.485,-4.148,-1.262,-1.719,-2.002,-0.326,0.51,0.545,0.717,0.74,0.048,-0.664,0.202,-2.542,3.117,1.179,4.746,-0.359,0.508,3.629,5.526,0.133,0.062,0.603,0.929
2018-06-20,CTD7,4176724,690397,0.020508578,0.028324751,0.030477772,0.011006947,0.006169241,0.0018631737,0.0019048443,0.00078784686,0.020417094,0.028656648,0.030177098,0.010988886,0.007068422,0.0016401283,0.00027442886,-8.000000000000001e-45,0.4,-0.037,2.494,0.44,-55.547,0.642,-126.79,0.469,-58.041,0.663,-129.284,0.282,-71.243,0.027,0.015,-1.693,-0.343,-3.864,-1.396,-1.644,-0.358,-3.662,-1.423,-2.018,-2.171,-0.125,0.473,0.534,0.564,0.618,0.082,-0.855,0.369,-2.367,2.371,1.822,4.23,-0.708,0.516,2.551,4.552,0.186,0.143,0.669,0.883,-0.026,1.758,0.446,-56.105,0.604,-106.578,0.466,-57.863,0.62,-108.337,0.217,-50.473,0.019,0.012,-1.693,-0.397,-3.216,-1.171,-1.658,-0.409,-3.105,-1.19,-1.446,-1.523,-0.084,0.474,0.524,0.537,0.583,0.067,-0.605,0.306,-1.661,2.374,1.308,3.69,-0.502,0.41,2.499,3.886,0.149,0.117,0.674,0.905
2018-06-20,CTD8,4174178,693048,0.01825646,0.028120171,0.03335533,0.008257834,0.0054202047,0.0013083055,0.0013988176,0.00055776275,0.018272538,0.02798993,0.033587717,0.008537014,0.005520319,0.0012766729,0.077717796,-8.000000000000001e-45,0.71,-0.085,5.581,0.546,-85.535,0.677,-148.933,0.603,-91.117,0.72,-154.515,0.207,-63.398,0.046,0.03,-2.853,-0.464,-4.968,-1.23,-2.562,-0.494,-4.345,-1.276,-1.783,-2.115,-0.383,0.512,0.545,0.748,0.768,0.046,-0.68,0.187,-2.749,3.243,1.149,4.94,-0.337,0.53,3.846,5.86,0.131,0.055,0.592,0.932,-0.091,5.954,0.533,-81.41,0.671,-145.422,0.595,-87.364,0.718,-151.376,0.215,-64.012,0.051,0.033,-2.734,-0.449,-4.884,-1.241,-2.445,-0.482,-4.237,-1.292,-1.792,-2.15,-0.398,0.497,0.533,0.748,0.768,0.049,-0.713,0.187,-2.806,3.114,1.136,4.816,-0.346,0.553,3.737,5.779,0.141,0.057,0.593,0.928
2018-06-20,CTD9,4171106,693183,0.03165918,0.04444006,0.056170627,0.03104421,0.017338423,0.0045163617,0.0045837313,0.0018103351,0.031573772,0.045108825,0.05558761,0.03097456,0.020081524,0.0039000616,0.00020619646,-8.000000000000001e-45,0.37,-0.117,4.699,0.177,-9.71,0.439,-35.173,0.288,-14.409,0.528,-39.872,0.283,-25.463,0.146,0.081,-0.545,-0.168,-1.976,-1.092,-0.64,-0.25,-1.772,-1.238,-1.132,-1.43,-0.242,0.182,0.311,0.407,0.514,0.136,-0.999,0.233,-1.808,1.123,0.754,2.01,-0.527,0.705,1.419,2.541,0.39,0.163,0.75,0.843,-0.104,4.179,0.186,-10.116,0.384,-27.628,0.284,-14.295,0.469,-31.807,0.213,-17.512,0.129,0.084,-0.562,-0.203,-1.536,-0.856,-0.645,-0.287,-1.435,-0.985,-0.79,-0.973,-0.205,0.187,0.289,0.378,0.467,0.108,-0.731,0.163,-1.312,1.095,0.452,1.689,-0.31,0.584,1.349,2.081,0.325,0.112,0.756,0.874
2018-06-20,CTD10,4170388,695646,0.018594598,0.025853014,0.031529684,0.011361843,0.006627594,0.0018923712,0.00193414,0.0008014227,0.018407509,0.026060998,0.03155777,0.011398126,0.0073555075,0.0016929886,0.0002431417,-8.000000000000001e-45,1.55,-0.099,6.964,0.389,-49.334,0.592,-112.204,0.47,-56.298,0.653,-119.168,0.263,-62.87,0.079,0.046,-1.555,-0.327,-3.538,-1.275,-1.455,-0.373,-3.081,-1.354,-1.625,-1.982,-0.316,0.38,0.448,0.621,0.669,0.083,-0.894,0.237,-2.482,2.065,1.126,3.54,-0.495,0.636,2.519,4.318,0.229,0.104,0.649,0.89,-0.095,6.684,0.391,-49.362,0.56,-97.581,0.469,-56.046,0.622,-104.265,0.216,-48.219,0.076,0.049,-1.558,-0.363,-3.079,-1.112,-1.461,-0.412,-2.717,-1.188,-1.257,-1.522,-0.293,0.377,0.435,0.603,0.646,0.07,-0.724,0.18,-2.004,2.053,0.774,3.182,-0.339,0.566,2.486,3.853,0.204,0.079,0.65,0.906
2018-06-20,CTD11,4169609,700351,0.0070830034,0.010040981,0.016211268,0.0047013937,0.004503184,0.001001695,0.0009763622,0.0003866248,0.00712841,0.0098415315,0.016378552,0.0048983917,0.0038478386,0.0011114744,0.5482824,-8.000000000000001e-45,0.615,-0.235,37.906,0.362,-113.111,0.381,-122.473,0.55,-151.017,0.565,-160.38,0.022,-9.362,0.178,0.171,-1.834,-0.509,-1.985,-0.576,-1.516,-0.68,-1.61,-0.754,-0.094,-0.152,-0.67,0.258,0.265,0.791,0.794,0.008,-0.425,-0.338,-1.464,1.858,-1.218,1.94,0.57,0.657,3.0,3.132,0.19,-0.158,0.562,0.991,-0.249,40.555,0.335,-102.538,0.438,-158.276,0.54,-143.093,0.62,-198.831,0.12,-55.738,0.199,0.156,-1.679,-0.395,-2.592,-0.775,-1.408,-0.551,-1.957,-0.974,-0.549,-0.913,-0.747,0.244,0.282,0.839,0.85,0.04,-0.672,-0.185,-2.247,1.774,-0.786,2.259,0.391,0.879,2.953,3.759,0.263,-0.092,0.562,0.951
2018-06-20,CTD12,4173438,695414,0.01599104,0.023282042,0.027944783,0.008014794,0.0050329664,0.0013420122,0.0013574401,0.0005595052,0.01594121,0.023274908,0.027791476,0.0081550125,0.0053529437,0.0012700493,0.026877081,-8.000000000000001e-45,1.445,-0.091,7.167,0.488,-81.818,0.645,-155.738,0.554,-88.984,0.695,-162.905,0.229,-73.921,0.057,0.036,-2.286,-0.412,-4.352,-1.248,-2.072,-0.448,-3.793,-1.306,-1.721,-2.066,-0.357,0.463,0.507,0.704,0.732,0.058,-0.759,0.205,-2.647,2.725,1.139,4.339,-0.392,0.572,3.27,5.208,0.164,0.071,0.611,0.917,-0.088,6.982,0.481,-79.659,0.626,-143.848,0.546,-86.642,0.677,-150.831,0.207,-64.189,0.057,0.037,-2.214,-0.426,-3.998,-1.173,-2.017,-0.464,-3.511,-1.23,-1.494,-1.784,-0.334,0.456,0.499,0.686,0.714,0.055,-0.686,0.181,-2.338,2.661,0.94,4.055,-0.329,0.538,3.178,4.841,0.158,0.063,0.615,0.922
2018-07-10,CTD1,4187246,695025,0.01317908,0.018933544,0.026107289,0.009334594,0.006157391,0.0016892351,0.0017201157,0.0006938158,0.013116394,0.01895265,0.025825588,0.009388873,0.0064149625,0.0015906412,0.06185058,-8.000000000000001e-45,0.64,-0.159,14.513,0.34,-54.312,0.509,-109.59,0.473,-68.825,0.618,-124.103,0.205,-55.278,0.135,0.089,-1.418,-0.334,-2.861,-1.023,-1.303,-0.424,-2.35,-1.158,-1.047,-1.443,-0.463,0.298,0.36,0.668,0.706,0.071,-0.791,0.066,-2.212,1.792,0.278,2.717,-0.137,0.719,2.472,3.747,0.257,0.032,0.628,0.91,-0.153,14.042,0.337,-53.746,0.494,-103.122,0.467,-67.788,0.602,-117.164,0.188,-49.377,0.132,0.09,-1.388,-0.345,-2.663,-0.968,-1.285,-0.435,-2.221,-1.1,-0.936,-1.275,-0.435,0.297,0.356,0.648,0.685,0.066,-0.73,0.051,-2.007,1.77,0.204,2.591,-0.101,0.679,2.412,3.53,0.247,0.025,0.633,0.916
2018-07-10,CTD2,4181518,693105,0.020780751,0.029580465,0.031417973,0.008521025,0.0048024007,0.0013308547,0.0013706932,0.00055925595,0.020774877,0.029512,0.03134997,0.00870369,0.005403653,0.0012104139,0.0010665193,-8.000000000000001e-45,0.37,-0.03,1.977,0.553,-83.551,0.721,-174.423,0.573,-85.528,0.735,-176.4,0.279,-90.872,0.017,0.009,-2.625,-0.401,-5.48,-1.486,-2.53,-0.411,-5.218,-1.503,-2.688,-2.855,-0.138,0.581,0.62,0.666,0.699,0.061,-0.833,0.378,-3.071,3.319,2.472,5.888,-0.712,0.499,3.525,6.254,0.135,0.109,0.625,0.907,-0.03,1.987,0.544,-81.009,0.69,-151.175,0.565,-82.996,0.706,-153.162,0.234,-70.166,0.017,0.011,-2.54,-0.438,-4.739,-1.316,-2.449,-0.448,-4.52,-1.333,-2.071,-2.2,-0.13,0.566,0.602,0.649,0.679,0.054,-0.669,0.321,-2.411,3.218,1.86,5.184,-0.548,0.441,3.419,5.507,0.123,0.095,0.628,0.918
2018-07-10,CTD3,4181698,695238,0.019223686,0.026813665,0.02593666,0.008213336,0.005474219,0.001475621,0.0014576266,0.0005999601,0.019216048,0.026987035,0.026004598,0.0083043855,0.0056779995,0.0014149838,0.0006319023,-8.000000000000001e-45,0.58,0.017,-1.261,0.531,-84.459,0.661,-145.38,0.519,-83.198,0.651,-144.119,0.2,-60.921,-0.01,-0.007,-2.191,-0.462,-3.771,-1.194,-2.231,-0.455,-3.864,-1.184,-1.634,-1.58,0.064,0.592,0.625,0.549,0.584,0.052,-0.467,0.367,-1.473,3.054,1.74,4.582,-0.533,0.301,2.954,4.432,0.095,0.113,0.664,0.92,0.019,-1.4,0.529,-83.363,0.652,-139.064,0.516,-81.964,0.642,-137.664,0.188,-55.7,-0.012,-0.008,-2.168,-0.473,-3.616,-1.155,-2.212,-0.465,-3.715,-1.143,-1.503,-1.448,0.07,0.59,0.621,0.542,0.576,0.05,-0.425,0.354,-1.33,3.031,1.621,4.434,-0.499,0.28,2.921,4.272,0.089,0.109,0.666,0.923
2018-07-10,CTD4,4180266,698264,0.015286966,0.020831756,0.024975644,0.00916691,0.0060263076,0.0017132777,0.0017097403,0.00070113695,0.01524456,0.021107877,0.02494522,0.0090865325,0.006346934,0.0016266694,0.00015342743,-8.000000000000001e-45,1.82,-0.09,7.965,0.389,-61.084,0.551,-117.935,0.463,-69.049,0.611,-125.9,0.207,-56.851,0.073,0.048,-1.526,-0.368,-2.946,-1.081,-1.438,-0.416,-2.623,-1.154,-1.184,-1.42,-0.273,0.376,0.434,0.589,0.632,0.069,-0.687,0.177,-1.872,2.031,0.732,3.09,-0.322,0.542,2.435,3.704,0.199,0.078,0.655,0.908,-0.083,7.288,0.398,-62.677,0.538,-110.181,0.466,-69.965,0.594,-117.469,0.178,-47.503,0.066,0.046,-1.563,-0.398,-2.748,-1.001,-1.477,-0.444,-2.48,-1.067,-1.003,-1.185,-0.249,0.384,0.434,0.578,0.616,0.059,-0.585,0.148,-1.607,2.069,0.58,2.961,-0.25,0.483,2.445,3.5,0.176,0.064,0.656,0.919
2018-07-10,CTD6,4176009,695829,0.014544116,0.020712754,0.02386672,0.008911601,0.005549964,0.0016906817,0.0016538787,0.0006815927,0.014553314,0.020830464,0.02340005,0.00897198,0.0063808695,0.001517753,0.00022962863,-8.000000000000001e-45,2.095,-0.071,6.38,0.398,-63.934,0.577,-131.902,0.456,-70.314,0.623,-138.282,0.232,-67.968,0.057,0.035,-1.526,-0.355,-3.148,-1.175,-1.456,-0.39,-2.864,-1.232,-1.408,-1.622,-0.218,0.401,0.463,0.569,0.618,0.075,-0.738,0.245,-1.976,2.092,1.054,3.359,-0.453,0.529,2.41,3.87,0.198,0.105,0.665,0.897,-0.058,5.272,0.398,-63.452,0.531,-108.712,0.446,-68.723,0.571,-113.984,0.169,-45.26,0.047,0.034,-1.485,-0.405,-2.544,-0.975,-1.432,-0.439,-2.374,-1.023,-0.943,-1.059,-0.167,0.398,0.446,0.53,0.571,0.059,-0.516,0.179,-1.345,2.049,0.656,2.881,-0.283,0.412,2.302,3.237,0.158,0.077,0.674,0.92
2018-07-10,CTD7,4176724,690397,0.019792458,0.026146537,0.028973509,0.011193165,0.0061219856,0.0018948265,0.0018973885,0.00080401945,0.019571224,0.026411572,0.028648453,0.011183287,0.007190633,0.0016510972,0.00022105585,-8.000000000000001e-45,0.63,-0.051,3.732,0.4,-51.094,0.621,-125.1,0.443,-54.826,0.651,-128.831,0.293,-74.005,0.042,0.023,-1.48,-0.313,-3.625,-1.4,-1.434,-0.336,-3.368,-1.442,-1.935,-2.144,-0.163,0.426,0.499,0.551,0.612,0.092,-0.926,0.355,-2.397,2.125,1.682,3.885,-0.72,0.561,2.354,4.305,0.217,0.152,0.677,0.874,-0.041,2.956,0.405,-51.557,0.572,-101.208,0.438,-54.513,0.599,-104.164,0.217,-49.651,0.033,0.021,-1.477,-0.371,-2.899,-1.132,-1.44,-0.392,-2.751,-1.165,-1.311,-1.422,-0.122,0.425,0.483,0.52,0.571,0.073,-0.633,0.279,-1.622,2.111,1.111,3.283,-0.471,0.442,2.289,3.561,0.172,0.118,0.683,0.9
2018-07-10,CTD8,4174178,693048,0.0148095125,0.02221423,0.031336952,0.011784152,0.0072948853,0.0019760975,0.0020038085,0.0008301087,0.0147610875,0.022281604,0.03125994,0.011914454,0.007901899,0.0018536758,0.018575761,-8.000000000000001e-45,1.965,-0.17,13.105,0.307,-39.844,0.506,-92.066,0.453,-52.949,0.622,-105.171,0.235,-52.223,0.154,0.096,-1.249,-0.291,-2.885,-1.085,-1.176,-0.386,-2.336,-1.239,-1.16,-1.636,-0.478,0.27,0.346,0.663,0.707,0.084,-0.907,0.09,-2.411,1.652,0.386,2.669,-0.205,0.792,2.331,3.765,0.298,0.048,0.635,0.896,-0.168,12.89,0.303,-39.052,0.476,-81.672,0.448,-51.942,0.596,-94.562,0.202,-42.62,0.154,0.102,-1.221,-0.309,-2.553,-0.973,-1.157,-0.41,-2.107,-1.127,-0.95,-1.332,-0.453,0.265,0.333,0.641,0.683,0.075,-0.795,0.05,-2.086,1.617,0.196,2.439,-0.105,0.74,2.269,3.421,0.282,0.027,0.639,0.907
2018-07-10,CTD9,4171106,693183,0.02413472,0.035254367,0.048154715,0.023340145,0.015373586,0.0040765265,0.0041298387,0.0016647476,0.02402082,0.035929706,0.04772645,0.023296362,0.016063865,0.003718392,0.0005237636,-8.000000000000001e-45,0.41,-0.155,7.599,0.203,-14.479,0.393,-36.681,0.347,-22.078,0.516,-44.28,0.206,-22.202,0.177,0.117,-0.697,-0.223,-1.766,-0.856,-0.778,-0.339,-1.561,-1.034,-0.783,-1.069,-0.333,0.188,0.278,0.49,0.559,0.096,-0.786,0.073,-1.622,1.191,0.23,1.808,-0.152,0.707,1.627,2.47,0.343,0.049,0.702,0.889,-0.141,6.879,0.213,-15.093,0.382,-34.419,0.344,-21.972,0.496,-41.299,0.184,-19.326,0.16,0.111,-0.72,-0.242,-1.643,-0.802,-0.789,-0.353,-1.484,-0.962,-0.694,-0.922,-0.3,0.198,0.28,0.47,0.535,0.086,-0.697,0.063,-1.429,1.206,0.188,1.749,-0.122,0.639,1.602,2.323,0.312,0.041,0.708,0.898
2018-07-10,CTD10,4170388,695646,0.012582555,0.017320639,0.023858856,0.0080900965,0.006138481,0.0017384398,0.0016877354,0.00067572366,0.012541642,0.017282575,0.023818813,0.008114676,0.0062083267,0.0016621324,0.08835375,-8.000000000000001e-45,1.415,-0.159,15.821,0.363,-65.873,0.477,-105.172,0.494,-81.695,0.591,-120.994,0.137,-39.299,0.128,0.097,-1.572,-0.404,-2.509,-0.851,-1.415,-0.501,-2.096,-0.979,-0.681,-0.938,-0.46,0.308,0.35,0.672,0.697,0.047,-0.592,-0.033,-1.746,1.884,-0.127,2.483,0.06,0.619,2.595,3.42,0.21,-0.015,0.617,0.939,-0.159,15.878,0.361,-65.372,0.471,-103.212,0.492,-81.25,0.586,-119.09,0.133,-37.84,0.129,0.099,-1.557,-0.406,-2.458,-0.838,-1.404,-0.504,-2.058,-0.966,-0.654,-0.901,-0.456,0.305,0.347,0.669,0.693,0.046,-0.581,-0.039,-1.707,1.869,-0.152,2.443,0.071,0.613,2.576,3.367,0.209,-0.019,0.618,0.94
2018-07-10,CTD11,4169609,700351,0.011811412,0.016223859,0.021211898,0.0074680815,0.005461703,0.0015518613,0.0015114114,0.0006177688,0.011803067,0.016192826,0.021356221,0.0075576296,0.0056392257,0.0014939464,0.18401045,-8.000000000000001e-45,1.6,-0.133,14.494,0.37,-72.266,0.496,-121.455,0.479,-86.76,0.59,-135.95,0.155,-49.19,0.108,0.079,-1.533,-0.395,-2.576,-0.907,-1.408,-0.474,-2.206,-1.015,-0.798,-1.043,-0.386,0.328,0.375,0.634,0.665,0.054,-0.603,0.034,-1.711,1.915,0.13,2.618,-0.06,0.576,2.504,3.423,0.203,0.015,0.633,0.93,-0.138,14.931,0.364,-70.561,0.483,-115.574,0.477,-85.492,0.582,-130.505,0.145,-45.013,0.113,0.084,-1.507,-0.398,-2.468,-0.873,-1.384,-0.482,-2.113,-0.986,-0.729,-0.961,-0.391,0.32,0.365,0.632,0.662,0.051,-0.582,0.012,-1.645,1.879,0.046,2.518,-0.021,0.573,2.478,3.32,0.203,0.006,0.633,0.934
2018-07-10,CTD12,4173438,695414,0.014514374,0.021078818,0.025389295,0.006848588,0.0046967664,0.0012936904,0.0012905698,0.0005295207,0.014519504,0.021042382,0.025393838,0.007041281,0.0049606175,0.001214306,0.045048784,-8.000000000000001e-45,2.505,-0.093,8.054,0.51,-98.575,0.636,-165.471,0.575,-106.629,0.688,-173.526,0.186,-66.897,0.055,0.038,-2.503,-0.463,-4.201,-1.133,-2.248,-0.501,-3.658,-1.188,-1.41,-1.698,-0.373,0.473,0.508,0.719,0.741,0.046,-0.628,0.144,-2.328,2.893,0.781,4.218,-0.254,0.519,3.484,5.081,0.14,0.047,0.601,0.933,-0.094,8.144,0.499,-94.496,0.618,-154.065,0.566,-102.64,0.673,-162.208,0.173,-59.568,0.057,0.04,-2.4,-0.469,-3.912,-1.085,-2.16,-0.509,-3.413,-1.142,-1.253,-1.513,-0.363,0.461,0.496,0.706,0.728,0.045,-0.591,0.124,-2.131,2.793,0.635,3.965,-0.213,0.502,3.371,4.784,0.139,0.042,0.605,0.936
2018-08-29,CTD1,4187246,695025,0.009004451,0.01295274,0.019760191,0.0065565915,0.005317937,0.0012760762,0.0012792503,0.00050265645,0.009024507,0.012838726,0.019804643,0.0067823394,0.0050116247,0.0013239516,0.31890854,-8.000000000000001e-45,0.535,-0.208,26.597,0.328,-75.315,0.418,-110.839,0.502,-101.911,0.576,-137.436,0.104,-35.525,0.174,0.141,-1.488,-0.401,-2.19,-0.727,-1.32,-0.542,-1.78,-0.901,-0.46,-0.702,-0.573,0.255,0.29,0.723,0.74,0.038,-0.577,-0.156,-1.74,1.706,-0.578,2.104,0.293,0.714,2.603,3.21,0.237,-0.079,0.596,0.953,-0.213,27.396,0.309,-69.552,0.438,-121.647,0.49,-96.949,0.596,-149.043,0.15,-52.094,0.186,0.137,-1.377,-0.349,-2.409,-0.825,-1.245,-0.486,-1.914,-1.011,-0.669,-1.032,-0.591,0.244,0.294,0.73,0.754,0.054,-0.705,-0.091,-2.059,1.64,-0.358,2.219,0.189,0.804,2.53,3.423,0.275,-0.048,0.601,0.933
2018-08-29,CTD2,4181518,693105,0.010866346,0.015471839,0.020520989,0.0046054535,0.0032849954,0.00080598134,0.0008178027,0.0003197606,0.0109009715,0.015406698,0.020648642,0.004740928,0.003296308,0.0008159283,0.17606112,-8.000000000000001e-45,0.545,-0.14,15.903,0.541,-152.5,0.65,-239.781,0.633,-168.403,0.724,-255.684,0.167,-87.281,0.073,0.052,-3.129,-0.501,-4.921,-1.104,-2.606,-0.553,-3.956,-1.178,-1.35,-1.791,-0.64,0.456,0.485,0.849,0.858,0.037,-0.648,0.041,-2.887,3.199,0.254,4.485,-0.076,0.613,4.243,5.949,0.138,0.012,0.558,0.947,-0.145,16.477,0.529,-146.022,0.648,-238.463,0.627,-162.5,0.725,-254.94,0.18,-92.441,0.078,0.054,-3.015,-0.481,-4.924,-1.131,-2.504,-0.536,-3.928,-1.209,-1.424,-1.909,-0.652,0.445,0.477,0.851,0.861,0.04,-0.692,0.051,-3.014,3.09,0.319,4.444,-0.098,0.645,4.141,5.956,0.148,0.016,0.559,0.943
2018-08-29,CTD3,4181698,695238,0.009637644,0.014066799,0.017513076,0.0037685144,0.0026552763,0.00063905434,0.0006476886,0.00025225218,0.009636315,0.014023783,0.017577244,0.0038650045,0.0026379644,0.00065783545,0.14208154,-8.000000000000001e-45,0.61,-0.109,13.989,0.577,-194.267,0.682,-305.519,0.646,-208.256,0.737,-319.508,0.173,-111.252,0.053,0.037,-3.402,-0.516,-5.351,-1.151,-2.93,-0.553,-4.494,-1.204,-1.565,-1.948,-0.536,0.511,0.536,0.822,0.833,0.035,-0.616,0.099,-2.863,3.581,0.65,5.082,-0.174,0.54,4.458,6.328,0.116,0.026,0.565,0.948,-0.112,14.416,0.568,-187.424,0.683,-307.773,0.639,-201.84,0.739,-322.188,0.189,-120.348,0.056,0.038,-3.294,-0.494,-5.41,-1.19,-2.831,-0.532,-4.518,-1.245,-1.688,-2.115,-0.546,0.503,0.531,0.823,0.835,0.039,-0.667,0.115,-3.035,3.478,0.768,5.096,-0.212,0.571,4.36,6.388,0.126,0.032,0.566,0.943
2018-08-29,CTD4,4180266,698264,0.010153365,0.013649442,0.018473737,0.005652843,0.0044712243,0.0011389205,0.0011408719,0.00044815862,0.0101823,0.013540469,0.018414816,0.005742404,0.004288293,0.0011557512,0.24994442,-8.000000000000001e-45,0.555,-0.15,19.132,0.414,-103.639,0.507,-150.389,0.531,-122.771,0.61,-169.521,0.117,-46.75,0.108,0.086,-1.915,-0.463,-2.778,-0.85,-1.676,-0.549,-2.314,-0.958,-0.638,-0.864,-0.477,0.349,0.38,0.708,0.725,0.037,-0.525,-0.052,-1.717,2.173,-0.215,2.747,0.089,0.562,2.94,3.718,0.172,-0.022,0.601,0.951,-0.153,19.549,0.404,-100.29,0.519,-159.34,0.525,-119.839,0.622,-178.889,0.145,-59.05,0.112,0.084,-1.847,-0.43,-2.934,-0.915,-1.623,-0.514,-2.422,-1.027,-0.8,-1.087,-0.486,0.343,0.383,0.711,0.733,0.046,-0.604,-0.011,-1.936,2.125,-0.049,2.846,0.021,0.613,2.89,3.87,0.191,-0.005,0.603,0.94
2018-08-29,CTD6,4176009,695829,0.010666128,0.016032493,0.02058226,0.0051194946,0.003325527,0.00083784224,0.00085400324,0.00034197018,0.010704188,0.016012574,0.020635728,0.0052391263,0.0034504212,0.0008289627,0.09131361,-8.000000000000001e-45,0.585,-0.124,13.788,0.516,-132.958,0.656,-238.331,0.602,-146.746,0.722,-252.119,0.212,-105.372,0.071,0.046,-2.737,-0.442,-4.905,-1.22,-2.353,-0.488,-4.042,-1.291,-1.689,-2.169,-0.539,0.456,0.494,0.799,0.816,0.049,-0.761,0.129,-3.058,2.97,0.801,4.572,-0.256,0.634,3.813,5.87,0.158,0.041,0.578,0.93,-0.126,13.991,0.507,-128.421,0.645,-227.369,0.595,-142.412,0.713,-241.36,0.206,-98.948,0.073,0.048,-2.65,-0.443,-4.692,-1.191,-2.28,-0.491,-3.865,-1.265,-1.584,-2.042,-0.532,0.447,0.485,0.791,0.809,0.049,-0.742,0.117,-2.924,2.889,0.702,4.387,-0.23,0.63,3.723,5.653,0.16,0.038,0.58,0.931
2018-08-29,CTD7,4176724,690397,0.012943238,0.019074917,0.024064088,0.006496637,0.00536472,0.0012969222,0.0013135468,0.0005106857,0.012952762,0.0189628,0.024118505,0.0067092786,0.0051262635,0.0013108025,0.18602183,-8.000000000000001e-45,0.695,-0.116,10.869,0.492,-101.501,0.561,-133.978,0.575,-112.37,0.635,-144.847,0.095,-32.477,0.071,0.058,-2.443,-0.545,-3.224,-0.87,-2.143,-0.603,-2.763,-0.941,-0.62,-0.782,-0.421,0.427,0.449,0.719,0.731,0.026,-0.418,-0.033,-1.549,2.713,-0.148,3.286,0.051,0.436,3.423,4.145,0.118,-0.011,0.593,0.963,-0.12,11.273,0.477,-96.312,0.574,-142.339,0.565,-107.585,0.649,-153.612,0.134,-46.027,0.076,0.058,-2.323,-0.494,-3.433,-0.955,-2.04,-0.552,-2.913,-1.031,-0.873,-1.11,-0.436,0.419,0.449,0.723,0.74,0.037,-0.523,0.022,-1.879,2.614,0.104,3.421,-0.037,0.508,3.324,4.351,0.141,0.008,0.596,0.949
2018-08-29,CTD8,4174178,693048,0.012690095,0.018679105,0.027331281,0.00812803,0.0057179597,0.0014369449,0.0014409869,0.0005741795,0.012677618,0.018589756,0.02735833,0.008367539,0.005829177,0.0014071352,0.16053724,-8.000000000000001e-45,0.805,-0.188,16.948,0.394,-69.495,0.531,-121.352,0.542,-86.443,0.654,-138.299,0.174,-51.857,0.138,0.097,-1.899,-0.397,-3.317,-0.986,-1.615,-0.494,-2.583,-1.124,-0.969,-1.417,-0.625,0.319,0.366,0.787,0.806,0.052,-0.738,-0.02,-2.482,2.089,-0.096,2.969,0.042,0.76,3.056,4.345,0.226,-0.009,0.583,0.932,-0.191,17.241,0.379,-65.716,0.523,-117.758,0.532,-82.958,0.649,-134.999,0.179,-52.041,0.144,0.101,-1.798,-0.383,-3.222,-0.985,-1.542,-0.484,-2.51,-1.13,-0.967,-1.424,-0.618,0.308,0.357,0.778,0.799,0.055,-0.756,-0.017,-2.472,2.009,-0.08,2.883,0.036,0.775,2.956,4.243,0.237,-0.008,0.587,0.929
2018-08-29,CTD9,4171106,693183,0.021588668,0.030825041,0.044794075,0.022775166,0.014269092,0.0037842428,0.0038633107,0.0015531575,0.02122082,0.031448197,0.04431335,0.022760399,0.01631614,0.0033228272,0.0014971212,-8.000000000000001e-45,0.2,-0.185,10.117,0.15,-11.466,0.367,-37.64,0.326,-21.583,0.517,-47.757,0.23,-26.174,0.23,0.144,-0.514,-0.164,-1.686,-0.857,-0.665,-0.308,-1.472,-1.088,-0.807,-1.172,-0.377,0.136,0.245,0.488,0.569,0.112,-0.908,0.062,-1.786,1.035,0.193,1.652,-0.143,0.827,1.504,2.4,0.42,0.046,0.709,0.874,-0.17,9.232,0.16,-12.138,0.317,-29.491,0.321,-21.369,0.462,-38.722,0.165,-17.353,0.21,0.151,-0.538,-0.198,-1.307,-0.671,-0.672,-0.349,-1.218,-0.881,-0.546,-0.769,-0.329,0.143,0.226,0.451,0.516,0.085,-0.685,-0.007,-1.334,1.014,-0.02,1.414,0.014,0.692,1.428,1.992,0.356,-0.005,0.716,0.904
2018-08-29,CTD10,4170388,695646,0.010357352,0.015078365,0.020918997,0.006099959,0.004457842,0.0011407847,0.0011371075,0.00045897503,0.010383326,0.015009779,0.020895315,0.0062406682,0.004517417,0.0011313547,0.19853024,-8.000000000000001e-45,0.98,-0.162,18.517,0.424,-97.615,0.544,-158.004,0.548,-116.132,0.649,-176.52,0.156,-60.388,0.113,0.083,-2.042,-0.435,-3.305,-0.964,-1.751,-0.518,-2.662,-1.077,-0.911,-1.263,-0.553,0.354,0.393,0.759,0.777,0.046,-0.648,-0.01,-2.221,2.259,-0.047,3.091,0.019,0.657,3.134,4.288,0.191,-0.004,0.588,0.939,-0.164,18.766,0.413,-93.616,0.537,-154.742,0.54,-112.382,0.644,-173.508,0.16,-61.126,0.117,0.085,-1.956,-0.423,-3.233,-0.966,-1.687,-0.508,-2.604,-1.083,-0.917,-1.277,-0.547,0.345,0.387,0.75,0.771,0.048,-0.663,-0.006,-2.22,2.189,-0.026,3.024,0.011,0.668,3.047,4.21,0.2,-0.002,0.592,0.936
2018-08-29,CTD11,4169609,700351,0.011459938,0.0163121,0.022572424,0.00795738,0.0056032264,0.0015154544,0.0014972838,0.0006078341,0.011463559,0.016329013,0.022538887,0.00807451,0.005768699,0.0014617714,0.11829788,-8.000000000000001e-45,1.03,-0.161,17.002,0.344,-64.365,0.489,-117.164,0.479,-81.368,0.602,-134.167,0.174,-52.799,0.135,0.095,-1.453,-0.361,-2.645,-0.932,-1.327,-0.456,-2.189,-1.068,-0.861,-1.192,-0.462,0.297,0.351,0.667,0.699,0.061,-0.697,0.019,-1.979,1.802,0.075,2.559,-0.036,0.68,2.493,3.541,0.24,0.009,0.624,0.923,-0.16,16.873,0.338,-62.606,0.478,-112.109,0.472,-79.479,0.592,-128.982,0.167,-49.503,0.136,0.097,-1.411,-0.361,-2.527,-0.905,-1.298,-0.458,-2.106,-1.041,-0.808,-1.116,-0.449,0.292,0.345,0.655,0.687,0.059,-0.675,0.01,-1.885,1.766,0.039,2.472,-0.019,0.666,2.438,3.413,0.239,0.005,0.628,0.925
2018-08-29,CTD12,4173438,695414,0.010601452,0.016086938,0.023383867,0.0059148734,0.004074798,0.0009670517,0.0009783369,0.000382721,0.010608325,0.015958793,0.023493383,0.006151829,0.004097291,0.000977434,0.16230558,-8.000000000000001e-45,0.92,-0.185,19.398,0.462,-106.903,0.596,-183.249,0.596,-126.301,0.703,-202.646,0.184,-76.346,0.115,0.079,-2.5,-0.436,-4.285,-1.084,-2.032,-0.515,-3.26,-1.199,-1.228,-1.785,-0.73,0.37,0.41,0.866,0.878,0.047,-0.764,-0.001,-3.019,2.545,-0.005,3.695,0.002,0.765,3.7,5.371,0.193,-0.0,0.557,0.937,-0.191,20.096,0.444,-99.892,0.591,-181.402,0.585,-119.988,0.703,-201.499,0.2,-81.51,0.124,0.082,-2.347,-0.409,-4.262,-1.116,-1.915,-0.492,-3.216,-1.24,-1.301,-1.915,-0.735,0.355,0.4,0.865,0.877,0.052,-0.822,0.013,-3.14,2.42,0.076,3.633,-0.029,0.806,3.562,5.348,0.211,0.005,0.56,0.931
2018-10-03,CTD1,4187246,695025,0.012781159,0.017947769,0.025314366,0.007013612,0.005393413,0.0013280816,0.0012998154,0.00051294174,0.012708359,0.0179032,0.02543215,0.007238146,0.005092739,0.0013717662,0.25366673,-8.000000000000001e-45,0.285,-0.17,16.214,0.438,-86.863,0.538,-129.694,0.566,-103.077,0.649,-145.908,0.131,-42.831,0.114,0.087,-2.199,-0.468,-3.283,-0.91,-1.85,-0.556,-2.619,-1.023,-0.769,-1.084,-0.594,0.356,0.388,0.784,0.798,0.037,-0.591,-0.06,-2.135,2.346,-0.282,3.051,0.11,0.641,3.309,4.303,0.178,-0.023,0.577,0.95,-0.174,16.536,0.424,-82.301,0.557,-140.502,0.557,-98.837,0.666,-157.038,0.174,-58.201,0.12,0.084,-2.093,-0.419,-3.573,-1.017,-1.769,-0.503,-2.811,-1.137,-1.042,-1.48,-0.611,0.349,0.392,0.791,0.809,0.05,-0.717,0.0,-2.52,2.273,0.002,3.231,-0.001,0.717,3.229,4.59,0.204,0.0,0.58,0.934
2018-10-03,CTD2,4181518,693105,0.015245298,0.020972595,0.026304808,0.0059730755,0.0042575733,0.0010344409,0.0010238001,0.0003991256,0.015252318,0.02078717,0.026523745,0.0061918753,0.004180146,0.0010323188,0.15705526,-8.000000000000001e-45,0.43,-0.113,9.665,0.557,-119.737,0.663,-187.194,0.63,-129.402,0.721,-196.86,0.168,-67.458,0.058,0.041,-3.15,-0.51,-4.924,-1.118,-2.714,-0.551,-4.129,-1.176,-1.415,-1.774,-0.521,0.491,0.518,0.806,0.818,0.036,-0.606,0.084,-2.667,3.349,0.522,4.699,-0.149,0.541,4.201,5.894,0.123,0.024,0.57,0.947,-0.121,10.405,0.541,-113.395,0.665,-191.119,0.621,-123.8,0.728,-201.524,0.194,-77.724,0.064,0.043,-3.008,-0.474,-5.069,-1.183,-2.573,-0.518,-4.189,-1.248,-1.616,-2.062,-0.553,0.475,0.508,0.814,0.828,0.043,-0.698,0.109,-2.988,3.2,0.689,4.739,-0.205,0.601,4.083,6.047,0.14,0.032,0.57,0.939
2018-10-03,CTD3,4181698,695238,0.011940512,0.017539129,0.019675214,0.0028389357,0.00193892,0.00047756996,0.00046418884,0.00017865103,0.011949449,0.017406382,0.019835833,0.002862467,0.0019311897,0.0004953152,0.1128053,-2.878e-42,0.325,-0.057,6.19,0.721,-295.229,0.801,-458.736,0.748,-301.419,0.821,-464.926,0.188,-163.506,0.018,0.012,-5.809,-0.572,-9.026,-1.302,-5.287,-0.584,-8.154,-1.32,-2.868,-3.217,-0.447,0.68,0.693,0.864,0.87,0.024,-0.573,0.208,-3.969,6.08,2.115,8.902,-0.342,0.439,6.82,9.986,0.063,0.034,0.548,0.96,-0.065,7.036,0.718,-291.899,0.8,-460.365,0.748,-298.935,0.823,-467.402,0.194,-168.467,0.02,0.014,-5.79,-0.564,-9.132,-1.318,-5.203,-0.577,-8.136,-1.338,-2.932,-3.342,-0.507,0.668,0.682,0.878,0.883,0.025,-0.605,0.203,-4.19,5.984,2.084,8.869,-0.343,0.465,6.819,10.107,0.067,0.033,0.544,0.959
2018-10-03,CTD4,4180266,698264,0.005496936,0.0074092792,0.007452177,0.003791892,0.004016327,0.0007501865,0.0007600398,0.00029056484,0.0055000624,0.007485092,0.0074694594,0.0039900853,0.0031725923,0.00085357,0.3887508,-8.000000000000001e-45,0.19,-0.003,0.777,0.323,-128.755,0.297,-114.018,0.326,-129.532,0.3,-114.795,-0.029,14.737,0.003,0.003,-0.96,-0.517,-0.85,-0.432,-0.96,-0.52,-0.851,-0.435,0.109,0.11,-0.005,0.315,0.302,0.32,0.307,-0.015,0.05,-0.065,0.099,1.415,-0.121,1.336,0.062,-0.053,1.423,1.344,-0.027,-0.033,0.754,1.02,0.001,-0.28,0.305,-117.022,0.405,-181.601,0.304,-116.743,0.404,-181.321,0.114,-64.578,-0.001,-0.001,-0.874,-0.371,-1.356,-0.725,-0.874,-0.37,-1.357,-0.723,-0.483,-0.482,0.002,0.328,0.376,0.326,0.374,0.055,-0.256,0.207,-0.478,1.451,0.487,1.825,-0.26,0.203,1.448,1.821,0.108,0.11,0.767,0.929
2018-10-03,CTD6,4176009,695829,0.0144255115,0.020414636,0.027358083,0.0060637062,0.0038168614,0.0009857726,0.00096772803,0.00038353048,0.0144296065,0.020325603,0.027488533,0.0061918753,0.0040174685,0.0009640632,0.07552084,-8.000000000000001e-45,0.86,-0.145,12.432,0.542,-115.931,0.685,-213.011,0.637,-128.363,0.755,-225.443,0.227,-97.08,0.075,0.047,-3.172,-0.442,-5.828,-1.292,-2.62,-0.49,-4.602,-1.367,-1.982,-2.656,-0.703,0.46,0.497,0.879,0.889,0.047,-0.842,0.117,-3.801,3.227,0.837,5.127,-0.249,0.711,4.325,6.871,0.158,0.035,0.554,0.933,-0.15,12.82,0.533,-112.303,0.67,-199.714,0.632,-125.123,0.745,-212.534,0.213,-87.411,0.079,0.052,-3.087,-0.451,-5.49,-1.237,-2.543,-0.503,-4.32,-1.316,-1.777,-2.403,-0.702,0.449,0.484,0.875,0.885,0.045,-0.802,0.091,-3.56,3.136,0.62,4.834,-0.189,0.704,4.242,6.538,0.158,0.028,0.555,0.935
2018-10-03,CTD7,4176724,690397,0.010662524,0.015424709,0.018321177,0.0032127537,0.00234018,0.00054147287,0.0005412668,0.00020727566,0.010689165,0.015185683,0.018408963,0.0033014235,0.0022619904,0.0005680827,0.15233794,-2.878e-42,0.29,-0.086,10.249,0.655,-246.428,0.737,-362.487,0.702,-256.678,0.773,-372.736,0.157,-116.058,0.033,0.024,-4.515,-0.577,-6.641,-1.165,-3.959,-0.601,-5.749,-1.198,-1.79,-2.126,-0.522,0.591,0.608,0.85,0.857,0.026,-0.531,0.114,-3.028,4.673,0.889,6.416,-0.185,0.459,5.551,7.621,0.081,0.024,0.552,0.959,-0.096,11.53,0.643,-237.048,0.741,-376.237,0.696,-248.578,0.781,-387.767,0.187,-139.189,0.038,0.026,-4.364,-0.536,-6.926,-1.242,-3.775,-0.562,-5.889,-1.28,-2.114,-2.562,-0.579,0.575,0.595,0.866,0.873,0.031,-0.635,0.14,-3.539,4.477,1.137,6.534,-0.247,0.527,5.427,7.921,0.095,0.03,0.55,0.952
2018-10-03,CTD8,4174178,693048,0.01930865,0.027861718,0.03671471,0.012919855,0.00861435,0.0021860509,0.0022078725,0.00086351007,0.019175816,0.027912058,0.03677196,0.01326626,0.008682374,0.0020724703,0.055379793,-8.000000000000001e-45,1.16,-0.137,8.655,0.366,-41.509,0.528,-80.194,0.479,-50.163,0.62,-88.848,0.2,-38.685,0.112,0.075,-1.524,-0.358,-2.944,-1.036,-1.398,-0.432,-2.475,-1.148,-1.078,-1.42,-0.411,0.33,0.388,0.652,0.689,0.067,-0.741,0.092,-2.106,1.922,0.393,2.882,-0.182,0.651,2.533,3.798,0.229,0.043,0.632,0.913,-0.137,8.632,0.356,-39.552,0.525,-79.349,0.47,-48.185,0.618,-87.981,0.209,-39.797,0.115,0.075,-1.454,-0.343,-2.918,-1.053,-1.345,-0.418,-2.456,-1.167,-1.111,-1.463,-0.404,0.322,0.384,0.642,0.682,0.071,-0.769,0.105,-2.131,1.868,0.443,2.854,-0.211,0.663,2.461,3.76,0.239,0.05,0.637,0.908
2018-10-03,CTD9,4171106,693183,0.033869732,0.04191173,0.05510711,0.027011883,0.020530796,0.005736121,0.0055982945,0.0021877892,0.03263164,0.041952018,0.055718698,0.027184092,0.021301594,0.0053384528,0.06920547,-8.000000000000001e-45,0.21,-0.136,5.713,0.216,-13.161,0.342,-24.848,0.342,-18.874,0.457,-30.561,0.136,-11.687,0.154,0.117,-0.725,-0.27,-1.369,-0.671,-0.791,-0.388,-1.281,-0.826,-0.49,-0.644,-0.278,0.197,0.26,0.45,0.502,0.067,-0.555,0.0,-1.133,1.179,0.001,1.551,-0.001,0.555,1.55,2.04,0.272,0.0,0.71,0.921,-0.141,5.889,0.214,-12.949,0.326,-23.108,0.344,-18.839,0.447,-28.998,0.121,-10.159,0.16,0.125,-0.722,-0.276,-1.288,-0.628,-0.79,-0.401,-1.217,-0.788,-0.426,-0.566,-0.284,0.192,0.249,0.451,0.498,0.06,-0.523,-0.031,-1.072,1.161,-0.08,1.482,0.052,0.545,1.542,1.968,0.266,-0.02,0.708,0.929
2018-10-03,CTD10,4170388,695646,0.01549701,0.02107172,0.027600395,0.008216294,0.005824037,0.0014774913,0.0014833016,0.00058586104,0.015470599,0.021178981,0.027791476,0.008422787,0.0058249882,0.0014513806,0.14920746,-8.000000000000001e-45,0.84,-0.134,11.226,0.439,-74.252,0.567,-124.245,0.541,-85.478,0.652,-135.471,0.17,-49.993,0.092,0.065,-2.049,-0.432,-3.429,-1.021,-1.801,-0.498,-2.855,-1.113,-1.053,-1.38,-0.465,0.385,0.426,0.721,0.744,0.049,-0.647,0.055,-2.174,2.354,0.259,3.32,-0.101,0.601,3.083,4.349,0.179,0.021,0.602,0.933,-0.135,11.234,0.431,-71.509,0.569,-124.458,0.535,-82.743,0.653,-135.692,0.182,-52.949,0.095,0.065,-1.987,-0.417,-3.459,-1.048,-1.752,-0.482,-2.874,-1.143,-1.121,-1.472,-0.464,0.379,0.424,0.717,0.742,0.053,-0.684,0.07,-2.257,2.305,0.336,3.333,-0.134,0.621,3.025,4.373,0.188,0.028,0.604,0.928
2018-10-03,CTD11,4169609,700351,0.012763762,0.019074917,0.022357196,0.006031918,0.004135757,0.0010265532,0.0010155062,0.00040563775,0.012797469,0.019069618,0.022414073,0.0062151677,0.0042081103,0.0010235897,0.082405046,-8.000000000000001e-45,0.5,-0.079,7.697,0.519,-113.36,0.644,-189.369,0.575,-121.056,0.688,-197.065,0.186,-76.009,0.046,0.032,-2.534,-0.469,-4.234,-1.142,-2.309,-0.501,-3.759,-1.189,-1.45,-1.699,-0.323,0.492,0.526,0.703,0.726,0.046,-0.605,0.168,-2.243,2.977,0.906,4.342,-0.286,0.486,3.49,5.09,0.131,0.053,0.606,0.933,-0.081,7.825,0.508,-108.457,0.638,-185.197,0.566,-116.282,0.684,-193.022,0.193,-76.74,0.049,0.033,-2.431,-0.456,-4.151,-1.151,-2.217,-0.489,-3.681,-1.2,-1.463,-1.72,-0.321,0.483,0.519,0.696,0.72,0.048,-0.626,0.174,-2.258,2.88,0.925,4.254,-0.302,0.498,3.386,5.0,0.138,0.057,0.61,0.93
2018-10-03,CTD12,4173438,695414,0.01878505,0.027054371,0.036517397,0.00997973,0.006775112,0.00165492,0.0016538787,0.0006434019,0.0186968,0.02689169,0.03677196,0.010313195,0.0068028937,0.00160131,0.10623642,-8.000000000000001e-45,1.07,-0.149,9.578,0.461,-63.241,0.599,-110.636,0.571,-72.819,0.687,-120.215,0.191,-47.396,0.096,0.065,-2.309,-0.428,-4.04,-1.104,-1.97,-0.493,-3.252,-1.2,-1.282,-1.731,-0.565,0.394,0.436,0.784,0.803,0.05,-0.732,0.062,-2.679,2.525,0.334,3.72,-0.123,0.671,3.409,5.021,0.183,0.023,0.583,0.931,-0.155,9.992,0.446,-59.777,0.596,-109.81,0.562,-69.769,0.688,-119.802,0.205,-50.033,0.103,0.068,-2.198,-0.407,-4.038,-1.132,-1.876,-0.475,-3.222,-1.236,-1.345,-1.84,-0.577,0.38,0.427,0.785,0.806,0.055,-0.785,0.072,-2.798,2.423,0.387,3.673,-0.149,0.708,3.313,5.022,0.199,0.027,0.584,0.925
2018-11-07,CTD1,4187246,695025,0.006361538,0.009215131,0.014226302,0.0035486063,0.0032743618,0.00076347153,0.0007618069,0.00029302982,0.0063931323,0.009076418,0.014324779,0.0036917077,0.0029408103,0.0008286259,0.39520517,-2.878e-42,0.7,-0.214,38.225,0.444,-173.284,0.476,-196.886,0.601,-211.508,0.626,-235.111,0.04,-23.602,0.136,0.125,-2.465,-0.567,-2.801,-0.699,-1.949,-0.693,-2.167,-0.834,-0.217,-0.336,-0.734,0.324,0.334,0.855,0.858,0.012,-0.436,-0.275,-1.748,2.367,-1.195,2.565,0.46,0.621,3.654,3.96,0.155,-0.106,0.544,0.985,-0.224,40.367,0.422,-160.702,0.511,-229.867,0.59,-201.068,0.659,-270.233,0.113,-69.165,0.149,0.119,-2.302,-0.473,-3.293,-0.849,-1.825,-0.591,-2.453,-0.998,-0.628,-0.991,-0.791,0.312,0.341,0.885,0.892,0.032,-0.622,-0.163,-2.412,2.253,-0.794,2.829,0.323,0.782,3.556,4.464,0.201,-0.066,0.546,0.958
2018-11-07,CTD2,4181518,693105,0.007196846,0.010863589,0.012543127,0.0017916152,0.0012752466,0.00030843416,0.0002982232,0.0001151385,0.0071155317,0.01073056,0.012680423,0.0017813717,0.0012277175,0.0003170926,0.21360534,-2.878e-42,0.37,-0.072,12.326,0.717,-466.105,0.79,-692.111,0.75,-478.431,0.815,-704.437,0.168,-226.006,0.022,0.016,-5.846,-0.594,-8.681,-1.24,-5.197,-0.61,-7.653,-1.262,-2.455,-2.835,-0.548,0.657,0.669,0.886,0.89,0.022,-0.539,0.154,-3.772,5.962,1.518,8.376,-0.25,0.443,6.884,9.671,0.063,0.025,0.541,0.964,-0.083,14.33,0.715,-468.173,0.795,-721.328,0.754,-482.503,0.823,-735.658,0.184,-253.154,0.026,0.018,-5.937,-0.575,-9.147,-1.285,-5.178,-0.592,-7.894,-1.31,-2.716,-3.21,-0.648,0.643,0.657,0.911,0.915,0.024,-0.605,0.157,-4.305,5.927,1.622,8.6,-0.269,0.493,7.004,10.162,0.069,0.026,0.534,0.962
2018-11-07,CTD3,4181698,695238,0.00781587,0.0116288755,0.014529977,0.0025849103,0.0018391177,0.0004470436,0.0004321906,0.00016754516,0.0078080003,0.011600439,0.01458402,0.00259918,0.0017990808,0.0004630395,0.09954424,-2.878e-42,0.96,-0.111,17.17,0.636,-300.868,0.727,-457.746,0.698,-318.037,0.775,-474.916,0.169,-156.878,0.044,0.032,-4.372,-0.553,-6.651,-1.183,-3.698,-0.585,-5.523,-1.228,-1.824,-2.279,-0.656,0.553,0.572,0.887,0.893,0.029,-0.605,0.089,-3.402,4.372,0.702,6.145,-0.156,0.538,5.463,7.678,0.096,0.02,0.543,0.956,-0.114,17.635,0.634,-298.533,0.731,-469.636,0.697,-316.169,0.78,-487.271,0.182,-171.103,0.046,0.032,-4.354,-0.537,-6.849,-1.221,-3.668,-0.569,-5.653,-1.267,-1.985,-2.495,-0.678,0.549,0.57,0.894,0.9,0.031,-0.649,0.103,-3.643,4.34,0.837,6.27,-0.188,0.565,5.456,7.882,0.101,0.023,0.542,0.953
2018-11-07,CTD4,4180266,698264,0.015839055,0.018984834,0.020117052,0.007175302,0.0047627105,0.001358377,0.0013096858,0.000543074,0.015714647,0.019090012,0.01981088,0.007196939,0.00503363,0.0013097558,0.15936853,-8.000000000000001e-45,1.03,-0.029,2.965,0.451,-86.693,0.599,-157.291,0.474,-89.658,0.617,-160.255,0.202,-70.598,0.021,0.014,-1.744,-0.413,-3.164,-1.129,-1.702,-0.427,-3.042,-1.15,-1.34,-1.42,-0.095,0.475,0.521,0.545,0.587,0.062,-0.563,0.28,-1.578,2.409,1.182,3.629,-0.447,0.396,2.553,3.846,0.141,0.106,0.669,0.912,-0.019,1.906,0.452,-86.565,0.583,-146.28,0.467,-88.471,0.595,-148.186,0.177,-59.716,0.014,0.01,-1.715,-0.436,-2.898,-1.053,-1.689,-0.445,-2.829,-1.066,-1.14,-1.183,-0.059,0.479,0.52,0.523,0.562,0.056,-0.466,0.264,-1.283,2.398,1.04,3.429,-0.392,0.338,2.489,3.559,0.123,0.1,0.676,0.92
2018-11-07,CTD6,4176009,695829,0.009211389,0.014095401,0.019564634,0.0047205393,0.0035395676,0.00083491433,0.0007922995,0.0003073555,0.009233738,0.014056213,0.019736176,0.0049755154,0.0034016883,0.0008480401,0.16299823,-8.000000000000001e-45,1.09,-0.162,19.832,0.498,-140.895,0.599,-211.575,0.611,-160.728,0.694,-231.408,0.143,-70.68,0.094,0.07,-2.757,-0.499,-4.139,-0.999,-2.266,-0.569,-3.262,-1.092,-0.996,-1.383,-0.662,0.406,0.435,0.842,0.852,0.035,-0.613,-0.029,-2.541,2.805,-0.162,3.741,0.054,0.638,3.893,5.193,0.154,-0.01,0.559,0.951,-0.168,20.475,0.477,-129.841,0.61,-222.829,0.597,-150.316,0.706,-243.303,0.188,-92.987,0.102,0.07,-2.563,-0.442,-4.398,-1.109,-2.113,-0.511,-3.42,-1.211,-1.307,-1.835,-0.678,0.392,0.431,0.846,0.858,0.047,-0.75,0.029,-2.977,2.653,0.165,3.88,-0.059,0.72,3.725,5.448,0.182,0.01,0.563,0.936
2018-11-07,CTD7,4176724,690397,0.004352526,0.0063448832,0.009829594,0.0019104943,0.0015998309,0.00035090302,0.00035036675,0.00013275871,0.0043485714,0.006200449,0.009901192,0.0019638576,0.0014360037,0.0003798787,0.44636253,-2.878e-42,0.32,-0.215,55.874,0.537,-365.817,0.597,-467.459,0.675,-421.691,0.72,-523.332,0.088,-101.641,0.107,0.089,-3.596,-0.585,-4.595,-0.893,-2.676,-0.675,-3.32,-1.0,-0.645,-0.999,-0.993,0.388,0.404,0.997,0.997,0.019,-0.549,-0.192,-2.823,3.158,-1.179,3.772,0.355,0.712,4.893,5.843,0.138,-0.058,0.51,0.974,-0.23,60.281,0.519,-347.923,0.624,-535.098,0.669,-408.204,0.747,-595.379,0.155,-187.175,0.118,0.087,-3.445,-0.5,-5.298,-1.051,-2.531,-0.586,-3.692,-1.169,-1.161,-1.853,-1.088,0.374,0.402,1.039,1.037,0.033,-0.741,-0.105,-3.738,3.012,-0.724,4.12,0.229,0.866,4.81,6.578,0.172,-0.033,0.507,0.956
2018-11-07,CTD8,4174178,693048,0.017154204,0.024783127,0.03246758,0.009117222,0.0056160903,0.0014249034,0.0013811656,0.0005615041,0.01717633,0.024813242,0.032695726,0.009337408,0.005852263,0.0013207847,0.07893813,-8.000000000000001e-45,0.92,-0.134,9.55,0.462,-69.332,0.631,-137.71,0.562,-78.883,0.705,-147.26,0.238,-68.377,0.087,0.054,-2.251,-0.389,-4.471,-1.256,-1.955,-0.443,-3.65,-1.343,-1.695,-2.22,-0.522,0.411,0.461,0.768,0.792,0.061,-0.86,0.147,-3.063,2.545,0.852,4.132,-0.313,0.694,3.335,5.413,0.195,0.054,0.592,0.916,-0.137,9.716,0.453,-66.795,0.618,-130.573,0.556,-76.511,0.696,-140.289,0.229,-63.778,0.091,0.057,-2.184,-0.391,-4.269,-1.219,-1.898,-0.448,-3.481,-1.31,-1.583,-2.085,-0.519,0.401,0.451,0.762,0.786,0.061,-0.837,0.132,-2.929,2.478,0.738,3.954,-0.278,0.691,3.266,5.211,0.197,0.05,0.594,0.917
2018-11-07,CTD9,4171106,693183,0.022721779,0.03035548,0.040086642,0.018613255,0.011111336,0.0029372885,0.0029047532,0.0011733214,0.022349646,0.030789021,0.040118437,0.018942252,0.012131078,0.0028013755,0.022304023,-8.000000000000001e-45,0.29,-0.138,7.997,0.24,-20.782,0.464,-57.055,0.366,-28.779,0.566,-65.052,0.252,-36.273,0.149,0.089,-0.833,-0.231,-2.287,-1.062,-0.874,-0.32,-1.975,-1.211,-1.101,-1.454,-0.327,0.229,0.328,0.518,0.592,0.106,-0.918,0.16,-1.977,1.354,0.578,2.268,-0.355,0.724,1.788,2.995,0.336,0.098,0.695,0.872,-0.132,7.553,0.238,-20.313,0.435,-49.954,0.359,-27.866,0.536,-57.507,0.219,-29.641,0.143,0.092,-0.815,-0.246,-2.004,-0.946,-0.858,-0.338,-1.771,-1.089,-0.913,-1.189,-0.3,0.227,0.316,0.493,0.563,0.096,-0.794,0.127,-1.682,1.323,0.42,2.066,-0.258,0.663,1.724,2.692,0.313,0.078,0.701,0.885
2018-11-07,CTD10,4170388,695646,0.0059747123,0.008936985,0.011966243,0.0023649617,0.0018094083,0.00042428036,0.00041621065,0.00016314806,0.006006328,0.008780604,0.011993506,0.0023916229,0.0016927082,0.00044828188,0.21747252,-2.878e-42,0.92,-0.145,28.326,0.581,-310.945,0.663,-440.772,0.67,-339.271,0.737,-469.098,0.133,-129.827,0.067,0.051,-3.721,-0.563,-5.274,-1.042,-3.032,-0.614,-4.192,-1.109,-1.16,-1.554,-0.726,0.477,0.497,0.893,0.899,0.027,-0.56,-0.018,-2.834,3.628,-0.121,4.742,0.032,0.574,4.857,6.349,0.113,-0.005,0.541,0.961,-0.155,30.509,0.572,-304.239,0.677,-476.882,0.667,-334.748,0.753,-507.391,0.171,-172.643,0.073,0.052,-3.649,-0.515,-5.719,-1.141,-2.939,-0.567,-4.455,-1.213,-1.516,-2.071,-0.787,0.467,0.493,0.917,0.922,0.034,-0.681,0.024,-3.414,3.53,0.173,4.988,-0.047,0.658,4.822,6.813,0.131,0.007,0.538,0.951
2018-11-07,CTD11,4169609,700351,0.0073895985,0.010733564,0.0154105,0.004945629,0.0035797963,0.00091296283,0.0008766265,0.0003588868,0.0074347313,0.01066576,0.0153827155,0.005048531,0.003595299,0.00092089165,0.21630558,-8.000000000000001e-45,2.525,-0.179,28.275,0.369,-109.033,0.5,-186.18,0.514,-137.308,0.623,-214.455,0.16,-77.147,0.14,0.101,-1.68,-0.39,-2.869,-0.921,-1.474,-0.492,-2.302,-1.061,-0.828,-1.189,-0.549,0.305,0.351,0.731,0.755,0.052,-0.685,-0.027,-2.135,1.938,-0.118,2.677,0.054,0.712,2.782,3.844,0.228,-0.013,0.6,0.933,-0.181,28.75,0.357,-104.319,0.496,-184.383,0.506,-133.069,0.621,-213.133,0.168,-80.064,0.145,0.103,-1.605,-0.375,-2.836,-0.931,-1.419,-0.478,-2.273,-1.076,-0.854,-1.232,-0.546,0.296,0.346,0.725,0.75,0.056,-0.711,-0.019,-2.166,1.879,-0.08,2.638,0.038,0.73,2.71,3.805,0.24,-0.009,0.603,0.929
2018-11-07,CTD12,4173438,695414,0.0098239565,0.015466595,0.018726682,0.0027683536,0.001891235,0.0004634717,0.00044152894,0.00017148892,0.009786669,0.015428498,0.01884053,0.002794387,0.0018708726,0.0004837174,0.11169533,-2.878e-42,0.66,-0.095,11.256,0.696,-296.57,0.782,-464.1,0.742,-307.826,0.817,-475.355,0.188,-167.529,0.031,0.021,-5.554,-0.561,-8.691,-1.285,-4.761,-0.582,-7.352,-1.316,-2.591,-3.137,-0.7,0.616,0.632,0.919,0.923,0.026,-0.638,0.143,-4.315,5.486,1.413,8.03,-0.253,0.528,6.642,9.723,0.078,0.026,0.533,0.959,-0.1,11.738,0.693,-293.045,0.784,-469.695,0.742,-304.783,0.819,-481.433,0.198,-176.65,0.033,0.022,-5.521,-0.548,-8.849,-1.313,-4.702,-0.57,-7.428,-1.345,-2.725,-3.328,-0.731,0.61,0.627,0.928,0.931,0.027,-0.675,0.149,-4.549,5.422,1.504,8.098,-0.272,0.552,6.621,9.889,0.082,0.027,0.532,0.957
2019-03-12,CTD1,4187246,695025,0.01442059,0.01911365,0.026616765,0.008905154,0.0070123426,0.0017677991,0.0017830475,0.0006982621,0.014336367,0.019054333,0.026746446,0.0090541,0.006613488,0.0017956357,0.30178317,-8.000000000000001e-45,0.17,-0.164,14.748,0.364,-59.976,0.463,-90.287,0.499,-74.724,0.583,-105.035,0.119,-30.311,0.131,0.103,-1.596,-0.421,-2.403,-0.804,-1.428,-0.524,-2.008,-0.935,-0.579,-0.807,-0.471,0.304,0.341,0.678,0.7,0.041,-0.552,-0.069,-1.649,1.883,-0.263,2.391,0.123,0.605,2.622,3.33,0.202,-0.032,0.613,0.947,-0.168,15.093,0.356,-57.966,0.485,-98.725,0.494,-73.059,0.604,-113.818,0.156,-40.759,0.137,0.1,-1.55,-0.383,-2.641,-0.894,-1.392,-0.483,-2.169,-1.031,-0.777,-1.09,-0.491,0.3,0.348,0.689,0.716,0.053,-0.657,-0.018,-1.94,1.857,-0.073,2.543,0.035,0.673,2.607,3.569,0.228,-0.009,0.614,0.932
2019-03-12,CTD2,4181518,693105,0.016974008,0.02433257,0.024665521,0.0039204094,0.0026168504,0.0006440185,0.0006309718,0.0002432053,0.01706772,0.024259845,0.024877349,0.003969197,0.002655886,0.00066616695,0.068603486,-8.000000000000001e-45,0.435,-0.007,0.555,0.722,-213.978,0.806,-341.042,0.726,-214.533,0.808,-341.596,0.199,-127.063,0.002,0.001,-5.278,-0.56,-8.412,-1.337,-5.22,-0.561,-8.312,-1.339,-3.092,-3.134,-0.051,0.748,0.76,0.77,0.78,0.027,-0.512,0.319,-3.219,6.101,3.007,9.139,-0.484,0.346,6.184,9.265,0.055,0.051,0.577,0.954,-0.013,1.023,0.719,-210.72,0.803,-335.302,0.725,-211.743,0.807,-336.325,0.198,-124.582,0.004,0.003,-5.242,-0.56,-8.341,-1.331,-5.137,-0.562,-8.159,-1.335,-3.022,-3.099,-0.093,0.737,0.749,0.777,0.787,0.027,-0.519,0.306,-3.255,6.005,2.867,8.975,-0.469,0.356,6.158,9.203,0.057,0.05,0.574,0.954
2019-03-12,CTD3,4181698,695238,0.017060967,0.023881624,0.028692104,0.0064191455,0.004305484,0.001059812,0.001042747,0.0004108658,0.017117795,0.02382027,0.028901847,0.006589816,0.004321721,0.0010495683,0.09662334,-8.000000000000001e-45,0.425,-0.091,7.02,0.576,-113.911,0.695,-190.389,0.634,-120.931,0.739,-197.409,0.197,-76.478,0.045,0.03,-3.268,-0.49,-5.463,-1.222,-2.888,-0.521,-4.714,-1.267,-1.826,-2.194,-0.449,0.529,0.558,0.79,0.805,0.04,-0.659,0.162,-2.944,3.57,1.077,5.323,-0.289,0.531,4.289,6.395,0.119,0.043,0.576,0.94,-0.096,7.381,0.567,-109.768,0.693,-189.408,0.629,-117.149,0.74,-196.789,0.208,-79.64,0.049,0.032,-3.173,-0.474,-5.474,-1.248,-2.791,-0.506,-4.688,-1.297,-1.897,-2.302,-0.466,0.519,0.549,0.793,0.808,0.043,-0.701,0.168,-3.073,3.465,1.126,5.284,-0.311,0.558,4.204,6.411,0.127,0.047,0.577,0.936
2019-03-12,CTD4,4180266,698264,0.00725336,0.010155237,0.013301947,0.0025575105,0.001991368,0.0004515726,0.00045407645,0.00017100455,0.0072386996,0.01004529,0.013307951,0.002612768,0.0018438617,0.0004837174,0.22540309,-2.878e-42,0.205,-0.134,23.294,0.598,-292.534,0.672,-403.696,0.677,-315.828,0.74,-426.99,0.124,-111.162,0.06,0.046,-3.891,-0.583,-5.37,-1.032,-3.207,-0.629,-4.336,-1.092,-1.129,-1.479,-0.692,0.497,0.515,0.885,0.89,0.024,-0.521,-0.015,-2.709,3.821,-0.102,4.907,0.026,0.531,5.005,6.428,0.102,-0.004,0.542,0.964,-0.14,24.406,0.587,-283.187,0.69,-442.791,0.672,-307.593,0.757,-467.197,0.173,-159.604,0.064,0.045,-3.769,-0.522,-5.893,-1.157,-3.09,-0.567,-4.693,-1.221,-1.603,-2.124,-0.732,0.491,0.515,0.9,0.906,0.033,-0.662,0.049,-3.373,3.706,0.355,5.252,-0.092,0.619,4.91,6.957,0.122,0.013,0.542,0.952
2019-03-12,CTD6,4176009,695829,0.013776285,0.020414636,0.022624673,0.003173702,0.0020885065,0.0005236557,0.0005058337,0.00019616535,0.0138001,0.02043232,0.022952033,0.0031822734,0.0021158487,0.0005375032,0.11576997,-2.878e-42,0.27,-0.051,4.785,0.731,-266.105,0.814,-429.827,0.754,-270.89,0.831,-434.612,0.206,-163.722,0.015,0.01,-6.021,-0.556,-9.725,-1.364,-5.53,-0.566,-8.872,-1.379,-3.342,-3.704,-0.42,0.698,0.71,0.864,0.871,0.025,-0.617,0.244,-4.401,6.34,2.646,9.634,-0.411,0.45,7.026,10.677,0.063,0.038,0.548,0.958,-0.058,5.373,0.73,-265.299,0.812,-423.682,0.756,-270.672,0.831,-429.054,0.201,-158.383,0.017,0.011,-6.089,-0.561,-9.724,-1.348,-5.53,-0.573,-8.767,-1.365,-3.236,-3.635,-0.476,0.688,0.701,0.877,0.882,0.025,-0.614,0.225,-4.427,6.328,2.444,9.518,-0.381,0.458,7.109,10.692,0.064,0.035,0.544,0.959
2019-03-12,CTD7,4176724,690397,0.010515863,0.014724901,0.018970486,0.004176711,0.0031599759,0.00075391267,0.0007573982,0.00028754736,0.010551723,0.014499837,0.019116957,0.004354435,0.003072959,0.0007742483,0.23808628,-8.000000000000001e-45,0.165,-0.126,15.199,0.558,-171.511,0.647,-248.546,0.639,-186.709,0.714,-263.745,0.139,-77.035,0.063,0.048,-3.254,-0.542,-4.715,-1.038,-2.749,-0.59,-3.884,-1.102,-1.134,-1.461,-0.579,0.477,0.5,0.827,0.836,0.03,-0.546,0.02,-2.478,3.359,0.118,4.44,-0.033,0.532,4.327,5.72,0.117,0.006,0.561,0.956,-0.137,16.657,0.538,-160.685,0.65,-256.453,0.629,-177.341,0.723,-273.11,0.173,-95.768,0.073,0.051,-3.072,-0.494,-4.903,-1.117,-2.571,-0.545,-3.96,-1.189,-1.389,-1.831,-0.622,0.457,0.487,0.84,0.851,0.038,-0.659,0.053,-2.891,3.169,0.328,4.491,-0.099,0.613,4.178,5.921,0.14,0.016,0.561,0.945
2019-03-12,CTD8,4174178,693048,0.010551436,0.015042636,0.01991802,0.004799659,0.0036779444,0.00087086257,0.0008580652,0.00032827136,0.010581484,0.014920292,0.019835833,0.0050310553,0.0036114517,0.0009205181,0.2071779,-8.000000000000001e-45,0.175,-0.139,16.272,0.516,-141.87,0.607,-205.413,0.612,-158.142,0.688,-221.685,0.132,-63.543,0.078,0.06,-2.826,-0.522,-4.091,-0.986,-2.379,-0.582,-3.335,-1.064,-0.956,-1.266,-0.575,0.434,0.46,0.808,0.818,0.032,-0.55,-0.011,-2.281,2.949,-0.06,3.849,0.019,0.558,3.905,5.096,0.134,-0.004,0.568,0.955,-0.141,16.609,0.496,-131.743,0.61,-209.874,0.595,-148.352,0.692,-226.483,0.164,-78.132,0.084,0.06,-2.613,-0.476,-4.163,-1.056,-2.213,-0.536,-3.379,-1.139,-1.166,-1.55,-0.569,0.422,0.455,0.799,0.813,0.041,-0.641,0.034,-2.527,2.784,0.189,3.878,-0.064,0.612,3.701,5.155,0.155,0.012,0.574,0.943
2019-03-12,CTD9,4171106,693183,0.038091958,0.04888014,0.06304502,0.036816422,0.027370816,0.007556684,0.007426627,0.0028543668,0.037233658,0.04912943,0.0634013,0.037200555,0.02813284,0.0072788144,0.05681558,-8.000000000000001e-45,0.17,-0.127,4.597,0.141,-6.704,0.282,-16.077,0.263,-11.3,0.395,-20.674,0.147,-9.373,0.169,0.126,-0.423,-0.183,-1.014,-0.592,-0.552,-0.309,-1.011,-0.761,-0.458,-0.591,-0.221,0.133,0.215,0.344,0.416,0.084,-0.57,0.032,-0.976,0.894,0.073,1.202,-0.055,0.546,1.152,1.55,0.319,0.024,0.766,0.905,-0.127,4.582,0.138,-6.527,0.272,-15.191,0.26,-11.109,0.385,-19.773,0.139,-8.664,0.17,0.129,-0.414,-0.184,-0.963,-0.565,-0.546,-0.313,-0.971,-0.736,-0.426,-0.549,-0.218,0.13,0.209,0.339,0.409,0.081,-0.547,0.019,-0.933,0.877,0.042,1.16,-0.032,0.534,1.132,1.496,0.313,0.014,0.767,0.91
2019-03-12,CTD10,4170388,695646,0.008545762,0.0121323895,0.016329864,0.0040288437,0.0032322225,0.0007108934,0.0007124892,0.000275191,0.008572354,0.012037447,0.01639968,0.004129227,0.0029242772,0.0007827928,0.19793415,-8.000000000000001e-45,0.26,-0.147,21.186,0.501,-165.786,0.579,-226.961,0.604,-186.973,0.67,-248.147,0.11,-61.174,0.085,0.068,-2.707,-0.536,-3.706,-0.914,-2.268,-0.604,-3.011,-1.0,-0.742,-0.999,-0.578,0.414,0.437,0.801,0.81,0.028,-0.504,-0.059,-2.041,2.813,-0.3,3.507,0.1,0.544,3.787,4.72,0.134,-0.02,0.568,0.961,-0.153,22.097,0.489,-159.102,0.609,-258.891,0.598,-181.199,0.697,-280.988,0.171,-99.789,0.091,0.065,-2.609,-0.465,-4.246,-1.069,-2.181,-0.53,-3.382,-1.16,-1.201,-1.637,-0.618,0.409,0.444,0.82,0.834,0.042,-0.678,0.026,-2.693,2.737,0.145,3.865,-0.05,0.654,3.729,5.265,0.165,0.009,0.569,0.941
2019-03-12,CTD11,4169609,700351,0.008738306,0.013240325,0.017379995,0.0035191202,0.0024943259,0.0005996812,0.00059295405,0.00022940377,0.008755008,0.01313963,0.017387062,0.0036301578,0.0024606532,0.00061874744,0.17278427,-8.000000000000001e-45,0.215,-0.135,17.989,0.58,-208.635,0.683,-325.383,0.663,-226.625,0.749,-343.373,0.17,-116.748,0.063,0.045,-3.626,-0.52,-5.655,-1.145,-3.001,-0.565,-4.546,-1.208,-1.546,-2.029,-0.688,0.489,0.514,0.881,0.888,0.033,-0.649,0.053,-3.205,3.619,0.369,5.106,-0.098,0.604,4.75,6.702,0.122,0.014,0.547,0.951,-0.139,18.592,0.567,-199.364,0.685,-330.291,0.655,-217.956,0.752,-348.882,0.192,-130.926,0.067,0.046,-3.466,-0.491,-5.743,-1.199,-2.864,-0.536,-4.584,-1.266,-1.72,-2.276,-0.697,0.479,0.508,0.882,0.89,0.038,-0.72,0.078,-3.446,3.478,0.55,5.131,-0.152,0.645,4.602,6.79,0.135,0.022,0.549,0.944
2019-03-12,CTD12,4173438,695414,0.019605538,0.028813623,0.032582626,0.0058593503,0.0037254263,0.0009412334,0.0009203158,0.00036555887,0.019761534,0.028715886,0.033087917,0.0059775887,0.0038765946,0.00094051886,0.07580389,-8.000000000000001e-45,0.225,-0.061,4.015,0.662,-135.962,0.771,-233.72,0.695,-139.976,0.795,-237.734,0.223,-97.758,0.024,0.015,-4.43,-0.507,-7.615,-1.369,-4.033,-0.521,-6.85,-1.393,-2.817,-3.185,-0.393,0.632,0.653,0.821,0.832,0.035,-0.688,0.249,-3.828,4.803,2.174,7.554,-0.442,0.495,5.431,8.543,0.089,0.051,0.565,0.944,-0.071,4.601,0.655,-132.468,0.762,-223.134,0.694,-137.069,0.79,-227.736,0.213,-90.667,0.028,0.018,-4.383,-0.514,-7.383,-1.334,-3.936,-0.531,-6.54,-1.361,-2.604,-3.0,-0.444,0.615,0.636,0.832,0.842,0.034,-0.674,0.219,-3.731,4.687,1.872,7.227,-0.39,0.504,5.4,8.327,0.091,0.046,0.561,0.946
2019-06-25,CTD1,4187246,695025,0.014435357,0.020215904,0.02679156,0.011128032,0.007868263,0.002176526,0.0021353087,0.0008643132,0.014328926,0.020389587,0.02651582,0.011054541,0.008011286,0.0020923503,0.11176439,-8.000000000000001e-45,1.455,-0.14,12.141,0.29,-40.397,0.44,-77.627,0.413,-52.538,0.546,-89.768,0.172,-37.23,0.135,0.096,-1.082,-0.318,-2.08,-0.864,-1.062,-0.413,-1.815,-0.999,-0.753,-0.997,-0.346,0.262,0.326,0.558,0.604,0.069,-0.66,0.047,-1.588,1.523,0.162,2.154,-0.089,0.618,2.018,2.855,0.257,0.026,0.667,0.914,-0.131,11.331,0.297,-41.416,0.436,-75.779,0.412,-52.747,0.536,-87.111,0.16,-34.363,0.125,0.091,-1.098,-0.332,-2.009,-0.838,-1.075,-0.423,-1.776,-0.963,-0.701,-0.911,-0.321,0.27,0.329,0.544,0.588,0.065,-0.611,0.044,-1.465,1.542,0.146,2.128,-0.079,0.576,2.006,2.768,0.24,0.024,0.67,0.919
2019-06-25,CTD2,4181518,693105,0.0136593385,0.018978415,0.023953373,0.009440166,0.0053260415,0.0017369486,0.0016811943,0.0007249396,0.013551575,0.019074716,0.023565385,0.009364625,0.0064813234,0.0014886373,0.04848736,-8.000000000000001e-45,2.62,-0.116,10.944,0.336,-53.239,0.562,-135.065,0.435,-64.183,0.636,-146.009,0.279,-81.826,0.103,0.058,-1.275,-0.284,-3.235,-1.275,-1.218,-0.342,-2.771,-1.378,-1.553,-1.96,-0.337,0.326,0.409,0.597,0.655,0.096,-0.98,0.228,-2.487,1.788,1.026,3.169,-0.51,0.698,2.257,4.0,0.275,0.113,0.662,0.877,-0.105,9.99,0.341,-54.359,0.493,-101.864,0.431,-64.35,0.569,-111.854,0.182,-47.505,0.094,0.065,-1.281,-0.352,-2.4,-0.954,-1.227,-0.417,-2.134,-1.047,-0.906,-1.119,-0.283,0.323,0.382,0.556,0.601,0.068,-0.635,0.117,-1.599,1.762,0.427,2.546,-0.209,0.543,2.177,3.145,0.216,0.058,0.667,0.912
2019-06-25,CTD3,4181698,695238,0.011985227,0.01674348,0.021148799,0.007008624,0.005135163,0.0015090529,0.0014719687,0.0005980765,0.011995263,0.016742714,0.0209541,0.006989274,0.00534712,0.0014571449,0.06830445,-8.000000000000001e-45,1.69,-0.116,12.441,0.41,-82.957,0.531,-135.011,0.502,-95.397,0.609,-147.452,0.154,-52.054,0.087,0.064,-1.754,-0.426,-2.855,-0.946,-1.597,-0.49,-2.469,-1.033,-0.872,-1.101,-0.363,0.37,0.412,0.646,0.674,0.049,-0.573,0.059,-1.729,2.146,0.243,2.929,-0.102,0.53,2.711,3.7,0.176,0.025,0.627,0.933,-0.112,12.004,0.411,-83.349,0.516,-127.289,0.5,-95.353,0.593,-139.293,0.133,-43.94,0.084,0.064,-1.747,-0.446,-2.667,-0.89,-1.596,-0.51,-2.332,-0.974,-0.736,-0.921,-0.341,0.371,0.408,0.632,0.658,0.044,-0.508,0.034,-1.523,2.14,0.133,2.798,-0.056,0.486,2.679,3.501,0.162,0.014,0.63,0.941
2019-06-25,CTD4,4180266,698264,0.01593116,0.020845799,0.022063568,0.0098142205,0.0056419135,0.0017853662,0.0017230926,0.0007403912,0.015809786,0.02102058,0.021630121,0.009655939,0.0065320614,0.0015900156,0.00013347882,-8.000000000000001e-45,1.765,-0.028,2.648,0.36,-53.922,0.574,-129.274,0.384,-56.569,0.593,-131.921,0.27,-75.352,0.026,0.015,-1.19,-0.304,-2.852,-1.269,-1.179,-0.319,-2.75,-1.295,-1.571,-1.663,-0.079,0.398,0.477,0.462,0.536,0.097,-0.795,0.37,-1.787,1.868,1.447,3.25,-0.681,0.484,1.977,3.44,0.215,0.174,0.715,0.869,-0.014,1.341,0.37,-55.991,0.526,-105.519,0.383,-57.331,0.536,-106.859,0.193,-49.528,0.013,0.009,-1.211,-0.366,-2.282,-1.019,-1.205,-0.374,-2.246,-1.032,-1.041,-1.071,-0.038,0.404,0.463,0.435,0.492,0.073,-0.506,0.295,-1.134,1.875,0.978,2.772,-0.449,0.353,1.929,2.852,0.157,0.136,0.719,0.9
2019-06-25,CTD6,4176009,695829,0.01445014,0.019770514,0.023046864,0.009300803,0.0058307364,0.001714012,0.0016674756,0.0007180029,0.014395993,0.019860571,0.0227062,0.009217234,0.006371805,0.0015850192,0.00015925299,-8.000000000000001e-45,2.595,-0.077,7.191,0.36,-56.937,0.544,-120.925,0.425,-64.128,0.596,-128.115,0.229,-63.987,0.067,0.042,-1.312,-0.332,-2.787,-1.125,-1.268,-0.374,-2.533,-1.192,-1.265,-1.475,-0.217,0.363,0.431,0.537,0.592,0.081,-0.737,0.231,-1.827,1.873,0.913,2.987,-0.429,0.539,2.183,3.482,0.217,0.109,0.679,0.893,-0.067,6.31,0.366,-58.141,0.514,-106.59,0.423,-64.452,0.562,-112.901,0.183,-48.449,0.058,0.04,-1.32,-0.37,-2.42,-0.982,-1.28,-0.411,-2.242,-1.041,-0.962,-1.1,-0.183,0.366,0.423,0.514,0.562,0.067,-0.572,0.183,-1.409,1.874,0.653,2.711,-0.303,0.452,2.143,3.099,0.183,0.085,0.683,0.911
2019-06-25,CTD7,4176724,690397,0.01336453,0.018647535,0.021388134,0.00680498,0.0044031073,0.00120083,0.0011797923,0.00048680947,0.013320348,0.01870514,0.02102614,0.0069212387,0.004599654,0.0011834967,0.00031577563,-8.000000000000001e-45,1.295,-0.068,6.871,0.465,-93.325,0.618,-173.486,0.517,-100.196,0.659,-180.357,0.214,-80.161,0.047,0.03,-1.996,-0.411,-3.711,-1.181,-1.868,-0.441,-3.363,-1.227,-1.495,-1.714,-0.245,0.459,0.505,0.633,0.667,0.06,-0.674,0.225,-2.117,2.534,1.092,3.917,-0.399,0.5,2.907,4.493,0.159,0.082,0.636,0.915,-0.058,5.901,0.46,-91.022,0.605,-163.946,0.505,-96.923,0.641,-169.848,0.202,-72.925,0.041,0.027,-1.914,-0.419,-3.447,-1.135,-1.813,-0.446,-3.177,-1.176,-1.364,-1.533,-0.201,0.46,0.505,0.605,0.641,0.058,-0.615,0.225,-1.869,2.484,1.029,3.737,-0.381,0.46,2.792,4.201,0.151,0.083,0.645,0.917
2019-06-25,CTD8,4174178,693048,0.016018331,0.02209517,0.022609733,0.008481138,0.0050367825,0.0014309101,0.0014251618,0.00058063684,0.016041242,0.022270283,0.022393327,0.008428329,0.0051995832,0.0013998833,0.00015018797,-8.000000000000001e-45,1.66,-0.012,1.03,0.445,-72.65,0.629,-153.281,0.454,-73.68,0.636,-154.311,0.255,-80.631,0.009,0.005,-1.643,-0.366,-3.466,-1.3,-1.628,-0.371,-3.41,-1.309,-1.782,-1.823,-0.038,0.492,0.549,0.521,0.575,0.077,-0.707,0.383,-1.884,2.382,1.721,4.012,-0.661,0.429,2.438,4.105,0.161,0.147,0.684,0.889,-0.003,0.247,0.451,-73.745,0.621,-147.42,0.453,-73.991,0.623,-147.667,0.237,-73.676,0.002,0.001,-1.651,-0.383,-3.301,-1.243,-1.648,-0.385,-3.289,-1.245,-1.641,-1.65,-0.009,0.502,0.554,0.508,0.56,0.072,-0.626,0.378,-1.664,2.41,1.626,3.907,-0.615,0.389,2.423,3.928,0.146,0.143,0.687,0.895
2019-06-25,CTD10,4170388,695646,0.014534195,0.020733707,0.025539778,0.008976344,0.005474219,0.0015597877,0.0015633636,0.00065785024,0.014489496,0.020770952,0.025478188,0.008945717,0.00602691,0.0014722307,0.01631819,-8.000000000000001e-45,1.53,-0.104,9.076,0.396,-63.173,0.582,-134.444,0.48,-72.249,0.647,-143.52,0.242,-71.271,0.081,0.05,-1.613,-0.346,-3.434,-1.207,-1.498,-0.396,-2.976,-1.288,-1.478,-1.82,-0.333,0.379,0.442,0.632,0.675,0.076,-0.828,0.202,-2.356,2.095,0.942,3.436,-0.408,0.622,2.581,4.233,0.219,0.087,0.642,0.899,-0.102,8.895,0.398,-63.641,0.55,-117.778,0.48,-72.536,0.617,-126.673,0.195,-54.137,0.08,0.054,-1.621,-0.384,-3.001,-1.054,-1.507,-0.437,-2.631,-1.133,-1.124,-1.379,-0.314,0.375,0.428,0.617,0.655,0.063,-0.669,0.142,-1.906,2.085,0.598,3.095,-0.258,0.553,2.558,3.797,0.194,0.061,0.643,0.915
2019-06-25,CTD11,4169609,700351,0.014749001,0.018691748,0.02183857,0.009903816,0.0074868714,0.0021529065,0.0020196522,0.0008393963,0.014587177,0.018659929,0.021032698,0.009821676,0.0075575523,0.0020061065,0.008963847,-2e-44,0.975,-0.078,7.709,0.307,-47.472,0.428,-80.068,0.376,-55.181,0.489,-87.777,0.139,-32.596,0.076,0.058,-1.037,-0.355,-1.749,-0.793,-1.031,-0.413,-1.641,-0.869,-0.609,-0.712,-0.181,0.3,0.353,0.456,0.502,0.06,-0.467,0.1,-1.03,1.544,0.292,2.043,-0.154,0.412,1.805,2.387,0.187,0.053,0.706,0.924,-0.06,6.046,0.31,-48.225,0.423,-78.727,0.363,-54.271,0.471,-84.773,0.13,-30.502,0.059,0.046,-1.014,-0.364,-1.656,-0.773,-1.013,-0.41,-1.582,-0.833,-0.569,-0.642,-0.137,0.309,0.36,0.428,0.473,0.057,-0.412,0.118,-0.883,1.541,0.328,2.002,-0.172,0.358,1.736,2.257,0.167,0.062,0.718,0.927
2019-06-25,CTD12,4173438,695414,0.014563979,0.020414636,0.024495702,0.009015428,0.0057179597,0.0016684111,0.0016717946,0.0006960351,0.014474508,0.020636125,0.024324926,0.008913704,0.0062505202,0.0015352293,0.003656904,-8.000000000000001e-45,1.735,-0.091,8.161,0.387,-61.937,0.562,-125.903,0.462,-70.097,0.621,-134.064,0.224,-63.967,0.074,0.047,-1.517,-0.354,-3.084,-1.135,-1.431,-0.401,-2.737,-1.209,-1.306,-1.567,-0.277,0.377,0.439,0.592,0.638,0.073,-0.743,0.199,-2.02,2.031,0.853,3.202,-0.377,0.566,2.437,3.842,0.208,0.088,0.655,0.902,-0.082,7.349,0.397,-63.728,0.535,-111.528,0.464,-71.077,0.591,-118.877,0.176,-47.8,0.066,0.046,-1.55,-0.398,-2.713,-0.994,-1.467,-0.444,-2.453,-1.06,-0.986,-1.163,-0.243,0.383,0.433,0.573,0.612,0.059,-0.578,0.147,-1.577,2.058,0.573,2.935,-0.247,0.478,2.426,3.46,0.175,0.064,0.657,0.92
2019-07-30,CTD1,4187246,695025,0.0042431233,0.0053600925,0.009861129,0.0050984747,0.010428746,0.0025623674,0.002465526,0.000971751,0.004450114,0.0048413235,0.010130478,0.005898231,0.007386292,0.0030525378,0.00013014268,-2e-44,0.26,-0.296,85.156,0.025,-9.573,-0.321,90.675,0.318,-94.729,-0.028,5.519,-0.343,100.248,0.434,0.888,-0.094,-0.1,0.894,0.462,-0.508,-0.988,0.03,0.028,0.537,0.989,-0.29,0.013,-0.339,0.302,-0.054,-0.35,0.055,-1.502,0.106,-0.006,-1.42,-0.003,1.351,-0.206,-0.011,-0.006,-0.106,-1.429,0.687,1.356,-0.353,107.843,-0.098,37.013,-0.208,71.169,0.264,-70.83,0.157,-36.674,-0.112,34.156,0.636,0.797,0.375,0.273,0.721,0.42,-0.343,-0.523,-0.178,-0.216,0.165,0.346,-0.398,-0.06,-0.159,0.346,0.256,-0.099,-0.321,-0.774,-0.551,0.092,-1.062,0.073,1.294,0.84,0.192,0.153,0.489,-0.943,0.717,1.093
2019-07-30,CTD2,4181518,693105,0.021911139,0.030019749,0.03577143,0.011035079,0.0069879643,0.0018785223,0.0019106651,0.000774877,0.021771982,0.030076118,0.035879534,0.011169312,0.007463729,0.001773429,0.02627358,-8.000000000000001e-45,1.465,-0.087,5.356,0.462,-57.309,0.622,-109.792,0.528,-62.665,0.673,-115.148,0.225,-52.483,0.059,0.037,-2.05,-0.4,-3.927,-1.212,-1.881,-0.438,-3.457,-1.271,-1.576,-1.877,-0.319,0.444,0.492,0.668,0.701,0.062,-0.74,0.206,-2.399,2.525,1.054,3.987,-0.388,0.558,3.009,4.751,0.172,0.076,0.624,0.914,-0.088,5.378,0.458,-56.282,0.602,-100.732,0.525,-61.66,0.656,-106.11,0.199,-44.45,0.06,0.04,-2.019,-0.42,-3.614,-1.125,-1.854,-0.46,-3.191,-1.185,-1.337,-1.595,-0.311,0.436,0.481,0.658,0.689,0.056,-0.658,0.17,-2.114,2.485,0.817,3.718,-0.304,0.525,2.964,4.436,0.163,0.063,0.625,0.921
2019-07-30,CTD3,4181698,695238,0.019347988,0.023095638,0.030251624,0.012014373,0.01214937,0.0035005843,0.0032230464,0.0012870796,0.01888226,0.02299076,0.030107092,0.012502014,0.010625109,0.0034990802,0.30924848,-2e-44,1.545,-0.134,10.242,0.316,-39.935,0.311,-39.011,0.431,-50.178,0.427,-49.253,-0.006,0.925,0.123,0.124,-1.208,-0.485,-1.18,-0.469,-1.159,-0.61,-1.138,-0.592,0.021,0.028,-0.296,0.261,0.259,0.517,0.516,-0.003,-0.225,-0.248,-0.568,1.521,-0.617,1.504,0.321,0.299,1.992,1.97,0.119,-0.129,0.658,1.003,-0.134,10.281,0.296,-36.491,0.368,-50.621,0.413,-46.772,0.478,-60.902,0.081,-14.13,0.129,0.109,-1.099,-0.388,-1.524,-0.633,-1.075,-0.497,-1.4,-0.761,-0.325,-0.425,-0.308,0.258,0.29,0.524,0.549,0.035,-0.413,-0.086,-0.995,1.486,-0.244,1.749,0.133,0.46,1.946,2.29,0.191,-0.047,0.668,0.956
2019-07-30,CTD4,4180266,698264,0.0,0.0,0.0,0.0,0.0,0.0,0.0,0.0,0.0,0.0,0.0,0.0,0.0,0.0,0.0,0.0,1.615,,,,,,,,,,,,,,,,,,,,,,,,,,,,,,,,,,,,,,,,,,,,,,,,,,,,,,,,,,,,,,,,,,,,,,,,,,,,,,,,,,,,,,,,
2019-07-30,CTD6,4176009,695829,0.02578146,0.035288285,0.042794965,0.016631097,0.010625348,0.0028615308,0.002809326,0.0011399336,0.025549911,0.035593018,0.042985823,0.016670153,0.011130576,0.0025808627,0.00078079186,-8.000000000000001e-45,2.26,-0.096,4.971,0.359,-31.79,0.537,-65.777,0.44,-36.761,0.602,-70.747,0.22,-33.986,0.083,0.053,-1.36,-0.338,-2.815,-1.094,-1.297,-0.391,-2.497,-1.177,-1.199,-1.454,-0.275,0.349,0.415,0.57,0.62,0.077,-0.741,0.186,-1.906,1.874,0.748,2.933,-0.353,0.574,2.272,3.556,0.223,0.088,0.665,0.899,-0.094,4.832,0.362,-31.892,0.524,-61.747,0.441,-36.724,0.589,-66.579,0.199,-29.855,0.081,0.054,-1.371,-0.355,-2.654,-1.029,-1.307,-0.409,-2.37,-1.11,-1.063,-1.283,-0.266,0.35,0.41,0.563,0.61,0.07,-0.67,0.16,-1.727,1.876,0.619,2.81,-0.29,0.54,2.266,3.394,0.209,0.075,0.665,0.907
2019-07-30,CTD7,4176724,690397,0.020418603,0.029079976,0.03354834,0.011732647,0.007859099,0.0020521842,0.0021092165,0.00082895556,0.020343168,0.029099224,0.033436257,0.011811947,0.007796442,0.0019831322,0.00076465675,-8.000000000000001e-45,0.91,-0.071,4.58,0.425,-50.844,0.574,-92.853,0.482,-55.425,0.62,-97.433,0.198,-42.009,0.054,0.036,-1.706,-0.4,-3.115,-1.089,-1.612,-0.436,-2.833,-1.143,-1.222,-1.409,-0.228,0.419,0.469,0.591,0.629,0.062,-0.626,0.197,-1.79,2.244,0.841,3.35,-0.339,0.484,2.589,3.865,0.169,0.079,0.652,0.914,-0.069,4.458,0.423,-50.295,0.577,-93.898,0.478,-54.752,0.622,-98.356,0.205,-43.604,0.053,0.035,-1.682,-0.392,-3.14,-1.109,-1.593,-0.427,-2.862,-1.162,-1.269,-1.458,-0.221,0.419,0.471,0.586,0.627,0.064,-0.645,0.21,-1.825,2.23,0.902,3.379,-0.366,0.489,2.563,3.883,0.173,0.085,0.654,0.911
2019-07-30,CTD8,4174178,693048,0.027629118,0.039564475,0.050173417,0.017758874,0.010787774,0.0028589985,0.0028725779,0.001154041,0.027545108,0.039882682,0.05032338,0.018055797,0.011672656,0.0025128429,0.003941211,-8.000000000000001e-45,1.235,-0.118,5.344,0.38,-31.035,0.572,-67.422,0.477,-36.379,0.646,-72.767,0.244,-36.388,0.095,0.058,-1.557,-0.335,-3.383,-1.197,-1.439,-0.392,-2.879,-1.292,-1.44,-1.826,-0.372,0.358,0.424,0.644,0.687,0.078,-0.858,0.181,-2.423,2.013,0.842,3.314,-0.378,0.661,2.553,4.202,0.234,0.081,0.639,0.897,-0.116,5.202,0.377,-30.31,0.547,-60.597,0.472,-35.512,0.623,-65.799,0.215,-30.286,0.094,0.061,-1.525,-0.354,-3.049,-1.094,-1.416,-0.415,-2.624,-1.188,-1.208,-1.524,-0.351,0.352,0.413,0.626,0.667,0.071,-0.754,0.146,-2.102,1.977,0.63,3.058,-0.285,0.615,2.494,3.858,0.221,0.066,0.642,0.907
2019-07-30,CTD9,4171106,693183,0.02479646,0.035811875,0.048256997,0.025262477,0.015749175,0.0041888403,0.004290014,0.0017190317,0.024798097,0.03648884,0.04828031,0.025127549,0.01735621,0.003741542,0.0009614273,-8.000000000000001e-45,0.33,-0.148,7.201,0.173,-11.661,0.389,-35.572,0.313,-18.862,0.508,-42.773,0.232,-23.911,0.182,0.113,-0.563,-0.184,-1.717,-0.899,-0.675,-0.297,-1.532,-1.081,-0.856,-1.154,-0.303,0.165,0.273,0.446,0.532,0.113,-0.862,0.119,-1.647,1.091,0.364,1.75,-0.257,0.724,1.47,2.359,0.379,0.084,0.726,0.871,-0.139,6.693,0.184,-12.391,0.355,-30.211,0.315,-19.085,0.471,-36.904,0.183,-17.819,0.168,0.116,-0.598,-0.215,-1.459,-0.759,-0.696,-0.331,-1.347,-0.927,-0.65,-0.86,-0.278,0.173,0.261,0.43,0.502,0.092,-0.692,0.065,-1.33,1.093,0.181,1.582,-0.125,0.632,1.446,2.093,0.329,0.045,0.727,0.894
2019-07-30,CTD10,4170388,695646,0.021588668,0.029697046,0.035589855,0.012089174,0.0075305635,0.00207282,0.0020661792,0.00084879604,0.021433774,0.029874008,0.03556243,0.01217747,0.008077519,0.0018825883,0.0009924659,-8.000000000000001e-45,0.63,-0.09,5.575,0.421,-49.045,0.595,-99.119,0.493,-54.621,0.651,-104.694,0.232,-50.074,0.067,0.042,-1.746,-0.369,-3.528,-1.198,-1.622,-0.411,-3.109,-1.266,-1.487,-1.782,-0.3,0.408,0.465,0.631,0.671,0.07,-0.771,0.212,-2.27,2.245,1.0,3.604,-0.407,0.576,2.69,4.319,0.195,0.086,0.64,0.904,-0.087,5.354,0.421,-48.645,0.574,-90.326,0.49,-53.999,0.63,-95.681,0.202,-41.682,0.065,0.043,-1.73,-0.393,-3.212,-1.1,-1.613,-0.436,-2.858,-1.165,-1.245,-1.482,-0.281,0.406,0.457,0.616,0.654,0.063,-0.668,0.177,-1.949,2.226,0.778,3.356,-0.317,0.527,2.65,3.995,0.18,0.072,0.643,0.914
2019-07-30,CTD11,4169609,700351,0.016613487,0.022925993,0.026004786,0.0094093885,0.0061455653,0.0017272895,0.0016972328,0.00070660264,0.016522894,0.023129659,0.025693908,0.00935252,0.006326648,0.0016171173,0.0026641446,-8.000000000000001e-45,0.71,-0.063,5.164,0.418,-62.658,0.577,-119.1,0.469,-67.822,0.618,-124.265,0.21,-56.442,0.049,0.032,-1.629,-0.385,-3.097,-1.121,-1.555,-0.417,-2.849,-1.169,-1.294,-1.468,-0.198,0.42,0.474,0.571,0.614,0.067,-0.649,0.228,-1.795,2.2,0.967,3.369,-0.397,0.481,2.496,3.821,0.174,0.094,0.661,0.908,-0.053,4.315,0.424,-63.689,0.57,-114.827,0.466,-68.003,0.605,-119.142,0.193,-51.139,0.04,0.027,-1.636,-0.403,-2.95,-1.074,-1.573,-0.43,-2.756,-1.114,-1.183,-1.314,-0.164,0.43,0.479,0.555,0.596,0.062,-0.578,0.224,-1.588,2.227,0.909,3.292,-0.367,0.434,2.474,3.657,0.158,0.09,0.665,0.914
2019-07-30,CTD12,4173438,695414,0.019341426,0.027224928,0.03270854,0.010907069,0.0067829704,0.0018313024,0.0018654405,0.00075655035,0.019180285,0.027338274,0.03244541,0.011033774,0.007225878,0.0016923267,0.025652735,-8.000000000000001e-45,1.08,-0.091,6.158,0.428,-54.953,0.601,-110.697,0.5,-61.111,0.656,-116.855,0.233,-55.744,0.067,0.042,-1.797,-0.373,-3.621,-1.207,-1.664,-0.415,-3.181,-1.275,-1.518,-1.823,-0.31,0.413,0.469,0.641,0.68,0.069,-0.776,0.21,-2.326,2.289,1.015,3.68,-0.407,0.58,2.75,4.422,0.193,0.084,0.636,0.905,-0.085,5.758,0.425,-54.052,0.582,-101.813,0.492,-59.81,0.636,-107.57,0.209,-47.761,0.064,0.042,-1.754,-0.391,-3.303,-1.123,-1.635,-0.432,-2.941,-1.187,-1.306,-1.55,-0.28,0.411,0.463,0.619,0.657,0.064,-0.684,0.188,-2.012,2.255,0.843,3.443,-0.34,0.532,2.676,4.087,0.181,0.076,0.642,0.912
2019-08-14,CTD1,4187246,695025,0.014356774,0.020263704,0.02937171,0.010383538,0.0079852855,0.002034419,0.0020463567,0.0008096147,0.014295473,0.020092167,0.02933656,0.010464806,0.0075890464,0.002013044,0.21903758,-8.000000000000001e-45,1.625,-0.183,15.303,0.322,-46.957,0.435,-75.881,0.478,-62.26,0.572,-91.184,0.131,-28.924,0.159,0.122,-1.379,-0.375,-2.229,-0.788,-1.262,-0.497,-1.848,-0.947,-0.586,-0.85,-0.496,0.264,0.309,0.672,0.698,0.048,-0.61,-0.079,-1.727,1.68,-0.291,2.184,0.149,0.68,2.435,3.166,0.241,-0.041,0.617,0.94,-0.187,15.683,0.315,-45.788,0.452,-81.998,0.474,-61.471,0.589,-97.682,0.159,-36.21,0.164,0.119,-1.343,-0.347,-2.406,-0.858,-1.235,-0.467,-1.963,-1.022,-0.728,-1.062,-0.512,0.261,0.314,0.682,0.712,0.058,-0.694,-0.04,-1.946,1.661,-0.156,2.291,0.081,0.735,2.426,3.345,0.262,-0.021,0.618,0.928
2019-08-14,CTD2,4181518,693105,0.012244691,0.018628618,0.027126608,0.009267138,0.0064262077,0.0016506846,0.0016553042,0.0006635486,0.01221632,0.018710168,0.027099373,0.009489447,0.0065994672,0.0016120436,0.07810626,-8.000000000000001e-45,3.225,-0.186,16.817,0.336,-54.227,0.487,-101.932,0.491,-71.044,0.617,-118.749,0.181,-47.705,0.156,0.108,-1.471,-0.348,-2.765,-0.945,-1.323,-0.457,-2.212,-1.1,-0.889,-1.294,-0.542,0.279,0.335,0.713,0.742,0.062,-0.755,-0.007,-2.211,1.773,-0.028,2.557,0.014,0.763,2.582,3.724,0.261,-0.003,0.61,0.922,-0.183,16.546,0.327,-51.933,0.479,-98.081,0.481,-68.479,0.608,-114.626,0.18,-46.147,0.157,0.109,-1.407,-0.343,-2.658,-0.931,-1.281,-0.452,-2.145,-1.088,-0.863,-1.251,-0.521,0.274,0.331,0.696,0.727,0.063,-0.747,-0.005,-2.135,1.728,-0.021,2.485,0.01,0.753,2.503,3.599,0.264,-0.003,0.616,0.921
2019-08-14,CTD3,4181698,695238,0.012969719,0.018927142,0.025809372,0.008992608,0.006637836,0.0017830641,0.0017156607,0.0006800428,0.012914677,0.01895265,0.025786802,0.009148719,0.006479025,0.0017196543,0.12087901,-8.000000000000001e-45,4.215,-0.154,14.089,0.356,-58.368,0.481,-97.817,0.483,-72.457,0.591,-111.906,0.151,-39.449,0.127,0.094,-1.506,-0.387,-2.525,-0.88,-1.371,-0.481,-2.118,-1.006,-0.747,-1.018,-0.44,0.306,0.353,0.658,0.687,0.053,-0.621,-0.005,-1.783,1.848,-0.019,2.503,0.009,0.625,2.519,3.413,0.218,-0.002,0.624,0.932,-0.153,13.984,0.349,-56.542,0.49,-101.581,0.476,-70.525,0.598,-115.565,0.171,-45.039,0.128,0.091,-1.458,-0.366,-2.619,-0.929,-1.337,-0.457,-2.19,-1.057,-0.854,-1.161,-0.437,0.304,0.357,0.654,0.687,0.06,-0.677,0.027,-1.908,1.82,0.107,2.57,-0.051,0.652,2.477,3.497,0.231,0.013,0.628,0.924
2019-08-14,CTD4,4180266,698264,0.014342088,0.020698795,0.027197637,0.009932664,0.0068303226,0.0018940078,0.0019215259,0.0007918567,0.014347534,0.020971583,0.0272772,0.0101439515,0.0076735667,0.0017102787,0.040073883,-8.000000000000001e-45,3.765,-0.136,11.544,0.351,-52.366,0.504,-98.094,0.465,-63.91,0.599,-109.638,0.185,-45.728,0.115,0.079,-1.424,-0.358,-2.668,-0.974,-1.323,-0.437,-2.269,-1.089,-0.947,-1.244,-0.388,0.316,0.374,0.627,0.665,0.065,-0.693,0.073,-1.898,1.833,0.292,2.665,-0.14,0.626,2.408,3.502,0.229,0.035,0.64,0.916,-0.131,11.023,0.348,-50.897,0.464,-82.634,0.458,-61.92,0.561,-93.657,0.139,-31.737,0.112,0.085,-1.388,-0.391,-2.254,-0.838,-1.299,-0.475,-1.964,-0.95,-0.666,-0.866,-0.354,0.31,0.355,0.598,0.63,0.051,-0.553,0.012,-1.487,1.786,0.044,2.361,-0.021,0.544,2.323,3.071,0.202,0.006,0.645,0.934
2019-08-14,CTD6,4176009,695829,0.014032359,0.02086688,0.030517256,0.010839682,0.0076810922,0.0020854895,0.002030289,0.0008386181,0.013938318,0.021009685,0.030679448,0.011009586,0.007842265,0.001970974,0.13159421,-8.000000000000001e-45,2.42,-0.188,15.154,0.316,-44.331,0.462,-82.267,0.476,-59.485,0.598,-97.421,0.171,-37.936,0.164,0.116,-1.353,-0.341,-2.511,-0.892,-1.241,-0.457,-2.033,-1.056,-0.792,-1.158,-0.521,0.263,0.319,0.689,0.72,0.061,-0.727,-0.025,-2.048,1.673,-0.099,2.361,0.051,0.754,2.447,3.454,0.268,-0.013,0.617,0.924,-0.187,15.002,0.312,-43.233,0.456,-79.917,0.472,-58.235,0.593,-94.919,0.168,-36.684,0.165,0.118,-1.326,-0.339,-2.452,-0.88,-1.223,-0.457,-1.994,-1.045,-0.771,-1.125,-0.513,0.26,0.316,0.682,0.713,0.061,-0.719,-0.027,-2.004,1.653,-0.108,2.32,0.056,0.748,2.413,3.388,0.268,-0.014,0.619,0.924
2019-08-14,CTD7,4176724,690397,0.022821208,0.033194557,0.04529183,0.013597354,0.009757172,0.0023621735,0.002314492,0.00091016927,0.022738885,0.033083457,0.045619976,0.013994329,0.009486455,0.0022952205,0.1467652,-8.000000000000001e-45,1.17,-0.154,8.046,0.419,-43.418,0.546,-72.363,0.538,-51.465,0.646,-80.41,0.164,-28.945,0.109,0.079,-1.966,-0.424,-3.277,-0.984,-1.708,-0.502,-2.669,-1.093,-0.961,-1.311,-0.518,0.356,0.398,0.738,0.759,0.049,-0.661,0.015,-2.201,2.226,0.071,3.102,-0.029,0.647,3.037,4.232,0.194,0.006,0.596,0.935,-0.159,8.306,0.405,-41.231,0.554,-75.187,0.531,-49.537,0.656,-83.493,0.192,-33.956,0.116,0.079,-1.881,-0.391,-3.43,-1.052,-1.639,-0.47,-2.762,-1.168,-1.123,-1.549,-0.534,0.346,0.396,0.743,0.768,0.057,-0.75,0.047,-2.445,2.156,0.228,3.181,-0.096,0.701,2.973,4.386,0.215,0.02,0.598,0.924
2019-08-14,CTD8,4174178,693048,0.018759549,0.03053456,0.04692661,0.0154086165,0.010097237,0.002441274,0.0023966886,0.000953715,0.01877174,0.030666206,0.047081217,0.015793951,0.010325037,0.0023012818,0.071309485,-8.000000000000001e-45,1.905,-0.212,11.44,0.329,-32.149,0.503,-66.287,0.506,-43.589,0.646,-77.727,0.208,-34.138,0.176,0.116,-1.509,-0.325,-3.111,-1.021,-1.331,-0.44,-2.373,-1.198,-1.042,-1.602,-0.643,0.265,0.328,0.776,0.802,0.069,-0.875,-0.005,-2.666,1.766,-0.021,2.696,0.011,0.882,2.715,4.143,0.289,-0.002,0.593,0.915,-0.211,11.369,0.32,-30.706,0.496,-64.243,0.498,-42.075,0.64,-75.612,0.209,-33.537,0.18,0.117,-1.446,-0.317,-3.025,-1.015,-1.29,-0.434,-2.319,-1.194,-1.028,-1.579,-0.628,0.259,0.324,0.763,0.791,0.07,-0.878,-0.002,-2.618,1.722,-0.011,2.635,0.006,0.882,2.644,4.045,0.296,-0.001,0.598,0.913
2019-08-14,CTD9,4171106,693183,0.019866353,0.028861025,0.04370409,0.022702396,0.017351607,0.004813216,0.004746421,0.0018919625,0.01954412,0.02888739,0.043822445,0.022617545,0.016857296,0.0046020923,0.12926936,-8.000000000000001e-45,1.34,-0.205,11.768,0.119,-9.399,0.249,-22.983,0.316,-21.167,0.432,-34.75,0.134,-13.583,0.267,0.204,-0.411,-0.163,-1.004,-0.522,-0.611,-0.367,-1.003,-0.789,-0.392,-0.594,-0.371,0.101,0.173,0.454,0.511,0.074,-0.648,-0.104,-1.247,0.874,-0.262,1.144,0.206,0.75,1.324,1.732,0.39,-0.082,0.711,0.919,-0.205,11.798,0.122,-9.596,0.263,-24.704,0.319,-21.394,0.444,-36.502,0.146,-15.108,0.267,0.199,-0.421,-0.162,-1.083,-0.559,-0.618,-0.361,-1.054,-0.826,-0.436,-0.662,-0.378,0.103,0.181,0.464,0.524,0.079,-0.683,-0.086,-1.322,0.893,-0.224,1.198,0.175,0.772,1.354,1.817,0.398,-0.067,0.708,0.913
2019-08-14,CTD10,4170388,695646,0.013870571,0.020387115,0.029247927,0.009519299,0.0071410956,0.0018226417,0.0018516962,0.0007400515,0.013810977,0.020304305,0.029327989,0.00970573,0.007120581,0.0017907568,0.10545002,-8.000000000000001e-45,1.87,-0.179,14.86,0.363,-55.999,0.481,-90.984,0.509,-70.859,0.608,-105.844,0.143,-34.985,0.141,0.106,-1.638,-0.4,-2.661,-0.866,-1.445,-0.506,-2.158,-1.008,-0.713,-1.023,-0.532,0.299,0.342,0.717,0.739,0.048,-0.636,-0.053,-1.954,1.898,-0.218,2.529,0.102,0.684,2.722,3.629,0.223,-0.025,0.603,0.939,-0.182,15.154,0.353,-53.781,0.481,-91.187,0.503,-68.935,0.609,-106.341,0.154,-37.406,0.147,0.108,-1.577,-0.383,-2.674,-0.885,-1.4,-0.491,-2.159,-1.032,-0.76,-1.097,-0.536,0.291,0.338,0.715,0.74,0.052,-0.671,-0.041,-2.027,1.849,-0.17,2.521,0.081,0.711,2.671,3.641,0.235,-0.02,0.605,0.934
2019-08-14,CTD11,4169609,700351,0.01025309,0.014941023,0.023107791,0.008799479,0.0066867103,0.0017481669,0.0017149195,0.0006925512,0.010243155,0.014801621,0.02322854,0.008910799,0.006548277,0.0017824207,0.19068068,-8.000000000000001e-45,2.04,-0.215,23.654,0.259,-46.713,0.382,-82.621,0.448,-70.368,0.551,-106.275,0.136,-35.907,0.208,0.158,-1.079,-0.312,-1.909,-0.727,-1.051,-0.471,-1.588,-0.935,-0.536,-0.83,-0.527,0.206,0.259,0.662,0.692,0.056,-0.669,-0.113,-1.758,1.409,-0.392,1.854,0.231,0.787,2.179,2.867,0.3,-0.067,0.624,0.934,-0.222,24.51,0.248,-44.663,0.387,-85.152,0.445,-69.173,0.56,-109.661,0.153,-40.489,0.218,0.16,-1.037,-0.292,-1.978,-0.759,-1.024,-0.453,-1.623,-0.977,-0.599,-0.94,-0.545,0.198,0.257,0.671,0.703,0.062,-0.724,-0.098,-1.886,1.379,-0.346,1.877,0.209,0.834,2.164,2.945,0.32,-0.059,0.624,0.926
2019-08-14,CTD12,4173438,695414,0.014186371,0.02140777,0.029910402,0.010733529,0.0070777847,0.0018210718,0.0017978016,0.0007259365,0.014136379,0.021509225,0.029810939,0.010933838,0.0071655475,0.0017284015,0.044657566,-8.000000000000001e-45,1.66,-0.166,13.279,0.332,-46.454,0.503,-94.575,0.472,-59.733,0.617,-107.854,0.205,-48.121,0.143,0.094,-1.389,-0.329,-2.829,-1.015,-1.279,-0.423,-2.309,-1.158,-1.03,-1.439,-0.477,0.289,0.353,0.673,0.71,0.071,-0.801,0.056,-2.231,1.758,0.238,2.666,-0.119,0.738,2.456,3.725,0.265,0.028,0.626,0.91,-0.162,12.947,0.326,-44.968,0.5,-93.065,0.463,-57.914,0.612,-106.012,0.208,-48.097,0.142,0.093,-1.341,-0.322,-2.774,-1.018,-1.246,-0.415,-2.28,-1.159,-1.035,-1.434,-0.459,0.286,0.352,0.658,0.698,0.073,-0.804,0.066,-2.193,1.727,0.275,2.635,-0.14,0.731,2.393,3.652,0.268,0.034,0.632,0.908
2019-09-18,CTD1,4187246,695025,0.01549701,0.02086688,0.03708863,0.020205611,0.02980708,0.008202085,0.008259295,0.0030950569,0.015236805,0.019928806,0.03790656,0.021933539,0.023395225,0.008896469,1.5927304,-2e-44,13.66,-0.28,20.96,0.016,-1.568,-0.176,14.374,0.295,-22.529,0.109,-6.587,-0.192,15.942,0.424,0.625,-0.058,-0.047,0.533,0.29,-0.47,-0.672,-0.137,-0.133,0.333,0.591,-0.324,0.01,-0.156,0.333,0.177,-0.166,-0.115,-0.913,-0.212,0.229,-1.135,0.155,1.1,0.302,0.407,0.276,0.165,-0.884,0.709,1.168,-0.311,23.798,-0.048,4.586,-0.08,7.435,0.267,-19.212,0.237,-16.363,-0.032,2.849,0.522,0.557,0.174,0.107,0.282,0.163,-0.383,-0.449,-0.326,-0.359,0.057,0.108,-0.397,-0.033,-0.058,0.369,0.347,-0.025,-0.412,-0.541,-0.712,0.291,-0.876,0.273,0.965,0.835,0.554,0.52,0.483,-0.595,0.724,1.024
2019-09-18,CTD2,4181518,693105,0.017189294,0.02369867,0.041422196,0.021290816,0.0288652,0.008230655,0.008194761,0.0030877064,0.016860047,0.02299076,0.04225954,0.022817684,0.023729106,0.008797878,1.3168459,-2e-44,19.56,-0.272,18.055,0.054,-4.772,-0.098,7.553,0.321,-22.827,0.179,-10.502,-0.151,12.325,0.384,0.521,-0.198,-0.138,0.313,0.161,-0.541,-0.659,-0.249,-0.224,0.292,0.511,-0.353,0.034,-0.082,0.383,0.279,-0.116,-0.165,-0.784,-0.322,0.416,-1.125,0.307,1.01,0.392,0.728,0.537,0.202,-0.704,0.691,1.121,-0.295,19.832,0.004,-0.33,-0.016,1.353,0.299,-20.162,0.281,-18.479,-0.02,1.683,0.453,0.471,-0.014,-0.008,0.057,0.031,-0.464,-0.478,-0.425,-0.422,0.039,0.071,-0.414,0.003,-0.011,0.416,0.405,-0.014,-0.418,-0.496,-0.773,0.446,-0.883,0.429,0.877,0.798,0.82,0.788,0.431,-0.492,0.702,1.014
2019-09-18,CTD3,4181698,695238,0.007041697,0.010104657,0.015797835,0.02075653,0.016016548,0.0036583028,0.003825443,0.0016355191,0.0075288285,0.010989816,0.015492831,0.02092268,0.017001636,0.0037816728,0.33652303,-2e-44,19.77,-0.22,35.664,-0.345,50.787,-0.226,36.529,-0.136,15.122,-0.007,0.864,0.129,-14.258,0.74,0.571,0.802,0.813,0.577,0.758,0.153,0.242,0.009,0.018,-0.144,-0.225,-0.155,-0.335,-0.162,-0.19,-0.007,0.183,-0.656,-0.132,-0.5,-0.527,-0.13,-0.683,0.267,0.792,-0.824,-1.068,1.04,-0.271,1.191,0.87,-0.17,26.447,-0.311,43.198,-0.215,32.175,-0.149,16.751,-0.046,5.728,0.103,-11.023,0.553,0.45,0.669,0.734,0.498,0.673,0.184,0.285,0.063,0.12,-0.121,-0.171,-0.119,-0.306,-0.165,-0.194,-0.047,0.148,-0.521,-0.103,-0.386,-0.572,-0.094,-0.704,0.179,0.597,-0.807,-0.993,0.806,-0.197,1.205,0.892
2019-09-18,CTD4,4180266,698264,0.009254632,0.01223911,0.02207816,0.012093589,0.01885926,0.005366967,0.00529272,0.0020001752,0.009263183,0.011687463,0.022483343,0.013056215,0.014890338,0.0059056254,1.8121421,-2e-44,27.01,-0.287,36.412,0.006,-0.983,-0.213,28.681,0.292,-37.395,0.079,-7.731,-0.219,29.664,0.44,0.687,-0.022,-0.019,0.633,0.347,-0.458,-0.705,-0.095,-0.093,0.363,0.655,-0.318,0.004,-0.194,0.321,0.132,-0.197,-0.087,-1.005,-0.159,0.158,-1.177,0.101,1.163,0.244,0.285,0.183,0.134,-0.993,0.709,1.198,-0.316,41.084,-0.055,8.97,-0.121,18.404,0.265,-32.115,0.203,-22.68,-0.066,9.434,0.536,0.612,0.202,0.134,0.414,0.24,-0.375,-0.478,-0.265,-0.296,0.11,0.212,-0.386,-0.037,-0.09,0.355,0.307,-0.054,-0.357,-0.621,-0.615,0.233,-0.937,0.204,1.047,0.783,0.448,0.393,0.455,-0.693,0.724,1.052
2019-09-18,CTD6,4176009,695829,0.011448282,0.014820004,0.025598526,0.013557709,0.021391444,0.006043648,0.0059472146,0.0022290694,0.011375117,0.014084638,0.026043644,0.014742743,0.016424384,0.0065194196,1.8065912,-2e-44,26.75,-0.267,28.412,0.044,-6.282,-0.181,20.729,0.308,-34.694,0.09,-7.683,-0.224,27.011,0.385,0.608,-0.161,-0.134,0.531,0.281,-0.514,-0.742,-0.114,-0.104,0.4,0.691,-0.308,0.027,-0.168,0.333,0.148,-0.194,-0.055,-0.999,-0.104,0.257,-1.195,0.163,1.094,0.149,0.445,0.282,0.079,-0.914,0.702,1.2,-0.298,32.602,-0.023,3.169,-0.077,10.114,0.277,-29.433,0.227,-22.488,-0.054,6.945,0.481,0.535,0.083,0.052,0.263,0.149,-0.415,-0.483,-0.317,-0.332,0.098,0.181,-0.384,-0.015,-0.057,0.37,0.334,-0.042,-0.357,-0.573,-0.63,0.325,-0.909,0.291,0.951,0.735,0.6,0.539,0.416,-0.6,0.718,1.041
2019-09-18,CTD7,4176724,690397,0.012412438,0.016334234,0.028505893,0.015191356,0.024886632,0.0074908906,0.0075250166,0.0027977508,0.012289557,0.015463428,0.02909728,0.016991714,0.019508421,0.00806993,1.8304714,-2e-44,21.925,-0.271,26.141,0.036,-4.606,-0.207,21.039,0.305,-30.746,0.068,-5.102,-0.242,25.645,0.397,0.651,-0.131,-0.115,0.6,0.32,-0.502,-0.765,-0.083,-0.078,0.419,0.731,-0.304,0.021,-0.196,0.323,0.115,-0.216,-0.037,-1.065,-0.07,0.202,-1.22,0.123,1.135,0.107,0.353,0.215,0.057,-0.991,0.703,1.222,-0.306,30.301,-0.047,5.816,-0.116,13.409,0.263,-24.485,0.197,-16.892,-0.069,7.592,0.515,0.591,0.169,0.113,0.39,0.228,-0.379,-0.478,-0.261,-0.287,0.117,0.221,-0.374,-0.031,-0.088,0.346,0.295,-0.056,-0.34,-0.617,-0.581,0.24,-0.92,0.209,1.011,0.734,0.451,0.393,0.428,-0.678,0.728,1.055
2019-09-18,CTD8,4174178,693048,0.013085112,0.01717453,0.03035959,0.016546777,0.023719225,0.006480285,0.0064440276,0.002410098,0.012921596,0.016388293,0.030991007,0.017848367,0.018718822,0.007063428,1.5841105,-2e-44,27.41,-0.277,25.287,0.019,-2.209,-0.16,16.066,0.294,-27.496,0.123,-9.221,-0.178,18.275,0.418,0.6,-0.067,-0.052,0.488,0.266,-0.472,-0.652,-0.158,-0.153,0.314,0.555,-0.327,0.012,-0.14,0.338,0.197,-0.151,-0.132,-0.868,-0.242,0.257,-1.111,0.179,1.07,0.334,0.454,0.317,0.182,-0.836,0.709,1.153,-0.308,28.752,-0.043,4.992,-0.066,7.597,0.269,-23.76,0.247,-21.155,-0.024,2.605,0.513,0.538,0.155,0.093,0.235,0.136,-0.389,-0.445,-0.347,-0.378,0.043,0.081,-0.399,-0.029,-0.048,0.374,0.358,-0.018,-0.425,-0.52,-0.737,0.314,-0.861,0.3,0.938,0.842,0.594,0.567,0.485,-0.566,0.723,1.018
2019-09-18,CTD9,4171106,693183,0.013757505,0.01860972,0.033088893,0.018161621,0.025895556,0.007322336,0.007297313,0.0027804486,0.013573061,0.0178205,0.033701636,0.019667124,0.02100913,0.007870882,1.4577314,-2e-44,19.32,-0.28,23.514,0.012,-1.326,-0.164,15.119,0.291,-24.84,0.122,-8.395,-0.176,16.444,0.427,0.609,-0.044,-0.034,0.5,0.275,-0.462,-0.643,-0.156,-0.152,0.306,0.544,-0.329,0.008,-0.142,0.335,0.196,-0.15,-0.139,-0.863,-0.253,0.242,-1.103,0.17,1.077,0.352,0.43,0.302,0.193,-0.843,0.711,1.151,-0.308,26.443,-0.049,5.269,-0.082,8.517,0.263,-21.174,0.232,-17.926,-0.033,3.248,0.52,0.556,0.178,0.111,0.287,0.168,-0.377,-0.445,-0.319,-0.353,0.058,0.109,-0.39,-0.034,-0.06,0.361,0.339,-0.026,-0.407,-0.539,-0.698,0.283,-0.865,0.265,0.955,0.823,0.535,0.501,0.48,-0.595,0.728,1.025
2019-09-18,CTD10,4170388,695646,0.012253023,0.01611423,0.027735867,0.014231877,0.019664265,0.005864543,0.0057165883,0.002208863,0.012120273,0.0155247,0.028130192,0.01496802,0.016330231,0.0061770035,1.4854946,-2e-44,25.455,-0.265,26.003,0.062,-8.208,-0.099,11.203,0.322,-34.21,0.17,-14.799,-0.16,19.411,0.37,0.511,-0.228,-0.161,0.311,0.159,-0.551,-0.673,-0.238,-0.211,0.313,0.538,-0.343,0.04,-0.085,0.377,0.266,-0.124,-0.143,-0.801,-0.278,0.423,-1.129,0.306,0.997,0.339,0.729,0.527,0.174,-0.707,0.692,1.129,-0.289,28.864,0.018,-2.396,-0.025,3.177,0.305,-31.26,0.265,-25.687,-0.044,5.573,0.432,0.471,-0.067,-0.039,0.089,0.048,-0.485,-0.51,-0.399,-0.384,0.087,0.157,-0.403,0.013,-0.019,0.413,0.387,-0.031,-0.365,-0.539,-0.685,0.457,-0.929,0.419,0.895,0.721,0.827,0.758,0.384,-0.52,0.698,1.032
2019-09-18,CTD11,4169609,700351,0.013677982,0.018446712,0.031580582,0.015611838,0.019319693,0.005789724,0.0056886887,0.0022099218,0.013472999,0.017878847,0.031994738,0.016209507,0.016443258,0.0060448586,1.0565428,-8.000000000000001e-45,23.855,-0.263,22.545,0.083,-9.844,-0.023,2.45,0.338,-32.389,0.241,-20.096,-0.106,12.293,0.352,0.436,-0.311,-0.19,0.077,0.038,-0.597,-0.626,-0.371,-0.314,0.227,0.388,-0.376,0.056,-0.018,0.423,0.36,-0.074,-0.224,-0.653,-0.453,0.57,-1.068,0.46,0.904,0.474,0.976,0.788,0.235,-0.553,0.681,1.079,-0.283,24.677,0.049,-5.76,0.042,-4.883,0.327,-30.437,0.321,-29.56,-0.007,0.877,0.4,0.406,-0.184,-0.095,-0.156,-0.079,-0.544,-0.5,-0.528,-0.479,0.016,0.028,-0.432,0.034,0.03,0.46,0.456,-0.005,-0.427,-0.456,-0.843,0.589,-0.887,0.581,0.804,0.775,1.054,1.039,0.393,-0.413,0.683,1.005
2019-09-18,CTD12,4173438,695414,0.015699206,0.020824738,0.03267702,0.016558798,0.019531652,0.006118915,0.00628902,0.002420505,0.0153768,0.020272389,0.033003587,0.017360898,0.01734643,0.006245644,0.9862211,-2e-44,26.71,-0.222,17.417,0.114,-12.371,0.032,-3.179,0.327,-29.788,0.252,-20.596,-0.082,9.192,0.288,0.34,-0.404,-0.242,-0.104,-0.053,-0.62,-0.582,-0.429,-0.341,0.191,0.3,-0.328,0.082,0.026,0.399,0.352,-0.056,-0.211,-0.542,-0.415,0.66,-0.907,0.559,0.721,0.39,1.035,0.878,0.197,-0.431,0.699,1.06,-0.239,19.028,0.077,-8.273,0.078,-8.321,0.311,-27.301,0.311,-27.349,0.0,-0.048,0.33,0.33,-0.273,-0.143,-0.275,-0.144,-0.553,-0.474,-0.554,-0.475,-0.001,-0.002,-0.367,0.058,0.058,0.416,0.416,0.0,-0.387,-0.385,-0.735,0.642,-0.732,0.643,0.627,0.629,1.045,1.046,0.331,-0.33,0.706,1.0
2019-10-03,CTD1,4187246,695025,0.025551058,0.04017869,0.072787546,0.044237178,0.04229388,0.011707151,0.011949905,0.004541192,0.02553962,0.040004805,0.07470108,0.045415115,0.041222237,0.012417159,0.6136782,-8.000000000000001e-45,3.755,-0.289,11.15,-0.048,2.283,-0.026,1.245,0.244,-8.867,0.265,-9.905,0.022,-1.039,0.493,0.472,0.166,0.097,0.091,0.055,-0.356,-0.375,-0.398,-0.438,-0.042,-0.076,-0.377,-0.035,-0.018,0.346,0.361,0.017,-0.494,-0.404,-0.813,0.327,-0.695,0.342,0.766,0.856,0.593,0.62,0.52,-0.445,0.747,0.983,-0.302,11.61,-0.063,2.978,-0.015,0.738,0.244,-8.632,0.289,-10.872,0.048,-2.24,0.527,0.479,0.222,0.123,0.055,0.034,-0.345,-0.356,-0.435,-0.494,-0.09,-0.167,-0.4,-0.047,-0.01,0.361,0.392,0.037,-0.566,-0.372,-0.931,0.329,-0.674,0.363,0.766,0.96,0.614,0.677,0.583,-0.422,0.745,0.965
2019-10-03,CTD2,4181518,693105,0.007355871,0.010520546,0.016824309,0.0069023026,0.005463787,0.0014515443,0.0014532923,0.00059193367,0.007392499,0.01042258,0.016924974,0.0069963457,0.00533549,0.0014786562,0.24861677,-8.000000000000001e-45,3.85,-0.231,35.614,0.208,-49.827,0.316,-87.971,0.418,-85.441,0.51,-123.585,0.116,-38.144,0.246,0.195,-0.838,-0.272,-1.48,-0.607,-0.899,-0.467,-1.3,-0.853,-0.401,-0.642,-0.51,0.162,0.213,0.621,0.652,0.053,-0.638,-0.166,-1.555,1.199,-0.512,1.515,0.336,0.808,1.918,2.423,0.331,-0.109,0.637,0.939,-0.238,36.861,0.197,-46.986,0.323,-91.479,0.415,-83.847,0.521,-128.34,0.135,-44.492,0.258,0.197,-0.795,-0.251,-1.548,-0.64,-0.874,-0.447,-1.338,-0.898,-0.464,-0.753,-0.527,0.154,0.213,0.63,0.665,0.061,-0.695,-0.147,-1.682,1.174,-0.466,1.54,0.313,0.861,1.907,2.501,0.356,-0.099,0.637,0.931
2019-10-03,CTD3,4181698,695238,0.0058016735,0.008172805,0.012588403,0.0046194643,0.0037213292,0.00094761193,0.0009914861,0.00039473965,0.00585335,0.008067448,0.012705483,0.0048123533,0.0035792154,0.0009798122,0.35075918,-8.000000000000001e-45,3.415,-0.213,42.919,0.278,-94.118,0.374,-146.364,0.463,-137.037,0.544,-189.283,0.108,-52.246,0.198,0.16,-1.185,-0.35,-1.842,-0.676,-1.12,-0.51,-1.547,-0.874,-0.427,-0.658,-0.529,0.218,0.259,0.67,0.693,0.043,-0.592,-0.156,-1.614,1.474,-0.529,1.829,0.299,0.735,2.27,2.818,0.27,-0.088,0.616,0.948,-0.223,45.249,0.253,-83.844,0.385,-155.436,0.451,-129.092,0.56,-200.685,0.147,-71.592,0.218,0.162,-1.065,-0.3,-1.975,-0.748,-1.041,-0.462,-1.619,-0.966,-0.578,-0.91,-0.553,0.2,0.256,0.678,0.709,0.059,-0.71,-0.109,-1.873,1.395,-0.386,1.875,0.23,0.831,2.197,2.953,0.315,-0.065,0.62,0.93
2019-10-03,CTD4,4180266,698264,0.0072062304,0.010412268,0.016302833,0.0077459686,0.0057442845,0.0015420157,0.0015734476,0.0006629462,0.0072474126,0.010467014,0.016273275,0.007899801,0.006078885,0.0014606135,0.25562248,-8.000000000000001e-45,3.635,-0.22,34.702,0.147,-33.059,0.289,-78.046,0.356,-67.76,0.479,-112.747,0.148,-44.987,0.269,0.199,-0.539,-0.19,-1.272,-0.605,-0.706,-0.389,-1.174,-0.873,-0.468,-0.733,-0.437,0.121,0.194,0.53,0.581,0.075,-0.71,-0.103,-1.494,0.992,-0.292,1.338,0.217,0.824,1.553,2.094,0.392,-0.077,0.68,0.917,-0.217,34.088,0.14,-31.047,0.265,-68.966,0.346,-65.135,0.456,-103.053,0.13,-37.918,0.269,0.207,-0.505,-0.189,-1.122,-0.545,-0.682,-0.396,-1.079,-0.814,-0.397,-0.617,-0.415,0.115,0.182,0.506,0.555,0.068,-0.656,-0.126,-1.352,0.951,-0.338,1.236,0.255,0.785,1.479,1.922,0.381,-0.095,0.687,0.925
2019-10-03,CTD6,4176009,695829,0.006286719,0.008608611,0.014230995,0.006315925,0.0060402094,0.0016755599,0.0016610197,0.0006815927,0.0063387393,0.008477652,0.014343489,0.0064942967,0.0055704284,0.0017297508,0.58049744,-8.000000000000001e-45,5.2,-0.246,45.894,0.154,-42.167,0.175,-49.394,0.385,-88.061,0.404,-95.288,0.022,-7.227,0.29,0.277,-0.6,-0.255,-0.703,-0.312,-0.758,-0.532,-0.82,-0.602,-0.062,-0.103,-0.455,0.113,0.125,0.54,0.549,0.012,-0.441,-0.351,-0.993,0.939,-0.828,0.981,0.607,0.697,1.552,1.622,0.309,-0.258,0.653,0.987,-0.257,48.239,0.132,-36.024,0.207,-61.562,0.377,-84.263,0.441,-109.801,0.077,-25.538,0.313,0.269,-0.517,-0.201,-0.883,-0.4,-0.714,-0.469,-0.931,-0.713,-0.217,-0.366,-0.486,0.1,0.14,0.559,0.586,0.04,-0.575,-0.267,-1.27,0.917,-0.687,1.069,0.526,0.834,1.552,1.809,0.378,-0.204,0.656,0.956
2019-10-03,CTD7,4176724,690397,0.0074502598,0.011076624,0.019211067,0.007377858,0.006627594,0.0016972082,0.0017455989,0.0006840806,0.0074659833,0.010903908,0.019390753,0.0075778416,0.0061268727,0.0017692926,0.42917436,-8.000000000000001e-45,7.22,-0.269,38.227,0.2,-45.26,0.251,-60.604,0.445,-83.487,0.487,-98.831,0.054,-15.344,0.282,0.253,-0.87,-0.3,-1.164,-0.447,-0.925,-0.553,-1.095,-0.729,-0.17,-0.295,-0.581,0.143,0.167,0.668,0.682,0.025,-0.537,-0.322,-1.397,1.156,-0.933,1.287,0.621,0.836,2.006,2.233,0.321,-0.214,0.609,0.972,-0.28,40.139,0.18,-40.253,0.28,-71.505,0.438,-80.393,0.52,-111.644,0.106,-31.252,0.304,0.246,-0.781,-0.247,-1.387,-0.542,-0.877,-0.493,-1.217,-0.846,-0.341,-0.606,-0.619,0.13,0.177,0.694,0.718,0.048,-0.674,-0.246,-1.726,1.123,-0.779,1.389,0.542,0.97,1.997,2.47,0.379,-0.171,0.61,0.946
2019-10-03,CTD8,4174178,693048,0.0052758893,0.0073949997,0.011935041,0.0047413823,0.0042591607,0.0010996688,0.0011161937,0.00044893537,0.005327658,0.0073266905,0.0120768985,0.00486786,0.003912825,0.0011608768,0.43500015,-8.000000000000001e-45,4.76,-0.235,51.44,0.219,-75.682,0.269,-99.562,0.431,-127.122,0.474,-151.001,0.054,-23.879,0.244,0.219,-0.903,-0.322,-1.188,-0.472,-0.94,-0.541,-1.117,-0.716,-0.177,-0.285,-0.504,0.164,0.188,0.617,0.632,0.025,-0.494,-0.279,-1.243,1.203,-0.781,1.339,0.501,0.716,1.941,2.161,0.284,-0.179,0.628,0.971,-0.245,53.685,0.202,-68.942,0.304,-119.083,0.425,-122.626,0.511,-172.767,0.109,-50.141,0.261,0.21,-0.833,-0.27,-1.438,-0.58,-0.898,-0.48,-1.266,-0.841,-0.367,-0.606,-0.541,0.154,0.201,0.641,0.669,0.049,-0.637,-0.197,-1.581,1.181,-0.608,1.469,0.404,0.845,1.947,2.422,0.34,-0.131,0.628,0.944
2019-10-03,CTD9,4171106,693183,0.010395863,0.016754834,0.030894682,0.019234188,0.017161323,0.0051658414,0.0050504967,0.0020763995,0.010315974,0.016502745,0.03116113,0.019230112,0.016250484,0.005320053,0.51991534,-8.000000000000001e-45,6.24,-0.297,27.316,-0.069,7.694,-0.012,1.414,0.233,-19.623,0.286,-25.903,0.057,-6.28,0.525,0.469,0.238,0.132,0.044,0.027,-0.329,-0.337,-0.434,-0.498,-0.105,-0.194,-0.389,-0.052,-0.008,0.344,0.382,0.044,-0.578,-0.35,-0.929,0.316,-0.63,0.354,0.723,0.952,0.582,0.652,0.593,-0.402,0.755,0.959,-0.308,28.505,-0.076,8.594,0.008,-0.941,0.237,-19.911,0.314,-29.445,0.084,-9.535,0.548,0.463,0.268,0.14,-0.029,-0.018,-0.329,-0.324,-0.486,-0.566,-0.157,-0.297,-0.413,-0.058,0.005,0.364,0.417,0.063,-0.654,-0.315,-1.059,0.337,-0.605,0.398,0.705,1.043,0.636,0.752,0.644,-0.368,0.75,0.941
2019-10-03,CTD10,4170388,695646,0.005000545,0.006872854,0.0108368555,0.004925426,0.0044611837,0.0011778411,0.0012080809,0.00049023377,0.0050510457,0.006801081,0.010828523,0.0050502815,0.0040790886,0.00123345,0.631718,-8.000000000000001e-45,6.785,-0.224,53.222,0.165,-57.528,0.213,-78.656,0.375,-110.75,0.417,-131.878,0.049,-21.128,0.262,0.237,-0.623,-0.257,-0.852,-0.387,-0.761,-0.494,-0.906,-0.65,-0.145,-0.229,-0.422,0.127,0.153,0.522,0.54,0.026,-0.47,-0.272,-1.034,0.984,-0.66,1.086,0.473,0.671,1.551,1.712,0.305,-0.195,0.666,0.971,-0.228,54.687,0.148,-50.973,0.25,-98.117,0.364,-105.66,0.453,-152.804,0.106,-47.144,0.276,0.223,-0.552,-0.208,-1.062,-0.496,-0.719,-0.431,-1.039,-0.772,-0.321,-0.511,-0.441,0.117,0.171,0.531,0.57,0.055,-0.61,-0.18,-1.308,0.97,-0.477,1.201,0.354,0.784,1.544,1.912,0.366,-0.133,0.672,0.939
2019-10-03,CTD11,4169609,700351,0.006701449,0.009390303,0.014742664,0.0063897865,0.0054512965,0.0014291051,0.0014757357,0.000594329,0.0067426777,0.009303374,0.014760832,0.0065053394,0.005150599,0.0014774861,0.35848963,-8.000000000000001e-45,4.255,-0.222,38.662,0.19,-50.007,0.265,-76.95,0.395,-88.669,0.46,-115.612,0.079,-26.943,0.247,0.211,-0.737,-0.273,-1.134,-0.492,-0.833,-0.483,-1.086,-0.739,-0.253,-0.397,-0.452,0.149,0.186,0.563,0.589,0.039,-0.535,-0.216,-1.235,1.1,-0.585,1.289,0.398,0.717,1.727,2.024,0.311,-0.147,0.654,0.956,-0.227,39.741,0.177,-46.232,0.287,-86.664,0.388,-85.973,0.483,-126.405,0.116,-40.432,0.259,0.205,-0.682,-0.238,-1.279,-0.564,-0.8,-0.443,-1.176,-0.822,-0.376,-0.597,-0.468,0.141,0.195,0.571,0.608,0.056,-0.633,-0.161,-1.436,1.081,-0.463,1.366,0.324,0.795,1.715,2.167,0.35,-0.113,0.657,0.936
2019-10-03,CTD12,4173438,695414,0.0046459204,0.0063111396,0.010081823,0.0033324715,0.003307575,0.0008025652,0.0008436139,0.00032225967,0.004696606,0.006220144,0.010090229,0.0034226894,0.002892573,0.0008900293,0.39858106,-8.000000000000001e-45,4.38,-0.23,59.262,0.309,-141.628,0.312,-143.886,0.503,-200.889,0.506,-203.148,0.004,-2.259,0.197,0.196,-1.428,-0.468,-1.451,-0.479,-1.268,-0.664,-1.282,-0.677,-0.014,-0.023,-0.568,0.222,0.224,0.702,0.702,0.002,-0.382,-0.367,-1.154,1.566,-1.117,1.578,0.59,0.605,2.501,2.52,0.2,-0.194,0.588,0.998,-0.237,61.662,0.29,-131.4,0.365,-184.945,0.493,-193.062,0.554,-246.607,0.084,-53.545,0.211,0.178,-1.326,-0.38,-1.866,-0.633,-1.201,-0.558,-1.534,-0.844,-0.333,-0.54,-0.613,0.215,0.246,0.732,0.746,0.033,-0.567,-0.229,-1.671,1.531,-0.798,1.811,0.439,0.777,2.483,2.938,0.264,-0.126,0.591,0.961
2019-11-27,CTD1,4187246,695025,0.01042045,0.014910675,0.0222246,0.0055076266,0.0045558717,0.0010718963,0.0010717062,0.0004128022,0.010421546,0.014687885,0.022393327,0.0056991414,0.004222158,0.0011336352,0.31213632,-8.000000000000001e-45,0.745,-0.197,22.071,0.461,-114.5,0.532,-152.431,0.603,-136.571,0.66,-174.502,0.095,-37.931,0.122,0.101,-2.545,-0.522,-3.388,-0.84,-2.036,-0.622,-2.602,-0.961,-0.566,-0.843,-0.727,0.351,0.373,0.859,0.865,0.026,-0.538,-0.156,-2.171,2.502,-0.762,3.025,0.282,0.663,3.73,4.509,0.164,-0.058,0.55,0.966,-0.208,23.427,0.441,-107.382,0.553,-168.762,0.594,-130.809,0.683,-192.19,0.149,-61.381,0.134,0.099,-2.405,-0.453,-3.779,-0.962,-1.921,-0.552,-2.823,-1.095,-0.902,-1.375,-0.777,0.338,0.373,0.883,0.891,0.04,-0.694,-0.085,-2.727,2.389,-0.45,3.224,0.175,0.784,3.642,4.916,0.199,-0.033,0.55,0.947
2019-11-27,CTD2,4181518,693105,0.018015943,0.023897594,0.03656374,0.015950512,0.015575233,0.0043331,0.0042101117,0.0016433669,0.017632013,0.02368466,0.037005093,0.016103765,0.013957905,0.0043670996,0.39790383,-8.000000000000001e-45,6.97,-0.209,14.496,0.199,-20.849,0.211,-22.359,0.393,-35.344,0.403,-36.855,0.012,-1.511,0.231,0.226,-0.762,-0.325,-0.818,-0.357,-0.845,-0.55,-0.881,-0.588,-0.036,-0.055,-0.402,0.152,0.158,0.522,0.527,0.006,-0.371,-0.323,-0.849,1.072,-0.758,1.098,0.506,0.554,1.641,1.68,0.241,-0.216,0.659,0.993,-0.219,15.198,0.191,-19.876,0.258,-29.423,0.394,-35.074,0.452,-44.621,0.071,-9.547,0.245,0.212,-0.736,-0.277,-1.089,-0.474,-0.831,-0.49,-1.057,-0.719,-0.226,-0.353,-0.443,0.149,0.183,0.555,0.579,0.035,-0.514,-0.227,-1.18,1.094,-0.601,1.262,0.409,0.696,1.709,1.971,0.303,-0.154,0.656,0.96
2019-11-27,CTD3,4181698,695238,0.010000663,0.01479993,0.024103748,0.011103706,0.00963636,0.0026252605,0.00259908,0.0010402306,0.009955919,0.014772069,0.024184698,0.011369768,0.009530704,0.002616414,0.36199737,-8.000000000000001e-45,6.105,-0.239,26.081,0.143,-22.492,0.211,-36.206,0.369,-48.573,0.429,-62.286,0.071,-13.714,0.29,0.251,-0.542,-0.217,-0.873,-0.402,-0.719,-0.468,-0.922,-0.692,-0.203,-0.331,-0.449,0.11,0.147,0.532,0.559,0.038,-0.538,-0.254,-1.168,0.933,-0.635,1.075,0.476,0.761,1.52,1.751,0.35,-0.19,0.666,0.958,-0.242,26.347,0.13,-20.257,0.216,-37.229,0.36,-46.604,0.435,-63.576,0.088,-16.972,0.3,0.251,-0.49,-0.193,-0.9,-0.423,-0.688,-0.444,-0.939,-0.723,-0.251,-0.41,-0.45,0.101,0.147,0.527,0.561,0.047,-0.582,-0.227,-1.238,0.905,-0.577,1.08,0.444,0.799,1.482,1.768,0.376,-0.175,0.671,0.948
2019-11-27,CTD4,4180266,698264,0.013328137,0.01878048,0.028823113,0.010417623,0.00928282,0.0024595885,0.0024019931,0.0009470438,0.013214576,0.01853475,0.028901847,0.010634988,0.008632546,0.0025128429,0.44188544,-8.000000000000001e-45,5.595,-0.211,18.552,0.286,-42.744,0.338,-54.479,0.469,-61.297,0.513,-73.032,0.058,-11.735,0.193,0.172,-1.232,-0.397,-1.57,-0.568,-1.151,-0.569,-1.372,-0.761,-0.22,-0.338,-0.51,0.219,0.242,0.656,0.669,0.024,-0.471,-0.239,-1.302,1.481,-0.744,1.662,0.412,0.644,2.272,2.55,0.233,-0.133,0.613,0.971,-0.219,19.353,0.271,-40.077,0.364,-61.888,0.462,-59.429,0.54,-81.241,0.104,-21.811,0.206,0.167,-1.158,-0.346,-1.789,-0.658,-1.102,-0.513,-1.506,-0.864,-0.404,-0.63,-0.538,0.21,0.25,0.672,0.695,0.042,-0.591,-0.17,-1.605,1.444,-0.571,1.779,0.327,0.748,2.252,2.774,0.275,-0.098,0.615,0.949
2019-11-27,CTD6,4176009,695829,0.0097091,0.013649442,0.023430184,0.0132156545,0.013265561,0.0038746481,0.0037457878,0.0015303079,0.009658472,0.013434458,0.023594238,0.013438526,0.012153964,0.003944175,0.6364687,-8.000000000000001e-45,8.09,-0.264,30.583,0.016,-2.405,0.014,-2.12,0.279,-32.988,0.277,-32.703,-0.002,0.285,0.404,0.406,-0.056,-0.032,-0.05,-0.028,-0.45,-0.438,-0.446,-0.432,0.004,0.007,-0.369,0.012,0.01,0.38,0.378,-0.001,-0.414,-0.421,-0.733,0.467,-0.744,0.465,0.72,0.713,0.801,0.798,0.402,-0.408,0.725,1.001,-0.274,32.052,-0.0,0.023,0.05,-7.842,0.274,-32.03,0.32,-39.894,0.05,-7.865,0.431,0.39,0.001,0.0,-0.185,-0.105,-0.43,-0.389,-0.536,-0.536,-0.106,-0.186,-0.397,-0.0,0.035,0.397,0.426,0.035,-0.536,-0.335,-0.942,0.485,-0.65,0.536,0.651,0.852,0.851,0.941,0.485,-0.335,0.726,0.965
2019-11-27,CTD7,4176724,690397,0.011648121,0.016284473,0.027429674,0.012356939,0.013041785,0.0036452948,0.003471366,0.001379721,0.011523868,0.015999116,0.027725754,0.012429749,0.011379184,0.0037635083,0.5922338,-8.000000000000001e-45,2.715,-0.255,24.951,0.137,-19.518,0.111,-15.268,0.379,-44.469,0.356,-40.22,-0.027,4.25,0.308,0.325,-0.535,-0.255,-0.419,-0.189,-0.724,-0.58,-0.655,-0.497,0.069,0.117,-0.439,0.097,0.082,0.514,0.502,-0.016,-0.354,-0.462,-0.785,0.842,-0.971,0.798,0.737,0.629,1.419,1.344,0.283,-0.35,0.655,1.017,-0.268,26.436,0.126,-17.949,0.169,-25.376,0.381,-44.385,0.418,-51.812,0.044,-7.428,0.329,0.301,-0.498,-0.204,-0.704,-0.315,-0.71,-0.505,-0.829,-0.644,-0.119,-0.206,-0.493,0.091,0.115,0.559,0.575,0.024,-0.515,-0.338,-1.149,0.877,-0.825,0.958,0.641,0.817,1.519,1.66,0.366,-0.263,0.65,0.974
2019-11-27,CTD8,4174178,693048,0.011138227,0.016054248,0.026253147,0.01276045,0.011417752,0.0031885337,0.0031560818,0.0012670489,0.011051146,0.016012574,0.026412943,0.012860364,0.0106182145,0.003221885,0.3817383,-8.000000000000001e-45,2.145,-0.241,24.198,0.114,-16.078,0.169,-25.294,0.346,-40.276,0.394,-49.492,0.056,-9.216,0.309,0.276,-0.422,-0.184,-0.664,-0.323,-0.647,-0.46,-0.795,-0.632,-0.148,-0.242,-0.422,0.087,0.119,0.491,0.515,0.032,-0.506,-0.283,-1.041,0.823,-0.651,0.92,0.518,0.741,1.346,1.504,0.36,-0.225,0.681,0.966,-0.245,24.591,0.109,-15.307,0.203,-31.727,0.345,-39.898,0.427,-56.318,0.095,-16.419,0.316,0.261,-0.404,-0.163,-0.838,-0.408,-0.639,-0.424,-0.902,-0.724,-0.263,-0.434,-0.443,0.085,0.137,0.509,0.547,0.053,-0.605,-0.219,-1.242,0.843,-0.546,1.021,0.438,0.824,1.391,1.684,0.401,-0.176,0.681,0.943
2019-11-27,CTD9,4171106,693183,0.013908468,0.021249842,0.03676127,0.018802278,0.016741784,0.004749385,0.004629054,0.0018766051,0.0137060825,0.02111334,0.03702541,0.018886037,0.016012797,0.004807204,0.49093437,-8.000000000000001e-45,1.08,-0.267,19.857,0.061,-6.126,0.119,-12.672,0.323,-25.983,0.374,-32.528,0.058,-6.546,0.373,0.332,-0.225,-0.103,-0.466,-0.238,-0.552,-0.435,-0.691,-0.612,-0.139,-0.241,-0.436,0.046,0.081,0.473,0.5,0.036,-0.545,-0.312,-1.066,0.675,-0.686,0.758,0.607,0.84,1.167,1.311,0.429,-0.276,0.69,0.963,-0.274,20.355,0.056,-5.586,0.137,-15.087,0.324,-25.941,0.396,-35.442,0.082,-9.501,0.384,0.326,-0.207,-0.089,-0.559,-0.285,-0.548,-0.415,-0.748,-0.669,-0.201,-0.352,-0.456,0.042,0.091,0.489,0.525,0.049,-0.609,-0.278,-1.194,0.685,-0.642,0.808,0.574,0.906,1.202,1.418,0.462,-0.248,0.688,0.949
2019-11-27,CTD10,4170388,695646,0.016438857,0.02301838,0.03583973,0.018432677,0.017866282,0.0053693503,0.0052293763,0.0020883807,0.01617793,0.022863902,0.036038835,0.018581308,0.016718531,0.005261802,0.4315933,-8.000000000000001e-45,5.655,-0.218,15.542,0.111,-10.808,0.126,-12.528,0.321,-26.349,0.335,-28.069,0.016,-1.72,0.286,0.278,-0.387,-0.193,-0.449,-0.231,-0.607,-0.471,-0.646,-0.517,-0.04,-0.062,-0.353,0.085,0.095,0.426,0.434,0.01,-0.389,-0.327,-0.757,0.75,-0.656,0.774,0.525,0.588,1.168,1.205,0.302,-0.262,0.704,0.99,-0.224,15.989,0.103,-10.08,0.155,-16.077,0.32,-26.07,0.366,-32.066,0.053,-5.996,0.297,0.267,-0.363,-0.169,-0.579,-0.299,-0.596,-0.436,-0.733,-0.596,-0.137,-0.216,-0.373,0.081,0.113,0.441,0.466,0.032,-0.477,-0.265,-0.925,0.767,-0.572,0.852,0.465,0.676,1.208,1.343,0.349,-0.216,0.704,0.966
2019-11-27,CTD11,4169609,700351,0.01116089,0.018303676,0.0332272,0.014669178,0.011107017,0.0029307886,0.0028572644,0.0011622631,0.011057309,0.01829608,0.033407915,0.0147729255,0.010900184,0.002898885,0.2517248,-8.000000000000001e-45,6.715,-0.29,24.538,0.11,-13.536,0.245,-35.399,0.387,-38.074,0.499,-59.937,0.138,-21.863,0.36,0.273,-0.45,-0.15,-1.176,-0.519,-0.697,-0.423,-1.097,-0.879,-0.4,-0.726,-0.579,0.082,0.15,0.631,0.671,0.069,-0.77,-0.206,-1.744,0.913,-0.617,1.206,0.495,1.058,1.658,2.19,0.467,-0.165,0.64,0.926,-0.292,24.723,0.107,-13.035,0.253,-37.085,0.387,-37.758,0.508,-61.809,0.151,-24.05,0.365,0.269,-0.435,-0.142,-1.239,-0.548,-0.691,-0.412,-1.131,-0.913,-0.44,-0.803,-0.589,0.08,0.154,0.638,0.681,0.075,-0.808,-0.19,-1.826,0.912,-0.583,1.236,0.471,1.088,1.666,2.257,0.481,-0.154,0.64,0.92
2019-11-27,CTD12,4173438,695414,0.0107639255,0.015672434,0.02696742,0.013513244,0.013234831,0.0036664566,0.0036188776,0.0014368038,0.010671159,0.0155203175,0.027123569,0.013710255,0.012062613,0.0037312394,0.48957747,-8.000000000000001e-45,5.545,-0.265,26.725,0.074,-10.195,0.084,-11.752,0.332,-36.92,0.342,-38.476,0.01,-1.557,0.361,0.354,-0.275,-0.135,-0.317,-0.159,-0.579,-0.489,-0.603,-0.52,-0.024,-0.042,-0.422,0.054,0.06,0.465,0.471,0.007,-0.44,-0.398,-0.878,0.669,-0.811,0.683,0.7,0.741,1.151,1.175,0.371,-0.343,0.684,0.993,-0.272,27.563,0.062,-8.506,0.125,-18.469,0.328,-36.07,0.384,-46.032,0.064,-9.963,0.378,0.332,-0.231,-0.103,-0.501,-0.253,-0.56,-0.435,-0.714,-0.631,-0.155,-0.27,-0.45,0.046,0.085,0.486,0.515,0.039,-0.564,-0.308,-1.117,0.687,-0.692,0.781,0.611,0.868,1.201,1.365,0.439,-0.272,0.685,0.96
2020-02-20,CTD1,4187246,695025,0.009657076,0.013709604,0.020732788,0.0072086384,0.0054846723,0.0014387609,0.0014053527,0.00057110854,0.009666791,0.013647148,0.02079115,0.0073580802,0.005403653,0.0014536837,0.3558279,-8.000000000000001e-45,0.605,-0.204,24.709,0.311,-65.781,0.429,-109.385,0.484,-90.49,0.582,-134.094,0.136,-43.604,0.178,0.136,-1.364,-0.361,-2.268,-0.789,-1.241,-0.496,-1.838,-0.967,-0.598,-0.904,-0.553,0.248,0.294,0.705,0.729,0.05,-0.653,-0.1,-1.878,1.637,-0.376,2.152,0.198,0.751,2.476,3.254,0.261,-0.052,0.607,0.938,-0.207,25.178,0.299,-62.63,0.433,-111.785,0.477,-87.808,0.587,-136.963,0.153,-49.155,0.185,0.136,-1.302,-0.338,-2.324,-0.823,-1.198,-0.474,-1.869,-1.008,-0.671,-1.022,-0.56,0.24,0.293,0.705,0.733,0.057,-0.705,-0.078,-1.993,1.595,-0.3,2.172,0.162,0.789,2.43,3.308,0.279,-0.042,0.61,0.931
2020-02-20,CTD2,4181518,693105,0.006753559,0.010178935,0.01452518,0.0031727084,0.0025332258,0.00056125905,0.00056504476,0.0002132471,0.006720214,0.010082169,0.014655466,0.0032944947,0.002349466,0.0005994966,0.269706,-2.878e-42,3.215,-0.176,29.396,0.525,-216.946,0.601,-296.511,0.641,-246.342,0.703,-325.908,0.112,-79.565,0.093,0.074,-3.151,-0.55,-4.307,-0.941,-2.508,-0.624,-3.317,-1.034,-0.81,-1.156,-0.762,0.411,0.432,0.893,0.898,0.026,-0.552,-0.098,-2.526,3.034,-0.56,3.8,0.175,0.629,4.329,5.422,0.137,-0.03,0.54,0.964,-0.185,30.951,0.507,-204.352,0.622,-326.444,0.633,-235.303,0.724,-357.395,0.167,-122.092,0.102,0.073,-2.995,-0.48,-4.784,-1.075,-2.372,-0.553,-3.603,-1.177,-1.231,-1.789,-0.81,0.399,0.431,0.914,0.92,0.038,-0.714,-0.025,-3.177,2.9,-0.157,4.066,0.051,0.74,4.215,5.911,0.166,-0.008,0.541,0.947
2020-02-20,CTD3,4181698,695238,0.0065626157,0.009109349,0.014396295,0.0045133005,0.0034033908,0.0008476898,0.0008607858,0.00034211195,0.0066129114,0.008973133,0.014498707,0.0046332595,0.0033536192,0.0008650881,0.24773529,-8.000000000000001e-45,6.135,-0.225,40.315,0.337,-111.79,0.456,-184.047,0.523,-152.105,0.618,-224.362,0.14,-72.257,0.182,0.137,-1.609,-0.38,-2.65,-0.831,-1.386,-0.518,-2.044,-1.013,-0.658,-1.04,-0.668,0.258,0.302,0.79,0.807,0.047,-0.693,-0.121,-2.212,1.782,-0.513,2.363,0.254,0.826,2.816,3.735,0.259,-0.06,0.58,0.941,-0.235,42.472,0.319,-104.387,0.456,-186.742,0.516,-146.859,0.624,-229.214,0.16,-82.355,0.197,0.142,-1.513,-0.35,-2.708,-0.865,-1.318,-0.493,-2.057,-1.062,-0.739,-1.194,-0.692,0.243,0.294,0.8,0.819,0.055,-0.763,-0.105,-2.387,1.705,-0.454,2.356,0.234,0.892,2.756,3.807,0.285,-0.054,0.58,0.933
2020-02-20,CTD4,4180266,698264,0.009007458,0.012177421,0.01991142,0.0061558723,0.004661538,0.00120083,0.0011876568,0.00048151324,0.009029756,0.011987432,0.020023847,0.0063761054,0.0045743342,0.0012084722,0.21773264,-8.000000000000001e-45,5.235,-0.241,31.897,0.328,-80.327,0.446,-132.402,0.528,-112.224,0.621,-164.299,0.138,-52.075,0.196,0.149,-1.599,-0.374,-2.636,-0.815,-1.367,-0.523,-2.001,-1.011,-0.634,-1.037,-0.715,0.245,0.288,0.817,0.832,0.047,-0.709,-0.146,-2.293,1.744,-0.622,2.303,0.315,0.878,2.852,3.766,0.271,-0.074,0.571,0.943,-0.251,33.48,0.306,-73.415,0.448,-135.19,0.517,-106.895,0.628,-168.671,0.165,-61.775,0.213,0.153,-1.47,-0.336,-2.707,-0.862,-1.281,-0.489,-2.022,-1.075,-0.741,-1.237,-0.734,0.228,0.281,0.824,0.841,0.056,-0.795,-0.119,-2.497,1.652,-0.52,2.302,0.277,0.953,2.759,3.846,0.303,-0.063,0.574,0.932
2020-02-20,CTD6,4176009,695829,0.0055695665,0.008320704,0.012522604,0.0035112328,0.0025463537,0.0006468764,0.00065575604,0.00026451057,0.005599423,0.008217498,0.012588939,0.0035683797,0.0025415383,0.0006565016,0.2208767,-8.000000000000001e-45,3.7,-0.202,40.327,0.406,-164.618,0.531,-272.536,0.562,-204.945,0.662,-312.863,0.159,-107.918,0.142,0.103,-2.061,-0.419,-3.413,-0.957,-1.705,-0.522,-2.603,-1.099,-0.898,-1.351,-0.694,0.319,0.36,0.829,0.843,0.046,-0.714,-0.061,-2.548,2.166,-0.299,2.987,0.126,0.78,3.26,4.496,0.219,-0.026,0.568,0.94,-0.21,42.257,0.394,-158.548,0.528,-271.771,0.558,-200.804,0.664,-314.028,0.168,-113.223,0.151,0.107,-1.996,-0.403,-3.421,-0.97,-1.65,-0.51,-2.581,-1.121,-0.93,-1.425,-0.715,0.307,0.351,0.838,0.852,0.049,-0.751,-0.059,-2.65,2.101,-0.295,2.95,0.128,0.82,3.219,4.519,0.232,-0.026,0.566,0.936
2020-02-20,CTD7,4176724,690397,0.020377202,0.029416006,0.042954247,0.016904924,0.012737527,0.003370687,0.0033568502,0.0013243462,0.02008098,0.029465241,0.043267306,0.01707276,0.012504991,0.0032035909,0.17372963,-8.000000000000001e-45,2.315,-0.187,10.715,0.27,-25.159,0.396,-44.513,0.435,-35.874,0.543,-55.228,0.141,-19.354,0.181,0.136,-1.081,-0.32,-1.912,-0.752,-1.055,-0.457,-1.625,-0.934,-0.569,-0.831,-0.457,0.225,0.279,0.618,0.652,0.058,-0.642,-0.069,-1.632,1.444,-0.232,1.916,0.133,0.707,2.108,2.798,0.278,-0.039,0.64,0.93,-0.19,10.826,0.266,-24.635,0.404,-46.03,0.434,-35.461,0.552,-56.856,0.154,-21.395,0.185,0.135,-1.066,-0.308,-1.992,-0.786,-1.045,-0.443,-1.675,-0.971,-0.63,-0.926,-0.467,0.222,0.281,0.624,0.661,0.063,-0.684,-0.051,-1.734,1.437,-0.178,1.962,0.103,0.736,2.11,2.881,0.29,-0.03,0.64,0.924
2020-02-20,CTD8,4174178,693048,0.009761426,0.014694998,0.022917908,0.007470753,0.005952734,0.0015135307,0.0015341904,0.00060049945,0.009764276,0.014537294,0.02305806,0.0077257887,0.0058333683,0.0015249624,0.30055505,-8.000000000000001e-45,3.515,-0.219,24.416,0.326,-65.805,0.423,-99.94,0.508,-90.221,0.588,-124.356,0.113,-34.135,0.182,0.145,-1.508,-0.392,-2.29,-0.747,-1.326,-0.537,-1.827,-0.929,-0.502,-0.782,-0.613,0.25,0.288,0.748,0.765,0.04,-0.614,-0.156,-1.883,1.707,-0.599,2.143,0.305,0.763,2.663,3.342,0.249,-0.079,0.589,0.95,-0.227,25.42,0.306,-60.648,0.427,-102.639,0.498,-86.068,0.596,-128.059,0.14,-41.991,0.196,0.148,-1.398,-0.354,-2.367,-0.793,-1.251,-0.502,-1.862,-0.989,-0.61,-0.968,-0.628,0.236,0.283,0.753,0.774,0.05,-0.694,-0.125,-2.071,1.629,-0.492,2.157,0.262,0.831,2.583,3.421,0.278,-0.066,0.592,0.939
2020-02-20,CTD9,4171106,693183,0.014554044,0.021756215,0.037786674,0.022349663,0.017503899,0.0046738875,0.0047062756,0.0019074463,0.014414661,0.021809338,0.038051363,0.022316422,0.018039402,0.004490117,0.20556867,-8.000000000000001e-45,2.09,-0.269,19.5,-0.013,1.22,0.108,-11.166,0.257,-18.279,0.367,-30.666,0.122,-12.387,0.436,0.341,0.046,0.021,-0.422,-0.25,-0.398,-0.32,-0.667,-0.685,-0.269,-0.468,-0.402,-0.011,0.071,0.393,0.46,0.081,-0.701,-0.207,-1.185,0.51,-0.448,0.651,0.46,0.954,0.886,1.131,0.564,-0.213,0.741,0.919,-0.271,19.572,-0.011,1.042,0.095,-9.582,0.261,-18.53,0.357,-29.154,0.106,-10.624,0.437,0.353,0.04,0.019,-0.365,-0.214,-0.404,-0.334,-0.636,-0.651,-0.232,-0.404,-0.402,-0.009,0.062,0.395,0.454,0.071,-0.664,-0.235,-1.132,0.503,-0.496,0.623,0.508,0.936,0.878,1.086,0.549,-0.241,0.737,0.929
2020-02-20,CTD10,4170388,695646,0.008657268,0.013737462,0.021809699,0.006147233,0.004573012,0.0010723307,0.001077431,0.00042555705,0.008658209,0.01359175,0.021954512,0.006369596,0.004438175,0.0011128192,0.25713632,-8.000000000000001e-45,2.045,-0.227,26.942,0.382,-89.881,0.501,-145.881,0.56,-116.824,0.653,-172.823,0.147,-55.999,0.166,0.123,-1.96,-0.411,-3.182,-0.897,-1.605,-0.534,-2.374,-1.062,-0.769,-1.221,-0.753,0.288,0.328,0.855,0.867,0.044,-0.714,-0.114,-2.534,2.025,-0.544,2.722,0.243,0.844,3.215,4.322,0.238,-0.051,0.559,0.944,-0.235,28.025,0.362,-83.422,0.508,-151.744,0.55,-111.447,0.664,-179.769,0.179,-68.322,0.179,0.124,-1.831,-0.37,-3.331,-0.967,-1.515,-0.495,-2.443,-1.145,-0.929,-1.5,-0.774,0.274,0.323,0.864,0.878,0.054,-0.816,-0.078,-2.813,1.932,-0.384,2.772,0.18,0.919,3.12,4.478,0.266,-0.036,0.562,0.932
2020-02-20,CTD11,4169609,700351,0.012145169,0.01740889,0.02765451,0.009277225,0.0075745187,0.0018769002,0.0018792948,0.00073060853,0.012044495,0.01726833,0.02766835,0.00946193,0.0070634717,0.0019074769,0.30372235,-8.000000000000001e-45,2.4,-0.227,21.281,0.305,-50.349,0.394,-74.58,0.498,-71.63,0.57,-95.861,0.101,-24.231,0.197,0.161,-1.392,-0.381,-2.062,-0.692,-1.247,-0.543,-1.669,-0.889,-0.422,-0.67,-0.608,0.231,0.266,0.736,0.752,0.038,-0.595,-0.187,-1.774,1.603,-0.683,1.963,0.364,0.772,2.546,3.118,0.259,-0.1,0.592,0.954,-0.231,21.767,0.292,-47.777,0.419,-83.664,0.49,-69.544,0.593,-105.431,0.145,-35.887,0.206,0.154,-1.322,-0.337,-2.315,-0.792,-1.201,-0.491,-1.821,-0.998,-0.62,-0.993,-0.629,0.225,0.275,0.748,0.771,0.053,-0.715,-0.122,-2.092,1.57,-0.479,2.103,0.263,0.856,2.515,3.369,0.293,-0.067,0.595,0.935
2020-02-20,CTD12,4173438,695414,0.008449837,0.011806129,0.017835483,0.0047526495,0.003976398,0.0009360181,0.000963444,0.000363116,0.008482222,0.0116178,0.0179631,0.004905201,0.0036671646,0.0009982322,0.33964074,-8.000000000000001e-45,2.155,-0.203,28.634,0.426,-125.707,0.496,-166.782,0.579,-154.341,0.635,-195.416,0.089,-41.075,0.136,0.114,-2.242,-0.5,-2.975,-0.793,-1.822,-0.614,-2.307,-0.929,-0.485,-0.733,-0.691,0.323,0.347,0.829,0.837,0.026,-0.533,-0.175,-2.001,2.261,-0.784,2.703,0.315,0.674,3.416,4.083,0.18,-0.07,0.559,0.966,-0.215,30.405,0.406,-117.79,0.52,-186.615,0.571,-148.196,0.661,-217.021,0.144,-68.825,0.149,0.112,-2.116,-0.432,-3.352,-0.915,-1.722,-0.543,-2.521,-1.065,-0.8,-1.236,-0.74,0.31,0.348,0.854,0.865,0.042,-0.691,-0.101,-2.53,2.164,-0.494,2.895,0.209,0.799,3.346,4.476,0.218,-0.043,0.559,0.946
2020-03-11,CTD1,4187246,695025,0.01659651,0.024170619,0.034462165,0.012370482,0.00876312,0.0022529932,0.0022550453,0.00090129767,0.016518809,0.024200153,0.034516577,0.012509639,0.008729485,0.0021876062,0.1557206,-8.000000000000001e-45,1.225,-0.176,12.355,0.323,-39.465,0.468,-72.742,0.472,-51.82,0.595,-85.097,0.171,-33.277,0.153,0.108,-1.36,-0.346,-2.507,-0.9,-1.253,-0.454,-2.057,-1.053,-0.804,-1.147,-0.487,0.273,0.329,0.671,0.703,0.062,-0.71,-0.007,-1.979,1.7,-0.028,2.399,0.014,0.717,2.423,3.421,0.258,-0.004,0.623,0.923,-0.176,12.35,0.318,-38.616,0.47,-73.232,0.468,-50.967,0.596,-85.583,0.178,-34.616,0.154,0.108,-1.333,-0.337,-2.528,-0.916,-1.233,-0.445,-2.071,-1.071,-0.838,-1.195,-0.486,0.27,0.329,0.668,0.702,0.064,-0.732,0.003,-2.02,1.682,0.013,2.41,-0.007,0.728,2.398,3.437,0.264,0.002,0.625,0.92
2020-03-11,CTD2,4181518,693105,0.016461289,0.023738332,0.035296515,0.014299517,0.0106047,0.0028413371,0.0028534492,0.001121758,0.016206164,0.023667008,0.035483465,0.014388255,0.010625109,0.0027135543,0.18026689,-8.000000000000001e-45,6.125,-0.196,13.795,0.248,-27.806,0.382,-52.172,0.423,-41.601,0.538,-65.966,0.148,-24.365,0.197,0.146,-0.981,-0.295,-1.841,-0.746,-0.988,-0.441,-1.566,-0.943,-0.578,-0.86,-0.464,0.206,0.265,0.611,0.649,0.063,-0.676,-0.069,-1.668,1.36,-0.23,1.833,0.138,0.745,2.022,2.726,0.302,-0.042,0.644,0.926,-0.2,14.071,0.244,-27.248,0.38,-51.864,0.423,-41.319,0.539,-65.935,0.15,-24.616,0.202,0.15,-0.967,-0.29,-1.84,-0.746,-0.978,-0.439,-1.56,-0.949,-0.583,-0.873,-0.472,0.201,0.262,0.615,0.653,0.064,-0.687,-0.071,-1.695,1.345,-0.239,1.822,0.145,0.761,2.017,2.732,0.309,-0.043,0.643,0.925
2020-03-11,CTD3,4181698,695238,0.0091347145,0.013397903,0.021395214,0.0081544025,0.0065614264,0.0017287717,0.0017119579,0.000694766,0.00912731,0.013309678,0.02144275,0.008378564,0.00637407,0.001729076,0.24351533,-8.000000000000001e-45,3.95,-0.23,27.899,0.243,-47.995,0.343,-77.767,0.448,-75.894,0.531,-105.666,0.108,-29.773,0.228,0.183,-1.027,-0.315,-1.664,-0.634,-1.017,-0.498,-1.416,-0.862,-0.399,-0.637,-0.543,0.188,0.231,0.663,0.688,0.046,-0.617,-0.178,-1.618,1.336,-0.582,1.661,0.354,0.792,2.134,2.652,0.302,-0.109,0.619,0.946,-0.234,28.497,0.227,-44.219,0.352,-81.752,0.438,-72.716,0.542,-110.25,0.136,-37.533,0.239,0.182,-0.948,-0.282,-1.753,-0.685,-0.968,-0.463,-1.467,-0.924,-0.5,-0.805,-0.551,0.177,0.233,0.664,0.695,0.058,-0.694,-0.14,-1.776,1.291,-0.471,1.697,0.297,0.85,2.08,2.735,0.332,-0.088,0.624,0.933
2020-03-11,CTD4,4180266,698264,0.012642662,0.018534312,0.027029222,0.008802663,0.006541207,0.0016296847,0.001635468,0.00064661464,0.0126027,0.018484844,0.027083252,0.009033511,0.006410408,0.0016234798,0.18279137,-8.000000000000001e-45,1.505,-0.186,16.957,0.356,-59.648,0.478,-98.923,0.509,-76.605,0.61,-115.88,0.147,-39.275,0.149,0.111,-1.612,-0.39,-2.674,-0.871,-1.42,-0.501,-2.148,-1.02,-0.728,-1.062,-0.554,0.29,0.335,0.727,0.749,0.05,-0.66,-0.057,-2.027,1.864,-0.237,2.508,0.113,0.715,2.718,3.657,0.233,-0.027,0.6,0.937,-0.189,17.175,0.343,-56.601,0.485,-101.898,0.5,-73.776,0.617,-119.073,0.17,-45.297,0.155,0.11,-1.533,-0.363,-2.76,-0.92,-1.364,-0.473,-2.201,-1.076,-0.837,-1.227,-0.557,0.282,0.334,0.725,0.751,0.058,-0.727,-0.027,-2.179,1.81,-0.115,2.55,0.056,0.756,2.651,3.736,0.252,-0.013,0.604,0.927
2020-03-11,CTD6,4176009,695829,0.0112978835,0.016384147,0.027153224,0.012424804,0.011128627,0.0031603382,0.0030740292,0.0012532799,0.011196674,0.016238127,0.027325856,0.012448735,0.010504964,0.0031751734,0.43232134,-8.000000000000001e-45,5.64,-0.247,24.207,0.137,-19.45,0.191,-28.824,0.372,-43.656,0.419,-53.03,0.055,-9.374,0.301,0.269,-0.528,-0.216,-0.783,-0.358,-0.715,-0.486,-0.869,-0.659,-0.154,-0.255,-0.457,0.103,0.133,0.535,0.556,0.03,-0.513,-0.292,-1.121,0.909,-0.713,1.015,0.541,0.762,1.506,1.682,0.348,-0.222,0.662,0.967,-0.255,24.988,0.132,-18.746,0.214,-33.61,0.374,-43.734,0.445,-58.598,0.085,-14.864,0.311,0.262,-0.512,-0.197,-0.918,-0.418,-0.71,-0.459,-0.952,-0.729,-0.241,-0.406,-0.483,0.1,0.144,0.556,0.586,0.045,-0.591,-0.25,-1.297,0.92,-0.649,1.09,0.498,0.839,1.548,1.835,0.382,-0.191,0.658,0.951
2020-03-11,CTD7,4176724,690397,0.014099531,0.022303922,0.0373122,0.01640318,0.012856413,0.0034266165,0.0033749118,0.0013414792,0.01393102,0.022349607,0.03750519,0.016455006,0.012720731,0.0033345893,0.18613417,-8.000000000000001e-45,3.39,-0.252,18.034,0.152,-16.129,0.269,-32.947,0.389,-34.163,0.487,-50.981,0.121,-16.818,0.296,0.232,-0.602,-0.207,-1.229,-0.54,-0.762,-0.439,-1.137,-0.836,-0.375,-0.628,-0.513,0.118,0.176,0.595,0.632,0.059,-0.678,-0.186,-1.542,1.015,-0.54,1.295,0.397,0.889,1.698,2.167,0.391,-0.137,0.649,0.934,-0.253,18.081,0.152,-16.028,0.275,-33.868,0.39,-34.109,0.493,-51.949,0.128,-17.84,0.298,0.23,-0.601,-0.204,-1.27,-0.557,-0.762,-0.434,-1.161,-0.855,-0.399,-0.669,-0.519,0.117,0.178,0.6,0.639,0.062,-0.698,-0.177,-1.59,1.019,-0.522,1.318,0.385,0.905,1.71,2.212,0.397,-0.13,0.648,0.931
2020-03-11,CTD8,4174178,693048,0.010462741,0.015529639,0.0258687,0.011395056,0.010120847,0.0027705908,0.0027207644,0.0011070186,0.010395074,0.015415416,0.025973396,0.0114336535,0.009417252,0.0028064933,0.3887508,-8.000000000000001e-45,5.225,-0.25,25.736,0.154,-23.364,0.211,-34.413,0.388,-49.101,0.438,-60.149,0.059,-11.049,0.293,0.26,-0.604,-0.236,-0.89,-0.392,-0.763,-0.497,-0.934,-0.685,-0.172,-0.286,-0.481,0.115,0.145,0.564,0.585,0.031,-0.526,-0.288,-1.193,0.972,-0.736,1.094,0.54,0.778,1.618,1.822,0.343,-0.211,0.65,0.966,-0.255,26.369,0.148,-22.591,0.242,-41.318,0.389,-48.96,0.468,-67.687,0.097,-18.727,0.301,0.248,-0.587,-0.213,-1.073,-0.472,-0.755,-0.461,-1.043,-0.774,-0.289,-0.486,-0.506,0.113,0.16,0.586,0.617,0.049,-0.621,-0.23,-1.41,0.986,-0.635,1.197,0.471,0.861,1.661,2.016,0.379,-0.171,0.649,0.946
2020-03-11,CTD9,4171106,693183,0.017562004,0.02619865,0.03997388,0.021736633,0.014743496,0.003942557,0.00392433,0.0015861891,0.017432813,0.026524834,0.03995762,0.021643387,0.015408462,0.0037312394,0.045813125,-8.000000000000001e-45,0.7,-0.208,13.154,0.093,-7.835,0.28,-29.657,0.296,-20.989,0.461,-42.81,0.192,-21.821,0.286,0.194,-0.313,-0.116,-1.185,-0.645,-0.55,-0.309,-1.122,-0.931,-0.572,-0.872,-0.378,0.082,0.186,0.445,0.526,0.106,-0.819,-0.023,-1.506,0.836,-0.062,1.233,0.051,0.848,1.276,1.882,0.461,-0.019,0.724,0.887,-0.202,12.674,0.101,-8.503,0.265,-27.199,0.297,-21.177,0.443,-39.873,0.168,-18.696,0.274,0.195,-0.34,-0.131,-1.087,-0.589,-0.562,-0.326,-1.058,-0.863,-0.496,-0.747,-0.363,0.088,0.18,0.437,0.51,0.094,-0.741,-0.048,-1.368,0.84,-0.125,1.18,0.102,0.794,1.265,1.777,0.43,-0.039,0.725,0.899
2020-03-11,CTD10,4170388,695646,0.009650594,0.014769873,0.024375081,0.009263779,0.007615782,0.0019864098,0.00195878,0.0007860315,0.009619723,0.014645932,0.024488114,0.009391908,0.007243555,0.0020030297,0.2886907,-8.000000000000001e-45,2.17,-0.245,26.68,0.229,-40.242,0.32,-63.601,0.449,-66.922,0.524,-90.281,0.098,-23.359,0.247,0.203,-0.981,-0.306,-1.55,-0.589,-0.988,-0.51,-1.333,-0.836,-0.345,-0.569,-0.569,0.172,0.213,0.675,0.697,0.042,-0.61,-0.216,-1.606,1.282,-0.692,1.559,0.434,0.828,2.116,2.573,0.315,-0.136,0.614,0.951,-0.251,27.442,0.219,-38.196,0.338,-69.775,0.446,-65.638,0.543,-97.218,0.129,-31.579,0.258,0.199,-0.935,-0.277,-1.709,-0.655,-0.961,-0.475,-1.424,-0.913,-0.463,-0.773,-0.592,0.166,0.218,0.69,0.717,0.055,-0.699,-0.173,-1.821,1.264,-0.585,1.638,0.375,0.901,2.113,2.739,0.345,-0.111,0.614,0.937
2020-03-11,CTD11,4169609,700351,0.0128509905,0.019610908,0.032352902,0.015213502,0.012177673,0.0033857105,0.003301777,0.0013376521,0.0127049405,0.019589245,0.0324639,0.015151769,0.011847701,0.0033772076,0.2621908,-8.000000000000001e-45,3.43,-0.245,20.083,0.126,-14.739,0.234,-31.125,0.36,-34.822,0.453,-51.208,0.111,-16.386,0.306,0.245,-0.477,-0.179,-1.007,-0.474,-0.683,-0.424,-1.004,-0.779,-0.321,-0.53,-0.465,0.099,0.156,0.539,0.579,0.058,-0.643,-0.194,-1.368,0.913,-0.516,1.14,0.4,0.849,1.506,1.881,0.399,-0.151,0.67,0.936,-0.247,20.245,0.128,-14.95,0.246,-33.356,0.364,-35.195,0.465,-53.601,0.122,-18.406,0.307,0.24,-0.485,-0.177,-1.083,-0.505,-0.689,-0.417,-1.05,-0.812,-0.361,-0.598,-0.477,0.1,0.163,0.551,0.593,0.063,-0.675,-0.179,-1.447,0.928,-0.489,1.187,0.378,0.875,1.538,1.967,0.409,-0.138,0.667,0.931
2020-03-11,CTD12,4173438,695414,0.0070439847,0.010867225,0.018339418,0.0060361456,0.004552452,0.001091207,0.0010898805,0.00043669014,0.0070642233,0.01077938,0.018438246,0.0062641273,0.004451292,0.0011105788,0.2779072,-8.000000000000001e-45,2.825,-0.256,37.492,0.286,-73.649,0.41,-127.642,0.505,-111.141,0.602,-165.134,0.14,-53.993,0.226,0.171,-1.351,-0.335,-2.341,-0.77,-1.208,-0.506,-1.795,-0.997,-0.587,-0.99,-0.706,0.211,0.259,0.798,0.816,0.051,-0.733,-0.162,-2.228,1.552,-0.651,2.058,0.362,0.933,2.619,3.473,0.307,-0.09,0.579,0.939,-0.262,38.535,0.265,-66.869,0.415,-131.884,0.493,-105.404,0.611,-170.419,0.169,-65.015,0.241,0.172,-1.233,-0.298,-2.432,-0.826,-1.136,-0.469,-1.837,-1.068,-0.701,-1.199,-0.715,0.197,0.256,0.799,0.821,0.062,-0.823,-0.126,-2.421,1.479,-0.522,2.082,0.303,1.0,2.531,3.561,0.34,-0.073,0.583,0.927
2020-12-21,CTD1,4187246,695025,0.011309379,0.014729891,0.020412501,0.0069268704,0.006648094,0.0017746508,0.001725329,0.00068128237,0.011277803,0.014553967,0.020558385,0.00696105,0.0059198807,0.0018558305,0.57892704,-8.000000000000001e-45,0.655,-0.162,18.9,0.36,-76.476,0.378,-82.53,0.493,-95.376,0.509,-101.429,0.021,-6.054,0.131,0.126,-1.561,-0.508,-1.685,-0.572,-1.405,-0.634,-1.494,-0.703,-0.089,-0.124,-0.419,0.288,0.296,0.631,0.636,0.008,-0.32,-0.238,-0.944,1.801,-0.731,1.876,0.344,0.426,2.496,2.6,0.145,-0.112,0.616,0.99,-0.171,20.068,0.353,-74.947,0.422,-100.213,0.494,-95.015,0.553,-120.28,0.081,-25.266,0.14,0.119,-1.541,-0.444,-2.06,-0.698,-1.383,-0.562,-1.751,-0.837,-0.368,-0.519,-0.466,0.287,0.314,0.664,0.68,0.03,-0.468,-0.142,-1.382,1.803,-0.495,2.12,0.237,0.562,2.547,2.994,0.19,-0.068,0.613,0.962
2020-12-21,CTD2,4181518,693105,0.009827259,0.01215693,0.012576038,0.0036994156,0.004240155,0.0010983278,0.001085861,0.000425009,0.009840015,0.012019564,0.012672081,0.0039099115,0.0037923441,0.0011711929,0.18613417,-8.000000000000001e-45,1.79,-0.017,2.741,0.533,-188.055,0.483,-153.583,0.545,-190.797,0.496,-156.324,-0.068,34.473,0.01,0.012,-2.365,-0.797,-1.931,-0.568,-2.32,-0.809,-1.9,-0.578,0.419,0.434,-0.053,0.503,0.486,0.541,0.526,-0.022,0.094,-0.179,0.32,2.949,-0.532,2.573,0.162,-0.112,3.051,2.662,-0.033,-0.055,0.641,1.033,-0.026,4.284,0.509,-172.563,0.52,-180.491,0.528,-176.847,0.539,-184.776,0.015,-7.929,0.017,0.016,-2.187,-0.654,-2.287,-0.706,-2.126,-0.671,-2.221,-0.722,-0.095,-0.1,-0.085,0.493,0.496,0.554,0.557,0.005,-0.082,-0.021,-0.267,2.775,-0.072,2.861,0.023,0.084,2.926,3.016,0.026,-0.007,0.645,0.993
2020-12-21,CTD3,4181698,695238,0.011537959,0.015477085,0.016531322,0.0030992806,0.0021842627,0.0005002841,0.0005019216,0.00019218451,0.011584415,0.015437225,0.01651632,0.0032407257,0.0021446021,0.00052613777,0.1146318,-8.000000000000001e-45,1.43,-0.033,4.12,0.666,-258.044,0.753,-393.209,0.684,-262.164,0.767,-397.329,0.173,-135.165,0.013,0.009,-4.266,-0.564,-6.5,-1.219,-4.058,-0.573,-6.149,-1.231,-2.092,-2.234,-0.2,0.661,0.677,0.761,0.772,0.029,-0.483,0.231,-2.575,4.862,1.752,6.898,-0.351,0.363,5.193,7.368,0.068,0.046,0.58,0.953,-0.034,4.232,0.653,-243.794,0.756,-401.508,0.672,-248.027,0.77,-405.741,0.204,-157.714,0.014,0.009,-4.027,-0.523,-6.631,-1.301,-3.829,-0.532,-6.264,-1.315,-2.435,-2.605,-0.2,0.654,0.673,0.755,0.769,0.034,-0.576,0.273,-2.938,4.634,2.102,7.002,-0.441,0.408,4.958,7.491,0.08,0.057,0.585,0.945
2020-12-21,CTD4,4180266,698264,0.016183047,0.020972595,0.026064534,0.006044611,0.005006341,0.0012087717,0.0011822437,0.00045540262,0.016153755,0.020776358,0.02619244,0.006187649,0.004599654,0.0012720838,0.27954182,-8.000000000000001e-45,1.25,-0.108,9.315,0.553,-117.755,0.615,-152.065,0.623,-127.07,0.678,-161.38,0.094,-34.31,0.056,0.047,-3.069,-0.59,-3.964,-0.919,-2.665,-0.636,-3.385,-0.975,-0.72,-0.894,-0.461,0.48,0.497,0.771,0.779,0.022,-0.403,-0.024,-1.737,3.278,-0.123,3.957,0.035,0.415,4.073,4.918,0.096,-0.007,0.574,0.968,-0.115,9.953,0.541,-113.481,0.637,-169.276,0.618,-123.433,0.701,-179.229,0.147,-55.795,0.062,0.046,-2.972,-0.522,-4.434,-1.047,-2.564,-0.568,-3.724,-1.109,-1.159,-1.461,-0.502,0.474,0.5,0.788,0.801,0.034,-0.552,0.05,-2.337,3.182,0.284,4.281,-0.085,0.517,4.012,5.397,0.122,0.015,0.574,0.951
2020-12-21,CTD6,4176009,695829,0.009715624,0.012371808,0.015698774,0.0043820087,0.0035486063,0.00091476814,0.00090825267,0.00036008924,0.009767073,0.012275567,0.01586334,0.004440367,0.0033965972,0.0009531856,0.28300324,-8.000000000000001e-45,1.15,-0.119,17.13,0.477,-147.377,0.554,-200.972,0.564,-164.507,0.631,-218.102,0.105,-53.595,0.075,0.061,-2.314,-0.523,-3.155,-0.881,-2.035,-0.584,-2.698,-0.956,-0.663,-0.841,-0.42,0.415,0.439,0.711,0.725,0.03,-0.447,-0.022,-1.601,2.597,-0.096,3.207,0.034,0.459,3.296,4.07,0.128,-0.008,0.597,0.958,-0.128,18.424,0.469,-143.744,0.567,-212.95,0.563,-162.168,0.647,-231.374,0.133,-69.206,0.082,0.063,-2.28,-0.488,-3.378,-0.946,-1.991,-0.551,-2.84,-1.027,-0.85,-1.098,-0.458,0.407,0.437,0.729,0.746,0.037,-0.533,0.009,-1.906,2.55,0.042,3.334,-0.015,0.527,3.296,4.309,0.148,0.003,0.594,0.949
2020-12-21,CTD7,4176724,690397,0.012128663,0.015103939,0.01754214,0.0047850125,0.0034732388,0.0008420928,0.00083238946,0.00031897624,0.012120273,0.01502687,0.017610993,0.0048983917,0.0033877057,0.00087356096,0.17885455,-8.000000000000001e-45,0.81,-0.075,9.202,0.519,-142.778,0.626,-221.708,0.571,-151.98,0.669,-230.91,0.159,-78.93,0.044,0.032,-2.505,-0.496,-3.889,-1.061,-2.296,-0.528,-3.488,-1.105,-1.192,-1.385,-0.295,0.491,0.521,0.687,0.707,0.04,-0.517,0.135,-1.894,2.959,0.683,4.076,-0.216,0.436,3.436,4.734,0.119,0.043,0.609,0.941,-0.079,9.765,0.508,-137.601,0.632,-228.638,0.565,-147.366,0.677,-238.402,0.182,-91.036,0.048,0.033,-2.423,-0.466,-4.027,-1.12,-2.214,-0.499,-3.582,-1.168,-1.368,-1.603,-0.312,0.482,0.517,0.69,0.714,0.046,-0.593,0.162,-2.131,2.875,0.84,4.158,-0.274,0.48,3.37,4.873,0.134,0.053,0.61,0.933
2020-12-21,CTD8,4174178,693048,0.0106265545,0.013352685,0.017682336,0.0053022136,0.0051546968,0.001354973,0.0013201953,0.000536844,0.010668161,0.013074401,0.017627891,0.005323118,0.0044743335,0.0014548366,0.49447772,-8.000000000000001e-45,0.915,-0.14,18.338,0.432,-113.709,0.443,-119.107,0.539,-132.047,0.549,-137.444,0.014,-5.397,0.097,0.095,-2.011,-0.586,-2.106,-0.632,-1.763,-0.681,-1.835,-0.729,-0.072,-0.095,-0.414,0.353,0.357,0.669,0.672,0.005,-0.273,-0.217,-0.912,2.227,-0.745,2.291,0.296,0.352,2.949,3.033,0.106,-0.086,0.601,0.994,-0.148,19.757,0.421,-111.374,0.49,-147.012,0.536,-131.132,0.595,-166.769,0.087,-35.637,0.105,0.088,-1.963,-0.498,-2.592,-0.783,-1.714,-0.587,-2.18,-0.888,-0.466,-0.628,-0.465,0.351,0.375,0.701,0.715,0.028,-0.448,-0.099,-1.484,2.202,-0.389,2.62,0.159,0.508,2.969,3.533,0.153,-0.04,0.599,0.963
2020-12-21,CTD9,4171106,693183,0.026917223,0.033528667,0.04224136,0.019996248,0.014868683,0.004081979,0.0039050493,0.0015725903,0.026336906,0.03388706,0.042504456,0.02008381,0.014457747,0.0038721864,0.27660578,-8.000000000000001e-45,0.92,-0.115,6.152,0.253,-20.184,0.386,-37.43,0.357,-26.336,0.479,-43.582,0.147,-17.246,0.123,0.091,-0.853,-0.3,-1.581,-0.748,-0.883,-0.392,-1.461,-0.871,-0.578,-0.728,-0.25,0.237,0.3,0.46,0.511,0.068,-0.551,0.05,-1.164,1.325,0.143,1.782,-0.085,0.516,1.669,2.245,0.244,0.03,0.706,0.918,-0.113,5.983,0.256,-20.282,0.402,-39.657,0.358,-26.264,0.492,-45.64,0.163,-19.376,0.12,0.086,-0.862,-0.293,-1.686,-0.796,-0.89,-0.38,-1.547,-0.917,-0.657,-0.824,-0.249,0.242,0.31,0.464,0.52,0.074,-0.592,0.077,-1.253,1.347,0.228,1.871,-0.135,0.534,1.69,2.347,0.253,0.046,0.707,0.91
2020-12-21,CTD10,4170388,695646,0.0101362765,0.013316623,0.018302955,0.0049003055,0.0043752007,0.0010154635,0.00096929126,0.00040288092,0.010170741,0.013395363,0.018321358,0.00506782,0.0037838742,0.0010945738,0.35848963,-8.000000000000001e-45,1.42,-0.158,20.458,0.462,-128.975,0.505,-153.467,0.578,-149.433,0.614,-173.925,0.057,-24.492,0.1,0.09,-2.361,-0.564,-2.809,-0.752,-1.99,-0.654,-2.316,-0.852,-0.326,-0.448,-0.538,0.371,0.385,0.758,0.765,0.017,-0.392,-0.165,-1.466,2.478,-0.691,2.776,0.254,0.482,3.407,3.815,0.129,-0.061,0.576,0.977,-0.155,20.072,0.451,-122.671,0.559,-189.627,0.567,-142.742,0.658,-209.698,0.145,-66.956,0.102,0.076,-2.247,-0.464,-3.474,-0.961,-1.912,-0.54,-2.809,-1.063,-0.897,-1.227,-0.557,0.377,0.411,0.771,0.787,0.04,-0.608,-0.016,-2.199,2.437,-0.075,3.264,0.028,0.621,3.333,4.464,0.172,-0.006,0.582,0.945
2020-12-21,CTD11,4169609,700351,0.010385346,0.017533189,0.023592986,0.0050758147,0.0034707163,0.00085133483,0.000808562,0.00031962973,0.01035986,0.017530834,0.023688203,0.005195798,0.0035089995,0.0008643857,0.08501048,-8.000000000000001e-45,1.73,-0.147,14.649,0.551,-139.978,0.67,-231.09,0.646,-154.627,0.744,-245.739,0.188,-91.112,0.074,0.051,-3.302,-0.486,-5.452,-1.173,-2.711,-0.537,-4.309,-1.247,-1.597,-2.15,-0.709,0.46,0.491,0.882,0.89,0.039,-0.719,0.059,-3.343,3.307,0.404,4.837,-0.117,0.662,4.45,6.508,0.142,0.017,0.55,0.944,-0.149,14.827,0.543,-135.421,0.666,-227.939,0.64,-150.248,0.742,-242.766,0.194,-92.518,0.077,0.052,-3.208,-0.475,-5.399,-1.184,-2.634,-0.527,-4.256,-1.261,-1.622,-2.192,-0.707,0.454,0.485,0.879,0.888,0.041,-0.741,0.065,-3.377,3.226,0.437,4.777,-0.129,0.676,4.359,6.454,0.148,0.019,0.551,0.942
2020-12-21,CTD12,4173438,695414,0.009926903,0.012413585,0.017888807,0.0052967346,0.004573012,0.0011615225,0.0011532041,0.0004372555,0.00995308,0.012268295,0.018054964,0.0054009017,0.004277204,0.0011940032,0.31817004,-8.000000000000001e-45,1.125,-0.181,24.656,0.402,-108.239,0.462,-138.117,0.543,-132.895,0.593,-162.773,0.073,-29.879,0.131,0.113,-1.936,-0.495,-2.471,-0.732,-1.65,-0.608,-2.021,-0.862,-0.371,-0.534,-0.555,0.317,0.338,0.741,0.752,0.024,-0.464,-0.169,-1.568,2.088,-0.663,2.418,0.283,0.578,3.009,3.485,0.171,-0.072,0.584,0.969,-0.191,26.124,0.389,-103.643,0.483,-152.287,0.539,-129.768,0.617,-178.411,0.116,-48.643,0.141,0.112,-1.871,-0.443,-2.75,-0.822,-1.592,-0.555,-2.189,-0.964,-0.597,-0.878,-0.598,0.308,0.341,0.765,0.78,0.037,-0.583,-0.112,-1.95,2.035,-0.475,2.569,0.209,0.68,2.994,3.781,0.203,-0.05,0.583,0.952
2021-01-05,CTD1,4187246,695025,0.007303221,0.0109073045,0.018175904,0.004658645,0.0048847147,0.0010841391,0.0010457303,0.00040065695,0.0073306416,0.010714329,0.018385567,0.0049273935,0.0041125175,0.0012186988,0.5742377,-2.878e-42,0.76,-0.25,36.664,0.401,-122.973,0.381,-113.039,0.592,-159.637,0.576,-149.702,-0.024,9.934,0.171,0.179,-2.235,-0.601,-2.055,-0.527,-1.741,-0.78,-1.633,-0.697,0.108,0.181,-0.762,0.271,0.264,0.856,0.854,-0.008,-0.354,-0.448,-1.38,2.073,-1.669,1.977,0.713,0.618,3.454,3.294,0.158,-0.192,0.535,1.01,-0.264,38.942,0.37,-109.614,0.445,-149.827,0.577,-148.557,0.634,-188.77,0.09,-40.213,0.192,0.16,-2.015,-0.451,-2.755,-0.738,-1.592,-0.611,-2.023,-0.93,-0.431,-0.739,-0.849,0.257,0.283,0.908,0.912,0.028,-0.615,-0.252,-2.296,1.951,-1.126,2.337,0.518,0.881,3.347,4.011,0.236,-0.116,0.538,0.965
2021-01-05,CTD2,4181518,693105,0.0038819034,0.0054705464,0.006586479,0.0016545844,0.0012877155,0.00031155496,0.00031039532,0.00011915361,0.0038669477,0.005402131,0.0066011795,0.001688771,0.001187727,0.00032042866,0.19793415,-2.878e-42,0.65,-0.093,30.971,0.536,-421.584,0.619,-593.772,0.598,-452.555,0.673,-624.743,0.125,-172.188,0.051,0.04,-2.777,-0.543,-3.911,-0.982,-2.476,-0.583,-3.418,-1.034,-0.942,-1.134,-0.379,0.485,0.508,0.73,0.744,0.03,-0.454,0.052,-1.809,3.111,0.268,3.997,-0.081,0.426,3.745,4.812,0.107,0.016,0.591,0.955,-0.1,33.624,0.524,-407.034,0.64,-656.832,0.593,-440.659,0.695,-690.456,0.174,-249.798,0.057,0.04,-2.687,-0.483,-4.336,-1.109,-2.38,-0.523,-3.73,-1.166,-1.349,-1.649,-0.417,0.477,0.508,0.745,0.763,0.042,-0.603,0.115,-2.359,3.019,0.639,4.292,-0.2,0.519,3.689,5.245,0.133,0.036,0.591,0.94
2021-01-05,CTD3,4181698,695238,0.007401686,0.010485486,0.014067678,0.0034932848,0.00296261,0.00071250275,0.0007119449,0.0002758483,0.007419148,0.010403587,0.014092792,0.003521194,0.002737019,0.0007577458,0.3349739,-8.000000000000001e-45,1.005,-0.146,24.285,0.5,-190.894,0.559,-242.17,0.602,-215.179,0.652,-266.455,0.082,-51.277,0.085,0.072,-2.685,-0.566,-3.407,-0.846,-2.256,-0.637,-2.794,-0.931,-0.538,-0.721,-0.555,0.411,0.428,0.786,0.794,0.022,-0.434,-0.103,-1.747,2.791,-0.488,3.291,0.163,0.494,3.745,4.415,0.123,-0.034,0.569,0.97,-0.151,25.162,0.494,-187.874,0.583,-269.24,0.6,-213.036,0.675,-294.403,0.125,-81.366,0.089,0.069,-2.648,-0.514,-3.794,-0.948,-2.216,-0.583,-3.063,-1.037,-0.847,-1.147,-0.589,0.409,0.435,0.804,0.816,0.032,-0.548,-0.039,-2.194,2.76,-0.201,3.551,0.068,0.577,3.739,4.81,0.144,-0.013,0.568,0.955
2021-01-05,CTD4,4180266,698264,0.009174499,0.012813545,0.017865088,0.0044560498,0.0035654623,0.00086610107,0.0008436139,0.00033400234,0.009207037,0.012681046,0.018020466,0.0045866934,0.0033335765,0.0009175355,0.27177516,-8.000000000000001e-45,0.455,-0.165,22.067,0.484,-146.372,0.565,-202.426,0.601,-168.439,0.667,-224.493,0.111,-56.055,0.098,0.079,-2.615,-0.522,-3.616,-0.902,-2.158,-0.601,-2.877,-1.0,-0.718,-1.001,-0.63,0.39,0.414,0.819,0.828,0.029,-0.533,-0.083,-2.135,2.676,-0.415,3.344,0.144,0.594,3.731,4.663,0.148,-0.029,0.563,0.96,-0.174,23.365,0.469,-139.164,0.584,-221.12,0.594,-162.53,0.688,-244.486,0.158,-81.956,0.107,0.078,-2.508,-0.464,-3.985,-1.014,-2.061,-0.542,-3.1,-1.121,-1.039,-1.477,-0.674,0.379,0.413,0.839,0.851,0.041,-0.672,-0.023,-2.641,2.58,-0.125,3.55,0.045,0.694,3.666,5.044,0.177,-0.008,0.562,0.945
2021-01-05,CTD6,4176009,695829,0.007578235,0.011589868,0.014850218,0.002888734,0.0025020482,0.00056025846,0.0005538969,0.00021316714,0.0075491257,0.011510511,0.014900783,0.0030048683,0.0022526663,0.0006060897,0.18828093,-8.000000000000001e-45,1.125,-0.123,18.943,0.601,-259.89,0.645,-313.39,0.674,-278.833,0.712,-332.333,0.072,-53.5,0.055,0.047,-3.859,-0.65,-4.654,-0.905,-3.232,-0.698,-3.852,-0.96,-0.62,-0.794,-0.605,0.501,0.512,0.849,0.853,0.015,-0.374,-0.086,-1.923,3.844,-0.509,4.438,0.127,0.415,4.925,5.686,0.081,-0.021,0.548,0.978,-0.128,19.767,0.586,-245.916,0.673,-357.041,0.664,-265.683,0.737,-376.808,0.143,-111.125,0.059,0.045,-3.664,-0.554,-5.32,-1.073,-3.058,-0.598,-4.337,-1.132,-1.279,-1.656,-0.645,0.496,0.517,0.864,0.871,0.028,-0.561,0.023,-2.784,3.679,0.151,4.908,-0.039,0.545,4.763,6.354,0.11,0.006,0.55,0.958
2021-01-05,CTD7,4176724,690397,0.0075237933,0.010733564,0.016668871,0.0034721168,0.0026304973,0.0006124645,0.00060152344,0.00023929185,0.0075626834,0.01065607,0.016859857,0.003529839,0.0024588034,0.0006570348,0.40357897,-2.878e-42,0.395,-0.217,33.174,0.511,-194.843,0.606,-286.991,0.655,-228.017,0.727,-320.164,0.138,-92.148,0.115,0.087,-3.248,-0.513,-4.784,-0.996,-2.447,-0.6,-3.437,-1.112,-0.989,-1.536,-0.973,0.376,0.402,0.987,0.988,0.031,-0.676,-0.114,-3.245,2.934,-0.72,3.872,0.233,0.795,4.556,6.013,0.166,-0.037,0.518,0.958,-0.225,34.531,0.502,-189.456,0.625,-312.859,0.654,-223.987,0.745,-347.389,0.179,-123.403,0.122,0.085,-3.194,-0.466,-5.275,-1.104,-2.387,-0.551,-3.702,-1.226,-1.315,-2.081,-1.036,0.369,0.402,1.016,1.015,0.039,-0.804,-0.065,-3.838,2.873,-0.443,4.124,0.147,0.886,4.546,6.526,0.185,-0.021,0.516,0.947
2021-01-05,CTD8,4174178,693048,0.010666128,0.014966361,0.016975587,0.0039526997,0.0027000157,0.000707688,0.0007124892,0.00027042849,0.010707195,0.015022596,0.016897814,0.004039244,0.0028429776,0.0007164126,0.13313909,-8.000000000000001e-45,0.795,-0.063,7.908,0.582,-186.175,0.694,-303.552,0.622,-194.084,0.726,-311.46,0.188,-117.377,0.031,0.021,-3.16,-0.503,-5.153,-1.2,-2.905,-0.524,-4.661,-1.231,-1.757,-1.993,-0.302,0.56,0.586,0.737,0.755,0.039,-0.582,0.199,-2.501,3.627,1.248,5.31,-0.33,0.451,4.114,6.023,0.105,0.052,0.592,0.94,-0.059,7.387,0.576,-181.005,0.682,-285.177,0.614,-188.392,0.712,-292.565,0.174,-104.173,0.03,0.021,-3.059,-0.515,-4.819,-1.152,-2.83,-0.536,-4.395,-1.182,-1.565,-1.76,-0.272,0.556,0.582,0.72,0.737,0.037,-0.532,0.185,-2.225,3.551,1.101,5.045,-0.296,0.421,3.994,5.675,0.101,0.05,0.597,0.943
2021-01-05,CTD9,4171106,693183,0.014371476,0.020046074,0.028515179,0.013351438,0.009279206,0.0025021522,0.0024009314,0.0009896859,0.014184347,0.020013008,0.028665291,0.013466726,0.009476994,0.0023786572,0.20854877,-8.000000000000001e-45,0.56,-0.174,14.816,0.2,-25.013,0.367,-57.883,0.362,-39.829,0.509,-72.699,0.18,-32.87,0.198,0.137,-0.713,-0.232,-1.651,-0.773,-0.798,-0.37,-1.457,-0.971,-0.659,-0.937,-0.374,0.177,0.257,0.517,0.576,0.084,-0.736,0.008,-1.572,1.176,0.025,1.692,-0.016,0.727,1.673,2.407,0.341,0.005,0.688,0.903,-0.178,15.082,0.196,-24.29,0.357,-55.551,0.361,-39.372,0.503,-70.633,0.174,-31.262,0.203,0.143,-0.696,-0.23,-1.592,-0.748,-0.788,-0.373,-1.414,-0.951,-0.626,-0.896,-0.377,0.172,0.25,0.515,0.573,0.082,-0.723,-0.006,-1.539,1.155,-0.017,1.642,0.011,0.729,1.655,2.352,0.342,-0.004,0.688,0.905
2021-01-05,CTD10,4170388,695646,0.008992436,0.013995552,0.020912072,0.0050498117,0.0041852575,0.0009728573,0.0009572519,0.00037363183,0.009003538,0.013838454,0.02109181,0.0052681994,0.0038722684,0.0010141111,0.33227843,-8.000000000000001e-45,1.765,-0.198,23.632,0.47,-126.576,0.54,-167.483,0.611,-150.208,0.666,-191.115,0.094,-40.907,0.119,0.099,-2.647,-0.53,-3.502,-0.846,-2.102,-0.629,-2.675,-0.965,-0.573,-0.855,-0.749,0.356,0.378,0.872,0.878,0.025,-0.537,-0.16,-2.225,2.571,-0.797,3.103,0.288,0.665,3.842,4.636,0.161,-0.058,0.546,0.967,-0.208,24.851,0.449,-117.556,0.563,-185.984,0.6,-142.406,0.69,-210.835,0.153,-68.428,0.131,0.096,-2.479,-0.455,-3.923,-0.98,-1.971,-0.551,-2.918,-1.111,-0.947,-1.443,-0.794,0.343,0.378,0.893,0.901,0.04,-0.704,-0.079,-2.82,2.443,-0.43,3.324,0.164,0.789,3.724,5.066,0.197,-0.03,0.547,0.947
2021-01-05,CTD11,4169609,700351,0.002383957,0.0035059003,0.0045166104,0.0011619186,0.0008825636,0.00020657927,0.00020553204,8.0795486e-05,0.0024021189,0.003453328,0.0045021693,0.0011279556,0.0008002873,0.00021913959,0.4116454,-2.878e-42,0.6,-0.126,63.828,0.502,-575.412,0.598,-847.829,0.591,-639.241,0.673,-911.658,0.137,-272.417,0.074,0.056,-2.599,-0.508,-3.829,-0.985,-2.241,-0.564,-3.196,-1.059,-0.955,-1.23,-0.494,0.434,0.462,0.764,0.779,0.035,-0.54,0.017,-2.1,2.822,0.085,3.715,-0.028,0.529,3.635,4.786,0.136,0.006,0.582,0.951,-0.132,67.461,0.508,-596.984,0.624,-959.976,0.599,-664.445,0.698,-1027.436,0.17,-362.992,0.076,0.054,-2.688,-0.478,-4.322,-1.083,-2.295,-0.532,-3.548,-1.159,-1.254,-1.634,-0.544,0.439,0.471,0.793,0.808,0.041,-0.642,0.058,-2.564,2.884,0.324,4.065,-0.106,0.594,3.76,5.299,0.149,0.019,0.576,0.942
2021-01-05,CTD12,4173438,695414,0.0061754086,0.008922296,0.012637994,0.0027658443,0.0023157524,0.00052994624,0.0005241076,0.00020263379,0.0062026833,0.00887365,0.01271803,0.0028594714,0.0021437982,0.00056877214,0.30248702,-2.878e-42,0.555,-0.172,32.952,0.527,-249.474,0.588,-319.746,0.641,-282.427,0.69,-352.699,0.089,-70.272,0.091,0.076,-3.153,-0.578,-4.041,-0.884,-2.52,-0.654,-3.147,-0.976,-0.627,-0.888,-0.731,0.412,0.429,0.878,0.883,0.021,-0.488,-0.131,-2.232,3.043,-0.716,3.634,0.222,0.579,4.31,5.147,0.127,-0.041,0.542,0.971,-0.178,34.065,0.513,-237.022,0.611,-353.769,0.633,-271.086,0.712,-387.833,0.143,-116.747,0.097,0.073,-3.014,-0.508,-4.499,-1.012,-2.406,-0.581,-3.441,-1.109,-1.036,-1.485,-0.768,0.405,0.432,0.895,0.901,0.033,-0.636,-0.052,-2.829,2.935,-0.308,3.914,0.099,0.684,4.206,5.61,0.154,-0.017,0.543,0.954
2021-04-20,CTD1,4187246,695025,0.007668277,0.010841802,0.016098881,0.0030074287,0.0028227617,0.0005998988,0.00063688104,0.00022800785,0.0077017127,0.010668993,0.016283775,0.0031700465,0.0023949367,0.00068038405,0.48364624,-2.878e-42,0.51,-0.195,30.119,0.566,-240.274,0.587,-262.027,0.685,-270.394,0.702,-292.147,0.032,-21.753,0.091,0.085,-3.868,-0.678,-4.218,-0.788,-2.932,-0.763,-3.167,-0.879,-0.236,-0.35,-0.902,0.414,0.42,0.958,0.959,0.007,-0.392,-0.265,-2.098,3.43,-1.512,3.654,0.419,0.546,5.093,5.426,0.102,-0.074,0.514,0.99,-0.208,32.319,0.542,-221.723,0.633,-323.818,0.674,-254.042,0.744,-356.137,0.139,-102.095,0.102,0.077,-3.61,-0.531,-5.273,-1.027,-2.71,-0.608,-3.8,-1.129,-1.089,-1.662,-1.009,0.401,0.425,1.004,1.004,0.029,-0.668,-0.1,-3.434,3.218,-0.682,4.26,0.203,0.771,4.912,6.502,0.15,-0.03,0.513,0.96
2021-04-20,CTD2,4181518,693105,0.010277318,0.013434192,0.013629729,0.002633779,0.0016639765,0.00043438294,0.00043073186,0.0001701011,0.010345215,0.013516854,0.013532375,0.0026549047,0.0017515342,0.0004310943,0.07820368,-8.000000000000001e-45,0.735,-0.007,1.068,0.672,-305.246,0.78,-526.533,0.676,-306.314,0.782,-527.601,0.226,-221.287,0.003,0.002,-4.16,-0.508,-7.177,-1.387,-4.115,-0.51,-7.088,-1.39,-2.973,-3.016,-0.045,0.706,0.724,0.728,0.745,0.036,-0.597,0.354,-3.09,4.979,2.899,7.88,-0.568,0.383,5.051,7.995,0.074,0.069,0.594,0.94,-0.001,0.085,0.672,-302.68,0.771,-496.946,0.672,-302.764,0.771,-497.031,0.205,-194.267,0.0,0.0,-4.096,-0.53,-6.725,-1.319,-4.092,-0.53,-6.718,-1.32,-2.626,-2.629,-0.004,0.711,0.727,0.712,0.728,0.033,-0.517,0.339,-2.635,4.962,2.62,7.521,-0.515,0.341,4.968,7.53,0.067,0.067,0.598,0.944
2021-04-20,CTD3,4181698,695238,0.012009691,0.014645295,0.017794121,0.0053666146,0.004441177,0.0011812331,0.0011724728,0.00045382508,0.0120149385,0.01458318,0.017342579,0.005483522,0.004170863,0.0012201665,0.24409342,-2e-44,0.77,-0.097,12.083,0.464,-118.056,0.535,-156.884,0.537,-130.139,0.601,-168.967,0.094,-38.828,0.065,0.054,-2.101,-0.524,-2.792,-0.842,-1.906,-0.578,-2.475,-0.907,-0.569,-0.691,-0.321,0.417,0.441,0.651,0.667,0.029,-0.385,-0.005,-1.278,2.479,-0.018,2.996,0.007,0.387,3.012,3.64,0.117,-0.002,0.617,0.96,-0.086,10.911,0.453,-113.792,0.555,-171.186,0.52,-124.703,0.612,-182.097,0.136,-57.394,0.06,0.046,-1.973,-0.475,-2.969,-0.939,-1.819,-0.52,-2.656,-0.999,-0.837,-0.995,-0.286,0.423,0.456,0.632,0.656,0.041,-0.474,0.08,-1.499,2.419,0.334,3.18,-0.126,0.429,2.877,3.782,0.136,0.03,0.629,0.942
2021-04-20,CTD4,4180266,698264,0.017306773,0.023627436,0.025198221,0.0050967275,0.0035164454,0.00085299776,0.0008614675,0.00033593888,0.017420145,0.023578867,0.025424484,0.005204797,0.0034776398,0.0008799691,0.16389291,-8.000000000000001e-45,0.51,-0.032,2.638,0.645,-153.881,0.741,-242.054,0.664,-156.519,0.755,-244.693,0.183,-88.174,0.013,0.009,-3.878,-0.541,-6.099,-1.234,-3.698,-0.55,-5.781,-1.247,-2.083,-2.222,-0.182,0.645,0.664,0.741,0.755,0.032,-0.512,0.248,-2.53,4.496,1.775,6.517,-0.383,0.377,4.795,6.95,0.076,0.053,0.588,0.948,-0.038,3.079,0.638,-149.72,0.743,-245.14,0.66,-152.798,0.759,-248.219,0.199,-95.421,0.016,0.011,-3.807,-0.521,-6.233,-1.276,-3.603,-0.531,-5.853,-1.292,-2.25,-2.426,-0.213,0.636,0.656,0.747,0.762,0.035,-0.569,0.259,-2.781,4.393,1.895,6.575,-0.418,0.41,4.737,7.09,0.084,0.057,0.587,0.944
2021-04-20,CTD6,4176009,695829,0.008169105,0.010601662,0.010311336,0.0018431353,0.0011779246,0.00030437022,0.00029742354,0.000118594835,0.008238437,0.010591657,0.010194528,0.0018282462,0.0012062344,0.00029890408,0.095668405,-8.000000000000001e-45,0.47,0.014,-2.656,0.704,-448.229,0.8,-754.626,0.697,-445.573,0.795,-751.97,0.22,-306.397,-0.005,-0.003,-4.622,-0.528,-7.781,-1.391,-4.724,-0.525,-7.972,-1.386,-3.248,-3.159,0.096,0.762,0.775,0.719,0.734,0.032,-0.537,0.389,-3.002,5.638,3.406,8.822,-0.592,0.334,5.483,8.58,0.06,0.068,0.595,0.945,0.019,-3.678,0.706,-452.558,0.796,-734.612,0.696,-448.88,0.788,-730.934,0.205,-282.054,-0.007,-0.004,-4.614,-0.546,-7.489,-1.343,-4.754,-0.541,-7.742,-1.336,-2.987,-2.875,0.131,0.769,0.781,0.709,0.724,0.03,-0.477,0.379,-2.658,5.675,3.205,8.601,-0.553,0.303,5.462,8.279,0.054,0.065,0.598,0.948
2021-04-20,CTD7,4176724,690397,0.01280294,0.017748304,0.019957671,0.0035202487,0.002354507,0.0005897769,0.0005940442,0.00022879176,0.012849084,0.017675236,0.020061633,0.003588436,0.0024139185,0.0006043732,0.14121398,-2.878e-42,0.795,-0.059,6.237,0.669,-227.727,0.766,-368.374,0.7,-233.965,0.789,-374.611,0.198,-140.647,0.022,0.015,-4.545,-0.536,-7.352,-1.297,-4.152,-0.551,-6.649,-1.319,-2.496,-2.807,-0.376,0.638,0.656,0.818,0.828,0.031,-0.606,0.22,-3.435,4.924,1.869,7.362,-0.371,0.456,5.537,8.278,0.08,0.044,0.564,0.95,-0.063,6.73,0.662,-222.097,0.76,-357.688,0.697,-228.827,0.785,-364.418,0.196,-135.591,0.024,0.016,-4.456,-0.536,-7.176,-1.284,-4.045,-0.552,-6.441,-1.308,-2.397,-2.72,-0.398,0.627,0.645,0.82,0.83,0.031,-0.606,0.208,-3.385,4.805,1.732,7.143,-0.352,0.462,5.454,8.108,0.083,0.042,0.563,0.95
2021-04-20,CTD8,4174178,693048,0.012286407,0.016880238,0.01754796,0.0028606423,0.00207408,0.00048749894,0.00049386424,0.00018899086,0.012299568,0.016863665,0.017746568,0.0029230618,0.002013028,0.0005094562,0.17766766,-8.000000000000001e-45,0.66,-0.019,2.254,0.71,-290.331,0.781,-422.901,0.72,-292.585,0.789,-425.155,0.159,-132.57,0.006,0.005,-5.095,-0.602,-7.421,-1.21,-4.939,-0.607,-7.177,-1.216,-2.238,-2.326,-0.135,0.714,0.725,0.775,0.784,0.023,-0.417,0.237,-2.56,5.783,2.004,7.976,-0.34,0.315,6.011,8.291,0.051,0.04,0.573,0.961,-0.026,2.95,0.705,-282.808,0.787,-437.465,0.717,-285.758,0.796,-440.415,0.184,-154.657,0.009,0.006,-5.019,-0.569,-7.764,-1.279,-4.819,-0.575,-7.427,-1.287,-2.608,-2.745,-0.179,0.706,0.718,0.785,0.795,0.026,-0.502,0.262,-3.047,5.656,2.306,8.213,-0.4,0.364,5.952,8.643,0.06,0.045,0.572,0.956
2021-04-20,CTD9,4171106,693183,0.029924676,0.03831092,0.05225898,0.02297842,0.01753051,0.004954424,0.0049544494,0.0019313737,0.029100895,0.03832954,0.05295037,0.023128467,0.016609011,0.004683969,0.20618622,-8.000000000000001e-45,0.64,-0.154,6.967,0.25,-17.417,0.372,-30.941,0.389,-24.384,0.498,-37.908,0.134,-13.524,0.16,0.122,-0.91,-0.305,-1.617,-0.711,-0.934,-0.427,-1.452,-0.871,-0.518,-0.707,-0.344,0.22,0.276,0.524,0.567,0.06,-0.578,-0.03,-1.314,1.332,-0.089,1.746,0.053,0.601,1.817,2.381,0.264,-0.018,0.677,0.928,-0.16,7.204,0.247,-17.147,0.395,-34.119,0.392,-24.351,0.522,-41.323,0.164,-16.972,0.167,0.12,-0.908,-0.285,-1.807,-0.789,-0.933,-0.404,-1.584,-0.956,-0.651,-0.899,-0.368,0.219,0.286,0.543,0.591,0.071,-0.669,0.006,-1.531,1.344,0.018,1.871,-0.011,0.663,1.856,2.585,0.29,0.003,0.673,0.914
2021-04-20,CTD10,4170388,695646,0.007943031,0.010995298,0.011841962,0.0016731021,0.0011483959,0.00027902768,0.0002772378,0.00010563573,0.007908488,0.010950095,0.011938217,0.0016719126,0.0011357068,0.00028654898,0.18624659,-2.878e-42,0.575,-0.037,6.503,0.736,-506.744,0.811,-779.832,0.752,-513.247,0.823,-786.334,0.186,-273.088,0.011,0.007,-6.001,-0.582,-9.235,-1.305,-5.643,-0.589,-8.646,-1.316,-3.003,-3.234,-0.3,0.718,0.729,0.837,0.844,0.023,-0.528,0.242,-3.74,6.475,2.497,9.433,-0.38,0.391,6.973,10.16,0.055,0.037,0.555,0.961,-0.043,7.559,0.735,-506.794,0.812,-789.186,0.754,-514.353,0.826,-796.744,0.191,-282.392,0.013,0.009,-6.05,-0.576,-9.421,-1.319,-5.632,-0.584,-8.724,-1.332,-3.092,-3.371,-0.352,0.71,0.721,0.849,0.856,0.023,-0.555,0.238,-3.962,6.454,2.501,9.502,-0.382,0.411,7.037,10.359,0.058,0.036,0.551,0.961
2021-04-20,CTD11,4169609,700351,0.01772413,0.025090547,0.02951513,0.00498973,0.003298046,0.00079947454,0.0008057193,0.0003096136,0.017789794,0.024964934,0.029802263,0.0050977673,0.0033111668,0.00081096933,0.12021015,-8.000000000000001e-45,0.5,-0.081,5.975,0.668,-160.556,0.768,-263.354,0.711,-166.531,0.799,-269.329,0.204,-102.798,0.03,0.02,-4.739,-0.53,-7.773,-1.314,-4.178,-0.549,-6.758,-1.344,-2.579,-3.034,-0.534,0.613,0.632,0.864,0.872,0.031,-0.663,0.189,-3.921,4.917,1.693,7.439,-0.337,0.515,5.784,8.75,0.087,0.038,0.551,0.951,-0.088,6.502,0.661,-156.108,0.766,-261.952,0.708,-162.61,0.8,-268.454,0.212,-105.844,0.033,0.022,-4.652,-0.517,-7.807,-1.335,-4.06,-0.538,-6.702,-1.369,-2.642,-3.154,-0.575,0.6,0.62,0.874,0.881,0.033,-0.702,0.188,-4.103,4.786,1.693,7.369,-0.346,0.544,5.714,8.796,0.093,0.038,0.549,0.949
2021-04-20,CTD12,4173438,695414,0.008885088,0.012083462,0.0146214245,0.0024623696,0.0019170602,0.00043351713,0.00044152894,0.0001659075,0.00886045,0.012001704,0.014679352,0.0025174504,0.0017943989,0.0004645248,0.19639218,-2.878e-42,0.485,-0.095,14.365,0.661,-323.355,0.726,-438.874,0.712,-337.72,0.768,-453.239,0.125,-115.519,0.035,0.028,-4.728,-0.62,-6.417,-1.081,-4.081,-0.647,-5.477,-1.116,-1.396,-1.689,-0.58,0.582,0.595,0.868,0.873,0.02,-0.458,0.048,-2.72,4.776,0.365,6.135,-0.074,0.431,5.779,7.423,0.073,0.01,0.545,0.968,-0.1,15.199,0.653,-313.906,0.74,-473.968,0.707,-329.104,0.782,-489.167,0.168,-160.062,0.038,0.027,-4.608,-0.563,-6.958,-1.193,-3.95,-0.591,-5.871,-1.231,-1.921,-2.35,-0.621,0.576,0.594,0.882,0.887,0.027,-0.585,0.105,-3.413,4.645,0.857,6.517,-0.18,0.51,5.682,7.971,0.088,0.022,0.544,0.958
2021-05-20,CTD1,4187246,695025,0.01118739,0.015561258,0.021409377,0.007006131,0.00515274,0.0013703668,0.001415519,0.00056100363,0.011196674,0.015341439,0.021436084,0.0071127503,0.0054056114,0.0013404272,0.26483014,-8.000000000000001e-45,0.295,-0.158,17.554,0.379,-78.47,0.502,-129.809,0.507,-96.024,0.612,-147.363,0.152,-51.339,0.123,0.09,-1.68,-0.404,-2.779,-0.909,-1.494,-0.495,-2.293,-1.032,-0.799,-1.099,-0.481,0.322,0.366,0.695,0.72,0.05,-0.633,-0.009,-1.934,1.98,-0.036,2.693,0.016,0.64,2.725,3.705,0.21,-0.004,0.61,0.935,-0.166,18.533,0.366,-75.41,0.479,-119.81,0.502,-93.942,0.597,-138.343,0.136,-44.4,0.132,0.1,-1.616,-0.408,-2.568,-0.852,-1.441,-0.508,-2.122,-0.984,-0.681,-0.952,-0.487,0.307,0.348,0.69,0.714,0.046,-0.6,-0.044,-1.809,1.905,-0.176,2.506,0.081,0.637,2.661,3.502,0.211,-0.021,0.611,0.94
2021-05-20,CTD2,4181518,693105,0.015512879,0.021164166,0.022707013,0.0066031246,0.0039822855,0.0011909858,0.0012065731,0.0004947696,0.01561594,0.02134368,0.02252499,0.0066391714,0.004638728,0.0010766146,0.00038849493,-8.000000000000001e-45,0.6,-0.035,3.21,0.524,-104.194,0.683,-203.862,0.549,-107.404,0.702,-207.073,0.248,-99.669,0.021,0.013,-2.366,-0.415,-4.629,-1.346,-2.273,-0.428,-4.383,-1.367,-2.109,-2.263,-0.146,0.546,0.586,0.64,0.674,0.06,-0.726,0.329,-2.497,3.03,1.876,5.024,-0.585,0.47,3.251,5.39,0.137,0.103,0.633,0.911,-0.027,2.457,0.525,-103.769,0.643,-168.724,0.545,-106.226,0.658,-171.181,0.177,-64.955,0.016,0.011,-2.337,-0.481,-3.801,-1.12,-2.267,-0.493,-3.654,-1.137,-1.386,-1.463,-0.105,0.541,0.573,0.611,0.639,0.046,-0.484,0.249,-1.641,3.009,1.208,4.306,-0.376,0.357,3.175,4.545,0.105,0.077,0.638,0.931
2021-05-20,CTD3,4181698,695238,0.017020332,0.02171967,0.02101619,0.005738044,0.003522851,0.0010101733,0.0010167455,0.00041262573,0.017046882,0.022016548,0.020804148,0.005772074,0.0039041007,0.0009355741,0.00032575632,-8.000000000000001e-45,0.38,0.016,-1.541,0.582,-128.234,0.721,-237.82,0.571,-126.693,0.713,-236.279,0.239,-109.586,-0.009,-0.005,-2.695,-0.452,-4.998,-1.365,-2.752,-0.446,-5.132,-1.356,-2.38,-2.303,0.076,0.651,0.68,0.605,0.637,0.052,-0.595,0.42,-2.18,3.618,2.503,5.892,-0.661,0.354,3.5,5.701,0.097,0.111,0.642,0.917,0.028,-2.647,0.585,-127.828,0.699,-210.721,0.566,-125.181,0.684,-208.074,0.193,-82.893,-0.015,-0.01,-2.659,-0.499,-4.384,-1.216,-2.756,-0.489,-4.581,-1.201,-1.825,-1.725,0.125,0.657,0.682,0.58,0.608,0.044,-0.42,0.382,-1.514,3.627,2.035,5.362,-0.534,0.269,3.427,5.067,0.075,0.1,0.649,0.93
2021-05-20,CTD4,4180266,698264,0.013296376,0.017551016,0.023107791,0.0056000734,0.004919931,0.0011389205,0.0011161937,0.00041795798,0.013288554,0.017449388,0.023257053,0.0056834845,0.0039803255,0.0012962203,0.18136042,-8.000000000000001e-45,0.315,-0.137,13.701,0.516,-121.592,0.562,-146.278,0.61,-135.294,0.649,-159.979,0.065,-24.686,0.077,0.067,-2.81,-0.598,-3.38,-0.819,-2.375,-0.666,-2.808,-0.896,-0.433,-0.57,-0.528,0.426,0.44,0.779,0.786,0.017,-0.379,-0.119,-1.563,2.921,-0.559,3.325,0.178,0.438,3.846,4.378,0.106,-0.038,0.569,0.976,-0.143,14.311,0.509,-118.64,0.629,-193.927,0.607,-132.951,0.708,-208.238,0.176,-75.287,0.081,0.057,-2.759,-0.472,-4.51,-1.102,-2.32,-0.529,-3.634,-1.184,-1.314,-1.751,-0.601,0.432,0.465,0.82,0.833,0.042,-0.678,0.05,-2.773,2.899,0.292,4.14,-0.095,0.632,3.864,5.517,0.155,0.016,0.568,0.941
2021-05-20,CTD6,4176009,695829,0.015177829,0.019710517,0.019865273,0.004971017,0.0027678418,0.000832322,0.00083897065,0.000349435,0.015225177,0.020018278,0.019507363,0.0049824263,0.0032716866,0.0007568223,0.00019627818,-8.000000000000001e-45,0.325,-0.004,0.395,0.597,-150.432,0.754,-310.558,0.6,-150.827,0.755,-310.953,0.285,-160.126,0.002,0.001,-2.988,-0.416,-6.169,-1.544,-2.973,-0.417,-6.129,-1.546,-3.156,-3.181,-0.02,0.651,0.682,0.663,0.693,0.056,-0.804,0.435,-3.212,3.826,3.125,6.871,-0.788,0.451,3.856,6.925,0.113,0.11,0.624,0.911,0.013,-1.308,0.601,-150.751,0.719,-255.698,0.593,-149.443,0.713,-254.39,0.207,-104.947,-0.007,-0.004,-2.941,-0.493,-4.988,-1.274,-2.992,-0.489,-5.092,-1.267,-2.101,-2.047,0.062,0.66,0.684,0.624,0.649,0.043,-0.497,0.37,-1.945,3.85,2.203,5.863,-0.548,0.318,3.752,5.714,0.081,0.092,0.633,0.93
2021-05-20,CTD7,4176724,690397,0.016040197,0.025477637,0.038508117,0.013288224,0.008793868,0.0021831887,0.002226419,0.00089585216,0.015957188,0.025527949,0.03863437,0.013584027,0.009031668,0.0021067664,0.108294375,-8.000000000000001e-45,2.88,-0.204,13.282,0.314,-36.004,0.487,-74.465,0.487,-49.286,0.628,-87.747,0.204,-38.461,0.176,0.117,-1.386,-0.317,-2.868,-0.99,-1.256,-0.433,-2.236,-1.166,-0.98,-1.481,-0.59,0.258,0.322,0.736,0.767,0.07,-0.849,-0.0,-2.462,1.689,-0.001,2.552,0.0,0.85,2.553,3.857,0.293,-0.0,0.606,0.913,-0.204,13.289,0.305,-34.443,0.477,-71.549,0.48,-47.732,0.621,-84.838,0.201,-37.106,0.181,0.12,-1.331,-0.311,-2.764,-0.972,-1.219,-0.431,-2.166,-1.152,-0.947,-1.434,-0.58,0.251,0.316,0.725,0.757,0.071,-0.843,-0.004,-2.398,1.645,-0.018,2.475,0.009,0.849,2.49,3.746,0.298,-0.002,0.61,0.913
2021-05-20,CTD8,4174178,693048,0.009001446,0.0119741345,0.015142692,0.0043615364,0.0043474897,0.0012473161,0.0012080809,0.00048702268,0.009021884,0.01170843,0.01491048,0.0044667753,0.004133924,0.0012099282,0.27937797,-8.000000000000001e-45,0.57,-0.117,17.475,0.466,-145.764,0.467,-146.504,0.553,-163.239,0.554,-163.979,0.002,-0.741,0.076,0.076,-2.207,-0.634,-2.218,-0.639,-1.955,-0.71,-1.964,-0.715,-0.009,-0.011,-0.364,0.391,0.391,0.661,0.661,0.001,-0.212,-0.206,-0.738,2.458,-0.718,2.466,0.261,0.268,3.109,3.119,0.077,-0.075,0.602,0.999,-0.12,18.342,0.448,-138.467,0.478,-156.492,0.539,-156.808,0.566,-174.834,0.039,-18.026,0.082,0.076,-2.065,-0.572,-2.333,-0.699,-1.836,-0.648,-2.047,-0.781,-0.211,-0.269,-0.372,0.38,0.391,0.659,0.666,0.013,-0.295,-0.14,-0.986,2.344,-0.506,2.533,0.193,0.348,2.985,3.225,0.104,-0.053,0.608,0.983
2021-05-20,CTD9,4171106,693183,0.02755627,0.0390812,0.050703723,0.024190009,0.015779348,0.004220688,0.004221435,0.0016864109,0.027534517,0.039593145,0.05069571,0.024229074,0.016367849,0.0037777747,0.0012216588,-8.000000000000001e-45,0.23,-0.129,5.865,0.235,-15.752,0.425,-37.786,0.354,-21.617,0.525,-43.652,0.21,-22.035,0.142,0.093,-0.799,-0.249,-1.916,-0.914,-0.845,-0.341,-1.706,-1.056,-0.861,-1.117,-0.291,0.224,0.311,0.483,0.552,0.094,-0.762,0.118,-1.598,1.304,0.381,2.0,-0.236,0.645,1.692,2.594,0.308,0.073,0.705,0.888,-0.123,5.531,0.241,-16.016,0.415,-35.838,0.353,-21.547,0.512,-41.37,0.194,-19.823,0.134,0.091,-0.812,-0.262,-1.817,-0.868,-0.853,-0.353,-1.638,-1.002,-0.785,-1.005,-0.273,0.229,0.31,0.473,0.538,0.087,-0.699,0.105,-1.463,1.311,0.327,1.941,-0.2,0.605,1.679,2.485,0.289,0.065,0.707,0.895
2021-05-20,CTD10,4170388,695646,0.012974138,0.017203655,0.018236294,0.0039604967,0.0027255744,0.0007018566,0.00070545246,0.00028331793,0.013057038,0.017353922,0.018257344,0.0039928784,0.002757685,0.00071003614,0.082405046,-8.000000000000001e-45,0.63,-0.029,3.291,0.626,-194.366,0.726,-308.768,0.643,-197.658,0.74,-312.059,0.185,-114.402,0.013,0.009,-3.545,-0.53,-5.631,-1.223,-3.4,-0.539,-5.369,-1.236,-1.968,-2.086,-0.154,0.632,0.652,0.716,0.733,0.035,-0.51,0.255,-2.347,4.194,1.707,6.095,-0.393,0.372,4.446,6.461,0.081,0.059,0.597,0.944,-0.025,2.851,0.626,-192.822,0.726,-304.999,0.641,-195.673,0.738,-307.851,0.183,-112.177,0.011,0.008,-3.52,-0.532,-5.568,-1.218,-3.396,-0.54,-5.342,-1.229,-1.947,-2.048,-0.134,0.636,0.656,0.709,0.726,0.035,-0.497,0.26,-2.274,4.195,1.72,6.074,-0.396,0.361,4.414,6.39,0.079,0.06,0.599,0.944
2021-05-20,CTD11,4169609,700351,0.0123576615,0.017467972,0.024877315,0.006836444,0.00588237,0.0013952878,0.0013414981,0.00053541776,0.012322952,0.017225651,0.02498299,0.0070531485,0.005349061,0.0014502301,0.34278452,-8.000000000000001e-45,0.465,-0.175,17.05,0.437,-89.027,0.496,-112.752,0.569,-106.078,0.618,-129.802,0.075,-23.725,0.117,0.1,-2.215,-0.524,-2.805,-0.771,-1.853,-0.624,-2.267,-0.887,-0.414,-0.59,-0.583,0.346,0.365,0.773,0.782,0.023,-0.46,-0.158,-1.674,2.319,-0.669,2.695,0.262,0.564,3.302,3.838,0.155,-0.062,0.574,0.97,-0.184,18.026,0.419,-83.728,0.526,-128.896,0.56,-101.753,0.647,-146.921,0.137,-45.168,0.127,0.096,-2.092,-0.448,-3.22,-0.909,-1.753,-0.544,-2.531,-1.036,-0.778,-1.128,-0.625,0.335,0.371,0.794,0.809,0.04,-0.629,-0.069,-2.228,2.228,-0.322,2.938,0.132,0.692,3.232,4.261,0.195,-0.028,0.575,0.947
2021-05-20,CTD12,4173438,695414,0.018945187,0.024932247,0.027609408,0.00877089,0.005065504,0.0014448327,0.0014960067,0.00060838135,0.018815903,0.024977094,0.027488533,0.0087837465,0.005584531,0.0013097558,0.0009051087,-8.000000000000001e-45,0.425,-0.051,3.889,0.48,-73.905,0.662,-157.305,0.518,-77.794,0.69,-161.194,0.268,-83.4,0.034,0.02,-2.04,-0.374,-4.343,-1.38,-1.94,-0.394,-4.019,-1.414,-2.079,-2.303,-0.193,0.495,0.546,0.628,0.669,0.071,-0.828,0.325,-2.608,2.659,1.774,4.604,-0.624,0.53,2.945,5.099,0.168,0.115,0.641,0.898,-0.048,3.658,0.48,-73.81,0.635,-139.029,0.516,-77.468,0.662,-142.687,0.223,-65.219,0.032,0.02,-2.029,-0.412,-3.822,-1.221,-1.935,-0.433,-3.564,-1.253,-1.629,-1.793,-0.175,0.49,0.535,0.612,0.649,0.061,-0.664,0.273,-2.079,2.64,1.343,4.153,-0.472,0.465,2.906,4.571,0.149,0.096,0.643,0.912
2021-06-14,CTD1,4187246,695025,0.004890207,0.0071799364,0.012392107,0.0032688428,0.002973132,0.0007029125,0.00069743674,0.00027530044,0.004934745,0.0070348075,0.012547561,0.003425088,0.0027073268,0.000760214,0.57579714,-2.878e-42,0.29,-0.266,58.58,0.374,-166.642,0.414,-197.069,0.583,-225.222,0.613,-255.649,0.047,-30.427,0.191,0.174,-2.065,-0.495,-2.442,-0.644,-1.617,-0.67,-1.836,-0.836,-0.218,-0.377,-0.835,0.255,0.269,0.899,0.901,0.015,-0.52,-0.33,-1.972,1.957,-1.376,2.151,0.626,0.816,3.377,3.713,0.215,-0.15,0.534,0.981,-0.282,62.454,0.345,-149.813,0.444,-227.218,0.571,-212.267,0.645,-289.671,0.117,-77.405,0.214,0.169,-1.88,-0.406,-2.851,-0.778,-1.493,-0.575,-2.038,-0.992,-0.545,-0.971,-0.899,0.237,0.271,0.936,0.941,0.037,-0.704,-0.23,-2.581,1.838,-1.065,2.325,0.519,0.993,3.279,4.148,0.271,-0.112,0.534,0.955
2021-06-14,CTD2,4181518,693105,0.009893569,0.01333915,0.01258428,0.0020941691,0.0013549718,0.00035796218,0.00035181243,0.00014157467,0.009921885,0.013368052,0.012506312,0.0020818908,0.0013935635,0.00035909662,0.084799096,-2.878e-42,0.385,0.029,-4.497,0.729,-402.549,0.816,-663.055,0.715,-398.052,0.806,-658.559,0.214,-260.506,-0.009,-0.006,-5.066,-0.545,-8.344,-1.389,-5.31,-0.539,-8.785,-1.379,-3.475,-3.278,0.219,0.807,0.816,0.714,0.728,0.029,-0.486,0.413,-2.918,6.262,3.835,9.678,-0.602,0.296,5.908,9.13,0.049,0.065,0.595,0.95,0.033,-5.154,0.73,-405.527,0.811,-642.78,0.715,-400.373,0.799,-637.625,0.198,-237.252,-0.011,-0.007,-5.072,-0.565,-8.039,-1.338,-5.352,-0.558,-8.524,-1.327,-3.172,-2.967,0.248,0.812,0.821,0.706,0.719,0.027,-0.425,0.4,-2.553,6.31,3.586,9.426,-0.558,0.266,5.903,8.819,0.044,0.062,0.597,0.953
2021-06-14,CTD3,4181698,695238,0.011018176,0.015513854,0.017495658,0.0038404258,0.0026442292,0.00068830315,0.0006856178,0.000275629,0.011057309,0.015489665,0.017342579,0.0038799166,0.0026829967,0.00070285966,0.07234001,-8.000000000000001e-45,0.595,-0.06,7.301,0.603,-195.929,0.709,-313.724,0.64,-203.231,0.737,-321.025,0.184,-117.794,0.028,0.019,-3.428,-0.518,-5.489,-1.205,-3.153,-0.537,-4.98,-1.233,-1.827,-2.061,-0.306,0.58,0.603,0.752,0.767,0.036,-0.566,0.198,-2.577,3.888,1.311,5.648,-0.325,0.439,4.385,6.369,0.096,0.049,0.586,0.944,-0.056,6.898,0.599,-193.178,0.705,-308.158,0.634,-200.076,0.732,-315.056,0.182,-114.98,0.027,0.019,-3.35,-0.518,-5.344,-1.196,-3.099,-0.537,-4.88,-1.222,-1.781,-1.994,-0.282,0.58,0.603,0.741,0.757,0.036,-0.553,0.202,-2.472,3.838,1.303,5.55,-0.326,0.428,4.297,6.213,0.096,0.051,0.59,0.944
2021-06-14,CTD4,4180266,698264,0.012864128,0.01849672,0.019281272,0.004910336,0.0030774912,0.0008294169,0.0008317347,0.00033844824,0.012918136,0.01856974,0.01918964,0.004929105,0.003232663,0.00082025037,0.00037719417,-8.000000000000001e-45,0.365,-0.021,2.2,0.58,-149.588,0.715,-270.876,0.594,-151.788,0.725,-273.076,0.229,-121.288,0.011,0.007,-2.884,-0.46,-5.223,-1.33,-2.808,-0.467,-5.051,-1.341,-2.243,-2.339,-0.098,0.608,0.637,0.666,0.692,0.049,-0.636,0.333,-2.498,3.607,2.084,5.756,-0.553,0.416,3.76,6.0,0.106,0.088,0.62,0.924,-0.016,1.74,0.58,-149.026,0.703,-255.491,0.591,-150.765,0.712,-257.231,0.208,-106.466,0.009,0.006,-2.86,-0.482,-4.903,-1.259,-2.8,-0.487,-4.777,-1.268,-1.977,-2.043,-0.076,0.608,0.636,0.654,0.679,0.045,-0.557,0.312,-2.169,3.599,1.851,5.488,-0.491,0.378,3.719,5.671,0.097,0.083,0.622,0.93
2021-06-14,CTD6,4176009,695829,0.010392357,0.014531626,0.015162735,0.0037734215,0.002478967,0.00066435337,0.0006604563,0.00026936003,0.010451021,0.014541461,0.015120347,0.0037608738,0.0025888144,0.0006732374,0.0042780126,-8.000000000000001e-45,0.43,-0.021,2.864,0.588,-196.196,0.709,-334.578,0.601,-199.06,0.719,-337.443,0.207,-138.382,0.011,0.007,-2.975,-0.486,-5.073,-1.263,-2.893,-0.493,-4.904,-1.273,-2.011,-2.098,-0.101,0.61,0.636,0.67,0.693,0.044,-0.564,0.301,-2.266,3.688,1.844,5.613,-0.479,0.386,3.848,5.857,0.096,0.078,0.616,0.932,-0.02,2.633,0.589,-197.127,0.698,-317.508,0.602,-199.76,0.708,-320.141,0.185,-120.382,0.01,0.007,-2.981,-0.51,-4.801,-1.194,-2.905,-0.517,-4.655,-1.204,-1.751,-1.82,-0.091,0.609,0.633,0.663,0.685,0.04,-0.491,0.273,-1.974,3.695,1.597,5.368,-0.413,0.351,3.842,5.582,0.087,0.071,0.617,0.938
2021-06-14,CTD7,4176724,690397,0.0110219065,0.017533189,0.024375081,0.005309529,0.003942735,0.00091008295,0.00094008195,0.00036925927,0.01102037,0.017377753,0.024555128,0.0055195605,0.0038022485,0.000948945,0.16946214,-2.878e-42,0.895,-0.163,16.009,0.535,-131.306,0.633,-196.596,0.642,-147.315,0.722,-212.606,0.148,-65.29,0.085,0.063,-3.201,-0.518,-4.792,-1.044,-2.583,-0.581,-3.728,-1.129,-1.145,-1.591,-0.739,0.432,0.458,0.888,0.894,0.033,-0.627,-0.023,-2.88,3.14,-0.144,4.229,0.044,0.648,4.366,5.879,0.141,-0.007,0.545,0.954,-0.171,16.82,0.518,-123.629,0.641,-205.457,0.633,-140.449,0.732,-222.278,0.184,-81.828,0.093,0.064,-3.036,-0.47,-5.045,-1.134,-2.441,-0.534,-3.863,-1.227,-1.422,-2.009,-0.77,0.418,0.451,0.899,0.906,0.041,-0.744,0.019,-3.31,2.994,0.122,4.346,-0.039,0.724,4.23,6.14,0.163,0.006,0.546,0.943
2021-06-14,CTD8,4174178,693048,0.009348035,0.01409063,0.016575212,0.0036026738,0.002542845,0.0006560294,0.00065158494,0.0002620225,0.009373603,0.014031884,0.01650037,0.0036086047,0.0025549566,0.00067296403,0.12207694,-8.000000000000001e-45,0.4,-0.081,10.638,0.593,-206.602,0.694,-322.291,0.643,-217.241,0.734,-332.929,0.172,-115.689,0.038,0.027,-3.424,-0.525,-5.342,-1.161,-3.061,-0.552,-4.691,-1.199,-1.63,-1.918,-0.404,0.549,0.572,0.78,0.793,0.035,-0.567,0.144,-2.607,3.758,0.94,5.324,-0.24,0.471,4.42,6.263,0.102,0.037,0.577,0.947,-0.081,10.662,0.591,-205.849,0.692,-320.13,0.641,-216.511,0.732,-330.791,0.171,-114.281,0.038,0.027,-3.397,-0.526,-5.282,-1.155,-3.038,-0.553,-4.642,-1.194,-1.604,-1.886,-0.4,0.547,0.571,0.777,0.791,0.035,-0.562,0.142,-2.57,3.734,0.92,5.273,-0.236,0.468,4.39,6.201,0.102,0.037,0.578,0.948
2021-06-14,CTD9,4171106,693183,0.010855323,0.017881038,0.0298329,0.009704289,0.007431903,0.0018242131,0.0018056198,0.000727268,0.010788617,0.017694555,0.02996745,0.009970591,0.0072410274,0.0018294109,0.17994003,-8.000000000000001e-45,0.54,-0.25,22.405,0.296,-47.122,0.413,-78.63,0.509,-69.527,0.601,-101.035,0.133,-31.508,0.217,0.167,-1.406,-0.35,-2.346,-0.763,-1.243,-0.517,-1.807,-0.98,-0.563,-0.94,-0.697,0.219,0.264,0.795,0.812,0.048,-0.706,-0.166,-2.172,1.593,-0.668,2.081,0.363,0.903,2.659,3.471,0.294,-0.09,0.578,0.943,-0.257,23.145,0.279,-43.78,0.419,-81.587,0.501,-66.925,0.611,-104.732,0.159,-37.807,0.231,0.168,-1.312,-0.317,-2.445,-0.813,-1.184,-0.485,-1.853,-1.044,-0.669,-1.133,-0.713,0.208,0.262,0.802,0.821,0.057,-0.786,-0.136,-2.364,1.533,-0.562,2.111,0.317,0.967,2.596,3.575,0.322,-0.077,0.58,0.932
2021-06-14,CTD10,4170388,695646,0.009373114,0.013910544,0.018013848,0.00374531,0.0027227204,0.0006819001,0.00068224844,0.0002679787,0.0093952725,0.013842463,0.018089518,0.0037701044,0.0026961484,0.00071757816,0.15956275,-8.000000000000001e-45,0.685,-0.129,16.375,0.576,-195.113,0.673,-295.392,0.656,-211.488,0.737,-311.767,0.158,-100.279,0.061,0.045,-3.515,-0.531,-5.321,-1.106,-2.942,-0.576,-4.337,-1.168,-1.395,-1.806,-0.634,0.49,0.514,0.858,0.866,0.032,-0.603,0.045,-2.902,3.563,0.299,4.901,-0.081,0.568,4.614,6.347,0.118,0.012,0.553,0.953,-0.133,16.961,0.572,-193.003,0.674,-298.658,0.655,-209.964,0.741,-315.619,0.166,-105.655,0.064,0.046,-3.491,-0.52,-5.403,-1.126,-2.906,-0.566,-4.369,-1.19,-1.463,-1.911,-0.657,0.485,0.51,0.866,0.874,0.034,-0.633,0.05,-3.038,3.523,0.336,4.926,-0.092,0.592,4.603,6.437,0.123,0.014,0.552,0.951
2021-06-14,CTD11,4169609,700351,0.008179919,0.012451309,0.01766475,0.0038820757,0.0029271594,0.0006963445,0.00069929723,0.00028309145,0.008194751,0.012319276,0.01776358,0.0039332453,0.002773286,0.00072638085,0.21043175,-8.000000000000001e-45,0.565,-0.173,23.703,0.525,-177.281,0.619,-261.315,0.64,-200.984,0.716,-285.018,0.14,-84.034,0.092,0.069,-3.132,-0.519,-4.616,-1.014,-2.503,-0.588,-3.549,-1.106,-1.046,-1.484,-0.766,0.416,0.442,0.896,0.902,0.032,-0.621,-0.049,-2.827,3.042,-0.297,4.034,0.092,0.665,4.315,5.723,0.146,-0.015,0.542,0.956,-0.181,24.879,0.516,-173.069,0.632,-279.409,0.637,-197.948,0.73,-304.288,0.173,-106.34,0.098,0.069,-3.074,-0.48,-4.963,-1.099,-2.439,-0.549,-3.749,-1.197,-1.31,-1.889,-0.812,0.408,0.44,0.916,0.922,0.039,-0.725,-0.012,-3.273,2.976,-0.074,4.221,0.024,0.737,4.291,6.086,0.163,-0.004,0.54,0.947
2021-06-14,CTD12,4173438,695414,0.00968305,0.01408586,0.015652072,0.0033041216,0.0021023615,0.0005582639,0.0005542974,0.00022388274,0.009708474,0.014157941,0.0155834565,0.0032956486,0.0021901315,0.00056146213,0.049280047,-8.000000000000001e-45,0.595,-0.053,7.104,0.62,-231.659,0.74,-404.662,0.651,-238.763,0.763,-411.766,0.222,-173.003,0.023,0.015,-3.626,-0.487,-6.334,-1.337,-3.363,-0.502,-5.8,-1.361,-2.437,-2.708,-0.29,0.607,0.632,0.763,0.779,0.04,-0.672,0.264,-3.182,4.129,1.963,6.489,-0.46,0.475,4.588,7.21,0.1,0.062,0.585,0.937,-0.048,6.461,0.622,-232.799,0.732,-385.962,0.651,-239.26,0.754,-392.423,0.202,-153.163,0.021,0.014,-3.628,-0.51,-6.015,-1.272,-3.387,-0.524,-5.556,-1.293,-2.168,-2.387,-0.26,0.611,0.634,0.752,0.767,0.037,-0.596,0.244,-2.819,4.155,1.736,6.253,-0.404,0.436,4.574,6.883,0.092,0.057,0.587,0.941
2021-08-13,CTD1,4187246,695025,0.007888254,0.0114467405,0.017582916,0.0067186733,0.005654873,0.0015026814,0.0015282971,0.0006100264,0.007917891,0.011386963,0.017678667,0.0068561076,0.0055483305,0.0015364413,0.3595181,-8.000000000000001e-45,1.23,-0.211,30.488,0.26,-61.478,0.339,-89.478,0.447,-91.966,0.513,-119.965,0.086,-28.0,0.205,0.172,-1.081,-0.348,-1.573,-0.601,-1.053,-0.52,-1.373,-0.806,-0.321,-0.492,-0.496,0.203,0.238,0.635,0.657,0.037,-0.537,-0.191,-1.406,1.382,-0.593,1.642,0.348,0.694,2.123,2.522,0.265,-0.112,0.626,0.956,-0.216,31.254,0.248,-58.036,0.345,-92.415,0.441,-89.29,0.522,-123.669,0.105,-34.379,0.214,0.173,-1.026,-0.322,-1.634,-0.634,-1.017,-0.495,-1.408,-0.848,-0.391,-0.608,-0.507,0.195,0.238,0.639,0.665,0.045,-0.592,-0.165,-1.525,1.347,-0.526,1.665,0.317,0.743,2.091,2.584,0.288,-0.099,0.628,0.947
2021-08-13,CTD2,4181518,693105,0.0096928105,0.013695696,0.018461486,0.0069293324,0.0048552724,0.0013481934,0.0013517224,0.00055900676,0.009733554,0.013690802,0.018239921,0.0069587026,0.0050079655,0.0013260668,0.08868406,-8.000000000000001e-45,2.055,-0.148,18.849,0.328,-71.298,0.477,-132.946,0.454,-90.147,0.584,-151.795,0.176,-61.648,0.131,0.092,-1.316,-0.346,-2.454,-0.921,-1.235,-0.438,-2.079,-1.052,-0.844,-1.138,-0.404,0.29,0.348,0.622,0.66,0.064,-0.685,0.041,-1.826,1.713,0.157,2.445,-0.079,0.647,2.31,3.296,0.243,0.021,0.641,0.918,-0.142,18.217,0.326,-70.663,0.464,-126.64,0.448,-88.88,0.569,-144.857,0.163,-55.977,0.127,0.091,-1.289,-0.354,-2.31,-0.881,-1.217,-0.445,-1.983,-1.008,-0.766,-1.021,-0.38,0.29,0.345,0.603,0.641,0.061,-0.639,0.031,-1.675,1.693,0.113,2.352,-0.057,0.613,2.255,3.134,0.234,0.016,0.647,0.923
2021-08-13,CTD3,4181698,695238,0.012934424,0.017820584,0.023678694,0.0114869,0.008405782,0.002456346,0.002452463,0.00100325,0.012849084,0.01796174,0.023378555,0.011373309,0.008744249,0.0023282901,0.08432538,-8.000000000000001e-45,2.78,-0.141,13.883,0.216,-30.941,0.359,-62.851,0.347,-44.824,0.476,-76.734,0.155,-31.91,0.159,0.117,-0.733,-0.26,-1.488,-0.722,-0.799,-0.377,-1.367,-0.881,-0.569,-0.756,-0.294,0.197,0.268,0.465,0.521,0.074,-0.614,0.021,-1.266,1.196,0.059,1.635,-0.038,0.597,1.59,2.172,0.29,0.013,0.706,0.912,-0.131,12.9,0.225,-32.251,0.345,-58.687,0.345,-45.151,0.456,-71.587,0.131,-26.436,0.147,0.113,-0.754,-0.282,-1.372,-0.667,-0.811,-0.395,-1.286,-0.814,-0.475,-0.618,-0.269,0.205,0.265,0.45,0.499,0.064,-0.532,-0.001,-1.094,1.205,-0.001,1.568,0.001,0.533,1.569,2.04,0.259,-0.0,0.71,0.924
2021-08-13,CTD4,4180266,698264,0.011711564,0.016284473,0.020023929,0.008169093,0.005476308,0.0016130958,0.0016263466,0.0006732691,0.011725547,0.016356353,0.019556643,0.008152318,0.0057479735,0.0015388678,0.00016116058,-8.000000000000001e-45,2.94,-0.103,11.468,0.332,-61.004,0.497,-121.197,0.42,-72.472,0.57,-132.665,0.197,-60.192,0.094,0.063,-1.222,-0.334,-2.427,-0.99,-1.18,-0.397,-2.16,-1.084,-0.98,-1.205,-0.274,0.318,0.383,0.545,0.595,0.074,-0.678,0.143,-1.663,1.72,0.522,2.566,-0.262,0.559,2.115,3.155,0.228,0.072,0.673,0.904,-0.089,10.005,0.335,-61.526,0.48,-112.836,0.412,-71.531,0.546,-122.841,0.173,-51.31,0.082,0.058,-1.203,-0.354,-2.207,-0.92,-1.17,-0.411,-2.009,-1.001,-0.839,-1.003,-0.23,0.324,0.383,0.516,0.563,0.067,-0.582,0.131,-1.396,1.712,0.447,2.429,-0.223,0.491,2.047,2.904,0.205,0.065,0.682,0.913
2021-08-13,CTD6,4176009,695829,0.011374751,0.015325685,0.021630097,0.0115162805,0.008195969,0.002453108,0.0024775648,0.0010314584,0.01136882,0.015480915,0.02144275,0.011394579,0.008726534,0.002352917,0.04627226,-8.000000000000001e-45,3.675,-0.171,19.018,0.142,-21.584,0.303,-56.761,0.305,-40.602,0.45,-75.779,0.168,-35.178,0.219,0.156,-0.467,-0.177,-1.228,-0.654,-0.622,-0.333,-1.161,-0.873,-0.539,-0.761,-0.32,0.128,0.215,0.43,0.5,0.09,-0.697,-0.003,-1.308,0.952,-0.008,1.337,0.006,0.7,1.343,1.888,0.373,-0.002,0.726,0.9,-0.161,17.96,0.152,-23.165,0.279,-49.997,0.306,-41.125,0.421,-67.957,0.133,-26.832,0.205,0.157,-0.497,-0.202,-1.072,-0.57,-0.637,-0.359,-1.052,-0.774,-0.415,-0.575,-0.296,0.135,0.206,0.415,0.473,0.072,-0.584,-0.044,-1.099,0.952,-0.108,1.243,0.079,0.619,1.318,1.721,0.329,-0.032,0.728,0.919
2021-08-13,CTD7,4176724,690397,0.013273736,0.021299971,0.03374234,0.015213502,0.010600575,0.0027976772,0.0028018332,0.0011292049,0.01316542,0.021327171,0.03389212,0.015301694,0.010830034,0.0026739503,0.10769296,-8.000000000000001e-45,4.25,-0.226,17.312,0.167,-18.783,0.335,-47.386,0.378,-36.095,0.522,-64.698,0.179,-28.603,0.263,0.184,-0.634,-0.199,-1.599,-0.721,-0.769,-0.383,-1.378,-0.984,-0.609,-0.965,-0.482,0.137,0.219,0.581,0.634,0.084,-0.804,-0.066,-1.783,1.086,-0.209,1.558,0.149,0.887,1.72,2.469,0.4,-0.047,0.663,0.906,-0.228,17.383,0.165,-18.464,0.326,-45.447,0.378,-35.847,0.516,-62.83,0.171,-26.984,0.266,0.188,-0.626,-0.2,-1.54,-0.695,-0.765,-0.388,-1.34,-0.961,-0.575,-0.915,-0.481,0.135,0.213,0.578,0.63,0.081,-0.784,-0.079,-1.736,1.074,-0.246,1.518,0.176,0.881,1.707,2.412,0.398,-0.056,0.663,0.909
2021-08-13,CTD8,4174178,693048,0.0,0.0,0.0,0.0,0.0,0.0,0.0,0.0,0.0,0.0,0.0,0.0,0.0,0.0,0.0,0.0,4.61,,,,,,,,,,,,,,,,,,,,,,,,,,,,,,,,,,,,,,,,,,,,,,,,,,,,,,,,,,,,,,,,,,,,,,,,,,,,,,,,,,,,,,,,
2021-08-13,CTD9,4171106,693183,0.010601452,0.015429938,0.0252065,0.012168885,0.010969688,0.0031715855,0.003190097,0.0012749009,0.010539836,0.015272063,0.02531735,0.012237355,0.010214223,0.003209299,0.46080577,-8.000000000000001e-45,0.84,-0.241,25.137,0.118,-17.368,0.169,-26.351,0.349,-42.504,0.394,-51.488,0.052,-8.983,0.306,0.276,-0.438,-0.191,-0.664,-0.321,-0.656,-0.466,-0.794,-0.627,-0.139,-0.226,-0.423,0.09,0.119,0.494,0.516,0.03,-0.497,-0.289,-1.03,0.833,-0.665,0.924,0.524,0.732,1.36,1.509,0.353,-0.228,0.679,0.968,-0.247,25.98,0.11,-16.238,0.198,-32.424,0.348,-42.218,0.425,-58.404,0.09,-16.186,0.318,0.265,-0.411,-0.166,-0.821,-0.397,-0.645,-0.431,-0.892,-0.715,-0.247,-0.41,-0.447,0.085,0.135,0.513,0.549,0.05,-0.595,-0.231,-1.231,0.845,-0.574,1.012,0.46,0.823,1.4,1.677,0.398,-0.185,0.678,0.946
2021-08-13,CTD10,4170388,695646,0.009168366,0.012210281,0.018528968,0.010012449,0.008110392,0.0024327051,0.0024297764,0.001002779,0.00916976,0.0121740755,0.018408963,0.009954662,0.008124707,0.0023021488,0.2881847,-8.000000000000001e-45,5.08,-0.206,27.929,0.099,-17.977,0.202,-41.4,0.298,-45.906,0.391,-69.329,0.105,-23.423,0.28,0.227,-0.333,-0.146,-0.767,-0.415,-0.561,-0.372,-0.847,-0.694,-0.286,-0.434,-0.349,0.083,0.144,0.419,0.469,0.062,-0.576,-0.151,-1.065,0.782,-0.345,0.965,0.283,0.707,1.186,1.465,0.382,-0.124,0.723,0.933,-0.204,27.82,0.1,-18.314,0.199,-40.94,0.298,-46.134,0.388,-68.76,0.101,-22.626,0.277,0.226,-0.337,-0.149,-0.754,-0.408,-0.562,-0.375,-0.837,-0.684,-0.275,-0.417,-0.345,0.084,0.143,0.416,0.465,0.06,-0.564,-0.155,-1.043,0.782,-0.351,0.958,0.287,0.696,1.182,1.448,0.376,-0.127,0.724,0.935
2021-08-13,CTD11,4169609,700351,0.0079587605,0.010377596,0.014909226,0.0081544025,0.0069609806,0.0020973282,0.0020634641,0.0008595064,0.0080100745,0.010359384,0.014770445,0.008085203,0.0070708985,0.0020527553,0.22433037,-8.000000000000001e-45,2.945,-0.179,29.289,0.12,-26.272,0.197,-47.296,0.293,-55.561,0.363,-76.585,0.079,-21.025,0.239,0.204,-0.392,-0.183,-0.705,-0.386,-0.577,-0.387,-0.795,-0.625,-0.218,-0.313,-0.3,0.102,0.148,0.39,0.429,0.047,-0.475,-0.158,-0.869,0.806,-0.338,0.944,0.265,0.583,1.158,1.356,0.319,-0.124,0.733,0.948,-0.176,28.828,0.123,-27.152,0.189,-44.894,0.292,-55.98,0.353,-73.722,0.067,-17.742,0.233,0.204,-0.401,-0.192,-0.663,-0.363,-0.58,-0.396,-0.764,-0.596,-0.184,-0.262,-0.291,0.104,0.144,0.384,0.417,0.04,-0.442,-0.173,-0.808,0.803,-0.362,0.918,0.282,0.551,1.144,1.308,0.302,-0.135,0.734,0.956
2021-08-13,CTD12,4173438,695414,0.010312034,0.01509882,0.022100067,0.010233428,0.008266379,0.002351833,0.0023966886,0.0009672082,0.010313054,0.014967115,0.02200897,0.0102445735,0.008116364,0.002296951,0.21194956,-8.000000000000001e-45,4.79,-0.188,20.982,0.192,-31.489,0.292,-54.742,0.367,-52.47,0.456,-75.723,0.106,-23.253,0.215,0.173,-0.696,-0.26,-1.21,-0.56,-0.792,-0.434,-1.143,-0.775,-0.351,-0.514,-0.378,0.16,0.211,0.508,0.546,0.053,-0.555,-0.125,-1.198,1.101,-0.333,1.363,0.226,0.656,1.612,1.996,0.304,-0.084,0.681,0.939,-0.19,21.377,0.187,-30.8,0.297,-56.395,0.365,-52.177,0.461,-77.772,0.116,-25.595,0.219,0.174,-0.678,-0.25,-1.241,-0.578,-0.781,-0.423,-1.164,-0.797,-0.383,-0.563,-0.384,0.157,0.212,0.51,0.551,0.058,-0.582,-0.112,-1.251,1.092,-0.304,1.379,0.208,0.678,1.606,2.027,0.316,-0.077,0.682,0.934
2021-11-11,CTD1,4187246,695025,0.008413473,0.012359304,0.018876344,0.0044247755,0.0037254263,0.0008384945,0.0008376495,0.00032305362,0.008425053,0.0121740755,0.019014394,0.0045914897,0.00341317,0.00091012014,0.25113004,-8.000000000000001e-45,1.08,-0.209,27.934,0.473,-145.089,0.537,-187.515,0.62,-173.024,0.67,-215.449,0.086,-42.425,0.124,0.104,-2.739,-0.541,-3.54,-0.83,-2.138,-0.645,-2.663,-0.953,-0.524,-0.801,-0.8,0.351,0.371,0.898,0.903,0.022,-0.533,-0.187,-2.274,2.596,-0.949,3.083,0.34,0.685,3.965,4.709,0.161,-0.067,0.537,0.97,-0.219,29.55,0.452,-135.652,0.562,-210.841,0.611,-165.203,0.696,-240.391,0.147,-75.189,0.136,0.101,-2.579,-0.463,-4.009,-0.968,-2.011,-0.564,-2.927,-1.104,-0.915,-1.43,-0.855,0.338,0.371,0.925,0.931,0.038,-0.705,-0.103,-2.919,2.472,-0.574,3.325,0.217,0.819,3.861,5.194,0.198,-0.039,0.538,0.95
2021-11-11,CTD2,4181518,693105,0.007319927,0.010468003,0.013938437,0.003405207,0.0027543097,0.0006748145,0.0006714988,0.00025946094,0.007337248,0.010375152,0.014046812,0.0035162636,0.0026379644,0.0006951913,0.26828203,-8.000000000000001e-45,1.435,-0.142,23.785,0.509,-198.139,0.583,-267.538,0.607,-221.924,0.67,-291.323,0.106,-69.399,0.081,0.066,-2.762,-0.546,-3.729,-0.911,-2.323,-0.611,-3.05,-0.992,-0.726,-0.967,-0.563,0.423,0.445,0.797,0.806,0.027,-0.485,-0.058,-1.986,2.877,-0.293,3.556,0.095,0.523,3.83,4.735,0.128,-0.019,0.568,0.962,-0.15,25.194,0.494,-188.009,0.595,-282.696,0.6,-213.202,0.684,-307.89,0.143,-94.687,0.089,0.066,-2.641,-0.496,-3.971,-0.994,-2.212,-0.562,-3.194,-1.083,-0.982,-1.33,-0.597,0.411,0.441,0.809,0.821,0.036,-0.594,-0.012,-2.374,2.763,-0.062,3.683,0.021,0.604,3.741,4.986,0.151,-0.004,0.569,0.95
2021-11-11,CTD3,4181698,695238,0.006252684,0.009031634,0.011391892,0.001992653,0.0014680541,0.00034551873,0.00034207292,0.00013116974,0.006244556,0.008948169,0.011364695,0.0020119525,0.0014027611,0.000361927,0.18201955,-2.878e-42,1.125,-0.116,22.94,0.638,-391.122,0.72,-570.452,0.702,-414.062,0.772,-593.392,0.152,-179.33,0.046,0.034,-4.456,-0.574,-6.499,-1.137,-3.74,-0.608,-5.359,-1.182,-1.62,-2.043,-0.682,0.547,0.565,0.895,0.9,0.026,-0.565,0.056,-3.227,4.404,0.435,5.977,-0.096,0.525,5.554,7.539,0.092,0.012,0.54,0.961,-0.119,23.763,0.633,-385.275,0.729,-601.125,0.699,-409.038,0.78,-624.888,0.178,-215.85,0.048,0.033,-4.379,-0.54,-6.832,-1.209,-3.66,-0.574,-5.592,-1.257,-1.931,-2.453,-0.708,0.543,0.564,0.904,0.909,0.03,-0.647,0.09,-3.654,4.324,0.73,6.202,-0.164,0.573,5.492,7.877,0.101,0.02,0.54,0.954
2021-11-11,CTD4,4180266,698264,0.008625657,0.0129221575,0.017316708,0.004167024,0.0031295866,0.00075535174,0.00075360184,0.00030155136,0.008635413,0.012759687,0.01740377,0.0043286677,0.0030044783,0.000767667,0.22974178,-8.000000000000001e-45,0.67,-0.145,19.639,0.512,-162.593,0.61,-242.145,0.612,-182.232,0.694,-261.783,0.142,-79.552,0.082,0.061,-2.816,-0.509,-4.193,-1.009,-2.355,-0.57,-3.383,-1.091,-1.028,-1.378,-0.602,0.428,0.456,0.819,0.83,0.034,-0.585,-0.005,-2.432,2.92,-0.027,3.888,0.009,0.589,3.913,5.211,0.142,-0.002,0.565,0.952,-0.154,20.913,0.493,-152.646,0.619,-254.465,0.602,-173.559,0.706,-275.378,0.181,-101.819,0.091,0.063,-2.657,-0.459,-4.429,-1.101,-2.215,-0.521,-3.514,-1.192,-1.299,-1.772,-0.633,0.413,0.449,0.829,0.843,0.044,-0.708,0.039,-2.845,2.775,0.226,3.998,-0.077,0.67,3.785,5.453,0.167,0.013,0.567,0.939
2021-11-11,CTD6,4176009,695829,0.0076456545,0.0121323895,0.01764133,0.004026189,0.0028993608,0.00067330786,0.0006562489,0.00025905392,0.007662748,0.012094819,0.017650442,0.0041567464,0.0028344388,0.0006934988,0.20854877,-8.000000000000001e-45,1.215,-0.185,25.739,0.502,-165.95,0.614,-262.48,0.628,-191.689,0.718,-288.219,0.163,-96.53,0.104,0.075,-2.928,-0.481,-4.63,-1.057,-2.326,-0.556,-3.497,-1.16,-1.171,-1.703,-0.795,0.395,0.426,0.906,0.912,0.038,-0.701,-0.032,-3.071,2.849,-0.197,3.956,0.065,0.734,4.143,5.753,0.168,-0.011,0.543,0.948,-0.187,26.024,0.488,-157.893,0.62,-270.123,0.619,-183.917,0.723,-296.148,0.189,-112.231,0.108,0.074,-2.787,-0.448,-4.768,-1.123,-2.224,-0.521,-3.582,-1.231,-1.357,-1.981,-0.795,0.388,0.425,0.904,0.912,0.044,-0.781,0.003,-3.317,2.749,0.021,4.032,-0.007,0.777,4.012,5.883,0.183,0.001,0.546,0.939
2021-11-11,CTD7,4176724,690397,0.014061107,0.022439102,0.036159955,0.010372201,0.0077952603,0.0018423897,0.0018150504,0.00069889985,0.013993141,0.022343935,0.036379002,0.010749669,0.0075340043,0.0018329615,0.20153594,-8.000000000000001e-45,1.73,-0.234,16.91,0.368,-51.846,0.484,-83.718,0.554,-68.757,0.645,-100.628,0.142,-31.872,0.175,0.132,-1.875,-0.404,-3.027,-0.868,-1.543,-0.536,-2.258,-1.044,-0.715,-1.152,-0.755,0.275,0.315,0.853,0.864,0.044,-0.71,-0.131,-2.475,1.948,-0.608,2.592,0.281,0.86,3.139,4.176,0.247,-0.061,0.56,0.945,-0.239,17.266,0.35,-48.271,0.496,-87.977,0.544,-65.538,0.657,-105.243,0.176,-39.705,0.186,0.13,-1.756,-0.364,-3.201,-0.946,-1.464,-0.494,-2.352,-1.131,-0.887,-1.444,-0.768,0.264,0.314,0.858,0.872,0.055,-0.813,-0.087,-2.75,1.871,-0.418,2.67,0.201,0.927,3.047,4.348,0.274,-0.042,0.564,0.932
2021-11-11,CTD8,4174178,693048,0.01086267,0.017087452,0.027402807,0.008943911,0.006599515,0.0016082922,0.0016034411,0.0006344422,0.010834058,0.01698995,0.02752932,0.009214247,0.006490523,0.001612677,0.20214216,-8.000000000000001e-45,0.92,-0.232,22.03,0.313,-53.285,0.443,-93.004,0.508,-75.315,0.612,-115.034,0.151,-39.718,0.197,0.145,-1.46,-0.352,-2.549,-0.832,-1.287,-0.497,-1.966,-1.029,-0.679,-1.088,-0.664,0.239,0.289,0.779,0.799,0.053,-0.732,-0.114,-2.242,1.67,-0.475,2.263,0.248,0.866,2.678,3.629,0.283,-0.06,0.585,0.935,-0.237,22.533,0.297,-49.669,0.447,-95.212,0.498,-72.203,0.618,-117.746,0.173,-45.543,0.208,0.146,-1.367,-0.322,-2.621,-0.877,-1.227,-0.469,-2.0,-1.085,-0.774,-1.254,-0.671,0.229,0.286,0.78,0.803,0.061,-0.802,-0.087,-2.398,1.608,-0.37,2.283,0.201,0.916,2.606,3.699,0.307,-0.047,0.589,0.926
2021-11-11,CTD9,4171106,693183,0.017954769,0.025452225,0.03784635,0.015235678,0.013117664,0.0035507954,0.003501,0.0013738155,0.017653286,0.02516602,0.038092803,0.01527958,0.012131078,0.0034734593,0.38544947,-8.000000000000001e-45,0.75,-0.196,12.867,0.251,-26.346,0.32,-36.944,0.426,-39.213,0.485,-49.81,0.075,-10.598,0.196,0.169,-0.997,-0.346,-1.398,-0.563,-0.998,-0.514,-1.268,-0.759,-0.27,-0.401,-0.437,0.2,0.232,0.586,0.608,0.033,-0.489,-0.188,-1.215,1.324,-0.544,1.538,0.325,0.626,1.969,2.287,0.252,-0.113,0.643,0.96,-0.204,13.484,0.244,-25.711,0.349,-42.697,0.427,-39.195,0.517,-56.181,0.115,-16.986,0.206,0.164,-0.979,-0.312,-1.626,-0.652,-0.986,-0.475,-1.414,-0.858,-0.427,-0.647,-0.472,0.197,0.244,0.612,0.642,0.05,-0.599,-0.133,-1.493,1.329,-0.419,1.673,0.254,0.72,2.011,2.533,0.289,-0.081,0.639,0.941
2021-11-11,CTD10,4170388,695646,0.010807694,0.01733238,0.022239296,0.004957458,0.0041821445,0.0009194816,0.00091261783,0.00034610985,0.010812834,0.0173206,0.02236569,0.0051796366,0.0038178621,0.0009841868,0.17090808,-8.000000000000001e-45,1.115,-0.124,12.73,0.555,-144.021,0.611,-181.416,0.635,-156.751,0.683,-194.146,0.085,-37.395,0.063,0.053,-3.203,-0.602,-4.035,-0.899,-2.717,-0.656,-3.365,-0.962,-0.648,-0.832,-0.537,0.468,0.484,0.803,0.81,0.02,-0.406,-0.064,-1.821,3.308,-0.342,3.921,0.098,0.44,4.245,5.032,0.098,-0.018,0.563,0.971,-0.127,13.023,0.54,-135.329,0.639,-204.192,0.624,-148.352,0.708,-217.215,0.151,-68.863,0.067,0.05,-3.027,-0.517,-4.567,-1.058,-2.57,-0.566,-3.762,-1.125,-1.193,-1.54,-0.561,0.464,0.49,0.813,0.824,0.034,-0.582,0.037,-2.514,3.173,0.219,4.305,-0.065,0.554,4.098,5.559,0.128,0.011,0.567,0.951
2021-11-11,CTD11,4169609,700351,0.006810535,0.010859955,0.015354518,0.003724694,0.0025710773,0.0006131348,0.0006021889,0.00023873911,0.006816662,0.010798961,0.015352808,0.003813923,0.002573281,0.000623785,0.12998661,-8.000000000000001e-45,0.595,-0.171,26.954,0.489,-176.397,0.617,-296.861,0.61,-203.351,0.713,-323.815,0.183,-120.464,0.1,0.069,-2.708,-0.454,-4.558,-1.106,-2.208,-0.523,-3.517,-1.206,-1.308,-1.85,-0.714,0.398,0.434,0.866,0.876,0.044,-0.741,0.017,-3.056,2.748,0.102,3.981,-0.035,0.724,3.886,5.629,0.176,0.006,0.556,0.94,-0.174,27.467,0.478,-169.596,0.615,-296.007,0.602,-197.063,0.713,-323.474,0.194,-126.412,0.105,0.071,-2.604,-0.436,-4.545,-1.129,-2.128,-0.507,-3.493,-1.234,-1.365,-1.941,-0.713,0.39,0.429,0.863,0.875,0.047,-0.779,0.029,-3.135,2.664,0.171,3.948,-0.06,0.747,3.787,5.613,0.186,0.01,0.559,0.935
2021-11-11,CTD12,4173438,695414,0.0058958274,0.009340766,0.014767037,0.0030242135,0.0021989038,0.00051421614,0.0004949059,0.00019473175,0.005903941,0.009223372,0.014804136,0.0030439883,0.0021047744,0.00052954216,0.17939653,-2.878e-42,1.035,-0.225,39.339,0.511,-223.607,0.619,-347.714,0.66,-262.946,0.741,-387.054,0.158,-124.108,0.119,0.087,-3.302,-0.492,-5.135,-1.052,-2.456,-0.578,-3.615,-1.171,-1.159,-1.833,-1.039,0.372,0.401,1.018,1.016,0.034,-0.743,-0.095,-3.627,2.94,-0.635,4.043,0.206,0.854,4.648,6.392,0.175,-0.031,0.513,0.954,-0.232,40.872,0.504,-220.096,0.628,-366.69,0.659,-260.968,0.751,-407.562,0.182,-146.594,0.124,0.086,-3.258,-0.463,-5.429,-1.116,-2.407,-0.549,-3.759,-1.241,-1.352,-2.17,-1.084,0.365,0.399,1.038,1.035,0.039,-0.823,-0.068,-4.004,2.888,-0.481,4.177,0.159,0.914,4.635,6.704,0.188,-0.023,0.511,0.947
2021-12-01,CTD1,4187246,695025,0.0056717424,0.007817073,0.012510308,0.0028834403,0.003173592,0.00072663586,0.00073241926,0.00028106294,0.005718036,0.0076083746,0.012647084,0.0030739394,0.0026880475,0.000804731,0.5491808,-2.878e-42,0.465,-0.231,47.991,0.461,-218.883,0.422,-187.175,0.625,-266.874,0.595,-235.166,-0.048,31.708,0.138,0.152,-2.738,-0.695,-2.342,-0.54,-2.086,-0.847,-1.838,-0.678,0.248,0.397,-0.775,0.315,0.302,0.876,0.873,-0.014,-0.284,-0.476,-1.231,2.457,-1.876,2.233,0.692,0.5,3.933,3.573,0.115,-0.175,0.526,1.019,-0.249,52.365,0.424,-193.881,0.478,-240.583,0.609,-246.246,0.649,-292.948,0.067,-46.702,0.161,0.141,-2.452,-0.521,-3.043,-0.74,-1.874,-0.662,-2.229,-0.901,-0.355,-0.591,-0.874,0.296,0.313,0.93,0.932,0.019,-0.542,-0.273,-2.23,2.263,-1.284,2.587,0.519,0.788,3.761,4.301,0.191,-0.11,0.527,0.975
2021-12-01,CTD2,4181518,693105,0.004917138,0.006203405,0.0067942133,0.0013750723,0.0011318518,0.0002660967,0.00026291318,9.98937e-05,0.0049408823,0.006190624,0.0067837434,0.0014444479,0.0010611026,0.00028687823,0.34515956,-2.878e-42,0.625,-0.045,14.018,0.637,-566.033,0.691,-722.306,0.663,-580.05,0.714,-736.324,0.097,-156.273,0.019,0.016,-3.846,-0.641,-4.908,-0.993,-3.598,-0.657,-4.568,-1.012,-0.969,-1.062,-0.236,0.609,0.621,0.739,0.747,0.019,-0.302,0.09,-1.491,4.345,0.54,5.278,-0.12,0.272,4.759,5.781,0.055,0.02,0.583,0.97,-0.046,14.123,0.622,-530.771,0.707,-780.881,0.649,-544.895,0.729,-795.005,0.153,-250.11,0.02,0.015,-3.601,-0.563,-5.297,-1.128,-3.373,-0.578,-4.922,-1.148,-1.548,-1.697,-0.237,0.605,0.623,0.736,0.75,0.03,-0.449,0.178,-2.107,4.129,1.138,5.621,-0.265,0.361,4.525,6.16,0.077,0.042,0.588,0.953
2021-12-01,CTD3,4181698,695238,0.008805495,0.010626483,0.015243183,0.0048521566,0.004469549,0.0012504178,0.0012065731,0.00049542147,0.00886045,0.010476557,0.015422676,0.0049755154,0.004441451,0.0012231066,0.53291196,-8.000000000000001e-45,0.545,-0.178,28.501,0.373,-111.989,0.408,-129.632,0.517,-140.491,0.547,-158.133,0.041,-17.642,0.138,0.127,-1.707,-0.501,-1.976,-0.629,-1.493,-0.628,-1.68,-0.767,-0.187,-0.269,-0.495,0.293,0.306,0.688,0.696,0.015,-0.388,-0.224,-1.22,1.897,-0.764,2.059,0.349,0.513,2.721,2.954,0.163,-0.102,0.598,0.981,-0.191,30.612,0.356,-105.533,0.405,-129.7,0.512,-136.145,0.553,-160.312,0.057,-24.167,0.152,0.136,-1.628,-0.469,-2.0,-0.645,-1.426,-0.605,-1.68,-0.798,-0.253,-0.373,-0.525,0.277,0.296,0.7,0.711,0.021,-0.441,-0.213,-1.367,1.818,-0.741,2.036,0.352,0.579,2.676,2.998,0.187,-0.101,0.597,0.974
2021-12-01,CTD4,4180266,698264,0.0076909736,0.010947541,0.013544763,0.0029505023,0.002433567,0.00057612517,0.00056238484,0.0002166394,0.007720108,0.01073056,0.013639201,0.0030685689,0.002316157,0.0006184967,0.30513978,-2.878e-42,0.655,-0.106,17.515,0.575,-247.581,0.636,-319.575,0.642,-265.096,0.695,-337.09,0.096,-71.994,0.052,0.043,-3.353,-0.603,-4.329,-0.943,-2.902,-0.645,-3.69,-0.995,-0.788,-0.975,-0.482,0.5,0.516,0.792,0.799,0.021,-0.404,-0.017,-1.855,3.531,-0.092,4.281,0.025,0.412,4.368,5.296,0.09,-0.004,0.567,0.969,-0.119,19.874,0.555,-232.693,0.645,-338.558,0.633,-252.567,0.71,-358.432,0.14,-105.865,0.061,0.046,-3.174,-0.539,-4.618,-1.039,-2.71,-0.585,-3.846,-1.1,-1.136,-1.444,-0.54,0.48,0.504,0.81,0.821,0.031,-0.538,0.032,-2.392,3.327,0.188,4.408,-0.054,0.516,4.229,5.603,0.116,0.009,0.566,0.955
2021-12-01,CTD6,4176009,695829,0.009748316,0.015320491,0.02207816,0.004507234,0.0032921066,0.0007588189,0.0007375056,0.00028593818,0.009741925,0.015259082,0.022186734,0.0046965964,0.003222978,0.00079562445,0.17121944,-8.000000000000001e-45,1.26,-0.181,19.978,0.545,-156.594,0.646,-238.485,0.661,-176.572,0.74,-258.463,0.156,-81.891,0.09,0.066,-3.457,-0.516,-5.265,-1.075,-2.705,-0.581,-3.96,-1.165,-1.255,-1.808,-0.866,0.426,0.452,0.944,0.947,0.032,-0.675,-0.036,-3.307,3.25,-0.245,4.45,0.072,0.711,4.684,6.412,0.145,-0.011,0.53,0.954,-0.185,20.463,0.529,-147.385,0.651,-244.737,0.651,-167.848,0.746,-265.2,0.186,-97.352,0.096,0.066,-3.27,-0.475,-5.43,-1.149,-2.561,-0.541,-4.047,-1.246,-1.486,-2.16,-0.875,0.416,0.448,0.946,0.95,0.039,-0.769,0.002,-3.635,3.104,0.01,4.523,-0.003,0.768,4.513,6.576,0.163,0.0,0.533,0.945
2021-12-01,CTD7,4176724,690397,0.012034207,0.019683907,0.029774893,0.006347144,0.0042496463,0.001020375,0.00094538514,0.00037631605,0.012044495,0.019750688,0.029950028,0.0064634667,0.0042143483,0.0010141111,0.143217,-8.000000000000001e-45,0.685,-0.204,17.218,0.512,-106.748,0.645,-184.511,0.649,-123.966,0.75,-201.728,0.198,-77.763,0.109,0.073,-3.178,-0.454,-5.494,-1.171,-2.44,-0.527,-3.971,-1.28,-1.531,-2.315,-0.952,0.392,0.427,0.979,0.981,0.042,-0.832,-0.008,-3.905,2.958,-0.059,4.419,0.019,0.843,4.475,6.684,0.18,-0.003,0.526,0.942,-0.205,17.242,0.507,-104.085,0.648,-186.653,0.645,-121.327,0.753,-203.896,0.211,-82.569,0.111,0.073,-3.117,-0.439,-5.59,-1.206,-2.396,-0.511,-4.027,-1.318,-1.631,-2.473,-0.955,0.389,0.427,0.98,0.982,0.045,-0.874,0.007,-4.051,2.915,0.053,4.471,-0.017,0.864,4.42,6.779,0.187,0.002,0.527,0.938
2021-12-01,CTD8,4174178,693048,0.009873626,0.015294548,0.021788072,0.004469532,0.003359338,0.00076376344,0.0007420623,0.000282075,0.009887942,0.015224507,0.021845935,0.0046640136,0.0032387306,0.00078470435,0.16670616,-8.000000000000001e-45,0.885,-0.175,19.486,0.548,-158.354,0.64,-232.295,0.66,-177.84,0.733,-251.781,0.142,-73.941,0.087,0.065,-3.45,-0.532,-5.061,-1.038,-2.72,-0.597,-3.851,-1.125,-1.131,-1.611,-0.829,0.43,0.455,0.928,0.932,0.03,-0.629,-0.05,-3.064,3.268,-0.322,4.348,0.094,0.673,4.655,6.194,0.138,-0.015,0.533,0.958,-0.179,19.908,0.531,-148.724,0.649,-243.079,0.648,-168.633,0.742,-262.988,0.18,-94.355,0.093,0.064,-3.249,-0.482,-5.31,-1.134,-2.567,-0.546,-4.004,-1.227,-1.437,-2.061,-0.838,0.421,0.452,0.931,0.936,0.038,-0.743,0.002,-3.481,3.116,0.017,4.487,-0.005,0.741,4.471,6.439,0.158,0.001,0.537,0.946
2021-12-01,CTD9,4171106,693183,0.016613487,0.02209517,0.03399167,0.015509905,0.015133672,0.004325385,0.004144657,0.0016647476,0.016258681,0.022089655,0.034102555,0.015902817,0.013924179,0.004201355,0.3044303,-8.000000000000001e-45,0.53,-0.212,15.84,0.175,-19.216,0.187,-20.819,0.373,-35.056,0.384,-36.659,0.012,-1.603,0.246,0.24,-0.653,-0.291,-0.708,-0.323,-0.775,-0.531,-0.81,-0.569,-0.035,-0.054,-0.388,0.134,0.141,0.496,0.501,0.007,-0.375,-0.326,-0.822,0.979,-0.732,1.004,0.514,0.563,1.507,1.544,0.257,-0.229,0.67,0.992,-0.214,15.947,0.163,-17.612,0.227,-26.547,0.364,-33.559,0.42,-42.494,0.066,-8.936,0.254,0.222,-0.601,-0.245,-0.905,-0.422,-0.741,-0.467,-0.939,-0.676,-0.197,-0.305,-0.403,0.129,0.163,0.505,0.531,0.035,-0.494,-0.228,-1.06,0.981,-0.558,1.12,0.402,0.668,1.514,1.729,0.312,-0.164,0.676,0.96
2021-12-01,CTD10,4170388,695646,0.016377324,0.02426767,0.039179772,0.01258002,0.009175027,0.002209092,0.0021981772,0.00085433153,0.0161739,0.024146507,0.039541524,0.012907164,0.009339101,0.0021562646,0.21617629,-8.000000000000001e-45,1.88,-0.235,15.684,0.317,-38.284,0.451,-67.784,0.514,-53.968,0.621,-83.468,0.157,-29.5,0.197,0.144,-1.5,-0.351,-2.656,-0.853,-1.31,-0.495,-2.026,-1.05,-0.716,-1.156,-0.685,0.242,0.292,0.795,0.814,0.054,-0.752,-0.11,-2.341,1.695,-0.469,2.324,0.243,0.885,2.736,3.752,0.284,-0.057,0.581,0.934,-0.242,16.124,0.303,-36.062,0.442,-65.663,0.508,-52.186,0.618,-81.787,0.16,-29.6,0.208,0.151,-1.426,-0.337,-2.596,-0.848,-1.26,-0.487,-1.975,-1.056,-0.715,-1.17,-0.692,0.23,0.282,0.795,0.815,0.056,-0.771,-0.113,-2.363,1.635,-0.478,2.259,0.256,0.914,2.677,3.699,0.298,-0.06,0.582,0.932
2021-12-01,CTD11,4169609,700351,0.014128418,0.020407753,0.027251022,0.008799479,0.006240848,0.0015953333,0.0015401086,0.0006191628,0.014106914,0.020507246,0.027147781,0.009001236,0.0062438413,0.0015577932,0.14730461,-8.000000000000001e-45,0.66,-0.144,12.305,0.397,-64.642,0.532,-111.234,0.512,-76.947,0.627,-123.539,0.17,-46.592,0.108,0.077,-1.762,-0.403,-3.031,-0.979,-1.57,-0.48,-2.521,-1.087,-0.951,-1.27,-0.455,0.347,0.393,0.692,0.719,0.054,-0.661,0.04,-2.047,2.09,0.173,2.947,-0.075,0.626,2.791,3.935,0.202,0.017,0.613,0.929,-0.139,11.928,0.39,-62.333,0.533,-111.395,0.502,-74.26,0.626,-123.322,0.181,-49.062,0.107,0.074,-1.692,-0.389,-3.024,-1.003,-1.523,-0.464,-2.529,-1.11,-1.006,-1.332,-0.436,0.345,0.395,0.678,0.708,0.058,-0.686,0.062,-2.07,2.048,0.268,2.953,-0.118,0.63,2.712,3.909,0.209,0.027,0.619,0.924
2021-12-01,CTD12,4173438,695414,0.009429811,0.014630418,0.018333336,0.0036577438,0.0024943259,0.0006014247,0.00057963806,0.0002297544,0.0094169825,0.014392047,0.018632531,0.0037267841,0.0025092452,0.0006122609,0.23681696,-2.878e-42,0.885,-0.112,13.805,0.6,-205.042,0.709,-332.559,0.667,-218.847,0.76,-346.364,0.189,-127.517,0.05,0.034,-3.759,-0.511,-6.097,-1.216,-3.202,-0.546,-5.067,-1.267,-1.866,-2.338,-0.602,0.527,0.552,0.857,0.866,0.035,-0.668,0.116,-3.35,3.864,0.853,5.666,-0.213,0.571,4.842,7.1,0.114,0.029,0.555,0.947,-0.128,15.813,0.589,-198.845,0.703,-329.043,0.667,-214.658,0.763,-344.857,0.195,-130.198,0.059,0.04,-3.705,-0.499,-6.131,-1.226,-3.089,-0.539,-4.963,-1.285,-1.874,-2.426,-0.68,0.504,0.531,0.882,0.89,0.037,-0.713,0.099,-3.564,3.727,0.736,5.536,-0.191,0.621,4.825,7.167,0.124,0.026,0.549,0.946
2022-02-24,CTD1,4187246,695025,0.004682516,0.006872854,0.012327406,0.0032167924,0.003247367,0.0007419536,0.0007600398,0.0002955199,0.0047068535,0.0067177434,0.012502193,0.0033786194,0.002776417,0.00081925094,0.54678786,-2.8899999999999995e-42,0.335,-0.284,64.38,0.362,-165.369,0.358,-162.442,0.586,-229.749,0.583,-226.822,-0.005,2.927,0.207,0.209,-2.039,-0.537,-2.002,-0.523,-1.579,-0.746,-1.559,-0.73,0.02,0.036,-0.844,0.235,0.233,0.9,0.9,-0.002,-0.433,-0.452,-1.66,1.873,-1.716,1.855,0.803,0.784,3.36,3.328,0.205,-0.212,0.525,1.002,-0.301,68.874,0.331,-147.119,0.415,-211.317,0.575,-215.993,0.637,-280.19,0.098,-64.198,0.233,0.191,-1.839,-0.408,-2.642,-0.714,-1.451,-0.6,-1.882,-0.947,-0.431,-0.803,-0.94,0.219,0.248,0.961,0.963,0.031,-0.68,-0.284,-2.515,1.766,-1.281,2.149,0.644,1.039,3.287,4.0,0.281,-0.143,0.525,0.962
2022-02-24,CTD2,4181518,693105,0.00474957,0.0069057276,0.009175261,0.0015916576,0.0012163359,0.00027713727,0.00027812403,0.00010630236,0.004730357,0.0068441997,0.009231489,0.0016100982,0.0011284288,0.00029108571,0.18953438,-2.8899999999999995e-42,0.32,-0.141,35.819,0.625,-483.468,0.7,-677.334,0.704,-519.287,0.766,-713.153,0.134,-193.865,0.057,0.044,-4.436,-0.588,-6.215,-1.078,-3.586,-0.632,-4.925,-1.135,-1.339,-1.779,-0.808,0.511,0.528,0.934,0.937,0.023,-0.556,-0.012,-3.205,4.206,-0.087,5.504,0.02,0.564,5.588,7.313,0.098,-0.003,0.528,0.965,-0.149,37.784,0.619,-474.971,0.717,-740.079,0.703,-512.755,0.782,-777.863,0.176,-265.108,0.061,0.043,-4.385,-0.536,-6.832,-1.192,-3.509,-0.579,-5.324,-1.252,-1.814,-2.447,-0.872,0.505,0.527,0.956,0.958,0.03,-0.685,0.041,-3.93,4.129,0.332,5.891,-0.078,0.648,5.569,7.946,0.113,0.01,0.526,0.956
2022-02-24,CTD3,4181698,695238,0.004547759,0.0067048077,0.009673596,0.0018185508,0.0014173285,0.0003306272,0.00033217692,0.00012590733,0.004521441,0.0066039623,0.009767386,0.0018657234,0.0013510128,0.00035503547,0.30656323,-2.878e-42,0.525,-0.181,45.773,0.573,-400.742,0.651,-556.406,0.684,-446.514,0.744,-602.179,0.124,-155.664,0.083,0.065,-3.877,-0.568,-5.382,-1.012,-2.994,-0.633,-4.037,-1.095,-1.044,-1.506,-0.917,0.441,0.46,0.967,0.969,0.024,-0.59,-0.086,-3.138,3.54,-0.589,4.543,0.16,0.663,5.108,6.554,0.125,-0.023,0.52,0.965,-0.193,49.043,0.559,-384.561,0.66,-588.761,0.679,-433.604,0.757,-637.804,0.16,-204.2,0.092,0.066,-3.756,-0.52,-5.751,-1.098,-2.864,-0.586,-4.212,-1.19,-1.349,-1.995,-0.983,0.426,0.452,0.993,0.994,0.031,-0.705,-0.048,-3.69,3.401,-0.347,4.697,0.098,0.755,5.031,6.947,0.144,-0.014,0.517,0.956
2022-02-24,CTD4,4180266,698264,0.0068769595,0.010104657,0.013697203,0.003367529,0.0024079566,0.0005857452,0.00059143186,0.00023590826,0.006891364,0.010020768,0.0135678975,0.0034202926,0.0023618604,0.00061499665,0.25024033,-2e-44,0.27,-0.151,25.957,0.5,-197.989,0.615,-316.326,0.605,-223.946,0.701,-342.282,0.166,-118.336,0.087,0.063,-2.712,-0.477,-4.333,-1.065,-2.263,-0.539,-3.459,-1.153,-1.196,-1.621,-0.622,0.418,0.451,0.826,0.838,0.04,-0.661,0.023,-2.688,2.825,0.129,3.951,-0.043,0.64,3.829,5.355,0.157,0.008,0.566,0.944,-0.15,26.089,0.491,-192.58,0.619,-323.602,0.597,-218.669,0.703,-349.692,0.183,-131.022,0.089,0.062,-2.613,-0.455,-4.391,-1.107,-2.191,-0.516,-3.504,-1.196,-1.313,-1.778,-0.613,0.414,0.451,0.82,0.834,0.045,-0.71,0.048,-2.815,2.756,0.276,3.991,-0.094,0.663,3.731,5.403,0.167,0.016,0.57,0.938
2022-02-24,CTD6,4176009,695829,0.00999057,0.015524376,0.023153586,0.004018238,0.0028718715,0.00067130534,0.000683542,0.00026555575,0.009990048,0.015411057,0.023299877,0.004122014,0.0027963265,0.00069575646,0.1824602,-8.000000000000001e-45,0.435,-0.197,21.225,0.589,-184.45,0.688,-283.79,0.704,-205.675,0.779,-305.015,0.166,-99.34,0.085,0.061,-4.271,-0.53,-6.571,-1.14,-3.193,-0.591,-4.735,-1.226,-1.542,-2.3,-1.107,0.442,0.466,1.04,1.038,0.03,-0.729,-0.044,-4.199,3.739,-0.356,5.232,0.092,0.777,5.577,7.803,0.135,-0.011,0.505,0.958,-0.204,21.97,0.578,-177.711,0.693,-292.724,0.699,-199.681,0.786,-314.693,0.192,-115.012,0.091,0.061,-4.141,-0.497,-6.82,-1.207,-3.077,-0.558,-4.85,-1.297,-1.772,-2.68,-1.14,0.433,0.46,1.053,1.05,0.034,-0.813,-0.017,-4.594,3.619,-0.141,5.334,0.038,0.834,5.471,8.065,0.147,-0.005,0.505,0.952
2022-02-24,CTD7,4176724,690397,0.035029046,0.054989334,0.0717958,0.01659491,0.009852606,0.002482412,0.0024062458,0.0009827465,0.035443064,0.05331309,0.07195515,0.016839867,0.010528909,0.0022548758,0.023633907,-8.000000000000001e-45,0.695,-0.133,4.257,0.536,-42.074,0.696,-83.311,0.625,-46.331,0.759,-87.568,0.255,-41.237,0.071,0.042,-3.021,-0.415,-5.981,-1.383,-2.548,-0.456,-4.815,-1.453,-2.268,-2.961,-0.635,0.47,0.511,0.851,0.865,0.053,-0.918,0.172,-3.973,3.176,1.255,5.35,-0.379,0.712,4.147,6.985,0.165,0.052,0.565,0.924,-0.149,4.86,0.52,-40.626,0.67,-76.219,0.621,-45.485,0.745,-81.079,0.231,-35.594,0.082,0.051,-2.923,-0.428,-5.484,-1.284,-2.425,-0.479,-4.323,-1.365,-1.898,-2.561,-0.681,0.442,0.482,0.863,0.876,0.05,-0.858,0.116,-3.668,3.02,0.791,4.829,-0.25,0.724,4.075,6.518,0.17,0.037,0.56,0.929
2022-02-24,CTD8,4174178,693048,0.011359334,0.018490462,0.024697995,0.0039449213,0.0028436868,0.0006675701,0.0006594634,0.0002550262,0.011343657,0.01843006,0.024877349,0.004059073,0.002751469,0.00069575646,0.13159421,-2.878e-42,0.2,-0.144,13.593,0.648,-199.409,0.733,-297.574,0.725,-213.001,0.793,-311.167,0.162,-98.166,0.054,0.039,-4.925,-0.567,-7.349,-1.174,-3.938,-0.606,-5.754,-1.228,-1.815,-2.424,-0.914,0.528,0.546,0.973,0.974,0.025,-0.639,0.028,-3.998,4.572,0.242,6.343,-0.052,0.615,6.107,8.472,0.098,0.006,0.519,0.962,-0.149,14.062,0.639,-192.102,0.74,-309.183,0.719,-206.164,0.801,-323.245,0.192,-117.081,0.057,0.039,-4.779,-0.529,-7.692,-1.255,-3.8,-0.567,-5.957,-1.312,-2.158,-2.913,-0.947,0.52,0.542,0.983,0.984,0.03,-0.734,0.063,-4.501,4.43,0.569,6.535,-0.125,0.672,5.98,8.821,0.11,0.014,0.519,0.955
2022-02-24,CTD9,4171106,693183,0.013970275,0.022251561,0.039044645,0.017913762,0.015888417,0.004241423,0.0041838074,0.0016687379,0.013814605,0.022258965,0.039350472,0.018354876,0.015032057,0.0042693587,0.38195574,-2e-44,0.7,-0.274,19.329,0.108,-10.882,0.167,-17.998,0.371,-30.211,0.422,-37.327,0.06,-7.116,0.346,0.307,-0.425,-0.173,-0.703,-0.322,-0.672,-0.48,-0.831,-0.669,-0.158,-0.278,-0.497,0.079,0.112,0.554,0.577,0.033,-0.558,-0.317,-1.215,0.835,-0.779,0.942,0.627,0.868,1.466,1.652,0.398,-0.255,0.655,0.964,-0.277,19.513,0.096,-9.556,0.194,-21.599,0.364,-29.069,0.447,-41.112,0.1,-12.043,0.358,0.293,-0.376,-0.144,-0.85,-0.396,-0.647,-0.437,-0.915,-0.755,-0.268,-0.474,-0.512,0.072,0.125,0.563,0.599,0.054,-0.655,-0.253,-1.405,0.831,-0.663,1.014,0.547,0.949,1.469,1.793,0.443,-0.209,0.659,0.942
2022-02-24,CTD10,4170388,695646,0.0097091,0.015907966,0.024064088,0.0052767,0.0039675855,0.00090793,0.0009100685,0.00035724114,0.009702909,0.015793832,0.024192063,0.00550436,0.0038421117,0.0009504849,0.19450979,-2e-44,0.39,-0.204,21.306,0.502,-126.651,0.601,-189.181,0.64,-147.957,0.717,-210.487,0.142,-62.53,0.112,0.085,-3.048,-0.502,-4.552,-0.998,-2.354,-0.587,-3.348,-1.111,-0.995,-1.505,-0.882,0.379,0.407,0.945,0.949,0.033,-0.669,-0.091,-3.05,2.85,-0.551,3.79,0.183,0.761,4.311,5.733,0.167,-0.03,0.53,0.955,-0.21,21.98,0.483,-118.358,0.609,-196.958,0.629,-140.338,0.726,-218.938,0.178,-78.599,0.121,0.084,-2.863,-0.455,-4.765,-1.084,-2.216,-0.539,-3.458,-1.205,-1.241,-1.901,-0.899,0.367,0.402,0.952,0.955,0.042,-0.78,-0.045,-3.427,2.711,-0.284,3.883,0.099,0.834,4.152,5.948,0.19,-0.016,0.533,0.944
2022-02-24,CTD11,4169609,700351,0.006076025,0.010108021,0.015756046,0.0036802948,0.0028658044,0.00067155523,0.00069399737,0.00026989362,0.0060767266,0.010011586,0.01582747,0.0038772011,0.0028005359,0.0007008634,0.20544536,-2.878e-42,0.435,-0.218,35.464,0.466,-172.786,0.558,-250.011,0.621,-208.25,0.692,-285.474,0.124,-77.225,0.131,0.102,-2.722,-0.495,-3.939,-0.92,-2.105,-0.597,-2.886,-1.051,-0.781,-1.217,-0.863,0.345,0.373,0.931,0.935,0.031,-0.643,-0.137,-2.751,2.565,-0.754,3.294,0.275,0.78,3.998,5.134,0.182,-0.05,0.533,0.958,-0.225,36.703,0.442,-158.034,0.563,-257.19,0.606,-194.737,0.699,-293.893,0.161,-99.157,0.142,0.103,-2.501,-0.443,-4.071,-0.997,-1.95,-0.545,-2.942,-1.139,-0.993,-1.569,-0.871,0.329,0.366,0.933,0.938,0.042,-0.752,-0.09,-3.069,2.405,-0.507,3.33,0.196,0.859,3.802,5.264,0.21,-0.035,0.538,0.945
2022-02-24,CTD12,4173438,695414,0.0073775332,0.0117744105,0.015855478,0.0029082496,0.0023713568,0.00051493454,0.000518724,0.00019936649,0.007352682,0.011663042,0.01590957,0.003018554,0.0021599396,0.00055424956,0.21182269,-2.878e-42,0.385,-0.148,21.86,0.604,-258.919,0.665,-336.77,0.69,-280.78,0.74,-358.63,0.102,-77.85,0.064,0.052,-4.105,-0.614,-5.34,-0.979,-3.306,-0.666,-4.223,-1.043,-0.917,-1.234,-0.773,0.486,0.501,0.915,0.918,0.019,-0.484,-0.073,-2.638,3.899,-0.487,4.782,0.12,0.531,5.25,6.439,0.097,-0.018,0.531,0.971,-0.154,22.886,0.589,-245.544,0.687,-377.235,0.681,-268.429,0.761,-400.121,0.166,-131.691,0.069,0.049,-3.906,-0.53,-6.002,-1.139,-3.131,-0.58,-4.667,-1.208,-1.536,-2.095,-0.82,0.478,0.502,0.933,0.937,0.031,-0.664,0.018,-3.502,3.728,0.129,5.21,-0.033,0.649,5.085,7.107,0.123,0.005,0.532,0.955
2022-07-14,CTD1,4187246,695025,0.017960876,0.025861604,0.036137,0.012133393,0.010026733,0.0025533515,0.0025738317,0.0009971453,0.017836867,0.025781266,0.03631881,0.012286178,0.009046844,0.0026154479,0.24994442,-8.000000000000001e-45,0.345,-0.166,10.995,0.361,-43.75,0.441,-61.066,0.497,-54.745,0.566,-72.061,0.095,-17.316,0.133,0.11,-1.581,-0.439,-2.207,-0.741,-1.416,-0.549,-1.864,-0.874,-0.448,-0.626,-0.464,0.297,0.328,0.669,0.687,0.034,-0.494,-0.111,-1.473,1.854,-0.399,2.244,0.187,0.571,2.591,3.135,0.192,-0.052,0.613,0.956,-0.17,11.254,0.355,-42.604,0.48,-71.748,0.494,-53.858,0.601,-83.002,0.152,-29.144,0.138,0.102,-1.547,-0.385,-2.606,-0.882,-1.389,-0.487,-2.14,-1.02,-0.751,-1.058,-0.494,0.297,0.344,0.69,0.716,0.052,-0.648,-0.026,-1.916,1.849,-0.106,2.511,0.051,0.672,2.605,3.538,0.227,-0.013,0.613,0.933
2022-07-14,CTD2,4181518,693105,0.017736197,0.023033813,0.021701766,0.0053150235,0.0027600997,0.0008147553,0.000819087,0.00034154527,0.017896883,0.02333317,0.0217783,0.0053897253,0.0032913694,0.0007443134,0.0008405527,-8.000000000000001e-45,0.29,0.03,-2.665,0.625,-144.731,0.786,-318.891,0.607,-142.067,0.774,-316.227,0.316,-174.16,-0.014,-0.007,-3.141,-0.399,-6.921,-1.695,-3.272,-0.392,-7.284,-1.681,-4.012,-3.78,0.165,0.724,0.75,0.635,0.668,0.057,-0.864,0.542,-3.529,4.207,4.262,8.1,-0.983,0.423,3.963,7.632,0.104,0.125,0.634,0.905,0.034,-3.06,0.625,-142.681,0.753,-260.967,0.603,-139.621,0.737,-257.908,0.242,-118.287,-0.016,-0.01,-3.107,-0.47,-5.683,-1.407,-3.258,-0.46,-6.018,-1.39,-2.76,-2.576,0.179,0.716,0.738,0.616,0.644,0.047,-0.566,0.461,-2.288,4.178,3.048,6.842,-0.704,0.323,3.9,6.386,0.08,0.106,0.637,0.923
2022-07-14,CTD3,4181698,695238,0.014708797,0.019301938,0.021968942,0.004891965,0.0036968545,0.0008705215,0.00088186556,0.0003358001,0.014753497,0.01921782,0.022002157,0.0050537847,0.0035632006,0.00090533163,0.16053724,-8.000000000000001e-45,0.43,-0.065,6.289,0.596,-152.609,0.679,-218.692,0.636,-158.898,0.712,-224.981,0.139,-66.083,0.031,0.023,-3.353,-0.564,-4.804,-1.07,-3.067,-0.587,-4.343,-1.101,-1.276,-1.452,-0.311,0.561,0.581,0.743,0.755,0.029,-0.445,0.123,-1.997,3.777,0.73,4.999,-0.185,0.382,4.299,5.689,0.085,0.031,0.586,0.956,-0.068,6.585,0.584,-145.836,0.687,-228.612,0.626,-152.421,0.721,-235.196,0.173,-82.775,0.033,0.023,-3.209,-0.52,-5.03,-1.155,-2.929,-0.543,-4.52,-1.189,-1.591,-1.821,-0.323,0.554,0.579,0.744,0.76,0.036,-0.545,0.168,-2.372,3.641,1.04,5.164,-0.273,0.44,4.168,5.912,0.101,0.044,0.589,0.945
2022-07-14,CTD4,4180266,698264,0.012908016,0.01715708,0.020664234,0.004085073,0.002634151,0.00066732196,0.0006714988,0.00026430216,0.012966631,0.01691503,0.020784656,0.0041640177,0.0027205972,0.0006645461,0.169668,-8.000000000000001e-45,0.25,-0.093,9.892,0.615,-186.509,0.734,-321.344,0.67,-196.401,0.774,-331.236,0.216,-134.835,0.04,0.026,-3.854,-0.491,-6.64,-1.313,-3.37,-0.517,-5.683,-1.353,-2.313,-2.786,-0.522,0.561,0.587,0.838,0.849,0.038,-0.721,0.185,-3.645,4.072,1.455,6.316,-0.346,0.56,4.905,7.607,0.111,0.044,0.562,0.941,-0.103,11.007,0.605,-181.034,0.723,-308.447,0.666,-192.04,0.769,-319.454,0.21,-127.414,0.046,0.03,-3.763,-0.493,-6.411,-1.284,-3.248,-0.522,-5.404,-1.33,-2.155,-2.648,-0.562,0.542,0.569,0.846,0.857,0.038,-0.717,0.16,-3.578,3.931,1.226,6.017,-0.302,0.575,4.831,7.394,0.115,0.04,0.559,0.942
2022-07-14,CTD6,4176009,695829,0.01623832,0.022311412,0.024367059,0.0050463565,0.003423182,0.00085399736,0.0008601047,0.00033914918,0.016287006,0.022219384,0.024502994,0.0051796366,0.0035076875,0.0008664946,0.06530282,-8.000000000000001e-45,0.595,-0.044,3.781,0.631,-153.343,0.734,-247.306,0.657,-157.124,0.754,-251.087,0.192,-93.963,0.019,0.013,-3.737,-0.525,-6.026,-1.248,-3.506,-0.538,-5.602,-1.267,-2.096,-2.29,-0.243,0.621,0.642,0.751,0.766,0.035,-0.559,0.237,-2.697,4.281,1.689,6.311,-0.382,0.414,4.675,6.892,0.086,0.054,0.586,0.945,-0.049,4.194,0.622,-148.058,0.727,-240.082,0.651,-152.252,0.75,-244.277,0.192,-92.024,0.022,0.015,-3.628,-0.519,-5.883,-1.244,-3.383,-0.534,-5.428,-1.265,-2.045,-2.255,-0.263,0.608,0.63,0.751,0.766,0.036,-0.57,0.23,-2.696,4.147,1.604,6.123,-0.374,0.426,4.573,6.752,0.09,0.054,0.586,0.944
2022-07-14,CTD7,4176724,690397,0.035197366,0.050208595,0.060792025,0.018849814,0.011574038,0.0029010803,0.0028957068,0.0011650174,0.035229024,0.049435,0.0611374,0.019199137,0.012215149,0.0025789526,0.012712262,-8.000000000000001e-45,0.49,-0.095,3.467,0.454,-33.134,0.625,-66.483,0.527,-36.601,0.68,-69.951,0.239,-33.349,0.065,0.04,-2.014,-0.383,-4.042,-1.253,-1.838,-0.424,-3.512,-1.319,-1.674,-2.027,-0.348,0.433,0.485,0.679,0.713,0.066,-0.803,0.212,-2.589,2.473,1.113,4.028,-0.418,0.597,2.995,4.877,0.185,0.08,0.622,0.909,-0.106,3.872,0.441,-31.857,0.604,-61.637,0.522,-35.729,0.667,-65.509,0.222,-29.78,0.074,0.047,-1.948,-0.389,-3.768,-1.183,-1.766,-0.436,-3.238,-1.258,-1.472,-1.821,-0.373,0.412,0.463,0.68,0.713,0.063,-0.763,0.172,-2.43,2.375,0.863,3.733,-0.335,0.6,2.937,4.617,0.189,0.067,0.621,0.913
2022-07-14,CTD8,4174178,693048,0.020703642,0.028540058,0.034982976,0.010100243,0.006785592,0.001680584,0.001703842,0.0006919198,0.020583957,0.028505562,0.03502206,0.0102445735,0.006672184,0.0016680015,0.034613222,-8.000000000000001e-45,0.495,-0.101,6.453,0.477,-63.969,0.616,-112.333,0.552,-70.422,0.675,-118.786,0.196,-48.364,0.065,0.044,-2.238,-0.434,-3.93,-1.135,-2.01,-0.478,-3.39,-1.2,-1.38,-1.692,-0.382,0.441,0.483,0.704,0.73,0.052,-0.673,0.144,-2.33,2.632,0.742,3.917,-0.263,0.554,3.226,4.802,0.16,0.051,0.608,0.926,-0.103,6.527,0.471,-62.532,0.621,-114.795,0.547,-69.059,0.68,-121.323,0.211,-52.263,0.067,0.044,-2.19,-0.417,-4.02,-1.176,-1.969,-0.461,-3.458,-1.243,-1.49,-1.83,-0.385,0.438,0.482,0.704,0.732,0.056,-0.721,0.163,-2.466,2.592,0.854,3.98,-0.307,0.577,3.185,4.89,0.169,0.058,0.61,0.921
2022-07-14,CTD9,4171106,693183,0.019886551,0.026689623,0.041888643,0.019696606,0.018339306,0.0051201326,0.005016787,0.0019678306,0.019422414,0.026493344,0.04211525,0.019861596,0.017161336,0.005105946,0.5119691,-8.000000000000001e-45,0.55,-0.222,13.595,0.151,-13.302,0.185,-17.06,0.36,-26.897,0.391,-30.655,0.036,-3.758,0.268,0.249,-0.557,-0.244,-0.715,-0.336,-0.718,-0.493,-0.818,-0.604,-0.1,-0.157,-0.4,0.116,0.136,0.493,0.508,0.02,-0.437,-0.294,-0.929,0.917,-0.671,0.985,0.495,0.638,1.44,1.546,0.3,-0.217,0.676,0.978,-0.228,14.001,0.143,-12.603,0.214,-20.525,0.359,-26.604,0.421,-34.526,0.073,-7.922,0.278,0.24,-0.531,-0.216,-0.864,-0.408,-0.705,-0.457,-0.915,-0.686,-0.21,-0.334,-0.422,0.112,0.151,0.51,0.538,0.039,-0.528,-0.235,-1.12,0.926,-0.577,1.072,0.432,0.726,1.473,1.704,0.342,-0.176,0.676,0.956
2022-07-14,CTD10,4170388,695646,0.017603897,0.02425957,0.026958602,0.0076988917,0.0044495007,0.0012077758,0.001252744,0.0005197775,0.017691614,0.024367519,0.02718009,0.0078032906,0.004810415,0.001128624,0.0012244611,-8.000000000000001e-45,0.585,-0.053,4.127,0.518,-88.668,0.69,-183.523,0.556,-92.795,0.717,-187.65,0.267,-94.855,0.032,0.018,-2.39,-0.395,-4.948,-1.413,-2.251,-0.413,-4.552,-1.445,-2.301,-2.557,-0.222,0.527,0.572,0.671,0.704,0.063,-0.83,0.322,-2.908,2.986,1.951,5.167,-0.619,0.533,3.318,5.741,0.152,0.102,0.624,0.906,-0.055,4.247,0.515,-87.113,0.67,-166.844,0.554,-91.359,0.699,-171.091,0.237,-79.731,0.033,0.02,-2.368,-0.419,-4.535,-1.302,-2.226,-0.439,-4.169,-1.335,-1.943,-2.167,-0.223,0.518,0.559,0.664,0.695,0.058,-0.726,0.28,-2.528,2.946,1.582,4.778,-0.507,0.499,3.286,5.33,0.143,0.09,0.624,0.914
2022-07-14,CTD11,4169609,700351,0.012824758,0.017041188,0.020739656,0.005247712,0.004439514,0.0010534027,0.0010620969,0.0003996353,0.012814658,0.016775215,0.020765178,0.0054102316,0.0040881806,0.0011318105,0.2412156,-8.000000000000001e-45,0.675,-0.098,10.465,0.529,-131.878,0.587,-166.569,0.596,-142.342,0.647,-177.033,0.083,-34.691,0.055,0.046,-2.735,-0.585,-3.455,-0.874,-2.426,-0.632,-3.017,-0.929,-0.591,-0.719,-0.382,0.468,0.485,0.721,0.731,0.021,-0.36,-0.024,-1.424,3.033,-0.114,3.585,0.035,0.371,3.692,4.364,0.094,-0.007,0.59,0.969,-0.106,11.454,0.512,-125.223,0.608,-184.996,0.587,-136.677,0.671,-196.45,0.139,-59.773,0.062,0.047,-2.6,-0.512,-3.841,-1.001,-2.293,-0.559,-3.295,-1.063,-1.003,-1.241,-0.42,0.457,0.485,0.736,0.752,0.035,-0.516,0.052,-1.979,2.904,0.265,3.843,-0.086,0.482,3.594,4.757,0.126,0.017,0.591,0.949
2022-07-14,CTD12,4173438,695414,0.02016456,0.02848375,0.033173945,0.00886016,0.005955019,0.0015439793,0.0015540157,0.0005927309,0.020122256,0.028584335,0.03329472,0.0090717785,0.0059774676,0.0014652503,0.039627932,-8.000000000000001e-45,0.5,-0.076,4.964,0.525,-77.757,0.654,-132.818,0.578,-82.721,0.696,-137.781,0.196,-55.061,0.044,0.03,-2.58,-0.463,-4.406,-1.177,-2.356,-0.493,-3.925,-1.221,-1.568,-1.827,-0.317,0.502,0.536,0.706,0.729,0.047,-0.629,0.187,-2.356,3.035,1.039,4.516,-0.323,0.493,3.535,5.26,0.132,0.058,0.606,0.931,-0.076,4.949,0.518,-75.248,0.654,-132.311,0.572,-80.197,0.696,-137.26,0.206,-57.063,0.045,0.03,-2.505,-0.45,-4.405,-1.2,-2.292,-0.479,-3.923,-1.245,-1.631,-1.9,-0.313,0.497,0.534,0.701,0.725,0.05,-0.659,0.2,-2.419,2.971,1.112,4.51,-0.353,0.506,3.461,5.253,0.138,0.063,0.609,0.927
2022-07-29,CTD3,4181698,695238,0.014003671,0.018559415,0.020493815,0.00642141,0.0037226942,0.0010762505,0.0010993253,0.0004502984,0.014015112,0.018659929,0.02016902,0.0064634667,0.004229981,0.0010083831,0.0002549888,-8.000000000000001e-45,0.54,-0.05,5.086,0.486,-101.848,0.666,-214.742,0.523,-106.934,0.693,-219.827,0.266,-112.894,0.033,0.019,-2.087,-0.379,-4.401,-1.379,-1.985,-0.398,-4.08,-1.412,-2.095,-2.314,-0.191,0.501,0.551,0.632,0.671,0.069,-0.819,0.326,-2.615,2.709,1.794,4.672,-0.621,0.524,2.991,5.159,0.164,0.113,0.64,0.9,-0.039,4.01,0.485,-101.125,0.63,-182.817,0.515,-105.135,0.653,-186.827,0.209,-81.692,0.026,0.017,-2.04,-0.428,-3.687,-1.182,-1.962,-0.445,-3.486,-1.208,-1.524,-1.648,-0.141,0.5,0.542,0.599,0.634,0.058,-0.603,0.271,-1.881,2.677,1.291,4.091,-0.447,0.426,2.894,4.422,0.137,0.094,0.647,0.916
2022-08-03,CTD1,4187246,695025,0.013143201,0.019243313,0.025632152,0.0077487477,0.006308474,0.0015764447,0.0015836031,0.00062252267,0.013179451,0.019120632,0.025918862,0.007933954,0.005845959,0.0016114104,0.3535896,-8.000000000000001e-45,0.28,-0.142,12.953,0.426,-77.087,0.506,-106.551,0.536,-90.04,0.605,-119.503,0.102,-29.464,0.1,0.082,-1.976,-0.486,-2.731,-0.826,-1.733,-0.568,-2.3,-0.926,-0.567,-0.755,-0.454,0.36,0.387,0.7,0.716,0.032,-0.478,-0.063,-1.58,2.237,-0.258,2.748,0.104,0.518,2.98,3.66,0.157,-0.026,0.601,0.957,-0.151,13.718,0.413,-73.741,0.532,-118.759,0.531,-87.459,0.632,-132.476,0.152,-45.018,0.109,0.08,-1.911,-0.431,-3.078,-0.942,-1.672,-0.511,-2.533,-1.051,-0.861,-1.167,-0.493,0.352,0.392,0.72,0.742,0.046,-0.619,0.001,-2.024,2.184,0.004,2.965,-0.002,0.619,2.961,4.019,0.189,0.0,0.601,0.938
2022-08-03,CTD2,4181518,693105,0.014405838,0.019262835,0.021983474,0.0055038123,0.0034581344,0.00091260223,0.00093256566,0.00037159424,0.014369885,0.019161511,0.02193412,0.0056173825,0.0036808767,0.0008867834,0.07166627,-8.000000000000001e-45,0.425,-0.066,6.425,0.556,-129.779,0.696,-237.26,0.6,-136.204,0.728,-243.685,0.228,-107.481,0.035,0.022,-2.853,-0.449,-5.216,-1.306,-2.624,-0.471,-4.694,-1.341,-2.07,-2.363,-0.304,0.541,0.575,0.725,0.748,0.05,-0.715,0.248,-2.857,3.343,1.576,5.32,-0.45,0.513,3.815,6.071,0.128,0.071,0.6,0.926,-0.067,6.597,0.547,-125.831,0.678,-219.486,0.592,-132.428,0.713,-226.083,0.208,-93.656,0.037,0.024,-2.76,-0.463,-4.814,-1.233,-2.538,-0.487,-4.332,-1.27,-1.795,-2.054,-0.298,0.529,0.562,0.714,0.737,0.047,-0.653,0.218,-2.548,3.243,1.301,4.95,-0.381,0.489,3.713,5.666,0.125,0.064,0.603,0.93
2022-08-03,CTD3,4181698,695238,0.013210556,0.01742069,0.01917288,0.005588422,0.004059715,0.0010593833,0.0010712673,0.00042923144,0.013288554,0.017425485,0.01911091,0.005669817,0.004103375,0.0010487204,0.12998661,-8.000000000000001e-45,0.45,-0.048,5.246,0.514,-121.538,0.622,-188.92,0.549,-126.784,0.651,-194.166,0.158,-67.381,0.029,0.021,-2.33,-0.493,-3.622,-1.056,-2.209,-0.515,-3.383,-1.085,-1.174,-1.292,-0.182,0.509,0.54,0.632,0.657,0.042,-0.468,0.182,-1.605,2.906,0.86,4.0,-0.276,0.374,3.198,4.402,0.109,0.058,0.629,0.938,-0.046,5.061,0.509,-118.985,0.619,-186.315,0.542,-124.046,0.646,-191.376,0.16,-67.329,0.029,0.021,-2.274,-0.488,-3.561,-1.056,-2.162,-0.509,-3.335,-1.085,-1.173,-1.287,-0.172,0.506,0.538,0.624,0.65,0.043,-0.47,0.188,-1.584,2.859,0.876,3.95,-0.285,0.373,3.135,4.332,0.111,0.061,0.632,0.937
2022-08-03,CTD4,4180266,698264,0.017496366,0.02150885,0.025623742,0.008119259,0.005871104,0.0015244668,0.0015302587,0.00060892914,0.017276963,0.021459473,0.025570462,0.008198228,0.005725252,0.0015159555,0.17436258,-8.000000000000001e-45,0.71,-0.087,7.466,0.452,-76.671,0.571,-123.833,0.519,-84.138,0.627,-131.299,0.161,-47.162,0.061,0.044,-1.965,-0.45,-3.173,-1.005,-1.81,-0.494,-2.824,-1.066,-1.014,-1.208,-0.294,0.425,0.463,0.639,0.667,0.048,-0.544,0.116,-1.715,2.42,0.508,3.347,-0.192,0.468,2.883,3.987,0.148,0.044,0.629,0.933,-0.087,7.492,0.447,-75.378,0.579,-128.065,0.514,-82.87,0.634,-135.557,0.178,-52.687,0.061,0.043,-1.927,-0.432,-3.275,-1.05,-1.778,-0.474,-2.909,-1.111,-1.131,-1.347,-0.295,0.424,0.466,0.639,0.669,0.053,-0.593,0.141,-1.849,2.394,0.629,3.428,-0.24,0.493,2.852,4.084,0.158,0.054,0.631,0.927
2022-08-03,CTD6,4176009,695829,0.014673709,0.019094273,0.023191815,0.007391052,0.005034874,0.0013302995,0.0013443296,0.0005377972,0.014704225,0.019120632,0.023072228,0.0075248852,0.005063107,0.0012925986,0.0743527,-8.000000000000001e-45,0.565,-0.097,9.253,0.442,-82.927,0.583,-146.243,0.517,-92.18,0.643,-155.496,0.19,-63.316,0.068,0.047,-1.923,-0.418,-3.392,-1.081,-1.76,-0.464,-2.969,-1.149,-1.209,-1.468,-0.33,0.415,0.46,0.655,0.686,0.056,-0.645,0.142,-2.023,2.366,0.655,3.474,-0.253,0.533,2.874,4.219,0.17,0.055,0.626,0.923,-0.094,8.957,0.435,-80.593,0.581,-145.208,0.508,-89.55,0.64,-154.165,0.196,-64.615,0.067,0.045,-1.859,-0.408,-3.35,-1.093,-1.712,-0.453,-2.948,-1.16,-1.235,-1.491,-0.314,0.412,0.459,0.643,0.676,0.058,-0.657,0.156,-2.016,2.322,0.71,3.45,-0.28,0.534,2.801,4.163,0.174,0.061,0.632,0.92
2022-08-03,CTD7,4176724,690397,0.03021939,0.04454974,0.053803682,0.015059139,0.008584236,0.0022275161,0.00223231,0.00090298033,0.030344,0.044138927,0.054130916,0.015332691,0.009439227,0.0019884722,0.011478662,-8.000000000000001e-45,0.43,-0.094,3.861,0.495,-43.958,0.677,-94.046,0.563,-47.819,0.725,-97.907,0.274,-50.088,0.058,0.033,-2.365,-0.377,-5.06,-1.416,-2.13,-0.41,-4.362,-1.474,-2.231,-2.695,-0.391,0.473,0.522,0.729,0.759,0.066,-0.926,0.258,-3.309,2.799,1.617,4.91,-0.547,0.638,3.38,5.93,0.178,0.087,0.606,0.906,-0.102,4.182,0.484,-42.564,0.648,-83.285,0.559,-46.746,0.703,-87.467,0.238,-40.721,0.064,0.039,-2.304,-0.402,-4.508,-1.277,-2.063,-0.441,-3.861,-1.341,-1.797,-2.204,-0.403,0.453,0.5,0.724,0.751,0.06,-0.809,0.2,-2.856,2.704,1.146,4.393,-0.398,0.611,3.317,5.387,0.173,0.069,0.605,0.915
2022-08-03,CTD8,4174178,693048,0.020048844,0.028278138,0.03776283,0.014041081,0.009246748,0.0024114214,0.0024492084,0.00097038574,0.01992547,0.028512122,0.037793055,0.014286917,0.009638846,0.0022540241,0.05482942,-8.000000000000001e-45,1.66,-0.144,8.882,0.336,-35.857,0.507,-72.783,0.458,-44.739,0.607,-81.665,0.206,-36.927,0.125,0.082,-1.354,-0.332,-2.748,-1.022,-1.265,-0.414,-2.309,-1.147,-1.044,-1.394,-0.407,0.303,0.367,0.632,0.674,0.073,-0.77,0.09,-2.07,1.769,0.369,2.686,-0.183,0.677,2.362,3.587,0.252,0.045,0.641,0.907,-0.14,8.613,0.332,-34.921,0.495,-68.674,0.451,-43.534,0.594,-77.287,0.194,-33.753,0.123,0.083,-1.32,-0.337,-2.595,-0.981,-1.241,-0.42,-2.204,-1.104,-0.962,-1.276,-0.388,0.3,0.362,0.616,0.658,0.07,-0.728,0.08,-1.925,1.741,0.313,2.58,-0.157,0.651,2.307,3.42,0.246,0.04,0.645,0.911
2022-08-03,CTD9,4171106,693183,0.02064773,0.028455634,0.04168079,0.019436108,0.019081026,0.0054244427,0.0053663678,0.0020813833,0.020186553,0.02803541,0.04211525,0.019730063,0.0176858,0.0053367782,0.28852195,-8.000000000000001e-45,0.75,-0.189,11.151,0.188,-16.308,0.197,-17.266,0.364,-27.459,0.372,-28.416,0.009,-0.957,0.217,0.213,-0.68,-0.311,-0.72,-0.336,-0.781,-0.524,-0.809,-0.552,-0.027,-0.04,-0.343,0.148,0.153,0.468,0.472,0.005,-0.336,-0.299,-0.72,1.006,-0.653,1.025,0.446,0.483,1.474,1.501,0.225,-0.204,0.683,0.994,-0.201,11.925,0.174,-15.015,0.226,-20.873,0.362,-26.94,0.409,-32.798,0.055,-5.858,0.235,0.211,-0.632,-0.266,-0.879,-0.412,-0.755,-0.476,-0.92,-0.647,-0.164,-0.247,-0.376,0.139,0.167,0.49,0.511,0.029,-0.45,-0.231,-0.96,1.001,-0.549,1.117,0.387,0.606,1.504,1.678,0.284,-0.162,0.681,0.967
2022-08-03,CTD10,4170388,695646,0.013143201,0.018831367,0.024795655,0.006971333,0.005309846,0.001334191,0.0013386733,0.0005313998,0.013214576,0.0190187,0.024952771,0.007165567,0.0051939096,0.0013447099,0.12328631,-8.000000000000001e-45,0.51,-0.137,12.773,0.46,-90.342,0.56,-135.226,0.561,-103.115,0.647,-148.0,0.135,-44.885,0.089,0.068,-2.24,-0.48,-3.353,-0.943,-1.942,-0.548,-2.787,-1.032,-0.845,-1.113,-0.486,0.394,0.426,0.738,0.755,0.038,-0.553,-0.002,-1.968,2.487,-0.01,3.265,0.004,0.555,3.275,4.3,0.156,-0.001,0.591,0.948,-0.135,12.504,0.453,-86.976,0.571,-139.953,0.554,-99.481,0.655,-152.457,0.16,-52.977,0.09,0.065,-2.17,-0.452,-3.492,-1.003,-1.892,-0.517,-2.9,-1.092,-1.008,-1.322,-0.48,0.393,0.43,0.735,0.755,0.045,-0.617,0.037,-2.15,2.446,0.179,3.375,-0.068,0.587,3.209,4.427,0.169,0.014,0.595,0.939
2022-08-03,CTD11,4169609,700351,0.010122627,0.012948367,0.016679926,0.0051671523,0.0038993063,0.0010585266,0.0010238001,0.0004181371,0.010164965,0.012865161,0.016479127,0.005194,0.0038953947,0.0010550952,0.22946836,-8.000000000000001e-45,0.74,-0.126,17.278,0.43,-116.3,0.537,-179.226,0.527,-133.578,0.621,-196.504,0.14,-62.926,0.089,0.067,-1.94,-0.453,-2.989,-0.926,-1.73,-0.521,-2.544,-1.015,-0.815,-1.05,-0.412,0.378,0.414,0.683,0.706,0.043,-0.549,0.022,-1.772,2.272,0.093,3.011,-0.037,0.534,2.927,3.879,0.165,0.009,0.611,0.942,-0.123,17.046,0.425,-114.801,0.535,-178.984,0.521,-131.847,0.618,-196.031,0.143,-64.184,0.089,0.066,-1.892,-0.447,-2.95,-0.93,-1.696,-0.514,-2.522,-1.018,-0.826,-1.058,-0.398,0.377,0.414,0.673,0.697,0.044,-0.553,0.031,-1.753,2.241,0.13,2.987,-0.052,0.531,2.87,3.827,0.167,0.012,0.615,0.94
2022-08-03,CTD12,4173438,695414,0.029993216,0.0390196,0.04728515,0.018201051,0.012036797,0.003182874,0.003249075,0.0012803664,0.029414278,0.039145052,0.04765449,0.018359888,0.01252059,0.0028852357,0.08591463,-8.000000000000001e-45,0.79,-0.096,4.48,0.364,-29.314,0.528,-57.45,0.444,-33.794,0.594,-61.93,0.204,-28.137,0.082,0.054,-1.386,-0.353,-2.717,-1.046,-1.319,-0.407,-2.416,-1.127,-1.098,-1.33,-0.273,0.351,0.412,0.57,0.616,0.071,-0.687,0.164,-1.785,1.889,0.644,2.857,-0.3,0.551,2.289,3.462,0.212,0.076,0.663,0.906,-0.098,4.562,0.361,-28.921,0.515,-54.322,0.444,-33.482,0.584,-58.884,0.189,-25.402,0.084,0.057,-1.378,-0.362,-2.589,-0.997,-1.311,-0.419,-2.305,-1.081,-0.994,-1.211,-0.276,0.345,0.403,0.567,0.611,0.067,-0.645,0.139,-1.674,1.869,0.531,2.741,-0.249,0.535,2.276,3.337,0.206,0.065,0.663,0.912
2022-09-07,CTD1,4187246,695025,0.00877037,0.012079395,0.020609548,0.007997524,0.008363387,0.0021937026,0.0021101427,0.0008417357,0.0087755,0.01179613,0.020830162,0.00823892,0.007396578,0.002291763,0.6992214,-8.000000000000001e-45,0.345,-0.261,34.264,0.203,-42.253,0.182,-36.783,0.441,-76.517,0.423,-71.048,-0.022,5.47,0.274,0.287,-0.871,-0.353,-0.758,-0.294,-0.924,-0.64,-0.858,-0.568,0.066,0.113,-0.521,0.141,0.13,0.617,0.61,-0.011,-0.37,-0.46,-0.954,1.105,-1.133,1.056,0.75,0.66,1.885,1.802,0.256,-0.304,0.614,1.013,-0.277,36.766,0.178,-36.602,0.229,-50.424,0.433,-73.368,0.476,-87.19,0.054,-13.823,0.303,0.272,-0.762,-0.271,-1.05,-0.415,-0.865,-0.543,-1.029,-0.718,-0.163,-0.288,-0.578,0.126,0.151,0.656,0.671,0.026,-0.548,-0.331,-1.384,1.077,-0.933,1.199,0.652,0.868,1.901,2.118,0.343,-0.232,0.614,0.971
2022-09-07,CTD2,4181518,693105,0.0067557404,0.01001763,0.014118794,0.00333564,0.0025115258,0.00059234095,0.00059754954,0.00023608963,0.0067898626,0.009868691,0.014268784,0.003404754,0.0024111976,0.00061624433,0.21398917,-8.000000000000001e-45,0.43,-0.17,28.996,0.5,-199.969,0.599,-298.34,0.618,-228.965,0.698,-327.337,0.141,-98.372,0.097,0.073,-2.823,-0.502,-4.212,-0.995,-2.294,-0.575,-3.279,-1.092,-0.985,-1.389,-0.701,0.402,0.43,0.861,0.869,0.034,-0.619,-0.043,-2.618,2.825,-0.244,3.752,0.081,0.656,3.982,5.289,0.155,-0.014,0.553,0.953,-0.182,31.248,0.487,-192.376,0.607,-313.401,0.615,-223.624,0.711,-344.649,0.171,-121.025,0.106,0.075,-2.745,-0.464,-4.472,-1.067,-2.207,-0.539,-3.401,-1.173,-1.194,-1.727,-0.757,0.388,0.422,0.885,0.893,0.041,-0.72,-0.017,-3.019,2.73,-0.098,3.854,0.034,0.738,3.947,5.573,0.176,-0.006,0.55,0.944
2022-09-07,CTD3,4181698,695238,0.0091561135,0.013027324,0.016460253,0.0042551737,0.0030763939,0.00071708637,0.00073778944,0.0002892836,0.00920437,0.01295993,0.01652164,0.0043987334,0.0029652251,0.0007497794,0.19805324,-8.000000000000001e-45,0.33,-0.116,16.009,0.508,-158.246,0.618,-248.294,0.589,-174.256,0.685,-264.303,0.161,-90.048,0.068,0.049,-2.605,-0.487,-4.087,-1.057,-2.27,-0.536,-3.443,-1.125,-1.173,-1.482,-0.468,0.449,0.48,0.758,0.774,0.04,-0.592,0.068,-2.289,2.875,0.366,3.976,-0.12,0.541,3.632,5.024,0.14,0.022,0.586,0.943,-0.121,16.634,0.493,-150.177,0.628,-260.082,0.579,-166.811,0.696,-276.716,0.195,-109.904,0.073,0.049,-2.481,-0.445,-4.297,-1.144,-2.162,-0.495,-3.586,-1.217,-1.424,-1.816,-0.484,0.439,0.478,0.761,0.781,0.049,-0.699,0.11,-2.626,2.767,0.615,4.104,-0.209,0.601,3.527,5.232,0.16,0.037,0.589,0.931
2022-09-07,CTD4,4180266,698264,0.00586795,0.00876246,0.012219041,0.0033621883,0.0024986125,0.00059664523,0.0006035226,0.00023864715,0.0058966894,0.008680347,0.012285775,0.003454003,0.0024303098,0.0006167441,0.13611399,-8.000000000000001e-45,0.385,-0.165,32.284,0.445,-183.302,0.556,-286.099,0.568,-215.586,0.66,-318.383,0.147,-102.797,0.109,0.081,-2.24,-0.458,-3.496,-0.962,-1.889,-0.539,-2.79,-1.07,-0.901,-1.256,-0.59,0.367,0.402,0.787,0.802,0.041,-0.629,-0.026,-2.284,2.402,-0.127,3.232,0.049,0.651,3.349,4.507,0.179,-0.01,0.578,0.945,-0.172,33.808,0.431,-174.316,0.563,-296.267,0.561,-208.124,0.67,-330.075,0.174,-121.951,0.117,0.082,-2.142,-0.424,-3.64,-1.023,-1.807,-0.506,-2.865,-1.14,-1.059,-1.498,-0.613,0.355,0.397,0.795,0.812,0.049,-0.715,0.003,-2.542,2.315,0.015,3.291,-0.006,0.712,3.277,4.657,0.2,0.001,0.579,0.935
2022-09-07,CTD6,4176009,695829,0.010112403,0.0144923,0.019819232,0.005086259,0.00372406,0.00088047836,0.0008745411,0.00035074636,0.010144771,0.014387914,0.01991712,0.005240939,0.0035993308,0.0008976485,0.19102584,-8.000000000000001e-45,0.485,-0.155,18.546,0.48,-127.606,0.591,-199.522,0.592,-146.152,0.684,-218.068,0.155,-71.916,0.094,0.069,-2.529,-0.475,-3.954,-1.015,-2.118,-0.544,-3.16,-1.109,-1.042,-1.425,-0.605,0.4,0.432,0.809,0.822,0.04,-0.635,-0.001,-2.473,2.661,-0.005,3.635,0.002,0.635,3.64,4.971,0.163,-0.0,0.571,0.945,-0.161,19.295,0.466,-121.303,0.6,-208.327,0.583,-140.597,0.694,-227.621,0.186,-87.024,0.101,0.069,-2.416,-0.437,-4.149,-1.092,-2.023,-0.506,-3.275,-1.193,-1.252,-1.733,-0.625,0.389,0.429,0.816,0.831,0.048,-0.734,0.036,-2.788,2.565,0.197,3.734,-0.072,0.698,3.55,5.169,0.184,0.013,0.572,0.935
2022-09-07,CTD7,4176724,690397,0.05428955,0.08079514,0.10923742,0.047986694,0.028059172,0.0068318425,0.0068069166,0.0026318557,0.052915264,0.074172,0.10668968,0.047541775,0.03350234,0.0061733075,0.0013029405,-8.000000000000001e-45,0.475,-0.15,3.223,0.255,-8.462,0.484,-23.262,0.39,-11.685,0.591,-26.485,0.262,-14.8,0.155,0.09,-0.924,-0.237,-2.541,-1.116,-0.944,-0.328,-2.14,-1.271,-1.196,-1.617,-0.374,0.239,0.335,0.563,0.63,0.105,-0.971,0.155,-2.209,1.427,0.603,2.44,-0.358,0.767,1.929,3.299,0.337,0.092,0.678,0.873,-0.18,4.109,0.219,-7.552,0.378,-16.366,0.384,-11.661,0.522,-20.476,0.173,-8.815,0.195,0.138,-0.806,-0.253,-1.746,-0.778,-0.865,-0.391,-1.519,-0.973,-0.654,-0.94,-0.401,0.19,0.264,0.549,0.601,0.078,-0.724,-0.009,-1.624,1.246,-0.03,1.768,0.019,0.734,1.792,2.544,0.327,-0.006,0.673,0.909
2022-09-07,CTD8,4174178,693048,0.02404611,0.038480986,0.056170627,0.019450108,0.012135243,0.0030057766,0.0029848292,0.001186737,0.02424179,0.038532835,0.056271102,0.019766837,0.012835574,0.0027445816,0.00062475307,-8.000000000000001e-45,0.895,-0.187,8.184,0.329,-25.427,0.52,-56.418,0.486,-33.611,0.645,-64.602,0.232,-30.991,0.159,0.099,-1.428,-0.309,-3.169,-1.097,-1.293,-0.408,-2.486,-1.257,-1.193,-1.741,-0.56,0.279,0.348,0.725,0.76,0.077,-0.918,0.061,-2.65,1.762,0.283,2.825,-0.143,0.836,2.573,4.123,0.289,0.031,0.612,0.903,-0.187,8.181,0.322,-24.638,0.5,-51.957,0.48,-32.819,0.629,-60.137,0.213,-27.319,0.162,0.105,-1.386,-0.316,-2.924,-1.027,-1.265,-0.421,-2.317,-1.189,-1.053,-1.537,-0.544,0.272,0.338,0.711,0.745,0.073,-0.855,0.035,-2.435,1.721,0.155,2.651,-0.08,0.811,2.514,3.871,0.285,0.018,0.615,0.909
2022-09-07,CTD9,4171106,693183,0.011305545,0.017064305,0.0300757,0.013817461,0.013373653,0.003715767,0.0035261537,0.0014211218,0.011199786,0.016891668,0.03030869,0.013990181,0.012438854,0.0038326303,0.7596118,-8.000000000000001e-45,0.57,-0.276,25.352,0.105,-13.77,0.121,-16.172,0.37,-39.123,0.384,-41.524,0.016,-2.402,0.35,0.339,-0.414,-0.184,-0.486,-0.223,-0.668,-0.523,-0.709,-0.574,-0.041,-0.072,-0.479,0.075,0.084,0.534,0.541,0.009,-0.466,-0.401,-1.014,0.79,-0.901,0.817,0.729,0.795,1.393,1.439,0.365,-0.324,0.655,0.99,-0.284,26.207,0.094,-12.278,0.152,-21.192,0.368,-38.485,0.418,-47.399,0.059,-8.915,0.367,0.326,-0.372,-0.153,-0.642,-0.296,-0.65,-0.479,-0.801,-0.663,-0.151,-0.27,-0.508,0.068,0.101,0.556,0.579,0.033,-0.567,-0.332,-1.229,0.797,-0.808,0.896,0.67,0.905,1.43,1.608,0.418,-0.275,0.654,0.965
2022-09-07,CTD10,4170388,695646,0.007286558,0.010733564,0.016265066,0.0048936317,0.0036484497,0.00089973223,0.0008878474,0.00035903687,0.0073218415,0.010652841,0.016320573,0.005038039,0.0035872485,0.00091939856,0.22299613,-8.000000000000001e-45,0.545,-0.205,31.684,0.374,-111.182,0.493,-180.923,0.537,-142.866,0.634,-212.608,0.146,-69.742,0.155,0.116,-1.808,-0.406,-2.943,-0.885,-1.533,-0.521,-2.282,-1.04,-0.749,-1.134,-0.648,0.293,0.335,0.791,0.807,0.046,-0.681,-0.086,-2.265,1.969,-0.382,2.641,0.174,0.77,2.984,4.002,0.232,-0.039,0.579,0.941,-0.21,32.599,0.358,-104.618,0.496,-184.894,0.528,-137.218,0.64,-217.493,0.168,-80.275,0.164,0.117,-1.707,-0.375,-3.018,-0.932,-1.462,-0.492,-2.317,-1.096,-0.855,-1.31,-0.657,0.282,0.331,0.792,0.812,0.054,-0.752,-0.059,-2.435,1.895,-0.27,2.661,0.128,0.82,2.903,4.077,0.253,-0.028,0.582,0.932
2022-09-07,CTD11,4169609,700351,0.007486925,0.011010037,0.016802013,0.0050584627,0.0041296156,0.0009873516,0.00097242655,0.00038727993,0.0075220736,0.010903908,0.016886963,0.0052228384,0.0038765946,0.0010323188,0.26717922,-8.000000000000001e-45,0.37,-0.208,31.31,0.37,-106.862,0.454,-151.327,0.537,-138.172,0.605,-182.637,0.101,-44.465,0.158,0.129,-1.796,-0.441,-2.543,-0.765,-1.521,-0.571,-2.011,-0.924,-0.49,-0.747,-0.63,0.284,0.315,0.776,0.789,0.033,-0.57,-0.161,-1.892,1.931,-0.655,2.365,0.301,0.71,2.946,3.609,0.214,-0.074,0.578,0.958,-0.215,32.493,0.352,-99.757,0.475,-166.248,0.528,-132.249,0.627,-198.741,0.148,-66.492,0.17,0.126,-1.685,-0.387,-2.807,-0.868,-1.442,-0.513,-2.167,-1.038,-0.725,-1.123,-0.658,0.274,0.318,0.789,0.807,0.048,-0.702,-0.097,-2.268,1.858,-0.421,2.503,0.201,0.806,2.878,3.877,0.249,-0.046,0.58,0.939
2022-09-07,CTD12,4173438,695414,0.01304505,0.019406587,0.027011551,0.0073253363,0.0049629314,0.0012062836,0.0012146394,0.00048025188,0.013060525,0.019402916,0.027075194,0.00760571,0.005111339,0.0011873071,0.08532852,-8.000000000000001e-45,0.595,-0.164,14.508,0.452,-84.984,0.593,-149.965,0.573,-99.491,0.69,-164.473,0.192,-64.981,0.106,0.072,-2.296,-0.422,-4.051,-1.099,-1.931,-0.494,-3.192,-1.205,-1.261,-1.755,-0.619,0.378,0.421,0.808,0.825,0.051,-0.758,0.041,-2.793,2.466,0.223,3.639,-0.084,0.714,3.432,5.065,0.194,0.015,0.576,0.931,-0.165,14.604,0.437,-79.942,0.583,-144.105,0.561,-94.546,0.682,-158.709,0.196,-64.163,0.111,0.075,-2.164,-0.409,-3.902,-1.096,-1.834,-0.483,-3.079,-1.207,-1.245,-1.737,-0.603,0.367,0.412,0.794,0.813,0.054,-0.771,0.045,-2.746,2.362,0.236,3.515,-0.093,0.723,3.296,4.905,0.203,0.017,0.581,0.928
2022-09-27,CTD1,4187246,695025,0.00625468,0.008673769,0.014170105,0.0047623315,0.004665048,0.0011445236,0.0011342934,0.0004475771,0.0063078455,0.0085571455,0.014357536,0.004925683,0.004086664,0.0012398943,0.5302902,-8.000000000000001e-45,0.415,-0.241,44.719,0.291,-94.691,0.301,-99.07,0.497,-139.41,0.505,-143.789,0.01,-4.379,0.213,0.209,-1.342,-0.442,-1.404,-0.472,-1.209,-0.65,-1.247,-0.685,-0.038,-0.062,-0.583,0.208,0.212,0.705,0.707,0.004,-0.409,-0.367,-1.216,1.492,-1.116,1.523,0.613,0.654,2.438,2.488,0.22,-0.202,0.588,0.995,-0.253,47.212,0.269,-86.156,0.354,-127.837,0.489,-133.368,0.557,-175.049,0.093,-41.681,0.233,0.193,-1.237,-0.352,-1.835,-0.63,-1.141,-0.545,-1.498,-0.862,-0.357,-0.598,-0.644,0.197,0.232,0.746,0.762,0.037,-0.609,-0.234,-1.776,1.453,-0.821,1.751,0.473,0.848,2.437,2.938,0.291,-0.135,0.588,0.956
2022-09-27,CTD2,4181518,693105,0.011340093,0.015582373,0.020257536,0.0068025663,0.004895806,0.0013115784,0.0013091352,0.0005276491,0.011334231,0.015586156,0.020156361,0.006977502,0.0050538783,0.0012802528,0.19544886,-8.000000000000001e-45,0.515,-0.13,14.811,0.392,-82.828,0.522,-140.081,0.497,-97.639,0.611,-154.892,0.163,-57.253,0.101,0.073,-1.678,-0.406,-2.838,-0.953,-1.521,-0.478,-2.414,-1.054,-0.892,-1.16,-0.4,0.349,0.395,0.657,0.686,0.053,-0.62,0.05,-1.847,2.049,0.205,2.847,-0.089,0.58,2.664,3.701,0.195,0.022,0.625,0.93,-0.128,14.547,0.382,-79.158,0.51,-133.708,0.486,-93.706,0.599,-148.256,0.16,-54.55,0.102,0.074,-1.596,-0.4,-2.695,-0.933,-1.461,-0.474,-2.311,-1.034,-0.85,-1.1,-0.38,0.341,0.388,0.639,0.669,0.054,-0.607,0.049,-1.755,1.983,0.195,2.738,-0.087,0.569,2.565,3.541,0.197,0.022,0.631,0.929
2022-09-27,CTD3,4181698,695238,0.008139451,0.012230866,0.013979843,0.0029815508,0.0019777692,0.00048118026,0.00048801376,0.00018885355,0.008177815,0.01212359,0.013968965,0.0030217215,0.0020040092,0.0004919437,0.09942084,-8.000000000000001e-45,0.645,-0.067,10.229,0.608,-253.636,0.722,-423.86,0.648,-263.864,0.752,-434.089,0.202,-170.224,0.03,0.02,-3.546,-0.502,-5.925,-1.264,-3.227,-0.522,-5.309,-1.294,-2.082,-2.38,-0.353,0.58,0.604,0.774,0.789,0.038,-0.633,0.212,-2.966,3.961,1.495,5.971,-0.365,0.48,4.527,6.825,0.102,0.052,0.58,0.941,-0.071,10.897,0.601,-248.453,0.716,-416.516,0.644,-259.35,0.749,-427.412,0.203,-168.063,0.033,0.022,-3.471,-0.498,-5.818,-1.259,-3.144,-0.52,-5.182,-1.292,-2.038,-2.348,-0.367,0.57,0.596,0.775,0.79,0.039,-0.64,0.205,-2.958,3.869,1.427,5.833,-0.356,0.489,4.458,6.721,0.106,0.051,0.58,0.94
2022-09-27,CTD4,4180266,698264,0.008433032,0.011671943,0.016807584,0.0044605387,0.0034998532,0.000828773,0.0008597644,0.00033207898,0.008477238,0.011534665,0.016914105,0.00455484,0.0032484615,0.0008742707,0.23921984,-8.000000000000001e-45,0.395,-0.18,26.179,0.447,-138.513,0.539,-200.051,0.581,-164.691,0.655,-226.229,0.121,-61.538,0.117,0.092,-2.328,-0.485,-3.362,-0.892,-1.922,-0.576,-2.641,-1.009,-0.718,-1.034,-0.645,0.355,0.384,0.814,0.825,0.034,-0.58,-0.09,-2.186,2.408,-0.433,3.07,0.166,0.655,3.468,4.42,0.174,-0.034,0.566,0.955,-0.189,27.573,0.434,-132.851,0.561,-221.143,0.576,-160.424,0.678,-248.716,0.167,-88.291,0.126,0.09,-2.247,-0.432,-3.74,-1.007,-1.85,-0.521,-2.869,-1.133,-1.018,-1.493,-0.689,0.346,0.386,0.836,0.849,0.046,-0.72,-0.031,-2.674,2.34,-0.163,3.282,0.064,0.753,3.432,4.812,0.203,-0.012,0.566,0.939
2022-09-27,CTD6,4176009,695829,0.01019107,0.015124429,0.021373983,0.0065961215,0.005034874,0.0012324468,0.0012181874,0.00048468309,0.01020545,0.015121144,0.021449419,0.0068122223,0.004822772,0.0012725929,0.20117302,-8.000000000000001e-45,0.605,-0.171,19.332,0.393,-85.486,0.5,-132.497,0.528,-104.818,0.619,-151.829,0.134,-47.01,0.128,0.097,-1.827,-0.43,-2.832,-0.874,-1.585,-0.528,-2.296,-1.001,-0.711,-1.005,-0.537,0.323,0.361,0.733,0.752,0.043,-0.602,-0.056,-1.952,2.057,-0.236,2.695,0.103,0.65,2.907,3.809,0.201,-0.024,0.595,0.944,-0.173,19.511,0.379,-80.662,0.516,-141.217,0.518,-100.174,0.633,-160.728,0.171,-60.555,0.133,0.094,-1.73,-0.389,-3.029,-0.962,-1.515,-0.483,-2.43,-1.095,-0.916,-1.299,-0.544,0.316,0.364,0.734,0.758,0.054,-0.708,-0.003,-2.228,1.995,-0.013,2.818,0.006,0.711,2.83,3.997,0.226,-0.001,0.6,0.93
2022-09-27,CTD7,4176724,690397,0.023215184,0.038274556,0.063206986,0.026000831,0.018541498,0.0047578476,0.004723138,0.001873908,0.02313135,0.03835211,0.0635976,0.026012747,0.018945334,0.0045451056,0.12558502,-8.000000000000001e-45,1.58,-0.246,10.306,0.191,-12.333,0.347,-27.806,0.417,-22.639,0.546,-38.112,0.167,-15.473,0.268,0.191,-0.78,-0.229,-1.758,-0.723,-0.867,-0.42,-1.459,-0.991,-0.592,-0.978,-0.56,0.15,0.221,0.655,0.695,0.074,-0.797,-0.108,-1.937,1.179,-0.367,1.653,0.249,0.938,1.947,2.73,0.386,-0.073,0.633,0.916,-0.248,10.35,0.192,-12.369,0.339,-26.709,0.419,-22.719,0.541,-37.06,0.157,-14.341,0.269,0.196,-0.787,-0.234,-1.699,-0.695,-0.871,-0.43,-1.421,-0.964,-0.55,-0.912,-0.562,0.149,0.217,0.656,0.694,0.069,-0.77,-0.125,-1.883,1.176,-0.421,1.615,0.285,0.93,1.951,2.679,0.38,-0.085,0.631,0.921
2022-09-27,CTD8,4174178,693048,0.014936377,0.024194848,0.040086642,0.016474828,0.011686946,0.0030419854,0.0030263904,0.0012209823,0.014810488,0.024403475,0.04021514,0.016562339,0.011892706,0.002927402,0.12435395,-8.000000000000001e-45,2.215,-0.247,16.385,0.19,-19.368,0.349,-44.234,0.417,-35.753,0.549,-60.62,0.17,-24.867,0.27,0.191,-0.776,-0.226,-1.773,-0.729,-0.865,-0.418,-1.467,-0.999,-0.602,-0.997,-0.564,0.149,0.221,0.658,0.698,0.074,-0.806,-0.106,-1.961,1.177,-0.363,1.659,0.247,0.947,1.95,2.749,0.389,-0.072,0.633,0.915,-0.245,16.112,0.191,-19.4,0.345,-43.107,0.417,-35.512,0.544,-59.219,0.164,-23.707,0.267,0.192,-0.78,-0.231,-1.734,-0.714,-0.867,-0.422,-1.445,-0.981,-0.579,-0.953,-0.556,0.15,0.22,0.652,0.691,0.072,-0.786,-0.111,-1.908,1.178,-0.376,1.64,0.255,0.93,1.941,2.703,0.383,-0.075,0.634,0.918
2022-09-27,CTD9,4171106,693183,0.015475878,0.024025718,0.040705305,0.023051992,0.019627348,0.005429259,0.005402359,0.0021524208,0.015271724,0.024116736,0.041092444,0.023093816,0.019194352,0.0054294206,0.2764435,-8.000000000000001e-45,0.71,-0.258,17.055,0.021,-1.758,0.101,-9.327,0.277,-18.813,0.349,-26.382,0.08,-7.569,0.393,0.335,-0.072,-0.035,-0.38,-0.215,-0.452,-0.369,-0.634,-0.608,-0.182,-0.308,-0.391,0.016,0.069,0.404,0.448,0.053,-0.584,-0.261,-1.032,0.56,-0.542,0.658,0.52,0.843,0.949,1.114,0.477,-0.251,0.727,0.946,-0.26,17.13,0.022,-1.837,0.114,-10.634,0.28,-18.966,0.363,-27.763,0.092,-8.797,0.396,0.329,-0.075,-0.035,-0.437,-0.246,-0.457,-0.364,-0.67,-0.641,-0.212,-0.361,-0.401,0.017,0.077,0.416,0.464,0.06,-0.616,-0.244,-1.097,0.577,-0.523,0.694,0.501,0.873,0.983,1.183,0.49,-0.234,0.724,0.939
2022-09-27,CTD10,4170388,695646,0.017875541,0.027459899,0.041512553,0.01759251,0.012752329,0.0034038292,0.0033885227,0.0013517403,0.017666057,0.027627558,0.041706342,0.017632768,0.012622332,0.003291234,0.14667548,-8.000000000000001e-45,0.88,-0.204,12.328,0.219,-20.426,0.366,-42.0,0.405,-32.753,0.53,-54.328,0.16,-21.575,0.217,0.157,-0.848,-0.26,-1.744,-0.739,-0.899,-0.418,-1.492,-0.956,-0.592,-0.896,-0.463,0.182,0.249,0.595,0.638,0.07,-0.718,-0.063,-1.694,1.254,-0.206,1.73,0.132,0.787,1.895,2.615,0.333,-0.041,0.653,0.918,-0.203,12.219,0.221,-20.517,0.373,-43.029,0.406,-32.735,0.535,-55.247,0.166,-22.512,0.215,0.154,-0.856,-0.259,-1.795,-0.759,-0.904,-0.413,-1.526,-0.974,-0.622,-0.939,-0.465,0.184,0.253,0.598,0.643,0.072,-0.735,-0.053,-1.737,1.264,-0.176,1.766,0.113,0.794,1.908,2.666,0.336,-0.034,0.653,0.916
2022-09-27,CTD11,4169609,700351,0.009341776,0.013770037,0.020568628,0.006331513,0.004835143,0.0011759078,0.0012010626,0.0004725561,0.009357378,0.013686829,0.020590581,0.006511973,0.0046678046,0.0012070178,0.23443644,-8.000000000000001e-45,0.545,-0.198,24.004,0.37,-85.319,0.48,-134.198,0.529,-109.322,0.619,-158.201,0.134,-48.879,0.152,0.116,-1.755,-0.413,-2.76,-0.85,-1.505,-0.529,-2.178,-1.002,-0.673,-1.005,-0.609,0.293,0.332,0.765,0.783,0.044,-0.64,-0.094,-2.079,1.94,-0.401,2.54,0.184,0.73,2.897,3.794,0.225,-0.043,0.585,0.944,-0.201,24.497,0.355,-80.5,0.491,-141.171,0.519,-104.997,0.63,-165.668,0.165,-60.67,0.16,0.114,-1.658,-0.376,-2.907,-0.919,-1.437,-0.49,-2.267,-1.079,-0.83,-1.249,-0.618,0.284,0.333,0.767,0.788,0.054,-0.73,-0.052,-2.309,1.875,-0.23,2.616,0.109,0.788,2.821,3.935,0.249,-0.025,0.589,0.932
2022-09-27,CTD12,4173438,695414,0.019846173,0.029454628,0.042848006,0.013867973,0.0101603195,0.0025187281,0.0025308218,0.0010013673,0.019648131,0.029491955,0.043098275,0.014064978,0.00993634,0.002413651,0.14884321,-8.000000000000001e-45,1.09,-0.185,10.612,0.36,-38.158,0.487,-64.472,0.511,-48.77,0.617,-75.084,0.154,-26.314,0.147,0.108,-1.635,-0.388,-2.762,-0.894,-1.437,-0.496,-2.212,-1.041,-0.775,-1.127,-0.557,0.294,0.34,0.732,0.755,0.051,-0.677,-0.045,-2.093,1.887,-0.191,2.575,0.09,0.722,2.745,3.746,0.234,-0.021,0.599,0.935,-0.187,10.705,0.354,-37.191,0.496,-66.733,0.508,-47.896,0.625,-77.438,0.172,-29.542,0.151,0.106,-1.603,-0.37,-2.876,-0.939,-1.413,-0.476,-2.284,-1.089,-0.871,-1.273,-0.567,0.291,0.342,0.736,0.761,0.057,-0.731,-0.022,-2.241,1.866,-0.096,2.642,0.046,0.755,2.727,3.861,0.246,-0.011,0.6,0.928
2023-01-10,CTD1,4187246,695025,0.0044269734,0.005763349,0.008064581,0.0021371015,0.0019719766,0.00049717707,0.00049664814,0.00019688715,0.004426583,0.0057748915,0.008049543,0.002248328,0.001861823,0.0005238105,0.30319238,-8.000000000000001e-45,0.59,-0.166,49.511,0.459,-294.413,0.49,-333.595,0.581,-343.924,0.607,-383.106,0.04,-39.182,0.106,0.098,-2.374,-0.581,-2.69,-0.713,-1.982,-0.678,-2.208,-0.819,-0.226,-0.316,-0.56,0.361,0.372,0.766,0.771,0.012,-0.369,-0.208,-1.393,2.452,-0.851,2.658,0.316,0.477,3.431,3.719,0.126,-0.077,0.571,0.984,-0.165,48.933,0.44,-271.612,0.512,-363.945,0.563,-320.544,0.624,-412.877,0.094,-92.333,0.11,0.091,-2.186,-0.506,-2.93,-0.818,-1.851,-0.597,-2.384,-0.928,-0.533,-0.743,-0.553,0.356,0.38,0.76,0.771,0.028,-0.49,-0.111,-1.755,2.337,-0.478,2.822,0.186,0.566,3.258,3.934,0.158,-0.043,0.58,0.962
2023-01-10,CTD2,4181518,693105,0.0042544105,0.0056146556,0.008024476,0.0020255463,0.0017967802,0.00044914975,0.00044728752,0.000175241,0.0042919535,0.005574788,0.008103064,0.0021012255,0.0017084831,0.0004604523,0.41025248,-2.878e-42,0.96,-0.177,53.487,0.47,-315.589,0.515,-378.446,0.597,-369.075,0.634,-431.932,0.06,-62.857,0.108,0.096,-2.532,-0.567,-3.037,-0.767,-2.072,-0.663,-2.425,-0.875,-0.353,-0.504,-0.63,0.365,0.38,0.809,0.815,0.017,-0.428,-0.187,-1.694,2.548,-0.837,2.872,0.302,0.542,3.642,4.105,0.137,-0.068,0.56,0.977,-0.185,55.969,0.453,-296.534,0.531,-405.936,0.588,-352.503,0.652,-461.904,0.103,-109.402,0.118,0.096,-2.403,-0.507,-3.289,-0.853,-1.965,-0.602,-2.575,-0.971,-0.61,-0.886,-0.664,0.354,0.379,0.824,0.833,0.029,-0.542,-0.125,-2.09,2.442,-0.593,3.004,0.224,0.64,3.55,4.366,0.166,-0.047,0.561,0.962
2023-01-10,CTD3,4181698,695238,0.0051933387,0.006936573,0.0063540237,0.001086308,0.00076066004,0.00018372461,0.00018122817,6.9651316e-05,0.0052344427,0.0069421697,0.006261795,0.0010967237,0.0007263951,0.00018620148,0.03071897,-8.000000000000001e-45,1.05,0.044,-13.217,0.729,-776.386,0.802,-1170.484,0.708,-763.169,0.786,-1157.267,0.176,-394.099,-0.014,-0.01,-4.933,-0.591,-7.437,-1.272,-5.294,-0.581,-8.027,-1.257,-2.734,-2.504,0.315,0.822,0.83,0.684,0.697,0.025,-0.336,0.391,-1.968,6.266,3.27,8.948,-0.512,0.216,5.74,8.197,0.037,0.061,0.604,0.956,0.052,-15.651,0.727,-767.759,0.811,-1232.614,0.702,-752.108,0.792,-1216.963,0.203,-464.855,-0.017,-0.011,-4.808,-0.558,-7.718,-1.352,-5.221,-0.546,-8.448,-1.335,-3.227,-2.911,0.373,0.836,0.845,0.674,0.689,0.028,-0.401,0.446,-2.29,6.214,3.847,9.382,-0.608,0.24,5.605,8.462,0.042,0.071,0.609,0.95
2023-01-10,CTD4,4180266,698264,0.008651511,0.01329863,0.01825445,0.0036259843,0.002756238,0.0006414124,0.0006337998,0.00024226644,0.008635413,0.013108902,0.018403111,0.0037661458,0.0026548873,0.0006748798,0.27161548,-2.878e-42,1.095,-0.157,20.415,0.572,-200.591,0.657,-287.618,0.669,-221.006,0.738,-308.032,0.136,-87.026,0.074,0.056,-3.662,-0.553,-5.25,-1.043,-2.939,-0.609,-4.096,-1.117,-1.157,-1.589,-0.777,0.46,0.482,0.911,0.916,0.028,-0.587,-0.032,-2.955,3.517,-0.209,4.626,0.057,0.613,4.827,6.35,0.122,-0.009,0.536,0.96,-0.168,21.945,0.554,-189.239,0.663,-300.38,0.66,-211.185,0.748,-322.325,0.173,-111.14,0.083,0.058,-3.483,-0.502,-5.528,-1.131,-2.768,-0.561,-4.225,-1.214,-1.457,-2.045,-0.825,0.444,0.472,0.929,0.933,0.035,-0.706,0.007,-3.451,3.336,0.051,4.733,-0.015,0.699,4.684,6.644,0.143,0.002,0.536,0.95
2023-01-10,CTD6,4176009,695829,0.008126011,0.010940214,0.012667019,0.002979713,0.0020706633,0.0005277152,0.00052336085,0.00021086457,0.008194751,0.01093358,0.012522795,0.0029787286,0.0020603004,0.00054735417,0.2775813,-8.000000000000001e-45,0.62,-0.073,12.461,0.572,-244.197,0.682,-391.531,0.619,-256.658,0.719,-403.992,0.18,-147.334,0.037,0.026,-3.093,-0.506,-4.96,-1.167,-2.808,-0.531,-4.42,-1.204,-1.612,-1.866,-0.342,0.54,0.567,0.745,0.761,0.039,-0.575,0.169,-2.446,3.508,1.032,5.048,-0.281,0.463,4.062,5.845,0.109,0.046,0.59,0.942,-0.068,11.607,0.572,-244.252,0.683,-393.905,0.616,-255.859,0.717,-405.512,0.182,-149.652,0.035,0.024,-3.059,-0.503,-4.933,-1.173,-2.797,-0.527,-4.434,-1.208,-1.636,-1.874,-0.315,0.545,0.572,0.735,0.752,0.039,-0.573,0.181,-2.408,3.506,1.103,5.069,-0.3,0.454,4.016,5.806,0.108,0.049,0.593,0.941
2023-01-10,CTD7,4176724,690397,0.032207686,0.047985606,0.06213296,0.016178261,0.009879493,0.0024541868,0.002368256,0.000935598,0.032492742,0.047294453,0.06263294,0.016557662,0.010423189,0.002239587,0.061159384,-8.000000000000001e-45,0.825,-0.128,4.745,0.496,-40.972,0.659,-80.38,0.587,-45.717,0.726,-85.125,0.242,-39.408,0.077,0.047,-2.546,-0.405,-4.994,-1.3,-2.194,-0.452,-4.085,-1.377,-1.891,-2.449,-0.543,0.442,0.487,0.794,0.814,0.057,-0.865,0.162,-3.323,2.807,1.017,4.597,-0.343,0.684,3.635,5.952,0.178,0.054,0.583,0.92,-0.14,5.178,0.481,-39.251,0.639,-74.796,0.582,-44.429,0.715,-79.974,0.227,-35.545,0.086,0.054,-2.458,-0.409,-4.685,-1.238,-2.101,-0.463,-3.782,-1.324,-1.681,-2.226,-0.568,0.421,0.466,0.798,0.818,0.056,-0.833,0.126,-3.153,2.69,0.755,4.273,-0.264,0.695,3.562,5.659,0.184,0.044,0.581,0.923
2023-01-10,CTD8,4174178,693048,0.018219257,0.026373046,0.03546549,0.008275704,0.006264912,0.0014273027,0.0013753367,0.0005481651,0.01820744,0.026173385,0.03585966,0.008570694,0.0057500433,0.0014880485,0.14829844,-8.000000000000001e-45,0.95,-0.147,9.721,0.522,-82.918,0.616,-121.702,0.622,-92.639,0.7,-131.423,0.138,-38.784,0.08,0.061,-2.941,-0.519,-4.316,-1.007,-2.443,-0.58,-3.466,-1.088,-1.023,-1.375,-0.625,0.434,0.46,0.833,0.843,0.033,-0.577,-0.013,-2.474,3.01,-0.076,3.976,0.024,0.588,4.048,5.347,0.137,-0.004,0.56,0.954,-0.156,10.32,0.507,-78.47,0.64,-135.705,0.614,-88.79,0.724,-146.025,0.197,-57.235,0.088,0.059,-2.814,-0.451,-4.866,-1.163,-2.324,-0.511,-3.822,-1.252,-1.498,-2.052,-0.676,0.423,0.46,0.855,0.867,0.045,-0.761,0.059,-3.183,2.893,0.368,4.313,-0.12,0.699,3.964,5.909,0.167,0.019,0.56,0.937
2023-01-10,CTD9,4171106,693183,0.01622725,0.020796688,0.030487638,0.015504261,0.015226877,0.004179519,0.0041003604,0.001609121,0.015837604,0.02102058,0.030343853,0.015622654,0.013059472,0.003909387,0.63510823,-8.000000000000001e-45,0.52,-0.189,15.284,0.146,-16.414,0.155,-17.589,0.326,-31.698,0.334,-32.873,0.009,-1.175,0.237,0.233,-0.5,-0.25,-0.536,-0.273,-0.659,-0.483,-0.684,-0.51,-0.024,-0.036,-0.315,0.116,0.121,0.416,0.42,0.005,-0.336,-0.3,-0.661,0.842,-0.601,0.857,0.448,0.484,1.234,1.257,0.246,-0.224,0.708,0.994,-0.182,14.617,0.147,-16.437,0.234,-29.0,0.32,-31.054,0.398,-43.617,0.089,-12.563,0.228,0.191,-0.499,-0.215,-0.88,-0.453,-0.653,-0.406,-0.917,-0.681,-0.264,-0.381,-0.325,0.124,0.173,0.432,0.472,0.05,-0.504,-0.143,-0.978,0.915,-0.333,1.095,0.247,0.608,1.321,1.58,0.313,-0.106,0.713,0.944
2023-01-10,CTD10,4170388,695646,0.00573447,0.0068619368,0.010192585,0.0032626656,0.0030973228,0.0007699247,0.0007530198,0.00029984783,0.0058335843,0.006788196,0.010279412,0.003331619,0.002794224,0.000806368,0.46857202,-8.000000000000001e-45,0.52,-0.195,47.621,0.355,-160.766,0.378,-177.128,0.515,-208.387,0.534,-224.749,0.026,-16.362,0.155,0.147,-1.639,-0.498,-1.805,-0.578,-1.43,-0.645,-1.542,-0.733,-0.112,-0.167,-0.524,0.271,0.28,0.696,0.701,0.01,-0.38,-0.276,-1.188,1.799,-0.909,1.895,0.432,0.536,2.673,2.815,0.172,-0.131,0.594,0.988,-0.205,50.033,0.342,-152.84,0.417,-210.567,0.51,-202.873,0.573,-260.599,0.088,-57.727,0.167,0.14,-1.571,-0.427,-2.165,-0.702,-1.377,-0.567,-1.769,-0.868,-0.392,-0.593,-0.57,0.264,0.293,0.725,0.74,0.031,-0.532,-0.178,-1.641,1.766,-0.656,2.105,0.322,0.676,2.674,3.188,0.219,-0.088,0.593,0.961
2023-01-10,CTD11,4169609,700351,0.011600776,0.018285098,0.021708945,0.004580667,0.003109515,0.0007899832,0.0007626923,0.00030228499,0.011584415,0.018049812,0.021764794,0.0046688872,0.0031952902,0.000804731,0.08984967,-8.000000000000001e-45,0.435,-0.086,8.625,0.599,-163.619,0.709,-266.904,0.652,-172.245,0.749,-275.53,0.191,-103.285,0.04,0.027,-3.552,-0.509,-5.794,-1.223,-3.15,-0.536,-5.038,-1.262,-1.889,-2.242,-0.445,0.552,0.577,0.801,0.813,0.037,-0.631,0.163,-2.99,3.849,1.141,5.669,-0.286,0.508,4.569,6.731,0.107,0.041,0.572,0.944,-0.093,9.456,0.589,-158.782,0.699,-257.558,0.647,-168.238,0.744,-267.015,0.187,-98.777,0.044,0.03,-3.456,-0.507,-5.606,-1.203,-3.037,-0.538,-4.82,-1.247,-1.783,-2.15,-0.472,0.536,0.562,0.805,0.817,0.037,-0.632,0.145,-2.946,3.719,0.987,5.434,-0.255,0.521,4.485,6.553,0.112,0.037,0.571,0.944
2023-01-10,CTD12,4173438,695414,0.0064746654,0.008808629,0.011900045,0.0026750148,0.0020891966,0.00052697415,0.0005167001,0.00020293416,0.006517054,0.008707342,0.011847912,0.0027317917,0.0020525986,0.0005403299,0.25759208,-8.000000000000001e-45,0.57,-0.149,29.492,0.534,-260.305,0.617,-365.128,0.633,-289.796,0.701,-394.62,0.123,-104.823,0.079,0.062,-3.098,-0.544,-4.345,-0.977,-2.553,-0.605,-3.476,-1.056,-0.923,-1.247,-0.649,0.438,0.461,0.847,0.854,0.028,-0.54,-0.041,-2.403,3.117,-0.232,3.991,0.071,0.57,4.211,5.392,0.128,-0.012,0.555,0.96,-0.153,30.443,0.522,-251.215,0.618,-372.342,0.625,-281.657,0.705,-402.784,0.142,-121.127,0.083,0.062,-2.976,-0.516,-4.411,-1.017,-2.452,-0.578,-3.507,-1.1,-1.055,-1.435,-0.656,0.43,0.456,0.847,0.856,0.033,-0.596,-0.016,-2.585,3.014,-0.095,4.012,0.03,0.609,4.101,5.458,0.14,-0.005,0.557,0.953
2023-03-01,CTD1,4187246,695025,0.0044296137,0.005909445,0.01037797,0.002401496,0.002727479,0.00062627374,0.0006496332,0.00023993869,0.004465405,0.005785908,0.010534751,0.002519198,0.002242539,0.00072079326,0.925837,-2.878e-42,0.315,-0.274,72.863,0.422,-247.186,0.368,-197.418,0.624,-320.049,0.584,-270.281,-0.064,49.768,0.175,0.199,-2.565,-0.674,-2.049,-0.474,-1.891,-0.873,-1.597,-0.649,0.294,0.516,-0.871,0.268,0.249,0.924,0.921,-0.02,-0.311,-0.566,-1.344,2.198,-2.155,1.935,0.876,0.62,3.86,3.399,0.144,-0.23,0.51,1.026,-0.291,77.91,0.393,-224.118,0.441,-273.089,0.614,-302.028,0.649,-350.999,0.058,-48.971,0.196,0.175,-2.361,-0.503,-2.877,-0.688,-1.748,-0.677,-2.031,-0.884,-0.283,-0.516,-0.997,0.256,0.271,0.998,0.998,0.017,-0.574,-0.341,-2.401,2.084,-1.602,2.341,0.697,0.931,3.794,4.262,0.223,-0.148,0.509,0.979
2023-03-01,CTD2,4181518,693105,0.007610613,0.010892712,0.014781681,0.0023479825,0.0019509174,0.00043337306,0.0004400294,0.00016280734,0.007635345,0.010701358,0.014925035,0.002413235,0.0017665767,0.00047335372,0.25321737,-2.878e-42,0.365,-0.151,24.153,0.645,-334.093,0.696,-420.775,0.726,-358.246,0.767,-444.928,0.092,-86.682,0.057,0.047,-4.938,-0.652,-6.22,-0.988,-3.902,-0.699,-4.846,-1.045,-0.944,-1.281,-0.905,0.511,0.522,0.968,0.969,0.015,-0.467,-0.094,-2.938,4.507,-0.712,5.425,0.153,0.526,6.116,7.361,0.084,-0.02,0.516,0.977,-0.165,26.445,0.632,-320.935,0.717,-472.62,0.722,-347.38,0.788,-499.065,0.155,-151.685,0.064,0.047,-4.79,-0.567,-7.054,-1.141,-3.717,-0.614,-5.341,-1.204,-1.623,-2.264,-1.01,0.497,0.515,1.004,1.003,0.025,-0.649,-0.015,-4.014,4.316,-0.127,5.896,0.029,0.663,6.02,8.223,0.107,-0.003,0.512,0.963
2023-03-01,CTD3,4181698,695238,0.010119217,0.014423739,0.016735308,0.0029171754,0.0023235984,0.00051493454,0.0005196472,0.00019551857,0.010127487,0.014133473,0.01685444,0.0029261261,0.0020929754,0.0005641919,0.23738033,-2.878e-42,0.415,-0.074,9.576,0.664,-273.467,0.723,-361.037,0.703,-283.043,0.756,-370.613,0.113,-87.57,0.028,0.022,-4.577,-0.635,-6.042,-1.053,-4.083,-0.658,-5.346,-1.081,-1.263,-1.466,-0.441,0.604,0.616,0.825,0.831,0.019,-0.394,0.065,-2.258,4.806,0.471,6.033,-0.095,0.364,5.576,7.0,0.063,0.013,0.557,0.97,-0.088,11.422,0.657,-270.995,0.742,-407.035,0.704,-282.417,0.779,-418.457,0.166,-136.04,0.033,0.024,-4.567,-0.567,-6.86,-1.191,-3.992,-0.591,-5.914,-1.224,-1.923,-2.293,-0.542,0.591,0.609,0.858,0.865,0.027,-0.56,0.123,-3.223,4.706,0.993,6.579,-0.206,0.477,5.612,7.846,0.083,0.026,0.551,0.958
2023-03-01,CTD4,4180266,698264,0.033061747,0.040406294,0.047936123,0.016078604,0.012272475,0.0032428175,0.0032577987,0.0012610431,0.032359514,0.040410243,0.048534445,0.016145086,0.011609822,0.002986202,0.15215208,-8.000000000000001e-45,0.285,-0.085,3.888,0.431,-37.446,0.534,-56.735,0.498,-41.333,0.592,-60.622,0.134,-19.289,0.063,0.048,-1.795,-0.46,-2.72,-0.912,-1.67,-0.507,-2.45,-0.975,-0.779,-0.925,-0.266,0.404,0.439,0.605,0.631,0.043,-0.467,0.08,-1.393,2.257,0.311,2.957,-0.124,0.423,2.678,3.508,0.142,0.032,0.639,0.941,-0.091,4.142,0.429,-37.192,0.554,-61.388,0.501,-41.334,0.614,-65.53,0.163,-24.196,0.067,0.048,-1.805,-0.432,-2.979,-0.991,-1.67,-0.48,-2.648,-1.058,-0.978,-1.174,-0.293,0.403,0.445,0.623,0.653,0.051,-0.558,0.114,-1.678,2.264,0.475,3.148,-0.19,0.482,2.719,3.781,0.16,0.045,0.636,0.93
2023-03-01,CTD6,4176009,695829,0.012128663,0.016590942,0.017835483,0.0029037998,0.0020469406,0.0004954615,0.00048478256,0.00018633585,0.012186453,0.016576307,0.017934479,0.002942525,0.0020198198,0.00051751814,0.09917448,-8.000000000000001e-45,0.2,-0.036,4.206,0.702,-284.103,0.78,-428.26,0.72,-288.308,0.794,-432.466,0.173,-144.158,0.012,0.009,-5.067,-0.582,-7.638,-1.244,-4.783,-0.59,-7.175,-1.256,-2.392,-2.571,-0.251,0.688,0.701,0.801,0.81,0.025,-0.488,0.225,-3.0,5.599,1.963,7.942,-0.344,0.37,6.019,8.538,0.06,0.039,0.566,0.959,-0.039,4.569,0.698,-279.517,0.783,-434.767,0.718,-284.086,0.798,-439.335,0.186,-155.249,0.013,0.009,-5.013,-0.565,-7.797,-1.279,-4.709,-0.574,-7.283,-1.293,-2.573,-2.784,-0.274,0.683,0.697,0.806,0.815,0.027,-0.533,0.238,-3.246,5.521,2.112,8.043,-0.375,0.396,5.973,8.702,0.065,0.042,0.566,0.956
2023-03-01,CTD7,4176724,690397,0.033913292,0.050238766,0.053819627,0.00658214,0.0040088994,0.001091207,0.0009716417,0.00038859405,0.034537375,0.048783995,0.05499978,0.0062342845,0.0040609622,0.0011007715,0.06341462,-8.000000000000001e-45,0.19,-0.034,1.324,0.768,-132.021,0.852,-229.54,0.782,-133.346,0.861,-230.864,0.243,-97.519,0.009,0.005,-7.105,-0.529,-12.354,-1.511,-6.699,-0.535,-11.598,-1.52,-4.899,-5.248,-0.338,0.755,0.765,0.871,0.877,0.025,-0.708,0.324,-5.792,7.558,4.355,12.41,-0.571,0.462,8.097,13.294,0.057,0.043,0.546,0.957,-0.06,2.317,0.773,-139.905,0.846,-225.749,0.796,-142.221,0.862,-228.065,0.211,-85.844,0.014,0.009,-7.695,-0.568,-12.416,-1.407,-6.938,-0.578,-11.126,-1.422,-4.188,-4.721,-0.604,0.72,0.73,0.923,0.926,0.021,-0.648,0.236,-5.718,7.751,3.191,11.9,-0.408,0.476,8.739,13.416,0.054,0.03,0.53,0.965
2023-03-01,CTD8,4174178,693048,0.044644892,0.06048541,0.07130349,0.019227259,0.012018133,0.0029255995,0.0028815498,0.0011138364,0.043803476,0.058298808,0.07173309,0.019735314,0.012466055,0.0026299723,0.056993213,-8.000000000000001e-45,0.35,-0.082,2.508,0.518,-35.477,0.668,-66.675,0.575,-37.985,0.712,-69.183,0.231,-31.198,0.048,0.03,-2.53,-0.426,-4.754,-1.282,-2.298,-0.457,-4.185,-1.33,-1.887,-2.225,-0.346,0.495,0.535,0.718,0.744,0.055,-0.752,0.223,-2.787,2.977,1.324,4.763,-0.421,0.554,3.51,5.615,0.149,0.071,0.605,0.92,-0.103,3.212,0.494,-33.518,0.648,-63.065,0.568,-36.73,0.704,-66.277,0.226,-29.547,0.063,0.04,-2.404,-0.418,-4.524,-1.245,-2.141,-0.458,-3.864,-1.308,-1.723,-2.12,-0.417,0.458,0.501,0.735,0.76,0.056,-0.77,0.181,-2.8,2.78,1.042,4.401,-0.353,0.599,3.421,5.416,0.165,0.061,0.6,0.921
2023-03-01,CTD9,4171106,693183,0.021800704,0.028861025,0.03964964,0.01764993,0.015545425,0.0043350304,0.0041819345,0.0016457286,0.0212161,0.02901969,0.040311992,0.017710965,0.013748062,0.004105028,0.4172594,-8.000000000000001e-45,0.16,-0.157,9.428,0.241,-22.009,0.3,-29.679,0.384,-31.437,0.437,-39.107,0.063,-7.67,0.166,0.147,-0.873,-0.342,-1.177,-0.524,-0.907,-0.489,-1.129,-0.69,-0.221,-0.304,-0.325,0.203,0.232,0.495,0.518,0.031,-0.407,-0.153,-0.915,1.243,-0.39,1.411,0.238,0.493,1.708,1.939,0.219,-0.093,0.679,0.963,-0.163,9.653,0.242,-22.003,0.357,-38.278,0.39,-31.656,0.491,-47.931,0.126,-16.275,0.171,0.133,-0.887,-0.302,-1.543,-0.678,-0.919,-0.435,-1.391,-0.849,-0.472,-0.656,-0.359,0.209,0.263,0.528,0.568,0.057,-0.568,-0.056,-1.294,1.297,-0.165,1.671,0.101,0.613,1.802,2.322,0.269,-0.034,0.674,0.932
2023-03-01,CTD10,4170388,695646,0.019302104,0.028110905,0.028720131,0.004183647,0.002717023,0.00069791405,0.0006674577,0.0002599708,0.019453928,0.028015913,0.029054709,0.0041625625,0.0027805967,0.0007060082,0.070954464,-8.000000000000001e-45,0.23,-0.011,0.755,0.741,-203.453,0.824,-332.477,0.746,-204.207,0.827,-333.231,0.213,-129.024,0.003,0.002,-5.843,-0.553,-9.549,-1.391,-5.74,-0.555,-9.367,-1.394,-3.627,-3.706,-0.088,0.761,0.772,0.796,0.805,0.026,-0.561,0.329,-3.851,6.625,3.481,10.201,-0.518,0.372,6.768,10.422,0.054,0.049,0.568,0.955,-0.018,1.276,0.741,-204.543,0.819,-323.941,0.749,-205.819,0.825,-325.217,0.199,-119.398,0.005,0.004,-5.943,-0.569,-9.412,-1.348,-5.766,-0.572,-9.111,-1.354,-3.345,-3.469,-0.15,0.749,0.76,0.808,0.817,0.024,-0.533,0.296,-3.719,6.635,3.095,9.932,-0.46,0.369,6.881,10.301,0.053,0.044,0.564,0.958
2023-03-01,CTD11,4169609,700351,0.018626211,0.02739646,0.034816016,0.009764415,0.0066250362,0.0016048708,0.0015890487,0.00062224193,0.018635217,0.027505208,0.034924444,0.010012104,0.0067005167,0.001552889,0.1415604,-8.000000000000001e-45,0.19,-0.119,7.779,0.474,-65.912,0.611,-114.442,0.562,-73.69,0.68,-122.22,0.192,-48.53,0.076,0.052,-2.295,-0.437,-3.984,-1.117,-2.019,-0.488,-3.348,-1.193,-1.33,-1.69,-0.453,0.425,0.466,0.736,0.759,0.05,-0.687,0.108,-2.449,2.615,0.57,3.855,-0.203,0.592,3.324,4.899,0.166,0.039,0.597,0.93,-0.119,7.724,0.466,-63.522,0.608,-112.885,0.554,-71.246,0.678,-120.609,0.198,-49.363,0.077,0.052,-2.218,-0.426,-3.942,-1.13,-1.96,-0.477,-3.317,-1.208,-1.358,-1.724,-0.444,0.42,0.463,0.728,0.752,0.053,-0.707,0.118,-2.465,2.555,0.617,3.818,-0.224,0.6,3.245,4.848,0.172,0.043,0.601,0.926
2023-03-01,CTD12,4173438,695414,0.012616866,0.017533189,0.020946722,0.0041615004,0.0028376896,0.00071035797,0.00069611147,0.00027399094,0.012657154,0.017439824,0.021052387,0.004213794,0.002838705,0.0007167038,0.13906717,-8.000000000000001e-45,0.175,-0.089,9.295,0.616,-183.263,0.721,-295.365,0.669,-192.558,0.761,-304.659,0.189,-112.101,0.039,0.026,-3.839,-0.52,-6.187,-1.229,-3.376,-0.546,-5.342,-1.268,-1.965,-2.348,-0.488,0.562,0.585,0.824,0.835,0.034,-0.629,0.155,-3.168,4.078,1.145,5.98,-0.272,0.513,4.872,7.144,0.102,0.037,0.564,0.947,-0.094,9.839,0.611,-179.976,0.72,-294.933,0.666,-189.815,0.762,-304.773,0.195,-114.957,0.041,0.028,-3.789,-0.511,-6.209,-1.243,-3.31,-0.539,-5.315,-1.284,-2.005,-2.42,-0.512,0.554,0.578,0.83,0.841,0.036,-0.656,0.155,-3.277,4.004,1.148,5.943,-0.277,0.533,4.833,7.175,0.107,0.037,0.563,0.946
2023-03-16,CTD1,4187246,695025,0.004890207,0.0071799364,0.012392107,0.0032688428,0.002973132,0.0007029125,0.00069743674,0.00027530044,0.004934745,0.0070348075,0.012547561,0.003425088,0.0027073268,0.000760214,0.57579714,-2.878e-42,0.395,-0.266,58.58,0.374,-166.642,0.414,-197.069,0.583,-225.222,0.613,-255.649,0.047,-30.427,0.191,0.174,-2.065,-0.495,-2.442,-0.644,-1.617,-0.67,-1.836,-0.836,-0.218,-0.377,-0.835,0.255,0.269,0.899,0.901,0.015,-0.52,-0.33,-1.972,1.957,-1.376,2.151,0.626,0.816,3.377,3.713,0.215,-0.15,0.534,0.981,-0.282,62.454,0.345,-149.813,0.444,-227.218,0.571,-212.267,0.645,-289.671,0.117,-77.405,0.214,0.169,-1.88,-0.406,-2.851,-0.778,-1.493,-0.575,-2.038,-0.992,-0.545,-0.971,-0.899,0.237,0.271,0.936,0.941,0.037,-0.704,-0.23,-2.581,1.838,-1.065,2.325,0.519,0.993,3.279,4.148,0.271,-0.112,0.534,0.955
2023-03-16,CTD2,4181518,693105,0.009893569,0.01333915,0.01258428,0.0020941691,0.0013549718,0.00035796218,0.00035181243,0.00014157467,0.009921885,0.013368052,0.012506312,0.0020818908,0.0013935635,0.00035909662,0.084799096,-2.878e-42,0.44,0.029,-4.497,0.729,-402.549,0.816,-663.055,0.715,-398.052,0.806,-658.559,0.214,-260.506,-0.009,-0.006,-5.066,-0.545,-8.344,-1.389,-5.31,-0.539,-8.785,-1.379,-3.475,-3.278,0.219,0.807,0.816,0.714,0.728,0.029,-0.486,0.413,-2.918,6.262,3.835,9.678,-0.602,0.296,5.908,9.13,0.049,0.065,0.595,0.95,0.033,-5.154,0.73,-405.527,0.811,-642.78,0.715,-400.373,0.799,-637.625,0.198,-237.252,-0.011,-0.007,-5.072,-0.565,-8.039,-1.338,-5.352,-0.558,-8.524,-1.327,-3.172,-2.967,0.248,0.812,0.821,0.706,0.719,0.027,-0.425,0.4,-2.553,6.31,3.586,9.426,-0.558,0.266,5.903,8.819,0.044,0.062,0.597,0.953
2023-03-16,CTD3,4181698,695238,0.011018176,0.015513854,0.017495658,0.0038404258,0.0026442292,0.00068830315,0.0006856178,0.000275629,0.011057309,0.015489665,0.017342579,0.0038799166,0.0026829967,0.00070285966,0.07234001,-8.000000000000001e-45,0.335,-0.06,7.301,0.603,-195.929,0.709,-313.724,0.64,-203.231,0.737,-321.025,0.184,-117.794,0.028,0.019,-3.428,-0.518,-5.489,-1.205,-3.153,-0.537,-4.98,-1.233,-1.827,-2.061,-0.306,0.58,0.603,0.752,0.767,0.036,-0.566,0.198,-2.577,3.888,1.311,5.648,-0.325,0.439,4.385,6.369,0.096,0.049,0.586,0.944,-0.056,6.898,0.599,-193.178,0.705,-308.158,0.634,-200.076,0.732,-315.056,0.182,-114.98,0.027,0.019,-3.35,-0.518,-5.344,-1.196,-3.099,-0.537,-4.88,-1.222,-1.781,-1.994,-0.282,0.58,0.603,0.741,0.757,0.036,-0.553,0.202,-2.472,3.838,1.303,5.55,-0.326,0.428,4.297,6.213,0.096,0.051,0.59,0.944
2023-03-16,CTD4,4180266,698264,0.012864128,0.01849672,0.019281272,0.004910336,0.0030774912,0.0008294169,0.0008317347,0.00033844824,0.012918136,0.01856974,0.01918964,0.004929105,0.003232663,0.00082025037,0.00037719417,-8.000000000000001e-45,0.285,-0.021,2.2,0.58,-149.588,0.715,-270.876,0.594,-151.788,0.725,-273.076,0.229,-121.288,0.011,0.007,-2.884,-0.46,-5.223,-1.33,-2.808,-0.467,-5.051,-1.341,-2.243,-2.339,-0.098,0.608,0.637,0.666,0.692,0.049,-0.636,0.333,-2.498,3.607,2.084,5.756,-0.553,0.416,3.76,6.0,0.106,0.088,0.62,0.924,-0.016,1.74,0.58,-149.026,0.703,-255.491,0.591,-150.765,0.712,-257.231,0.208,-106.466,0.009,0.006,-2.86,-0.482,-4.903,-1.259,-2.8,-0.487,-4.777,-1.268,-1.977,-2.043,-0.076,0.608,0.636,0.654,0.679,0.045,-0.557,0.312,-2.169,3.599,1.851,5.488,-0.491,0.378,3.719,5.671,0.097,0.083,0.622,0.93
2023-03-16,CTD6,4176009,695829,0.010392357,0.014531626,0.015162735,0.0037734215,0.002478967,0.00066435337,0.0006604563,0.00026936003,0.010451021,0.014541461,0.015120347,0.0037608738,0.0025888144,0.0006732374,0.0042780126,-8.000000000000001e-45,0.235,-0.021,2.864,0.588,-196.196,0.709,-334.578,0.601,-199.06,0.719,-337.443,0.207,-138.382,0.011,0.007,-2.975,-0.486,-5.073,-1.263,-2.893,-0.493,-4.904,-1.273,-2.011,-2.098,-0.101,0.61,0.636,0.67,0.693,0.044,-0.564,0.301,-2.266,3.688,1.844,5.613,-0.479,0.386,3.848,5.857,0.096,0.078,0.616,0.932,-0.02,2.633,0.589,-197.127,0.698,-317.508,0.602,-199.76,0.708,-320.141,0.185,-120.382,0.01,0.007,-2.981,-0.51,-4.801,-1.194,-2.905,-0.517,-4.655,-1.204,-1.751,-1.82,-0.091,0.609,0.633,0.663,0.685,0.04,-0.491,0.273,-1.974,3.695,1.597,5.368,-0.413,0.351,3.842,5.582,0.087,0.071,0.617,0.938
2023-03-16,CTD7,4176724,690397,0.0110219065,0.017533189,0.024375081,0.005309529,0.003942735,0.00091008295,0.00094008195,0.00036925927,0.01102037,0.017377753,0.024555128,0.0055195605,0.0038022485,0.000948945,0.16946214,-2.878e-42,0.31,-0.163,16.009,0.535,-131.306,0.633,-196.596,0.642,-147.315,0.722,-212.606,0.148,-65.29,0.085,0.063,-3.201,-0.518,-4.792,-1.044,-2.583,-0.581,-3.728,-1.129,-1.145,-1.591,-0.739,0.432,0.458,0.888,0.894,0.033,-0.627,-0.023,-2.88,3.14,-0.144,4.229,0.044,0.648,4.366,5.879,0.141,-0.007,0.545,0.954,-0.171,16.82,0.518,-123.629,0.641,-205.457,0.633,-140.449,0.732,-222.278,0.184,-81.828,0.093,0.064,-3.036,-0.47,-5.045,-1.134,-2.441,-0.534,-3.863,-1.227,-1.422,-2.009,-0.77,0.418,0.451,0.899,0.906,0.041,-0.744,0.019,-3.31,2.994,0.122,4.346,-0.039,0.724,4.23,6.14,0.163,0.006,0.546,0.943
2023-03-16,CTD8,4174178,693048,0.009348035,0.01409063,0.016575212,0.0036026738,0.002542845,0.0006560294,0.00065158494,0.0002620225,0.009373603,0.014031884,0.01650037,0.0036086047,0.0025549566,0.00067296403,0.12207694,-8.000000000000001e-45,0.19,-0.081,10.638,0.593,-206.602,0.694,-322.291,0.643,-217.241,0.734,-332.929,0.172,-115.689,0.038,0.027,-3.424,-0.525,-5.342,-1.161,-3.061,-0.552,-4.691,-1.199,-1.63,-1.918,-0.404,0.549,0.572,0.78,0.793,0.035,-0.567,0.144,-2.607,3.758,0.94,5.324,-0.24,0.471,4.42,6.263,0.102,0.037,0.577,0.947,-0.081,10.662,0.591,-205.849,0.692,-320.13,0.641,-216.511,0.732,-330.791,0.171,-114.281,0.038,0.027,-3.397,-0.526,-5.282,-1.155,-3.038,-0.553,-4.642,-1.194,-1.604,-1.886,-0.4,0.547,0.571,0.777,0.791,0.035,-0.562,0.142,-2.57,3.734,0.92,5.273,-0.236,0.468,4.39,6.201,0.102,0.037,0.578,0.948
2023-03-16,CTD9,4171106,693183,0.010855323,0.017881038,0.0298329,0.009704289,0.007431903,0.0018242131,0.0018056198,0.000727268,0.010788617,0.017694555,0.02996745,0.009970591,0.0072410274,0.0018294109,0.17994003,-8.000000000000001e-45,0.41,-0.25,22.405,0.296,-47.122,0.413,-78.63,0.509,-69.527,0.601,-101.035,0.133,-31.508,0.217,0.167,-1.406,-0.35,-2.346,-0.763,-1.243,-0.517,-1.807,-0.98,-0.563,-0.94,-0.697,0.219,0.264,0.795,0.812,0.048,-0.706,-0.166,-2.172,1.593,-0.668,2.081,0.363,0.903,2.659,3.471,0.294,-0.09,0.578,0.943,-0.257,23.145,0.279,-43.78,0.419,-81.587,0.501,-66.925,0.611,-104.732,0.159,-37.807,0.231,0.168,-1.312,-0.317,-2.445,-0.813,-1.184,-0.485,-1.853,-1.044,-0.669,-1.133,-0.713,0.208,0.262,0.802,0.821,0.057,-0.786,-0.136,-2.364,1.533,-0.562,2.111,0.317,0.967,2.596,3.575,0.322,-0.077,0.58,0.932
2023-03-16,CTD10,4170388,695646,0.009373114,0.013910544,0.018013848,0.00374531,0.0027227204,0.0006819001,0.00068224844,0.0002679787,0.0093952725,0.013842463,0.018089518,0.0037701044,0.0026961484,0.00071757816,0.15956275,-8.000000000000001e-45,0.225,-0.129,16.375,0.576,-195.113,0.673,-295.392,0.656,-211.488,0.737,-311.767,0.158,-100.279,0.061,0.045,-3.515,-0.531,-5.321,-1.106,-2.942,-0.576,-4.337,-1.168,-1.395,-1.806,-0.634,0.49,0.514,0.858,0.866,0.032,-0.603,0.045,-2.902,3.563,0.299,4.901,-0.081,0.568,4.614,6.347,0.118,0.012,0.553,0.953,-0.133,16.961,0.572,-193.003,0.674,-298.658,0.655,-209.964,0.741,-315.619,0.166,-105.655,0.064,0.046,-3.491,-0.52,-5.403,-1.126,-2.906,-0.566,-4.369,-1.19,-1.463,-1.911,-0.657,0.485,0.51,0.866,0.874,0.034,-0.633,0.05,-3.038,3.523,0.336,4.926,-0.092,0.592,4.603,6.437,0.123,0.014,0.552,0.951
2023-03-16,CTD11,4169609,700351,0.008179919,0.012451309,0.01766475,0.0038820757,0.0029271594,0.0006963445,0.00069929723,0.00028309145,0.008194751,0.012319276,0.01776358,0.0039332453,0.002773286,0.00072638085,0.21043175,-8.000000000000001e-45,0.2,-0.173,23.703,0.525,-177.281,0.619,-261.315,0.64,-200.984,0.716,-285.018,0.14,-84.034,0.092,0.069,-3.132,-0.519,-4.616,-1.014,-2.503,-0.588,-3.549,-1.106,-1.046,-1.484,-0.766,0.416,0.442,0.896,0.902,0.032,-0.621,-0.049,-2.827,3.042,-0.297,4.034,0.092,0.665,4.315,5.723,0.146,-0.015,0.542,0.956,-0.181,24.879,0.516,-173.069,0.632,-279.409,0.637,-197.948,0.73,-304.288,0.173,-106.34,0.098,0.069,-3.074,-0.48,-4.963,-1.099,-2.439,-0.549,-3.749,-1.197,-1.31,-1.889,-0.812,0.408,0.44,0.916,0.922,0.039,-0.725,-0.012,-3.273,2.976,-0.074,4.221,0.024,0.737,4.291,6.086,0.163,-0.004,0.54,0.947
2023-03-16,CTD12,4173438,695414,0.00968305,0.01408586,0.015652072,0.0033041216,0.0021023615,0.0005582639,0.0005542974,0.00022388274,0.009708474,0.014157941,0.0155834565,0.0032956486,0.0021901315,0.00056146213,0.049280047,-8.000000000000001e-45,0.21,-0.053,7.104,0.62,-231.659,0.74,-404.662,0.651,-238.763,0.763,-411.766,0.222,-173.003,0.023,0.015,-3.626,-0.487,-6.334,-1.337,-3.363,-0.502,-5.8,-1.361,-2.437,-2.708,-0.29,0.607,0.632,0.763,0.779,0.04,-0.672,0.264,-3.182,4.129,1.963,6.489,-0.46,0.475,4.588,7.21,0.1,0.062,0.585,0.937,-0.048,6.461,0.622,-232.799,0.732,-385.962,0.651,-239.26,0.754,-392.423,0.202,-153.163,0.021,0.014,-3.628,-0.51,-6.015,-1.272,-3.387,-0.524,-5.556,-1.293,-2.168,-2.387,-0.26,0.611,0.634,0.752,0.767,0.037,-0.596,0.244,-2.819,4.155,1.736,6.253,-0.404,0.436,4.574,6.883,0.092,0.057,0.587,0.941
2023-04-20,CTD1,4187246,695025,0.0049639405,0.006681495,0.011193815,0.0033282528,0.0037749894,0.00095708383,0.0009472876,0.00036464055,0.0050135483,0.006635382,0.011263642,0.0034661232,0.003342331,0.0010555215,0.6259903,-8.000000000000001e-45,0.325,-0.252,60.332,0.335,-150.791,0.278,-115.234,0.542,-211.123,0.496,-175.566,-0.063,35.557,0.201,0.228,-1.688,-0.569,-1.29,-0.384,-1.411,-0.797,-1.173,-0.584,0.238,0.398,-0.635,0.224,0.2,0.752,0.741,-0.025,-0.285,-0.537,-0.958,1.67,-1.593,1.473,0.794,0.541,2.798,2.467,0.161,-0.268,0.56,1.031,-0.259,61.926,0.314,-137.8,0.33,-148.485,0.529,-199.726,0.542,-210.411,0.018,-10.686,0.215,0.207,-1.552,-0.461,-1.672,-0.515,-1.325,-0.668,-1.396,-0.729,-0.071,-0.12,-0.68,0.217,0.224,0.781,0.784,0.007,-0.448,-0.375,-1.456,1.618,-1.264,1.678,0.66,0.733,2.746,2.848,0.226,-0.196,0.564,0.992
2023-04-20,CTD2,4181518,693105,0.008974448,0.011933906,0.014781681,0.0037126308,0.0028317072,0.00070902146,0.0007035723,0.00028559475,0.009021884,0.011831364,0.01488625,0.0037490388,0.00275976,0.0007196225,0.1597572,-8.000000000000001e-45,0.37,-0.107,16.144,0.525,-185.556,0.616,-269.349,0.599,-201.699,0.678,-285.493,0.135,-83.793,0.06,0.046,-2.743,-0.525,-3.981,-1.0,-2.407,-0.571,-3.407,-1.06,-1.0,-1.239,-0.435,0.467,0.492,0.75,0.764,0.033,-0.504,0.045,-2.006,3.023,0.233,3.963,-0.072,0.476,3.744,4.909,0.12,0.014,0.586,0.952,-0.114,17.345,0.519,-182.214,0.622,-277.829,0.598,-199.559,0.687,-295.174,0.152,-95.615,0.065,0.048,-2.712,-0.503,-4.136,-1.042,-2.361,-0.551,-3.492,-1.107,-1.131,-1.423,-0.469,0.458,0.487,0.763,0.778,0.037,-0.564,0.059,-2.238,2.97,0.316,4.035,-0.1,0.522,3.737,5.077,0.131,0.019,0.583,0.947
2023-04-20,CTD3,4181698,695238,0.010194505,0.014316668,0.015207933,0.0027162659,0.0017551172,0.00042751912,0.00042553278,0.00017130708,0.010219939,0.01424794,0.015154765,0.0027537723,0.0018213263,0.00042075303,0.065384395,-8.000000000000001e-45,0.3,-0.03,4.093,0.681,-298.304,0.782,-499.914,0.697,-302.397,0.793,-504.007,0.215,-201.61,0.011,0.007,-4.537,-0.524,-7.603,-1.358,-4.329,-0.531,-7.216,-1.369,-2.886,-3.066,-0.199,0.684,0.701,0.777,0.79,0.033,-0.606,0.295,-3.394,5.155,2.558,7.978,-0.485,0.416,5.476,8.475,0.074,0.056,0.577,0.946,-0.031,4.2,0.676,-292.953,0.773,-478.865,0.692,-297.152,0.785,-483.065,0.204,-185.912,0.012,0.008,-4.44,-0.534,-7.257,-1.319,-4.234,-0.541,-6.883,-1.33,-2.649,-2.817,-0.198,0.677,0.694,0.772,0.784,0.032,-0.572,0.279,-3.147,5.054,2.32,7.641,-0.448,0.402,5.375,8.127,0.073,0.054,0.578,0.948
2023-04-20,CTD4,4180266,698264,0.026466403,0.037279986,0.041409303,0.010248338,0.006291495,0.0016151592,0.001684098,0.00066505716,0.02643594,0.037155464,0.04179453,0.010498001,0.0065854723,0.0015040222,0.05112772,-8.000000000000001e-45,0.29,-0.052,2.675,0.569,-70.753,0.711,-132.121,0.603,-73.428,0.736,-134.796,0.239,-61.368,0.027,0.017,-2.93,-0.445,-5.471,-1.354,-2.737,-0.462,-5.025,-1.381,-2.288,-2.541,-0.25,0.567,0.6,0.715,0.739,0.05,-0.729,0.286,-2.944,3.486,1.885,5.678,-0.518,0.497,3.872,6.307,0.123,0.079,0.604,0.923,-0.059,2.987,0.559,-68.342,0.699,-124.935,0.598,-71.33,0.728,-127.923,0.229,-56.593,0.031,0.02,-2.856,-0.45,-5.222,-1.312,-2.65,-0.47,-4.753,-1.343,-2.103,-2.365,-0.272,0.551,0.585,0.715,0.739,0.05,-0.705,0.262,-2.807,3.382,1.661,5.391,-0.469,0.498,3.804,6.064,0.125,0.074,0.604,0.925
2023-04-20,CTD6,4176009,695829,0.010544311,0.014409091,0.019204697,0.0061299955,0.0044745766,0.0011478066,0.0011522501,0.00046743566,0.0105695715,0.014359008,0.01880473,0.0061413296,0.0044349013,0.0011391261,0.11627135,-8.000000000000001e-45,0.465,-0.143,17.33,0.403,-93.732,0.526,-154.084,0.516,-111.062,0.622,-171.414,0.156,-60.353,0.106,0.078,-1.8,-0.419,-2.959,-0.945,-1.6,-0.497,-2.47,-1.051,-0.87,-1.159,-0.452,0.35,0.392,0.692,0.717,0.049,-0.62,0.02,-1.941,2.118,0.087,2.901,-0.037,0.603,2.822,3.867,0.192,0.009,0.611,0.935,-0.134,16.465,0.401,-93.188,0.528,-155.841,0.508,-109.653,0.618,-172.306,0.161,-62.653,0.101,0.073,-1.752,-0.413,-2.931,-0.957,-1.575,-0.486,-2.474,-1.058,-0.9,-1.178,-0.42,0.354,0.398,0.674,0.701,0.051,-0.621,0.041,-1.902,2.102,0.176,2.911,-0.075,0.587,2.753,3.812,0.192,0.018,0.618,0.932
2023-04-20,CTD7,4176724,690397,0.051704485,0.07317731,0.083880134,0.013627163,0.008135653,0.0019743845,0.0018565346,0.0007403912,0.050470043,0.0671911,0.083064295,0.014023388,0.008398321,0.0018343835,0.06329596,-8.000000000000001e-45,0.205,-0.068,1.744,0.686,-59.717,0.8,-109.25,0.72,-61.461,0.823,-110.994,0.252,-49.533,0.024,0.014,-5.009,-0.486,-9.164,-1.489,-4.498,-0.5,-8.122,-1.513,-3.625,-4.155,-0.492,0.647,0.667,0.864,0.873,0.035,-0.803,0.275,-4.94,5.273,2.839,8.832,-0.529,0.549,6.044,10.124,0.089,0.051,0.553,0.944,-0.106,2.844,0.655,-56.427,0.778,-104.188,0.711,-59.271,0.816,-107.033,0.251,-47.762,0.04,0.024,-4.687,-0.474,-8.654,-1.461,-3.982,-0.498,-7.192,-1.501,-3.209,-3.967,-0.708,0.581,0.606,0.913,0.919,0.037,-0.861,0.21,-5.099,4.69,2.077,7.832,-0.434,0.637,5.798,9.682,0.108,0.044,0.541,0.942
2023-04-20,CTD8,4174178,693048,0.051888205,0.07455307,0.089933395,0.024318576,0.014105126,0.003513069,0.003513554,0.0014443668,0.05034222,0.0690274,0.08912154,0.024862157,0.015818808,0.0030613255,0.015632324,-8.000000000000001e-45,0.645,-0.094,2.294,0.508,-27.708,0.682,-57.483,0.574,-30.001,0.729,-59.777,0.266,-29.775,0.056,0.032,-2.492,-0.391,-5.17,-1.398,-2.237,-0.423,-4.457,-1.454,-2.22,-2.678,-0.4,0.483,0.529,0.74,0.767,0.062,-0.895,0.249,-3.31,2.909,1.587,5.015,-0.518,0.626,3.509,6.05,0.169,0.081,0.601,0.911,-0.127,3.266,0.47,-25.735,0.627,-48.729,0.564,-29.001,0.699,-51.995,0.222,-22.994,0.081,0.052,-2.294,-0.407,-4.343,-1.212,-2.002,-0.459,-3.589,-1.293,-1.587,-2.049,-0.494,0.421,0.467,0.757,0.781,0.057,-0.797,0.138,-2.857,2.599,0.779,4.085,-0.281,0.655,3.355,5.274,0.183,0.05,0.594,0.921
2023-04-20,CTD9,4171106,693183,0.021955458,0.029774994,0.043167386,0.021962738,0.016406732,0.0045506824,0.004490374,0.0017973668,0.021752857,0.029659206,0.0437315,0.022124493,0.0164527,0.0043396237,0.15196642,-8.000000000000001e-45,0.26,-0.184,10.42,0.151,-11.946,0.289,-27.365,0.326,-22.366,0.449,-37.785,0.145,-15.419,0.229,0.171,-0.516,-0.196,-1.181,-0.601,-0.666,-0.367,-1.125,-0.83,-0.459,-0.666,-0.349,0.131,0.205,0.459,0.517,0.076,-0.649,-0.057,-1.275,0.976,-0.151,1.306,0.111,0.703,1.414,1.893,0.358,-0.042,0.709,0.915,-0.192,10.85,0.146,-11.482,0.286,-27.064,0.328,-22.332,0.453,-37.913,0.147,-15.582,0.24,0.179,-0.502,-0.189,-1.184,-0.599,-0.662,-0.367,-1.124,-0.839,-0.462,-0.681,-0.365,0.125,0.201,0.469,0.527,0.077,-0.667,-0.065,-1.317,0.964,-0.174,1.297,0.13,0.731,1.422,1.912,0.37,-0.049,0.706,0.914
2023-04-20,CTD10,4170388,695646,0.00879963,0.012317719,0.01696996,0.003934578,0.0026766032,0.0006523976,0.00068302423,0.00026968002,0.008832058,0.012188531,0.01694673,0.003973366,0.002643925,0.0006699647,0.25426704,-8.000000000000001e-45,0.265,-0.159,22.256,0.516,-172.973,0.643,-292.424,0.624,-195.229,0.728,-314.68,0.19,-119.451,0.088,0.06,-2.935,-0.463,-4.962,-1.151,-2.405,-0.523,-3.876,-1.238,-1.471,-2.027,-0.704,0.427,0.461,0.869,0.879,0.043,-0.744,0.046,-3.209,2.973,0.289,4.37,-0.092,0.697,4.096,6.021,0.162,0.015,0.555,0.94,-0.163,23.036,0.508,-169.631,0.643,-296.181,0.62,-192.667,0.73,-319.217,0.201,-126.55,0.092,0.061,-2.875,-0.448,-5.019,-1.177,-2.348,-0.509,-3.891,-1.268,-1.542,-2.145,-0.719,0.419,0.456,0.875,0.885,0.046,-0.784,0.054,-3.342,2.912,0.345,4.376,-0.112,0.725,4.048,6.084,0.17,0.018,0.555,0.936
2023-04-20,CTD11,4169609,700351,0.015417909,0.022132311,0.026365198,0.005271251,0.0039573316,0.0009271558,0.0009511057,0.0003700357,0.015408025,0.021865213,0.026563406,0.005404632,0.0037571706,0.0009516414,0.15355131,-8.000000000000001e-45,0.22,-0.087,7.254,0.615,-144.525,0.697,-207.513,0.667,-151.779,0.739,-214.767,0.142,-62.987,0.038,0.029,-3.81,-0.572,-5.471,-1.094,-3.359,-0.601,-4.753,-1.132,-1.394,-1.661,-0.459,0.556,0.574,0.809,0.818,0.027,-0.493,0.089,-2.464,4.049,0.591,5.393,-0.141,0.441,4.823,6.424,0.088,0.021,0.565,0.958,-0.097,8.089,0.604,-139.292,0.707,-220.423,0.662,-147.381,0.752,-228.512,0.18,-81.131,0.044,0.03,-3.7,-0.523,-5.855,-1.191,-3.223,-0.554,-4.996,-1.235,-1.774,-2.155,-0.513,0.543,0.566,0.826,0.836,0.034,-0.615,0.128,-3.024,3.904,0.905,5.616,-0.224,0.52,4.743,6.823,0.106,0.032,0.563,0.948
2023-04-20,CTD12,4173438,695414,0.010441573,0.01479993,0.016685456,0.004060861,0.0026617455,0.00069114356,0.00070599077,0.00028275215,0.010530928,0.014763634,0.016746439,0.0040448997,0.0027587223,0.0006968881,0.041313987,-8.000000000000001e-45,0.25,-0.06,7.635,0.569,-178.685,0.695,-308.125,0.609,-186.321,0.725,-315.761,0.208,-129.44,0.031,0.02,-2.981,-0.476,-5.141,-1.251,-2.758,-0.496,-4.673,-1.282,-1.916,-2.16,-0.28,0.555,0.585,0.723,0.744,0.044,-0.639,0.232,-2.624,3.485,1.451,5.317,-0.398,0.472,3.929,5.994,0.115,0.064,0.599,0.933,-0.063,8.02,0.57,-179.491,0.685,-294.753,0.611,-187.511,0.717,-302.772,0.189,-115.262,0.032,0.022,-3.006,-0.495,-4.936,-1.192,-2.768,-0.517,-4.47,-1.225,-1.702,-1.93,-0.291,0.55,0.577,0.725,0.744,0.041,-0.585,0.2,-2.42,3.485,1.211,5.11,-0.332,0.452,3.953,5.796,0.109,0.055,0.597,0.938
2023-05-25,CTD1,4187246,695025,0.010020881,0.013784022,0.019416004,0.00672582,0.0055035427,0.0014533809,0.0014300104,0.0005615041,0.010049994,0.013678885,0.019396875,0.0068329787,0.0051825796,0.0014583002,0.2618819,-8.000000000000001e-45,0.28,-0.17,21.044,0.344,-76.133,0.429,-109.153,0.485,-97.177,0.558,-130.197,0.1,-33.02,0.142,0.116,-1.478,-0.419,-2.119,-0.734,-1.339,-0.535,-1.795,-0.876,-0.455,-0.641,-0.461,0.283,0.317,0.658,0.678,0.037,-0.512,-0.108,-1.478,1.766,-0.382,2.158,0.186,0.59,2.488,3.04,0.204,-0.053,0.618,0.953,-0.173,21.551,0.334,-73.244,0.45,-119.849,0.479,-94.794,0.578,-141.399,0.137,-46.605,0.147,0.112,-1.421,-0.38,-2.325,-0.819,-1.297,-0.491,-1.934,-0.966,-0.638,-0.904,-0.476,0.279,0.324,0.666,0.693,0.05,-0.613,-0.053,-1.741,1.735,-0.199,2.287,0.1,0.66,2.46,3.243,0.232,-0.027,0.62,0.937
2023-05-25,CTD2,4181518,693105,0.015245298,0.019683907,0.0193389,0.0049069896,0.003075297,0.00087222864,0.0008580652,0.00034740655,0.015365101,0.01976636,0.019177511,0.004925683,0.0033511075,0.0008449451,0.021967294,-8.000000000000001e-45,0.22,0.009,-0.906,0.601,-152.988,0.73,-274.369,0.595,-152.082,0.726,-273.463,0.229,-121.381,-0.004,-0.003,-2.959,-0.47,-5.306,-1.346,-2.994,-0.468,-5.383,-1.342,-2.389,-2.347,0.043,0.659,0.685,0.634,0.661,0.047,-0.578,0.391,-2.277,3.852,2.46,6.147,-0.613,0.356,3.785,6.039,0.09,0.098,0.63,0.924,0.015,-1.553,0.601,-152.427,0.71,-247.818,0.591,-150.873,0.703,-246.264,0.19,-95.391,-0.008,-0.005,-2.923,-0.511,-4.753,-1.221,-2.982,-0.506,-4.868,-1.213,-1.886,-1.829,0.071,0.659,0.681,0.616,0.641,0.04,-0.439,0.35,-1.71,3.838,2.005,5.642,-0.5,0.29,3.724,5.474,0.074,0.087,0.634,0.935
2023-05-25,CTD3,4181698,695238,0.015460047,0.021285636,0.0211418,0.0056156507,0.0038863828,0.0010240768,0.0010184003,0.00040737184,0.015525488,0.021442905,0.020875752,0.0056135166,0.0038809255,0.001037339,0.001132515,-8.000000000000001e-45,0.305,0.003,-0.32,0.582,-131.094,0.691,-210.329,0.58,-130.774,0.689,-210.009,0.182,-79.235,-0.002,-0.001,-2.772,-0.509,-4.447,-1.181,-2.784,-0.508,-4.47,-1.179,-1.687,-1.675,0.015,0.626,0.65,0.617,0.641,0.041,-0.438,0.315,-1.65,3.607,1.712,5.211,-0.452,0.301,3.582,5.176,0.08,0.083,0.634,0.935,0.013,-1.267,0.585,-131.506,0.693,-211.035,0.576,-130.239,0.686,-209.768,0.182,-79.529,-0.007,-0.005,-2.745,-0.51,-4.406,-1.185,-2.793,-0.505,-4.498,-1.178,-1.705,-1.66,0.06,0.639,0.663,0.603,0.628,0.041,-0.419,0.336,-1.559,3.634,1.806,5.256,-0.473,0.282,3.538,5.117,0.076,0.088,0.639,0.935
2023-05-25,CTD4,4180266,698264,0.017579947,0.026103182,0.029601488,0.007412215,0.004649277,0.0012157696,0.0012469956,0.0005048724,0.017593762,0.026079709,0.029793588,0.007631122,0.004906491,0.001162746,0.033850007,-8.000000000000001e-45,0.24,-0.063,4.527,0.558,-96.603,0.698,-176.778,0.599,-101.13,0.729,-181.305,0.229,-80.175,0.034,0.021,-2.86,-0.449,-5.233,-1.31,-2.64,-0.47,-4.733,-1.344,-2.093,-2.373,-0.29,0.546,0.58,0.722,0.744,0.05,-0.712,0.255,-2.845,3.365,1.621,5.364,-0.46,0.507,3.815,6.083,0.127,0.072,0.602,0.925,-0.066,4.78,0.547,-92.698,0.683,-165.468,0.592,-97.478,0.717,-170.247,0.217,-72.769,0.036,0.023,-2.762,-0.455,-4.93,-1.263,-2.542,-0.478,-4.44,-1.299,-1.898,-2.168,-0.296,0.532,0.566,0.715,0.738,0.049,-0.68,0.232,-2.655,3.253,1.411,5.059,-0.413,0.499,3.716,5.78,0.128,0.068,0.603,0.927
2023-05-25,CTD6,4176009,695829,0.016835772,0.02261295,0.021932652,0.005883955,0.0035486063,0.0009857726,0.0009926916,0.00040253784,0.016959533,0.022777665,0.021596562,0.0059022773,0.0038406814,0.0009466397,0.00021534965,-8.000000000000001e-45,0.295,0.015,-1.372,0.587,-125.731,0.729,-237.578,0.577,-124.36,0.721,-236.207,0.248,-111.847,-0.008,-0.005,-2.758,-0.446,-5.211,-1.398,-2.812,-0.441,-5.341,-1.39,-2.529,-2.453,0.072,0.657,0.685,0.613,0.645,0.052,-0.627,0.428,-2.337,3.681,2.645,6.104,-0.688,0.367,3.571,5.92,0.098,0.111,0.64,0.916,0.027,-2.401,0.588,-125.523,0.711,-216.468,0.571,-123.122,0.698,-214.067,0.212,-90.944,-0.014,-0.009,-2.711,-0.482,-4.675,-1.278,-2.804,-0.473,-4.876,-1.263,-2.071,-1.964,0.121,0.663,0.689,0.59,0.619,0.046,-0.482,0.404,-1.764,3.681,2.272,5.657,-0.589,0.297,3.49,5.364,0.081,0.105,0.646,0.925
2023-05-25,CTD7,4176724,690397,0.022859558,0.03489429,0.04239892,0.006829169,0.0045575825,0.001037783,0.0010453035,0.0004082421,0.023239834,0.03444684,0.04305327,0.0071319165,0.0045190817,0.0010449133,0.12871413,-8.000000000000001e-45,0.22,-0.097,5.072,0.673,-117.773,0.769,-190.757,0.723,-122.845,0.806,-195.829,0.199,-72.984,0.035,0.023,-4.993,-0.537,-8.088,-1.303,-4.287,-0.56,-6.833,-1.337,-2.547,-3.094,-0.659,0.598,0.616,0.902,0.907,0.029,-0.675,0.156,-4.193,5.002,1.448,7.495,-0.283,0.548,6.078,9.107,0.088,0.03,0.54,0.954,-0.111,5.803,0.657,-111.185,0.768,-192.254,0.716,-116.988,0.81,-198.057,0.224,-81.069,0.041,0.026,-4.787,-0.502,-8.277,-1.371,-4.03,-0.529,-6.822,-1.413,-2.793,-3.49,-0.739,0.574,0.596,0.922,0.927,0.034,-0.778,0.166,-4.697,4.725,1.586,7.457,-0.328,0.616,5.906,9.32,0.102,0.034,0.536,0.948
2023-05-25,CTD8,4174178,693048,0.021299368,0.032440197,0.03740668,0.008296606,0.0052997507,0.0012792585,0.0013307992,0.0005281163,0.021552555,0.032170072,0.037803363,0.008706539,0.0055383123,0.001215281,0.06653722,-8.000000000000001e-45,0.28,-0.071,4.093,0.593,-89.705,0.719,-157.862,0.637,-93.798,0.752,-161.955,0.22,-68.157,0.034,0.022,-3.356,-0.475,-5.905,-1.31,-3.043,-0.497,-5.254,-1.344,-2.211,-2.55,-0.365,0.565,0.594,0.771,0.788,0.043,-0.698,0.228,-3.148,3.768,1.612,5.899,-0.412,0.514,4.345,6.802,0.114,0.058,0.583,0.934,-0.081,4.632,0.574,-83.771,0.706,-149.476,0.626,-88.404,0.744,-154.108,0.222,-65.704,0.04,0.026,-3.167,-0.464,-5.651,-1.301,-2.844,-0.49,-4.958,-1.342,-2.114,-2.484,-0.395,0.541,0.573,0.772,0.789,0.045,-0.721,0.215,-3.131,3.548,1.467,5.578,-0.397,0.539,4.17,6.555,0.124,0.058,0.584,0.932
2023-05-25,CTD9,4171106,693183,0.016194087,0.02364325,0.03355909,0.014669178,0.00978761,0.0026838367,0.0027074914,0.0011044081,0.016013192,0.02386164,0.033492997,0.0146096125,0.01054261,0.002426319,0.00401171,-8.000000000000001e-45,0.43,-0.173,12.497,0.234,-25.875,0.414,-59.875,0.392,-38.372,0.548,-72.372,0.2,-34.0,0.183,0.122,-0.868,-0.253,-2.009,-0.878,-0.907,-0.376,-1.711,-1.062,-0.804,-1.141,-0.405,0.207,0.287,0.565,0.62,0.085,-0.794,0.037,-1.817,1.32,0.128,1.979,-0.079,0.752,1.874,2.808,0.329,0.023,0.67,0.899,-0.168,12.051,0.24,-26.54,0.387,-52.945,0.393,-38.591,0.521,-64.996,0.162,-26.405,0.176,0.127,-0.889,-0.28,-1.773,-0.774,-0.921,-0.407,-1.551,-0.95,-0.63,-0.884,-0.383,0.21,0.277,0.549,0.597,0.071,-0.673,-0.009,-1.544,1.319,-0.029,1.827,0.018,0.682,1.851,2.565,0.297,-0.006,0.671,0.915
2023-05-25,CTD10,4170388,695646,0.016416455,0.02431633,0.029020652,0.007203499,0.0047627105,0.00120083,0.0012548417,0.0004997921,0.016465759,0.02445747,0.029029189,0.0073827696,0.004876058,0.0011868301,0.081131935,-8.000000000000001e-45,0.765,-0.088,6.666,0.543,-97.697,0.672,-168.84,0.602,-104.363,0.718,-175.506,0.204,-71.143,0.048,0.032,-2.835,-0.465,-4.9,-1.216,-2.538,-0.497,-4.268,-1.264,-1.73,-2.065,-0.393,0.507,0.54,0.75,0.77,0.046,-0.675,0.177,-2.718,3.212,1.077,4.857,-0.319,0.532,3.833,5.797,0.132,0.052,0.591,0.933,-0.085,6.439,0.536,-94.563,0.668,-164.196,0.594,-101.002,0.712,-170.636,0.204,-69.633,0.048,0.031,-2.745,-0.461,-4.766,-1.212,-2.47,-0.492,-4.173,-1.26,-1.703,-2.021,-0.373,0.504,0.538,0.738,0.759,0.047,-0.672,0.182,-2.641,3.145,1.084,4.762,-0.327,0.526,3.733,5.652,0.134,0.055,0.595,0.931
2023-05-25,CTD11,4169609,700351,0.014784269,0.022162067,0.030398939,0.007771017,0.00566353,0.0013566738,0.001358587,0.0005445231,0.0147080105,0.022033405,0.030546645,0.008031854,0.0054646744,0.0013750467,0.16469207,-8.000000000000001e-45,0.43,-0.157,12.226,0.481,-83.561,0.593,-131.446,0.593,-95.787,0.686,-143.672,0.157,-47.885,0.095,0.069,-2.54,-0.473,-3.996,-1.021,-2.123,-0.542,-3.184,-1.116,-1.061,-1.456,-0.613,0.399,0.432,0.813,0.826,0.04,-0.643,0.0,-2.516,2.666,0.001,3.657,-0.0,0.643,3.656,5.017,0.164,0.0,0.569,0.945,-0.162,12.649,0.466,-79.119,0.603,-137.608,0.584,-91.767,0.697,-150.257,0.19,-58.489,0.102,0.069,-2.417,-0.432,-4.203,-1.105,-2.022,-0.501,-3.311,-1.207,-1.289,-1.787,-0.631,0.389,0.429,0.819,0.834,0.049,-0.748,0.041,-2.847,2.564,0.229,3.769,-0.083,0.706,3.555,5.225,0.186,0.015,0.572,0.933
2023-05-25,CTD12,4173438,695414,0.019545816,0.029833572,0.03547678,0.010444215,0.0066250362,0.0016457583,0.0017320571,0.00069921894,0.019593826,0.029779933,0.035552554,0.010725978,0.006921186,0.0015547265,0.001210995,-8.000000000000001e-45,0.725,-0.086,5.332,0.481,-62.227,0.637,-117.423,0.545,-67.559,0.685,-122.755,0.224,-55.196,0.056,0.035,-2.208,-0.412,-4.166,-1.226,-2.016,-0.448,-3.662,-1.282,-1.647,-1.958,-0.331,0.461,0.505,0.687,0.716,0.058,-0.736,0.207,-2.498,2.67,1.106,4.209,-0.387,0.555,3.175,5.005,0.163,0.072,0.617,0.917,-0.088,5.452,0.47,-59.652,0.623,-110.904,0.536,-65.104,0.674,-116.357,0.216,-51.252,0.058,0.038,-2.121,-0.413,-3.943,-1.19,-1.939,-0.451,-3.465,-1.248,-1.526,-1.822,-0.327,0.449,0.494,0.676,0.707,0.058,-0.712,0.192,-2.36,2.582,0.988,4.001,-0.356,0.549,3.082,4.777,0.165,0.069,0.62,0.918
