Date,Buoy,Latitude,Longitude,rhow_B1,rhow_B2,rhow_B3,rhow_B4,rhow_B5,rhow_B6,rhow_B7,rhow_B8,rhown_B1,rhown_B2,rhown_B3,rhown_B4,rhown_B5,rhown_B6,Band_15,Band_16,Chl,dif_norm_rhow_B1_B2,dif_inv_rhow_B1_B2,dif_norm_rhow_B1_B3,dif_inv_rhow_B1_B3,dif_norm_rhow_B1_B4,dif_inv_rhow_B1_B4,dif_norm_rhow_B1_B5,dif_inv_rhow_B1_B5,dif_norm_rhow_B2_B3,dif_inv_rhow_B2_B3,dif_norm_rhow_B2_B4,dif_inv_rhow_B2_B4,dif_norm_rhow_B2_B5,dif_inv_rhow_B2_B5,dif_norm_rhow_B3_B4,dif_inv_rhow_B3_B4,dif_norm_rhow_B3_B5,dif_inv_rhow_B3_B5,dif_norm_rhow_B4_B5,dif_inv_rhow_B4_B5,dall_gitelson_rhow_B1_B2_B3,dall_gitelson_rhow_B1_B2_B4,dall_gitelson_rhow_B1_B2_B5,dall_gitelson_rhow_B1_B3_B2,dall_gitelson_rhow_B1_B3_B4,dall_gitelson_rhow_B1_B3_B5,dall_gitelson_rhow_B1_B4_B2,dall_gitelson_rhow_B1_B4_B3,dall_gitelson_rhow_B1_B4_B5,dall_gitelson_rhow_B1_B5_B2,dall_gitelson_rhow_B1_B5_B3,dall_gitelson_rhow_B1_B5_B4,dall_gitelson_rhow_B2_B3_B1,dall_gitelson_rhow_B2_B3_B4,dall_gitelson_rhow_B2_B3_B5,dall_gitelson_rhow_B2_B4_B1,dall_gitelson_rhow_B2_B4_B3,dall_gitelson_rhow_B2_B4_B5,dall_gitelson_rhow_B2_B5_B1,dall_gitelson_rhow_B2_B5_B3,dall_gitelson_rhow_B2_B5_B4,dall_gitelson_rhow_B3_B4_B1,dall_gitelson_rhow_B3_B4_B2,dall_gitelson_rhow_B3_B4_B5,dall_gitelson_rhow_B3_B5_B1,dall_gitelson_rhow_B3_B5_B2,dall_gitelson_rhow_B3_B5_B4,dall_gitelson_rhow_B4_B5_B1,dall_gitelson_rhow_B4_B5_B2,dall_gitelson_rhow_B4_B5_B3,dif_norm_4_bands_rhow_B1_B2_B3_B4,dif_norm_4_bands_rhow_B1_B2_B3_B5,dif_norm_4_bands_rhow_B1_B2_B4_B5,dif_norm_4_bands_rhow_B1_B3_B2_B4,dif_norm_4_bands_rhow_B1_B3_B2_B5,dif_norm_4_bands_rhow_B1_B3_B4_B5,dif_norm_4_bands_rhow_B1_B4_B2_B3,dif_norm_4_bands_rhow_B1_B4_B2_B5,dif_norm_4_bands_rhow_B1_B4_B3_B5,dif_norm_4_bands_rhow_B1_B5_B2_B3,dif_norm_4_bands_rhow_B1_B5_B2_B4,dif_norm_4_bands_rhow_B1_B5_B3_B4,dif_norm_4_bands_rhow_B2_B3_B1_B4,dif_norm_4_bands_rhow_B2_B3_B1_B5,dif_norm_4_bands_rhow_B2_B3_B4_B5,dif_norm_4_bands_rhow_B2_B4_B1_B3,dif_norm_4_bands_rhow_B2_B4_B1_B5,dif_norm_4_bands_rhow_B2_B4_B3_B5,dif_norm_4_bands_rhow_B2_B5_B1_B3,dif_norm_4_bands_rhow_B2_B5_B1_B4,dif_norm_4_bands_rhow_B2_B5_B3_B4,dif_norm_4_bands_rhow_B3_B4_B1_B2,dif_norm_4_bands_rhow_B3_B4_B1_B5,dif_norm_4_bands_rhow_B3_B4_B2_B5,dif_norm_4_bands_rhow_B3_B5_B1_B2,dif_norm_4_bands_rhow_B3_B5_B1_B4,dif_norm_4_bands_rhow_B3_B5_B2_B4,dif_norm_4_bands_rhow_B4_B5_B1_B2,dif_norm_4_bands_rhow_B4_B5_B1_B3,dif_norm_4_bands_rhow_B4_B5_B2_B3,dif_rel_4bands_rhow_B1_B2_B3_B4,dif_rel_4bands_rhow_B1_B2_B3_B5,dif_rel_4bands_rhow_B1_B2_B4_B3,dif_rel_4bands_rhow_B1_B2_B4_B5,dif_rel_4bands_rhow_B1_B2_B5_B3,dif_rel_4bands_rhow_B1_B2_B5_B4,dif_rel_4bands_rhow_B1_B3_B2_B4,dif_rel_4bands_rhow_B1_B3_B2_B5,dif_rel_4bands_rhow_B1_B3_B4_B2,dif_rel_4bands_rhow_B1_B3_B4_B5,dif_rel_4bands_rhow_B1_B3_B5_B2,dif_rel_4bands_rhow_B1_B3_B5_B4,dif_rel_4bands_rhow_B1_B4_B2_B3,dif_rel_4bands_rhow_B1_B4_B2_B5,dif_rel_4bands_rhow_B1_B4_B3_B2,dif_rel_4bands_rhow_B1_B4_B3_B5,dif_rel_4bands_rhow_B1_B4_B5_B2,dif_rel_4bands_rhow_B1_B4_B5_B3,dif_rel_4bands_rhow_B1_B5_B2_B3,dif_rel_4bands_rhow_B1_B5_B2_B4,dif_rel_4bands_rhow_B1_B5_B3_B2,dif_rel_4bands_rhow_B1_B5_B3_B4,dif_rel_4bands_rhow_B1_B5_B4_B2,dif_rel_4bands_rhow_B1_B5_B4_B3,dif_rel_4bands_rhow_B2_B1_B3_B4,dif_rel_4bands_rhow_B2_B1_B3_B5,dif_rel_4bands_rhow_B2_B1_B4_B3,dif_rel_4bands_rhow_B2_B1_B4_B5,dif_rel_4bands_rhow_B2_B1_B5_B3,dif_rel_4bands_rhow_B2_B1_B5_B4,dif_rel_4bands_rhow_B2_B3_B4_B1,dif_rel_4bands_rhow_B2_B3_B4_B5,dif_rel_4bands_rhow_B2_B3_B5_B1,dif_rel_4bands_rhow_B2_B3_B5_B4,dif_rel_4bands_rhow_B2_B4_B3_B1,dif_rel_4bands_rhow_B2_B4_B3_B5,dif_rel_4bands_rhow_B2_B4_B5_B1,dif_rel_4bands_rhow_B2_B4_B5_B3,dif_rel_4bands_rhow_B2_B5_B3_B1,dif_rel_4bands_rhow_B2_B5_B3_B4,dif_rel_4bands_rhow_B2_B5_B4_B1,dif_rel_4bands_rhow_B2_B5_B4_B3,dif_rel_4bands_rhow_B3_B1_B4_B2,dif_rel_4bands_rhow_B3_B1_B4_B5,dif_rel_4bands_rhow_B3_B1_B5_B2,dif_rel_4bands_rhow_B3_B1_B5_B4,dif_rel_4bands_rhow_B3_B2_B4_B1,dif_rel_4bands_rhow_B3_B2_B4_B5,dif_rel_4bands_rhow_B3_B2_B5_B1,dif_rel_4bands_rhow_B3_B2_B5_B4,dif_rel_4bands_rhow_B3_B4_B5_B1,dif_rel_4bands_rhow_B3_B4_B5_B2,dif_rel_4bands_rhow_B3_B5_B4_B1,dif_rel_4bands_rhow_B3_B5_B4_B2,dif_rel_4bands_rhow_B4_B1_B5_B2,dif_rel_4bands_rhow_B4_B1_B5_B3,dif_rel_4bands_rhow_B4_B2_B5_B1,dif_rel_4bands_rhow_B4_B2_B5_B3,dif_rel_4bands_rhow_B4_B3_B5_B1,dif_rel_4bands_rhow_B4_B3_B5_B2,dif_norm_rhown_B1_B2,dif_inv_rhown_B1_B2,dif_norm_rhown_B1_B3,dif_inv_rhown_B1_B3,dif_norm_rhown_B1_B4,dif_inv_rhown_B1_B4,dif_norm_rhown_B1_B5,dif_inv_rhown_B1_B5,dif_norm_rhown_B2_B3,dif_inv_rhown_B2_B3,dif_norm_rhown_B2_B4,dif_inv_rhown_B2_B4,dif_norm_rhown_B2_B5,dif_inv_rhown_B2_B5,dif_norm_rhown_B3_B4,dif_inv_rhown_B3_B4,dif_norm_rhown_B3_B5,dif_inv_rhown_B3_B5,dif_norm_rhown_B4_B5,dif_inv_rhown_B4_B5,dall_gitelson_rhown_B1_B2_B3,dall_gitelson_rhown_B1_B2_B4,dall_gitelson_rhown_B1_B2_B5,dall_gitelson_rhown_B1_B3_B2,dall_gitelson_rhown_B1_B3_B4,dall_gitelson_rhown_B1_B3_B5,dall_gitelson_rhown_B1_B4_B2,dall_gitelson_rhown_B1_B4_B3,dall_gitelson_rhown_B1_B4_B5,dall_gitelson_rhown_B1_B5_B2,dall_gitelson_rhown_B1_B5_B3,dall_gitelson_rhown_B1_B5_B4,dall_gitelson_rhown_B2_B3_B1,dall_gitelson_rhown_B2_B3_B4,dall_gitelson_rhown_B2_B3_B5,dall_gitelson_rhown_B2_B4_B1,dall_gitelson_rhown_B2_B4_B3,dall_gitelson_rhown_B2_B4_B5,dall_gitelson_rhown_B2_B5_B1,dall_gitelson_rhown_B2_B5_B3,dall_gitelson_rhown_B2_B5_B4,dall_gitelson_rhown_B3_B4_B1,dall_gitelson_rhown_B3_B4_B2,dall_gitelson_rhown_B3_B4_B5,dall_gitelson_rhown_B3_B5_B1,dall_gitelson_rhown_B3_B5_B2,dall_gitelson_rhown_B3_B5_B4,dall_gitelson_rhown_B4_B5_B1,dall_gitelson_rhown_B4_B5_B2,dall_gitelson_rhown_B4_B5_B3,dif_norm_4_bands_rhown_B1_B2_B3_B4,dif_norm_4_bands_rhown_B1_B2_B3_B5,dif_norm_4_bands_rhown_B1_B2_B4_B5,dif_norm_4_bands_rhown_B1_B3_B2_B4,dif_norm_4_bands_rhown_B1_B3_B2_B5,dif_norm_4_bands_rhown_B1_B3_B4_B5,dif_norm_4_bands_rhown_B1_B4_B2_B3,dif_norm_4_bands_rhown_B1_B4_B2_B5,dif_norm_4_bands_rhown_B1_B4_B3_B5,dif_norm_4_bands_rhown_B1_B5_B2_B3,dif_norm_4_bands_rhown_B1_B5_B2_B4,dif_norm_4_bands_rhown_B1_B5_B3_B4,dif_norm_4_bands_rhown_B2_B3_B1_B4,dif_norm_4_bands_rhown_B2_B3_B1_B5,dif_norm_4_bands_rhown_B2_B3_B4_B5,dif_norm_4_bands_rhown_B2_B4_B1_B3,dif_norm_4_bands_rhown_B2_B4_B1_B5,dif_norm_4_bands_rhown_B2_B4_B3_B5,dif_norm_4_bands_rhown_B2_B5_B1_B3,dif_norm_4_bands_rhown_B2_B5_B1_B4,dif_norm_4_bands_rhown_B2_B5_B3_B4,dif_norm_4_bands_rhown_B3_B4_B1_B2,dif_norm_4_bands_rhown_B3_B4_B1_B5,dif_norm_4_bands_rhown_B3_B4_B2_B5,dif_norm_4_bands_rhown_B3_B5_B1_B2,dif_norm_4_bands_rhown_B3_B5_B1_B4,dif_norm_4_bands_rhown_B3_B5_B2_B4,dif_norm_4_bands_rhown_B4_B5_B1_B2,dif_norm_4_bands_rhown_B4_B5_B1_B3,dif_norm_4_bands_rhown_B4_B5_B2_B3,dif_rel_4bands_rhown_B1_B2_B3_B4,dif_rel_4bands_rhown_B1_B2_B3_B5,dif_rel_4bands_rhown_B1_B2_B4_B3,dif_rel_4bands_rhown_B1_B2_B4_B5,dif_rel_4bands_rhown_B1_B2_B5_B3,dif_rel_4bands_rhown_B1_B2_B5_B4,dif_rel_4bands_rhown_B1_B3_B2_B4,dif_rel_4bands_rhown_B1_B3_B2_B5,dif_rel_4bands_rhown_B1_B3_B4_B2,dif_rel_4bands_rhown_B1_B3_B4_B5,dif_rel_4bands_rhown_B1_B3_B5_B2,dif_rel_4bands_rhown_B1_B3_B5_B4,dif_rel_4bands_rhown_B1_B4_B2_B3,dif_rel_4bands_rhown_B1_B4_B2_B5,dif_rel_4bands_rhown_B1_B4_B3_B2,dif_rel_4bands_rhown_B1_B4_B3_B5,dif_rel_4bands_rhown_B1_B4_B5_B2,dif_rel_4bands_rhown_B1_B4_B5_B3,dif_rel_4bands_rhown_B1_B5_B2_B3,dif_rel_4bands_rhown_B1_B5_B2_B4,dif_rel_4bands_rhown_B1_B5_B3_B2,dif_rel_4bands_rhown_B1_B5_B3_B4,dif_rel_4bands_rhown_B1_B5_B4_B2,dif_rel_4bands_rhown_B1_B5_B4_B3,dif_rel_4bands_rhown_B2_B1_B3_B4,dif_rel_4bands_rhown_B2_B1_B3_B5,dif_rel_4bands_rhown_B2_B1_B4_B3,dif_rel_4bands_rhown_B2_B1_B4_B5,dif_rel_4bands_rhown_B2_B1_B5_B3,dif_rel_4bands_rhown_B2_B1_B5_B4,dif_rel_4bands_rhown_B2_B3_B4_B1,dif_rel_4bands_rhown_B2_B3_B4_B5,dif_rel_4bands_rhown_B2_B3_B5_B1,dif_rel_4bands_rhown_B2_B3_B5_B4,dif_rel_4bands_rhown_B2_B4_B3_B1,dif_rel_4bands_rhown_B2_B4_B3_B5,dif_rel_4bands_rhown_B2_B4_B5_B1,dif_rel_4bands_rhown_B2_B4_B5_B3,dif_rel_4bands_rhown_B2_B5_B3_B1,dif_rel_4bands_rhown_B2_B5_B3_B4,dif_rel_4bands_rhown_B2_B5_B4_B1,dif_rel_4bands_rhown_B2_B5_B4_B3,dif_rel_4bands_rhown_B3_B1_B4_B2,dif_rel_4bands_rhown_B3_B1_B4_B5,dif_rel_4bands_rhown_B3_B1_B5_B2,dif_rel_4bands_rhown_B3_B1_B5_B4,dif_rel_4bands_rhown_B3_B2_B4_B1,dif_rel_4bands_rhown_B3_B2_B4_B5,dif_rel_4bands_rhown_B3_B2_B5_B1,dif_rel_4bands_rhown_B3_B2_B5_B4,dif_rel_4bands_rhown_B3_B4_B5_B1,dif_rel_4bands_rhown_B3_B4_B5_B2,dif_rel_4bands_rhown_B3_B5_B4_B1,dif_rel_4bands_rhown_B3_B5_B4_B2,dif_rel_4bands_rhown_B4_B1_B5_B2,dif_rel_4bands_rhown_B4_B1_B5_B3,dif_rel_4bands_rhown_B4_B2_B5_B1,dif_rel_4bands_rhown_B4_B2_B5_B3,dif_rel_4bands_rhown_B4_B3_B5_B1,dif_rel_4bands_rhown_B4_B3_B5_B2
2017-06-30,CTD1,4187246,695025,0.01850636,0.027769933,0.037858292,0.012479366,0.008468138,0.0021519675,0.002177963,0.00085472845,0.018494895,0.027963959,0.037854936,0.012755534,0.008717688,0.0020566853,0.025108607,-8.000000000000001e-45,0.549,-0.2,18.025,-0.343,27.621,0.195,-26.097,0.372,-64.054,-0.154,9.596,0.38,-44.122,0.533,-82.08,0.504,-53.718,0.634,-91.675,0.191,-37.957,0.682,0.225,0.153,0.767,0.345,0.234,-0.725,-0.988,-0.221,-1.779,-2.425,-0.799,0.178,0.12,0.081,-0.817,-1.67,-0.374,-1.519,-3.107,-1.024,-0.994,-1.492,-0.455,-1.697,-2.546,-1.144,-0.702,-1.054,-1.437,-0.184,-0.2,-0.442,-0.481,-0.534,-0.924,0.092,0.166,0.13,0.153,0.249,0.199,-0.326,-0.374,-0.482,0.271,0.567,0.33,0.342,0.623,0.383,0.548,0.941,0.7,0.635,0.949,0.73,0.087,0.071,0.061,-2.367,-3.804,0.337,-0.807,0.443,-0.012,-1.736,-2.791,0.039,-0.985,0.184,-0.19,0.749,-1.796,0.12,-2.988,1.178,1.259,1.452,-0.04,0.822,-0.848,1.736,1.856,-1.533,-2.97,1.171,0.027,1.277,0.822,0.059,-0.74,0.276,0.055,0.18,-2.245,1.768,2.002,1.234,0.246,2.605,2.95,1.596,0.572,1.741,1.367,0.689,-0.11,0.906,0.685,2.576,2.729,3.796,4.021,0.369,0.451,-0.008,0.226,-0.128,0.025,-0.204,18.309,-0.344,27.652,0.184,-24.328,0.359,-60.64,-0.15,9.344,0.373,-42.637,0.525,-78.949,0.496,-51.981,0.626,-88.293,0.188,-36.312,0.693,0.234,0.16,0.773,0.353,0.241,-0.68,-0.921,-0.212,-1.696,-2.296,-0.773,0.173,0.119,0.081,-0.789,-1.614,-0.372,-1.46,-2.989,-1.007,-0.961,-1.454,-0.453,-1.633,-2.469,-1.126,-0.672,-1.015,-1.375,-0.187,-0.203,-0.441,-0.475,-0.528,-0.902,0.087,0.156,0.123,0.149,0.24,0.193,-0.317,-0.363,-0.461,0.27,0.559,0.327,0.342,0.616,0.38,0.54,0.922,0.684,0.627,0.932,0.716,0.087,0.072,0.061,-2.306,-3.681,0.324,-0.802,0.431,-0.022,-1.704,-2.719,0.032,-0.975,0.177,-0.195,0.711,-1.758,0.096,-2.892,1.138,1.22,1.383,-0.071,0.768,-0.846,1.665,1.785,-1.456,-2.83,1.175,0.049,1.282,0.829,0.049,-0.724,0.267,0.055,0.146,-2.15,1.721,1.962,1.161,0.24,2.518,2.871,1.591,0.584,1.735,1.363,0.664,-0.109,0.882,0.67,2.496,2.656,3.653,3.886,0.378,0.459,-0.015,0.226,-0.134,0.025
2017-06-30,CTD2,4181518,693105,0.0149160065,0.023738332,0.029181471,0.007195797,0.004207121,0.0010563881,0.0011254343,0.0004536283,0.015009199,0.023944508,0.0292766,0.0074997814,0.00454412,0.0010124714,0.000246673,-8.000000000000001e-45,0.441,-0.228,24.916,-0.323,32.774,0.349,-71.928,0.56,-170.65,-0.103,7.858,0.535,-96.844,0.699,-195.566,0.604,-104.702,0.748,-203.424,0.262,-98.722,0.727,0.179,0.105,0.778,0.236,0.138,-1.707,-2.099,-0.303,-4.051,-4.98,-1.228,0.117,0.057,0.033,-1.445,-2.826,-0.407,-2.917,-5.707,-1.407,-1.562,-2.485,-0.44,-3.034,-4.829,-1.464,-1.473,-2.344,-2.881,-0.243,-0.264,-0.774,-0.461,-0.51,-1.251,0.146,0.276,0.231,0.202,0.346,0.294,-0.246,-0.285,-0.477,0.375,0.865,0.495,0.443,0.883,0.537,0.569,1.15,0.787,0.646,1.129,0.807,0.077,0.068,0.056,-3.427,-6.308,0.382,-1.082,0.484,0.044,-2.788,-5.131,0.208,-1.199,0.334,-0.074,1.259,-3.57,0.844,-4.863,1.896,1.929,2.732,0.247,2.316,-0.51,3.242,3.299,-2.464,-5.345,1.345,-0.119,1.447,1.007,0.331,-0.897,0.531,0.229,1.343,-3.637,3.017,3.155,3.686,1.587,5.16,5.396,1.653,0.246,1.779,1.372,0.747,-0.481,0.947,0.645,3.773,3.878,6.454,6.633,0.305,0.338,0.021,0.159,-0.035,0.069,-0.229,24.863,-0.322,32.469,0.334,-66.711,0.535,-153.439,-0.1,7.606,0.523,-91.574,0.681,-178.301,0.592,-99.18,0.731,-185.908,0.245,-86.727,0.728,0.186,0.113,0.777,0.244,0.148,-1.597,-1.953,-0.303,-3.674,-4.492,-1.151,0.114,0.057,0.035,-1.374,-2.681,-0.416,-2.676,-5.22,-1.337,-1.489,-2.375,-0.451,-2.79,-4.451,-1.394,-1.302,-2.077,-2.539,-0.243,-0.264,-0.742,-0.454,-0.501,-1.185,0.141,0.264,0.222,0.197,0.333,0.285,-0.237,-0.273,-0.443,0.371,0.841,0.486,0.438,0.862,0.528,0.559,1.114,0.764,0.635,1.099,0.787,0.076,0.067,0.056,-3.277,-5.816,0.371,-1.024,0.472,0.021,-2.68,-4.757,0.199,-1.138,0.323,-0.093,1.183,-3.268,0.779,-4.441,1.812,1.846,2.485,0.11,2.08,-0.601,2.99,3.047,-2.308,-4.847,1.339,-0.055,1.44,0.989,0.318,-0.833,0.515,0.212,1.242,-3.25,2.89,3.037,3.319,1.366,4.77,5.013,1.637,0.3,1.761,1.345,0.723,-0.428,0.92,0.617,3.601,3.714,5.943,6.13,0.31,0.344,0.01,0.158,-0.047,0.066
2017-06-30,CTD3,4181698,695238,0.017591918,0.024643049,0.027555374,0.010574366,0.0074376697,0.0019624375,0.0019442954,0.0007780976,0.017462393,0.024656076,0.02742337,0.01068209,0.0074404264,0.0018623079,0.104799,-8.000000000000001e-45,0.617,-0.167,16.265,-0.221,20.554,0.249,-37.724,0.406,-77.606,-0.056,4.289,0.399,-53.989,0.536,-93.871,0.445,-58.278,0.575,-98.16,0.174,-39.882,0.448,0.172,0.121,0.507,0.217,0.153,-0.93,-1.039,-0.281,-1.912,-2.138,-0.821,0.075,0.045,0.032,-0.95,-1.488,-0.402,-1.651,-2.587,-0.993,-1.025,-1.436,-0.433,-1.727,-2.419,-1.038,-0.702,-0.983,-1.099,-0.185,-0.202,-0.391,-0.283,-0.311,-0.553,0.134,0.219,0.201,0.195,0.288,0.266,-0.103,-0.116,-0.162,0.312,0.562,0.402,0.381,0.611,0.451,0.402,0.678,0.529,0.476,0.714,0.571,0.074,0.069,0.06,-1.892,-2.991,0.33,-0.708,0.444,0.011,-1.692,-2.675,0.209,-0.783,0.337,-0.065,0.769,-1.65,0.545,-2.041,1.362,1.394,1.471,0.035,1.247,-0.241,1.936,1.981,-1.205,-2.304,1.017,-0.021,1.131,0.697,0.293,-0.527,0.472,0.191,0.764,-1.374,1.908,2.061,1.747,0.707,2.712,2.93,1.137,0.145,1.265,0.863,0.517,-0.304,0.695,0.415,2.183,2.304,3.104,3.276,0.299,0.331,0.006,0.159,-0.039,0.082,-0.171,16.708,-0.222,20.801,0.241,-36.349,0.402,-77.135,-0.053,4.093,0.395,-53.057,0.536,-93.843,0.439,-57.149,0.573,-97.936,0.179,-40.786,0.458,0.178,0.124,0.513,0.222,0.155,-0.896,-0.997,-0.27,-1.902,-2.115,-0.824,0.071,0.044,0.03,-0.926,-1.455,-0.395,-1.639,-2.573,-1.002,-0.998,-1.409,-0.425,-1.71,-2.415,-1.046,-0.712,-1.006,-1.118,-0.189,-0.206,-0.397,-0.282,-0.31,-0.55,0.13,0.211,0.194,0.192,0.284,0.263,-0.098,-0.111,-0.153,0.311,0.561,0.401,0.384,0.612,0.452,0.397,0.672,0.522,0.474,0.71,0.565,0.077,0.072,0.062,-1.859,-2.977,0.319,-0.727,0.437,0.012,-1.671,-2.677,0.204,-0.799,0.335,-0.06,0.736,-1.679,0.522,-2.051,1.333,1.363,1.448,0.039,1.235,-0.22,1.914,1.957,-1.155,-2.274,1.022,-0.024,1.141,0.715,0.287,-0.537,0.473,0.203,0.738,-1.378,1.882,2.037,1.743,0.747,2.702,2.924,1.137,0.135,1.269,0.874,0.501,-0.323,0.686,0.416,2.141,2.265,3.074,3.252,0.31,0.34,0.007,0.162,-0.037,0.088
2017-06-30,CTD4,4180266,698264,0.016405266,0.024626616,0.035083488,0.009392335,0.008279247,0.002042393,0.0020436693,0.00079003134,0.016311308,0.024674179,0.035139456,0.009643525,0.007396578,0.002070887,0.10172809,-8.000000000000001e-45,0.629,-0.2,20.35,-0.363,32.453,0.272,-45.514,0.329,-59.828,-0.175,12.103,0.448,-65.863,0.497,-80.177,0.578,-77.966,0.618,-92.28,0.063,-14.314,0.714,0.191,0.168,0.799,0.305,0.269,-1.121,-1.597,-0.377,-1.473,-2.099,-0.562,0.199,0.114,0.1,-1.081,-2.311,-0.545,-1.315,-2.813,-0.753,-1.279,-1.92,-0.646,-1.514,-2.273,-0.867,-0.235,-0.353,-0.502,-0.185,-0.19,-0.465,-0.549,-0.568,-1.057,0.117,0.213,0.162,0.136,0.239,0.183,-0.405,-0.424,-0.592,0.296,0.617,0.351,0.317,0.634,0.368,0.626,1.041,0.781,0.653,1.039,0.788,0.027,0.022,0.019,-3.069,-3.571,0.398,-0.468,0.43,-0.215,-2.154,-2.507,0.086,-0.667,0.131,-0.414,1.045,-1.228,0.322,-2.491,1.41,1.511,1.28,-0.64,0.557,-1.754,1.6,1.714,-2.234,-2.736,1.233,0.367,1.265,0.62,0.129,-0.432,0.197,-0.18,0.483,-1.616,2.117,2.386,0.836,-0.761,2.402,2.707,1.757,1.004,1.802,1.257,0.852,0.29,0.92,0.543,3.231,3.399,3.665,3.856,0.236,0.337,-0.123,0.145,-0.237,-0.068,-0.204,20.779,-0.366,32.849,0.257,-42.389,0.376,-73.89,-0.175,12.07,0.438,-63.168,0.539,-94.669,0.569,-75.238,0.652,-106.74,0.132,-31.501,0.73,0.2,0.154,0.811,0.317,0.243,-1.046,-1.49,-0.314,-1.823,-2.596,-0.713,0.197,0.116,0.089,-1.03,-2.22,-0.467,-1.544,-3.327,-0.913,-1.227,-1.856,-0.557,-1.741,-2.634,-1.029,-0.514,-0.777,-1.107,-0.187,-0.197,-0.491,-0.549,-0.587,-1.105,0.111,0.208,0.157,0.149,0.26,0.199,-0.403,-0.441,-0.614,0.292,0.634,0.353,0.336,0.666,0.386,0.622,1.075,0.795,0.677,1.069,0.808,0.055,0.044,0.038,-2.983,-4.09,0.387,-0.643,0.451,-0.106,-2.094,-2.872,0.073,-0.84,0.164,-0.303,0.989,-1.644,0.267,-3.059,1.392,1.481,1.503,-0.353,0.781,-1.439,1.814,1.931,-2.131,-3.238,1.238,0.209,1.302,0.746,0.111,-0.602,0.249,-0.065,0.404,-2.192,2.105,2.348,1.182,-0.308,2.745,3.061,1.763,0.851,1.855,1.387,0.833,0.12,0.971,0.657,3.19,3.344,4.16,4.36,0.291,0.381,-0.063,0.18,-0.179,-0.025
2017-06-30,CTD6,4176009,695829,0.018343553,0.027834155,0.037418507,0.011775552,0.007740965,0.0019641395,0.0019828898,0.0008051351,0.018281229,0.02786021,0.037515447,0.012025046,0.00797012,0.0018608668,0.05431843,-8.000000000000001e-45,0.269,-0.206,18.588,-0.342,27.79,0.218,-30.407,0.406,-74.668,-0.147,9.202,0.405,-48.995,0.565,-93.256,0.521,-58.197,0.657,-102.458,0.207,-44.261,0.696,0.219,0.144,0.774,0.327,0.215,-0.846,-1.138,-0.235,-2.078,-2.794,-0.879,0.169,0.108,0.071,-0.899,-1.833,-0.379,-1.711,-3.489,-1.098,-1.068,-1.62,-0.451,-1.879,-2.852,-1.207,-0.812,-1.232,-1.656,-0.193,-0.21,-0.486,-0.482,-0.536,-0.977,0.101,0.185,0.145,0.162,0.268,0.216,-0.318,-0.367,-0.491,0.288,0.616,0.356,0.36,0.667,0.408,0.555,0.983,0.721,0.643,0.985,0.749,0.087,0.072,0.062,-2.519,-4.175,0.344,-0.862,0.452,0.002,-1.873,-3.105,0.067,-1.031,0.212,-0.167,0.814,-2.038,0.213,-3.276,1.28,1.351,1.626,0.006,1.025,-0.808,1.947,2.055,-1.66,-3.316,1.203,-0.004,1.311,0.86,0.102,-0.777,0.322,0.086,0.324,-2.47,1.942,2.157,1.556,0.418,2.954,3.281,1.617,0.519,1.762,1.382,0.702,-0.177,0.922,0.687,2.756,2.9,4.192,4.411,0.364,0.435,0.001,0.216,-0.107,0.037,-0.208,18.807,-0.345,28.045,0.206,-28.459,0.393,-70.768,-0.148,9.238,0.397,-47.266,0.555,-89.575,0.515,-56.504,0.65,-98.813,0.203,-42.309,0.706,0.226,0.15,0.781,0.337,0.224,-0.793,-1.068,-0.227,-1.972,-2.655,-0.851,0.169,0.111,0.074,-0.864,-1.773,-0.377,-1.638,-3.36,-1.077,-1.033,-1.574,-0.45,-1.806,-2.753,-1.188,-0.773,-1.179,-1.587,-0.193,-0.211,-0.479,-0.482,-0.537,-0.962,0.096,0.175,0.138,0.158,0.259,0.208,-0.319,-0.368,-0.483,0.284,0.603,0.348,0.356,0.656,0.401,0.552,0.971,0.711,0.64,0.975,0.741,0.088,0.073,0.062,-2.464,-4.051,0.336,-0.853,0.444,-0.007,-1.83,-3.008,0.056,-1.021,0.201,-0.175,0.778,-1.975,0.174,-3.187,1.234,1.308,1.551,-0.023,0.947,-0.826,1.862,1.973,-1.596,-3.183,1.203,0.015,1.312,0.861,0.085,-0.766,0.307,0.08,0.265,-2.39,1.881,2.104,1.443,0.376,2.838,3.175,1.621,0.543,1.766,1.389,0.689,-0.162,0.911,0.684,2.684,2.834,4.049,4.275,0.372,0.445,-0.004,0.219,-0.115,0.034
2017-06-30,CTD7,4176724,690397,0.022622747,0.035254367,0.04981234,0.01561752,0.009587707,0.0023590664,0.00247318,0.000995742,0.022621773,0.03527949,0.049977317,0.016007638,0.010251057,0.0021842886,0.00856756,-8.000000000000001e-45,0.967,-0.218,15.838,-0.375,24.128,0.183,-19.827,0.405,-60.097,-0.171,8.29,0.386,-35.665,0.572,-75.935,0.523,-43.955,0.677,-84.225,0.239,-40.27,0.789,0.247,0.152,0.851,0.377,0.231,-0.699,-0.988,-0.19,-2.119,-2.994,-0.939,0.188,0.129,0.079,-0.807,-1.777,-0.342,-1.718,-3.782,-1.186,-0.994,-1.55,-0.421,-1.905,-2.969,-1.315,-0.911,-1.42,-2.006,-0.193,-0.213,-0.501,-0.534,-0.606,-1.079,0.082,0.156,0.118,0.153,0.256,0.199,-0.381,-0.452,-0.578,0.271,0.61,0.331,0.354,0.671,0.392,0.591,1.062,0.763,0.695,1.052,0.791,0.104,0.083,0.071,-2.548,-4.554,0.328,-0.987,0.449,0.028,-1.803,-3.223,0.011,-1.175,0.182,-0.16,0.741,-2.228,0.036,-3.747,1.177,1.256,1.652,0.102,0.947,-0.83,1.917,2.046,-1.631,-3.637,1.245,-0.071,1.366,0.944,0.017,-0.921,0.284,0.094,0.055,-2.938,1.834,2.065,1.475,0.488,2.987,3.364,1.759,0.573,1.93,1.588,0.723,-0.216,0.989,0.799,2.766,2.918,4.505,4.752,0.418,0.498,0.019,0.251,-0.11,0.042,-0.219,15.86,-0.377,24.196,0.171,-18.265,0.376,-53.346,-0.172,8.336,0.376,-34.125,0.55,-69.206,0.515,-42.461,0.66,-77.542,0.219,-35.081,0.793,0.254,0.163,0.854,0.387,0.248,-0.644,-0.913,-0.187,-1.882,-2.666,-0.854,0.189,0.133,0.085,-0.772,-1.705,-0.35,-1.566,-3.459,-1.108,-0.961,-1.498,-0.435,-1.754,-2.736,-1.241,-0.794,-1.238,-1.753,-0.192,-0.21,-0.482,-0.533,-0.601,-1.042,0.078,0.145,0.11,0.145,0.241,0.187,-0.38,-0.447,-0.56,0.265,0.586,0.32,0.345,0.648,0.379,0.587,1.033,0.746,0.686,1.028,0.775,0.099,0.079,0.068,-2.481,-4.234,0.321,-0.92,0.436,0.001,-1.751,-2.989,-0.001,-1.109,0.162,-0.188,0.707,-2.028,-0.003,-3.462,1.123,1.208,1.501,0.003,0.79,-0.915,1.753,1.886,-1.563,-3.316,1.239,-0.002,1.354,0.919,-0.002,-0.856,0.253,0.066,-0.005,-2.671,1.751,1.999,1.232,0.319,2.734,3.121,1.756,0.648,1.919,1.569,0.709,-0.145,0.963,0.776,2.669,2.832,4.168,4.422,0.417,0.503,0.001,0.249,-0.133,0.03
2017-06-30,CTD8,4174178,693048,0.016710026,0.025562508,0.035782803,0.012111263,0.008392714,0.0021221465,0.0021036698,0.000849979,0.016633436,0.025645155,0.035740558,0.012289939,0.008617936,0.002022327,0.06142726,-8.000000000000001e-45,0.447,-0.209,20.725,-0.363,31.898,0.16,-22.723,0.331,-59.307,-0.167,11.173,0.357,-43.448,0.506,-80.031,0.494,-54.621,0.62,-91.205,0.181,-36.583,0.742,0.251,0.174,0.815,0.386,0.268,-0.581,-0.813,-0.191,-1.516,-2.122,-0.718,0.187,0.135,0.094,-0.726,-1.555,-0.365,-1.337,-2.864,-0.969,-0.913,-1.396,-0.458,-1.524,-2.331,-1.105,-0.611,-0.935,-1.309,-0.185,-0.2,-0.432,-0.506,-0.562,-0.93,0.075,0.135,0.104,0.136,0.221,0.174,-0.355,-0.407,-0.498,0.256,0.536,0.304,0.327,0.596,0.358,0.56,0.943,0.697,0.648,0.95,0.727,0.088,0.071,0.061,-2.301,-3.61,0.315,-0.789,0.419,-0.039,-1.644,-2.579,-0.007,-0.976,0.139,-0.226,0.665,-1.666,-0.02,-2.884,1.051,1.145,1.277,-0.12,0.591,-0.963,1.517,1.653,-1.425,-2.734,1.191,0.087,1.295,0.837,-0.01,-0.729,0.212,0.021,-0.031,-2.153,1.608,1.876,0.904,0.091,2.321,2.707,1.668,0.698,1.813,1.448,0.675,-0.043,0.898,0.707,2.452,2.626,3.539,3.79,0.396,0.49,-0.028,0.239,-0.164,0.01,-0.213,21.126,-0.365,32.14,0.15,-21.247,0.317,-55.917,-0.164,11.014,0.352,-42.374,0.497,-77.043,0.488,-53.388,0.611,-88.058,0.176,-34.67,0.755,0.26,0.182,0.824,0.395,0.277,-0.545,-0.759,-0.183,-1.434,-1.999,-0.687,0.183,0.135,0.095,-0.705,-1.514,-0.365,-1.281,-2.754,-0.947,-0.888,-1.369,-0.46,-1.465,-2.258,-1.082,-0.577,-0.889,-1.239,-0.188,-0.203,-0.431,-0.504,-0.558,-0.914,0.071,0.127,0.098,0.131,0.211,0.167,-0.349,-0.4,-0.483,0.255,0.529,0.301,0.325,0.589,0.355,0.555,0.929,0.684,0.642,0.938,0.715,0.087,0.07,0.06,-2.26,-3.499,0.305,-0.777,0.407,-0.053,-1.621,-2.51,-0.014,-0.961,0.129,-0.236,0.636,-1.622,-0.04,-2.794,1.017,1.112,1.213,-0.157,0.536,-0.978,1.451,1.586,-1.366,-2.605,1.198,0.116,1.301,0.841,-0.021,-0.709,0.199,0.016,-0.062,-2.061,1.569,1.846,0.827,0.068,2.237,2.632,1.669,0.723,1.813,1.447,0.655,-0.032,0.876,0.692,2.39,2.572,3.408,3.668,0.403,0.498,-0.039,0.238,-0.174,0.008
2017-06-30,CTD10,4170388,695646,0.0138280615,0.019544773,0.025962187,0.0073515465,0.0050139325,0.0012776662,0.0012900282,0.0005109108,0.0138291195,0.01956848,0.026090559,0.0074747507,0.0049842405,0.001236916,0.074538395,-8.000000000000001e-45,0.4,-0.171,21.152,-0.305,33.799,0.306,-63.709,0.468,-127.128,-0.141,12.647,0.453,-84.861,0.592,-148.28,0.559,-97.508,0.676,-160.927,0.189,-63.418,0.549,0.156,0.106,0.661,0.248,0.169,-1.245,-1.654,-0.319,-2.485,-3.301,-0.935,0.175,0.093,0.063,-1.173,-2.203,-0.425,-2.05,-3.85,-1.09,-1.348,-1.906,-0.489,-2.225,-3.145,-1.183,-0.877,-1.239,-1.646,-0.172,-0.185,-0.462,-0.451,-0.494,-0.981,0.142,0.264,0.209,0.194,0.328,0.265,-0.303,-0.341,-0.519,0.306,0.647,0.394,0.365,0.686,0.436,0.558,0.988,0.758,0.628,0.989,0.779,0.07,0.059,0.051,-2.824,-4.471,0.424,-0.759,0.514,0.025,-2.126,-3.365,0.156,-0.934,0.276,-0.149,1.128,-2.017,0.553,-3.297,1.624,1.688,2.005,0.099,1.43,-0.774,2.382,2.475,-2.118,-3.765,1.13,-0.053,1.22,0.731,0.221,-0.713,0.39,0.071,0.781,-2.519,2.296,2.465,2.021,0.367,3.366,3.615,1.501,0.411,1.621,1.195,0.797,-0.138,0.966,0.646,3.169,3.275,4.646,4.802,0.275,0.339,0.014,0.183,-0.079,0.027,-0.172,21.209,-0.307,33.983,0.298,-61.473,0.47,-128.321,-0.143,12.775,0.447,-82.681,0.594,-149.53,0.555,-95.456,0.679,-162.304,0.2,-66.849,0.553,0.159,0.106,0.665,0.254,0.169,-1.203,-1.604,-0.306,-2.511,-3.348,-0.959,0.177,0.095,0.064,-1.143,-2.157,-0.412,-2.068,-3.901,-1.118,-1.32,-1.868,-0.476,-2.245,-3.176,-1.213,-0.924,-1.308,-1.744,-0.171,-0.185,-0.461,-0.453,-0.499,-0.984,0.139,0.259,0.204,0.194,0.327,0.264,-0.306,-0.347,-0.523,0.303,0.643,0.389,0.365,0.685,0.435,0.557,0.989,0.758,0.632,0.991,0.78,0.075,0.062,0.055,-2.784,-4.528,0.42,-0.793,0.516,0.04,-2.088,-3.396,0.148,-0.97,0.275,-0.137,1.1,-2.076,0.517,-3.384,1.595,1.659,2.025,0.157,1.441,-0.716,2.393,2.488,-2.075,-3.82,1.129,-0.085,1.224,0.748,0.21,-0.75,0.39,0.083,0.731,-2.617,2.258,2.427,2.039,0.436,3.386,3.64,1.505,0.387,1.632,1.22,0.793,-0.166,0.973,0.666,3.13,3.236,4.694,4.853,0.286,0.349,0.022,0.191,-0.074,0.032
2017-06-30,CTD11,4169609,700351,0.00977784,0.0143263675,0.023414735,0.0072215046,0.007124523,0.0017876715,0.0017298113,0.00064165686,0.009758685,0.013999498,0.02350777,0.0075274,0.0063019306,0.0018159745,0.4759244,-2e-44,0.536,-0.189,32.471,-0.411,59.564,0.15,-36.203,0.157,-38.088,-0.241,27.093,0.33,-68.674,0.336,-70.559,0.529,-95.767,0.533,-97.652,0.007,-1.885,0.76,0.234,0.231,0.853,0.43,0.424,-0.519,-0.848,-0.258,-0.546,-0.892,-0.275,0.265,0.196,0.193,-0.671,-1.608,-0.489,-0.69,-1.652,-0.51,-0.936,-1.372,-0.682,-0.955,-1.399,-0.705,-0.018,-0.027,-0.044,-0.148,-0.149,-0.317,-0.633,-0.636,-0.951,0.068,0.119,0.084,0.07,0.123,0.087,-0.535,-0.538,-0.634,0.214,0.42,0.233,0.217,0.424,0.235,0.672,0.958,0.755,0.676,0.958,0.756,0.004,0.003,0.003,-2.56,-2.604,0.374,-0.331,0.378,-0.304,-1.566,-1.593,-0.086,-0.596,-0.08,-0.569,0.742,-0.657,-0.28,-1.933,0.857,1.05,0.761,-0.611,-0.262,-1.87,0.868,1.064,-1.777,-1.821,1.157,0.452,1.161,0.479,-0.127,-0.402,-0.117,-0.375,-0.411,-1.303,1.255,1.68,-0.384,-1.232,1.272,1.702,1.891,1.381,1.897,1.408,0.896,0.621,0.906,0.648,2.514,2.745,2.548,2.782,0.241,0.434,-0.225,0.2,-0.42,-0.189,-0.178,31.042,-0.413,59.934,0.129,-30.375,0.215,-56.209,-0.254,28.892,0.301,-61.417,0.379,-87.25,0.515,-90.309,0.577,-116.142,0.089,-25.834,0.73,0.234,0.196,0.839,0.451,0.378,-0.425,-0.714,-0.191,-0.787,-1.321,-0.423,0.282,0.217,0.182,-0.599,-1.444,-0.387,-0.851,-2.051,-0.657,-0.881,-1.264,-0.569,-1.133,-1.626,-0.874,-0.252,-0.362,-0.607,-0.137,-0.142,-0.307,-0.639,-0.677,-0.994,0.059,0.11,0.075,0.092,0.161,0.111,-0.55,-0.592,-0.688,0.195,0.403,0.217,0.231,0.445,0.248,0.673,0.995,0.787,0.724,0.995,0.799,0.052,0.037,0.033,-2.426,-3.033,0.377,-0.497,0.429,-0.14,-1.445,-1.806,-0.123,-0.779,-0.035,-0.422,0.701,-0.925,-0.383,-2.434,0.846,1.028,0.953,-0.311,-0.131,-1.574,1.011,1.228,-1.688,-2.296,1.114,0.24,1.166,0.597,-0.176,-0.599,-0.05,-0.242,-0.549,-1.87,1.214,1.592,-0.187,-0.901,1.45,1.901,1.871,1.214,1.959,1.572,0.908,0.485,1.033,0.842,2.477,2.673,2.959,3.193,0.321,0.503,-0.108,0.27,-0.326,-0.13
2017-06-30,CTD12,4173438,695414,0.021588668,0.030925771,0.042175855,0.017452898,0.012229726,0.003175814,0.0031702095,0.0012568567,0.021286955,0.031035395,0.042104162,0.017564535,0.012369107,0.002999158,0.0024111148,-8.000000000000001e-45,0.383,-0.178,13.985,-0.323,22.61,0.106,-10.976,0.277,-35.447,-0.154,8.625,0.278,-24.962,0.433,-49.432,0.415,-33.587,0.55,-58.058,0.176,-24.471,0.59,0.244,0.171,0.699,0.395,0.277,-0.339,-0.463,-0.134,-1.096,-1.495,-0.619,0.186,0.151,0.105,-0.539,-1.053,-0.305,-1.067,-2.085,-0.863,-0.725,-1.039,-0.411,-1.253,-1.795,-1.013,-0.528,-0.757,-1.032,-0.157,-0.172,-0.315,-0.426,-0.477,-0.694,0.057,0.096,0.076,0.128,0.193,0.157,-0.288,-0.333,-0.379,0.211,0.398,0.248,0.293,0.479,0.314,0.471,0.731,0.573,0.57,0.767,0.619,0.099,0.082,0.071,-1.718,-2.751,0.284,-0.729,0.408,-0.003,-1.26,-2.017,-0.052,-0.915,0.116,-0.189,0.504,-1.292,-0.127,-2.212,0.842,0.947,1.032,-0.007,0.401,-0.651,1.201,1.351,-0.984,-2.016,1.019,0.005,1.143,0.732,-0.075,-0.694,0.167,0.033,-0.182,-1.677,1.205,1.482,0.575,0.112,1.72,2.115,1.389,0.527,1.558,1.253,0.555,-0.063,0.797,0.663,1.85,2.021,2.64,2.884,0.413,0.518,-0.002,0.274,-0.153,0.018,-0.186,14.756,-0.328,23.227,0.096,-9.956,0.265,-33.869,-0.151,8.471,0.277,-24.712,0.43,-48.625,0.411,-33.182,0.546,-57.096,0.174,-23.914,0.621,0.259,0.183,0.721,0.408,0.287,-0.309,-0.419,-0.123,-1.051,-1.426,-0.595,0.18,0.149,0.105,-0.526,-1.04,-0.306,-1.035,-2.047,-0.854,-0.706,-1.03,-0.41,-1.215,-1.772,-1.003,-0.509,-0.742,-1.007,-0.163,-0.179,-0.326,-0.428,-0.48,-0.695,0.051,0.086,0.068,0.122,0.183,0.149,-0.285,-0.329,-0.37,0.213,0.4,0.247,0.294,0.48,0.313,0.469,0.729,0.565,0.568,0.765,0.612,0.099,0.082,0.071,-1.711,-2.718,0.269,-0.734,0.392,-0.018,-1.261,-2.004,-0.06,-0.914,0.107,-0.199,0.475,-1.297,-0.145,-2.192,0.813,0.918,0.984,-0.046,0.364,-0.676,1.155,1.304,-0.939,-1.946,1.041,0.038,1.164,0.754,-0.088,-0.683,0.156,0.033,-0.211,-1.637,1.186,1.473,0.531,0.112,1.684,2.092,1.412,0.558,1.579,1.274,0.532,-0.063,0.776,0.652,1.816,1.999,2.579,2.838,0.427,0.531,-0.015,0.272,-0.164,0.019
2018-02-20,CTD1,4187246,695025,0.0019524309,0.002540789,0.0050286516,0.0024352258,0.005107951,0.00093750475,0.0008502996,0.0003318053,0.0019635838,0.002500406,0.0052307337,0.003040797,0.0033348256,0.0012216357,3.0791156,-2.8899999999999995e-42,1.596,-0.131,118.603,-0.441,313.322,-0.11,101.542,-0.447,316.409,-0.329,194.718,0.021,-17.061,-0.336,197.805,0.347,-211.779,-0.008,3.087,-0.354,214.866,0.596,0.289,0.606,0.796,0.763,1.6,0.258,0.511,0.519,0.804,1.591,0.771,0.38,0.474,0.995,-0.033,-0.086,-0.087,0.386,0.995,0.482,-0.413,-0.538,-1.082,0.006,0.008,0.008,0.42,0.546,1.08,-0.079,-0.058,-0.078,-0.618,-0.402,-0.408,-0.064,-0.063,-0.048,-0.417,-0.634,-0.423,-0.567,-0.352,-0.33,0.015,0.015,0.01,-0.368,-0.585,-0.344,0.577,0.367,0.339,-0.018,-0.018,-0.016,-0.595,-0.383,-0.353,-1.297,-0.216,0.284,0.292,-0.247,-1.329,-0.655,-0.109,-0.57,-0.088,-1.622,-1.709,0.296,0.304,-1.177,-0.183,-1.209,-0.214,-0.123,-0.661,-1.597,-1.683,-0.576,-0.102,-0.764,0.317,0.817,0.825,0.286,-0.796,-0.742,0.029,-2.111,-1.592,-1.532,0.059,-1.573,0.028,-2.078,-1.568,-0.75,0.013,1.617,2.099,0.565,0.478,0.732,1.502,-0.637,-0.118,-0.551,0.055,-0.263,0.026,-0.763,0.232,-1.658,-0.057,-2.132,-1.526,-0.12,109.338,-0.454,318.095,-0.215,180.412,-0.259,209.407,-0.353,208.757,-0.098,71.074,-0.143,100.069,0.265,-137.683,0.221,-108.688,-0.046,28.995,0.572,0.332,0.365,0.795,0.967,1.061,0.451,0.944,0.602,0.524,1.095,0.637,0.41,0.635,0.696,0.14,0.372,0.237,0.196,0.523,0.304,-0.27,-0.344,-0.459,-0.213,-0.272,-0.33,0.057,0.073,0.152,-0.065,-0.063,-0.084,-0.59,-0.56,-0.512,-0.139,-0.185,-0.126,-0.177,-0.247,-0.166,-0.546,-0.515,-0.428,-0.075,-0.102,-0.063,-0.116,-0.167,-0.101,0.491,0.413,0.375,0.425,0.379,0.342,-0.066,-0.041,-0.038,-0.935,-0.783,0.204,-0.127,0.148,-0.311,-0.447,-0.374,-0.841,-0.536,-0.958,-0.721,0.168,-0.104,-1.446,-0.923,-0.688,0.008,0.111,-0.233,-1.503,-1.131,-0.627,0.007,-0.447,-0.295,0.692,0.362,0.636,0.177,-1.071,-0.434,-1.22,-0.619,-1.842,-0.746,-0.876,0.185,-1.914,-0.97,-0.799,0.168,1.448,1.752,1.33,1.567,0.543,1.18,0.394,0.995,0.022,0.386,0.02,0.352,0.215,0.911,-0.482,0.579,-1.117,-0.752
2018-02-20,CTD2,4181518,693105,0.0032002442,0.004684798,0.009105635,0.0025910507,0.0030665374,0.00059212674,0.0006068726,0.00023285083,0.0032173584,0.0045552496,0.009271412,0.002828708,0.002347701,0.00070572144,1.2422333,-2.8899999999999995e-42,1.57,-0.188,99.02,-0.48,202.654,0.105,-73.468,0.021,-13.625,-0.321,103.634,0.288,-172.487,0.209,-112.644,0.557,-276.122,0.496,-216.279,-0.084,59.843,0.902,0.257,0.304,0.949,0.525,0.621,-0.344,-0.669,-0.225,-0.064,-0.124,-0.035,0.332,0.269,0.318,-0.552,-1.571,-0.529,-0.36,-1.026,-0.292,-0.884,-1.294,-0.847,-0.692,-1.013,-0.56,0.192,0.28,0.545,-0.127,-0.122,-0.262,-0.812,-0.762,-1.044,0.044,0.079,0.05,0.01,0.018,0.011,-0.763,-0.705,-0.781,0.17,0.334,0.172,0.132,0.279,0.138,0.826,1.04,0.84,0.766,1.043,0.83,-0.06,-0.039,-0.034,-2.831,-2.286,0.399,-0.162,0.346,-0.5,-1.457,-1.176,-0.202,-0.493,-0.303,-0.832,0.721,-0.293,-0.709,-1.734,0.581,0.898,0.529,-0.764,-0.9,-2.471,0.491,0.759,-2.05,-1.505,1.179,0.619,1.127,0.28,-0.295,-0.33,-0.444,-0.669,-1.037,-1.161,0.85,1.471,-1.318,-1.987,0.718,1.243,2.292,2.0,2.191,1.662,1.134,1.099,0.985,0.76,2.556,2.86,2.16,2.416,0.155,0.473,-0.405,0.216,-0.674,-0.37,-0.172,91.287,-0.485,202.956,0.064,-42.704,0.156,-115.135,-0.341,111.669,0.234,-133.991,0.32,-206.422,0.532,-245.66,0.596,-318.09,0.093,-72.43,0.846,0.258,0.214,0.925,0.574,0.476,-0.195,-0.396,-0.1,-0.524,-1.067,-0.326,0.359,0.316,0.262,-0.431,-1.242,-0.315,-0.664,-1.914,-0.584,-0.79,-1.119,-0.577,-1.023,-1.449,-0.9,-0.233,-0.33,-0.672,-0.111,-0.115,-0.258,-0.82,-0.877,-1.17,0.028,0.056,0.033,0.063,0.118,0.072,-0.78,-0.847,-0.911,0.138,0.31,0.149,0.177,0.365,0.182,0.829,1.158,0.933,0.891,1.145,0.938,0.062,0.039,0.035,-2.571,-3.243,0.401,-0.499,0.453,-0.124,-1.263,-1.593,-0.274,-0.858,-0.168,-0.483,0.646,-0.803,-0.898,-2.812,0.622,0.884,0.879,-0.24,-0.665,-1.907,0.749,1.065,-1.862,-2.533,1.111,0.211,1.163,0.586,-0.388,-0.714,-0.238,-0.339,-1.271,-2.339,0.881,1.357,-0.941,-1.337,1.061,1.635,2.261,1.677,2.366,2.052,1.156,0.83,1.306,1.205,2.548,2.762,3.07,3.328,0.364,0.626,-0.109,0.368,-0.425,-0.21
2018-02-20,CTD3,4181698,695238,0.0065038307,0.011550999,0.019217439,0.004348435,0.0029437798,0.0006801203,0.00067582505,0.0002660802,0.0064814296,0.011503618,0.019323515,0.0044808174,0.0029552132,0.0006932171,0.18345538,-2.878e-42,1.049,-0.28,67.183,-0.494,101.719,0.199,-76.212,0.377,-185.944,-0.249,34.537,0.453,-143.395,0.594,-253.127,0.631,-177.932,0.734,-287.663,0.193,-109.732,1.291,0.292,0.198,1.175,0.442,0.299,-0.88,-1.465,-0.224,-2.148,-3.573,-0.809,0.225,0.15,0.102,-0.933,-2.756,-0.422,-1.646,-4.864,-1.101,-1.157,-2.055,-0.524,-1.871,-3.323,-1.251,-0.714,-1.268,-2.109,-0.214,-0.228,-0.692,-0.8,-0.877,-1.743,0.07,0.149,0.097,0.116,0.224,0.151,-0.706,-0.811,-1.051,0.28,0.762,0.325,0.335,0.793,0.365,0.824,1.574,1.026,0.901,1.5,1.024,0.078,0.055,0.046,-3.856,-5.965,0.337,-0.914,0.41,-0.114,-2.318,-3.585,-0.038,-1.139,0.084,-0.339,0.895,-2.428,-0.168,-5.032,1.241,1.342,1.608,-0.447,0.546,-2.21,1.833,1.983,-2.643,-4.752,1.55,0.299,1.623,1.099,-0.068,-0.876,0.148,-0.076,-0.298,-3.872,2.204,2.503,0.969,-0.496,3.255,3.698,2.578,1.478,2.7,2.278,0.995,0.187,1.211,0.987,3.967,4.165,5.86,6.152,0.414,0.515,-0.076,0.223,-0.226,-0.029,-0.279,67.358,-0.498,102.537,0.183,-68.887,0.374,-184.098,-0.254,35.179,0.439,-136.244,0.591,-251.456,0.624,-171.423,0.735,-286.635,0.205,-115.211,1.302,0.302,0.199,1.18,0.459,0.303,-0.792,-1.331,-0.204,-2.118,-3.557,-0.825,0.228,0.158,0.104,-0.883,-2.633,-0.403,-1.63,-4.859,-1.127,-1.111,-1.972,-0.507,-1.858,-3.297,-1.284,-0.747,-1.325,-2.226,-0.211,-0.225,-0.675,-0.803,-0.888,-1.727,0.065,0.138,0.09,0.114,0.221,0.148,-0.713,-0.829,-1.052,0.272,0.744,0.315,0.331,0.78,0.359,0.825,1.573,1.027,0.91,1.493,1.024,0.085,0.059,0.049,-3.749,-5.975,0.332,-0.953,0.41,-0.096,-2.232,-3.557,-0.054,-1.181,0.079,-0.324,0.851,-2.446,-0.233,-5.092,1.19,1.294,1.598,-0.374,0.513,-2.119,1.804,1.961,-2.538,-4.764,1.543,0.259,1.622,1.115,-0.096,-0.921,0.139,-0.064,-0.414,-3.971,2.111,2.414,0.911,-0.42,3.201,3.661,2.592,1.465,2.724,2.322,0.988,0.164,1.224,1.02,3.857,4.056,5.847,6.149,0.434,0.538,-0.066,0.237,-0.224,-0.025
2018-02-20,CTD4,4180266,698264,0.009388827,0.014814983,0.024111688,0.0068219025,0.005186118,0.0012142662,0.0011985672,0.00047152693,0.009384433,0.014687885,0.02425842,0.0070984056,0.004995178,0.0012443742,0.22905879,-8.000000000000001e-45,0.653,-0.224,39.01,-0.439,65.036,0.158,-40.077,0.288,-86.313,-0.239,26.026,0.369,-79.087,0.481,-125.323,0.559,-105.113,0.646,-151.349,0.136,-46.236,0.941,0.266,0.202,0.964,0.444,0.337,-0.594,-0.966,-0.208,-1.279,-2.081,-0.589,0.244,0.178,0.135,-0.743,-1.907,-0.41,-1.177,-3.022,-0.855,-0.987,-1.557,-0.545,-1.421,-2.242,-1.032,-0.434,-0.685,-1.115,-0.175,-0.185,-0.452,-0.68,-0.736,-1.226,0.066,0.128,0.088,0.108,0.194,0.136,-0.573,-0.638,-0.774,0.239,0.548,0.273,0.287,0.594,0.311,0.714,1.186,0.864,0.782,1.167,0.875,0.068,0.049,0.042,-2.901,-4.016,0.351,-0.682,0.419,-0.126,-1.782,-2.467,-0.071,-0.926,0.039,-0.371,0.762,-1.48,-0.251,-3.273,1.026,1.161,1.196,-0.361,0.183,-1.724,1.35,1.527,-1.957,-3.071,1.295,0.263,1.363,0.818,-0.112,-0.701,0.062,-0.146,-0.396,-2.478,1.619,1.957,0.289,-0.678,2.13,2.574,2.108,1.253,2.218,1.808,0.901,0.312,1.075,0.867,2.982,3.184,3.923,4.189,0.377,0.512,-0.092,0.245,-0.269,-0.067,-0.22,38.476,-0.442,65.337,0.139,-34.317,0.305,-93.634,-0.246,26.861,0.348,-72.793,0.492,-132.11,0.547,-99.654,0.658,-158.97,0.174,-59.316,0.933,0.273,0.192,0.96,0.464,0.326,-0.504,-0.832,-0.171,-1.375,-2.271,-0.665,0.252,0.191,0.134,-0.683,-1.766,-0.364,-1.24,-3.205,-0.938,-0.935,-1.464,-0.498,-1.492,-2.335,-1.128,-0.557,-0.871,-1.439,-0.169,-0.181,-0.439,-0.683,-0.756,-1.23,0.059,0.116,0.078,0.113,0.201,0.14,-0.581,-0.666,-0.791,0.226,0.528,0.259,0.288,0.588,0.309,0.713,1.193,0.872,0.8,1.169,0.884,0.087,0.063,0.054,-2.779,-4.217,0.346,-0.782,0.433,-0.065,-1.682,-2.554,-0.096,-1.034,0.047,-0.317,0.717,-1.618,-0.33,-3.534,0.982,1.116,1.273,-0.19,0.227,-1.539,1.395,1.586,-1.852,-3.291,1.273,0.144,1.359,0.861,-0.151,-0.816,0.073,-0.098,-0.516,-2.787,1.537,1.863,0.355,-0.477,2.184,2.648,2.102,1.164,2.245,1.881,0.895,0.231,1.119,0.948,2.885,3.077,4.1,4.373,0.416,0.55,-0.049,0.277,-0.24,-0.047
2018-02-20,CTD6,4176009,695829,0.010914247,0.016806023,0.027474506,0.00867943,0.006862082,0.0016834623,0.0016681945,0.0006611427,0.0108766025,0.016640874,0.027643776,0.0089195175,0.0065552373,0.0017109468,0.2798698,-8.000000000000001e-45,2.642,-0.213,32.121,-0.431,55.226,0.114,-23.592,0.228,-54.105,-0.241,23.105,0.319,-55.712,0.42,-86.226,0.52,-78.818,0.6,-109.331,0.117,-30.513,0.883,0.279,0.22,0.928,0.479,0.379,-0.396,-0.648,-0.162,-0.909,-1.487,-0.47,0.252,0.201,0.159,-0.608,-1.531,-0.382,-0.941,-2.369,-0.748,-0.86,-1.325,-0.541,-1.193,-1.837,-0.949,-0.333,-0.513,-0.838,-0.163,-0.172,-0.379,-0.65,-0.7,-1.066,0.05,0.094,0.065,0.092,0.159,0.112,-0.544,-0.6,-0.686,0.212,0.457,0.237,0.259,0.508,0.275,0.678,1.057,0.794,0.744,1.052,0.809,0.066,0.047,0.041,-2.516,-3.354,0.334,-0.615,0.4,-0.141,-1.539,-2.052,-0.119,-0.868,-0.011,-0.393,0.646,-1.192,-0.377,-2.746,0.849,1.008,0.979,-0.346,-0.044,-1.575,1.074,1.275,-1.626,-2.464,1.224,0.275,1.29,0.749,-0.184,-0.653,-0.017,-0.179,-0.581,-2.068,1.308,1.687,-0.068,-0.716,1.654,2.133,2.001,1.252,2.109,1.727,0.84,0.37,1.006,0.844,2.537,2.757,3.209,3.487,0.387,0.545,-0.112,0.267,-0.313,-0.092,-0.209,31.847,-0.435,55.766,0.099,-20.173,0.248,-60.609,-0.248,23.918,0.302,-52.021,0.435,-92.457,0.512,-75.939,0.617,-116.375,0.153,-40.436,0.88,0.284,0.209,0.928,0.497,0.366,-0.336,-0.558,-0.132,-1.009,-1.675,-0.541,0.26,0.213,0.157,-0.566,-1.438,-0.341,-1.006,-2.556,-0.825,-0.826,-1.264,-0.498,-1.266,-1.937,-1.038,-0.44,-0.673,-1.118,-0.158,-0.169,-0.372,-0.656,-0.723,-1.084,0.044,0.084,0.057,0.098,0.169,0.118,-0.556,-0.631,-0.711,0.2,0.443,0.226,0.262,0.509,0.276,0.68,1.074,0.807,0.766,1.065,0.825,0.086,0.061,0.053,-2.446,-3.563,0.331,-0.707,0.416,-0.081,-1.472,-2.145,-0.143,-0.967,-0.0,-0.341,0.617,-1.319,-0.442,-2.998,0.825,0.982,1.057,-0.206,-0.002,-1.44,1.123,1.337,-1.569,-2.687,1.207,0.169,1.293,0.795,-0.218,-0.759,-0.001,-0.133,-0.676,-2.351,1.263,1.629,-0.003,-0.561,1.718,2.216,2.006,1.181,2.148,1.807,0.841,0.301,1.059,0.926,2.497,2.705,3.397,3.681,0.426,0.583,-0.067,0.299,-0.28,-0.071
2018-02-20,CTD7,4176724,690397,0.0072936937,0.011520004,0.021947162,0.006236425,0.006152658,0.001334191,0.001300908,0.00049782,0.007295497,0.0112341,0.022234797,0.006605484,0.0052451715,0.0014675737,0.48957747,-2.878e-42,0.811,-0.225,50.299,-0.501,91.541,0.078,-23.244,0.085,-25.427,-0.312,41.242,0.298,-73.543,0.304,-75.726,0.557,-114.784,0.562,-116.967,0.007,-2.183,1.104,0.314,0.309,1.055,0.571,0.563,-0.268,-0.51,-0.143,-0.293,-0.558,-0.159,0.301,0.257,0.254,-0.536,-1.614,-0.452,-0.552,-1.662,-0.472,-0.837,-1.322,-0.706,-0.853,-1.347,-0.729,-0.016,-0.025,-0.048,-0.15,-0.15,-0.341,-0.825,-0.829,-1.183,0.032,0.06,0.038,0.034,0.064,0.04,-0.771,-0.775,-0.842,0.181,0.393,0.188,0.184,0.397,0.19,0.835,1.168,0.889,0.84,1.167,0.89,0.004,0.003,0.003,-2.886,-2.934,0.349,-0.38,0.353,-0.353,-1.515,-1.54,-0.209,-0.681,-0.202,-0.654,0.645,-0.703,-0.736,-2.398,0.635,0.889,0.661,-0.662,-0.72,-2.334,0.644,0.901,-1.94,-1.988,1.295,0.566,1.299,0.593,-0.33,-0.489,-0.319,-0.462,-1.162,-1.72,1.004,1.567,-1.137,-1.647,1.017,1.588,2.468,1.995,2.475,2.022,1.05,0.892,1.062,0.919,2.676,2.985,2.712,3.026,0.321,0.575,-0.302,0.261,-0.559,-0.25,-0.213,48.056,-0.506,92.096,0.05,-14.319,0.163,-53.581,-0.329,44.04,0.259,-62.375,0.363,-101.637,0.542,-106.415,0.618,-145.677,0.115,-39.262,1.069,0.317,0.252,1.035,0.608,0.483,-0.161,-0.318,-0.075,-0.602,-1.191,-0.354,0.321,0.291,0.231,-0.455,-1.387,-0.327,-0.741,-2.26,-0.671,-0.776,-1.195,-0.558,-1.063,-1.637,-0.962,-0.286,-0.441,-0.873,-0.137,-0.143,-0.332,-0.837,-0.907,-1.261,0.021,0.042,0.025,0.061,0.115,0.071,-0.791,-0.877,-0.928,0.157,0.369,0.168,0.203,0.431,0.208,0.843,1.246,0.948,0.917,1.222,0.952,0.073,0.046,0.041,-2.717,-3.59,0.352,-0.61,0.414,-0.145,-1.373,-1.814,-0.26,-0.931,-0.139,-0.466,0.599,-1.037,-0.875,-3.135,0.638,0.869,0.886,-0.31,-0.588,-1.975,0.803,1.094,-1.826,-2.699,1.243,0.281,1.304,0.746,-0.4,-0.754,-0.214,-0.289,-1.347,-2.538,0.982,1.465,-0.906,-1.224,1.236,1.845,2.46,1.788,2.581,2.254,1.074,0.72,1.26,1.185,2.647,2.899,3.334,3.651,0.439,0.67,-0.131,0.352,-0.422,-0.17
2018-02-20,CTD8,4174178,693048,0.0064539253,0.010805594,0.01948049,0.005072339,0.0038820857,0.0008533308,0.0008399631,0.00032908292,0.0064322413,0.010633487,0.019661717,0.0053010867,0.003676758,0.00089619233,0.27693063,-8.000000000000001e-45,0.897,-0.252,62.4,-0.502,103.611,0.12,-42.203,0.249,-102.649,-0.286,41.211,0.361,-104.603,0.471,-165.049,0.587,-145.814,0.668,-206.26,0.133,-60.446,1.216,0.317,0.242,1.12,0.526,0.402,-0.456,-0.822,-0.164,-1.109,-2.0,-0.521,0.266,0.209,0.16,-0.675,-2.038,-0.406,-1.065,-3.215,-0.837,-0.941,-1.576,-0.566,-1.331,-2.229,-1.046,-0.39,-0.653,-1.178,-0.177,-0.186,-0.486,-0.82,-0.887,-1.455,0.046,0.094,0.059,0.085,0.162,0.105,-0.753,-0.839,-0.969,0.221,0.555,0.245,0.267,0.601,0.282,0.835,1.394,0.981,0.904,1.353,0.982,0.069,0.046,0.039,-3.243,-4.421,0.337,-0.709,0.398,-0.168,-1.799,-2.452,-0.138,-0.975,-0.028,-0.434,0.718,-1.511,-0.53,-3.746,0.913,1.073,1.108,-0.468,-0.14,-2.178,1.193,1.402,-2.166,-3.344,1.414,0.368,1.475,0.909,-0.231,-0.752,-0.047,-0.211,-0.888,-2.888,1.529,1.931,-0.235,-1.057,1.998,2.523,2.549,1.712,2.659,2.253,1.017,0.496,1.201,1.037,3.239,3.481,4.232,4.549,0.427,0.587,-0.132,0.27,-0.341,-0.099,-0.246,61.424,-0.507,104.607,0.096,-33.174,0.273,-116.512,-0.298,43.182,0.335,-94.598,0.486,-177.936,0.575,-137.78,0.685,-221.118,0.181,-83.338,1.208,0.326,0.226,1.112,0.555,0.385,-0.353,-0.652,-0.122,-1.239,-2.291,-0.618,0.278,0.229,0.159,-0.608,-1.86,-0.348,-1.145,-3.499,-0.943,-0.886,-1.465,-0.507,-1.422,-2.351,-1.172,-0.536,-0.886,-1.639,-0.168,-0.18,-0.468,-0.83,-0.924,-1.474,0.037,0.079,0.048,0.091,0.173,0.11,-0.769,-0.893,-1.006,0.204,0.527,0.228,0.267,0.593,0.279,0.841,1.421,1.004,0.937,1.362,1.003,0.095,0.062,0.054,-3.104,-4.743,0.335,-0.837,0.418,-0.089,-1.679,-2.565,-0.171,-1.115,-0.019,-0.366,0.673,-1.679,-0.636,-4.134,0.868,1.026,1.209,-0.256,-0.1,-1.96,1.251,1.48,-2.056,-3.694,1.384,0.211,1.466,0.96,-0.283,-0.901,-0.031,-0.153,-1.051,-3.342,1.434,1.819,-0.165,-0.817,2.068,2.622,2.558,1.615,2.711,2.363,1.025,0.407,1.277,1.155,3.137,3.363,4.523,4.849,0.478,0.637,-0.073,0.312,-0.302,-0.076
2018-02-20,CTD10,4170388,695646,0.017748272,0.0263643,0.042954247,0.016166506,0.012315368,0.0031970425,0.0032129816,0.0012670489,0.017432813,0.026179638,0.043391533,0.016292598,0.011971773,0.0030889194,0.31123126,-8.000000000000001e-45,1.855,-0.195,18.413,-0.415,33.063,0.047,-5.513,0.181,-24.856,-0.239,14.649,0.24,-23.926,0.363,-43.269,0.453,-38.576,0.554,-57.919,0.135,-19.343,0.791,0.298,0.227,0.872,0.535,0.407,-0.145,-0.237,-0.068,-0.655,-1.068,-0.402,0.26,0.237,0.18,-0.425,-1.028,-0.295,-0.768,-1.859,-0.7,-0.685,-1.017,-0.475,-1.028,-1.527,-0.936,-0.343,-0.51,-0.831,-0.146,-0.156,-0.303,-0.593,-0.652,-0.885,0.023,0.041,0.029,0.078,0.128,0.092,-0.489,-0.552,-0.582,0.168,0.339,0.185,0.231,0.414,0.238,0.607,0.891,0.693,0.695,0.903,0.72,0.087,0.063,0.056,-1.984,-2.815,0.297,-0.64,0.386,-0.089,-1.218,-1.728,-0.2,-0.9,-0.054,-0.349,0.484,-1.043,-0.531,-2.39,0.631,0.811,0.827,-0.19,-0.188,-1.216,0.828,1.065,-1.172,-2.002,1.109,0.173,1.199,0.724,-0.297,-0.699,-0.08,-0.148,-0.789,-1.857,0.937,1.344,-0.279,-0.516,1.23,1.764,1.807,1.107,1.953,1.658,0.718,0.317,0.935,0.867,1.963,2.19,2.577,2.875,0.444,0.624,-0.081,0.326,-0.318,-0.091,-0.201,19.165,-0.427,34.317,0.034,-4.014,0.186,-26.167,-0.247,15.152,0.233,-23.18,0.372,-45.332,0.454,-38.332,0.568,-60.484,0.153,-22.152,0.832,0.312,0.229,0.898,0.559,0.411,-0.105,-0.174,-0.048,-0.685,-1.135,-0.426,0.264,0.247,0.181,-0.404,-1.006,-0.278,-0.79,-1.967,-0.739,-0.668,-1.004,-0.459,-1.054,-1.583,-0.985,-0.386,-0.58,-0.961,-0.147,-0.158,-0.309,-0.611,-0.68,-0.918,0.016,0.03,0.021,0.078,0.129,0.091,-0.51,-0.585,-0.609,0.163,0.336,0.179,0.234,0.421,0.238,0.621,0.922,0.71,0.72,0.932,0.74,0.099,0.071,0.062,-1.997,-2.959,0.29,-0.695,0.39,-0.069,-1.205,-1.785,-0.221,-0.959,-0.056,-0.333,0.467,-1.117,-0.587,-2.555,0.613,0.794,0.853,-0.151,-0.201,-1.207,0.834,1.081,-1.162,-2.123,1.126,0.141,1.226,0.767,-0.331,-0.758,-0.083,-0.131,-0.882,-2.018,0.92,1.331,-0.302,-0.476,1.252,1.811,1.867,1.128,2.032,1.754,0.723,0.297,0.971,0.923,1.977,2.206,2.69,3.002,0.477,0.659,-0.064,0.346,-0.311,-0.082
2018-02-20,CTD11,4169609,700351,0.0076181064,0.012843861,0.023430184,0.007375222,0.005893659,0.0014219105,0.0013923163,0.0005612538,0.007603482,0.012692256,0.023615895,0.0075981007,0.005631093,0.0014681551,0.2875113,-8.000000000000001e-45,1.797,-0.255,53.408,-0.509,88.586,0.016,-4.323,0.128,-38.408,-0.292,35.178,0.27,-57.731,0.371,-91.816,0.521,-92.909,0.598,-126.994,0.112,-34.085,1.251,0.394,0.315,1.138,0.653,0.522,-0.056,-0.101,-0.025,-0.493,-0.9,-0.283,0.268,0.259,0.207,-0.44,-1.353,-0.34,-0.699,-2.151,-0.677,-0.708,-1.193,-0.548,-0.967,-1.631,-0.937,-0.26,-0.438,-0.799,-0.17,-0.178,-0.394,-0.782,-0.844,-1.192,0.007,0.013,0.008,0.048,0.085,0.056,-0.706,-0.783,-0.798,0.176,0.405,0.186,0.224,0.464,0.226,0.785,1.188,0.857,0.857,1.17,0.867,0.072,0.048,0.041,-2.584,-3.382,0.278,-0.658,0.342,-0.206,-1.416,-1.854,-0.249,-0.926,-0.134,-0.474,0.485,-1.146,-0.791,-2.943,0.574,0.781,0.744,-0.449,-0.532,-1.884,0.718,0.978,-1.491,-2.29,1.371,0.435,1.434,0.887,-0.42,-0.703,-0.225,-0.251,-1.334,-2.234,0.968,1.49,-0.896,-0.998,1.211,1.864,2.501,1.824,2.617,2.276,0.856,0.573,1.051,1.025,2.403,2.718,3.007,3.401,0.509,0.717,-0.199,0.323,-0.459,-0.144,-0.251,52.73,-0.513,89.174,0.0,-0.093,0.149,-46.067,-0.301,36.444,0.251,-52.824,0.385,-98.797,0.513,-89.267,0.615,-135.241,0.149,-45.974,1.245,0.401,0.297,1.132,0.678,0.502,-0.001,-0.002,-0.001,-0.585,-1.088,-0.35,0.277,0.277,0.205,-0.402,-1.247,-0.297,-0.751,-2.333,-0.751,-0.679,-1.133,-0.503,-1.028,-1.717,-1.028,-0.35,-0.584,-1.086,-0.163,-0.174,-0.385,-0.789,-0.874,-1.21,0.0,0.0,0.0,0.054,0.097,0.063,-0.719,-0.825,-0.826,0.163,0.385,0.174,0.226,0.465,0.226,0.789,1.21,0.874,0.886,1.183,0.886,0.097,0.063,0.054,-2.509,-3.595,0.277,-0.75,0.361,-0.142,-1.348,-1.932,-0.277,-1.027,-0.122,-0.419,0.463,-1.253,-0.86,-3.193,0.557,0.762,0.813,-0.32,-0.51,-1.758,0.752,1.029,-1.439,-2.525,1.348,0.32,1.431,0.928,-0.462,-0.812,-0.203,-0.204,-1.435,-2.523,0.93,1.432,-0.852,-0.854,1.255,1.932,2.507,1.757,2.662,2.365,0.861,0.511,1.12,1.12,2.368,2.664,3.195,3.595,0.556,0.761,-0.142,0.36,-0.419,-0.122
2018-02-20,CTD12,4173438,695414,0.006660522,0.0109292315,0.019806096,0.005619553,0.0055946675,0.0012365285,0.0012161585,0.00045284227,0.006657265,0.010766342,0.020004978,0.0059694047,0.0048351577,0.0013218395,0.46003544,-8.000000000000001e-45,2.025,-0.243,58.641,-0.497,99.649,0.085,-27.812,0.087,-28.603,-0.289,41.008,0.321,-86.452,0.323,-87.244,0.558,-127.461,0.559,-128.252,0.002,-0.792,1.161,0.33,0.328,1.089,0.56,0.558,-0.304,-0.551,-0.156,-0.313,-0.567,-0.161,0.273,0.23,0.229,-0.576,-1.712,-0.484,-0.581,-1.728,-0.49,-0.849,-1.393,-0.713,-0.854,-1.402,-0.721,-0.005,-0.009,-0.016,-0.168,-0.168,-0.381,-0.794,-0.796,-1.172,0.034,0.063,0.041,0.035,0.064,0.042,-0.723,-0.724,-0.792,0.201,0.433,0.209,0.202,0.434,0.21,0.807,1.158,0.859,0.808,1.157,0.859,0.001,0.001,0.001,-2.915,-2.931,0.326,-0.395,0.327,-0.386,-1.609,-1.617,-0.178,-0.668,-0.176,-0.659,0.633,-0.768,-0.627,-2.355,0.673,0.903,0.639,-0.754,-0.622,-2.334,0.676,0.907,-1.884,-1.899,1.357,0.636,1.358,0.645,-0.292,-0.453,-0.288,-0.444,-1.029,-1.595,1.105,1.662,-1.02,-1.571,1.11,1.67,2.459,1.969,2.462,1.978,0.969,0.808,0.972,0.817,2.685,3.013,2.696,3.026,0.332,0.561,-0.326,0.232,-0.556,-0.228,-0.236,57.33,-0.501,100.224,0.054,-17.309,0.159,-56.607,-0.3,42.894,0.287,-74.639,0.38,-113.936,0.54,-117.533,0.611,-156.831,0.105,-39.298,1.147,0.342,0.277,1.079,0.598,0.485,-0.186,-0.346,-0.084,-0.609,-1.132,-0.338,0.286,0.256,0.207,-0.497,-1.493,-0.361,-0.759,-2.279,-0.68,-0.782,-1.265,-0.568,-1.044,-1.688,-0.936,-0.262,-0.423,-0.786,-0.158,-0.165,-0.38,-0.798,-0.856,-1.235,0.022,0.044,0.028,0.059,0.109,0.07,-0.732,-0.804,-0.855,0.18,0.417,0.193,0.222,0.47,0.228,0.806,1.221,0.9,0.871,1.201,0.906,0.065,0.043,0.037,-2.733,-3.519,0.32,-0.616,0.377,-0.192,-1.471,-1.894,-0.222,-0.902,-0.116,-0.477,0.577,-1.111,-0.743,-3.022,0.666,0.874,0.839,-0.427,-0.481,-1.974,0.822,1.078,-1.734,-2.52,1.319,0.383,1.376,0.807,-0.358,-0.696,-0.188,-0.272,-1.201,-2.334,1.077,1.562,-0.778,-1.125,1.33,1.928,2.451,1.77,2.556,2.195,0.961,0.624,1.132,1.048,2.625,2.902,3.241,3.583,0.448,0.655,-0.172,0.313,-0.428,-0.151
2018-03-07,CTD1,4187246,695025,0.02144356,0.032146834,0.048169315,0.017972175,0.013508647,0.0035099436,0.0035057026,0.0013929384,0.02119251,0.032204974,0.048534445,0.018080596,0.013392398,0.0033452036,0.16063501,-8.000000000000001e-45,1.126,-0.2,15.527,-0.384,25.874,0.088,-9.008,0.227,-27.393,-0.199,10.347,0.283,-24.534,0.408,-42.919,0.457,-34.881,0.562,-53.267,0.142,-18.385,0.748,0.279,0.21,0.832,0.465,0.35,-0.29,-0.434,-0.122,-0.881,-1.319,-0.492,0.222,0.186,0.14,-0.526,-1.182,-0.331,-0.92,-2.067,-0.771,-0.748,-1.121,-0.471,-1.142,-1.712,-0.957,-0.394,-0.591,-0.886,-0.162,-0.174,-0.34,-0.533,-0.585,-0.849,0.043,0.076,0.056,0.099,0.158,0.12,-0.406,-0.458,-0.509,0.204,0.406,0.23,0.268,0.473,0.282,0.563,0.864,0.661,0.647,0.879,0.692,0.083,0.064,0.056,-2.013,-2.899,0.294,-0.663,0.387,-0.085,-1.344,-1.935,-0.114,-0.885,0.025,-0.306,0.526,-1.187,-0.305,-2.373,0.773,0.913,0.92,-0.201,0.089,-1.093,1.028,1.214,-1.181,-2.067,1.126,0.169,1.219,0.747,-0.171,-0.663,0.037,-0.084,-0.458,-1.777,1.159,1.508,0.133,-0.3,1.542,2.007,1.687,0.916,1.826,1.495,0.66,0.168,0.868,0.747,2.05,2.26,2.728,3.007,0.418,0.558,-0.071,0.279,-0.257,-0.047,-0.206,16.135,-0.392,26.583,0.079,-8.121,0.226,-27.483,-0.202,10.447,0.281,-24.257,0.413,-43.618,0.457,-34.704,0.567,-54.065,0.149,-19.361,0.783,0.292,0.216,0.856,0.481,0.356,-0.262,-0.394,-0.109,-0.885,-1.334,-0.497,0.221,0.189,0.14,-0.514,-1.177,-0.325,-0.924,-2.117,-0.789,-0.735,-1.118,-0.465,-1.146,-1.741,-0.978,-0.41,-0.624,-0.94,-0.165,-0.178,-0.35,-0.544,-0.6,-0.869,0.039,0.068,0.05,0.097,0.155,0.117,-0.416,-0.472,-0.519,0.203,0.408,0.228,0.27,0.479,0.282,0.57,0.881,0.668,0.658,0.895,0.699,0.088,0.067,0.058,-2.026,-2.966,0.286,-0.692,0.382,-0.083,-1.345,-1.968,-0.125,-0.913,0.021,-0.304,0.509,-1.233,-0.335,-2.452,0.756,0.896,0.919,-0.199,0.075,-1.102,1.021,1.21,-1.165,-2.104,1.147,0.17,1.244,0.779,-0.19,-0.687,0.032,-0.077,-0.509,-1.843,1.149,1.505,0.115,-0.28,1.552,2.032,1.729,0.94,1.874,1.549,0.654,0.157,0.875,0.766,2.052,2.268,2.771,3.063,0.437,0.577,-0.071,0.285,-0.259,-0.043
2018-03-07,CTD2,4181518,693105,0.0153339775,0.02330544,0.035049956,0.010907069,0.008624411,0.0021623212,0.0021674535,0.0008595064,0.01524456,0.023176076,0.03519826,0.011207777,0.008519115,0.0021123958,0.330747,-8.000000000000001e-45,1.285,-0.206,22.306,-0.391,36.684,0.169,-26.469,0.28,-50.735,-0.201,14.378,0.362,-48.775,0.46,-73.042,0.525,-63.153,0.605,-87.419,0.117,-24.266,0.782,0.243,0.192,0.855,0.4,0.316,-0.617,-0.928,-0.228,-1.182,-1.778,-0.553,0.22,0.157,0.124,-0.748,-1.71,-0.421,-1.12,-2.56,-0.797,-0.968,-1.472,-0.545,-1.34,-2.037,-0.953,-0.372,-0.566,-0.851,-0.173,-0.183,-0.408,-0.576,-0.617,-1.009,0.076,0.139,0.101,0.115,0.196,0.146,-0.448,-0.49,-0.601,0.246,0.517,0.284,0.291,0.559,0.319,0.625,1.008,0.756,0.684,1.007,0.772,0.059,0.045,0.039,-2.556,-3.406,0.347,-0.607,0.412,-0.133,-1.699,-2.265,-0.031,-0.827,0.067,-0.353,0.741,-1.296,-0.098,-2.658,1.036,1.16,1.113,-0.359,0.274,-1.436,1.31,1.467,-1.694,-2.544,1.209,0.255,1.274,0.729,-0.046,-0.6,0.102,-0.126,-0.149,-1.927,1.574,1.891,0.416,-0.511,1.991,2.391,1.818,1.021,1.916,1.495,0.793,0.239,0.942,0.713,2.651,2.843,3.353,3.596,0.341,0.465,-0.094,0.222,-0.251,-0.059,-0.206,22.449,-0.396,37.187,0.153,-23.627,0.283,-51.786,-0.206,14.737,0.348,-46.076,0.462,-74.235,0.517,-60.813,0.61,-88.973,0.136,-28.159,0.79,0.252,0.191,0.862,0.417,0.317,-0.548,-0.832,-0.201,-1.2,-1.823,-0.58,0.225,0.165,0.126,-0.702,-1.622,-0.393,-1.132,-2.613,-0.832,-0.927,-1.409,-0.518,-1.356,-2.062,-0.997,-0.429,-0.653,-0.991,-0.171,-0.181,-0.402,-0.58,-0.63,-1.011,0.069,0.127,0.092,0.115,0.196,0.145,-0.454,-0.506,-0.609,0.237,0.504,0.274,0.291,0.554,0.316,0.624,1.01,0.757,0.694,1.009,0.776,0.07,0.053,0.046,-2.483,-3.474,0.339,-0.658,0.416,-0.102,-1.635,-2.287,-0.05,-0.882,0.066,-0.327,0.702,-1.36,-0.159,-2.772,0.993,1.118,1.131,-0.278,0.271,-1.351,1.306,1.471,-1.62,-2.611,1.202,0.205,1.278,0.76,-0.077,-0.657,0.1,-0.102,-0.241,-2.064,1.509,1.826,0.412,-0.42,1.985,2.402,1.825,0.993,1.941,1.549,0.784,0.203,0.96,0.759,2.582,2.773,3.396,3.648,0.368,0.493,-0.075,0.242,-0.24,-0.049
2018-03-07,CTD3,4181698,695238,0.019866353,0.028975075,0.04406948,0.016096147,0.014061705,0.0037207347,0.003654689,0.0014279183,0.019530576,0.028715886,0.044542864,0.016218726,0.012827629,0.0037107,0.39880705,-8.000000000000001e-45,0.197,-0.186,15.824,-0.379,27.645,0.105,-11.79,0.171,-20.779,-0.207,11.821,0.286,-27.614,0.347,-36.603,0.465,-39.435,0.516,-48.424,0.067,-8.988,0.697,0.255,0.223,0.801,0.445,0.389,-0.342,-0.52,-0.166,-0.602,-0.916,-0.334,0.235,0.19,0.166,-0.549,-1.217,-0.388,-0.727,-1.613,-0.589,-0.783,-1.143,-0.555,-0.962,-1.403,-0.779,-0.179,-0.26,-0.396,-0.151,-0.157,-0.302,-0.537,-0.562,-0.803,0.052,0.088,0.065,0.079,0.129,0.096,-0.42,-0.445,-0.501,0.201,0.38,0.222,0.233,0.415,0.248,0.573,0.824,0.65,0.614,0.834,0.666,0.042,0.032,0.028,-2.052,-2.448,0.32,-0.459,0.367,-0.188,-1.349,-1.61,-0.105,-0.694,-0.035,-0.423,0.577,-0.826,-0.287,-1.9,0.749,0.915,0.755,-0.387,-0.108,-1.325,0.857,1.048,-1.279,-1.676,1.093,0.314,1.139,0.585,-0.153,-0.487,-0.05,-0.216,-0.418,-1.334,1.092,1.481,-0.158,-0.677,1.25,1.695,1.663,1.074,1.733,1.345,0.711,0.376,0.813,0.647,2.03,2.253,2.324,2.578,0.325,0.491,-0.152,0.236,-0.343,-0.12,-0.19,16.378,-0.39,28.751,0.093,-10.455,0.207,-26.755,-0.216,12.374,0.278,-26.833,0.382,-43.133,0.466,-39.207,0.553,-55.506,0.117,-16.3,0.73,0.266,0.21,0.826,0.466,0.369,-0.3,-0.466,-0.134,-0.768,-1.192,-0.434,0.242,0.201,0.159,-0.524,-1.195,-0.344,-0.842,-1.921,-0.7,-0.766,-1.126,-0.503,-1.084,-1.594,-0.9,-0.318,-0.468,-0.726,-0.151,-0.16,-0.316,-0.557,-0.602,-0.861,0.045,0.08,0.058,0.091,0.149,0.11,-0.443,-0.489,-0.545,0.195,0.386,0.218,0.248,0.444,0.261,0.587,0.875,0.682,0.657,0.887,0.706,0.07,0.053,0.046,-2.066,-2.792,0.316,-0.584,0.392,-0.111,-1.332,-1.8,-0.126,-0.826,-0.008,-0.352,0.56,-1.034,-0.347,-2.268,0.757,0.916,0.878,-0.248,-0.029,-1.224,0.958,1.158,-1.276,-2.002,1.106,0.206,1.182,0.679,-0.186,-0.62,-0.012,-0.146,-0.51,-1.702,1.114,1.483,-0.042,-0.508,1.408,1.874,1.716,1.016,1.834,1.49,0.721,0.287,0.894,0.76,2.09,2.3,2.642,2.908,0.384,0.542,-0.092,0.277,-0.293,-0.083
2018-03-07,CTD4,4180266,698264,0.017772445,0.028634127,0.04550056,0.015470439,0.010834026,0.0026933346,0.0026883048,0.0010600083,0.01764052,0.028669806,0.045713387,0.015690114,0.010931865,0.0025694198,0.16439195,-8.000000000000001e-45,0.909,-0.234,21.344,-0.438,34.289,0.069,-8.373,0.243,-36.035,-0.228,12.946,0.298,-29.716,0.451,-57.378,0.493,-42.662,0.615,-70.324,0.176,-27.662,0.971,0.33,0.231,0.982,0.53,0.371,-0.24,-0.381,-0.091,-1.032,-1.64,-0.557,0.23,0.2,0.14,-0.528,-1.352,-0.322,-1.02,-2.611,-0.888,-0.758,-1.222,-0.462,-1.25,-2.014,-1.088,-0.492,-0.792,-1.259,-0.178,-0.193,-0.413,-0.629,-0.703,-1.054,0.031,0.058,0.041,0.094,0.157,0.114,-0.507,-0.59,-0.641,0.208,0.46,0.234,0.281,0.535,0.292,0.647,1.05,0.761,0.747,1.043,0.786,0.1,0.073,0.063,-2.32,-3.579,0.281,-0.807,0.383,-0.08,-1.46,-2.252,-0.15,-1.037,0.012,-0.31,0.519,-1.494,-0.44,-3.051,0.77,0.911,1.011,-0.21,0.051,-1.301,1.1,1.3,-1.33,-2.589,1.271,0.183,1.373,0.911,-0.241,-0.799,0.02,-0.071,-0.709,-2.349,1.241,1.613,0.083,-0.298,1.773,2.303,2.02,1.132,2.182,1.86,0.719,0.161,0.979,0.889,2.332,2.563,3.329,3.66,0.492,0.632,-0.069,0.302,-0.27,-0.038,-0.238,21.808,-0.443,34.812,0.059,-7.047,0.235,-34.788,-0.229,13.004,0.293,-28.854,0.448,-56.596,0.489,-41.859,0.614,-69.6,0.179,-27.741,0.997,0.342,0.238,0.998,0.546,0.381,-0.202,-0.322,-0.077,-0.997,-1.59,-0.546,0.229,0.204,0.142,-0.509,-1.319,-0.315,-0.998,-2.587,-0.888,-0.738,-1.2,-0.458,-1.228,-1.995,-1.092,-0.489,-0.795,-1.268,-0.18,-0.195,-0.414,-0.633,-0.709,-1.054,0.026,0.049,0.034,0.09,0.151,0.109,-0.511,-0.597,-0.64,0.205,0.454,0.229,0.28,0.532,0.289,0.648,1.051,0.758,0.751,1.044,0.784,0.103,0.075,0.064,-2.298,-3.566,0.272,-0.82,0.376,-0.081,-1.441,-2.237,-0.161,-1.049,0.005,-0.311,0.497,-1.498,-0.47,-3.057,0.743,0.885,0.987,-0.214,0.019,-1.3,1.066,1.27,-1.288,-2.556,1.282,0.19,1.386,0.928,-0.262,-0.808,0.007,-0.07,-0.764,-2.354,1.208,1.588,0.031,-0.291,1.733,2.279,2.044,1.156,2.21,1.895,0.705,0.159,0.975,0.898,2.294,2.532,3.292,3.634,0.508,0.65,-0.072,0.308,-0.276,-0.038
2018-03-07,CTD6,4176009,695829,0.010973508,0.017162895,0.02673901,0.0074760998,0.0056419135,0.001348757,0.0013505821,0.0005330501,0.010968202,0.0170416,0.026890386,0.0077360836,0.00548449,0.0013744994,0.28852195,-8.000000000000001e-45,1.355,-0.22,32.863,-0.418,53.73,0.19,-42.631,0.321,-86.116,-0.218,20.867,0.393,-75.494,0.505,-118.98,0.563,-96.361,0.652,-139.846,0.14,-43.485,0.879,0.246,0.185,0.922,0.402,0.303,-0.732,-1.14,-0.241,-1.478,-2.303,-0.644,0.229,0.156,0.118,-0.828,-2.019,-0.426,-1.306,-3.181,-0.89,-1.057,-1.654,-0.544,-1.535,-2.4,-1.046,-0.477,-0.746,-1.163,-0.181,-0.191,-0.472,-0.64,-0.691,-1.202,0.08,0.153,0.108,0.121,0.216,0.156,-0.519,-0.576,-0.73,0.257,0.583,0.299,0.305,0.624,0.337,0.685,1.159,0.845,0.75,1.143,0.856,0.065,0.049,0.042,-2.937,-4.1,0.36,-0.686,0.428,-0.115,-1.885,-2.632,-0.025,-0.915,0.082,-0.344,0.826,-1.574,-0.09,-3.272,1.139,1.257,1.303,-0.351,0.387,-1.632,1.509,1.665,-2.013,-3.175,1.284,0.239,1.353,0.809,-0.039,-0.683,0.128,-0.113,-0.141,-2.444,1.782,2.085,0.605,-0.535,2.361,2.762,2.001,1.112,2.108,1.682,0.877,0.233,1.044,0.803,3.062,3.248,4.058,4.304,0.353,0.47,-0.079,0.225,-0.235,-0.049,-0.217,32.493,-0.421,53.985,0.173,-38.092,0.333,-91.16,-0.224,21.492,0.376,-70.584,0.513,-123.652,0.553,-92.076,0.661,-145.144,0.17,-53.068,0.874,0.251,0.178,0.92,0.418,0.296,-0.649,-1.024,-0.209,-1.554,-2.451,-0.705,0.236,0.166,0.118,-0.774,-1.898,-0.387,-1.356,-3.325,-0.957,-1.01,-1.569,-0.505,-1.592,-2.473,-1.123,-0.582,-0.904,-1.427,-0.175,-0.188,-0.459,-0.643,-0.707,-1.204,0.074,0.143,0.1,0.125,0.221,0.158,-0.527,-0.599,-0.745,0.246,0.566,0.287,0.305,0.618,0.334,0.684,1.164,0.85,0.764,1.144,0.864,0.08,0.059,0.051,-2.832,-4.259,0.356,-0.767,0.44,-0.065,-1.795,-2.699,-0.046,-1.003,0.086,-0.301,0.784,-1.689,-0.16,-3.485,1.096,1.214,1.366,-0.203,0.422,-1.476,1.546,1.712,-1.922,-3.349,1.266,0.143,1.35,0.845,-0.072,-0.777,0.134,-0.075,-0.249,-2.7,1.703,1.999,0.656,-0.369,2.402,2.82,1.998,1.041,2.13,1.743,0.873,0.167,1.078,0.869,2.976,3.154,4.198,4.449,0.383,0.501,-0.046,0.25,-0.212,-0.034
2018-03-07,CTD7,4176724,690397,0.01019107,0.01683453,0.026004786,0.0061321473,0.004205555,0.0009635877,0.00095034065,0.00036848476,0.010196763,0.01677986,0.026153218,0.0064152856,0.004203438,0.00097783,0.18760051,-8.000000000000001e-45,0.835,-0.246,38.723,-0.437,59.671,0.249,-64.95,0.416,-139.656,-0.214,20.947,0.466,-103.673,0.6,-178.379,0.618,-124.621,0.722,-199.326,0.186,-74.706,1.007,0.237,0.163,1.005,0.366,0.251,-1.093,-1.689,-0.273,-2.351,-3.632,-0.856,0.213,0.128,0.088,-1.057,-2.696,-0.436,-1.818,-4.639,-1.094,-1.27,-2.098,-0.524,-2.031,-3.356,-1.222,-0.761,-1.258,-1.943,-0.207,-0.22,-0.643,-0.689,-0.752,-1.53,0.095,0.193,0.134,0.14,0.261,0.186,-0.562,-0.637,-0.887,0.296,0.743,0.354,0.349,0.774,0.393,0.735,1.38,0.945,0.807,1.335,0.949,0.071,0.053,0.045,-3.635,-5.578,0.37,-0.853,0.444,-0.08,-2.353,-3.611,0.028,-1.066,0.142,-0.294,1.015,-2.341,0.117,-4.522,1.412,1.5,1.776,-0.322,0.879,-1.817,2.059,2.187,-2.589,-4.532,1.416,0.194,1.49,0.966,0.046,-0.811,0.235,-0.038,0.194,-3.438,2.333,2.584,1.451,-0.238,3.401,3.767,2.187,1.094,2.302,1.866,0.943,0.087,1.132,0.859,3.828,3.991,5.582,5.819,0.352,0.44,-0.048,0.203,-0.177,-0.014,-0.244,38.475,-0.439,59.834,0.228,-57.807,0.416,-139.83,-0.218,21.359,0.447,-96.282,0.599,-178.305,0.606,-117.641,0.723,-199.664,0.208,-82.023,1.006,0.247,0.162,1.004,0.384,0.252,-0.97,-1.512,-0.243,-2.346,-3.657,-0.897,0.218,0.137,0.09,-0.982,-2.518,-0.405,-1.818,-4.663,-1.144,-1.2,-1.974,-0.494,-2.036,-3.35,-1.281,-0.836,-1.376,-2.145,-0.202,-0.217,-0.62,-0.688,-0.76,-1.503,0.088,0.18,0.125,0.14,0.258,0.184,-0.564,-0.651,-0.883,0.285,0.72,0.341,0.346,0.757,0.386,0.732,1.371,0.941,0.814,1.321,0.946,0.082,0.061,0.052,-3.469,-5.614,0.362,-0.919,0.447,-0.048,-2.226,-3.602,0.008,-1.136,0.139,-0.265,0.948,-2.402,0.031,-4.632,1.339,1.429,1.784,-0.19,0.867,-1.651,2.043,2.181,-2.431,-4.576,1.4,0.119,1.485,0.99,0.012,-0.885,0.229,-0.014,0.051,-3.606,2.203,2.455,1.427,-0.085,3.363,3.747,2.183,1.039,2.314,1.91,0.929,0.032,1.146,0.903,3.664,3.826,5.593,5.84,0.379,0.468,-0.03,0.222,-0.167,-0.005
2018-03-07,CTD8,4174178,693048,0.009873626,0.016240368,0.026634198,0.0060892715,0.004637051,0.0010077426,0.0009999599,0.00037854348,0.009865365,0.016098004,0.026834337,0.0064240214,0.004369895,0.0010563746,0.20967667,-8.000000000000001e-45,0.963,-0.244,39.705,-0.459,63.734,0.237,-62.943,0.361,-114.374,-0.242,24.029,0.455,-102.648,0.556,-154.079,0.628,-126.678,0.703,-178.109,0.135,-51.431,1.058,0.242,0.184,1.035,0.388,0.296,-1.022,-1.676,-0.292,-1.857,-3.046,-0.696,0.237,0.146,0.111,-1.014,-2.734,-0.476,-1.521,-4.104,-0.938,-1.251,-2.057,-0.587,-1.759,-2.893,-1.085,-0.508,-0.835,-1.37,-0.195,-0.204,-0.594,-0.751,-0.803,-1.563,0.088,0.181,0.121,0.122,0.235,0.16,-0.651,-0.716,-0.969,0.278,0.7,0.325,0.318,0.727,0.355,0.787,1.416,0.984,0.842,1.378,0.985,0.056,0.04,0.034,-3.766,-5.136,0.379,-0.705,0.434,-0.154,-2.296,-3.132,-0.004,-0.942,0.085,-0.391,1.012,-1.881,-0.019,-4.122,1.336,1.447,1.52,-0.538,0.489,-2.245,1.754,1.901,-2.729,-4.099,1.416,0.332,1.471,0.883,-0.007,-0.703,0.14,-0.152,-0.03,-3.077,2.197,2.493,0.805,-0.872,2.886,3.274,2.323,1.384,2.412,1.936,1.023,0.327,1.17,0.878,3.904,4.088,5.127,5.369,0.331,0.443,-0.095,0.201,-0.241,-0.057,-0.24,39.245,-0.462,64.099,0.211,-54.301,0.386,-127.474,-0.25,24.854,0.43,-93.546,0.573,-166.719,0.614,-118.4,0.72,-191.573,0.19,-73.173,1.053,0.252,0.171,1.032,0.412,0.28,-0.874,-1.457,-0.237,-2.052,-3.421,-0.819,0.245,0.16,0.109,-0.923,-2.51,-0.409,-1.645,-4.474,-1.071,-1.168,-1.906,-0.517,-1.89,-3.084,-1.231,-0.722,-1.178,-1.964,-0.187,-0.2,-0.577,-0.753,-0.829,-1.572,0.08,0.168,0.11,0.128,0.244,0.165,-0.659,-0.754,-0.995,0.264,0.68,0.31,0.32,0.72,0.353,0.786,1.434,0.997,0.865,1.379,0.997,0.079,0.056,0.048,-3.564,-5.528,0.373,-0.857,0.45,-0.067,-2.138,-3.316,-0.031,-1.102,0.096,-0.313,0.936,-2.148,-0.131,-4.605,1.264,1.373,1.658,-0.248,0.591,-1.92,1.859,2.018,-2.545,-4.509,1.392,0.162,1.469,0.952,-0.051,-0.87,0.157,-0.08,-0.214,-3.635,2.063,2.343,0.964,-0.493,3.033,3.444,2.321,1.25,2.449,2.04,1.016,0.197,1.224,0.987,3.734,3.906,5.49,5.742,0.38,0.488,-0.044,0.236,-0.204,-0.032
2018-03-07,CTD10,4170388,695646,0.008888052,0.014128845,0.023123046,0.005750047,0.0044964347,0.0009822306,0.0009874802,0.00037536613,0.008886326,0.013946997,0.023314165,0.006053776,0.0042127883,0.0010365007,0.28734314,-8.000000000000001e-45,0.997,-0.228,41.733,-0.445,69.264,0.214,-61.401,0.328,-109.888,-0.241,27.53,0.421,-103.134,0.517,-151.621,0.602,-130.665,0.674,-179.152,0.122,-48.487,0.965,0.24,0.188,0.979,0.398,0.311,-0.868,-1.42,-0.276,-1.553,-2.541,-0.632,0.245,0.158,0.124,-0.917,-2.385,-0.464,-1.348,-3.506,-0.872,-1.161,-1.846,-0.588,-1.592,-2.531,-1.03,-0.431,-0.685,-1.121,-0.182,-0.19,-0.511,-0.716,-0.764,-1.389,0.084,0.168,0.114,0.118,0.221,0.152,-0.614,-0.672,-0.878,0.262,0.626,0.303,0.301,0.658,0.334,0.755,1.298,0.933,0.809,1.272,0.937,0.054,0.039,0.034,-3.392,-4.513,0.38,-0.65,0.435,-0.153,-2.073,-2.758,-0.023,-0.894,0.066,-0.398,0.935,-1.596,-0.091,-3.597,1.227,1.351,1.366,-0.48,0.34,-2.045,1.57,1.728,-2.432,-3.553,1.341,0.311,1.395,0.808,-0.036,-0.668,0.105,-0.171,-0.144,-2.685,1.951,2.263,0.541,-0.879,2.495,2.894,2.195,1.323,2.283,1.82,0.99,0.358,1.131,0.855,3.515,3.703,4.496,4.736,0.329,0.452,-0.099,0.213,-0.257,-0.07,-0.222,40.832,-0.448,69.64,0.19,-52.654,0.357,-124.84,-0.251,28.808,0.395,-93.486,0.536,-165.672,0.588,-122.294,0.694,-194.48,0.179,-72.186,0.952,0.247,0.172,0.971,0.422,0.293,-0.734,-1.228,-0.222,-1.741,-2.911,-0.756,0.256,0.174,0.121,-0.831,-2.18,-0.394,-1.472,-3.863,-1.003,-1.087,-1.706,-0.515,-1.728,-2.712,-1.177,-0.641,-1.007,-1.683,-0.172,-0.184,-0.493,-0.721,-0.794,-1.405,0.076,0.156,0.103,0.125,0.234,0.159,-0.627,-0.715,-0.912,0.245,0.603,0.287,0.302,0.652,0.331,0.756,1.318,0.95,0.837,1.279,0.955,0.081,0.057,0.049,-3.214,-4.897,0.377,-0.8,0.456,-0.059,-1.923,-2.929,-0.053,-1.056,0.079,-0.315,0.87,-1.843,-0.204,-4.066,1.166,1.287,1.511,-0.194,0.438,-1.742,1.675,1.85,-2.282,-3.965,1.31,0.132,1.389,0.874,-0.083,-0.839,0.124,-0.098,-0.32,-3.23,1.83,2.123,0.687,-0.541,2.629,3.051,2.19,1.187,2.322,1.928,0.99,0.235,1.198,0.976,3.377,3.549,4.853,5.1,0.379,0.501,-0.04,0.253,-0.214,-0.042
2018-03-07,CTD11,4169609,700351,0.009022506,0.01493596,0.025623742,0.007589332,0.005696121,0.0013297447,0.0013257645,0.00052069663,0.009003538,0.014839686,0.025771301,0.007873616,0.005520319,0.0013592581,0.22553751,-8.000000000000001e-45,0.534,-0.247,43.881,-0.479,71.808,0.086,-20.93,0.226,-64.724,-0.264,27.926,0.326,-64.811,0.448,-108.606,0.543,-92.738,0.636,-136.532,0.143,-43.794,1.124,0.333,0.25,1.073,0.545,0.409,-0.313,-0.536,-0.119,-0.967,-1.658,-0.491,0.252,0.212,0.159,-0.585,-1.661,-0.369,-0.98,-2.783,-0.824,-0.837,-1.385,-0.528,-1.232,-2.039,-1.036,-0.395,-0.654,-1.122,-0.178,-0.189,-0.445,-0.737,-0.805,-1.25,0.035,0.069,0.046,0.082,0.148,0.1,-0.643,-0.726,-0.804,0.212,0.499,0.235,0.267,0.556,0.278,0.753,1.225,0.874,0.832,1.2,0.885,0.079,0.055,0.047,-2.772,-3.894,0.308,-0.728,0.382,-0.146,-1.616,-2.27,-0.156,-0.98,-0.029,-0.398,0.606,-1.433,-0.527,-3.31,0.807,0.967,1.001,-0.384,-0.132,-1.792,1.076,1.288,-1.721,-2.843,1.359,0.323,1.433,0.905,-0.258,-0.749,-0.048,-0.168,-0.872,-2.53,1.337,1.746,-0.218,-0.754,1.781,2.326,2.332,1.508,2.459,2.089,0.874,0.383,1.084,0.965,2.745,2.995,3.657,3.99,0.46,0.619,-0.123,0.286,-0.335,-0.085,-0.245,43.681,-0.482,72.265,0.067,-15.939,0.24,-70.082,-0.269,28.584,0.307,-59.62,0.458,-113.762,0.532,-88.204,0.647,-142.346,0.176,-54.143,1.126,0.344,0.241,1.072,0.569,0.399,-0.237,-0.411,-0.088,-1.04,-1.806,-0.552,0.257,0.225,0.158,-0.537,-1.536,-0.329,-1.024,-2.932,-0.896,-0.794,-1.309,-0.487,-1.282,-2.112,-1.121,-0.487,-0.803,-1.395,-0.173,-0.187,-0.436,-0.738,-0.824,-1.252,0.028,0.055,0.036,0.086,0.153,0.104,-0.648,-0.753,-0.816,0.2,0.48,0.223,0.268,0.552,0.277,0.751,1.232,0.879,0.849,1.2,0.892,0.099,0.068,0.058,-2.666,-4.062,0.301,-0.82,0.393,-0.094,-1.535,-2.339,-0.181,-1.077,-0.023,-0.352,0.568,-1.545,-0.593,-3.525,0.772,0.929,1.055,-0.254,-0.106,-1.642,1.1,1.325,-1.625,-3.02,1.343,0.222,1.434,0.947,-0.299,-0.85,-0.037,-0.125,-0.978,-2.784,1.272,1.671,-0.174,-0.585,1.814,2.383,2.332,1.436,2.49,2.161,0.862,0.31,1.124,1.036,2.66,2.901,3.794,4.138,0.503,0.66,-0.083,0.316,-0.308,-0.066
2018-03-07,CTD12,4173438,695414,0.017142521,0.02436508,0.035375282,0.011566824,0.0100697605,0.00254549,0.002528579,0.0009758589,0.016880745,0.024140552,0.03566131,0.011721005,0.0090711685,0.002558968,0.40886372,-8.000000000000001e-45,1.029,-0.174,17.292,-0.347,30.066,0.194,-28.12,0.26,-40.973,-0.184,12.774,0.356,-45.412,0.415,-58.265,0.507,-58.186,0.557,-71.039,0.069,-12.853,0.612,0.2,0.174,0.733,0.348,0.303,-0.685,-0.995,-0.283,-0.998,-1.449,-0.474,0.219,0.148,0.129,-0.778,-1.606,-0.457,-0.999,-2.061,-0.674,-0.997,-1.418,-0.586,-1.218,-1.731,-0.822,-0.22,-0.313,-0.455,-0.154,-0.159,-0.334,-0.507,-0.529,-0.843,0.093,0.162,0.123,0.118,0.197,0.151,-0.384,-0.405,-0.509,0.244,0.47,0.282,0.272,0.498,0.305,0.574,0.875,0.691,0.61,0.881,0.704,0.036,0.029,0.025,-2.355,-2.809,0.377,-0.445,0.419,-0.167,-1.622,-1.935,0.01,-0.664,0.071,-0.386,0.793,-0.938,0.03,-2.031,1.069,1.197,1.014,-0.404,0.25,-1.356,1.228,1.375,-1.637,-2.092,1.094,0.273,1.137,0.551,0.014,-0.46,0.101,-0.182,0.043,-1.407,1.519,1.822,0.356,-0.639,1.745,2.093,1.589,0.915,1.65,1.193,0.777,0.303,0.864,0.581,2.471,2.645,2.838,3.038,0.261,0.39,-0.113,0.19,-0.26,-0.086,-0.177,17.815,-0.357,31.197,0.18,-26.078,0.301,-51.0,-0.193,13.382,0.346,-43.893,0.454,-68.815,0.505,-57.275,0.594,-82.198,0.127,-24.922,0.635,0.209,0.162,0.753,0.366,0.283,-0.63,-0.93,-0.237,-1.231,-1.819,-0.598,0.226,0.157,0.121,-0.741,-1.565,-0.398,-1.162,-2.454,-0.807,-0.967,-1.383,-0.52,-1.388,-1.984,-0.963,-0.421,-0.602,-0.889,-0.153,-0.162,-0.349,-0.524,-0.565,-0.903,0.086,0.155,0.115,0.131,0.218,0.165,-0.403,-0.444,-0.554,0.236,0.479,0.278,0.287,0.527,0.318,0.584,0.922,0.721,0.648,0.93,0.741,0.065,0.05,0.044,-2.343,-3.232,0.371,-0.593,0.445,-0.075,-1.586,-2.188,-0.012,-0.819,0.098,-0.301,0.763,-1.221,-0.037,-2.491,1.064,1.186,1.184,-0.199,0.384,-1.182,1.375,1.532,-1.612,-2.501,1.101,0.138,1.176,0.656,-0.017,-0.615,0.14,-0.097,-0.053,-1.872,1.522,1.805,0.549,-0.381,1.967,2.333,1.627,0.82,1.737,1.339,0.783,0.185,0.94,0.703,2.505,2.667,3.237,3.446,0.319,0.44,-0.052,0.231,-0.209,-0.047
2018-05-16,CTD1,4187246,695025,0.023662925,0.03390938,0.0457801,0.01530797,0.010400377,0.0026229455,0.0026480008,0.0010441547,0.023452556,0.03377274,0.04602953,0.015577794,0.010607881,0.0024923626,0.1428667,-8.000000000000001e-45,1.205,-0.178,12.77,-0.318,20.417,0.214,-23.065,0.389,-53.89,-0.149,7.647,0.378,-35.835,0.531,-66.66,0.499,-43.482,0.63,-74.307,0.191,-30.825,0.585,0.195,0.133,0.692,0.313,0.212,-0.782,-1.056,-0.24,-1.827,-2.467,-0.825,0.181,0.117,0.08,-0.848,-1.641,-0.373,-1.577,-3.052,-1.02,-1.029,-1.474,-0.452,-1.758,-2.52,-1.137,-0.729,-1.045,-1.411,-0.168,-0.182,-0.399,-0.449,-0.499,-0.86,0.105,0.189,0.149,0.166,0.269,0.217,-0.305,-0.348,-0.462,0.268,0.546,0.331,0.339,0.603,0.385,0.529,0.895,0.688,0.615,0.908,0.719,0.085,0.071,0.062,-2.293,-3.704,0.363,-0.774,0.471,0.018,-1.698,-2.744,0.065,-0.955,0.21,-0.163,0.805,-1.715,0.196,-2.856,1.239,1.319,1.534,0.06,0.925,-0.715,1.824,1.941,-1.558,-2.969,1.099,-0.039,1.206,0.754,0.094,-0.731,0.301,0.061,0.28,-2.187,1.776,1.988,1.326,0.27,2.613,2.926,1.483,0.463,1.628,1.255,0.703,-0.122,0.911,0.671,2.551,2.684,3.755,3.95,0.34,0.42,0.012,0.224,-0.105,0.028,-0.18,13.03,-0.325,20.914,0.202,-21.555,0.377,-51.63,-0.154,7.884,0.369,-34.584,0.522,-64.66,0.494,-42.469,0.625,-72.544,0.19,-30.076,0.6,0.203,0.138,0.706,0.326,0.222,-0.728,-0.992,-0.229,-1.744,-2.377,-0.804,0.185,0.123,0.084,-0.811,-1.592,-0.367,-1.516,-2.976,-1.007,-0.996,-1.434,-0.451,-1.701,-2.45,-1.13,-0.705,-1.016,-1.384,-0.168,-0.182,-0.394,-0.457,-0.509,-0.862,0.099,0.177,0.139,0.161,0.26,0.208,-0.314,-0.36,-0.468,0.262,0.534,0.321,0.333,0.594,0.376,0.532,0.894,0.686,0.619,0.908,0.718,0.087,0.072,0.062,-2.26,-3.645,0.356,-0.774,0.464,0.013,-1.658,-2.674,0.048,-0.959,0.195,-0.171,0.772,-1.678,0.143,-2.834,1.191,1.275,1.477,0.043,0.848,-0.744,1.75,1.872,-1.515,-2.899,1.102,-0.028,1.21,0.759,0.069,-0.735,0.281,0.053,0.205,-2.171,1.716,1.938,1.221,0.229,2.52,2.845,1.501,0.494,1.649,1.282,0.699,-0.106,0.911,0.682,2.503,2.641,3.675,3.878,0.35,0.434,0.009,0.231,-0.114,0.024
2018-05-16,CTD2,4181518,693105,0.013089571,0.020698795,0.026521081,0.0079089245,0.0045833304,0.0012299033,0.0012797867,0.00052415987,0.013133888,0.020776358,0.026539603,0.008087879,0.0051187966,0.0011525005,0.10545002,-8.000000000000001e-45,0.855,-0.225,28.085,-0.339,38.691,0.247,-50.043,0.481,-141.785,-0.123,10.606,0.447,-78.127,0.637,-169.87,0.541,-88.734,0.705,-180.476,0.266,-91.743,0.745,0.222,0.129,0.801,0.306,0.177,-1.036,-1.327,-0.229,-2.935,-3.76,-1.121,0.139,0.084,0.049,-1.023,-2.072,-0.358,-2.224,-4.505,-1.343,-1.161,-1.837,-0.407,-2.362,-3.736,-1.427,-1.201,-1.899,-2.433,-0.221,-0.245,-0.609,-0.47,-0.531,-1.075,0.11,0.205,0.167,0.18,0.297,0.247,-0.277,-0.329,-0.466,0.323,0.724,0.411,0.407,0.767,0.468,0.551,1.053,0.736,0.649,1.045,0.767,0.098,0.084,0.07,-2.721,-5.154,0.334,-1.093,0.46,0.053,-2.124,-4.023,0.111,-1.232,0.272,-0.086,0.875,-2.861,0.374,-4.131,1.434,1.482,2.075,0.239,1.575,-0.497,2.474,2.558,-1.772,-4.205,1.283,-0.144,1.409,1.002,0.176,-0.945,0.43,0.201,0.591,-3.169,2.267,2.444,2.49,1.163,3.912,4.218,1.644,0.301,1.805,1.447,0.677,-0.444,0.931,0.702,3.003,3.132,5.182,5.404,0.383,0.431,0.032,0.209,-0.052,0.077,-0.225,28.007,-0.338,38.459,0.238,-47.503,0.439,-119.22,-0.122,10.452,0.44,-75.51,0.605,-147.227,0.533,-85.962,0.677,-157.679,0.225,-71.717,0.743,0.227,0.143,0.799,0.311,0.197,-0.987,-1.261,-0.243,-2.477,-3.164,-0.964,0.137,0.085,0.054,-0.992,-2.004,-0.387,-1.934,-3.907,-1.191,-1.129,-1.786,-0.44,-2.071,-3.276,-1.275,-0.942,-1.49,-1.903,-0.221,-0.241,-0.579,-0.464,-0.518,-1.015,0.107,0.195,0.159,0.169,0.278,0.231,-0.272,-0.316,-0.436,0.32,0.695,0.401,0.395,0.738,0.452,0.544,1.011,0.713,0.632,1.009,0.742,0.088,0.075,0.063,-2.649,-4.553,0.327,-0.948,0.439,-0.001,-2.074,-3.564,0.106,-1.085,0.249,-0.138,0.841,-2.435,0.347,-3.561,1.378,1.431,1.783,-0.003,1.288,-0.716,2.177,2.261,-1.7,-3.603,1.277,0.002,1.389,0.949,0.167,-0.797,0.393,0.15,0.548,-2.616,2.179,2.376,2.038,0.777,3.443,3.754,1.631,0.441,1.774,1.388,0.662,-0.303,0.888,0.644,2.892,3.035,4.569,4.795,0.369,0.423,-0.0,0.196,-0.085,0.058
2018-05-16,CTD3,4181698,695238,0.011759381,0.01733238,0.023624118,0.006059457,0.003894993,0.000990915,0.0010267213,0.00041421712,0.011783652,0.01723039,0.02370993,0.0061897617,0.004035413,0.0009625019,0.16122276,-8.000000000000001e-45,0.856,-0.192,27.343,-0.335,42.709,0.32,-79.993,0.502,-171.701,-0.154,15.366,0.482,-107.336,0.633,-199.044,0.592,-122.702,0.717,-214.41,0.217,-91.709,0.646,0.166,0.107,0.74,0.259,0.166,-1.386,-1.89,-0.312,-2.976,-4.056,-1.04,0.181,0.093,0.06,-1.262,-2.536,-0.418,-2.341,-4.702,-1.206,-1.443,-2.127,-0.478,-2.521,-3.716,-1.299,-1.078,-1.59,-2.167,-0.188,-0.203,-0.56,-0.507,-0.559,-1.192,0.139,0.269,0.207,0.192,0.336,0.265,-0.353,-0.402,-0.632,0.319,0.72,0.41,0.38,0.754,0.453,0.604,1.122,0.827,0.678,1.107,0.843,0.074,0.061,0.053,-3.22,-5.387,0.422,-0.877,0.514,0.036,-2.363,-3.952,0.148,-1.058,0.273,-0.145,1.207,-2.509,0.578,-4.125,1.716,1.776,2.285,0.159,1.656,-0.88,2.669,2.763,-2.425,-4.591,1.217,-0.082,1.309,0.831,0.218,-0.822,0.402,0.091,0.851,-3.205,2.529,2.696,2.441,0.551,3.935,4.193,1.659,0.453,1.784,1.366,0.848,-0.193,1.032,0.72,3.567,3.674,5.55,5.716,0.291,0.35,0.018,0.185,-0.075,0.032,-0.188,26.826,-0.336,42.687,0.311,-76.694,0.49,-162.943,-0.158,15.861,0.471,-103.52,0.62,-189.769,0.586,-119.381,0.709,-205.63,0.211,-86.249,0.636,0.166,0.108,0.736,0.264,0.172,-1.321,-1.818,-0.309,-2.808,-3.863,-1.009,0.187,0.098,0.064,-1.22,-2.454,-0.418,-2.236,-4.499,-1.175,-1.407,-2.057,-0.482,-2.423,-3.543,-1.273,-1.016,-1.486,-2.045,-0.182,-0.196,-0.533,-0.509,-0.561,-1.166,0.137,0.263,0.202,0.189,0.331,0.259,-0.361,-0.41,-0.634,0.311,0.698,0.398,0.372,0.734,0.441,0.604,1.108,0.824,0.678,1.095,0.84,0.074,0.061,0.053,-3.147,-5.192,0.423,-0.85,0.514,0.032,-2.287,-3.773,0.138,-1.037,0.263,-0.155,1.177,-2.366,0.528,-3.972,1.67,1.734,2.193,0.136,1.544,-0.91,2.561,2.659,-2.368,-4.413,1.201,-0.072,1.292,0.81,0.201,-0.807,0.384,0.075,0.772,-3.092,2.441,2.613,2.258,0.439,3.745,4.009,1.653,0.478,1.778,1.36,0.851,-0.158,1.034,0.724,3.488,3.596,5.35,5.516,0.291,0.355,0.017,0.189,-0.081,0.027
2018-05-16,CTD4,4180266,698264,0.013378204,0.020168213,0.027268838,0.0082786875,0.0056722015,0.0014351315,0.0014385396,0.0005780442,0.013412503,0.020071037,0.02729341,0.008478344,0.0057894904,0.0014049001,0.104281,-8.000000000000001e-45,0.663,-0.202,25.165,-0.342,38.077,0.235,-46.044,0.405,-101.55,-0.15,12.911,0.418,-71.209,0.561,-126.715,0.534,-84.12,0.656,-139.626,0.187,-55.506,0.686,0.208,0.143,0.768,0.315,0.216,-0.929,-1.256,-0.261,-2.048,-2.769,-0.841,0.173,0.107,0.073,-0.953,-1.942,-0.404,-1.695,-3.455,-1.049,-1.125,-1.697,-0.477,-1.868,-2.816,-1.156,-0.743,-1.119,-1.514,-0.191,-0.206,-0.487,-0.488,-0.538,-0.996,0.108,0.197,0.155,0.162,0.271,0.217,-0.328,-0.373,-0.509,0.293,0.624,0.361,0.357,0.669,0.408,0.566,0.997,0.735,0.644,0.997,0.759,0.078,0.064,0.055,-2.631,-4.144,0.36,-0.796,0.455,-0.022,-1.946,-3.065,0.08,-0.969,0.209,-0.195,0.876,-1.94,0.264,-3.191,1.335,1.408,1.619,-0.078,1.006,-0.935,1.948,2.055,-1.786,-3.3,1.204,0.048,1.3,0.822,0.121,-0.72,0.316,0.054,0.398,-2.371,2.012,2.228,1.517,0.262,2.937,3.252,1.628,0.579,1.757,1.353,0.733,-0.107,0.928,0.667,2.87,3.013,4.189,4.397,0.338,0.411,-0.014,0.202,-0.12,0.022,-0.199,24.734,-0.341,37.918,0.225,-43.39,0.397,-98.169,-0.152,13.184,0.406,-68.125,0.552,-122.904,0.526,-81.309,0.65,-136.088,0.188,-54.779,0.675,0.21,0.143,0.761,0.321,0.22,-0.871,-1.184,-0.251,-1.97,-2.679,-0.832,0.177,0.112,0.076,-0.914,-1.859,-0.394,-1.648,-3.354,-1.042,-1.091,-1.632,-0.471,-1.825,-2.731,-1.154,-0.735,-1.099,-1.495,-0.186,-0.201,-0.467,-0.486,-0.537,-0.973,0.104,0.191,0.149,0.161,0.267,0.213,-0.33,-0.376,-0.506,0.285,0.604,0.35,0.351,0.652,0.399,0.562,0.98,0.728,0.642,0.982,0.753,0.08,0.066,0.057,-2.551,-4.046,0.358,-0.796,0.456,-0.015,-1.876,-2.975,0.069,-0.973,0.203,-0.191,0.847,-1.885,0.222,-3.132,1.294,1.37,1.581,-0.051,0.957,-0.902,1.894,2.006,-1.723,-3.218,1.186,0.032,1.284,0.814,0.103,-0.729,0.304,0.053,0.332,-2.347,1.936,2.155,1.432,0.248,2.835,3.156,1.613,0.57,1.746,1.352,0.728,-0.105,0.928,0.677,2.788,2.931,4.082,4.292,0.344,0.42,-0.009,0.21,-0.121,0.022
2018-05-16,CTD6,4176009,695829,0.019625485,0.028306099,0.03035959,0.008517949,0.0059367674,0.0015231757,0.001531568,0.000625338,0.019679848,0.02834183,0.030440712,0.008818245,0.006146599,0.001447932,0.027800996,-8.000000000000001e-45,0.278,-0.181,15.626,-0.215,18.016,0.395,-66.445,0.536,-117.488,-0.035,2.39,0.537,-82.071,0.653,-133.114,0.562,-84.461,0.673,-135.503,0.179,-51.043,0.474,0.133,0.093,0.51,0.153,0.107,-1.881,-2.017,-0.394,-3.326,-3.567,-1.001,0.047,0.02,0.014,-1.611,-2.492,-0.487,-2.612,-4.041,-1.134,-1.658,-2.391,-0.501,-2.659,-3.836,-1.154,-1.002,-1.445,-1.55,-0.223,-0.239,-0.601,-0.291,-0.313,-0.743,0.189,0.324,0.306,0.233,0.372,0.352,-0.073,-0.08,-0.142,0.396,0.774,0.545,0.448,0.795,0.575,0.456,0.854,0.638,0.51,0.868,0.663,0.054,0.052,0.044,-2.871,-4.42,0.413,-0.741,0.498,-0.004,-2.677,-4.121,0.346,-0.788,0.437,-0.051,1.372,-2.464,1.231,-2.81,2.094,2.108,2.373,-0.017,2.233,-0.258,3.005,3.025,-2.122,-3.672,1.162,0.008,1.247,0.745,0.498,-0.502,0.63,0.235,1.776,-1.791,3.021,3.128,3.221,1.204,4.334,4.487,1.246,0.112,1.337,0.85,0.639,-0.362,0.77,0.376,3.262,3.354,4.68,4.813,0.224,0.238,-0.002,0.105,-0.022,0.071,-0.18,15.53,-0.215,17.963,0.381,-62.588,0.524,-111.878,-0.036,2.433,0.525,-78.118,0.644,-127.408,0.551,-80.551,0.664,-129.841,0.179,-49.29,0.473,0.137,0.095,0.509,0.158,0.11,-1.774,-1.905,-0.385,-3.171,-3.406,-0.987,0.048,0.021,0.015,-1.537,-2.378,-0.48,-2.507,-3.878,-1.124,-1.585,-2.283,-0.495,-2.555,-3.68,-1.145,-0.97,-1.397,-1.5,-0.221,-0.237,-0.579,-0.29,-0.312,-0.719,0.185,0.315,0.297,0.23,0.364,0.345,-0.074,-0.081,-0.14,0.39,0.756,0.534,0.443,0.779,0.565,0.45,0.837,0.627,0.506,0.852,0.654,0.056,0.053,0.045,-2.758,-4.258,0.405,-0.74,0.492,-0.003,-2.568,-3.964,0.335,-0.788,0.43,-0.051,1.301,-2.379,1.158,-2.721,2.015,2.03,2.271,-0.012,2.128,-0.25,2.891,2.912,-2.012,-3.512,1.15,0.005,1.238,0.743,0.483,-0.504,0.619,0.234,1.667,-1.738,2.902,3.012,3.064,1.159,4.163,4.321,1.236,0.112,1.33,0.85,0.626,-0.361,0.762,0.377,3.14,3.235,4.504,4.641,0.231,0.246,-0.001,0.109,-0.023,0.073
2018-05-16,CTD7,4176724,690397,0.02043242,0.03279956,0.049334135,0.014679876,0.009572787,0.0022968147,0.002275014,0.00090804853,0.020477267,0.032709617,0.04950992,0.015059694,0.009764087,0.0021718864,0.0571714,-8.000000000000001e-45,1.121,-0.232,18.454,-0.414,28.672,0.164,-19.179,0.362,-55.521,-0.201,10.218,0.382,-37.632,0.548,-73.975,0.541,-47.851,0.675,-84.193,0.211,-36.342,0.91,0.271,0.177,0.94,0.421,0.274,-0.629,-0.946,-0.184,-1.821,-2.739,-0.815,0.209,0.15,0.098,-0.769,-1.857,-0.36,-1.511,-3.649,-1.086,-0.978,-1.569,-0.458,-1.72,-2.761,-1.236,-0.743,-1.192,-1.793,-0.193,-0.21,-0.51,-0.609,-0.682,-1.192,0.07,0.136,0.098,0.132,0.229,0.17,-0.471,-0.551,-0.682,0.26,0.604,0.308,0.333,0.661,0.363,0.651,1.155,0.818,0.747,1.132,0.837,0.096,0.073,0.062,-2.738,-4.531,0.325,-0.911,0.429,-0.029,-1.82,-3.012,-0.033,-1.119,0.122,-0.238,0.727,-2.034,-0.112,-3.762,1.1,1.198,1.47,-0.1,0.63,-1.226,1.687,1.837,-1.755,-3.548,1.308,0.072,1.411,0.953,-0.054,-0.869,0.196,0.013,-0.18,-2.919,1.766,2.04,1.012,0.066,2.708,3.129,1.967,0.881,2.123,1.762,0.786,-0.029,1.036,0.852,2.892,3.069,4.435,4.706,0.427,0.524,-0.021,0.254,-0.171,0.006,-0.23,18.263,-0.415,28.637,0.152,-17.568,0.354,-53.581,-0.204,10.374,0.369,-35.83,0.54,-71.844,0.534,-46.204,0.671,-82.218,0.213,-36.014,0.904,0.275,0.178,0.937,0.431,0.28,-0.575,-0.87,-0.172,-1.753,-2.653,-0.807,0.212,0.156,0.101,-0.734,-1.774,-0.35,-1.471,-3.557,-1.082,-0.946,-1.511,-0.451,-1.684,-2.689,-1.238,-0.737,-1.178,-1.783,-0.189,-0.206,-0.493,-0.608,-0.684,-1.17,0.066,0.128,0.091,0.13,0.224,0.166,-0.473,-0.556,-0.677,0.252,0.584,0.298,0.328,0.646,0.355,0.648,1.139,0.811,0.747,1.118,0.832,0.1,0.076,0.064,-2.662,-4.445,0.322,-0.916,0.429,-0.022,-1.758,-2.936,-0.047,-1.129,0.115,-0.235,0.699,-1.99,-0.154,-3.711,1.061,1.163,1.437,-0.075,0.584,-1.19,1.637,1.793,-1.69,-3.473,1.293,0.055,1.4,0.949,-0.075,-0.882,0.184,0.012,-0.246,-2.899,1.695,1.975,0.932,0.062,2.615,3.046,1.957,0.875,2.119,1.769,0.778,-0.029,1.037,0.865,2.811,2.989,4.335,4.61,0.437,0.538,-0.016,0.263,-0.173,0.006
2018-05-16,CTD8,4174178,693048,0.018842548,0.028446268,0.037989896,0.009140375,0.005828502,0.0013743896,0.0014570066,0.0005744363,0.018745271,0.028387623,0.038217314,0.009504763,0.0059603537,0.0013271256,0.11541312,-8.000000000000001e-45,0.457,-0.203,17.917,-0.337,26.749,0.347,-56.333,0.528,-118.499,-0.144,8.831,0.514,-74.251,0.66,-136.417,0.612,-83.082,0.734,-145.248,0.221,-62.166,0.681,0.164,0.104,0.761,0.244,0.156,-1.602,-2.14,-0.328,-3.371,-4.502,-1.083,0.166,0.081,0.051,-1.399,-2.821,-0.433,-2.57,-5.182,-1.247,-1.565,-2.363,-0.484,-2.737,-4.132,-1.328,-1.171,-1.768,-2.362,-0.204,-0.219,-0.642,-0.509,-0.559,-1.279,0.146,0.283,0.221,0.196,0.346,0.276,-0.341,-0.387,-0.638,0.34,0.783,0.441,0.398,0.808,0.48,0.61,1.169,0.842,0.68,1.149,0.856,0.07,0.058,0.05,-3.494,-5.856,0.422,-0.906,0.509,0.025,-2.616,-4.385,0.175,-1.072,0.291,-0.142,1.313,-2.819,0.726,-4.456,1.857,1.908,2.484,0.121,1.897,-0.923,2.912,2.992,-2.647,-5.008,1.269,-0.059,1.356,0.872,0.264,-0.819,0.439,0.111,1.096,-3.406,2.803,2.959,2.864,0.724,4.395,4.64,1.695,0.448,1.811,1.379,0.85,-0.233,1.026,0.698,3.847,3.951,6.033,6.197,0.28,0.332,0.012,0.168,-0.069,0.036,-0.205,18.12,-0.342,27.181,0.327,-51.864,0.517,-114.428,-0.148,9.06,0.498,-69.984,0.653,-132.549,0.602,-79.044,0.73,-141.609,0.229,-62.565,0.693,0.172,0.108,0.772,0.258,0.162,-1.472,-1.982,-0.309,-3.248,-4.373,-1.088,0.17,0.086,0.054,-1.312,-2.675,-0.417,-2.485,-5.066,-1.26,-1.482,-2.244,-0.471,-2.655,-4.02,-1.346,-1.173,-1.776,-2.391,-0.202,-0.218,-0.623,-0.514,-0.567,-1.259,0.139,0.269,0.209,0.192,0.337,0.268,-0.348,-0.398,-0.636,0.331,0.764,0.427,0.394,0.794,0.47,0.609,1.162,0.836,0.684,1.142,0.851,0.075,0.062,0.053,-3.361,-5.752,0.412,-0.934,0.504,0.033,-2.496,-4.272,0.156,-1.104,0.281,-0.137,1.229,-2.791,0.626,-4.44,1.762,1.816,2.402,0.158,1.799,-0.876,2.81,2.896,-2.506,-4.898,1.266,-0.08,1.358,0.887,0.236,-0.852,0.425,0.116,0.948,-3.425,2.669,2.831,2.724,0.742,4.256,4.514,1.704,0.444,1.829,1.412,0.839,-0.248,1.028,0.719,3.703,3.811,5.905,6.077,0.297,0.351,0.017,0.179,-0.069,0.039
2018-05-16,CTD10,4170388,695646,0.009119463,0.014870307,0.020520989,0.006342674,0.0038878163,0.0010170976,0.0010756658,0.00043350217,0.009148515,0.014962854,0.020410832,0.006625678,0.0043233186,0.0009516414,0.090129405,-8.000000000000001e-45,0.248,-0.24,42.407,-0.385,60.925,0.18,-48.007,0.402,-147.558,-0.16,18.518,0.402,-90.414,0.585,-189.966,0.528,-108.932,0.681,-208.483,0.24,-99.552,0.87,0.269,0.165,0.906,0.386,0.237,-0.714,-0.985,-0.187,-2.194,-3.028,-0.936,0.169,0.117,0.072,-0.825,-1.855,-0.352,-1.732,-3.898,-1.205,-0.993,-1.62,-0.424,-1.901,-3.1,-1.322,-0.908,-1.48,-2.043,-0.214,-0.236,-0.562,-0.537,-0.608,-1.114,0.078,0.148,0.114,0.148,0.247,0.195,-0.365,-0.434,-0.552,0.288,0.656,0.349,0.371,0.71,0.409,0.591,1.09,0.756,0.693,1.076,0.784,0.102,0.083,0.069,-2.622,-4.665,0.304,-1.018,0.424,0.0,-1.9,-3.38,0.018,-1.187,0.183,-0.169,0.713,-2.387,0.058,-3.84,1.176,1.248,1.621,0.001,0.966,-0.89,1.919,2.037,-1.605,-3.648,1.322,-0.001,1.441,1.018,0.029,-0.907,0.298,0.112,0.094,-2.934,1.918,2.155,1.575,0.589,3.129,3.516,1.824,0.619,1.989,1.637,0.684,-0.251,0.954,0.767,2.809,2.974,4.583,4.852,0.434,0.506,0.0,0.237,-0.117,0.048,-0.241,42.475,-0.381,60.314,0.16,-41.621,0.358,-121.996,-0.154,17.839,0.386,-84.096,0.552,-164.472,0.51,-101.934,0.65,-182.31,0.21,-80.376,0.867,0.281,0.184,0.902,0.4,0.261,-0.623,-0.85,-0.18,-1.825,-2.49,-0.808,0.163,0.118,0.077,-0.769,-1.716,-0.364,-1.505,-3.357,-1.09,-0.933,-1.525,-0.441,-1.668,-2.728,-1.208,-0.735,-1.203,-1.641,-0.215,-0.235,-0.531,-0.522,-0.584,-1.029,0.071,0.131,0.102,0.136,0.224,0.178,-0.345,-0.404,-0.498,0.282,0.619,0.337,0.36,0.674,0.394,0.572,1.023,0.715,0.667,1.02,0.745,0.095,0.078,0.065,-2.469,-4.11,0.287,-0.921,0.4,-0.041,-1.81,-3.013,0.005,-1.084,0.159,-0.204,0.648,-2.08,0.017,-3.34,1.092,1.169,1.383,-0.142,0.752,-0.964,1.673,1.791,-1.445,-3.086,1.311,0.103,1.424,0.983,0.009,-0.799,0.261,0.081,0.027,-2.463,1.786,2.046,1.23,0.38,2.737,3.136,1.788,0.699,1.942,1.579,0.64,-0.168,0.892,0.712,2.608,2.792,3.997,4.278,0.435,0.512,-0.03,0.231,-0.148,0.036
2018-05-16,CTD11,4169609,700351,0.015188189,0.02218441,0.03343027,0.010300699,0.0080382135,0.0019212321,0.0018638178,0.00074653496,0.0150938025,0.021988472,0.033549804,0.0106551545,0.007618012,0.0019281914,0.24773529,-8.000000000000001e-45,0.575,-0.187,20.764,-0.375,35.928,0.192,-31.24,0.308,-58.565,-0.202,15.164,0.366,-52.004,0.468,-79.329,0.529,-67.168,0.612,-94.493,0.123,-27.325,0.694,0.214,0.167,0.797,0.37,0.289,-0.693,-1.044,-0.251,-1.299,-1.958,-0.603,0.23,0.156,0.122,-0.79,-1.739,-0.418,-1.205,-2.652,-0.817,-1.02,-1.49,-0.54,-1.435,-2.096,-0.973,-0.415,-0.606,-0.913,-0.16,-0.169,-0.381,-0.562,-0.604,-0.995,0.088,0.162,0.118,0.129,0.22,0.163,-0.441,-0.484,-0.613,0.244,0.512,0.287,0.291,0.555,0.323,0.619,0.996,0.765,0.679,0.996,0.782,0.061,0.047,0.041,-2.561,-3.474,0.377,-0.597,0.444,-0.096,-1.699,-2.306,-0.01,-0.827,0.092,-0.326,0.811,-1.285,-0.032,-2.684,1.112,1.234,1.226,-0.264,0.383,-1.356,1.425,1.581,-1.785,-2.698,1.153,0.179,1.22,0.68,-0.015,-0.618,0.134,-0.117,-0.047,-2.005,1.624,1.913,0.559,-0.486,2.082,2.452,1.737,0.92,1.839,1.421,0.829,0.225,0.978,0.727,2.716,2.883,3.481,3.695,0.316,0.438,-0.065,0.224,-0.221,-0.054,-0.186,20.774,-0.379,36.446,0.172,-27.599,0.329,-65.015,-0.208,15.672,0.347,-48.373,0.485,-85.789,0.518,-64.045,0.63,-101.461,0.166,-37.417,0.697,0.221,0.158,0.801,0.388,0.278,-0.607,-0.926,-0.21,-1.43,-2.181,-0.693,0.237,0.167,0.119,-0.73,-1.623,-0.369,-1.295,-2.878,-0.914,-0.967,-1.408,-0.488,-1.531,-2.231,-1.081,-0.565,-0.823,-1.255,-0.156,-0.167,-0.377,-0.565,-0.623,-1.01,0.08,0.15,0.108,0.135,0.229,0.169,-0.449,-0.509,-0.633,0.233,0.499,0.275,0.295,0.558,0.325,0.617,1.008,0.773,0.699,1.007,0.794,0.082,0.062,0.055,-2.462,-3.718,0.369,-0.712,0.459,-0.029,-1.614,-2.436,-0.035,-0.949,0.103,-0.265,0.761,-1.47,-0.109,-2.987,1.07,1.19,1.326,-0.082,0.456,-1.167,1.497,1.664,-1.692,-2.947,1.139,0.058,1.23,0.742,-0.051,-0.743,0.151,-0.06,-0.159,-2.34,1.559,1.837,0.664,-0.262,2.18,2.569,1.738,0.824,1.876,1.508,0.82,0.127,1.021,0.811,2.644,2.802,3.698,3.919,0.359,0.479,-0.02,0.258,-0.187,-0.029
2018-05-16,CTD12,4173438,695414,0.016500615,0.024017692,0.032919366,0.008043668,0.0056440714,0.0013680739,0.0014508219,0.0005688173,0.016445383,0.023855725,0.033200603,0.008331793,0.005647369,0.0013398929,0.112041056,-8.000000000000001e-45,0.175,-0.186,18.968,-0.332,30.227,0.345,-63.718,0.49,-116.573,-0.156,11.259,0.498,-82.685,0.619,-135.541,0.607,-93.944,0.707,-146.8,0.175,-52.856,0.624,0.153,0.107,0.726,0.243,0.171,-1.53,-2.098,-0.36,-2.8,-3.838,-0.938,0.186,0.091,0.064,-1.364,-2.722,-0.467,-2.237,-4.462,-1.09,-1.55,-2.256,-0.53,-2.422,-3.526,-1.181,-0.872,-1.269,-1.74,-0.184,-0.195,-0.549,-0.512,-0.554,-1.2,0.149,0.285,0.219,0.191,0.339,0.265,-0.363,-0.402,-0.65,0.323,0.721,0.414,0.372,0.749,0.449,0.614,1.123,0.839,0.673,1.111,0.851,0.059,0.049,0.042,-3.406,-5.146,0.443,-0.738,0.516,-0.015,-2.485,-3.754,0.166,-0.924,0.266,-0.2,1.322,-2.204,0.681,-3.781,1.816,1.88,2.194,-0.062,1.553,-1.169,2.589,2.679,-2.637,-4.377,1.211,0.03,1.284,0.754,0.242,-0.696,0.388,0.028,0.991,-2.847,2.644,2.814,2.26,0.163,3.768,4.011,1.66,0.57,1.76,1.293,0.883,-0.055,1.029,0.669,3.751,3.858,5.345,5.498,0.252,0.316,-0.007,0.163,-0.098,0.009,-0.184,18.889,-0.337,30.687,0.327,-59.215,0.489,-116.266,-0.164,11.799,0.482,-78.104,0.617,-135.155,0.599,-89.902,0.709,-146.954,0.192,-57.051,0.627,0.157,0.107,0.732,0.256,0.173,-1.413,-1.966,-0.334,-2.774,-3.86,-0.969,0.194,0.098,0.067,-1.284,-2.593,-0.441,-2.223,-4.487,-1.126,-1.478,-2.145,-0.508,-2.417,-3.506,-1.224,-0.938,-1.361,-1.894,-0.178,-0.191,-0.53,-0.521,-0.568,-1.199,0.142,0.275,0.209,0.189,0.335,0.26,-0.377,-0.423,-0.668,0.313,0.703,0.4,0.367,0.735,0.438,0.617,1.126,0.843,0.684,1.112,0.856,0.067,0.054,0.047,-3.295,-5.19,0.438,-0.786,0.519,0.012,-2.368,-3.729,0.146,-0.98,0.259,-0.182,1.255,-2.25,0.582,-3.905,1.737,1.804,2.194,0.049,1.52,-1.073,2.563,2.661,-2.534,-4.428,1.2,-0.025,1.281,0.773,0.212,-0.757,0.375,0.041,0.844,-3.016,2.52,2.693,2.205,0.239,3.718,3.973,1.67,0.543,1.782,1.341,0.885,-0.084,1.048,0.714,3.641,3.748,5.372,5.53,0.27,0.337,0.006,0.179,-0.092,0.014
2018-06-20,CTD1,4187246,695025,0.017478505,0.02499046,0.030144004,0.012506737,0.006990669,0.0020379587,0.0020616562,0.0008760493,0.017365314,0.025398772,0.02969829,0.012532538,0.007981081,0.0018005264,0.00019537915,-8.000000000000001e-45,0.713,-0.177,17.198,-0.266,24.039,0.166,-22.744,0.429,-85.835,-0.093,6.841,0.333,-39.942,0.563,-103.033,0.414,-46.783,0.623,-109.874,0.283,-63.091,0.518,0.215,0.12,0.601,0.301,0.168,-0.568,-0.686,-0.159,-2.145,-2.587,-1.074,0.12,0.086,0.048,-0.698,-1.204,-0.279,-1.801,-3.106,-1.289,-0.818,-1.169,-0.327,-1.92,-2.746,-1.374,-1.103,-1.577,-1.902,-0.176,-0.202,-0.385,-0.338,-0.396,-0.65,0.09,0.155,0.134,0.19,0.28,0.246,-0.172,-0.211,-0.264,0.262,0.51,0.336,0.378,0.6,0.422,0.415,0.721,0.551,0.545,0.772,0.617,0.13,0.116,0.1,-1.711,-3.613,0.285,-1.09,0.467,0.14,-1.418,-2.995,0.079,-1.209,0.3,0.021,0.568,-2.177,0.191,-2.915,1.118,1.166,1.671,0.502,1.294,0.09,2.0,2.085,-0.98,-2.882,1.015,-0.359,1.198,0.871,0.113,-0.96,0.429,0.27,0.274,-2.314,1.598,1.766,1.85,1.165,2.859,3.16,1.224,-0.064,1.445,1.166,0.491,-0.583,0.806,0.647,2.01,2.13,3.596,3.812,0.436,0.484,0.101,0.269,0.015,0.135,-0.188,18.214,-0.262,23.914,0.162,-22.206,0.37,-67.71,-0.078,5.7,0.339,-40.42,0.522,-85.924,0.406,-46.12,0.576,-91.624,0.222,-45.504,0.541,0.228,0.145,0.607,0.3,0.191,-0.564,-0.659,-0.177,-1.72,-2.011,-0.849,0.099,0.071,0.045,-0.702,-1.2,-0.323,-1.492,-2.552,-1.077,-0.801,-1.171,-0.368,-1.591,-2.327,-1.148,-0.79,-1.156,-1.351,-0.19,-0.213,-0.392,-0.325,-0.369,-0.601,0.088,0.145,0.128,0.17,0.247,0.222,-0.144,-0.17,-0.21,0.273,0.508,0.341,0.37,0.583,0.412,0.401,0.677,0.514,0.508,0.726,0.573,0.106,0.097,0.083,-1.686,-3.037,0.262,-0.887,0.415,0.047,-1.442,-2.598,0.091,-0.986,0.27,-0.052,0.53,-1.797,0.216,-2.335,1.071,1.117,1.321,0.149,1.007,-0.194,1.682,1.754,-0.907,-2.258,1.041,-0.108,1.194,0.826,0.134,-0.715,0.396,0.218,0.316,-1.694,1.567,1.758,1.472,0.813,2.461,2.76,1.217,0.14,1.396,1.073,0.448,-0.401,0.71,0.532,1.91,2.055,2.999,3.228,0.407,0.453,0.034,0.225,-0.038,0.108
2018-06-20,CTD2,4181518,693105,0.015339211,0.022199314,0.027038062,0.0062738275,0.004311917,0.0010428195,0.001084525,0.00042665555,0.015396311,0.022112181,0.027163932,0.0064744623,0.004275622,0.0010470267,0.11385559,-8.000000000000001e-45,0.368,-0.183,20.146,-0.276,28.208,0.419,-94.2,0.561,-166.723,-0.098,8.062,0.559,-114.346,0.675,-186.869,0.623,-122.407,0.725,-194.931,0.185,-72.523,0.545,0.126,0.087,0.626,0.177,0.122,-2.091,-2.547,-0.406,-3.701,-4.508,-1.046,0.124,0.051,0.035,-1.754,-3.092,-0.493,-2.866,-5.053,-1.172,-1.878,-2.717,-0.528,-2.99,-4.327,-1.223,-1.112,-1.61,-1.961,-0.206,-0.219,-0.648,-0.411,-0.441,-1.105,0.184,0.342,0.289,0.224,0.387,0.331,-0.224,-0.246,-0.457,0.376,0.81,0.508,0.422,0.828,0.537,0.553,1.057,0.783,0.605,1.052,0.798,0.052,0.046,0.04,-3.619,-5.58,0.459,-0.764,0.532,0.004,-2.971,-4.581,0.285,-0.888,0.373,-0.12,1.624,-2.703,1.227,-3.826,2.251,2.285,2.736,0.019,2.339,-0.752,3.275,3.325,-2.862,-4.823,1.215,-0.008,1.288,0.76,0.412,-0.634,0.54,0.134,1.776,-2.732,3.257,3.379,3.386,0.839,4.739,4.916,1.48,0.308,1.568,1.075,0.809,-0.237,0.937,0.531,4.029,4.115,5.862,5.988,0.215,0.25,0.002,0.123,-0.049,0.038,-0.179,19.727,-0.276,28.137,0.408,-89.502,0.565,-168.933,-0.103,8.41,0.547,-109.229,0.676,-188.66,0.615,-117.639,0.728,-197.071,0.205,-79.431,0.536,0.128,0.084,0.622,0.182,0.12,-1.979,-2.431,-0.383,-3.735,-4.589,-1.094,0.129,0.054,0.036,-1.682,-2.967,-0.467,-2.905,-5.125,-1.221,-1.811,-2.601,-0.503,-3.034,-4.358,-1.276,-1.223,-1.756,-2.158,-0.2,-0.214,-0.625,-0.412,-0.446,-1.095,0.181,0.338,0.284,0.226,0.389,0.331,-0.231,-0.257,-0.47,0.367,0.795,0.497,0.419,0.816,0.53,0.552,1.052,0.784,0.61,1.047,0.801,0.059,0.052,0.045,-3.499,-5.657,0.458,-0.818,0.539,0.036,-2.848,-4.605,0.274,-0.947,0.373,-0.094,1.564,-2.794,1.15,-3.975,2.185,2.221,2.787,0.186,2.372,-0.595,3.308,3.363,-2.759,-4.917,1.198,-0.078,1.279,0.776,0.394,-0.7,0.536,0.154,1.651,-2.938,3.138,3.258,3.407,0.976,4.751,4.933,1.472,0.25,1.571,1.104,0.808,-0.286,0.951,0.568,3.918,4.002,5.933,6.06,0.227,0.263,0.015,0.135,-0.039,0.045
2018-06-20,CTD3,4181698,695238,0.016045667,0.0223564,0.025783986,0.007167633,0.0044130036,0.0012202924,0.0012151455,0.00050243543,0.01600118,0.022486018,0.025624411,0.0072163045,0.004664375,0.0011754382,0.05087315,-8.000000000000001e-45,0.437,-0.164,17.592,-0.233,23.538,0.382,-77.194,0.569,-164.281,-0.071,5.946,0.514,-94.786,0.67,-181.873,0.565,-100.732,0.708,-187.819,0.238,-87.087,0.454,0.126,0.078,0.526,0.169,0.104,-1.726,-1.99,-0.341,-3.673,-4.236,-1.178,0.095,0.043,0.026,-1.521,-2.444,-0.418,-2.918,-4.689,-1.304,-1.616,-2.252,-0.445,-3.014,-4.199,-1.346,-1.397,-1.947,-2.245,-0.192,-0.209,-0.545,-0.33,-0.364,-0.841,0.184,0.332,0.294,0.242,0.394,0.353,-0.148,-0.168,-0.296,0.363,0.742,0.503,0.429,0.773,0.545,0.485,0.91,0.695,0.557,0.921,0.724,0.072,0.066,0.057,-2.88,-5.125,0.44,-0.906,0.547,0.102,-2.497,-4.444,0.302,-1.002,0.425,0.007,1.372,-2.827,1.085,-3.604,2.041,2.067,2.769,0.517,2.483,0.039,3.315,3.358,-2.204,-4.449,1.115,-0.231,1.222,0.778,0.42,-0.757,0.592,0.251,1.512,-2.724,2.844,2.948,3.459,1.469,4.619,4.788,1.286,-0.017,1.41,0.991,0.707,-0.471,0.878,0.538,3.322,3.4,5.396,5.522,0.249,0.276,0.046,0.149,0.003,0.081,-0.168,18.023,-0.231,23.47,0.378,-76.08,0.549,-151.896,-0.065,5.447,0.514,-94.103,0.656,-169.919,0.561,-99.55,0.692,-175.366,0.215,-75.816,0.462,0.13,0.084,0.528,0.169,0.109,-1.711,-1.949,-0.355,-3.416,-3.892,-1.096,0.087,0.039,0.025,-1.506,-2.411,-0.439,-2.719,-4.354,-1.226,-1.593,-2.238,-0.464,-2.806,-3.943,-1.265,-1.213,-1.705,-1.943,-0.197,-0.214,-0.546,-0.324,-0.354,-0.81,0.183,0.324,0.29,0.236,0.382,0.345,-0.135,-0.152,-0.264,0.367,0.739,0.504,0.428,0.768,0.543,0.478,0.891,0.678,0.545,0.903,0.706,0.066,0.061,0.053,-2.839,-4.782,0.43,-0.836,0.53,0.065,-2.492,-4.196,0.304,-0.923,0.417,-0.022,1.34,-2.603,1.078,-3.276,2.01,2.035,2.553,0.315,2.291,-0.12,3.11,3.149,-2.146,-4.088,1.124,-0.142,1.223,0.759,0.427,-0.67,0.586,0.231,1.515,-2.378,2.824,2.934,3.219,1.27,4.37,4.539,1.28,0.054,1.394,0.955,0.689,-0.408,0.848,0.493,3.259,3.343,5.043,5.173,0.244,0.269,0.029,0.139,-0.01,0.074
2018-06-20,CTD4,4180266,698264,0.015136458,0.021142798,0.027082302,0.008266764,0.005436763,0.0014607527,0.0014619752,0.0005951298,0.01510922,0.021211853,0.027147781,0.008345527,0.0056923437,0.0013976588,0.124660626,-8.000000000000001e-45,0.239,-0.166,18.768,-0.283,29.141,0.294,-54.901,0.471,-117.867,-0.123,10.373,0.438,-73.669,0.591,-136.636,0.532,-84.042,0.666,-147.008,0.207,-62.967,0.508,0.155,0.102,0.616,0.241,0.158,-1.161,-1.487,-0.298,-2.492,-3.192,-0.974,0.157,0.086,0.056,-1.115,-1.995,-0.401,-2.068,-3.7,-1.13,-1.272,-1.777,-0.457,-2.225,-3.108,-1.215,-0.953,-1.331,-1.705,-0.17,-0.185,-0.438,-0.406,-0.449,-0.872,0.142,0.258,0.211,0.201,0.33,0.274,-0.254,-0.289,-0.433,0.305,0.626,0.396,0.372,0.671,0.444,0.519,0.915,0.708,0.597,0.925,0.736,0.078,0.067,0.059,-2.56,-4.265,0.411,-0.805,0.515,0.058,-1.999,-3.33,0.168,-0.962,0.302,-0.099,1.05,-2.058,0.55,-3.15,1.574,1.63,2.003,0.227,1.503,-0.492,2.393,2.479,-1.879,-3.585,1.092,-0.124,1.196,0.739,0.235,-0.74,0.422,0.123,0.768,-2.424,2.198,2.357,2.1,0.613,3.343,3.584,1.398,0.269,1.532,1.132,0.735,-0.24,0.922,0.623,2.917,3.019,4.435,4.59,0.289,0.345,0.032,0.19,-0.054,0.048,-0.168,19.041,-0.285,29.349,0.288,-53.64,0.453,-109.49,-0.123,10.308,0.435,-72.681,0.577,-128.531,0.53,-82.989,0.653,-138.839,0.189,-55.85,0.517,0.159,0.108,0.623,0.245,0.167,-1.138,-1.456,-0.305,-2.322,-2.972,-0.914,0.156,0.086,0.059,-1.098,-1.973,-0.414,-1.942,-3.489,-1.073,-1.254,-1.76,-0.472,-2.098,-2.945,-1.159,-0.844,-1.185,-1.516,-0.172,-0.186,-0.435,-0.407,-0.447,-0.858,0.14,0.251,0.206,0.195,0.319,0.265,-0.253,-0.285,-0.423,0.304,0.619,0.392,0.367,0.662,0.437,0.518,0.904,0.699,0.591,0.915,0.726,0.073,0.063,0.055,-2.541,-4.057,0.405,-0.754,0.503,0.03,-1.985,-3.17,0.163,-0.91,0.288,-0.126,1.029,-1.916,0.531,-2.959,1.542,1.601,1.873,0.113,1.374,-0.599,2.261,2.347,-1.849,-3.365,1.096,-0.062,1.194,0.722,0.229,-0.685,0.405,0.099,0.745,-2.227,2.165,2.332,1.93,0.473,3.174,3.419,1.403,0.331,1.528,1.115,0.727,-0.186,0.903,0.598,2.876,2.985,4.217,4.376,0.284,0.343,0.017,0.184,-0.069,0.039
2018-06-20,CTD6,4176009,695829,0.01647813,0.023770105,0.022063568,0.0049523846,0.0031184172,0.000793947,0.0008149216,0.0003304408,0.016539242,0.02390897,0.021940917,0.0050258236,0.003213321,0.0007651746,0.054966494,-8.000000000000001e-45,0.313,-0.181,18.617,-0.145,15.363,0.538,-141.236,0.682,-259.989,0.037,-3.254,0.655,-159.853,0.768,-278.606,0.633,-156.599,0.752,-275.352,0.227,-118.753,0.411,0.092,0.058,0.365,0.076,0.048,-3.357,-3.116,-0.44,-6.18,-5.736,-1.288,-0.054,-0.016,-0.01,-2.634,-3.527,-0.498,-4.591,-6.147,-1.38,-2.58,-3.722,-0.488,-4.537,-6.545,-1.364,-1.957,-2.823,-2.62,-0.27,-0.29,-0.904,-0.194,-0.208,-0.692,0.251,0.429,0.458,0.291,0.465,0.495,0.08,0.087,0.211,0.488,0.96,0.747,0.536,0.964,0.764,0.425,0.873,0.636,0.471,0.884,0.66,0.046,0.048,0.04,-3.762,-6.382,0.469,-0.895,0.552,0.064,-4.053,-6.876,0.539,-0.841,0.616,0.117,2.25,-4.295,2.399,-3.748,3.196,3.186,4.207,0.484,4.356,0.829,5.076,5.06,-3.013,-5.633,1.218,-0.146,1.301,0.813,0.777,-0.511,0.888,0.448,3.461,-2.276,4.61,4.658,6.284,3.167,7.322,7.398,1.131,-0.249,1.208,0.709,0.628,-0.66,0.739,0.299,4.266,4.324,6.775,6.867,0.169,0.159,0.019,0.067,0.035,0.093,-0.182,18.637,-0.14,14.885,0.534,-138.51,0.675,-250.742,0.043,-3.752,0.653,-157.147,0.763,-269.379,0.627,-153.395,0.745,-265.628,0.22,-112.232,0.409,0.094,0.06,0.356,0.075,0.048,-3.312,-3.039,-0.445,-5.995,-5.502,-1.26,-0.062,-0.019,-0.012,-2.599,-3.448,-0.505,-4.455,-5.91,-1.354,-2.537,-3.668,-0.493,-4.393,-6.351,-1.335,-1.856,-2.683,-2.462,-0.273,-0.293,-0.894,-0.187,-0.199,-0.656,0.251,0.425,0.458,0.291,0.461,0.494,0.091,0.1,0.239,0.491,0.956,0.751,0.538,0.96,0.767,0.418,0.856,0.624,0.463,0.868,0.647,0.045,0.047,0.04,-3.674,-6.136,0.463,-0.872,0.545,0.052,-4.003,-6.687,0.544,-0.81,0.619,0.114,2.201,-4.15,2.373,-3.537,3.156,3.144,4.057,0.39,4.229,0.781,4.937,4.918,-2.92,-5.383,1.217,-0.118,1.299,0.806,0.786,-0.474,0.895,0.45,3.431,-2.071,4.563,4.611,6.114,3.075,7.137,7.212,1.116,-0.237,1.192,0.687,0.614,-0.646,0.723,0.278,4.171,4.231,6.524,6.618,0.169,0.157,0.016,0.064,0.035,0.095
2018-06-20,CTD7,4176724,690397,0.022516547,0.030068913,0.031125162,0.011316336,0.0065690256,0.001946348,0.0019502457,0.0008114891,0.022291543,0.030272162,0.030830482,0.011455012,0.0073708864,0.0016949755,0.00026767634,-8.000000000000001e-45,0.16,-0.144,11.155,-0.16,12.283,0.331,-43.956,0.548,-107.818,-0.017,1.129,0.453,-55.111,0.641,-118.973,0.467,-56.239,0.651,-120.101,0.265,-63.862,0.347,0.126,0.073,0.369,0.139,0.081,-1.322,-1.368,-0.289,-3.242,-3.356,-1.22,0.025,0.013,0.007,-1.241,-1.715,-0.362,-2.679,-3.703,-1.346,-1.266,-1.691,-0.369,-2.704,-3.611,-1.359,-1.438,-1.92,-1.988,-0.178,-0.2,-0.422,-0.208,-0.235,-0.481,0.183,0.306,0.297,0.261,0.385,0.376,-0.031,-0.036,-0.059,0.35,0.645,0.497,0.438,0.695,0.554,0.377,0.681,0.541,0.467,0.726,0.593,0.09,0.089,0.078,-2.002,-3.989,0.385,-0.974,0.538,0.168,-1.934,-3.854,0.347,-0.999,0.505,0.143,1.024,-2.588,0.955,-2.748,1.771,1.779,2.462,0.771,2.393,0.677,3.051,3.064,-1.415,-3.403,0.972,-0.387,1.124,0.755,0.463,-0.757,0.674,0.386,1.275,-2.081,2.365,2.446,3.195,1.827,4.075,4.214,1.006,-0.34,1.164,0.802,0.533,-0.688,0.743,0.455,2.459,2.532,4.236,4.362,0.284,0.292,0.085,0.165,0.072,0.145,-0.152,11.826,-0.161,12.425,0.321,-42.438,0.503,-90.809,-0.009,0.598,0.451,-54.264,0.608,-102.635,0.458,-54.863,0.614,-103.233,0.217,-48.371,0.365,0.135,0.087,0.376,0.142,0.092,-1.285,-1.308,-0.313,-2.749,-2.8,-1.04,0.013,0.007,0.004,-1.21,-1.673,-0.4,-2.288,-3.164,-1.176,-1.223,-1.661,-0.404,-2.301,-3.125,-1.183,-1.078,-1.464,-1.491,-0.189,-0.209,-0.424,-0.205,-0.227,-0.454,0.177,0.288,0.284,0.244,0.358,0.353,-0.017,-0.019,-0.03,0.354,0.634,0.493,0.431,0.679,0.542,0.369,0.653,0.515,0.446,0.695,0.562,0.078,0.077,0.067,-1.955,-3.446,0.365,-0.818,0.497,0.093,-1.92,-3.384,0.345,-0.831,0.48,0.08,0.964,-2.161,0.928,-2.237,1.703,1.707,2.042,0.382,2.006,0.333,2.646,2.653,-1.333,-2.825,0.986,-0.196,1.119,0.715,0.468,-0.572,0.651,0.338,1.26,-1.54,2.312,2.404,2.724,1.416,3.593,3.735,1.005,-0.171,1.14,0.74,0.505,-0.536,0.688,0.375,2.361,2.448,3.669,3.804,0.27,0.275,0.048,0.139,0.041,0.128
2018-06-20,CTD8,4174178,693048,0.020335881,0.030256392,0.035589855,0.013186737,0.0070887534,0.002023839,0.0020990593,0.00087890774,0.020320095,0.030625323,0.035700917,0.013326163,0.008245081,0.0017665399,0.00096718693,-8.000000000000001e-45,0.392,-0.196,16.123,-0.273,21.076,0.213,-26.66,0.483,-91.894,-0.081,4.953,0.393,-42.783,0.62,-108.018,0.459,-47.736,0.668,-112.971,0.301,-65.235,0.574,0.213,0.114,0.638,0.278,0.149,-0.807,-0.949,-0.189,-2.78,-3.271,-1.212,0.101,0.065,0.035,-0.87,-1.523,-0.303,-2.197,-3.844,-1.424,-0.971,-1.444,-0.338,-2.297,-3.418,-1.49,-1.327,-1.974,-2.322,-0.203,-0.232,-0.489,-0.351,-0.408,-0.752,0.109,0.191,0.168,0.201,0.305,0.272,-0.159,-0.194,-0.263,0.305,0.622,0.4,0.414,0.691,0.475,0.443,0.817,0.6,0.563,0.85,0.656,0.121,0.109,0.093,-2.027,-4.348,0.302,-1.188,0.473,0.135,-1.723,-3.697,0.136,-1.289,0.337,0.034,0.692,-2.726,0.366,-3.478,1.308,1.343,2.019,0.574,1.692,0.17,2.433,2.498,-1.211,-3.533,1.117,-0.372,1.289,0.95,0.202,-1.01,0.502,0.313,0.544,-2.726,1.946,2.095,2.518,1.569,3.62,3.898,1.314,-0.11,1.516,1.213,0.528,-0.684,0.828,0.639,2.35,2.465,4.372,4.585,0.414,0.449,0.087,0.237,0.022,0.136,-0.202,16.56,-0.275,21.202,0.208,-25.828,0.423,-72.072,-0.077,4.642,0.394,-42.388,0.576,-88.632,0.456,-47.03,0.625,-93.274,0.236,-46.244,0.591,0.221,0.137,0.649,0.283,0.175,-0.791,-0.922,-0.213,-2.207,-2.573,-0.96,0.094,0.062,0.038,-0.861,-1.513,-0.349,-1.801,-3.164,-1.181,-0.956,-1.44,-0.388,-1.895,-2.857,-1.243,-0.94,-1.416,-1.651,-0.21,-0.234,-0.478,-0.35,-0.396,-0.713,0.105,0.18,0.159,0.182,0.275,0.246,-0.151,-0.178,-0.235,0.309,0.606,0.394,0.399,0.665,0.456,0.439,0.783,0.576,0.539,0.816,0.625,0.1,0.091,0.077,-2.016,-3.666,0.29,-0.953,0.433,0.045,-1.729,-3.145,0.134,-1.047,0.3,-0.05,0.667,-2.19,0.359,-2.805,1.256,1.294,1.607,0.166,1.299,-0.214,2.029,2.091,-1.172,-2.823,1.134,-0.109,1.276,0.888,0.202,-0.758,0.452,0.239,0.541,-2.032,1.892,2.067,1.957,1.035,3.059,3.341,1.322,0.141,1.488,1.138,0.51,-0.451,0.76,0.547,2.273,2.41,3.674,3.895,0.387,0.425,0.029,0.204,-0.032,0.104
2018-06-20,CTD10,4170388,695646,0.01542317,0.022013664,0.022446016,0.0060255826,0.0037186008,0.0010033036,0.0010342769,0.00042155694,0.015478433,0.022174206,0.02224167,0.0061308467,0.004045915,0.0009597755,0.00064810645,-8.000000000000001e-45,0.855,-0.176,19.411,-0.185,20.286,0.438,-101.122,0.611,-204.081,-0.01,0.875,0.57,-120.533,0.711,-223.492,0.577,-121.408,0.716,-224.367,0.237,-102.959,0.436,0.117,0.072,0.447,0.122,0.075,-2.226,-2.27,-0.376,-4.493,-4.581,-1.23,0.013,0.005,0.003,-1.859,-2.705,-0.448,-3.447,-5.017,-1.347,-1.872,-2.673,-0.451,-3.46,-4.939,-1.352,-1.588,-2.267,-2.311,-0.231,-0.252,-0.676,-0.25,-0.273,-0.721,0.211,0.365,0.359,0.263,0.417,0.411,-0.02,-0.023,-0.044,0.422,0.835,0.611,0.483,0.853,0.643,0.439,0.858,0.638,0.5,0.873,0.668,0.062,0.061,0.052,-3.025,-5.336,0.432,-0.92,0.535,0.083,-2.966,-5.233,0.413,-0.933,0.518,0.07,1.579,-3.36,1.54,-3.477,2.391,2.394,3.167,0.494,3.128,0.422,3.874,3.879,-2.298,-4.609,1.159,-0.193,1.262,0.81,0.59,-0.64,0.74,0.364,2.198,-2.383,3.412,3.488,4.465,2.195,5.529,5.651,1.182,-0.165,1.286,0.838,0.629,-0.601,0.779,0.403,3.484,3.556,5.645,5.762,0.222,0.225,0.033,0.108,0.027,0.1,-0.178,19.509,-0.179,19.645,0.433,-98.504,0.586,-182.557,-0.002,0.137,0.567,-118.012,0.691,-202.065,0.568,-118.149,0.692,-202.202,0.205,-84.053,0.434,0.12,0.079,0.436,0.12,0.079,-2.184,-2.191,-0.399,-4.048,-4.06,-1.119,0.002,0.001,0.001,-1.827,-2.625,-0.477,-3.128,-4.494,-1.239,-1.829,-2.62,-0.478,-3.13,-4.484,-1.24,-1.301,-1.864,-1.869,-0.236,-0.255,-0.658,-0.239,-0.258,-0.665,0.21,0.357,0.356,0.257,0.404,0.403,-0.003,-0.003,-0.007,0.425,0.822,0.61,0.481,0.839,0.639,0.428,0.825,0.614,0.483,0.842,0.643,0.055,0.055,0.047,-2.93,-4.799,0.422,-0.817,0.516,0.038,-2.921,-4.785,0.419,-0.819,0.513,0.036,1.528,-2.956,1.522,-2.973,2.342,2.343,2.829,0.209,2.823,0.198,3.549,3.55,-2.195,-4.065,1.157,-0.083,1.251,0.773,0.601,-0.518,0.736,0.337,2.18,-1.88,3.355,3.435,4.044,1.853,5.085,5.205,1.16,-0.078,1.254,0.777,0.607,-0.512,0.742,0.343,3.366,3.445,5.101,5.221,0.214,0.214,0.015,0.095,0.014,0.093
2018-06-20,CTD11,4169609,700351,0.006560506,0.0093809925,0.015657254,0.004167024,0.004409702,0.0009693691,0.00094008195,0.00036448776,0.0066048754,0.00910733,0.015781457,0.0044481186,0.0036371688,0.0011025484,0.8125475,-2.878e-42,0.283,-0.177,45.829,-0.409,88.559,0.223,-87.552,0.196,-74.345,-0.251,42.73,0.385,-133.381,0.36,-120.174,0.58,-176.111,0.561,-162.905,-0.028,13.207,0.718,0.191,0.202,0.831,0.369,0.391,-0.821,-1.371,-0.386,-0.697,-1.164,-0.31,0.28,0.178,0.188,-0.875,-2.088,-0.588,-0.788,-1.882,-0.501,-1.155,-1.652,-0.777,-1.069,-1.528,-0.679,0.087,0.124,0.207,-0.142,-0.141,-0.329,-0.671,-0.66,-1.061,0.096,0.174,0.119,0.086,0.159,0.108,-0.585,-0.572,-0.732,0.235,0.475,0.26,0.224,0.463,0.251,0.721,1.047,0.833,0.706,1.048,0.83,-0.015,-0.011,-0.01,-3.058,-2.851,0.433,-0.246,0.418,-0.359,-1.832,-1.708,-0.025,-0.526,-0.051,-0.639,0.975,-0.553,-0.095,-1.976,1.104,1.293,0.889,-0.764,-0.181,-2.27,1.044,1.222,-2.327,-2.121,1.164,0.485,1.148,0.372,-0.036,-0.346,-0.073,-0.459,-0.135,-1.299,1.579,1.97,-0.259,-1.63,1.492,1.861,1.942,1.442,1.917,1.328,1.034,0.724,0.997,0.611,3.085,3.287,2.915,3.106,0.165,0.354,-0.228,0.163,-0.406,-0.204,-0.159,41.602,-0.41,88.038,0.195,-73.411,0.29,-123.536,-0.268,46.436,0.344,-115.012,0.429,-165.137,0.56,-161.449,0.625,-211.574,0.1,-50.125,0.657,0.185,0.151,0.802,0.392,0.32,-0.669,-1.159,-0.267,-1.125,-1.95,-0.55,0.307,0.207,0.169,-0.76,-1.815,-0.418,-1.091,-2.606,-0.735,-1.066,-1.47,-0.587,-1.397,-1.927,-0.941,-0.331,-0.457,-0.791,-0.124,-0.129,-0.31,-0.677,-0.72,-1.135,0.087,0.169,0.111,0.119,0.219,0.147,-0.604,-0.652,-0.825,0.208,0.455,0.24,0.244,0.495,0.27,0.721,1.107,0.889,0.773,1.099,0.896,0.052,0.036,0.033,-2.823,-3.614,0.443,-0.498,0.495,-0.092,-1.629,-2.085,-0.07,-0.804,0.019,-0.399,0.908,-1.019,-0.248,-2.854,1.086,1.254,1.239,-0.232,0.083,-1.732,1.328,1.534,-2.169,-2.96,1.097,0.156,1.148,0.561,-0.096,-0.646,0.026,-0.241,-0.342,-2.291,1.497,1.817,0.115,-1.044,1.831,2.222,1.901,1.166,1.99,1.572,1.059,0.51,1.182,0.915,2.997,3.149,3.665,3.851,0.274,0.443,-0.062,0.258,-0.269,-0.118
2018-06-20,CTD12,4173438,695414,0.01589859,0.023282042,0.027429674,0.0061256946,0.004408052,0.001071028,0.0010903281,0.0004359376,0.015921252,0.023158662,0.027455937,0.006317739,0.0043297154,0.0010857777,0.12155145,-8.000000000000001e-45,0.64,-0.188,19.947,-0.266,26.442,0.444,-100.348,0.566,-163.959,-0.082,6.495,0.583,-120.295,0.682,-183.906,0.635,-126.79,0.723,-190.401,0.163,-63.611,0.547,0.122,0.088,0.616,0.162,0.117,-2.336,-2.753,-0.442,-3.817,-4.497,-1.004,0.103,0.04,0.029,-1.913,-3.3,-0.53,-2.924,-5.044,-1.127,-2.016,-2.952,-0.559,-3.027,-4.433,-1.166,-1.011,-1.481,-1.745,-0.22,-0.232,-0.701,-0.392,-0.416,-1.095,0.193,0.353,0.307,0.227,0.391,0.342,-0.188,-0.204,-0.394,0.396,0.845,0.539,0.436,0.857,0.562,0.544,1.049,0.769,0.588,1.045,0.783,0.044,0.04,0.034,-3.795,-5.54,0.46,-0.707,0.522,-0.037,-3.221,-4.702,0.317,-0.81,0.39,-0.14,1.747,-2.686,1.417,-3.627,2.406,2.435,2.758,-0.194,2.429,-0.871,3.344,3.383,-3.013,-4.758,1.241,0.075,1.304,0.745,0.463,-0.541,0.572,0.129,2.075,-2.422,3.523,3.64,3.556,0.804,4.896,5.058,1.462,0.336,1.536,1.006,0.793,-0.212,0.901,0.459,4.201,4.288,5.837,5.96,0.196,0.225,-0.014,0.102,-0.054,0.034,-0.185,19.629,-0.266,26.387,0.432,-95.475,0.572,-168.153,-0.085,6.758,0.571,-115.104,0.685,-187.782,0.626,-121.862,0.728,-194.54,0.187,-72.678,0.539,0.124,0.085,0.611,0.167,0.114,-2.211,-2.621,-0.413,-3.894,-4.617,-1.062,0.108,0.043,0.029,-1.833,-3.16,-0.498,-2.99,-5.156,-1.186,-1.94,-2.822,-0.528,-3.097,-4.505,-1.229,-1.157,-1.683,-1.995,-0.214,-0.228,-0.68,-0.391,-0.42,-1.083,0.19,0.349,0.302,0.229,0.393,0.343,-0.193,-0.212,-0.404,0.388,0.832,0.53,0.434,0.847,0.558,0.541,1.044,0.769,0.592,1.04,0.785,0.051,0.046,0.039,-3.658,-5.654,0.457,-0.772,0.53,0.002,-3.086,-4.769,0.307,-0.879,0.393,-0.105,1.677,-2.829,1.335,-3.821,2.333,2.362,2.834,0.012,2.492,-0.669,3.404,3.447,-2.891,-4.887,1.224,-0.005,1.297,0.769,0.447,-0.616,0.572,0.158,1.941,-2.676,3.394,3.508,3.624,1.003,4.952,5.119,1.452,0.265,1.538,1.039,0.789,-0.274,0.914,0.5,4.074,4.159,5.944,6.068,0.21,0.239,0.001,0.115,-0.042,0.043
2018-07-10,CTD1,4187246,695025,0.012174109,0.017367652,0.025405975,0.009334594,0.006730759,0.0017066838,0.0017260752,0.0007001773,0.012107069,0.017273078,0.02535557,0.009388873,0.00651819,0.0017426161,0.17059726,-8.000000000000001e-45,0.344,-0.176,24.563,-0.352,42.781,0.132,-24.987,0.288,-66.43,-0.188,18.217,0.301,-49.55,0.441,-90.993,0.463,-67.768,0.581,-109.211,0.162,-41.443,0.624,0.229,0.165,0.743,0.399,0.288,-0.434,-0.635,-0.168,-1.154,-1.688,-0.62,0.222,0.17,0.123,-0.603,-1.259,-0.334,-1.108,-2.312,-0.849,-0.825,-1.177,-0.456,-1.33,-1.897,-1.019,-0.505,-0.72,-1.053,-0.149,-0.162,-0.323,-0.496,-0.549,-0.824,0.066,0.118,0.088,0.127,0.204,0.157,-0.374,-0.425,-0.5,0.214,0.425,0.25,0.283,0.495,0.306,0.544,0.85,0.667,0.632,0.868,0.699,0.088,0.069,0.061,-2.021,-3.074,0.334,-0.686,0.436,-0.02,-1.381,-2.101,-0.058,-0.908,0.092,-0.242,0.621,-1.276,-0.159,-2.47,0.917,1.039,1.125,-0.052,0.346,-0.913,1.271,1.441,-1.295,-2.348,1.059,0.04,1.162,0.706,-0.083,-0.703,0.131,-0.037,-0.226,-1.914,1.308,1.596,0.493,-0.141,1.814,2.213,1.549,0.7,1.699,1.366,0.696,0.076,0.91,0.742,2.169,2.334,3.008,3.237,0.379,0.502,-0.015,0.273,-0.185,-0.02,-0.176,24.703,-0.354,43.157,0.126,-23.913,0.3,-70.82,-0.19,18.454,0.296,-48.615,0.452,-95.523,0.46,-67.07,0.591,-113.978,0.18,-46.908,0.626,0.232,0.161,0.745,0.405,0.281,-0.413,-0.606,-0.156,-1.223,-1.796,-0.665,0.223,0.173,0.12,-0.589,-1.233,-0.317,-1.157,-2.422,-0.897,-0.812,-1.159,-0.437,-1.38,-1.969,-1.07,-0.568,-0.81,-1.189,-0.149,-0.162,-0.325,-0.497,-0.557,-0.833,0.064,0.114,0.085,0.131,0.21,0.161,-0.376,-0.434,-0.508,0.21,0.423,0.247,0.287,0.5,0.31,0.543,0.857,0.671,0.641,0.876,0.707,0.098,0.077,0.067,-2.0,-3.189,0.331,-0.739,0.444,0.007,-1.362,-2.172,-0.066,-0.963,0.1,-0.217,0.608,-1.36,-0.178,-2.6,0.912,1.032,1.176,0.018,0.39,-0.843,1.314,1.487,-1.274,-2.463,1.056,-0.014,1.17,0.732,-0.094,-0.759,0.143,-0.013,-0.255,-2.05,1.301,1.583,0.556,-0.051,1.874,2.28,1.551,0.654,1.717,1.4,0.692,0.028,0.93,0.774,2.162,2.323,3.114,3.346,0.398,0.518,0.005,0.286,-0.168,-0.007
2018-07-10,CTD2,4181518,693105,0.022066625,0.031189024,0.032509375,0.008742398,0.0051060133,0.0013778482,0.0014221406,0.00057856174,0.022180386,0.031186441,0.032714322,0.008907895,0.0055603744,0.0012690331,0.0007386568,-8.000000000000001e-45,0.231,-0.171,13.255,-0.191,14.557,0.432,-69.068,0.624,-150.53,-0.021,1.302,0.562,-82.323,0.719,-163.785,0.576,-83.625,0.729,-165.087,0.263,-81.462,0.431,0.116,0.068,0.454,0.127,0.074,-2.154,-2.245,-0.353,-4.695,-4.894,-1.316,0.029,0.011,0.007,-1.817,-2.676,-0.42,-3.614,-5.325,-1.432,-1.845,-2.608,-0.427,-3.643,-5.149,-1.443,-1.798,-2.541,-2.648,-0.221,-0.243,-0.659,-0.262,-0.288,-0.754,0.209,0.367,0.354,0.266,0.425,0.411,-0.043,-0.049,-0.095,0.411,0.826,0.597,0.478,0.847,0.632,0.446,0.875,0.655,0.515,0.889,0.686,0.068,0.067,0.057,-3.011,-5.659,0.439,-1.005,0.55,0.123,-2.889,-5.43,0.398,-1.033,0.515,0.095,1.565,-3.584,1.482,-3.843,2.36,2.367,3.362,0.754,3.279,0.603,4.041,4.053,-2.305,-4.953,1.144,-0.299,1.256,0.829,0.563,-0.753,0.728,0.375,2.094,-2.799,3.336,3.41,4.635,2.39,5.712,5.839,1.193,-0.239,1.31,0.889,0.646,-0.67,0.811,0.458,3.487,3.555,5.971,6.087,0.232,0.239,0.049,0.123,0.038,0.105,-0.169,13.02,-0.192,14.517,0.427,-67.175,0.599,-134.759,-0.024,1.498,0.556,-80.195,0.697,-147.779,0.572,-81.692,0.709,-149.276,0.231,-67.584,0.426,0.116,0.072,0.453,0.129,0.081,-2.095,-2.198,-0.374,-4.203,-4.409,-1.2,0.033,0.013,0.008,-1.779,-2.624,-0.446,-3.278,-4.834,-1.316,-1.812,-2.548,-0.454,-3.311,-4.655,-1.33,-1.499,-2.108,-2.211,-0.216,-0.235,-0.622,-0.263,-0.287,-0.728,0.208,0.361,0.347,0.26,0.415,0.399,-0.049,-0.055,-0.106,0.406,0.803,0.582,0.467,0.824,0.616,0.446,0.858,0.648,0.509,0.873,0.677,0.063,0.061,0.052,-2.961,-5.172,0.439,-0.891,0.541,0.087,-2.823,-4.931,0.392,-0.924,0.5,0.054,1.537,-3.119,1.441,-3.394,2.312,2.32,3.036,0.488,2.94,0.317,3.703,3.717,-2.266,-4.477,1.134,-0.196,1.236,0.782,0.552,-0.649,0.703,0.329,2.026,-2.382,3.25,3.331,4.134,1.936,5.207,5.336,1.189,-0.127,1.297,0.851,0.647,-0.553,0.798,0.425,3.422,3.494,5.482,5.598,0.223,0.232,0.035,0.116,0.022,0.094
2018-07-10,CTD3,4181698,695238,0.019223686,0.026813665,0.029362172,0.008856955,0.0061953953,0.0016457583,0.0015924625,0.00065874634,0.019216048,0.026987035,0.02906322,0.008928243,0.006246067,0.0015781724,0.0010099442,-8.000000000000001e-45,0.332,-0.165,14.725,-0.209,17.962,0.369,-60.886,0.513,-109.391,-0.045,3.237,0.503,-75.611,0.625,-124.116,0.537,-78.848,0.652,-127.353,0.177,-48.505,0.432,0.13,0.091,0.482,0.159,0.111,-1.633,-1.788,-0.377,-2.933,-3.212,-0.969,0.062,0.029,0.02,-1.454,-2.22,-0.468,-2.386,-3.644,-1.099,-1.516,-2.114,-0.488,-2.448,-3.415,-1.128,-0.932,-1.301,-1.424,-0.199,-0.213,-0.504,-0.284,-0.307,-0.674,0.185,0.314,0.292,0.232,0.365,0.341,-0.091,-0.1,-0.169,0.37,0.706,0.505,0.424,0.734,0.539,0.445,0.807,0.621,0.503,0.825,0.649,0.058,0.055,0.047,-2.598,-4.022,0.415,-0.713,0.506,0.017,-2.373,-3.673,0.324,-0.775,0.424,-0.045,1.257,-2.158,1.075,-2.569,1.939,1.959,2.19,0.075,2.008,-0.212,2.773,2.801,-1.92,-3.345,1.093,-0.035,1.184,0.695,0.452,-0.516,0.591,0.214,1.5,-1.712,2.705,2.816,2.801,1.013,3.867,4.026,1.197,0.098,1.296,0.828,0.634,-0.335,0.773,0.396,2.993,3.084,4.279,4.409,0.23,0.25,0.008,0.119,-0.021,0.071,-0.168,14.985,-0.204,17.632,0.366,-59.964,0.509,-108.061,-0.037,2.647,0.503,-74.949,0.624,-123.046,0.53,-77.596,0.646,-125.693,0.177,-48.097,0.436,0.134,0.094,0.476,0.157,0.11,-1.618,-1.743,-0.375,-2.916,-3.141,-0.965,0.051,0.024,0.017,-1.44,-2.178,-0.468,-2.364,-3.576,-1.099,-1.491,-2.094,-0.485,-2.415,-3.392,-1.122,-0.924,-1.298,-1.398,-0.205,-0.22,-0.512,-0.274,-0.296,-0.649,0.184,0.31,0.291,0.231,0.361,0.341,-0.074,-0.082,-0.137,0.374,0.709,0.511,0.43,0.737,0.546,0.436,0.791,0.606,0.494,0.811,0.635,0.058,0.056,0.048,-2.543,-3.941,0.405,-0.717,0.497,0.012,-2.361,-3.659,0.33,-0.768,0.43,-0.038,1.224,-2.168,1.075,-2.501,1.921,1.937,2.148,0.054,2.0,-0.179,2.746,2.769,-1.851,-3.249,1.097,-0.025,1.189,0.705,0.464,-0.501,0.604,0.229,1.51,-1.63,2.698,2.808,2.808,1.065,3.856,4.013,1.182,0.083,1.281,0.813,0.612,-0.352,0.752,0.377,2.93,3.024,4.188,4.322,0.233,0.25,0.006,0.116,-0.018,0.076
2018-07-10,CTD4,4180266,698264,0.015996493,0.021917706,0.027108878,0.009440166,0.0061290497,0.0017132777,0.0017097403,0.00070113695,0.015897324,0.022055892,0.026970616,0.009379774,0.006483622,0.0016196595,0.00015437028,-8.000000000000001e-45,0.643,-0.156,16.888,-0.258,25.625,0.258,-43.417,0.446,-100.644,-0.106,8.737,0.398,-60.305,0.563,-117.532,0.483,-69.042,0.631,-126.269,0.213,-57.227,0.458,0.159,0.104,0.562,0.242,0.157,-0.952,-1.177,-0.266,-2.206,-2.728,-0.95,0.14,0.082,0.054,-0.965,-1.635,-0.37,-1.88,-3.186,-1.11,-1.104,-1.513,-0.423,-2.02,-2.768,-1.192,-0.915,-1.254,-1.551,-0.162,-0.178,-0.38,-0.354,-0.396,-0.714,0.134,0.234,0.197,0.201,0.315,0.27,-0.204,-0.235,-0.333,0.289,0.564,0.375,0.366,0.621,0.432,0.466,0.799,0.63,0.553,0.825,0.669,0.087,0.077,0.068,-2.142,-3.693,0.382,-0.81,0.504,0.081,-1.732,-2.986,0.159,-0.95,0.31,-0.059,0.886,-1.882,0.458,-2.729,1.415,1.468,1.801,0.288,1.373,-0.262,2.179,2.262,-1.501,-3.053,1.022,-0.17,1.144,0.721,0.218,-0.732,0.425,0.159,0.627,-2.101,1.939,2.096,1.881,0.704,2.986,3.228,1.264,0.154,1.415,1.045,0.647,-0.303,0.854,0.588,2.489,2.592,3.833,3.992,0.311,0.364,0.048,0.205,-0.035,0.069,-0.162,17.564,-0.258,25.826,0.258,-43.709,0.421,-91.331,-0.1,8.262,0.403,-61.273,0.546,-108.895,0.484,-69.535,0.612,-117.157,0.183,-47.622,0.474,0.165,0.114,0.57,0.242,0.167,-0.964,-1.179,-0.283,-2.014,-2.463,-0.857,0.131,0.077,0.054,-0.974,-1.653,-0.397,-1.731,-2.937,-1.021,-1.105,-1.534,-0.451,-1.862,-2.584,-1.099,-0.757,-1.05,-1.284,-0.169,-0.184,-0.388,-0.352,-0.388,-0.698,0.133,0.228,0.195,0.192,0.299,0.259,-0.194,-0.22,-0.31,0.296,0.566,0.379,0.363,0.616,0.428,0.463,0.786,0.616,0.54,0.81,0.652,0.076,0.068,0.059,-2.155,-3.439,0.373,-0.726,0.48,0.03,-1.762,-2.812,0.164,-0.857,0.295,-0.102,0.877,-1.707,0.472,-2.465,1.401,1.454,1.634,0.1,1.229,-0.423,2.027,2.104,-1.488,-2.772,1.04,-0.059,1.147,0.696,0.228,-0.629,0.41,0.127,0.655,-1.808,1.944,2.111,1.705,0.526,2.812,3.054,1.271,0.25,1.403,1.005,0.633,-0.224,0.815,0.532,2.468,2.581,3.57,3.735,0.296,0.35,0.017,0.185,-0.06,0.054
2018-07-10,CTD6,4176009,695829,0.014051518,0.02011384,0.022714514,0.0059107407,0.0038564147,0.0010253142,0.0010401977,0.00042555705,0.01397485,0.020139767,0.0227062,0.006004257,0.0040669963,0.0010022806,0.03454895,-8.000000000000001e-45,0.967,-0.177,21.45,-0.236,27.142,0.408,-98.017,0.569,-188.142,-0.061,5.692,0.546,-119.467,0.678,-209.591,0.587,-125.159,0.71,-215.283,0.21,-90.125,0.487,0.127,0.083,0.546,0.16,0.105,-1.971,-2.226,-0.378,-3.784,-4.274,-1.112,0.08,0.034,0.022,-1.679,-2.714,-0.461,-2.945,-4.761,-1.239,-1.759,-2.517,-0.483,-3.025,-4.33,-1.272,-1.266,-1.813,-2.047,-0.212,-0.228,-0.621,-0.333,-0.361,-0.887,0.19,0.34,0.306,0.238,0.392,0.356,-0.13,-0.145,-0.266,0.386,0.793,0.535,0.442,0.814,0.568,0.492,0.938,0.701,0.552,0.945,0.725,0.06,0.056,0.048,-3.144,-5.191,0.438,-0.834,0.529,0.046,-2.784,-4.597,0.325,-0.914,0.427,-0.034,1.492,-2.838,1.248,-3.513,2.186,2.208,2.758,0.241,2.514,-0.199,3.35,3.383,-2.411,-4.459,1.171,-0.101,1.262,0.779,0.465,-0.647,0.611,0.233,1.786,-2.487,3.128,3.233,3.599,1.373,4.795,4.955,1.323,0.084,1.425,0.964,0.709,-0.403,0.855,0.477,3.568,3.651,5.469,5.596,0.229,0.251,0.019,0.124,-0.014,0.068,-0.181,21.904,-0.238,27.516,0.399,-94.991,0.549,-174.325,-0.06,5.612,0.541,-116.895,0.664,-196.229,0.582,-122.508,0.696,-201.841,0.192,-79.333,0.497,0.132,0.089,0.554,0.165,0.112,-1.913,-2.157,-0.386,-3.511,-3.958,-1.047,0.078,0.034,0.023,-1.634,-2.654,-0.475,-2.742,-4.456,-1.178,-1.712,-2.467,-0.498,-2.821,-4.065,-1.212,-1.109,-1.598,-1.801,-0.215,-0.23,-0.612,-0.334,-0.361,-0.867,0.186,0.329,0.298,0.231,0.379,0.345,-0.128,-0.142,-0.255,0.385,0.783,0.528,0.438,0.804,0.56,0.49,0.926,0.69,0.546,0.933,0.713,0.057,0.053,0.045,-3.088,-4.889,0.429,-0.782,0.515,0.017,-2.739,-4.337,0.317,-0.861,0.414,-0.062,1.441,-2.625,1.2,-3.256,2.126,2.148,2.549,0.082,2.309,-0.346,3.138,3.172,-2.341,-4.142,1.177,-0.035,1.262,0.764,0.457,-0.589,0.596,0.21,1.729,-2.229,3.063,3.175,3.327,1.17,4.522,4.688,1.327,0.148,1.423,0.947,0.698,-0.349,0.836,0.45,3.491,3.58,5.153,5.285,0.228,0.251,0.007,0.119,-0.027,0.062
2018-07-10,CTD7,4176724,690397,0.020267187,0.026276998,0.030854756,0.0126168225,0.007849947,0.0023210973,0.0022332934,0.00093080004,0.020021442,0.026575264,0.030564327,0.012528718,0.008495998,0.0021003485,0.00035947887,-8.000000000000001e-45,0.298,-0.129,11.285,-0.207,16.931,0.233,-29.918,0.442,-78.049,-0.08,5.646,0.351,-41.203,0.54,-89.333,0.42,-46.849,0.594,-94.979,0.233,-48.13,0.348,0.142,0.089,0.445,0.214,0.133,-0.786,-0.923,-0.235,-2.051,-2.408,-0.985,0.114,0.071,0.044,-0.835,-1.271,-0.323,-1.811,-2.756,-1.127,-0.95,-1.231,-0.368,-1.925,-2.496,-1.198,-0.975,-1.265,-1.485,-0.138,-0.155,-0.294,-0.272,-0.31,-0.517,0.134,0.224,0.198,0.217,0.319,0.286,-0.139,-0.163,-0.224,0.267,0.486,0.353,0.36,0.56,0.424,0.392,0.649,0.534,0.494,0.7,0.591,0.102,0.093,0.083,-1.674,-3.159,0.362,-0.836,0.517,0.149,-1.426,-2.691,0.177,-0.95,0.358,0.035,0.755,-1.741,0.432,-2.324,1.308,1.352,1.73,0.499,1.408,0.136,2.102,2.173,-1.149,-2.634,0.888,-0.311,1.042,0.674,0.229,-0.756,0.464,0.229,0.56,-1.848,1.695,1.828,1.825,0.902,2.725,2.939,1.042,-0.085,1.224,0.9,0.552,-0.433,0.787,0.552,2.058,2.147,3.308,3.45,0.324,0.368,0.093,0.226,0.022,0.11,-0.141,12.317,-0.208,17.229,0.23,-29.87,0.404,-67.756,-0.07,4.911,0.359,-42.188,0.516,-80.073,0.419,-47.099,0.565,-84.985,0.192,-37.886,0.376,0.154,0.105,0.458,0.216,0.146,-0.794,-0.913,-0.254,-1.801,-2.071,-0.849,0.098,0.062,0.042,-0.845,-1.289,-0.358,-1.603,-2.447,-1.003,-0.943,-1.252,-0.4,-1.702,-2.258,-1.065,-0.759,-1.007,-1.158,-0.152,-0.168,-0.312,-0.27,-0.301,-0.501,0.131,0.214,0.192,0.202,0.295,0.267,-0.123,-0.14,-0.19,0.278,0.493,0.36,0.357,0.555,0.42,0.387,0.632,0.514,0.474,0.678,0.564,0.087,0.08,0.071,-1.686,-2.844,0.343,-0.721,0.475,0.075,-1.466,-2.473,0.184,-0.82,0.335,-0.023,0.729,-1.53,0.448,-1.999,1.278,1.32,1.487,0.235,1.206,-0.083,1.885,1.947,-1.112,-2.27,0.917,-0.147,1.049,0.649,0.244,-0.605,0.445,0.191,0.595,-1.476,1.697,1.843,1.601,0.688,2.502,2.718,1.055,0.052,1.207,0.848,0.524,-0.325,0.726,0.472,2.015,2.12,2.972,3.126,0.306,0.348,0.047,0.193,-0.014,0.09
2018-07-10,CTD8,4174178,693048,0.01681284,0.02544376,0.032551214,0.012084761,0.0071134972,0.0019760975,0.0020038085,0.00083049346,0.016769173,0.025713159,0.03237151,0.01217747,0.007901899,0.001798429,0.0002264347,-8.000000000000001e-45,0.737,-0.204,20.176,-0.319,28.758,0.164,-23.27,0.405,-81.099,-0.123,8.582,0.356,-43.446,0.563,-101.275,0.459,-52.028,0.641,-109.857,0.259,-57.829,0.657,0.244,0.144,0.732,0.348,0.205,-0.592,-0.757,-0.166,-2.063,-2.64,-0.98,0.144,0.104,0.061,-0.73,-1.414,-0.309,-1.703,-3.297,-1.224,-0.875,-1.324,-0.37,-1.847,-2.795,-1.328,-0.972,-1.471,-1.882,-0.193,-0.218,-0.45,-0.419,-0.483,-0.82,0.082,0.145,0.119,0.167,0.258,0.217,-0.246,-0.297,-0.37,0.271,0.558,0.337,0.371,0.634,0.411,0.484,0.855,0.629,0.602,0.88,0.678,0.118,0.101,0.086,-2.033,-3.915,0.29,-1.038,0.442,0.072,-1.589,-3.06,0.042,-1.182,0.237,-0.072,0.61,-2.186,0.112,-3.185,1.112,1.173,1.582,0.258,1.084,-0.33,1.889,1.992,-1.18,-3.063,1.142,-0.185,1.295,0.925,0.063,-0.917,0.359,0.193,0.169,-2.471,1.682,1.887,1.641,0.883,2.858,3.206,1.461,0.237,1.657,1.347,0.561,-0.42,0.856,0.691,2.27,2.414,3.857,4.101,0.439,0.5,0.052,0.256,-0.052,0.092,-0.211,20.743,-0.318,28.742,0.159,-22.486,0.359,-66.919,-0.115,7.999,0.357,-43.228,0.53,-87.661,0.453,-51.228,0.608,-95.66,0.213,-44.433,0.671,0.253,0.164,0.739,0.35,0.227,-0.578,-0.728,-0.178,-1.721,-2.166,-0.815,0.134,0.097,0.063,-0.725,-1.399,-0.342,-1.47,-2.838,-1.067,-0.859,-1.317,-0.405,-1.604,-2.46,-1.165,-0.745,-1.143,-1.438,-0.201,-0.222,-0.445,-0.412,-0.464,-0.777,0.079,0.137,0.114,0.153,0.234,0.199,-0.23,-0.27,-0.332,0.275,0.549,0.336,0.362,0.615,0.4,0.475,0.819,0.601,0.576,0.845,0.646,0.101,0.087,0.074,-2.006,-3.445,0.276,-0.889,0.408,0.003,-1.594,-2.736,0.044,-1.023,0.211,-0.131,0.583,-1.877,0.118,-2.72,1.07,1.133,1.328,0.011,0.863,-0.536,1.649,1.746,-1.125,-2.563,1.157,-0.008,1.289,0.884,0.068,-0.747,0.323,0.145,0.181,-1.985,1.64,1.867,1.324,0.596,2.528,2.878,1.457,0.389,1.623,1.282,0.533,-0.282,0.788,0.61,2.187,2.351,3.37,3.623,0.419,0.482,0.002,0.229,-0.095,0.069
2018-07-10,CTD10,4170388,695646,0.014056312,0.019426271,0.024479587,0.00998336,0.006955597,0.0019950473,0.0019425988,0.0007896668,0.014015112,0.01947523,0.024103815,0.010056968,0.007329936,0.0018644715,0.060702875,-8.000000000000001e-45,0.595,-0.16,19.666,-0.27,30.292,0.169,-29.024,0.338,-72.627,-0.115,10.626,0.321,-48.69,0.473,-92.292,0.421,-59.316,0.557,-102.919,0.179,-43.602,0.481,0.196,0.137,0.588,0.302,0.211,-0.564,-0.711,-0.202,-1.411,-1.778,-0.725,0.149,0.106,0.074,-0.684,-1.192,-0.339,-1.297,-2.259,-0.921,-0.834,-1.152,-0.413,-1.447,-1.999,-1.027,-0.613,-0.847,-1.067,-0.156,-0.171,-0.317,-0.354,-0.395,-0.615,0.093,0.154,0.13,0.162,0.241,0.206,-0.21,-0.24,-0.298,0.245,0.449,0.3,0.324,0.519,0.362,0.433,0.69,0.549,0.523,0.729,0.596,0.09,0.079,0.069,-1.728,-2.796,0.316,-0.712,0.439,0.027,-1.372,-2.219,0.06,-0.861,0.216,-0.123,0.614,-1.385,0.148,-2.111,1.05,1.124,1.227,0.075,0.761,-0.431,1.507,1.613,-1.07,-2.137,0.974,-0.053,1.098,0.685,0.083,-0.642,0.299,0.097,0.204,-1.574,1.451,1.662,1.051,0.341,2.083,2.385,1.228,0.306,1.383,1.045,0.55,-0.175,0.765,0.563,1.957,2.094,2.809,3.005,0.352,0.426,0.019,0.23,-0.087,0.05,-0.163,20.004,-0.265,29.864,0.164,-28.082,0.313,-65.075,-0.106,9.86,0.319,-48.086,0.453,-85.08,0.411,-57.946,0.534,-94.94,0.157,-36.993,0.482,0.201,0.147,0.582,0.3,0.219,-0.547,-0.677,-0.206,-1.267,-1.569,-0.654,0.138,0.099,0.072,-0.674,-1.159,-0.352,-1.192,-2.051,-0.856,-0.812,-1.129,-0.425,-1.331,-1.849,-0.955,-0.518,-0.72,-0.892,-0.16,-0.174,-0.314,-0.342,-0.376,-0.58,0.091,0.148,0.126,0.153,0.226,0.196,-0.192,-0.217,-0.266,0.247,0.441,0.3,0.319,0.505,0.356,0.419,0.658,0.524,0.501,0.697,0.568,0.081,0.072,0.063,-1.677,-2.569,0.302,-0.652,0.416,-0.009,-1.355,-2.075,0.065,-0.791,0.205,-0.147,0.586,-1.263,0.156,-1.895,1.017,1.089,1.104,-0.024,0.674,-0.485,1.396,1.495,-1.007,-1.899,0.972,0.018,1.085,0.661,0.09,-0.564,0.285,0.079,0.217,-1.352,1.413,1.632,0.937,0.26,1.939,2.24,1.203,0.348,1.343,0.991,0.52,-0.134,0.715,0.509,1.874,2.02,2.571,2.772,0.341,0.413,-0.007,0.212,-0.106,0.041
2018-07-10,CTD11,4169609,700351,0.010995817,0.015047735,0.020520989,0.0074680815,0.0056743715,0.0015518613,0.0015114114,0.0006177688,0.0109896595,0.0149884345,0.020430027,0.0075022886,0.0056392257,0.0015388678,0.19137157,-8.000000000000001e-45,0.602,-0.156,24.488,-0.302,42.213,0.191,-42.96,0.319,-85.287,-0.154,17.725,0.337,-67.448,0.452,-109.776,0.466,-85.173,0.567,-127.5,0.136,-42.328,0.503,0.183,0.139,0.635,0.315,0.24,-0.646,-0.882,-0.244,-1.283,-1.75,-0.637,0.195,0.132,0.101,-0.742,-1.384,-0.383,-1.207,-2.253,-0.82,-0.937,-1.282,-0.483,-1.402,-1.919,-0.952,-0.465,-0.637,-0.869,-0.145,-0.155,-0.308,-0.423,-0.46,-0.725,0.099,0.17,0.135,0.15,0.236,0.19,-0.296,-0.328,-0.416,0.24,0.455,0.289,0.297,0.508,0.335,0.501,0.783,0.63,0.57,0.804,0.659,0.069,0.057,0.05,-2.017,-2.886,0.367,-0.585,0.454,-0.029,-1.479,-2.116,0.04,-0.78,0.159,-0.224,0.739,-1.18,0.109,-2.144,1.095,1.196,1.205,-0.077,0.574,-0.81,1.442,1.574,-1.379,-2.248,1.005,0.052,1.092,0.609,0.054,-0.583,0.217,-0.027,0.149,-1.601,1.499,1.738,0.786,-0.096,1.973,2.288,1.37,0.55,1.489,1.106,0.685,0.048,0.848,0.604,2.232,2.371,2.937,3.12,0.302,0.403,-0.02,0.22,-0.152,-0.013,-0.154,24.277,-0.3,42.047,0.189,-42.298,0.322,-86.335,-0.154,17.771,0.333,-66.575,0.453,-110.611,0.463,-84.345,0.567,-128.382,0.142,-44.037,0.496,0.182,0.137,0.63,0.315,0.237,-0.634,-0.864,-0.239,-1.294,-1.764,-0.648,0.195,0.133,0.1,-0.732,-1.36,-0.375,-1.216,-2.26,-0.83,-0.927,-1.264,-0.476,-1.411,-1.924,-0.963,-0.484,-0.66,-0.9,-0.143,-0.153,-0.304,-0.42,-0.458,-0.718,0.098,0.169,0.134,0.151,0.238,0.192,-0.294,-0.327,-0.414,0.238,0.45,0.287,0.298,0.506,0.335,0.498,0.777,0.627,0.569,0.8,0.658,0.072,0.059,0.053,-1.99,-2.89,0.366,-0.597,0.457,-0.018,-1.46,-2.12,0.037,-0.792,0.162,-0.214,0.731,-1.193,0.102,-2.158,1.089,1.189,1.215,-0.049,0.586,-0.774,1.448,1.582,-1.359,-2.259,0.997,0.033,1.088,0.612,0.051,-0.597,0.221,-0.018,0.139,-1.625,1.485,1.722,0.799,-0.065,1.975,2.291,1.358,0.529,1.483,1.107,0.68,0.033,0.85,0.611,2.21,2.347,2.94,3.122,0.306,0.407,-0.013,0.225,-0.146,-0.009
2018-07-10,CTD12,4173438,695414,0.014514374,0.021436604,0.027528394,0.006848588,0.0046440326,0.0011667737,0.0012095908,0.0004808821,0.014519504,0.021294182,0.027651964,0.007041281,0.0047368803,0.0011599433,0.045048784,-8.000000000000001e-45,0.907,-0.193,22.248,-0.31,32.571,0.359,-77.118,0.515,-146.433,-0.124,10.323,0.516,-99.366,0.644,-168.681,0.602,-109.689,0.711,-179.004,0.192,-69.315,0.612,0.152,0.103,0.698,0.223,0.151,-1.653,-2.123,-0.358,-3.139,-4.031,-1.003,0.15,0.071,0.048,-1.442,-2.735,-0.461,-2.448,-4.644,-1.155,-1.592,-2.351,-0.509,-2.598,-3.837,-1.226,-1.006,-1.486,-1.908,-0.201,-0.215,-0.602,-0.46,-0.499,-1.132,0.157,0.294,0.238,0.202,0.349,0.287,-0.285,-0.318,-0.53,0.347,0.761,0.453,0.399,0.786,0.488,0.575,1.079,0.793,0.637,1.071,0.809,0.061,0.052,0.045,-3.342,-5.251,0.428,-0.798,0.508,-0.001,-2.603,-4.089,0.208,-0.947,0.311,-0.151,1.341,-2.497,0.835,-3.808,1.903,1.951,2.347,-0.005,1.841,-0.894,2.806,2.877,-2.543,-4.451,1.228,0.002,1.308,0.799,0.307,-0.696,0.459,0.101,1.233,-2.798,2.81,2.961,2.719,0.596,4.144,4.367,1.577,0.422,1.68,1.219,0.812,-0.191,0.964,0.606,3.7,3.803,5.456,5.608,0.255,0.303,-0.0,0.151,-0.071,0.032,-0.189,21.912,-0.311,32.709,0.347,-73.147,0.508,-142.237,-0.13,10.797,0.503,-95.058,0.636,-164.148,0.594,-105.856,0.707,-174.946,0.196,-69.09,0.606,0.154,0.104,0.697,0.23,0.155,-1.558,-2.023,-0.346,-3.029,-3.933,-1.002,0.157,0.076,0.051,-1.38,-2.629,-0.45,-2.383,-4.539,-1.156,-1.537,-2.254,-0.501,-2.54,-3.725,-1.232,-1.003,-1.471,-1.91,-0.195,-0.209,-0.575,-0.463,-0.504,-1.115,0.153,0.287,0.231,0.2,0.345,0.282,-0.295,-0.33,-0.54,0.338,0.74,0.44,0.393,0.768,0.477,0.575,1.07,0.792,0.64,1.063,0.809,0.064,0.055,0.047,-3.245,-5.156,0.427,-0.805,0.511,0.009,-2.499,-3.97,0.194,-0.961,0.303,-0.148,1.292,-2.433,0.763,-3.776,1.84,1.891,2.295,0.041,1.767,-0.862,2.735,2.811,-2.461,-4.371,1.212,-0.02,1.295,0.794,0.285,-0.716,0.444,0.097,1.12,-2.813,2.698,2.853,2.591,0.568,4.01,4.241,1.574,0.418,1.682,1.232,0.814,-0.188,0.972,0.626,3.601,3.705,5.353,5.507,0.263,0.314,0.004,0.159,-0.072,0.032
2018-08-29,CTD1,4187246,695025,0.007862317,0.011766494,0.018565882,0.005629321,0.0044495007,0.0010845794,0.0010988733,0.0004359376,0.007889709,0.011631705,0.018673971,0.0057959114,0.0042551057,0.0011200178,0.3023109,-8.000000000000001e-45,0.314,-0.199,42.202,-0.405,73.327,0.166,-50.452,0.277,-97.555,-0.224,31.125,0.353,-92.654,0.451,-139.757,0.535,-123.779,0.613,-170.882,0.117,-47.103,0.784,0.238,0.188,0.863,0.413,0.326,-0.594,-0.937,-0.224,-1.148,-1.811,-0.549,0.245,0.175,0.138,-0.728,-1.72,-0.412,-1.099,-2.595,-0.787,-0.973,-1.456,-0.551,-1.344,-2.011,-0.962,-0.37,-0.554,-0.875,-0.161,-0.17,-0.387,-0.615,-0.66,-1.062,0.074,0.138,0.097,0.113,0.196,0.141,-0.504,-0.552,-0.675,0.232,0.498,0.267,0.277,0.542,0.302,0.659,1.051,0.798,0.719,1.046,0.811,0.06,0.045,0.039,-2.63,-3.504,0.365,-0.597,0.429,-0.122,-1.667,-2.221,-0.055,-0.842,0.045,-0.367,0.763,-1.248,-0.181,-2.776,1.019,1.157,1.133,-0.323,0.189,-1.531,1.289,1.464,-1.801,-2.676,1.193,0.231,1.257,0.706,-0.082,-0.631,0.068,-0.157,-0.271,-2.082,1.524,1.851,0.283,-0.654,1.928,2.341,1.883,1.096,1.983,1.571,0.862,0.313,1.012,0.787,2.732,2.92,3.457,3.694,0.338,0.476,-0.088,0.239,-0.263,-0.075,-0.192,40.775,-0.406,73.197,0.153,-45.788,0.299,-108.264,-0.232,32.421,0.335,-86.563,0.464,-149.04,0.526,-118.985,0.629,-181.461,0.153,-62.476,0.761,0.236,0.174,0.851,0.424,0.311,-0.533,-0.855,-0.195,-1.259,-2.022,-0.627,0.256,0.188,0.138,-0.683,-1.616,-0.368,-1.176,-2.783,-0.864,-0.939,-1.384,-0.506,-1.432,-2.111,-1.052,-0.493,-0.727,-1.167,-0.153,-0.163,-0.372,-0.619,-0.679,-1.073,0.069,0.132,0.091,0.12,0.209,0.149,-0.515,-0.58,-0.701,0.22,0.481,0.255,0.278,0.539,0.301,0.66,1.06,0.811,0.739,1.054,0.827,0.079,0.058,0.051,-2.544,-3.71,0.368,-0.684,0.45,-0.056,-1.584,-2.311,-0.076,-0.94,0.057,-0.312,0.738,-1.372,-0.244,-3.027,0.995,1.133,1.231,-0.153,0.249,-1.368,1.356,1.544,-1.748,-2.914,1.164,0.112,1.246,0.74,-0.112,-0.739,0.084,-0.111,-0.36,-2.382,1.468,1.779,0.367,-0.488,1.999,2.423,1.869,1.005,2.001,1.633,0.871,0.243,1.066,0.871,2.683,2.856,3.654,3.89,0.369,0.507,-0.041,0.27,-0.229,-0.055
2018-08-29,CTD2,4181518,693105,0.012886053,0.018434232,0.024318982,0.0064532063,0.004635307,0.0011482765,0.0011575081,0.00045639175,0.012880124,0.018320838,0.024384165,0.006636921,0.004597962,0.0011566815,0.18334456,-8.000000000000001e-45,0.249,-0.177,23.356,-0.307,36.483,0.333,-77.358,0.471,-138.132,-0.138,13.127,0.481,-100.715,0.598,-161.489,0.581,-113.842,0.68,-174.615,0.164,-60.774,0.568,0.151,0.108,0.673,0.235,0.169,-1.426,-1.881,-0.359,-2.546,-3.359,-0.891,0.169,0.085,0.061,-1.298,-2.449,-0.467,-2.081,-3.927,-1.042,-1.467,-2.099,-0.528,-2.25,-3.219,-1.127,-0.783,-1.12,-1.478,-0.18,-0.192,-0.5,-0.459,-0.496,-1.031,0.15,0.279,0.222,0.193,0.332,0.268,-0.304,-0.336,-0.531,0.322,0.684,0.414,0.371,0.714,0.448,0.57,1.02,0.774,0.628,1.018,0.791,0.058,0.049,0.043,-3.069,-4.547,0.434,-0.693,0.508,-0.019,-2.327,-3.447,0.18,-0.862,0.278,-0.188,1.239,-1.98,0.678,-3.25,1.745,1.806,2.022,-0.077,1.461,-0.989,2.43,2.515,-2.338,-3.816,1.165,0.038,1.24,0.712,0.257,-0.634,0.398,0.04,0.969,-2.39,2.497,2.666,2.09,0.208,3.476,3.712,1.537,0.495,1.636,1.169,0.818,-0.073,0.96,0.601,3.409,3.517,4.746,4.896,0.249,0.31,-0.01,0.159,-0.094,0.014,-0.174,23.056,-0.309,36.629,0.32,-73.033,0.474,-139.849,-0.142,13.572,0.468,-96.09,0.599,-162.905,0.572,-109.662,0.683,-176.477,0.181,-66.815,0.562,0.153,0.106,0.671,0.243,0.168,-1.338,-1.781,-0.336,-2.562,-3.41,-0.928,0.175,0.09,0.062,-1.238,-2.343,-0.442,-2.098,-3.972,-1.081,-1.412,-2.009,-0.504,-2.273,-3.233,-1.171,-0.861,-1.224,-1.629,-0.175,-0.188,-0.484,-0.461,-0.502,-1.024,0.146,0.272,0.215,0.194,0.332,0.267,-0.311,-0.347,-0.54,0.314,0.668,0.403,0.368,0.703,0.442,0.569,1.015,0.774,0.634,1.014,0.793,0.065,0.055,0.048,-2.971,-4.6,0.431,-0.74,0.514,0.01,-2.232,-3.456,0.166,-0.915,0.277,-0.165,1.189,-2.044,0.61,-3.363,1.69,1.752,2.05,0.041,1.47,-0.873,2.439,2.529,-2.252,-3.881,1.15,-0.021,1.234,0.73,0.236,-0.692,0.394,0.059,0.867,-2.543,2.403,2.572,2.091,0.311,3.469,3.712,1.531,0.45,1.642,1.2,0.816,-0.112,0.974,0.638,3.317,3.423,4.788,4.941,0.264,0.327,0.005,0.174,-0.085,0.021
2018-08-29,CTD3,4181698,695238,0.009582815,0.01394826,0.017912557,0.004108097,0.0028366914,0.00069975056,0.0007084193,0.0002794973,0.009625251,0.013902695,0.0179631,0.004209379,0.0028676693,0.00071003614,0.12990673,-8.000000000000001e-45,0.337,-0.186,32.66,-0.303,48.527,0.4,-139.068,0.543,-248.17,-0.124,15.867,0.545,-171.728,0.662,-280.83,0.627,-187.595,0.727,-296.697,0.183,-109.102,0.585,0.134,0.093,0.677,0.199,0.138,-1.94,-2.491,-0.394,-3.462,-4.445,-1.02,0.152,0.065,0.045,-1.646,-3.076,-0.487,-2.691,-5.03,-1.154,-1.798,-2.617,-0.532,-2.843,-4.138,-1.219,-1.046,-1.522,-1.954,-0.198,-0.21,-0.629,-0.461,-0.496,-1.199,0.172,0.326,0.264,0.212,0.374,0.306,-0.29,-0.319,-0.571,0.358,0.792,0.474,0.404,0.812,0.505,0.587,1.112,0.822,0.641,1.101,0.835,0.054,0.046,0.04,-3.673,-5.628,0.458,-0.761,0.529,-0.003,-2.86,-4.382,0.24,-0.913,0.332,-0.156,1.554,-2.584,1.048,-3.982,2.129,2.174,2.599,-0.017,2.094,-0.982,3.084,3.149,-2.905,-4.859,1.226,0.007,1.297,0.765,0.35,-0.67,0.483,0.088,1.526,-2.919,3.099,3.237,3.048,0.557,4.488,4.688,1.575,0.421,1.666,1.179,0.856,-0.164,0.988,0.594,4.064,4.157,5.886,6.02,0.225,0.27,-0.001,0.136,-0.067,0.026,-0.182,31.965,-0.302,48.224,0.391,-133.671,0.541,-244.822,-0.127,16.259,0.535,-165.636,0.658,-276.787,0.62,-181.895,0.725,-293.046,0.19,-111.151,0.574,0.135,0.092,0.67,0.203,0.138,-1.858,-2.401,-0.383,-3.404,-4.398,-1.031,0.156,0.068,0.047,-1.594,-2.975,-0.475,-2.664,-4.972,-1.165,-1.751,-2.529,-0.522,-2.821,-4.074,-1.234,-1.07,-1.545,-1.997,-0.193,-0.205,-0.604,-0.46,-0.497,-1.178,0.17,0.323,0.26,0.212,0.373,0.305,-0.293,-0.325,-0.574,0.351,0.776,0.465,0.4,0.798,0.498,0.585,1.101,0.82,0.642,1.091,0.833,0.057,0.049,0.042,-3.575,-5.572,0.458,-0.776,0.533,0.011,-2.767,-4.312,0.233,-0.932,0.33,-0.145,1.513,-2.561,0.995,-3.977,2.08,2.127,2.583,0.054,2.064,-0.911,3.054,3.122,-2.823,-4.82,1.21,-0.023,1.285,0.763,0.337,-0.694,0.476,0.093,1.437,-2.961,3.005,3.143,2.982,0.581,4.411,4.614,1.563,0.398,1.66,1.185,0.855,-0.176,0.994,0.611,3.969,4.061,5.827,5.961,0.231,0.278,0.005,0.143,-0.064,0.028
2018-08-29,CTD4,4180266,698264,0.0101260375,0.013370753,0.018683255,0.0057320534,0.004593674,0.00116869,0.0011734458,0.00047214414,0.010164965,0.013270876,0.018496934,0.005815845,0.004392546,0.0012002528,0.21630558,-8.000000000000001e-45,0.189,-0.138,23.965,-0.297,45.231,0.277,-75.702,0.376,-118.935,-0.166,21.266,0.4,-99.667,0.489,-142.901,0.53,-120.934,0.605,-164.167,0.11,-43.233,0.448,0.137,0.11,0.605,0.259,0.208,-1.012,-1.414,-0.348,-1.59,-2.222,-0.682,0.215,0.122,0.098,-1.009,-1.862,-0.458,-1.447,-2.67,-0.819,-1.225,-1.617,-0.556,-1.662,-2.195,-0.941,-0.438,-0.578,-0.808,-0.133,-0.139,-0.314,-0.448,-0.476,-0.829,0.137,0.245,0.189,0.173,0.29,0.227,-0.335,-0.361,-0.514,0.265,0.519,0.328,0.305,0.553,0.359,0.551,0.88,0.721,0.6,0.888,0.738,0.048,0.04,0.036,-2.502,-3.31,0.451,-0.49,0.511,-0.044,-1.791,-2.369,0.113,-0.706,0.198,-0.259,1.051,-1.144,0.369,-2.301,1.423,1.521,1.489,-0.128,0.807,-1.055,1.776,1.898,-1.939,-2.747,1.014,0.073,1.075,0.519,0.15,-0.532,0.262,-0.086,0.488,-1.735,1.879,2.087,1.066,-0.349,2.345,2.604,1.416,0.597,1.502,1.044,0.831,0.15,0.944,0.596,2.806,2.916,3.501,3.638,0.223,0.32,-0.025,0.183,-0.147,-0.037,-0.133,23.024,-0.291,44.314,0.272,-73.567,0.397,-129.281,-0.165,21.29,0.391,-96.591,0.503,-152.305,0.522,-117.881,0.616,-173.595,0.139,-55.714,0.426,0.134,0.101,0.588,0.258,0.195,-0.976,-1.361,-0.323,-1.716,-2.391,-0.752,0.216,0.124,0.094,-0.982,-1.787,-0.424,-1.548,-2.817,-0.886,-1.198,-1.564,-0.518,-1.765,-2.304,-1.01,-0.566,-0.739,-1.031,-0.128,-0.136,-0.304,-0.437,-0.472,-0.816,0.137,0.246,0.19,0.182,0.302,0.237,-0.327,-0.359,-0.512,0.26,0.512,0.326,0.31,0.556,0.365,0.541,0.871,0.718,0.602,0.883,0.739,0.061,0.05,0.045,-2.414,-3.445,0.452,-0.558,0.528,0.011,-1.732,-2.472,0.111,-0.774,0.219,-0.206,1.03,-1.273,0.354,-2.463,1.417,1.51,1.597,0.032,0.92,-0.866,1.876,2.0,-1.875,-2.905,0.991,-0.018,1.068,0.55,0.145,-0.607,0.285,-0.038,0.462,-1.929,1.85,2.044,1.202,-0.159,2.449,2.707,1.381,0.496,1.489,1.064,0.822,0.07,0.962,0.639,2.748,2.849,3.639,3.773,0.241,0.335,0.006,0.201,-0.118,-0.017
2018-08-29,CTD6,4176009,695829,0.011198767,0.016602192,0.020473456,0.004938884,0.0031106262,0.0008025652,0.00082101795,0.00032719297,0.011243425,0.016617794,0.020423627,0.0050502815,0.0033012535,0.00078854134,0.059800055,-8.000000000000001e-45,0.266,-0.194,29.063,-0.293,40.452,0.388,-113.179,0.565,-232.183,-0.104,11.389,0.541,-142.242,0.684,-261.246,0.611,-153.631,0.736,-272.635,0.227,-119.004,0.595,0.144,0.09,0.672,0.2,0.126,-1.879,-2.317,-0.352,-3.855,-4.754,-1.147,0.128,0.056,0.035,-1.593,-2.912,-0.442,-2.926,-5.349,-1.29,-1.72,-2.551,-0.478,-3.053,-4.526,-1.347,-1.333,-1.976,-2.436,-0.213,-0.229,-0.671,-0.431,-0.47,-1.152,0.169,0.318,0.265,0.218,0.375,0.318,-0.24,-0.271,-0.481,0.368,0.815,0.495,0.426,0.836,0.531,0.559,1.086,0.788,0.625,1.076,0.806,0.066,0.058,0.049,-3.471,-5.907,0.433,-0.913,0.523,0.045,-2.815,-4.79,0.25,-1.041,0.36,-0.083,1.457,-3.07,1.034,-4.314,2.08,2.116,2.789,0.239,2.367,-0.545,3.303,3.359,-2.663,-5.099,1.241,-0.105,1.331,0.853,0.37,-0.777,0.533,0.181,1.533,-3.22,3.084,3.21,3.509,1.192,4.896,5.096,1.531,0.24,1.641,1.198,0.792,-0.355,0.955,0.603,3.868,3.958,6.141,6.284,0.254,0.289,0.02,0.146,-0.037,0.054,-0.193,28.764,-0.29,39.978,0.38,-109.068,0.546,-213.974,-0.103,11.214,0.534,-137.832,0.669,-242.739,0.603,-149.046,0.722,-253.952,0.209,-104.906,0.587,0.145,0.095,0.664,0.202,0.132,-1.812,-2.228,-0.36,-3.556,-4.37,-1.081,0.126,0.057,0.037,-1.55,-2.815,-0.455,-2.729,-4.958,-1.226,-1.676,-2.477,-0.492,-2.855,-4.22,-1.283,-1.18,-1.743,-2.143,-0.211,-0.227,-0.644,-0.424,-0.461,-1.099,0.167,0.311,0.261,0.214,0.367,0.312,-0.234,-0.262,-0.456,0.365,0.795,0.488,0.421,0.817,0.523,0.552,1.057,0.772,0.615,1.051,0.79,0.063,0.055,0.047,-3.367,-5.51,0.429,-0.853,0.515,0.023,-2.74,-4.483,0.247,-0.979,0.352,-0.103,1.413,-2.807,0.997,-3.96,2.028,2.065,2.592,0.115,2.177,-0.638,3.102,3.159,-2.566,-4.709,1.231,-0.052,1.316,0.824,0.364,-0.716,0.52,0.16,1.474,-2.896,2.997,3.129,3.217,0.99,4.585,4.787,1.513,0.287,1.618,1.163,0.78,-0.301,0.935,0.575,3.75,3.845,5.737,5.883,0.251,0.288,0.01,0.142,-0.046,0.049
2018-08-29,CTD7,4176724,690397,0.012811663,0.018698072,0.024048243,0.0063025975,0.0041511557,0.0010828198,0.0010957163,0.0004361256,0.012855978,0.018680014,0.023993872,0.0064920904,0.004392546,0.0010597938,0.13143261,-8.000000000000001e-45,0.121,-0.187,24.572,-0.305,36.471,0.341,-80.611,0.511,-162.843,-0.125,11.898,0.496,-105.183,0.637,-187.415,0.585,-117.082,0.706,-199.314,0.206,-82.232,0.591,0.155,0.102,0.682,0.23,0.151,-1.507,-1.939,-0.335,-3.045,-3.916,-1.026,0.152,0.075,0.049,-1.348,-2.529,-0.437,-2.401,-4.507,-1.181,-1.5,-2.189,-0.486,-2.554,-3.727,-1.256,-1.054,-1.538,-1.978,-0.194,-0.209,-0.563,-0.449,-0.492,-1.075,0.152,0.285,0.231,0.203,0.346,0.285,-0.28,-0.315,-0.512,0.336,0.731,0.44,0.395,0.761,0.479,0.563,1.046,0.777,0.631,1.041,0.796,0.068,0.058,0.05,-3.13,-5.108,0.423,-0.833,0.513,0.027,-2.434,-3.972,0.196,-0.986,0.311,-0.126,1.255,-2.472,0.747,-3.76,1.811,1.86,2.309,0.12,1.8,-0.729,2.749,2.824,-2.356,-4.334,1.197,-0.059,1.287,0.801,0.286,-0.741,0.454,0.119,1.09,-2.826,2.643,2.794,2.627,0.689,4.012,4.242,1.54,0.359,1.655,1.218,0.794,-0.232,0.962,0.627,3.492,3.594,5.301,5.456,0.27,0.319,0.013,0.164,-0.062,0.04,-0.185,24.252,-0.302,36.108,0.329,-76.249,0.491,-149.874,-0.125,11.856,0.484,-100.5,0.619,-174.125,0.574,-112.356,0.691,-185.981,0.193,-73.625,0.582,0.157,0.107,0.674,0.234,0.159,-1.424,-1.83,-0.335,-2.8,-3.596,-0.973,0.152,0.077,0.052,-1.292,-2.411,-0.441,-2.239,-4.178,-1.13,-1.444,-2.099,-0.494,-2.391,-3.474,-1.207,-0.947,-1.375,-1.767,-0.191,-0.205,-0.535,-0.442,-0.483,-1.023,0.149,0.276,0.224,0.198,0.336,0.278,-0.275,-0.308,-0.488,0.331,0.707,0.429,0.388,0.738,0.469,0.555,1.015,0.759,0.622,1.013,0.779,0.067,0.057,0.049,-3.008,-4.774,0.418,-0.79,0.505,0.012,-2.342,-3.717,0.188,-0.942,0.301,-0.141,1.202,-2.272,0.696,-3.482,1.745,1.797,2.148,0.049,1.642,-0.769,2.579,2.656,-2.243,-4.009,1.182,-0.025,1.27,0.776,0.274,-0.699,0.437,0.102,1.011,-2.585,2.536,2.694,2.386,0.557,3.748,3.982,1.519,0.388,1.631,1.19,0.779,-0.194,0.943,0.608,3.354,3.461,4.957,5.115,0.27,0.322,0.006,0.164,-0.071,0.035
2018-08-29,CTD8,4174178,693048,0.012488696,0.018192489,0.025919653,0.007696132,0.005633292,0.0013836343,0.001390549,0.00054573413,0.012477427,0.018108698,0.026012404,0.007926061,0.0055483305,0.0013898992,0.17142731,-8.000000000000001e-45,0.359,-0.186,25.105,-0.35,41.492,0.237,-49.863,0.378,-97.444,-0.175,16.387,0.405,-74.968,0.527,-122.548,0.542,-91.355,0.643,-138.935,0.155,-47.581,0.651,0.193,0.141,0.755,0.319,0.234,-0.907,-1.292,-0.281,-1.773,-2.526,-0.75,0.205,0.126,0.092,-0.936,-1.943,-0.422,-1.53,-3.176,-0.943,-1.141,-1.662,-0.515,-1.735,-2.528,-1.069,-0.594,-0.866,-1.233,-0.17,-0.181,-0.428,-0.519,-0.564,-1.008,0.109,0.201,0.152,0.155,0.265,0.204,-0.383,-0.426,-0.58,0.273,0.579,0.333,0.327,0.622,0.374,0.594,1.006,0.765,0.661,1.005,0.784,0.067,0.054,0.047,-2.681,-3.915,0.39,-0.68,0.469,-0.045,-1.882,-2.748,0.059,-0.884,0.172,-0.25,0.921,-1.607,0.198,-2.978,1.313,1.405,1.515,-0.147,0.792,-1.151,1.794,1.92,-1.911,-3.144,1.16,0.091,1.239,0.725,0.086,-0.664,0.251,-0.03,0.288,-2.237,1.913,2.147,1.154,-0.138,2.613,2.933,1.652,0.709,1.766,1.343,0.808,0.059,0.974,0.693,2.917,3.058,3.985,4.178,0.307,0.399,-0.028,0.206,-0.154,-0.013,-0.184,24.923,-0.352,41.702,0.223,-46.021,0.384,-100.09,-0.179,16.779,0.391,-70.944,0.531,-125.012,0.533,-87.723,0.648,-141.791,0.176,-54.068,0.648,0.198,0.138,0.755,0.331,0.231,-0.833,-1.197,-0.255,-1.812,-2.604,-0.793,0.209,0.133,0.093,-0.885,-1.845,-0.394,-1.56,-3.252,-0.991,-1.095,-1.589,-0.487,-1.769,-2.568,-1.124,-0.675,-0.979,-1.406,-0.166,-0.178,-0.418,-0.52,-0.572,-1.004,0.103,0.192,0.144,0.157,0.266,0.204,-0.387,-0.438,-0.587,0.265,0.565,0.323,0.326,0.616,0.37,0.591,1.003,0.765,0.669,1.003,0.786,0.078,0.062,0.054,-2.593,-3.999,0.384,-0.74,0.476,-0.011,-1.805,-2.784,0.042,-0.949,0.173,-0.22,0.878,-1.69,0.138,-3.114,1.268,1.361,1.553,-0.036,0.812,-1.033,1.811,1.944,-1.831,-3.237,1.147,0.023,1.238,0.751,0.061,-0.732,0.251,-0.004,0.2,-2.404,1.84,2.071,1.179,-0.018,2.629,2.959,1.647,0.656,1.778,1.385,0.801,0.008,0.992,0.736,2.837,2.975,4.053,4.251,0.329,0.422,-0.007,0.224,-0.14,-0.002
2018-08-29,CTD10,4170388,695646,0.008631395,0.0124639105,0.018504402,0.005578734,0.0043998137,0.0010718963,0.0010603605,0.00042065384,0.008665819,0.0123521425,0.018549891,0.0057522785,0.0041755023,0.001115064,0.2544173,-8.000000000000001e-45,0.344,-0.182,35.624,-0.364,61.815,0.215,-63.396,0.325,-111.426,-0.195,26.19,0.382,-99.02,0.478,-147.051,0.537,-125.211,0.616,-173.241,0.118,-48.03,0.659,0.199,0.157,0.77,0.345,0.272,-0.79,-1.173,-0.279,-1.389,-2.062,-0.622,0.226,0.146,0.115,-0.855,-1.832,-0.436,-1.269,-2.721,-0.82,-1.081,-1.561,-0.551,-1.495,-2.159,-0.966,-0.415,-0.599,-0.889,-0.159,-0.167,-0.384,-0.547,-0.585,-0.989,0.099,0.181,0.133,0.137,0.235,0.176,-0.425,-0.464,-0.605,0.254,0.528,0.301,0.297,0.567,0.335,0.613,0.992,0.766,0.669,0.993,0.782,0.056,0.043,0.038,-2.624,-3.513,0.391,-0.575,0.455,-0.096,-1.768,-2.366,0.019,-0.801,0.113,-0.322,0.874,-1.286,0.063,-2.659,1.194,1.309,1.288,-0.272,0.477,-1.355,1.514,1.66,-1.873,-2.762,1.143,0.176,1.206,0.655,0.027,-0.594,0.164,-0.115,0.09,-1.972,1.724,1.996,0.689,-0.484,2.186,2.531,1.696,0.876,1.791,1.355,0.838,0.217,0.975,0.696,2.807,2.964,3.559,3.758,0.293,0.409,-0.062,0.21,-0.208,-0.052,-0.175,34.438,-0.363,61.487,0.202,-58.448,0.35,-124.096,-0.201,27.049,0.365,-92.887,0.495,-158.535,0.527,-119.935,0.633,-185.583,0.159,-65.648,0.639,0.198,0.144,0.759,0.354,0.257,-0.722,-1.084,-0.244,-1.533,-2.302,-0.714,0.234,0.156,0.113,-0.805,-1.723,-0.388,-1.374,-2.941,-0.912,-1.039,-1.481,-0.501,-1.608,-2.292,-1.068,-0.569,-0.811,-1.218,-0.152,-0.162,-0.371,-0.546,-0.598,-0.996,0.094,0.176,0.128,0.145,0.248,0.185,-0.43,-0.483,-0.624,0.243,0.514,0.29,0.3,0.567,0.336,0.609,0.997,0.774,0.684,0.997,0.794,0.075,0.058,0.051,-2.523,-3.741,0.391,-0.676,0.476,-0.024,-1.68,-2.491,0.001,-0.91,0.129,-0.259,0.841,-1.452,0.005,-2.936,1.168,1.281,1.41,-0.072,0.574,-1.149,1.61,1.765,-1.799,-3.017,1.115,0.048,1.2,0.699,0.002,-0.712,0.184,-0.06,0.007,-2.295,1.666,1.922,0.818,-0.267,2.294,2.648,1.675,0.763,1.803,1.415,0.838,0.124,1.02,0.776,2.743,2.887,3.779,3.977,0.326,0.439,-0.016,0.241,-0.172,-0.028
2018-08-29,CTD11,4169609,700351,0.010466274,0.015273825,0.021853019,0.0077738054,0.0057995436,0.0015154544,0.0014972838,0.0006078341,0.010468737,0.0152201895,0.021825626,0.007878847,0.005768699,0.0014969035,0.15562569,-8.000000000000001e-45,0.373,-0.187,30.074,-0.352,49.785,0.148,-33.092,0.287,-76.882,-0.177,19.711,0.325,-63.166,0.45,-106.956,0.475,-82.877,0.581,-126.667,0.145,-43.79,0.657,0.234,0.174,0.76,0.387,0.289,-0.505,-0.723,-0.192,-1.174,-1.68,-0.598,0.206,0.153,0.114,-0.661,-1.38,-0.366,-1.119,-2.337,-0.831,-0.867,-1.266,-0.481,-1.326,-1.935,-0.985,-0.458,-0.669,-0.957,-0.162,-0.174,-0.354,-0.494,-0.54,-0.839,0.073,0.128,0.097,0.126,0.202,0.158,-0.361,-0.404,-0.485,0.232,0.461,0.271,0.293,0.519,0.32,0.547,0.866,0.668,0.624,0.88,0.697,0.077,0.061,0.053,-2.126,-3.083,0.33,-0.655,0.42,-0.061,-1.486,-2.155,-0.03,-0.861,0.099,-0.267,0.647,-1.287,-0.084,-2.422,0.967,1.081,1.106,-0.16,0.374,-1.006,1.296,1.449,-1.352,-2.309,1.104,0.119,1.194,0.713,-0.044,-0.641,0.145,-0.047,-0.123,-1.803,1.411,1.699,0.546,-0.177,1.891,2.278,1.579,0.748,1.708,1.342,0.688,0.09,0.877,0.685,2.257,2.431,3.025,3.259,0.363,0.477,-0.045,0.244,-0.198,-0.024,-0.185,29.82,-0.352,49.705,0.141,-31.4,0.289,-77.827,-0.178,19.885,0.318,-61.22,0.45,-107.647,0.47,-81.104,0.582,-127.532,0.155,-46.427,0.651,0.235,0.172,0.757,0.392,0.287,-0.478,-0.685,-0.181,-1.185,-1.699,-0.613,0.208,0.157,0.115,-0.641,-1.336,-0.353,-1.127,-2.349,-0.848,-0.849,-1.234,-0.468,-1.335,-1.941,-1.005,-0.486,-0.707,-1.013,-0.16,-0.172,-0.348,-0.492,-0.541,-0.832,0.07,0.123,0.094,0.127,0.203,0.158,-0.36,-0.407,-0.484,0.227,0.452,0.266,0.293,0.515,0.318,0.543,0.859,0.664,0.625,0.875,0.695,0.082,0.065,0.057,-2.082,-3.096,0.327,-0.678,0.424,-0.044,-1.452,-2.159,-0.038,-0.886,0.101,-0.253,0.631,-1.31,-0.105,-2.455,0.95,1.064,1.117,-0.117,0.381,-0.955,1.297,1.454,-1.316,-2.33,1.093,0.088,1.19,0.722,-0.055,-0.668,0.146,-0.035,-0.153,-1.852,1.381,1.667,0.554,-0.132,1.886,2.277,1.567,0.719,1.706,1.353,0.681,0.068,0.883,0.702,2.219,2.391,3.031,3.266,0.374,0.488,-0.033,0.253,-0.19,-0.018
2018-08-29,CTD12,4173438,695414,0.010601452,0.016086938,0.024310978,0.006666522,0.0048921057,0.0011634289,0.0011710151,0.00046398988,0.010608325,0.015958793,0.024458379,0.006930588,0.0048333867,0.0011754382,0.1765951,-8.000000000000001e-45,0.348,-0.206,32.164,-0.393,53.193,0.228,-55.677,0.368,-110.084,-0.204,21.029,0.414,-87.841,0.534,-142.249,0.57,-108.87,0.665,-163.277,0.154,-54.408,0.782,0.214,0.157,0.856,0.355,0.26,-0.896,-1.354,-0.272,-1.771,-2.676,-0.734,0.223,0.14,0.103,-0.931,-2.136,-0.43,-1.508,-3.458,-0.948,-1.154,-1.751,-0.533,-1.731,-2.627,-1.088,-0.577,-0.875,-1.323,-0.177,-0.188,-0.475,-0.603,-0.653,-1.186,0.097,0.188,0.135,0.141,0.251,0.184,-0.476,-0.531,-0.712,0.27,0.608,0.323,0.321,0.648,0.361,0.661,1.139,0.841,0.728,1.125,0.853,0.066,0.051,0.044,-2.988,-4.31,0.385,-0.704,0.458,-0.075,-1.977,-2.852,0.022,-0.927,0.132,-0.298,0.929,-1.698,0.079,-3.379,1.286,1.389,1.505,-0.246,0.656,-1.48,1.753,1.893,-2.129,-3.452,1.243,0.155,1.316,0.784,0.033,-0.701,0.2,-0.072,0.12,-2.556,1.952,2.212,0.995,-0.358,2.66,3.014,1.879,0.93,1.989,1.559,0.882,0.149,1.05,0.777,3.185,3.343,4.341,4.555,0.325,0.428,-0.047,0.213,-0.187,-0.03,-0.201,31.604,-0.395,53.38,0.21,-50.022,0.374,-112.629,-0.21,21.776,0.394,-81.627,0.535,-144.233,0.558,-103.402,0.67,-166.008,0.178,-62.606,0.773,0.219,0.153,0.852,0.37,0.258,-0.798,-1.223,-0.242,-1.797,-2.755,-0.781,0.231,0.151,0.105,-0.866,-1.996,-0.395,-1.53,-3.528,-1.0,-1.097,-1.65,-0.5,-1.761,-2.649,-1.151,-0.664,-0.999,-1.531,-0.17,-0.183,-0.455,-0.605,-0.666,-1.177,0.091,0.177,0.126,0.143,0.252,0.184,-0.485,-0.55,-0.723,0.257,0.585,0.308,0.317,0.634,0.354,0.66,1.135,0.843,0.739,1.119,0.857,0.079,0.06,0.052,-2.864,-4.396,0.381,-0.769,0.467,-0.033,-1.869,-2.868,-0.001,-1.0,0.131,-0.264,0.878,-1.771,-0.002,-3.53,1.228,1.333,1.542,-0.108,0.662,-1.334,1.761,1.911,-2.025,-3.556,1.221,0.07,1.307,0.807,-0.001,-0.781,0.197,-0.045,-0.003,-2.758,1.847,2.105,0.996,-0.227,2.648,3.018,1.871,0.872,2.003,1.608,0.879,0.099,1.077,0.835,3.073,3.226,4.407,4.626,0.35,0.456,-0.021,0.237,-0.172,-0.02
2018-10-03,CTD1,4187246,695025,0.013401024,0.019236809,0.026167257,0.0069862236,0.0052555767,0.0012561268,0.0012569433,0.0004906637,0.013405398,0.019125737,0.026302509,0.007235716,0.005064954,0.001280765,0.21929942,-8.000000000000001e-45,0.17,-0.179,22.637,-0.323,36.405,0.315,-68.518,0.437,-115.653,-0.153,13.768,0.467,-91.155,0.571,-138.29,0.579,-104.923,0.665,-152.058,0.141,-47.135,0.592,0.158,0.119,0.7,0.254,0.191,-1.318,-1.793,-0.36,-2.225,-3.026,-0.808,0.185,0.096,0.072,-1.222,-2.385,-0.479,-1.853,-3.619,-0.966,-1.406,-2.018,-0.551,-2.038,-2.925,-1.062,-0.632,-0.907,-1.233,-0.176,-0.186,-0.477,-0.487,-0.521,-1.043,0.141,0.262,0.204,0.179,0.311,0.246,-0.34,-0.371,-0.566,0.31,0.657,0.39,0.353,0.686,0.422,0.588,1.028,0.783,0.641,1.026,0.797,0.053,0.044,0.038,-3.049,-4.282,0.43,-0.633,0.496,-0.056,-2.241,-3.148,0.149,-0.817,0.239,-0.24,1.183,-1.742,0.558,-3.061,1.645,1.717,1.815,-0.204,1.19,-1.196,2.187,2.283,-2.31,-3.543,1.168,0.106,1.235,0.683,0.214,-0.594,0.343,-0.017,0.801,-2.225,2.361,2.553,1.708,-0.085,3.139,3.393,1.589,0.623,1.679,1.2,0.839,0.031,0.968,0.608,3.353,3.472,4.458,4.616,0.248,0.32,-0.029,0.162,-0.125,-0.006,-0.176,22.311,-0.325,36.578,0.299,-63.607,0.452,-122.838,-0.158,14.266,0.451,-85.918,0.581,-145.15,0.569,-100.184,0.677,-159.416,0.176,-59.232,0.587,0.161,0.113,0.7,0.265,0.185,-1.217,-1.673,-0.322,-2.349,-3.231,-0.889,0.191,0.103,0.072,-1.152,-2.26,-0.435,-1.946,-3.818,-1.05,-1.343,-1.916,-0.507,-2.137,-3.049,-1.153,-0.794,-1.133,-1.558,-0.171,-0.182,-0.465,-0.489,-0.533,-1.048,0.136,0.255,0.197,0.184,0.316,0.249,-0.348,-0.389,-0.583,0.299,0.644,0.379,0.354,0.681,0.419,0.586,1.032,0.788,0.653,1.029,0.806,0.067,0.055,0.048,-2.934,-4.492,0.426,-0.728,0.508,0.001,-2.134,-3.266,0.131,-0.919,0.245,-0.19,1.126,-1.923,0.477,-3.34,1.588,1.66,1.92,0.003,1.271,-0.988,2.268,2.372,-2.208,-3.766,1.152,-0.002,1.234,0.727,0.187,-0.701,0.349,0.027,0.681,-2.55,2.265,2.451,1.814,0.141,3.236,3.501,1.584,0.533,1.697,1.262,0.835,-0.053,0.997,0.675,3.257,3.37,4.653,4.815,0.275,0.347,0.0,0.186,-0.103,0.01
2018-10-03,CTD2,4181518,693105,0.016997155,0.022895275,0.026993891,0.0061278446,0.004311917,0.0010697268,0.0010607942,0.0004084164,0.017005252,0.022806387,0.02721243,0.006352268,0.0043233186,0.0010805324,0.1486614,-8.000000000000001e-45,0.201,-0.148,15.156,-0.227,21.788,0.47,-104.356,0.595,-173.082,-0.082,6.632,0.578,-119.512,0.683,-188.238,0.63,-126.144,0.725,-194.87,0.174,-68.726,0.409,0.093,0.065,0.499,0.134,0.094,-2.389,-2.817,-0.45,-3.963,-4.672,-1.061,0.113,0.041,0.029,-2.031,-3.226,-0.515,-3.2,-5.081,-1.153,-2.144,-2.888,-0.544,-3.312,-4.462,-1.194,-1.168,-1.573,-1.855,-0.178,-0.188,-0.565,-0.344,-0.367,-0.958,0.218,0.4,0.347,0.254,0.437,0.383,-0.177,-0.192,-0.393,0.381,0.787,0.536,0.422,0.804,0.561,0.523,0.979,0.767,0.569,0.981,0.782,0.046,0.041,0.036,-3.663,-5.518,0.515,-0.679,0.583,0.039,-3.107,-4.68,0.362,-0.791,0.441,-0.074,1.926,-2.536,1.595,-3.487,2.585,2.614,3.094,0.206,2.763,-0.463,3.674,3.715,-3.058,-4.913,1.12,-0.074,1.187,0.643,0.488,-0.573,0.594,0.145,2.148,-2.524,3.483,3.577,3.722,0.905,4.949,5.083,1.32,0.167,1.4,0.884,0.818,-0.242,0.925,0.475,4.151,4.217,5.9,5.993,0.172,0.201,0.014,0.108,-0.027,0.039,-0.146,14.958,-0.231,22.057,0.456,-98.619,0.595,-172.498,-0.088,7.099,0.564,-113.577,0.681,-187.456,0.621,-120.676,0.726,-194.556,0.19,-73.88,0.407,0.095,0.065,0.503,0.14,0.095,-2.249,-2.684,-0.426,-3.934,-4.694,-1.096,0.121,0.045,0.031,-1.931,-3.091,-0.491,-3.188,-5.101,-1.191,-2.052,-2.752,-0.522,-3.308,-4.437,-1.236,-1.256,-1.685,-2.01,-0.173,-0.184,-0.543,-0.35,-0.376,-0.956,0.213,0.393,0.338,0.254,0.435,0.378,-0.189,-0.207,-0.413,0.372,0.771,0.522,0.418,0.791,0.551,0.524,0.978,0.769,0.575,0.98,0.785,0.051,0.046,0.041,-3.538,-5.549,0.512,-0.724,0.587,0.065,-2.965,-4.65,0.346,-0.844,0.435,-0.056,1.839,-2.598,1.484,-3.617,2.487,2.518,3.095,0.343,2.74,-0.351,3.655,3.7,-2.943,-4.953,1.108,-0.128,1.182,0.661,0.465,-0.631,0.584,0.157,1.99,-2.704,3.336,3.431,3.675,0.991,4.902,5.042,1.322,0.131,1.411,0.92,0.82,-0.276,0.939,0.513,4.03,4.094,5.921,6.016,0.184,0.215,0.024,0.12,-0.021,0.044
2018-10-03,CTD3,4181698,695238,0.010530077,0.015119304,0.01457322,0.002005722,0.0013037233,0.00033325012,0.00031921844,0.00012352069,0.01050424,0.015134035,0.014641151,0.001980647,0.0013199154,0.00033704544,0.07888895,-2.878e-42,0.157,-0.179,28.825,-0.161,26.347,0.68,-403.608,0.78,-672.068,0.018,-2.478,0.766,-432.433,0.841,-700.893,0.758,-429.955,0.836,-698.415,0.212,-268.46,0.42,0.058,0.038,0.398,0.053,0.034,-6.102,-5.882,-0.526,-10.161,-9.794,-1.348,-0.026,-0.005,-0.003,-4.554,-6.302,-0.564,-7.38,-10.214,-1.406,-4.527,-6.501,-0.561,-7.354,-10.56,-1.401,-2.827,-4.059,-3.912,-0.277,-0.289,-1.387,-0.236,-0.246,-1.222,0.287,0.519,0.537,0.311,0.539,0.557,0.044,0.046,0.165,0.522,1.108,0.826,0.55,1.102,0.833,0.49,1.062,0.765,0.517,1.059,0.775,0.027,0.028,0.024,-6.569,-10.482,0.559,-0.842,0.607,0.046,-6.816,-10.874,0.59,-0.816,0.636,0.073,4.213,-6.347,4.286,-5.928,5.164,5.161,7.039,0.539,7.113,0.811,7.944,7.939,-5.83,-9.742,1.298,-0.103,1.346,0.786,0.847,-0.501,0.914,0.387,6.154,-3.64,7.414,7.449,10.213,4.331,11.407,11.459,1.251,-0.154,1.298,0.734,0.773,-0.575,0.84,0.314,7.142,7.18,10.988,11.045,0.104,0.101,0.009,0.043,0.014,0.051,-0.181,29.123,-0.165,26.899,0.683,-409.686,0.777,-662.425,0.017,-2.224,0.769,-438.809,0.84,-691.548,0.762,-436.585,0.835,-689.324,0.2,-252.739,0.426,0.058,0.038,0.407,0.053,0.036,-6.2,-5.998,-0.541,-10.025,-9.699,-1.312,-0.023,-0.004,-0.003,-4.609,-6.425,-0.579,-7.264,-10.125,-1.37,-4.586,-6.607,-0.576,-7.241,-10.432,-1.365,-2.655,-3.825,-3.7,-0.279,-0.29,-1.403,-0.242,-0.251,-1.253,0.286,0.518,0.534,0.308,0.537,0.553,0.039,0.042,0.149,0.523,1.112,0.824,0.549,1.106,0.831,0.494,1.071,0.769,0.52,1.067,0.778,0.026,0.026,0.022,-6.698,-10.398,0.559,-0.807,0.604,0.028,-6.924,-10.748,0.587,-0.783,0.63,0.051,4.27,-6.162,4.336,-5.789,5.216,5.213,6.925,0.317,6.991,0.566,7.827,7.823,-5.951,-9.652,1.305,-0.06,1.351,0.774,0.845,-0.467,0.908,0.367,6.247,-3.452,7.515,7.551,10.072,4.074,11.277,11.331,1.263,-0.107,1.307,0.727,0.779,-0.533,0.842,0.301,7.266,7.305,10.904,10.962,0.101,0.098,0.005,0.041,0.01,0.048
2018-10-03,CTD4,4180266,698264,0.004665582,0.0059925145,0.006592421,0.003791892,0.0043006656,0.0006844526,0.0006562489,0.0002783854,0.004745104,0.006091272,0.006605517,0.004185907,0.0033485978,0.000715249,0.47937238,-8.000000000000001e-45,0.05,-0.124,47.461,-0.171,62.646,0.103,-49.385,0.041,-18.187,-0.048,15.186,0.225,-96.846,0.164,-65.647,0.27,-112.031,0.21,-80.833,-0.063,31.198,0.313,0.18,0.204,0.375,0.238,0.269,-0.296,-0.326,-0.212,-0.109,-0.12,-0.069,0.071,0.058,0.065,-0.452,-0.638,-0.417,-0.306,-0.433,-0.249,-0.523,-0.671,-0.482,-0.377,-0.484,-0.307,0.146,0.187,0.206,-0.128,-0.122,-0.164,-0.197,-0.187,-0.238,0.069,0.085,0.08,0.029,0.037,0.035,-0.071,-0.067,-0.074,0.195,0.245,0.202,0.15,0.2,0.163,0.263,0.312,0.272,0.215,0.271,0.234,-0.048,-0.045,-0.04,-0.96,-0.754,0.203,-0.103,0.126,-0.356,-0.873,-0.686,0.075,-0.174,-0.01,-0.426,0.321,-0.163,0.13,-0.302,0.513,0.578,0.176,-0.495,-0.015,-0.654,0.452,0.51,-0.454,-0.248,0.709,0.403,0.632,0.15,0.096,0.027,-0.013,-0.225,0.167,0.047,0.659,0.928,-0.02,-0.345,0.581,0.818,0.78,0.531,0.695,0.279,0.287,0.218,0.178,-0.034,0.817,1.021,0.72,0.9,0.095,0.16,-0.289,-0.02,-0.347,-0.142,-0.124,46.574,-0.164,59.355,0.063,-28.153,0.173,-87.889,-0.041,12.781,0.185,-74.728,0.291,-134.463,0.224,-87.508,0.327,-147.244,0.111,-59.736,0.308,0.195,0.156,0.362,0.248,0.199,-0.171,-0.186,-0.094,-0.535,-0.581,-0.368,0.061,0.053,0.043,-0.355,-0.494,-0.25,-0.638,-0.888,-0.563,-0.415,-0.533,-0.293,-0.699,-0.897,-0.616,-0.283,-0.364,-0.395,-0.125,-0.135,-0.179,-0.181,-0.197,-0.247,0.044,0.059,0.056,0.11,0.136,0.129,-0.058,-0.064,-0.068,0.168,0.235,0.191,0.242,0.307,0.254,0.223,0.299,0.256,0.301,0.365,0.317,0.077,0.074,0.066,-0.799,-1.194,0.145,-0.471,0.272,-0.021,-0.737,-1.101,0.031,-0.532,0.169,-0.082,0.211,-0.685,0.049,-0.839,0.584,0.627,0.495,-0.038,0.333,-0.161,0.73,0.783,-0.294,-0.689,0.65,0.034,0.777,0.484,0.04,-0.328,0.216,0.122,0.063,-0.517,0.749,0.948,0.427,0.241,0.937,1.185,0.705,0.142,0.842,0.592,0.202,-0.166,0.379,0.284,0.872,1.028,1.09,1.285,0.332,0.375,-0.018,0.18,-0.072,0.084
2018-10-03,CTD6,4176009,695829,0.010767565,0.016607821,0.020023929,0.0043557077,0.002882017,0.00070238434,0.0006916282,0.0002727972,0.010767462,0.01661318,0.020042732,0.0044823806,0.002956324,0.0007080193,0.05625088,-8.000000000000001e-45,0.32,-0.213,32.659,-0.301,42.931,0.424,-136.712,0.578,-254.108,-0.093,10.272,0.584,-169.371,0.704,-286.767,0.643,-179.644,0.748,-297.039,0.204,-117.395,0.654,0.142,0.094,0.713,0.187,0.124,-2.27,-2.738,-0.394,-4.22,-5.088,-1.107,0.111,0.045,0.03,-1.824,-3.391,-0.488,-3.088,-5.742,-1.249,-1.934,-2.983,-0.518,-3.198,-4.933,-1.294,-1.264,-1.95,-2.351,-0.24,-0.255,-0.807,-0.442,-0.475,-1.279,0.175,0.329,0.28,0.215,0.376,0.323,-0.226,-0.25,-0.472,0.398,0.898,0.535,0.446,0.908,0.563,0.572,1.148,0.804,0.626,1.133,0.818,0.054,0.048,0.04,-3.949,-6.3,0.431,-0.863,0.504,-0.013,-3.275,-5.225,0.275,-0.974,0.364,-0.124,1.643,-3.291,1.266,-4.476,2.299,2.328,2.907,-0.077,2.53,-0.861,3.474,3.519,-3.055,-5.405,1.325,0.031,1.398,0.881,0.425,-0.682,0.562,0.168,1.953,-3.135,3.545,3.669,3.903,1.165,5.358,5.545,1.597,0.348,1.686,1.198,0.801,-0.306,0.938,0.544,4.33,4.424,6.543,6.686,0.231,0.261,-0.005,0.118,-0.05,0.044,-0.213,32.679,-0.301,42.979,0.412,-130.223,0.569,-245.386,-0.094,10.3,0.575,-162.903,0.698,-278.065,0.634,-173.202,0.743,-288.365,0.205,-115.162,0.655,0.146,0.097,0.714,0.193,0.127,-2.163,-2.61,-0.385,-4.077,-4.918,-1.1,0.111,0.046,0.03,-1.754,-3.265,-0.482,-2.994,-5.573,-1.246,-1.865,-2.877,-0.512,-3.105,-4.791,-1.293,-1.24,-1.913,-2.308,-0.238,-0.254,-0.786,-0.44,-0.474,-1.247,0.171,0.321,0.273,0.213,0.37,0.318,-0.225,-0.25,-0.461,0.394,0.884,0.527,0.443,0.896,0.557,0.568,1.134,0.795,0.624,1.12,0.81,0.056,0.05,0.042,-3.823,-6.131,0.424,-0.868,0.501,-0.011,-3.169,-5.082,0.267,-0.979,0.359,-0.122,1.573,-3.217,1.196,-4.377,2.224,2.255,2.813,-0.064,2.436,-0.829,3.372,3.419,-2.929,-5.237,1.319,0.027,1.395,0.883,0.413,-0.687,0.554,0.169,1.845,-3.073,3.432,3.559,3.758,1.148,5.203,5.396,1.592,0.345,1.683,1.202,0.79,-0.31,0.932,0.547,4.197,4.293,6.363,6.51,0.238,0.269,-0.005,0.122,-0.051,0.046
2018-10-03,CTD7,4176724,690397,0.008525915,0.012675903,0.015631363,0.0023473068,0.0016067433,0.00039169998,0.0003833493,0.00014759024,0.008527189,0.012554561,0.01568979,0.0023522635,0.0015900598,0.00040373174,0.17341398,-2.878e-42,0.045,-0.196,38.4,-0.294,53.316,0.568,-308.731,0.683,-505.087,-0.104,14.916,0.688,-347.13,0.775,-543.487,0.739,-362.046,0.814,-558.403,0.187,-196.357,0.6,0.09,0.062,0.676,0.125,0.086,-3.913,-4.826,-0.496,-6.402,-7.895,-1.186,0.127,0.035,0.024,-2.96,-5.426,-0.558,-4.634,-8.495,-1.276,-3.087,-4.589,-0.582,-4.761,-7.078,-1.311,-1.674,-2.489,-3.069,-0.231,-0.241,-1.05,-0.473,-0.497,-1.797,0.218,0.433,0.358,0.244,0.461,0.385,-0.272,-0.292,-0.747,0.428,1.019,0.599,0.458,1.018,0.616,0.627,1.311,0.93,0.661,1.29,0.934,0.035,0.031,0.026,-5.987,-9.056,0.522,-0.788,0.57,-0.012,-4.855,-7.344,0.36,-0.915,0.419,-0.139,2.821,-4.257,2.399,-6.096,3.505,3.529,4.495,-0.094,4.073,-1.353,5.121,5.156,-5.173,-8.242,1.337,0.026,1.384,0.802,0.536,-0.65,0.622,0.126,3.567,-4.328,5.212,5.297,6.056,1.23,7.614,7.739,1.648,0.372,1.707,1.149,0.958,-0.228,1.045,0.549,6.471,6.533,9.453,9.543,0.149,0.173,-0.003,0.082,-0.038,0.023,-0.191,37.62,-0.296,53.536,0.568,-307.851,0.686,-511.635,-0.111,15.917,0.684,-345.47,0.775,-549.255,0.739,-361.387,0.816,-565.171,0.193,-203.785,0.59,0.088,0.06,0.672,0.126,0.085,-3.865,-4.83,-0.49,-6.423,-8.027,-1.204,0.136,0.037,0.025,-2.946,-5.42,-0.549,-4.684,-8.618,-1.292,-3.082,-4.537,-0.575,-4.819,-7.095,-1.329,-1.738,-2.558,-3.197,-0.223,-0.233,-1.022,-0.48,-0.506,-1.817,0.219,0.437,0.357,0.246,0.465,0.384,-0.288,-0.31,-0.795,0.421,1.008,0.59,0.453,1.008,0.608,0.633,1.318,0.943,0.669,1.296,0.946,0.036,0.031,0.027,-5.991,-9.188,0.529,-0.8,0.578,0.003,-4.794,-7.352,0.356,-0.936,0.417,-0.132,2.825,-4.271,2.375,-6.242,3.498,3.524,4.563,0.026,4.113,-1.307,5.175,5.213,-5.198,-8.395,1.322,-0.007,1.371,0.796,0.524,-0.679,0.614,0.124,3.497,-4.53,5.151,5.236,6.056,1.226,7.62,7.746,1.653,0.361,1.713,1.164,0.974,-0.23,1.063,0.574,6.484,6.543,9.592,9.68,0.149,0.175,0.001,0.086,-0.037,0.023
2018-10-03,CTD8,4174178,693048,0.017790597,0.026329348,0.036194414,0.010966884,0.007383074,0.0017822975,0.0017985817,0.0006995382,0.017781245,0.026405288,0.03635893,0.011369768,0.0074611367,0.0017203258,0.068517916,-8.000000000000001e-45,0.306,-0.194,18.229,-0.341,28.581,0.237,-34.974,0.413,-79.235,-0.158,10.352,0.412,-53.203,0.562,-97.465,0.535,-63.555,0.661,-107.816,0.195,-44.261,0.66,0.2,0.135,0.753,0.313,0.211,-0.921,-1.266,-0.258,-2.086,-2.868,-0.869,0.184,0.114,0.076,-0.947,-1.926,-0.393,-1.734,-3.528,-1.069,-1.131,-1.673,-0.469,-1.918,-2.839,-1.182,-0.787,-1.165,-1.602,-0.181,-0.196,-0.465,-0.493,-0.546,-1.003,0.109,0.202,0.157,0.166,0.279,0.221,-0.343,-0.392,-0.538,0.285,0.61,0.353,0.351,0.659,0.402,0.572,1.002,0.748,0.653,1.002,0.773,0.081,0.066,0.057,-2.625,-4.227,0.373,-0.81,0.472,0.002,-1.909,-3.075,0.075,-0.994,0.211,-0.182,0.895,-1.944,0.248,-3.28,1.342,1.418,1.682,0.009,1.035,-0.891,1.993,2.107,-1.82,-3.422,1.177,-0.005,1.276,0.807,0.111,-0.758,0.312,0.054,0.366,-2.502,1.986,2.197,1.532,0.266,2.95,3.263,1.618,0.549,1.754,1.361,0.758,-0.111,0.96,0.701,2.885,3.02,4.286,4.486,0.336,0.412,0.002,0.213,-0.112,0.023,-0.195,18.368,-0.343,28.735,0.22,-31.714,0.409,-77.789,-0.159,10.368,0.398,-50.081,0.559,-96.157,0.524,-60.449,0.659,-106.524,0.208,-46.075,0.668,0.209,0.137,0.759,0.327,0.214,-0.837,-1.153,-0.237,-2.054,-2.828,-0.884,0.184,0.118,0.077,-0.891,-1.821,-0.374,-1.71,-3.496,-1.093,-1.075,-1.596,-0.451,-1.894,-2.813,-1.211,-0.819,-1.217,-1.675,-0.181,-0.197,-0.458,-0.492,-0.549,-0.987,0.102,0.189,0.146,0.164,0.273,0.216,-0.341,-0.394,-0.529,0.278,0.596,0.343,0.35,0.65,0.397,0.566,0.99,0.738,0.654,0.991,0.765,0.088,0.072,0.062,-2.524,-4.2,0.361,-0.85,0.468,0.017,-1.833,-3.05,0.058,-1.035,0.206,-0.167,0.838,-1.975,0.187,-3.309,1.281,1.359,1.657,0.061,1.006,-0.815,1.953,2.07,-1.713,-3.388,1.172,-0.039,1.28,0.829,0.087,-0.798,0.307,0.07,0.278,-2.551,1.903,2.117,1.494,0.341,2.9,3.226,1.614,0.521,1.762,1.389,0.738,-0.147,0.957,0.721,2.778,2.915,4.234,4.443,0.357,0.434,0.011,0.225,-0.107,0.03
2018-10-03,CTD10,4170388,695646,0.01719515,0.023173135,0.029304998,0.008885841,0.0062144906,0.0015690916,0.001572099,0.0006205603,0.017134506,0.023164466,0.029379446,0.009119063,0.0062282817,0.0015291823,0.1625032,-8.000000000000001e-45,0.349,-0.148,15.003,-0.26,24.032,0.319,-54.383,0.469,-102.758,-0.117,9.03,0.446,-69.385,0.577,-117.761,0.535,-78.415,0.65,-126.79,0.177,-48.376,0.44,0.133,0.093,0.557,0.214,0.149,-1.26,-1.594,-0.338,-2.381,-3.011,-0.913,0.155,0.08,0.056,-1.193,-2.033,-0.431,-2.025,-3.451,-1.046,-1.348,-1.817,-0.487,-2.18,-2.938,-1.127,-0.832,-1.121,-1.418,-0.157,-0.168,-0.396,-0.378,-0.412,-0.802,0.158,0.283,0.234,0.209,0.343,0.288,-0.235,-0.262,-0.406,0.307,0.61,0.402,0.365,0.65,0.444,0.506,0.872,0.695,0.572,0.885,0.72,0.066,0.057,0.051,-2.556,-3.974,0.439,-0.688,0.53,0.043,-2.021,-3.142,0.203,-0.843,0.319,-0.113,1.144,-1.794,0.671,-2.78,1.667,1.723,1.976,0.159,1.502,-0.531,2.383,2.464,-1.95,-3.368,1.044,-0.082,1.136,0.648,0.274,-0.639,0.429,0.091,0.904,-2.108,2.246,2.396,2.025,0.431,3.212,3.426,1.321,0.274,1.436,1.005,0.748,-0.165,0.903,0.565,2.937,3.03,4.199,4.332,0.249,0.305,0.022,0.171,-0.058,0.035,-0.15,15.192,-0.263,24.324,0.305,-51.299,0.467,-102.196,-0.118,9.132,0.435,-66.491,0.576,-117.388,0.526,-75.623,0.65,-126.521,0.188,-50.898,0.446,0.139,0.095,0.563,0.222,0.151,-1.188,-1.507,-0.32,-2.367,-3.002,-0.932,0.156,0.083,0.057,-1.139,-1.953,-0.414,-2.011,-3.449,-1.07,-1.296,-1.752,-0.471,-2.168,-2.931,-1.154,-0.872,-1.179,-1.495,-0.157,-0.169,-0.393,-0.379,-0.417,-0.798,0.153,0.273,0.225,0.208,0.338,0.283,-0.237,-0.266,-0.405,0.302,0.601,0.394,0.364,0.645,0.44,0.503,0.867,0.689,0.574,0.882,0.717,0.072,0.062,0.055,-2.482,-3.977,0.429,-0.724,0.528,0.057,-1.957,-3.136,0.19,-0.881,0.314,-0.1,1.091,-1.84,0.611,-2.838,1.61,1.667,1.963,0.211,1.483,-0.471,2.357,2.441,-1.87,-3.365,1.042,-0.112,1.14,0.669,0.256,-0.676,0.425,0.105,0.826,-2.177,2.177,2.328,2.005,0.497,3.187,3.409,1.321,0.25,1.446,1.032,0.736,-0.196,0.905,0.585,2.858,2.953,4.185,4.323,0.263,0.32,0.03,0.182,-0.053,0.042
2018-10-03,CTD11,4169609,700351,0.012763762,0.019074917,0.022056276,0.006416882,0.0042512305,0.0010889927,0.0010752251,0.0004340628,0.012797469,0.019069618,0.02206354,0.0065831114,0.0044250935,0.0010679568,0.082405046,-8.000000000000001e-45,0.295,-0.198,25.922,-0.267,33.008,0.331,-77.492,0.5,-156.879,-0.072,7.086,0.497,-103.414,0.635,-182.801,0.549,-110.5,0.677,-189.887,0.203,-79.387,0.572,0.166,0.11,0.63,0.212,0.14,-1.478,-1.709,-0.329,-2.992,-3.46,-1.007,0.09,0.045,0.03,-1.32,-2.281,-0.44,-2.333,-4.032,-1.173,-1.41,-2.108,-0.47,-2.424,-3.622,-1.218,-1.013,-1.514,-1.751,-0.222,-0.24,-0.592,-0.365,-0.398,-0.871,0.154,0.272,0.241,0.207,0.334,0.299,-0.155,-0.175,-0.279,0.364,0.744,0.481,0.426,0.773,0.521,0.491,0.919,0.67,0.559,0.928,0.698,0.068,0.062,0.053,-2.768,-4.519,0.378,-0.84,0.476,0.007,-2.394,-3.908,0.242,-0.931,0.356,-0.084,1.124,-2.498,0.833,-3.199,1.766,1.796,2.138,0.03,1.846,-0.435,2.666,2.711,-1.943,-3.694,1.204,-0.015,1.302,0.832,0.362,-0.645,0.532,0.202,1.245,-2.216,2.64,2.78,2.759,1.05,3.984,4.196,1.392,0.219,1.505,1.066,0.654,-0.353,0.823,0.494,3.104,3.214,4.685,4.852,0.28,0.31,0.003,0.144,-0.042,0.068,-0.197,25.701,-0.266,32.817,0.321,-73.763,0.486,-147.843,-0.073,7.116,0.487,-99.464,0.623,-173.544,0.54,-106.58,0.666,-180.66,0.196,-74.08,0.567,0.169,0.114,0.626,0.216,0.145,-1.407,-1.627,-0.326,-2.819,-3.262,-0.973,0.091,0.047,0.031,-1.273,-2.195,-0.44,-2.221,-3.829,-1.142,-1.364,-2.032,-0.472,-2.312,-3.445,-1.189,-0.948,-1.413,-1.634,-0.219,-0.237,-0.57,-0.361,-0.394,-0.842,0.151,0.265,0.235,0.204,0.326,0.292,-0.154,-0.174,-0.272,0.358,0.725,0.471,0.42,0.756,0.511,0.486,0.899,0.659,0.554,0.91,0.688,0.068,0.062,0.052,-2.68,-4.315,0.373,-0.817,0.471,-0.001,-2.317,-3.729,0.235,-0.908,0.348,-0.092,1.08,-2.365,0.787,-3.042,1.712,1.743,2.028,-0.005,1.735,-0.46,2.547,2.594,-1.861,-3.496,1.192,0.002,1.29,0.818,0.35,-0.623,0.519,0.192,1.173,-2.089,2.551,2.696,2.585,0.958,3.795,4.011,1.379,0.236,1.492,1.052,0.643,-0.331,0.811,0.485,3.006,3.119,4.472,4.641,0.282,0.314,-0.001,0.145,-0.047,0.066
2018-10-03,CTD12,4173438,695414,0.01995402,0.028138714,0.036749624,0.010222261,0.0068013445,0.0016705522,0.0016638857,0.0006504344,0.019879857,0.02802891,0.036974624,0.010541282,0.0068726926,0.0016038297,0.118883125,-8.000000000000001e-45,0.292,-0.17,14.577,-0.296,22.904,0.322,-47.711,0.492,-96.915,-0.133,8.327,0.467,-62.287,0.611,-111.492,0.565,-70.615,0.688,-119.819,0.201,-49.204,0.536,0.149,0.099,0.644,0.234,0.156,-1.343,-1.753,-0.324,-2.727,-3.562,-0.991,0.166,0.085,0.057,-1.243,-2.289,-0.424,-2.225,-4.097,-1.14,-1.409,-1.987,-0.48,-2.391,-3.372,-1.225,-0.982,-1.385,-1.808,-0.174,-0.188,-0.481,-0.438,-0.481,-0.987,0.15,0.279,0.223,0.203,0.343,0.28,-0.285,-0.322,-0.506,0.316,0.67,0.411,0.376,0.707,0.454,0.552,0.991,0.759,0.623,0.992,0.781,0.071,0.06,0.053,-2.886,-4.694,0.431,-0.794,0.524,0.044,-2.21,-3.594,0.18,-0.96,0.301,-0.122,1.186,-2.185,0.646,-3.451,1.71,1.767,2.168,0.181,1.628,-0.661,2.571,2.656,-2.185,-3.993,1.132,-0.093,1.225,0.745,0.253,-0.737,0.425,0.1,0.911,-2.651,2.412,2.568,2.296,0.542,3.625,3.859,1.478,0.339,1.6,1.176,0.794,-0.197,0.965,0.641,3.254,3.353,4.891,5.04,0.271,0.327,0.022,0.178,-0.063,0.036,-0.17,14.625,-0.301,23.257,0.307,-44.563,0.486,-95.201,-0.138,8.632,0.453,-59.188,0.606,-109.826,0.556,-67.82,0.687,-118.458,0.211,-50.638,0.541,0.154,0.101,0.652,0.245,0.16,-1.249,-1.648,-0.306,-2.668,-3.52,-1.004,0.172,0.091,0.059,-1.177,-2.188,-0.407,-2.183,-4.061,-1.158,-1.348,-1.901,-0.466,-2.355,-3.32,-1.249,-1.007,-1.419,-1.872,-0.172,-0.186,-0.468,-0.443,-0.49,-0.982,0.144,0.268,0.213,0.2,0.337,0.274,-0.294,-0.334,-0.514,0.308,0.654,0.399,0.372,0.695,0.445,0.552,0.988,0.757,0.628,0.99,0.78,0.077,0.065,0.056,-2.798,-4.671,0.424,-0.825,0.523,0.057,-2.121,-3.541,0.162,-0.996,0.292,-0.114,1.128,-2.192,0.567,-3.494,1.641,1.7,2.135,0.234,1.573,-0.615,2.517,2.607,-2.098,-3.97,1.125,-0.124,1.224,0.758,0.228,-0.776,0.412,0.106,0.799,-2.721,2.313,2.473,2.218,0.571,3.548,3.793,1.484,0.326,1.615,1.208,0.789,-0.215,0.973,0.667,3.162,3.262,4.85,5.004,0.285,0.344,0.03,0.19,-0.061,0.04
2018-11-07,CTD1,4187246,695025,0.0059332387,0.0083479155,0.013358923,0.0041947723,0.0035915729,0.0008447212,0.00082684314,0.00032611878,0.005971409,0.008214933,0.013514646,0.004346841,0.003316134,0.00090753863,0.42127708,-8.000000000000001e-45,0.408,-0.169,48.752,-0.385,93.686,0.172,-69.85,0.246,-109.888,-0.231,44.934,0.331,-118.602,0.398,-158.639,0.522,-163.536,0.576,-203.573,0.077,-40.038,0.651,0.205,0.175,0.782,0.393,0.336,-0.583,-0.933,-0.251,-0.917,-1.468,-0.461,0.267,0.188,0.161,-0.704,-1.584,-0.426,-0.941,-2.119,-0.665,-0.97,-1.365,-0.587,-1.208,-1.699,-0.854,-0.238,-0.334,-0.535,-0.138,-0.142,-0.31,-0.592,-0.622,-0.954,0.08,0.146,0.103,0.108,0.187,0.133,-0.495,-0.526,-0.644,0.215,0.436,0.245,0.247,0.47,0.271,0.642,0.962,0.768,0.684,0.964,0.779,0.042,0.031,0.028,-2.474,-3.009,0.397,-0.457,0.442,-0.145,-1.546,-1.88,-0.058,-0.724,0.014,-0.412,0.79,-0.91,-0.186,-2.305,0.984,1.146,1.027,-0.338,0.052,-1.533,1.149,1.338,-1.778,-2.313,1.093,0.239,1.138,0.551,-0.082,-0.543,0.02,-0.231,-0.261,-1.729,1.385,1.721,0.073,-0.86,1.617,2.01,1.749,1.084,1.821,1.395,0.893,0.432,0.995,0.744,2.579,2.754,3.013,3.217,0.277,0.438,-0.103,0.234,-0.291,-0.116,-0.158,45.735,-0.387,93.471,0.157,-62.587,0.286,-134.091,-0.244,47.736,0.308,-108.323,0.425,-179.826,0.513,-156.058,0.606,-227.562,0.135,-71.504,0.618,0.199,0.152,0.768,0.406,0.31,-0.514,-0.846,-0.208,-1.102,-1.812,-0.583,0.285,0.207,0.158,-0.647,-1.464,-0.359,-1.074,-2.43,-0.782,-0.932,-1.282,-0.518,-1.359,-1.869,-0.989,-0.427,-0.587,-0.966,-0.126,-0.133,-0.293,-0.6,-0.654,-0.984,0.075,0.141,0.097,0.122,0.211,0.149,-0.514,-0.571,-0.692,0.199,0.416,0.23,0.251,0.475,0.274,0.646,0.987,0.795,0.719,0.988,0.812,0.073,0.053,0.047,-2.382,-3.349,0.405,-0.584,0.482,-0.036,-1.448,-2.035,-0.087,-0.869,0.038,-0.321,0.766,-1.104,-0.271,-2.702,0.97,1.128,1.193,-0.089,0.156,-1.308,1.272,1.479,-1.733,-2.7,1.054,0.065,1.13,0.613,-0.12,-0.703,0.053,-0.155,-0.373,-2.186,1.335,1.644,0.214,-0.632,1.749,2.156,1.734,0.952,1.86,1.5,0.917,0.334,1.09,0.882,2.554,2.705,3.347,3.546,0.324,0.483,-0.026,0.284,-0.234,-0.082
2018-11-07,CTD2,4181518,693105,0.0059126285,0.008978259,0.009788766,0.0011614317,0.00085089955,0.0001994268,0.00019119841,7.23531e-05,0.0058371737,0.008928795,0.009835696,0.0011573519,0.00079301524,0.00020810572,0.23152642,-2.878e-42,0.224,-0.206,57.749,-0.247,66.972,0.672,-691.877,0.748,-1006.097,-0.043,9.222,0.771,-749.626,0.827,-1063.847,0.788,-758.848,0.84,-1073.069,0.154,-314.221,0.565,0.067,0.049,0.601,0.078,0.057,-6.212,-6.773,-0.589,-9.033,-9.848,-1.169,0.055,0.011,0.008,-4.432,-7.338,-0.638,-6.29,-10.414,-1.236,-4.487,-6.813,-0.646,-6.345,-9.634,-1.246,-1.858,-2.821,-3.076,-0.28,-0.288,-1.523,-0.382,-0.394,-1.926,0.253,0.483,0.447,0.27,0.499,0.462,-0.115,-0.12,-0.403,0.498,1.156,0.735,0.518,1.149,0.742,0.579,1.276,0.878,0.6,1.263,0.881,0.021,0.02,0.017,-7.77,-10.845,0.54,-0.706,0.572,-0.074,-7.126,-9.947,0.475,-0.761,0.509,-0.129,4.174,-5.461,4.001,-6.413,4.996,5.004,6.031,-0.782,5.858,-1.48,6.819,6.83,-6.91,-9.986,1.4,0.154,1.432,0.786,0.721,-0.448,0.773,0.185,6.075,-3.774,7.586,7.643,8.896,2.123,10.355,10.433,1.526,0.291,1.561,0.923,0.894,-0.275,0.946,0.358,8.284,8.333,11.308,11.375,0.102,0.11,-0.015,0.042,-0.025,0.024,-0.209,59.319,-0.255,69.645,0.669,-692.726,0.761,-1089.694,-0.048,10.327,0.771,-752.044,0.837,-1149.013,0.789,-762.371,0.851,-1159.339,0.187,-396.968,0.583,0.069,0.047,0.622,0.081,0.055,-6.185,-6.813,-0.549,-9.73,-10.718,-1.261,0.06,0.012,0.008,-4.39,-7.397,-0.596,-6.707,-11.301,-1.33,-4.45,-6.807,-0.605,-6.767,-10.352,-1.342,-2.317,-3.544,-3.904,-0.281,-0.291,-1.585,-0.396,-0.411,-2.05,0.249,0.481,0.44,0.269,0.5,0.459,-0.13,-0.137,-0.465,0.496,1.172,0.731,0.519,1.163,0.74,0.588,1.309,0.893,0.612,1.293,0.897,0.025,0.023,0.019,-7.845,-11.749,0.536,-0.806,0.573,-0.031,-7.121,-10.666,0.464,-0.866,0.505,-0.092,4.136,-6.216,3.942,-7.359,4.955,4.963,6.453,-0.354,6.259,-1.138,7.231,7.243,-6.969,-10.873,1.412,0.07,1.449,0.844,0.71,-0.552,0.772,0.223,6.03,-4.688,7.579,7.634,9.574,2.761,11.061,11.142,1.555,0.226,1.596,1.0,0.903,-0.358,0.966,0.416,8.363,8.41,12.205,12.273,0.109,0.118,-0.006,0.049,-0.018,0.029
2018-11-07,CTD3,4181698,695238,0.00781587,0.0116288755,0.014339397,0.002829451,0.00210654,0.00048666148,0.00047806834,0.00018479231,0.0078080003,0.011600439,0.014446797,0.0028996787,0.0020175532,0.0005108935,0.09954424,-2.878e-42,0.518,-0.196,41.952,-0.294,58.207,0.468,-225.481,0.575,-346.767,-0.104,16.255,0.609,-267.433,0.693,-388.719,0.67,-283.688,0.744,-404.974,0.146,-121.287,0.602,0.119,0.088,0.677,0.165,0.123,-2.622,-3.233,-0.475,-4.033,-4.972,-0.981,0.127,0.046,0.034,-2.09,-3.835,-0.563,-3.038,-5.574,-1.1,-2.217,-3.299,-0.598,-3.165,-4.709,-1.146,-0.948,-1.41,-1.739,-0.222,-0.232,-0.772,-0.451,-0.475,-1.322,0.192,0.363,0.303,0.22,0.395,0.333,-0.255,-0.273,-0.549,0.397,0.887,0.535,0.43,0.895,0.555,0.592,1.16,0.838,0.629,1.149,0.846,0.037,0.033,0.028,-4.396,-6.135,0.475,-0.671,0.525,-0.072,-3.565,-4.975,0.302,-0.798,0.364,-0.199,1.951,-2.758,1.529,-4.045,2.581,2.615,2.899,-0.4,2.477,-1.358,3.467,3.513,-3.58,-5.319,1.291,0.145,1.341,0.743,0.449,-0.532,0.541,0.066,2.275,-2.697,3.84,3.963,3.686,0.452,5.158,5.323,1.591,0.491,1.654,1.09,0.871,-0.11,0.964,0.489,4.798,4.887,6.445,6.564,0.181,0.215,-0.026,0.096,-0.072,0.016,-0.195,41.87,-0.298,58.854,0.458,-216.792,0.589,-367.576,-0.109,16.984,0.6,-258.662,0.704,-409.446,0.666,-275.646,0.755,-426.43,0.179,-150.784,0.605,0.121,0.084,0.683,0.171,0.119,-2.515,-3.132,-0.437,-4.264,-5.31,-1.066,0.133,0.049,0.034,-2.02,-3.737,-0.522,-3.197,-5.915,-1.187,-2.152,-3.198,-0.556,-3.33,-4.947,-1.237,-1.177,-1.749,-2.178,-0.219,-0.23,-0.771,-0.458,-0.488,-1.35,0.188,0.36,0.298,0.222,0.399,0.334,-0.266,-0.29,-0.579,0.391,0.886,0.528,0.431,0.895,0.552,0.595,1.175,0.848,0.64,1.161,0.857,0.045,0.04,0.034,-4.309,-6.487,0.472,-0.764,0.533,-0.023,-3.46,-5.209,0.291,-0.897,0.367,-0.155,1.89,-3.057,1.447,-4.468,2.519,2.553,3.067,-0.131,2.625,-1.112,3.62,3.669,-3.496,-5.675,1.285,0.048,1.346,0.79,0.432,-0.634,0.545,0.107,2.15,-3.16,3.742,3.861,3.9,0.768,5.378,5.549,1.6,0.413,1.676,1.154,0.874,-0.192,0.987,0.55,4.724,4.808,6.789,6.911,0.197,0.232,-0.008,0.11,-0.058,0.027
2018-11-07,CTD4,4180266,698264,0.016299339,0.019269347,0.021795278,0.007388411,0.0054429867,0.0014582908,0.0014143188,0.0005670423,0.016254637,0.019161511,0.021663725,0.0073359217,0.0053762947,0.0014382022,0.13199909,-8.000000000000001e-45,0.429,-0.084,9.456,-0.144,15.471,0.376,-73.995,0.499,-122.37,-0.062,6.014,0.446,-83.451,0.559,-131.827,0.494,-89.466,0.6,-137.841,0.152,-48.376,0.206,0.07,0.051,0.298,0.114,0.084,-1.426,-1.613,-0.403,-2.358,-2.667,-0.904,0.098,0.044,0.033,-1.36,-1.819,-0.454,-2.149,-2.873,-0.974,-1.458,-1.724,-0.487,-2.247,-2.656,-1.018,-0.788,-0.932,-1.054,-0.102,-0.109,-0.231,-0.206,-0.222,-0.428,0.217,0.361,0.327,0.264,0.407,0.372,-0.107,-0.116,-0.197,0.312,0.546,0.436,0.363,0.584,0.474,0.405,0.663,0.583,0.46,0.69,0.613,0.055,0.051,0.047,-2.104,-3.158,0.507,-0.512,0.596,0.109,-1.86,-2.792,0.364,-0.61,0.465,0.011,1.322,-1.334,1.075,-1.798,1.924,1.956,2.11,0.387,1.863,0.045,2.611,2.656,-1.768,-2.822,0.843,-0.175,0.932,0.446,0.431,-0.473,0.55,0.147,1.271,-1.396,2.274,2.358,2.203,0.59,3.087,3.201,0.954,-0.02,1.055,0.6,0.678,-0.226,0.797,0.394,2.616,2.667,3.551,3.621,0.171,0.204,0.049,0.134,0.005,0.057,-0.082,9.333,-0.143,15.361,0.378,-74.795,0.503,-124.481,-0.061,6.028,0.446,-84.128,0.562,-133.814,0.494,-90.155,0.602,-139.842,0.154,-49.686,0.202,0.068,0.05,0.294,0.113,0.083,-1.433,-1.62,-0.402,-2.385,-2.697,-0.913,0.098,0.044,0.032,-1.367,-1.823,-0.452,-2.175,-2.899,-0.982,-1.465,-1.728,-0.485,-2.273,-2.68,-1.026,-0.808,-0.952,-1.076,-0.1,-0.108,-0.229,-0.204,-0.22,-0.426,0.218,0.363,0.33,0.266,0.411,0.375,-0.106,-0.116,-0.197,0.312,0.547,0.437,0.364,0.584,0.475,0.405,0.662,0.584,0.46,0.69,0.615,0.055,0.052,0.048,-2.105,-3.181,0.51,-0.516,0.6,0.115,-1.862,-2.814,0.367,-0.614,0.47,0.017,1.331,-1.348,1.085,-1.814,1.935,1.968,2.139,0.411,1.893,0.07,2.641,2.685,-1.774,-2.851,0.84,-0.186,0.931,0.446,0.433,-0.48,0.554,0.152,1.279,-1.417,2.281,2.364,2.231,0.611,3.113,3.225,0.95,-0.032,1.052,0.6,0.679,-0.234,0.8,0.398,2.622,2.673,3.578,3.647,0.171,0.203,0.052,0.135,0.008,0.058
2018-11-07,CTD6,4176009,695829,0.00844143,0.012753136,0.019230189,0.0047205393,0.0039108344,0.000864408,0.0008396321,0.00030923588,0.008459813,0.012643737,0.019317413,0.0049755154,0.0036141507,0.0009508703,0.17383498,-8.000000000000001e-45,0.173,-0.203,40.051,-0.39,66.462,0.283,-93.377,0.367,-137.237,-0.203,26.411,0.46,-133.428,0.531,-177.288,0.606,-159.839,0.662,-203.698,0.094,-43.86,0.77,0.189,0.157,0.848,0.314,0.26,-1.191,-1.796,-0.365,-1.75,-2.639,-0.648,0.223,0.125,0.103,-1.126,-2.566,-0.522,-1.497,-3.409,-0.837,-1.349,-2.038,-0.625,-1.72,-2.598,-0.962,-0.37,-0.559,-0.843,-0.18,-0.186,-0.5,-0.617,-0.647,-1.25,0.116,0.223,0.161,0.142,0.259,0.189,-0.492,-0.524,-0.75,0.29,0.65,0.347,0.32,0.672,0.369,0.685,1.175,0.871,0.723,1.164,0.877,0.038,0.029,0.025,-3.412,-4.255,0.416,-0.545,0.459,-0.167,-2.263,-2.822,0.069,-0.768,0.132,-0.39,1.125,-1.473,0.28,-3.129,1.482,1.585,1.495,-0.543,0.651,-1.915,1.788,1.913,-2.563,-3.406,1.265,0.304,1.307,0.682,0.104,-0.544,0.2,-0.165,0.424,-2.216,2.238,2.498,0.983,-0.813,2.702,3.016,1.908,1.071,1.971,1.45,0.949,0.301,1.045,0.679,3.61,3.767,4.358,4.547,0.253,0.356,-0.093,0.167,-0.218,-0.061,-0.198,39.115,-0.391,66.439,0.259,-82.778,0.401,-158.484,-0.209,27.324,0.435,-121.894,0.555,-197.6,0.59,-149.217,0.685,-224.923,0.158,-75.706,0.756,0.195,0.141,0.84,0.331,0.24,-1.047,-1.599,-0.299,-2.004,-3.062,-0.789,0.231,0.136,0.099,-1.031,-2.355,-0.441,-1.672,-3.817,-0.983,-1.262,-1.887,-0.539,-1.903,-2.844,-1.119,-0.64,-0.957,-1.462,-0.172,-0.182,-0.487,-0.616,-0.668,-1.264,0.109,0.214,0.152,0.152,0.275,0.199,-0.497,-0.553,-0.777,0.276,0.635,0.334,0.325,0.672,0.372,0.68,1.188,0.882,0.744,1.169,0.891,0.065,0.049,0.043,-3.213,-4.676,0.412,-0.708,0.482,-0.057,-2.103,-3.06,0.044,-0.939,0.152,-0.288,1.046,-1.798,0.172,-3.645,1.414,1.513,1.686,-0.2,0.813,-1.542,1.947,2.083,-2.388,-3.85,1.237,0.118,1.307,0.768,0.066,-0.722,0.227,-0.072,0.258,-2.804,2.114,2.354,1.215,-0.384,2.91,3.241,1.89,0.907,1.998,1.557,0.94,0.151,1.101,0.801,3.455,3.597,4.757,4.951,0.302,0.401,-0.034,0.206,-0.17,-0.028
2018-11-07,CTD7,4176724,690397,0.004261956,0.006254062,0.009798171,0.0019104943,0.0016146908,0.00035496088,0.00035382734,0.00013503598,0.0042506303,0.0061417264,0.009871665,0.0019860528,0.001455079,0.00038047857,0.4170241,-2.878e-42,0.232,-0.189,74.738,-0.394,132.574,0.381,-288.791,0.45,-384.68,-0.221,57.836,0.532,-363.529,0.59,-459.418,0.674,-421.365,0.717,-517.254,0.084,-95.889,0.732,0.143,0.121,0.829,0.253,0.214,-1.806,-2.83,-0.466,-2.406,-3.769,-0.735,0.246,0.11,0.093,-1.549,-3.562,-0.587,-1.958,-4.501,-0.878,-1.796,-2.635,-0.68,-2.205,-3.235,-0.988,-0.409,-0.6,-0.94,-0.17,-0.175,-0.565,-0.678,-0.704,-1.57,0.146,0.299,0.206,0.165,0.324,0.226,-0.574,-0.603,-1.005,0.309,0.739,0.381,0.33,0.752,0.396,0.75,1.342,1.002,0.778,1.326,1.002,0.028,0.021,0.018,-4.447,-5.387,0.486,-0.502,0.517,-0.164,-2.839,-3.438,0.129,-0.748,0.177,-0.41,1.593,-1.642,0.664,-3.837,1.973,2.066,2.001,-0.634,1.073,-2.489,2.334,2.445,-3.661,-4.601,1.272,0.284,1.303,0.622,0.19,-0.545,0.259,-0.207,0.975,-2.795,2.895,3.109,1.574,-1.255,3.425,3.678,1.994,1.116,2.041,1.454,1.118,0.383,1.188,0.722,4.75,4.87,5.62,5.763,0.19,0.283,-0.073,0.141,-0.184,-0.063,-0.182,72.439,-0.398,133.959,0.363,-268.252,0.49,-451.989,-0.233,61.521,0.511,-340.691,0.617,-524.427,0.665,-402.211,0.743,-585.948,0.154,-183.737,0.715,0.144,0.105,0.823,0.266,0.195,-1.648,-2.648,-0.39,-2.776,-4.462,-0.898,0.262,0.122,0.09,-1.448,-3.363,-0.496,-2.229,-5.177,-1.042,-1.71,-2.47,-0.585,-2.491,-3.599,-1.164,-0.781,-1.128,-1.814,-0.159,-0.167,-0.55,-0.692,-0.74,-1.633,0.141,0.298,0.2,0.175,0.344,0.236,-0.598,-0.654,-1.084,0.294,0.728,0.367,0.332,0.751,0.395,0.759,1.382,1.038,0.81,1.35,1.036,0.051,0.038,0.033,-4.278,-6.092,0.491,-0.673,0.545,-0.041,-2.662,-3.79,0.107,-0.934,0.194,-0.302,1.518,-2.081,0.533,-4.644,1.903,1.993,2.299,-0.171,1.314,-2.049,2.598,2.72,-3.526,-5.339,1.244,0.08,1.297,0.712,0.155,-0.743,0.28,-0.11,0.77,-3.692,2.75,2.945,1.898,-0.75,3.754,4.02,1.999,0.957,2.085,1.59,1.14,0.242,1.265,0.875,4.628,4.734,6.317,6.461,0.23,0.32,-0.019,0.176,-0.141,-0.036
2018-11-07,CTD8,4174178,693048,0.01732446,0.025015447,0.03246758,0.008423198,0.0056160903,0.001350449,0.0013291186,0.00051931856,0.017373743,0.025013592,0.032695726,0.008772272,0.0056943954,0.0013207847,0.13175602,-8.000000000000001e-45,0.347,-0.182,17.747,-0.304,26.922,0.346,-60.998,0.51,-120.338,-0.13,9.175,0.496,-78.744,0.633,-138.085,0.588,-87.92,0.705,-147.26,0.2,-59.34,0.576,0.149,0.1,0.673,0.227,0.151,-1.526,-1.98,-0.343,-3.01,-3.907,-1.014,0.159,0.077,0.052,-1.364,-2.557,-0.442,-2.392,-4.483,-1.163,-1.523,-2.199,-0.494,-2.551,-3.684,-1.24,-1.028,-1.484,-1.927,-0.188,-0.202,-0.548,-0.453,-0.494,-1.079,0.155,0.291,0.234,0.204,0.35,0.286,-0.289,-0.325,-0.531,0.333,0.723,0.436,0.39,0.753,0.474,0.568,1.048,0.785,0.634,1.043,0.803,0.066,0.056,0.049,-3.162,-5.089,0.433,-0.807,0.52,0.026,-2.436,-3.921,0.197,-0.966,0.309,-0.133,1.286,-2.397,0.759,-3.724,1.832,1.884,2.314,0.115,1.787,-0.77,2.748,2.825,-2.411,-4.337,1.185,-0.056,1.271,0.777,0.284,-0.729,0.446,0.104,1.096,-2.811,2.646,2.797,2.58,0.6,3.968,4.195,1.537,0.374,1.65,1.207,0.812,-0.202,0.974,0.631,3.53,3.63,5.295,5.444,0.262,0.313,0.013,0.164,-0.065,0.035,-0.18,17.58,-0.306,26.973,0.329,-56.437,0.506,-118.053,-0.133,9.393,0.481,-74.017,0.629,-135.633,0.577,-83.411,0.703,-145.026,0.213,-61.616,0.575,0.154,0.1,0.675,0.237,0.154,-1.412,-1.845,-0.321,-2.953,-3.86,-1.036,0.163,0.082,0.053,-1.286,-2.42,-0.421,-2.356,-4.435,-1.19,-1.449,-2.086,-0.475,-2.52,-3.628,-1.272,-1.07,-1.541,-2.015,-0.184,-0.199,-0.528,-0.454,-0.499,-1.059,0.149,0.28,0.224,0.202,0.346,0.282,-0.294,-0.333,-0.531,0.324,0.704,0.423,0.386,0.739,0.466,0.564,1.037,0.779,0.637,1.033,0.799,0.073,0.061,0.053,-3.033,-5.047,0.426,-0.846,0.52,0.045,-2.32,-3.861,0.181,-1.009,0.304,-0.118,1.215,-2.412,0.673,-3.761,1.753,1.806,2.286,0.2,1.744,-0.676,2.7,2.783,-2.287,-4.302,1.171,-0.101,1.266,0.791,0.26,-0.775,0.437,0.116,0.97,-2.89,2.524,2.677,2.511,0.666,3.888,4.124,1.531,0.341,1.654,1.233,0.802,-0.233,0.979,0.658,3.399,3.5,5.237,5.391,0.277,0.331,0.023,0.177,-0.059,0.041
2018-11-07,CTD10,4170388,695646,0.0058126585,0.008916427,0.0111178,0.0023052432,0.001691197,0.0003979449,0.0003924906,0.00015458261,0.0057817684,0.008780604,0.011193052,0.002331233,0.0015971243,0.00040389184,0.21747252,-2.878e-42,0.355,-0.211,59.886,-0.313,82.092,0.432,-261.755,0.549,-419.259,-0.11,22.207,0.589,-321.641,0.681,-479.145,0.657,-343.848,0.736,-501.351,0.154,-157.503,0.666,0.138,0.101,0.732,0.189,0.139,-2.334,-2.91,-0.443,-3.738,-4.661,-0.966,0.129,0.051,0.038,-1.87,-3.576,-0.544,-2.785,-5.327,-1.105,-1.999,-3.066,-0.582,-2.914,-4.47,-1.156,-0.916,-1.404,-1.751,-0.231,-0.242,-0.777,-0.473,-0.5,-1.327,0.175,0.331,0.274,0.206,0.367,0.307,-0.271,-0.293,-0.551,0.39,0.881,0.516,0.427,0.89,0.538,0.598,1.174,0.831,0.64,1.161,0.84,0.042,0.036,0.031,-4.171,-5.922,0.445,-0.711,0.5,-0.082,-3.345,-4.749,0.264,-0.84,0.333,-0.211,1.719,-2.751,1.275,-4.052,2.332,2.369,2.635,-0.431,2.19,-1.386,3.178,3.23,-3.289,-5.04,1.327,0.171,1.382,0.8,0.405,-0.561,0.511,0.068,1.955,-2.706,3.577,3.716,3.36,0.449,4.876,5.065,1.654,0.55,1.723,1.179,0.85,-0.116,0.956,0.513,4.532,4.633,6.177,6.315,0.207,0.244,-0.032,0.106,-0.084,0.018,-0.206,59.07,-0.319,83.616,0.425,-256.0,0.567,-453.168,-0.121,24.546,0.58,-315.07,0.692,-512.238,0.655,-339.616,0.75,-536.784,0.187,-197.168,0.661,0.138,0.094,0.734,0.195,0.134,-2.248,-2.865,-0.409,-3.979,-5.072,-1.056,0.142,0.057,0.039,-1.822,-3.527,-0.503,-2.962,-5.734,-1.194,-1.964,-2.982,-0.542,-3.104,-4.713,-1.251,-1.14,-1.731,-2.207,-0.222,-0.234,-0.763,-0.487,-0.521,-1.377,0.173,0.332,0.27,0.21,0.377,0.309,-0.297,-0.327,-0.614,0.38,0.874,0.504,0.423,0.885,0.531,0.609,1.201,0.854,0.659,1.183,0.864,0.05,0.043,0.037,-4.143,-6.35,0.45,-0.801,0.516,-0.027,-3.25,-4.981,0.251,-0.943,0.335,-0.169,1.696,-3.018,1.205,-4.528,2.298,2.337,2.836,-0.146,2.345,-1.181,3.355,3.412,-3.283,-5.49,1.31,0.059,1.376,0.834,0.381,-0.675,0.508,0.099,1.831,-3.242,3.49,3.624,3.562,0.696,5.095,5.289,1.67,0.476,1.754,1.251,0.872,-0.185,0.999,0.59,4.525,4.619,6.605,6.743,0.221,0.261,-0.011,0.123,-0.068,0.026
2018-11-07,CTD11,4169609,700351,0.011374751,0.01586488,0.02161579,0.006335975,0.0047501572,0.0012023145,0.0011876568,0.00047173255,0.011378267,0.015767204,0.021623407,0.0064656646,0.0046626613,0.0012162565,0.21296708,-8.000000000000001e-45,0.407,-0.165,24.882,-0.31,41.652,0.285,-69.915,0.411,-122.605,-0.153,16.77,0.429,-94.797,0.539,-147.487,0.547,-111.566,0.64,-164.257,0.143,-52.69,0.538,0.158,0.118,0.661,0.264,0.198,-1.109,-1.511,-0.332,-1.945,-2.65,-0.777,0.191,0.106,0.08,-1.078,-2.049,-0.45,-1.678,-3.188,-0.934,-1.269,-1.77,-0.53,-1.868,-2.606,-1.041,-0.599,-0.836,-1.139,-0.161,-0.17,-0.405,-0.461,-0.497,-0.924,0.134,0.244,0.191,0.177,0.298,0.237,-0.325,-0.357,-0.519,0.289,0.591,0.361,0.337,0.628,0.398,0.561,0.948,0.741,0.619,0.952,0.76,0.058,0.048,0.042,-2.695,-3.834,0.424,-0.617,0.497,-0.033,-1.978,-2.814,0.127,-0.808,0.227,-0.223,1.061,-1.545,0.433,-2.755,1.496,1.576,1.661,-0.109,1.032,-1.017,1.995,2.101,-2.017,-3.156,1.102,0.061,1.175,0.645,0.177,-0.6,0.316,-0.016,0.604,-2.047,2.086,2.284,1.44,-0.072,2.783,3.047,1.501,0.566,1.601,1.151,0.805,0.029,0.945,0.613,2.994,3.112,3.994,4.151,0.258,0.337,-0.018,0.18,-0.124,-0.006,-0.162,24.464,-0.31,41.641,0.275,-66.776,0.419,-126.583,-0.157,17.177,0.418,-91.24,0.544,-151.047,0.54,-108.417,0.645,-168.224,0.162,-59.807,0.529,0.158,0.114,0.657,0.269,0.194,-1.053,-1.444,-0.311,-1.996,-2.737,-0.818,0.195,0.111,0.08,-1.038,-1.973,-0.425,-1.719,-3.266,-0.977,-1.234,-1.709,-0.506,-1.914,-2.652,-1.088,-0.68,-0.943,-1.293,-0.156,-0.167,-0.394,-0.461,-0.501,-0.921,0.131,0.24,0.187,0.18,0.302,0.239,-0.328,-0.365,-0.526,0.282,0.58,0.354,0.336,0.622,0.395,0.558,0.945,0.742,0.625,0.951,0.763,0.066,0.055,0.048,-2.623,-3.916,0.423,-0.665,0.506,0.0,-1.912,-2.855,0.116,-0.86,0.23,-0.195,1.031,-1.622,0.388,-2.878,1.464,1.544,1.711,0.002,1.069,-0.904,2.03,2.141,-1.959,-3.252,1.087,-0.001,1.17,0.665,0.161,-0.658,0.319,0.008,0.538,-2.199,2.029,2.223,1.481,0.037,2.813,3.083,1.49,0.514,1.605,1.179,0.803,-0.015,0.962,0.65,2.935,3.049,4.069,4.227,0.273,0.353,0.0,0.194,-0.111,0.003
2018-11-07,CTD12,4173438,695414,0.0098239565,0.015466595,0.018913945,0.0028311727,0.001959817,0.000483994,0.00046131585,0.00017845935,0.009786669,0.015428498,0.01900236,0.002836614,0.0019464024,0.0005023334,0.107426696,-2.878e-42,0.577,-0.223,37.137,-0.316,48.921,0.553,-251.419,0.667,-408.46,-0.1,11.784,0.691,-288.555,0.775,-445.596,0.74,-300.339,0.812,-457.381,0.182,-157.041,0.702,0.105,0.073,0.757,0.139,0.096,-3.889,-4.755,-0.493,-6.317,-7.726,-1.156,0.116,0.033,0.023,-2.835,-5.458,-0.566,-4.378,-8.428,-1.262,-2.951,-4.645,-0.589,-4.493,-7.074,-1.295,-1.543,-2.429,-2.97,-0.259,-0.27,-1.178,-0.497,-0.522,-1.897,0.203,0.401,0.335,0.229,0.43,0.362,-0.272,-0.293,-0.72,0.44,1.072,0.605,0.47,1.067,0.621,0.636,1.365,0.923,0.67,1.34,0.927,0.034,0.03,0.025,-6.045,-9.016,0.485,-0.809,0.532,-0.057,-4.944,-7.372,0.336,-0.925,0.393,-0.173,2.652,-4.422,2.247,-6.181,3.343,3.366,4.195,-0.45,3.79,-1.668,4.83,4.863,-5.106,-8.076,1.425,0.13,1.471,0.882,0.53,-0.627,0.618,0.126,3.538,-4.188,5.263,5.359,5.967,1.211,7.604,7.742,1.742,0.481,1.799,1.233,0.935,-0.222,1.023,0.531,6.481,6.554,9.363,9.468,0.161,0.185,-0.016,0.079,-0.05,0.023,-0.224,37.365,-0.32,49.555,0.551,-250.353,0.668,-411.589,-0.104,12.19,0.689,-287.718,0.776,-448.953,0.74,-299.908,0.814,-461.143,0.186,-161.235,0.71,0.106,0.073,0.765,0.141,0.096,-3.863,-4.757,-0.487,-6.35,-7.821,-1.168,0.119,0.035,0.024,-2.816,-5.467,-0.56,-4.394,-8.531,-1.274,-2.935,-4.627,-0.584,-4.513,-7.115,-1.308,-1.578,-2.488,-3.064,-0.258,-0.269,-1.18,-0.505,-0.53,-1.927,0.202,0.4,0.332,0.228,0.429,0.359,-0.283,-0.305,-0.747,0.437,1.073,0.601,0.468,1.068,0.617,0.641,1.378,0.93,0.676,1.351,0.934,0.035,0.031,0.026,-6.065,-9.128,0.485,-0.823,0.532,-0.052,-4.924,-7.412,0.331,-0.942,0.389,-0.171,2.638,-4.477,2.218,-6.313,3.324,3.348,4.216,-0.411,3.796,-1.671,4.844,4.879,-5.122,-8.186,1.427,0.119,1.474,0.89,0.522,-0.645,0.613,0.126,3.497,-4.324,5.24,5.337,5.985,1.228,7.637,7.777,1.758,0.484,1.816,1.255,0.942,-0.226,1.033,0.545,6.5,6.573,9.473,9.579,0.164,0.187,-0.015,0.081,-0.05,0.023
2019-03-12,CTD1,4187246,695025,0.0142640155,0.018723391,0.026616765,0.008539501,0.00681977,0.0017556895,0.0017761044,0.0006938158,0.014188042,0.01865491,0.026746446,0.0087465,0.0065715024,0.0017426161,0.26280963,-8.000000000000001e-45,0.065,-0.135,16.697,-0.302,32.536,0.251,-46.996,0.353,-76.526,-0.174,15.839,0.374,-63.694,0.466,-93.223,0.514,-79.533,0.592,-109.062,0.112,-29.53,0.444,0.143,0.114,0.609,0.278,0.222,-0.88,-1.251,-0.321,-1.433,-2.037,-0.653,0.226,0.135,0.108,-0.909,-1.695,-0.434,-1.33,-2.481,-0.796,-1.134,-1.489,-0.542,-1.556,-2.042,-0.931,-0.421,-0.553,-0.786,-0.127,-0.133,-0.29,-0.453,-0.484,-0.804,0.126,0.224,0.171,0.164,0.273,0.212,-0.346,-0.374,-0.514,0.249,0.483,0.305,0.291,0.522,0.339,0.548,0.857,0.708,0.6,0.868,0.726,0.052,0.042,0.038,-2.355,-3.141,0.441,-0.49,0.506,-0.037,-1.657,-2.21,0.08,-0.716,0.172,-0.263,0.967,-1.075,0.249,-2.233,1.306,1.414,1.388,-0.101,0.67,-1.025,1.635,1.771,-1.804,-2.59,0.992,0.06,1.056,0.514,0.105,-0.549,0.225,-0.095,0.327,-1.71,1.714,1.936,0.879,-0.371,2.147,2.425,1.41,0.614,1.502,1.067,0.823,0.169,0.943,0.623,2.639,2.753,3.304,3.447,0.234,0.342,-0.022,0.2,-0.157,-0.043,-0.136,16.877,-0.307,33.094,0.237,-43.85,0.367,-81.69,-0.178,16.217,0.362,-60.726,0.479,-98.567,0.507,-76.943,0.606,-114.784,0.142,-37.841,0.451,0.148,0.111,0.617,0.289,0.217,-0.818,-1.173,-0.288,-1.524,-2.185,-0.715,0.23,0.142,0.107,-0.862,-1.624,-0.399,-1.398,-2.636,-0.862,-1.092,-1.435,-0.506,-1.629,-2.141,-1.004,-0.537,-0.706,-1.012,-0.126,-0.134,-0.292,-0.458,-0.498,-0.82,0.12,0.216,0.163,0.168,0.278,0.215,-0.353,-0.39,-0.528,0.242,0.477,0.297,0.295,0.527,0.34,0.548,0.867,0.714,0.614,0.88,0.736,0.066,0.053,0.048,-2.297,-3.31,0.434,-0.57,0.515,0.009,-1.602,-2.308,0.062,-0.801,0.178,-0.221,0.925,-1.217,0.188,-2.448,1.27,1.376,1.462,0.026,0.725,-0.899,1.69,1.832,-1.743,-2.755,0.988,-0.016,1.069,0.564,0.081,-0.634,0.234,-0.054,0.248,-1.937,1.67,1.887,0.954,-0.219,2.222,2.512,1.416,0.554,1.533,1.134,0.817,0.103,0.971,0.682,2.595,2.706,3.454,3.601,0.264,0.371,0.006,0.223,-0.136,-0.025
2019-03-12,CTD2,4181518,693105,0.01609499,0.023165375,0.02414347,0.003399793,0.002121246,0.0005529229,0.0005248556,0.0002047481,0.01616584,0.02315286,0.024361936,0.0033892863,0.0022033213,0.0005589719,0.05774536,-8.000000000000001e-45,0.163,-0.18,18.963,-0.2,20.712,0.651,-232.004,0.767,-409.29,-0.021,1.749,0.744,-250.968,0.832,-428.253,0.753,-252.716,0.838,-430.002,0.232,-177.285,0.458,0.064,0.04,0.48,0.07,0.044,-5.374,-5.601,-0.492,-9.481,-9.882,-1.392,0.028,0.006,0.004,-4.039,-6.059,-0.532,-6.893,-10.34,-1.456,-4.067,-5.854,-0.536,-6.921,-9.961,-1.462,-2.853,-4.107,-4.28,-0.257,-0.269,-1.281,-0.303,-0.318,-1.458,0.268,0.502,0.483,0.295,0.526,0.507,-0.05,-0.054,-0.177,0.491,1.085,0.753,0.523,1.079,0.764,0.528,1.139,0.82,0.561,1.13,0.829,0.033,0.032,0.027,-6.407,-10.687,0.554,-0.908,0.607,0.071,-6.147,-10.254,0.52,-0.936,0.575,0.043,3.775,-6.187,3.692,-6.648,4.643,4.646,6.628,0.774,6.545,0.486,7.441,7.447,-5.662,-9.942,1.298,-0.163,1.351,0.815,0.748,-0.643,0.828,0.336,5.314,-4.568,6.682,6.726,9.421,3.819,10.709,10.78,1.353,-0.103,1.408,0.876,0.831,-0.561,0.91,0.418,6.97,7.01,11.171,11.235,0.12,0.123,0.015,0.059,0.009,0.049,-0.178,18.668,-0.202,20.811,0.653,-233.189,0.76,-392.001,-0.025,2.144,0.745,-251.856,0.826,-410.669,0.756,-254.0,0.834,-412.813,0.212,-158.813,0.455,0.063,0.041,0.482,0.071,0.046,-5.399,-5.681,-0.514,-9.076,-9.55,-1.329,0.035,0.007,0.005,-4.071,-6.136,-0.555,-6.639,-10.005,-1.392,-4.106,-5.881,-0.56,-6.673,-9.558,-1.399,-2.567,-3.677,-3.869,-0.252,-0.263,-1.249,-0.309,-0.323,-1.466,0.269,0.504,0.481,0.294,0.526,0.503,-0.062,-0.066,-0.216,0.488,1.076,0.744,0.517,1.071,0.755,0.533,1.142,0.827,0.564,1.133,0.835,0.03,0.029,0.025,-6.49,-10.359,0.559,-0.84,0.608,0.048,-6.168,-9.845,0.517,-0.875,0.568,0.013,3.819,-5.738,3.717,-6.287,4.675,4.679,6.387,0.506,6.285,0.149,7.191,7.198,-5.756,-9.625,1.293,-0.106,1.342,0.782,0.741,-0.588,0.814,0.3,5.324,-4.226,6.695,6.741,9.001,3.32,10.299,10.369,1.361,-0.031,1.412,0.857,0.843,-0.486,0.916,0.402,7.052,7.093,10.847,10.911,0.114,0.119,0.01,0.056,0.003,0.044
2019-03-12,CTD3,4181698,695238,0.018231649,0.025333947,0.030755144,0.0072086384,0.004888409,0.0011929473,0.0011773468,0.0004611739,0.018281229,0.025257744,0.031035708,0.0074497927,0.0049118795,0.0011834967,0.09662334,-8.000000000000001e-45,0.243,-0.163,15.377,-0.256,22.335,0.433,-83.873,0.577,-149.716,-0.097,6.958,0.557,-99.25,0.677,-165.093,0.62,-106.208,0.726,-172.051,0.192,-65.843,0.473,0.111,0.075,0.566,0.161,0.109,-2.125,-2.58,-0.41,-3.793,-4.605,-1.079,0.127,0.05,0.034,-1.809,-3.052,-0.485,-3.01,-5.077,-1.19,-1.936,-2.691,-0.519,-3.137,-4.359,-1.24,-1.2,-1.668,-2.025,-0.187,-0.199,-0.587,-0.385,-0.414,-1.035,0.197,0.365,0.309,0.238,0.41,0.351,-0.213,-0.234,-0.448,0.37,0.784,0.509,0.417,0.804,0.539,0.54,1.018,0.779,0.594,1.017,0.795,0.053,0.047,0.041,-3.547,-5.572,0.485,-0.755,0.561,0.042,-2.922,-4.59,0.308,-0.882,0.4,-0.085,1.705,-2.653,1.315,-3.762,2.336,2.37,2.906,0.215,2.516,-0.537,3.445,3.495,-2.877,-4.902,1.155,-0.085,1.231,0.711,0.428,-0.651,0.556,0.146,1.827,-2.777,3.246,3.355,3.496,0.916,4.787,4.948,1.402,0.212,1.494,1.009,0.819,-0.261,0.946,0.536,3.998,4.073,5.896,6.007,0.202,0.236,0.016,0.126,-0.034,0.041,-0.16,15.109,-0.259,22.48,0.421,-79.531,0.576,-148.887,-0.103,7.371,0.544,-94.64,0.674,-163.996,0.613,-102.011,0.727,-171.367,0.205,-69.356,0.469,0.113,0.074,0.568,0.167,0.11,-2.009,-2.468,-0.391,-3.761,-4.621,-1.109,0.135,0.055,0.036,-1.73,-2.937,-0.465,-2.998,-5.09,-1.222,-1.865,-2.577,-0.501,-3.133,-4.328,-1.277,-1.268,-1.752,-2.153,-0.181,-0.194,-0.564,-0.39,-0.423,-1.032,0.192,0.359,0.301,0.237,0.409,0.347,-0.225,-0.249,-0.467,0.361,0.768,0.495,0.413,0.791,0.529,0.542,1.017,0.782,0.6,1.015,0.799,0.058,0.051,0.045,-3.442,-5.595,0.484,-0.793,0.566,0.064,-2.801,-4.553,0.294,-0.928,0.395,-0.07,1.64,-2.688,1.225,-3.865,2.259,2.296,2.908,0.331,2.493,-0.444,3.427,3.482,-2.784,-4.937,1.142,-0.135,1.223,0.722,0.406,-0.703,0.545,0.154,1.693,-2.928,3.122,3.232,3.444,0.976,4.735,4.902,1.403,0.181,1.503,1.038,0.821,-0.288,0.96,0.569,3.897,3.972,5.911,6.024,0.213,0.249,0.026,0.137,-0.029,0.046
2019-03-12,CTD4,4180266,698264,0.0076935003,0.010827303,0.013647688,0.002584144,0.001991368,0.00045172457,0.00045407645,0.00017387573,0.00769712,0.010733808,0.013751312,0.0026246046,0.0018438617,0.0004837174,0.23249269,-2.878e-42,0.2,-0.169,37.621,-0.279,56.707,0.497,-256.995,0.589,-372.188,-0.115,19.087,0.615,-294.616,0.689,-409.808,0.682,-313.703,0.745,-428.895,0.13,-115.192,0.513,0.097,0.075,0.614,0.147,0.113,-2.783,-3.507,-0.512,-4.03,-5.079,-0.962,0.147,0.049,0.038,-2.267,-4.021,-0.587,-3.153,-5.593,-1.059,-2.413,-3.397,-0.625,-3.3,-4.644,-1.108,-0.886,-1.247,-1.572,-0.193,-0.2,-0.685,-0.444,-0.464,-1.301,0.209,0.399,0.327,0.233,0.425,0.351,-0.274,-0.291,-0.616,0.386,0.851,0.527,0.414,0.86,0.544,0.597,1.142,0.863,0.629,1.134,0.869,0.032,0.028,0.024,-4.571,-6.143,0.521,-0.587,0.565,-0.06,-3.626,-4.873,0.325,-0.734,0.38,-0.207,2.184,-2.46,1.717,-3.876,2.793,2.831,3.07,-0.326,2.603,-1.418,3.625,3.674,-3.874,-5.446,1.218,0.11,1.261,0.637,0.457,-0.504,0.535,0.023,2.416,-2.664,3.931,4.044,3.663,0.156,5.101,5.248,1.535,0.476,1.59,1.003,0.925,-0.037,1.002,0.49,5.022,5.097,6.518,6.615,0.152,0.19,-0.02,0.093,-0.069,0.005,-0.165,36.755,-0.282,57.198,0.491,-251.091,0.613,-412.421,-0.123,20.443,0.607,-287.846,0.707,-449.176,0.679,-308.289,0.764,-469.62,0.175,-161.33,0.505,0.096,0.068,0.614,0.15,0.105,-2.695,-3.453,-0.463,-4.427,-5.671,-1.082,0.157,0.054,0.038,-2.216,-3.958,-0.531,-3.457,-6.177,-1.179,-2.373,-3.309,-0.568,-3.615,-5.041,-1.233,-1.242,-1.732,-2.219,-0.185,-0.195,-0.68,-0.453,-0.481,-1.355,0.207,0.403,0.325,0.239,0.438,0.357,-0.292,-0.316,-0.675,0.378,0.85,0.52,0.414,0.861,0.543,0.604,1.166,0.885,0.646,1.154,0.891,0.042,0.036,0.032,-4.522,-6.741,0.526,-0.706,0.583,0.015,-3.53,-5.262,0.315,-0.864,0.388,-0.143,2.152,-2.889,1.652,-4.525,2.761,2.799,3.394,0.085,2.893,-1.065,3.93,3.984,-3.845,-6.063,1.204,-0.029,1.26,0.692,0.44,-0.643,0.541,0.078,2.303,-3.368,3.85,3.956,4.035,0.582,5.48,5.631,1.542,0.363,1.615,1.084,0.94,-0.142,1.042,0.579,5.0,5.068,7.117,7.213,0.169,0.207,0.005,0.11,-0.049,0.019
2019-03-12,CTD6,4176009,695829,0.01343762,0.019965043,0.02196168,0.003173702,0.0020885065,0.0005236557,0.0005058337,0.00019616535,0.013458747,0.019776812,0.022166163,0.0031822734,0.0021158487,0.0005375032,0.11576997,-2.878e-42,0.189,-0.195,24.33,-0.241,28.884,0.618,-240.672,0.731,-404.393,-0.048,4.554,0.726,-265.002,0.811,-428.724,0.747,-269.556,0.826,-433.277,0.206,-163.722,0.534,0.077,0.051,0.577,0.092,0.06,-4.805,-5.286,-0.503,-8.074,-8.881,-1.283,0.061,0.014,0.01,-3.561,-5.82,-0.553,-5.761,-9.415,-1.361,-3.622,-5.382,-0.563,-5.822,-8.65,-1.375,-2.2,-3.269,-3.596,-0.26,-0.271,-1.24,-0.368,-0.387,-1.62,0.245,0.465,0.427,0.271,0.49,0.452,-0.12,-0.129,-0.379,0.474,1.081,0.698,0.505,1.076,0.711,0.562,1.21,0.852,0.595,1.196,0.859,0.032,0.031,0.026,-6.247,-9.842,0.529,-0.847,0.578,0.015,-5.679,-8.948,0.453,-0.908,0.507,-0.046,3.325,-5.325,3.134,-6.281,4.129,4.139,5.525,0.143,5.334,-0.486,6.275,6.29,-5.434,-9.03,1.341,-0.034,1.391,0.828,0.673,-0.611,0.754,0.251,4.656,-4.225,6.135,6.196,7.925,2.64,9.323,9.415,1.475,0.115,1.53,0.976,0.864,-0.42,0.945,0.442,6.764,6.815,10.279,10.357,0.132,0.141,0.004,0.064,-0.011,0.04,-0.19,23.737,-0.244,29.187,0.618,-239.94,0.728,-398.322,-0.057,5.45,0.723,-263.676,0.807,-422.059,0.749,-269.127,0.826,-427.51,0.201,-158.383,0.526,0.076,0.05,0.577,0.093,0.062,-4.745,-5.319,-0.508,-7.878,-8.829,-1.268,0.073,0.017,0.012,-3.549,-5.845,-0.558,-5.68,-9.355,-1.343,-3.622,-5.322,-0.569,-5.754,-8.455,-1.36,-2.132,-3.132,-3.511,-0.249,-0.26,-1.193,-0.379,-0.398,-1.643,0.245,0.469,0.423,0.27,0.494,0.447,-0.144,-0.153,-0.451,0.466,1.065,0.683,0.496,1.061,0.697,0.571,1.219,0.867,0.603,1.205,0.873,0.032,0.03,0.025,-6.285,-9.796,0.537,-0.823,0.585,0.016,-5.608,-8.74,0.446,-0.897,0.5,-0.058,3.337,-5.118,3.108,-6.247,4.122,4.134,5.469,0.146,5.24,-0.605,6.2,6.217,-5.496,-9.007,1.326,-0.035,1.374,0.805,0.656,-0.612,0.735,0.227,4.568,-4.262,6.057,6.119,7.7,2.381,9.111,9.203,1.486,0.143,1.54,0.982,0.884,-0.383,0.964,0.456,6.808,6.859,10.24,10.315,0.129,0.141,0.004,0.065,-0.014,0.037
2019-03-12,CTD7,4176724,690397,0.011025638,0.015093704,0.01935173,0.0044292277,0.0031987315,0.00080567005,0.00081078114,0.00032002258,0.011069643,0.014967115,0.019409124,0.0045691477,0.0031476878,0.00082795275,0.23808628,-8.000000000000001e-45,0.151,-0.156,24.445,-0.274,39.023,0.427,-135.075,0.55,-221.926,-0.124,14.578,0.546,-159.52,0.65,-246.371,0.627,-174.098,0.716,-260.949,0.161,-86.851,0.473,0.108,0.078,0.589,0.173,0.125,-2.039,-2.614,-0.432,-3.35,-4.295,-0.983,0.161,0.065,0.047,-1.759,-3.087,-0.51,-2.716,-4.768,-1.091,-1.92,-2.628,-0.557,-2.877,-3.939,-1.156,-0.958,-1.311,-1.681,-0.171,-0.18,-0.533,-0.426,-0.455,-1.092,0.192,0.361,0.293,0.227,0.401,0.329,-0.276,-0.299,-0.558,0.351,0.75,0.473,0.392,0.77,0.5,0.571,1.049,0.816,0.618,1.045,0.827,0.047,0.041,0.036,-3.639,-5.319,0.502,-0.654,0.565,0.008,-2.838,-4.149,0.276,-0.815,0.358,-0.152,1.709,-2.229,1.207,-3.561,2.277,2.324,2.667,0.039,2.165,-0.922,3.153,3.218,-3.0,-4.681,1.14,-0.016,1.204,0.647,0.378,-0.605,0.49,0.058,1.653,-2.642,3.118,3.242,2.963,0.35,4.317,4.49,1.462,0.37,1.543,1.033,0.88,-0.103,0.992,0.56,4.079,4.157,5.648,5.756,0.19,0.236,0.003,0.128,-0.061,0.017,-0.15,23.524,-0.274,38.815,0.416,-128.522,0.557,-227.356,-0.129,15.291,0.532,-152.046,0.652,-250.88,0.619,-167.337,0.721,-266.171,0.184,-98.834,0.457,0.107,0.074,0.581,0.177,0.122,-1.924,-2.495,-0.405,-3.403,-4.413,-1.039,0.169,0.07,0.048,-1.683,-2.951,-0.479,-2.777,-4.869,-1.146,-1.852,-2.505,-0.527,-2.946,-3.984,-1.216,-1.094,-1.479,-1.918,-0.163,-0.173,-0.505,-0.427,-0.46,-1.081,0.189,0.359,0.288,0.23,0.406,0.33,-0.284,-0.312,-0.576,0.341,0.731,0.461,0.388,0.756,0.493,0.57,1.044,0.819,0.625,1.04,0.832,0.055,0.047,0.041,-3.508,-5.427,0.504,-0.712,0.577,0.051,-2.705,-4.185,0.265,-0.881,0.36,-0.119,1.652,-2.332,1.126,-3.743,2.212,2.261,2.746,0.241,2.22,-0.731,3.211,3.281,-2.896,-4.814,1.117,-0.1,1.19,0.663,0.358,-0.68,0.487,0.082,1.522,-2.89,2.991,3.114,3.002,0.507,4.342,4.52,1.448,0.302,1.543,1.064,0.884,-0.155,1.012,0.608,3.964,4.038,5.753,5.861,0.202,0.251,0.021,0.143,-0.049,0.025
2019-03-12,CTD8,4174178,693048,0.010381842,0.014640334,0.01991802,0.005287617,0.0037666773,0.0009438538,0.0009188437,0.0003635726,0.010427436,0.014416866,0.019835833,0.005440189,0.0037951716,0.00095666887,0.23794493,-8.000000000000001e-45,0.117,-0.17,28.018,-0.315,46.116,0.325,-92.799,0.468,-169.164,-0.153,18.099,0.469,-120.817,0.591,-197.182,0.58,-138.915,0.682,-215.28,0.168,-76.365,0.558,0.148,0.106,0.675,0.244,0.174,-1.359,-1.848,-0.35,-2.477,-3.369,-0.894,0.188,0.096,0.068,-1.254,-2.406,-0.455,-2.047,-3.927,-1.043,-1.442,-2.034,-0.523,-2.235,-3.152,-1.138,-0.793,-1.118,-1.521,-0.169,-0.18,-0.47,-0.479,-0.518,-1.053,0.147,0.277,0.215,0.191,0.332,0.262,-0.337,-0.373,-0.583,0.309,0.661,0.395,0.359,0.694,0.431,0.585,1.034,0.795,0.645,1.031,0.81,0.061,0.05,0.044,-3.058,-4.579,0.444,-0.695,0.52,-0.003,-2.248,-3.366,0.16,-0.883,0.264,-0.191,1.228,-1.923,0.603,-3.325,1.706,1.774,2.021,-0.013,1.396,-1.011,2.395,2.491,-2.357,-3.878,1.145,0.006,1.221,0.698,0.226,-0.669,0.372,0.023,0.85,-2.519,2.406,2.58,1.968,0.12,3.377,3.621,1.557,0.515,1.661,1.206,0.851,-0.043,0.998,0.648,3.404,3.51,4.779,4.927,0.252,0.32,-0.002,0.172,-0.097,0.008,-0.161,26.538,-0.311,45.487,0.314,-87.916,0.466,-167.592,-0.158,18.949,0.452,-114.454,0.583,-194.129,0.57,-133.403,0.679,-213.079,0.178,-79.676,0.526,0.144,0.101,0.656,0.247,0.173,-1.267,-1.744,-0.334,-2.416,-3.324,-0.912,0.198,0.103,0.072,-1.193,-2.27,-0.434,-2.024,-3.851,-1.056,-1.391,-1.923,-0.506,-2.222,-3.072,-1.159,-0.831,-1.149,-1.58,-0.158,-0.169,-0.432,-0.474,-0.517,-1.019,0.146,0.274,0.211,0.194,0.334,0.262,-0.342,-0.381,-0.587,0.297,0.631,0.38,0.351,0.669,0.42,0.579,1.012,0.79,0.646,1.011,0.808,0.066,0.054,0.048,-2.923,-4.503,0.449,-0.71,0.532,0.026,-2.124,-3.273,0.148,-0.908,0.262,-0.172,1.19,-1.882,0.541,-3.31,1.653,1.725,2.021,0.097,1.372,-0.899,2.37,2.473,-2.264,-3.844,1.108,-0.051,1.191,0.685,0.205,-0.707,0.363,0.029,0.748,-2.577,2.286,2.459,1.896,0.153,3.277,3.524,1.525,0.469,1.639,1.205,0.854,-0.058,1.012,0.678,3.282,3.383,4.705,4.849,0.258,0.33,0.013,0.186,-0.09,0.011
2019-03-12,CTD10,4170388,695646,0.008545762,0.0121323895,0.016690988,0.004243859,0.0033617683,0.00081981986,0.00080634997,0.00032081004,0.008572354,0.012037447,0.016843613,0.0043605193,0.0032145267,0.0008556529,0.25820094,-8.000000000000001e-45,0.142,-0.173,34.593,-0.323,57.104,0.336,-118.618,0.435,-180.445,-0.158,22.511,0.482,-153.211,0.566,-215.039,0.595,-175.722,0.665,-237.55,0.116,-61.828,0.577,0.147,0.116,0.693,0.242,0.192,-1.439,-1.98,-0.399,-2.189,-3.012,-0.766,0.192,0.096,0.076,-1.309,-2.557,-0.515,-1.838,-3.589,-0.913,-1.502,-2.132,-0.591,-2.03,-2.882,-1.008,-0.528,-0.75,-1.032,-0.171,-0.179,-0.472,-0.497,-0.526,-1.071,0.149,0.278,0.215,0.18,0.317,0.248,-0.356,-0.383,-0.599,0.313,0.662,0.393,0.348,0.686,0.419,0.602,1.045,0.803,0.645,1.042,0.814,0.043,0.035,0.031,-3.229,-4.261,0.45,-0.558,0.503,-0.088,-2.347,-3.097,0.162,-0.75,0.235,-0.28,1.287,-1.595,0.638,-2.951,1.737,1.812,1.815,-0.317,1.166,-1.391,2.192,2.288,-2.513,-3.545,1.165,0.157,1.218,0.628,0.23,-0.536,0.333,-0.065,0.906,-2.106,2.465,2.657,1.656,-0.324,3.112,3.355,1.603,0.691,1.676,1.161,0.879,0.113,0.982,0.584,3.54,3.656,4.468,4.615,0.22,0.295,-0.044,0.148,-0.139,-0.023,-0.168,33.58,-0.325,57.284,0.326,-112.676,0.455,-194.434,-0.166,23.704,0.468,-146.256,0.578,-228.014,0.589,-169.961,0.679,-251.718,0.151,-81.757,0.566,0.146,0.108,0.69,0.25,0.184,-1.356,-1.898,-0.362,-2.34,-3.275,-0.848,0.203,0.103,0.076,-1.254,-2.463,-0.47,-1.955,-3.841,-0.994,-1.457,-2.046,-0.546,-2.158,-3.03,-1.098,-0.701,-0.984,-1.377,-0.163,-0.173,-0.457,-0.504,-0.542,-1.092,0.146,0.276,0.21,0.186,0.327,0.253,-0.372,-0.408,-0.634,0.302,0.651,0.383,0.347,0.682,0.416,0.606,1.059,0.818,0.661,1.054,0.831,0.056,0.045,0.04,-3.151,-4.528,0.453,-0.644,0.521,-0.025,-2.252,-3.236,0.147,-0.848,0.242,-0.228,1.251,-1.779,0.567,-3.274,1.699,1.775,1.952,-0.094,1.267,-1.196,2.305,2.408,-2.459,-3.836,1.145,0.048,1.213,0.667,0.206,-0.642,0.34,-0.023,0.796,-2.479,2.386,2.57,1.78,-0.118,3.236,3.486,1.603,0.608,1.698,1.228,0.891,0.043,1.024,0.662,3.488,3.596,4.731,4.878,0.242,0.318,-0.013,0.171,-0.116,-0.008
2019-03-12,CTD11,4169609,700351,0.009064786,0.013325629,0.017489858,0.0033987116,0.0024943259,0.00058999006,0.00059295405,0.00022940377,0.009048147,0.013174269,0.017599737,0.0035125702,0.0024606532,0.00062050583,0.1873742,-2.878e-42,0.242,-0.19,35.274,-0.317,53.141,0.455,-183.912,0.568,-290.593,-0.135,17.867,0.594,-219.186,0.685,-325.867,0.675,-237.053,0.75,-343.734,0.153,-106.681,0.617,0.12,0.088,0.708,0.181,0.133,-2.451,-3.217,-0.459,-3.872,-5.082,-0.988,0.162,0.061,0.045,-1.987,-3.834,-0.547,-2.954,-5.699,-1.108,-2.149,-3.159,-0.591,-3.116,-4.58,-1.168,-0.967,-1.422,-1.866,-0.204,-0.213,-0.723,-0.504,-0.533,-1.43,0.184,0.358,0.284,0.213,0.393,0.315,-0.334,-0.36,-0.707,0.374,0.859,0.497,0.408,0.869,0.519,0.629,1.219,0.891,0.67,1.203,0.897,0.04,0.034,0.029,-4.466,-6.332,0.486,-0.682,0.538,-0.054,-3.403,-4.824,0.263,-0.844,0.331,-0.216,1.905,-2.675,1.355,-4.345,2.48,2.525,2.872,-0.287,2.322,-1.512,3.379,3.44,-3.676,-5.542,1.276,0.107,1.327,0.736,0.387,-0.601,0.487,0.028,1.991,-3.091,3.646,3.778,3.413,0.196,4.967,5.148,1.674,0.567,1.742,1.196,0.938,-0.05,1.037,0.579,4.871,4.959,6.637,6.757,0.188,0.232,-0.02,0.112,-0.081,0.007,-0.186,34.614,-0.321,53.701,0.441,-174.172,0.572,-295.876,-0.144,19.087,0.579,-208.786,0.685,-330.491,0.667,-227.873,0.755,-349.577,0.176,-121.704,0.609,0.122,0.085,0.707,0.189,0.132,-2.295,-3.065,-0.429,-3.898,-5.207,-1.039,0.173,0.067,0.047,-1.889,-3.675,-0.514,-2.99,-5.817,-1.161,-2.062,-3.002,-0.561,-3.163,-4.605,-1.228,-1.101,-1.603,-2.142,-0.195,-0.206,-0.691,-0.512,-0.547,-1.432,0.18,0.354,0.276,0.214,0.395,0.312,-0.352,-0.385,-0.741,0.363,0.84,0.482,0.402,0.853,0.507,0.634,1.224,0.901,0.681,1.205,0.907,0.047,0.039,0.034,-4.324,-6.466,0.487,-0.741,0.547,-0.014,-3.236,-4.84,0.247,-0.913,0.327,-0.186,1.827,-2.778,1.24,-4.577,2.389,2.436,2.929,-0.073,2.341,-1.333,3.411,3.478,-3.554,-5.696,1.256,0.029,1.316,0.755,0.36,-0.679,0.477,0.048,1.805,-3.402,3.479,3.611,3.409,0.343,4.966,5.154,1.678,0.518,1.758,1.245,0.948,-0.092,1.064,0.635,4.739,4.824,6.764,6.886,0.201,0.248,-0.005,0.127,-0.072,0.013
2019-03-12,CTD12,4173438,695414,0.022905659,0.032852698,0.035184257,0.0063292836,0.003994089,0.0010105792,0.0009902824,0.00039557874,0.023077197,0.03269555,0.035879534,0.006487679,0.004192553,0.0009929928,0.06632988,-8.000000000000001e-45,0.158,-0.178,13.218,-0.211,15.236,0.567,-114.338,0.703,-206.713,-0.034,2.017,0.677,-127.557,0.783,-219.931,0.695,-129.574,0.796,-221.948,0.226,-92.374,0.465,0.084,0.053,0.501,0.096,0.061,-3.756,-4.023,-0.457,-6.791,-7.273,-1.308,0.046,0.013,0.008,-2.922,-4.488,-0.509,-5.038,-7.738,-1.392,-2.968,-4.257,-0.518,-5.084,-7.292,-1.405,-2.116,-3.035,-3.25,-0.24,-0.254,-0.964,-0.313,-0.333,-1.189,0.244,0.45,0.423,0.278,0.483,0.456,-0.08,-0.087,-0.226,0.457,0.986,0.677,0.497,0.987,0.695,0.518,1.073,0.783,0.559,1.067,0.796,0.042,0.04,0.034,-4.862,-8.112,0.517,-0.887,0.584,0.066,-4.54,-7.574,0.458,-0.934,0.529,0.02,2.685,-4.606,2.548,-5.19,3.497,3.505,4.801,0.544,4.664,0.176,5.542,5.555,-4.125,-7.375,1.254,-0.15,1.321,0.803,0.657,-0.651,0.759,0.303,3.655,-3.618,5.016,5.077,6.689,2.666,7.949,8.045,1.343,-0.049,1.414,0.905,0.795,-0.514,0.897,0.44,5.385,5.437,8.533,8.616,0.155,0.163,0.018,0.079,0.006,0.058,-0.172,12.748,-0.217,15.462,0.561,-110.806,0.693,-195.185,-0.046,2.714,0.669,-123.553,0.773,-207.933,0.694,-126.267,0.791,-210.647,0.215,-84.38,0.457,0.083,0.053,0.506,0.1,0.065,-3.623,-3.976,-0.465,-6.382,-7.003,-1.266,0.063,0.018,0.011,-2.851,-4.433,-0.518,-4.799,-7.461,-1.349,-2.914,-4.128,-0.529,-4.861,-6.887,-1.367,-1.947,-2.759,-3.028,-0.227,-0.24,-0.901,-0.327,-0.347,-1.199,0.242,0.45,0.414,0.275,0.482,0.446,-0.108,-0.117,-0.298,0.445,0.961,0.654,0.483,0.964,0.673,0.527,1.078,0.797,0.568,1.072,0.809,0.041,0.039,0.033,-4.825,-7.852,0.525,-0.842,0.589,0.06,-4.396,-7.155,0.445,-0.904,0.515,-0.003,2.646,-4.241,2.46,-5.001,3.429,3.44,4.593,0.465,4.407,-0.026,5.306,5.324,-4.114,-7.141,1.236,-0.131,1.3,0.771,0.63,-0.636,0.73,0.265,3.485,-3.518,4.858,4.923,6.244,2.268,7.517,7.618,1.356,0.007,1.427,0.909,0.816,-0.45,0.916,0.451,5.349,5.402,8.277,8.359,0.153,0.164,0.017,0.082,-0.001,0.053
2019-06-25,CTD1,4187246,695025,0.014678717,0.020684846,0.027429674,0.011136152,0.007868263,0.002176526,0.0021353087,0.00086070545,0.014575884,0.02087924,0.02743151,0.011103117,0.008011286,0.0020923503,0.108562715,-8.000000000000001e-45,0.803,-0.17,19.781,-0.303,31.669,0.137,-21.672,0.302,-58.967,-0.14,11.888,0.3,-41.453,0.449,-78.748,0.422,-53.341,0.554,-90.636,0.172,-37.295,0.543,0.22,0.156,0.655,0.353,0.249,-0.448,-0.594,-0.171,-1.22,-1.617,-0.657,0.174,0.132,0.094,-0.608,-1.137,-0.326,-1.156,-2.16,-0.877,-0.783,-1.103,-0.42,-1.33,-1.875,-1.009,-0.547,-0.771,-1.023,-0.156,-0.17,-0.316,-0.401,-0.447,-0.671,0.074,0.124,0.1,0.142,0.214,0.177,-0.261,-0.299,-0.355,0.227,0.424,0.271,0.304,0.496,0.332,0.461,0.723,0.571,0.553,0.758,0.615,0.092,0.078,0.068,-1.753,-2.776,0.304,-0.706,0.423,0.003,-1.322,-2.094,-0.003,-0.88,0.155,-0.171,0.564,-1.311,-0.008,-2.168,0.938,1.031,1.111,0.008,0.539,-0.598,1.327,1.46,-1.054,-2.077,1.003,-0.006,1.122,0.703,-0.005,-0.661,0.218,0.048,-0.011,-1.629,1.321,1.571,0.76,0.166,1.87,2.223,1.33,0.453,1.488,1.162,0.567,-0.089,0.79,0.62,1.927,2.083,2.727,2.948,0.378,0.472,0.002,0.252,-0.13,0.026,-0.178,20.712,-0.306,32.152,0.135,-21.458,0.291,-56.217,-0.136,11.44,0.306,-42.17,0.445,-76.929,0.424,-53.61,0.548,-88.369,0.162,-34.759,0.568,0.23,0.166,0.671,0.357,0.258,-0.448,-0.589,-0.172,-1.174,-1.542,-0.624,0.167,0.127,0.092,-0.615,-1.157,-0.338,-1.121,-2.11,-0.854,-0.781,-1.119,-0.429,-1.288,-1.845,-0.981,-0.507,-0.726,-0.953,-0.164,-0.178,-0.33,-0.402,-0.445,-0.673,0.072,0.12,0.098,0.136,0.205,0.17,-0.255,-0.29,-0.343,0.233,0.433,0.276,0.306,0.501,0.334,0.461,0.723,0.565,0.548,0.756,0.607,0.087,0.074,0.064,-1.773,-2.726,0.293,-0.688,0.406,-0.023,-1.349,-2.075,-0.0,-0.855,0.148,-0.19,0.552,-1.293,-0.001,-2.111,0.929,1.021,1.058,-0.061,0.506,-0.651,1.288,1.415,-1.038,-1.992,1.028,0.047,1.14,0.711,-0.001,-0.625,0.212,0.04,-0.001,-1.544,1.331,1.588,0.724,0.136,1.844,2.201,1.35,0.496,1.498,1.16,0.552,-0.072,0.764,0.592,1.921,2.087,2.662,2.892,0.378,0.47,-0.018,0.24,-0.145,0.021
2019-06-25,CTD2,4181518,693105,0.0136593385,0.018978415,0.026210168,0.011818615,0.007923474,0.0023777746,0.0023443152,0.0009581903,0.013551575,0.019074716,0.025996795,0.011750047,0.008597514,0.0021892665,0.07637312,-8.000000000000001e-45,0.914,-0.163,20.519,-0.315,35.057,0.072,-11.402,0.266,-52.997,-0.16,14.538,0.232,-31.921,0.411,-73.516,0.378,-46.459,0.536,-88.054,0.197,-41.595,0.538,0.243,0.163,0.665,0.414,0.278,-0.216,-0.299,-0.09,-1.006,-1.389,-0.626,0.199,0.172,0.115,-0.436,-0.837,-0.253,-1.004,-1.927,-0.869,-0.635,-0.882,-0.368,-1.203,-1.671,-1.041,-0.568,-0.789,-1.09,-0.14,-0.156,-0.269,-0.408,-0.467,-0.636,0.041,0.068,0.054,0.127,0.186,0.151,-0.284,-0.335,-0.366,0.18,0.332,0.21,0.277,0.434,0.291,0.441,0.667,0.535,0.56,0.718,0.594,0.119,0.098,0.086,-1.498,-2.588,0.269,-0.772,0.417,0.049,-1.085,-1.874,-0.102,-0.97,0.104,-0.149,0.432,-1.239,-0.225,-2.152,0.738,0.853,1.0,0.118,0.343,-0.494,1.101,1.273,-0.828,-1.919,0.938,-0.102,1.087,0.719,-0.141,-0.768,0.144,0.054,-0.313,-1.702,1.026,1.304,0.476,0.178,1.53,1.944,1.296,0.427,1.501,1.248,0.516,-0.111,0.801,0.711,1.638,1.8,2.443,2.685,0.448,0.563,0.043,0.32,-0.129,0.033,-0.169,21.367,-0.315,35.326,0.071,-11.314,0.224,-42.521,-0.154,13.959,0.238,-32.681,0.379,-63.887,0.377,-46.64,0.503,-77.846,0.155,-31.207,0.555,0.251,0.184,0.674,0.415,0.304,-0.216,-0.294,-0.097,-0.811,-1.105,-0.5,0.189,0.164,0.12,-0.443,-0.85,-0.281,-0.866,-1.661,-0.751,-0.632,-0.89,-0.401,-1.055,-1.485,-0.915,-0.423,-0.595,-0.811,-0.146,-0.16,-0.271,-0.404,-0.45,-0.612,0.04,0.065,0.052,0.11,0.161,0.131,-0.274,-0.313,-0.34,0.185,0.331,0.212,0.265,0.414,0.278,0.437,0.643,0.515,0.533,0.688,0.564,0.097,0.08,0.07,-1.502,-2.313,0.258,-0.656,0.38,-0.021,-1.102,-1.697,-0.095,-0.845,0.071,-0.21,0.42,-1.065,-0.21,-1.87,0.703,0.823,0.842,-0.047,0.213,-0.636,0.96,1.124,-0.805,-1.616,0.956,0.041,1.077,0.676,-0.133,-0.633,0.099,0.002,-0.295,-1.4,0.989,1.293,0.3,0.006,1.352,1.767,1.302,0.552,1.468,1.187,0.496,-0.004,0.728,0.631,1.578,1.762,2.157,2.408,0.416,0.536,-0.018,0.285,-0.182,0.001
2019-06-25,CTD3,4181698,695238,0.011394053,0.015725655,0.021565791,0.007663099,0.0055690757,0.0015322389,0.0015230795,0.00061305513,0.011394026,0.015687523,0.021151062,0.007648954,0.00573557,0.0015099781,0.18828093,-8.000000000000001e-45,1.169,-0.16,24.175,-0.309,41.395,0.196,-42.73,0.343,-91.798,-0.157,17.221,0.345,-66.905,0.477,-115.973,0.476,-84.126,0.59,-133.193,0.158,-49.068,0.521,0.185,0.135,0.651,0.317,0.231,-0.672,-0.922,-0.238,-1.444,-1.98,-0.703,0.196,0.132,0.096,-0.762,-1.443,-0.373,-1.321,-2.501,-0.889,-0.959,-1.323,-0.469,-1.518,-2.095,-1.021,-0.559,-0.772,-1.058,-0.148,-0.16,-0.327,-0.435,-0.478,-0.769,0.1,0.175,0.137,0.156,0.249,0.199,-0.306,-0.344,-0.441,0.245,0.475,0.297,0.308,0.533,0.347,0.513,0.82,0.653,0.59,0.839,0.684,0.077,0.064,0.056,-2.09,-3.148,0.369,-0.651,0.466,-0.002,-1.524,-2.295,0.041,-0.848,0.174,-0.198,0.758,-1.337,0.115,-2.386,1.133,1.229,1.317,-0.006,0.675,-0.768,1.559,1.691,-1.434,-2.492,1.025,0.004,1.122,0.653,0.057,-0.647,0.24,0.002,0.159,-1.82,1.563,1.794,0.931,0.01,2.151,2.468,1.405,0.517,1.539,1.166,0.699,-0.005,0.883,0.645,2.325,2.46,3.2,3.385,0.318,0.414,-0.001,0.229,-0.133,0.001,-0.159,24.02,-0.3,40.486,0.197,-42.972,0.33,-86.585,-0.148,16.466,0.344,-66.992,0.465,-110.606,0.469,-83.458,0.573,-127.072,0.143,-43.614,0.508,0.184,0.138,0.635,0.31,0.232,-0.674,-0.909,-0.246,-1.358,-1.831,-0.662,0.188,0.126,0.094,-0.763,-1.417,-0.384,-1.26,-2.339,-0.846,-0.951,-1.309,-0.479,-1.448,-1.993,-0.972,-0.497,-0.684,-0.922,-0.149,-0.16,-0.321,-0.418,-0.455,-0.729,0.102,0.175,0.139,0.154,0.242,0.196,-0.287,-0.319,-0.408,0.247,0.469,0.299,0.306,0.523,0.346,0.499,0.788,0.63,0.569,0.81,0.661,0.071,0.059,0.052,-2.039,-2.961,0.365,-0.607,0.455,-0.024,-1.512,-2.196,0.051,-0.795,0.173,-0.211,0.748,-1.246,0.141,-2.198,1.124,1.218,1.245,-0.064,0.638,-0.779,1.499,1.625,-1.388,-2.311,1.015,0.043,1.106,0.627,0.07,-0.592,0.238,-0.008,0.195,-1.637,1.548,1.78,0.879,-0.03,2.064,2.373,1.369,0.523,1.491,1.106,0.677,0.015,0.845,0.598,2.262,2.4,3.016,3.2,0.306,0.4,-0.016,0.216,-0.142,-0.004
2019-06-25,CTD4,4180266,698264,0.018077321,0.023430608,0.023984956,0.0119269695,0.006143203,0.0020504002,0.001985492,0.00086030556,0.017974224,0.02402162,0.02312187,0.0117137525,0.0075706616,0.0017351573,0.00013347882,-8.000000000000001e-45,0.686,-0.129,12.639,-0.14,13.625,0.205,-28.526,0.493,-107.464,-0.012,0.986,0.325,-41.164,0.585,-120.102,0.336,-42.151,0.592,-121.089,0.32,-78.938,0.303,0.151,0.078,0.319,0.163,0.084,-0.668,-0.684,-0.175,-2.518,-2.578,-1.282,0.018,0.012,0.006,-0.744,-0.987,-0.253,-2.171,-2.881,-1.432,-0.762,-0.988,-0.259,-2.189,-2.837,-1.444,-1.427,-1.85,-1.893,-0.149,-0.178,-0.296,-0.167,-0.2,-0.327,0.13,0.208,0.204,0.252,0.338,0.332,-0.018,-0.023,-0.031,0.273,0.475,0.382,0.411,0.576,0.481,0.29,0.498,0.408,0.43,0.595,0.505,0.139,0.138,0.122,-1.239,-3.133,0.274,-1.17,0.515,0.256,-1.211,-3.06,0.245,-1.188,0.492,0.239,0.539,-2.298,0.492,-2.389,1.253,1.26,1.966,0.978,1.919,0.932,2.434,2.445,-0.715,-2.608,0.799,-0.645,1.04,0.781,0.317,-0.965,0.637,0.462,0.638,-1.94,1.625,1.708,2.487,1.803,3.154,3.317,0.818,-0.615,1.065,0.812,0.364,-0.918,0.684,0.509,1.671,1.749,3.245,3.395,0.398,0.404,0.169,0.253,0.157,0.235,-0.144,14.006,-0.125,12.386,0.211,-29.735,0.407,-76.454,0.019,-1.62,0.344,-43.741,0.521,-90.46,0.327,-42.121,0.507,-88.84,0.215,-46.719,0.324,0.164,0.106,0.298,0.145,0.094,-0.714,-0.688,-0.225,-1.837,-1.768,-0.896,-0.029,-0.019,-0.012,-0.786,-1.011,-0.331,-1.626,-2.092,-1.06,-0.757,-1.012,-0.319,-1.597,-2.134,-1.041,-0.84,-1.122,-1.08,-0.174,-0.197,-0.314,-0.144,-0.163,-0.267,0.133,0.198,0.204,0.221,0.291,0.299,0.03,0.035,0.047,0.299,0.482,0.401,0.4,0.554,0.472,0.272,0.447,0.361,0.37,0.524,0.435,0.099,0.101,0.088,-1.226,-2.306,0.242,-0.799,0.421,0.102,-1.273,-2.396,0.29,-0.77,0.462,0.131,0.496,-1.639,0.572,-1.52,1.219,1.207,1.335,0.323,1.412,0.4,1.887,1.868,-0.637,-1.718,0.83,-0.211,1.009,0.69,0.387,-0.508,0.618,0.393,0.764,-1.003,1.63,1.723,1.887,1.199,2.521,2.666,0.799,-0.261,0.971,0.64,0.311,-0.585,0.541,0.316,1.553,1.659,2.402,2.567,0.337,0.324,0.066,0.16,0.085,0.191
2019-06-25,CTD6,4176009,695829,0.014041935,0.019770514,0.025389295,0.0094710495,0.0061834925,0.0017815311,0.0017584938,0.0007299391,0.013982165,0.019860571,0.025187742,0.009464985,0.006648652,0.0016844027,0.0006535161,-8.000000000000001e-45,1.01,-0.169,20.635,-0.288,31.829,0.194,-34.37,0.389,-90.506,-0.124,11.194,0.352,-55.005,0.524,-111.141,0.457,-66.198,0.608,-122.334,0.21,-56.136,0.524,0.195,0.128,0.629,0.301,0.197,-0.68,-0.873,-0.213,-1.789,-2.298,-0.857,0.157,0.106,0.069,-0.772,-1.397,-0.34,-1.561,-2.822,-1.053,-0.93,-1.309,-0.409,-1.718,-2.419,-1.159,-0.788,-1.11,-1.425,-0.164,-0.181,-0.366,-0.388,-0.437,-0.725,0.101,0.176,0.145,0.174,0.269,0.225,-0.239,-0.278,-0.359,0.261,0.509,0.326,0.345,0.578,0.39,0.471,0.787,0.613,0.568,0.817,0.657,0.097,0.083,0.073,-1.97,-3.396,0.337,-0.821,0.467,0.057,-1.534,-2.644,0.074,-0.979,0.24,-0.1,0.704,-1.715,0.198,-2.623,1.17,1.239,1.492,0.183,0.987,-0.41,1.792,1.898,-1.273,-2.698,1.035,-0.124,1.164,0.755,0.104,-0.753,0.338,0.126,0.279,-2.019,1.647,1.844,1.389,0.517,2.523,2.824,1.329,0.276,1.495,1.155,0.61,-0.247,0.844,0.631,2.24,2.368,3.431,3.627,0.362,0.431,0.039,0.236,-0.067,0.06,-0.174,21.169,-0.286,31.818,0.193,-34.133,0.355,-78.887,-0.118,10.649,0.354,-55.302,0.498,-100.055,0.454,-65.951,0.582,-110.705,0.175,-44.754,0.533,0.2,0.141,0.632,0.301,0.212,-0.678,-0.86,-0.227,-1.567,-1.987,-0.747,0.149,0.101,0.071,-0.773,-1.393,-0.368,-1.399,-2.52,-0.947,-0.922,-1.31,-0.438,-1.548,-2.199,-1.048,-0.626,-0.889,-1.127,-0.17,-0.185,-0.365,-0.382,-0.423,-0.695,0.1,0.17,0.142,0.163,0.25,0.212,-0.227,-0.258,-0.331,0.265,0.504,0.327,0.337,0.563,0.381,0.465,0.762,0.593,0.548,0.791,0.632,0.083,0.072,0.063,-1.957,-3.084,0.328,-0.72,0.44,0.002,-1.543,-2.432,0.079,-0.868,0.22,-0.147,0.689,-1.51,0.209,-2.311,1.142,1.213,1.315,0.005,0.835,-0.558,1.626,1.727,-1.241,-2.368,1.045,-0.003,1.156,0.718,0.112,-0.635,0.313,0.086,0.297,-1.69,1.623,1.834,1.186,0.326,2.31,2.611,1.325,0.378,1.467,1.099,0.591,-0.155,0.793,0.566,2.186,2.326,3.111,3.312,0.342,0.413,0.001,0.213,-0.1,0.041
2019-06-25,CTD7,4176724,690397,0.011051802,0.015165494,0.019008273,0.0062189098,0.0042686993,0.001178325,0.0011479683,0.00047565898,0.011075814,0.015134035,0.018763041,0.006202453,0.0043876832,0.0011529644,0.064936966,-2e-44,0.996,-0.157,24.544,-0.265,37.874,0.28,-70.317,0.443,-143.78,-0.112,13.33,0.418,-94.861,0.561,-168.324,0.507,-108.191,0.633,-181.655,0.186,-73.464,0.467,0.153,0.105,0.574,0.236,0.162,-1.066,-1.337,-0.3,-2.181,-2.733,-0.894,0.147,0.083,0.057,-1.048,-1.803,-0.405,-1.86,-3.2,-1.047,-1.196,-1.641,-0.462,-2.008,-2.755,-1.13,-0.812,-1.114,-1.396,-0.163,-0.177,-0.392,-0.372,-0.409,-0.759,0.141,0.249,0.208,0.198,0.317,0.269,-0.223,-0.251,-0.366,0.298,0.584,0.384,0.363,0.631,0.432,0.488,0.835,0.658,0.562,0.853,0.689,0.074,0.065,0.057,-2.328,-3.724,0.402,-0.728,0.504,0.042,-1.857,-2.971,0.171,-0.875,0.3,-0.105,0.979,-1.776,0.524,-2.676,1.496,1.553,1.791,0.15,1.336,-0.467,2.179,2.262,-1.684,-3.081,1.045,-0.085,1.148,0.686,0.235,-0.659,0.412,0.111,0.719,-2.014,2.052,2.214,1.833,0.496,2.99,3.226,1.31,0.263,1.438,1.034,0.691,-0.203,0.867,0.567,2.67,2.775,3.89,4.043,0.281,0.338,0.024,0.185,-0.059,0.046,-0.155,24.211,-0.258,36.991,0.282,-70.94,0.433,-137.624,-0.107,12.78,0.419,-95.15,0.55,-161.834,0.503,-107.93,0.621,-174.614,0.171,-66.684,0.454,0.15,0.106,0.56,0.229,0.162,-1.074,-1.331,-0.311,-2.083,-2.582,-0.854,0.142,0.079,0.056,-1.054,-1.785,-0.417,-1.792,-3.037,-1.004,-1.195,-1.633,-0.474,-1.934,-2.643,-1.083,-0.739,-1.009,-1.251,-0.163,-0.175,-0.383,-0.36,-0.394,-0.726,0.144,0.25,0.211,0.197,0.313,0.268,-0.21,-0.235,-0.343,0.299,0.578,0.386,0.36,0.622,0.43,0.479,0.812,0.643,0.548,0.832,0.674,0.069,0.061,0.054,-2.293,-3.544,0.401,-0.682,0.498,0.024,-1.85,-2.859,0.18,-0.823,0.3,-0.117,0.979,-1.663,0.546,-2.491,1.496,1.552,1.718,0.084,1.285,-0.501,2.114,2.194,-1.659,-2.91,1.036,-0.047,1.133,0.659,0.247,-0.607,0.41,0.099,0.746,-1.836,2.044,2.206,1.755,0.424,2.889,3.119,1.284,0.28,1.404,0.987,0.68,-0.174,0.844,0.532,2.629,2.735,3.716,3.866,0.27,0.326,0.014,0.176,-0.066,0.041
2019-06-25,CTD8,4174178,693048,0.016018331,0.02209517,0.022767078,0.007058683,0.004154243,0.0012587315,0.0012569433,0.0005172592,0.016057285,0.022270283,0.022566702,0.0070602773,0.004799847,0.0011363775,0.00016802058,-8.000000000000001e-45,0.932,-0.159,17.17,-0.174,18.505,0.388,-79.241,0.588,-178.289,-0.015,1.336,0.516,-96.411,0.683,-195.459,0.527,-97.746,0.691,-196.795,0.259,-99.048,0.391,0.121,0.071,0.409,0.131,0.077,-1.751,-1.804,-0.329,-3.939,-4.059,-1.258,0.021,0.009,0.006,-1.544,-2.195,-0.401,-3.131,-4.45,-1.38,-1.566,-2.16,-0.406,-3.152,-4.348,-1.389,-1.587,-2.188,-2.255,-0.204,-0.226,-0.542,-0.231,-0.257,-0.602,0.2,0.341,0.333,0.264,0.407,0.398,-0.029,-0.033,-0.06,0.388,0.745,0.559,0.463,0.777,0.602,0.412,0.779,0.598,0.488,0.807,0.638,0.076,0.075,0.065,-2.5,-4.755,0.415,-0.974,0.543,0.136,-2.427,-4.615,0.384,-0.996,0.516,0.115,1.299,-3.049,1.239,-3.211,2.081,2.087,2.885,0.726,2.825,0.63,3.536,3.546,-1.846,-4.101,1.069,-0.32,1.197,0.791,0.53,-0.729,0.711,0.382,1.709,-2.35,2.871,2.948,3.897,2.093,4.878,5.009,1.102,-0.278,1.233,0.833,0.59,-0.669,0.771,0.442,2.966,3.037,5.04,5.161,0.253,0.258,0.06,0.137,0.051,0.122,-0.162,17.374,-0.169,17.964,0.389,-79.36,0.54,-146.063,-0.007,0.59,0.519,-96.735,0.645,-163.437,0.523,-97.324,0.649,-164.027,0.191,-66.702,0.392,0.123,0.083,0.4,0.127,0.086,-1.767,-1.791,-0.381,-3.253,-3.296,-1.031,0.009,0.004,0.003,-1.553,-2.183,-0.464,-2.624,-3.688,-1.154,-1.563,-2.167,-0.467,-2.634,-3.653,-1.158,-1.071,-1.485,-1.505,-0.21,-0.227,-0.524,-0.222,-0.24,-0.549,0.201,0.332,0.329,0.251,0.384,0.38,-0.013,-0.014,-0.025,0.394,0.729,0.556,0.452,0.756,0.59,0.405,0.743,0.573,0.464,0.769,0.606,0.059,0.059,0.05,-2.475,-3.981,0.408,-0.75,0.508,0.041,-2.443,-3.928,0.395,-0.759,0.496,0.032,1.287,-2.365,1.261,-2.427,2.059,2.062,2.359,0.191,2.332,0.149,3.028,3.033,-1.809,-3.315,1.074,-0.084,1.174,0.707,0.547,-0.484,0.688,0.307,1.749,-1.547,2.855,2.942,3.234,1.443,4.2,4.327,1.088,-0.066,1.19,0.726,0.574,-0.458,0.714,0.333,2.897,2.981,4.262,4.385,0.224,0.227,0.018,0.104,0.014,0.097
2019-06-25,CTD10,4170388,695646,0.013724703,0.019757167,0.024730507,0.007891898,0.0050770426,0.0014088249,0.0014233482,0.0005814171,0.0137060825,0.019839609,0.024727058,0.00789718,0.00542327,0.001343638,0.04399491,-8.000000000000001e-45,0.728,-0.18,22.247,-0.286,32.425,0.27,-53.851,0.46,-124.104,-0.112,10.179,0.429,-76.098,0.591,-146.351,0.516,-86.276,0.659,-156.529,0.217,-70.253,0.55,0.176,0.113,0.641,0.256,0.165,-1.064,-1.332,-0.273,-2.452,-3.069,-0.979,0.14,0.08,0.052,-1.044,-1.882,-0.386,-2.009,-3.619,-1.155,-1.184,-1.705,-0.438,-2.148,-3.093,-1.235,-0.964,-1.388,-1.737,-0.185,-0.202,-0.465,-0.398,-0.443,-0.849,0.131,0.235,0.196,0.194,0.313,0.265,-0.23,-0.265,-0.383,0.309,0.631,0.398,0.382,0.679,0.45,0.503,0.896,0.678,0.587,0.909,0.711,0.084,0.073,0.063,-2.439,-4.176,0.376,-0.86,0.489,0.051,-1.949,-3.337,0.156,-0.999,0.298,-0.088,0.94,-2.152,0.487,-3.132,1.482,1.534,1.904,0.2,1.452,-0.43,2.304,2.384,-1.694,-3.432,1.12,-0.115,1.234,0.796,0.224,-0.756,0.429,0.156,0.702,-2.368,2.134,2.298,2.09,0.758,3.316,3.572,1.402,0.247,1.545,1.159,0.677,-0.303,0.882,0.608,2.764,2.877,4.296,4.472,0.318,0.37,0.03,0.194,-0.051,0.062,-0.183,22.556,-0.287,32.519,0.269,-53.667,0.433,-111.43,-0.11,9.963,0.431,-76.223,0.571,-133.986,0.516,-86.186,0.64,-143.949,0.186,-57.763,0.558,0.178,0.122,0.645,0.257,0.176,-1.065,-1.327,-0.291,-2.211,-2.755,-0.88,0.137,0.079,0.054,-1.045,-1.885,-0.413,-1.836,-3.313,-1.058,-1.181,-1.71,-0.467,-1.973,-2.856,-1.137,-0.792,-1.146,-1.428,-0.188,-0.203,-0.46,-0.397,-0.436,-0.827,0.13,0.23,0.193,0.186,0.299,0.254,-0.226,-0.255,-0.367,0.311,0.624,0.396,0.375,0.667,0.442,0.502,0.88,0.666,0.575,0.894,0.696,0.074,0.064,0.056,-2.44,-3.869,0.371,-0.765,0.472,0.004,-1.958,-3.104,0.156,-0.902,0.281,-0.132,0.933,-1.923,0.489,-2.824,1.462,1.516,1.725,0.015,1.281,-0.604,2.129,2.208,-1.684,-3.112,1.128,-0.009,1.228,0.761,0.226,-0.654,0.407,0.116,0.708,-2.047,2.117,2.293,1.854,0.527,3.082,3.339,1.406,0.348,1.531,1.117,0.67,-0.21,0.851,0.56,2.735,2.858,3.983,4.161,0.303,0.357,0.002,0.179,-0.076,0.046
2019-06-25,CTD11,4169609,700351,0.01317908,0.017556963,0.021737685,0.009778618,0.0068250443,0.0021529065,0.0020383059,0.0008575121,0.013081456,0.017473314,0.021032698,0.009752599,0.0076523633,0.0019348917,0.06562974,-2e-44,0.557,-0.142,18.92,-0.245,29.875,0.148,-26.386,0.318,-70.641,-0.106,10.954,0.285,-45.306,0.44,-89.562,0.379,-56.261,0.522,-100.516,0.178,-44.255,0.411,0.185,0.129,0.525,0.292,0.204,-0.463,-0.574,-0.18,-1.24,-1.536,-0.691,0.144,0.107,0.075,-0.597,-0.985,-0.309,-1.18,-1.947,-0.876,-0.741,-0.988,-0.384,-1.325,-1.765,-0.983,-0.583,-0.777,-0.962,-0.139,-0.153,-0.264,-0.313,-0.351,-0.515,0.087,0.139,0.119,0.162,0.232,0.202,-0.182,-0.209,-0.252,0.223,0.389,0.272,0.307,0.467,0.341,0.389,0.598,0.49,0.485,0.65,0.546,0.096,0.085,0.075,-1.472,-2.434,0.301,-0.682,0.437,0.053,-1.189,-1.966,0.049,-0.826,0.218,-0.092,0.54,-1.225,0.11,-1.837,0.959,1.034,1.123,0.136,0.693,-0.292,1.374,1.481,-0.891,-1.853,0.882,-0.101,1.018,0.634,0.066,-0.625,0.29,0.11,0.146,-1.39,1.278,1.481,0.923,0.349,1.83,2.123,1.092,0.217,1.261,0.951,0.496,-0.195,0.72,0.54,1.705,1.834,2.443,2.628,0.353,0.428,0.039,0.243,-0.068,0.061,-0.144,19.214,-0.233,28.899,0.146,-26.093,0.262,-54.234,-0.092,9.685,0.284,-45.307,0.391,-73.448,0.366,-54.992,0.466,-83.134,0.121,-28.142,0.404,0.187,0.147,0.505,0.282,0.221,-0.456,-0.549,-0.2,-0.948,-1.141,-0.529,0.127,0.094,0.074,-0.593,-0.953,-0.347,-0.961,-1.545,-0.716,-0.719,-0.961,-0.421,-1.088,-1.453,-0.811,-0.368,-0.492,-0.592,-0.143,-0.153,-0.252,-0.292,-0.316,-0.457,0.086,0.132,0.116,0.141,0.199,0.176,-0.156,-0.172,-0.205,0.226,0.372,0.269,0.288,0.43,0.319,0.369,0.544,0.449,0.438,0.586,0.491,0.069,0.062,0.055,-1.408,-2.0,0.285,-0.526,0.385,-0.036,-1.17,-1.661,0.064,-0.652,0.184,-0.163,0.511,-0.942,0.138,-1.407,0.903,0.977,0.879,-0.082,0.506,-0.447,1.151,1.246,-0.821,-1.413,0.872,0.061,0.972,0.551,0.085,-0.444,0.246,0.046,0.184,-0.957,1.207,1.428,0.676,0.127,1.538,1.82,1.05,0.333,1.17,0.823,0.458,-0.071,0.619,0.419,1.572,1.719,2.003,2.19,0.308,0.382,-0.027,0.194,-0.121,0.026
2019-06-25,CTD12,4173438,695414,0.013446785,0.017670326,0.024167333,0.009025226,0.0057179597,0.0016684111,0.001673237,0.0006960351,0.013345115,0.017757447,0.024324926,0.008980748,0.0063650133,0.0015352293,0.18816736,-8.000000000000001e-45,0.87,-0.136,17.775,-0.285,32.989,0.197,-36.433,0.403,-100.52,-0.155,15.214,0.324,-54.208,0.511,-118.296,0.456,-69.422,0.617,-133.509,0.224,-64.087,0.43,0.16,0.102,0.583,0.298,0.189,-0.644,-0.88,-0.208,-1.776,-2.429,-0.907,0.205,0.137,0.087,-0.729,-1.31,-0.31,-1.591,-2.859,-1.068,-0.934,-1.227,-0.397,-1.795,-2.359,-1.205,-0.862,-1.132,-1.549,-0.127,-0.141,-0.286,-0.402,-0.458,-0.727,0.106,0.189,0.148,0.185,0.29,0.233,-0.289,-0.339,-0.441,0.23,0.451,0.289,0.318,0.532,0.36,0.487,0.79,0.647,0.593,0.821,0.691,0.106,0.088,0.079,-1.917,-3.466,0.388,-0.817,0.524,0.127,-1.401,-2.534,0.046,-1.022,0.233,-0.077,0.759,-1.6,0.122,-2.737,1.166,1.253,1.621,0.394,0.984,-0.326,1.841,1.978,-1.364,-2.912,0.941,-0.264,1.077,0.681,0.06,-0.847,0.306,0.098,0.161,-2.269,1.533,1.721,1.293,0.413,2.419,2.717,1.287,0.219,1.474,1.164,0.696,-0.211,0.942,0.734,2.253,2.354,3.555,3.716,0.348,0.435,0.086,0.274,-0.052,0.05,-0.142,18.619,-0.291,33.824,0.195,-36.416,0.354,-82.175,-0.156,15.204,0.328,-55.035,0.472,-100.794,0.461,-70.239,0.585,-115.999,0.17,-45.76,0.453,0.167,0.119,0.601,0.304,0.215,-0.647,-0.886,-0.232,-1.459,-1.999,-0.738,0.203,0.137,0.097,-0.734,-1.339,-0.35,-1.345,-2.452,-0.905,-0.937,-1.247,-0.447,-1.548,-2.06,-1.042,-0.611,-0.813,-1.113,-0.132,-0.144,-0.288,-0.411,-0.455,-0.715,0.104,0.181,0.142,0.166,0.261,0.21,-0.294,-0.333,-0.428,0.233,0.445,0.286,0.302,0.51,0.342,0.493,0.778,0.636,0.577,0.804,0.672,0.084,0.069,0.062,-1.957,-3.07,0.382,-0.659,0.49,0.043,-1.429,-2.241,0.043,-0.862,0.19,-0.16,0.756,-1.304,0.116,-2.336,1.128,1.224,1.367,0.119,0.727,-0.612,1.591,1.727,-1.378,-2.491,0.961,-0.08,1.069,0.622,0.057,-0.681,0.253,0.021,0.155,-1.844,1.5,1.716,0.967,0.081,2.117,2.421,1.317,0.412,1.464,1.114,0.697,-0.041,0.893,0.661,2.232,2.35,3.149,3.316,0.315,0.411,0.029,0.244,-0.108,0.011
2019-07-10,CTD1,4187246,695025,0.018213063,0.024774866,0.031938918,0.012465703,0.008773357,0.0024595885,0.0024169118,0.0009859784,0.018073339,0.02491026,0.031839468,0.012479159,0.008869071,0.0023511506,0.16161571,-8.000000000000001e-45,0.371,-0.153,14.542,-0.274,23.596,0.187,-25.314,0.35,-59.076,-0.126,9.054,0.331,-39.857,0.477,-73.618,0.439,-48.91,0.569,-82.672,0.174,-33.761,0.464,0.181,0.128,0.585,0.294,0.207,-0.627,-0.809,-0.222,-1.464,-1.887,-0.736,0.165,0.113,0.079,-0.726,-1.273,-0.35,-1.341,-2.351,-0.918,-0.891,-1.212,-0.429,-1.506,-2.048,-1.031,-0.615,-0.836,-1.078,-0.148,-0.161,-0.309,-0.369,-0.409,-0.646,0.101,0.171,0.141,0.166,0.253,0.213,-0.234,-0.265,-0.337,0.245,0.456,0.302,0.319,0.522,0.36,0.453,0.722,0.58,0.539,0.755,0.622,0.086,0.074,0.065,-1.827,-2.905,0.345,-0.686,0.46,0.031,-1.417,-2.254,0.067,-0.851,0.216,-0.134,0.685,-1.363,0.172,-2.179,1.107,1.186,1.3,0.089,0.787,-0.486,1.573,1.686,-1.202,-2.28,0.97,-0.061,1.086,0.656,0.091,-0.645,0.294,0.072,0.234,-1.653,1.506,1.713,1.07,0.262,2.139,2.434,1.25,0.333,1.4,1.05,0.605,-0.132,0.807,0.585,2.08,2.208,2.956,3.137,0.33,0.41,0.021,0.228,-0.091,0.036,-0.159,15.186,-0.276,23.923,0.183,-24.803,0.342,-57.421,-0.122,8.737,0.332,-39.99,0.475,-72.607,0.437,-48.726,0.564,-81.344,0.169,-32.618,0.484,0.19,0.135,0.596,0.299,0.212,-0.618,-0.79,-0.22,-1.43,-1.828,-0.717,0.158,0.109,0.077,-0.723,-1.273,-0.355,-1.312,-2.312,-0.906,-0.881,-1.214,-0.432,-1.47,-2.026,-1.015,-0.59,-0.813,-1.039,-0.154,-0.168,-0.32,-0.368,-0.408,-0.645,0.099,0.166,0.137,0.162,0.246,0.208,-0.227,-0.257,-0.325,0.249,0.461,0.305,0.321,0.525,0.362,0.45,0.719,0.573,0.534,0.752,0.614,0.084,0.072,0.064,-1.826,-2.864,0.334,-0.682,0.447,0.015,-1.429,-2.241,0.067,-0.839,0.212,-0.143,0.666,-1.36,0.17,-2.142,1.092,1.17,1.255,0.042,0.76,-0.514,1.537,1.646,-1.173,-2.212,0.986,-0.029,1.1,0.668,0.092,-0.625,0.292,0.072,0.234,-1.594,1.505,1.718,1.047,0.257,2.118,2.417,1.261,0.355,1.406,1.051,0.588,-0.129,0.787,0.567,2.061,2.195,2.899,3.089,0.334,0.412,0.01,0.222,-0.099,0.036
2019-07-10,CTD2,4181518,693105,0.017419102,0.023564285,0.02582631,0.009327825,0.005543609,0.0016387485,0.0016214582,0.00068345765,0.017340044,0.023808459,0.02547051,0.009307243,0.0061884266,0.0014909948,0.028882217,-8.000000000000001e-45,0.968,-0.15,14.971,-0.194,18.688,0.303,-49.798,0.517,-122.98,-0.046,3.717,0.433,-64.769,0.619,-137.951,0.469,-68.486,0.647,-141.668,0.254,-73.182,0.387,0.14,0.083,0.44,0.174,0.104,-1.173,-1.286,-0.276,-2.898,-3.176,-1.147,0.065,0.035,0.021,-1.128,-1.673,-0.359,-2.403,-3.563,-1.287,-1.193,-1.614,-0.38,-2.468,-3.338,-1.321,-1.275,-1.724,-1.89,-0.175,-0.196,-0.413,-0.256,-0.289,-0.565,0.164,0.278,0.258,0.24,0.361,0.338,-0.085,-0.099,-0.152,0.329,0.62,0.454,0.417,0.674,0.513,0.403,0.718,0.567,0.495,0.758,0.617,0.092,0.088,0.077,-2.03,-3.92,0.378,-0.943,0.525,0.145,-1.852,-3.576,0.279,-1.008,0.439,0.08,0.955,-2.383,0.771,-2.791,1.632,1.653,2.23,0.616,2.046,0.373,2.746,2.781,-1.416,-3.306,0.992,-0.33,1.138,0.758,0.377,-0.77,0.594,0.318,1.044,-2.133,2.208,2.312,2.768,1.482,3.715,3.89,1.087,-0.2,1.247,0.888,0.56,-0.587,0.778,0.502,2.45,2.533,4.123,4.263,0.3,0.321,0.078,0.181,0.043,0.126,-0.157,15.668,-0.19,18.409,0.301,-49.773,0.474,-103.922,-0.034,2.741,0.438,-65.441,0.587,-119.59,0.465,-68.182,0.609,-122.331,0.201,-54.149,0.399,0.146,0.097,0.438,0.171,0.114,-1.185,-1.268,-0.308,-2.474,-2.647,-0.967,0.048,0.026,0.017,-1.135,-1.667,-0.405,-2.074,-3.046,-1.113,-1.182,-1.623,-0.422,-2.121,-2.913,-1.139,-0.939,-1.289,-1.379,-0.186,-0.204,-0.417,-0.246,-0.271,-0.525,0.163,0.268,0.254,0.226,0.337,0.321,-0.062,-0.071,-0.107,0.339,0.616,0.458,0.412,0.661,0.507,0.393,0.687,0.539,0.469,0.724,0.582,0.076,0.073,0.063,-2.008,-3.388,0.363,-0.776,0.485,0.063,-1.877,-3.166,0.29,-0.823,0.421,0.016,0.928,-1.984,0.793,-2.253,1.603,1.62,1.867,0.244,1.732,0.065,2.411,2.437,-1.364,-2.743,1.008,-0.131,1.13,0.708,0.398,-0.569,0.578,0.27,1.089,-1.558,2.201,2.315,2.378,1.111,3.311,3.482,1.078,-0.035,1.209,0.804,0.533,-0.434,0.713,0.405,2.38,2.477,3.579,3.725,0.277,0.294,0.034,0.148,0.009,0.105
2019-07-10,CTD3,4181698,695238,0.017020332,0.023548521,0.026434375,0.009711343,0.005873355,0.0016827423,0.0016717946,0.00070499023,0.016971994,0.02374356,0.025957806,0.009690148,0.0064058555,0.0015370476,0.00017685884,-8.000000000000001e-45,1.002,-0.161,16.288,-0.217,20.924,0.273,-44.219,0.487,-111.507,-0.058,4.636,0.416,-60.507,0.601,-127.795,0.463,-65.143,0.636,-132.431,0.246,-67.288,0.431,0.158,0.096,0.493,0.203,0.123,-1.041,-1.169,-0.26,-2.626,-2.948,-1.083,0.079,0.045,0.027,-1.03,-1.599,-0.355,-2.175,-3.378,-1.241,-1.109,-1.534,-0.383,-2.254,-3.119,-1.286,-1.145,-1.585,-1.779,-0.181,-0.202,-0.419,-0.283,-0.32,-0.604,0.146,0.248,0.226,0.223,0.335,0.308,-0.108,-0.126,-0.185,0.318,0.604,0.428,0.407,0.661,0.489,0.412,0.73,0.568,0.507,0.769,0.618,0.095,0.088,0.077,-1.999,-3.778,0.355,-0.931,0.501,0.118,-1.781,-3.366,0.231,-1.01,0.394,0.039,0.862,-2.257,0.63,-2.748,1.503,1.53,2.007,0.473,1.775,0.176,2.485,2.531,-1.338,-3.117,1.016,-0.27,1.161,0.779,0.32,-0.763,0.546,0.286,0.872,-2.076,2.08,2.203,2.456,1.287,3.439,3.642,1.141,-0.1,1.304,0.948,0.552,-0.531,0.777,0.518,2.377,2.473,3.93,4.088,0.321,0.348,0.067,0.19,0.022,0.118,-0.166,16.804,-0.209,20.397,0.273,-44.277,0.452,-97.187,-0.045,3.593,0.42,-61.081,0.575,-113.99,0.456,-64.674,0.604,-117.583,0.204,-52.91,0.436,0.163,0.108,0.484,0.198,0.131,-1.051,-1.149,-0.284,-2.308,-2.523,-0.942,0.061,0.035,0.023,-1.037,-1.586,-0.391,-1.935,-2.959,-1.105,-1.098,-1.536,-0.414,-1.996,-2.792,-1.139,-0.898,-1.256,-1.373,-0.19,-0.209,-0.421,-0.269,-0.298,-0.558,0.147,0.242,0.225,0.213,0.316,0.296,-0.083,-0.095,-0.138,0.327,0.601,0.434,0.404,0.65,0.486,0.4,0.696,0.54,0.48,0.733,0.585,0.081,0.077,0.066,-1.964,-3.337,0.342,-0.798,0.468,0.054,-1.796,-3.053,0.246,-0.859,0.384,-0.007,0.837,-1.955,0.658,-2.301,1.482,1.505,1.735,0.199,1.556,-0.029,2.241,2.276,-1.28,-2.653,1.026,-0.114,1.152,0.738,0.344,-0.598,0.537,0.254,0.921,-1.602,2.073,2.203,2.177,1.028,3.136,3.333,1.121,0.017,1.26,0.868,0.522,-0.419,0.716,0.432,2.301,2.409,3.481,3.644,0.301,0.324,0.031,0.161,-0.004,0.104
2019-07-10,CTD4,4180266,698264,0.017826954,0.023493426,0.027456565,0.009620061,0.006281815,0.0017206367,0.0016804691,0.0006906589,0.017708667,0.023678774,0.027204342,0.009640424,0.006399033,0.00165953,0.00087806355,-8.000000000000001e-45,0.554,-0.137,13.53,-0.213,19.674,0.299,-47.855,0.479,-103.095,-0.078,6.144,0.419,-61.384,0.578,-116.625,0.481,-67.528,0.628,-122.768,0.21,-55.24,0.371,0.13,0.085,0.462,0.189,0.124,-1.124,-1.314,-0.301,-2.422,-2.831,-0.992,0.11,0.059,0.039,-1.094,-1.685,-0.386,-2.079,-3.202,-1.122,-1.204,-1.586,-0.424,-2.189,-2.884,-1.181,-0.985,-1.298,-1.517,-0.153,-0.168,-0.356,-0.291,-0.323,-0.606,0.161,0.276,0.243,0.227,0.349,0.311,-0.144,-0.164,-0.249,0.306,0.575,0.411,0.38,0.627,0.464,0.432,0.74,0.599,0.512,0.771,0.639,0.081,0.074,0.066,-2.095,-3.612,0.408,-0.773,0.53,0.106,-1.793,-3.091,0.24,-0.882,0.382,-0.004,0.997,-1.887,0.684,-2.518,1.586,1.624,1.982,0.396,1.669,-0.016,2.428,2.487,-1.536,-3.053,0.967,-0.214,1.089,0.665,0.316,-0.676,0.503,0.203,0.902,-1.929,2.09,2.213,2.2,0.886,3.2,3.39,1.131,0.009,1.273,0.887,0.629,-0.363,0.816,0.516,2.502,2.587,3.831,3.961,0.272,0.311,0.057,0.181,-0.002,0.083,-0.144,14.238,-0.211,19.711,0.295,-47.26,0.469,-99.804,-0.069,5.473,0.421,-61.498,0.575,-114.042,0.477,-66.971,0.619,-119.515,0.202,-52.544,0.387,0.137,0.091,0.467,0.19,0.126,-1.119,-1.286,-0.302,-2.363,-2.715,-0.962,0.097,0.053,0.035,-1.089,-1.673,-0.394,-2.02,-3.102,-1.099,-1.186,-1.586,-0.429,-2.116,-2.83,-1.152,-0.93,-1.244,-1.429,-0.162,-0.178,-0.372,-0.285,-0.316,-0.592,0.159,0.268,0.24,0.222,0.339,0.307,-0.129,-0.146,-0.22,0.313,0.582,0.418,0.385,0.632,0.469,0.424,0.729,0.584,0.503,0.761,0.624,0.078,0.072,0.064,-2.074,-3.503,0.394,-0.759,0.513,0.084,-1.805,-3.049,0.244,-0.856,0.381,-0.013,0.967,-1.863,0.688,-2.414,1.567,1.602,1.897,0.311,1.619,-0.055,2.36,2.413,-1.485,-2.914,0.983,-0.169,1.102,0.673,0.326,-0.636,0.509,0.207,0.92,-1.795,2.095,2.221,2.164,0.878,3.156,3.346,1.129,0.03,1.266,0.872,0.605,-0.358,0.788,0.485,2.461,2.552,3.707,3.844,0.274,0.309,0.046,0.172,-0.007,0.084
2019-07-10,CTD6,4176009,695829,0.015974686,0.022635719,0.026304808,0.0077320905,0.0047627105,0.0013159567,0.0013511522,0.0005510984,0.015985174,0.022674456,0.026286762,0.007816273,0.005163746,0.0012408885,0.023749635,-8.000000000000001e-45,0.37,-0.173,18.421,-0.244,24.583,0.348,-66.732,0.541,-147.365,-0.075,6.162,0.491,-85.153,0.652,-165.787,0.546,-91.315,0.693,-171.949,0.238,-80.633,0.485,0.142,0.088,0.556,0.19,0.117,-1.511,-1.755,-0.318,-3.336,-3.876,-1.139,0.098,0.048,0.029,-1.36,-2.24,-0.406,-2.648,-4.361,-1.282,-1.459,-2.067,-0.435,-2.747,-3.892,-1.33,-1.288,-1.825,-2.121,-0.196,-0.214,-0.533,-0.34,-0.377,-0.827,0.168,0.301,0.265,0.229,0.369,0.329,-0.155,-0.177,-0.294,0.353,0.719,0.48,0.423,0.754,0.525,0.481,0.896,0.678,0.558,0.909,0.709,0.077,0.07,0.061,-2.696,-4.817,0.412,-0.918,0.525,0.09,-2.32,-4.145,0.266,-1.016,0.397,-0.009,1.206,-2.687,0.904,-3.457,1.856,1.885,2.494,0.427,2.192,-0.048,3.013,3.06,-1.985,-4.106,1.123,-0.206,1.236,0.801,0.376,-0.763,0.562,0.245,1.281,-2.596,2.629,2.746,3.106,1.351,4.269,4.459,1.305,0.023,1.436,1.031,0.678,-0.461,0.864,0.546,3.104,3.192,5.039,5.181,0.274,0.303,0.043,0.161,-0.004,0.084,-0.173,18.455,-0.244,24.516,0.343,-65.38,0.512,-131.1,-0.074,6.061,0.487,-83.836,0.629,-149.555,0.542,-89.896,0.672,-155.616,0.204,-65.72,0.485,0.144,0.095,0.556,0.192,0.127,-1.482,-1.719,-0.338,-2.973,-3.446,-1.025,0.097,0.047,0.031,-1.34,-2.204,-0.433,-2.391,-3.931,-1.169,-1.437,-2.038,-0.464,-2.488,-3.529,-1.216,-1.051,-1.49,-1.728,-0.196,-0.213,-0.515,-0.338,-0.37,-0.794,0.167,0.293,0.26,0.221,0.355,0.317,-0.152,-0.171,-0.278,0.351,0.703,0.472,0.414,0.736,0.513,0.478,0.873,0.663,0.546,0.887,0.693,0.069,0.063,0.054,-2.658,-4.386,0.408,-0.809,0.509,0.044,-2.293,-3.783,0.263,-0.906,0.38,-0.053,1.183,-2.346,0.886,-3.046,1.817,1.849,2.233,0.195,1.936,-0.267,2.751,2.798,-1.945,-3.672,1.121,-0.095,1.222,0.758,0.374,-0.651,0.54,0.202,1.256,-2.19,2.578,2.704,2.747,1.028,3.902,4.094,1.3,0.131,1.417,0.984,0.67,-0.354,0.836,0.499,3.04,3.135,4.602,4.746,0.261,0.293,0.022,0.148,-0.026,0.07
2019-07-10,CTD7,4176724,690397,0.015539362,0.021917706,0.027286666,0.009048134,0.005916306,0.0016172255,0.0016235512,0.0006644533,0.015486268,0.022005314,0.02717201,0.009127951,0.006232724,0.0015352293,0.10584251,-8.000000000000001e-45,1.231,-0.17,18.727,-0.274,27.705,0.264,-46.167,0.449,-104.672,-0.109,8.977,0.416,-64.895,0.575,-123.399,0.502,-73.872,0.644,-132.376,0.209,-58.504,0.511,0.169,0.111,0.607,0.251,0.164,-1.012,-1.26,-0.273,-2.294,-2.856,-0.947,0.14,0.081,0.053,-1.008,-1.771,-0.384,-1.918,-3.367,-1.117,-1.148,-1.619,-0.437,-2.057,-2.901,-1.198,-0.909,-1.282,-1.596,-0.176,-0.192,-0.426,-0.379,-0.422,-0.785,0.132,0.233,0.196,0.196,0.311,0.265,-0.218,-0.25,-0.359,0.301,0.6,0.388,0.374,0.651,0.44,0.487,0.85,0.655,0.571,0.869,0.69,0.084,0.073,0.064,-2.307,-3.903,0.377,-0.82,0.492,0.055,-1.853,-3.135,0.157,-0.96,0.3,-0.084,0.914,-1.987,0.472,-2.895,1.447,1.501,1.823,0.204,1.382,-0.389,2.214,2.295,-1.605,-3.202,1.079,-0.119,1.194,0.757,0.221,-0.726,0.423,0.149,0.666,-2.19,2.042,2.206,1.949,0.689,3.122,3.373,1.343,0.227,1.486,1.102,0.663,-0.284,0.864,0.591,2.635,2.746,4.03,4.199,0.312,0.365,0.032,0.196,-0.049,0.062,-0.174,19.13,-0.274,27.771,0.258,-44.98,0.426,-95.87,-0.105,8.641,0.414,-64.11,0.559,-115.0,0.497,-72.751,0.627,-123.641,0.188,-50.89,0.52,0.175,0.119,0.611,0.253,0.173,-0.99,-1.222,-0.28,-2.11,-2.605,-0.875,0.134,0.079,0.054,-0.993,-1.742,-0.4,-1.781,-3.125,-1.05,-1.127,-1.601,-0.453,-1.915,-2.721,-1.129,-0.788,-1.12,-1.383,-0.18,-0.195,-0.424,-0.375,-0.414,-0.761,0.129,0.225,0.19,0.188,0.297,0.255,-0.21,-0.238,-0.336,0.302,0.593,0.385,0.37,0.641,0.435,0.481,0.831,0.639,0.559,0.851,0.673,0.077,0.068,0.059,-2.273,-3.656,0.368,-0.761,0.474,0.021,-1.841,-2.961,0.155,-0.895,0.287,-0.113,0.887,-1.834,0.462,-2.663,1.413,1.467,1.675,0.074,1.25,-0.492,2.07,2.149,-1.556,-2.939,1.085,-0.044,1.192,0.738,0.22,-0.655,0.407,0.127,0.656,-1.949,2.008,2.181,1.776,0.554,2.941,3.195,1.34,0.29,1.471,1.072,0.645,-0.23,0.832,0.552,2.574,2.694,3.77,3.945,0.306,0.36,0.012,0.185,-0.067,0.053
2019-07-10,CTD8,4174178,693048,0.019067764,0.027861718,0.034994133,0.010555122,0.0069019985,0.001753429,0.0018009244,0.00072927034,0.019002039,0.027938,0.035061162,0.010800577,0.007095703,0.0016640867,0.03215571,-8.000000000000001e-45,0.997,-0.187,16.553,-0.295,23.868,0.287,-42.296,0.468,-92.441,-0.113,7.315,0.45,-58.849,0.603,-108.994,0.537,-66.165,0.671,-116.309,0.209,-50.145,0.579,0.175,0.114,0.665,0.252,0.165,-1.178,-1.48,-0.292,-2.576,-3.235,-0.976,0.139,0.077,0.05,-1.122,-2.059,-0.406,-2.078,-3.814,-1.15,-1.262,-1.843,-0.457,-2.218,-3.241,-1.228,-0.956,-1.397,-1.755,-0.193,-0.21,-0.504,-0.415,-0.458,-0.912,0.135,0.245,0.203,0.194,0.317,0.267,-0.241,-0.275,-0.409,0.32,0.666,0.413,0.388,0.708,0.46,0.521,0.941,0.703,0.599,0.948,0.731,0.078,0.068,0.058,-2.631,-4.386,0.383,-0.845,0.487,0.03,-2.095,-3.492,0.166,-0.984,0.297,-0.109,1.01,-2.23,0.551,-3.264,1.559,1.609,1.966,0.123,1.507,-0.553,2.384,2.461,-1.854,-3.609,1.16,-0.068,1.264,0.807,0.243,-0.733,0.434,0.142,0.804,-2.431,2.278,2.442,2.202,0.721,3.483,3.735,1.456,0.306,1.588,1.181,0.702,-0.273,0.894,0.602,2.953,3.068,4.517,4.691,0.306,0.356,0.017,0.182,-0.06,0.054,-0.19,16.832,-0.297,24.104,0.275,-39.962,0.456,-88.304,-0.113,7.272,0.442,-56.794,0.595,-105.137,0.529,-64.066,0.663,-112.409,0.207,-48.343,0.59,0.182,0.119,0.673,0.26,0.171,-1.116,-1.401,-0.284,-2.467,-3.096,-0.954,0.138,0.079,0.052,-1.079,-1.991,-0.403,-1.998,-3.686,-1.136,-1.217,-1.79,-0.455,-2.136,-3.14,-1.214,-0.919,-1.351,-1.695,-0.195,-0.212,-0.499,-0.415,-0.458,-0.897,0.13,0.234,0.195,0.189,0.307,0.26,-0.239,-0.273,-0.398,0.317,0.657,0.407,0.386,0.699,0.454,0.517,0.93,0.692,0.596,0.938,0.722,0.079,0.069,0.059,-2.566,-4.261,0.372,-0.842,0.478,0.023,-2.045,-3.395,0.155,-0.98,0.288,-0.115,0.963,-2.178,0.504,-3.182,1.505,1.557,1.881,0.091,1.423,-0.568,2.291,2.37,-1.776,-3.471,1.162,-0.052,1.268,0.813,0.228,-0.725,0.423,0.14,0.742,-2.354,2.213,2.384,2.092,0.691,3.369,3.629,1.459,0.323,1.591,1.188,0.687,-0.267,0.882,0.598,2.873,2.992,4.373,4.555,0.314,0.366,0.013,0.184,-0.065,0.054
2019-07-10,CTD10,4170388,695646,0.01515713,0.022251561,0.0263393,0.0076493807,0.004739426,0.0012931526,0.001324091,0.0005488968,0.015174856,0.022275943,0.026476214,0.0076872883,0.0050594136,0.0012041142,0.00040986072,-8.000000000000001e-45,1.166,-0.19,21.035,-0.269,28.009,0.329,-64.754,0.524,-145.02,-0.084,6.975,0.488,-85.789,0.649,-166.055,0.55,-92.763,0.695,-173.03,0.235,-80.266,0.554,0.161,0.1,0.623,0.214,0.133,-1.441,-1.706,-0.307,-3.227,-3.82,-1.109,0.106,0.053,0.033,-1.3,-2.26,-0.407,-2.517,-4.374,-1.27,-1.406,-2.064,-0.44,-2.623,-3.85,-1.324,-1.217,-1.786,-2.114,-0.209,-0.228,-0.573,-0.374,-0.414,-0.903,0.155,0.278,0.242,0.214,0.348,0.307,-0.179,-0.205,-0.33,0.352,0.734,0.47,0.422,0.768,0.515,0.5,0.939,0.692,0.577,0.947,0.722,0.078,0.07,0.06,-2.762,-4.876,0.391,-0.933,0.501,0.062,-2.333,-4.12,0.232,-1.039,0.362,-0.044,1.137,-2.714,0.798,-3.576,1.768,1.802,2.353,0.289,2.014,-0.245,2.854,2.908,-1.975,-4.089,1.178,-0.146,1.288,0.848,0.34,-0.769,0.532,0.225,1.171,-2.649,2.596,2.729,2.957,1.252,4.19,4.405,1.394,0.124,1.525,1.118,0.679,-0.43,0.871,0.564,3.131,3.23,5.053,5.214,0.292,0.325,0.031,0.164,-0.022,0.077,-0.19,21.007,-0.271,28.129,0.328,-64.186,0.5,-131.753,-0.086,7.122,0.487,-85.193,0.63,-152.76,0.55,-92.315,0.679,-159.882,0.206,-67.566,0.556,0.161,0.106,0.627,0.216,0.142,-1.43,-1.699,-0.325,-2.935,-3.488,-1.013,0.108,0.055,0.036,-1.293,-2.256,-0.431,-2.318,-4.045,-1.174,-1.401,-2.056,-0.467,-2.426,-3.562,-1.229,-1.025,-1.505,-1.789,-0.208,-0.225,-0.557,-0.377,-0.413,-0.887,0.154,0.274,0.237,0.207,0.338,0.296,-0.184,-0.208,-0.33,0.35,0.721,0.463,0.413,0.753,0.504,0.502,0.929,0.687,0.572,0.937,0.715,0.07,0.063,0.054,-2.763,-4.552,0.391,-0.838,0.49,0.023,-2.325,-3.83,0.228,-0.946,0.346,-0.085,1.133,-2.429,0.785,-3.259,1.747,1.783,2.158,0.102,1.811,-0.445,2.654,2.709,-1.976,-3.765,1.178,-0.051,1.277,0.81,0.335,-0.678,0.508,0.183,1.153,-2.335,2.564,2.707,2.658,0.959,3.896,4.113,1.4,0.225,1.518,1.087,0.682,-0.331,0.855,0.53,3.111,3.217,4.726,4.888,0.279,0.315,0.012,0.154,-0.043,0.063
2019-07-10,CTD11,4169609,700351,0.01402279,0.020243205,0.027492458,0.009048134,0.0068966625,0.001680584,0.0016453535,0.0006686932,0.013956576,0.020198047,0.027472232,0.009193355,0.006490523,0.001718983,0.19148695,-8.000000000000001e-45,0.577,-0.182,21.913,-0.324,34.939,0.216,-39.208,0.341,-73.685,-0.152,13.026,0.382,-61.121,0.492,-95.598,0.505,-74.146,0.599,-108.624,0.135,-34.478,0.602,0.198,0.151,0.707,0.316,0.241,-0.794,-1.078,-0.27,-1.492,-2.026,-0.667,0.183,0.118,0.09,-0.857,-1.68,-0.422,-1.341,-2.628,-0.865,-1.04,-1.501,-0.511,-1.523,-2.199,-0.983,-0.483,-0.698,-0.948,-0.17,-0.181,-0.39,-0.46,-0.496,-0.845,0.104,0.183,0.145,0.149,0.243,0.195,-0.314,-0.347,-0.455,0.27,0.535,0.326,0.321,0.579,0.365,0.538,0.882,0.68,0.601,0.893,0.703,0.063,0.052,0.045,-2.346,-3.294,0.364,-0.619,0.442,-0.07,-1.727,-2.425,0.063,-0.802,0.169,-0.252,0.813,-1.385,0.192,-2.437,1.209,1.299,1.297,-0.204,0.675,-1.005,1.586,1.704,-1.595,-2.543,1.114,0.132,1.193,0.681,0.091,-0.576,0.245,-0.026,0.277,-1.749,1.745,1.986,0.975,-0.103,2.29,2.606,1.514,0.649,1.62,1.198,0.713,0.046,0.866,0.596,2.547,2.698,3.341,3.539,0.305,0.394,-0.045,0.196,-0.163,-0.012,-0.183,22.141,-0.326,35.25,0.206,-37.123,0.365,-82.42,-0.153,13.109,0.374,-59.264,0.514,-104.561,0.499,-72.374,0.618,-117.67,0.172,-45.297,0.608,0.204,0.144,0.712,0.324,0.229,-0.75,-1.02,-0.241,-1.665,-2.264,-0.758,0.183,0.121,0.085,-0.827,-1.628,-0.385,-1.459,-2.873,-0.961,-1.01,-1.462,-0.47,-1.642,-2.377,-1.082,-0.632,-0.915,-1.244,-0.17,-0.184,-0.398,-0.46,-0.506,-0.862,0.1,0.178,0.14,0.157,0.254,0.204,-0.314,-0.356,-0.464,0.266,0.538,0.324,0.331,0.592,0.374,0.535,0.894,0.685,0.614,0.906,0.714,0.079,0.065,0.057,-2.297,-3.542,0.356,-0.725,0.455,-0.015,-1.689,-2.604,0.053,-0.908,0.187,-0.198,0.783,-1.594,0.158,-2.715,1.197,1.282,1.415,-0.047,0.79,-0.838,1.695,1.816,-1.541,-2.785,1.113,0.031,1.211,0.741,0.077,-0.681,0.27,0.029,0.229,-2.036,1.732,1.961,1.144,0.124,2.453,2.777,1.513,0.552,1.647,1.262,0.701,-0.056,0.895,0.654,2.523,2.667,3.574,3.778,0.337,0.422,-0.01,0.219,-0.13,0.013
2019-07-10,CTD12,4173438,695414,0.015980136,0.022139747,0.025548164,0.009180208,0.0057995436,0.0017184254,0.0017016358,0.0006819031,0.015917262,0.022343935,0.025081407,0.009316284,0.006573829,0.0015994225,0.0001865741,-8.000000000000001e-45,0.494,-0.162,17.41,-0.23,23.436,0.27,-46.352,0.467,-109.85,-0.071,6.026,0.414,-63.762,0.585,-127.26,0.471,-69.788,0.63,-133.286,0.226,-63.497,0.445,0.16,0.101,0.519,0.215,0.136,-1.026,-1.184,-0.269,-2.432,-2.806,-1.008,0.096,0.055,0.035,-1.019,-1.629,-0.37,-2.034,-3.251,-1.168,-1.115,-1.545,-0.405,-2.13,-2.951,-1.224,-1.015,-1.406,-1.622,-0.177,-0.196,-0.411,-0.305,-0.342,-0.639,0.143,0.243,0.217,0.213,0.325,0.293,-0.135,-0.156,-0.228,0.312,0.595,0.413,0.393,0.649,0.471,0.429,0.752,0.586,0.518,0.785,0.631,0.089,0.081,0.071,-2.061,-3.683,0.362,-0.861,0.495,0.09,-1.786,-3.192,0.211,-0.957,0.364,-0.006,0.874,-2.077,0.587,-2.664,1.479,1.514,1.889,0.344,1.601,-0.028,2.341,2.396,-1.398,-3.02,1.026,-0.197,1.158,0.754,0.292,-0.716,0.504,0.235,0.813,-1.994,2.049,2.185,2.219,1.035,3.243,3.458,1.184,0.016,1.337,0.967,0.579,-0.429,0.791,0.522,2.42,2.521,3.831,3.991,0.313,0.347,0.052,0.188,-0.004,0.097,-0.168,18.07,-0.224,22.955,0.262,-44.514,0.415,-89.293,-0.058,4.885,0.411,-62.584,0.545,-107.363,0.458,-67.469,0.585,-112.248,0.173,-44.779,0.453,0.168,0.119,0.513,0.214,0.151,-0.995,-1.116,-0.293,-1.995,-2.24,-0.832,0.078,0.046,0.032,-0.996,-1.57,-0.411,-1.709,-2.693,-1.0,-1.074,-1.508,-0.444,-1.787,-2.508,-1.046,-0.713,-1.001,-1.123,-0.187,-0.203,-0.404,-0.289,-0.317,-0.577,0.139,0.228,0.209,0.197,0.295,0.272,-0.108,-0.122,-0.172,0.318,0.579,0.412,0.385,0.625,0.458,0.412,0.701,0.545,0.484,0.733,0.585,0.072,0.067,0.058,-1.98,-3.103,0.341,-0.705,0.45,0.007,-1.764,-2.764,0.218,-0.783,0.34,-0.071,0.818,-1.69,0.586,-2.107,1.414,1.446,1.53,0.023,1.299,-0.271,2.004,2.05,-1.288,-2.412,1.032,-0.013,1.142,0.698,0.306,-0.526,0.478,0.185,0.823,-1.417,1.985,2.136,1.823,0.707,2.814,3.027,1.159,0.159,1.282,0.87,0.537,-0.295,0.71,0.417,2.279,2.398,3.23,3.398,0.291,0.323,0.004,0.155,-0.042,0.077
2019-07-30,CTD1,4187246,695025,0.0042431233,0.0053600925,0.010725277,0.0046492065,0.011493403,0.0025623674,0.002465526,0.000971751,0.004450114,0.0048413235,0.010951152,0.005367437,0.008650106,0.0033228272,1.5115912,-2e-44,0.159,-0.116,49.112,-0.433,142.438,-0.046,20.585,-0.461,148.669,-0.334,93.326,0.071,-28.527,-0.364,99.558,0.395,-121.853,-0.035,6.231,-0.424,128.084,0.527,0.228,0.564,0.763,0.662,1.637,0.11,0.221,0.237,0.797,1.595,0.691,0.396,0.434,1.073,-0.121,-0.306,-0.328,0.422,1.068,0.463,-0.517,-0.653,-1.401,0.026,0.033,0.029,0.543,0.687,1.374,-0.073,-0.05,-0.069,-0.648,-0.385,-0.402,-0.025,-0.024,-0.018,-0.451,-0.724,-0.472,-0.603,-0.341,-0.332,0.047,0.045,0.032,-0.41,-0.69,-0.399,0.633,0.386,0.361,-0.08,-0.086,-0.077,-0.713,-0.457,-0.425,-1.515,-0.142,0.358,0.387,-0.28,-1.681,-0.757,-0.071,-0.472,-0.009,-1.749,-2.077,0.413,0.446,-1.088,-0.021,-1.232,-0.159,-0.131,-0.784,-1.632,-1.938,-0.498,-0.064,-1.044,0.33,0.83,0.859,0.192,-1.209,-0.596,0.095,-2.209,-1.972,-1.375,0.22,-1.556,0.081,-2.061,-1.841,-0.629,0.033,1.66,2.123,0.383,0.056,0.905,1.596,-0.708,-0.471,-0.402,0.163,-0.163,0.066,-1.049,0.024,-1.841,-0.204,-2.275,-1.711,-0.042,18.158,-0.422,133.399,-0.093,38.405,-0.321,109.108,-0.387,115.24,-0.052,20.246,-0.282,90.95,0.342,-94.994,0.117,-24.291,-0.234,70.703,0.199,0.097,0.157,0.646,0.716,1.154,0.186,0.421,0.332,0.528,1.195,0.586,0.513,0.619,0.997,0.09,0.222,0.175,0.405,0.996,0.488,-0.423,-0.46,-0.822,-0.108,-0.118,-0.13,0.315,0.342,0.774,-0.024,-0.02,-0.028,-0.637,-0.482,-0.464,-0.058,-0.068,-0.047,-0.266,-0.411,-0.257,-0.622,-0.466,-0.436,-0.034,-0.04,-0.027,-0.247,-0.388,-0.233,0.601,0.426,0.414,0.248,0.234,0.225,-0.353,-0.213,-0.208,-1.121,-0.347,0.429,0.299,0.129,-0.692,-0.496,-0.153,-0.702,-0.214,-1.38,-1.205,0.387,0.269,-1.433,-0.437,-0.958,0.039,0.072,-0.388,-1.748,-1.526,-0.594,0.024,-0.952,-0.178,0.598,0.467,0.298,-0.524,-0.764,-0.178,-1.502,-1.17,-1.559,-0.364,-1.042,0.112,-1.901,-1.481,-0.646,0.07,1.352,1.84,0.674,0.849,1.056,1.642,0.318,0.65,0.097,0.254,0.06,0.157,-0.581,0.416,-0.835,0.319,-1.454,-1.297
2019-07-30,CTD2,4181518,693105,0.020957008,0.028813623,0.03381805,0.010417623,0.0067022224,0.0017892101,0.0017970217,0.00073531346,0.020840282,0.028880784,0.0338635,0.010531281,0.0069969287,0.0016752002,0.02627358,-8.000000000000001e-45,0.526,-0.158,13.011,-0.235,18.147,0.336,-48.274,0.515,-101.488,-0.08,5.136,0.469,-61.285,0.623,-114.498,0.529,-66.421,0.669,-119.634,0.217,-53.213,0.44,0.136,0.087,0.523,0.189,0.122,-1.391,-1.633,-0.324,-2.924,-3.432,-1.057,0.108,0.054,0.034,-1.284,-2.073,-0.411,-2.4,-3.872,-1.193,-1.392,-1.914,-0.445,-2.507,-3.447,-1.246,-1.115,-1.533,-1.8,-0.178,-0.194,-0.459,-0.328,-0.362,-0.751,0.168,0.297,0.26,0.228,0.363,0.322,-0.16,-0.181,-0.292,0.336,0.665,0.454,0.404,0.705,0.5,0.47,0.846,0.659,0.545,0.864,0.691,0.075,0.068,0.059,-2.519,-4.318,0.419,-0.827,0.529,0.084,-2.146,-3.679,0.258,-0.935,0.387,-0.024,1.16,-2.287,0.838,-3.034,1.779,1.814,2.275,0.361,1.953,-0.119,2.765,2.819,-1.871,-3.671,1.067,-0.179,1.177,0.732,0.355,-0.702,0.532,0.209,1.152,-2.28,2.446,2.568,2.685,1.053,3.802,3.991,1.252,0.059,1.381,0.97,0.677,-0.381,0.854,0.53,2.926,3.014,4.549,4.684,0.264,0.299,0.042,0.163,-0.012,0.075,-0.162,13.359,-0.238,18.454,0.329,-46.971,0.497,-94.936,-0.079,5.095,0.466,-60.33,0.61,-108.295,0.526,-65.425,0.658,-113.39,0.202,-47.965,0.452,0.141,0.093,0.533,0.194,0.129,-1.357,-1.591,-0.329,-2.742,-3.215,-1.0,0.106,0.054,0.036,-1.257,-2.043,-0.422,-2.257,-3.667,-1.14,-1.363,-1.89,-0.458,-2.363,-3.275,-1.194,-1.0,-1.385,-1.624,-0.181,-0.197,-0.459,-0.33,-0.363,-0.743,0.164,0.287,0.252,0.221,0.351,0.312,-0.159,-0.179,-0.284,0.335,0.659,0.449,0.4,0.698,0.493,0.469,0.838,0.65,0.54,0.856,0.682,0.071,0.065,0.056,-2.494,-4.118,0.411,-0.784,0.515,0.057,-2.127,-3.512,0.251,-0.89,0.373,-0.049,1.126,-2.149,0.806,-2.861,1.737,1.772,2.126,0.236,1.806,-0.237,2.614,2.667,-1.83,-3.454,1.075,-0.119,1.179,0.721,0.348,-0.652,0.517,0.188,1.117,-2.097,2.407,2.536,2.503,0.912,3.622,3.817,1.26,0.12,1.383,0.961,0.667,-0.333,0.837,0.508,2.88,2.973,4.334,4.475,0.263,0.299,0.029,0.158,-0.025,0.069
2019-07-30,CTD3,4181698,695238,0.015576514,0.019133046,0.024056165,0.012009988,0.01214937,0.0036664566,0.0033478565,0.0013478829,0.015279491,0.018695086,0.024384165,0.01219616,0.011587705,0.0034990802,0.48043773,-2e-44,1.051,-0.102,11.934,-0.214,22.63,0.129,-19.065,0.124,-18.11,-0.114,10.696,0.229,-30.998,0.223,-30.043,0.334,-41.695,0.329,-40.739,-0.006,0.955,0.287,0.143,0.145,0.433,0.272,0.275,-0.365,-0.459,-0.232,-0.346,-0.436,-0.217,0.167,0.128,0.13,-0.483,-0.746,-0.377,-0.468,-0.723,-0.361,-0.649,-0.798,-0.507,-0.635,-0.779,-0.489,0.015,0.018,0.023,-0.099,-0.098,-0.147,-0.272,-0.271,-0.351,0.083,0.114,0.099,0.079,0.11,0.095,-0.178,-0.178,-0.204,0.18,0.257,0.197,0.176,0.253,0.194,0.347,0.434,0.385,0.343,0.432,0.382,-0.004,-0.004,-0.003,-1.189,-1.166,0.315,-0.174,0.309,-0.197,-0.946,-0.927,0.02,-0.341,0.013,-0.364,0.502,-0.278,0.04,-0.683,0.662,0.792,0.487,-0.311,0.025,-0.721,0.654,0.783,-0.775,-0.752,0.729,0.24,0.723,0.217,0.024,-0.193,0.015,-0.216,0.049,-0.387,0.813,1.088,0.03,-0.428,0.804,1.076,0.917,0.556,0.909,0.533,0.486,0.269,0.477,0.246,1.223,1.368,1.209,1.352,0.136,0.266,-0.152,0.123,-0.281,-0.136,-0.101,11.957,-0.23,24.437,0.112,-16.546,0.137,-20.851,-0.132,12.48,0.21,-28.503,0.235,-32.808,0.333,-40.983,0.356,-45.288,0.026,-4.305,0.292,0.146,0.139,0.457,0.298,0.283,-0.309,-0.403,-0.192,-0.39,-0.508,-0.254,0.191,0.152,0.145,-0.436,-0.695,-0.33,-0.501,-0.8,-0.4,-0.626,-0.766,-0.475,-0.692,-0.847,-0.552,-0.066,-0.08,-0.105,-0.093,-0.095,-0.144,-0.295,-0.301,-0.383,0.072,0.102,0.086,0.086,0.12,0.101,-0.207,-0.212,-0.239,0.164,0.242,0.181,0.179,0.259,0.194,0.359,0.454,0.402,0.377,0.466,0.414,0.018,0.015,0.014,-1.182,-1.287,0.317,-0.235,0.342,-0.133,-0.906,-0.987,-0.026,-0.426,0.007,-0.323,0.486,-0.361,-0.051,-0.852,0.633,0.778,0.552,-0.214,0.014,-0.681,0.666,0.818,-0.776,-0.881,0.723,0.171,0.748,0.273,-0.032,-0.286,0.008,-0.183,-0.063,-0.571,0.774,1.058,0.017,-0.386,0.815,1.113,0.944,0.543,0.976,0.646,0.506,0.252,0.546,0.354,1.241,1.38,1.306,1.452,0.178,0.323,-0.106,0.177,-0.258,-0.12
2019-07-30,CTD4,4180266,698264,0.0,0.0,0.0,0.0,0.0,0.0,0.0,0.0,0.0,0.0,0.0,0.0,0.0,0.0,0.0,0.0,1.427,,,,,,,,,,,,,,,,,,,,,,,,,,,,,,,,,,,,,,,,,,,,,,,,,,,,,,,,,,,,,,,,,,,,,,,,,,,,,,,,,,,,,,,,,,,,,,,,,,,,,,,,,,,,,,,,,,,,,,,,,,,,,,,,,,,,,,,,,,,,,,,,,,,,,,,,,,,,,,,,,,,,,,,,,,,,,,,,,,,,,,,,,,,,,,,,,,,,,,,,,,,,,,,,,,,,,,,,,,,,,,,,,,,,,,,,,,,,,,,,,,,,,,,,,,,,,,,,,,,,,,,,,,,,,,,,,,,,,,,,
2019-07-30,CTD6,4176009,695829,0.030536538,0.040482394,0.046912313,0.019123623,0.011800924,0.003232747,0.0031702095,0.0012785419,0.030114876,0.040732488,0.046831742,0.019199137,0.012724679,0.0028508247,0.00078079186,-8.000000000000001e-45,0.891,-0.14,8.046,-0.211,11.431,0.23,-19.544,0.443,-51.991,-0.074,3.386,0.358,-27.589,0.549,-60.037,0.421,-30.975,0.598,-63.423,0.237,-32.448,0.377,0.154,0.095,0.463,0.219,0.135,-0.791,-0.917,-0.231,-2.105,-2.439,-0.994,0.103,0.065,0.04,-0.842,-1.294,-0.326,-1.833,-2.816,-1.148,-0.946,-1.254,-0.366,-1.937,-2.568,-1.213,-0.991,-1.314,-1.522,-0.151,-0.169,-0.322,-0.275,-0.313,-0.53,0.131,0.218,0.194,0.214,0.314,0.284,-0.129,-0.152,-0.208,0.276,0.504,0.364,0.37,0.578,0.434,0.391,0.656,0.532,0.494,0.707,0.589,0.103,0.095,0.084,-1.699,-3.221,0.347,-0.866,0.503,0.137,-1.466,-2.78,0.179,-0.97,0.359,0.034,0.734,-1.834,0.438,-2.379,1.305,1.345,1.725,0.471,1.429,0.135,2.115,2.18,-1.127,-2.65,0.918,-0.295,1.074,0.709,0.237,-0.758,0.476,0.246,0.581,-1.858,1.73,1.865,1.894,0.977,2.804,3.023,1.064,-0.084,1.245,0.919,0.533,-0.462,0.772,0.542,2.067,2.162,3.349,3.503,0.335,0.375,0.086,0.221,0.021,0.116,-0.15,8.656,-0.217,11.853,0.221,-18.879,0.406,-45.381,-0.07,3.197,0.359,-27.535,0.524,-54.037,0.418,-30.733,0.573,-57.234,0.203,-26.502,0.405,0.166,0.11,0.483,0.228,0.151,-0.769,-0.884,-0.24,-1.848,-2.125,-0.871,0.096,0.061,0.041,-0.829,-1.29,-0.35,-1.627,-2.531,-1.037,-0.926,-1.252,-0.391,-1.724,-2.331,-1.099,-0.798,-1.079,-1.241,-0.161,-0.178,-0.333,-0.279,-0.313,-0.524,0.125,0.204,0.183,0.199,0.29,0.263,-0.124,-0.142,-0.191,0.28,0.503,0.362,0.364,0.568,0.424,0.39,0.645,0.517,0.481,0.692,0.569,0.091,0.084,0.074,-1.7,-2.941,0.329,-0.769,0.468,0.077,-1.479,-2.558,0.172,-0.866,0.331,-0.02,0.699,-1.633,0.419,-2.112,1.256,1.297,1.497,0.245,1.217,-0.073,1.895,1.957,-1.087,-2.328,0.943,-0.156,1.081,0.69,0.232,-0.639,0.447,0.207,0.566,-1.559,1.699,1.85,1.646,0.762,2.564,2.791,1.084,0.046,1.243,0.892,0.512,-0.359,0.727,0.487,2.017,2.127,3.043,3.209,0.325,0.366,0.049,0.2,-0.013,0.098
2019-07-30,CTD7,4176724,690397,0.020942856,0.029175634,0.034882713,0.011766958,0.007383074,0.0020521842,0.0021166366,0.0008651172,0.020863667,0.029338526,0.03461338,0.011837509,0.008146992,0.0018486569,0.00061611965,-8.000000000000001e-45,0.633,-0.164,13.474,-0.25,19.081,0.281,-37.235,0.479,-87.696,-0.089,5.608,0.425,-50.709,0.596,-101.17,0.496,-56.316,0.651,-106.777,0.229,-50.461,0.47,0.159,0.099,0.557,0.225,0.141,-1.086,-1.299,-0.275,-2.559,-3.059,-1.032,0.117,0.066,0.041,-1.062,-1.769,-0.374,-2.119,-3.529,-1.19,-1.179,-1.643,-0.416,-2.236,-3.115,-1.256,-1.057,-1.472,-1.76,-0.176,-0.195,-0.43,-0.34,-0.381,-0.728,0.143,0.251,0.217,0.212,0.331,0.291,-0.174,-0.201,-0.298,0.312,0.615,0.412,0.39,0.666,0.467,0.461,0.816,0.632,0.549,0.841,0.672,0.087,0.079,0.068,-2.247,-4.007,0.38,-0.876,0.506,0.09,-1.879,-3.351,0.197,-0.993,0.347,-0.027,0.943,-2.172,0.584,-2.945,1.527,1.568,2.0,0.357,1.641,-0.128,2.433,2.499,-1.571,-3.332,1.056,-0.201,1.181,0.766,0.275,-0.757,0.484,0.209,0.814,-2.245,2.127,2.268,2.286,0.987,3.39,3.614,1.262,0.072,1.413,1.038,0.634,-0.398,0.843,0.568,2.612,2.711,4.163,4.321,0.309,0.35,0.051,0.192,-0.015,0.084,-0.169,13.845,-0.248,19.04,0.276,-36.547,0.438,-74.814,-0.082,5.194,0.425,-50.392,0.565,-88.66,0.49,-55.587,0.619,-93.854,0.185,-38.267,0.479,0.164,0.113,0.559,0.225,0.155,-1.072,-1.265,-0.298,-2.195,-2.59,-0.886,0.108,0.061,0.042,-1.051,-1.744,-0.411,-1.85,-3.069,-1.05,-1.16,-1.631,-0.453,-1.958,-2.754,-1.111,-0.798,-1.123,-1.325,-0.182,-0.198,-0.424,-0.334,-0.367,-0.688,0.141,0.241,0.211,0.199,0.309,0.274,-0.161,-0.182,-0.264,0.315,0.603,0.409,0.382,0.648,0.456,0.454,0.785,0.608,0.527,0.809,0.643,0.074,0.067,0.058,-2.213,-3.537,0.369,-0.742,0.476,0.023,-1.876,-2.998,0.199,-0.85,0.325,-0.085,0.915,-1.839,0.583,-2.486,1.485,1.527,1.713,0.082,1.381,-0.363,2.157,2.219,-1.518,-2.842,1.064,-0.047,1.171,0.718,0.28,-0.605,0.457,0.159,0.819,-1.77,2.088,2.243,1.942,0.677,3.034,3.259,1.256,0.206,1.381,0.971,0.612,-0.273,0.789,0.492,2.534,2.646,3.681,3.845,0.29,0.332,0.013,0.168,-0.048,0.064
2019-07-30,CTD8,4174178,693048,0.025466198,0.03776853,0.05099346,0.01749087,0.010876242,0.0028589985,0.0028509088,0.0011415521,0.025375191,0.037587576,0.05129477,0.017725652,0.011672656,0.0025297047,0.06341462,-8.000000000000001e-45,0.381,-0.195,12.791,-0.334,19.657,0.186,-17.905,0.401,-52.676,-0.149,6.867,0.367,-30.696,0.553,-65.466,0.489,-37.562,0.648,-72.333,0.233,-34.771,0.652,0.224,0.139,0.742,0.344,0.214,-0.676,-0.913,-0.195,-1.989,-2.686,-0.921,0.175,0.12,0.075,-0.782,-1.565,-0.334,-1.667,-3.338,-1.145,-0.957,-1.419,-0.409,-1.842,-2.732,-1.265,-0.885,-1.313,-1.773,-0.18,-0.199,-0.434,-0.462,-0.525,-0.9,0.09,0.164,0.129,0.164,0.264,0.213,-0.308,-0.364,-0.466,0.265,0.558,0.328,0.352,0.626,0.393,0.53,0.922,0.689,0.634,0.934,0.726,0.105,0.087,0.075,-2.241,-4.014,0.331,-0.934,0.461,0.052,-1.66,-2.973,0.036,-1.109,0.211,-0.122,0.715,-2.017,0.106,-3.233,1.168,1.243,1.601,0.182,0.991,-0.574,1.878,1.998,-1.432,-3.205,1.14,-0.125,1.27,0.861,0.054,-0.868,0.314,0.119,0.157,-2.529,1.732,1.946,1.47,0.557,2.786,3.13,1.539,0.394,1.714,1.381,0.663,-0.258,0.923,0.728,2.488,2.627,4.002,4.225,0.399,0.474,0.036,0.25,-0.084,0.055,-0.194,12.804,-0.338,19.913,0.177,-17.007,0.37,-46.262,-0.154,7.109,0.359,-29.811,0.526,-59.066,0.486,-36.92,0.629,-66.175,0.206,-29.255,0.657,0.227,0.149,0.748,0.353,0.232,-0.639,-0.872,-0.199,-1.739,-2.373,-0.82,0.18,0.126,0.083,-0.756,-1.529,-0.348,-1.499,-3.03,-1.047,-0.937,-1.388,-0.431,-1.679,-2.487,-1.173,-0.742,-1.1,-1.501,-0.177,-0.194,-0.415,-0.469,-0.526,-0.882,0.086,0.155,0.121,0.154,0.248,0.199,-0.318,-0.37,-0.466,0.259,0.536,0.315,0.338,0.601,0.375,0.533,0.906,0.681,0.629,0.919,0.716,0.096,0.079,0.068,-2.219,-3.719,0.33,-0.843,0.448,0.017,-1.626,-2.725,0.023,-1.024,0.184,-0.164,0.699,-1.789,0.067,-2.963,1.121,1.204,1.441,0.053,0.809,-0.72,1.702,1.828,-1.413,-2.913,1.136,-0.037,1.254,0.823,0.034,-0.786,0.273,0.074,0.099,-2.274,1.661,1.893,1.199,0.326,2.522,2.875,1.55,0.503,1.711,1.363,0.666,-0.154,0.905,0.706,2.434,2.583,3.696,3.923,0.388,0.471,0.012,0.244,-0.114,0.035
2019-07-30,CTD10,4170388,695646,0.02187427,0.029990286,0.035737325,0.012547906,0.0075803995,0.0020927663,0.0021259508,0.0008671305,0.021709856,0.030278934,0.03579015,0.012651352,0.008158153,0.0019111615,0.0005795802,-8.000000000000001e-45,0.326,-0.156,12.372,-0.241,17.734,0.271,-33.979,0.485,-86.203,-0.087,5.362,0.41,-46.35,0.596,-98.575,0.48,-51.713,0.65,-103.937,0.247,-52.225,0.442,0.155,0.094,0.532,0.223,0.134,-1.019,-1.214,-0.258,-2.585,-3.081,-1.082,0.117,0.067,0.041,-1.014,-1.656,-0.351,-2.156,-3.523,-1.237,-1.131,-1.551,-0.392,-2.274,-3.117,-1.304,-1.142,-1.566,-1.866,-0.168,-0.187,-0.403,-0.326,-0.369,-0.689,0.142,0.248,0.215,0.217,0.336,0.296,-0.167,-0.195,-0.286,0.303,0.592,0.403,0.389,0.651,0.464,0.447,0.787,0.617,0.543,0.818,0.662,0.096,0.086,0.076,-2.119,-3.985,0.378,-0.926,0.517,0.125,-1.778,-3.344,0.194,-1.043,0.359,0.008,0.904,-2.213,0.552,-2.971,1.49,1.531,2.046,0.496,1.694,0.038,2.467,2.535,-1.477,-3.343,1.02,-0.284,1.159,0.767,0.266,-0.816,0.493,0.235,0.756,-2.324,2.044,2.178,2.323,1.108,3.383,3.605,1.215,-0.022,1.381,1.03,0.618,-0.464,0.845,0.588,2.502,2.595,4.141,4.296,0.321,0.362,0.072,0.206,0.005,0.098,-0.165,13.036,-0.245,18.121,0.264,-32.981,0.454,-76.515,-0.083,5.086,0.411,-46.017,0.576,-89.551,0.478,-51.102,0.629,-94.636,0.216,-43.534,0.467,0.165,0.106,0.549,0.229,0.148,-0.999,-1.18,-0.269,-2.317,-2.738,-0.968,0.11,0.064,0.041,-0.999,-1.647,-0.375,-1.944,-3.205,-1.133,-1.109,-1.547,-0.417,-2.055,-2.865,-1.197,-0.945,-1.318,-1.558,-0.177,-0.195,-0.412,-0.328,-0.366,-0.677,0.137,0.236,0.206,0.205,0.316,0.28,-0.16,-0.185,-0.265,0.307,0.59,0.401,0.385,0.644,0.457,0.445,0.775,0.602,0.531,0.804,0.644,0.086,0.078,0.068,-2.112,-3.67,0.364,-0.834,0.489,0.072,-1.787,-3.105,0.189,-0.944,0.337,-0.038,0.87,-1.995,0.534,-2.671,1.447,1.488,1.815,0.268,1.479,-0.168,2.243,2.308,-1.434,-2.992,1.041,-0.156,1.167,0.75,0.263,-0.705,0.47,0.201,0.745,-1.994,2.018,2.165,2.063,0.883,3.129,3.358,1.231,0.098,1.379,1.004,0.599,-0.369,0.806,0.537,2.453,2.56,3.804,3.969,0.313,0.355,0.042,0.19,-0.022,0.084
2019-07-30,CTD11,4169609,700351,0.016360583,0.02171967,0.025758622,0.008017677,0.0058307364,0.0016041875,0.0015808879,0.00064311066,0.016254637,0.021703431,0.02567845,0.008029195,0.0058817617,0.0015590214,0.11224899,-8.000000000000001e-45,0.289,-0.141,15.081,-0.223,22.301,0.342,-63.602,0.475,-110.382,-0.085,7.219,0.461,-78.683,0.577,-125.464,0.525,-85.902,0.631,-132.683,0.158,-46.781,0.388,0.121,0.088,0.484,0.179,0.13,-1.381,-1.638,-0.371,-2.397,-2.843,-0.885,0.118,0.058,0.042,-1.287,-2.027,-0.459,-2.053,-3.232,-1.006,-1.405,-1.866,-0.501,-2.171,-2.882,-1.064,-0.765,-1.016,-1.205,-0.159,-0.17,-0.387,-0.316,-0.341,-0.679,0.176,0.303,0.264,0.222,0.354,0.312,-0.166,-0.182,-0.292,0.325,0.617,0.434,0.377,0.652,0.47,0.466,0.799,0.644,0.523,0.817,0.67,0.057,0.052,0.046,-2.459,-3.664,0.442,-0.622,0.527,0.026,-2.074,-3.09,0.266,-0.74,0.367,-0.092,1.197,-1.684,0.855,-2.377,1.772,1.814,1.963,0.097,1.62,-0.407,2.437,2.495,-1.885,-3.09,1.016,-0.048,1.101,0.6,0.353,-0.532,0.487,0.116,1.135,-1.709,2.353,2.483,2.151,0.512,3.235,3.414,1.205,0.199,1.306,0.847,0.696,-0.189,0.83,0.459,2.856,2.944,3.928,4.049,0.222,0.264,0.013,0.143,-0.045,0.043,-0.144,15.445,-0.225,22.578,0.339,-63.025,0.469,-108.496,-0.084,7.133,0.46,-78.47,0.574,-123.941,0.524,-85.602,0.627,-131.074,0.154,-45.472,0.397,0.124,0.091,0.49,0.181,0.133,-1.368,-1.618,-0.371,-2.355,-2.786,-0.871,0.116,0.057,0.042,-1.275,-2.015,-0.462,-2.015,-3.183,-0.995,-1.391,-1.858,-0.503,-2.131,-2.845,-1.052,-0.739,-0.987,-1.168,-0.162,-0.173,-0.392,-0.317,-0.342,-0.677,0.174,0.298,0.261,0.219,0.349,0.308,-0.164,-0.18,-0.286,0.326,0.618,0.433,0.377,0.652,0.469,0.465,0.797,0.64,0.522,0.815,0.666,0.057,0.051,0.045,-2.449,-3.617,0.436,-0.616,0.52,0.016,-2.07,-3.057,0.263,-0.732,0.362,-0.1,1.179,-1.666,0.841,-2.341,1.753,1.795,1.918,0.061,1.58,-0.435,2.394,2.451,-1.863,-3.031,1.023,-0.03,1.106,0.603,0.351,-0.52,0.483,0.113,1.123,-1.663,2.341,2.474,2.11,0.492,3.196,3.377,1.21,0.215,1.309,0.847,0.689,-0.182,0.821,0.451,2.836,2.927,3.872,3.996,0.223,0.265,0.008,0.141,-0.049,0.042
2019-07-30,CTD12,4173438,695414,0.01897093,0.026884783,0.028654773,0.007460073,0.004363767,0.0011763908,0.0012248077,0.0004971645,0.019024268,0.026948873,0.028597979,0.007618407,0.004743839,0.0010950153,0.0004802757,-8.000000000000001e-45,0.426,-0.173,15.516,-0.203,17.814,0.436,-81.335,0.626,-176.448,-0.032,2.298,0.566,-96.851,0.721,-191.964,0.587,-99.149,0.736,-194.262,0.262,-95.113,0.445,0.116,0.068,0.479,0.133,0.078,-2.187,-2.331,-0.355,-4.744,-5.056,-1.316,0.044,0.017,0.01,-1.837,-2.775,-0.423,-3.642,-5.501,-1.432,-1.881,-2.666,-0.433,-3.685,-5.223,-1.449,-1.804,-2.557,-2.725,-0.219,-0.24,-0.669,-0.282,-0.31,-0.819,0.207,0.368,0.349,0.263,0.425,0.404,-0.067,-0.076,-0.15,0.408,0.832,0.588,0.473,0.852,0.624,0.462,0.908,0.678,0.53,0.919,0.707,0.068,0.065,0.056,-3.135,-5.861,0.445,-1.004,0.553,0.121,-2.942,-5.499,0.385,-1.047,0.5,0.077,1.605,-3.618,1.477,-4.024,2.381,2.391,3.409,0.744,3.282,0.506,4.07,4.087,-2.424,-5.149,1.157,-0.292,1.265,0.832,0.545,-0.771,0.708,0.353,2.093,-2.963,3.374,3.452,4.65,2.32,5.768,5.901,1.233,-0.199,1.348,0.926,0.673,-0.644,0.836,0.481,3.611,3.679,6.173,6.289,0.231,0.241,0.047,0.125,0.03,0.098,-0.172,15.457,-0.201,17.597,0.428,-78.697,0.601,-158.235,-0.03,2.14,0.559,-94.154,0.701,-173.692,0.579,-96.294,0.715,-175.832,0.233,-79.539,0.442,0.118,0.073,0.474,0.134,0.083,-2.121,-2.251,-0.373,-4.264,-4.525,-1.206,0.041,0.016,0.01,-1.791,-2.693,-0.447,-3.304,-4.967,-1.323,-1.832,-2.595,-0.457,-3.345,-4.738,-1.34,-1.513,-2.143,-2.275,-0.219,-0.238,-0.641,-0.277,-0.302,-0.774,0.205,0.36,0.342,0.257,0.413,0.394,-0.062,-0.069,-0.133,0.406,0.813,0.58,0.466,0.833,0.613,0.456,0.883,0.662,0.519,0.895,0.69,0.063,0.06,0.052,-3.048,-5.323,0.44,-0.9,0.54,0.083,-2.872,-5.016,0.383,-0.941,0.489,0.043,1.555,-3.184,1.436,-3.531,2.321,2.331,3.068,0.473,2.949,0.257,3.728,3.744,-2.337,-4.612,1.15,-0.189,1.251,0.794,0.542,-0.664,0.693,0.32,2.034,-2.491,3.288,3.371,4.178,1.927,5.28,5.414,1.221,-0.103,1.327,0.881,0.661,-0.545,0.812,0.439,3.504,3.578,5.628,5.746,0.224,0.235,0.033,0.117,0.017,0.09
2019-08-14,CTD1,4187246,695025,0.014578893,0.021364588,0.029429002,0.01024088,0.007303372,0.0019345834,0.0019417511,0.00078025274,0.014515751,0.021239273,0.029396614,0.010418475,0.0075313915,0.00186375,0.120730065,-8.000000000000001e-45,0.68,-0.189,21.786,-0.337,34.612,0.175,-29.056,0.332,-68.331,-0.159,12.826,0.352,-50.841,0.49,-90.117,0.484,-63.668,0.602,-102.943,0.167,-39.275,0.641,0.223,0.159,0.739,0.354,0.253,-0.621,-0.855,-0.212,-1.46,-2.011,-0.7,0.187,0.131,0.094,-0.741,-1.496,-0.371,-1.314,-2.652,-0.923,-0.928,-1.36,-0.465,-1.501,-2.199,-1.054,-0.573,-0.839,-1.156,-0.171,-0.185,-0.387,-0.47,-0.518,-0.846,0.085,0.151,0.118,0.143,0.23,0.183,-0.325,-0.369,-0.46,0.253,0.508,0.303,0.32,0.567,0.354,0.534,0.877,0.669,0.616,0.891,0.7,0.082,0.067,0.058,-2.191,-3.347,0.334,-0.72,0.434,-0.031,-1.591,-2.43,0.016,-0.907,0.154,-0.218,0.698,-1.502,0.046,-2.606,1.082,1.175,1.27,-0.09,0.619,-0.877,1.517,1.648,-1.408,-2.564,1.117,0.063,1.217,0.752,0.024,-0.676,0.225,0.013,0.068,-1.943,1.585,1.838,0.907,0.052,2.223,2.577,1.539,0.616,1.677,1.305,0.675,-0.025,0.877,0.664,2.373,2.532,3.327,3.55,0.361,0.454,-0.022,0.231,-0.153,0.006,-0.188,21.808,-0.339,34.873,0.164,-27.093,0.317,-63.887,-0.161,13.065,0.342,-48.901,0.476,-85.695,0.477,-61.966,0.592,-98.76,0.161,-36.794,0.641,0.227,0.164,0.741,0.363,0.263,-0.575,-0.796,-0.204,-1.357,-1.878,-0.666,0.19,0.136,0.098,-0.71,-1.438,-0.368,-1.244,-2.519,-0.893,-0.899,-1.316,-0.467,-1.434,-2.098,-1.029,-0.534,-0.781,-1.082,-0.169,-0.182,-0.375,-0.47,-0.517,-0.829,0.081,0.142,0.111,0.138,0.221,0.175,-0.327,-0.37,-0.454,0.246,0.491,0.293,0.312,0.55,0.344,0.531,0.861,0.66,0.612,0.877,0.691,0.081,0.066,0.057,-2.138,-3.22,0.329,-0.7,0.427,-0.039,-1.545,-2.326,0.003,-0.89,0.139,-0.229,0.671,-1.427,0.009,-2.51,1.039,1.137,1.205,-0.111,0.543,-0.894,1.437,1.573,-1.358,-2.44,1.109,0.08,1.207,0.74,0.005,-0.661,0.204,-0.0,0.013,-1.865,1.52,1.782,0.795,-0.001,2.102,2.466,1.535,0.642,1.671,1.302,0.666,0.001,0.865,0.661,2.303,2.467,3.185,3.413,0.363,0.462,-0.028,0.234,-0.164,-0.0
2019-08-14,CTD2,4181518,693105,0.011904055,0.018155575,0.026896948,0.009250354,0.0064262077,0.0016471641,0.0016545913,0.0006611427,0.011880971,0.018157875,0.026914435,0.009452772,0.006559881,0.0016120436,0.102869295,-8.000000000000001e-45,0.923,-0.208,28.925,-0.386,46.826,0.125,-24.099,0.299,-71.608,-0.194,17.901,0.325,-53.024,0.477,-100.533,0.488,-70.925,0.614,-118.434,0.18,-47.509,0.778,0.268,0.186,0.85,0.433,0.301,-0.438,-0.648,-0.155,-1.3,-1.926,-0.662,0.213,0.166,0.115,-0.631,-1.426,-0.341,-1.197,-2.704,-0.93,-0.844,-1.288,-0.456,-1.41,-2.15,-1.096,-0.566,-0.863,-1.278,-0.173,-0.188,-0.399,-0.547,-0.61,-0.956,0.059,0.108,0.08,0.122,0.2,0.152,-0.413,-0.477,-0.558,0.23,0.486,0.267,0.302,0.554,0.324,0.587,0.963,0.718,0.681,0.968,0.747,0.094,0.073,0.063,-2.252,-3.53,0.312,-0.784,0.417,-0.039,-1.52,-2.383,-0.067,-0.997,0.089,-0.252,0.612,-1.538,-0.195,-2.899,0.933,1.048,1.177,-0.11,0.371,-1.055,1.343,1.509,-1.383,-2.66,1.181,0.086,1.286,0.83,-0.102,-0.764,0.135,-0.02,-0.297,-2.223,1.423,1.724,0.566,-0.082,2.048,2.481,1.75,0.82,1.906,1.565,0.704,0.042,0.942,0.787,2.368,2.554,3.408,3.676,0.423,0.538,-0.03,0.271,-0.196,-0.01,-0.209,29.096,-0.388,47.013,0.114,-21.621,0.289,-68.274,-0.194,17.918,0.315,-50.717,0.469,-97.369,0.48,-68.634,0.608,-115.287,0.181,-46.653,0.783,0.275,0.191,0.854,0.444,0.308,-0.393,-0.582,-0.142,-1.24,-1.838,-0.645,0.213,0.169,0.118,-0.603,-1.365,-0.333,-1.157,-2.621,-0.92,-0.815,-1.246,-0.45,-1.37,-2.093,-1.09,-0.554,-0.847,-1.256,-0.173,-0.188,-0.392,-0.544,-0.608,-0.939,0.054,0.098,0.073,0.118,0.193,0.146,-0.41,-0.475,-0.547,0.224,0.472,0.26,0.299,0.544,0.319,0.581,0.947,0.706,0.678,0.954,0.737,0.096,0.075,0.064,-2.193,-3.449,0.303,-0.787,0.411,-0.04,-1.479,-2.327,-0.079,-1.0,0.08,-0.253,0.582,-1.511,-0.225,-2.846,0.896,1.013,1.137,-0.11,0.329,-1.036,1.291,1.46,-1.319,-2.575,1.177,0.087,1.285,0.834,-0.121,-0.766,0.123,-0.019,-0.344,-2.182,1.369,1.677,0.503,-0.079,1.972,2.417,1.745,0.824,1.904,1.571,0.687,0.041,0.93,0.788,2.295,2.486,3.307,3.582,0.434,0.552,-0.032,0.277,-0.201,-0.01
2019-08-14,CTD3,4181698,695238,0.015391632,0.021378973,0.02762744,0.009950739,0.0070777847,0.0018408013,0.0018142625,0.00073194946,0.0153105855,0.021553515,0.027635587,0.010105217,0.0071056453,0.0017893651,0.13915244,-8.000000000000001e-45,1.686,-0.163,18.195,-0.284,28.774,0.215,-35.525,0.37,-76.317,-0.128,10.579,0.365,-53.72,0.503,-94.512,0.47,-64.299,0.592,-105.091,0.169,-40.792,0.503,0.181,0.129,0.615,0.286,0.204,-0.759,-0.981,-0.251,-1.632,-2.108,-0.759,0.163,0.105,0.075,-0.827,-1.484,-0.38,-1.455,-2.611,-0.94,-0.99,-1.375,-0.455,-1.618,-2.247,-1.046,-0.628,-0.872,-1.127,-0.159,-0.173,-0.352,-0.391,-0.43,-0.719,0.111,0.191,0.157,0.17,0.265,0.221,-0.247,-0.278,-0.367,0.266,0.509,0.329,0.332,0.564,0.381,0.481,0.787,0.621,0.559,0.811,0.656,0.078,0.067,0.059,-2.056,-3.183,0.36,-0.686,0.464,0.009,-1.591,-2.463,0.092,-0.849,0.226,-0.154,0.773,-1.474,0.255,-2.357,1.216,1.291,1.401,0.026,0.882,-0.602,1.709,1.814,-1.387,-2.514,1.029,-0.017,1.133,0.678,0.127,-0.632,0.314,0.063,0.354,-1.755,1.689,1.892,1.226,0.244,2.374,2.66,1.33,0.389,1.464,1.084,0.646,-0.114,0.832,0.581,2.317,2.445,3.257,3.438,0.315,0.39,0.006,0.209,-0.1,0.029,-0.169,18.918,-0.287,29.129,0.205,-33.644,0.366,-75.419,-0.124,10.211,0.362,-52.563,0.504,-94.337,0.464,-62.774,0.591,-104.548,0.174,-41.774,0.523,0.191,0.134,0.628,0.294,0.207,-0.725,-0.93,-0.239,-1.626,-2.084,-0.762,0.156,0.103,0.073,-0.805,-1.453,-0.373,-1.444,-2.607,-0.953,-0.961,-1.353,-0.446,-1.601,-2.253,-1.056,-0.64,-0.9,-1.154,-0.165,-0.18,-0.363,-0.389,-0.43,-0.716,0.106,0.182,0.15,0.167,0.259,0.217,-0.239,-0.271,-0.353,0.267,0.511,0.33,0.336,0.568,0.383,0.476,0.782,0.612,0.557,0.808,0.648,0.081,0.07,0.061,-2.024,-3.179,0.345,-0.712,0.453,0.007,-1.579,-2.479,0.085,-0.868,0.224,-0.149,0.735,-1.518,0.233,-2.374,1.185,1.258,1.375,0.022,0.873,-0.58,1.686,1.789,-1.327,-2.481,1.042,-0.014,1.151,0.705,0.12,-0.642,0.316,0.077,0.328,-1.756,1.669,1.876,1.228,0.299,2.373,2.668,1.336,0.383,1.475,1.102,0.622,-0.14,0.818,0.579,2.271,2.405,3.229,3.42,0.33,0.403,0.005,0.212,-0.098,0.036
2019-08-14,CTD4,4180266,698264,0.014342088,0.020698795,0.027197637,0.009932664,0.005925391,0.0015244668,0.0015620244,0.0006318669,0.014347534,0.020971583,0.026786368,0.0101439515,0.006295204,0.0014211789,0.016221035,-8.000000000000001e-45,1.982,-0.181,21.413,-0.309,32.957,0.182,-30.953,0.415,-99.04,-0.136,11.544,0.351,-52.366,0.555,-120.453,0.465,-63.91,0.642,-131.997,0.253,-68.087,0.582,0.213,0.127,0.682,0.327,0.195,-0.641,-0.842,-0.183,-2.05,-2.694,-0.984,0.166,0.115,0.068,-0.751,-1.424,-0.31,-1.728,-3.276,-1.196,-0.917,-1.323,-0.379,-1.893,-2.732,-1.311,-0.977,-1.409,-1.852,-0.171,-0.192,-0.401,-0.42,-0.483,-0.811,0.092,0.166,0.133,0.176,0.275,0.227,-0.268,-0.321,-0.41,0.259,0.531,0.325,0.356,0.609,0.398,0.493,0.852,0.648,0.607,0.876,0.694,0.114,0.096,0.084,-2.045,-3.897,0.328,-0.983,0.475,0.096,-1.557,-2.966,0.047,-1.149,0.241,-0.069,0.683,-2.049,0.13,-3.146,1.158,1.226,1.659,0.337,1.106,-0.318,1.941,2.055,-1.295,-3.147,1.078,-0.233,1.225,0.847,0.068,-0.915,0.348,0.164,0.188,-2.506,1.671,1.866,1.597,0.755,2.801,3.128,1.416,0.22,1.61,1.3,0.621,-0.362,0.901,0.717,2.325,2.452,3.897,4.11,0.406,0.475,0.067,0.262,-0.048,0.079,-0.188,22.015,-0.302,32.366,0.172,-28.883,0.39,-89.153,-0.122,10.351,0.348,-50.897,0.538,-111.168,0.451,-61.248,0.619,-121.519,0.234,-60.27,0.59,0.223,0.139,0.679,0.328,0.204,-0.606,-0.774,-0.182,-1.87,-2.388,-0.904,0.149,0.105,0.065,-0.73,-1.363,-0.32,-1.595,-2.978,-1.128,-0.879,-1.284,-0.386,-1.743,-2.548,-1.233,-0.865,-1.264,-1.614,-0.179,-0.2,-0.403,-0.4,-0.456,-0.757,0.088,0.154,0.127,0.169,0.259,0.218,-0.237,-0.282,-0.354,0.263,0.525,0.327,0.357,0.599,0.397,0.471,0.806,0.61,0.58,0.837,0.659,0.109,0.094,0.081,-1.956,-3.571,0.305,-0.927,0.449,0.064,-1.532,-2.796,0.052,-1.076,0.235,-0.085,0.631,-1.917,0.137,-2.841,1.114,1.179,1.496,0.212,1.002,-0.362,1.795,1.9,-1.179,-2.793,1.083,-0.15,1.227,0.841,0.076,-0.828,0.344,0.162,0.2,-2.188,1.629,1.832,1.464,0.691,2.624,2.953,1.383,0.256,1.567,1.246,0.57,-0.334,0.839,0.657,2.202,2.34,3.548,3.771,0.407,0.472,0.045,0.249,-0.06,0.079
2019-08-14,CTD6,4176009,695829,0.013242107,0.019790554,0.028440982,0.010609095,0.0076069203,0.0020854895,0.002030289,0.0008386181,0.013137389,0.019761136,0.028279902,0.0107462825,0.0077776383,0.001970974,0.12021015,-8.000000000000001e-45,1.164,-0.198,24.988,-0.365,40.356,0.11,-18.742,0.27,-55.943,-0.179,15.369,0.302,-43.73,0.445,-80.93,0.457,-59.098,0.578,-96.299,0.165,-37.2,0.711,0.265,0.19,0.799,0.428,0.307,-0.371,-0.533,-0.143,-1.107,-1.591,-0.593,0.204,0.163,0.117,-0.579,-1.244,-0.333,-1.072,-2.302,-0.859,-0.783,-1.17,-0.45,-1.275,-1.906,-1.022,-0.493,-0.736,-1.058,-0.168,-0.182,-0.359,-0.5,-0.555,-0.834,0.055,0.096,0.073,0.117,0.185,0.144,-0.363,-0.415,-0.475,0.22,0.44,0.255,0.292,0.511,0.312,0.54,0.855,0.651,0.631,0.874,0.685,0.091,0.072,0.062,-2.012,-3.07,0.296,-0.726,0.402,-0.048,-1.4,-2.136,-0.07,-0.929,0.081,-0.251,0.552,-1.353,-0.189,-2.491,0.864,0.981,1.045,-0.125,0.304,-0.94,1.205,1.368,-1.186,-2.244,1.121,0.1,1.227,0.777,-0.105,-0.699,0.121,-0.021,-0.282,-1.873,1.291,1.598,0.454,-0.079,1.8,2.229,1.612,0.753,1.763,1.431,0.636,0.042,0.863,0.72,2.106,2.296,2.938,3.203,0.417,0.534,-0.038,0.269,-0.201,-0.011,-0.201,25.514,-0.366,40.758,0.1,-16.937,0.256,-52.455,-0.177,15.244,0.295,-42.451,0.435,-77.969,0.449,-57.695,0.569,-93.213,0.16,-35.518,0.722,0.274,0.198,0.805,0.438,0.317,-0.335,-0.479,-0.132,-1.037,-1.483,-0.564,0.2,0.164,0.119,-0.558,-1.201,-0.33,-1.024,-2.205,-0.838,-0.758,-1.14,-0.449,-1.225,-1.842,-1.002,-0.467,-0.702,-1.004,-0.17,-0.184,-0.358,-0.496,-0.55,-0.817,0.05,0.087,0.066,0.112,0.176,0.137,-0.357,-0.407,-0.46,0.218,0.431,0.25,0.289,0.502,0.307,0.533,0.838,0.637,0.623,0.858,0.672,0.09,0.072,0.062,-1.967,-2.971,0.285,-0.717,0.39,-0.059,-1.374,-2.076,-0.079,-0.917,0.071,-0.259,0.524,-1.318,-0.209,-2.414,0.829,0.947,0.99,-0.15,0.258,-0.942,1.145,1.309,-1.127,-2.132,1.124,0.123,1.229,0.78,-0.119,-0.683,0.107,-0.025,-0.314,-1.797,1.247,1.564,0.388,-0.091,1.723,2.161,1.609,0.771,1.759,1.429,0.613,0.049,0.839,0.707,2.04,2.238,2.818,3.092,0.424,0.543,-0.048,0.269,-0.212,-0.014
2019-08-14,CTD7,4176724,690397,0.022821208,0.033194557,0.04529183,0.013597354,0.00968903,0.0023068995,0.002262013,0.000891272,0.022738885,0.033083457,0.045619976,0.013994329,0.0094329445,0.0022243874,0.1532705,-8.000000000000001e-45,0.791,-0.185,13.693,-0.33,21.74,0.253,-29.725,0.404,-59.391,-0.154,8.046,0.419,-43.418,0.548,-73.084,0.538,-51.465,0.648,-81.13,0.168,-29.666,0.62,0.186,0.133,0.722,0.296,0.211,-0.987,-1.346,-0.288,-1.971,-2.69,-0.808,0.184,0.109,0.078,-0.991,-1.966,-0.421,-1.668,-3.31,-0.994,-1.174,-1.708,-0.499,-1.851,-2.693,-1.103,-0.677,-0.985,-1.344,-0.176,-0.189,-0.445,-0.48,-0.524,-0.965,0.118,0.215,0.168,0.167,0.281,0.223,-0.332,-0.372,-0.519,0.288,0.603,0.356,0.345,0.645,0.399,0.566,0.975,0.739,0.636,0.978,0.761,0.07,0.057,0.05,-2.643,-3.987,0.387,-0.716,0.474,-0.025,-1.937,-2.922,0.094,-0.9,0.212,-0.209,0.945,-1.748,0.314,-2.996,1.386,1.464,1.622,-0.086,0.991,-0.976,1.946,2.055,-1.876,-3.22,1.154,0.051,1.241,0.742,0.137,-0.67,0.308,0.02,0.457,-2.233,2.017,2.227,1.441,0.095,2.83,3.126,1.575,0.581,1.693,1.272,0.769,-0.039,0.94,0.652,2.906,3.039,4.079,4.265,0.304,0.382,-0.015,0.196,-0.124,0.008,-0.185,13.751,-0.335,22.057,0.238,-27.48,0.414,-62.034,-0.159,8.306,0.405,-41.231,0.556,-75.785,0.531,-49.537,0.657,-84.091,0.195,-34.554,0.627,0.192,0.13,0.73,0.309,0.208,-0.909,-1.254,-0.259,-2.052,-2.83,-0.868,0.189,0.116,0.078,-0.938,-1.881,-0.389,-1.723,-3.457,-1.061,-1.126,-1.639,-0.467,-1.912,-2.782,-1.177,-0.786,-1.143,-1.576,-0.174,-0.188,-0.442,-0.486,-0.538,-0.977,0.111,0.206,0.159,0.169,0.283,0.223,-0.341,-0.39,-0.535,0.279,0.593,0.347,0.346,0.644,0.397,0.567,0.983,0.744,0.648,0.985,0.769,0.082,0.067,0.058,-2.573,-4.149,0.381,-0.796,0.481,0.013,-1.866,-3.009,0.075,-0.985,0.213,-0.176,0.9,-1.882,0.246,-3.211,1.34,1.418,1.685,0.047,1.032,-0.849,1.988,2.104,-1.805,-3.381,1.148,-0.029,1.248,0.781,0.11,-0.758,0.31,0.051,0.358,-2.472,1.949,2.157,1.501,0.247,2.892,3.2,1.583,0.523,1.721,1.332,0.764,-0.105,0.964,0.705,2.845,2.975,4.221,4.413,0.33,0.409,0.008,0.216,-0.108,0.022
2019-08-14,CTD8,4174178,693048,0.018418523,0.029970655,0.045277942,0.015555128,0.010243709,0.0025109784,0.002476468,0.0009882939,0.018385699,0.030001929,0.04538697,0.015943777,0.010508383,0.0023804412,0.071309485,-8.000000000000001e-45,1.074,-0.239,20.927,-0.422,32.207,0.084,-9.994,0.285,-43.328,-0.203,11.28,0.317,-30.922,0.491,-64.255,0.489,-42.202,0.631,-75.535,0.206,-33.333,0.948,0.326,0.214,0.965,0.501,0.33,-0.3,-0.453,-0.102,-1.299,-1.962,-0.674,0.208,0.175,0.116,-0.57,-1.4,-0.317,-1.183,-2.909,-0.999,-0.777,-1.265,-0.432,-1.391,-2.264,-1.175,-0.614,-0.999,-1.509,-0.19,-0.208,-0.448,-0.59,-0.668,-1.041,0.038,0.071,0.052,0.109,0.18,0.134,-0.451,-0.534,-0.593,0.226,0.503,0.26,0.31,0.581,0.324,0.614,1.037,0.739,0.724,1.031,0.77,0.11,0.083,0.071,-2.296,-3.806,0.271,-0.904,0.388,-0.044,-1.52,-2.519,-0.112,-1.112,0.065,-0.252,0.522,-1.742,-0.327,-3.236,0.842,0.958,1.136,-0.129,0.287,-1.113,1.279,1.454,-1.284,-2.793,1.284,0.109,1.401,0.969,-0.183,-0.857,0.106,0.003,-0.532,-2.493,1.371,1.7,0.467,0.015,2.081,2.582,1.939,0.94,2.116,1.8,0.666,-0.008,0.955,0.852,2.355,2.569,3.576,3.901,0.503,0.618,-0.037,0.293,-0.213,0.002,-0.24,21.059,-0.423,32.357,0.071,-8.33,0.273,-40.772,-0.204,11.298,0.306,-29.389,0.481,-61.831,0.48,-40.688,0.624,-73.129,0.205,-32.442,0.956,0.336,0.221,0.971,0.516,0.34,-0.25,-0.378,-0.088,-1.223,-1.851,-0.65,0.208,0.18,0.119,-0.54,-1.334,-0.309,-1.137,-2.806,-0.986,-0.748,-1.221,-0.428,-1.345,-2.194,-1.166,-0.596,-0.973,-1.472,-0.189,-0.208,-0.439,-0.588,-0.667,-1.021,0.032,0.06,0.044,0.104,0.171,0.128,-0.448,-0.532,-0.582,0.22,0.487,0.252,0.306,0.568,0.318,0.608,1.019,0.727,0.721,1.016,0.759,0.112,0.085,0.072,-2.234,-3.706,0.262,-0.904,0.381,-0.046,-1.477,-2.45,-0.126,-1.112,0.055,-0.254,0.492,-1.702,-0.36,-3.166,0.803,0.922,1.089,-0.132,0.237,-1.097,1.218,1.398,-1.215,-2.687,1.281,0.115,1.4,0.973,-0.206,-0.856,0.089,0.002,-0.587,-2.437,1.31,1.65,0.386,0.008,1.988,2.504,1.937,0.951,2.118,1.81,0.646,-0.004,0.941,0.854,2.275,2.496,3.452,3.788,0.517,0.636,-0.04,0.3,-0.22,0.001
2019-08-14,CTD10,4170388,695646,0.014157365,0.020677876,0.030017264,0.010100243,0.0071632545,0.0018226417,0.0018516962,0.0007400515,0.014088521,0.020663042,0.03008961,0.01029028,0.007225878,0.0017970318,0.11527068,-8.000000000000001e-45,1.234,-0.187,22.274,-0.359,37.32,0.167,-28.373,0.328,-68.967,-0.184,15.047,0.344,-50.647,0.485,-91.24,0.496,-65.693,0.615,-106.287,0.17,-40.594,0.669,0.225,0.16,0.772,0.377,0.267,-0.587,-0.852,-0.203,-1.426,-2.07,-0.697,0.213,0.152,0.108,-0.717,-1.52,-0.363,-1.292,-2.739,-0.922,-0.93,-1.358,-0.471,-1.505,-2.198,-1.074,-0.575,-0.839,-1.219,-0.163,-0.175,-0.378,-0.515,-0.57,-0.919,0.08,0.146,0.109,0.138,0.227,0.174,-0.385,-0.438,-0.541,0.239,0.496,0.284,0.306,0.557,0.337,0.572,0.934,0.715,0.656,0.942,0.743,0.084,0.066,0.058,-2.287,-3.506,0.348,-0.725,0.446,-0.025,-1.576,-2.415,-0.017,-0.938,0.125,-0.238,0.713,-1.485,-0.05,-2.789,1.055,1.163,1.288,-0.071,0.525,-0.996,1.488,1.64,-1.511,-2.73,1.124,0.051,1.222,0.751,-0.025,-0.721,0.183,-0.02,-0.073,-2.143,1.541,1.809,0.766,-0.085,2.173,2.55,1.632,0.71,1.774,1.411,0.738,0.042,0.946,0.742,2.466,2.626,3.477,3.702,0.367,0.475,-0.018,0.25,-0.169,-0.01,-0.189,22.584,-0.362,37.746,0.156,-26.199,0.322,-67.412,-0.186,15.162,0.335,-48.784,0.482,-89.996,0.49,-63.945,0.613,-105.157,0.175,-41.212,0.68,0.232,0.163,0.78,0.388,0.273,-0.541,-0.788,-0.189,-1.393,-2.028,-0.694,0.214,0.156,0.11,-0.687,-1.468,-0.353,-1.268,-2.708,-0.926,-0.901,-1.321,-0.462,-1.482,-2.173,-1.082,-0.581,-0.852,-1.24,-0.163,-0.176,-0.375,-0.517,-0.574,-0.914,0.075,0.136,0.102,0.135,0.222,0.17,-0.387,-0.442,-0.538,0.235,0.487,0.278,0.304,0.551,0.333,0.57,0.929,0.71,0.658,0.938,0.739,0.088,0.069,0.06,-2.242,-3.482,0.34,-0.742,0.442,-0.02,-1.54,-2.391,-0.03,-0.956,0.119,-0.234,0.682,-1.49,-0.087,-2.795,1.019,1.129,1.263,-0.058,0.494,-0.974,1.452,1.608,-1.457,-2.697,1.125,0.043,1.227,0.764,-0.044,-0.737,0.174,-0.015,-0.128,-2.156,1.495,1.768,0.724,-0.064,2.129,2.518,1.638,0.712,1.786,1.434,0.726,0.032,0.943,0.754,2.411,2.574,3.434,3.666,0.381,0.49,-0.015,0.258,-0.171,-0.008
2019-08-14,CTD11,4169609,700351,0.009407718,0.014645295,0.022283439,0.008629402,0.0059756227,0.0016035045,0.0015714251,0.00065516983,0.009411551,0.014650123,0.022248546,0.008709388,0.0061531872,0.0015486095,0.13014652,-8.000000000000001e-45,0.644,-0.218,38.014,-0.406,61.419,0.043,-9.587,0.223,-61.051,-0.207,23.405,0.258,-47.602,0.42,-99.065,0.442,-71.007,0.577,-122.47,0.182,-51.464,0.847,0.328,0.227,0.9,0.53,0.367,-0.14,-0.214,-0.057,-0.894,-1.36,-0.527,0.22,0.202,0.14,-0.448,-1.061,-0.284,-0.932,-2.208,-0.855,-0.668,-1.04,-0.424,-1.152,-1.794,-1.057,-0.484,-0.754,-1.147,-0.169,-0.185,-0.359,-0.553,-0.624,-0.882,0.021,0.038,0.028,0.093,0.147,0.111,-0.423,-0.497,-0.523,0.19,0.391,0.213,0.274,0.481,0.28,0.568,0.888,0.662,0.678,0.904,0.701,0.11,0.084,0.072,-1.94,-3.087,0.255,-0.802,0.374,-0.05,-1.275,-2.029,-0.167,-1.022,0.014,-0.27,0.433,-1.361,-0.431,-2.639,0.682,0.822,0.917,-0.123,0.053,-1.008,0.985,1.187,-1.026,-2.172,1.169,0.113,1.289,0.864,-0.26,-0.787,0.022,-0.035,-0.671,-2.032,1.062,1.429,0.082,-0.131,1.534,2.064,1.779,0.925,1.961,1.676,0.604,0.077,0.886,0.829,1.947,2.174,2.812,3.14,0.509,0.649,-0.046,0.321,-0.248,-0.021,-0.218,37.994,-0.405,61.306,0.039,-8.566,0.209,-56.265,-0.206,23.312,0.254,-46.56,0.408,-94.259,0.437,-69.872,0.567,-117.571,0.172,-47.699,0.845,0.331,0.234,0.898,0.534,0.377,-0.125,-0.191,-0.053,-0.824,-1.252,-0.49,0.219,0.203,0.143,-0.438,-1.036,-0.286,-0.887,-2.097,-0.821,-0.658,-1.024,-0.43,-1.107,-1.722,-1.024,-0.449,-0.699,-1.061,-0.169,-0.184,-0.352,-0.55,-0.617,-0.864,0.019,0.034,0.025,0.088,0.139,0.105,-0.419,-0.488,-0.511,0.188,0.382,0.209,0.268,0.469,0.274,0.563,0.87,0.651,0.669,0.888,0.689,0.106,0.081,0.069,-1.912,-2.973,0.251,-0.773,0.366,-0.064,-1.259,-1.958,-0.171,-0.992,0.003,-0.283,0.422,-1.3,-0.438,-2.535,0.661,0.804,0.871,-0.153,0.011,-1.025,0.935,1.138,-0.998,-2.059,1.165,0.141,1.28,0.85,-0.267,-0.757,0.005,-0.048,-0.682,-1.934,1.028,1.406,0.017,-0.174,1.456,1.989,1.769,0.949,1.944,1.657,0.593,0.103,0.865,0.812,1.901,2.135,2.69,3.021,0.505,0.649,-0.059,0.318,-0.262,-0.029
2019-08-14,CTD12,4173438,695414,0.011755388,0.018174022,0.025539778,0.008417124,0.0060844575,0.0015199532,0.001512703,0.0006040186,0.011796593,0.018310932,0.025593571,0.008641222,0.0060658543,0.0015111718,0.12443055,-8.000000000000001e-45,1.097,-0.214,30.044,-0.37,45.913,0.165,-33.738,0.318,-79.286,-0.168,15.869,0.367,-63.782,0.498,-109.33,0.504,-79.651,0.615,-125.199,0.161,-45.548,0.767,0.253,0.183,0.834,0.386,0.279,-0.613,-0.862,-0.205,-1.441,-2.025,-0.667,0.187,0.134,0.097,-0.75,-1.629,-0.388,-1.285,-2.792,-0.92,-0.936,-1.448,-0.485,-1.472,-2.275,-1.054,-0.535,-0.828,-1.163,-0.189,-0.203,-0.443,-0.518,-0.568,-0.951,0.076,0.138,0.106,0.13,0.213,0.167,-0.365,-0.413,-0.508,0.262,0.547,0.309,0.324,0.599,0.356,0.572,0.96,0.706,0.65,0.964,0.732,0.078,0.063,0.053,-2.387,-3.551,0.317,-0.737,0.409,-0.076,-1.699,-2.527,-0.003,-0.923,0.125,-0.263,0.685,-1.59,-0.009,-2.801,1.062,1.158,1.22,-0.227,0.527,-1.102,1.469,1.602,-1.488,-2.652,1.216,0.163,1.308,0.823,-0.004,-0.672,0.194,-0.011,-0.013,-2.038,1.642,1.921,0.814,-0.047,2.271,2.657,1.709,0.789,1.838,1.45,0.689,0.022,0.888,0.682,2.517,2.699,3.482,3.734,0.381,0.478,-0.054,0.225,-0.188,-0.005,-0.216,30.158,-0.369,45.698,0.154,-30.954,0.321,-80.087,-0.166,15.54,0.359,-61.112,0.502,-110.245,0.495,-76.652,0.617,-125.785,0.175,-49.133,0.772,0.261,0.183,0.837,0.395,0.277,-0.567,-0.792,-0.188,-1.466,-2.05,-0.692,0.183,0.134,0.094,-0.721,-1.564,-0.371,-1.301,-2.822,-0.953,-0.904,-1.404,-0.465,-1.484,-2.303,-1.087,-0.58,-0.9,-1.257,-0.19,-0.206,-0.443,-0.512,-0.566,-0.938,0.072,0.129,0.1,0.131,0.213,0.167,-0.356,-0.408,-0.495,0.259,0.541,0.305,0.327,0.599,0.358,0.563,0.949,0.695,0.649,0.955,0.725,0.086,0.069,0.059,-2.318,-3.575,0.307,-0.78,0.407,-0.058,-1.658,-2.558,-0.011,-0.964,0.13,-0.241,0.65,-1.654,-0.033,-2.854,1.034,1.128,1.229,-0.174,0.547,-1.017,1.473,1.607,-1.41,-2.667,1.215,0.128,1.315,0.85,-0.017,-0.709,0.201,0.013,-0.051,-2.1,1.605,1.882,0.849,0.057,2.286,2.681,1.698,0.745,1.838,1.468,0.665,-0.027,0.884,0.696,2.448,2.631,3.487,3.747,0.401,0.496,-0.042,0.235,-0.177,0.006
2019-09-18,CTD1,4187246,695025,0.015318291,0.020525081,0.036959723,0.019534295,0.027708195,0.008159403,0.00821264,0.0030541103,0.015070697,0.019735025,0.0378343,0.021571208,0.023377724,0.008884976,1.6137103,-2e-44,13.386,-0.145,16.561,-0.414,38.225,-0.121,14.089,-0.288,29.191,-0.286,21.664,0.025,-2.471,-0.149,12.63,0.308,-24.136,0.143,-9.034,-0.173,15.102,0.612,0.323,0.459,0.785,0.747,1.059,0.289,0.521,0.39,0.599,1.079,0.57,0.332,0.423,0.6,-0.038,-0.091,-0.068,0.193,0.467,0.247,-0.37,-0.495,-0.669,-0.138,-0.185,-0.176,0.231,0.31,0.558,-0.092,-0.081,-0.11,-0.54,-0.449,-0.458,-0.073,-0.087,-0.065,-0.216,-0.309,-0.219,-0.472,-0.382,-0.348,0.019,0.023,0.015,-0.137,-0.206,-0.127,0.486,0.405,0.361,0.258,0.265,0.231,-0.228,-0.156,-0.142,-1.146,-0.588,0.218,0.041,-0.003,-0.672,-0.636,-0.326,-0.537,-0.291,-0.936,-1.004,0.229,0.043,-1.017,-0.55,-0.566,0.034,-0.002,-0.498,-1.248,-1.339,-0.399,0.024,-0.552,0.006,0.811,0.635,0.59,-0.079,-0.72,-0.15,-1.253,-0.863,-1.362,-0.283,-0.758,0.301,-1.672,-1.151,-0.534,0.212,1.461,1.708,1.063,0.994,0.525,1.096,-0.008,0.382,0.083,0.542,0.059,0.382,-0.075,0.526,-0.857,0.202,-1.28,-0.821,-0.134,15.683,-0.43,39.923,-0.177,19.996,-0.216,23.578,-0.314,24.24,-0.044,4.313,-0.084,7.896,0.274,-19.927,0.236,-16.345,-0.04,3.582,0.593,0.338,0.367,0.788,0.861,0.933,0.395,0.757,0.467,0.465,0.892,0.509,0.365,0.523,0.567,0.065,0.163,0.101,0.119,0.299,0.17,-0.3,-0.393,-0.466,-0.246,-0.323,-0.353,0.054,0.071,0.136,-0.079,-0.076,-0.104,-0.551,-0.528,-0.506,-0.113,-0.151,-0.106,-0.144,-0.201,-0.14,-0.494,-0.471,-0.403,-0.035,-0.048,-0.03,-0.069,-0.099,-0.061,0.467,0.423,0.377,0.415,0.395,0.35,-0.052,-0.034,-0.031,-0.99,-0.855,0.194,-0.159,0.146,-0.32,-0.517,-0.446,-0.695,-0.524,-0.786,-0.685,0.177,-0.146,-1.218,-0.92,-0.486,0.081,0.123,-0.27,-1.272,-1.109,-0.448,0.075,-0.444,-0.309,0.739,0.387,0.692,0.226,-0.91,-0.401,-1.03,-0.562,-1.596,-0.704,-0.636,0.297,-1.666,-0.91,-0.587,0.274,1.417,1.588,1.326,1.427,0.486,0.994,0.366,0.833,0.203,0.569,0.187,0.525,0.247,0.813,-0.458,0.475,-0.981,-0.614
2019-09-18,CTD2,4181518,693105,0.016405266,0.022537207,0.040960126,0.020801198,0.0288652,0.008230655,0.008159111,0.0030877064,0.016101453,0.02172013,0.041893892,0.022532083,0.023729106,0.008797878,1.3380836,-2e-44,16.453,-0.157,16.585,-0.428,36.542,-0.118,12.882,-0.275,26.312,-0.29,19.957,0.04,-3.703,-0.123,9.727,0.326,-23.66,0.173,-10.23,-0.162,13.43,0.679,0.345,0.479,0.824,0.76,1.055,0.29,0.528,0.372,0.593,1.078,0.547,0.327,0.415,0.576,-0.061,-0.152,-0.107,0.16,0.398,0.202,-0.388,-0.533,-0.683,-0.168,-0.231,-0.213,0.22,0.303,0.55,-0.099,-0.088,-0.123,-0.567,-0.478,-0.494,-0.069,-0.086,-0.063,-0.196,-0.288,-0.202,-0.495,-0.407,-0.371,0.03,0.038,0.025,-0.11,-0.17,-0.102,0.518,0.445,0.392,0.311,0.325,0.279,-0.207,-0.141,-0.127,-1.241,-0.691,0.22,0.007,0.023,-0.66,-0.683,-0.38,-0.522,-0.32,-0.88,-0.987,0.238,0.008,-1.029,-0.63,-0.492,0.084,0.018,-0.515,-1.249,-1.401,-0.355,0.061,-0.595,-0.045,0.866,0.653,0.669,-0.014,-0.718,-0.17,-1.209,-0.837,-1.413,-0.336,-0.676,0.379,-1.716,-1.188,-0.487,0.273,1.574,1.776,1.216,1.109,0.549,1.097,0.058,0.43,0.21,0.688,0.151,0.496,-0.013,0.563,-0.837,0.218,-1.252,-0.773,-0.149,16.066,-0.445,38.236,-0.166,17.725,-0.192,19.964,-0.317,22.17,-0.018,1.659,-0.044,3.898,0.301,-20.511,0.277,-18.273,-0.026,2.239,0.673,0.362,0.381,0.83,0.862,0.907,0.385,0.743,0.421,0.434,0.836,0.45,0.357,0.5,0.526,0.027,0.07,0.039,0.063,0.163,0.088,-0.33,-0.446,-0.487,-0.294,-0.397,-0.412,0.036,0.049,0.094,-0.087,-0.086,-0.121,-0.583,-0.567,-0.558,-0.101,-0.141,-0.098,-0.12,-0.172,-0.118,-0.522,-0.506,-0.436,-0.014,-0.02,-0.012,-0.035,-0.052,-0.031,0.512,0.486,0.426,0.48,0.47,0.41,-0.032,-0.021,-0.019,-1.118,-1.024,0.203,-0.208,0.175,-0.312,-0.58,-0.531,-0.653,-0.565,-0.708,-0.669,0.196,-0.201,-1.214,-1.051,-0.378,0.148,0.16,-0.285,-1.25,-1.181,-0.359,0.141,-0.51,-0.417,0.811,0.399,0.783,0.296,-0.881,-0.431,-0.955,-0.535,-1.638,-0.802,-0.51,0.398,-1.687,-0.944,-0.484,0.378,1.564,1.652,1.509,1.549,0.529,0.979,0.455,0.876,0.386,0.767,0.366,0.728,0.307,0.833,-0.436,0.471,-0.936,-0.555
2019-09-18,CTD3,4181698,695238,0.006888102,0.010104657,0.015797835,0.021214806,0.016697172,0.0032892635,0.0035167,0.0015613489,0.0075288285,0.010989816,0.015492831,0.020900905,0.01722938,0.0033322342,0.12237821,-2e-44,14.851,-0.189,46.214,-0.393,81.878,-0.51,98.041,-0.416,85.287,-0.22,35.664,-0.355,51.827,-0.246,39.074,-0.146,16.163,-0.028,3.409,0.119,-12.753,0.73,0.98,0.772,0.827,1.737,1.367,0.991,1.549,1.637,0.862,1.347,1.809,0.246,0.757,0.595,0.357,0.819,0.865,0.269,0.617,0.829,0.111,0.163,0.27,0.023,0.034,0.072,-0.088,-0.129,-0.201,-0.087,-0.099,-0.085,-0.284,-0.332,-0.235,-0.553,-0.535,-0.441,-0.379,-0.313,-0.265,-0.203,-0.241,-0.15,-0.49,-0.471,-0.342,-0.291,-0.235,-0.178,-0.319,-0.23,-0.202,-0.053,-0.032,-0.029,0.266,0.199,0.174,-0.063,-0.264,-0.661,-0.589,-0.375,-0.105,-0.04,-0.169,-1.663,-0.835,-1.216,-0.351,-0.315,-0.28,-1.239,-0.621,-1.328,-0.732,-0.227,-0.064,-1.151,-0.332,-1.687,-0.93,0.722,0.521,0.124,0.196,0.41,0.68,-2.44,-0.631,-1.784,-0.147,-1.817,-0.47,-1.948,-0.581,-1.688,-0.139,-2.475,-0.738,0.194,1.023,0.641,1.506,-1.516,0.293,-0.861,0.776,-1.679,-0.908,-2.134,-1.153,1.427,2.023,-0.325,1.043,-1.081,-0.31,-0.187,41.829,-0.346,68.277,-0.47,84.978,-0.392,74.782,-0.17,26.447,-0.311,43.149,-0.221,32.953,-0.149,16.701,-0.053,6.506,0.096,-10.196,0.648,0.874,0.721,0.75,1.427,1.176,0.934,1.317,1.464,0.822,1.159,1.563,0.199,0.553,0.456,0.325,0.668,0.743,0.248,0.511,0.689,0.126,0.184,0.288,0.049,0.071,0.136,-0.077,-0.112,-0.158,-0.095,-0.106,-0.091,-0.25,-0.282,-0.209,-0.505,-0.474,-0.409,-0.366,-0.304,-0.267,-0.158,-0.182,-0.118,-0.431,-0.4,-0.303,-0.271,-0.219,-0.171,-0.292,-0.218,-0.192,-0.094,-0.061,-0.054,0.198,0.159,0.139,-0.056,-0.214,-0.664,-0.528,-0.427,-0.139,-0.04,-0.152,-1.416,-0.727,-1.082,-0.338,-0.349,-0.278,-1.05,-0.539,-1.208,-0.752,-0.272,-0.089,-0.973,-0.304,-1.465,-0.912,0.718,0.56,0.111,0.247,0.348,0.635,-2.067,-0.504,-1.579,-0.115,-1.532,-0.373,-1.763,-0.586,-1.42,-0.103,-2.138,-0.711,0.156,0.845,0.49,1.233,-1.366,0.197,-0.879,0.585,-1.547,-0.827,-1.877,-1.003,1.208,1.664,-0.387,0.79,-0.939,-0.219
2019-09-18,CTD4,4180266,698264,0.009794284,0.01278762,0.022276076,0.0130145475,0.019160284,0.0055020074,0.0054240664,0.002102446,0.009775467,0.012210242,0.02255279,0.013944616,0.015206026,0.0059092143,1.7955275,-2e-44,14.472,-0.133,23.9,-0.389,57.209,-0.141,25.263,-0.323,49.909,-0.271,33.309,-0.009,1.364,-0.199,26.009,0.262,-31.946,0.075,-7.3,-0.191,24.646,0.532,0.311,0.458,0.732,0.745,1.096,0.323,0.563,0.484,0.638,1.112,0.65,0.326,0.434,0.638,0.013,0.03,0.026,0.255,0.579,0.338,-0.313,-0.409,-0.612,-0.071,-0.093,-0.095,0.241,0.315,0.549,-0.085,-0.072,-0.093,-0.484,-0.391,-0.388,-0.092,-0.101,-0.078,-0.267,-0.363,-0.265,-0.416,-0.328,-0.295,-0.007,-0.008,-0.005,-0.199,-0.279,-0.181,0.41,0.32,0.29,0.138,0.137,0.121,-0.272,-0.192,-0.175,-0.946,-0.397,0.182,0.087,-0.094,-0.706,-0.543,-0.228,-0.578,-0.24,-1.059,-1.033,0.179,0.085,-0.989,-0.41,-0.746,-0.108,-0.063,-0.471,-1.231,-1.2,-0.507,-0.073,-0.406,0.143,0.721,0.626,0.445,-0.167,-0.755,-0.105,-1.382,-0.898,-1.292,-0.18,-0.974,0.122,-1.607,-1.044,-0.661,0.083,1.257,1.595,0.776,0.802,0.413,1.063,-0.214,0.27,-0.245,0.213,-0.166,0.145,-0.17,0.469,-0.939,0.158,-1.372,-0.914,-0.111,20.398,-0.395,57.956,-0.176,30.585,-0.217,36.534,-0.298,37.558,-0.066,10.186,-0.109,16.135,0.236,-27.372,0.195,-21.423,-0.043,5.949,0.46,0.284,0.31,0.708,0.808,0.881,0.373,0.69,0.465,0.446,0.824,0.509,0.367,0.524,0.571,0.1,0.23,0.155,0.158,0.364,0.225,-0.268,-0.334,-0.416,-0.209,-0.262,-0.299,0.058,0.073,0.134,-0.067,-0.064,-0.084,-0.489,-0.466,-0.438,-0.12,-0.152,-0.11,-0.156,-0.208,-0.149,-0.436,-0.414,-0.355,-0.054,-0.069,-0.046,-0.093,-0.126,-0.082,0.392,0.345,0.314,0.334,0.31,0.281,-0.057,-0.039,-0.036,-0.817,-0.683,0.182,-0.116,0.126,-0.29,-0.442,-0.37,-0.709,-0.484,-0.812,-0.657,0.16,-0.102,-1.146,-0.782,-0.544,0.027,0.101,-0.233,-1.204,-0.974,-0.499,0.025,-0.368,-0.234,0.631,0.332,0.575,0.159,-0.885,-0.376,-1.014,-0.549,-1.431,-0.608,-0.68,0.201,-1.504,-0.814,-0.624,0.185,1.165,1.39,1.062,1.217,0.421,0.93,0.292,0.757,0.062,0.372,0.057,0.341,0.181,0.752,-0.413,0.468,-0.937,-0.627
2019-09-18,CTD6,4176009,695829,0.011340093,0.0147149265,0.02556494,0.013424747,0.021391444,0.005846398,0.005772784,0.002140074,0.011265293,0.013983327,0.02603583,0.014673921,0.0162786,0.0064033186,1.7727718,-2e-44,18.162,-0.13,20.224,-0.385,49.067,-0.084,13.693,-0.307,41.435,-0.269,28.842,0.046,-6.531,-0.185,21.211,0.311,-35.373,0.089,-7.632,-0.229,27.742,0.517,0.272,0.433,0.722,0.659,1.05,0.201,0.35,0.293,0.61,1.059,0.556,0.327,0.387,0.617,-0.074,-0.167,-0.14,0.241,0.542,0.285,-0.401,-0.521,-0.757,-0.087,-0.112,-0.102,0.315,0.408,0.709,-0.087,-0.072,-0.097,-0.506,-0.394,-0.409,-0.052,-0.058,-0.044,-0.25,-0.357,-0.258,-0.438,-0.331,-0.312,0.035,0.039,0.027,-0.181,-0.27,-0.171,0.466,0.371,0.336,0.16,0.169,0.148,-0.306,-0.216,-0.198,-1.134,-0.424,0.246,0.143,-0.066,-0.823,-0.653,-0.244,-0.469,-0.184,-1.01,-1.15,0.269,0.157,-0.893,-0.35,-0.609,0.008,-0.045,-0.566,-1.207,-1.374,-0.382,0.005,-0.607,0.103,0.772,0.67,0.461,-0.296,-0.608,-0.052,-1.311,-1.018,-1.158,-0.099,-0.79,0.259,-1.566,-1.216,-0.496,0.163,1.342,1.627,0.801,0.661,0.554,1.11,-0.149,0.144,0.018,0.451,0.011,0.283,-0.27,0.347,-0.974,0.076,-1.361,-0.929,-0.108,17.254,-0.396,50.36,-0.131,20.62,-0.182,27.338,-0.301,33.105,-0.024,3.366,-0.076,10.083,0.279,-29.74,0.231,-23.022,-0.052,6.718,0.449,0.253,0.281,0.704,0.739,0.82,0.288,0.537,0.336,0.382,0.712,0.401,0.373,0.486,0.539,0.038,0.088,0.055,0.114,0.263,0.148,-0.335,-0.416,-0.484,-0.259,-0.322,-0.338,0.076,0.094,0.175,-0.067,-0.064,-0.088,-0.515,-0.488,-0.477,-0.085,-0.113,-0.081,-0.125,-0.175,-0.123,-0.465,-0.438,-0.389,-0.019,-0.025,-0.016,-0.062,-0.088,-0.056,0.45,0.413,0.375,0.386,0.376,0.34,-0.064,-0.043,-0.04,-0.969,-0.794,0.242,-0.096,0.18,-0.304,-0.52,-0.426,-0.617,-0.469,-0.731,-0.677,0.231,-0.091,-1.094,-0.832,-0.396,0.142,0.155,-0.261,-1.17,-1.082,-0.357,0.128,-0.533,-0.358,0.678,0.34,0.616,0.132,-0.765,-0.364,-0.908,-0.572,-1.358,-0.646,-0.492,0.328,-1.452,-0.915,-0.444,0.295,1.262,1.41,1.147,1.202,0.559,0.96,0.417,0.753,0.329,0.61,0.297,0.55,0.138,0.677,-0.396,0.424,-0.881,-0.601
2019-09-18,CTD7,4176724,690397,0.013927456,0.018137144,0.030894682,0.017257959,0.026813041,0.0080500925,0.008063573,0.003016556,0.013731351,0.01726833,0.03144019,0.018998576,0.021457039,0.008631857,1.8764942,-2e-44,17.27,-0.131,16.665,-0.379,39.433,-0.107,13.856,-0.316,34.505,-0.26,22.767,0.025,-2.809,-0.193,17.84,0.283,-25.576,0.071,-4.927,-0.217,20.649,0.515,0.288,0.447,0.715,0.681,1.057,0.251,0.428,0.372,0.626,1.066,0.595,0.317,0.393,0.61,-0.039,-0.087,-0.075,0.248,0.551,0.308,-0.356,-0.464,-0.686,-0.069,-0.089,-0.085,0.288,0.375,0.638,-0.087,-0.073,-0.096,-0.479,-0.377,-0.385,-0.068,-0.074,-0.058,-0.263,-0.364,-0.268,-0.409,-0.313,-0.289,0.02,0.022,0.015,-0.194,-0.278,-0.18,0.425,0.335,0.303,0.127,0.131,0.115,-0.298,-0.213,-0.195,-1.022,-0.384,0.209,0.124,-0.1,-0.786,-0.6,-0.226,-0.501,-0.193,-1.028,-1.103,0.22,0.131,-0.896,-0.345,-0.671,-0.061,-0.068,-0.532,-1.184,-1.271,-0.432,-0.039,-0.488,0.15,0.744,0.659,0.434,-0.251,-0.652,-0.057,-1.338,-0.967,-1.167,-0.101,-0.874,0.183,-1.542,-1.114,-0.563,0.118,1.267,1.575,0.74,0.665,0.464,1.06,-0.222,0.15,-0.135,0.312,-0.087,0.201,-0.239,0.371,-0.974,0.084,-1.367,-0.92,-0.114,14.917,-0.392,41.02,-0.161,20.191,-0.22,26.221,-0.291,26.103,-0.048,5.274,-0.108,11.305,0.247,-20.829,0.189,-14.798,-0.061,6.031,0.469,0.283,0.32,0.708,0.779,0.88,0.349,0.635,0.433,0.453,0.824,0.498,0.358,0.496,0.56,0.072,0.166,0.113,0.155,0.355,0.215,-0.286,-0.36,-0.447,-0.203,-0.256,-0.281,0.083,0.104,0.19,-0.07,-0.067,-0.087,-0.488,-0.457,-0.438,-0.108,-0.136,-0.1,-0.159,-0.213,-0.153,-0.433,-0.403,-0.35,-0.038,-0.049,-0.033,-0.093,-0.128,-0.083,0.401,0.354,0.321,0.322,0.305,0.275,-0.079,-0.054,-0.05,-0.86,-0.67,0.191,-0.09,0.113,-0.334,-0.472,-0.368,-0.663,-0.449,-0.806,-0.693,0.174,-0.082,-1.098,-0.743,-0.52,0.04,0.091,-0.269,-1.181,-1.015,-0.46,0.036,-0.397,-0.208,0.653,0.372,0.575,0.128,-0.834,-0.336,-1.013,-0.58,-1.381,-0.556,-0.654,0.226,-1.485,-0.85,-0.579,0.201,1.189,1.404,1.047,1.16,0.437,0.935,0.258,0.691,0.092,0.412,0.082,0.365,0.141,0.701,-0.462,0.418,-0.958,-0.638
2019-09-18,CTD8,4174178,693048,0.0134881055,0.017724274,0.030517256,0.017183056,0.024319125,0.006946891,0.0067649963,0.0025832437,0.013338036,0.016933737,0.031071505,0.018435176,0.019592697,0.0074169883,1.545764,-2e-44,18.026,-0.136,17.72,-0.387,41.371,-0.12,15.943,-0.286,33.019,-0.265,23.651,0.016,-1.777,-0.157,15.3,0.28,-25.429,0.113,-8.352,-0.172,17.077,0.541,0.304,0.431,0.733,0.711,1.006,0.283,0.487,0.388,0.585,1.008,0.567,0.319,0.406,0.575,-0.024,-0.054,-0.043,0.206,0.467,0.263,-0.343,-0.451,-0.618,-0.113,-0.148,-0.144,0.23,0.303,0.521,-0.089,-0.077,-0.102,-0.488,-0.405,-0.41,-0.077,-0.088,-0.067,-0.225,-0.31,-0.227,-0.417,-0.338,-0.308,0.012,0.014,0.01,-0.15,-0.215,-0.138,0.427,0.353,0.317,0.199,0.202,0.178,-0.229,-0.162,-0.148,-1.015,-0.494,0.198,0.054,-0.036,-0.654,-0.59,-0.287,-0.527,-0.265,-0.93,-0.973,0.204,0.056,-0.937,-0.47,-0.587,-0.012,-0.026,-0.477,-1.167,-1.221,-0.415,-0.008,-0.462,0.059,0.751,0.608,0.517,-0.101,-0.693,-0.126,-1.222,-0.835,-1.231,-0.223,-0.772,0.235,-1.534,-1.047,-0.545,0.166,1.293,1.556,0.89,0.847,0.448,1.015,-0.081,0.306,-0.027,0.404,-0.019,0.285,-0.098,0.477,-0.834,0.173,-1.24,-0.809,-0.119,15.92,-0.399,42.79,-0.16,20.729,-0.19,23.934,-0.295,26.87,-0.042,4.81,-0.073,8.014,0.255,-22.06,0.227,-18.856,-0.03,3.205,0.495,0.293,0.312,0.725,0.789,0.838,0.351,0.644,0.406,0.405,0.744,0.441,0.358,0.495,0.526,0.064,0.149,0.094,0.107,0.249,0.148,-0.294,-0.374,-0.432,-0.251,-0.319,-0.348,0.043,0.054,0.1,-0.073,-0.071,-0.095,-0.501,-0.485,-0.466,-0.106,-0.14,-0.101,-0.13,-0.177,-0.126,-0.445,-0.429,-0.372,-0.034,-0.046,-0.03,-0.06,-0.084,-0.054,0.417,0.384,0.346,0.379,0.361,0.325,-0.038,-0.026,-0.024,-0.898,-0.798,0.194,-0.153,0.157,-0.275,-0.489,-0.435,-0.659,-0.512,-0.728,-0.634,0.179,-0.141,-1.111,-0.862,-0.434,0.093,0.136,-0.238,-1.154,-1.005,-0.408,0.087,-0.416,-0.316,0.676,0.329,0.639,0.207,-0.837,-0.396,-0.924,-0.518,-1.411,-0.667,-0.55,0.288,-1.465,-0.821,-0.518,0.271,1.241,1.389,1.173,1.267,0.453,0.894,0.366,0.772,0.217,0.528,0.204,0.497,0.225,0.752,-0.38,0.458,-0.876,-0.564
2019-09-18,CTD10,4170388,695646,0.0123829115,0.01621836,0.027735867,0.0144620845,0.019693844,0.005864543,0.0057165883,0.002208863,0.012246242,0.015625762,0.028130192,0.01527516,0.016381972,0.0061770035,1.4584036,-2e-44,14.565,-0.134,19.098,-0.383,44.702,-0.077,11.61,-0.228,29.979,-0.262,25.604,0.057,-7.488,-0.097,10.881,0.315,-33.092,0.17,-14.723,-0.153,18.369,0.53,0.276,0.376,0.725,0.646,0.88,0.188,0.322,0.229,0.486,0.831,0.434,0.317,0.37,0.504,-0.093,-0.208,-0.147,0.135,0.302,0.157,-0.41,-0.537,-0.652,-0.182,-0.239,-0.213,0.227,0.298,0.509,-0.091,-0.081,-0.112,-0.5,-0.428,-0.449,-0.047,-0.058,-0.044,-0.166,-0.238,-0.173,-0.429,-0.359,-0.337,0.044,0.055,0.037,-0.087,-0.129,-0.082,0.464,0.414,0.37,0.281,0.3,0.262,-0.183,-0.13,-0.119,-1.154,-0.645,0.242,0.029,0.053,-0.598,-0.675,-0.377,-0.445,-0.288,-0.768,-0.915,0.271,0.033,-0.854,-0.552,-0.358,0.146,0.044,-0.493,-1.081,-1.289,-0.263,0.107,-0.608,-0.099,0.788,0.575,0.6,-0.052,-0.583,-0.15,-1.006,-0.777,-1.118,-0.287,-0.469,0.411,-1.416,-1.094,-0.344,0.302,1.348,1.506,1.026,0.878,0.542,0.976,0.12,0.348,0.327,0.704,0.24,0.517,-0.046,0.458,-0.699,0.182,-1.069,-0.693,-0.121,17.661,-0.393,46.109,-0.11,16.192,-0.144,20.615,-0.286,28.448,0.011,-1.469,-0.024,2.954,0.296,-29.917,0.264,-25.494,-0.035,4.423,0.497,0.27,0.289,0.72,0.704,0.755,0.253,0.455,0.265,0.322,0.58,0.315,0.348,0.435,0.466,-0.018,-0.041,-0.024,0.036,0.083,0.045,-0.366,-0.467,-0.49,-0.312,-0.398,-0.389,0.054,0.069,0.124,-0.078,-0.076,-0.107,-0.514,-0.496,-0.502,-0.069,-0.095,-0.068,-0.095,-0.134,-0.095,-0.454,-0.437,-0.395,0.009,0.012,0.008,-0.019,-0.027,-0.017,0.461,0.449,0.402,0.422,0.427,0.38,-0.04,-0.027,-0.025,-1.058,-0.933,0.241,-0.149,0.201,-0.289,-0.588,-0.518,-0.542,-0.497,-0.613,-0.637,0.246,-0.152,-0.999,-0.915,-0.247,0.219,0.192,-0.275,-1.053,-1.094,-0.23,0.205,-0.566,-0.441,0.733,0.344,0.694,0.204,-0.692,-0.377,-0.782,-0.517,-1.274,-0.694,-0.315,0.441,-1.343,-0.888,-0.293,0.411,1.319,1.365,1.249,1.225,0.553,0.868,0.463,0.728,0.504,0.793,0.47,0.74,0.199,0.665,-0.36,0.395,-0.795,-0.505
2019-09-18,CTD11,4169609,700351,0.013677982,0.018446712,0.031580582,0.015419839,0.019319693,0.005789724,0.0056962846,0.0022099218,0.013472999,0.017878847,0.031994738,0.016048787,0.016443258,0.0060448586,1.1015193,-8.000000000000001e-45,17.616,-0.148,18.9,-0.396,41.445,-0.06,8.259,-0.171,21.35,-0.263,22.545,0.089,-10.641,-0.023,2.45,0.344,-33.186,0.241,-20.096,-0.112,13.091,0.597,0.291,0.365,0.765,0.639,0.801,0.152,0.261,0.16,0.394,0.674,0.329,0.308,0.348,0.436,-0.146,-0.336,-0.206,0.034,0.077,0.038,-0.454,-0.612,-0.641,-0.275,-0.371,-0.31,0.179,0.241,0.413,-0.101,-0.094,-0.137,-0.529,-0.474,-0.515,-0.035,-0.046,-0.034,-0.113,-0.167,-0.12,-0.451,-0.398,-0.378,0.067,0.092,0.059,-0.019,-0.03,-0.019,0.503,0.49,0.428,0.382,0.421,0.362,-0.121,-0.086,-0.078,-1.307,-0.893,0.253,-0.057,0.13,-0.511,-0.763,-0.522,-0.403,-0.365,-0.614,-0.82,0.303,-0.068,-0.825,-0.748,-0.16,0.275,0.124,-0.488,-1.004,-1.34,-0.128,0.22,-0.699,-0.286,0.86,0.551,0.737,0.096,-0.543,-0.214,-0.828,-0.669,-1.113,-0.438,-0.216,0.585,-1.354,-1.093,-0.173,0.467,1.473,1.511,1.262,1.056,0.585,0.914,0.3,0.459,0.636,1.001,0.507,0.799,0.08,0.516,-0.577,0.224,-0.924,-0.559,-0.141,18.291,-0.407,42.967,-0.087,11.913,-0.099,13.407,-0.283,24.677,0.054,-6.378,0.042,-4.883,0.332,-31.055,0.321,-29.56,-0.012,1.495,0.585,0.294,0.301,0.768,0.69,0.707,0.213,0.381,0.196,0.24,0.429,0.215,0.332,0.396,0.406,-0.086,-0.204,-0.105,-0.066,-0.156,-0.078,-0.418,-0.555,-0.511,-0.398,-0.528,-0.474,0.02,0.027,0.048,-0.092,-0.091,-0.136,-0.546,-0.54,-0.57,-0.052,-0.075,-0.053,-0.06,-0.088,-0.062,-0.478,-0.472,-0.434,0.04,0.061,0.038,0.032,0.049,0.03,0.509,0.533,0.465,0.496,0.527,0.458,-0.013,-0.009,-0.008,-1.24,-1.192,0.252,-0.222,0.24,-0.271,-0.693,-0.666,-0.477,-0.555,-0.499,-0.603,0.281,-0.248,-0.95,-1.106,-0.08,0.326,0.261,-0.295,-0.97,-1.174,-0.078,0.318,-0.667,-0.619,0.825,0.351,0.813,0.302,-0.632,-0.417,-0.662,-0.466,-1.261,-0.832,-0.106,0.6,-1.287,-0.906,-0.104,0.586,1.477,1.399,1.455,1.35,0.598,0.814,0.569,0.765,0.773,1.074,0.755,1.048,0.271,0.677,-0.323,0.384,-0.719,-0.418
2019-09-18,CTD12,4173438,695414,0.016956666,0.02132149,0.033850543,0.017797476,0.020021873,0.006477429,0.006469736,0.0025807745,0.016571967,0.020760143,0.034381386,0.01821989,0.017750213,0.0065213344,0.9862211,-2e-44,17.747,-0.114,12.073,-0.333,29.432,-0.024,2.786,-0.083,9.028,-0.227,17.359,0.09,-9.287,0.031,-3.044,0.311,-26.646,0.257,-20.404,-0.059,6.242,0.409,0.215,0.242,0.628,0.524,0.589,0.059,0.094,0.056,0.193,0.306,0.161,0.294,0.309,0.348,-0.157,-0.314,-0.186,-0.052,-0.103,-0.054,-0.452,-0.568,-0.534,-0.346,-0.435,-0.363,0.106,0.133,0.211,-0.085,-0.081,-0.115,-0.432,-0.409,-0.447,-0.015,-0.02,-0.016,-0.056,-0.078,-0.059,-0.361,-0.339,-0.331,0.069,0.095,0.065,0.026,0.037,0.025,0.419,0.434,0.388,0.361,0.398,0.354,-0.058,-0.044,-0.04,-1.107,-0.895,0.27,-0.094,0.204,-0.33,-0.697,-0.564,-0.334,-0.388,-0.438,-0.624,0.323,-0.112,-0.635,-0.738,0.014,0.361,0.217,-0.351,-0.741,-1.055,0.012,0.321,-0.645,-0.433,0.732,0.369,0.666,0.132,-0.42,-0.259,-0.551,-0.495,-0.798,-0.493,0.017,0.607,-0.931,-0.837,0.015,0.539,1.162,1.107,1.057,0.871,0.538,0.699,0.407,0.463,0.721,0.963,0.641,0.856,0.111,0.458,-0.346,0.243,-0.655,-0.413,-0.112,12.174,-0.35,31.257,-0.047,5.458,-0.034,4.006,-0.247,19.084,0.065,-6.716,0.078,-8.168,0.307,-25.8,0.319,-27.252,0.013,-1.452,0.419,0.222,0.216,0.649,0.57,0.555,0.113,0.188,0.097,0.083,0.138,0.073,0.316,0.348,0.339,-0.111,-0.231,-0.119,-0.135,-0.281,-0.149,-0.428,-0.536,-0.458,-0.452,-0.566,-0.497,-0.024,-0.03,-0.05,-0.08,-0.08,-0.116,-0.457,-0.462,-0.495,-0.03,-0.043,-0.032,-0.021,-0.03,-0.022,-0.392,-0.397,-0.379,0.05,0.074,0.049,0.059,0.087,0.057,0.433,0.471,0.42,0.445,0.478,0.427,0.013,0.009,0.009,-1.089,-1.139,0.268,-0.228,0.282,-0.176,-0.657,-0.688,-0.396,-0.544,-0.373,-0.492,0.306,-0.26,-0.747,-1.027,0.055,0.393,0.33,-0.206,-0.723,-0.953,0.056,0.404,-0.634,-0.684,0.723,0.226,0.736,0.279,-0.496,-0.423,-0.467,-0.37,-0.935,-0.798,0.068,0.623,-0.905,-0.717,0.07,0.64,1.197,1.048,1.22,1.1,0.557,0.63,0.585,0.682,0.816,1.032,0.838,1.059,0.244,0.583,-0.193,0.361,-0.541,-0.325
2019-09-28,CTD1,4187246,695025,0.03604921,0.049817637,0.06849485,0.032932766,0.026745215,0.007322336,0.00719855,0.0027500913,0.03530223,0.049330432,0.07005455,0.03352594,0.026911946,0.007132083,0.23709849,-8.000000000000001e-45,1.166,-0.16,7.667,-0.31,13.14,0.045,-2.625,0.148,-9.65,-0.158,5.474,0.204,-10.292,0.301,-17.317,0.351,-15.765,0.438,-22.79,0.104,-7.025,0.525,0.252,0.205,0.655,0.433,0.351,-0.131,-0.18,-0.07,-0.481,-0.661,-0.318,0.197,0.18,0.146,-0.371,-0.705,-0.275,-0.624,-1.186,-0.57,-0.568,-0.785,-0.422,-0.822,-1.135,-0.751,-0.253,-0.35,-0.481,-0.136,-0.145,-0.231,-0.392,-0.424,-0.544,0.026,0.041,0.033,0.079,0.112,0.092,-0.271,-0.297,-0.313,0.162,0.269,0.177,0.221,0.334,0.227,0.414,0.566,0.464,0.486,0.605,0.505,0.072,0.059,0.052,-1.356,-1.837,0.243,-0.508,0.333,-0.088,-0.986,-1.336,-0.135,-0.705,-0.011,-0.286,0.367,-0.768,-0.28,-1.466,0.558,0.704,0.621,-0.165,-0.027,-0.732,0.687,0.867,-0.698,-1.179,0.901,0.151,0.991,0.57,-0.186,-0.504,-0.015,-0.085,-0.387,-1.048,0.771,1.122,-0.037,-0.217,0.949,1.382,1.239,0.669,1.363,1.088,0.461,0.144,0.633,0.563,1.338,1.543,1.647,1.9,0.377,0.523,-0.081,0.271,-0.261,-0.056,-0.166,8.055,-0.33,14.052,0.026,-1.501,0.135,-8.831,-0.174,5.997,0.191,-9.556,0.294,-16.887,0.353,-15.553,0.445,-22.884,0.109,-7.331,0.564,0.27,0.217,0.693,0.471,0.378,-0.074,-0.105,-0.04,-0.436,-0.619,-0.296,0.212,0.201,0.161,-0.337,-0.669,-0.257,-0.596,-1.183,-0.566,-0.549,-0.767,-0.419,-0.808,-1.129,-0.767,-0.259,-0.362,-0.514,-0.135,-0.145,-0.232,-0.419,-0.456,-0.575,0.015,0.023,0.018,0.07,0.101,0.081,-0.301,-0.333,-0.343,0.15,0.254,0.163,0.213,0.326,0.216,0.432,0.587,0.479,0.51,0.627,0.521,0.078,0.063,0.055,-1.374,-1.887,0.237,-0.53,0.331,-0.087,-0.967,-1.329,-0.176,-0.742,-0.042,-0.299,0.349,-0.78,-0.367,-1.55,0.507,0.669,0.608,-0.16,-0.108,-0.778,0.632,0.833,-0.692,-1.206,0.919,0.152,1.013,0.595,-0.246,-0.542,-0.058,-0.099,-0.513,-1.132,0.709,1.087,-0.151,-0.257,0.883,1.354,1.305,0.739,1.439,1.182,0.47,0.174,0.658,0.617,1.327,1.544,1.653,1.923,0.404,0.566,-0.083,0.295,-0.284,-0.067
2019-09-28,CTD2,4181518,693105,0.0095699625,0.011316868,0.01468919,0.00534997,0.005034874,0.0013813166,0.0013864351,0.0005440396,0.009636315,0.0113835465,0.014756028,0.0054102316,0.0045290818,0.0014658307,0.48364624,-8.000000000000001e-45,2.171,-0.084,16.13,-0.211,36.416,0.283,-82.423,0.311,-94.121,-0.13,20.286,0.358,-98.553,0.384,-110.251,0.466,-118.84,0.489,-130.537,0.03,-11.698,0.237,0.086,0.081,0.412,0.195,0.183,-0.933,-1.211,-0.415,-1.065,-1.383,-0.504,0.194,0.109,0.102,-0.943,-1.448,-0.496,-1.055,-1.619,-0.59,-1.137,-1.345,-0.598,-1.249,-1.477,-0.698,-0.112,-0.132,-0.172,-0.087,-0.089,-0.168,-0.307,-0.313,-0.493,0.162,0.258,0.214,0.174,0.272,0.226,-0.226,-0.231,-0.325,0.246,0.409,0.303,0.259,0.421,0.313,0.447,0.639,0.571,0.462,0.647,0.579,0.015,0.013,0.012,-1.9,-2.072,0.481,-0.217,0.503,-0.095,-1.464,-1.596,0.179,-0.411,0.207,-0.29,1.018,-0.459,0.491,-1.129,1.344,1.446,1.13,-0.215,0.603,-0.845,1.428,1.537,-1.563,-1.735,0.818,0.12,0.84,0.241,0.211,-0.292,0.244,-0.171,0.58,-0.802,1.589,1.773,0.713,-0.498,1.689,1.883,1.062,0.472,1.09,0.594,0.739,0.235,0.772,0.357,2.22,2.301,2.358,2.445,0.114,0.216,-0.053,0.13,-0.162,-0.081,-0.083,15.928,-0.21,36.005,0.281,-81.061,0.361,-117.021,-0.129,20.077,0.356,-96.989,0.431,-132.949,0.463,-117.066,0.53,-153.026,0.089,-35.96,0.235,0.086,0.072,0.41,0.195,0.163,-0.923,-1.196,-0.367,-1.332,-1.727,-0.633,0.193,0.109,0.091,-0.935,-1.431,-0.439,-1.281,-1.962,-0.719,-1.128,-1.333,-0.53,-1.475,-1.742,-0.828,-0.347,-0.409,-0.531,-0.087,-0.091,-0.176,-0.305,-0.322,-0.515,0.162,0.266,0.219,0.195,0.304,0.253,-0.224,-0.238,-0.339,0.245,0.422,0.31,0.281,0.456,0.34,0.445,0.66,0.587,0.487,0.68,0.609,0.042,0.036,0.034,-1.881,-2.412,0.48,-0.348,0.54,0.009,-1.451,-1.86,0.178,-0.542,0.255,-0.184,1.01,-0.732,0.485,-1.477,1.383,1.474,1.356,0.024,0.831,-0.6,1.652,1.761,-1.546,-2.077,0.815,-0.013,0.874,0.344,0.21,-0.423,0.301,-0.066,0.573,-1.154,1.634,1.797,0.982,-0.214,1.952,2.147,1.056,0.337,1.133,0.694,0.735,0.102,0.826,0.459,2.257,2.33,2.697,2.783,0.164,0.255,0.005,0.168,-0.103,-0.031
2019-09-28,CTD3,4181698,695238,0.017259687,0.019485435,0.022849917,0.011874835,0.008691794,0.00260565,0.002564714,0.0010665213,0.016876604,0.01947523,0.022615446,0.01156586,0.008965137,0.0024738666,0.21864533,-2e-44,2.701,-0.061,6.618,-0.139,14.175,0.185,-26.273,0.33,-57.113,-0.079,7.557,0.243,-32.891,0.383,-63.731,0.316,-40.448,0.449,-71.287,0.155,-30.839,0.151,0.079,0.058,0.276,0.168,0.123,-0.512,-0.6,-0.228,-1.113,-1.305,-0.678,0.13,0.09,0.066,-0.568,-0.752,-0.286,-1.1,-1.456,-0.757,-0.698,-0.788,-0.352,-1.23,-1.389,-0.847,-0.532,-0.601,-0.705,-0.064,-0.071,-0.108,-0.178,-0.198,-0.272,0.127,0.191,0.171,0.202,0.273,0.247,-0.115,-0.13,-0.164,0.19,0.293,0.241,0.269,0.37,0.311,0.299,0.423,0.39,0.385,0.486,0.451,0.087,0.079,0.075,-1.038,-1.743,0.366,-0.48,0.505,0.154,-0.886,-1.486,0.146,-0.611,0.309,0.023,0.601,-0.788,0.281,-1.175,1.007,1.073,1.133,0.345,0.813,0.062,1.376,1.466,-0.795,-1.5,0.609,-0.237,0.749,0.397,0.165,-0.513,0.349,0.121,0.317,-0.988,1.137,1.261,0.918,0.318,1.554,1.722,0.714,-0.042,0.878,0.592,0.485,-0.194,0.669,0.441,1.421,1.478,1.941,2.019,0.242,0.308,0.106,0.229,0.016,0.074,-0.071,7.906,-0.145,15.036,0.187,-27.208,0.306,-52.29,-0.075,7.13,0.255,-35.114,0.37,-60.196,0.323,-42.244,0.432,-67.326,0.127,-25.082,0.179,0.091,0.071,0.293,0.174,0.135,-0.53,-0.615,-0.244,-1.018,-1.183,-0.605,0.12,0.082,0.064,-0.593,-0.794,-0.315,-1.016,-1.361,-0.696,-0.713,-0.823,-0.379,-1.136,-1.311,-0.779,-0.423,-0.488,-0.567,-0.076,-0.082,-0.127,-0.185,-0.202,-0.28,0.126,0.187,0.168,0.188,0.255,0.231,-0.11,-0.122,-0.153,0.2,0.306,0.25,0.266,0.37,0.307,0.304,0.428,0.389,0.376,0.48,0.44,0.072,0.066,0.062,-1.089,-1.656,0.355,-0.424,0.47,0.091,-0.938,-1.426,0.152,-0.544,0.286,-0.029,0.598,-0.713,0.298,-1.063,0.999,1.063,1.021,0.199,0.721,-0.073,1.289,1.371,-0.801,-1.369,0.643,-0.136,0.758,0.379,0.176,-0.429,0.33,0.086,0.344,-0.839,1.153,1.287,0.832,0.217,1.487,1.661,0.746,0.05,0.88,0.565,0.476,-0.129,0.63,0.386,1.424,1.495,1.837,1.929,0.225,0.289,0.063,0.197,-0.02,0.051
2019-09-28,CTD4,4180266,698264,0.0107639255,0.013204576,0.014879692,0.0056391084,0.0043556197,0.0012329561,0.0012548417,0.0005019938,0.010864434,0.013270876,0.014617322,0.0056659174,0.0042898795,0.0012094426,0.037380125,-8.000000000000001e-45,1.808,-0.102,17.172,-0.16,25.697,0.312,-84.43,0.424,-136.686,-0.06,8.526,0.401,-101.602,0.504,-153.857,0.45,-110.127,0.547,-162.383,0.128,-52.255,0.256,0.097,0.075,0.339,0.145,0.112,-1.115,-1.256,-0.368,-1.805,-2.034,-0.771,0.092,0.048,0.037,-1.094,-1.512,-0.443,-1.656,-2.289,-0.868,-1.185,-1.454,-0.48,-1.748,-2.144,-0.916,-0.562,-0.69,-0.778,-0.119,-0.127,-0.244,-0.218,-0.234,-0.412,0.182,0.292,0.266,0.228,0.34,0.312,-0.102,-0.111,-0.168,0.295,0.5,0.393,0.345,0.539,0.431,0.386,0.611,0.526,0.439,0.642,0.558,0.054,0.05,0.046,-1.823,-2.601,0.436,-0.48,0.522,0.043,-1.618,-2.308,0.296,-0.571,0.394,-0.049,1.021,-1.123,0.782,-1.507,1.579,1.616,1.584,0.13,1.344,-0.167,2.044,2.092,-1.412,-2.189,0.848,-0.068,0.934,0.454,0.364,-0.407,0.483,0.115,0.959,-1.075,1.937,2.049,1.649,0.393,2.508,2.653,0.955,0.088,1.053,0.61,0.603,-0.168,0.722,0.354,2.234,2.309,2.892,2.989,0.194,0.231,0.022,0.134,-0.026,0.049,-0.1,16.69,-0.147,23.631,0.314,-84.45,0.434,-141.063,-0.048,6.941,0.402,-101.141,0.511,-157.754,0.441,-108.082,0.546,-164.695,0.138,-56.613,0.244,0.095,0.072,0.314,0.134,0.101,-1.121,-1.234,-0.362,-1.872,-2.062,-0.799,0.075,0.039,0.03,-1.099,-1.478,-0.434,-1.714,-2.306,-0.894,-1.174,-1.434,-0.464,-1.789,-2.186,-0.933,-0.615,-0.751,-0.828,-0.119,-0.127,-0.242,-0.198,-0.214,-0.377,0.186,0.296,0.275,0.236,0.347,0.324,-0.081,-0.089,-0.135,0.298,0.502,0.402,0.352,0.543,0.443,0.371,0.591,0.51,0.428,0.625,0.545,0.057,0.054,0.049,-1.761,-2.589,0.431,-0.502,0.525,0.062,-1.599,-2.35,0.316,-0.578,0.42,-0.014,1.01,-1.176,0.816,-1.49,1.594,1.624,1.625,0.19,1.431,-0.047,2.106,2.145,-1.358,-2.186,0.834,-0.099,0.928,0.464,0.386,-0.413,0.513,0.151,0.997,-1.065,1.947,2.049,1.748,0.514,2.572,2.706,0.918,0.025,1.022,0.588,0.58,-0.219,0.707,0.344,2.185,2.257,2.886,2.98,0.198,0.228,0.032,0.133,-0.007,0.064
2019-09-28,CTD6,4176009,695829,0.01259541,0.014991743,0.017179437,0.008595184,0.007130043,0.0020701159,0.0020779888,0.0008417357,0.012640119,0.015151236,0.016963061,0.008579131,0.006709984,0.0020811972,0.1865842,-8.000000000000001e-45,0.774,-0.087,12.691,-0.154,21.185,0.189,-36.95,0.277,-60.858,-0.068,8.494,0.271,-49.641,0.355,-73.548,0.333,-58.135,0.413,-82.042,0.093,-23.907,0.218,0.109,0.09,0.318,0.182,0.151,-0.554,-0.635,-0.263,-0.912,-1.045,-0.523,0.107,0.073,0.061,-0.625,-0.853,-0.354,-0.926,-1.264,-0.632,-0.732,-0.872,-0.415,-1.033,-1.23,-0.705,-0.301,-0.358,-0.411,-0.093,-0.099,-0.152,-0.194,-0.207,-0.292,0.124,0.181,0.165,0.17,0.232,0.212,-0.103,-0.111,-0.139,0.215,0.324,0.263,0.264,0.371,0.305,0.311,0.435,0.388,0.364,0.474,0.426,0.053,0.049,0.046,-1.159,-1.569,0.34,-0.365,0.425,0.011,-1.011,-1.369,0.16,-0.472,0.258,-0.096,0.593,-0.637,0.319,-0.944,0.99,1.05,0.894,0.022,0.621,-0.232,1.193,1.266,-0.808,-1.219,0.69,-0.015,0.775,0.361,0.19,-0.333,0.307,0.043,0.38,-0.665,1.178,1.329,0.739,0.104,1.42,1.602,0.791,0.158,0.888,0.534,0.464,-0.06,0.58,0.316,1.433,1.523,1.727,1.836,0.207,0.267,0.007,0.158,-0.066,0.025,-0.09,13.112,-0.146,20.162,0.191,-37.449,0.306,-69.918,-0.056,7.05,0.277,-50.561,0.386,-83.03,0.328,-57.61,0.433,-90.08,0.122,-32.47,0.222,0.112,0.088,0.305,0.173,0.135,-0.567,-0.635,-0.251,-1.059,-1.186,-0.6,0.089,0.06,0.047,-0.639,-0.858,-0.339,-1.05,-1.408,-0.712,-0.728,-0.873,-0.387,-1.139,-1.365,-0.773,-0.41,-0.492,-0.551,-0.098,-0.106,-0.164,-0.182,-0.198,-0.283,0.126,0.186,0.172,0.185,0.25,0.232,-0.085,-0.094,-0.119,0.222,0.34,0.278,0.285,0.398,0.33,0.302,0.433,0.384,0.369,0.483,0.432,0.067,0.063,0.058,-1.143,-1.694,0.329,-0.444,0.439,0.052,-1.021,-1.513,0.179,-0.533,0.302,-0.037,0.58,-0.785,0.354,-1.055,1.03,1.078,0.991,0.118,0.764,-0.093,1.318,1.378,-0.779,-1.329,0.693,-0.08,0.803,0.417,0.214,-0.385,0.362,0.111,0.424,-0.762,1.235,1.37,0.916,0.281,1.579,1.752,0.776,0.063,0.899,0.56,0.441,-0.159,0.589,0.337,1.446,1.534,1.849,1.962,0.236,0.283,0.035,0.171,-0.025,0.063
2019-09-28,CTD7,4176724,690397,0.011851599,0.0147149265,0.01913477,0.009087546,0.0067359614,0.0019412966,0.0019417511,0.00080476305,0.011803067,0.014654315,0.018810695,0.00908358,0.006848555,0.0018644715,0.18334456,-2e-44,2.1,-0.108,16.419,-0.235,32.116,0.132,-25.664,0.275,-64.08,-0.131,15.697,0.236,-42.083,0.372,-80.499,0.356,-57.78,0.479,-96.196,0.149,-38.416,0.314,0.149,0.111,0.473,0.292,0.216,-0.378,-0.491,-0.173,-0.943,-1.226,-0.582,0.186,0.143,0.106,-0.499,-0.805,-0.283,-0.954,-1.54,-0.732,-0.685,-0.85,-0.389,-1.14,-1.416,-0.874,-0.455,-0.565,-0.735,-0.101,-0.111,-0.181,-0.306,-0.34,-0.46,0.082,0.129,0.107,0.151,0.215,0.181,-0.211,-0.238,-0.279,0.182,0.303,0.218,0.257,0.381,0.283,0.378,0.541,0.468,0.467,0.592,0.521,0.089,0.076,0.069,-1.3,-2.035,0.33,-0.544,0.453,0.064,-1.0,-1.565,0.002,-0.73,0.162,-0.122,0.535,-0.88,0.004,-1.537,0.846,0.952,0.99,0.14,0.459,-0.346,1.142,1.285,-0.864,-1.599,0.767,-0.108,0.89,0.5,0.002,-0.58,0.201,0.028,0.005,-1.221,1.051,1.267,0.57,0.079,1.418,1.71,0.997,0.265,1.157,0.873,0.534,-0.049,0.732,0.559,1.537,1.648,2.074,2.223,0.309,0.415,0.049,0.266,-0.093,0.017,-0.108,16.484,-0.229,31.562,0.13,-25.365,0.266,-61.292,-0.124,15.078,0.235,-41.849,0.363,-77.777,0.349,-56.928,0.466,-92.855,0.14,-35.927,0.31,0.15,0.113,0.463,0.287,0.216,-0.372,-0.477,-0.174,-0.898,-1.153,-0.557,0.178,0.137,0.103,-0.494,-0.787,-0.287,-0.918,-1.463,-0.706,-0.672,-0.834,-0.39,-1.096,-1.361,-0.843,-0.424,-0.526,-0.676,-0.102,-0.111,-0.179,-0.295,-0.326,-0.44,0.081,0.126,0.106,0.148,0.209,0.178,-0.199,-0.223,-0.261,0.182,0.299,0.217,0.255,0.374,0.28,0.368,0.522,0.452,0.452,0.573,0.504,0.084,0.073,0.067,-1.265,-1.941,0.323,-0.521,0.441,0.051,-0.986,-1.512,0.008,-0.699,0.16,-0.126,0.52,-0.84,0.016,-1.447,0.832,0.935,0.944,0.11,0.44,-0.347,1.104,1.241,-0.829,-1.505,0.759,-0.085,0.877,0.488,0.009,-0.547,0.199,0.025,0.02,-1.133,1.033,1.249,0.546,0.069,1.37,1.657,0.974,0.267,1.126,0.84,0.514,-0.043,0.703,0.53,1.491,1.604,1.977,2.127,0.302,0.406,0.04,0.256,-0.097,0.016
2019-09-28,CTD8,4174178,693048,0.018481221,0.022949057,0.029649563,0.013109931,0.01070834,0.003092336,0.003091919,0.0012238822,0.018120855,0.022938808,0.029577339,0.012993299,0.010345285,0.002993754,0.22892243,-2e-44,1.89,-0.108,10.534,-0.232,20.382,0.17,-22.169,0.266,-39.276,-0.127,9.847,0.273,-32.703,0.364,-49.81,0.387,-42.551,0.469,-59.658,0.101,-17.107,0.312,0.138,0.113,0.468,0.267,0.218,-0.509,-0.657,-0.237,-0.901,-1.165,-0.515,0.182,0.129,0.105,-0.604,-0.97,-0.35,-0.921,-1.477,-0.653,-0.786,-0.976,-0.456,-1.103,-1.369,-0.782,-0.316,-0.393,-0.507,-0.104,-0.111,-0.188,-0.31,-0.332,-0.469,0.102,0.16,0.133,0.148,0.216,0.182,-0.212,-0.23,-0.281,0.204,0.337,0.244,0.254,0.387,0.286,0.399,0.567,0.491,0.457,0.6,0.525,0.058,0.05,0.046,-1.456,-1.964,0.363,-0.419,0.444,-0.011,-1.127,-1.52,0.052,-0.601,0.157,-0.193,0.636,-0.733,0.118,-1.359,0.943,1.049,0.952,-0.025,0.434,-0.536,1.155,1.284,-1.02,-1.527,0.8,0.017,0.881,0.425,0.065,-0.45,0.195,-0.043,0.146,-1.018,1.171,1.389,0.539,-0.119,1.434,1.701,1.033,0.38,1.138,0.787,0.583,0.068,0.713,0.475,1.682,1.795,2.059,2.198,0.243,0.348,-0.008,0.21,-0.137,-0.024,-0.117,11.591,-0.24,21.375,0.165,-21.778,0.273,-41.477,-0.126,9.785,0.277,-33.369,0.378,-53.068,0.39,-43.153,0.482,-62.853,0.113,-19.7,0.343,0.151,0.12,0.49,0.278,0.221,-0.5,-0.644,-0.225,-0.951,-1.227,-0.539,0.177,0.127,0.101,-0.605,-0.987,-0.345,-0.962,-1.57,-0.69,-0.782,-0.99,-0.446,-1.139,-1.442,-0.817,-0.357,-0.452,-0.583,-0.113,-0.121,-0.206,-0.319,-0.344,-0.491,0.098,0.154,0.128,0.148,0.216,0.183,-0.213,-0.233,-0.284,0.209,0.349,0.249,0.264,0.405,0.296,0.404,0.583,0.498,0.468,0.618,0.535,0.064,0.056,0.05,-1.486,-2.069,0.351,-0.466,0.44,-0.006,-1.153,-1.605,0.046,-0.643,0.162,-0.184,0.619,-0.823,0.105,-1.464,0.944,1.045,0.976,-0.014,0.462,-0.525,1.185,1.312,-1.01,-1.593,0.827,0.01,0.916,0.47,0.059,-0.48,0.205,-0.021,0.133,-1.094,1.195,1.416,0.585,-0.059,1.5,1.778,1.066,0.376,1.181,0.836,0.572,0.033,0.718,0.493,1.705,1.825,2.142,2.293,0.266,0.367,-0.004,0.217,-0.132,-0.012
2019-09-28,CTD10,4170388,695646,0.011679797,0.0152376285,0.018995669,0.007914608,0.0065487814,0.0018809582,0.0018973885,0.0007820536,0.011712664,0.015328413,0.018924292,0.007941853,0.006508956,0.0017893651,0.042408034,-8.000000000000001e-45,0.449,-0.132,19.991,-0.238,32.974,0.192,-40.731,0.281,-67.082,-0.11,12.983,0.316,-60.722,0.399,-87.073,0.412,-73.705,0.487,-100.057,0.094,-26.352,0.38,0.158,0.131,0.502,0.261,0.216,-0.621,-0.774,-0.267,-1.022,-1.274,-0.531,0.152,0.103,0.085,-0.709,-1.153,-0.398,-1.017,-1.654,-0.689,-0.861,-1.123,-0.483,-1.169,-1.525,-0.792,-0.308,-0.402,-0.501,-0.132,-0.139,-0.246,-0.316,-0.336,-0.506,0.11,0.173,0.147,0.15,0.222,0.191,-0.192,-0.206,-0.26,0.239,0.402,0.287,0.283,0.443,0.323,0.412,0.608,0.509,0.462,0.635,0.538,0.051,0.045,0.04,-1.634,-2.134,0.35,-0.442,0.422,-0.061,-1.31,-1.712,0.095,-0.594,0.185,-0.213,0.674,-0.851,0.229,-1.425,1.046,1.131,0.981,-0.142,0.537,-0.617,1.264,1.367,-1.095,-1.596,0.888,0.096,0.96,0.477,0.125,-0.406,0.241,-0.025,0.299,-0.975,1.365,1.581,0.7,-0.073,1.649,1.91,1.107,0.418,1.197,0.799,0.569,0.038,0.686,0.419,1.839,1.97,2.223,2.381,0.248,0.333,-0.041,0.175,-0.144,-0.013,-0.134,20.139,-0.235,32.536,0.192,-40.538,0.286,-68.257,-0.105,12.396,0.317,-60.677,0.404,-88.396,0.409,-73.073,0.488,-100.792,0.099,-27.719,0.381,0.16,0.131,0.499,0.258,0.212,-0.621,-0.767,-0.264,-1.046,-1.292,-0.542,0.145,0.098,0.081,-0.711,-1.148,-0.395,-1.035,-1.673,-0.702,-0.856,-1.12,-0.476,-1.181,-1.545,-0.8,-0.325,-0.425,-0.525,-0.135,-0.142,-0.25,-0.31,-0.33,-0.499,0.11,0.173,0.148,0.152,0.224,0.194,-0.183,-0.197,-0.249,0.241,0.405,0.29,0.288,0.449,0.328,0.406,0.603,0.503,0.459,0.632,0.534,0.053,0.047,0.042,-1.619,-2.143,0.344,-0.456,0.42,-0.055,-1.311,-1.736,0.101,-0.601,0.194,-0.201,0.665,-0.88,0.24,-1.433,1.05,1.131,0.989,-0.131,0.565,-0.583,1.281,1.38,-1.074,-1.599,0.889,0.089,0.965,0.489,0.132,-0.41,0.254,-0.01,0.314,-0.977,1.374,1.586,0.739,-0.028,1.677,1.935,1.098,0.396,1.191,0.796,0.557,0.014,0.679,0.415,1.827,1.958,2.229,2.389,0.253,0.334,-0.038,0.174,-0.136,-0.005
2019-09-28,CTD11,4169609,700351,0.011130684,0.014181565,0.019461121,0.008755049,0.007182702,0.0019959135,0.0020418798,0.0008167625,0.011103616,0.01410497,0.019354053,0.008740782,0.0069773146,0.001971732,0.24164528,-8.000000000000001e-45,2.502,-0.121,19.328,-0.272,38.457,0.119,-24.378,0.216,-49.382,-0.157,19.13,0.237,-43.706,0.328,-68.709,0.379,-62.835,0.461,-87.839,0.099,-25.004,0.376,0.169,0.139,0.545,0.337,0.276,-0.346,-0.474,-0.175,-0.7,-0.961,-0.432,0.213,0.167,0.137,-0.486,-0.851,-0.314,-0.765,-1.337,-0.602,-0.699,-0.891,-0.451,-0.978,-1.246,-0.769,-0.278,-0.355,-0.487,-0.108,-0.115,-0.191,-0.363,-0.39,-0.523,0.071,0.111,0.089,0.117,0.172,0.14,-0.265,-0.288,-0.331,0.177,0.296,0.204,0.229,0.352,0.248,0.423,0.585,0.501,0.485,0.617,0.535,0.062,0.051,0.047,-1.438,-1.925,0.335,-0.434,0.416,-0.036,-1.048,-1.402,-0.045,-0.647,0.065,-0.248,0.543,-0.703,-0.101,-1.438,0.765,0.902,0.821,-0.07,0.177,-0.673,0.932,1.1,-0.949,-1.435,0.824,0.055,0.905,0.454,-0.058,-0.49,0.083,-0.092,-0.129,-1.09,0.975,1.251,0.226,-0.248,1.188,1.525,1.131,0.53,1.242,0.928,0.586,0.153,0.727,0.552,1.578,1.716,1.923,2.092,0.28,0.417,-0.028,0.248,-0.195,-0.057,-0.119,19.164,-0.271,38.392,0.119,-24.345,0.228,-53.261,-0.157,19.228,0.235,-43.509,0.338,-72.425,0.378,-62.737,0.47,-91.653,0.112,-28.915,0.371,0.168,0.134,0.542,0.336,0.268,-0.343,-0.471,-0.17,-0.751,-1.031,-0.466,0.214,0.168,0.134,-0.483,-0.842,-0.304,-0.804,-1.402,-0.633,-0.697,-0.885,-0.438,-1.018,-1.293,-0.801,-0.321,-0.408,-0.56,-0.107,-0.114,-0.191,-0.361,-0.391,-0.525,0.071,0.112,0.09,0.123,0.181,0.147,-0.265,-0.29,-0.334,0.176,0.297,0.204,0.234,0.359,0.254,0.421,0.587,0.503,0.491,0.624,0.542,0.07,0.058,0.053,-1.427,-1.987,0.336,-0.466,0.427,-0.011,-1.04,-1.448,-0.046,-0.679,0.079,-0.225,0.542,-0.751,-0.102,-1.504,0.776,0.91,0.863,-0.022,0.219,-0.623,0.972,1.14,-0.944,-1.504,0.819,0.018,0.91,0.472,-0.058,-0.524,0.1,-0.069,-0.129,-1.16,0.985,1.253,0.279,-0.193,1.234,1.57,1.123,0.49,1.248,0.945,0.585,0.119,0.744,0.574,1.586,1.72,1.987,2.154,0.293,0.427,-0.009,0.259,-0.177,-0.043
2019-09-28,CTD12,4173438,695414,0.016399674,0.019301938,0.024175292,0.011283356,0.010211863,0.003071821,0.003067177,0.0012267893,0.016097434,0.019248584,0.02400119,0.011127468,0.009565585,0.0030034871,0.35298136,-2e-44,1.433,-0.081,9.169,-0.192,19.612,0.185,-27.649,0.233,-36.949,-0.112,10.444,0.262,-36.818,0.308,-46.117,0.364,-47.262,0.406,-56.561,0.05,-9.299,0.222,0.103,0.094,0.379,0.221,0.2,-0.534,-0.668,-0.282,-0.713,-0.893,-0.417,0.171,0.118,0.107,-0.604,-0.89,-0.376,-0.756,-1.115,-0.52,-0.775,-0.912,-0.483,-0.928,-1.092,-0.638,-0.153,-0.179,-0.225,-0.082,-0.084,-0.135,-0.254,-0.263,-0.362,0.118,0.173,0.149,0.142,0.202,0.175,-0.176,-0.183,-0.227,0.198,0.301,0.233,0.224,0.328,0.256,0.361,0.484,0.437,0.391,0.504,0.457,0.03,0.026,0.025,-1.293,-1.518,0.383,-0.255,0.427,-0.055,-1.032,-1.212,0.094,-0.427,0.149,-0.227,0.655,-0.437,0.201,-0.914,0.924,1.031,0.808,-0.105,0.353,-0.537,1.021,1.139,-0.966,-1.19,0.71,0.072,0.755,0.272,0.11,-0.307,0.176,-0.107,0.237,-0.657,1.088,1.288,0.416,-0.252,1.202,1.423,0.89,0.369,0.945,0.569,0.564,0.148,0.63,0.347,1.52,1.614,1.679,1.783,0.159,0.266,-0.038,0.162,-0.156,-0.062,-0.089,10.17,-0.197,20.457,0.183,-27.746,0.255,-42.42,-0.11,10.287,0.267,-37.916,0.336,-52.59,0.366,-48.203,0.43,-62.877,0.075,-14.674,0.244,0.113,0.097,0.394,0.228,0.196,-0.534,-0.666,-0.265,-0.817,-1.018,-0.472,0.166,0.114,0.098,-0.61,-0.91,-0.363,-0.847,-1.262,-0.585,-0.776,-0.928,-0.461,-1.012,-1.21,-0.7,-0.236,-0.282,-0.352,-0.09,-0.094,-0.152,-0.26,-0.274,-0.382,0.115,0.172,0.148,0.151,0.215,0.186,-0.175,-0.185,-0.23,0.203,0.316,0.242,0.241,0.356,0.276,0.364,0.502,0.447,0.408,0.53,0.475,0.044,0.039,0.036,-1.321,-1.673,0.373,-0.327,0.438,-0.023,-1.059,-1.342,0.093,-0.493,0.174,-0.189,0.645,-0.566,0.2,-1.062,0.95,1.048,0.881,-0.047,0.436,-0.474,1.105,1.219,-0.961,-1.313,0.732,0.032,0.797,0.336,0.111,-0.361,0.208,-0.058,0.239,-0.779,1.136,1.331,0.521,-0.145,1.321,1.549,0.913,0.328,0.994,0.631,0.556,0.084,0.653,0.387,1.563,1.66,1.818,1.931,0.194,0.293,-0.016,0.18,-0.131,-0.033
2019-10-03,CTD1,4187246,695025,0.026422571,0.04131445,0.07433337,0.044279914,0.044748876,0.012451414,0.012671828,0.0047726496,0.026378587,0.040986266,0.076634176,0.04580382,0.042459663,0.013300185,0.630704,-8.000000000000001e-45,3.343,-0.22,13.642,-0.476,24.394,-0.253,15.263,-0.257,15.5,-0.286,10.752,-0.035,1.621,-0.04,1.858,0.253,-9.131,0.248,-8.894,-0.005,0.237,1.014,0.604,0.61,1.008,1.08,1.092,0.631,1.135,0.683,0.64,1.152,0.686,0.284,0.476,0.481,0.043,0.12,0.073,0.049,0.138,0.082,-0.241,-0.377,-0.409,-0.235,-0.367,-0.394,0.006,0.01,0.018,-0.126,-0.125,-0.167,-0.56,-0.557,-0.538,-0.154,-0.207,-0.15,-0.158,-0.214,-0.155,-0.467,-0.464,-0.371,-0.029,-0.042,-0.025,-0.034,-0.049,-0.029,0.444,0.422,0.349,0.437,0.418,0.346,-0.007,-0.005,-0.004,-1.039,-1.022,0.044,-0.35,0.038,-0.371,-0.578,-0.568,-0.716,-0.634,-0.728,-0.655,0.041,-0.327,-1.202,-1.064,-0.486,-0.005,0.035,-0.343,-1.209,-1.088,-0.481,-0.005,-0.115,-0.098,0.968,0.574,0.962,0.553,-1.12,-0.434,-1.138,-0.455,-1.88,-0.728,-0.761,0.331,-1.89,-0.755,-0.753,0.328,1.741,1.824,1.73,1.803,0.123,0.81,0.106,0.789,-0.015,0.596,-0.015,0.589,0.593,1.074,-0.622,0.47,-1.098,-0.487,-0.217,13.511,-0.488,24.861,-0.269,16.077,-0.234,14.358,-0.303,11.349,-0.056,2.566,-0.018,0.847,0.252,-8.783,0.287,-10.503,0.038,-1.72,1.035,0.619,0.574,1.019,1.139,1.056,0.659,1.232,0.683,0.588,1.1,0.658,0.299,0.52,0.482,0.068,0.197,0.109,0.022,0.065,0.039,-0.232,-0.36,-0.373,-0.277,-0.43,-0.481,-0.045,-0.07,-0.132,-0.119,-0.123,-0.166,-0.579,-0.602,-0.569,-0.165,-0.233,-0.163,-0.137,-0.185,-0.131,-0.494,-0.518,-0.404,-0.047,-0.07,-0.04,-0.014,-0.02,-0.012,0.458,0.448,0.369,0.507,0.473,0.394,0.05,0.032,0.028,-1.029,-1.161,0.046,-0.435,0.09,-0.283,-0.551,-0.621,-0.773,-0.735,-0.692,-0.583,0.041,-0.389,-1.294,-1.229,-0.46,0.022,0.086,-0.274,-1.248,-1.052,-0.496,0.024,-0.119,-0.251,0.956,0.475,1.0,0.627,-1.202,-0.544,-1.075,-0.392,-2.01,-0.91,-0.715,0.341,-1.94,-0.708,-0.771,0.368,1.788,1.826,1.869,1.978,0.133,0.791,0.26,0.943,0.063,0.637,0.068,0.687,0.7,1.182,-0.492,0.563,-1.012,-0.438
2019-10-03,CTD2,4181518,693105,0.007355871,0.010583972,0.016580706,0.0069023026,0.0055946675,0.0014442242,0.0014532923,0.00058770186,0.007392499,0.010470194,0.016644409,0.0069963457,0.00533549,0.00148452,0.32789278,-8.000000000000001e-45,2.975,-0.18,41.463,-0.385,75.635,0.032,-8.933,0.136,-42.796,-0.221,34.171,0.211,-50.397,0.308,-84.259,0.412,-84.568,0.495,-118.431,0.105,-33.862,0.687,0.286,0.232,0.801,0.522,0.423,-0.095,-0.148,-0.05,-0.453,-0.71,-0.295,0.251,0.236,0.191,-0.371,-0.836,-0.282,-0.62,-1.397,-0.582,-0.622,-0.895,-0.473,-0.871,-1.253,-0.817,-0.249,-0.358,-0.561,-0.137,-0.146,-0.258,-0.528,-0.57,-0.738,0.017,0.028,0.02,0.065,0.101,0.075,-0.421,-0.463,-0.48,0.154,0.284,0.166,0.208,0.35,0.212,0.539,0.747,0.598,0.612,0.771,0.628,0.073,0.055,0.048,-1.707,-2.269,0.279,-0.539,0.358,-0.116,-1.09,-1.448,-0.209,-0.79,-0.085,-0.367,0.427,-0.826,-0.501,-1.898,0.537,0.728,0.676,-0.219,-0.252,-1.087,0.663,0.899,-0.963,-1.525,1.023,0.205,1.101,0.628,-0.3,-0.595,-0.122,-0.172,-0.721,-1.43,0.773,1.196,-0.362,-0.51,0.953,1.476,1.602,1.02,1.725,1.444,0.628,0.333,0.806,0.756,1.642,1.874,2.025,2.312,0.41,0.601,-0.108,0.315,-0.344,-0.112,-0.172,39.763,-0.385,75.192,0.028,-7.66,0.162,-52.152,-0.228,35.429,0.199,-47.423,0.325,-91.915,0.408,-82.852,0.515,-127.344,0.135,-44.492,0.662,0.278,0.212,0.787,0.526,0.401,-0.08,-0.127,-0.041,-0.546,-0.868,-0.365,0.262,0.248,0.189,-0.351,-0.789,-0.253,-0.679,-1.53,-0.643,-0.612,-0.867,-0.442,-0.941,-1.333,-0.891,-0.329,-0.466,-0.741,-0.13,-0.14,-0.25,-0.53,-0.585,-0.75,0.015,0.025,0.018,0.076,0.118,0.087,-0.429,-0.485,-0.501,0.145,0.273,0.158,0.214,0.357,0.217,0.54,0.758,0.61,0.633,0.786,0.647,0.093,0.069,0.061,-1.673,-2.414,0.286,-0.605,0.385,-0.057,-1.052,-1.518,-0.224,-0.867,-0.065,-0.318,0.428,-0.906,-0.533,-2.063,0.547,0.736,0.756,-0.111,-0.204,-0.993,0.717,0.965,-0.963,-1.703,0.996,0.105,1.096,0.654,-0.317,-0.682,-0.093,-0.134,-0.755,-1.623,0.775,1.176,-0.289,-0.417,1.016,1.542,1.583,0.94,1.742,1.489,0.643,0.278,0.868,0.827,1.657,1.869,2.173,2.451,0.437,0.626,-0.054,0.348,-0.301,-0.089
2019-10-03,CTD3,4181698,695238,0.0059955763,0.008199476,0.0133897085,0.00483075,0.004705619,0.001144992,0.0011990658,0.0004609735,0.006050703,0.008067448,0.013519077,0.0050049485,0.0041369903,0.0012503711,0.36826286,-8.000000000000001e-45,2.719,-0.155,44.831,-0.381,92.105,0.108,-40.218,0.121,-45.722,-0.24,47.275,0.259,-85.048,0.271,-90.553,0.47,-132.323,0.48,-137.828,0.013,-5.505,0.6,0.217,0.211,0.755,0.445,0.433,-0.33,-0.539,-0.189,-0.375,-0.612,-0.221,0.283,0.228,0.222,-0.51,-1.139,-0.4,-0.543,-1.212,-0.437,-0.793,-1.085,-0.623,-0.826,-1.13,-0.666,-0.033,-0.045,-0.074,-0.121,-0.122,-0.231,-0.567,-0.573,-0.775,0.054,0.09,0.064,0.06,0.099,0.071,-0.479,-0.485,-0.544,0.174,0.315,0.186,0.18,0.323,0.192,0.603,0.8,0.663,0.612,0.802,0.666,0.009,0.006,0.006,-2.041,-2.114,0.37,-0.295,0.38,-0.243,-1.25,-1.295,-0.141,-0.579,-0.126,-0.526,0.629,-0.501,-0.392,-1.604,0.667,0.89,0.662,-0.423,-0.359,-1.498,0.685,0.913,-1.404,-1.478,1.007,0.341,1.016,0.393,-0.193,-0.414,-0.172,-0.362,-0.536,-1.148,0.913,1.346,-0.491,-1.029,0.937,1.382,1.644,1.207,1.659,1.259,0.827,0.606,0.848,0.659,1.987,2.198,2.04,2.256,0.232,0.454,-0.196,0.238,-0.424,-0.213,-0.143,41.315,-0.382,91.301,0.095,-34.532,0.188,-76.452,-0.253,49.985,0.234,-75.847,0.322,-117.767,0.46,-125.833,0.531,-167.752,0.095,-41.919,0.559,0.207,0.171,0.737,0.457,0.378,-0.279,-0.467,-0.143,-0.617,-1.034,-0.383,0.302,0.25,0.207,-0.459,-1.025,-0.314,-0.713,-1.592,-0.589,-0.761,-1.015,-0.521,-1.015,-1.353,-0.84,-0.254,-0.338,-0.567,-0.109,-0.114,-0.221,-0.571,-0.612,-0.817,0.048,0.086,0.059,0.089,0.146,0.103,-0.493,-0.535,-0.596,0.156,0.301,0.173,0.201,0.356,0.212,0.603,0.836,0.698,0.665,0.849,0.718,0.061,0.044,0.04,-1.951,-2.518,0.38,-0.46,0.444,-0.077,-1.164,-1.503,-0.173,-0.762,-0.065,-0.379,0.612,-0.741,-0.467,-2.059,0.696,0.903,0.866,-0.149,-0.213,-1.239,0.842,1.092,-1.368,-1.935,0.963,0.124,1.027,0.507,-0.23,-0.613,-0.087,-0.23,-0.622,-1.656,0.928,1.306,-0.284,-0.751,1.123,1.58,1.614,1.024,1.721,1.408,0.849,0.466,0.992,0.849,2.017,2.188,2.441,2.647,0.314,0.521,-0.063,0.314,-0.314,-0.143
2019-10-03,CTD4,4180266,698264,0.0071269027,0.010057695,0.015278517,0.007446746,0.005174311,0.001412974,0.0014409869,0.00060565054,0.0071585383,0.010109907,0.015130173,0.0076464047,0.005592604,0.001343638,0.334009,-8.000000000000001e-45,2.038,-0.171,40.887,-0.364,74.862,-0.022,6.027,0.159,-52.949,-0.206,33.975,0.149,-34.86,0.321,-93.836,0.345,-68.835,0.494,-127.811,0.18,-58.976,0.625,0.304,0.212,0.753,0.557,0.387,0.061,0.092,0.031,-0.533,-0.809,-0.394,0.242,0.253,0.176,-0.248,-0.533,-0.18,-0.669,-1.434,-0.699,-0.491,-0.692,-0.356,-0.911,-1.285,-0.952,-0.42,-0.593,-0.901,-0.129,-0.143,-0.232,-0.466,-0.535,-0.646,-0.013,-0.021,-0.016,0.077,0.112,0.086,-0.358,-0.424,-0.414,0.117,0.212,0.128,0.218,0.335,0.215,0.456,0.637,0.514,0.588,0.693,0.577,0.132,0.101,0.09,-1.343,-2.244,0.221,-0.731,0.37,0.014,-0.884,-1.477,-0.274,-0.973,-0.048,-0.228,0.299,-0.987,-0.562,-1.996,0.443,0.618,0.719,0.027,-0.142,-0.674,0.637,0.89,-0.64,-1.542,0.924,-0.028,1.073,0.716,-0.387,-0.781,-0.068,-0.037,-0.793,-1.602,0.625,1.012,-0.2,-0.108,0.899,1.456,1.403,0.705,1.629,1.449,0.474,0.08,0.793,0.824,1.326,1.537,1.908,2.212,0.53,0.706,0.014,0.402,-0.239,-0.027,-0.171,40.78,-0.358,73.6,-0.033,8.913,0.123,-39.114,-0.199,32.82,0.139,-31.868,0.288,-79.895,0.329,-64.687,0.46,-112.714,0.155,-48.027,0.617,0.312,0.228,0.744,0.563,0.412,0.09,0.135,0.05,-0.395,-0.592,-0.299,0.235,0.251,0.184,-0.228,-0.482,-0.178,-0.572,-1.209,-0.611,-0.463,-0.654,-0.362,-0.807,-1.14,-0.862,-0.344,-0.486,-0.727,-0.13,-0.142,-0.223,-0.449,-0.508,-0.602,-0.019,-0.031,-0.024,0.062,0.088,0.069,-0.339,-0.394,-0.379,0.111,0.193,0.119,0.203,0.305,0.198,0.433,0.587,0.477,0.552,0.644,0.537,0.119,0.092,0.081,-1.271,-1.997,0.203,-0.659,0.338,-0.023,-0.849,-1.335,-0.283,-0.894,-0.08,-0.258,0.268,-0.872,-0.56,-1.769,0.383,0.567,0.612,-0.042,-0.217,-0.699,0.524,0.775,-0.566,-1.293,0.907,0.045,1.043,0.681,-0.4,-0.699,-0.113,-0.063,-0.791,-1.383,0.541,0.953,-0.306,-0.171,0.74,1.302,1.357,0.746,1.56,1.382,0.428,0.129,0.715,0.765,1.197,1.426,1.637,1.949,0.515,0.699,-0.025,0.387,-0.276,-0.048
2019-10-03,CTD6,4176009,695829,0.006381936,0.008622729,0.014230995,0.0062937294,0.006010131,0.0016014574,0.0016020642,0.0006460292,0.006436164,0.008506722,0.014343489,0.006413103,0.0055684163,0.0016771683,0.5628113,-8.000000000000001e-45,2.345,-0.149,40.72,-0.381,86.423,0.007,-2.196,0.03,-9.693,-0.245,45.703,0.156,-42.916,0.179,-50.413,0.387,-88.619,0.406,-96.117,0.023,-7.497,0.579,0.256,0.245,0.745,0.544,0.519,-0.019,-0.031,-0.013,-0.084,-0.138,-0.061,0.292,0.288,0.275,-0.274,-0.611,-0.258,-0.322,-0.717,-0.317,-0.566,-0.764,-0.533,-0.613,-0.829,-0.605,-0.048,-0.065,-0.107,-0.109,-0.111,-0.182,-0.526,-0.536,-0.638,0.004,0.006,0.004,0.016,0.025,0.018,-0.442,-0.453,-0.456,0.113,0.188,0.115,0.127,0.206,0.127,0.529,0.641,0.542,0.548,0.649,0.551,0.019,0.014,0.012,-1.521,-1.628,0.298,-0.307,0.318,-0.215,-0.922,-0.986,-0.281,-0.599,-0.249,-0.506,0.408,-0.421,-0.636,-1.354,0.317,0.592,0.456,-0.308,-0.589,-1.199,0.332,0.62,-0.91,-1.017,0.909,0.304,0.929,0.396,-0.38,-0.441,-0.336,-0.349,-0.86,-0.998,0.428,0.948,-0.795,-0.826,0.449,0.992,1.5,1.183,1.533,1.275,0.664,0.603,0.709,0.695,1.319,1.564,1.382,1.638,0.289,0.564,-0.212,0.308,-0.499,-0.255,-0.139,37.818,-0.381,85.654,0.002,-0.559,0.072,-24.212,-0.255,47.836,0.14,-38.377,0.209,-62.03,0.382,-86.213,0.441,-109.866,0.07,-23.654,0.542,0.243,0.211,0.729,0.549,0.477,-0.005,-0.008,-0.003,-0.206,-0.347,-0.155,0.308,0.307,0.266,-0.247,-0.55,-0.214,-0.399,-0.89,-0.398,-0.555,-0.733,-0.48,-0.707,-0.935,-0.705,-0.152,-0.201,-0.339,-0.1,-0.104,-0.173,-0.53,-0.562,-0.66,0.001,0.002,0.001,0.038,0.058,0.042,-0.454,-0.486,-0.487,0.101,0.174,0.105,0.141,0.229,0.142,0.531,0.661,0.563,0.587,0.683,0.588,0.057,0.041,0.037,-1.48,-1.819,0.309,-0.395,0.368,-0.112,-0.878,-1.079,-0.305,-0.703,-0.206,-0.42,0.411,-0.524,-0.683,-1.572,0.349,0.615,0.563,-0.171,-0.53,-1.081,0.402,0.709,-0.915,-1.254,0.875,0.17,0.933,0.453,-0.403,-0.559,-0.272,-0.275,-0.902,-1.249,0.461,0.938,-0.701,-0.709,0.531,1.081,1.475,1.077,1.574,1.36,0.69,0.534,0.821,0.818,1.371,1.582,1.579,1.822,0.342,0.608,-0.111,0.366,-0.418,-0.207
2019-10-03,CTD7,4176724,690397,0.0071315416,0.010440095,0.018169876,0.0063337437,0.005761906,0.001416541,0.0014502051,0.00056451745,0.0071542272,0.010246467,0.01833885,0.006545233,0.005235644,0.0015165545,0.45138407,-8.000000000000001e-45,3.417,-0.188,44.438,-0.436,85.186,0.059,-17.662,0.106,-33.332,-0.27,40.748,0.245,-62.1,0.289,-77.769,0.483,-102.848,0.518,-118.518,0.047,-15.669,0.807,0.281,0.256,0.889,0.54,0.491,-0.184,-0.321,-0.102,-0.348,-0.606,-0.211,0.291,0.258,0.235,-0.443,-1.128,-0.358,-0.555,-1.413,-0.493,-0.733,-1.074,-0.593,-0.845,-1.237,-0.751,-0.112,-0.164,-0.285,-0.135,-0.138,-0.274,-0.658,-0.681,-0.913,0.028,0.049,0.033,0.048,0.082,0.056,-0.574,-0.6,-0.639,0.162,0.318,0.172,0.185,0.347,0.191,0.674,0.918,0.731,0.706,0.921,0.74,0.033,0.023,0.02,-2.186,-2.47,0.335,-0.416,0.366,-0.227,-1.256,-1.419,-0.214,-0.707,-0.159,-0.517,0.551,-0.686,-0.614,-2.027,0.574,0.809,0.663,-0.411,-0.503,-1.631,0.631,0.889,-1.405,-1.69,1.115,0.365,1.147,0.554,-0.314,-0.525,-0.233,-0.335,-0.899,-1.505,0.84,1.331,-0.736,-1.057,0.924,1.463,1.941,1.449,1.996,1.638,0.852,0.641,0.932,0.831,2.061,2.317,2.265,2.547,0.336,0.571,-0.201,0.29,-0.459,-0.203,-0.178,42.183,-0.439,85.248,0.044,-13.005,0.155,-51.221,-0.283,43.066,0.22,-55.188,0.324,-93.404,0.474,-98.254,0.556,-136.469,0.111,-38.216,0.774,0.276,0.221,0.873,0.558,0.446,-0.133,-0.239,-0.068,-0.525,-0.939,-0.335,0.308,0.282,0.225,-0.395,-1.012,-0.289,-0.668,-1.713,-0.611,-0.703,-1.007,-0.514,-0.976,-1.398,-0.893,-0.273,-0.392,-0.701,-0.124,-0.131,-0.262,-0.666,-0.722,-0.949,0.021,0.039,0.026,0.067,0.114,0.077,-0.591,-0.653,-0.687,0.145,0.299,0.157,0.197,0.366,0.201,0.678,0.952,0.762,0.753,0.956,0.78,0.075,0.051,0.046,-2.104,-2.804,0.341,-0.552,0.413,-0.102,-1.175,-1.567,-0.249,-0.86,-0.121,-0.41,0.534,-0.864,-0.697,-2.41,0.582,0.808,0.808,-0.199,-0.423,-1.435,0.728,1.01,-1.37,-2.07,1.075,0.182,1.147,0.632,-0.356,-0.691,-0.173,-0.241,-0.998,-1.937,0.834,1.28,-0.606,-0.845,1.042,1.6,1.925,1.313,2.052,1.763,0.875,0.54,1.058,0.99,2.07,2.291,2.588,2.864,0.404,0.629,-0.093,0.353,-0.375,-0.154
2019-10-03,CTD8,4174178,693048,0.0055835294,0.007632217,0.0120722,0.0052639954,0.004673835,0.0011958964,0.0011926021,0.00047815798,0.005641023,0.007565487,0.012124798,0.0054009017,0.0043909242,0.0012473693,0.4070186,-8.000000000000001e-45,2.323,-0.155,48.075,-0.368,96.263,0.029,-10.872,0.089,-34.859,-0.225,48.189,0.184,-58.946,0.24,-82.934,0.393,-107.135,0.442,-131.122,0.059,-23.987,0.58,0.253,0.225,0.735,0.507,0.45,-0.083,-0.131,-0.051,-0.266,-0.421,-0.183,0.269,0.254,0.225,-0.329,-0.712,-0.276,-0.463,-1.001,-0.437,-0.598,-0.818,-0.501,-0.732,-1.001,-0.69,-0.134,-0.183,-0.29,-0.118,-0.122,-0.206,-0.503,-0.527,-0.653,0.016,0.026,0.019,0.046,0.071,0.052,-0.409,-0.433,-0.447,0.134,0.231,0.141,0.168,0.273,0.171,0.515,0.664,0.553,0.56,0.682,0.574,0.045,0.033,0.03,-1.562,-1.851,0.296,-0.395,0.344,-0.156,-0.987,-1.17,-0.227,-0.664,-0.15,-0.425,0.428,-0.572,-0.521,-1.522,0.448,0.674,0.562,-0.255,-0.387,-1.099,0.505,0.759,-0.926,-1.216,0.931,0.241,0.98,0.479,-0.311,-0.494,-0.205,-0.256,-0.712,-1.133,0.613,1.063,-0.529,-0.66,0.69,1.197,1.472,1.036,1.55,1.274,0.639,0.455,0.745,0.694,1.456,1.681,1.64,1.893,0.33,0.556,-0.147,0.303,-0.401,-0.176,-0.146,45.094,-0.365,94.797,0.022,-7.881,0.125,-50.47,-0.232,49.704,0.167,-52.975,0.266,-95.563,0.384,-102.679,0.468,-145.267,0.103,-42.588,0.547,0.244,0.198,0.717,0.512,0.416,-0.06,-0.096,-0.035,-0.382,-0.612,-0.273,0.28,0.268,0.218,-0.299,-0.642,-0.233,-0.539,-1.159,-0.516,-0.579,-0.777,-0.451,-0.819,-1.099,-0.785,-0.24,-0.322,-0.516,-0.11,-0.117,-0.197,-0.5,-0.542,-0.662,0.012,0.02,0.015,0.063,0.096,0.071,-0.413,-0.454,-0.466,0.122,0.216,0.131,0.179,0.288,0.181,0.509,0.67,0.562,0.586,0.7,0.596,0.076,0.057,0.051,-1.499,-2.016,0.3,-0.484,0.383,-0.067,-0.936,-1.258,-0.249,-0.765,-0.115,-0.348,0.42,-0.679,-0.558,-1.717,0.464,0.682,0.661,-0.116,-0.318,-0.96,0.571,0.839,-0.904,-1.42,0.896,0.111,0.979,0.528,-0.333,-0.606,-0.154,-0.189,-0.749,-1.361,0.622,1.039,-0.426,-0.522,0.766,1.278,1.436,0.919,1.569,1.336,0.645,0.373,0.824,0.79,1.467,1.665,1.804,2.047,0.377,0.595,-0.065,0.352,-0.333,-0.135
2019-10-03,CTD10,4170388,695646,0.004900659,0.006449421,0.010478814,0.0047029858,0.0042102546,0.0010934266,0.001123116,0.00045402194,0.0049639638,0.0063778823,0.010576739,0.004825754,0.003912825,0.0011478718,0.631718,-8.000000000000001e-45,2.83,-0.136,49.002,-0.363,108.624,0.021,-8.577,0.076,-33.461,-0.238,59.622,0.157,-57.578,0.21,-82.463,0.38,-117.2,0.427,-142.085,0.055,-24.884,0.513,0.23,0.206,0.701,0.511,0.457,-0.055,-0.09,-0.036,-0.216,-0.351,-0.157,0.292,0.28,0.251,-0.282,-0.603,-0.242,-0.404,-0.864,-0.388,-0.574,-0.756,-0.493,-0.696,-0.916,-0.668,-0.122,-0.16,-0.261,-0.102,-0.105,-0.174,-0.5,-0.523,-0.626,0.012,0.019,0.013,0.041,0.062,0.045,-0.42,-0.442,-0.452,0.114,0.192,0.119,0.146,0.233,0.147,0.509,0.634,0.542,0.552,0.653,0.562,0.043,0.032,0.029,-1.468,-1.729,0.311,-0.357,0.358,-0.135,-0.904,-1.064,-0.262,-0.649,-0.185,-0.428,0.427,-0.49,-0.583,-1.447,0.389,0.64,0.549,-0.207,-0.461,-1.064,0.435,0.715,-0.912,-1.173,0.867,0.199,0.914,0.421,-0.344,-0.502,-0.244,-0.28,-0.767,-1.118,0.512,0.97,-0.606,-0.696,0.572,1.083,1.409,1.021,1.485,1.243,0.665,0.508,0.766,0.73,1.369,1.575,1.529,1.76,0.307,0.558,-0.13,0.327,-0.41,-0.204,-0.125,44.66,-0.361,106.905,0.014,-5.77,0.118,-54.118,-0.248,62.245,0.139,-50.43,0.24,-98.778,0.373,-112.674,0.46,-161.023,0.104,-48.348,0.472,0.216,0.175,0.682,0.516,0.418,-0.037,-0.061,-0.023,-0.345,-0.572,-0.261,0.309,0.3,0.244,-0.25,-0.533,-0.197,-0.49,-1.045,-0.477,-0.559,-0.719,-0.441,-0.799,-1.027,-0.777,-0.24,-0.308,-0.511,-0.092,-0.098,-0.162,-0.501,-0.545,-0.642,0.008,0.013,0.01,0.062,0.094,0.068,-0.429,-0.473,-0.48,0.1,0.175,0.107,0.159,0.252,0.16,0.507,0.648,0.559,0.588,0.681,0.595,0.08,0.059,0.054,-1.413,-1.925,0.322,-0.455,0.408,-0.033,-0.852,-1.161,-0.287,-0.764,-0.144,-0.341,0.426,-0.601,-0.63,-1.674,0.415,0.659,0.666,-0.053,-0.39,-0.923,0.512,0.812,-0.907,-1.418,0.829,0.052,0.915,0.474,-0.369,-0.63,-0.185,-0.208,-0.809,-1.381,0.533,0.952,-0.501,-0.562,0.658,1.174,1.374,0.897,1.517,1.32,0.686,0.425,0.87,0.848,1.403,1.578,1.731,1.946,0.359,0.602,-0.032,0.387,-0.332,-0.157
2019-10-03,CTD11,4169609,700351,0.006712267,0.009559623,0.014983329,0.0063025975,0.005389304,0.0014237054,0.0014707154,0.00058691215,0.0067611067,0.009441955,0.01492989,0.0064524882,0.005137482,0.0014606135,0.3349739,-8.000000000000001e-45,2.527,-0.175,44.374,-0.381,82.24,0.031,-9.684,0.109,-36.572,-0.221,37.866,0.205,-54.058,0.279,-80.946,0.408,-91.924,0.471,-118.812,0.078,-26.888,0.665,0.28,0.239,0.786,0.518,0.443,-0.093,-0.145,-0.052,-0.35,-0.548,-0.23,0.254,0.239,0.204,-0.363,-0.81,-0.291,-0.543,-1.213,-0.51,-0.617,-0.879,-0.495,-0.797,-1.136,-0.749,-0.18,-0.257,-0.403,-0.134,-0.14,-0.244,-0.521,-0.553,-0.707,0.017,0.027,0.02,0.054,0.083,0.062,-0.417,-0.448,-0.464,0.15,0.269,0.16,0.192,0.32,0.196,0.533,0.717,0.581,0.59,0.737,0.605,0.056,0.042,0.037,-1.675,-2.078,0.282,-0.467,0.342,-0.153,-1.069,-1.326,-0.211,-0.721,-0.116,-0.407,0.427,-0.709,-0.502,-1.715,0.501,0.705,0.607,-0.271,-0.322,-1.132,0.586,0.825,-0.953,-1.356,1.004,0.255,1.065,0.569,-0.301,-0.531,-0.165,-0.217,-0.715,-1.263,0.714,1.157,-0.458,-0.604,0.835,1.353,1.573,1.063,1.668,1.377,0.628,0.398,0.764,0.712,1.574,1.814,1.841,2.121,0.375,0.579,-0.144,0.3,-0.382,-0.143,-0.165,41.995,-0.377,80.925,0.023,-7.074,0.136,-46.743,-0.225,38.931,0.188,-49.069,0.295,-88.738,0.396,-87.999,0.488,-127.668,0.113,-39.669,0.627,0.271,0.216,0.764,0.522,0.416,-0.067,-0.106,-0.036,-0.441,-0.698,-0.302,0.263,0.251,0.2,-0.332,-0.733,-0.252,-0.6,-1.325,-0.573,-0.595,-0.831,-0.452,-0.863,-1.205,-0.824,-0.268,-0.375,-0.592,-0.125,-0.134,-0.231,-0.514,-0.56,-0.705,0.013,0.021,0.015,0.067,0.102,0.076,-0.415,-0.461,-0.474,0.138,0.251,0.149,0.198,0.326,0.201,0.523,0.712,0.581,0.604,0.741,0.616,0.081,0.061,0.054,-1.598,-2.19,0.284,-0.54,0.372,-0.08,-1.01,-1.385,-0.231,-0.803,-0.091,-0.343,0.415,-0.79,-0.533,-1.858,0.504,0.704,0.684,-0.147,-0.265,-0.998,0.633,0.884,-0.917,-1.51,0.964,0.141,1.052,0.6,-0.322,-0.624,-0.127,-0.164,-0.745,-1.443,0.703,1.119,-0.37,-0.476,0.884,1.406,1.525,0.952,1.664,1.412,0.627,0.325,0.821,0.785,1.554,1.77,1.952,2.223,0.41,0.61,-0.076,0.339,-0.328,-0.112
2019-10-03,CTD12,4173438,695414,0.0048383535,0.006492209,0.010529641,0.0036874511,0.0034506104,0.00083361694,0.0008755831,0.00033746977,0.0048935055,0.006412328,0.010664737,0.0038165948,0.0030879965,0.00090239715,0.47249824,-8.000000000000001e-45,2.106,-0.146,52.651,-0.37,111.712,0.135,-64.508,0.167,-83.122,-0.237,59.061,0.276,-117.159,0.306,-135.773,0.481,-176.22,0.506,-194.834,0.033,-18.614,0.554,0.194,0.182,0.725,0.412,0.385,-0.419,-0.679,-0.223,-0.54,-0.875,-0.307,0.286,0.218,0.204,-0.567,-1.234,-0.404,-0.657,-1.43,-0.501,-0.853,-1.144,-0.608,-0.943,-1.265,-0.718,-0.09,-0.121,-0.196,-0.116,-0.118,-0.232,-0.559,-0.572,-0.797,0.068,0.116,0.082,0.082,0.136,0.098,-0.474,-0.487,-0.566,0.183,0.338,0.201,0.198,0.357,0.214,0.604,0.825,0.688,0.625,0.83,0.695,0.021,0.015,0.014,-2.11,-2.306,0.395,-0.323,0.418,-0.191,-1.301,-1.422,-0.108,-0.609,-0.072,-0.476,0.696,-0.569,-0.31,-1.739,0.781,0.984,0.786,-0.358,-0.22,-1.453,0.834,1.052,-1.514,-1.71,0.992,0.273,1.014,0.406,-0.146,-0.452,-0.097,-0.319,-0.416,-1.291,1.047,1.433,-0.295,-0.974,1.119,1.531,1.608,1.108,1.645,1.241,0.86,0.553,0.909,0.686,2.142,2.324,2.289,2.484,0.231,0.434,-0.145,0.24,-0.363,-0.181,-0.134,48.403,-0.371,110.586,0.124,-57.661,0.226,-119.482,-0.249,62.183,0.254,-106.064,0.35,-167.885,0.473,-168.247,0.551,-230.068,0.106,-61.821,0.516,0.185,0.149,0.709,0.422,0.341,-0.37,-0.615,-0.178,-0.766,-1.274,-0.456,0.304,0.237,0.192,-0.519,-1.131,-0.328,-0.822,-1.79,-0.641,-0.823,-1.079,-0.52,-1.126,-1.475,-0.878,-0.303,-0.396,-0.659,-0.105,-0.11,-0.22,-0.564,-0.607,-0.836,0.063,0.113,0.078,0.106,0.177,0.125,-0.488,-0.533,-0.616,0.167,0.325,0.189,0.214,0.382,0.23,0.606,0.858,0.721,0.67,0.87,0.741,0.064,0.047,0.043,-2.031,-2.69,0.405,-0.473,0.474,-0.046,-1.221,-1.618,-0.136,-0.777,-0.023,-0.35,0.681,-0.794,-0.381,-2.171,0.801,0.993,0.983,-0.095,-0.078,-1.21,0.989,1.227,-1.484,-2.143,0.953,0.074,1.021,0.501,-0.179,-0.635,-0.03,-0.208,-0.499,-1.773,1.049,1.391,-0.103,-0.718,1.297,1.719,1.584,0.943,1.698,1.37,0.883,0.427,1.032,0.854,2.163,2.313,2.674,2.858,0.298,0.49,-0.036,0.306,-0.273,-0.124
2019-11-27,CTD1,4187246,695025,0.0061498974,0.009313027,0.013828651,0.003173702,0.00280694,0.00065360544,0.0006639458,0.00025195716,0.0061441124,0.009180766,0.013978103,0.0033002677,0.0025665145,0.0007008634,0.30996817,-2.878e-42,0.357,-0.205,55.228,-0.384,90.291,0.319,-152.485,0.373,-193.656,-0.195,35.063,0.492,-207.713,0.537,-248.883,0.627,-242.776,0.663,-283.946,0.061,-41.17,0.764,0.175,0.155,0.841,0.287,0.253,-1.42,-2.109,-0.428,-1.804,-2.678,-0.615,0.216,0.111,0.098,-1.277,-2.872,-0.583,-1.531,-3.442,-0.79,-1.493,-2.261,-0.681,-1.746,-2.644,-0.901,-0.253,-0.383,-0.569,-0.186,-0.19,-0.529,-0.615,-0.634,-1.284,0.129,0.246,0.179,0.144,0.268,0.197,-0.484,-0.504,-0.755,0.307,0.685,0.369,0.326,0.698,0.383,0.689,1.19,0.879,0.713,1.182,0.883,0.024,0.018,0.016,-3.697,-4.266,0.431,-0.47,0.457,-0.224,-2.49,-2.873,0.104,-0.686,0.143,-0.44,1.264,-1.38,0.453,-2.989,1.636,1.735,1.518,-0.743,0.706,-2.166,1.85,1.961,-2.843,-3.412,1.285,0.384,1.311,0.63,0.157,-0.457,0.217,-0.211,0.686,-1.992,2.478,2.731,1.069,-1.039,2.802,3.088,1.908,1.118,1.947,1.364,0.969,0.354,1.028,0.6,3.901,4.056,4.411,4.586,0.215,0.313,-0.116,0.138,-0.227,-0.072,-0.198,53.834,-0.389,91.217,0.301,-140.248,0.411,-226.876,-0.207,37.383,0.471,-194.082,0.563,-280.71,0.618,-231.465,0.69,-318.093,0.125,-86.628,0.752,0.178,0.138,0.837,0.301,0.234,-1.288,-1.96,-0.36,-2.083,-3.171,-0.749,0.23,0.123,0.096,-1.192,-2.713,-0.498,-1.725,-3.924,-0.926,-1.422,-2.125,-0.594,-1.954,-2.92,-1.05,-0.532,-0.795,-1.211,-0.176,-0.184,-0.518,-0.628,-0.667,-1.335,0.123,0.242,0.172,0.154,0.287,0.207,-0.508,-0.551,-0.818,0.292,0.675,0.355,0.329,0.7,0.383,0.697,1.226,0.909,0.745,1.208,0.914,0.048,0.036,0.032,-3.566,-4.777,0.433,-0.617,0.486,-0.108,-2.342,-3.138,0.08,-0.846,0.16,-0.338,1.205,-1.715,0.339,-3.585,1.582,1.678,1.737,-0.388,0.871,-1.841,2.034,2.158,-2.741,-3.952,1.258,0.208,1.311,0.717,0.12,-0.629,0.239,-0.121,0.507,-2.665,2.364,2.598,1.302,-0.658,3.04,3.341,1.916,0.989,1.995,1.497,0.985,0.237,1.105,0.745,3.818,3.956,4.909,5.087,0.258,0.354,-0.058,0.176,-0.182,-0.043
2019-11-27,CTD2,4181518,693105,0.019658772,0.026008032,0.038812183,0.018181326,0.016488336,0.004713585,0.004575538,0.0018138093,0.019189222,0.025899159,0.039170608,0.018239846,0.015791224,0.0045600515,0.39363852,-8.000000000000001e-45,2.304,-0.139,12.418,-0.328,25.103,0.039,-4.134,0.088,-9.781,-0.198,12.685,0.177,-16.552,0.224,-22.199,0.362,-29.236,0.404,-34.884,0.049,-5.647,0.482,0.226,0.205,0.653,0.456,0.414,-0.108,-0.16,-0.068,-0.254,-0.38,-0.178,0.249,0.231,0.209,-0.325,-0.642,-0.273,-0.436,-0.862,-0.404,-0.575,-0.76,-0.482,-0.686,-0.907,-0.634,-0.111,-0.147,-0.219,-0.111,-0.115,-0.183,-0.433,-0.451,-0.552,0.023,0.035,0.027,0.049,0.072,0.056,-0.338,-0.354,-0.369,0.134,0.217,0.142,0.163,0.252,0.167,0.452,0.571,0.485,0.489,0.59,0.505,0.037,0.029,0.026,-1.379,-1.598,0.287,-0.347,0.331,-0.151,-0.924,-1.071,-0.193,-0.596,-0.127,-0.4,0.411,-0.496,-0.411,-1.273,0.447,0.656,0.522,-0.238,-0.3,-0.942,0.493,0.724,-0.812,-1.031,0.855,0.22,0.898,0.416,-0.255,-0.433,-0.169,-0.237,-0.544,-0.923,0.592,1.006,-0.397,-0.557,0.653,1.109,1.275,0.872,1.34,1.067,0.567,0.39,0.654,0.585,1.296,1.501,1.429,1.655,0.291,0.5,-0.14,0.274,-0.37,-0.166,-0.149,13.501,-0.342,26.583,0.025,-2.712,0.097,-11.214,-0.204,13.082,0.174,-16.214,0.242,-24.715,0.365,-29.296,0.425,-37.797,0.072,-8.501,0.529,0.246,0.213,0.688,0.485,0.42,-0.07,-0.106,-0.043,-0.29,-0.439,-0.205,0.251,0.239,0.207,-0.311,-0.635,-0.256,-0.474,-0.968,-0.451,-0.562,-0.759,-0.463,-0.725,-0.979,-0.689,-0.163,-0.22,-0.333,-0.117,-0.122,-0.197,-0.453,-0.479,-0.587,0.015,0.023,0.017,0.052,0.077,0.059,-0.355,-0.379,-0.39,0.131,0.219,0.139,0.173,0.27,0.176,0.464,0.598,0.502,0.519,0.625,0.53,0.054,0.042,0.038,-1.407,-1.74,0.275,-0.414,0.338,-0.125,-0.93,-1.15,-0.214,-0.665,-0.12,-0.376,0.391,-0.588,-0.46,-1.428,0.442,0.649,0.554,-0.205,-0.297,-0.932,0.511,0.75,-0.798,-1.131,0.884,0.195,0.947,0.484,-0.289,-0.494,-0.162,-0.205,-0.621,-1.061,0.597,1.017,-0.401,-0.507,0.69,1.174,1.337,0.886,1.432,1.176,0.562,0.357,0.69,0.647,1.325,1.538,1.53,1.776,0.341,0.547,-0.119,0.301,-0.357,-0.144
2019-11-27,CTD3,4181698,695238,0.0091775665,0.013905837,0.02390607,0.009954358,0.0086647775,0.002313987,0.0022760173,0.00091741956,0.009148515,0.013762476,0.023986557,0.010069815,0.008105249,0.002358223,0.38369903,-8.000000000000001e-45,2.561,-0.205,37.049,-0.445,67.131,-0.041,8.503,0.029,-6.448,-0.264,30.082,0.166,-28.546,0.232,-43.498,0.412,-58.628,0.468,-73.579,0.069,-14.951,0.886,0.369,0.321,0.934,0.668,0.582,0.118,0.203,0.074,-0.09,-0.154,-0.064,0.276,0.299,0.261,-0.262,-0.682,-0.247,-0.399,-1.04,-0.433,-0.538,-0.815,-0.508,-0.675,-1.023,-0.732,-0.137,-0.208,-0.357,-0.14,-0.145,-0.254,-0.617,-0.653,-0.791,-0.021,-0.034,-0.024,0.014,0.021,0.015,-0.523,-0.56,-0.537,0.119,0.221,0.121,0.158,0.274,0.155,0.604,0.782,0.618,0.66,0.797,0.639,0.056,0.039,0.034,-1.742,-2.099,0.244,-0.489,0.298,-0.21,-1.013,-1.221,-0.332,-0.765,-0.239,-0.487,0.34,-0.683,-0.797,-1.837,0.299,0.56,0.477,-0.338,-0.66,-1.342,0.343,0.643,-0.886,-1.244,1.099,0.366,1.153,0.645,-0.503,-0.567,-0.362,-0.289,-1.208,-1.362,0.453,1.035,-1.0,-0.797,0.52,1.188,1.889,1.456,1.982,1.734,0.634,0.57,0.775,0.849,1.457,1.778,1.674,2.043,0.462,0.722,-0.228,0.353,-0.528,-0.207,-0.201,36.646,-0.448,67.617,-0.048,10.001,0.06,-14.069,-0.271,30.971,0.155,-26.645,0.259,-50.715,0.409,-57.617,0.495,-81.687,0.108,-24.07,0.879,0.369,0.297,0.931,0.681,0.548,0.138,0.24,0.081,-0.194,-0.337,-0.142,0.283,0.312,0.251,-0.244,-0.639,-0.216,-0.464,-1.216,-0.511,-0.527,-0.793,-0.467,-0.747,-1.124,-0.823,-0.22,-0.331,-0.577,-0.135,-0.144,-0.254,-0.623,-0.679,-0.816,-0.024,-0.042,-0.029,0.028,0.044,0.031,-0.532,-0.593,-0.563,0.111,0.214,0.115,0.171,0.294,0.166,0.607,0.807,0.636,0.693,0.826,0.666,0.086,0.059,0.052,-1.717,-2.295,0.245,-0.578,0.327,-0.14,-0.985,-1.317,-0.35,-0.861,-0.208,-0.424,0.335,-0.789,-0.834,-2.051,0.32,0.571,0.555,-0.238,-0.614,-1.253,0.397,0.709,-0.878,-1.455,1.085,0.262,1.166,0.699,-0.527,-0.669,-0.312,-0.231,-1.255,-1.593,0.481,1.029,-0.924,-0.684,0.597,1.278,1.89,1.38,2.033,1.817,0.642,0.501,0.857,0.938,1.496,1.793,1.859,2.228,0.512,0.763,-0.154,0.394,-0.466,-0.169
2019-11-27,CTD4,4180266,698264,0.013328137,0.01902339,0.028823113,0.011583722,0.0093371915,0.0024574264,0.0024126393,0.00096630235,0.013214576,0.018972956,0.028901847,0.011692018,0.008875051,0.0025372296,0.46597055,-8.000000000000001e-45,2.598,-0.176,22.462,-0.368,40.335,0.07,-11.299,0.176,-32.069,-0.205,17.872,0.243,-33.761,0.342,-54.532,0.427,-51.634,0.511,-72.404,0.107,-20.771,0.647,0.26,0.21,0.767,0.467,0.377,-0.215,-0.326,-0.105,-0.61,-0.924,-0.371,0.238,0.207,0.167,-0.45,-0.973,-0.315,-0.727,-1.572,-0.632,-0.688,-0.982,-0.482,-0.965,-1.377,-0.839,-0.277,-0.395,-0.599,-0.141,-0.149,-0.272,-0.506,-0.546,-0.741,0.036,0.062,0.046,0.083,0.13,0.099,-0.393,-0.432,-0.468,0.176,0.328,0.195,0.23,0.389,0.24,0.533,0.761,0.608,0.602,0.782,0.637,0.069,0.053,0.047,-1.788,-2.386,0.299,-0.54,0.377,-0.105,-1.18,-1.575,-0.147,-0.778,-0.028,-0.344,0.491,-0.887,-0.365,-1.936,0.66,0.827,0.767,-0.215,-0.088,-1.061,0.819,1.026,-1.061,-1.66,1.025,0.187,1.103,0.621,-0.209,-0.581,-0.041,-0.146,-0.52,-1.445,0.942,1.318,-0.125,-0.451,1.168,1.635,1.554,0.922,1.672,1.357,0.646,0.275,0.815,0.709,1.788,1.997,2.218,2.478,0.378,0.545,-0.092,0.285,-0.299,-0.089,-0.179,22.967,-0.372,41.074,0.061,-9.854,0.196,-37.001,-0.207,18.107,0.237,-32.822,0.363,-59.969,0.424,-50.929,0.53,-78.076,0.137,-27.147,0.664,0.269,0.204,0.779,0.48,0.365,-0.187,-0.285,-0.087,-0.702,-1.069,-0.433,0.239,0.212,0.161,-0.434,-0.949,-0.291,-0.792,-1.733,-0.701,-0.673,-0.966,-0.452,-1.032,-1.481,-0.913,-0.359,-0.515,-0.785,-0.142,-0.152,-0.28,-0.512,-0.563,-0.763,0.032,0.055,0.04,0.091,0.142,0.107,-0.399,-0.449,-0.483,0.173,0.33,0.193,0.24,0.405,0.249,0.535,0.779,0.618,0.622,0.804,0.653,0.088,0.067,0.059,-1.775,-2.56,0.292,-0.621,0.389,-0.063,-1.166,-1.681,-0.159,-0.86,-0.011,-0.302,0.474,-1.008,-0.393,-2.126,0.662,0.823,0.832,-0.134,-0.034,-0.983,0.873,1.084,-1.036,-1.821,1.031,0.118,1.129,0.677,-0.228,-0.661,-0.015,-0.103,-0.564,-1.634,0.951,1.316,-0.049,-0.334,1.253,1.733,1.571,0.87,1.719,1.428,0.639,0.206,0.852,0.764,1.8,2.004,2.372,2.64,0.417,0.578,-0.055,0.309,-0.267,-0.063
2019-11-27,CTD6,4176009,695829,0.009095118,0.013133378,0.023176515,0.012886875,0.013117664,0.0038385699,0.0036481514,0.0015085229,0.009056037,0.012910579,0.023364233,0.013095653,0.011971773,0.003922739,0.67954,-8.000000000000001e-45,2.729,-0.182,33.807,-0.436,66.802,-0.172,32.351,-0.181,33.716,-0.277,32.995,0.009,-1.456,0.001,-0.091,0.285,-34.451,0.277,-33.086,-0.009,1.365,0.784,0.436,0.443,0.877,0.861,0.876,0.425,0.75,0.424,0.443,0.781,0.434,0.3,0.425,0.433,-0.013,-0.034,-0.019,-0.001,-0.002,-0.001,-0.313,-0.452,-0.452,-0.301,-0.435,-0.426,0.012,0.018,0.032,-0.112,-0.111,-0.155,-0.541,-0.536,-0.541,-0.104,-0.144,-0.104,-0.111,-0.155,-0.112,-0.457,-0.452,-0.386,0.008,0.011,0.007,0.0,0.001,0.0,0.463,0.463,0.392,0.453,0.458,0.387,-0.01,-0.007,-0.006,-1.106,-1.074,0.136,-0.29,0.127,-0.325,-0.627,-0.609,-0.589,-0.59,-0.606,-0.625,0.139,-0.295,-1.059,-1.061,-0.293,0.14,0.127,-0.326,-1.071,-1.105,-0.288,0.137,-0.354,-0.323,0.888,0.462,0.878,0.426,-0.85,-0.416,-0.876,-0.451,-1.529,-0.748,-0.423,0.453,-1.547,-0.797,-0.416,0.445,1.567,1.566,1.549,1.53,0.348,0.782,0.322,0.747,0.356,0.8,0.35,0.786,0.418,0.851,-0.461,0.415,-0.886,-0.443,-0.175,32.968,-0.441,67.623,-0.182,34.062,-0.139,26.894,-0.288,34.655,-0.007,1.095,0.038,-6.074,0.282,-33.561,0.322,-40.729,0.045,-7.169,0.77,0.432,0.395,0.873,0.886,0.81,0.44,0.796,0.408,0.347,0.628,0.352,0.314,0.454,0.415,0.01,0.026,0.013,-0.055,-0.142,-0.08,-0.304,-0.433,-0.402,-0.369,-0.526,-0.533,-0.065,-0.093,-0.167,-0.106,-0.109,-0.154,-0.55,-0.575,-0.571,-0.111,-0.162,-0.114,-0.08,-0.112,-0.08,-0.472,-0.497,-0.417,-0.006,-0.009,-0.005,0.029,0.042,0.026,0.467,0.488,0.413,0.519,0.514,0.438,0.051,0.035,0.031,-1.083,-1.25,0.141,-0.392,0.189,-0.213,-0.598,-0.691,-0.627,-0.706,-0.54,-0.527,0.139,-0.387,-1.118,-1.26,-0.236,0.179,0.204,-0.229,-1.053,-1.028,-0.258,0.196,-0.358,-0.526,0.865,0.332,0.913,0.511,-0.893,-0.541,-0.769,-0.362,-1.594,-0.966,-0.336,0.473,-1.502,-0.706,-0.368,0.518,1.566,1.486,1.653,1.666,0.364,0.716,0.488,0.896,0.462,0.857,0.506,0.937,0.519,0.934,-0.308,0.502,-0.761,-0.367
2019-11-27,CTD7,4176724,690397,0.011018176,0.015907966,0.027126608,0.012438422,0.013051878,0.0036566742,0.0034916142,0.0013922745,0.010922329,0.015727326,0.027317742,0.012662896,0.011532554,0.0037635083,0.70886934,-8.000000000000001e-45,1.843,-0.182,27.898,-0.422,53.895,-0.061,10.363,-0.084,14.142,-0.261,25.997,0.122,-17.534,0.099,-13.756,0.371,-43.532,0.35,-39.753,-0.024,3.779,0.757,0.347,0.364,0.857,0.67,0.703,0.165,0.281,0.135,0.225,0.384,0.176,0.286,0.323,0.339,-0.193,-0.476,-0.229,-0.152,-0.373,-0.171,-0.48,-0.693,-0.568,-0.438,-0.632,-0.494,0.042,0.06,0.103,-0.124,-0.122,-0.192,-0.568,-0.556,-0.632,-0.033,-0.049,-0.035,-0.047,-0.072,-0.051,-0.478,-0.466,-0.44,0.091,0.144,0.086,0.075,0.122,0.072,0.545,0.61,0.507,0.523,0.6,0.497,-0.023,-0.016,-0.014,-1.488,-1.386,0.234,-0.26,0.211,-0.357,-0.873,-0.813,-0.376,-0.547,-0.414,-0.643,0.299,-0.333,-0.819,-1.193,0.065,0.405,0.258,-0.435,-0.861,-1.337,0.062,0.386,-0.737,-0.635,0.985,0.491,0.963,0.394,-0.542,-0.367,-0.598,-0.463,-1.183,-0.799,0.094,0.798,-1.243,-0.962,0.09,0.76,1.68,1.509,1.642,1.413,0.576,0.752,0.521,0.656,0.996,1.36,0.949,1.296,0.308,0.648,-0.403,0.301,-0.726,-0.362,-0.18,27.972,-0.429,54.949,-0.074,12.585,-0.027,4.845,-0.269,26.977,0.108,-15.387,0.154,-23.127,0.367,-42.365,0.406,-50.105,0.047,-7.74,0.764,0.354,0.323,0.864,0.696,0.634,0.198,0.344,0.145,0.076,0.132,0.061,0.295,0.342,0.311,-0.168,-0.42,-0.177,-0.253,-0.632,-0.293,-0.463,-0.666,-0.489,-0.547,-0.788,-0.634,-0.085,-0.122,-0.211,-0.12,-0.124,-0.199,-0.578,-0.601,-0.678,-0.04,-0.064,-0.045,-0.014,-0.021,-0.015,-0.491,-0.516,-0.479,0.08,0.136,0.079,0.11,0.178,0.105,0.55,0.653,0.538,0.592,0.669,0.556,0.042,0.03,0.026,-1.463,-1.674,0.231,-0.404,0.272,-0.216,-0.842,-0.964,-0.405,-0.698,-0.333,-0.511,0.287,-0.501,-0.874,-1.506,0.129,0.44,0.371,-0.295,-0.79,-1.21,0.142,0.484,-0.717,-0.929,0.976,0.342,1.018,0.529,-0.584,-0.522,-0.48,-0.335,-1.259,-1.127,0.186,0.82,-1.137,-0.794,0.204,0.9,1.696,1.403,1.768,1.59,0.578,0.639,0.681,0.826,1.101,1.424,1.209,1.564,0.426,0.737,-0.251,0.383,-0.592,-0.27
2019-11-27,CTD8,4174178,693048,0.01005806,0.01483005,0.025640566,0.012910424,0.011556072,0.0032674079,0.003225928,0.001303093,0.009992896,0.014700488,0.025779052,0.012965846,0.010875592,0.0032691457,0.37505326,-8.000000000000001e-45,1.7,-0.192,31.992,-0.437,60.422,-0.124,21.966,-0.069,12.888,-0.267,28.43,0.069,-10.026,0.124,-19.104,0.33,-38.456,0.379,-47.534,0.055,-9.078,0.82,0.413,0.37,0.896,0.78,0.698,0.326,0.563,0.254,0.191,0.33,0.166,0.286,0.367,0.329,-0.101,-0.257,-0.116,-0.192,-0.49,-0.247,-0.387,-0.57,-0.444,-0.478,-0.705,-0.614,-0.091,-0.135,-0.233,-0.124,-0.128,-0.195,-0.562,-0.591,-0.637,-0.07,-0.108,-0.077,-0.037,-0.054,-0.039,-0.471,-0.5,-0.442,0.054,0.089,0.052,0.092,0.143,0.085,0.511,0.589,0.482,0.566,0.613,0.508,0.054,0.038,0.033,-1.308,-1.541,0.175,-0.439,0.228,-0.217,-0.756,-0.891,-0.478,-0.725,-0.387,-0.503,0.201,-0.504,-0.95,-1.44,-0.0,0.328,0.292,-0.278,-0.859,-1.116,-0.0,0.367,-0.512,-0.744,0.971,0.357,1.024,0.579,-0.705,-0.539,-0.571,-0.317,-1.401,-1.07,-0.0,0.698,-1.266,-0.703,-0.0,0.78,1.679,1.432,1.77,1.654,0.445,0.612,0.58,0.834,0.837,1.207,0.935,1.348,0.504,0.833,-0.278,0.42,-0.645,-0.276,-0.191,32.046,-0.441,61.28,-0.129,22.945,-0.042,8.122,-0.274,29.234,0.063,-9.101,0.15,-23.924,0.331,-38.335,0.407,-53.158,0.088,-14.823,0.826,0.416,0.349,0.901,0.795,0.666,0.337,0.592,0.25,0.119,0.209,0.105,0.292,0.379,0.318,-0.091,-0.235,-0.099,-0.239,-0.617,-0.31,-0.383,-0.564,-0.417,-0.531,-0.781,-0.689,-0.148,-0.218,-0.382,-0.122,-0.128,-0.197,-0.571,-0.617,-0.662,-0.073,-0.116,-0.081,-0.022,-0.032,-0.023,-0.483,-0.531,-0.465,0.048,0.083,0.047,0.107,0.167,0.099,0.519,0.614,0.501,0.604,0.649,0.539,0.085,0.058,0.052,-1.308,-1.691,0.177,-0.512,0.258,-0.159,-0.746,-0.964,-0.494,-0.805,-0.352,-0.451,0.2,-0.581,-0.983,-1.6,0.031,0.349,0.349,-0.215,-0.835,-1.069,0.037,0.416,-0.517,-0.899,0.968,0.279,1.049,0.632,-0.727,-0.622,-0.518,-0.269,-1.446,-1.237,0.045,0.712,-1.228,-0.637,0.054,0.849,1.698,1.388,1.84,1.741,0.456,0.561,0.665,0.915,0.9,1.248,1.073,1.488,0.558,0.876,-0.206,0.46,-0.585,-0.237
2019-11-27,CTD10,4170388,695646,0.018932328,0.025274998,0.037159104,0.020623056,0.018036366,0.005405218,0.0052950806,0.00213086,0.01853868,0.025355801,0.037372056,0.020500593,0.017410047,0.0054124943,0.39341515,-8.000000000000001e-45,1.875,-0.143,13.255,-0.325,25.908,-0.043,4.33,0.024,-2.624,-0.19,12.653,0.101,-8.925,0.167,-15.879,0.286,-21.578,0.346,-28.532,0.067,-6.954,0.493,0.273,0.239,0.655,0.534,0.467,0.109,0.161,0.078,-0.066,-0.097,-0.054,0.24,0.261,0.228,-0.169,-0.332,-0.161,-0.301,-0.59,-0.327,-0.409,-0.545,-0.389,-0.54,-0.721,-0.588,-0.132,-0.176,-0.258,-0.11,-0.115,-0.164,-0.397,-0.421,-0.471,-0.027,-0.039,-0.031,0.014,0.02,0.016,-0.3,-0.321,-0.307,0.083,0.126,0.084,0.129,0.183,0.125,0.374,0.447,0.382,0.433,0.483,0.417,0.059,0.046,0.041,-1.053,-1.311,0.194,-0.394,0.264,-0.126,-0.716,-0.892,-0.306,-0.634,-0.204,-0.365,0.238,-0.483,-0.552,-1.142,0.204,0.433,0.369,-0.176,-0.421,-0.752,0.234,0.495,-0.467,-0.725,0.78,0.192,0.85,0.46,-0.409,-0.463,-0.272,-0.194,-0.737,-0.835,0.273,0.74,-0.561,-0.4,0.312,0.846,1.147,0.819,1.249,1.088,0.381,0.327,0.518,0.596,0.849,1.088,0.971,1.244,0.376,0.604,-0.137,0.331,-0.398,-0.159,-0.155,14.503,-0.337,27.183,-0.05,5.162,0.031,-3.497,-0.192,12.681,0.106,-9.34,0.186,-17.999,0.292,-22.021,0.364,-30.68,0.082,-8.659,0.542,0.297,0.252,0.689,0.557,0.473,0.131,0.193,0.09,-0.089,-0.131,-0.072,0.235,0.26,0.221,-0.173,-0.349,-0.163,-0.334,-0.673,-0.369,-0.408,-0.558,-0.383,-0.569,-0.778,-0.629,-0.161,-0.22,-0.324,-0.118,-0.124,-0.18,-0.411,-0.44,-0.497,-0.031,-0.046,-0.036,0.018,0.025,0.02,-0.308,-0.334,-0.317,0.087,0.135,0.089,0.142,0.204,0.137,0.384,0.469,0.395,0.455,0.511,0.435,0.07,0.055,0.049,-1.092,-1.415,0.183,-0.446,0.265,-0.118,-0.741,-0.96,-0.312,-0.681,-0.191,-0.353,0.226,-0.552,-0.57,-1.242,0.218,0.438,0.386,-0.172,-0.409,-0.758,0.256,0.516,-0.455,-0.779,0.819,0.19,0.902,0.518,-0.427,-0.499,-0.261,-0.171,-0.779,-0.91,0.298,0.771,-0.56,-0.367,0.351,0.908,1.207,0.838,1.329,1.167,0.368,0.296,0.535,0.625,0.884,1.136,1.041,1.338,0.419,0.64,-0.131,0.343,-0.391,-0.138
2019-11-27,CTD11,4169609,700351,0.011093047,0.018291289,0.032782193,0.014076984,0.010948381,0.0028501537,0.0028155858,0.0011324123,0.010998866,0.01829608,0.032938108,0.014177724,0.010715043,0.0028270413,0.22193407,-8.000000000000001e-45,1.004,-0.245,35.476,-0.494,59.642,-0.119,19.109,0.007,-1.191,-0.284,24.166,0.13,-16.367,0.251,-36.667,0.399,-40.534,0.499,-60.833,0.125,-20.3,1.163,0.499,0.388,1.091,0.84,0.653,0.35,0.626,0.209,-0.022,-0.039,-0.017,0.268,0.34,0.265,-0.182,-0.537,-0.179,-0.407,-1.202,-0.516,-0.45,-0.741,-0.444,-0.675,-1.113,-0.856,-0.225,-0.371,-0.665,-0.154,-0.165,-0.288,-0.67,-0.742,-0.867,-0.058,-0.102,-0.068,0.003,0.004,0.003,-0.576,-0.657,-0.579,0.096,0.191,0.096,0.167,0.292,0.157,0.637,0.849,0.64,0.743,0.867,0.675,0.106,0.071,0.061,-1.722,-2.388,0.177,-0.679,0.272,-0.171,-0.961,-1.332,-0.431,-0.947,-0.26,-0.439,0.23,-0.883,-1.004,-2.206,0.189,0.454,0.455,-0.286,-0.779,-1.316,0.244,0.584,-0.68,-1.345,1.219,0.363,1.315,0.871,-0.711,-0.728,-0.429,-0.22,-1.656,-1.695,0.312,0.965,-1.285,-0.658,0.402,1.241,2.186,1.669,2.357,2.177,0.523,0.506,0.805,1.014,1.342,1.73,1.725,2.225,0.67,0.935,-0.217,0.436,-0.558,-0.169,-0.249,36.262,-0.499,60.558,-0.126,20.385,0.013,-2.408,-0.286,24.297,0.127,-15.877,0.261,-38.67,0.398,-40.173,0.509,-62.967,0.139,-22.794,1.194,0.514,0.389,1.108,0.859,0.649,0.373,0.671,0.218,-0.044,-0.079,-0.034,0.267,0.344,0.26,-0.175,-0.523,-0.17,-0.425,-1.274,-0.548,-0.442,-0.735,-0.43,-0.693,-1.152,-0.893,-0.251,-0.417,-0.751,-0.155,-0.167,-0.293,-0.676,-0.756,-0.881,-0.062,-0.11,-0.073,0.006,0.009,0.006,-0.582,-0.674,-0.588,0.094,0.19,0.094,0.173,0.301,0.161,0.64,0.864,0.647,0.759,0.883,0.684,0.118,0.079,0.068,-1.722,-2.473,0.171,-0.722,0.276,-0.155,-0.957,-1.374,-0.441,-0.989,-0.252,-0.422,0.22,-0.932,-1.024,-2.298,0.19,0.45,0.471,-0.264,-0.774,-1.297,0.252,0.596,-0.66,-1.411,1.233,0.34,1.338,0.908,-0.734,-0.768,-0.419,-0.2,-1.704,-1.784,0.316,0.965,-1.287,-0.616,0.418,1.277,2.22,1.672,2.409,2.239,0.511,0.477,0.826,1.045,1.349,1.738,1.785,2.299,0.703,0.964,-0.199,0.45,-0.544,-0.155
2019-11-27,CTD12,4173438,695414,0.009686302,0.014448187,0.026287576,0.0123524275,0.012088267,0.0033349067,0.0032944055,0.0013180582,0.009625251,0.01422335,0.026523745,0.012559292,0.010977751,0.0034238633,0.5253687,-8.000000000000001e-45,2.278,-0.197,34.026,-0.461,65.198,-0.121,22.283,-0.11,20.514,-0.291,31.172,0.078,-11.743,0.089,-13.512,0.361,-42.915,0.37,-44.684,0.011,-1.769,0.894,0.42,0.411,0.942,0.805,0.788,0.322,0.586,0.269,0.296,0.539,0.253,0.302,0.385,0.377,-0.114,-0.309,-0.142,-0.131,-0.355,-0.167,-0.416,-0.62,-0.519,-0.433,-0.646,-0.552,-0.017,-0.026,-0.047,-0.123,-0.124,-0.195,-0.619,-0.626,-0.679,-0.065,-0.1,-0.069,-0.059,-0.09,-0.062,-0.537,-0.544,-0.484,0.058,0.096,0.055,0.066,0.107,0.061,0.577,0.64,0.525,0.588,0.644,0.53,0.011,0.007,0.006,-1.458,-1.504,0.201,-0.351,0.211,-0.308,-0.801,-0.827,-0.486,-0.653,-0.468,-0.61,0.235,-0.411,-1.035,-1.39,-0.053,0.324,0.252,-0.368,-1.018,-1.327,-0.054,0.331,-0.637,-0.683,1.022,0.47,1.032,0.513,-0.726,-0.472,-0.698,-0.429,-1.544,-1.005,-0.078,0.71,-1.519,-0.933,-0.08,0.725,1.859,1.692,1.877,1.735,0.544,0.798,0.571,0.841,0.88,1.291,0.899,1.32,0.439,0.815,-0.393,0.395,-0.778,-0.367,-0.193,33.586,-0.467,66.191,-0.132,24.271,-0.066,12.8,-0.302,32.605,0.062,-9.315,0.129,-20.786,0.357,-41.92,0.415,-53.391,0.067,-11.471,0.891,0.422,0.369,0.941,0.831,0.727,0.345,0.644,0.266,0.182,0.34,0.161,0.314,0.409,0.358,-0.09,-0.247,-0.102,-0.2,-0.551,-0.261,-0.403,-0.596,-0.46,-0.514,-0.759,-0.671,-0.11,-0.163,-0.304,-0.118,-0.123,-0.195,-0.631,-0.671,-0.718,-0.072,-0.116,-0.078,-0.033,-0.05,-0.035,-0.554,-0.597,-0.523,0.046,0.081,0.044,0.09,0.146,0.083,0.586,0.678,0.554,0.652,0.701,0.58,0.066,0.044,0.039,-1.435,-1.739,0.203,-0.467,0.263,-0.197,-0.77,-0.933,-0.52,-0.781,-0.409,-0.511,0.23,-0.529,-1.098,-1.65,-0.005,0.353,0.341,-0.256,-0.988,-1.235,-0.006,0.403,-0.634,-0.938,1.004,0.334,1.064,0.604,-0.769,-0.608,-0.604,-0.338,-1.623,-1.284,-0.008,0.719,-1.46,-0.816,-0.009,0.822,1.873,1.612,1.984,1.882,0.56,0.721,0.724,0.991,0.971,1.34,1.111,1.533,0.533,0.891,-0.258,0.469,-0.667,-0.298
2020-02-20,CTD1,4187246,695025,0.011100564,0.015555984,0.022394164,0.007934538,0.006470952,0.0017406793,0.0017156607,0.00069762504,0.011081988,0.01538057,0.02233808,0.008085203,0.006451502,0.0017122838,0.3558279,-8.000000000000001e-45,0.349,-0.167,25.802,-0.337,45.431,0.166,-35.946,0.263,-64.451,-0.18,19.629,0.324,-61.747,0.412,-90.253,0.477,-81.377,0.552,-109.882,0.102,-28.505,0.578,0.205,0.167,0.707,0.36,0.294,-0.559,-0.805,-0.233,-1.003,-1.443,-0.511,0.218,0.156,0.127,-0.685,-1.383,-0.4,-1.002,-2.021,-0.716,-0.903,-1.266,-0.527,-1.22,-1.709,-0.872,-0.316,-0.443,-0.638,-0.147,-0.154,-0.309,-0.481,-0.513,-0.784,0.083,0.144,0.11,0.122,0.197,0.153,-0.359,-0.389,-0.475,0.228,0.434,0.264,0.271,0.477,0.3,0.542,0.823,0.656,0.597,0.837,0.678,0.055,0.044,0.039,-2.109,-2.747,0.359,-0.513,0.425,-0.102,-1.465,-1.908,-0.014,-0.73,0.08,-0.32,0.704,-1.005,-0.041,-2.062,0.983,1.11,1.021,-0.245,0.276,-1.107,1.205,1.361,-1.421,-2.059,1.047,0.175,1.112,0.586,-0.02,-0.532,0.112,-0.121,-0.057,-1.5,1.378,1.672,0.387,-0.418,1.689,2.05,1.507,0.791,1.601,1.202,0.725,0.213,0.857,0.624,2.239,2.406,2.746,2.951,0.299,0.426,-0.073,0.221,-0.229,-0.062,-0.162,25.219,-0.337,45.47,0.156,-33.446,0.264,-64.766,-0.184,20.25,0.311,-58.666,0.409,-89.986,0.468,-78.916,0.552,-110.236,0.112,-31.32,0.563,0.204,0.163,0.699,0.368,0.293,-0.514,-0.747,-0.216,-0.996,-1.447,-0.524,0.224,0.164,0.131,-0.65,-1.31,-0.378,-0.997,-2.01,-0.728,-0.875,-1.214,-0.509,-1.222,-1.695,-0.891,-0.347,-0.482,-0.7,-0.141,-0.149,-0.296,-0.48,-0.516,-0.774,0.079,0.137,0.104,0.123,0.197,0.152,-0.363,-0.397,-0.479,0.218,0.416,0.253,0.267,0.466,0.293,0.539,0.813,0.653,0.6,0.829,0.677,0.062,0.049,0.043,-2.042,-2.742,0.359,-0.533,0.432,-0.077,-1.406,-1.888,-0.03,-0.757,0.077,-0.302,0.682,-1.013,-0.082,-2.092,0.951,1.082,1.029,-0.185,0.265,-1.045,1.192,1.356,-1.375,-2.075,1.026,0.135,1.099,0.59,-0.041,-0.565,0.106,-0.109,-0.113,-1.56,1.32,1.613,0.368,-0.379,1.654,2.022,1.49,0.762,1.596,1.218,0.723,0.199,0.87,0.654,2.181,2.343,2.733,2.937,0.31,0.441,-0.056,0.237,-0.22,-0.058
2020-02-20,CTD2,4181518,693105,0.008330213,0.012447111,0.017912557,0.0039319973,0.0028187963,0.0006783461,0.0006845789,0.00027042849,0.008328851,0.012268295,0.018060718,0.004042071,0.002794224,0.0006943446,0.3026632,-8.000000000000001e-45,1.226,-0.198,39.705,-0.365,64.218,0.359,-134.279,0.494,-234.716,-0.18,24.513,0.52,-173.984,0.631,-274.421,0.64,-198.497,0.728,-298.935,0.165,-100.438,0.711,0.156,0.112,0.799,0.253,0.181,-1.671,-2.405,-0.379,-2.922,-4.204,-0.923,0.204,0.096,0.069,-1.449,-3.116,-0.49,-2.286,-4.916,-1.079,-1.654,-2.471,-0.56,-2.49,-3.721,-1.175,-0.837,-1.25,-1.799,-0.188,-0.199,-0.61,-0.585,-0.628,-1.419,0.145,0.288,0.212,0.182,0.336,0.252,-0.446,-0.49,-0.81,0.324,0.764,0.411,0.367,0.785,0.441,0.673,1.254,0.916,0.726,1.231,0.922,0.054,0.042,0.037,-3.886,-5.685,0.45,-0.726,0.512,-0.048,-2.701,-3.951,0.149,-0.93,0.239,-0.252,1.424,-2.297,0.679,-4.236,1.892,1.961,2.26,-0.21,1.516,-1.6,2.639,2.736,-3.061,-4.86,1.275,0.099,1.337,0.777,0.223,-0.7,0.356,-0.022,1.015,-3.189,2.827,3.008,2.265,-0.14,3.944,4.196,1.834,0.755,1.924,1.433,0.967,0.044,1.101,0.722,4.217,4.329,5.883,6.039,0.246,0.315,-0.022,0.159,-0.119,-0.007,-0.191,38.554,-0.369,64.696,0.347,-127.333,0.498,-237.817,-0.191,26.142,0.504,-165.887,0.629,-276.37,0.634,-192.029,0.732,-302.512,0.183,-110.483,0.696,0.156,0.108,0.794,0.262,0.181,-1.562,-2.3,-0.356,-2.918,-4.295,-0.961,0.218,0.106,0.073,-1.382,-2.996,-0.464,-2.302,-4.991,-1.117,-1.599,-2.356,-0.537,-2.52,-3.711,-1.223,-0.92,-1.355,-1.995,-0.178,-0.189,-0.576,-0.597,-0.646,-1.424,0.141,0.285,0.206,0.182,0.339,0.25,-0.468,-0.521,-0.847,0.312,0.74,0.394,0.359,0.766,0.429,0.681,1.26,0.931,0.741,1.234,0.936,0.061,0.047,0.041,-3.789,-5.785,0.455,-0.768,0.524,-0.012,-2.574,-3.929,0.132,-0.985,0.233,-0.23,1.381,-2.33,0.588,-4.403,1.833,1.906,2.301,-0.054,1.509,-1.487,2.651,2.757,-2.995,-4.991,1.249,0.026,1.318,0.782,0.194,-0.767,0.344,-0.012,0.867,-3.428,2.7,2.88,2.222,-0.078,3.905,4.167,1.839,0.722,1.941,1.477,0.987,0.026,1.137,0.781,4.133,4.24,5.978,6.134,0.258,0.331,-0.006,0.175,-0.112,-0.004
2020-02-20,CTD3,4181698,695238,0.0054018367,0.007931959,0.013136874,0.0030354685,0.0026924973,0.0005942731,0.0006010803,0.00022835584,0.0054140547,0.0077748764,0.013286137,0.0031622907,0.0023967382,0.00064961,0.2880162,-8.000000000000001e-45,1.282,-0.19,59.05,-0.417,109.001,0.28,-144.316,0.335,-186.28,-0.247,49.951,0.446,-203.366,0.493,-245.33,0.625,-253.317,0.66,-295.281,0.06,-41.964,0.776,0.179,0.159,0.865,0.331,0.293,-1.145,-1.896,-0.389,-1.478,-2.447,-0.565,0.27,0.152,0.134,-1.099,-2.672,-0.548,-1.325,-3.223,-0.745,-1.368,-2.009,-0.682,-1.595,-2.342,-0.896,-0.227,-0.333,-0.551,-0.156,-0.16,-0.442,-0.705,-0.728,-1.35,0.112,0.223,0.149,0.129,0.247,0.168,-0.617,-0.643,-0.909,0.264,0.605,0.309,0.283,0.621,0.324,0.758,1.248,0.951,0.783,1.238,0.952,0.026,0.019,0.016,-3.647,-4.198,0.45,-0.446,0.476,-0.206,-2.202,-2.535,0.029,-0.716,0.072,-0.476,1.176,-1.166,0.123,-3.099,1.44,1.575,1.402,-0.607,0.35,-2.322,1.624,1.775,-2.859,-3.411,1.237,0.341,1.263,0.581,0.042,-0.524,0.105,-0.283,0.181,-2.266,2.115,2.408,0.514,-1.382,2.384,2.715,2.049,1.305,2.092,1.545,1.094,0.529,1.158,0.769,3.829,3.988,4.317,4.496,0.222,0.357,-0.116,0.178,-0.267,-0.108,-0.179,56.085,-0.421,109.438,0.263,-131.522,0.386,-232.529,-0.262,53.353,0.422,-187.607,0.529,-288.614,0.615,-240.96,0.694,-341.967,0.138,-101.007,0.745,0.177,0.134,0.851,0.346,0.262,-1.023,-1.747,-0.315,-1.808,-3.089,-0.735,0.289,0.169,0.128,-1.016,-2.493,-0.45,-1.563,-3.835,-0.913,-1.305,-1.873,-0.578,-1.851,-2.659,-1.081,-0.547,-0.785,-1.342,-0.144,-0.151,-0.425,-0.72,-0.774,-1.416,0.107,0.221,0.144,0.143,0.276,0.183,-0.643,-0.706,-0.991,0.247,0.591,0.294,0.288,0.627,0.327,0.768,1.296,0.995,0.826,1.27,0.996,0.058,0.041,0.036,-3.505,-4.847,0.458,-0.623,0.516,-0.062,-2.051,-2.836,0.001,-0.912,0.099,-0.35,1.127,-1.532,0.003,-3.831,1.404,1.532,1.674,-0.2,0.55,-1.943,1.852,2.021,-2.765,-4.107,1.198,0.117,1.256,0.678,0.001,-0.734,0.142,-0.173,0.005,-3.085,2.016,2.278,0.79,-0.957,2.66,3.006,2.047,1.135,2.146,1.696,1.125,0.389,1.266,0.951,3.759,3.893,4.959,5.137,0.276,0.404,-0.036,0.226,-0.205,-0.07
2020-02-20,CTD4,4180266,698264,0.007911678,0.012083462,0.018820083,0.0065542744,0.004661538,0.0012182799,0.0012105986,0.00049782,0.007932014,0.011987432,0.01889434,0.006688857,0.0047560395,0.0012084722,0.20829889,-8.000000000000001e-45,1.532,-0.209,43.638,-0.408,73.261,0.094,-26.177,0.258,-88.126,-0.218,29.623,0.297,-69.814,0.443,-131.764,0.483,-99.437,0.603,-161.387,0.169,-61.949,0.821,0.286,0.203,0.885,0.48,0.342,-0.316,-0.493,-0.122,-1.065,-1.659,-0.578,0.234,0.194,0.138,-0.552,-1.314,-0.325,-1.042,-2.48,-0.864,-0.787,-1.202,-0.464,-1.277,-1.95,-1.058,-0.49,-0.749,-1.166,-0.164,-0.178,-0.372,-0.585,-0.651,-0.973,0.044,0.081,0.058,0.105,0.174,0.128,-0.466,-0.536,-0.601,0.207,0.44,0.235,0.278,0.513,0.292,0.613,0.976,0.733,0.708,0.979,0.76,0.095,0.071,0.061,-2.217,-3.383,0.306,-0.751,0.407,-0.056,-1.423,-2.172,-0.122,-0.986,0.035,-0.291,0.565,-1.385,-0.35,-2.83,0.821,0.959,1.055,-0.146,0.14,-1.174,1.155,1.349,-1.344,-2.51,1.179,0.121,1.28,0.816,-0.186,-0.764,0.053,-0.069,-0.535,-2.194,1.254,1.596,0.213,-0.279,1.764,2.244,1.836,0.973,1.993,1.668,0.729,0.151,0.968,0.846,2.282,2.486,3.209,3.495,0.443,0.581,-0.047,0.295,-0.241,-0.038,-0.204,42.651,-0.409,73.145,0.085,-23.431,0.25,-84.188,-0.224,30.495,0.284,-66.082,0.432,-126.838,0.477,-96.576,0.598,-157.333,0.169,-60.757,0.806,0.285,0.203,0.877,0.489,0.348,-0.281,-0.443,-0.111,-1.009,-1.591,-0.563,0.242,0.204,0.145,-0.524,-1.249,-0.314,-1.006,-2.397,-0.848,-0.766,-1.158,-0.459,-1.248,-1.886,-1.052,-0.482,-0.728,-1.148,-0.159,-0.171,-0.354,-0.587,-0.655,-0.958,0.04,0.074,0.053,0.103,0.17,0.124,-0.472,-0.544,-0.603,0.198,0.418,0.224,0.27,0.495,0.283,0.613,0.962,0.729,0.71,0.967,0.757,0.097,0.072,0.063,-2.163,-3.311,0.308,-0.745,0.41,-0.049,-1.372,-2.101,-0.138,-0.987,0.023,-0.291,0.551,-1.335,-0.39,-2.787,0.789,0.934,1.033,-0.124,0.092,-1.157,1.11,1.314,-1.313,-2.461,1.157,0.105,1.26,0.8,-0.209,-0.772,0.035,-0.077,-0.59,-2.181,1.193,1.54,0.138,-0.304,1.677,2.166,1.824,0.976,1.985,1.671,0.733,0.17,0.977,0.865,2.225,2.428,3.129,3.415,0.447,0.592,-0.042,0.306,-0.246,-0.043
2020-02-20,CTD6,4176009,695829,0.007329493,0.010733564,0.015087714,0.004765564,0.003744613,0.00091260223,0.0009060792,0.00036235654,0.007361514,0.010717573,0.015007759,0.004906905,0.003602021,0.0009466397,0.19415873,-8.000000000000001e-45,2.116,-0.188,43.269,-0.346,70.156,0.212,-73.404,0.324,-130.615,-0.169,26.887,0.385,-116.673,0.483,-173.885,0.52,-143.56,0.602,-200.771,0.12,-57.212,0.653,0.206,0.162,0.753,0.334,0.263,-0.788,-1.107,-0.275,-1.402,-1.971,-0.622,0.197,0.128,0.101,-0.855,-1.76,-0.437,-1.274,-2.624,-0.829,-1.052,-1.541,-0.538,-1.472,-2.155,-0.957,-0.419,-0.614,-0.863,-0.171,-0.181,-0.4,-0.501,-0.536,-0.912,0.099,0.177,0.136,0.139,0.231,0.181,-0.36,-0.393,-0.512,0.266,0.539,0.317,0.312,0.578,0.352,0.571,0.932,0.713,0.628,0.938,0.732,0.057,0.046,0.04,-2.483,-3.346,0.367,-0.59,0.435,-0.103,-1.767,-2.381,0.042,-0.787,0.137,-0.3,0.827,-1.328,0.132,-2.491,1.189,1.29,1.246,-0.295,0.552,-1.209,1.513,1.641,-1.702,-2.565,1.149,0.192,1.216,0.679,0.061,-0.561,0.201,-0.074,0.194,-1.777,1.741,2.004,0.808,-0.3,2.216,2.551,1.615,0.786,1.71,1.273,0.755,0.133,0.895,0.62,2.655,2.817,3.379,3.585,0.301,0.402,-0.067,0.196,-0.195,-0.033,-0.186,42.537,-0.342,69.209,0.2,-67.953,0.343,-141.78,-0.167,26.673,0.372,-110.49,0.497,-184.317,0.507,-137.162,0.613,-210.99,0.153,-73.827,0.638,0.209,0.153,0.742,0.34,0.249,-0.728,-1.02,-0.245,-1.52,-2.128,-0.696,0.196,0.131,0.096,-0.813,-1.658,-0.398,-1.357,-2.766,-0.904,-1.01,-1.47,-0.494,-1.553,-2.261,-1.035,-0.543,-0.791,-1.108,-0.169,-0.18,-0.394,-0.489,-0.534,-0.899,0.095,0.171,0.132,0.146,0.241,0.189,-0.35,-0.391,-0.504,0.26,0.53,0.312,0.318,0.58,0.357,0.559,0.921,0.705,0.631,0.93,0.73,0.072,0.058,0.051,-2.372,-3.48,0.36,-0.675,0.447,-0.047,-1.694,-2.485,0.033,-0.872,0.154,-0.244,0.786,-1.475,0.1,-2.666,1.164,1.26,1.33,-0.14,0.643,-1.015,1.586,1.717,-1.603,-2.711,1.129,0.094,1.216,0.722,0.048,-0.648,0.225,-0.02,0.146,-1.982,1.695,1.944,0.937,-0.083,2.309,2.648,1.581,0.676,1.703,1.305,0.734,0.038,0.911,0.666,2.569,2.722,3.5,3.709,0.33,0.427,-0.031,0.218,-0.162,-0.009
2020-02-20,CTD7,4176724,690397,0.020377202,0.029416006,0.042755224,0.017145721,0.012896278,0.0033811964,0.0033568502,0.0013268699,0.02008098,0.029465241,0.04306452,0.017216422,0.01260664,0.003259881,0.17372963,-8.000000000000001e-45,1.427,-0.182,15.079,-0.354,25.685,0.086,-9.249,0.225,-28.467,-0.185,10.606,0.264,-24.328,0.39,-43.547,0.428,-34.935,0.537,-54.153,0.141,-19.218,0.645,0.259,0.194,0.756,0.44,0.331,-0.272,-0.395,-0.119,-0.837,-1.217,-0.488,0.216,0.182,0.137,-0.496,-1.04,-0.314,-0.887,-1.862,-0.747,-0.712,-1.028,-0.451,-1.103,-1.593,-0.928,-0.392,-0.565,-0.822,-0.151,-0.162,-0.301,-0.481,-0.529,-0.745,0.045,0.076,0.058,0.104,0.161,0.125,-0.355,-0.401,-0.444,0.194,0.369,0.22,0.262,0.44,0.276,0.514,0.77,0.605,0.6,0.796,0.641,0.085,0.067,0.059,-1.801,-2.623,0.292,-0.637,0.391,-0.059,-1.239,-1.804,-0.106,-0.853,0.038,-0.276,0.5,-1.092,-0.265,-2.127,0.75,0.887,0.892,-0.136,0.127,-0.914,0.997,1.179,-1.05,-1.872,1.043,0.114,1.142,0.691,-0.153,-0.641,0.055,-0.064,-0.383,-1.6,1.083,1.414,0.183,-0.213,1.44,1.88,1.515,0.769,1.66,1.346,0.612,0.124,0.821,0.701,1.861,2.055,2.474,2.732,0.403,0.54,-0.05,0.281,-0.232,-0.037,-0.189,15.86,-0.364,26.577,0.077,-8.286,0.229,-29.525,-0.187,10.717,0.262,-24.146,0.401,-45.385,0.429,-34.863,0.547,-56.102,0.155,-21.239,0.683,0.273,0.2,0.783,0.458,0.335,-0.244,-0.357,-0.104,-0.87,-1.271,-0.508,0.215,0.185,0.135,-0.485,-1.04,-0.304,-0.911,-1.954,-0.781,-0.7,-1.027,-0.44,-1.127,-1.653,-0.966,-0.427,-0.626,-0.915,-0.156,-0.169,-0.315,-0.492,-0.546,-0.771,0.039,0.068,0.051,0.103,0.16,0.124,-0.365,-0.416,-0.456,0.194,0.375,0.22,0.267,0.452,0.28,0.522,0.791,0.614,0.615,0.817,0.652,0.093,0.073,0.064,-1.82,-2.735,0.282,-0.684,0.389,-0.051,-1.245,-1.871,-0.118,-0.899,0.038,-0.266,0.482,-1.171,-0.295,-2.25,0.739,0.874,0.909,-0.119,0.131,-0.908,1.009,1.193,-1.034,-1.949,1.068,0.102,1.175,0.735,-0.173,-0.681,0.056,-0.048,-0.433,-1.705,1.084,1.419,0.193,-0.164,1.48,1.937,1.56,0.779,1.717,1.412,0.604,0.096,0.834,0.729,1.874,2.074,2.559,2.832,0.43,0.565,-0.043,0.292,-0.228,-0.028
2020-02-20,CTD8,4174178,693048,0.011252023,0.016048806,0.024527963,0.009080964,0.007982183,0.0021416664,0.002117566,0.0008239786,0.011196674,0.015967747,0.024652187,0.009253151,0.0075366176,0.0021301738,0.37633887,-8.000000000000001e-45,1.61,-0.176,26.563,-0.371,48.103,0.107,-21.248,0.17,-36.406,-0.209,21.54,0.277,-47.811,0.336,-62.969,0.46,-69.351,0.509,-84.509,0.064,-15.159,0.652,0.241,0.212,0.772,0.437,0.384,-0.341,-0.521,-0.17,-0.584,-0.893,-0.331,0.242,0.196,0.172,-0.538,-1.173,-0.382,-0.709,-1.545,-0.572,-0.78,-1.113,-0.554,-0.951,-1.356,-0.767,-0.171,-0.243,-0.372,-0.143,-0.148,-0.281,-0.528,-0.552,-0.778,0.054,0.09,0.067,0.081,0.13,0.097,-0.417,-0.441,-0.497,0.195,0.362,0.214,0.225,0.397,0.24,0.566,0.803,0.643,0.606,0.814,0.658,0.04,0.031,0.027,-2.0,-2.372,0.331,-0.437,0.376,-0.178,-1.309,-1.552,-0.107,-0.679,-0.039,-0.42,0.585,-0.772,-0.289,-1.834,0.742,0.914,0.755,-0.358,-0.119,-1.291,0.844,1.039,-1.275,-1.647,1.056,0.289,1.101,0.547,-0.153,-0.483,-0.055,-0.225,-0.413,-1.306,1.058,1.442,-0.169,-0.69,1.204,1.64,1.614,1.042,1.683,1.301,0.721,0.391,0.819,0.649,1.992,2.204,2.266,2.507,0.31,0.482,-0.144,0.24,-0.339,-0.127,-0.176,26.686,-0.375,48.748,0.095,-18.759,0.195,-43.373,-0.214,22.062,0.266,-45.445,0.359,-70.059,0.454,-67.507,0.532,-92.121,0.102,-24.614,0.658,0.247,0.201,0.778,0.451,0.367,-0.3,-0.462,-0.141,-0.693,-1.069,-0.401,0.247,0.204,0.166,-0.509,-1.12,-0.343,-0.784,-1.727,-0.648,-0.756,-1.078,-0.509,-1.031,-1.471,-0.852,-0.276,-0.393,-0.607,-0.141,-0.148,-0.284,-0.534,-0.572,-0.801,0.048,0.083,0.06,0.09,0.145,0.108,-0.425,-0.464,-0.517,0.187,0.358,0.209,0.235,0.412,0.249,0.567,0.822,0.655,0.63,0.837,0.679,0.063,0.048,0.042,-1.963,-2.57,0.326,-0.527,0.395,-0.113,-1.271,-1.665,-0.125,-0.774,-0.018,-0.36,0.562,-0.909,-0.334,-2.061,0.738,0.904,0.838,-0.24,-0.058,-1.179,0.906,1.11,-1.238,-1.845,1.051,0.198,1.12,0.612,-0.179,-0.58,-0.025,-0.167,-0.476,-1.545,1.053,1.42,-0.083,-0.546,1.292,1.743,1.622,0.974,1.73,1.387,0.717,0.316,0.871,0.729,1.991,2.192,2.445,2.691,0.354,0.521,-0.094,0.274,-0.298,-0.097
2020-02-20,CTD10,4170388,695646,0.008657268,0.013737462,0.022121996,0.006347144,0.0046127047,0.0011213826,0.0011291548,0.0004512749,0.008658209,0.01359175,0.022303607,0.006605484,0.0046953233,0.0011137166,0.21578881,-8.000000000000001e-45,1.171,-0.227,42.716,-0.437,70.306,0.154,-42.041,0.305,-101.283,-0.234,27.59,0.368,-84.758,0.497,-143.999,0.554,-112.347,0.655,-171.589,0.158,-59.241,0.945,0.271,0.197,0.966,0.446,0.324,-0.578,-0.93,-0.194,-1.391,-2.241,-0.643,0.239,0.175,0.127,-0.734,-1.875,-0.391,-1.247,-3.186,-0.914,-0.973,-1.543,-0.518,-1.485,-2.357,-1.089,-0.513,-0.814,-1.311,-0.178,-0.19,-0.464,-0.67,-0.734,-1.229,0.064,0.126,0.086,0.113,0.201,0.142,-0.559,-0.632,-0.765,0.24,0.557,0.276,0.296,0.608,0.321,0.704,1.189,0.86,0.782,1.167,0.872,0.077,0.056,0.048,-2.855,-4.166,0.343,-0.746,0.422,-0.097,-1.773,-2.587,-0.071,-0.985,0.056,-0.335,0.743,-1.614,-0.246,-3.432,1.028,1.155,1.256,-0.288,0.266,-1.609,1.415,1.59,-1.899,-3.209,1.3,0.211,1.378,0.86,-0.112,-0.755,0.088,-0.106,-0.391,-2.632,1.632,1.956,0.423,-0.507,2.245,2.691,2.093,1.179,2.22,1.829,0.877,0.234,1.078,0.884,2.953,3.15,4.063,4.334,0.397,0.525,-0.071,0.254,-0.246,-0.049,-0.222,41.923,-0.441,70.662,0.134,-35.892,0.297,-97.481,-0.243,28.738,0.346,-77.815,0.486,-139.404,0.543,-106.554,0.652,-168.142,0.169,-61.589,0.935,0.277,0.197,0.96,0.467,0.332,-0.488,-0.801,-0.169,-1.325,-2.174,-0.644,0.249,0.19,0.135,-0.674,-1.736,-0.365,-1.207,-3.109,-0.921,-0.923,-1.448,-0.5,-1.456,-2.285,-1.111,-0.533,-0.837,-1.374,-0.171,-0.183,-0.437,-0.676,-0.746,-1.207,0.057,0.112,0.076,0.11,0.196,0.137,-0.571,-0.652,-0.771,0.226,0.523,0.259,0.287,0.583,0.308,0.706,1.176,0.858,0.791,1.154,0.872,0.086,0.062,0.053,-2.74,-4.113,0.341,-0.77,0.427,-0.074,-1.669,-2.507,-0.098,-1.019,0.043,-0.323,0.701,-1.584,-0.33,-3.439,0.965,1.1,1.235,-0.214,0.203,-1.533,1.358,1.548,-1.807,-3.18,1.274,0.163,1.359,0.859,-0.154,-0.797,0.067,-0.101,-0.518,-2.693,1.515,1.847,0.319,-0.482,2.132,2.599,2.09,1.169,2.231,1.865,0.878,0.234,1.099,0.93,2.834,3.031,3.987,4.264,0.417,0.552,-0.056,0.275,-0.246,-0.049
2020-02-20,CTD11,4169609,700351,0.012236365,0.017742293,0.028045211,0.009310926,0.0076010185,0.0019718178,0.001968214,0.00077953364,0.012150021,0.017535632,0.028196653,0.009535456,0.0073606307,0.0019408647,0.2777442,-8.000000000000001e-45,1.441,-0.184,25.361,-0.392,46.067,0.136,-25.677,0.234,-49.838,-0.225,20.706,0.312,-51.038,0.4,-75.199,0.502,-71.744,0.574,-95.905,0.101,-24.161,0.711,0.236,0.193,0.817,0.429,0.35,-0.456,-0.72,-0.195,-0.884,-1.398,-0.464,0.253,0.193,0.157,-0.625,-1.431,-0.388,-0.92,-2.109,-0.7,-0.878,-1.273,-0.545,-1.174,-1.702,-0.893,-0.296,-0.429,-0.678,-0.147,-0.154,-0.326,-0.584,-0.624,-0.935,0.064,0.115,0.082,0.101,0.171,0.124,-0.478,-0.519,-0.609,0.209,0.425,0.237,0.252,0.471,0.271,0.625,0.944,0.739,0.682,0.949,0.756,0.057,0.042,0.037,-2.322,-3.0,0.358,-0.535,0.419,-0.127,-1.469,-1.898,-0.088,-0.789,0.008,-0.38,0.682,-1.02,-0.267,-2.375,0.886,1.043,0.977,-0.296,0.029,-1.402,1.085,1.278,-1.562,-2.24,1.118,0.225,1.179,0.634,-0.128,-0.592,0.011,-0.184,-0.386,-1.784,1.284,1.635,0.042,-0.678,1.573,2.002,1.767,1.067,1.864,1.476,0.82,0.356,0.96,0.764,2.391,2.584,2.929,3.165,0.333,0.49,-0.096,0.254,-0.289,-0.096,-0.181,25.278,-0.398,46.839,0.121,-22.567,0.245,-53.554,-0.233,21.562,0.296,-47.845,0.409,-78.831,0.495,-69.407,0.586,-100.393,0.129,-30.986,0.713,0.241,0.186,0.821,0.447,0.345,-0.396,-0.636,-0.166,-0.939,-1.51,-0.511,0.262,0.206,0.159,-0.581,-1.349,-0.352,-0.958,-2.223,-0.752,-0.843,-1.217,-0.511,-1.22,-1.76,-0.957,-0.376,-0.543,-0.874,-0.143,-0.151,-0.319,-0.593,-0.645,-0.95,0.057,0.105,0.074,0.105,0.177,0.127,-0.492,-0.546,-0.631,0.198,0.41,0.225,0.252,0.469,0.27,0.629,0.956,0.75,0.702,0.961,0.77,0.073,0.054,0.048,-2.264,-3.138,0.355,-0.603,0.432,-0.079,-1.408,-1.951,-0.113,-0.865,0.011,-0.341,0.652,-1.108,-0.334,-2.557,0.854,1.013,1.029,-0.188,0.043,-1.306,1.107,1.312,-1.514,-2.387,1.105,0.148,1.182,0.671,-0.163,-0.674,0.016,-0.15,-0.482,-1.992,1.233,1.578,0.062,-0.575,1.598,2.044,1.777,1.025,1.901,1.549,0.823,0.312,1.002,0.836,2.351,2.537,3.046,3.287,0.365,0.524,-0.062,0.283,-0.268,-0.082
2020-02-20,CTD12,4173438,695414,0.00856566,0.011917855,0.017876944,0.0049355156,0.0042008613,0.0009905184,0.0010126217,0.0003861343,0.008597531,0.011725927,0.01800898,0.005104838,0.003859317,0.0010585104,0.3556239,-8.000000000000001e-45,1.678,-0.164,32.838,-0.352,60.807,0.269,-85.868,0.342,-121.301,-0.2,27.97,0.414,-118.705,0.479,-154.139,0.567,-146.675,0.619,-182.108,0.08,-35.433,0.587,0.162,0.138,0.725,0.3,0.255,-1.023,-1.535,-0.361,-1.446,-2.168,-0.599,0.24,0.138,0.117,-1.017,-2.122,-0.499,-1.32,-2.756,-0.761,-1.256,-1.748,-0.616,-1.56,-2.17,-0.899,-0.304,-0.422,-0.633,-0.147,-0.152,-0.367,-0.552,-0.578,-1.019,0.122,0.225,0.164,0.146,0.259,0.191,-0.441,-0.467,-0.652,0.264,0.547,0.316,0.292,0.572,0.338,0.632,1.014,0.803,0.668,1.013,0.811,0.036,0.028,0.025,-2.903,-3.537,0.443,-0.456,0.484,-0.132,-1.936,-2.358,0.065,-0.696,0.127,-0.372,1.069,-1.101,0.236,-2.52,1.383,1.501,1.372,-0.376,0.539,-1.583,1.625,1.763,-2.231,-2.864,1.115,0.216,1.156,0.54,0.09,-0.508,0.176,-0.184,0.328,-1.841,1.924,2.18,0.75,-0.785,2.261,2.561,1.673,0.912,1.735,1.236,0.924,0.325,1.01,0.649,3.132,3.27,3.679,3.841,0.224,0.341,-0.076,0.179,-0.214,-0.076,-0.154,31.031,-0.354,60.785,0.255,-79.58,0.38,-142.801,-0.211,29.753,0.393,-110.611,0.505,-173.832,0.558,-140.365,0.647,-203.585,0.139,-63.221,0.559,0.158,0.12,0.713,0.31,0.235,-0.933,-1.433,-0.307,-1.674,-2.572,-0.729,0.256,0.152,0.115,-0.951,-1.992,-0.427,-1.495,-3.131,-0.887,-1.207,-1.646,-0.542,-1.75,-2.387,-1.039,-0.544,-0.741,-1.139,-0.135,-0.143,-0.349,-0.559,-0.604,-1.05,0.117,0.224,0.16,0.159,0.282,0.205,-0.459,-0.504,-0.701,0.249,0.532,0.303,0.296,0.574,0.34,0.635,1.036,0.828,0.696,1.033,0.841,0.061,0.047,0.042,-2.795,-3.933,0.45,-0.59,0.519,-0.023,-1.82,-2.561,0.042,-0.845,0.148,-0.279,1.033,-1.354,0.148,-2.982,1.355,1.47,1.577,-0.069,0.692,-1.3,1.792,1.944,-2.164,-3.302,1.08,0.041,1.15,0.608,0.057,-0.672,0.202,-0.105,0.202,-2.369,1.848,2.083,0.944,-0.489,2.445,2.755,1.659,0.772,1.766,1.339,0.942,0.213,1.087,0.78,3.079,3.199,4.073,4.231,0.265,0.379,-0.014,0.221,-0.165,-0.046
2020-03-11,CTD1,4187246,695025,0.016893236,0.024511877,0.03469402,0.012957649,0.009565336,0.0025098734,0.002505155,0.001002779,0.016793927,0.024589766,0.03480756,0.013079867,0.009454949,0.0024217884,0.1673149,-8.000000000000001e-45,0.146,-0.184,18.399,-0.345,30.372,0.132,-17.979,0.277,-45.349,-0.172,11.973,0.308,-36.378,0.439,-63.748,0.456,-48.351,0.568,-75.721,0.151,-27.37,0.638,0.238,0.176,0.744,0.394,0.291,-0.441,-0.624,-0.172,-1.112,-1.573,-0.588,0.202,0.155,0.115,-0.615,-1.262,-0.348,-1.077,-2.212,-0.826,-0.817,-1.185,-0.462,-1.279,-1.856,-0.981,-0.462,-0.671,-0.95,-0.16,-0.172,-0.338,-0.475,-0.522,-0.79,0.066,0.115,0.089,0.124,0.196,0.154,-0.341,-0.385,-0.452,0.224,0.437,0.261,0.29,0.501,0.314,0.525,0.822,0.638,0.607,0.842,0.671,0.082,0.066,0.057,-1.988,-2.938,0.316,-0.665,0.413,-0.049,-1.405,-2.076,-0.042,-0.868,0.097,-0.251,0.597,-1.259,-0.112,-2.323,0.913,1.028,1.06,-0.126,0.351,-0.911,1.237,1.393,-1.227,-2.176,1.078,0.096,1.175,0.713,-0.061,-0.648,0.14,-0.032,-0.162,-1.735,1.325,1.616,0.509,-0.115,1.796,2.189,1.525,0.699,1.663,1.316,0.648,0.061,0.849,0.677,2.111,2.287,2.86,3.098,0.377,0.491,-0.038,0.253,-0.193,-0.017,-0.188,18.878,-0.349,30.816,0.124,-16.908,0.28,-46.219,-0.172,11.938,0.306,-35.786,0.445,-65.097,0.454,-47.724,0.573,-77.035,0.161,-29.311,0.657,0.247,0.178,0.758,0.403,0.291,-0.416,-0.589,-0.16,-1.137,-1.609,-0.605,0.2,0.156,0.113,-0.601,-1.246,-0.338,-1.093,-2.266,-0.851,-0.801,-1.174,-0.451,-1.294,-1.894,-1.008,-0.492,-0.721,-1.02,-0.163,-0.176,-0.346,-0.478,-0.529,-0.799,0.063,0.109,0.084,0.124,0.195,0.153,-0.342,-0.389,-0.453,0.223,0.438,0.26,0.293,0.507,0.316,0.525,0.828,0.638,0.613,0.849,0.673,0.088,0.07,0.061,-1.978,-2.998,0.307,-0.7,0.411,-0.04,-1.397,-2.118,-0.049,-0.901,0.098,-0.24,0.578,-1.317,-0.132,-2.397,0.899,1.012,1.07,-0.104,0.361,-0.885,1.244,1.4,-1.197,-2.217,1.088,0.081,1.193,0.741,-0.072,-0.677,0.143,-0.016,-0.193,-1.801,1.317,1.608,0.528,-0.06,1.822,2.225,1.541,0.689,1.688,1.35,0.637,0.032,0.853,0.693,2.098,2.277,2.903,3.149,0.394,0.507,-0.031,0.26,-0.187,-0.009
2020-03-11,CTD2,4181518,693105,0.016260484,0.023399258,0.03484935,0.014015491,0.010489795,0.0027890292,0.0027968495,0.0011169979,0.016033225,0.023362335,0.035002522,0.0140483305,0.0104913,0.0026406662,0.17236567,-8.000000000000001e-45,0.16,-0.18,18.762,-0.364,32.804,0.074,-9.851,0.216,-33.832,-0.197,14.041,0.251,-28.613,0.381,-52.594,0.426,-42.655,0.537,-66.636,0.144,-23.981,0.654,0.263,0.197,0.768,0.46,0.344,-0.231,-0.343,-0.103,-0.792,-1.179,-0.474,0.228,0.197,0.147,-0.465,-0.997,-0.3,-0.855,-1.833,-0.737,-0.694,-0.998,-0.447,-1.084,-1.559,-0.934,-0.39,-0.561,-0.836,-0.146,-0.157,-0.291,-0.497,-0.549,-0.759,0.039,0.066,0.05,0.099,0.154,0.118,-0.378,-0.428,-0.467,0.184,0.351,0.207,0.253,0.426,0.264,0.525,0.779,0.615,0.614,0.805,0.651,0.089,0.069,0.061,-1.792,-2.627,0.293,-0.641,0.394,-0.054,-1.203,-1.764,-0.132,-0.87,0.018,-0.282,0.489,-1.07,-0.329,-2.162,0.712,0.859,0.879,-0.119,0.061,-0.936,0.951,1.148,-1.047,-1.883,1.037,0.103,1.138,0.691,-0.19,-0.665,0.026,-0.077,-0.474,-1.653,1.024,1.369,0.087,-0.256,1.369,1.828,1.544,0.807,1.695,1.395,0.627,0.153,0.844,0.741,1.841,2.038,2.46,2.723,0.414,0.561,-0.046,0.298,-0.243,-0.046,-0.186,19.567,-0.372,33.801,0.066,-8.812,0.209,-32.947,-0.199,14.235,0.249,-28.379,0.38,-52.513,0.427,-42.613,0.539,-66.748,0.145,-24.134,0.685,0.275,0.205,0.79,0.475,0.355,-0.206,-0.308,-0.092,-0.77,-1.153,-0.463,0.228,0.2,0.149,-0.455,-0.993,-0.298,-0.842,-1.838,-0.738,-0.683,-0.996,-0.447,-1.07,-1.559,-0.938,-0.387,-0.564,-0.845,-0.149,-0.161,-0.299,-0.507,-0.56,-0.773,0.034,0.059,0.044,0.095,0.148,0.113,-0.387,-0.439,-0.474,0.182,0.351,0.205,0.252,0.428,0.262,0.532,0.79,0.619,0.622,0.815,0.655,0.09,0.07,0.061,-1.805,-2.65,0.285,-0.653,0.387,-0.061,-1.205,-1.769,-0.143,-0.881,0.009,-0.289,0.474,-1.086,-0.357,-2.195,0.692,0.842,0.861,-0.135,0.03,-0.963,0.927,1.127,-1.034,-1.879,1.056,0.118,1.157,0.71,-0.209,-0.672,0.013,-0.079,-0.52,-1.673,1.009,1.363,0.044,-0.265,1.351,1.825,1.582,0.844,1.734,1.436,0.622,0.159,0.844,0.751,1.837,2.043,2.46,2.735,0.427,0.576,-0.053,0.302,-0.253,-0.048
2020-03-11,CTD3,4181698,695238,0.00911337,0.013397903,0.021395214,0.0081221815,0.0068145003,0.0017976986,0.0017861427,0.0007216273,0.009111431,0.013294146,0.021456089,0.008244358,0.006525122,0.0017907568,0.2782334,-8.000000000000001e-45,0.989,-0.19,35.09,-0.403,62.989,0.058,-13.391,0.144,-37.017,-0.23,27.899,0.245,-48.481,0.326,-72.107,0.45,-76.38,0.517,-100.006,0.088,-23.626,0.751,0.285,0.239,0.844,0.512,0.429,-0.179,-0.286,-0.091,-0.496,-0.792,-0.301,0.254,0.227,0.19,-0.442,-1.037,-0.33,-0.657,-1.543,-0.586,-0.696,-1.023,-0.52,-0.911,-1.34,-0.812,-0.215,-0.317,-0.505,-0.145,-0.152,-0.287,-0.571,-0.608,-0.822,0.028,0.049,0.035,0.066,0.107,0.078,-0.464,-0.502,-0.535,0.173,0.331,0.187,0.216,0.382,0.223,0.59,0.833,0.657,0.648,0.846,0.678,0.058,0.043,0.038,-1.954,-2.459,0.301,-0.512,0.362,-0.159,-1.224,-1.54,-0.18,-0.766,-0.083,-0.413,0.496,-0.844,-0.475,-2.018,0.613,0.804,0.711,-0.312,-0.26,-1.297,0.731,0.958,-1.164,-1.67,1.091,0.278,1.152,0.631,-0.265,-0.566,-0.122,-0.213,-0.698,-1.49,0.902,1.331,-0.382,-0.668,1.075,1.586,1.741,1.156,1.839,1.509,0.706,0.405,0.849,0.758,1.886,2.126,2.248,2.533,0.383,0.573,-0.142,0.288,-0.368,-0.129,-0.187,34.531,-0.404,63.145,0.05,-11.543,0.165,-43.502,-0.235,28.614,0.234,-46.074,0.342,-78.033,0.445,-74.688,0.534,-106.647,0.116,-31.959,0.741,0.285,0.225,0.839,0.521,0.412,-0.153,-0.248,-0.075,-0.578,-0.933,-0.359,0.261,0.236,0.187,-0.42,-0.989,-0.301,-0.711,-1.674,-0.643,-0.681,-0.993,-0.487,-0.972,-1.418,-0.879,-0.291,-0.425,-0.686,-0.141,-0.149,-0.283,-0.573,-0.623,-0.836,0.025,0.044,0.031,0.074,0.12,0.087,-0.47,-0.522,-0.553,0.165,0.323,0.18,0.221,0.39,0.228,0.59,0.845,0.667,0.666,0.86,0.693,0.077,0.056,0.049,-1.917,-2.603,0.301,-0.578,0.381,-0.106,-1.188,-1.613,-0.195,-0.839,-0.066,-0.367,0.486,-0.932,-0.509,-2.183,0.614,0.801,0.777,-0.216,-0.218,-1.206,0.776,1.012,-1.143,-1.829,1.075,0.196,1.155,0.668,-0.285,-0.644,-0.097,-0.172,-0.742,-1.676,0.896,1.308,-0.317,-0.565,1.133,1.653,1.735,1.091,1.864,1.563,0.709,0.35,0.898,0.822,1.886,2.112,2.383,2.668,0.414,0.601,-0.096,0.316,-0.332,-0.107
2020-03-11,CTD4,4180266,698264,0.012755073,0.01866647,0.027082302,0.0089180535,0.006596969,0.0016542133,0.0016603041,0.0006584475,0.012715198,0.018614795,0.027139708,0.0091398135,0.006490523,0.0016433476,0.18356627,-8.000000000000001e-45,1.804,-0.188,24.828,-0.36,41.476,0.177,-33.732,0.318,-73.185,-0.184,16.648,0.353,-58.56,0.478,-98.013,0.505,-75.208,0.608,-114.66,0.15,-39.453,0.672,0.221,0.164,0.774,0.37,0.274,-0.63,-0.914,-0.223,-1.366,-1.982,-0.653,0.212,0.148,0.11,-0.747,-1.586,-0.386,-1.25,-2.654,-0.874,-0.959,-1.404,-0.496,-1.463,-2.14,-1.023,-0.503,-0.736,-1.068,-0.164,-0.176,-0.381,-0.519,-0.567,-0.923,0.084,0.152,0.114,0.135,0.223,0.171,-0.388,-0.435,-0.542,0.245,0.504,0.289,0.303,0.557,0.335,0.578,0.939,0.719,0.652,0.945,0.743,0.074,0.058,0.051,-2.353,-3.422,0.354,-0.669,0.44,-0.056,-1.622,-2.359,-0.007,-0.881,0.118,-0.269,0.741,-1.399,-0.021,-2.675,1.077,1.187,1.244,-0.16,0.483,-1.103,1.456,1.604,-1.573,-2.642,1.134,0.112,1.22,0.724,-0.01,-0.663,0.172,-0.05,-0.03,-2.012,1.576,1.85,0.706,-0.207,2.13,2.5,1.645,0.771,1.77,1.384,0.752,0.099,0.934,0.711,2.52,2.683,3.406,3.628,0.346,0.456,-0.039,0.234,-0.188,-0.024,-0.188,24.925,-0.362,41.8,0.164,-30.765,0.324,-75.425,-0.186,16.874,0.341,-55.691,0.483,-100.35,0.496,-72.565,0.614,-117.224,0.169,-44.659,0.676,0.228,0.162,0.778,0.382,0.271,-0.573,-0.835,-0.2,-1.404,-2.047,-0.689,0.215,0.154,0.11,-0.708,-1.511,-0.361,-1.276,-2.723,-0.917,-0.923,-1.351,-0.471,-1.491,-2.182,-1.071,-0.568,-0.831,-1.212,-0.163,-0.175,-0.377,-0.52,-0.575,-0.923,0.078,0.142,0.106,0.136,0.224,0.172,-0.39,-0.444,-0.545,0.238,0.493,0.282,0.304,0.555,0.334,0.575,0.937,0.717,0.659,0.945,0.744,0.085,0.066,0.058,-2.286,-3.498,0.346,-0.725,0.444,-0.027,-1.568,-2.399,-0.022,-0.94,0.12,-0.242,0.705,-1.477,-0.067,-2.79,1.043,1.152,1.273,-0.078,0.501,-1.01,1.468,1.622,-1.505,-2.717,1.127,0.056,1.225,0.754,-0.033,-0.722,0.175,-0.024,-0.098,-2.145,1.526,1.798,0.734,-0.101,2.149,2.531,1.643,0.726,1.786,1.424,0.739,0.05,0.948,0.748,2.459,2.621,3.463,3.69,0.37,0.48,-0.019,0.252,-0.174,-0.012
2020-03-11,CTD6,4176009,695829,0.010122627,0.014850165,0.024893679,0.0116899,0.011098385,0.0031157567,0.0030062066,0.0012111759,0.010055718,0.014671093,0.025028374,0.011819246,0.0102242585,0.0031751734,0.4799048,-8.000000000000001e-45,3.703,-0.189,31.449,-0.422,58.618,-0.072,13.245,-0.046,8.685,-0.253,27.168,0.119,-18.205,0.145,-22.764,0.361,-45.373,0.383,-49.932,0.026,-4.559,0.783,0.368,0.349,0.87,0.685,0.651,0.197,0.33,0.147,0.129,0.216,0.102,0.275,0.318,0.302,-0.184,-0.453,-0.202,-0.23,-0.567,-0.266,-0.459,-0.674,-0.504,-0.505,-0.742,-0.584,-0.046,-0.068,-0.113,-0.129,-0.131,-0.207,-0.557,-0.569,-0.648,-0.039,-0.06,-0.044,-0.025,-0.037,-0.027,-0.46,-0.473,-0.441,0.09,0.149,0.088,0.107,0.172,0.103,0.529,0.622,0.509,0.552,0.632,0.52,0.024,0.017,0.015,-1.448,-1.561,0.212,-0.372,0.236,-0.268,-0.864,-0.931,-0.381,-0.647,-0.341,-0.543,0.269,-0.472,-0.81,-1.377,0.119,0.42,0.316,-0.358,-0.764,-1.217,0.125,0.442,-0.662,-0.776,0.997,0.414,1.021,0.518,-0.558,-0.457,-0.5,-0.353,-1.189,-0.973,0.174,0.825,-1.121,-0.791,0.183,0.868,1.672,1.406,1.712,1.51,0.521,0.623,0.58,0.727,1.033,1.382,1.088,1.456,0.407,0.709,-0.309,0.341,-0.627,-0.278,-0.187,31.285,-0.427,59.491,-0.081,14.838,-0.008,1.639,-0.261,28.207,0.108,-16.447,0.179,-29.645,0.358,-44.653,0.42,-57.852,0.072,-13.199,0.783,0.37,0.32,0.873,0.703,0.608,0.218,0.371,0.152,0.024,0.041,0.019,0.284,0.333,0.288,-0.165,-0.412,-0.168,-0.298,-0.742,-0.35,-0.449,-0.655,-0.457,-0.582,-0.849,-0.684,-0.133,-0.194,-0.33,-0.125,-0.131,-0.209,-0.565,-0.601,-0.679,-0.044,-0.071,-0.05,-0.004,-0.006,-0.005,-0.473,-0.511,-0.47,0.081,0.141,0.081,0.127,0.203,0.121,0.534,0.651,0.531,0.599,0.677,0.559,0.065,0.045,0.04,-1.432,-1.763,0.213,-0.471,0.277,-0.18,-0.84,-1.033,-0.404,-0.754,-0.295,-0.463,0.265,-0.584,-0.855,-1.597,0.154,0.442,0.397,-0.258,-0.722,-1.134,0.178,0.511,-0.659,-0.989,0.987,0.303,1.05,0.594,-0.589,-0.57,-0.431,-0.279,-1.248,-1.207,0.225,0.833,-1.054,-0.683,0.26,0.963,1.683,1.333,1.792,1.624,0.531,0.55,0.689,0.841,1.101,1.421,1.273,1.642,0.478,0.767,-0.211,0.397,-0.545,-0.225
2020-03-11,CTD7,4176724,690397,0.012531269,0.020559711,0.035049956,0.014190409,0.010641896,0.0027976772,0.0027597626,0.0011222882,0.012426901,0.020668428,0.03515905,0.014270078,0.010594114,0.0027486065,0.19068068,-8.000000000000001e-45,2.584,-0.243,31.162,-0.473,51.27,-0.062,9.33,0.082,-14.168,-0.261,20.108,0.183,-21.831,0.318,-45.329,0.424,-41.939,0.534,-65.438,0.143,-23.498,1.092,0.442,0.332,1.054,0.728,0.546,0.192,0.327,0.099,-0.291,-0.497,-0.201,0.252,0.285,0.214,-0.274,-0.765,-0.232,-0.568,-1.589,-0.643,-0.526,-0.862,-0.446,-0.82,-1.345,-0.929,-0.294,-0.483,-0.824,-0.163,-0.176,-0.323,-0.648,-0.722,-0.907,-0.03,-0.053,-0.036,0.034,0.054,0.038,-0.542,-0.625,-0.584,0.134,0.275,0.139,0.208,0.371,0.201,0.63,0.9,0.669,0.738,0.913,0.702,0.107,0.075,0.064,-1.86,-2.684,0.205,-0.724,0.306,-0.14,-1.091,-1.574,-0.333,-0.976,-0.16,-0.392,0.296,-1.049,-0.822,-2.411,0.365,0.579,0.591,-0.271,-0.527,-1.292,0.487,0.773,-0.829,-1.653,1.236,0.307,1.337,0.891,-0.546,-0.747,-0.263,-0.163,-1.348,-1.845,0.6,1.145,-0.865,-0.538,0.8,1.527,2.107,1.464,2.279,2.047,0.572,0.371,0.856,0.955,1.621,1.952,2.161,2.603,0.615,0.829,-0.159,0.387,-0.444,-0.113,-0.249,32.088,-0.478,52.028,-0.069,10.394,0.08,-13.921,-0.26,19.941,0.183,-21.694,0.322,-46.009,0.423,-41.635,0.537,-65.95,0.148,-24.315,1.128,0.458,0.34,1.075,0.742,0.551,0.215,0.365,0.11,-0.288,-0.489,-0.199,0.248,0.285,0.211,-0.27,-0.763,-0.23,-0.572,-1.618,-0.657,-0.517,-0.861,-0.441,-0.82,-1.363,-0.941,-0.302,-0.503,-0.855,-0.167,-0.18,-0.331,-0.651,-0.727,-0.914,-0.033,-0.059,-0.04,0.033,0.052,0.037,-0.543,-0.629,-0.583,0.134,0.278,0.14,0.212,0.377,0.204,0.631,0.907,0.668,0.742,0.92,0.703,0.111,0.077,0.066,-1.863,-2.717,0.195,-0.746,0.3,-0.141,-1.095,-1.597,-0.337,-0.994,-0.159,-0.389,0.283,-1.08,-0.83,-2.448,0.358,0.57,0.585,-0.275,-0.528,-1.291,0.483,0.767,-0.801,-1.656,1.257,0.316,1.362,0.921,-0.56,-0.759,-0.265,-0.155,-1.381,-1.87,0.596,1.147,-0.878,-0.513,0.803,1.545,2.139,1.482,2.317,2.087,0.553,0.354,0.849,0.959,1.611,1.951,2.17,2.628,0.636,0.847,-0.162,0.389,-0.447,-0.107
2020-03-11,CTD8,4174178,693048,0.012463223,0.018198648,0.02994922,0.013547814,0.011920607,0.0033887236,0.0033284537,0.001336379,0.012316268,0.018069426,0.030080872,0.013551593,0.011259764,0.0033724508,0.3887508,-8.000000000000001e-45,2.569,-0.187,25.287,-0.412,46.846,-0.042,6.423,0.022,-3.652,-0.244,21.559,0.146,-18.864,0.208,-28.939,0.377,-40.423,0.431,-50.498,0.064,-10.076,0.757,0.343,0.301,0.853,0.635,0.558,0.117,0.192,0.077,-0.066,-0.109,-0.049,0.269,0.292,0.257,-0.235,-0.565,-0.225,-0.361,-0.867,-0.392,-0.504,-0.736,-0.482,-0.629,-0.919,-0.684,-0.126,-0.183,-0.302,-0.132,-0.137,-0.225,-0.551,-0.581,-0.687,-0.023,-0.036,-0.026,0.011,0.017,0.012,-0.452,-0.482,-0.461,0.11,0.191,0.111,0.148,0.241,0.144,0.535,0.673,0.545,0.588,0.693,0.568,0.053,0.038,0.034,-1.526,-1.828,0.232,-0.452,0.287,-0.195,-0.927,-1.111,-0.328,-0.72,-0.239,-0.464,0.312,-0.607,-0.726,-1.592,0.265,0.522,0.438,-0.298,-0.6,-1.165,0.301,0.593,-0.75,-1.052,1.008,0.324,1.062,0.58,-0.479,-0.529,-0.349,-0.272,-1.06,-1.169,0.387,0.945,-0.876,-0.684,0.44,1.074,1.659,1.267,1.748,1.523,0.559,0.509,0.689,0.766,1.254,1.556,1.425,1.768,0.432,0.689,-0.212,0.346,-0.504,-0.203,-0.189,25.851,-0.419,47.95,-0.048,7.401,0.045,-7.618,-0.249,22.098,0.143,-18.45,0.232,-33.47,0.379,-40.548,0.455,-55.568,0.092,-15.02,0.778,0.35,0.291,0.866,0.65,0.54,0.134,0.223,0.083,-0.138,-0.229,-0.103,0.272,0.299,0.249,-0.227,-0.555,-0.208,-0.412,-1.007,-0.454,-0.499,-0.733,-0.457,-0.684,-1.004,-0.753,-0.185,-0.271,-0.452,-0.132,-0.139,-0.232,-0.562,-0.606,-0.716,-0.026,-0.042,-0.03,0.022,0.033,0.024,-0.464,-0.509,-0.484,0.107,0.192,0.109,0.161,0.263,0.156,0.544,0.701,0.564,0.619,0.728,0.595,0.075,0.054,0.048,-1.538,-1.99,0.231,-0.522,0.307,-0.149,-0.924,-1.195,-0.341,-0.794,-0.214,-0.421,0.308,-0.696,-0.756,-1.763,0.286,0.535,0.493,-0.24,-0.571,-1.126,0.344,0.643,-0.753,-1.204,1.017,0.264,1.093,0.636,-0.5,-0.603,-0.314,-0.23,-1.109,-1.338,0.419,0.959,-0.838,-0.615,0.504,1.154,1.692,1.239,1.819,1.611,0.564,0.461,0.751,0.834,1.306,1.597,1.571,1.922,0.477,0.726,-0.164,0.376,-0.464,-0.173
2020-03-11,CTD10,4170388,695646,0.009326151,0.01453655,0.02365529,0.009263779,0.0075305635,0.0019607372,0.0019349841,0.000774877,0.009314221,0.014495679,0.023738926,0.009391908,0.0071230726,0.0019930592,0.24250671,-8.000000000000001e-45,0.566,-0.218,38.433,-0.434,64.952,0.003,-0.722,0.107,-25.567,-0.239,26.518,0.222,-39.155,0.317,-64.0,0.437,-65.673,0.517,-90.518,0.103,-24.845,0.909,0.356,0.289,0.944,0.602,0.489,-0.01,-0.017,-0.005,-0.372,-0.605,-0.237,0.247,0.246,0.2,-0.365,-0.926,-0.295,-0.597,-1.514,-0.593,-0.612,-0.955,-0.495,-0.844,-1.316,-0.839,-0.232,-0.361,-0.588,-0.158,-0.167,-0.31,-0.602,-0.649,-0.853,0.002,0.003,0.002,0.047,0.075,0.055,-0.491,-0.541,-0.543,0.16,0.313,0.169,0.212,0.377,0.213,0.603,0.854,0.652,0.676,0.867,0.678,0.073,0.053,0.045,-1.912,-2.5,0.25,-0.589,0.323,-0.171,-1.175,-1.536,-0.243,-0.836,-0.124,-0.419,0.392,-0.924,-0.621,-2.135,0.489,0.688,0.624,-0.331,-0.389,-1.315,0.601,0.847,-0.995,-1.583,1.167,0.329,1.24,0.746,-0.379,-0.616,-0.193,-0.198,-0.967,-1.572,0.762,1.251,-0.606,-0.623,0.937,1.539,1.899,1.306,2.018,1.724,0.634,0.397,0.82,0.814,1.746,2.035,2.148,2.504,0.475,0.675,-0.17,0.319,-0.416,-0.126,-0.218,38.377,-0.436,65.238,-0.004,0.888,0.133,-33.026,-0.242,26.861,0.214,-37.489,0.341,-71.403,0.433,-64.35,0.538,-98.264,0.137,-33.914,0.911,0.36,0.273,0.946,0.613,0.465,0.013,0.021,0.006,-0.479,-0.784,-0.31,0.25,0.252,0.191,-0.349,-0.89,-0.267,-0.665,-1.695,-0.671,-0.599,-0.933,-0.458,-0.915,-1.424,-0.923,-0.316,-0.492,-0.805,-0.156,-0.168,-0.314,-0.604,-0.667,-0.873,-0.002,-0.004,-0.003,0.057,0.092,0.066,-0.494,-0.562,-0.56,0.154,0.31,0.165,0.223,0.394,0.223,0.603,0.873,0.664,0.698,0.888,0.696,0.095,0.069,0.059,-1.885,-2.69,0.247,-0.676,0.342,-0.116,-1.151,-1.643,-0.256,-0.926,-0.099,-0.366,0.381,-1.043,-0.646,-2.341,0.5,0.692,0.697,-0.236,-0.33,-1.22,0.66,0.912,-0.971,-1.776,1.161,0.238,1.256,0.798,-0.398,-0.708,-0.154,-0.148,-1.005,-1.789,0.779,1.243,-0.514,-0.493,1.027,1.639,1.901,1.23,2.057,1.79,0.629,0.319,0.873,0.879,1.763,2.036,2.324,2.685,0.517,0.708,-0.117,0.348,-0.369,-0.096
2020-03-11,CTD11,4169609,700351,0.011010718,0.01741479,0.02916251,0.012538746,0.009494834,0.0024933585,0.0024918718,0.0010070264,0.010931491,0.017363451,0.029259484,0.012570771,0.009301772,0.0024619063,0.24641848,-8.000000000000001e-45,0.869,-0.225,33.398,-0.452,56.53,-0.065,11.068,0.074,-14.5,-0.252,23.132,0.163,-22.33,0.294,-47.898,0.399,-45.462,0.509,-71.03,0.138,-25.568,0.974,0.419,0.317,0.984,0.709,0.537,0.193,0.323,0.105,-0.253,-0.423,-0.182,0.255,0.29,0.22,-0.246,-0.651,-0.212,-0.527,-1.397,-0.601,-0.501,-0.792,-0.432,-0.782,-1.237,-0.891,-0.282,-0.445,-0.746,-0.154,-0.166,-0.291,-0.606,-0.675,-0.824,-0.033,-0.057,-0.04,0.033,0.051,0.036,-0.499,-0.573,-0.533,0.121,0.238,0.126,0.197,0.336,0.19,0.585,0.811,0.618,0.692,0.835,0.657,0.107,0.076,0.065,-1.694,-2.439,0.202,-0.688,0.307,-0.125,-1.011,-1.457,-0.342,-0.943,-0.168,-0.38,0.281,-0.956,-0.796,-2.193,0.333,0.553,0.562,-0.229,-0.515,-1.166,0.44,0.73,-0.744,-1.49,1.152,0.261,1.256,0.824,-0.542,-0.723,-0.265,-0.16,-1.26,-1.683,0.527,1.063,-0.814,-0.492,0.695,1.404,1.929,1.328,2.103,1.891,0.536,0.354,0.812,0.917,1.463,1.781,1.933,2.351,0.594,0.813,-0.142,0.394,-0.432,-0.115,-0.227,33.887,-0.456,57.302,-0.07,11.929,0.081,-16.028,-0.255,23.415,0.16,-21.957,0.302,-49.914,0.399,-45.373,0.518,-73.329,0.149,-27.957,0.992,0.426,0.315,0.995,0.72,0.533,0.207,0.349,0.111,-0.278,-0.469,-0.201,0.256,0.294,0.218,-0.24,-0.642,-0.204,-0.546,-1.46,-0.627,-0.496,-0.788,-0.422,-0.802,-1.273,-0.922,-0.306,-0.485,-0.818,-0.154,-0.167,-0.294,-0.612,-0.687,-0.838,-0.035,-0.061,-0.043,0.035,0.054,0.039,-0.506,-0.588,-0.544,0.119,0.237,0.124,0.201,0.343,0.193,0.59,0.825,0.626,0.705,0.849,0.667,0.116,0.081,0.07,-1.698,-2.516,0.2,-0.722,0.312,-0.11,-1.008,-1.493,-0.35,-0.978,-0.162,-0.366,0.276,-0.997,-0.816,-2.276,0.334,0.552,0.582,-0.206,-0.51,-1.152,0.451,0.746,-0.739,-1.557,1.159,0.237,1.27,0.848,-0.557,-0.758,-0.257,-0.147,-1.295,-1.764,0.53,1.063,-0.81,-0.461,0.717,1.437,1.953,1.325,2.141,1.937,0.535,0.334,0.834,0.945,1.477,1.792,1.996,2.422,0.614,0.832,-0.127,0.406,-0.421,-0.106
2020-03-11,CTD12,4173438,695414,0.0068858718,0.010587507,0.01710554,0.004336828,0.0034871509,0.00078907184,0.0008035165,0.0003063582,0.006903885,0.010435259,0.017248383,0.004516896,0.0032557785,0.0008370862,0.2876795,-8.000000000000001e-45,2.839,-0.212,50.774,-0.426,86.764,0.227,-85.358,0.328,-141.542,-0.235,35.99,0.419,-136.132,0.504,-192.316,0.595,-172.123,0.661,-228.306,0.109,-56.184,0.869,0.22,0.177,0.919,0.376,0.303,-0.904,-1.46,-0.298,-1.499,-2.421,-0.614,0.248,0.156,0.126,-0.937,-2.329,-0.475,-1.324,-3.29,-0.834,-1.185,-1.822,-0.6,-1.572,-2.417,-0.99,-0.387,-0.595,-0.961,-0.173,-0.18,-0.473,-0.685,-0.726,-1.306,0.092,0.181,0.124,0.123,0.228,0.159,-0.581,-0.628,-0.833,0.261,0.603,0.304,0.296,0.633,0.331,0.731,1.231,0.907,0.779,1.213,0.912,0.049,0.035,0.031,-3.294,-4.255,0.397,-0.593,0.447,-0.154,-2.039,-2.634,-0.007,-0.841,0.073,-0.402,0.969,-1.448,-0.028,-3.318,1.258,1.384,1.356,-0.467,0.359,-1.97,1.565,1.721,-2.407,-3.368,1.284,0.294,1.334,0.733,-0.011,-0.625,0.113,-0.185,-0.043,-2.464,1.935,2.237,0.552,-0.908,2.406,2.783,2.075,1.24,2.155,1.68,0.986,0.372,1.109,0.812,3.438,3.615,4.275,4.496,0.3,0.426,-0.097,0.206,-0.253,-0.076,-0.204,49.017,-0.428,86.87,0.209,-76.545,0.359,-162.3,-0.246,37.853,0.396,-125.562,0.524,-211.317,0.585,-163.415,0.682,-249.17,0.162,-85.755,0.845,0.221,0.16,0.907,0.392,0.283,-0.799,-1.32,-0.249,-1.694,-2.799,-0.733,0.261,0.171,0.123,-0.867,-2.166,-0.409,-1.459,-3.645,-0.954,-1.128,-1.705,-0.532,-1.72,-2.6,-1.125,-0.592,-0.895,-1.479,-0.162,-0.172,-0.454,-0.692,-0.756,-1.331,0.086,0.174,0.116,0.132,0.244,0.168,-0.597,-0.671,-0.877,0.245,0.583,0.289,0.297,0.629,0.33,0.734,1.253,0.93,0.807,1.225,0.936,0.073,0.052,0.046,-3.157,-4.636,0.4,-0.726,0.473,-0.059,-1.91,-2.805,-0.033,-0.987,0.088,-0.321,0.923,-1.677,-0.124,-3.769,1.216,1.34,1.516,-0.19,0.468,-1.698,1.688,1.859,-2.307,-3.786,1.25,0.124,1.323,0.791,-0.049,-0.782,0.133,-0.116,-0.188,-2.988,1.839,2.122,0.707,-0.613,2.551,2.943,2.066,1.111,2.186,1.778,0.999,0.266,1.181,0.932,3.347,3.507,4.644,4.865,0.342,0.465,-0.039,0.244,-0.21,-0.05
2020-12-21,CTD1,4187246,695025,0.020048844,0.02426767,0.033291213,0.01206272,0.012522308,0.0034726579,0.0033583518,0.001298144,0.019512527,0.02396822,0.033853963,0.01204726,0.010721985,0.0035408766,0.7099898,-8.000000000000001e-45,0.512,-0.095,8.671,-0.248,19.84,0.249,-33.022,0.231,-29.979,-0.157,11.169,0.336,-41.693,0.319,-38.65,0.468,-52.862,0.453,-49.82,-0.019,3.043,0.289,0.105,0.109,0.481,0.239,0.248,-0.801,-1.099,-0.414,-0.728,-0.998,-0.362,0.224,0.135,0.14,-0.836,-1.388,-0.522,-0.775,-1.287,-0.466,-1.06,-1.283,-0.662,-0.999,-1.209,-0.601,0.061,0.074,0.101,-0.093,-0.092,-0.172,-0.364,-0.36,-0.539,0.139,0.217,0.174,0.131,0.207,0.166,-0.281,-0.277,-0.367,0.229,0.375,0.266,0.22,0.366,0.259,0.479,0.652,0.577,0.469,0.647,0.572,-0.01,-0.009,-0.008,-1.934,-1.832,0.464,-0.137,0.45,-0.212,-1.41,-1.336,0.105,-0.361,0.086,-0.436,0.933,-0.276,0.29,-0.997,1.146,1.286,0.872,-0.411,0.229,-1.159,1.104,1.239,-1.549,-1.448,0.848,0.247,0.834,0.172,0.127,-0.234,0.104,-0.309,0.351,-0.647,1.387,1.636,0.277,-0.822,1.336,1.576,1.163,0.697,1.144,0.622,0.77,0.409,0.747,0.334,2.135,2.244,2.057,2.161,0.086,0.226,-0.128,0.121,-0.262,-0.154,-0.102,9.527,-0.269,21.71,0.237,-31.757,0.291,-42.017,-0.171,12.183,0.331,-41.285,0.382,-51.544,0.475,-53.468,0.519,-63.728,0.058,-10.26,0.323,0.115,0.102,0.52,0.262,0.233,-0.761,-1.075,-0.341,-1.007,-1.422,-0.506,0.238,0.147,0.131,-0.806,-1.398,-0.443,-1.006,-1.745,-0.621,-1.043,-1.282,-0.573,-1.243,-1.527,-0.768,-0.2,-0.246,-0.347,-0.097,-0.1,-0.196,-0.398,-0.413,-0.63,0.129,0.215,0.167,0.152,0.244,0.192,-0.313,-0.327,-0.434,0.223,0.394,0.267,0.248,0.42,0.289,0.502,0.721,0.629,0.532,0.733,0.642,0.03,0.025,0.023,-1.996,-2.343,0.458,-0.31,0.497,-0.076,-1.413,-1.659,0.074,-0.547,0.129,-0.314,0.912,-0.616,0.207,-1.538,1.172,1.303,1.112,-0.17,0.407,-0.99,1.317,1.464,-1.582,-1.929,0.872,0.105,0.912,0.338,0.091,-0.416,0.158,-0.182,0.255,-1.168,1.44,1.673,0.5,-0.575,1.618,1.88,1.232,0.611,1.288,0.845,0.795,0.289,0.863,0.522,2.261,2.363,2.54,2.655,0.17,0.301,-0.047,0.186,-0.194,-0.091
2020-12-21,CTD2,4181518,693105,0.0083274525,0.011970105,0.012576038,0.0021641597,0.0015677589,0.00037479805,0.00036956134,0.00014635053,0.008316585,0.011916281,0.012672081,0.002141952,0.0015045338,0.00039284956,0.07675496,-8.000000000000001e-45,0.513,-0.179,36.543,-0.203,40.568,0.587,-341.988,0.683,-517.768,-0.025,4.025,0.694,-378.532,0.768,-554.312,0.706,-382.557,0.778,-558.337,0.16,-175.78,0.46,0.079,0.057,0.486,0.088,0.064,-4.094,-4.301,-0.536,-6.198,-6.511,-1.121,0.034,0.009,0.006,-3.152,-4.76,-0.593,-4.616,-6.971,-1.2,-3.186,-4.579,-0.6,-4.65,-6.683,-1.208,-1.464,-2.104,-2.211,-0.247,-0.258,-0.976,-0.301,-0.314,-1.138,0.251,0.455,0.436,0.275,0.478,0.459,-0.058,-0.061,-0.162,0.469,0.991,0.693,0.498,0.991,0.706,0.513,1.052,0.769,0.542,1.049,0.779,0.029,0.029,0.024,-5.115,-7.326,0.524,-0.685,0.571,-0.029,-4.869,-6.973,0.481,-0.718,0.531,-0.062,2.896,-3.787,2.797,-4.174,3.717,3.723,4.36,-0.219,4.261,-0.499,5.131,5.14,-4.374,-6.584,1.265,0.057,1.313,0.713,0.692,-0.429,0.764,0.227,4.021,-2.491,5.343,5.406,6.125,1.824,7.375,7.463,1.329,0.13,1.379,0.786,0.791,-0.33,0.862,0.326,5.623,5.68,7.762,7.841,0.129,0.135,-0.007,0.056,-0.016,0.041,-0.178,36.323,-0.208,41.328,0.59,-346.622,0.694,-544.416,-0.031,5.005,0.695,-382.945,0.776,-580.739,0.711,-387.95,0.788,-585.744,0.175,-197.794,0.46,0.078,0.055,0.492,0.089,0.062,-4.13,-4.392,-0.522,-6.487,-6.899,-1.166,0.042,0.011,0.008,-3.185,-4.853,-0.576,-4.83,-7.359,-1.244,-3.226,-4.623,-0.584,-4.871,-6.98,-1.255,-1.645,-2.357,-2.506,-0.243,-0.254,-0.987,-0.31,-0.325,-1.194,0.251,0.46,0.436,0.277,0.485,0.46,-0.072,-0.077,-0.207,0.466,0.995,0.689,0.496,0.996,0.703,0.52,1.072,0.785,0.552,1.068,0.794,0.032,0.03,0.026,-5.218,-7.725,0.529,-0.726,0.579,-0.004,-4.907,-7.264,0.477,-0.767,0.53,-0.046,2.942,-4.038,2.819,-4.54,3.756,3.764,4.587,-0.036,4.464,-0.388,5.348,5.359,-4.483,-6.99,1.264,0.009,1.314,0.73,0.683,-0.483,0.759,0.238,4.04,-2.859,5.382,5.445,6.397,2.004,7.663,7.751,1.344,0.1,1.397,0.821,0.806,-0.36,0.883,0.361,5.735,5.79,8.165,8.243,0.131,0.139,-0.001,0.061,-0.012,0.043
2020-12-21,CTD3,4181698,695238,0.012794223,0.016669862,0.017111214,0.0032006747,0.0021842627,0.0004975211,0.00048529095,0.00018857929,0.01285253,0.016696366,0.017001225,0.003394038,0.002132573,0.0004901686,0.08818906,-8.000000000000001e-45,0.557,-0.132,18.172,-0.144,19.719,0.6,-234.274,0.708,-379.66,-0.013,1.547,0.678,-252.446,0.768,-397.832,0.685,-253.993,0.774,-399.379,0.189,-145.386,0.311,0.058,0.04,0.329,0.063,0.043,-3.905,-4.009,-0.512,-6.329,-6.496,-1.215,0.02,0.005,0.003,-3.23,-4.32,-0.551,-5.09,-6.807,-1.273,-3.25,-4.234,-0.555,-5.11,-6.658,-1.278,-1.86,-2.424,-2.488,-0.191,-0.201,-0.72,-0.217,-0.229,-0.802,0.284,0.509,0.497,0.314,0.534,0.522,-0.028,-0.029,-0.082,0.45,0.899,0.698,0.484,0.906,0.713,0.472,0.929,0.738,0.507,0.933,0.751,0.034,0.034,0.03,-4.579,-7.066,0.58,-0.698,0.64,0.085,-4.461,-6.884,0.556,-0.718,0.617,0.065,3.023,-3.634,2.971,-3.837,3.866,3.87,4.883,0.649,4.831,0.511,5.665,5.67,-4.043,-6.531,1.116,-0.162,1.175,0.62,0.724,-0.491,0.803,0.292,3.871,-2.626,5.038,5.081,6.294,2.286,7.382,7.445,1.145,-0.128,1.206,0.655,0.776,-0.439,0.856,0.344,5.175,5.215,7.584,7.642,0.119,0.123,0.021,0.064,0.016,0.056,-0.13,17.912,-0.139,18.986,0.582,-216.829,0.715,-391.111,-0.009,1.074,0.662,-234.741,0.773,-409.024,0.667,-235.815,0.777,-410.098,0.228,-174.283,0.305,0.061,0.038,0.317,0.064,0.04,-3.62,-3.686,-0.462,-6.53,-6.649,-1.327,0.014,0.004,0.002,-3.017,-3.991,-0.501,-5.257,-6.954,-1.388,-3.031,-3.937,-0.503,-5.271,-6.847,-1.392,-2.24,-2.91,-2.963,-0.188,-0.201,-0.696,-0.207,-0.22,-0.751,0.281,0.502,0.494,0.318,0.534,0.526,-0.019,-0.02,-0.055,0.446,0.888,0.695,0.488,0.896,0.714,0.46,0.908,0.723,0.503,0.915,0.74,0.043,0.042,0.037,-4.239,-7.202,0.57,-0.822,0.644,0.141,-4.163,-7.073,0.553,-0.836,0.628,0.128,2.805,-4.042,2.769,-4.185,3.659,3.661,5.045,1.107,5.009,1.018,5.823,5.827,-3.71,-6.673,1.099,-0.292,1.174,0.671,0.718,-0.609,0.816,0.354,3.597,-3.053,4.753,4.794,6.506,2.82,7.565,7.63,1.12,-0.269,1.195,0.694,0.754,-0.573,0.852,0.39,4.843,4.881,7.708,7.769,0.136,0.139,0.037,0.078,0.034,0.072
2020-12-21,CTD4,4180266,698264,0.015544664,0.020284222,0.026417064,0.0056430288,0.004074798,0.0010097678,0.0009854841,0.00037758698,0.015470599,0.020076318,0.026650824,0.005722702,0.0039523127,0.0010377583,0.19544886,-8.000000000000001e-45,0.607,-0.132,15.031,-0.259,26.476,0.467,-112.879,0.585,-181.08,-0.131,11.445,0.565,-127.91,0.665,-196.112,0.648,-139.355,0.733,-207.557,0.161,-68.201,0.397,0.085,0.061,0.537,0.149,0.108,-2.29,-2.982,-0.46,-3.673,-4.784,-1.022,0.178,0.065,0.047,-1.988,-3.379,-0.521,-3.048,-5.181,-1.107,-2.166,-2.827,-0.568,-3.226,-4.21,-1.171,-1.06,-1.383,-1.802,-0.148,-0.155,-0.488,-0.419,-0.446,-1.119,0.212,0.406,0.325,0.246,0.442,0.358,-0.289,-0.313,-0.631,0.349,0.746,0.48,0.386,0.765,0.506,0.58,1.059,0.853,0.624,1.054,0.862,0.044,0.037,0.034,-3.915,-5.717,0.553,-0.619,0.612,0.044,-3.006,-4.39,0.31,-0.796,0.388,-0.134,1.987,-2.223,1.452,-3.728,2.554,2.6,3.047,0.22,2.512,-0.867,3.537,3.601,-3.376,-5.178,1.091,-0.08,1.151,0.583,0.405,-0.617,0.506,0.046,1.895,-2.888,3.332,3.44,3.279,0.297,4.615,4.764,1.421,0.315,1.499,0.977,0.939,-0.083,1.04,0.58,4.419,4.48,6.12,6.205,0.162,0.209,0.016,0.124,-0.049,0.013,-0.13,14.829,-0.265,27.116,0.46,-110.104,0.593,-188.378,-0.141,12.288,0.556,-124.933,0.671,-203.206,0.646,-137.22,0.742,-215.494,0.183,-78.274,0.395,0.085,0.059,0.544,0.155,0.107,-2.21,-2.934,-0.435,-3.782,-5.02,-1.078,0.19,0.07,0.049,-1.933,-3.33,-0.494,-3.144,-5.416,-1.163,-2.123,-2.755,-0.542,-3.334,-4.326,-1.233,-1.211,-1.571,-2.086,-0.142,-0.15,-0.476,-0.433,-0.465,-1.156,0.209,0.406,0.319,0.247,0.446,0.356,-0.31,-0.338,-0.68,0.341,0.739,0.469,0.383,0.761,0.498,0.589,1.077,0.871,0.639,1.071,0.88,0.05,0.042,0.038,-3.886,-5.973,0.556,-0.677,0.622,0.08,-2.928,-4.499,0.295,-0.867,0.384,-0.11,1.95,-2.376,1.376,-4.04,2.507,2.555,3.161,0.406,2.587,-0.743,3.629,3.7,-3.359,-5.445,1.083,-0.15,1.149,0.607,0.383,-0.695,0.498,0.063,1.786,-3.235,3.253,3.36,3.357,0.423,4.71,4.865,1.438,0.275,1.526,1.032,0.958,-0.12,1.072,0.637,4.402,4.46,6.373,6.458,0.173,0.222,0.03,0.137,-0.041,0.018
2020-12-21,CTD6,4176009,695829,0.011051802,0.015450874,0.016232764,0.002959592,0.0018979562,0.0004917139,0.0004888686,0.00019120533,0.011081988,0.015502796,0.016199943,0.0029714513,0.0019794235,0.000493329,0.108093545,-8.000000000000001e-45,0.76,-0.166,25.762,-0.19,28.879,0.578,-247.401,0.707,-436.4,-0.025,3.117,0.678,-273.163,0.781,-462.161,0.692,-276.281,0.791,-465.279,0.219,-188.998,0.418,0.076,0.049,0.446,0.085,0.055,-3.823,-4.016,-0.47,-6.743,-7.084,-1.292,0.034,0.009,0.006,-3.019,-4.434,-0.518,-5.108,-7.502,-1.368,-3.053,-4.269,-0.524,-5.142,-7.189,-1.377,-2.089,-2.92,-3.068,-0.229,-0.243,-0.906,-0.281,-0.299,-1.067,0.255,0.466,0.446,0.289,0.497,0.477,-0.056,-0.06,-0.161,0.458,0.965,0.689,0.497,0.967,0.706,0.501,1.025,0.765,0.541,1.023,0.779,0.04,0.039,0.034,-4.77,-7.837,0.533,-0.844,0.598,0.074,-4.54,-7.46,0.489,-0.879,0.558,0.04,2.782,-4.407,2.684,-4.819,3.611,3.617,4.871,0.602,4.772,0.338,5.631,5.641,-4.087,-7.155,1.216,-0.161,1.281,0.757,0.684,-0.608,0.78,0.311,3.752,-3.332,5.049,5.104,6.672,2.656,7.873,7.958,1.277,-0.091,1.346,0.827,0.783,-0.509,0.879,0.409,5.313,5.362,8.285,8.361,0.145,0.151,0.02,0.075,0.011,0.059,-0.166,25.732,-0.188,28.508,0.577,-246.299,0.697,-414.961,-0.022,2.776,0.678,-272.031,0.774,-440.693,0.69,-274.807,0.782,-443.469,0.2,-168.662,0.417,0.076,0.051,0.442,0.085,0.056,-3.818,-3.99,-0.488,-6.433,-6.722,-1.233,0.031,0.008,0.005,-3.015,-4.407,-0.538,-4.884,-7.139,-1.309,-3.045,-4.26,-0.544,-4.915,-6.875,-1.318,-1.869,-2.615,-2.732,-0.231,-0.243,-0.893,-0.277,-0.293,-1.034,0.256,0.464,0.446,0.287,0.493,0.475,-0.05,-0.053,-0.141,0.459,0.959,0.689,0.496,0.962,0.705,0.498,1.013,0.757,0.535,1.012,0.77,0.037,0.036,0.031,-4.737,-7.469,0.531,-0.786,0.593,0.049,-4.533,-7.148,0.492,-0.817,0.556,0.018,2.773,-4.102,2.685,-4.455,3.602,3.607,4.642,0.381,4.554,0.147,5.407,5.415,-4.053,-6.785,1.215,-0.102,1.277,0.733,0.689,-0.544,0.778,0.291,3.755,-2.967,5.039,5.095,6.37,2.38,7.564,7.649,1.27,-0.039,1.334,0.796,0.777,-0.456,0.866,0.379,5.273,5.324,7.916,7.993,0.14,0.146,0.013,0.069,0.005,0.056
2020-12-21,CTD7,4176724,690397,0.010565701,0.015103939,0.01754214,0.002800388,0.0019226517,0.00046615308,0.00045846557,0.00017555321,0.010578505,0.01502687,0.017610993,0.002825749,0.001900426,0.00048294157,0.14622769,-8.000000000000001e-45,0.481,-0.177,28.438,-0.248,37.64,0.581,-262.448,0.692,-425.469,-0.075,9.202,0.687,-290.885,0.774,-453.907,0.725,-300.088,0.802,-463.109,0.186,-163.022,0.499,0.08,0.055,0.569,0.105,0.072,-3.964,-4.604,-0.505,-6.426,-7.464,-1.191,0.097,0.026,0.018,-3.073,-5.103,-0.559,-4.796,-7.963,-1.271,-3.171,-4.533,-0.577,-4.893,-6.995,-1.297,-1.722,-2.462,-2.86,-0.223,-0.233,-0.961,-0.39,-0.41,-1.477,0.238,0.456,0.399,0.265,0.483,0.425,-0.182,-0.195,-0.516,0.438,0.985,0.632,0.469,0.986,0.648,0.574,1.18,0.866,0.608,1.169,0.872,0.034,0.031,0.027,-5.565,-8.424,0.54,-0.757,0.59,0.013,-4.791,-7.253,0.417,-0.854,0.475,-0.084,2.912,-4.083,2.612,-5.351,3.646,3.663,4.634,0.102,4.334,-0.769,5.31,5.336,-4.835,-7.694,1.27,-0.027,1.32,0.743,0.596,-0.596,0.679,0.174,3.733,-3.73,5.212,5.284,6.195,1.592,7.591,7.696,1.475,0.204,1.533,0.974,0.896,-0.295,0.979,0.475,6.082,6.137,8.859,8.939,0.138,0.155,0.003,0.076,-0.022,0.032,-0.174,27.984,-0.249,37.749,0.578,-259.357,0.695,-431.666,-0.079,9.765,0.683,-287.341,0.775,-459.65,0.723,-297.106,0.805,-469.415,0.196,-172.309,0.493,0.079,0.053,0.567,0.107,0.072,-3.897,-4.568,-0.493,-6.487,-7.602,-1.22,0.103,0.028,0.019,-3.04,-5.06,-0.546,-4.862,-8.095,-1.299,-3.143,-4.465,-0.565,-4.966,-7.054,-1.326,-1.823,-2.589,-3.035,-0.218,-0.228,-0.941,-0.394,-0.415,-1.488,0.238,0.458,0.397,0.266,0.486,0.425,-0.193,-0.207,-0.547,0.433,0.978,0.625,0.466,0.979,0.642,0.577,1.185,0.873,0.614,1.172,0.88,0.036,0.033,0.028,-5.528,-8.563,0.544,-0.783,0.596,0.031,-4.717,-7.306,0.413,-0.886,0.474,-0.072,2.89,-4.163,2.572,-5.523,3.617,3.636,4.713,0.249,4.394,-0.666,5.378,5.406,-4.812,-7.846,1.26,-0.066,1.313,0.748,0.586,-0.634,0.674,0.181,3.653,-3.949,5.138,5.21,6.242,1.675,7.64,7.747,1.477,0.178,1.538,0.992,0.905,-0.315,0.992,0.499,6.053,6.106,9.0,9.079,0.141,0.159,0.008,0.08,-0.019,0.034
2020-12-21,CTD8,4174178,693048,0.01799757,0.019492019,0.024175292,0.009143687,0.007734956,0.00225694,0.002158895,0.00084369053,0.017666057,0.019599633,0.024103815,0.0090158945,0.0074430127,0.002202589,0.49502486,-8.000000000000001e-45,0.665,-0.04,4.26,-0.146,14.199,0.326,-53.802,0.399,-73.72,-0.107,9.939,0.361,-58.062,0.432,-77.98,0.451,-68.001,0.515,-87.919,0.083,-19.918,0.103,0.039,0.033,0.277,0.13,0.11,-1.049,-1.301,-0.416,-1.437,-1.782,-0.674,0.179,0.091,0.077,-1.045,-1.404,-0.449,-1.403,-1.885,-0.713,-1.224,-1.325,-0.526,-1.582,-1.714,-0.804,-0.358,-0.388,-0.482,-0.045,-0.047,-0.089,-0.216,-0.227,-0.366,0.203,0.325,0.277,0.235,0.358,0.308,-0.173,-0.182,-0.277,0.245,0.402,0.324,0.279,0.433,0.353,0.401,0.584,0.552,0.439,0.606,0.574,0.038,0.033,0.032,-1.721,-2.202,0.545,-0.259,0.603,0.077,-1.387,-1.776,0.275,-0.438,0.348,-0.101,1.162,-0.552,0.728,-1.157,1.571,1.648,1.521,0.195,1.087,-0.317,1.858,1.949,-1.561,-2.042,0.705,-0.099,0.763,0.237,0.298,-0.376,0.377,-0.04,0.788,-0.994,1.702,1.812,1.177,-0.124,2.012,2.142,0.874,0.161,0.946,0.497,0.732,0.058,0.81,0.394,2.214,2.247,2.617,2.656,0.111,0.188,0.039,0.149,-0.052,-0.019,-0.052,5.584,-0.154,15.119,0.324,-54.31,0.407,-77.748,-0.103,9.534,0.37,-59.894,0.45,-83.333,0.456,-69.428,0.528,-92.867,0.096,-23.439,0.135,0.05,0.042,0.296,0.136,0.113,-1.064,-1.309,-0.404,-1.524,-1.874,-0.701,0.168,0.086,0.071,-1.058,-1.444,-0.446,-1.472,-2.009,-0.751,-1.227,-1.361,-0.517,-1.641,-1.82,-0.837,-0.414,-0.459,-0.565,-0.058,-0.061,-0.117,-0.225,-0.238,-0.391,0.198,0.32,0.274,0.234,0.357,0.309,-0.169,-0.179,-0.274,0.253,0.422,0.335,0.291,0.456,0.367,0.405,0.601,0.558,0.447,0.624,0.582,0.042,0.038,0.036,-1.772,-2.337,0.527,-0.31,0.593,0.076,-1.441,-1.9,0.273,-0.478,0.353,-0.093,1.146,-0.674,0.73,-1.279,1.58,1.651,1.56,0.2,1.144,-0.3,1.914,1.999,-1.564,-2.129,0.735,-0.102,0.801,0.284,0.303,-0.398,0.392,-0.012,0.809,-1.065,1.753,1.865,1.269,-0.04,2.123,2.259,0.904,0.153,0.985,0.539,0.719,0.018,0.808,0.404,2.252,2.294,2.728,2.778,0.131,0.202,0.039,0.151,-0.047,-0.006
2020-12-21,CTD10,4170388,695646,0.014288368,0.01859084,0.02573328,0.006880273,0.0064984574,0.0016352559,0.0015924625,0.0006169341,0.01419913,0.018325793,0.0259656,0.007024696,0.0056820945,0.0017399004,0.24150197,-8.000000000000001e-45,0.947,-0.131,16.197,-0.286,31.127,0.35,-75.356,0.375,-83.896,-0.161,14.93,0.46,-91.553,0.482,-100.093,0.578,-106.483,0.597,-115.022,0.029,-8.54,0.417,0.111,0.105,0.579,0.214,0.202,-1.401,-1.939,-0.49,-1.56,-2.159,-0.577,0.213,0.103,0.097,-1.308,-2.356,-0.595,-1.43,-2.576,-0.689,-1.521,-1.98,-0.692,-1.643,-2.138,-0.791,-0.122,-0.159,-0.22,-0.132,-0.133,-0.322,-0.449,-0.456,-0.855,0.167,0.295,0.23,0.176,0.306,0.239,-0.337,-0.344,-0.534,0.293,0.563,0.363,0.302,0.571,0.371,0.573,0.907,0.751,0.585,0.909,0.755,0.012,0.01,0.009,-2.972,-3.191,0.501,-0.29,0.516,-0.176,-2.147,-2.306,0.185,-0.504,0.206,-0.389,1.354,-0.784,0.693,-1.883,1.727,1.824,1.476,-0.503,0.815,-1.541,1.829,1.931,-2.439,-2.659,1.034,0.242,1.049,0.357,0.241,-0.336,0.268,-0.222,0.901,-1.258,2.247,2.45,1.06,-0.879,2.379,2.593,1.431,0.742,1.451,0.856,0.903,0.325,0.929,0.44,3.285,3.391,3.478,3.59,0.132,0.229,-0.085,0.118,-0.187,-0.082,-0.127,15.859,-0.293,31.914,0.338,-71.928,0.428,-105.565,-0.172,16.055,0.446,-87.787,0.527,-121.424,0.574,-103.842,0.641,-137.479,0.106,-33.637,0.412,0.111,0.09,0.585,0.224,0.181,-1.318,-1.868,-0.409,-1.935,-2.741,-0.742,0.228,0.113,0.091,-1.246,-2.279,-0.499,-1.724,-3.153,-0.853,-1.474,-1.903,-0.59,-1.952,-2.519,-0.966,-0.478,-0.616,-0.873,-0.125,-0.13,-0.325,-0.464,-0.49,-0.926,0.162,0.299,0.227,0.192,0.336,0.258,-0.36,-0.384,-0.601,0.281,0.568,0.357,0.315,0.596,0.383,0.582,0.953,0.789,0.624,0.956,0.8,0.041,0.033,0.03,-2.922,-3.795,0.504,-0.461,0.556,-0.034,-2.062,-2.678,0.164,-0.689,0.237,-0.262,1.316,-1.204,0.604,-2.548,1.711,1.802,1.793,-0.11,1.082,-1.197,2.116,2.228,-2.406,-3.279,1.02,0.054,1.072,0.482,0.211,-0.531,0.306,-0.103,0.78,-1.961,2.209,2.39,1.397,-0.471,2.73,2.955,1.445,0.592,1.519,1.02,0.922,0.181,1.017,0.608,3.296,3.386,4.075,4.186,0.185,0.276,-0.017,0.164,-0.13,-0.04
2020-12-21,CTD11,4169609,700351,0.011707588,0.0195712,0.023592986,0.0061710225,0.003983759,0.0010024989,0.00097281934,0.00039457207,0.0116805015,0.019578861,0.023688203,0.006341459,0.0041878964,0.0009837883,0.12998661,-8.000000000000001e-45,0.95,-0.251,34.319,-0.337,43.029,0.31,-76.633,0.492,-165.605,-0.093,8.71,0.521,-110.952,0.662,-199.924,0.585,-119.662,0.711,-208.634,0.215,-88.972,0.81,0.212,0.137,0.842,0.266,0.171,-1.5,-1.808,-0.305,-3.241,-3.907,-1.022,0.102,0.054,0.035,-1.299,-2.618,-0.442,-2.341,-4.717,-1.234,-1.401,-2.342,-0.477,-2.443,-4.083,-1.287,-1.042,-1.741,-2.099,-0.264,-0.285,-0.774,-0.462,-0.505,-1.17,0.128,0.235,0.201,0.179,0.3,0.26,-0.225,-0.256,-0.396,0.38,0.854,0.486,0.442,0.872,0.524,0.557,1.11,0.74,0.627,1.097,0.762,0.07,0.062,0.051,-3.225,-5.324,0.337,-0.951,0.429,-0.047,-2.675,-4.417,0.181,-1.053,0.293,-0.149,1.068,-3.016,0.692,-4.025,1.694,1.728,2.109,-0.233,1.733,-0.884,2.624,2.677,-2.152,-4.251,1.41,0.123,1.503,1.026,0.302,-0.72,0.489,0.184,1.156,-2.751,2.831,3.003,2.898,1.09,4.386,4.651,1.7,0.466,1.812,1.37,0.678,-0.344,0.865,0.56,3.483,3.62,5.395,5.607,0.324,0.358,-0.025,0.146,-0.079,0.058,-0.253,34.537,-0.34,43.398,0.296,-72.08,0.472,-153.171,-0.095,8.86,0.511,-106.617,0.648,-187.708,0.578,-115.477,0.7,-196.568,0.205,-81.091,0.818,0.219,0.145,0.85,0.275,0.182,-1.411,-1.707,-0.302,-2.999,-3.628,-0.971,0.103,0.056,0.037,-1.245,-2.526,-0.447,-2.193,-4.446,-1.19,-1.349,-2.261,-0.484,-2.296,-3.849,-1.247,-0.947,-1.588,-1.921,-0.263,-0.283,-0.75,-0.463,-0.505,-1.14,0.123,0.225,0.192,0.173,0.289,0.25,-0.228,-0.259,-0.39,0.374,0.834,0.475,0.435,0.854,0.513,0.555,1.093,0.73,0.624,1.082,0.752,0.069,0.061,0.05,-3.139,-5.06,0.329,-0.918,0.42,-0.064,-2.594,-4.182,0.169,-1.021,0.279,-0.167,1.015,-2.833,0.632,-3.814,1.628,1.665,1.963,-0.298,1.579,-0.946,2.465,2.521,-2.059,-3.98,1.408,0.162,1.499,1.016,0.284,-0.688,0.468,0.166,1.059,-2.569,2.729,2.911,2.647,0.94,4.132,4.407,1.704,0.514,1.814,1.368,0.667,-0.304,0.851,0.549,3.377,3.522,5.113,5.332,0.329,0.366,-0.035,0.147,-0.091,0.054
2020-12-21,CTD12,4173438,695414,0.009926903,0.012413585,0.018964196,0.0052967346,0.0052816314,0.001295844,0.0012707004,0.00049130945,0.00995308,0.012268295,0.01918964,0.0054009017,0.0046319105,0.001377786,0.5970499,-8.000000000000001e-45,0.814,-0.111,20.179,-0.313,48.005,0.304,-88.059,0.305,-88.599,-0.209,27.826,0.402,-108.239,0.403,-108.779,0.563,-136.065,0.564,-136.604,0.001,-0.54,0.383,0.107,0.107,0.596,0.254,0.254,-1.093,-1.67,-0.465,-1.1,-1.68,-0.469,0.276,0.147,0.147,-1.074,-2.053,-0.572,-1.08,-2.063,-0.576,-1.351,-1.689,-0.719,-1.356,-1.696,-0.724,-0.005,-0.007,-0.01,-0.102,-0.103,-0.235,-0.51,-0.511,-0.854,0.148,0.262,0.191,0.148,0.262,0.191,-0.43,-0.431,-0.619,0.246,0.468,0.294,0.247,0.468,0.294,0.612,0.899,0.772,0.612,0.899,0.773,0.001,0.001,0.0,-2.781,-2.791,0.52,-0.203,0.521,-0.197,-1.82,-1.827,0.097,-0.479,0.098,-0.474,1.22,-0.476,0.346,-1.716,1.449,1.596,1.225,-0.464,0.352,-1.701,1.453,1.6,-2.33,-2.34,0.971,0.248,0.972,0.253,0.121,-0.348,0.123,-0.343,0.433,-1.247,1.812,2.065,0.44,-1.23,1.817,2.071,1.484,0.908,1.485,0.913,0.994,0.525,0.996,0.531,3.048,3.155,3.057,3.164,0.108,0.255,-0.105,0.148,-0.253,-0.146,-0.104,18.96,-0.317,48.36,0.296,-84.683,0.365,-115.422,-0.22,29.399,0.389,-103.643,0.452,-134.383,0.561,-133.043,0.611,-163.782,0.077,-30.739,0.364,0.102,0.088,0.593,0.261,0.224,-1.039,-1.625,-0.392,-1.416,-2.215,-0.623,0.293,0.159,0.136,-1.032,-1.989,-0.48,-1.338,-2.579,-0.726,-1.324,-1.632,-0.616,-1.63,-2.009,-0.885,-0.306,-0.377,-0.59,-0.094,-0.097,-0.231,-0.523,-0.547,-0.921,0.145,0.269,0.191,0.169,0.301,0.216,-0.451,-0.475,-0.69,0.236,0.471,0.288,0.262,0.497,0.311,0.621,0.945,0.816,0.655,0.948,0.824,0.035,0.026,0.024,-2.742,-3.332,0.53,-0.355,0.57,-0.046,-1.753,-2.13,0.078,-0.647,0.141,-0.339,1.204,-0.806,0.279,-2.3,1.465,1.601,1.509,-0.123,0.585,-1.404,1.709,1.867,-2.32,-2.91,0.951,0.067,0.991,0.375,0.097,-0.527,0.174,-0.218,0.344,-1.871,1.806,2.03,0.721,-0.904,2.106,2.367,1.488,0.762,1.55,1.07,1.022,0.398,1.099,0.707,3.088,3.175,3.6,3.703,0.165,0.301,-0.025,0.199,-0.184,-0.096
2021-01-05,CTD1,4187246,695025,0.007370305,0.011211086,0.018498264,0.0049846186,0.0048847147,0.0010841391,0.0010457303,0.00040065695,0.0073947166,0.011026335,0.01870362,0.005250011,0.0041125175,0.0012186988,0.496395,-2.878e-42,0.445,-0.207,46.482,-0.43,81.62,0.193,-64.938,0.203,-69.041,-0.245,35.138,0.384,-111.42,0.393,-115.523,0.575,-146.558,0.582,-150.661,0.01,-4.103,0.86,0.232,0.227,0.915,0.407,0.399,-0.728,-1.201,-0.317,-0.774,-1.277,-0.344,0.259,0.175,0.172,-0.821,-2.061,-0.544,-0.851,-2.137,-0.576,-1.08,-1.643,-0.716,-1.11,-1.689,-0.751,-0.03,-0.046,-0.076,-0.164,-0.164,-0.389,-0.687,-0.691,-1.128,0.08,0.148,0.102,0.084,0.153,0.106,-0.59,-0.595,-0.738,0.241,0.508,0.266,0.245,0.512,0.269,0.727,1.103,0.84,0.733,1.102,0.841,0.005,0.004,0.003,-3.054,-3.13,0.388,-0.363,0.393,-0.323,-1.851,-1.897,-0.046,-0.622,-0.037,-0.582,0.873,-0.817,-0.171,-2.308,1.043,1.215,0.903,-0.74,-0.141,-2.202,1.064,1.239,-2.19,-2.266,1.252,0.501,1.257,0.541,-0.07,-0.414,-0.057,-0.374,-0.261,-1.538,1.586,1.985,-0.215,-1.416,1.619,2.026,2.065,1.489,2.074,1.53,0.974,0.63,0.987,0.67,3.048,3.275,3.111,3.342,0.241,0.412,-0.218,0.181,-0.393,-0.166,-0.197,44.54,-0.433,81.766,0.17,-55.244,0.285,-107.928,-0.258,37.226,0.355,-99.784,0.457,-152.468,0.562,-137.01,0.64,-189.694,0.121,-52.684,0.833,0.234,0.183,0.902,0.429,0.336,-0.609,-1.033,-0.227,-1.19,-2.019,-0.567,0.275,0.195,0.153,-0.738,-1.866,-0.41,-1.127,-2.852,-0.8,-1.013,-1.511,-0.563,-1.403,-2.092,-0.996,-0.39,-0.581,-0.985,-0.152,-0.159,-0.388,-0.695,-0.747,-1.208,0.072,0.142,0.094,0.11,0.202,0.137,-0.607,-0.667,-0.82,0.221,0.502,0.253,0.265,0.547,0.289,0.73,1.169,0.889,0.792,1.154,0.896,0.062,0.044,0.038,-2.892,-3.877,0.39,-0.606,0.451,-0.113,-1.705,-2.286,-0.081,-0.881,0.022,-0.388,0.819,-1.273,-0.288,-3.139,1.036,1.189,1.209,-0.302,0.102,-1.764,1.322,1.517,-2.071,-3.057,1.21,0.215,1.271,0.708,-0.12,-0.687,0.033,-0.194,-0.429,-2.448,1.544,1.88,0.152,-0.881,1.971,2.4,2.053,1.253,2.156,1.746,0.986,0.42,1.14,0.913,3.006,3.19,3.838,4.072,0.337,0.49,-0.08,0.256,-0.275,-0.092
2021-01-05,CTD2,4181518,693105,0.003071501,0.0041713486,0.0060970793,0.0012710869,0.0011027249,0.00027666753,0.00027333808,0.00010321069,0.0030814505,0.004132346,0.0061181104,0.0013790812,0.0010877813,0.00028819946,0.2846653,-2.878e-42,0.355,-0.152,85.843,-0.33,161.561,0.415,-461.155,0.472,-581.271,-0.188,75.718,0.533,-546.998,0.582,-667.114,0.655,-622.715,0.694,-742.832,0.071,-120.116,0.523,0.109,0.095,0.674,0.205,0.178,-1.924,-2.812,-0.509,-2.425,-3.544,-0.739,0.233,0.096,0.083,-1.68,-3.335,-0.603,-2.049,-4.067,-0.848,-1.913,-2.598,-0.687,-2.282,-3.099,-0.944,-0.369,-0.501,-0.732,-0.149,-0.153,-0.463,-0.556,-0.574,-1.275,0.175,0.341,0.25,0.192,0.362,0.267,-0.443,-0.461,-0.811,0.316,0.695,0.403,0.335,0.707,0.416,0.666,1.156,0.915,0.69,1.15,0.918,0.023,0.018,0.016,-4.06,-4.793,0.528,-0.416,0.555,-0.131,-2.778,-3.279,0.199,-0.649,0.239,-0.364,1.732,-1.366,0.955,-3.113,2.152,2.236,2.101,-0.496,1.324,-2.011,2.481,2.577,-3.439,-4.171,1.15,0.205,1.177,0.491,0.27,-0.469,0.325,-0.183,1.297,-2.247,2.923,3.101,1.798,-1.014,3.369,3.574,1.68,0.832,1.721,1.118,1.048,0.309,1.103,0.594,4.438,4.532,5.115,5.224,0.149,0.233,-0.054,0.124,-0.151,-0.056,-0.146,82.529,-0.33,161.073,0.382,-400.598,0.478,-594.78,-0.194,78.544,0.5,-483.127,0.583,-677.309,0.632,-561.671,0.698,-755.853,0.118,-194.182,0.505,0.114,0.09,0.666,0.222,0.175,-1.655,-2.451,-0.436,-2.458,-3.639,-0.82,0.242,0.108,0.085,-1.489,-2.956,-0.526,-2.087,-4.144,-0.934,-1.731,-2.321,-0.611,-2.329,-3.123,-1.042,-0.598,-0.802,-1.188,-0.14,-0.146,-0.426,-0.551,-0.582,-1.231,0.166,0.326,0.236,0.194,0.362,0.266,-0.445,-0.476,-0.805,0.299,0.66,0.382,0.331,0.683,0.406,0.657,1.137,0.908,0.697,1.128,0.913,0.04,0.032,0.028,-3.691,-4.879,0.52,-0.522,0.568,-0.043,-2.493,-3.295,0.17,-0.764,0.24,-0.285,1.559,-1.564,0.754,-3.39,1.971,2.057,2.157,-0.164,1.352,-1.604,2.499,2.607,-3.095,-4.283,1.116,0.073,1.163,0.552,0.228,-0.592,0.322,-0.113,1.011,-2.628,2.643,2.819,1.813,-0.637,3.351,3.573,1.652,0.718,1.722,1.197,1.033,0.213,1.128,0.692,4.083,4.173,5.177,5.291,0.184,0.27,-0.019,0.156,-0.128,-0.038
2021-01-05,CTD3,4181698,695238,0.008128697,0.011098915,0.014067678,0.0036318405,0.00296261,0.00071250275,0.0007146712,0.0002758483,0.008165736,0.010950095,0.014092792,0.0037228705,0.002782689,0.0007577458,0.3277033,-8.000000000000001e-45,0.686,-0.154,32.922,-0.268,51.936,0.382,-152.322,0.466,-214.519,-0.118,19.014,0.507,-185.244,0.579,-247.441,0.59,-204.258,0.652,-266.455,0.101,-62.198,0.463,0.12,0.098,0.576,0.189,0.154,-1.691,-2.143,-0.451,-2.381,-3.018,-0.779,0.155,0.069,0.056,-1.506,-2.606,-0.549,-2.011,-3.481,-0.899,-1.66,-2.267,-0.605,-2.166,-2.957,-0.968,-0.506,-0.69,-0.875,-0.168,-0.174,-0.45,-0.403,-0.422,-0.901,0.179,0.32,0.264,0.205,0.351,0.292,-0.252,-0.268,-0.45,0.336,0.673,0.438,0.367,0.692,0.46,0.543,0.941,0.742,0.578,0.944,0.754,0.035,0.03,0.027,-3.141,-4.016,0.474,-0.494,0.522,-0.083,-2.478,-3.169,0.251,-0.648,0.311,-0.238,1.449,-1.508,0.971,-2.51,1.971,2.028,1.955,-0.312,1.476,-1.13,2.417,2.486,-2.508,-3.383,1.107,0.14,1.155,0.55,0.342,-0.437,0.425,-0.027,1.325,-1.692,2.692,2.845,2.016,-0.127,3.3,3.488,1.403,0.505,1.464,0.915,0.821,0.042,0.903,0.452,3.509,3.607,4.302,4.421,0.18,0.236,-0.037,0.117,-0.106,-0.009,-0.146,31.14,-0.266,51.505,0.374,-146.147,0.492,-236.902,-0.125,20.365,0.493,-177.287,0.595,-268.041,0.582,-197.652,0.67,-288.406,0.145,-90.755,0.439,0.116,0.087,0.564,0.192,0.143,-1.6,-2.06,-0.407,-2.594,-3.339,-0.882,0.166,0.076,0.057,-1.448,-2.498,-0.493,-2.189,-3.777,-0.998,-1.614,-2.164,-0.55,-2.355,-3.158,-1.074,-0.741,-0.994,-1.279,-0.156,-0.165,-0.428,-0.404,-0.432,-0.911,0.177,0.324,0.263,0.215,0.367,0.302,-0.264,-0.287,-0.483,0.325,0.66,0.428,0.367,0.687,0.458,0.542,0.947,0.755,0.592,0.951,0.771,0.049,0.042,0.038,-3.04,-4.319,0.482,-0.592,0.548,-0.002,-2.362,-3.356,0.239,-0.758,0.325,-0.168,1.416,-1.742,0.906,-2.871,1.939,1.996,2.157,-0.007,1.647,-0.851,2.594,2.67,-2.444,-3.723,1.077,0.003,1.144,0.594,0.321,-0.561,0.436,0.03,1.215,-2.123,2.601,2.744,2.209,0.15,3.479,3.671,1.386,0.388,1.472,0.978,0.831,-0.051,0.946,0.54,3.445,3.531,4.609,4.724,0.202,0.258,-0.001,0.143,-0.077,0.01
2021-01-05,CTD4,4180266,698264,0.010999541,0.014655222,0.02048024,0.0050153784,0.0039749276,0.0009510092,0.00092995143,0.00035828736,0.010986593,0.014404452,0.020655101,0.005106607,0.003761375,0.001013701,0.28616875,-8.000000000000001e-45,0.76,-0.142,22.678,-0.301,42.085,0.374,-108.474,0.469,-160.664,-0.166,19.408,0.49,-131.152,0.573,-183.342,0.607,-150.559,0.675,-202.749,0.116,-52.19,0.464,0.114,0.09,0.617,0.211,0.167,-1.59,-2.222,-0.431,-2.355,-3.29,-0.806,0.213,0.097,0.077,-1.443,-2.686,-0.521,-2.017,-3.755,-0.92,-1.656,-2.206,-0.598,-2.23,-2.971,-1.017,-0.574,-0.765,-1.069,-0.143,-0.149,-0.407,-0.482,-0.509,-1.055,0.17,0.321,0.245,0.2,0.357,0.276,-0.364,-0.389,-0.648,0.306,0.644,0.394,0.339,0.667,0.419,0.603,1.033,0.83,0.643,1.031,0.839,0.041,0.033,0.03,-3.333,-4.402,0.506,-0.511,0.556,-0.042,-2.385,-3.15,0.195,-0.725,0.266,-0.255,1.478,-1.494,0.796,-2.959,1.922,1.999,2.052,-0.155,1.37,-1.316,2.425,2.522,-2.751,-3.82,1.087,0.071,1.138,0.54,0.26,-0.546,0.354,-0.077,1.06,-2.23,2.561,2.728,1.825,-0.397,3.231,3.442,1.52,0.6,1.591,1.069,0.942,0.136,1.036,0.605,3.722,3.812,4.696,4.81,0.185,0.262,-0.019,0.148,-0.116,-0.026,-0.135,21.597,-0.306,42.606,0.365,-104.805,0.49,-174.84,-0.178,21.009,0.477,-126.402,0.586,-196.437,0.604,-147.411,0.692,-217.446,0.152,-70.035,0.446,0.11,0.081,0.614,0.218,0.16,-1.51,-2.165,-0.394,-2.518,-3.611,-0.893,0.231,0.107,0.079,-1.389,-2.611,-0.475,-2.158,-4.057,-1.003,-1.62,-2.123,-0.554,-2.389,-3.132,-1.11,-0.769,-1.009,-1.447,-0.133,-0.14,-0.385,-0.496,-0.532,-1.09,0.168,0.324,0.241,0.206,0.37,0.28,-0.388,-0.424,-0.705,0.294,0.63,0.381,0.336,0.661,0.413,0.612,1.054,0.856,0.665,1.05,0.866,0.053,0.043,0.038,-3.282,-4.729,0.515,-0.595,0.581,0.026,-2.289,-3.298,0.177,-0.826,0.271,-0.205,1.454,-1.678,0.718,-3.34,1.89,1.969,2.224,0.1,1.487,-1.124,2.566,2.674,-2.734,-4.18,1.064,-0.047,1.129,0.575,0.233,-0.66,0.355,-0.039,0.941,-2.671,2.478,2.639,1.95,-0.215,3.365,3.582,1.526,0.522,1.619,1.143,0.969,0.076,1.092,0.697,3.702,3.784,5.027,5.137,0.204,0.283,0.012,0.172,-0.095,-0.014
2021-01-05,CTD6,4176009,695829,0.0071711103,0.010936552,0.013724291,0.002622817,0.0021268816,0.00051296194,0.00050870306,0.00019936649,0.0071542272,0.010861169,0.0137378145,0.0027827197,0.0020641624,0.00053318456,0.21005389,-2.878e-42,0.49,-0.208,48.012,-0.314,66.585,0.464,-241.821,0.543,-330.723,-0.113,18.573,0.613,-289.833,0.674,-378.735,0.679,-308.406,0.732,-397.308,0.104,-88.902,0.659,0.126,0.102,0.728,0.175,0.142,-2.645,-3.319,-0.514,-3.617,-4.539,-0.867,0.133,0.049,0.04,-2.078,-3.978,-0.616,-2.716,-5.198,-0.993,-2.212,-3.373,-0.656,-2.849,-4.345,-1.042,-0.638,-0.972,-1.22,-0.23,-0.238,-0.793,-0.483,-0.502,-1.38,0.184,0.348,0.287,0.205,0.372,0.309,-0.285,-0.3,-0.587,0.398,0.894,0.524,0.422,0.9,0.539,0.613,1.194,0.85,0.64,1.184,0.855,0.027,0.024,0.02,-4.577,-5.797,0.465,-0.577,0.501,-0.155,-3.647,-4.62,0.283,-0.711,0.328,-0.288,1.937,-2.408,1.479,-3.719,2.54,2.579,2.575,-0.798,2.117,-1.861,3.132,3.181,-3.708,-4.928,1.334,0.292,1.37,0.714,0.431,-0.436,0.5,-0.014,2.256,-2.283,3.873,4.015,3.228,-0.091,4.776,4.951,1.674,0.681,1.719,1.103,0.889,0.022,0.958,0.444,4.936,5.038,6.087,6.213,0.171,0.211,-0.057,0.085,-0.105,-0.003,-0.206,47.706,-0.315,66.986,0.44,-219.583,0.552,-344.681,-0.117,19.279,0.592,-267.29,0.681,-392.387,0.663,-286.569,0.739,-411.666,0.148,-125.097,0.655,0.133,0.098,0.728,0.186,0.138,-2.385,-3.017,-0.453,-3.744,-4.735,-0.959,0.138,0.054,0.04,-1.912,-3.672,-0.552,-2.807,-5.391,-1.092,-2.05,-3.112,-0.592,-2.945,-4.471,-1.146,-0.895,-1.359,-1.719,-0.224,-0.235,-0.765,-0.483,-0.509,-1.358,0.178,0.338,0.277,0.207,0.373,0.308,-0.289,-0.312,-0.594,0.387,0.876,0.511,0.421,0.885,0.532,0.608,1.188,0.848,0.648,1.175,0.856,0.04,0.034,0.029,-4.278,-5.997,0.456,-0.689,0.508,-0.083,-3.382,-4.741,0.265,-0.827,0.331,-0.221,1.78,-2.691,1.306,-4.084,2.381,2.421,2.675,-0.437,2.201,-1.471,3.21,3.263,-3.419,-5.137,1.316,0.17,1.368,0.776,0.402,-0.558,0.502,0.049,1.983,-2.752,3.615,3.753,3.342,0.325,4.873,5.059,1.664,0.572,1.73,1.178,0.876,-0.083,0.976,0.523,4.648,4.747,6.266,6.399,0.199,0.239,-0.032,0.106,-0.086,0.013
2021-01-05,CTD7,4176724,690397,0.0072462684,0.010510014,0.015709171,0.002703237,0.0027446917,0.00057220913,0.00057794683,0.00021078573,0.007232171,0.010293386,0.015873604,0.00284951,0.0022816143,0.0006570348,0.41961858,-2.878e-42,0.354,-0.184,42.855,-0.369,74.345,0.457,-231.925,0.451,-226.338,-0.198,31.49,0.591,-274.78,0.586,-269.192,0.706,-306.27,0.703,-300.683,-0.008,5.587,0.673,0.116,0.118,0.781,0.201,0.204,-2.438,-3.643,-0.637,-2.379,-3.556,-0.612,0.228,0.085,0.086,-1.991,-4.317,-0.754,-1.951,-4.229,-0.728,-2.219,-3.219,-0.841,-2.179,-3.16,-0.813,0.04,0.059,0.088,-0.177,-0.177,-0.599,-0.64,-0.638,-1.553,0.173,0.343,0.246,0.172,0.341,0.244,-0.523,-0.52,-0.954,0.34,0.781,0.423,0.338,0.78,0.422,0.732,1.302,0.981,0.73,1.303,0.981,-0.002,-0.002,-0.002,-5.122,-5.034,0.517,-0.295,0.515,-0.326,-3.427,-3.368,0.204,-0.524,0.2,-0.554,2.012,-1.149,1.186,-3.043,2.419,2.506,1.971,-1.248,1.145,-3.171,2.383,2.468,-4.361,-4.273,1.278,0.466,1.276,0.435,0.296,-0.316,0.29,-0.346,1.72,-1.836,3.509,3.713,1.661,-1.982,3.456,3.657,1.911,1.183,1.907,1.153,1.122,0.51,1.116,0.479,5.432,5.55,5.35,5.466,0.112,0.198,-0.122,0.082,-0.207,-0.089,-0.175,41.121,-0.374,75.273,0.435,-212.666,0.52,-300.015,-0.213,34.152,0.566,-253.788,0.637,-341.136,0.696,-287.94,0.749,-375.289,0.111,-87.349,0.653,0.117,0.094,0.775,0.214,0.172,-2.189,-3.376,-0.485,-3.088,-4.762,-0.855,0.247,0.097,0.078,-1.835,-4.029,-0.579,-2.467,-5.415,-0.972,-2.082,-2.964,-0.657,-2.714,-3.863,-1.069,-0.632,-0.899,-1.387,-0.163,-0.169,-0.597,-0.657,-0.687,-1.684,0.167,0.349,0.241,0.189,0.377,0.264,-0.554,-0.587,-1.088,0.322,0.782,0.41,0.347,0.795,0.428,0.743,1.369,1.036,0.776,1.348,1.034,0.032,0.025,0.022,-4.868,-6.255,0.523,-0.546,0.559,-0.098,-3.157,-4.056,0.179,-0.793,0.234,-0.345,1.89,-1.973,0.996,-4.419,2.316,2.394,2.521,-0.443,1.628,-2.401,2.893,2.99,-4.147,-5.534,1.244,0.174,1.28,0.623,0.254,-0.6,0.333,-0.152,1.417,-3.345,3.297,3.469,2.317,-1.059,4.117,4.332,1.918,0.946,1.973,1.394,1.148,0.293,1.227,0.741,5.255,5.349,6.563,6.68,0.172,0.25,-0.039,0.133,-0.136,-0.042
2021-01-05,CTD8,4174178,693048,0.00867745,0.012305272,0.016569719,0.0026361358,0.0015885583,0.00041312695,0.00040392228,0.00015878996,0.008711592,0.012188531,0.016580254,0.0026401682,0.0016858163,0.00040775456,0.030775905,-8.000000000000001e-45,0.368,-0.173,33.975,-0.313,54.89,0.534,-264.102,0.691,-514.26,-0.148,20.915,0.647,-298.077,0.771,-548.236,0.725,-318.992,0.825,-569.151,0.248,-250.158,0.563,0.09,0.054,0.675,0.145,0.087,-3.25,-4.376,-0.42,-6.328,-8.521,-1.356,0.181,0.055,0.033,-2.587,-4.939,-0.474,-4.757,-9.084,-1.445,-2.768,-3.925,-0.507,-4.939,-7.004,-1.5,-2.171,-3.078,-4.145,-0.189,-0.2,-0.859,-0.528,-0.568,-1.868,0.209,0.435,0.333,0.246,0.474,0.369,-0.377,-0.415,-1.009,0.383,0.942,0.532,0.424,0.947,0.558,0.664,1.357,1.003,0.714,1.324,1.003,0.05,0.041,0.036,-5.58,-9.725,0.546,-0.954,0.609,0.103,-4.144,-7.222,0.309,-1.136,0.395,-0.079,2.549,-4.454,1.945,-7.139,3.163,3.196,4.72,0.795,4.116,-0.823,5.248,5.303,-4.868,-9.013,1.259,-0.241,1.322,0.815,0.439,-0.917,0.56,0.14,2.758,-5.763,4.485,4.572,5.837,1.461,7.442,7.587,1.695,0.25,1.78,1.307,1.043,-0.313,1.163,0.744,6.103,6.157,10.127,10.216,0.175,0.208,0.031,0.118,-0.024,0.03,-0.166,32.745,-0.311,54.477,0.535,-263.974,0.676,-478.395,-0.153,21.732,0.644,-296.719,0.757,-511.14,0.725,-318.451,0.815,-532.872,0.221,-214.421,0.543,0.086,0.055,0.664,0.144,0.092,-3.217,-4.377,-0.445,-5.831,-7.932,-1.263,0.189,0.057,0.037,-2.585,-4.92,-0.5,-4.453,-8.475,-1.349,-2.774,-3.881,-0.537,-4.642,-6.495,-1.407,-1.868,-2.613,-3.555,-0.181,-0.19,-0.804,-0.531,-0.567,-1.819,0.211,0.438,0.332,0.244,0.474,0.366,-0.387,-0.422,-1.015,0.378,0.918,0.523,0.415,0.925,0.546,0.667,1.341,1.005,0.713,1.312,1.004,0.046,0.038,0.033,-5.565,-9.12,0.556,-0.851,0.613,0.076,-4.091,-6.705,0.309,-1.041,0.387,-0.113,2.565,-3.93,1.939,-6.536,3.161,3.198,4.432,0.551,3.807,-1.112,4.951,5.008,-4.881,-8.436,1.24,-0.167,1.297,0.761,0.432,-0.831,0.542,0.097,2.713,-5.219,4.423,4.515,5.327,0.95,6.927,7.071,1.687,0.337,1.765,1.265,1.057,-0.206,1.167,0.722,6.086,6.142,9.532,9.619,0.165,0.201,0.023,0.115,-0.034,0.021
2021-01-05,CTD10,4170388,695646,0.008316425,0.012173319,0.019153815,0.0049863216,0.0041697184,0.000945355,0.0009280894,0.00035783855,0.008331306,0.011980301,0.019299114,0.0051688883,0.0038564443,0.0010087912,0.31014833,-8.000000000000001e-45,0.593,-0.188,38.097,-0.395,68.035,0.25,-80.305,0.332,-119.58,-0.223,29.938,0.419,-118.402,0.49,-157.677,0.587,-148.34,0.642,-187.615,0.089,-39.276,0.73,0.19,0.159,0.828,0.339,0.284,-0.978,-1.538,-0.335,-1.456,-2.29,-0.596,0.249,0.149,0.125,-0.985,-2.268,-0.494,-1.311,-3.02,-0.786,-1.234,-1.806,-0.619,-1.56,-2.284,-0.936,-0.327,-0.478,-0.752,-0.16,-0.165,-0.421,-0.632,-0.663,-1.184,0.106,0.204,0.143,0.132,0.242,0.172,-0.525,-0.559,-0.762,0.262,0.576,0.308,0.291,0.602,0.332,0.691,1.135,0.867,0.731,1.126,0.873,0.04,0.03,0.026,-3.158,-3.91,0.423,-0.513,0.465,-0.153,-2.007,-2.485,0.025,-0.762,0.092,-0.402,1.032,-1.252,0.094,-2.926,1.325,1.45,1.359,-0.447,0.421,-1.847,1.585,1.734,-2.378,-3.13,1.203,0.268,1.246,0.628,0.036,-0.56,0.134,-0.201,0.138,-2.152,1.94,2.224,0.616,-0.922,2.32,2.659,1.894,1.107,1.961,1.467,0.974,0.378,1.072,0.737,3.34,3.499,3.994,4.184,0.257,0.382,-0.092,0.192,-0.241,-0.082,-0.18,36.559,-0.397,68.213,0.234,-73.436,0.367,-139.277,-0.234,31.655,0.397,-109.995,0.513,-175.836,0.577,-141.649,0.667,-207.49,0.145,-65.841,0.706,0.189,0.141,0.817,0.353,0.263,-0.88,-1.417,-0.283,-1.669,-2.688,-0.72,0.264,0.164,0.122,-0.916,-2.123,-0.424,-1.465,-3.393,-0.909,-1.18,-1.697,-0.546,-1.729,-2.486,-1.072,-0.549,-0.789,-1.271,-0.149,-0.158,-0.404,-0.64,-0.693,-1.215,0.101,0.2,0.137,0.143,0.261,0.183,-0.542,-0.601,-0.811,0.247,0.559,0.294,0.294,0.602,0.332,0.696,1.159,0.892,0.76,1.144,0.9,0.065,0.047,0.042,-3.038,-4.309,0.428,-0.645,0.496,-0.051,-1.886,-2.675,0.0,-0.909,0.11,-0.314,0.991,-1.495,0.001,-3.393,1.29,1.412,1.54,-0.157,0.549,-1.573,1.729,1.893,-2.296,-3.566,1.17,0.098,1.238,0.692,0.0,-0.72,0.158,-0.125,0.001,-2.687,1.855,2.118,0.79,-0.627,2.486,2.839,1.885,0.976,1.995,1.57,0.99,0.271,1.148,0.865,3.271,3.412,4.384,4.573,0.299,0.421,-0.031,0.232,-0.195,-0.054
2021-01-05,CTD11,4169609,700351,0.0019498523,0.0029130932,0.0037724623,0.00085061823,0.000639968,0.0001478069,0.00014603583,5.6331548e-05,0.0019653302,0.0028790545,0.0037782316,0.00084687234,0.00058721827,0.00016201097,0.27097762,-2.878e-42,0.728,-0.198,169.582,-0.319,247.781,0.393,-662.756,0.506,-1049.719,-0.129,78.199,0.548,-832.338,0.64,-1219.3,0.632,-910.537,0.71,-1297.499,0.141,-386.963,0.64,0.144,0.109,0.722,0.211,0.159,-1.931,-2.5,-0.424,-3.058,-3.96,-0.893,0.152,0.067,0.05,-1.623,-3.14,-0.533,-2.377,-4.6,-1.037,-1.775,-2.652,-0.583,-2.53,-3.78,-1.104,-0.755,-1.127,-1.46,-0.208,-0.218,-0.646,-0.484,-0.513,-1.223,0.164,0.309,0.249,0.196,0.348,0.283,-0.307,-0.332,-0.577,0.36,0.796,0.467,0.397,0.812,0.492,0.601,1.128,0.822,0.644,1.119,0.832,0.043,0.037,0.032,-3.766,-5.225,0.444,-0.66,0.5,-0.083,-2.908,-4.035,0.225,-0.812,0.297,-0.235,1.52,-2.26,0.997,-3.602,2.073,2.123,2.275,-0.378,1.752,-1.388,2.755,2.821,-2.941,-4.401,1.269,0.165,1.324,0.742,0.336,-0.557,0.444,0.02,1.49,-2.47,3.096,3.255,2.617,0.117,4.116,4.326,1.643,0.606,1.715,1.182,0.859,-0.034,0.967,0.543,4.107,4.215,5.459,5.603,0.217,0.267,-0.036,0.122,-0.103,0.006,-0.189,161.484,-0.316,244.146,0.398,-671.995,0.54,-1194.124,-0.135,82.662,0.545,-833.479,0.661,-1355.608,0.634,-916.141,0.731,-1438.27,0.181,-522.129,0.61,0.137,0.095,0.703,0.207,0.143,-1.935,-2.539,-0.395,-3.438,-4.512,-1.011,0.162,0.07,0.049,-1.638,-3.149,-0.489,-2.664,-5.122,-1.148,-1.801,-2.638,-0.538,-2.827,-4.141,-1.218,-1.026,-1.503,-1.973,-0.198,-0.209,-0.637,-0.487,-0.523,-1.264,0.168,0.323,0.256,0.207,0.37,0.298,-0.32,-0.352,-0.627,0.354,0.796,0.466,0.399,0.815,0.496,0.605,1.148,0.846,0.659,1.135,0.856,0.054,0.045,0.039,-3.779,-5.751,0.458,-0.76,0.527,-0.011,-2.879,-4.383,0.226,-0.922,0.316,-0.173,1.559,-2.582,1.008,-4.113,2.117,2.165,2.585,-0.053,2.035,-1.115,3.053,3.123,-2.996,-4.969,1.241,0.023,1.31,0.772,0.331,-0.68,0.463,0.069,1.477,-3.034,3.101,3.244,2.98,0.441,4.472,4.679,1.628,0.48,1.718,1.229,0.881,-0.13,1.014,0.619,4.163,4.257,6.003,6.14,0.227,0.275,-0.005,0.139,-0.075,0.02
2021-01-05,CTD12,4173438,695414,0.005643336,0.00844118,0.011325446,0.0022240698,0.0017679336,0.00039397884,0.00039782436,0.00015077642,0.005618454,0.008357063,0.011338413,0.00224446,0.0015812763,0.00043264296,0.19686542,-2.878e-42,0.367,-0.199,58.733,-0.335,88.903,0.435,-272.426,0.523,-388.432,-0.146,30.17,0.583,-331.159,0.654,-447.165,0.672,-361.329,0.73,-477.335,0.114,-116.006,0.665,0.131,0.104,0.75,0.198,0.157,-2.3,-3.085,-0.482,-3.279,-4.399,-0.864,0.17,0.067,0.053,-1.869,-3.751,-0.585,-2.524,-5.064,-0.995,-2.039,-3.05,-0.639,-2.694,-4.029,-1.062,-0.655,-0.979,-1.314,-0.206,-0.214,-0.701,-0.533,-0.557,-1.423,0.173,0.335,0.261,0.196,0.363,0.286,-0.367,-0.389,-0.723,0.366,0.839,0.475,0.393,0.848,0.493,0.646,1.228,0.891,0.679,1.215,0.896,0.032,0.027,0.023,-4.424,-5.737,0.472,-0.589,0.512,-0.126,-3.297,-4.276,0.235,-0.76,0.289,-0.297,1.792,-2.237,1.196,-3.869,2.328,2.381,2.447,-0.603,1.85,-1.9,2.929,2.996,-3.596,-4.91,1.299,0.238,1.34,0.701,0.351,-0.513,0.432,-0.05,1.789,-2.611,3.482,3.639,2.768,-0.318,4.38,4.578,1.743,0.749,1.797,1.212,0.948,0.084,1.028,0.547,4.779,4.883,6.012,6.143,0.185,0.238,-0.05,0.107,-0.117,-0.013,-0.196,58.326,-0.337,89.789,0.429,-267.557,0.561,-454.416,-0.151,31.463,0.577,-325.882,0.682,-512.741,0.67,-357.346,0.755,-544.205,0.173,-186.859,0.661,0.131,0.092,0.75,0.202,0.142,-2.236,-3.034,-0.423,-3.798,-5.152,-1.02,0.177,0.071,0.05,-1.831,-3.695,-0.515,-2.881,-5.814,-1.151,-2.008,-2.986,-0.565,-3.058,-4.548,-1.221,-1.05,-1.562,-2.119,-0.202,-0.212,-0.716,-0.54,-0.576,-1.495,0.171,0.339,0.261,0.205,0.381,0.297,-0.379,-0.414,-0.779,0.36,0.849,0.473,0.4,0.862,0.499,0.651,1.263,0.915,0.698,1.241,0.92,0.047,0.039,0.034,-4.379,-6.498,0.474,-0.747,0.533,-0.032,-3.228,-4.789,0.227,-0.924,0.306,-0.209,1.766,-2.782,1.147,-4.667,2.314,2.364,2.816,-0.17,2.196,-1.499,3.285,3.355,-3.564,-5.683,1.289,0.068,1.348,0.783,0.338,-0.682,0.456,0.033,1.705,-3.447,3.442,3.584,3.267,0.233,4.886,5.087,1.749,0.599,1.829,1.314,0.957,-0.063,1.075,0.652,4.77,4.863,6.771,6.902,0.21,0.26,-0.013,0.129,-0.083,0.009
2021-04-20,CTD1,4187246,695025,0.0076156077,0.010841802,0.016297432,0.0029207554,0.0028227617,0.0005998988,0.00063688104,0.00022800785,0.0076148487,0.010668993,0.016468514,0.003040797,0.0023949367,0.00068038405,0.54114103,-2.878e-42,0.5,-0.175,39.074,-0.363,69.95,0.446,-211.068,0.459,-222.954,-0.201,30.876,0.576,-250.142,0.587,-262.027,0.696,-281.018,0.705,-292.904,0.017,-11.886,0.637,0.114,0.11,0.758,0.204,0.197,-2.288,-3.44,-0.596,-2.417,-3.634,-0.651,0.235,0.09,0.087,-1.905,-4.077,-0.706,-1.995,-4.27,-0.765,-2.14,-3.047,-0.793,-2.231,-3.176,-0.855,-0.091,-0.129,-0.194,-0.168,-0.169,-0.562,-0.631,-0.635,-1.512,0.173,0.344,0.246,0.177,0.348,0.249,-0.518,-0.523,-0.95,0.331,0.759,0.414,0.335,0.761,0.417,0.725,1.281,0.979,0.73,1.279,0.979,0.005,0.004,0.004,-4.877,-5.071,0.523,-0.332,0.529,-0.264,-3.245,-3.374,0.198,-0.567,0.207,-0.499,1.942,-1.233,1.104,-3.166,2.347,2.434,2.033,-1.014,1.195,-2.882,2.429,2.519,-4.156,-4.35,1.244,0.389,1.25,0.457,0.282,-0.369,0.295,-0.301,1.572,-2.062,3.341,3.539,1.701,-1.739,3.457,3.662,1.871,1.105,1.88,1.174,1.12,0.468,1.133,0.537,5.209,5.32,5.39,5.504,0.123,0.21,-0.101,0.096,-0.191,-0.081,-0.167,37.593,-0.368,70.6,0.429,-197.539,0.521,-286.225,-0.214,33.008,0.556,-235.132,0.633,-323.818,0.688,-268.139,0.746,-356.826,0.119,-88.686,0.619,0.114,0.09,0.753,0.215,0.169,-2.108,-3.253,-0.473,-3.054,-4.714,-0.87,0.251,0.1,0.079,-1.79,-3.872,-0.563,-2.466,-5.333,-0.985,-2.042,-2.861,-0.642,-2.717,-3.807,-1.085,-0.675,-0.946,-1.461,-0.157,-0.162,-0.562,-0.646,-0.678,-1.629,0.169,0.35,0.242,0.192,0.381,0.268,-0.544,-0.579,-1.067,0.317,0.762,0.404,0.344,0.776,0.424,0.734,1.341,1.028,0.77,1.321,1.027,0.035,0.027,0.024,-4.702,-6.163,0.529,-0.556,0.568,-0.074,-3.046,-3.992,0.177,-0.807,0.238,-0.325,1.856,-1.951,0.961,-4.372,2.28,2.359,2.532,-0.329,1.636,-2.236,2.895,2.995,-4.015,-5.475,1.216,0.131,1.256,0.613,0.249,-0.622,0.333,-0.14,1.346,-3.368,3.194,3.363,2.292,-0.961,4.055,4.27,1.878,0.893,1.938,1.375,1.144,0.274,1.229,0.756,5.101,5.191,6.477,6.591,0.175,0.254,-0.029,0.14,-0.13,-0.04
2021-04-20,CTD2,4181518,693105,0.010277318,0.013434192,0.013674673,0.002873767,0.0017380296,0.00046300056,0.00045767782,0.0001857299,0.010345215,0.013516854,0.013532375,0.0028805078,0.0018555849,0.00044810286,0.039114054,-8.000000000000001e-45,0.716,-0.133,22.865,-0.142,24.174,0.563,-250.674,0.711,-478.063,-0.009,1.309,0.648,-273.538,0.771,-500.927,0.653,-274.847,0.774,-502.236,0.246,-227.389,0.313,0.066,0.04,0.325,0.069,0.042,-3.368,-3.428,-0.436,-6.422,-6.537,-1.374,0.013,0.004,0.002,-2.811,-3.741,-0.475,-5.148,-6.85,-1.44,-2.825,-3.692,-0.478,-5.162,-6.747,-1.443,-2.337,-3.055,-3.109,-0.191,-0.205,-0.685,-0.208,-0.224,-0.737,0.273,0.488,0.48,0.315,0.524,0.516,-0.018,-0.02,-0.052,0.441,0.879,0.685,0.488,0.889,0.707,0.456,0.899,0.712,0.503,0.908,0.732,0.048,0.047,0.042,-3.993,-7.103,0.555,-0.888,0.638,0.16,-3.923,-6.978,0.538,-0.902,0.622,0.147,2.594,-4.153,2.558,-4.292,3.447,3.449,4.931,1.238,4.895,1.155,5.699,5.703,-3.451,-6.561,1.097,-0.346,1.18,0.702,0.703,-0.671,0.813,0.378,3.344,-3.193,4.506,4.548,6.399,2.971,7.45,7.519,1.117,-0.323,1.201,0.726,0.738,-0.636,0.849,0.413,4.589,4.629,7.588,7.654,0.15,0.153,0.045,0.087,0.041,0.081,-0.133,22.681,-0.133,22.766,0.564,-250.498,0.696,-442.251,-0.001,0.085,0.649,-273.179,0.759,-464.932,0.649,-273.264,0.759,-465.017,0.216,-191.753,0.307,0.065,0.042,0.308,0.066,0.042,-3.386,-3.39,-0.465,-5.978,-5.985,-1.274,0.001,0.0,0.0,-2.826,-3.697,-0.507,-4.81,-6.292,-1.339,-2.827,-3.694,-0.507,-4.811,-6.286,-1.339,-1.984,-2.592,-2.595,-0.193,-0.206,-0.67,-0.194,-0.207,-0.673,0.276,0.486,0.485,0.314,0.518,0.517,-0.001,-0.001,-0.003,0.445,0.872,0.691,0.488,0.882,0.71,0.446,0.873,0.693,0.489,0.883,0.712,0.043,0.043,0.038,-3.933,-6.527,0.552,-0.787,0.628,0.121,-3.928,-6.52,0.551,-0.788,0.627,0.12,2.593,-3.693,2.59,-3.701,3.454,3.454,4.576,0.883,4.574,0.877,5.362,5.362,-3.391,-5.986,1.094,-0.246,1.169,0.662,0.72,-0.553,0.819,0.355,3.384,-2.6,4.513,4.555,5.976,2.587,7.006,7.072,1.095,-0.244,1.171,0.664,0.723,-0.551,0.822,0.357,4.519,4.561,7.014,7.08,0.141,0.141,0.034,0.076,0.033,0.076
2021-04-20,CTD3,4181698,695238,0.0130228475,0.0159674,0.018321177,0.005327868,0.0045218025,0.0011812331,0.0011724728,0.00045382508,0.013036136,0.0160036,0.01800324,0.0053286394,0.0042049945,0.0012443742,0.2123306,-2e-44,0.618,-0.102,14.161,-0.169,22.206,0.419,-110.904,0.485,-144.363,-0.069,8.046,0.5,-125.065,0.559,-158.523,0.549,-133.111,0.604,-166.569,0.082,-33.458,0.259,0.075,0.064,0.355,0.118,0.1,-1.771,-2.032,-0.501,-2.305,-2.645,-0.769,0.105,0.043,0.036,-1.629,-2.291,-0.566,-2.064,-2.904,-0.845,-1.733,-2.125,-0.602,-2.169,-2.66,-0.887,-0.436,-0.534,-0.613,-0.125,-0.129,-0.299,-0.249,-0.259,-0.538,0.224,0.376,0.337,0.248,0.399,0.359,-0.128,-0.134,-0.239,0.339,0.606,0.466,0.365,0.624,0.484,0.448,0.741,0.634,0.476,0.752,0.648,0.028,0.026,0.024,-2.623,-3.236,0.525,-0.363,0.569,-0.033,-2.286,-2.82,0.377,-0.467,0.428,-0.138,1.573,-1.087,1.297,-1.607,2.161,2.197,2.008,-0.117,1.733,-0.559,2.546,2.589,-2.213,-2.826,0.935,0.048,0.979,0.377,0.462,-0.307,0.524,0.023,1.59,-1.055,2.65,2.75,2.124,0.092,3.122,3.24,1.073,0.229,1.124,0.558,0.738,-0.031,0.8,0.299,3.092,3.156,3.643,3.718,0.126,0.162,-0.014,0.087,-0.056,0.008,-0.102,14.224,-0.16,21.164,0.42,-110.955,0.512,-161.103,-0.059,6.94,0.5,-125.179,0.584,-175.326,0.543,-132.12,0.621,-182.267,0.118,-50.147,0.256,0.076,0.06,0.339,0.113,0.089,-1.776,-1.998,-0.467,-2.578,-2.9,-0.858,0.09,0.037,0.029,-1.632,-2.254,-0.526,-2.286,-3.156,-0.934,-1.722,-2.114,-0.556,-2.376,-2.917,-0.971,-0.654,-0.803,-0.903,-0.127,-0.134,-0.311,-0.233,-0.246,-0.521,0.227,0.381,0.347,0.26,0.414,0.379,-0.109,-0.116,-0.21,0.344,0.619,0.481,0.38,0.642,0.506,0.436,0.735,0.627,0.475,0.751,0.647,0.039,0.036,0.033,-2.564,-3.467,0.519,-0.453,0.581,0.025,-2.279,-3.082,0.391,-0.543,0.461,-0.065,1.557,-1.359,1.321,-1.835,2.184,2.213,2.211,0.097,1.975,-0.278,2.767,2.804,-2.151,-3.054,0.932,-0.04,0.994,0.439,0.48,-0.378,0.566,0.1,1.622,-1.278,2.681,2.77,2.425,0.427,3.397,3.51,1.048,0.114,1.118,0.592,0.716,-0.142,0.802,0.336,3.056,3.116,3.873,3.948,0.146,0.175,0.01,0.099,-0.027,0.033
2021-04-20,CTD4,4180266,698264,0.016619151,0.021617651,0.026235947,0.0064714537,0.0048078406,0.0011826903,0.0011921065,0.0004583774,0.016600635,0.021476049,0.026397144,0.006641423,0.0046626613,0.0011988078,0.23639525,-8.000000000000001e-45,0.412,-0.131,13.913,-0.224,22.056,0.439,-94.353,0.551,-147.822,-0.097,8.143,0.539,-108.266,0.636,-161.735,0.604,-116.409,0.69,-169.878,0.147,-53.469,0.365,0.09,0.067,0.477,0.143,0.106,-2.04,-2.475,-0.454,-3.196,-3.878,-0.957,0.135,0.053,0.039,-1.799,-2.84,-0.521,-2.688,-4.243,-1.047,-1.935,-2.516,-0.56,-2.823,-3.672,-1.099,-0.889,-1.156,-1.403,-0.153,-0.161,-0.443,-0.342,-0.364,-0.853,0.212,0.384,0.327,0.247,0.42,0.361,-0.2,-0.216,-0.409,0.353,0.707,0.488,0.392,0.728,0.514,0.517,0.922,0.748,0.56,0.928,0.763,0.044,0.039,0.035,-3.285,-4.688,0.522,-0.577,0.586,0.026,-2.707,-3.863,0.334,-0.713,0.411,-0.109,1.744,-1.928,1.354,-2.889,2.346,2.385,2.633,0.116,2.243,-0.597,3.157,3.21,-2.753,-4.156,1.054,-0.045,1.118,0.558,0.435,-0.522,0.535,0.081,1.762,-2.116,3.051,3.157,2.918,0.442,4.107,4.25,1.279,0.233,1.356,0.836,0.824,-0.132,0.924,0.471,3.765,3.832,5.068,5.158,0.167,0.206,0.01,0.116,-0.043,0.024,-0.128,13.675,-0.228,22.356,0.428,-90.331,0.561,-154.231,-0.103,8.681,0.528,-104.007,0.643,-167.906,0.598,-112.687,0.7,-176.587,0.175,-63.9,0.361,0.091,0.064,0.48,0.148,0.104,-1.94,-2.384,-0.421,-3.312,-4.071,-1.024,0.144,0.058,0.04,-1.727,-2.745,-0.485,-2.787,-4.432,-1.115,-1.871,-2.42,-0.525,-2.931,-3.792,-1.173,-1.061,-1.372,-1.687,-0.148,-0.157,-0.431,-0.348,-0.375,-0.867,0.208,0.381,0.321,0.249,0.425,0.361,-0.212,-0.231,-0.435,0.345,0.698,0.478,0.391,0.723,0.509,0.519,0.929,0.756,0.571,0.935,0.773,0.052,0.046,0.041,-3.202,-4.888,0.521,-0.651,0.596,0.071,-2.605,-3.977,0.32,-0.796,0.412,-0.073,1.686,-2.106,1.27,-3.162,2.282,2.323,2.747,0.327,2.331,-0.414,3.251,3.309,-2.681,-4.368,1.042,-0.131,1.117,0.592,0.414,-0.611,0.533,0.112,1.644,-2.428,2.953,3.057,3.016,0.631,4.206,4.354,1.281,0.166,1.373,0.888,0.829,-0.195,0.948,0.527,3.694,3.758,5.261,5.352,0.183,0.223,0.028,0.133,-0.029,0.034
2021-04-20,CTD6,4176009,695829,0.007394431,0.009826405,0.011384488,0.0021990987,0.0014139742,0.00036009477,0.00035450244,0.0001387348,0.007430276,0.009835505,0.011368454,0.0021880425,0.0014481591,0.0003617849,0.1537388,-8.000000000000001e-45,0.485,-0.141,33.47,-0.212,47.398,0.542,-319.495,0.679,-571.99,-0.073,13.928,0.634,-352.965,0.748,-605.46,0.676,-366.893,0.779,-619.388,0.217,-252.495,0.381,0.074,0.047,0.466,0.104,0.067,-3.139,-3.637,-0.452,-5.621,-6.512,-1.258,0.103,0.031,0.02,-2.61,-4.018,-0.499,-4.477,-6.893,-1.331,-2.713,-3.605,-0.519,-4.58,-6.086,-1.362,-1.867,-2.481,-2.875,-0.179,-0.19,-0.673,-0.332,-0.355,-1.104,0.245,0.462,0.406,0.282,0.497,0.44,-0.162,-0.177,-0.431,0.406,0.866,0.596,0.448,0.877,0.619,0.533,1.043,0.817,0.579,1.039,0.829,0.046,0.042,0.037,-4.424,-7.299,0.559,-0.803,0.628,0.11,-3.819,-6.3,0.426,-0.906,0.506,0.007,2.499,-3.587,2.204,-4.689,3.219,3.238,4.366,0.761,4.071,0.053,5.006,5.036,-3.848,-6.723,1.136,-0.226,1.205,0.686,0.566,-0.692,0.672,0.22,2.929,-3.583,4.277,4.344,5.41,1.773,6.652,6.756,1.316,-0.016,1.396,0.897,0.861,-0.397,0.967,0.516,4.986,5.033,7.754,7.828,0.154,0.173,0.033,0.1,0.002,0.049,-0.139,32.912,-0.209,46.622,0.545,-322.445,0.674,-555.947,-0.072,13.71,0.636,-355.357,0.743,-588.859,0.677,-369.067,0.774,-602.569,0.203,-233.502,0.374,0.072,0.048,0.459,0.102,0.068,-3.171,-3.666,-0.467,-5.468,-6.32,-1.216,0.102,0.03,0.02,-2.64,-4.04,-0.515,-4.375,-6.694,-1.288,-2.742,-3.63,-0.534,-4.477,-5.927,-1.318,-1.735,-2.297,-2.655,-0.177,-0.188,-0.661,-0.328,-0.349,-1.083,0.247,0.465,0.409,0.282,0.498,0.441,-0.159,-0.173,-0.422,0.407,0.861,0.597,0.446,0.872,0.619,0.532,1.034,0.814,0.575,1.031,0.825,0.043,0.039,0.035,-4.44,-7.095,0.563,-0.755,0.628,0.094,-3.842,-6.138,0.431,-0.857,0.506,-0.008,2.531,-3.396,2.24,-4.454,3.249,3.268,4.266,0.636,3.975,-0.065,4.908,4.938,-3.872,-6.527,1.131,-0.187,1.196,0.662,0.571,-0.646,0.67,0.203,2.965,-3.355,4.3,4.368,5.262,1.596,6.497,6.599,1.308,0.019,1.383,0.868,0.861,-0.355,0.961,0.494,5.001,5.048,7.556,7.628,0.147,0.167,0.028,0.095,-0.002,0.045
2021-04-20,CTD7,4176724,690397,0.012091611,0.017012335,0.018139767,0.0027016143,0.0017238617,0.00043452746,0.00042913455,0.00016766293,0.01210377,0.01695246,0.018257344,0.0027052793,0.0017672337,0.00043872243,0.13289401,-2.878e-42,0.837,-0.169,23.921,-0.2,27.574,0.635,-287.447,0.75,-497.391,-0.032,3.653,0.726,-311.368,0.816,-521.312,0.741,-315.022,0.826,-524.965,0.221,-209.944,0.434,0.065,0.041,0.469,0.074,0.048,-4.89,-5.214,-0.496,-8.462,-9.023,-1.344,0.044,0.01,0.006,-3.765,-5.648,-0.537,-6.304,-9.456,-1.408,-3.809,-5.359,-0.543,-6.348,-8.931,-1.418,-2.539,-3.572,-3.808,-0.236,-0.248,-1.112,-0.307,-0.323,-1.367,0.267,0.501,0.473,0.295,0.526,0.497,-0.076,-0.082,-0.255,0.473,1.036,0.72,0.506,1.033,0.734,0.53,1.117,0.824,0.564,1.11,0.833,0.034,0.032,0.028,-6.004,-9.812,0.562,-0.856,0.616,0.073,-5.631,-9.202,0.508,-0.901,0.565,0.028,3.538,-5.393,3.409,-6.047,4.374,4.381,6.076,0.717,5.948,0.3,6.855,6.865,-5.307,-9.116,1.258,-0.16,1.312,0.769,0.714,-0.629,0.795,0.3,4.797,-4.226,6.155,6.202,8.369,3.154,9.645,9.72,1.341,-0.067,1.399,0.862,0.843,-0.501,0.924,0.428,6.572,6.613,10.299,10.364,0.122,0.128,0.016,0.064,0.006,0.048,-0.167,23.63,-0.203,27.846,0.635,-287.029,0.745,-483.237,-0.037,4.216,0.725,-310.659,0.811,-506.868,0.742,-314.875,0.823,-511.084,0.21,-196.209,0.431,0.064,0.042,0.472,0.075,0.049,-4.866,-5.24,-0.507,-8.192,-8.823,-1.307,0.051,0.011,0.007,-3.76,-5.672,-0.549,-6.135,-9.254,-1.371,-3.811,-5.338,-0.556,-6.186,-8.664,-1.383,-2.375,-3.326,-3.582,-0.231,-0.242,-1.084,-0.313,-0.329,-1.376,0.267,0.502,0.469,0.294,0.526,0.493,-0.088,-0.094,-0.292,0.469,1.027,0.711,0.5,1.025,0.724,0.535,1.121,0.831,0.568,1.114,0.839,0.032,0.031,0.027,-6.035,-9.617,0.566,-0.817,0.617,0.061,-5.603,-8.93,0.503,-0.868,0.559,0.01,3.546,-5.119,3.397,-5.857,4.37,4.377,5.92,0.583,5.772,0.1,6.689,6.701,-5.348,-8.93,1.252,-0.13,1.304,0.747,0.705,-0.602,0.783,0.275,4.758,-4.065,6.12,6.17,8.084,2.844,9.369,9.444,1.349,-0.022,1.404,0.855,0.853,-0.454,0.931,0.424,6.603,6.645,10.108,10.171,0.119,0.127,0.014,0.063,0.002,0.044
2021-04-20,CTD8,4174178,693048,0.012286407,0.016926069,0.017145291,0.002632994,0.0017962089,0.00044094873,0.00044303507,0.00017173178,0.012299568,0.016910356,0.017253911,0.002660453,0.0017997506,0.0004511568,0.13561378,-2.878e-42,0.691,-0.159,22.31,-0.165,23.066,0.647,-298.405,0.745,-475.337,-0.006,0.755,0.731,-320.715,0.808,-497.648,0.734,-321.471,0.81,-498.403,0.189,-176.932,0.383,0.059,0.04,0.39,0.061,0.041,-5.051,-5.116,-0.536,-8.046,-8.15,-1.252,0.009,0.002,0.001,-3.94,-5.499,-0.576,-6.114,-8.532,-1.31,-3.95,-5.441,-0.577,-6.124,-8.436,-1.312,-2.174,-2.995,-3.034,-0.235,-0.245,-1.048,-0.248,-0.26,-1.097,0.283,0.516,0.51,0.308,0.536,0.53,-0.015,-0.016,-0.049,0.486,1.015,0.755,0.514,1.014,0.765,0.497,1.031,0.775,0.525,1.029,0.785,0.029,0.028,0.025,-5.786,-8.819,0.572,-0.74,0.621,0.044,-5.712,-8.707,0.561,-0.749,0.61,0.034,3.679,-4.757,3.653,-4.879,4.56,4.562,5.853,0.412,5.827,0.328,6.685,6.687,-5.134,-8.168,1.224,-0.088,1.273,0.695,0.773,-0.479,0.841,0.305,5.033,-3.117,6.282,6.324,8.028,2.912,9.209,9.27,1.24,-0.07,1.289,0.713,0.799,-0.453,0.867,0.331,6.366,6.406,9.331,9.39,0.108,0.11,0.009,0.051,0.007,0.047,-0.158,22.168,-0.168,23.346,0.644,-294.572,0.745,-474.329,-0.01,1.177,0.728,-316.74,0.808,-496.497,0.733,-317.918,0.811,-497.675,0.193,-179.757,0.382,0.059,0.04,0.395,0.062,0.042,-4.981,-5.083,-0.53,-8.021,-8.184,-1.262,0.014,0.003,0.002,-3.896,-5.465,-0.57,-6.107,-8.567,-1.321,-3.91,-5.376,-0.572,-6.121,-8.416,-1.324,-2.211,-3.04,-3.102,-0.232,-0.242,-1.034,-0.253,-0.265,-1.111,0.282,0.515,0.506,0.307,0.537,0.527,-0.023,-0.024,-0.077,0.482,1.011,0.748,0.511,1.01,0.759,0.5,1.035,0.78,0.529,1.033,0.79,0.029,0.029,0.025,-5.758,-8.859,0.573,-0.751,0.623,0.051,-5.643,-8.683,0.556,-0.765,0.606,0.036,3.643,-4.773,3.603,-4.964,4.517,4.519,5.854,0.478,5.814,0.349,6.677,6.68,-5.11,-8.212,1.221,-0.103,1.271,0.698,0.764,-0.498,0.834,0.304,4.953,-3.231,6.21,6.252,7.993,2.911,9.18,9.242,1.245,-0.075,1.296,0.726,0.804,-0.458,0.874,0.344,6.339,6.379,9.371,9.43,0.11,0.112,0.011,0.053,0.008,0.048
2021-04-20,CTD10,4170388,695646,0.008185331,0.0114467405,0.011150309,0.0015670724,0.001057886,0.000253874,0.00024900015,9.562092e-05,0.008124779,0.011428021,0.011167153,0.0015825264,0.0010443447,0.00026154236,0.14506948,-2.878e-42,0.53,-0.166,34.809,-0.153,32.486,0.679,-515.963,0.771,-823.112,0.013,-2.322,0.759,-550.771,0.831,-857.92,0.754,-548.449,0.827,-855.598,0.194,-307.149,0.388,0.055,0.037,0.372,0.051,0.034,-5.906,-5.753,-0.546,-9.422,-9.178,-1.29,-0.019,-0.004,-0.002,-4.508,-6.141,-0.583,-7.022,-9.566,-1.344,-4.489,-6.278,-0.58,-7.003,-9.794,-1.341,-2.514,-3.516,-3.425,-0.256,-0.267,-1.242,-0.228,-0.237,-1.13,0.293,0.529,0.542,0.315,0.548,0.56,0.03,0.032,0.113,0.511,1.069,0.809,0.537,1.065,0.817,0.488,1.037,0.766,0.514,1.035,0.776,0.026,0.026,0.023,-6.4,-9.825,0.575,-0.766,0.62,0.04,-6.57,-10.086,0.597,-0.747,0.642,0.059,4.197,-5.597,4.249,-5.317,5.131,5.128,6.711,0.433,6.763,0.622,7.601,7.597,-5.717,-9.142,1.258,-0.083,1.304,0.723,0.835,-0.455,0.897,0.352,5.942,-3.236,7.175,7.21,9.458,3.705,10.629,10.68,1.225,-0.119,1.27,0.687,0.783,-0.507,0.845,0.299,6.986,7.023,10.349,10.403,0.099,0.097,0.008,0.042,0.011,0.048,-0.169,35.576,-0.158,33.532,0.674,-508.821,0.772,-834.458,0.012,-2.044,0.757,-544.397,0.833,-870.034,0.752,-542.353,0.829,-867.99,0.205,-325.637,0.397,0.056,0.037,0.383,0.053,0.035,-5.815,-5.682,-0.531,-9.536,-9.319,-1.321,-0.017,-0.003,-0.002,-4.423,-6.079,-0.569,-7.069,-9.716,-1.377,-4.406,-6.198,-0.566,-7.052,-9.919,-1.374,-2.646,-3.721,-3.636,-0.259,-0.271,-1.257,-0.234,-0.244,-1.158,0.29,0.525,0.536,0.313,0.544,0.555,0.027,0.028,0.099,0.51,1.074,0.806,0.538,1.07,0.814,0.49,1.045,0.768,0.518,1.043,0.778,0.028,0.028,0.024,-6.346,-9.982,0.569,-0.804,0.617,0.051,-6.494,-10.215,0.589,-0.788,0.636,0.068,4.111,-5.809,4.157,-5.559,5.043,5.041,6.756,0.558,6.803,0.723,7.641,7.638,-5.65,-9.286,1.265,-0.109,1.313,0.747,0.829,-0.492,0.895,0.363,5.847,-3.472,7.093,7.128,9.568,3.886,10.748,10.801,1.236,-0.141,1.283,0.715,0.782,-0.538,0.849,0.317,6.928,6.965,10.498,10.554,0.103,0.101,0.01,0.045,0.013,0.05
2021-04-20,CTD11,4169609,700351,0.017790597,0.024965497,0.029611098,0.0049086628,0.0032229433,0.00078937545,0.0007904481,0.00030363552,0.017832585,0.024885984,0.03003721,0.004985885,0.0032338756,0.0008014668,0.11534189,-8.000000000000001e-45,0.296,-0.168,16.154,-0.249,22.438,0.568,-147.512,0.693,-254.066,-0.085,6.284,0.671,-163.666,0.771,-270.22,0.716,-169.95,0.804,-276.504,0.207,-106.554,0.478,0.079,0.052,0.56,0.11,0.072,-3.683,-4.368,-0.475,-6.343,-7.523,-1.247,0.112,0.031,0.02,-2.912,-4.846,-0.527,-4.807,-8.002,-1.326,-3.024,-4.243,-0.548,-4.919,-6.903,-1.357,-1.896,-2.66,-3.155,-0.208,-0.219,-0.882,-0.396,-0.419,-1.454,0.236,0.457,0.392,0.267,0.488,0.422,-0.205,-0.221,-0.571,0.423,0.954,0.611,0.459,0.958,0.63,0.578,1.176,0.876,0.617,1.163,0.883,0.039,0.036,0.031,-5.32,-8.475,0.547,-0.81,0.604,0.056,-4.485,-7.145,0.404,-0.922,0.472,-0.056,2.781,-4.122,2.438,-5.563,3.495,3.515,4.677,0.434,4.334,-0.512,5.323,5.354,-4.629,-7.784,1.238,-0.12,1.294,0.747,0.567,-0.68,0.662,0.187,3.422,-4.102,4.905,4.977,6.082,1.714,7.47,7.58,1.468,0.141,1.535,1.008,0.91,-0.337,1.005,0.529,5.851,5.903,8.912,8.991,0.147,0.167,0.015,0.088,-0.015,0.037,-0.165,15.894,-0.255,22.785,0.563,-144.489,0.693,-253.149,-0.094,6.891,0.666,-160.383,0.77,-269.043,0.715,-167.274,0.806,-275.934,0.213,-108.66,0.477,0.079,0.051,0.567,0.114,0.074,-3.596,-4.34,-0.467,-6.3,-7.604,-1.262,0.123,0.034,0.022,-2.86,-4.817,-0.519,-4.798,-8.081,-1.341,-2.983,-4.163,-0.541,-4.921,-6.867,-1.376,-1.938,-2.704,-3.264,-0.201,-0.212,-0.858,-0.409,-0.434,-1.485,0.234,0.457,0.386,0.266,0.489,0.417,-0.226,-0.245,-0.627,0.416,0.945,0.598,0.452,0.949,0.618,0.586,1.189,0.891,0.627,1.175,0.897,0.041,0.037,0.032,-5.308,-8.572,0.551,-0.825,0.609,0.068,-4.398,-7.102,0.393,-0.948,0.464,-0.055,2.748,-4.119,2.37,-5.712,3.447,3.469,4.686,0.523,4.307,-0.51,5.314,5.348,-4.629,-7.893,1.23,-0.146,1.288,0.747,0.549,-0.713,0.647,0.18,3.307,-4.297,4.81,4.884,6.011,1.671,7.416,7.529,1.484,0.143,1.554,1.036,0.927,-0.335,1.026,0.558,5.843,5.895,9.009,9.088,0.15,0.172,0.019,0.093,-0.015,0.036
2021-04-20,CTD12,4173438,695414,0.008253322,0.011699437,0.013742381,0.0021436734,0.0018688457,0.0004070967,0.00041607145,0.00015384295,0.008231143,0.011614326,0.013800912,0.0021626358,0.0016275255,0.00045097654,0.19639218,-2.878e-42,0.537,-0.173,35.689,-0.25,48.396,0.588,-345.326,0.631,-413.926,-0.08,12.707,0.69,-381.015,0.725,-449.615,0.73,-393.721,0.761,-462.322,0.068,-68.601,0.49,0.077,0.067,0.566,0.104,0.09,-4.04,-4.746,-0.645,-4.843,-5.688,-0.887,0.105,0.027,0.024,-3.145,-5.236,-0.712,-3.711,-6.179,-0.964,-3.25,-4.606,-0.736,-3.816,-5.409,-0.991,-0.566,-0.803,-0.943,-0.217,-0.221,-0.859,-0.397,-0.405,-1.368,0.24,0.45,0.391,0.251,0.461,0.402,-0.196,-0.202,-0.509,0.434,0.944,0.612,0.447,0.946,0.619,0.581,1.146,0.855,0.595,1.142,0.858,0.014,0.012,0.011,-5.705,-6.648,0.549,-0.442,0.569,-0.166,-4.857,-5.66,0.417,-0.546,0.441,-0.271,2.999,-2.41,2.675,-3.503,3.69,3.714,3.565,-1.041,3.242,-1.994,4.233,4.26,-4.993,-5.936,1.262,0.27,1.282,0.546,0.592,-0.296,0.625,-0.02,3.793,-1.896,5.231,5.322,4.595,-0.15,6.001,6.104,1.482,0.518,1.505,0.793,0.915,0.028,0.948,0.303,6.184,6.251,7.094,7.17,0.1,0.124,-0.043,0.047,-0.07,-0.004,-0.17,35.389,-0.253,49.031,0.584,-340.909,0.67,-492.94,-0.086,13.642,0.686,-376.298,0.754,-528.329,0.729,-389.94,0.789,-541.971,0.141,-152.031,0.488,0.077,0.058,0.569,0.106,0.08,-3.959,-4.705,-0.555,-5.725,-6.803,-1.066,0.112,0.03,0.022,-3.097,-5.193,-0.612,-4.349,-7.291,-1.143,-3.21,-4.529,-0.635,-4.461,-6.295,-1.172,-1.251,-1.766,-2.098,-0.212,-0.219,-0.893,-0.404,-0.421,-1.47,0.239,0.458,0.393,0.26,0.479,0.414,-0.21,-0.222,-0.577,0.429,0.959,0.613,0.453,0.961,0.626,0.586,1.181,0.879,0.613,1.171,0.884,0.027,0.024,0.021,-5.673,-7.771,0.552,-0.62,0.591,-0.044,-4.774,-6.54,0.41,-0.732,0.456,-0.156,2.965,-3.33,2.618,-4.674,3.666,3.688,4.216,-0.313,3.869,-1.324,4.871,4.901,-4.971,-7.069,1.254,0.082,1.293,0.658,0.579,-0.487,0.644,0.089,3.694,-3.109,5.173,5.253,5.46,0.755,6.873,6.979,1.49,0.348,1.537,0.924,0.926,-0.141,0.991,0.436,6.184,6.241,8.217,8.293,0.123,0.145,-0.012,0.068,-0.041,0.017
2021-05-20,CTD1,4187246,695025,0.009101198,0.012684461,0.018260507,0.005760071,0.0042942516,0.0011672524,0.0011565501,0.00047358783,0.009129958,0.0126885185,0.0182806,0.0057939216,0.004357,0.0011916076,0.23415785,-8.000000000000001e-45,0.282,-0.164,31.039,-0.335,55.113,0.225,-63.733,0.359,-122.994,-0.18,24.074,0.375,-94.772,0.494,-154.033,0.52,-118.846,0.619,-178.106,0.146,-59.26,0.567,0.179,0.133,0.699,0.317,0.237,-0.808,-1.164,-0.274,-1.56,-2.246,-0.708,0.219,0.139,0.103,-0.863,-1.731,-0.407,-1.402,-2.813,-0.887,-1.082,-1.507,-0.51,-1.621,-2.259,-1.026,-0.539,-0.752,-1.082,-0.149,-0.159,-0.356,-0.497,-0.539,-0.911,0.108,0.197,0.148,0.155,0.261,0.2,-0.375,-0.416,-0.555,0.253,0.517,0.307,0.307,0.565,0.349,0.574,0.933,0.736,0.641,0.94,0.757,0.067,0.054,0.047,-2.453,-3.535,0.402,-0.624,0.482,-0.028,-1.704,-2.455,0.044,-0.843,0.16,-0.247,0.885,-1.374,0.14,-2.672,1.242,1.345,1.425,-0.083,0.68,-1.051,1.665,1.804,-1.776,-2.859,1.078,0.052,1.159,0.648,0.062,-0.647,0.223,-0.051,0.196,-2.05,1.73,1.967,0.947,-0.216,2.321,2.638,1.552,0.665,1.668,1.261,0.807,0.098,0.968,0.694,2.698,2.832,3.619,3.798,0.294,0.398,-0.018,0.219,-0.156,-0.023,-0.163,30.718,-0.334,54.827,0.224,-63.065,0.354,-119.986,-0.181,24.109,0.373,-93.783,0.489,-150.704,0.519,-117.892,0.615,-174.813,0.142,-56.921,0.562,0.178,0.134,0.696,0.318,0.239,-0.8,-1.153,-0.275,-1.522,-2.193,-0.695,0.22,0.14,0.105,-0.856,-1.714,-0.409,-1.376,-2.755,-0.873,-1.076,-1.496,-0.514,-1.596,-2.218,-1.013,-0.52,-0.722,-1.041,-0.148,-0.157,-0.351,-0.495,-0.537,-0.901,0.108,0.196,0.147,0.154,0.258,0.198,-0.375,-0.415,-0.551,0.252,0.511,0.305,0.304,0.558,0.346,0.572,0.926,0.733,0.638,0.933,0.753,0.066,0.052,0.046,-2.436,-3.476,0.403,-0.61,0.481,-0.032,-1.691,-2.413,0.043,-0.83,0.156,-0.253,0.882,-1.336,0.135,-2.62,1.232,1.337,1.401,-0.095,0.655,-1.06,1.639,1.779,-1.765,-2.806,1.073,0.06,1.151,0.638,0.059,-0.636,0.217,-0.058,0.188,-2.006,1.713,1.952,0.91,-0.243,2.278,2.595,1.546,0.672,1.659,1.25,0.806,0.111,0.963,0.689,2.678,2.812,3.561,3.739,0.291,0.396,-0.021,0.218,-0.16,-0.026
2021-05-20,CTD2,4181518,693105,0.0147339115,0.0195712,0.022639623,0.006976293,0.004631822,0.0012974618,0.0012776422,0.00052555243,0.014639959,0.019677665,0.02252499,0.006986918,0.004865358,0.0012468697,0.002468386,-8.000000000000001e-45,0.387,-0.141,16.775,-0.212,23.7,0.357,-75.472,0.522,-148.027,-0.073,6.925,0.474,-92.247,0.617,-164.802,0.529,-99.172,0.66,-171.727,0.202,-72.555,0.38,0.117,0.078,0.464,0.165,0.11,-1.477,-1.709,-0.35,-2.897,-3.351,-1.033,0.102,0.048,0.032,-1.359,-2.088,-0.427,-2.428,-3.731,-1.15,-1.461,-1.941,-0.459,-2.53,-3.361,-1.198,-1.069,-1.42,-1.643,-0.163,-0.177,-0.417,-0.298,-0.327,-0.681,0.184,0.321,0.284,0.239,0.381,0.341,-0.141,-0.158,-0.264,0.337,0.65,0.462,0.4,0.688,0.504,0.457,0.809,0.647,0.525,0.829,0.678,0.068,0.063,0.056,-2.492,-4.135,0.445,-0.753,0.548,0.089,-2.155,-3.575,0.294,-0.855,0.414,-0.013,1.248,-2.113,0.955,-2.776,1.875,1.907,2.317,0.376,2.024,-0.064,2.825,2.873,-1.917,-3.56,1.02,-0.178,1.124,0.664,0.391,-0.642,0.55,0.201,1.269,-2.082,2.491,2.601,2.689,0.98,3.752,3.917,1.18,0.03,1.3,0.873,0.683,-0.349,0.842,0.493,2.931,3.009,4.414,4.531,0.237,0.269,0.042,0.152,-0.006,0.071,-0.147,17.487,-0.212,23.911,0.354,-74.818,0.501,-137.229,-0.067,6.424,0.476,-92.306,0.604,-154.716,0.527,-98.729,0.645,-161.14,0.179,-62.41,0.394,0.122,0.085,0.471,0.167,0.116,-1.472,-1.685,-0.364,-2.7,-3.091,-0.959,0.094,0.045,0.031,-1.351,-2.079,-0.449,-2.265,-3.485,-1.081,-1.445,-1.943,-0.48,-2.359,-3.171,-1.126,-0.914,-1.228,-1.406,-0.171,-0.184,-0.425,-0.296,-0.321,-0.665,0.181,0.312,0.279,0.232,0.367,0.331,-0.132,-0.146,-0.24,0.341,0.651,0.463,0.399,0.685,0.502,0.453,0.797,0.633,0.515,0.817,0.662,0.062,0.057,0.05,-2.48,-3.886,0.434,-0.692,0.528,0.048,-2.166,-3.395,0.295,-0.786,0.403,-0.046,1.222,-1.949,0.951,-2.534,1.848,1.879,2.135,0.193,1.864,-0.215,2.654,2.699,-1.88,-3.286,1.034,-0.092,1.128,0.648,0.396,-0.562,0.541,0.177,1.278,-1.813,2.484,2.6,2.506,0.821,3.567,3.734,1.184,0.103,1.291,0.842,0.667,-0.291,0.812,0.448,2.892,2.977,4.152,4.275,0.23,0.261,0.023,0.139,-0.022,0.063
2021-05-20,CTD3,4181698,695238,0.015064328,0.019544773,0.021190844,0.0062915147,0.003969053,0.0011264274,0.0011291548,0.0004617757,0.015078397,0.01962562,0.02103926,0.0063048345,0.004294642,0.0010744438,0.0011212104,-8.000000000000001e-45,0.339,-0.129,15.217,-0.169,19.192,0.411,-92.562,0.583,-185.567,-0.04,3.974,0.513,-107.78,0.662,-200.785,0.542,-111.754,0.684,-204.759,0.226,-93.005,0.322,0.096,0.06,0.375,0.121,0.076,-1.809,-1.961,-0.367,-3.627,-3.932,-1.167,0.06,0.025,0.016,-1.624,-2.284,-0.428,-3.025,-4.255,-1.263,-1.683,-2.184,-0.444,-3.085,-4.002,-1.288,-1.401,-1.818,-1.971,-0.163,-0.178,-0.437,-0.237,-0.261,-0.597,0.215,0.373,0.349,0.272,0.429,0.404,-0.077,-0.086,-0.16,0.366,0.696,0.527,0.43,0.729,0.567,0.431,0.783,0.634,0.498,0.806,0.667,0.067,0.064,0.057,-2.597,-4.568,0.474,-0.814,0.583,0.14,-2.396,-4.213,0.389,-0.874,0.508,0.08,1.472,-2.53,1.31,-2.945,2.191,2.207,2.873,0.689,2.711,0.427,3.474,3.499,-2.071,-4.042,1.001,-0.288,1.11,0.667,0.505,-0.663,0.659,0.291,1.7,-2.232,2.843,2.919,3.518,1.556,4.507,4.627,1.085,-0.178,1.204,0.776,0.667,-0.501,0.821,0.453,3.105,3.165,4.921,5.017,0.215,0.23,0.058,0.135,0.033,0.094,-0.131,15.366,-0.165,18.79,0.41,-92.288,0.557,-166.528,-0.035,3.424,0.514,-107.655,0.641,-181.894,0.539,-111.078,0.661,-185.318,0.19,-74.24,0.323,0.097,0.066,0.369,0.118,0.081,-1.811,-1.942,-0.396,-3.268,-3.504,-1.05,0.052,0.022,0.015,-1.623,-2.265,-0.462,-2.743,-3.827,-1.147,-1.675,-2.18,-0.477,-2.794,-3.637,-1.168,-1.119,-1.457,-1.562,-0.166,-0.179,-0.429,-0.23,-0.249,-0.562,0.216,0.367,0.346,0.265,0.416,0.394,-0.066,-0.073,-0.133,0.369,0.688,0.526,0.424,0.717,0.561,0.425,0.761,0.616,0.482,0.783,0.646,0.058,0.056,0.049,-2.569,-4.131,0.469,-0.7,0.564,0.087,-2.396,-3.853,0.395,-0.751,0.498,0.036,1.459,-2.178,1.32,-2.507,2.173,2.187,2.578,0.398,2.439,0.174,3.19,3.211,-2.035,-3.597,1.002,-0.166,1.097,0.62,0.515,-0.535,0.648,0.252,1.717,-1.786,2.828,2.909,3.174,1.233,4.152,4.27,1.074,-0.073,1.176,0.714,0.654,-0.396,0.787,0.391,3.052,3.118,4.481,4.578,0.199,0.214,0.036,0.117,0.015,0.081
2021-05-20,CTD4,4180266,698264,0.016183047,0.021400567,0.02386672,0.006501227,0.005172346,0.0012776662,0.0012900282,0.00049869536,0.0161457,0.021255735,0.02425104,0.006888605,0.00497878,0.0013500812,0.24236295,-8.000000000000001e-45,0.288,-0.139,15.065,-0.192,19.894,0.427,-92.024,0.516,-131.543,-0.054,4.828,0.534,-107.089,0.611,-146.608,0.572,-111.918,0.644,-151.437,0.114,-39.519,0.36,0.098,0.078,0.426,0.129,0.103,-1.969,-2.196,-0.476,-2.815,-3.139,-0.855,0.078,0.031,0.025,-1.733,-2.556,-0.554,-2.373,-3.499,-0.953,-1.811,-2.395,-0.579,-2.451,-3.241,-0.985,-0.64,-0.846,-0.943,-0.172,-0.18,-0.447,-0.275,-0.289,-0.658,0.214,0.364,0.333,0.243,0.395,0.363,-0.109,-0.115,-0.211,0.372,0.698,0.513,0.405,0.715,0.534,0.462,0.813,0.654,0.497,0.824,0.67,0.035,0.033,0.029,-2.915,-3.858,0.484,-0.501,0.539,-0.039,-2.614,-3.459,0.374,-0.579,0.436,-0.118,1.593,-1.648,1.374,-2.125,2.248,2.273,2.232,-0.163,2.014,-0.542,2.825,2.856,-2.349,-3.292,1.05,0.065,1.106,0.527,0.495,-0.36,0.577,0.101,1.817,-1.323,2.972,3.075,2.663,0.466,3.736,3.865,1.171,0.218,1.233,0.679,0.714,-0.142,0.796,0.32,3.351,3.429,4.213,4.311,0.16,0.185,-0.016,0.087,-0.047,0.031,-0.137,14.89,-0.201,20.701,0.402,-83.231,0.529,-138.916,-0.066,5.811,0.51,-98.121,0.62,-153.806,0.558,-103.932,0.659,-159.617,0.161,-55.685,0.361,0.103,0.074,0.44,0.143,0.103,-1.769,-2.018,-0.414,-2.953,-3.369,-0.957,0.094,0.04,0.029,-1.584,-2.38,-0.489,-2.483,-3.73,-1.06,-1.678,-2.209,-0.517,-2.577,-3.393,-1.1,-0.899,-1.184,-1.35,-0.164,-0.175,-0.431,-0.288,-0.309,-0.683,0.203,0.353,0.317,0.245,0.397,0.359,-0.13,-0.142,-0.252,0.356,0.68,0.492,0.403,0.707,0.523,0.464,0.822,0.662,0.515,0.837,0.685,0.051,0.047,0.042,-2.761,-4.111,0.476,-0.624,0.554,0.037,-2.42,-3.603,0.342,-0.718,0.432,-0.057,1.467,-1.925,1.203,-2.527,2.11,2.139,2.366,0.157,2.102,-0.278,2.919,2.959,-2.204,-3.554,1.032,-0.067,1.111,0.594,0.45,-0.507,0.568,0.154,1.584,-1.785,2.777,2.88,2.767,0.749,3.843,3.985,1.178,0.118,1.268,0.779,0.714,-0.243,0.833,0.418,3.212,3.286,4.444,4.547,0.192,0.221,0.016,0.119,-0.024,0.05
2021-05-20,CTD6,4176009,695829,0.016613487,0.021984097,0.019662173,0.005217111,0.0027047272,0.000832322,0.00083897065,0.00034958043,0.016699161,0.022275943,0.019262563,0.005242752,0.0032716866,0.00074734516,0.00016770992,-8.000000000000001e-45,0.309,-0.139,14.705,-0.084,9.333,0.522,-131.485,0.72,-309.531,0.056,-5.372,0.616,-146.19,0.781,-324.236,0.581,-140.818,0.758,-318.864,0.317,-178.046,0.289,0.077,0.04,0.205,0.049,0.025,-2.891,-2.585,-0.356,-6.805,-6.086,-1.615,-0.089,-0.028,-0.015,-2.429,-2.874,-0.395,-5.387,-6.375,-1.692,-2.339,-3.096,-0.381,-5.297,-7.01,-1.664,-2.958,-3.914,-3.501,-0.216,-0.24,-0.678,-0.112,-0.123,-0.385,0.274,0.462,0.51,0.334,0.511,0.559,0.106,0.12,0.293,0.462,0.868,0.75,0.531,0.883,0.775,0.374,0.748,0.585,0.439,0.777,0.623,0.065,0.069,0.06,-3.013,-6.514,0.49,-1.173,0.618,0.237,-3.369,-7.283,0.608,-1.084,0.722,0.327,2.066,-4.944,2.29,-4.085,3.061,3.047,5.024,1.929,5.248,2.374,5.905,5.877,-2.446,-5.946,1.058,-0.606,1.186,0.805,0.804,-0.811,0.955,0.6,3.03,-3.056,4.051,4.076,6.945,4.359,7.814,7.863,0.946,-0.745,1.06,0.665,0.58,-1.035,0.732,0.376,3.606,3.646,6.956,7.032,0.191,0.176,0.075,0.1,0.103,0.142,-0.143,14.992,-0.071,7.969,0.522,-130.856,0.672,-245.77,0.073,-7.023,0.619,-145.848,0.744,-260.761,0.572,-138.825,0.71,-253.739,0.231,-114.913,0.289,0.079,0.049,0.178,0.042,0.026,-2.915,-2.521,-0.428,-5.475,-4.734,-1.289,-0.117,-0.037,-0.023,-2.436,-2.809,-0.477,-4.354,-5.023,-1.367,-2.318,-3.092,-0.454,-4.237,-5.652,-1.33,-1.919,-2.56,-2.214,-0.228,-0.247,-0.655,-0.093,-0.1,-0.301,0.276,0.448,0.508,0.323,0.488,0.548,0.137,0.151,0.354,0.474,0.853,0.756,0.528,0.866,0.776,0.36,0.702,0.549,0.41,0.729,0.581,0.051,0.055,0.047,-2.924,-5.138,0.477,-0.853,0.58,0.126,-3.382,-5.942,0.632,-0.736,0.72,0.243,2.029,-3.624,2.32,-2.702,3.038,3.015,3.948,0.855,4.239,1.43,4.869,4.832,-2.34,-4.554,1.062,-0.269,1.164,0.71,0.842,-0.446,0.961,0.532,3.095,-1.639,4.053,4.079,5.655,3.135,6.495,6.537,0.918,-0.449,1.007,0.529,0.551,-0.738,0.669,0.241,3.478,3.527,5.574,5.652,0.167,0.144,0.039,0.066,0.076,0.125
2021-05-20,CTD7,4176724,690397,0.015141623,0.024405776,0.036621742,0.013273679,0.009072022,0.0022817748,0.0022780253,0.0009055106,0.01510151,0.024505526,0.036681015,0.013584027,0.009314202,0.0021934223,0.11584147,-8.000000000000001e-45,0.51,-0.234,25.069,-0.415,38.737,0.066,-9.294,0.251,-44.186,-0.2,13.668,0.295,-34.363,0.458,-69.255,0.468,-48.031,0.603,-82.923,0.188,-34.892,0.918,0.333,0.227,0.945,0.514,0.351,-0.227,-0.34,-0.084,-1.078,-1.618,-0.587,0.207,0.181,0.124,-0.52,-1.258,-0.312,-1.049,-2.536,-0.919,-0.727,-1.172,-0.436,-1.256,-2.024,-1.101,-0.528,-0.852,-1.278,-0.186,-0.203,-0.415,-0.57,-0.642,-0.961,0.031,0.056,0.041,0.099,0.161,0.122,-0.43,-0.505,-0.547,0.215,0.46,0.244,0.296,0.54,0.307,0.59,0.964,0.697,0.697,0.97,0.731,0.106,0.081,0.069,-2.139,-3.416,0.258,-0.843,0.373,-0.063,-1.425,-2.277,-0.13,-1.05,0.042,-0.27,0.474,-1.549,-0.36,-2.896,0.769,0.893,1.003,-0.17,0.169,-1.09,1.125,1.307,-1.147,-2.425,1.249,0.149,1.364,0.928,-0.21,-0.797,0.067,-0.017,-0.58,-2.198,1.24,1.591,0.272,-0.069,1.814,2.328,1.875,0.955,2.047,1.735,0.624,0.037,0.901,0.817,2.16,2.387,3.16,3.493,0.505,0.629,-0.055,0.296,-0.237,-0.009,-0.237,25.411,-0.417,38.956,0.053,-7.397,0.237,-41.144,-0.199,13.545,0.287,-32.809,0.449,-66.556,0.46,-46.354,0.595,-80.101,0.186,-33.747,0.932,0.345,0.237,0.955,0.529,0.363,-0.181,-0.271,-0.069,-1.008,-1.509,-0.559,0.205,0.184,0.126,-0.495,-1.203,-0.306,-1.005,-2.441,-0.904,-0.7,-1.136,-0.432,-1.21,-1.963,-1.088,-0.51,-0.827,-1.238,-0.187,-0.204,-0.411,-0.567,-0.638,-0.942,0.025,0.045,0.033,0.095,0.152,0.115,-0.424,-0.499,-0.532,0.211,0.447,0.237,0.293,0.53,0.302,0.583,0.946,0.683,0.691,0.954,0.718,0.108,0.082,0.07,-2.084,-3.322,0.246,-0.842,0.362,-0.069,-1.392,-2.219,-0.143,-1.047,0.032,-0.274,0.444,-1.519,-0.385,-2.826,0.732,0.858,0.953,-0.183,0.124,-1.079,1.067,1.251,-1.078,-2.315,1.252,0.164,1.369,0.937,-0.231,-0.79,0.051,-0.018,-0.625,-2.134,1.187,1.55,0.202,-0.069,1.731,2.261,1.875,0.971,2.049,1.743,0.597,0.038,0.88,0.811,2.084,2.32,3.039,3.384,0.519,0.646,-0.062,0.3,-0.246,-0.01
2021-05-20,CTD8,4174178,693048,0.0063108723,0.007911396,0.012473497,0.0043615364,0.0043474897,0.0012426799,0.0011827346,0.00047111599,0.0063989847,0.0077821915,0.012522795,0.004504315,0.0035538904,0.001377786,0.7443097,-8.000000000000001e-45,0.446,-0.113,32.057,-0.328,78.287,0.183,-70.82,0.184,-71.561,-0.224,46.23,0.289,-102.877,0.291,-103.618,0.482,-149.107,0.483,-149.848,0.002,-0.741,0.4,0.14,0.139,0.619,0.341,0.34,-0.56,-0.883,-0.308,-0.566,-0.893,-0.312,0.292,0.202,0.201,-0.649,-1.283,-0.447,-0.654,-1.292,-0.452,-0.941,-1.18,-0.648,-0.946,-1.186,-0.654,-0.005,-0.006,-0.009,-0.095,-0.095,-0.184,-0.502,-0.503,-0.708,0.096,0.159,0.116,0.096,0.16,0.117,-0.427,-0.428,-0.524,0.189,0.333,0.211,0.19,0.334,0.212,0.57,0.761,0.662,0.571,0.761,0.662,0.001,0.001,0.001,-2.062,-2.071,0.448,-0.206,0.449,-0.199,-1.308,-1.314,-0.045,-0.497,-0.044,-0.491,0.813,-0.373,-0.13,-1.422,0.897,1.098,0.817,-0.362,-0.125,-1.408,0.9,1.102,-1.606,-1.616,0.904,0.25,0.905,0.257,-0.057,-0.369,-0.055,-0.363,-0.163,-1.055,1.125,1.465,-0.157,-1.04,1.129,1.47,1.425,0.973,1.427,0.98,0.886,0.573,0.888,0.58,2.171,2.31,2.178,2.318,0.142,0.343,-0.138,0.203,-0.339,-0.2,-0.098,27.776,-0.324,76.42,0.174,-65.735,0.286,-125.107,-0.233,48.644,0.267,-93.511,0.373,-152.883,0.471,-142.155,0.558,-201.527,0.118,-59.372,0.348,0.125,0.099,0.595,0.344,0.272,-0.512,-0.823,-0.234,-0.974,-1.567,-0.564,0.311,0.219,0.173,-0.598,-1.171,-0.332,-0.978,-1.915,-0.689,-0.91,-1.106,-0.505,-1.29,-1.568,-0.908,-0.38,-0.462,-0.744,-0.081,-0.086,-0.172,-0.498,-0.54,-0.76,0.093,0.167,0.118,0.14,0.232,0.167,-0.435,-0.476,-0.588,0.173,0.329,0.204,0.223,0.388,0.248,0.565,0.806,0.707,0.632,0.823,0.73,0.067,0.05,0.047,-1.958,-2.701,0.463,-0.445,0.538,0.033,-1.217,-1.679,-0.068,-0.756,0.054,-0.278,0.799,-0.769,-0.189,-2.103,0.964,1.137,1.179,0.073,0.191,-0.98,1.222,1.441,-1.564,-2.308,0.856,-0.051,0.932,0.427,-0.082,-0.646,0.066,-0.168,-0.229,-1.796,1.172,1.444,0.233,-0.59,1.486,1.83,1.378,0.69,1.5,1.168,0.905,0.342,1.054,0.82,2.225,2.324,2.82,2.945,0.247,0.42,0.023,0.295,-0.196,-0.097
2021-05-20,CTD10,4170388,695646,0.01708423,0.023072435,0.023554126,0.005454497,0.0033898603,0.00091116165,0.0009280894,0.0003750501,0.017092746,0.023228366,0.023342764,0.005494879,0.0035818913,0.0008796119,0.010103998,-8.000000000000001e-45,0.453,-0.149,15.192,-0.159,16.078,0.516,-124.801,0.669,-236.464,-0.01,0.886,0.618,-139.993,0.744,-251.656,0.624,-140.88,0.748,-252.542,0.233,-111.662,0.358,0.083,0.051,0.371,0.088,0.055,-2.879,-2.94,-0.423,-5.456,-5.57,-1.29,0.015,0.005,0.003,-2.392,-3.297,-0.475,-4.299,-5.928,-1.373,-2.407,-3.25,-0.478,-4.314,-5.827,-1.377,-1.908,-2.576,-2.63,-0.206,-0.222,-0.677,-0.227,-0.244,-0.732,0.249,0.439,0.432,0.294,0.48,0.472,-0.021,-0.024,-0.054,0.434,0.86,0.654,0.484,0.873,0.679,0.451,0.884,0.684,0.502,0.895,0.707,0.051,0.051,0.044,-3.578,-6.208,0.509,-0.869,0.597,0.119,-3.505,-6.081,0.489,-0.884,0.578,0.104,2.153,-3.674,2.111,-3.816,2.985,2.988,4.06,0.81,4.019,0.722,4.803,4.808,-2.968,-5.598,1.119,-0.259,1.207,0.729,0.66,-0.63,0.781,0.358,2.851,-2.718,4.032,4.086,5.428,2.488,6.487,6.575,1.142,-0.23,1.232,0.757,0.702,-0.588,0.822,0.399,4.12,4.171,6.629,6.712,0.172,0.175,0.038,0.092,0.033,0.085,-0.152,15.454,-0.155,15.665,0.513,-123.483,0.653,-220.678,-0.002,0.211,0.617,-138.937,0.733,-236.131,0.619,-139.148,0.734,-236.342,0.211,-97.194,0.361,0.085,0.055,0.364,0.086,0.056,-2.868,-2.882,-0.442,-5.126,-5.151,-1.213,0.004,0.001,0.001,-2.375,-3.243,-0.498,-4.036,-5.512,-1.298,-2.378,-3.232,-0.498,-4.04,-5.49,-1.299,-1.661,-2.258,-2.269,-0.213,-0.228,-0.676,-0.218,-0.233,-0.689,0.249,0.433,0.431,0.29,0.47,0.469,-0.005,-0.006,-0.013,0.439,0.858,0.659,0.486,0.87,0.681,0.443,0.863,0.666,0.49,0.875,0.688,0.047,0.047,0.041,-3.512,-5.781,0.5,-0.798,0.582,0.084,-3.495,-5.753,0.496,-0.802,0.578,0.08,2.116,-3.374,2.106,-3.406,2.956,2.957,3.777,0.545,3.767,0.524,4.535,4.537,-2.889,-5.158,1.124,-0.175,1.206,0.707,0.674,-0.539,0.786,0.343,2.862,-2.29,4.018,4.074,5.119,2.237,6.163,6.25,1.129,-0.168,1.211,0.714,0.683,-0.529,0.795,0.353,4.039,4.094,6.195,6.28,0.167,0.168,0.027,0.083,0.026,0.081
2021-05-20,CTD11,4169609,700351,0.013305442,0.018736063,0.02679156,0.007923143,0.0066046114,0.0015892349,0.0015467139,0.0006122275,0.013246245,0.018474875,0.026970616,0.008133478,0.0061422107,0.0016215686,0.33304656,-8.000000000000001e-45,0.365,-0.169,21.784,-0.336,37.832,0.254,-51.055,0.337,-76.252,-0.177,16.048,0.406,-72.84,0.479,-98.036,0.544,-88.887,0.604,-114.084,0.091,-25.197,0.584,0.173,0.144,0.709,0.3,0.25,-0.957,-1.368,-0.337,-1.429,-2.043,-0.604,0.214,0.127,0.106,-0.969,-1.951,-0.481,-1.304,-2.627,-0.777,-1.183,-1.665,-0.587,-1.518,-2.137,-0.904,-0.335,-0.472,-0.675,-0.156,-0.163,-0.374,-0.506,-0.532,-0.928,0.118,0.212,0.161,0.147,0.251,0.193,-0.379,-0.405,-0.554,0.27,0.543,0.324,0.303,0.571,0.349,0.589,0.948,0.745,0.63,0.951,0.757,0.041,0.033,0.029,-2.671,-3.346,0.414,-0.489,0.464,-0.123,-1.868,-2.34,0.074,-0.703,0.144,-0.337,0.98,-1.158,0.249,-2.377,1.327,1.433,1.315,-0.35,0.585,-1.367,1.592,1.719,-1.973,-2.648,1.112,0.209,1.162,0.575,0.104,-0.5,0.203,-0.134,0.351,-1.692,1.868,2.118,0.823,-0.545,2.241,2.541,1.591,0.814,1.661,1.18,0.834,0.23,0.934,0.596,2.885,3.029,3.461,3.634,0.243,0.349,-0.074,0.176,-0.201,-0.057,-0.165,21.366,-0.341,38.416,0.239,-47.456,0.366,-87.315,-0.187,17.05,0.389,-68.821,0.501,-108.68,0.537,-85.871,0.629,-125.73,0.139,-39.859,0.576,0.174,0.131,0.71,0.312,0.236,-0.877,-1.28,-0.291,-1.613,-2.355,-0.71,0.226,0.139,0.105,-0.912,-1.856,-0.423,-1.44,-2.931,-0.884,-1.137,-1.586,-0.527,-1.665,-2.323,-1.023,-0.528,-0.736,-1.075,-0.149,-0.158,-0.366,-0.516,-0.558,-0.961,0.113,0.208,0.154,0.156,0.267,0.202,-0.397,-0.438,-0.595,0.257,0.533,0.312,0.307,0.577,0.351,0.594,0.972,0.765,0.657,0.974,0.783,0.063,0.05,0.044,-2.599,-3.674,0.415,-0.607,0.489,-0.038,-1.78,-2.517,0.051,-0.833,0.159,-0.264,0.944,-1.379,0.169,-2.762,1.296,1.401,1.472,-0.115,0.697,-1.159,1.716,1.855,-1.921,-2.996,1.093,0.071,1.167,0.64,0.071,-0.639,0.221,-0.07,0.235,-2.12,1.808,2.044,0.972,-0.308,2.394,2.706,1.596,0.712,1.704,1.281,0.846,0.136,0.996,0.705,2.852,2.984,3.777,3.951,0.282,0.386,-0.023,0.213,-0.162,-0.031
2021-05-20,CTD12,4173438,695414,0.016636154,0.022318905,0.02303926,0.006971333,0.0043038772,0.0011562981,0.0011724728,0.00047690663,0.016641643,0.02236663,0.022937927,0.0070507736,0.0045257458,0.0011209209,0.00029027465,-8.000000000000001e-45,0.369,-0.146,15.305,-0.161,16.706,0.409,-83.335,0.589,-172.239,-0.016,1.401,0.524,-98.64,0.677,-187.544,0.535,-100.04,0.685,-188.944,0.237,-88.904,0.353,0.107,0.066,0.373,0.116,0.072,-1.86,-1.92,-0.359,-3.844,-3.968,-1.201,0.023,0.01,0.006,-1.641,-2.273,-0.425,-3.12,-4.321,-1.307,-1.664,-2.233,-0.431,-3.143,-4.217,-1.317,-1.479,-1.984,-2.048,-0.189,-0.208,-0.504,-0.219,-0.241,-0.568,0.213,0.363,0.353,0.272,0.421,0.411,-0.031,-0.034,-0.064,0.387,0.733,0.561,0.454,0.763,0.6,0.412,0.767,0.604,0.481,0.794,0.64,0.068,0.067,0.059,-2.559,-4.608,0.443,-0.874,0.559,0.128,-2.479,-4.464,0.41,-0.898,0.529,0.105,1.418,-2.799,1.354,-2.967,2.194,2.2,2.897,0.664,2.833,0.561,3.553,3.563,-1.963,-4.012,1.039,-0.278,1.155,0.724,0.55,-0.651,0.71,0.351,1.817,-2.152,2.943,3.015,3.801,1.881,4.767,4.883,1.073,-0.235,1.192,0.768,0.613,-0.588,0.774,0.415,3.046,3.112,4.934,5.041,0.226,0.232,0.054,0.126,0.044,0.11,-0.147,15.381,-0.159,16.494,0.405,-81.738,0.572,-160.868,-0.013,1.114,0.521,-97.119,0.663,-176.249,0.53,-98.232,0.67,-177.362,0.218,-79.13,0.353,0.108,0.07,0.369,0.116,0.075,-1.828,-1.875,-0.37,-3.598,-3.69,-1.134,0.019,0.008,0.005,-1.616,-2.228,-0.44,-2.933,-4.043,-1.243,-1.635,-2.197,-0.445,-2.952,-3.967,-1.251,-1.317,-1.77,-1.815,-0.191,-0.208,-0.495,-0.214,-0.234,-0.544,0.212,0.357,0.349,0.267,0.412,0.404,-0.024,-0.027,-0.049,0.387,0.724,0.558,0.451,0.753,0.595,0.407,0.751,0.591,0.472,0.777,0.626,0.065,0.064,0.056,-2.509,-4.324,0.437,-0.814,0.547,0.102,-2.447,-4.217,0.41,-0.832,0.523,0.084,1.385,-2.582,1.335,-2.708,2.158,2.163,2.702,0.505,2.652,0.424,3.362,3.37,-1.909,-3.724,1.037,-0.214,1.147,0.702,0.551,-0.583,0.703,0.333,1.794,-1.896,2.9,2.975,3.564,1.689,4.518,4.635,1.063,-0.18,1.176,0.736,0.602,-0.532,0.754,0.384,2.981,3.051,4.645,4.753,0.221,0.226,0.043,0.118,0.035,0.105
2021-06-14,CTD1,4187246,695025,0.004935191,0.007226073,0.012796413,0.0031440624,0.002973132,0.00067406066,0.0006748041,0.00025885072,0.0049747704,0.0070481366,0.012950138,0.0032898837,0.0025348556,0.000760214,0.59866273,-2.878e-42,0.293,-0.188,64.239,-0.443,124.48,0.222,-115.433,0.248,-133.719,-0.278,60.241,0.394,-179.672,0.417,-197.958,0.606,-239.913,0.623,-258.199,0.028,-18.286,0.822,0.202,0.191,0.899,0.391,0.37,-0.834,-1.477,-0.343,-0.966,-1.711,-0.42,0.297,0.189,0.179,-0.887,-2.299,-0.534,-0.977,-2.533,-0.622,-1.184,-1.734,-0.713,-1.274,-1.866,-0.812,-0.09,-0.132,-0.234,-0.144,-0.145,-0.374,-0.758,-0.771,-1.285,0.089,0.176,0.114,0.098,0.189,0.123,-0.689,-0.704,-0.911,0.23,0.516,0.259,0.24,0.526,0.267,0.794,1.221,0.946,0.808,1.216,0.947,0.014,0.01,0.009,-3.387,-3.621,0.437,-0.375,0.451,-0.263,-1.913,-2.045,-0.049,-0.672,-0.026,-0.56,1.005,-0.861,-0.201,-2.734,1.158,1.337,1.095,-0.638,-0.111,-2.41,1.225,1.414,-2.606,-2.84,1.218,0.407,1.232,0.519,-0.072,-0.493,-0.038,-0.381,-0.295,-2.006,1.696,2.066,-0.162,-1.64,1.793,2.185,2.158,1.535,2.181,1.647,1.134,0.713,1.168,0.825,3.468,3.659,3.667,3.869,0.226,0.405,-0.167,0.203,-0.357,-0.166,-0.172,59.133,-0.445,123.795,0.204,-102.948,0.325,-193.485,-0.295,64.662,0.364,-162.081,0.471,-252.618,0.595,-226.743,0.673,-317.281,0.13,-90.538,0.766,0.195,0.15,0.873,0.407,0.314,-0.726,-1.333,-0.261,-1.364,-2.506,-0.637,0.322,0.213,0.164,-0.806,-2.099,-0.411,-1.257,-3.271,-0.831,-1.128,-1.598,-0.575,-1.578,-2.236,-1.044,-0.45,-0.638,-1.172,-0.128,-0.134,-0.356,-0.771,-0.832,-1.369,0.084,0.176,0.109,0.122,0.236,0.15,-0.714,-0.786,-1.013,0.21,0.5,0.243,0.252,0.546,0.278,0.803,1.286,1.008,0.866,1.26,1.007,0.063,0.042,0.038,-3.231,-4.403,0.452,-0.592,0.51,-0.065,-1.758,-2.396,-0.083,-0.914,0.024,-0.386,0.968,-1.268,-0.325,-3.597,1.152,1.316,1.418,-0.18,0.125,-1.974,1.496,1.709,-2.52,-3.692,1.163,0.119,1.221,0.646,-0.117,-0.754,0.035,-0.226,-0.461,-2.966,1.633,1.947,0.177,-1.156,2.119,2.526,2.136,1.305,2.244,1.833,1.176,0.54,1.328,1.067,3.427,3.577,4.448,4.642,0.302,0.466,-0.043,0.271,-0.255,-0.106
2021-06-14,CTD2,4181518,693105,0.010644523,0.014147993,0.012219041,0.002098817,0.0014236463,0.0003632689,0.00035870375,0.0001439122,0.010650183,0.014211067,0.012088857,0.0020883142,0.0014223965,0.00037144174,0.11757024,-2.878e-42,0.376,-0.141,23.264,-0.069,12.106,0.671,-382.514,0.764,-608.477,0.073,-11.158,0.742,-405.777,0.817,-631.74,0.707,-394.619,0.791,-620.582,0.192,-225.963,0.284,0.049,0.033,0.171,0.025,0.017,-5.412,-4.674,-0.545,-8.609,-7.435,-1.277,-0.119,-0.023,-0.016,-4.319,-4.958,-0.578,-6.725,-7.719,-1.326,-4.201,-5.583,-0.562,-6.606,-8.78,-1.302,-2.405,-3.197,-2.761,-0.245,-0.257,-0.995,-0.097,-0.101,-0.447,0.324,0.549,0.626,0.35,0.568,0.644,0.151,0.16,0.548,0.527,0.998,0.883,0.557,0.999,0.889,0.408,0.839,0.65,0.435,0.847,0.664,0.027,0.03,0.026,-5.07,-7.831,0.581,-0.722,0.636,0.074,-5.87,-9.067,0.723,-0.603,0.771,0.193,3.914,-4.866,4.208,-3.511,4.971,4.955,6.319,0.736,6.613,1.655,7.329,7.305,-4.493,-7.254,1.157,-0.145,1.213,0.651,0.961,-0.316,1.024,0.48,5.593,-1.842,6.607,6.624,8.79,4.116,9.741,9.766,1.0,-0.326,1.047,0.47,0.666,-0.611,0.73,0.185,5.688,5.721,8.386,8.435,0.097,0.081,0.015,0.032,0.038,0.071,-0.143,23.527,-0.063,11.174,0.672,-384.96,0.764,-609.144,0.081,-12.353,0.744,-408.487,0.818,-632.671,0.705,-396.134,0.789,-620.318,0.19,-224.184,0.284,0.049,0.033,0.159,0.023,0.016,-5.471,-4.654,-0.548,-8.657,-7.364,-1.272,-0.132,-0.026,-0.018,-4.35,-4.938,-0.581,-6.738,-7.648,-1.321,-4.219,-5.629,-0.563,-6.607,-8.815,-1.295,-2.388,-3.186,-2.71,-0.251,-0.264,-1.014,-0.088,-0.092,-0.41,0.326,0.548,0.634,0.351,0.566,0.651,0.167,0.176,0.604,0.533,1.004,0.897,0.562,1.004,0.902,0.402,0.828,0.64,0.429,0.837,0.654,0.027,0.029,0.025,-5.039,-7.75,0.577,-0.719,0.632,0.068,-5.924,-9.11,0.734,-0.587,0.781,0.2,3.924,-4.891,4.249,-3.399,5.0,4.982,6.312,0.682,6.637,1.699,7.341,7.315,-4.454,-7.165,1.162,-0.134,1.217,0.653,0.979,-0.293,1.042,0.494,5.67,-1.694,6.671,6.687,8.856,4.202,9.795,9.818,0.988,-0.333,1.035,0.454,0.655,-0.618,0.717,0.17,5.655,5.689,8.303,8.352,0.096,0.078,0.013,0.029,0.039,0.073
2021-06-14,CTD3,4181698,695238,0.010910554,0.015440403,0.016874582,0.0038166887,0.0024943259,0.00064023206,0.0006366434,0.0002613022,0.010952895,0.01545469,0.016623,0.0038799166,0.002510189,0.00065543654,0.07234001,-8.000000000000001e-45,0.31,-0.172,26.889,-0.215,32.394,0.482,-170.353,0.628,-309.256,-0.044,5.504,0.604,-197.242,0.722,-336.145,0.631,-202.746,0.742,-341.649,0.21,-138.903,0.454,0.103,0.067,0.5,0.124,0.081,-2.63,-2.875,-0.425,-4.775,-5.219,-1.18,0.06,0.021,0.014,-2.152,-3.328,-0.492,-3.668,-5.672,-1.283,-2.212,-3.13,-0.506,-3.728,-5.275,-1.304,-1.516,-2.145,-2.344,-0.219,-0.234,-0.718,-0.31,-0.333,-0.945,0.22,0.396,0.366,0.26,0.437,0.407,-0.097,-0.107,-0.227,0.418,0.867,0.6,0.466,0.879,0.626,0.496,0.974,0.728,0.546,0.976,0.747,0.05,0.048,0.041,-3.715,-6.059,0.48,-0.824,0.559,0.053,-3.399,-5.544,0.399,-0.884,0.485,-0.007,1.944,-3.332,1.766,-3.907,2.697,2.711,3.459,0.329,3.281,-0.047,4.127,4.148,-3.006,-5.35,1.189,-0.115,1.267,0.762,0.565,-0.615,0.686,0.261,2.499,-2.72,3.817,3.898,4.644,1.769,5.84,5.964,1.299,0.016,1.385,0.893,0.743,-0.437,0.864,0.439,4.193,4.26,6.415,6.518,0.188,0.202,0.019,0.099,-0.002,0.065,-0.17,26.595,-0.206,31.142,0.477,-166.437,0.627,-307.076,-0.036,4.548,0.599,-193.032,0.721,-333.671,0.622,-197.58,0.738,-338.219,0.214,-140.639,0.442,0.103,0.067,0.481,0.121,0.078,-2.572,-2.767,-0.418,-4.746,-5.105,-1.191,0.05,0.018,0.011,-2.114,-3.209,-0.485,-3.655,-5.547,-1.295,-2.164,-3.054,-0.496,-3.704,-5.227,-1.312,-1.54,-2.174,-2.338,-0.22,-0.235,-0.704,-0.293,-0.316,-0.887,0.22,0.394,0.37,0.263,0.437,0.412,-0.079,-0.087,-0.183,0.42,0.86,0.605,0.469,0.873,0.631,0.483,0.947,0.709,0.534,0.951,0.73,0.052,0.05,0.043,-3.576,-5.914,0.475,-0.837,0.558,0.062,-3.324,-5.498,0.408,-0.887,0.496,0.012,1.893,-3.334,1.747,-3.799,2.661,2.672,3.434,0.38,3.288,0.079,4.112,4.13,-2.873,-5.211,1.178,-0.135,1.26,0.764,0.575,-0.616,0.701,0.283,2.466,-2.639,3.754,3.832,4.639,1.872,5.803,5.923,1.267,-0.028,1.355,0.871,0.721,-0.47,0.846,0.429,4.055,4.122,6.268,6.371,0.192,0.203,0.022,0.1,0.004,0.071
2021-06-14,CTD4,4180266,698264,0.011029372,0.015741657,0.017782321,0.004772037,0.0030774912,0.0008294169,0.0008317347,0.00033844824,0.011069643,0.01574504,0.017735235,0.0048140264,0.003232663,0.00082025037,0.0015861776,-8.000000000000001e-45,0.308,-0.176,27.141,-0.234,34.431,0.396,-118.887,0.564,-234.273,-0.061,7.29,0.535,-146.028,0.673,-261.414,0.577,-153.318,0.705,-268.704,0.216,-115.386,0.483,0.13,0.084,0.542,0.164,0.106,-1.871,-2.114,-0.366,-3.688,-4.166,-1.118,0.08,0.035,0.022,-1.611,-2.597,-0.449,-2.883,-4.649,-1.247,-1.691,-2.413,-0.472,-2.964,-4.23,-1.282,-1.273,-1.816,-2.052,-0.209,-0.226,-0.6,-0.329,-0.359,-0.86,0.187,0.332,0.3,0.237,0.388,0.353,-0.129,-0.145,-0.26,0.381,0.778,0.526,0.44,0.801,0.561,0.486,0.922,0.691,0.549,0.931,0.717,0.063,0.059,0.051,-3.026,-5.078,0.432,-0.85,0.528,0.056,-2.678,-4.495,0.317,-0.93,0.425,-0.025,1.426,-2.804,1.182,-3.467,2.116,2.138,2.699,0.285,2.454,-0.142,3.281,3.316,-2.299,-4.351,1.159,-0.123,1.254,0.782,0.453,-0.665,0.606,0.24,1.686,-2.479,3.02,3.126,3.503,1.389,4.682,4.847,1.309,0.062,1.417,0.967,0.697,-0.421,0.851,0.485,3.447,3.531,5.346,5.475,0.237,0.26,0.024,0.13,-0.011,0.073,-0.174,26.825,-0.231,33.952,0.394,-117.389,0.548,-219.005,-0.059,7.127,0.532,-144.214,0.659,-245.83,0.573,-151.341,0.692,-252.958,0.197,-101.616,0.476,0.129,0.087,0.535,0.163,0.11,-1.848,-2.082,-0.379,-3.448,-3.884,-1.054,0.079,0.034,0.023,-1.596,-2.558,-0.466,-2.721,-4.36,-1.183,-1.675,-2.383,-0.489,-2.8,-3.983,-1.218,-1.125,-1.6,-1.802,-0.207,-0.223,-0.581,-0.324,-0.351,-0.828,0.187,0.33,0.298,0.234,0.381,0.348,-0.125,-0.139,-0.247,0.379,0.764,0.521,0.434,0.788,0.555,0.482,0.903,0.681,0.541,0.913,0.705,0.059,0.055,0.047,-2.981,-4.783,0.432,-0.786,0.521,0.032,-2.646,-4.246,0.318,-0.865,0.419,-0.047,1.412,-2.571,1.173,-3.187,2.094,2.117,2.537,0.154,2.298,-0.26,3.119,3.153,-2.262,-4.064,1.151,-0.067,1.24,0.751,0.453,-0.601,0.596,0.216,1.669,-2.216,2.979,3.088,3.268,1.187,4.436,4.599,1.296,0.113,1.397,0.931,0.692,-0.363,0.834,0.455,3.392,3.479,5.051,5.181,0.23,0.253,0.014,0.123,-0.021,0.066
2021-06-14,CTD6,4176009,695829,0.01115333,0.015429938,0.014713472,0.0036026738,0.0023032657,0.0006442561,0.0006373567,0.00026140493,0.011184232,0.015511555,0.01466024,0.003626345,0.0025130229,0.0006247976,0.0003543083,-8.000000000000001e-45,0.414,-0.161,24.85,-0.138,21.694,0.512,-187.912,0.658,-344.507,0.024,-3.156,0.621,-212.763,0.74,-369.357,0.607,-209.607,0.729,-366.201,0.22,-156.595,0.366,0.09,0.057,0.335,0.078,0.05,-2.899,-2.765,-0.433,-5.316,-5.069,-1.241,-0.035,-0.011,-0.007,-2.373,-3.13,-0.49,-4.12,-5.435,-1.331,-2.338,-3.234,-0.483,-4.084,-5.65,-1.319,-1.747,-2.416,-2.304,-0.233,-0.251,-0.724,-0.187,-0.201,-0.603,0.25,0.426,0.444,0.294,0.465,0.483,0.049,0.053,0.121,0.457,0.879,0.695,0.507,0.89,0.717,0.418,0.826,0.627,0.467,0.841,0.652,0.049,0.05,0.043,-3.361,-5.665,0.478,-0.841,0.566,0.084,-3.525,-5.941,0.525,-0.806,0.609,0.119,2.047,-3.603,2.142,-3.292,2.947,2.939,3.794,0.559,3.889,0.758,4.609,4.598,-2.701,-5.005,1.139,-0.181,1.227,0.744,0.726,-0.515,0.842,0.409,2.964,-2.105,4.076,4.126,5.38,2.615,6.376,6.454,1.086,-0.245,1.17,0.68,0.631,-0.611,0.747,0.314,3.878,3.935,6.065,6.155,0.174,0.166,0.027,0.077,0.038,0.096,-0.162,24.944,-0.134,21.2,0.51,-186.348,0.633,-308.516,0.028,-3.744,0.621,-211.292,0.721,-333.459,0.603,-207.548,0.707,-329.715,0.181,-122.167,0.366,0.09,0.063,0.329,0.077,0.053,-2.891,-2.732,-0.468,-4.786,-4.523,-1.119,-0.042,-0.014,-0.009,-2.363,-3.098,-0.531,-3.729,-4.889,-1.209,-2.321,-3.219,-0.522,-3.688,-5.114,-1.196,-1.366,-1.895,-1.791,-0.237,-0.252,-0.705,-0.182,-0.193,-0.566,0.25,0.419,0.44,0.287,0.453,0.474,0.057,0.062,0.139,0.46,0.868,0.692,0.503,0.878,0.711,0.413,0.806,0.612,0.455,0.82,0.635,0.042,0.043,0.037,-3.322,-5.113,0.474,-0.722,0.55,0.028,-3.515,-5.41,0.529,-0.68,0.601,0.07,2.026,-3.088,2.139,-2.75,2.922,2.913,3.392,0.173,3.505,0.408,4.217,4.203,-2.656,-4.447,1.14,-0.056,1.215,0.694,0.734,-0.385,0.833,0.365,2.967,-1.556,4.053,4.106,4.862,2.13,5.848,5.925,1.077,-0.132,1.149,0.618,0.621,-0.498,0.72,0.252,3.818,3.881,5.509,5.6,0.162,0.153,0.009,0.062,0.023,0.085
2021-06-14,CTD7,4176724,690397,0.011644169,0.01852804,0.025189945,0.005331544,0.003840821,0.0009029297,0.00092995143,0.00036894926,0.011645201,0.018365465,0.02535557,0.0055195605,0.0037501731,0.00093065476,0.15995188,-8.000000000000001e-45,0.677,-0.228,31.908,-0.368,46.182,0.372,-101.683,0.504,-174.481,-0.152,14.274,0.553,-133.591,0.657,-206.389,0.651,-147.865,0.735,-220.663,0.163,-72.798,0.804,0.17,0.123,0.856,0.246,0.177,-1.884,-2.561,-0.391,-3.233,-4.395,-0.93,0.166,0.076,0.055,-1.556,-3.365,-0.513,-2.403,-5.199,-1.1,-1.722,-2.74,-0.568,-2.569,-4.088,-1.176,-0.848,-1.349,-1.834,-0.226,-0.237,-0.751,-0.568,-0.606,-1.477,0.144,0.282,0.217,0.178,0.327,0.256,-0.392,-0.43,-0.726,0.358,0.852,0.455,0.399,0.865,0.481,0.658,1.282,0.888,0.708,1.258,0.895,0.049,0.04,0.034,-4.096,-5.93,0.417,-0.76,0.476,-0.092,-3.013,-4.362,0.174,-0.926,0.255,-0.258,1.448,-2.64,0.824,-4.374,1.977,2.032,2.296,-0.443,1.672,-1.693,2.744,2.82,-3.134,-4.967,1.38,0.203,1.439,0.871,0.278,-0.653,0.406,0.015,1.312,-3.083,3.145,3.323,2.661,0.099,4.366,4.612,1.876,0.775,1.956,1.443,0.902,-0.029,1.03,0.639,4.395,4.517,6.101,6.271,0.251,0.305,-0.042,0.135,-0.118,0.004,-0.224,31.422,-0.371,46.433,0.357,-95.302,0.513,-180.782,-0.16,15.011,0.538,-126.724,0.661,-212.204,0.642,-141.735,0.742,-227.215,0.191,-85.481,0.797,0.173,0.118,0.853,0.256,0.174,-1.75,-2.416,-0.357,-3.32,-4.584,-0.998,0.175,0.083,0.056,-1.476,-3.213,-0.475,-2.471,-5.381,-1.171,-1.651,-2.603,-0.532,-2.646,-4.173,-1.254,-0.995,-1.57,-2.167,-0.218,-0.231,-0.725,-0.574,-0.62,-1.479,0.14,0.277,0.21,0.181,0.331,0.256,-0.407,-0.454,-0.754,0.347,0.834,0.441,0.395,0.851,0.473,0.661,1.288,0.897,0.72,1.259,0.905,0.059,0.048,0.04,-3.96,-6.127,0.416,-0.838,0.486,-0.045,-2.868,-4.438,0.159,-1.013,0.255,-0.22,1.385,-2.787,0.729,-4.651,1.906,1.962,2.381,-0.222,1.725,-1.489,2.805,2.888,-3.017,-5.184,1.359,0.105,1.429,0.898,0.25,-0.747,0.402,0.045,1.15,-3.434,3.005,3.179,2.72,0.303,4.423,4.68,1.877,0.706,1.973,1.498,0.907,-0.091,1.059,0.701,4.272,4.39,6.287,6.461,0.27,0.326,-0.021,0.153,-0.104,0.013
2021-06-14,CTD8,4174178,693048,0.009348035,0.01409063,0.01686899,0.0040222113,0.0032171593,0.0007776356,0.0007785381,0.00031011808,0.009373603,0.014031884,0.016757213,0.004129227,0.0030476737,0.00081891805,0.12207694,-8.000000000000001e-45,0.452,-0.202,36.005,-0.287,47.694,0.398,-141.645,0.488,-203.859,-0.09,11.689,0.556,-177.65,0.628,-239.864,0.615,-189.339,0.68,-251.553,0.111,-62.214,0.607,0.145,0.116,0.672,0.192,0.153,-1.996,-2.389,-0.456,-2.872,-3.439,-0.82,0.109,0.047,0.038,-1.661,-2.997,-0.572,-2.242,-4.046,-0.965,-1.77,-2.668,-0.609,-2.352,-3.545,-1.012,-0.582,-0.877,-1.049,-0.227,-0.236,-0.655,-0.415,-0.435,-1.039,0.172,0.308,0.265,0.198,0.338,0.293,-0.208,-0.221,-0.384,0.384,0.801,0.501,0.415,0.813,0.52,0.548,1.022,0.742,0.582,1.021,0.754,0.034,0.031,0.026,-3.531,-4.58,0.425,-0.587,0.473,-0.136,-2.949,-3.826,0.269,-0.696,0.326,-0.246,1.489,-2.056,1.127,-2.919,2.096,2.133,2.07,-0.598,1.709,-1.288,2.62,2.667,-2.687,-3.736,1.269,0.257,1.317,0.707,0.405,-0.415,0.491,0.035,1.699,-1.74,3.159,3.312,2.575,0.186,3.95,4.141,1.519,0.554,1.576,1.005,0.767,-0.053,0.853,0.397,3.85,3.966,4.813,4.958,0.202,0.24,-0.059,0.095,-0.106,0.01,-0.199,35.416,-0.283,47.007,0.388,-135.494,0.509,-221.437,-0.089,11.59,0.545,-170.91,0.643,-256.853,0.605,-182.5,0.692,-268.443,0.151,-85.943,0.593,0.146,0.108,0.66,0.194,0.143,-1.901,-2.27,-0.413,-3.107,-3.711,-0.914,0.109,0.048,0.035,-1.602,-2.864,-0.521,-2.408,-4.304,-1.061,-1.711,-2.561,-0.556,-2.516,-3.767,-1.108,-0.806,-1.206,-1.44,-0.223,-0.235,-0.649,-0.407,-0.432,-1.029,0.17,0.307,0.265,0.205,0.348,0.303,-0.202,-0.219,-0.38,0.379,0.797,0.5,0.42,0.813,0.526,0.54,1.017,0.739,0.586,1.015,0.755,0.046,0.041,0.035,-3.39,-4.83,0.422,-0.687,0.486,-0.07,-2.839,-4.045,0.265,-0.796,0.342,-0.179,1.433,-2.334,1.076,-3.228,2.053,2.088,2.238,-0.323,1.881,-0.983,2.781,2.829,-2.561,-4.001,1.251,0.142,1.315,0.759,0.397,-0.518,0.512,0.099,1.61,-2.1,3.073,3.216,2.816,0.546,4.164,4.358,1.493,0.433,1.571,1.05,0.754,-0.161,0.869,0.456,3.733,3.841,5.058,5.204,0.223,0.259,-0.031,0.112,-0.079,0.029
2021-06-14,CTD10,4170388,695646,0.010177342,0.015346479,0.018863827,0.004279336,0.002914766,0.00072691095,0.0007268169,0.0002958777,0.010208346,0.015332754,0.01879877,0.004303048,0.0028784708,0.000738287,0.117208034,-8.000000000000001e-45,0.594,-0.203,33.096,-0.299,45.246,0.408,-135.424,0.555,-244.823,-0.103,12.15,0.564,-168.52,0.681,-277.919,0.63,-180.67,0.732,-290.069,0.19,-109.4,0.624,0.142,0.096,0.694,0.194,0.132,-2.078,-2.555,-0.395,-3.757,-4.618,-1.048,0.124,0.052,0.035,-1.715,-3.179,-0.491,-2.828,-5.243,-1.189,-1.839,-2.773,-0.527,-2.952,-4.452,-1.241,-1.113,-1.679,-2.064,-0.223,-0.237,-0.719,-0.443,-0.476,-1.207,0.172,0.323,0.271,0.212,0.37,0.314,-0.243,-0.269,-0.489,0.381,0.845,0.508,0.428,0.86,0.537,0.571,1.114,0.799,0.625,1.103,0.813,0.053,0.047,0.04,-3.745,-5.809,0.436,-0.805,0.509,-0.018,-3.047,-4.726,0.261,-0.929,0.35,-0.142,1.565,-2.887,1.149,-4.094,2.188,2.224,2.678,-0.095,2.262,-0.916,3.213,3.265,-2.9,-4.964,1.281,0.04,1.353,0.827,0.393,-0.655,0.527,0.132,1.733,-2.886,3.3,3.432,3.412,0.857,4.845,5.038,1.575,0.385,1.664,1.172,0.809,-0.239,0.943,0.548,4.122,4.218,6.051,6.193,0.231,0.266,-0.008,0.124,-0.06,0.037,-0.201,32.739,-0.296,44.764,0.407,-134.434,0.56,-249.448,-0.102,12.025,0.562,-167.174,0.684,-282.187,0.627,-179.198,0.734,-294.212,0.198,-115.013,0.615,0.141,0.094,0.686,0.193,0.129,-2.061,-2.527,-0.387,-3.825,-4.689,-1.073,0.123,0.052,0.035,-1.707,-3.143,-0.481,-2.881,-5.305,-1.214,-1.829,-2.748,-0.516,-3.003,-4.511,-1.266,-1.174,-1.763,-2.162,-0.222,-0.236,-0.714,-0.437,-0.472,-1.196,0.173,0.324,0.272,0.215,0.373,0.317,-0.239,-0.265,-0.483,0.38,0.843,0.509,0.429,0.858,0.539,0.568,1.108,0.796,0.623,1.097,0.811,0.056,0.049,0.042,-3.703,-5.865,0.437,-0.829,0.513,-0.003,-3.02,-4.784,0.262,-0.952,0.355,-0.126,1.557,-2.954,1.146,-4.158,2.185,2.219,2.731,-0.017,2.32,-0.822,3.266,3.318,-2.867,-5.029,1.273,0.007,1.349,0.833,0.394,-0.679,0.534,0.147,1.722,-2.968,3.281,3.41,3.485,0.958,4.905,5.098,1.561,0.347,1.654,1.173,0.805,-0.269,0.944,0.557,4.087,4.181,6.109,6.25,0.234,0.268,-0.001,0.128,-0.053,0.041
2021-06-14,CTD11,4169609,700351,0.0077010854,0.011644517,0.016438447,0.0034138917,0.0025898083,0.00062742253,0.0006239687,0.00025048835,0.007727016,0.011562321,0.01647382,0.0034467513,0.002457879,0.0006459298,0.21760255,-2.878e-42,0.598,-0.204,43.974,-0.362,69.019,0.386,-163.069,0.497,-256.277,-0.171,25.044,0.547,-207.044,0.636,-300.252,0.656,-232.088,0.728,-325.296,0.137,-93.208,0.723,0.15,0.114,0.804,0.236,0.179,-1.899,-2.681,-0.422,-2.984,-4.213,-0.875,0.193,0.085,0.065,-1.594,-3.403,-0.536,-2.312,-4.936,-1.025,-1.787,-2.703,-0.601,-2.505,-3.788,-1.111,-0.718,-1.085,-1.532,-0.199,-0.207,-0.657,-0.58,-0.614,-1.455,0.153,0.301,0.225,0.182,0.339,0.257,-0.431,-0.466,-0.798,0.341,0.8,0.433,0.375,0.815,0.456,0.673,1.266,0.915,0.716,1.246,0.92,0.043,0.034,0.029,-4.154,-5.686,0.454,-0.657,0.504,-0.097,-2.942,-4.028,0.175,-0.85,0.246,-0.29,1.547,-2.24,0.844,-4.092,2.033,2.098,2.265,-0.437,1.562,-1.842,2.68,2.766,-3.303,-4.835,1.304,0.194,1.355,0.753,0.265,-0.61,0.372,-0.05,1.276,-2.936,3.075,3.253,2.362,-0.319,4.053,4.289,1.841,0.816,1.912,1.376,0.968,0.093,1.075,0.653,4.479,4.593,5.904,6.054,0.221,0.286,-0.043,0.136,-0.129,-0.015,-0.199,42.928,-0.361,68.714,0.383,-160.712,0.517,-277.439,-0.175,25.785,0.541,-203.64,0.649,-320.367,0.654,-229.426,0.74,-346.152,0.167,-116.727,0.707,0.148,0.106,0.794,0.237,0.169,-1.858,-2.648,-0.395,-3.208,-4.57,-0.956,0.199,0.089,0.063,-1.574,-3.355,-0.501,-2.475,-5.278,-1.104,-1.773,-2.653,-0.564,-2.675,-4.002,-1.193,-0.902,-1.35,-1.923,-0.193,-0.203,-0.65,-0.583,-0.624,-1.481,0.153,0.305,0.226,0.188,0.351,0.265,-0.44,-0.482,-0.832,0.335,0.797,0.429,0.376,0.815,0.457,0.675,1.279,0.929,0.727,1.254,0.934,0.051,0.041,0.035,-4.111,-6.034,0.459,-0.734,0.519,-0.045,-2.886,-4.235,0.171,-0.933,0.256,-0.244,1.54,-2.462,0.817,-4.461,2.029,2.093,2.442,-0.211,1.719,-1.636,2.846,2.935,-3.283,-5.206,1.287,0.094,1.347,0.783,0.256,-0.7,0.384,-0.011,1.223,-3.348,3.036,3.205,2.572,-0.075,4.258,4.495,1.834,0.73,1.919,1.419,0.979,0.022,1.107,0.712,4.461,4.567,6.256,6.404,0.233,0.297,-0.02,0.149,-0.109,-0.003
2021-06-14,CTD12,4173438,695414,0.010587136,0.0151757775,0.016998116,0.0041477294,0.0027795036,0.0007501865,0.0007509869,0.00030277524,0.010650183,0.015272063,0.016757213,0.004185907,0.0029330833,0.0007562073,0.00017795818,-8.000000000000001e-45,0.488,-0.178,28.56,-0.232,35.624,0.437,-146.642,0.584,-265.322,-0.057,7.064,0.571,-175.201,0.69,-293.882,0.608,-182.266,0.719,-300.946,0.198,-118.681,0.485,0.118,0.079,0.541,0.148,0.099,-2.225,-2.493,-0.408,-4.026,-4.51,-1.1,0.075,0.029,0.02,-1.855,-2.978,-0.487,-3.111,-4.995,-1.219,-1.93,-2.766,-0.507,-3.186,-4.567,-1.248,-1.256,-1.801,-2.017,-0.217,-0.232,-0.662,-0.332,-0.357,-0.925,0.2,0.359,0.326,0.243,0.404,0.369,-0.124,-0.136,-0.263,0.4,0.825,0.558,0.449,0.841,0.586,0.499,0.961,0.716,0.552,0.965,0.736,0.053,0.05,0.043,-3.401,-5.418,0.454,-0.795,0.534,0.028,-3.036,-4.837,0.35,-0.869,0.44,-0.047,1.66,-2.907,1.432,-3.563,2.369,2.389,2.916,0.15,2.689,-0.289,3.536,3.565,-2.665,-4.682,1.189,-0.059,1.27,0.763,0.501,-0.599,0.63,0.223,2.053,-2.457,3.396,3.495,3.854,1.362,5.068,5.216,1.332,0.113,1.422,0.935,0.728,-0.372,0.858,0.45,3.836,3.915,5.724,5.842,0.209,0.228,0.011,0.11,-0.019,0.061,-0.178,28.416,-0.223,34.219,0.436,-145.002,0.568,-247.043,-0.046,5.803,0.57,-173.418,0.678,-275.459,0.6,-179.221,0.702,-281.262,0.176,-102.041,0.476,0.119,0.083,0.523,0.143,0.1,-2.214,-2.43,-0.425,-3.773,-4.14,-1.034,0.062,0.024,0.017,-1.847,-2.906,-0.509,-2.934,-4.616,-1.153,-1.909,-2.737,-0.526,-2.995,-4.295,-1.177,-1.087,-1.558,-1.71,-0.221,-0.235,-0.649,-0.314,-0.335,-0.858,0.202,0.355,0.328,0.241,0.397,0.368,-0.1,-0.109,-0.209,0.404,0.816,0.563,0.45,0.832,0.589,0.485,0.925,0.691,0.533,0.932,0.71,0.048,0.046,0.039,-3.306,-5.016,0.448,-0.73,0.522,-0.003,-3.013,-4.571,0.361,-0.792,0.444,-0.065,1.633,-2.663,1.447,-3.169,2.352,2.369,2.72,-0.017,2.534,-0.372,3.357,3.381,-2.569,-4.279,1.184,0.007,1.259,0.733,0.518,-0.516,0.636,0.211,2.075,-2.065,3.373,3.473,3.633,1.204,4.814,4.957,1.299,0.146,1.381,0.873,0.704,-0.33,0.822,0.397,3.728,3.811,5.32,5.439,0.201,0.218,-0.001,0.099,-0.026,0.058
2021-08-13,CTD1,4187246,695025,0.007560865,0.010984257,0.0174493,0.006501227,0.005474219,0.0014725097,0.0014833016,0.0005996906,0.0075875935,0.010844769,0.017599737,0.0066797985,0.005279598,0.0015004589,0.38304448,-8.000000000000001e-45,1.09,-0.185,41.221,-0.395,74.951,0.075,-21.557,0.16,-50.414,-0.227,33.73,0.256,-62.778,0.335,-91.635,0.457,-96.508,0.522,-125.366,0.086,-28.857,0.719,0.268,0.226,0.823,0.487,0.41,-0.237,-0.376,-0.118,-0.554,-0.88,-0.328,0.255,0.219,0.185,-0.475,-1.095,-0.344,-0.693,-1.599,-0.596,-0.73,-1.06,-0.528,-0.948,-1.377,-0.815,-0.218,-0.317,-0.504,-0.143,-0.149,-0.286,-0.566,-0.601,-0.826,0.037,0.064,0.046,0.073,0.119,0.087,-0.46,-0.496,-0.54,0.179,0.344,0.196,0.22,0.392,0.23,0.59,0.84,0.665,0.646,0.852,0.685,0.055,0.041,0.036,-1.996,-2.499,0.316,-0.499,0.375,-0.154,-1.256,-1.573,-0.159,-0.754,-0.065,-0.409,0.533,-0.844,-0.426,-2.025,0.665,0.849,0.752,-0.308,-0.207,-1.303,0.789,1.009,-1.231,-1.735,1.08,0.265,1.139,0.611,-0.23,-0.558,-0.095,-0.213,-0.618,-1.498,0.966,1.376,-0.301,-0.677,1.147,1.634,1.716,1.12,1.809,1.466,0.729,0.401,0.865,0.747,1.96,2.186,2.328,2.596,0.361,0.546,-0.132,0.278,-0.351,-0.126,-0.177,39.584,-0.398,74.975,0.064,-17.911,0.179,-57.614,-0.237,35.391,0.238,-57.495,0.345,-97.198,0.45,-92.886,0.538,-132.589,0.117,-39.703,0.697,0.264,0.209,0.813,0.501,0.396,-0.194,-0.315,-0.095,-0.625,-1.014,-0.385,0.269,0.236,0.187,-0.436,-1.012,-0.304,-0.737,-1.711,-0.649,-0.705,-1.007,-0.49,-1.006,-1.438,-0.886,-0.301,-0.431,-0.699,-0.134,-0.142,-0.272,-0.571,-0.621,-0.837,0.032,0.056,0.04,0.081,0.132,0.095,-0.473,-0.525,-0.565,0.165,0.324,0.182,0.221,0.39,0.229,0.592,0.849,0.677,0.668,0.864,0.703,0.076,0.056,0.049,-1.935,-2.634,0.32,-0.566,0.4,-0.091,-1.192,-1.623,-0.185,-0.834,-0.056,-0.359,0.52,-0.918,-0.487,-2.198,0.649,0.836,0.821,-0.186,-0.186,-1.198,0.821,1.058,-1.205,-1.904,1.05,0.164,1.129,0.639,-0.264,-0.649,-0.08,-0.174,-0.696,-1.71,0.928,1.324,-0.265,-0.581,1.174,1.675,1.704,1.054,1.833,1.529,0.743,0.358,0.927,0.832,1.939,2.148,2.453,2.718,0.394,0.58,-0.08,0.316,-0.316,-0.107
2021-08-13,CTD2,4181518,693105,0.009817354,0.01394826,0.018461486,0.00693919,0.005111829,0.0014279032,0.0014452806,0.00059087254,0.009868185,0.013963135,0.018239921,0.0069633983,0.005226133,0.0013971033,0.08302309,-8.000000000000001e-45,3.139,-0.174,30.167,-0.306,47.694,0.172,-42.249,0.315,-93.764,-0.139,17.527,0.336,-72.416,0.464,-123.931,0.454,-89.942,0.566,-141.458,0.152,-51.516,0.557,0.209,0.154,0.665,0.331,0.244,-0.589,-0.78,-0.216,-1.308,-1.731,-0.651,0.172,0.122,0.09,-0.711,-1.337,-0.37,-1.217,-2.288,-0.86,-0.883,-1.255,-0.46,-1.389,-1.973,-0.982,-0.506,-0.719,-0.951,-0.163,-0.175,-0.343,-0.414,-0.454,-0.717,0.089,0.151,0.122,0.145,0.225,0.185,-0.269,-0.302,-0.375,0.248,0.469,0.297,0.312,0.527,0.348,0.485,0.772,0.605,0.562,0.797,0.639,0.077,0.065,0.056,-1.957,-2.908,0.328,-0.654,0.427,-0.033,-1.478,-2.197,0.034,-0.826,0.165,-0.205,0.659,-1.314,0.091,-2.197,1.048,1.138,1.165,-0.09,0.597,-0.74,1.423,1.545,-1.24,-2.191,1.045,0.063,1.144,0.684,0.049,-0.602,0.235,0.019,0.13,-1.601,1.489,1.733,0.848,0.068,2.022,2.353,1.383,0.523,1.514,1.144,0.617,-0.034,0.803,0.587,2.14,2.294,2.905,3.114,0.34,0.43,-0.023,0.221,-0.145,0.009,-0.172,29.719,-0.298,46.511,0.173,-42.272,0.308,-90.01,-0.133,16.792,0.334,-71.991,0.455,-119.729,0.447,-88.783,0.555,-136.521,0.143,-47.738,0.542,0.207,0.155,0.649,0.324,0.243,-0.59,-0.771,-0.221,-1.257,-1.642,-0.627,0.166,0.117,0.088,-0.71,-1.313,-0.376,-1.182,-2.184,-0.834,-0.876,-1.24,-0.464,-1.347,-1.906,-0.951,-0.471,-0.667,-0.871,-0.162,-0.175,-0.336,-0.4,-0.436,-0.687,0.09,0.151,0.124,0.144,0.222,0.184,-0.254,-0.283,-0.351,0.249,0.464,0.298,0.311,0.519,0.347,0.473,0.747,0.588,0.546,0.773,0.622,0.073,0.062,0.054,-1.913,-2.783,0.325,-0.626,0.42,-0.044,-1.464,-2.131,0.042,-0.791,0.167,-0.209,0.652,-1.255,0.111,-2.073,1.043,1.131,1.123,-0.117,0.582,-0.731,1.39,1.506,-1.204,-2.075,1.033,0.083,1.128,0.664,0.06,-0.567,0.236,0.015,0.157,-1.485,1.476,1.719,0.823,0.052,1.966,2.29,1.35,0.516,1.474,1.098,0.601,-0.026,0.777,0.556,2.09,2.245,2.784,2.991,0.331,0.419,-0.031,0.212,-0.148,0.007
2021-08-13,CTD3,4181698,695238,0.012403995,0.017070089,0.022654582,0.01144506,0.007979082,0.0023435948,0.0023630296,0.0009740309,0.012343021,0.017107502,0.022476409,0.011355609,0.008247898,0.0022101137,0.08432538,-8.000000000000001e-45,2.398,-0.158,22.037,-0.292,36.478,0.04,-6.755,0.217,-44.709,-0.141,14.441,0.197,-28.792,0.363,-66.746,0.329,-43.233,0.479,-81.187,0.178,-37.954,0.499,0.252,0.176,0.623,0.417,0.291,-0.115,-0.153,-0.054,-0.763,-1.013,-0.512,0.179,0.165,0.115,-0.357,-0.652,-0.23,-0.828,-1.512,-0.764,-0.536,-0.738,-0.345,-1.007,-1.386,-0.929,-0.471,-0.648,-0.86,-0.137,-0.152,-0.24,-0.359,-0.409,-0.528,0.024,0.038,0.031,0.111,0.155,0.13,-0.234,-0.274,-0.288,0.16,0.276,0.184,0.259,0.381,0.267,0.38,0.55,0.448,0.498,0.615,0.515,0.118,0.099,0.087,-1.253,-2.113,0.221,-0.708,0.374,0.029,-0.944,-1.592,-0.123,-0.887,0.08,-0.15,0.33,-1.056,-0.243,-1.755,0.616,0.732,0.801,0.063,0.227,-0.425,0.884,1.049,-0.603,-1.463,0.871,-0.058,1.024,0.679,-0.169,-0.681,0.11,0.056,-0.335,-1.348,0.848,1.139,0.313,0.16,1.217,1.634,1.156,0.392,1.359,1.129,0.404,-0.107,0.684,0.63,1.336,1.512,1.917,2.169,0.455,0.57,0.027,0.318,-0.138,0.038,-0.162,22.564,-0.291,36.526,0.042,-7.045,0.199,-40.226,-0.136,13.963,0.202,-29.608,0.349,-62.789,0.329,-43.571,0.463,-76.752,0.159,-33.181,0.507,0.256,0.186,0.625,0.415,0.301,-0.121,-0.158,-0.058,-0.688,-0.904,-0.457,0.172,0.159,0.115,-0.365,-0.665,-0.244,-0.775,-1.411,-0.713,-0.538,-0.745,-0.359,-0.947,-1.313,-0.872,-0.41,-0.568,-0.746,-0.141,-0.155,-0.243,-0.356,-0.4,-0.517,0.025,0.039,0.032,0.103,0.144,0.121,-0.227,-0.261,-0.274,0.165,0.279,0.187,0.254,0.374,0.262,0.378,0.54,0.439,0.483,0.6,0.5,0.106,0.089,0.079,-1.258,-2.004,0.216,-0.655,0.355,-0.005,-0.957,-1.525,-0.115,-0.828,0.067,-0.177,0.326,-0.987,-0.227,-1.638,0.605,0.72,0.735,-0.01,0.183,-0.483,0.833,0.991,-0.593,-1.339,0.881,0.009,1.019,0.66,-0.159,-0.616,0.093,0.035,-0.314,-1.219,0.838,1.14,0.253,0.095,1.154,1.569,1.157,0.444,1.339,1.095,0.394,-0.063,0.646,0.588,1.311,1.497,1.805,2.061,0.438,0.553,-0.004,0.297,-0.163,0.023
2021-08-13,CTD4,4180266,698264,0.011711564,0.016506795,0.01864611,0.007627486,0.004336136,0.001354973,0.0013375452,0.0005814171,0.01173844,0.016775215,0.01821671,0.007615866,0.0051844665,0.0011973645,0.0001480413,-8.000000000000001e-45,1.22,-0.17,24.805,-0.228,31.755,0.211,-45.719,0.46,-145.234,-0.061,6.951,0.368,-70.524,0.584,-170.039,0.419,-77.474,0.623,-176.99,0.275,-99.515,0.463,0.189,0.108,0.524,0.242,0.138,-0.755,-0.852,-0.198,-2.397,-2.708,-1.108,0.081,0.053,0.03,-0.826,-1.315,-0.306,-1.991,-3.171,-1.297,-0.907,-1.279,-0.336,-2.073,-2.922,-1.35,-1.165,-1.643,-1.856,-0.183,-0.209,-0.401,-0.287,-0.333,-0.58,0.116,0.196,0.178,0.21,0.306,0.281,-0.111,-0.133,-0.179,0.292,0.553,0.386,0.401,0.629,0.463,0.39,0.687,0.529,0.507,0.74,0.593,0.117,0.108,0.094,-1.735,-3.591,0.3,-1.05,0.477,0.141,-1.536,-3.179,0.166,-1.131,0.365,0.06,0.65,-2.271,0.406,-2.765,1.273,1.303,1.816,0.537,1.571,0.256,2.239,2.292,-1.035,-2.891,1.0,-0.35,1.177,0.841,0.234,-0.874,0.515,0.317,0.572,-2.136,1.794,1.932,2.215,1.362,3.156,3.398,1.13,-0.167,1.329,1.024,0.478,-0.629,0.759,0.561,2.074,2.182,3.649,3.838,0.389,0.419,0.092,0.23,0.039,0.146,-0.177,25.578,-0.216,30.296,0.213,-46.115,0.387,-107.694,-0.041,4.717,0.376,-71.693,0.528,-133.272,0.41,-76.41,0.557,-137.989,0.19,-61.579,0.466,0.195,0.133,0.508,0.231,0.157,-0.774,-0.84,-0.239,-1.807,-1.962,-0.82,0.055,0.036,0.024,-0.842,-1.306,-0.372,-1.564,-2.428,-1.015,-0.897,-1.282,-0.396,-1.62,-2.315,-1.051,-0.723,-1.033,-1.122,-0.195,-0.215,-0.393,-0.266,-0.295,-0.506,0.118,0.188,0.176,0.187,0.269,0.254,-0.074,-0.085,-0.113,0.306,0.541,0.391,0.387,0.599,0.449,0.372,0.626,0.483,0.457,0.673,0.534,0.085,0.081,0.069,-1.692,-2.814,0.282,-0.769,0.415,0.019,-1.558,-2.591,0.19,-0.825,0.335,-0.036,0.62,-1.694,0.455,-1.972,1.232,1.257,1.343,0.061,1.178,-0.128,1.81,1.846,-0.963,-2.085,1.011,-0.04,1.144,0.748,0.272,-0.548,0.479,0.24,0.651,-1.311,1.761,1.918,1.684,0.844,2.587,2.818,1.098,0.083,1.243,0.871,0.437,-0.383,0.644,0.405,1.95,2.083,2.865,3.06,0.34,0.364,0.012,0.169,-0.024,0.109
2021-08-13,CTD6,4176009,695829,0.012969719,0.017238667,0.022602266,0.013124298,0.007991494,0.0024146014,0.00239987,0.0010122437,0.012949296,0.017473314,0.022145607,0.012965846,0.008980223,0.0022472204,0.0395541,-8.000000000000001e-45,3.008,-0.141,19.094,-0.271,32.859,-0.006,0.908,0.237,-48.03,-0.135,13.766,0.136,-18.185,0.367,-67.124,0.265,-31.951,0.478,-80.89,0.243,-48.938,0.432,0.251,0.153,0.566,0.431,0.263,0.016,0.021,0.007,-0.828,-1.086,-0.63,0.179,0.181,0.11,-0.236,-0.411,-0.145,-0.871,-1.517,-0.881,-0.414,-0.551,-0.255,-1.049,-1.394,-1.062,-0.635,-0.844,-1.106,-0.119,-0.14,-0.202,-0.317,-0.382,-0.456,-0.004,-0.006,-0.005,0.125,0.164,0.139,-0.206,-0.256,-0.254,0.116,0.196,0.134,0.26,0.354,0.259,0.314,0.452,0.376,0.484,0.56,0.481,0.17,0.144,0.129,-0.97,-2.076,0.172,-0.89,0.399,0.143,-0.74,-1.583,-0.188,-1.068,0.11,-0.035,0.226,-1.169,-0.323,-1.84,0.525,0.635,0.86,0.309,0.312,-0.099,0.862,1.042,-0.393,-1.499,0.748,-0.313,0.976,0.72,-0.249,-0.88,0.147,0.154,-0.429,-1.515,0.697,0.96,0.414,0.435,1.145,1.576,0.981,0.1,1.279,1.134,0.299,-0.331,0.695,0.702,1.106,1.259,1.816,2.067,0.548,0.658,0.145,0.408,-0.036,0.117,-0.149,19.994,-0.262,32.069,-0.001,0.099,0.181,-34.132,-0.118,12.074,0.148,-19.896,0.321,-54.126,0.261,-31.97,0.423,-66.2,0.182,-34.23,0.443,0.259,0.18,0.56,0.416,0.288,0.002,0.002,0.001,-0.596,-0.756,-0.443,0.156,0.157,0.108,-0.258,-0.441,-0.179,-0.701,-1.199,-0.702,-0.414,-0.559,-0.287,-0.857,-1.157,-0.858,-0.443,-0.598,-0.758,-0.129,-0.145,-0.206,-0.302,-0.348,-0.419,-0.0,-0.001,-0.001,0.1,0.13,0.113,-0.18,-0.213,-0.213,0.128,0.206,0.145,0.242,0.328,0.242,0.302,0.419,0.347,0.433,0.508,0.433,0.131,0.114,0.101,-0.967,-1.725,0.156,-0.703,0.336,0.048,-0.763,-1.361,-0.157,-0.859,0.071,-0.108,0.21,-0.947,-0.269,-1.467,0.485,0.593,0.653,0.094,0.175,-0.266,0.7,0.856,-0.359,-1.117,0.764,-0.094,0.944,0.657,-0.212,-0.655,0.096,0.096,-0.363,-1.118,0.654,0.942,0.236,0.238,0.944,1.36,0.968,0.266,1.196,1.018,0.266,-0.176,0.574,0.575,1.015,1.194,1.465,1.724,0.487,0.596,0.049,0.337,-0.108,0.072
2021-08-13,CTD7,4176724,690397,0.012480198,0.020188639,0.03236331,0.01400016,0.010424688,0.0027976772,0.0028018332,0.0011292049,0.012393299,0.02020335,0.032436162,0.014127533,0.010409608,0.0026739503,0.14348024,-8.000000000000001e-45,4.491,-0.236,30.594,-0.443,49.228,-0.057,8.699,0.09,-15.799,-0.232,18.634,0.181,-21.895,0.319,-46.393,0.396,-40.529,0.513,-65.027,0.146,-24.498,0.99,0.428,0.319,0.994,0.689,0.513,0.176,0.282,0.091,-0.319,-0.511,-0.221,0.233,0.261,0.194,-0.273,-0.709,-0.228,-0.579,-1.501,-0.65,-0.506,-0.818,-0.422,-0.812,-1.313,-0.91,-0.306,-0.495,-0.793,-0.166,-0.18,-0.316,-0.582,-0.649,-0.814,-0.029,-0.05,-0.036,0.039,0.06,0.044,-0.46,-0.532,-0.498,0.138,0.27,0.145,0.218,0.369,0.211,0.562,0.802,0.6,0.672,0.828,0.642,0.109,0.08,0.068,-1.693,-2.486,0.186,-0.725,0.296,-0.126,-1.056,-1.551,-0.308,-0.957,-0.131,-0.359,0.268,-1.045,-0.712,-2.213,0.375,0.569,0.573,-0.245,-0.406,-1.114,0.504,0.765,-0.694,-1.487,1.185,0.275,1.296,0.873,-0.498,-0.719,-0.211,-0.121,-1.151,-1.662,0.607,1.12,-0.657,-0.375,0.815,1.504,1.9,1.25,2.077,1.849,0.481,0.26,0.768,0.858,1.476,1.795,1.983,2.411,0.605,0.8,-0.142,0.371,-0.403,-0.084,-0.24,31.192,-0.447,49.859,-0.065,9.905,0.087,-15.376,-0.232,18.667,0.177,-21.287,0.32,-46.568,0.393,-39.954,0.514,-65.235,0.152,-25.281,1.012,0.441,0.325,1.007,0.704,0.519,0.2,0.321,0.103,-0.311,-0.499,-0.217,0.231,0.264,0.194,-0.264,-0.69,-0.222,-0.577,-1.51,-0.658,-0.495,-0.807,-0.416,-0.808,-1.318,-0.922,-0.313,-0.511,-0.82,-0.168,-0.182,-0.318,-0.584,-0.655,-0.817,-0.033,-0.057,-0.04,0.038,0.058,0.043,-0.461,-0.536,-0.499,0.136,0.266,0.142,0.218,0.369,0.21,0.562,0.803,0.598,0.676,0.831,0.642,0.114,0.083,0.071,-1.683,-2.503,0.178,-0.744,0.293,-0.123,-1.048,-1.559,-0.317,-0.975,-0.133,-0.355,0.254,-1.064,-0.728,-2.239,0.362,0.556,0.568,-0.24,-0.415,-1.105,0.491,0.755,-0.666,-1.486,1.195,0.273,1.309,0.893,-0.517,-0.734,-0.217,-0.114,-1.187,-1.686,0.59,1.109,-0.676,-0.355,0.801,1.505,1.918,1.26,2.102,1.88,0.466,0.248,0.766,0.869,1.456,1.781,1.976,2.417,0.625,0.819,-0.141,0.378,-0.404,-0.08
2021-08-13,CTD8,4174178,693048,0.0,0.0,0.0,0.0,0.0,0.0,0.0,0.0,0.0,0.0,0.0,0.0,0.0,0.0,0.0,0.0,3.955,,,,,,,,,,,,,,,,,,,,,,,,,,,,,,,,,,,,,,,,,,,,,,,,,,,,,,,,,,,,,,,,,,,,,,,,,,,,,,,,,,,,,,,,,,,,,,,,,,,,,,,,,,,,,,,,,,,,,,,,,,,,,,,,,,,,,,,,,,,,,,,,,,,,,,,,,,,,,,,,,,,,,,,,,,,,,,,,,,,,,,,,,,,,,,,,,,,,,,,,,,,,,,,,,,,,,,,,,,,,,,,,,,,,,,,,,,,,,,,,,,,,,,,,,,,,,,,,,,,,,,,,,,,,,,,,,,,,,,,,
2021-08-13,CTD10,4170388,695646,0.009373114,0.012710169,0.018535117,0.010133371,0.008110392,0.0024327051,0.0024297764,0.0010151016,0.0093817245,0.012684781,0.018444108,0.010073029,0.008472932,0.0023021488,0.22553751,-8.000000000000001e-45,3.209,-0.151,28.011,-0.328,52.736,-0.039,8.004,0.072,-16.61,-0.186,24.726,0.113,-20.007,0.221,-44.621,0.293,-44.732,0.391,-69.347,0.111,-24.615,0.519,0.284,0.227,0.67,0.534,0.428,0.102,0.148,0.065,-0.211,-0.308,-0.168,0.232,0.251,0.201,-0.188,-0.371,-0.162,-0.418,-0.827,-0.452,-0.419,-0.569,-0.363,-0.65,-0.881,-0.703,-0.231,-0.313,-0.456,-0.116,-0.125,-0.183,-0.401,-0.44,-0.502,-0.024,-0.037,-0.029,0.04,0.055,0.044,-0.299,-0.333,-0.319,0.092,0.147,0.097,0.165,0.236,0.16,0.38,0.481,0.404,0.472,0.534,0.456,0.092,0.072,0.065,-1.092,-1.548,0.191,-0.512,0.3,-0.063,-0.749,-1.061,-0.292,-0.744,-0.132,-0.295,0.239,-0.642,-0.533,-1.36,0.287,0.487,0.47,-0.099,-0.303,-0.673,0.358,0.609,-0.473,-0.929,0.809,0.107,0.918,0.556,-0.395,-0.564,-0.18,-0.115,-0.723,-1.031,0.389,0.817,-0.41,-0.262,0.486,1.02,1.18,0.728,1.339,1.177,0.377,0.209,0.593,0.658,0.964,1.191,1.204,1.488,0.443,0.644,-0.068,0.36,-0.319,-0.091,-0.15,27.756,-0.326,52.372,-0.036,7.315,0.051,-11.433,-0.185,24.617,0.115,-20.44,0.199,-39.188,0.294,-45.057,0.37,-63.805,0.086,-18.748,0.512,0.28,0.235,0.664,0.528,0.444,0.093,0.135,0.062,-0.145,-0.211,-0.115,0.231,0.248,0.209,-0.192,-0.377,-0.173,-0.368,-0.723,-0.395,-0.423,-0.572,-0.382,-0.599,-0.809,-0.643,-0.176,-0.238,-0.346,-0.116,-0.123,-0.178,-0.398,-0.428,-0.489,-0.022,-0.033,-0.026,0.029,0.04,0.032,-0.296,-0.323,-0.311,0.094,0.146,0.097,0.151,0.216,0.148,0.379,0.469,0.396,0.452,0.513,0.438,0.073,0.058,0.051,-1.091,-1.437,0.193,-0.449,0.28,-0.102,-0.751,-0.988,-0.285,-0.68,-0.159,-0.332,0.244,-0.566,-0.523,-1.245,0.263,0.472,0.42,-0.152,-0.347,-0.724,0.313,0.561,-0.479,-0.825,0.806,0.163,0.893,0.511,-0.386,-0.501,-0.215,-0.153,-0.707,-0.918,0.356,0.8,-0.469,-0.334,0.423,0.951,1.172,0.777,1.298,1.125,0.38,0.265,0.551,0.613,0.928,1.163,1.103,1.383,0.406,0.614,-0.109,0.335,-0.357,-0.122
2021-08-13,CTD11,4169609,700351,0.007538597,0.010243557,0.014443891,0.007492163,0.0056874105,0.0016877899,0.0016754031,0.0007017776,0.0075989394,0.010237105,0.01429209,0.007407531,0.0057624746,0.0016582301,0.15907761,-8.000000000000001e-45,1.809,-0.152,35.028,-0.314,63.417,0.003,-0.822,0.14,-43.176,-0.17,28.389,0.155,-35.85,0.286,-78.205,0.317,-64.239,0.435,-106.594,0.137,-42.354,0.506,0.262,0.199,0.65,0.475,0.361,-0.008,-0.012,-0.005,-0.442,-0.624,-0.323,0.214,0.213,0.161,-0.27,-0.518,-0.204,-0.59,-1.13,-0.586,-0.484,-0.658,-0.365,-0.804,-1.092,-0.799,-0.319,-0.434,-0.612,-0.123,-0.134,-0.205,-0.389,-0.433,-0.524,0.002,0.003,0.002,0.075,0.104,0.084,-0.279,-0.318,-0.319,0.125,0.208,0.137,0.207,0.303,0.208,0.391,0.526,0.436,0.492,0.583,0.494,0.101,0.082,0.073,-1.192,-1.804,0.217,-0.581,0.342,-0.023,-0.845,-1.279,-0.209,-0.795,-0.033,-0.237,0.297,-0.795,-0.404,-1.533,0.451,0.612,0.616,-0.042,-0.085,-0.602,0.594,0.807,-0.569,-1.181,0.84,0.041,0.965,0.6,-0.285,-0.608,-0.045,-0.05,-0.549,-1.172,0.613,0.973,-0.115,-0.127,0.807,1.282,1.185,0.599,1.361,1.157,0.416,0.093,0.656,0.651,1.173,1.373,1.546,1.808,0.439,0.6,-0.023,0.338,-0.236,-0.037,-0.148,33.913,-0.306,61.629,0.013,-3.4,0.137,-41.939,-0.165,27.715,0.16,-37.314,0.28,-75.853,0.317,-65.029,0.425,-103.568,0.125,-38.539,0.485,0.251,0.195,0.631,0.457,0.355,-0.035,-0.049,-0.02,-0.429,-0.599,-0.311,0.211,0.205,0.16,-0.284,-0.533,-0.215,-0.576,-1.084,-0.562,-0.494,-0.666,-0.375,-0.787,-1.06,-0.767,-0.293,-0.395,-0.551,-0.122,-0.132,-0.2,-0.379,-0.418,-0.508,0.008,0.012,0.01,0.075,0.104,0.085,-0.27,-0.303,-0.308,0.129,0.212,0.141,0.204,0.298,0.206,0.386,0.515,0.43,0.478,0.568,0.483,0.092,0.075,0.067,-1.187,-1.738,0.224,-0.543,0.339,-0.036,-0.85,-1.245,-0.192,-0.754,-0.031,-0.246,0.31,-0.751,-0.37,-1.454,0.463,0.623,0.602,-0.063,-0.077,-0.611,0.595,0.8,-0.582,-1.133,0.829,0.062,0.944,0.569,-0.259,-0.569,-0.042,-0.062,-0.499,-1.098,0.624,0.979,-0.104,-0.153,0.802,1.258,1.157,0.595,1.318,1.103,0.421,0.111,0.638,0.618,1.171,1.366,1.505,1.757,0.412,0.572,-0.035,0.32,-0.24,-0.045
2021-08-13,CTD12,4173438,695414,0.009512358,0.013580363,0.020117052,0.009686679,0.008132491,0.002305889,0.0023966886,0.0009519312,0.009515178,0.01358385,0.020055331,0.009674586,0.008047107,0.002296951,0.21194956,-8.000000000000001e-45,3.173,-0.176,31.491,-0.358,55.417,-0.009,1.892,0.078,-17.837,-0.194,23.927,0.167,-29.599,0.251,-49.328,0.35,-53.525,0.424,-73.254,0.087,-19.729,0.633,0.305,0.256,0.753,0.537,0.451,0.026,0.038,0.015,-0.242,-0.359,-0.173,0.228,0.232,0.195,-0.282,-0.595,-0.241,-0.469,-0.992,-0.478,-0.509,-0.727,-0.435,-0.697,-0.995,-0.71,-0.188,-0.268,-0.397,-0.136,-0.144,-0.228,-0.456,-0.488,-0.595,-0.005,-0.008,-0.006,0.041,0.059,0.046,-0.34,-0.37,-0.367,0.131,0.221,0.138,0.184,0.284,0.183,0.452,0.591,0.48,0.519,0.624,0.515,0.067,0.052,0.046,-1.376,-1.773,0.219,-0.491,0.296,-0.139,-0.929,-1.197,-0.24,-0.718,-0.126,-0.367,0.307,-0.688,-0.499,-1.492,0.383,0.578,0.495,-0.232,-0.312,-0.907,0.456,0.688,-0.649,-1.046,0.946,0.237,1.023,0.588,-0.343,-0.516,-0.18,-0.164,-0.713,-1.072,0.547,0.998,-0.445,-0.407,0.652,1.188,1.402,0.924,1.516,1.275,0.463,0.29,0.626,0.642,1.222,1.478,1.455,1.76,0.419,0.614,-0.142,0.309,-0.373,-0.117,-0.176,31.478,-0.356,55.233,-0.008,1.732,0.084,-19.173,-0.192,23.755,0.168,-29.747,0.256,-50.651,0.349,-53.502,0.427,-74.406,0.092,-20.905,0.631,0.305,0.253,0.75,0.534,0.444,0.024,0.035,0.014,-0.26,-0.385,-0.185,0.226,0.23,0.191,-0.283,-0.597,-0.239,-0.482,-1.016,-0.49,-0.509,-0.727,-0.431,-0.708,-1.011,-0.72,-0.199,-0.284,-0.419,-0.137,-0.145,-0.23,-0.453,-0.487,-0.595,-0.005,-0.007,-0.006,0.044,0.063,0.049,-0.337,-0.368,-0.365,0.132,0.223,0.139,0.187,0.289,0.186,0.449,0.591,0.48,0.52,0.626,0.516,0.07,0.055,0.048,-1.373,-1.792,0.218,-0.502,0.299,-0.131,-0.93,-1.214,-0.238,-0.728,-0.118,-0.357,0.306,-0.705,-0.493,-1.509,0.391,0.582,0.505,-0.222,-0.294,-0.891,0.47,0.7,-0.645,-1.065,0.945,0.225,1.026,0.596,-0.339,-0.525,-0.168,-0.154,-0.704,-1.088,0.558,1.003,-0.42,-0.385,0.671,1.206,1.396,0.905,1.515,1.276,0.46,0.274,0.631,0.645,1.227,1.481,1.475,1.78,0.424,0.616,-0.134,0.311,-0.363,-0.11
2021-11-11,CTD1,4187246,695025,0.007085306,0.01072639,0.017328199,0.004364454,0.003709069,0.0008384945,0.0008350146,0.00032305362,0.0070983926,0.010543567,0.017465152,0.0045675556,0.00341317,0.00089728425,0.31068936,-8.000000000000001e-45,0.945,-0.204,47.909,-0.42,83.428,0.238,-87.987,0.313,-128.472,-0.235,35.519,0.422,-135.896,0.486,-176.381,0.598,-171.414,0.647,-211.9,0.081,-40.486,0.83,0.209,0.178,0.895,0.364,0.309,-0.944,-1.525,-0.326,-1.378,-2.226,-0.561,0.252,0.155,0.132,-0.963,-2.355,-0.504,-1.25,-3.056,-0.77,-1.215,-1.839,-0.636,-1.501,-2.273,-0.925,-0.287,-0.434,-0.702,-0.168,-0.173,-0.451,-0.679,-0.71,-1.269,0.097,0.188,0.129,0.12,0.224,0.156,-0.577,-0.612,-0.818,0.261,0.589,0.302,0.287,0.613,0.323,0.728,1.201,0.898,0.765,1.189,0.902,0.037,0.027,0.023,-3.31,-4.011,0.409,-0.516,0.447,-0.189,-2.049,-2.483,0.002,-0.768,0.063,-0.441,1.004,-1.269,0.008,-3.048,1.278,1.409,1.291,-0.547,0.295,-2.06,1.503,1.658,-2.456,-3.158,1.262,0.337,1.3,0.664,0.003,-0.558,0.096,-0.231,0.012,-2.214,1.934,2.244,0.446,-1.078,2.276,2.64,2.039,1.269,2.1,1.596,0.999,0.439,1.092,0.766,3.447,3.625,4.056,4.265,0.27,0.402,-0.117,0.193,-0.272,-0.094,-0.195,46.032,-0.422,83.62,0.217,-78.059,0.351,-152.106,-0.247,37.588,0.395,-124.091,0.511,-198.138,0.585,-161.679,0.673,-235.726,0.145,-74.047,0.804,0.21,0.157,0.882,0.382,0.285,-0.823,-1.363,-0.266,-1.604,-2.657,-0.695,0.267,0.172,0.128,-0.881,-2.167,-0.424,-1.406,-3.461,-0.905,-1.148,-1.705,-0.552,-1.673,-2.485,-1.077,-0.526,-0.781,-1.293,-0.156,-0.165,-0.432,-0.686,-0.743,-1.299,0.09,0.181,0.121,0.132,0.244,0.167,-0.593,-0.658,-0.867,0.243,0.569,0.286,0.29,0.611,0.324,0.731,1.227,0.924,0.797,1.205,0.93,0.065,0.047,0.041,-3.15,-4.444,0.412,-0.665,0.478,-0.074,-1.902,-2.683,-0.027,-0.932,0.083,-0.341,0.95,-1.535,-0.102,-3.563,1.23,1.359,1.476,-0.229,0.423,-1.744,1.646,1.818,-2.338,-3.632,1.224,0.147,1.29,0.738,-0.04,-0.735,0.123,-0.144,-0.152,-2.809,1.828,2.113,0.629,-0.735,2.446,2.828,2.027,1.122,2.137,1.713,1.013,0.318,1.176,0.909,3.343,3.5,4.474,4.684,0.32,0.448,-0.048,0.238,-0.219,-0.062
2021-11-11,CTD2,4181518,693105,0.006749199,0.009515407,0.013755965,0.0033145868,0.0026451477,0.00061966135,0.00061843457,0.00023718156,0.006787805,0.009404243,0.013764823,0.0033904735,0.0025291417,0.0006613163,0.25622702,-8.000000000000001e-45,0.944,-0.17,43.073,-0.342,75.47,0.341,-153.531,0.437,-229.885,-0.182,32.397,0.483,-196.604,0.565,-272.958,0.612,-229.001,0.677,-305.355,0.112,-76.354,0.593,0.143,0.114,0.718,0.25,0.2,-1.461,-2.112,-0.406,-2.187,-3.162,-0.762,0.219,0.107,0.086,-1.327,-2.704,-0.52,-1.842,-3.755,-0.905,-1.546,-2.179,-0.606,-2.061,-2.906,-1.012,-0.515,-0.727,-1.05,-0.162,-0.169,-0.464,-0.546,-0.576,-1.176,0.148,0.282,0.209,0.176,0.32,0.24,-0.421,-0.451,-0.712,0.302,0.66,0.378,0.335,0.683,0.402,0.642,1.111,0.859,0.683,1.104,0.866,0.041,0.033,0.029,-3.441,-4.491,0.468,-0.544,0.517,-0.089,-2.38,-3.107,0.142,-0.762,0.213,-0.307,1.344,-1.561,0.591,-3.164,1.758,1.844,1.86,-0.319,1.106,-1.599,2.203,2.311,-2.74,-3.791,1.169,0.157,1.218,0.612,0.201,-0.561,0.3,-0.106,0.833,-2.33,2.479,2.678,1.559,-0.553,3.106,3.356,1.69,0.785,1.76,1.24,0.955,0.193,1.054,0.648,3.758,3.872,4.709,4.852,0.213,0.299,-0.044,0.156,-0.151,-0.037,-0.162,40.988,-0.339,74.674,0.334,-147.621,0.457,-248.068,-0.188,33.686,0.47,-188.609,0.576,-289.056,0.605,-222.295,0.69,-322.742,0.146,-100.447,0.564,0.139,0.104,0.702,0.253,0.189,-1.388,-2.032,-0.373,-2.333,-3.415,-0.841,0.229,0.114,0.085,-1.28,-2.596,-0.477,-1.962,-3.979,-0.98,-1.509,-2.091,-0.562,-2.191,-3.035,-1.094,-0.682,-0.945,-1.383,-0.153,-0.161,-0.442,-0.545,-0.585,-1.179,0.147,0.285,0.209,0.184,0.333,0.248,-0.428,-0.468,-0.737,0.293,0.645,0.369,0.335,0.675,0.401,0.641,1.113,0.869,0.694,1.104,0.878,0.053,0.042,0.037,-3.338,-4.721,0.475,-0.619,0.538,-0.024,-2.281,-3.225,0.133,-0.847,0.224,-0.253,1.319,-1.716,0.538,-3.44,1.733,1.818,2.001,-0.09,1.22,-1.376,2.323,2.438,-2.674,-4.057,1.139,0.045,1.202,0.64,0.184,-0.657,0.311,-0.063,0.746,-2.669,2.401,2.59,1.69,-0.341,3.219,3.472,1.667,0.687,1.759,1.282,0.964,0.123,1.091,0.718,3.687,3.791,4.943,5.082,0.231,0.316,-0.012,0.177,-0.126,-0.023
2021-11-11,CTD3,4181698,695238,0.0066071055,0.009813364,0.011715255,0.002029432,0.0014751162,0.00035079423,0.00034651402,0.00013375955,0.006574818,0.0097037405,0.011684691,0.0020424041,0.0014166819,0.00036335137,0.17142731,-2.878e-42,0.919,-0.195,49.45,-0.279,65.993,0.53,-341.397,0.635,-526.56,-0.088,16.543,0.657,-390.847,0.739,-576.011,0.705,-407.39,0.776,-592.554,0.158,-185.164,0.579,0.1,0.073,0.648,0.134,0.097,-3.35,-4.0,-0.504,-5.167,-6.169,-1.069,0.109,0.034,0.024,-2.582,-4.579,-0.577,-3.806,-6.748,-1.169,-2.692,-3.998,-0.601,-3.915,-5.815,-1.203,-1.223,-1.817,-2.169,-0.233,-0.243,-0.915,-0.431,-0.453,-1.458,0.213,0.406,0.347,0.238,0.433,0.373,-0.22,-0.235,-0.543,0.425,0.963,0.59,0.455,0.965,0.607,0.59,1.198,0.858,0.624,1.186,0.865,0.034,0.03,0.026,-5.099,-7.269,0.5,-0.703,0.547,-0.054,-4.272,-6.089,0.357,-0.812,0.414,-0.163,2.418,-3.397,2.062,-4.686,3.105,3.13,3.641,-0.356,3.285,-1.294,4.272,4.306,-4.287,-6.457,1.312,0.109,1.359,0.758,0.53,-0.538,0.614,0.111,3.062,-3.106,4.612,4.71,4.879,0.88,6.345,6.479,1.566,0.397,1.623,1.046,0.887,-0.182,0.971,0.467,5.549,5.622,7.635,7.735,0.157,0.181,-0.016,0.081,-0.05,0.023,-0.192,49.042,-0.28,66.513,0.526,-337.524,0.645,-553.779,-0.093,17.471,0.652,-386.566,0.745,-602.822,0.702,-404.037,0.784,-620.293,0.181,-216.256,0.573,0.1,0.069,0.645,0.136,0.094,-3.275,-3.944,-0.478,-5.374,-6.471,-1.131,0.115,0.036,0.025,-2.542,-4.517,-0.548,-3.963,-7.044,-1.231,-2.656,-3.921,-0.572,-4.078,-6.019,-1.267,-1.422,-2.098,-2.527,-0.228,-0.239,-0.905,-0.435,-0.46,-1.477,0.212,0.408,0.346,0.241,0.439,0.376,-0.23,-0.248,-0.573,0.42,0.959,0.585,0.454,0.962,0.604,0.592,1.207,0.867,0.631,1.192,0.874,0.038,0.034,0.029,-5.043,-7.57,0.503,-0.764,0.556,-0.016,-4.188,-6.287,0.352,-0.879,0.417,-0.131,2.389,-3.63,2.015,-5.029,3.073,3.098,3.811,-0.11,3.437,-1.08,4.431,4.466,-4.245,-6.772,1.301,0.034,1.355,0.782,0.52,-0.611,0.615,0.137,2.974,-3.497,4.536,4.63,5.072,1.129,6.539,6.675,1.567,0.336,1.631,1.084,0.894,-0.238,0.989,0.511,5.506,5.575,7.937,8.037,0.165,0.189,-0.005,0.089,-0.041,0.029
2021-11-11,CTD4,4180266,698264,0.007723891,0.011469823,0.017065883,0.003783259,0.0029302672,0.00066262914,0.0006542802,0.00025313982,0.00772932,0.011305219,0.017187675,0.0039291177,0.002770159,0.0007005787,0.23541395,-8.000000000000001e-45,0.856,-0.195,42.283,-0.377,70.872,0.342,-134.854,0.45,-211.797,-0.196,28.589,0.504,-177.137,0.593,-254.081,0.637,-205.726,0.707,-282.669,0.127,-76.943,0.722,0.16,0.124,0.813,0.268,0.208,-1.547,-2.301,-0.395,-2.429,-3.615,-0.801,0.221,0.108,0.084,-1.368,-3.023,-0.519,-1.962,-4.336,-0.961,-1.589,-2.36,-0.603,-2.183,-3.242,-1.069,-0.594,-0.883,-1.313,-0.18,-0.187,-0.558,-0.612,-0.649,-1.392,0.138,0.274,0.197,0.168,0.314,0.23,-0.486,-0.525,-0.834,0.31,0.721,0.384,0.344,0.742,0.41,0.692,1.247,0.922,0.736,1.228,0.927,0.044,0.034,0.03,-3.837,-5.151,0.452,-0.618,0.502,-0.101,-2.579,-3.462,0.123,-0.839,0.197,-0.322,1.37,-1.873,0.554,-3.782,1.786,1.87,1.964,-0.396,1.148,-1.875,2.306,2.414,-3.026,-4.339,1.263,0.194,1.313,0.71,0.182,-0.619,0.293,-0.102,0.822,-2.792,2.652,2.86,1.705,-0.597,3.424,3.693,1.88,0.918,1.954,1.435,0.998,0.197,1.109,0.713,4.132,4.255,5.334,5.494,0.234,0.318,-0.05,0.158,-0.158,-0.034,-0.188,40.923,-0.38,71.196,0.326,-125.133,0.472,-231.613,-0.206,30.273,0.484,-166.055,0.606,-272.535,0.628,-196.329,0.722,-302.809,0.173,-106.48,0.703,0.161,0.113,0.805,0.28,0.197,-1.415,-2.151,-0.347,-2.618,-3.981,-0.91,0.234,0.119,0.084,-1.283,-2.854,-0.46,-2.107,-4.684,-1.071,-1.517,-2.22,-0.544,-2.341,-3.423,-1.19,-0.823,-1.204,-1.83,-0.169,-0.179,-0.534,-0.621,-0.672,-1.412,0.133,0.27,0.19,0.174,0.326,0.235,-0.505,-0.56,-0.878,0.296,0.703,0.37,0.343,0.732,0.404,0.697,1.263,0.942,0.757,1.237,0.946,0.061,0.047,0.041,-3.691,-5.521,0.455,-0.735,0.523,-0.021,-2.428,-3.631,0.102,-0.969,0.205,-0.255,1.309,-2.114,0.447,-4.237,1.722,1.806,2.132,-0.087,1.27,-1.584,2.443,2.562,-2.912,-4.742,1.234,0.044,1.301,0.758,0.149,-0.761,0.299,-0.047,0.654,-3.327,2.519,2.716,1.857,-0.293,3.573,3.852,1.876,0.805,1.979,1.519,1.012,0.102,1.162,0.815,4.016,4.129,5.696,5.857,0.263,0.347,-0.011,0.186,-0.13,-0.016
2021-11-11,CTD6,4176009,695829,0.0068414416,0.010722805,0.016319046,0.003711427,0.0027141797,0.00062261487,0.0006134142,0.00023993869,0.006845627,0.010604513,0.016415542,0.003838036,0.0026349893,0.0006475044,0.21786281,-2.878e-42,0.843,-0.221,52.909,-0.409,84.89,0.297,-123.27,0.432,-222.267,-0.207,31.981,0.486,-176.179,0.596,-275.176,0.629,-208.16,0.715,-307.157,0.155,-98.997,0.863,0.196,0.144,0.91,0.315,0.23,-1.322,-2.012,-0.335,-2.383,-3.627,-0.825,0.219,0.119,0.087,-1.205,-2.875,-0.478,-1.883,-4.491,-1.021,-1.424,-2.232,-0.565,-2.101,-3.294,-1.14,-0.677,-1.062,-1.616,-0.194,-0.204,-0.604,-0.657,-0.705,-1.475,0.116,0.233,0.164,0.153,0.286,0.206,-0.53,-0.586,-0.871,0.303,0.734,0.368,0.346,0.759,0.4,0.718,1.319,0.938,0.775,1.289,0.943,0.057,0.043,0.037,-3.759,-5.374,0.411,-0.729,0.472,-0.093,-2.47,-3.531,0.073,-0.948,0.166,-0.312,1.186,-2.107,0.321,-4.169,1.59,1.677,1.864,-0.369,0.999,-1.876,2.175,2.293,-2.83,-4.445,1.34,0.2,1.401,0.836,0.115,-0.71,0.26,-0.074,0.504,-3.123,2.492,2.723,1.565,-0.446,3.408,3.723,2.039,1.018,2.132,1.654,0.979,0.154,1.125,0.791,4.0,4.144,5.47,5.666,0.289,0.376,-0.051,0.18,-0.169,-0.026,-0.215,51.779,-0.411,85.161,0.282,-114.471,0.444,-233.43,-0.215,33.382,0.469,-166.25,0.602,-285.209,0.621,-199.632,0.723,-318.59,0.186,-118.958,0.85,0.199,0.136,0.903,0.327,0.224,-1.214,-1.879,-0.302,-2.475,-3.832,-0.896,0.229,0.128,0.088,-1.138,-2.729,-0.438,-1.952,-4.682,-1.095,-1.367,-2.117,-0.526,-2.181,-3.378,-1.223,-0.814,-1.261,-1.953,-0.186,-0.197,-0.581,-0.663,-0.723,-1.478,0.111,0.227,0.158,0.156,0.292,0.208,-0.544,-0.613,-0.898,0.291,0.714,0.355,0.343,0.746,0.393,0.721,1.327,0.95,0.79,1.29,0.954,0.069,0.052,0.045,-3.632,-5.584,0.412,-0.811,0.485,-0.041,-2.346,-3.607,0.055,-1.04,0.169,-0.27,1.138,-2.241,0.236,-4.446,1.535,1.623,1.952,-0.165,1.05,-1.679,2.236,2.364,-2.728,-4.681,1.315,0.093,1.389,0.863,0.085,-0.811,0.261,-0.041,0.365,-3.467,2.378,2.602,1.627,-0.253,3.464,3.791,2.036,0.941,2.149,1.711,0.987,0.091,1.163,0.861,3.892,4.029,5.669,5.868,0.312,0.4,-0.023,0.201,-0.151,-0.015
2021-11-11,CTD7,4176724,690397,0.01265989,0.021192688,0.03416607,0.01000153,0.0069582886,0.0016199852,0.0015951995,0.0006236471,0.012626503,0.021178981,0.034304302,0.010352574,0.006894479,0.0016158475,0.16389291,-8.000000000000001e-45,0.921,-0.252,31.804,-0.459,49.721,0.117,-20.995,0.291,-64.724,-0.234,17.917,0.359,-52.799,0.506,-96.527,0.547,-70.716,0.662,-114.445,0.179,-43.729,1.087,0.318,0.221,1.054,0.497,0.346,-0.445,-0.717,-0.146,-1.372,-2.211,-0.647,0.227,0.179,0.125,-0.668,-1.804,-0.367,-1.222,-3.298,-0.965,-0.895,-1.499,-0.492,-1.449,-2.425,-1.145,-0.554,-0.927,-1.494,-0.193,-0.207,-0.503,-0.689,-0.764,-1.268,0.048,0.094,0.065,0.103,0.183,0.129,-0.572,-0.661,-0.765,0.239,0.57,0.272,0.304,0.628,0.322,0.714,1.232,0.858,0.804,1.201,0.872,0.09,0.065,0.055,-2.819,-4.313,0.305,-0.84,0.394,-0.098,-1.748,-2.675,-0.101,-1.067,0.042,-0.325,0.646,-1.78,-0.346,-3.644,0.937,1.062,1.199,-0.3,0.207,-1.597,1.347,1.527,-1.742,-3.236,1.381,0.237,1.47,0.978,-0.17,-0.817,0.071,-0.075,-0.58,-2.791,1.569,1.915,0.347,-0.37,2.256,2.753,2.227,1.261,2.37,2.003,0.822,0.175,1.063,0.916,2.866,3.088,4.12,4.438,0.462,0.586,-0.078,0.268,-0.257,-0.036,-0.253,31.982,-0.462,50.048,0.099,-17.396,0.294,-65.845,-0.237,18.066,0.343,-49.378,0.509,-97.827,0.536,-67.443,0.665,-115.893,0.201,-48.449,1.097,0.331,0.22,1.06,0.518,0.345,-0.368,-0.597,-0.12,-1.395,-2.259,-0.682,0.228,0.187,0.125,-0.623,-1.694,-0.34,-1.235,-3.356,-1.013,-0.852,-1.428,-0.465,-1.463,-2.454,-1.2,-0.612,-1.026,-1.662,-0.192,-0.208,-0.496,-0.687,-0.772,-1.257,0.041,0.081,0.055,0.103,0.182,0.128,-0.571,-0.672,-0.761,0.231,0.555,0.263,0.304,0.622,0.32,0.709,1.227,0.853,0.811,1.193,0.869,0.102,0.074,0.062,-2.717,-4.379,0.294,-0.905,0.395,-0.07,-1.678,-2.704,-0.121,-1.134,0.043,-0.298,0.602,-1.852,-0.4,-3.756,0.894,1.019,1.214,-0.214,0.212,-1.482,1.343,1.53,-1.636,-3.298,1.376,0.176,1.476,1.011,-0.203,-0.884,0.071,-0.049,-0.671,-2.93,1.5,1.845,0.355,-0.242,2.252,2.77,2.228,1.215,2.391,2.051,0.8,0.118,1.074,0.954,2.768,2.988,4.156,4.487,0.494,0.619,-0.057,0.288,-0.244,-0.024
2021-11-11,CTD8,4174178,693048,0.010037762,0.01584338,0.0257164,0.007226658,0.005285652,0.0012473161,0.0012371364,0.0004823562,0.010027124,0.015731754,0.025903298,0.0075248852,0.0051806937,0.0012659892,0.24337101,-8.000000000000001e-45,0.87,-0.224,36.506,-0.439,60.738,0.163,-38.753,0.31,-89.568,-0.238,24.232,0.374,-75.259,0.5,-126.074,0.561,-99.491,0.659,-150.306,0.155,-50.815,0.939,0.264,0.193,0.962,0.439,0.321,-0.614,-0.997,-0.205,-1.419,-2.303,-0.647,0.243,0.175,0.128,-0.755,-1.935,-0.398,-1.265,-3.242,-0.911,-0.999,-1.576,-0.526,-1.509,-2.381,-1.086,-0.51,-0.805,-1.307,-0.176,-0.187,-0.464,-0.68,-0.742,-1.253,0.068,0.133,0.091,0.114,0.206,0.144,-0.572,-0.644,-0.789,0.241,0.562,0.278,0.295,0.612,0.32,0.714,1.207,0.875,0.789,1.183,0.886,0.075,0.054,0.047,-2.925,-4.232,0.353,-0.734,0.428,-0.098,-1.802,-2.607,-0.066,-0.977,0.057,-0.341,0.773,-1.608,-0.234,-3.476,1.055,1.183,1.283,-0.293,0.276,-1.659,1.443,1.618,-1.98,-3.287,1.297,0.211,1.373,0.847,-0.104,-0.751,0.09,-0.115,-0.37,-2.673,1.666,1.987,0.435,-0.561,2.277,2.716,2.106,1.195,2.228,1.831,0.903,0.256,1.097,0.892,3.032,3.225,4.145,4.409,0.386,0.514,-0.07,0.251,-0.246,-0.053,-0.221,36.164,-0.442,61.124,0.143,-33.163,0.319,-93.295,-0.244,24.961,0.353,-69.327,0.505,-129.459,0.55,-94.287,0.667,-154.419,0.185,-60.132,0.937,0.272,0.187,0.962,0.46,0.317,-0.522,-0.859,-0.172,-1.468,-2.417,-0.702,0.25,0.188,0.129,-0.695,-1.796,-0.359,-1.298,-3.353,-0.974,-0.945,-1.483,-0.488,-1.548,-2.429,-1.162,-0.603,-0.946,-1.558,-0.171,-0.184,-0.449,-0.683,-0.759,-1.25,0.06,0.12,0.08,0.116,0.208,0.145,-0.58,-0.669,-0.801,0.228,0.54,0.264,0.294,0.601,0.316,0.713,1.208,0.879,0.804,1.181,0.891,0.091,0.065,0.056,-2.805,-4.363,0.347,-0.815,0.437,-0.051,-1.704,-2.65,-0.091,-1.065,0.058,-0.301,0.725,-1.704,-0.314,-3.667,1.003,1.133,1.328,-0.155,0.289,-1.507,1.457,1.645,-1.873,-3.431,1.278,0.116,1.369,0.88,-0.143,-0.845,0.091,-0.081,-0.493,-2.909,1.574,1.891,0.453,-0.406,2.286,2.746,2.105,1.131,2.254,1.895,0.896,0.194,1.13,0.958,2.926,3.113,4.25,4.522,0.421,0.55,-0.038,0.278,-0.226,-0.039
2021-11-11,CTD10,4170388,695646,0.013880036,0.020202268,0.027555374,0.0067616757,0.004816923,0.0011515719,0.0011324218,0.00044161803,0.0138763655,0.020160945,0.027660156,0.0069939876,0.004757785,0.0011646181,0.15187368,-8.000000000000001e-45,0.873,-0.185,22.547,-0.33,35.755,0.345,-75.846,0.485,-135.555,-0.154,13.209,0.498,-98.393,0.615,-158.102,0.606,-111.602,0.702,-171.311,0.168,-59.709,0.621,0.152,0.109,0.722,0.242,0.172,-1.532,-2.09,-0.365,-2.739,-3.735,-0.917,0.183,0.089,0.064,-1.366,-2.711,-0.474,-2.194,-4.357,-1.069,-1.549,-2.255,-0.538,-2.378,-3.461,-1.158,-0.829,-1.206,-1.645,-0.184,-0.195,-0.546,-0.507,-0.547,-1.181,0.149,0.285,0.22,0.19,0.336,0.264,-0.356,-0.393,-0.635,0.324,0.719,0.415,0.371,0.745,0.448,0.61,1.112,0.831,0.667,1.102,0.843,0.057,0.047,0.041,-3.388,-5.033,0.442,-0.717,0.512,-0.025,-2.484,-3.69,0.169,-0.9,0.265,-0.209,1.32,-2.141,0.689,-3.668,1.814,1.878,2.148,-0.106,1.518,-1.194,2.547,2.636,-2.62,-4.265,1.21,0.052,1.281,0.743,0.246,-0.671,0.386,0.021,1.003,-2.733,2.641,2.813,2.209,0.119,3.707,3.949,1.651,0.582,1.747,1.273,0.877,-0.04,1.017,0.652,3.728,3.837,5.233,5.386,0.249,0.312,-0.012,0.16,-0.102,0.007,-0.185,22.464,-0.332,35.912,0.33,-70.915,0.489,-138.117,-0.157,13.448,0.485,-93.379,0.618,-160.581,0.596,-106.827,0.706,-174.029,0.19,-67.202,0.621,0.157,0.107,0.724,0.251,0.171,-1.43,-1.962,-0.337,-2.785,-3.82,-0.966,0.187,0.094,0.064,-1.296,-2.583,-0.444,-2.228,-4.442,-1.123,-1.482,-2.154,-0.508,-2.415,-3.509,-1.217,-0.933,-1.355,-1.859,-0.181,-0.194,-0.535,-0.508,-0.553,-1.173,0.144,0.276,0.212,0.191,0.336,0.263,-0.359,-0.402,-0.638,0.317,0.707,0.406,0.371,0.738,0.444,0.607,1.109,0.829,0.673,1.097,0.843,0.066,0.054,0.047,-3.267,-5.125,0.435,-0.782,0.516,0.008,-2.381,-3.736,0.155,-0.968,0.266,-0.179,1.255,-2.253,0.612,-3.83,1.748,1.812,2.188,0.034,1.545,-1.038,2.57,2.664,-2.502,-4.361,1.2,-0.017,1.281,0.773,0.225,-0.741,0.386,0.049,0.889,-2.931,2.54,2.711,2.244,0.283,3.733,3.985,1.646,0.523,1.757,1.313,0.868,-0.098,1.029,0.692,3.612,3.719,5.31,5.467,0.268,0.332,0.004,0.175,-0.09,0.017
2021-11-11,CTD11,4169609,700351,0.0068858718,0.011080336,0.015354518,0.003724694,0.0025710773,0.0006131348,0.0006021889,0.00023873911,0.006899709,0.011066291,0.015352808,0.003813923,0.002573281,0.000623785,0.10370123,-8.000000000000001e-45,0.851,-0.233,54.975,-0.381,80.097,0.298,-123.254,0.456,-243.717,-0.162,25.123,0.497,-178.228,0.623,-298.692,0.61,-203.351,0.713,-323.815,0.183,-120.464,0.844,0.205,0.141,0.888,0.298,0.206,-1.366,-1.892,-0.317,-2.7,-3.742,-0.908,0.173,0.094,0.065,-1.227,-2.737,-0.458,-2.057,-4.586,-1.113,-1.4,-2.253,-0.523,-2.23,-3.588,-1.206,-0.829,-1.335,-1.85,-0.22,-0.234,-0.666,-0.572,-0.62,-1.345,0.12,0.232,0.176,0.163,0.291,0.226,-0.403,-0.452,-0.679,0.331,0.778,0.41,0.383,0.802,0.446,0.647,1.23,0.852,0.712,1.205,0.863,0.064,0.052,0.044,-3.501,-5.351,0.379,-0.827,0.454,-0.069,-2.526,-3.861,0.112,-1.0,0.216,-0.242,1.127,-2.461,0.463,-4.123,1.617,1.681,1.957,-0.297,1.292,-1.444,2.342,2.436,-2.513,-4.363,1.367,0.16,1.442,0.919,0.181,-0.727,0.348,0.031,0.745,-2.997,2.601,2.807,2.08,0.187,3.769,4.067,1.894,0.781,1.998,1.54,0.845,-0.063,1.012,0.695,3.749,3.89,5.431,5.636,0.309,0.373,-0.037,0.169,-0.131,0.011,-0.232,54.569,-0.38,79.799,0.288,-117.264,0.457,-243.675,-0.162,25.23,0.487,-171.833,0.623,-298.244,0.602,-197.063,0.713,-323.474,0.194,-126.412,0.838,0.208,0.14,0.883,0.304,0.205,-1.298,-1.8,-0.302,-2.697,-3.741,-0.929,0.174,0.096,0.065,-1.186,-2.638,-0.442,-2.058,-4.579,-1.137,-1.36,-2.181,-0.507,-2.232,-3.58,-1.234,-0.872,-1.399,-1.941,-0.217,-0.232,-0.652,-0.568,-0.62,-1.323,0.117,0.226,0.172,0.164,0.291,0.226,-0.4,-0.452,-0.671,0.326,0.766,0.405,0.382,0.793,0.443,0.642,1.218,0.846,0.711,1.193,0.859,0.069,0.056,0.047,-3.402,-5.343,0.375,-0.859,0.456,-0.051,-2.452,-3.851,0.105,-1.033,0.217,-0.225,1.088,-2.491,0.422,-4.157,1.577,1.641,1.96,-0.22,1.294,-1.344,2.337,2.433,-2.422,-4.362,1.355,0.122,1.436,0.929,0.168,-0.761,0.348,0.046,0.676,-3.065,2.529,2.734,2.075,0.275,3.748,4.052,1.88,0.743,1.993,1.55,0.835,-0.095,1.014,0.713,3.653,3.793,5.413,5.622,0.32,0.385,-0.028,0.177,-0.125,0.016
2021-11-11,CTD12,4173438,695414,0.0050997646,0.00837249,0.013792258,0.0028441262,0.00202621,0.0004677397,0.00045846557,0.00018019389,0.0050793434,0.008279262,0.013914255,0.00290576,0.0019712981,0.00050152605,0.23457585,-2.878e-42,0.823,-0.243,76.649,-0.46,123.583,0.284,-155.514,0.431,-297.445,-0.245,46.934,0.493,-232.163,0.61,-374.093,0.658,-279.097,0.744,-421.028,0.168,-141.93,1.057,0.218,0.155,1.035,0.351,0.25,-1.302,-2.145,-0.315,-2.49,-4.102,-0.846,0.239,0.133,0.095,-1.184,-3.202,-0.47,-1.908,-5.16,-1.064,-1.423,-2.337,-0.566,-2.147,-3.525,-1.197,-0.724,-1.188,-1.958,-0.197,-0.207,-0.672,-0.775,-0.836,-1.785,0.102,0.217,0.143,0.139,0.274,0.185,-0.682,-0.761,-1.113,0.293,0.776,0.349,0.336,0.799,0.381,0.813,1.536,1.053,0.873,1.481,1.049,0.061,0.043,0.037,-4.24,-6.198,0.403,-0.795,0.462,-0.103,-2.574,-3.762,0.03,-1.034,0.128,-0.343,1.186,-2.339,0.146,-5.014,1.551,1.646,1.91,-0.427,0.87,-2.332,2.177,2.311,-3.208,-5.165,1.436,0.238,1.495,0.929,0.049,-0.797,0.21,-0.105,0.239,-3.863,2.546,2.797,1.428,-0.717,3.574,3.926,2.365,1.301,2.462,1.992,1.09,0.244,1.25,0.935,4.452,4.607,6.249,6.467,0.316,0.411,-0.058,0.193,-0.191,-0.036,-0.24,76.092,-0.465,125.007,0.272,-147.268,0.441,-310.404,-0.254,48.915,0.48,-223.36,0.615,-386.496,0.654,-272.275,0.752,-435.411,0.192,-163.136,1.059,0.221,0.15,1.035,0.363,0.246,-1.219,-2.049,-0.29,-2.57,-4.319,-0.902,0.248,0.142,0.096,-1.135,-3.108,-0.44,-1.963,-5.378,-1.123,-1.383,-2.254,-0.537,-2.212,-3.605,-1.265,-0.829,-1.351,-2.27,-0.19,-0.201,-0.656,-0.79,-0.862,-1.812,0.098,0.212,0.137,0.14,0.278,0.185,-0.706,-0.799,-1.155,0.283,0.762,0.338,0.332,0.79,0.375,0.824,1.561,1.074,0.894,1.496,1.068,0.07,0.049,0.042,-4.175,-6.445,0.405,-0.861,0.472,-0.065,-2.484,-3.835,0.014,-1.109,0.127,-0.313,1.153,-2.452,0.067,-5.31,1.51,1.606,1.982,-0.273,0.896,-2.212,2.226,2.368,-3.159,-5.428,1.421,0.156,1.488,0.952,0.023,-0.879,0.207,-0.083,0.11,-4.209,2.461,2.708,1.461,-0.589,3.628,3.991,2.388,1.265,2.501,2.061,1.109,0.207,1.293,1.002,4.4,4.55,6.486,6.707,0.334,0.43,-0.037,0.209,-0.179,-0.029
2021-11-26,CTD1,4187246,695025,0.004873838,0.0073052878,0.007718998,0.001228671,0.00088364223,0.00021408273,0.00020809824,8.0178615e-05,0.0048300107,0.0072418265,0.007759033,0.0012255609,0.00084417284,0.0002196241,0.18692239,-2.878e-42,0.658,-0.2,68.29,-0.226,75.627,0.597,-608.71,0.693,-926.503,-0.028,7.337,0.712,-677.0,0.784,-994.793,0.725,-684.337,0.795,-1002.129,0.163,-317.792,0.527,0.084,0.06,0.552,0.093,0.067,-4.447,-4.699,-0.538,-6.768,-7.152,-1.138,0.036,0.009,0.006,-3.3,-5.226,-0.598,-4.848,-7.679,-1.222,-3.335,-4.999,-0.605,-4.884,-7.321,-1.231,-1.549,-2.322,-2.453,-0.272,-0.283,-1.151,-0.333,-0.347,-1.347,0.243,0.445,0.424,0.266,0.468,0.446,-0.068,-0.072,-0.196,0.483,1.055,0.706,0.51,1.052,0.718,0.533,1.127,0.793,0.561,1.12,0.801,0.028,0.027,0.023,-5.615,-8.068,0.508,-0.723,0.553,-0.052,-5.314,-7.636,0.463,-0.759,0.51,-0.088,3.02,-4.3,2.91,-4.769,3.846,3.852,4.569,-0.43,4.459,-0.767,5.347,5.356,-4.784,-7.237,1.34,0.108,1.384,0.78,0.694,-0.444,0.765,0.227,4.362,-2.79,5.764,5.831,6.683,1.985,8.015,8.108,1.416,0.193,1.463,0.865,0.805,-0.334,0.875,0.337,6.101,6.161,8.483,8.567,0.131,0.138,-0.013,0.054,-0.022,0.038,-0.2,68.952,-0.233,78.157,0.595,-608.914,0.702,-977.553,-0.034,9.205,0.711,-677.866,0.791,-1046.505,0.727,-687.071,0.804,-1055.709,0.184,-368.639,0.535,0.085,0.058,0.566,0.096,0.066,-4.41,-4.725,-0.514,-7.079,-7.585,-1.198,0.044,0.011,0.008,-3.274,-5.26,-0.572,-5.055,-8.12,-1.283,-3.319,-4.976,-0.58,-5.099,-7.645,-1.294,-1.781,-2.67,-2.86,-0.268,-0.28,-1.165,-0.346,-0.362,-1.415,0.24,0.446,0.419,0.266,0.471,0.444,-0.085,-0.091,-0.25,0.478,1.06,0.699,0.508,1.056,0.712,0.541,1.151,0.808,0.573,1.142,0.817,0.032,0.03,0.025,-5.664,-8.524,0.509,-0.785,0.558,-0.022,-5.286,-7.956,0.453,-0.829,0.506,-0.066,3.008,-4.638,2.87,-5.25,3.824,3.832,4.788,-0.187,4.65,-0.609,5.552,5.564,-4.832,-7.692,1.341,0.048,1.391,0.811,0.68,-0.518,0.759,0.245,4.303,-3.282,5.734,5.8,6.972,2.248,8.325,8.421,1.437,0.155,1.49,0.918,0.818,-0.38,0.897,0.383,6.156,6.214,8.938,9.022,0.137,0.145,-0.006,0.06,-0.017,0.041
2021-11-26,CTD2,4181518,693105,0.0052660964,0.0068816026,0.011590012,0.0028200066,0.0033837305,0.0007530508,0.0007588644,0.00028050257,0.005335909,0.0067305006,0.011762145,0.0029943842,0.002770159,0.00086790335,0.74781764,-2.878e-42,0.947,-0.133,44.579,-0.375,103.613,0.303,-164.715,0.218,-105.638,-0.255,59.034,0.419,-209.294,0.341,-150.217,0.609,-268.328,0.548,-209.251,-0.091,59.077,0.517,0.126,0.151,0.713,0.292,0.351,-1.134,-1.909,-0.557,-0.727,-1.224,-0.298,0.311,0.166,0.2,-1.102,-2.426,-0.708,-0.791,-1.741,-0.424,-1.413,-1.847,-0.908,-1.102,-1.44,-0.59,0.311,0.407,0.685,-0.112,-0.108,-0.26,-0.652,-0.616,-1.019,0.132,0.238,0.163,0.102,0.194,0.131,-0.582,-0.544,-0.759,0.241,0.47,0.271,0.208,0.433,0.243,0.722,1.014,0.854,0.676,1.015,0.846,-0.046,-0.033,-0.031,-3.345,-2.66,0.522,-0.068,0.473,-0.435,-1.986,-1.579,0.045,-0.379,-0.037,-0.746,1.274,-0.166,0.183,-1.558,1.376,1.575,0.963,-0.884,-0.128,-2.554,1.147,1.313,-2.803,-2.118,1.063,0.473,1.015,0.107,0.058,-0.24,-0.049,-0.606,0.239,-0.985,1.798,2.148,-0.167,-2.076,1.498,1.79,1.791,1.367,1.709,1.001,1.149,0.851,1.042,0.484,3.467,3.618,2.89,3.015,0.044,0.244,-0.233,0.118,-0.399,-0.248,-0.116,38.832,-0.376,102.391,0.281,-146.549,0.317,-173.581,-0.272,63.559,0.384,-185.381,0.417,-212.413,0.594,-248.94,0.619,-275.972,0.039,-27.032,0.457,0.116,0.108,0.689,0.307,0.284,-0.986,-1.724,-0.406,-1.168,-2.042,-0.52,0.339,0.19,0.176,-0.989,-2.18,-0.514,-1.133,-2.498,-0.636,-1.328,-1.675,-0.69,-1.473,-1.857,-0.826,-0.144,-0.182,-0.318,-0.095,-0.096,-0.242,-0.661,-0.676,-1.115,0.127,0.246,0.161,0.139,0.264,0.174,-0.604,-0.621,-0.873,0.219,0.461,0.257,0.232,0.475,0.268,0.727,1.082,0.923,0.745,1.079,0.925,0.019,0.013,0.012,-3.135,-3.453,0.538,-0.288,0.557,-0.132,-1.794,-1.976,0.009,-0.627,0.042,-0.471,1.21,-0.648,0.034,-2.464,1.37,1.546,1.354,-0.321,0.179,-2.002,1.481,1.672,-2.667,-2.985,1.007,0.18,1.026,0.336,0.011,-0.509,0.053,-0.353,0.043,-1.998,1.729,2.012,0.225,-1.498,1.868,2.175,1.759,1.123,1.793,1.279,1.186,0.667,1.228,0.822,3.409,3.516,3.685,3.801,0.15,0.326,-0.074,0.209,-0.265,-0.157
2021-11-26,CTD3,4181698,695238,0.0121989725,0.015424709,0.018025802,0.0044084964,0.003527985,0.0008650847,0.0008690083,0.00032935396,0.012222965,0.015358821,0.017997501,0.004521622,0.0032692342,0.0009416636,0.27050012,-8.000000000000001e-45,0.944,-0.117,17.143,-0.193,26.498,0.469,-144.861,0.551,-201.474,-0.078,9.355,0.555,-162.004,0.628,-218.617,0.607,-171.359,0.673,-227.972,0.111,-56.613,0.309,0.076,0.06,0.409,0.117,0.093,-2.234,-2.611,-0.511,-3.108,-3.632,-0.888,0.114,0.041,0.033,-1.976,-2.92,-0.572,-2.667,-3.941,-0.964,-2.09,-2.643,-0.605,-2.781,-3.516,-1.005,-0.691,-0.873,-1.02,-0.144,-0.15,-0.406,-0.294,-0.307,-0.734,0.233,0.411,0.361,0.259,0.437,0.387,-0.157,-0.165,-0.328,0.364,0.7,0.511,0.394,0.716,0.53,0.493,0.866,0.718,0.525,0.873,0.731,0.032,0.029,0.026,-3.298,-4.319,0.546,-0.459,0.595,-0.009,-2.822,-3.695,0.391,-0.573,0.448,-0.124,1.911,-1.605,1.599,-2.342,2.538,2.571,2.602,-0.041,2.289,-0.631,3.172,3.213,-2.824,-3.845,1.02,0.015,1.069,0.464,0.494,-0.394,0.566,0.055,2.021,-1.611,3.21,3.303,2.894,0.283,4.011,4.128,1.192,0.228,1.249,0.677,0.807,-0.081,0.879,0.368,3.8,3.86,4.748,4.824,0.133,0.166,-0.003,0.09,-0.045,0.016,-0.114,16.704,-0.191,26.25,0.46,-139.346,0.578,-224.069,-0.079,9.546,0.545,-156.05,0.649,-240.773,0.598,-165.596,0.693,-250.319,0.161,-84.722,0.301,0.076,0.055,0.403,0.119,0.086,-2.14,-2.508,-0.456,-3.441,-4.033,-1.013,0.117,0.043,0.031,-1.907,-2.809,-0.51,-2.943,-4.333,-1.089,-2.024,-2.543,-0.541,-3.06,-3.845,-1.132,-1.036,-1.301,-1.525,-0.139,-0.147,-0.403,-0.29,-0.31,-0.741,0.231,0.413,0.362,0.268,0.45,0.398,-0.158,-0.17,-0.339,0.359,0.7,0.51,0.4,0.722,0.537,0.489,0.87,0.723,0.534,0.88,0.741,0.045,0.041,0.038,-3.184,-4.709,0.545,-0.587,0.614,0.073,-2.718,-4.019,0.385,-0.704,0.466,-0.044,1.85,-1.995,1.531,-2.802,2.49,2.522,2.885,0.342,2.567,-0.242,3.444,3.488,-2.724,-4.249,1.005,-0.127,1.075,0.534,0.483,-0.53,0.586,0.13,1.924,-2.108,3.129,3.215,3.226,0.718,4.328,4.447,1.178,0.089,1.26,0.749,0.802,-0.211,0.904,0.449,3.713,3.767,5.135,5.211,0.157,0.188,0.027,0.113,-0.016,0.038
2021-11-26,CTD4,4180266,698264,0.007839056,0.010322379,0.013715255,0.003327199,0.002765904,0.00063741003,0.000640459,0.00024980647,0.007887364,0.010184197,0.0137378145,0.003394038,0.0025588034,0.0006859338,0.27401975,-8.000000000000001e-45,0.996,-0.137,30.689,-0.273,54.655,0.404,-172.987,0.478,-233.979,-0.141,23.965,0.512,-203.676,0.577,-264.669,0.61,-227.642,0.664,-288.634,0.092,-60.992,0.421,0.102,0.085,0.564,0.182,0.151,-1.786,-2.373,-0.478,-2.415,-3.209,-0.778,0.188,0.08,0.066,-1.597,-2.793,-0.563,-2.075,-3.63,-0.881,-1.784,-2.35,-0.63,-2.263,-2.979,-0.96,-0.478,-0.63,-0.837,-0.146,-0.151,-0.408,-0.431,-0.449,-0.964,0.188,0.345,0.274,0.211,0.372,0.298,-0.304,-0.32,-0.557,0.325,0.66,0.424,0.351,0.677,0.443,0.572,0.98,0.794,0.603,0.981,0.802,0.031,0.026,0.023,-3.363,-4.199,0.517,-0.444,0.558,-0.072,-2.531,-3.16,0.249,-0.631,0.304,-0.26,1.603,-1.376,1.027,-2.603,2.088,2.154,2.082,-0.268,1.505,-1.288,2.512,2.592,-2.805,-3.642,1.074,0.114,1.115,0.485,0.328,-0.45,0.4,-0.079,1.353,-1.856,2.75,2.901,1.982,-0.39,3.308,3.489,1.427,0.547,1.482,0.918,0.904,0.126,0.976,0.497,3.769,3.854,4.534,4.636,0.156,0.223,-0.031,0.121,-0.11,-0.025,-0.127,28.594,-0.271,53.993,0.398,-167.849,0.51,-264.023,-0.149,25.4,0.5,-196.443,0.598,-292.616,0.604,-221.843,0.686,-318.016,0.14,-96.173,0.393,0.097,0.073,0.55,0.183,0.138,-1.709,-2.306,-0.429,-2.689,-3.627,-0.896,0.2,0.086,0.065,-1.549,-2.699,-0.503,-2.308,-4.02,-0.993,-1.75,-2.259,-0.568,-2.508,-3.239,-1.079,-0.759,-0.979,-1.321,-0.134,-0.141,-0.386,-0.431,-0.459,-0.983,0.188,0.353,0.276,0.223,0.392,0.311,-0.315,-0.34,-0.597,0.314,0.65,0.417,0.353,0.676,0.445,0.572,0.99,0.812,0.619,0.991,0.823,0.046,0.039,0.035,-3.273,-4.594,0.527,-0.552,0.588,0.021,-2.426,-3.406,0.241,-0.752,0.323,-0.18,1.583,-1.656,0.975,-3.045,2.073,2.138,2.341,0.082,1.734,-0.965,2.749,2.835,-2.756,-4.078,1.044,-0.035,1.105,0.537,0.311,-0.585,0.417,-0.013,1.259,-2.368,2.676,2.814,2.238,-0.068,3.55,3.733,1.408,0.415,1.49,0.988,0.919,0.023,1.025,0.595,3.723,3.796,4.939,5.036,0.179,0.244,0.009,0.147,-0.077,-0.004
2021-11-26,CTD6,4176009,695829,0.013561883,0.017426593,0.022239296,0.007991776,0.005432619,0.001462602,0.0014354871,0.00058691215,0.013551575,0.017478101,0.022097703,0.008120044,0.005647369,0.001410494,0.2733767,-8.000000000000001e-45,1.542,-0.125,16.353,-0.242,28.771,0.258,-51.393,0.428,-110.337,-0.121,12.418,0.371,-67.745,0.525,-126.69,0.471,-80.163,0.607,-139.108,0.191,-58.945,0.364,0.131,0.089,0.501,0.23,0.156,-0.896,-1.143,-0.279,-1.923,-2.454,-0.882,0.168,0.099,0.067,-0.919,-1.507,-0.368,-1.718,-2.817,-1.012,-1.087,-1.397,-0.435,-1.887,-2.424,-1.112,-0.799,-1.027,-1.311,-0.128,-0.14,-0.288,-0.341,-0.38,-0.646,0.14,0.244,0.201,0.205,0.32,0.269,-0.223,-0.253,-0.359,0.264,0.497,0.341,0.335,0.556,0.397,0.46,0.75,0.623,0.542,0.78,0.661,0.083,0.071,0.065,-2.005,-3.315,0.419,-0.693,0.534,0.098,-1.571,-2.598,0.151,-0.861,0.298,-0.07,0.913,-1.511,0.421,-2.397,1.385,1.453,1.713,0.316,1.22,-0.286,2.038,2.137,-1.498,-2.809,0.926,-0.186,1.041,0.605,0.194,-0.687,0.383,0.104,0.541,-1.913,1.78,1.936,1.568,0.425,2.618,2.848,1.181,0.169,1.328,0.96,0.687,-0.195,0.876,0.596,2.382,2.471,3.504,3.635,0.278,0.345,0.058,0.214,-0.041,0.048,-0.127,16.578,-0.24,28.539,0.251,-49.36,0.412,-103.281,-0.117,11.961,0.366,-65.938,0.512,-119.859,0.463,-77.898,0.593,-131.82,0.18,-53.922,0.366,0.135,0.094,0.499,0.232,0.161,-0.863,-1.091,-0.279,-1.805,-2.282,-0.839,0.162,0.097,0.068,-0.894,-1.457,-0.372,-1.624,-2.649,-0.973,-1.056,-1.362,-0.44,-1.786,-2.304,-1.07,-0.731,-0.942,-1.192,-0.13,-0.142,-0.285,-0.334,-0.37,-0.621,0.137,0.235,0.196,0.2,0.309,0.262,-0.213,-0.241,-0.336,0.263,0.487,0.337,0.332,0.546,0.392,0.45,0.728,0.604,0.53,0.759,0.643,0.08,0.069,0.062,-1.946,-3.138,0.408,-0.662,0.52,0.08,-1.539,-2.482,0.149,-0.825,0.29,-0.082,0.878,-1.426,0.405,-2.244,1.346,1.413,1.609,0.247,1.135,-0.322,1.935,2.032,-1.432,-2.623,0.922,-0.148,1.034,0.594,0.192,-0.647,0.374,0.095,0.522,-1.76,1.736,1.897,1.464,0.374,2.496,2.727,1.166,0.193,1.308,0.935,0.665,-0.174,0.848,0.569,2.305,2.398,3.314,3.448,0.276,0.344,0.048,0.209,-0.049,0.044
2021-11-26,CTD7,4176724,690397,0.03982903,0.05848049,0.08569018,0.03509422,0.025829721,0.0066655846,0.006498415,0.0025089653,0.0394938,0.05713242,0.08674818,0.035692606,0.027295137,0.0063504768,0.13453606,-8.000000000000001e-45,1.514,-0.19,8.008,-0.365,13.437,0.063,-3.387,0.213,-13.608,-0.189,5.43,0.25,-11.395,0.387,-21.615,0.419,-16.825,0.537,-27.045,0.152,-10.22,0.686,0.281,0.207,0.786,0.472,0.347,-0.198,-0.29,-0.087,-0.796,-1.166,-0.478,0.216,0.191,0.14,-0.454,-0.976,-0.294,-0.861,-1.852,-0.759,-0.67,-0.984,-0.435,-1.077,-1.582,-0.949,-0.407,-0.598,-0.876,-0.154,-0.167,-0.306,-0.49,-0.544,-0.753,0.033,0.056,0.042,0.097,0.15,0.116,-0.363,-0.414,-0.447,0.186,0.356,0.21,0.26,0.436,0.27,0.515,0.771,0.6,0.609,0.799,0.64,0.094,0.074,0.064,-1.761,-2.636,0.272,-0.678,0.38,-0.055,-1.202,-1.799,-0.135,-0.894,0.023,-0.271,0.452,-1.129,-0.33,-2.183,0.693,0.833,0.86,-0.124,0.077,-0.9,0.942,1.132,-0.973,-1.849,1.059,0.11,1.167,0.732,-0.199,-0.676,0.034,-0.054,-0.485,-1.651,1.018,1.365,0.113,-0.178,1.383,1.855,1.551,0.793,1.71,1.415,0.584,0.107,0.817,0.729,1.793,2.0,2.436,2.717,0.439,0.58,-0.048,0.299,-0.239,-0.032,-0.183,7.817,-0.374,13.793,0.051,-2.697,0.183,-11.316,-0.206,5.976,0.231,-10.514,0.353,-19.133,0.417,-16.489,0.521,-25.109,0.133,-8.62,0.678,0.279,0.213,0.788,0.492,0.376,-0.154,-0.234,-0.074,-0.647,-0.982,-0.404,0.236,0.213,0.163,-0.415,-0.912,-0.287,-0.756,-1.66,-0.683,-0.651,-0.942,-0.45,-0.992,-1.435,-0.896,-0.34,-0.492,-0.748,-0.144,-0.155,-0.28,-0.509,-0.56,-0.75,0.026,0.045,0.033,0.085,0.131,0.1,-0.394,-0.443,-0.47,0.17,0.321,0.188,0.236,0.397,0.244,0.528,0.764,0.605,0.615,0.791,0.64,0.087,0.067,0.058,-1.739,-2.487,0.28,-0.616,0.377,-0.073,-1.145,-1.638,-0.169,-0.852,-0.022,-0.309,0.448,-0.987,-0.412,-2.072,0.629,0.792,0.788,-0.154,-0.071,-0.984,0.822,1.035,-0.984,-1.732,1.035,0.139,1.132,0.682,-0.245,-0.649,-0.033,-0.106,-0.596,-1.577,0.91,1.286,-0.103,-0.337,1.189,1.682,1.572,0.889,1.719,1.432,0.615,0.211,0.827,0.754,1.739,1.953,2.274,2.553,0.426,0.589,-0.066,0.31,-0.28,-0.066
2021-11-26,CTD8,4174178,693048,0.0070554353,0.011294111,0.015339287,0.0026999926,0.0020408952,0.00046237334,0.00044974103,0.00017064242,0.0070047737,0.011217223,0.015442691,0.0027595365,0.0019275859,0.000493329,0.25217173,-2.878e-42,1.723,-0.231,53.193,-0.37,76.543,0.446,-228.637,0.551,-348.246,-0.152,23.35,0.614,-281.83,0.694,-401.439,0.701,-305.179,0.765,-424.789,0.139,-119.61,0.816,0.144,0.109,0.864,0.207,0.156,-2.582,-3.507,-0.467,-3.933,-5.342,-0.94,0.165,0.063,0.048,-1.988,-4.323,-0.575,-2.832,-6.158,-1.084,-2.153,-3.447,-0.623,-2.997,-4.798,-1.147,-0.844,-1.351,-1.835,-0.235,-0.244,-0.894,-0.592,-0.621,-1.747,0.164,0.327,0.251,0.188,0.358,0.278,-0.415,-0.445,-0.853,0.384,0.945,0.494,0.413,0.949,0.513,0.689,1.389,0.948,0.725,1.363,0.95,0.036,0.029,0.025,-5.057,-6.891,0.449,-0.698,0.492,-0.131,-3.723,-5.074,0.221,-0.863,0.279,-0.296,1.877,-2.921,1.255,-4.903,2.432,2.48,2.721,-0.726,2.099,-2.224,3.218,3.281,-4.08,-5.915,1.425,0.278,1.468,0.845,0.354,-0.587,0.447,-0.02,2.009,-3.333,3.894,4.05,3.36,-0.147,5.151,5.358,1.935,0.851,1.993,1.418,0.975,0.035,1.069,0.602,5.392,5.501,7.133,7.277,0.202,0.25,-0.05,0.106,-0.113,-0.005,-0.231,53.611,-0.376,78.004,0.435,-219.62,0.568,-376.024,-0.158,24.393,0.605,-273.231,0.707,-429.635,0.697,-297.624,0.778,-454.028,0.177,-156.404,0.828,0.148,0.103,0.875,0.215,0.15,-2.464,-3.392,-0.423,-4.218,-5.807,-1.038,0.171,0.067,0.047,-1.914,-4.219,-0.527,-3.009,-6.635,-1.186,-2.085,-3.339,-0.574,-3.18,-5.093,-1.253,-1.096,-1.754,-2.415,-0.231,-0.243,-0.899,-0.604,-0.642,-1.8,0.159,0.323,0.244,0.19,0.363,0.279,-0.433,-0.473,-0.902,0.377,0.947,0.487,0.414,0.951,0.51,0.696,1.42,0.965,0.742,1.384,0.967,0.046,0.037,0.031,-4.972,-7.387,0.446,-0.807,0.5,-0.074,-3.611,-5.366,0.208,-0.978,0.282,-0.245,1.812,-3.281,1.162,-5.473,2.367,2.414,2.908,-0.431,2.257,-1.962,3.388,3.455,-3.995,-6.41,1.423,0.17,1.477,0.903,0.332,-0.705,0.451,0.028,1.86,-3.947,3.79,3.94,3.615,0.223,5.425,5.641,1.959,0.773,2.033,1.506,0.983,-0.055,1.102,0.678,5.321,5.424,7.617,7.765,0.222,0.269,-0.029,0.121,-0.096,0.007
2021-11-26,CTD10,4170388,695646,0.011278751,0.01642864,0.022812227,0.0041436083,0.0027141797,0.00067255605,0.00064720353,0.00025622646,0.011277803,0.016210934,0.02291678,0.004199094,0.0027494,0.0006677919,0.11238781,-8.000000000000001e-45,1.429,-0.186,27.793,-0.338,44.826,0.463,-152.673,0.612,-279.773,-0.163,17.033,0.597,-180.466,0.716,-307.566,0.693,-197.499,0.787,-324.599,0.208,-127.1,0.634,0.115,0.075,0.736,0.186,0.122,-2.508,-3.483,-0.414,-4.596,-6.382,-1.159,0.192,0.071,0.046,-2.035,-4.117,-0.49,-3.469,-7.016,-1.274,-2.228,-3.245,-0.536,-3.661,-5.333,-1.345,-1.434,-2.088,-2.899,-0.191,-0.202,-0.751,-0.561,-0.602,-1.682,0.182,0.373,0.28,0.218,0.416,0.318,-0.414,-0.456,-0.931,0.36,0.878,0.481,0.402,0.889,0.509,0.674,1.334,0.975,0.725,1.303,0.977,0.052,0.042,0.036,-4.819,-7.718,0.505,-0.84,0.568,0.032,-3.47,-5.558,0.242,-1.032,0.329,-0.161,2.002,-3.331,1.333,-5.683,2.557,2.603,3.435,0.191,2.767,-1.35,3.903,3.974,-4.049,-6.948,1.275,-0.07,1.338,0.802,0.353,-0.806,0.48,0.065,1.942,-4.44,3.724,3.846,4.03,0.547,5.686,5.871,1.77,0.496,1.857,1.368,1.021,-0.138,1.148,0.734,5.265,5.34,8.037,8.153,0.202,0.248,0.012,0.133,-0.059,0.016,-0.179,26.983,-0.34,45.034,0.457,-149.477,0.608,-275.046,-0.171,18.051,0.589,-176.46,0.71,-302.029,0.69,-194.51,0.786,-320.08,0.209,-125.569,0.618,0.113,0.074,0.73,0.189,0.124,-2.423,-3.426,-0.411,-4.459,-6.303,-1.155,0.204,0.076,0.05,-1.99,-4.044,-0.485,-3.406,-6.922,-1.268,-2.194,-3.153,-0.535,-3.61,-5.189,-1.344,-1.416,-2.036,-2.878,-0.182,-0.192,-0.71,-0.57,-0.614,-1.675,0.181,0.373,0.276,0.218,0.418,0.315,-0.433,-0.478,-0.965,0.351,0.856,0.468,0.394,0.87,0.496,0.681,1.334,0.987,0.734,1.303,0.988,0.053,0.042,0.037,-4.762,-7.64,0.512,-0.832,0.576,0.041,-3.368,-5.404,0.233,-1.035,0.323,-0.163,1.978,-3.21,1.272,-5.649,2.516,2.566,3.395,0.241,2.688,-1.356,3.843,3.919,-4.02,-6.898,1.254,-0.09,1.317,0.783,0.335,-0.82,0.464,0.053,1.829,-4.475,3.617,3.741,3.864,0.439,5.524,5.713,1.773,0.505,1.862,1.377,1.041,-0.114,1.17,0.759,5.214,5.288,7.963,8.076,0.203,0.252,0.015,0.139,-0.061,0.014
2021-11-26,CTD11,4169609,700351,0.010533634,0.016339773,0.017472465,0.0027343119,0.001769614,0.00046018674,0.00044273332,0.00016992116,0.010501278,0.016274435,0.017465152,0.0027413259,0.001861823,0.00045843032,0.21851473,-2.878e-42,0.826,-0.216,33.734,-0.248,37.701,0.588,-270.789,0.712,-470.161,-0.033,3.967,0.713,-304.522,0.805,-503.895,0.729,-308.49,0.816,-507.862,0.214,-199.372,0.589,0.092,0.06,0.616,0.103,0.067,-4.425,-4.731,-0.479,-7.682,-8.215,-1.286,0.042,0.011,0.007,-3.208,-5.321,-0.539,-5.308,-8.804,-1.378,-3.25,-5.041,-0.546,-5.35,-8.298,-1.389,-2.1,-3.258,-3.484,-0.287,-0.302,-1.289,-0.364,-0.383,-1.541,0.231,0.431,0.405,0.259,0.459,0.434,-0.085,-0.092,-0.251,0.486,1.106,0.707,0.52,1.098,0.721,0.548,1.198,0.814,0.584,1.184,0.823,0.036,0.034,0.029,-5.745,-9.229,0.488,-0.9,0.543,-0.003,-5.373,-8.631,0.436,-0.942,0.495,-0.044,2.917,-5.381,2.783,-6.021,3.744,3.751,5.017,-0.023,4.883,-0.438,5.785,5.796,-4.839,-8.322,1.395,0.006,1.45,0.904,0.676,-0.61,0.767,0.288,4.317,-3.898,5.808,5.875,7.575,2.843,8.974,9.077,1.491,0.114,1.55,1.012,0.81,-0.476,0.901,0.422,6.222,6.282,9.614,9.706,0.151,0.158,-0.001,0.066,-0.012,0.048,-0.216,33.78,-0.249,37.97,0.586,-269.56,0.699,-441.881,-0.035,4.189,0.712,-303.341,0.795,-475.662,0.729,-307.53,0.807,-479.851,0.191,-172.321,0.59,0.093,0.063,0.618,0.104,0.071,-4.387,-4.708,-0.502,-7.191,-7.718,-1.211,0.044,0.011,0.008,-3.185,-5.298,-0.565,-4.995,-8.308,-1.304,-3.229,-5.005,-0.573,-5.039,-7.809,-1.315,-1.81,-2.804,-3.01,-0.286,-0.299,-1.254,-0.366,-0.384,-1.513,0.23,0.428,0.402,0.256,0.454,0.428,-0.09,-0.096,-0.259,0.484,1.095,0.7,0.515,1.088,0.713,0.55,1.191,0.812,0.583,1.178,0.821,0.033,0.031,0.026,-5.726,-8.735,0.488,-0.827,0.539,-0.034,-5.335,-8.14,0.433,-0.871,0.487,-0.078,2.899,-4.91,2.758,-5.55,3.716,3.724,4.708,-0.296,4.567,-0.731,5.472,5.483,-4.821,-7.831,1.393,0.077,1.443,0.871,0.671,-0.541,0.755,0.253,4.274,-3.444,5.759,5.83,7.078,2.37,8.48,8.584,1.495,0.191,1.549,0.984,0.812,-0.399,0.896,0.394,6.194,6.257,9.12,9.212,0.147,0.154,-0.009,0.062,-0.02,0.043
2021-11-26,CTD12,4173438,695414,0.01010219,0.014340931,0.022550067,0.0054601613,0.004755533,0.0011005639,0.0010818585,0.00041635,0.01009873,0.014044045,0.022629388,0.005705023,0.004373124,0.001166493,0.26451838,-8.000000000000001e-45,1.593,-0.173,29.258,-0.381,54.643,0.298,-84.156,0.36,-111.293,-0.223,25.385,0.448,-113.414,0.502,-140.551,0.61,-138.799,0.652,-165.936,0.069,-27.137,0.66,0.16,0.139,0.784,0.298,0.26,-1.207,-1.898,-0.4,-1.596,-2.51,-0.608,0.256,0.139,0.121,-1.146,-2.557,-0.539,-1.42,-3.169,-0.767,-1.402,-1.991,-0.66,-1.676,-2.38,-0.906,-0.274,-0.389,-0.612,-0.151,-0.155,-0.415,-0.629,-0.652,-1.219,0.126,0.243,0.17,0.145,0.27,0.191,-0.527,-0.553,-0.804,0.272,0.598,0.325,0.294,0.616,0.342,0.699,1.15,0.895,0.728,1.143,0.899,0.029,0.022,0.019,-3.425,-4.037,0.462,-0.444,0.494,-0.167,-2.178,-2.568,0.067,-0.7,0.116,-0.423,1.214,-1.165,0.278,-2.892,1.519,1.639,1.488,-0.502,0.552,-2.006,1.744,1.882,-2.71,-3.322,1.177,0.271,1.209,0.549,0.095,-0.512,0.165,-0.235,0.394,-2.115,2.156,2.416,0.783,-1.114,2.475,2.773,1.851,1.084,1.901,1.361,1.032,0.424,1.102,0.701,3.659,3.798,4.201,4.361,0.209,0.33,-0.09,0.17,-0.229,-0.089,-0.163,27.818,-0.383,54.832,0.278,-76.262,0.396,-129.647,-0.234,27.014,0.422,-104.08,0.525,-157.465,0.597,-131.094,0.676,-184.479,0.132,-53.385,0.629,0.159,0.122,0.77,0.313,0.24,-1.071,-1.726,-0.334,-1.821,-2.934,-0.74,0.273,0.154,0.118,-1.051,-2.355,-0.455,-1.59,-3.563,-0.898,-1.324,-1.841,-0.573,-1.863,-2.591,-1.052,-0.539,-0.75,-1.208,-0.139,-0.146,-0.391,-0.634,-0.68,-1.243,0.12,0.239,0.163,0.156,0.29,0.202,-0.543,-0.593,-0.852,0.255,0.576,0.309,0.295,0.612,0.341,0.701,1.169,0.919,0.756,1.155,0.924,0.055,0.041,0.036,-3.247,-4.456,0.467,-0.585,0.526,-0.047,-2.015,-2.765,0.04,-0.858,0.135,-0.32,1.15,-1.441,0.159,-3.405,1.459,1.577,1.689,-0.152,0.698,-1.657,1.903,2.057,-2.576,-3.784,1.139,0.086,1.197,0.624,0.056,-0.684,0.188,-0.146,0.221,-2.713,2.029,2.268,0.971,-0.755,2.647,2.959,1.835,0.936,1.929,1.474,1.046,0.307,1.178,0.845,3.534,3.655,4.61,4.768,0.254,0.372,-0.027,0.213,-0.181,-0.059
2021-12-01,CTD1,4187246,695025,0.009007458,0.011818047,0.018664673,0.0054206485,0.005768529,0.0013982183,0.0014047571,0.0005321064,0.009035008,0.011565782,0.01887041,0.0056193164,0.004919072,0.0015303899,0.61334836,-8.000000000000001e-45,0.437,-0.135,26.403,-0.349,57.442,0.249,-73.461,0.219,-62.335,-0.225,31.039,0.371,-99.863,0.344,-88.738,0.55,-130.903,0.528,-119.777,-0.031,11.125,0.493,0.143,0.152,0.679,0.311,0.331,-0.868,-1.371,-0.424,-0.737,-1.163,-0.338,0.28,0.168,0.179,-0.9,-1.864,-0.576,-0.799,-1.656,-0.481,-1.179,-1.547,-0.755,-1.079,-1.416,-0.649,0.1,0.131,0.208,-0.117,-0.115,-0.251,-0.56,-0.549,-0.863,0.118,0.204,0.147,0.106,0.188,0.134,-0.475,-0.463,-0.612,0.231,0.433,0.262,0.219,0.419,0.251,0.636,0.896,0.753,0.619,0.894,0.748,-0.017,-0.013,-0.011,-2.681,-2.473,0.472,-0.178,0.453,-0.302,-1.698,-1.566,0.024,-0.457,-0.006,-0.582,1.029,-0.387,0.082,-1.574,1.174,1.353,0.928,-0.619,-0.018,-1.882,1.103,1.271,-2.131,-1.924,1.022,0.372,1.003,0.248,0.031,-0.307,-0.007,-0.431,0.108,-1.055,1.54,1.871,-0.023,-1.395,1.447,1.758,1.613,1.132,1.584,1.008,0.978,0.64,0.939,0.515,2.803,2.955,2.634,2.777,0.114,0.293,-0.182,0.15,-0.35,-0.198,-0.123,24.219,-0.352,57.688,0.233,-67.277,0.295,-92.61,-0.24,33.469,0.346,-91.496,0.403,-116.828,0.541,-124.965,0.586,-150.297,0.066,-25.333,0.457,0.136,0.119,0.667,0.324,0.284,-0.778,-1.27,-0.331,-1.071,-1.748,-0.52,0.302,0.188,0.165,-0.827,-1.727,-0.45,-1.056,-2.205,-0.656,-1.129,-1.445,-0.615,-1.358,-1.738,-0.845,-0.229,-0.293,-0.478,-0.103,-0.106,-0.24,-0.572,-0.597,-0.933,0.112,0.207,0.144,0.135,0.24,0.168,-0.498,-0.523,-0.693,0.213,0.426,0.25,0.238,0.454,0.271,0.643,0.95,0.804,0.677,0.952,0.812,0.034,0.025,0.023,-2.577,-3.055,0.483,-0.361,0.521,-0.094,-1.579,-1.872,-0.007,-0.664,0.053,-0.397,0.995,-0.743,-0.024,-2.228,1.183,1.347,1.224,-0.221,0.205,-1.521,1.351,1.539,-2.078,-2.556,0.982,0.138,1.019,0.405,-0.009,-0.529,0.068,-0.262,-0.03,-1.778,1.514,1.798,0.263,-1.007,1.729,2.053,1.603,0.946,1.663,1.213,1.01,0.489,1.087,0.756,2.814,2.933,3.214,3.35,0.197,0.361,-0.059,0.225,-0.247,-0.128
2021-12-01,CTD2,4181518,693105,0.004973061,0.006203405,0.005799888,0.0009539157,0.0007682665,0.00017662169,0.00017363986,6.630978e-05,0.0049408823,0.006190624,0.005773298,0.0009807007,0.0006972221,0.00018726972,0.20372635,-2.878e-42,0.542,-0.11,39.882,-0.077,28.666,0.678,-847.227,0.732,-1100.548,0.034,-11.215,0.733,-887.109,0.78,-1140.43,0.718,-875.894,0.766,-1129.215,0.108,-253.321,0.231,0.038,0.031,0.178,0.027,0.022,-5.256,-4.914,-0.651,-6.827,-6.383,-1.05,-0.056,-0.011,-0.009,-4.412,-5.145,-0.682,-5.671,-6.614,-1.088,-4.356,-5.434,-0.673,-5.616,-7.005,-1.077,-1.26,-1.571,-1.469,-0.182,-0.187,-0.714,-0.116,-0.119,-0.48,0.335,0.576,0.612,0.35,0.587,0.623,0.068,0.07,0.234,0.487,0.914,0.799,0.505,0.917,0.805,0.434,0.844,0.695,0.45,0.849,0.703,0.017,0.017,0.015,-5.278,-6.748,0.637,-0.44,0.669,-0.004,-5.646,-7.217,0.704,-0.384,0.734,0.052,4.144,-2.861,4.278,-2.336,5.089,5.081,5.404,-0.03,5.538,0.393,6.319,6.309,-4.833,-6.302,1.083,0.006,1.115,0.442,0.878,-0.172,0.915,0.264,5.337,-1.046,6.349,6.371,6.908,1.994,7.883,7.91,1.012,-0.075,1.042,0.361,0.743,-0.307,0.78,0.13,5.926,5.956,7.358,7.396,0.068,0.059,-0.001,0.021,0.01,0.041,-0.112,40.858,-0.078,29.182,0.669,-817.286,0.753,-1231.87,0.035,-11.677,0.726,-858.144,0.798,-1272.729,0.71,-846.468,0.784,-1261.052,0.169,-414.584,0.236,0.04,0.028,0.181,0.029,0.02,-5.06,-4.718,-0.57,-7.626,-7.112,-1.208,-0.058,-0.011,-0.008,-4.24,-4.954,-0.598,-6.288,-7.348,-1.248,-4.182,-5.24,-0.59,-6.231,-7.807,-1.237,-2.048,-2.567,-2.394,-0.185,-0.193,-0.745,-0.116,-0.121,-0.496,0.331,0.575,0.612,0.355,0.592,0.628,0.07,0.074,0.249,0.486,0.924,0.805,0.513,0.928,0.813,0.431,0.85,0.696,0.456,0.857,0.708,0.025,0.026,0.024,-5.089,-7.482,0.628,-0.608,0.677,0.087,-5.457,-8.023,0.697,-0.551,0.743,0.145,3.966,-3.841,4.106,-3.242,4.925,4.917,6.014,0.774,6.154,1.2,6.928,6.917,-4.634,-7.027,1.083,-0.154,1.132,0.542,0.874,-0.334,0.931,0.361,5.144,-1.968,6.171,6.192,7.711,2.992,8.68,8.709,1.01,-0.238,1.056,0.458,0.734,-0.474,0.791,0.222,5.746,5.774,8.082,8.122,0.086,0.078,0.017,0.038,0.029,0.057
2021-12-01,CTD3,4181698,695238,0.010892111,0.013548248,0.018388148,0.0063292836,0.006470952,0.00178998,0.0017508961,0.0007017776,0.010855314,0.0131012285,0.018193526,0.0063674278,0.005717009,0.0018855013,0.7631805,-8.000000000000001e-45,0.587,-0.109,17.999,-0.256,37.427,0.265,-66.186,0.255,-62.727,-0.152,19.427,0.363,-84.185,0.354,-80.726,0.488,-103.613,0.479,-100.154,-0.011,3.459,0.331,0.114,0.116,0.507,0.237,0.242,-0.897,-1.217,-0.428,-0.85,-1.153,-0.397,0.212,0.123,0.126,-0.917,-1.548,-0.545,-0.879,-1.484,-0.511,-1.129,-1.404,-0.67,-1.091,-1.357,-0.634,0.038,0.047,0.064,-0.107,-0.107,-0.208,-0.377,-0.374,-0.586,0.143,0.228,0.184,0.138,0.222,0.179,-0.281,-0.279,-0.378,0.247,0.416,0.29,0.242,0.411,0.286,0.493,0.695,0.602,0.488,0.692,0.6,-0.006,-0.005,-0.004,-2.101,-2.038,0.46,-0.174,0.452,-0.218,-1.548,-1.501,0.125,-0.386,0.115,-0.43,0.984,-0.373,0.364,-1.121,1.243,1.369,0.946,-0.457,0.326,-1.222,1.216,1.339,-1.661,-1.598,0.9,0.266,0.892,0.221,0.156,-0.241,0.143,-0.286,0.452,-0.701,1.546,1.789,0.405,-0.812,1.513,1.749,1.221,0.71,1.211,0.666,0.776,0.379,0.763,0.335,2.311,2.428,2.261,2.374,0.103,0.229,-0.127,0.115,-0.25,-0.133,-0.094,15.792,-0.253,37.156,0.261,-64.929,0.31,-82.796,-0.163,21.364,0.346,-80.721,0.392,-98.588,0.481,-102.085,0.522,-119.952,0.054,-17.867,0.287,0.101,0.09,0.487,0.237,0.212,-0.851,-1.181,-0.371,-1.085,-1.506,-0.527,0.232,0.136,0.122,-0.876,-1.469,-0.461,-1.07,-1.794,-0.628,-1.108,-1.337,-0.584,-1.302,-1.572,-0.764,-0.194,-0.234,-0.325,-0.091,-0.094,-0.186,-0.377,-0.39,-0.607,0.143,0.238,0.188,0.164,0.264,0.209,-0.296,-0.307,-0.421,0.232,0.406,0.282,0.254,0.429,0.301,0.494,0.714,0.628,0.521,0.724,0.641,0.027,0.022,0.021,-2.029,-2.354,0.479,-0.285,0.514,-0.069,-1.461,-1.695,0.111,-0.517,0.16,-0.301,0.985,-0.587,0.316,-1.478,1.268,1.391,1.179,-0.159,0.51,-0.959,1.413,1.549,-1.65,-1.975,0.857,0.093,0.893,0.309,0.134,-0.394,0.193,-0.178,0.382,-1.125,1.531,1.743,0.616,-0.566,1.705,1.942,1.19,0.562,1.24,0.778,0.802,0.275,0.862,0.491,2.331,2.421,2.596,2.696,0.15,0.272,-0.041,0.172,-0.177,-0.086
2021-12-01,CTD4,4180266,698264,0.007971893,0.012006419,0.014334666,0.0023419093,0.0020523332,0.00043207913,0.00042985965,0.00016000365,0.00793437,0.011973173,0.014498707,0.0024350549,0.0017964038,0.000479082,0.2775813,-2.878e-42,0.858,-0.202,42.152,-0.285,55.68,0.546,-301.561,0.591,-361.81,-0.088,13.528,0.674,-343.713,0.708,-403.962,0.719,-357.241,0.75,-417.489,0.066,-60.248,0.604,0.099,0.087,0.669,0.13,0.114,-3.621,-4.323,-0.619,-4.344,-5.186,-0.847,0.108,0.032,0.028,-2.74,-4.927,-0.705,-3.22,-5.791,-0.946,-2.848,-4.289,-0.733,-3.328,-5.013,-0.978,-0.48,-0.723,-0.864,-0.242,-0.246,-0.918,-0.443,-0.453,-1.448,0.214,0.4,0.344,0.225,0.413,0.355,-0.226,-0.232,-0.53,0.433,0.964,0.59,0.446,0.965,0.597,0.6,1.196,0.853,0.615,1.191,0.856,0.014,0.013,0.011,-5.457,-6.321,0.501,-0.477,0.521,-0.212,-4.571,-5.294,0.361,-0.585,0.385,-0.32,2.566,-2.446,2.21,-3.581,3.233,3.261,3.047,-1.242,2.69,-2.237,3.689,3.721,-4.615,-5.478,1.343,0.365,1.363,0.63,0.544,-0.304,0.58,-0.039,3.329,-1.858,4.869,4.984,4.052,-0.271,5.556,5.687,1.603,0.657,1.627,0.922,0.9,0.053,0.936,0.318,5.863,5.95,6.691,6.79,0.123,0.151,-0.062,0.052,-0.094,-0.008,-0.203,42.514,-0.293,57.062,0.53,-284.634,0.631,-430.634,-0.095,14.548,0.662,-327.148,0.739,-473.148,0.712,-341.697,0.78,-487.696,0.151,-145.999,0.616,0.104,0.076,0.683,0.139,0.103,-3.408,-4.127,-0.511,-5.156,-6.244,-1.049,0.115,0.035,0.026,-2.596,-4.743,-0.588,-3.754,-6.86,-1.152,-2.711,-4.091,-0.614,-3.87,-5.839,-1.188,-1.158,-1.748,-2.117,-0.239,-0.248,-0.954,-0.456,-0.477,-1.551,0.208,0.399,0.337,0.232,0.426,0.362,-0.244,-0.26,-0.597,0.425,0.98,0.585,0.454,0.981,0.601,0.606,1.24,0.876,0.638,1.225,0.882,0.032,0.028,0.024,-5.291,-7.408,0.495,-0.693,0.539,-0.075,-4.37,-6.118,0.344,-0.808,0.397,-0.19,2.433,-3.407,2.047,-4.813,3.108,3.134,3.591,-0.5,3.206,-1.537,4.213,4.249,-4.445,-6.562,1.341,0.154,1.385,0.771,0.519,-0.53,0.599,0.088,3.09,-3.154,4.691,4.793,4.838,0.711,6.358,6.497,1.624,0.472,1.677,1.09,0.904,-0.145,0.985,0.473,5.728,5.804,7.764,7.868,0.157,0.183,-0.023,0.079,-0.058,0.018
2021-12-01,CTD6,4176009,695829,0.010829649,0.016715128,0.023608547,0.00465707,0.0032921066,0.0007869502,0.0007538931,0.00029126657,0.010837092,0.016590128,0.023760693,0.004774023,0.0032411607,0.0008169237,0.17121944,-8.000000000000001e-45,0.776,-0.214,32.513,-0.371,49.982,0.399,-122.388,0.534,-211.418,-0.171,17.469,0.564,-154.901,0.671,-243.931,0.67,-172.37,0.755,-261.399,0.172,-89.03,0.768,0.151,0.107,0.835,0.233,0.165,-2.046,-2.889,-0.403,-3.534,-4.991,-0.985,0.189,0.081,0.058,-1.678,-3.657,-0.51,-2.642,-5.759,-1.136,-1.867,-2.881,-0.567,-2.831,-4.369,-1.217,-0.964,-1.488,-2.102,-0.208,-0.219,-0.74,-0.598,-0.639,-1.608,0.153,0.309,0.229,0.187,0.353,0.267,-0.445,-0.488,-0.867,0.35,0.854,0.448,0.39,0.867,0.475,0.688,1.342,0.947,0.738,1.312,0.951,0.05,0.04,0.034,-4.422,-6.523,0.451,-0.767,0.508,-0.059,-3.13,-4.619,0.18,-0.956,0.262,-0.248,1.617,-2.752,0.913,-4.846,2.128,2.186,2.582,-0.3,1.877,-1.78,3.011,3.092,-3.526,-5.628,1.346,0.129,1.404,0.837,0.278,-0.707,0.404,0.001,1.409,-3.582,3.285,3.45,2.897,0.008,4.647,4.88,1.901,0.765,1.983,1.473,0.982,-0.002,1.108,0.706,4.765,4.872,6.741,6.893,0.233,0.291,-0.025,0.139,-0.107,0.0,-0.21,31.999,-0.374,50.189,0.388,-117.191,0.54,-216.256,-0.178,18.19,0.553,-149.19,0.673,-248.255,0.665,-167.381,0.76,-266.445,0.191,-99.065,0.76,0.153,0.104,0.833,0.24,0.163,-1.944,-2.785,-0.38,-3.588,-5.138,-1.032,0.197,0.087,0.059,-1.617,-3.545,-0.484,-2.69,-5.899,-1.185,-1.814,-2.777,-0.543,-2.887,-4.42,-1.272,-1.074,-1.643,-2.354,-0.202,-0.213,-0.718,-0.605,-0.652,-1.612,0.15,0.306,0.225,0.188,0.356,0.266,-0.459,-0.509,-0.895,0.342,0.839,0.438,0.386,0.855,0.468,0.692,1.349,0.957,0.748,1.314,0.96,0.056,0.044,0.038,-4.324,-6.678,0.452,-0.82,0.517,-0.026,-3.019,-4.662,0.168,-1.017,0.261,-0.223,1.572,-2.849,0.838,-5.061,2.075,2.134,2.645,-0.131,1.911,-1.633,3.056,3.143,-3.446,-5.8,1.33,0.058,1.394,0.852,0.258,-0.775,0.399,0.019,1.283,-3.856,3.176,3.339,2.926,0.141,4.678,4.918,1.905,0.72,1.997,1.514,0.992,-0.041,1.133,0.753,4.678,4.782,6.89,7.043,0.245,0.304,-0.011,0.151,-0.098,0.006
2021-12-01,CTD7,4176724,690397,0.011912147,0.019445973,0.029774893,0.006659445,0.004673835,0.0010551075,0.0010167455,0.0003957468,0.011916803,0.019305073,0.029950028,0.0069704466,0.0046132104,0.0010809687,0.1810317,-8.000000000000001e-45,0.715,-0.24,32.523,-0.428,50.363,0.283,-66.215,0.436,-130.009,-0.21,17.839,0.49,-98.738,0.612,-162.533,0.634,-116.577,0.729,-180.372,0.175,-63.794,0.968,0.217,0.152,0.979,0.335,0.235,-1.288,-1.972,-0.309,-2.528,-3.871,-0.866,0.213,0.119,0.083,-1.176,-2.94,-0.461,-1.936,-4.839,-1.082,-1.389,-2.267,-0.545,-2.149,-3.508,-1.201,-0.76,-1.241,-1.899,-0.207,-0.219,-0.665,-0.684,-0.741,-1.576,0.107,0.218,0.152,0.147,0.277,0.199,-0.556,-0.623,-0.911,0.307,0.771,0.371,0.354,0.795,0.405,0.737,1.394,0.958,0.8,1.352,0.962,0.063,0.048,0.04,-3.859,-5.758,0.389,-0.812,0.456,-0.089,-2.52,-3.761,0.058,-1.025,0.16,-0.302,1.136,-2.372,0.258,-4.582,1.548,1.632,1.896,-0.371,1.018,-1.922,2.206,2.325,-2.839,-4.738,1.409,0.208,1.475,0.931,0.094,-0.772,0.261,-0.049,0.421,-3.45,2.528,2.763,1.661,-0.31,3.602,3.937,2.157,1.075,2.259,1.798,0.972,0.106,1.139,0.829,4.079,4.231,5.812,6.028,0.319,0.402,-0.05,0.185,-0.169,-0.017,-0.237,32.115,-0.431,50.526,0.262,-59.548,0.442,-132.854,-0.216,18.411,0.469,-91.663,0.614,-164.969,0.622,-110.074,0.733,-183.38,0.203,-73.306,0.962,0.224,0.148,0.975,0.352,0.233,-1.15,-1.783,-0.275,-2.565,-3.979,-0.926,0.219,0.128,0.085,-1.092,-2.745,-0.423,-1.966,-4.941,-1.15,-1.312,-2.125,-0.508,-2.185,-3.54,-1.278,-0.874,-1.415,-2.196,-0.2,-0.214,-0.638,-0.686,-0.754,-1.557,0.1,0.207,0.143,0.148,0.278,0.198,-0.564,-0.644,-0.919,0.295,0.746,0.357,0.351,0.778,0.398,0.736,1.39,0.961,0.812,1.341,0.964,0.075,0.056,0.048,-3.679,-5.875,0.385,-0.894,0.463,-0.045,-2.372,-3.787,0.037,-1.113,0.159,-0.264,1.065,-2.475,0.158,-4.783,1.471,1.556,1.939,-0.186,1.032,-1.714,2.222,2.35,-2.677,-4.872,1.387,0.109,1.466,0.958,0.06,-0.866,0.257,-0.017,0.256,-3.723,2.382,2.616,1.671,-0.112,3.6,3.952,2.152,1.002,2.274,1.851,0.966,0.04,1.164,0.89,3.91,4.058,5.907,6.131,0.346,0.431,-0.026,0.207,-0.154,-0.006
2021-12-01,CTD8,4174178,693048,0.010041142,0.015608808,0.023376156,0.0042693675,0.003359338,0.00071681576,0.0007016981,0.00026524166,0.010032837,0.015376218,0.023529362,0.004429537,0.0030316892,0.00078470435,0.16670616,-2.878e-42,0.81,-0.217,35.524,-0.399,56.812,0.403,-134.636,0.499,-198.087,-0.199,21.288,0.57,-170.16,0.646,-233.611,0.691,-191.448,0.749,-254.899,0.119,-63.451,0.83,0.152,0.119,0.887,0.243,0.191,-2.102,-3.147,-0.452,-3.092,-4.631,-0.846,0.214,0.091,0.072,-1.709,-3.978,-0.572,-2.346,-5.461,-0.997,-1.922,-2.988,-0.643,-2.559,-3.979,-1.088,-0.637,-0.99,-1.483,-0.201,-0.208,-0.73,-0.671,-0.703,-1.748,0.148,0.304,0.216,0.171,0.336,0.242,-0.543,-0.58,-1.018,0.339,0.846,0.424,0.367,0.856,0.443,0.745,1.426,1.007,0.78,1.399,1.007,0.035,0.027,0.023,-4.832,-6.315,0.461,-0.628,0.5,-0.144,-3.226,-4.217,0.156,-0.841,0.214,-0.357,1.684,-2.294,0.854,-4.607,2.137,2.208,2.321,-0.667,1.491,-2.486,2.716,2.806,-3.921,-5.404,1.372,0.284,1.411,0.768,0.243,-0.603,0.333,-0.119,1.328,-3.303,3.321,3.512,2.318,-0.829,4.221,4.464,2.055,1.057,2.113,1.541,1.072,0.227,1.163,0.711,5.141,5.26,6.533,6.685,0.21,0.281,-0.061,0.13,-0.152,-0.033,-0.21,34.637,-0.402,57.173,0.387,-126.085,0.536,-230.176,-0.21,22.535,0.553,-160.722,0.671,-264.814,0.683,-183.257,0.772,-287.349,0.187,-104.092,0.815,0.153,0.105,0.879,0.253,0.173,-1.939,-2.967,-0.382,-3.539,-5.416,-1.02,0.226,0.1,0.068,-1.612,-3.782,-0.487,-2.657,-6.231,-1.173,-1.839,-2.818,-0.556,-2.883,-4.418,-1.273,-1.044,-1.601,-2.449,-0.191,-0.201,-0.716,-0.681,-0.733,-1.809,0.144,0.304,0.211,0.18,0.353,0.25,-0.564,-0.624,-1.093,0.326,0.838,0.412,0.368,0.854,0.442,0.752,1.462,1.038,0.807,1.417,1.035,0.055,0.042,0.036,-4.659,-7.109,0.464,-0.809,0.524,-0.032,-3.045,-4.645,0.138,-1.035,0.229,-0.258,1.611,-2.807,0.735,-5.496,2.068,2.136,2.656,-0.162,1.779,-2.003,3.021,3.121,-3.779,-6.229,1.344,0.072,1.404,0.848,0.212,-0.808,0.351,-0.031,1.126,-4.29,3.169,3.342,2.727,-0.24,4.63,4.884,2.057,0.884,2.148,1.661,1.089,0.069,1.228,0.846,5.01,5.115,7.32,7.473,0.244,0.313,-0.014,0.159,-0.114,-0.009
2021-12-01,CTD10,4170388,695646,0.016433254,0.025107265,0.03963721,0.013181924,0.011068224,0.0027681421,0.0027002797,0.0010480945,0.01626677,0.025031853,0.03992551,0.013402333,0.009988808,0.0027860685,0.34042424,-8.000000000000001e-45,0.89,-0.209,21.023,-0.414,35.623,0.11,-15.009,0.195,-29.497,-0.224,14.6,0.311,-36.032,0.388,-50.52,0.501,-50.633,0.563,-65.12,0.087,-14.487,0.833,0.277,0.233,0.894,0.47,0.394,-0.377,-0.595,-0.166,-0.741,-1.169,-0.389,0.24,0.192,0.162,-0.592,-1.428,-0.399,-0.83,-2.002,-0.666,-0.832,-1.271,-0.56,-1.07,-1.635,-0.858,-0.238,-0.364,-0.574,-0.164,-0.171,-0.358,-0.606,-0.641,-0.957,0.05,0.09,0.064,0.083,0.14,0.102,-0.491,-0.528,-0.599,0.213,0.434,0.235,0.25,0.474,0.266,0.637,0.962,0.731,0.688,0.965,0.746,0.051,0.038,0.033,-2.352,-2.927,0.322,-0.536,0.375,-0.185,-1.49,-1.854,-0.11,-0.776,-0.026,-0.425,0.613,-1.022,-0.332,-2.335,0.806,0.967,0.851,-0.42,-0.094,-1.522,0.96,1.152,-1.479,-2.053,1.195,0.337,1.249,0.688,-0.169,-0.558,-0.04,-0.206,-0.507,-1.676,1.231,1.625,-0.144,-0.739,1.466,1.936,1.887,1.221,1.971,1.572,0.777,0.388,0.905,0.739,2.333,2.566,2.779,3.056,0.361,0.523,-0.149,0.246,-0.341,-0.108,-0.212,21.526,-0.421,36.428,0.097,-13.139,0.239,-38.637,-0.229,14.902,0.303,-34.665,0.43,-60.163,0.497,-49.567,0.6,-75.065,0.146,-25.498,0.859,0.288,0.215,0.912,0.488,0.364,-0.329,-0.525,-0.131,-0.967,-1.543,-0.518,0.242,0.2,0.149,-0.564,-1.384,-0.346,-0.979,-2.402,-0.806,-0.806,-1.241,-0.495,-1.221,-1.879,-1.006,-0.415,-0.638,-1.018,-0.164,-0.176,-0.375,-0.616,-0.676,-1.011,0.044,0.082,0.057,0.097,0.163,0.118,-0.502,-0.567,-0.637,0.207,0.443,0.233,0.268,0.507,0.282,0.642,1.01,0.757,0.725,1.009,0.779,0.083,0.061,0.053,-2.329,-3.347,0.314,-0.692,0.4,-0.095,-1.46,-2.099,-0.128,-0.934,0.008,-0.338,0.587,-1.292,-0.381,-2.783,0.815,0.964,1.002,-0.239,0.034,-1.35,1.093,1.293,-1.44,-2.458,1.203,0.197,1.289,0.794,-0.197,-0.715,0.013,-0.118,-0.587,-2.129,1.254,1.618,0.052,-0.473,1.682,2.17,1.919,1.113,2.055,1.709,0.771,0.253,0.981,0.85,2.365,2.58,3.173,3.462,0.425,0.574,-0.079,0.285,-0.278,-0.063
2021-12-01,CTD11,4169609,700351,0.014936377,0.021029184,0.027699681,0.009416219,0.0063548028,0.001640848,0.0016131152,0.0006454443,0.014909621,0.021173507,0.02768474,0.009593997,0.0063922163,0.0015868911,0.07444549,-8.000000000000001e-45,0.702,-0.169,19.398,-0.299,30.849,0.227,-39.249,0.403,-90.411,-0.137,11.451,0.381,-58.647,0.536,-109.808,0.493,-70.098,0.627,-121.26,0.194,-51.162,0.537,0.183,0.123,0.649,0.29,0.196,-0.825,-1.087,-0.249,-1.901,-2.504,-0.851,0.171,0.108,0.073,-0.876,-1.624,-0.373,-1.64,-3.042,-1.034,-1.047,-1.474,-0.445,-1.811,-2.55,-1.142,-0.764,-1.076,-1.417,-0.164,-0.179,-0.386,-0.419,-0.466,-0.809,0.113,0.202,0.162,0.176,0.282,0.231,-0.274,-0.313,-0.423,0.272,0.545,0.341,0.344,0.603,0.395,0.508,0.859,0.668,0.593,0.876,0.701,0.085,0.072,0.063,-2.231,-3.649,0.37,-0.771,0.481,0.035,-1.694,-2.77,0.091,-0.943,0.237,-0.136,0.827,-1.723,0.269,-2.773,1.284,1.357,1.591,0.117,1.033,-0.591,1.903,2.01,-1.534,-2.951,1.068,-0.074,1.178,0.733,0.129,-0.723,0.334,0.084,0.379,-2.126,1.808,2.004,1.455,0.367,2.679,2.969,1.407,0.373,1.552,1.18,0.687,-0.165,0.892,0.642,2.516,2.64,3.728,3.911,0.328,0.401,0.022,0.218,-0.086,0.038,-0.174,19.842,-0.3,30.95,0.217,-37.161,0.4,-89.369,-0.133,11.108,0.376,-57.003,0.536,-109.211,0.485,-68.111,0.625,-120.319,0.2,-52.208,0.549,0.19,0.127,0.655,0.297,0.198,-0.787,-1.029,-0.238,-1.892,-2.474,-0.857,0.166,0.107,0.071,-0.85,-1.578,-0.364,-1.628,-3.023,-1.048,-1.016,-1.442,-0.435,-1.794,-2.548,-1.154,-0.778,-1.105,-1.445,-0.168,-0.184,-0.392,-0.415,-0.463,-0.799,0.109,0.193,0.156,0.174,0.277,0.228,-0.266,-0.306,-0.407,0.272,0.544,0.34,0.347,0.603,0.397,0.501,0.849,0.656,0.59,0.869,0.692,0.089,0.075,0.066,-2.181,-3.627,0.358,-0.797,0.473,0.038,-1.668,-2.774,0.085,-0.962,0.237,-0.128,0.789,-1.758,0.247,-2.777,1.252,1.323,1.568,0.126,1.025,-0.553,1.879,1.986,-1.466,-2.911,1.074,-0.081,1.189,0.754,0.121,-0.736,0.336,0.099,0.35,-2.124,1.778,1.976,1.456,0.427,2.669,2.966,1.404,0.356,1.555,1.191,0.664,-0.193,0.879,0.641,2.457,2.584,3.688,3.878,0.342,0.413,0.024,0.222,-0.082,0.045
2021-12-01,CTD12,4173438,695414,0.010562132,0.01646209,0.017368471,0.0024869922,0.0019320162,0.00042274274,0.00041523756,0.00015780586,0.010507203,0.016370036,0.017605364,0.0025553077,0.0017883983,0.0004511568,0.23681696,-2.878e-42,0.816,-0.218,33.932,-0.244,37.102,0.619,-307.414,0.691,-422.916,-0.027,3.17,0.738,-341.347,0.79,-456.848,0.749,-344.517,0.8,-460.018,0.126,-115.502,0.589,0.084,0.066,0.611,0.092,0.072,-5.061,-5.339,-0.594,-6.962,-7.345,-1.052,0.033,0.008,0.006,-3.605,-5.929,-0.659,-4.825,-7.935,-1.136,-3.639,-5.671,-0.666,-4.859,-7.573,-1.144,-1.22,-1.901,-2.006,-0.297,-0.306,-1.335,-0.359,-0.37,-1.54,0.239,0.439,0.418,0.255,0.455,0.435,-0.069,-0.073,-0.205,0.5,1.119,0.724,0.52,1.113,0.732,0.551,1.191,0.809,0.571,1.183,0.815,0.021,0.02,0.016,-6.342,-8.348,0.498,-0.646,0.53,-0.135,-6.011,-7.913,0.457,-0.679,0.491,-0.169,3.299,-4.274,3.192,-4.743,4.13,4.136,4.519,-1.152,4.412,-1.517,5.316,5.324,-5.425,-7.431,1.415,0.271,1.447,0.782,0.712,-0.339,0.765,0.171,4.975,-2.371,6.436,6.508,6.876,1.537,8.285,8.377,1.493,0.357,1.527,0.868,0.82,-0.232,0.872,0.278,6.801,6.866,8.754,8.839,0.118,0.124,-0.032,0.04,-0.04,0.026,-0.218,34.086,-0.252,38.372,0.609,-296.169,0.709,-463.987,-0.036,4.286,0.73,-330.255,0.803,-498.072,0.747,-334.541,0.816,-502.359,0.177,-167.817,0.6,0.087,0.061,0.628,0.098,0.069,-4.848,-5.214,-0.53,-7.595,-8.169,-1.186,0.045,0.011,0.008,-3.47,-5.814,-0.591,-5.233,-8.769,-1.273,-3.515,-5.476,-0.598,-5.278,-8.224,-1.284,-1.763,-2.747,-2.954,-0.291,-0.302,-1.35,-0.375,-0.391,-1.634,0.234,0.438,0.41,0.257,0.461,0.432,-0.095,-0.1,-0.284,0.491,1.124,0.712,0.519,1.116,0.723,0.56,1.224,0.829,0.588,1.211,0.836,0.029,0.027,0.023,-6.248,-9.202,0.497,-0.787,0.54,-0.058,-5.809,-8.557,0.441,-0.832,0.488,-0.103,3.182,-5.042,3.036,-5.732,4.003,4.01,4.945,-0.531,4.8,-1.015,5.719,5.73,-5.332,-8.286,1.413,0.129,1.456,0.858,0.687,-0.499,0.76,0.23,4.731,-3.438,6.236,6.305,7.478,2.264,8.91,9.008,1.519,0.247,1.566,0.976,0.832,-0.353,0.905,0.376,6.72,6.78,9.601,9.688,0.134,0.142,-0.014,0.055,-0.025,0.036
2022-02-24,CTD1,4187246,695025,0.0045138034,0.006376836,0.01091784,0.0030800581,0.003247367,0.00073466456,0.0007588644,0.00029056484,0.004548298,0.0062478194,0.011064135,0.0032316626,0.0027712008,0.00081925094,0.6179801,-2.8899999999999995e-42,0.523,-0.171,64.725,-0.415,129.949,0.189,-103.127,0.163,-86.399,-0.263,65.224,0.349,-167.852,0.325,-151.124,0.56,-233.076,0.542,-216.349,-0.026,16.727,0.707,0.199,0.21,0.829,0.4,0.422,-0.658,-1.126,-0.335,-0.551,-0.943,-0.266,0.294,0.201,0.212,-0.758,-1.833,-0.545,-0.682,-1.65,-0.465,-1.052,-1.486,-0.757,-0.977,-1.38,-0.666,0.076,0.107,0.183,-0.133,-0.132,-0.294,-0.677,-0.665,-1.012,0.083,0.149,0.101,0.073,0.134,0.09,-0.598,-0.585,-0.718,0.214,0.425,0.233,0.203,0.412,0.224,0.72,1.01,0.814,0.704,1.01,0.811,-0.015,-0.011,-0.01,-2.837,-2.654,0.426,-0.241,0.41,-0.346,-1.657,-1.55,-0.07,-0.535,-0.096,-0.641,0.881,-0.498,-0.247,-1.897,0.956,1.168,0.806,-0.68,-0.322,-2.155,0.907,1.108,-2.132,-1.949,1.131,0.464,1.115,0.358,-0.098,-0.364,-0.135,-0.47,-0.348,-1.292,1.351,1.773,-0.455,-1.581,1.281,1.682,1.936,1.47,1.91,1.364,1.03,0.764,0.993,0.658,2.825,3.035,2.68,2.879,0.173,0.385,-0.236,0.186,-0.437,-0.227,-0.157,59.807,-0.417,129.48,0.169,-89.576,0.243,-140.992,-0.278,69.674,0.318,-149.382,0.385,-200.799,0.548,-219.056,0.599,-270.472,0.077,-51.416,0.662,0.193,0.166,0.809,0.418,0.359,-0.56,-0.991,-0.248,-0.881,-1.56,-0.456,0.317,0.225,0.193,-0.679,-1.653,-0.414,-0.913,-2.222,-0.649,-0.996,-1.369,-0.607,-1.23,-1.69,-0.874,-0.234,-0.321,-0.569,-0.119,-0.123,-0.283,-0.687,-0.722,-1.085,0.076,0.146,0.095,0.103,0.187,0.124,-0.619,-0.658,-0.802,0.193,0.412,0.218,0.223,0.447,0.243,0.725,1.07,0.868,0.768,1.066,0.875,0.043,0.029,0.027,-2.696,-3.265,0.436,-0.438,0.478,-0.13,-1.522,-1.843,-0.106,-0.755,-0.032,-0.446,0.843,-0.847,-0.363,-2.585,0.964,1.157,1.077,-0.292,-0.13,-1.782,1.124,1.349,-2.05,-2.619,1.082,0.208,1.123,0.516,-0.146,-0.601,-0.045,-0.293,-0.499,-2.059,1.324,1.683,-0.178,-1.169,1.544,1.962,1.915,1.266,1.989,1.575,1.06,0.605,1.162,0.913,2.814,2.98,3.282,3.475,0.267,0.46,-0.092,0.267,-0.317,-0.151
2022-02-24,CTD2,4181518,693105,0.0044349013,0.0064819916,0.007900627,0.0012716493,0.0009187686,0.00021169349,0.0002093196,8.0795486e-05,0.004394941,0.006383948,0.00790684,0.0012640853,0.0008505467,0.00022100368,0.22352894,-2.8899999999999995e-42,0.432,-0.188,71.211,-0.281,98.912,0.554,-560.896,0.657,-862.929,-0.099,27.701,0.672,-632.107,0.752,-934.14,0.723,-659.808,0.792,-961.841,0.161,-302.033,0.563,0.091,0.065,0.641,0.126,0.091,-3.636,-4.431,-0.515,-5.593,-6.818,-1.097,0.123,0.035,0.025,-2.803,-4.994,-0.581,-4.143,-7.38,-1.188,-2.926,-4.277,-0.606,-4.266,-6.235,-1.223,-1.339,-1.958,-2.386,-0.223,-0.232,-0.935,-0.447,-0.468,-1.582,0.22,0.427,0.359,0.244,0.453,0.383,-0.249,-0.265,-0.648,0.422,0.973,0.591,0.451,0.975,0.607,0.607,1.238,0.896,0.64,1.223,0.9,0.032,0.029,0.025,-5.529,-7.915,0.523,-0.7,0.568,-0.038,-4.536,-6.494,0.365,-0.823,0.42,-0.161,2.667,-3.568,2.269,-5.112,3.346,3.371,4.007,-0.27,3.608,-1.386,4.631,4.666,-4.751,-7.138,1.301,0.078,1.345,0.739,0.534,-0.564,0.613,0.098,3.316,-3.502,4.89,4.981,5.274,0.842,6.768,6.894,1.585,0.397,1.64,1.059,0.932,-0.165,1.012,0.496,6.006,6.071,8.312,8.403,0.145,0.17,-0.011,0.08,-0.046,0.019,-0.185,70.891,-0.285,101.062,0.553,-563.552,0.676,-948.18,-0.107,30.17,0.669,-634.443,0.765,-1019.072,0.724,-664.613,0.806,-1049.242,0.196,-384.629,0.561,0.09,0.06,0.645,0.128,0.086,-3.598,-4.456,-0.479,-6.053,-7.497,-1.199,0.133,0.038,0.026,-2.788,-5.016,-0.54,-4.479,-8.058,-1.288,-2.921,-4.243,-0.565,-4.611,-6.698,-1.326,-1.69,-2.455,-3.041,-0.217,-0.227,-0.941,-0.459,-0.485,-1.661,0.219,0.433,0.358,0.248,0.463,0.386,-0.269,-0.29,-0.72,0.416,0.976,0.585,0.45,0.978,0.603,0.616,1.266,0.918,0.655,1.247,0.923,0.038,0.034,0.029,-5.567,-8.608,0.529,-0.798,0.581,0.016,-4.494,-6.95,0.358,-0.93,0.423,-0.117,2.669,-4.029,2.238,-5.819,3.344,3.369,4.36,0.117,3.929,-1.088,4.969,5.007,-4.802,-7.844,1.293,-0.034,1.345,0.78,0.52,-0.679,0.614,0.135,3.251,-4.246,4.857,4.943,5.707,1.251,7.218,7.346,1.601,0.313,1.666,1.126,0.951,-0.248,1.045,0.566,6.061,6.122,9.009,9.098,0.154,0.18,0.004,0.09,-0.034,0.027
2022-02-24,CTD3,4181698,695238,0.004630543,0.0067048077,0.009655063,0.0016184251,0.0012877155,0.0002885112,0.00028746296,0.00010919424,0.0046024774,0.0066039623,0.009731793,0.0016464307,0.00117416,0.00030743278,0.2792142,-2.878e-42,0.428,-0.183,66.811,-0.352,112.385,0.482,-401.927,0.565,-560.612,-0.18,45.574,0.611,-468.738,0.678,-627.422,0.713,-514.312,0.765,-672.996,0.114,-158.684,0.645,0.108,0.086,0.754,0.182,0.145,-2.695,-3.881,-0.518,-3.759,-5.413,-0.907,0.211,0.074,0.059,-2.171,-4.526,-0.604,-2.905,-6.058,-1.015,-2.382,-3.448,-0.662,-3.116,-4.512,-1.089,-0.735,-1.064,-1.532,-0.184,-0.19,-0.714,-0.604,-0.629,-1.729,0.184,0.377,0.275,0.204,0.402,0.297,-0.472,-0.499,-1.015,0.356,0.859,0.465,0.379,0.867,0.481,0.709,1.358,1.006,0.738,1.339,1.005,0.029,0.023,0.02,-5.275,-6.807,0.523,-0.566,0.557,-0.105,-3.663,-4.727,0.238,-0.777,0.288,-0.316,2.167,-2.346,1.421,-4.637,2.669,2.728,2.902,-0.547,2.156,-2.37,3.355,3.428,-4.518,-6.05,1.28,0.191,1.315,0.652,0.345,-0.562,0.416,-0.101,2.058,-3.355,3.865,4.009,3.122,-0.759,4.857,5.039,1.844,0.828,1.893,1.289,1.091,0.183,1.162,0.644,5.688,5.774,7.148,7.256,0.157,0.216,-0.037,0.108,-0.11,-0.024,-0.179,65.85,-0.358,114.518,0.473,-390.1,0.593,-634.398,-0.191,48.668,0.601,-455.95,0.698,-700.248,0.711,-504.618,0.785,-748.917,0.167,-244.298,0.641,0.108,0.077,0.756,0.189,0.134,-2.576,-3.796,-0.458,-4.19,-6.174,-1.044,0.224,0.08,0.057,-2.099,-4.437,-0.535,-3.223,-6.815,-1.153,-2.322,-3.332,-0.593,-3.447,-4.946,-1.233,-1.124,-1.613,-2.377,-0.176,-0.184,-0.71,-0.622,-0.659,-1.819,0.181,0.38,0.271,0.21,0.416,0.301,-0.501,-0.541,-1.109,0.346,0.858,0.455,0.379,0.869,0.477,0.721,1.4,1.04,0.764,1.369,1.037,0.042,0.033,0.029,-5.214,-7.591,0.528,-0.705,0.576,-0.016,-3.538,-5.151,0.224,-0.929,0.295,-0.24,2.117,-2.829,1.322,-5.493,2.618,2.675,3.241,-0.091,2.446,-1.991,3.67,3.751,-4.476,-6.853,1.266,0.033,1.314,0.722,0.321,-0.724,0.423,-0.035,1.897,-4.277,3.756,3.89,3.51,-0.286,5.267,5.455,1.865,0.712,1.937,1.401,1.116,0.071,1.219,0.76,5.656,5.733,7.931,8.039,0.18,0.237,-0.006,0.129,-0.086,-0.009
2022-02-24,CTD4,4180266,698264,0.007810728,0.011328263,0.013697203,0.0033889965,0.0026132255,0.0006113493,0.0006188934,0.0002432053,0.007852267,0.011092997,0.0135678975,0.0034904918,0.0024923163,0.00064018945,0.30460754,-2e-44,0.375,-0.184,39.754,-0.274,55.021,0.395,-167.044,0.499,-254.64,-0.095,15.267,0.539,-206.798,0.625,-294.394,0.603,-222.065,0.68,-309.661,0.129,-87.596,0.545,0.135,0.104,0.623,0.186,0.144,-1.892,-2.288,-0.437,-2.885,-3.488,-0.863,0.119,0.052,0.04,-1.615,-2.833,-0.54,-2.299,-4.032,-0.998,-1.734,-2.516,-0.58,-2.419,-3.508,-1.049,-0.684,-0.992,-1.2,-0.206,-0.216,-0.586,-0.4,-0.422,-0.981,0.177,0.317,0.271,0.208,0.353,0.304,-0.212,-0.227,-0.395,0.369,0.762,0.487,0.405,0.778,0.51,0.539,0.989,0.739,0.579,0.99,0.753,0.041,0.036,0.031,-3.352,-4.552,0.442,-0.607,0.499,-0.082,-2.772,-3.765,0.271,-0.727,0.34,-0.201,1.478,-2.03,1.096,-2.937,2.074,2.114,2.162,-0.354,1.78,-1.053,2.69,2.741,-2.591,-3.791,1.203,0.153,1.26,0.679,0.393,-0.47,0.492,0.056,1.589,-1.899,3.008,3.152,2.581,0.293,3.901,4.088,1.454,0.457,1.523,0.983,0.775,-0.088,0.875,0.438,3.707,3.811,4.808,4.942,0.203,0.243,-0.035,0.108,-0.087,0.017,-0.171,37.205,-0.267,53.648,0.385,-159.141,0.518,-273.881,-0.1,16.444,0.521,-196.346,0.633,-311.086,0.591,-212.789,0.69,-327.53,0.167,-114.741,0.505,0.13,0.093,0.595,0.187,0.134,-1.765,-2.159,-0.397,-3.038,-3.716,-0.956,0.129,0.057,0.041,-1.542,-2.664,-0.489,-2.443,-4.221,-1.086,-1.671,-2.36,-0.53,-2.572,-3.633,-1.143,-0.901,-1.273,-1.557,-0.19,-0.202,-0.542,-0.392,-0.421,-0.955,0.177,0.321,0.272,0.217,0.368,0.314,-0.218,-0.239,-0.414,0.355,0.735,0.473,0.402,0.758,0.504,0.532,0.974,0.742,0.585,0.976,0.759,0.053,0.047,0.04,-3.179,-4.736,0.451,-0.693,0.524,-0.006,-2.599,-3.872,0.264,-0.822,0.354,-0.135,1.432,-2.201,1.027,-3.194,2.025,2.066,2.333,-0.027,1.927,-0.737,2.836,2.893,-2.474,-4.031,1.155,0.012,1.229,0.699,0.373,-0.583,0.5,0.104,1.45,-2.266,2.861,2.994,2.723,0.564,4.006,4.194,1.413,0.327,1.503,1.014,0.779,-0.177,0.906,0.509,3.57,3.662,4.999,5.129,0.22,0.261,-0.003,0.131,-0.06,0.033
2022-02-24,CTD6,4176009,695829,0.00968305,0.015524376,0.021708945,0.004018238,0.0028718715,0.00067130534,0.000683542,0.00026555575,0.009675116,0.015411057,0.021839164,0.004122014,0.0027963265,0.00069575646,0.18953438,-8.000000000000001e-45,0.262,-0.232,38.858,-0.383,57.209,0.413,-145.592,0.543,-244.932,-0.166,18.351,0.589,-184.45,0.688,-283.79,0.688,-202.801,0.766,-302.141,0.166,-99.34,0.844,0.156,0.112,0.888,0.23,0.164,-2.26,-3.161,-0.418,-3.802,-5.317,-0.984,0.178,0.074,0.053,-1.786,-4.004,-0.53,-2.748,-6.161,-1.14,-1.964,-3.148,-0.582,-2.926,-4.691,-1.214,-0.962,-1.542,-2.157,-0.227,-0.238,-0.848,-0.615,-0.654,-1.745,0.152,0.308,0.23,0.183,0.349,0.265,-0.451,-0.493,-0.898,0.367,0.916,0.468,0.403,0.923,0.492,0.702,1.409,0.962,0.747,1.375,0.964,0.045,0.037,0.031,-4.779,-6.935,0.439,-0.775,0.491,-0.091,-3.417,-4.96,0.187,-0.953,0.261,-0.269,1.695,-2.996,1.011,-5.149,2.225,2.277,2.657,-0.492,1.973,-2.031,3.113,3.187,-3.799,-5.956,1.418,0.204,1.471,0.889,0.3,-0.684,0.419,0.0,1.622,-3.696,3.567,3.731,3.164,0.003,4.991,5.221,1.983,0.843,2.057,1.527,0.983,-0.001,1.102,0.684,5.106,5.218,7.144,7.3,0.23,0.283,-0.038,0.127,-0.111,0.0,-0.229,38.469,-0.386,57.569,0.402,-139.242,0.552,-254.254,-0.173,19.099,0.578,-177.711,0.693,-292.724,0.682,-196.811,0.773,-311.823,0.192,-115.012,0.84,0.159,0.108,0.887,0.237,0.161,-2.146,-3.041,-0.389,-3.918,-5.553,-1.048,0.185,0.079,0.053,-1.719,-3.881,-0.497,-2.832,-6.393,-1.207,-1.904,-3.033,-0.55,-3.017,-4.806,-1.285,-1.113,-1.772,-2.512,-0.221,-0.233,-0.829,-0.623,-0.668,-1.758,0.149,0.305,0.225,0.185,0.352,0.265,-0.466,-0.515,-0.929,0.358,0.905,0.458,0.4,0.914,0.486,0.706,1.421,0.973,0.759,1.38,0.975,0.053,0.042,0.036,-4.67,-7.182,0.439,-0.846,0.5,-0.051,-3.296,-5.068,0.176,-1.031,0.262,-0.235,1.642,-3.164,0.93,-5.463,2.166,2.219,2.754,-0.279,2.043,-1.838,3.192,3.271,-3.705,-6.217,1.404,0.119,1.465,0.914,0.28,-0.768,0.417,0.027,1.481,-4.071,3.45,3.611,3.254,0.213,5.085,5.322,1.99,0.783,2.076,1.579,0.991,-0.057,1.128,0.739,5.009,5.117,7.384,7.542,0.245,0.298,-0.022,0.139,-0.1,0.007
2022-02-24,CTD7,4176724,690397,0.031772353,0.050875623,0.066268116,0.013995052,0.008221502,0.0020737222,0.0019820235,0.00081073877,0.03238171,0.04962813,0.06651873,0.014211256,0.008785697,0.0019104241,0.021530984,-8.000000000000001e-45,0.482,-0.231,11.818,-0.352,16.384,0.388,-39.98,0.589,-90.158,-0.131,4.566,0.569,-51.798,0.722,-101.976,0.651,-56.364,0.779,-106.542,0.26,-50.178,0.783,0.165,0.097,0.834,0.229,0.135,-2.034,-2.649,-0.329,-4.587,-5.975,-1.262,0.145,0.064,0.038,-1.646,-3.433,-0.426,-3.24,-6.758,-1.427,-1.791,-2.868,-0.463,-3.385,-5.42,-1.491,-1.594,-2.553,-3.325,-0.238,-0.256,-0.86,-0.532,-0.584,-1.553,0.152,0.301,0.239,0.201,0.363,0.293,-0.336,-0.385,-0.693,0.376,0.922,0.495,0.435,0.932,0.531,0.632,1.307,0.885,0.702,1.268,0.895,0.07,0.059,0.049,-4.111,-7.436,0.413,-1.078,0.5,0.037,-3.156,-5.709,0.204,-1.223,0.318,-0.108,1.503,-3.918,0.968,-5.79,2.109,2.146,3.097,0.229,2.562,-0.871,3.589,3.653,-3.134,-6.459,1.39,-0.101,1.477,1.014,0.327,-0.935,0.509,0.18,1.55,-4.425,3.376,3.511,4.102,1.453,5.748,5.977,1.811,0.383,1.924,1.498,0.862,-0.4,1.044,0.715,4.476,4.574,7.62,7.785,0.279,0.316,0.016,0.151,-0.048,0.05,-0.21,10.732,-0.345,15.848,0.39,-39.485,0.573,-82.94,-0.145,5.117,0.555,-50.217,0.699,-93.671,0.648,-55.333,0.767,-98.788,0.236,-43.455,0.714,0.153,0.094,0.787,0.225,0.139,-1.96,-2.627,-0.347,-4.116,-5.517,-1.179,0.166,0.073,0.045,-1.626,-3.34,-0.441,-3.033,-6.231,-1.331,-1.792,-2.746,-0.486,-3.199,-4.903,-1.404,-1.407,-2.157,-2.891,-0.214,-0.229,-0.75,-0.535,-0.584,-1.484,0.156,0.311,0.241,0.203,0.37,0.292,-0.363,-0.41,-0.734,0.358,0.86,0.47,0.413,0.877,0.506,0.638,1.271,0.895,0.704,1.239,0.904,0.066,0.055,0.047,-4.028,-6.919,0.439,-0.965,0.52,0.034,-3.005,-5.162,0.2,-1.131,0.31,-0.131,1.533,-3.37,0.938,-5.293,2.102,2.147,2.94,0.194,2.345,-0.995,3.399,3.472,-3.148,-6.039,1.319,-0.085,1.401,0.914,0.307,-0.871,0.475,0.128,1.438,-4.079,3.221,3.36,3.595,0.968,5.21,5.435,1.768,0.437,1.877,1.436,0.901,-0.277,1.069,0.722,4.409,4.504,7.132,7.285,0.262,0.307,0.015,0.154,-0.058,0.037
2022-02-24,CTD8,4174178,693048,0.011213956,0.018490462,0.02346885,0.0039075813,0.0027398975,0.0006582204,0.0006438205,0.00024961206,0.011187342,0.01843006,0.023644796,0.0039678086,0.0026951344,0.0006873284,0.13159421,-2.878e-42,0.264,-0.245,35.093,-0.353,46.565,0.483,-166.738,0.607,-275.803,-0.119,11.472,0.651,-201.831,0.742,-310.895,0.715,-213.303,0.791,-322.367,0.176,-109.064,0.824,0.137,0.096,0.861,0.182,0.128,-3.083,-3.913,-0.457,-5.1,-6.473,-1.078,0.129,0.045,0.031,-2.263,-4.737,-0.553,-3.486,-7.296,-1.215,-2.392,-3.944,-0.584,-3.615,-5.961,-1.26,-1.223,-2.017,-2.56,-0.266,-0.278,-1.095,-0.547,-0.577,-1.844,0.174,0.344,0.279,0.202,0.378,0.31,-0.329,-0.357,-0.749,0.42,1.045,0.556,0.454,1.042,0.575,0.659,1.402,0.921,0.698,1.371,0.925,0.039,0.034,0.028,-5.4,-7.959,0.44,-0.82,0.49,-0.095,-4.254,-6.271,0.266,-0.948,0.33,-0.223,2.082,-3.879,1.601,-5.696,2.722,2.753,3.305,-0.639,2.824,-1.913,3.882,3.926,-4.357,-6.917,1.482,0.223,1.532,0.948,0.439,-0.638,0.544,0.087,2.639,-3.834,4.488,4.615,4.656,0.743,6.4,6.582,1.881,0.667,1.945,1.392,0.921,-0.157,1.025,0.568,5.762,5.858,8.217,8.354,0.2,0.232,-0.033,0.095,-0.078,0.018,-0.245,35.128,-0.358,47.094,0.476,-162.642,0.612,-281.652,-0.124,11.967,0.646,-197.769,0.745,-316.78,0.713,-209.736,0.795,-328.746,0.191,-119.011,0.831,0.139,0.095,0.868,0.187,0.127,-2.997,-3.846,-0.438,-5.191,-6.66,-1.118,0.134,0.047,0.032,-2.213,-4.676,-0.533,-3.544,-7.49,-1.257,-2.346,-3.865,-0.565,-3.678,-6.059,-1.304,-1.331,-2.193,-2.814,-0.262,-0.275,-1.087,-0.556,-0.59,-1.87,0.172,0.342,0.274,0.202,0.379,0.308,-0.344,-0.376,-0.783,0.415,1.042,0.549,0.452,1.038,0.57,0.664,1.417,0.931,0.707,1.382,0.935,0.043,0.037,0.03,-5.352,-8.166,0.439,-0.865,0.493,-0.072,-4.172,-6.365,0.258,-0.999,0.327,-0.206,2.04,-4.019,1.537,-5.954,2.673,2.706,3.371,-0.494,2.868,-1.808,3.936,3.983,-4.312,-7.126,1.48,0.175,1.533,0.968,0.425,-0.693,0.539,0.1,2.531,-4.128,4.404,4.531,4.725,0.879,6.484,6.67,1.898,0.641,1.967,1.434,0.928,-0.189,1.042,0.604,5.718,5.813,8.418,8.558,0.208,0.241,-0.026,0.101,-0.073,0.022
2022-02-24,CTD10,4170388,695646,0.010010767,0.01652359,0.024415225,0.0058206283,0.0040312298,0.0009601381,0.0009685093,0.00038499263,0.010001444,0.016470639,0.024510436,0.0060124844,0.0040309196,0.0009715131,0.19521369,-2e-44,0.323,-0.245,39.373,-0.418,58.934,0.265,-71.91,0.426,-148.171,-0.193,19.561,0.479,-111.283,0.608,-187.544,0.615,-130.845,0.717,-207.105,0.182,-76.26,0.961,0.229,0.159,0.974,0.343,0.238,-1.188,-1.756,-0.29,-2.448,-3.618,-0.862,0.196,0.114,0.079,-1.114,-2.717,-0.449,-1.877,-4.579,-1.092,-1.31,-2.162,-0.527,-2.073,-3.422,-1.205,-0.763,-1.26,-1.862,-0.215,-0.229,-0.661,-0.645,-0.701,-1.462,0.102,0.204,0.147,0.146,0.268,0.198,-0.498,-0.562,-0.801,0.311,0.762,0.376,0.363,0.789,0.413,0.701,1.324,0.905,0.768,1.288,0.912,0.067,0.052,0.044,-3.589,-5.451,0.367,-0.838,0.441,-0.087,-2.429,-3.689,0.058,-1.034,0.166,-0.283,1.043,-2.379,0.242,-4.337,1.476,1.555,1.807,-0.355,1.006,-1.711,2.131,2.245,-2.544,-4.406,1.412,0.207,1.485,0.958,0.095,-0.767,0.274,-0.016,0.4,-3.218,2.436,2.674,1.66,-0.096,3.517,3.86,2.087,0.995,2.195,1.746,0.896,0.034,1.075,0.785,3.792,3.951,5.475,5.704,0.337,0.416,-0.05,0.187,-0.164,-0.006,-0.244,39.271,-0.42,59.187,0.249,-66.335,0.425,-148.097,-0.196,19.915,0.465,-105.606,0.607,-187.368,0.606,-125.522,0.718,-207.283,0.197,-81.762,0.963,0.236,0.158,0.975,0.356,0.239,-1.093,-1.626,-0.267,-2.439,-3.63,-0.89,0.199,0.12,0.08,-1.056,-2.588,-0.426,-1.874,-4.592,-1.127,-1.255,-2.067,-0.506,-2.073,-3.414,-1.246,-0.818,-1.347,-2.004,-0.212,-0.227,-0.644,-0.645,-0.708,-1.445,0.097,0.195,0.14,0.146,0.266,0.196,-0.502,-0.573,-0.801,0.303,0.745,0.366,0.36,0.777,0.408,0.699,1.318,0.902,0.774,1.279,0.911,0.075,0.057,0.048,-3.469,-5.473,0.362,-0.884,0.443,-0.063,-2.331,-3.678,0.043,-1.084,0.163,-0.262,0.991,-2.423,0.175,-4.417,1.419,1.499,1.809,-0.258,0.993,-1.595,2.116,2.236,-2.43,-4.434,1.402,0.155,1.482,0.976,0.071,-0.82,0.269,0.002,0.289,-3.341,2.336,2.575,1.635,0.009,3.485,3.841,2.086,0.959,2.206,1.78,0.887,-0.003,1.085,0.818,3.674,3.832,5.479,5.716,0.356,0.437,-0.038,0.201,-0.158,0.001
2022-02-24,CTD11,4169609,700351,0.0061186664,0.010108021,0.015897537,0.0038973552,0.0028658044,0.00067986647,0.00069956353,0.00027617763,0.0061215754,0.010011586,0.015971394,0.0039789313,0.0028005359,0.00070143316,0.1893059,-2.878e-42,0.329,-0.246,64.503,-0.444,100.531,0.222,-93.15,0.362,-185.508,-0.223,36.029,0.443,-157.653,0.558,-250.011,0.606,-193.681,0.695,-286.039,0.153,-92.358,1.025,0.251,0.185,1.016,0.392,0.288,-0.942,-1.481,-0.267,-1.875,-2.949,-0.723,0.22,0.14,0.103,-0.965,-2.506,-0.452,-1.53,-3.975,-0.974,-1.185,-1.958,-0.555,-1.75,-2.891,-1.115,-0.565,-0.934,-1.468,-0.202,-0.213,-0.59,-0.698,-0.754,-1.446,0.085,0.171,0.118,0.125,0.232,0.164,-0.578,-0.644,-0.856,0.282,0.691,0.331,0.329,0.723,0.366,0.74,1.336,0.925,0.803,1.301,0.93,0.064,0.047,0.04,-3.474,-4.942,0.36,-0.755,0.425,-0.13,-2.209,-3.142,-0.001,-0.975,0.101,-0.35,0.934,-1.957,-0.003,-3.977,1.286,1.39,1.499,-0.458,0.562,-1.944,1.749,1.89,-2.427,-3.895,1.407,0.292,1.472,0.917,-0.001,-0.724,0.167,-0.099,-0.005,-2.954,2.125,2.413,0.929,-0.552,2.89,3.282,2.213,1.238,2.315,1.863,0.936,0.213,1.104,0.837,3.611,3.796,4.91,5.162,0.353,0.457,-0.083,0.205,-0.223,-0.038,-0.241,63.472,-0.446,100.745,0.212,-87.967,0.372,-193.718,-0.229,37.272,0.431,-151.439,0.563,-257.19,0.601,-188.712,0.702,-294.463,0.174,-105.751,1.014,0.253,0.178,1.009,0.401,0.282,-0.881,-1.405,-0.246,-1.939,-3.094,-0.771,0.228,0.148,0.104,-0.927,-2.419,-0.424,-1.574,-4.108,-1.023,-1.155,-1.889,-0.528,-1.803,-2.948,-1.172,-0.647,-1.059,-1.689,-0.195,-0.207,-0.574,-0.704,-0.769,-1.453,0.082,0.167,0.114,0.128,0.237,0.166,-0.59,-0.668,-0.879,0.273,0.676,0.321,0.326,0.714,0.361,0.743,1.344,0.936,0.816,1.304,0.941,0.073,0.053,0.045,-3.403,-5.092,0.362,-0.809,0.436,-0.092,-2.133,-3.192,-0.014,-1.037,0.104,-0.321,0.912,-2.036,-0.057,-4.164,1.259,1.363,1.559,-0.33,0.591,-1.828,1.788,1.937,-2.379,-4.068,1.386,0.215,1.46,0.932,-0.023,-0.794,0.169,-0.077,-0.093,-3.187,2.059,2.341,0.966,-0.439,2.925,3.326,2.212,1.188,2.329,1.905,0.945,0.175,1.138,0.891,3.557,3.734,5.053,5.306,0.37,0.475,-0.06,0.222,-0.208,-0.031
2022-02-24,CTD12,4173438,695414,0.0066134897,0.010651366,0.0146988975,0.002508985,0.0019263907,0.00045035908,0.00044958718,0.00017130708,0.0065888297,0.01056278,0.014751225,0.0025668708,0.0018473015,0.00048236054,0.17799062,-2.878e-42,0.258,-0.234,57.321,-0.379,83.174,0.45,-247.361,0.549,-367.899,-0.16,25.852,0.619,-304.683,0.694,-425.221,0.708,-330.535,0.768,-451.073,0.131,-120.538,0.843,0.144,0.11,0.886,0.209,0.16,-2.635,-3.636,-0.477,-3.919,-5.408,-0.923,0.171,0.065,0.05,-2.015,-4.479,-0.587,-2.812,-6.25,-1.067,-2.186,-3.521,-0.637,-2.983,-4.805,-1.132,-0.797,-1.284,-1.772,-0.235,-0.243,-0.91,-0.614,-0.643,-1.823,0.162,0.326,0.247,0.185,0.356,0.272,-0.444,-0.474,-0.913,0.382,0.953,0.49,0.409,0.956,0.507,0.706,1.427,0.969,0.74,1.4,0.971,0.034,0.027,0.023,-5.238,-7.009,0.45,-0.682,0.49,-0.147,-3.795,-5.079,0.214,-0.852,0.269,-0.318,1.911,-2.893,1.256,-4.994,2.455,2.505,2.708,-0.812,2.053,-2.425,3.198,3.262,-4.248,-6.02,1.44,0.308,1.479,0.843,0.345,-0.578,0.433,-0.043,2.023,-3.385,3.954,4.114,3.307,-0.329,5.15,5.358,1.987,0.92,2.042,1.455,1.001,0.078,1.089,0.612,5.567,5.678,7.251,7.395,0.199,0.248,-0.056,0.104,-0.121,-0.01,-0.232,57.1,-0.382,83.981,0.439,-237.807,0.562,-389.558,-0.165,26.881,0.609,-294.907,0.702,-446.658,0.704,-321.788,0.777,-473.539,0.163,-151.751,0.842,0.147,0.105,0.887,0.216,0.155,-2.512,-3.508,-0.439,-4.115,-5.746,-1.0,0.177,0.069,0.05,-1.943,-4.35,-0.545,-2.943,-6.589,-1.147,-2.12,-3.399,-0.594,-3.12,-5.002,-1.216,-1.0,-1.603,-2.239,-0.229,-0.239,-0.9,-0.622,-0.658,-1.849,0.159,0.324,0.242,0.187,0.361,0.274,-0.457,-0.496,-0.949,0.375,0.948,0.482,0.408,0.952,0.503,0.71,1.444,0.982,0.752,1.409,0.983,0.042,0.034,0.028,-5.123,-7.362,0.45,-0.766,0.499,-0.096,-3.668,-5.271,0.204,-0.943,0.272,-0.273,1.851,-3.151,1.17,-5.418,2.392,2.442,2.851,-0.548,2.17,-2.18,3.324,3.393,-4.144,-6.382,1.429,0.214,1.478,0.883,0.326,-0.673,0.436,-0.004,1.876,-3.87,3.835,3.99,3.479,-0.029,5.328,5.544,1.996,0.849,2.064,1.519,1.007,0.007,1.116,0.677,5.466,5.572,7.596,7.742,0.215,0.264,-0.037,0.118,-0.106,-0.001
2022-07-14,CTD1,4187246,695025,0.019413717,0.02678704,0.037453998,0.013832596,0.008072651,0.0021850963,0.0023063354,0.000935598,0.019301135,0.026840916,0.03736183,0.014002627,0.008893009,0.0019603893,0.0005395122,-8.000000000000001e-45,0.304,-0.16,14.178,-0.317,24.811,0.168,-20.783,0.413,-72.365,-0.166,10.632,0.319,-34.962,0.537,-86.544,0.461,-45.594,0.645,-97.176,0.263,-51.582,0.531,0.196,0.114,0.665,0.343,0.2,-0.557,-0.778,-0.168,-1.938,-2.71,-1.001,0.206,0.147,0.086,-0.679,-1.309,-0.282,-1.68,-3.241,-1.197,-0.885,-1.221,-0.368,-1.887,-2.603,-1.344,-1.001,-1.382,-1.932,-0.144,-0.162,-0.337,-0.444,-0.518,-0.824,0.087,0.16,0.123,0.177,0.279,0.221,-0.321,-0.388,-0.487,0.228,0.471,0.285,0.329,0.563,0.365,0.511,0.859,0.678,0.636,0.884,0.723,0.125,0.101,0.09,-1.983,-3.915,0.355,-0.989,0.509,0.141,-1.418,-2.8,0.002,-1.195,0.217,-0.065,0.688,-1.915,0.005,-3.236,1.102,1.188,1.69,0.468,1.007,-0.303,1.888,2.036,-1.328,-3.26,1.01,-0.334,1.164,0.796,0.003,-0.998,0.299,0.132,0.007,-2.703,1.521,1.721,1.389,0.611,2.606,2.949,1.413,0.216,1.628,1.346,0.686,-0.315,0.982,0.815,2.292,2.406,3.927,4.123,0.411,0.497,0.101,0.301,-0.046,0.068,-0.163,14.554,-0.319,25.045,0.159,-19.605,0.369,-60.637,-0.164,10.491,0.314,-34.159,0.502,-75.191,0.455,-44.65,0.615,-85.683,0.223,-41.033,0.544,0.204,0.129,0.672,0.351,0.223,-0.526,-0.732,-0.174,-1.628,-2.266,-0.849,0.202,0.147,0.093,-0.659,-1.276,-0.304,-1.451,-2.809,-1.053,-0.862,-1.198,-0.397,-1.654,-2.3,-1.2,-0.792,-1.101,-1.533,-0.147,-0.163,-0.329,-0.442,-0.505,-0.789,0.083,0.148,0.115,0.162,0.255,0.203,-0.316,-0.373,-0.46,0.227,0.455,0.278,0.317,0.539,0.349,0.506,0.829,0.654,0.617,0.855,0.697,0.111,0.09,0.08,-1.949,-3.482,0.344,-0.855,0.481,0.084,-1.4,-2.502,-0.005,-1.058,0.185,-0.118,0.66,-1.64,-0.014,-2.823,1.047,1.14,1.452,0.254,0.778,-0.498,1.649,1.796,-1.278,-2.811,1.016,-0.184,1.153,0.756,-0.007,-0.856,0.258,0.083,-0.019,-2.284,1.456,1.679,1.082,0.35,2.293,2.643,1.414,0.361,1.604,1.301,0.666,-0.183,0.931,0.757,2.207,2.337,3.476,3.68,0.394,0.487,0.061,0.284,-0.086,0.043
2022-07-14,CTD2,4181518,693105,0.018406006,0.024675941,0.021051008,0.0056903134,0.0033544837,0.0009231267,0.0009393272,0.00038078628,0.018534299,0.025056217,0.020960642,0.0057998933,0.0036562297,0.0008864235,0.000265448,-8.000000000000001e-45,0.322,-0.146,13.805,-0.067,6.826,0.528,-121.407,0.692,-243.778,0.079,-6.978,0.625,-135.212,0.761,-257.583,0.574,-128.234,0.725,-250.605,0.258,-122.371,0.291,0.079,0.046,0.168,0.039,0.023,-2.996,-2.556,-0.407,-6.015,-5.132,-1.387,-0.128,-0.04,-0.023,-2.489,-2.846,-0.454,-4.741,-5.422,-1.466,-2.36,-3.164,-0.43,-4.613,-6.184,-1.426,-2.252,-3.02,-2.576,-0.234,-0.257,-0.693,-0.087,-0.094,-0.292,0.278,0.454,0.521,0.329,0.496,0.563,0.15,0.167,0.401,0.481,0.872,0.778,0.54,0.885,0.797,0.357,0.706,0.548,0.411,0.734,0.583,0.054,0.059,0.051,-2.954,-5.53,0.476,-0.95,0.587,0.156,-3.462,-6.482,0.644,-0.822,0.738,0.285,2.062,-4.121,2.382,-3.041,3.099,3.075,4.315,1.151,4.634,1.788,5.256,5.217,-2.359,-4.935,1.07,-0.356,1.181,0.751,0.863,-0.524,0.99,0.583,3.193,-1.939,4.154,4.177,6.212,3.657,7.047,7.086,0.913,-0.553,1.008,0.554,0.544,-0.843,0.671,0.264,3.517,3.564,5.966,6.045,0.173,0.15,0.048,0.071,0.088,0.134,-0.15,14.044,-0.061,6.246,0.523,-118.463,0.67,-219.552,0.089,-7.798,0.624,-132.507,0.745,-233.596,0.567,-124.709,0.703,-225.797,0.227,-101.089,0.294,0.081,0.051,0.156,0.036,0.023,-2.968,-2.483,-0.433,-5.501,-4.602,-1.273,-0.145,-0.045,-0.029,-2.456,-2.777,-0.484,-4.33,-4.896,-1.355,-2.311,-3.125,-0.456,-4.185,-5.658,-1.31,-1.874,-2.533,-2.119,-0.244,-0.265,-0.69,-0.079,-0.085,-0.257,0.277,0.444,0.517,0.323,0.482,0.556,0.168,0.185,0.433,0.488,0.868,0.782,0.542,0.879,0.8,0.348,0.683,0.528,0.397,0.711,0.561,0.049,0.054,0.047,-2.874,-4.993,0.463,-0.847,0.565,0.109,-3.436,-5.969,0.653,-0.702,0.738,0.254,2.0,-3.657,2.359,-2.537,3.05,3.021,3.874,0.749,4.233,1.455,4.838,4.793,-2.262,-4.381,1.075,-0.234,1.177,0.721,0.882,-0.391,0.998,0.565,3.189,-1.413,4.123,4.146,5.722,3.239,6.54,6.576,0.899,-0.455,0.985,0.501,0.524,-0.75,0.639,0.206,3.417,3.468,5.42,5.501,0.167,0.138,0.034,0.057,0.079,0.131
2022-07-14,CTD3,4181698,695238,0.015054052,0.020161409,0.023992859,0.0050102365,0.003710429,0.0008749684,0.0008857308,0.000337749,0.0150938025,0.019997202,0.02411116,0.0051760515,0.0035738696,0.00090975093,0.16439195,-8.000000000000001e-45,0.375,-0.145,16.828,-0.229,24.748,0.501,-133.164,0.605,-203.083,-0.087,7.921,0.602,-149.992,0.689,-219.911,0.655,-157.912,0.732,-227.832,0.149,-69.919,0.404,0.084,0.062,0.499,0.124,0.092,-2.685,-3.195,-0.494,-4.094,-4.873,-1.017,0.119,0.04,0.029,-2.258,-3.599,-0.557,-3.311,-5.276,-1.102,-2.377,-3.184,-0.586,-3.43,-4.593,-1.141,-1.053,-1.41,-1.678,-0.176,-0.184,-0.586,-0.355,-0.374,-1.025,0.227,0.421,0.363,0.257,0.451,0.391,-0.191,-0.204,-0.439,0.388,0.807,0.547,0.421,0.82,0.567,0.539,1.012,0.795,0.576,1.011,0.806,0.037,0.033,0.029,-4.042,-5.72,0.538,-0.604,0.592,0.006,-3.397,-4.806,0.379,-0.723,0.443,-0.113,2.164,-2.429,1.815,-3.462,2.821,2.85,3.217,0.033,2.867,-0.732,3.809,3.848,-3.449,-5.127,1.13,-0.011,1.185,0.599,0.507,-0.51,0.594,0.1,2.43,-2.442,3.778,3.869,3.84,0.645,5.101,5.225,1.345,0.243,1.41,0.853,0.857,-0.16,0.944,0.449,4.542,4.605,6.134,6.218,0.149,0.178,0.002,0.094,-0.038,0.025,-0.14,16.245,-0.23,24.778,0.489,-126.945,0.617,-213.556,-0.093,8.532,0.589,-143.19,0.697,-229.802,0.647,-151.723,0.742,-238.334,0.183,-86.611,0.392,0.084,0.058,0.495,0.128,0.089,-2.539,-3.061,-0.454,-4.271,-5.149,-1.105,0.129,0.044,0.03,-2.161,-3.452,-0.512,-3.469,-5.541,-1.189,-2.29,-3.034,-0.542,-3.597,-4.766,-1.234,-1.307,-1.732,-2.088,-0.167,-0.177,-0.56,-0.358,-0.383,-1.031,0.225,0.421,0.358,0.261,0.458,0.393,-0.203,-0.22,-0.47,0.378,0.794,0.535,0.419,0.81,0.561,0.54,1.014,0.803,0.585,1.013,0.816,0.046,0.041,0.036,-3.903,-5.992,0.54,-0.694,0.607,0.064,-3.237,-4.969,0.367,-0.822,0.447,-0.064,2.087,-2.679,1.71,-3.83,2.737,2.768,3.394,0.36,3.018,-0.435,3.965,4.009,-3.333,-5.422,1.11,-0.123,1.177,0.634,0.486,-0.619,0.593,0.139,2.266,-2.883,3.627,3.715,3.998,0.937,5.252,5.381,1.339,0.149,1.419,0.907,0.863,-0.243,0.969,0.515,4.421,4.479,6.404,6.488,0.164,0.195,0.022,0.111,-0.022,0.036
2022-07-14,CTD4,4180266,698264,0.011731463,0.015582373,0.021416463,0.0049069896,0.004953549,0.0011037033,0.0011034015,0.00040288092,0.011725547,0.015302386,0.021489466,0.005124329,0.0041847946,0.0012324614,0.27129638,-8.000000000000001e-45,0.296,-0.141,21.066,-0.292,38.548,0.41,-118.55,0.406,-116.635,-0.158,17.482,0.521,-139.616,0.518,-137.7,0.627,-157.098,0.624,-155.182,-0.005,1.915,0.451,0.103,0.104,0.601,0.189,0.191,-1.847,-2.539,-0.587,-1.817,-2.498,-0.572,0.205,0.086,0.087,-1.638,-2.99,-0.692,-1.615,-2.949,-0.676,-1.843,-2.448,-0.778,-1.821,-2.418,-0.761,0.022,0.03,0.041,-0.146,-0.146,-0.391,-0.473,-0.472,-0.982,0.184,0.332,0.259,0.183,0.331,0.257,-0.351,-0.35,-0.592,0.322,0.64,0.405,0.321,0.639,0.404,0.604,0.989,0.804,0.603,0.989,0.803,-0.002,-0.001,-0.001,-3.612,-3.571,0.524,-0.238,0.522,-0.257,-2.628,-2.598,0.233,-0.443,0.23,-0.462,1.663,-0.755,1.016,-1.933,2.073,2.159,1.641,-0.807,0.994,-1.996,2.053,2.139,-3.036,-2.995,1.099,0.338,1.097,0.319,0.309,-0.263,0.305,-0.282,1.35,-1.148,2.753,2.944,1.32,-1.219,2.727,2.917,1.511,0.835,1.508,0.816,0.956,0.384,0.952,0.365,3.942,4.047,3.905,4.009,0.1,0.187,-0.107,0.084,-0.193,-0.089,-0.132,19.935,-0.294,38.749,0.392,-109.864,0.474,-153.676,-0.168,18.815,0.498,-129.798,0.571,-173.611,0.615,-148.613,0.674,-192.426,0.101,-43.813,0.428,0.102,0.083,0.593,0.199,0.162,-1.681,-2.361,-0.46,-2.352,-3.302,-0.787,0.221,0.096,0.079,-1.522,-2.789,-0.543,-2.036,-3.731,-0.89,-1.743,-2.274,-0.622,-2.256,-2.945,-0.986,-0.514,-0.67,-0.942,-0.134,-0.139,-0.384,-0.478,-0.501,-1.049,0.179,0.339,0.257,0.205,0.369,0.283,-0.367,-0.389,-0.665,0.306,0.64,0.396,0.335,0.66,0.418,0.605,1.029,0.84,0.64,1.027,0.847,0.035,0.028,0.026,-3.427,-4.369,0.528,-0.458,0.572,-0.05,-2.441,-3.111,0.211,-0.679,0.272,-0.271,1.576,-1.368,0.884,-2.847,2.015,2.093,2.09,-0.184,1.398,-1.392,2.467,2.563,-2.889,-3.83,1.067,0.081,1.11,0.488,0.275,-0.512,0.355,-0.105,1.154,-2.149,2.629,2.791,1.824,-0.537,3.22,3.418,1.498,0.608,1.559,1.016,0.967,0.18,1.047,0.588,3.837,3.92,4.698,4.8,0.164,0.242,-0.022,0.14,-0.118,-0.035
2022-07-14,CTD6,4176009,695829,0.019672101,0.027215928,0.025648981,0.0050463565,0.003144176,0.0007812255,0.0007889092,0.00031573244,0.019802447,0.027280623,0.025332633,0.0051438906,0.0032000886,0.00078982447,0.0023912904,-8.000000000000001e-45,0.375,-0.161,14.09,-0.132,11.846,0.592,-147.329,0.724,-267.215,0.03,-2.245,0.687,-161.42,0.793,-281.305,0.671,-159.175,0.782,-279.06,0.232,-119.886,0.361,0.071,0.044,0.322,0.06,0.037,-4.01,-3.779,-0.463,-7.273,-6.854,-1.348,-0.044,-0.011,-0.007,-3.175,-4.14,-0.508,-5.534,-7.215,-1.42,-3.131,-4.332,-0.5,-5.49,-7.595,-1.408,-2.358,-3.263,-3.075,-0.246,-0.262,-0.921,-0.185,-0.197,-0.73,0.277,0.482,0.508,0.313,0.512,0.538,0.063,0.069,0.191,0.489,0.972,0.77,0.531,0.974,0.784,0.439,0.903,0.679,0.48,0.91,0.698,0.041,0.042,0.036,-4.36,-7.435,0.526,-0.882,0.6,0.1,-4.626,-7.889,0.582,-0.838,0.651,0.144,2.837,-4.758,2.956,-4.259,3.783,3.776,5.196,0.863,5.314,1.174,6.071,6.06,-3.699,-6.774,1.187,-0.222,1.261,0.76,0.805,-0.544,0.901,0.438,4.089,-2.764,5.233,5.271,7.352,3.573,8.399,8.459,1.118,-0.301,1.188,0.681,0.686,-0.663,0.783,0.319,4.923,4.967,7.901,7.972,0.141,0.134,0.026,0.063,0.037,0.081,-0.159,13.843,-0.123,11.024,0.588,-143.907,0.722,-261.993,0.037,-2.819,0.683,-157.749,0.79,-275.835,0.662,-154.931,0.776,-273.017,0.233,-118.086,0.351,0.071,0.044,0.301,0.057,0.035,-3.926,-3.646,-0.461,-7.147,-6.637,-1.348,-0.056,-0.014,-0.009,-3.124,-3.996,-0.505,-5.462,-6.988,-1.419,-3.068,-4.227,-0.496,-5.406,-7.448,-1.404,-2.338,-3.221,-2.991,-0.245,-0.262,-0.896,-0.171,-0.181,-0.663,0.279,0.481,0.514,0.316,0.512,0.545,0.078,0.085,0.233,0.49,0.962,0.776,0.534,0.965,0.79,0.429,0.878,0.662,0.47,0.887,0.683,0.041,0.043,0.037,-4.199,-7.19,0.523,-0.882,0.6,0.104,-4.522,-7.743,0.593,-0.826,0.664,0.16,2.773,-4.675,2.921,-4.067,3.732,3.723,5.111,0.885,5.259,1.263,6.0,5.985,-3.547,-6.539,1.175,-0.23,1.251,0.756,0.817,-0.531,0.915,0.455,4.024,-2.613,5.142,5.177,7.246,3.6,8.265,8.322,1.091,-0.328,1.162,0.657,0.669,-0.679,0.767,0.306,4.763,4.807,7.656,7.728,0.142,0.133,0.027,0.062,0.041,0.086
2022-07-14,CTD7,4176724,690397,0.037141137,0.053882282,0.06647346,0.019618824,0.011939124,0.0029977907,0.0030630731,0.0012233016,0.037007324,0.052519243,0.06680553,0.019972509,0.012697064,0.0026700164,0.0015329551,-8.000000000000001e-45,0.465,-0.184,8.365,-0.283,11.881,0.309,-24.047,0.513,-56.834,-0.105,3.515,0.466,-32.412,0.637,-65.199,0.544,-35.928,0.695,-68.715,0.243,-32.787,0.556,0.164,0.1,0.64,0.233,0.142,-1.296,-1.598,-0.287,-3.062,-3.778,-1.115,0.131,0.069,0.042,-1.204,-2.155,-0.387,-2.422,-4.334,-1.279,-1.334,-1.936,-0.429,-2.552,-3.703,-1.348,-1.218,-1.767,-2.179,-0.194,-0.214,-0.53,-0.399,-0.446,-0.929,0.146,0.266,0.223,0.209,0.343,0.293,-0.222,-0.257,-0.399,0.331,0.698,0.437,0.405,0.739,0.487,0.515,0.955,0.712,0.599,0.961,0.742,0.084,0.074,0.064,-2.699,-4.878,0.394,-0.954,0.51,0.081,-2.188,-3.954,0.195,-1.085,0.337,-0.05,1.083,-2.62,0.659,-3.675,1.672,1.714,2.3,0.364,1.877,-0.277,2.747,2.816,-1.938,-4.117,1.156,-0.192,1.271,0.842,0.282,-0.833,0.489,0.202,0.957,-2.821,2.425,2.567,2.723,1.125,3.985,4.218,1.426,0.147,1.568,1.181,0.705,-0.41,0.912,0.625,3.067,3.167,5.039,5.204,0.307,0.349,0.043,0.184,-0.026,0.074,-0.173,7.981,-0.287,12.053,0.299,-23.047,0.489,-51.737,-0.12,4.072,0.449,-31.028,0.611,-59.718,0.54,-35.1,0.681,-63.79,0.223,-28.69,0.533,0.159,0.101,0.633,0.241,0.153,-1.21,-1.54,-0.293,-2.717,-3.456,-1.033,0.151,0.081,0.052,-1.148,-2.073,-0.394,-2.21,-3.989,-1.193,-1.299,-1.843,-0.446,-2.361,-3.35,-1.274,-1.062,-1.507,-1.917,-0.179,-0.195,-0.475,-0.411,-0.457,-0.912,0.143,0.261,0.214,0.204,0.335,0.28,-0.251,-0.287,-0.437,0.314,0.655,0.409,0.384,0.699,0.459,0.523,0.942,0.718,0.604,0.95,0.746,0.081,0.07,0.061,-2.64,-4.557,0.406,-0.868,0.515,0.069,-2.076,-3.582,0.174,-1.019,0.312,-0.082,1.067,-2.283,0.581,-3.409,1.611,1.663,2.128,0.285,1.643,-0.43,2.534,2.616,-1.926,-3.842,1.12,-0.154,1.229,0.783,0.246,-0.787,0.443,0.15,0.824,-2.632,2.286,2.44,2.331,0.791,3.597,3.837,1.425,0.232,1.563,1.169,0.732,-0.301,0.929,0.636,3.002,3.103,4.722,4.881,0.298,0.35,0.037,0.19,-0.044,0.057
2022-07-14,CTD8,4174178,693048,0.019625485,0.028465003,0.034994133,0.010100243,0.006856778,0.0018015715,0.0017791867,0.0007196479,0.019607395,0.028492443,0.035119873,0.0102445735,0.007028901,0.0017250325,0.034613222,-8.000000000000001e-45,0.475,-0.184,15.823,-0.281,22.378,0.32,-48.053,0.482,-94.887,-0.103,6.555,0.476,-63.877,0.612,-110.71,0.552,-70.431,0.672,-117.265,0.191,-46.834,0.554,0.16,0.108,0.637,0.226,0.153,-1.368,-1.682,-0.329,-2.701,-3.32,-0.958,0.129,0.066,0.045,-1.254,-2.235,-0.438,-2.173,-3.874,-1.118,-1.382,-2.005,-0.483,-2.301,-3.338,-1.184,-0.919,-1.333,-1.639,-0.196,-0.211,-0.521,-0.399,-0.435,-0.906,0.15,0.27,0.228,0.201,0.331,0.283,-0.22,-0.247,-0.385,0.336,0.693,0.439,0.396,0.727,0.479,0.518,0.94,0.705,0.585,0.947,0.73,0.067,0.059,0.051,-2.775,-4.414,0.401,-0.784,0.494,0.011,-2.257,-3.591,0.206,-0.912,0.32,-0.118,1.13,-2.208,0.714,-3.161,1.702,1.747,2.049,0.044,1.633,-0.602,2.507,2.574,-2.014,-3.653,1.162,-0.023,1.254,0.772,0.299,-0.66,0.464,0.135,1.035,-2.285,2.469,2.622,2.368,0.687,3.637,3.863,1.428,0.31,1.542,1.104,0.715,-0.244,0.88,0.551,3.115,3.224,4.589,4.749,0.274,0.319,0.005,0.159,-0.061,0.048,-0.185,15.904,-0.283,22.527,0.314,-46.611,0.472,-91.269,-0.104,6.623,0.471,-62.516,0.604,-107.173,0.548,-69.139,0.666,-113.796,0.186,-44.657,0.559,0.163,0.112,0.642,0.231,0.158,-1.328,-1.637,-0.328,-2.6,-3.205,-0.935,0.13,0.068,0.047,-1.226,-2.196,-0.439,-2.101,-3.764,-1.098,-1.356,-1.97,-0.486,-2.231,-3.242,-1.166,-0.876,-1.272,-1.568,-0.196,-0.211,-0.514,-0.4,-0.437,-0.898,0.147,0.264,0.222,0.198,0.325,0.277,-0.222,-0.249,-0.384,0.333,0.685,0.433,0.392,0.719,0.473,0.517,0.934,0.7,0.584,0.941,0.725,0.067,0.059,0.051,-2.74,-4.308,0.396,-0.769,0.488,0.002,-2.223,-3.495,0.199,-0.899,0.312,-0.128,1.103,-2.14,0.681,-3.083,1.667,1.714,1.978,0.008,1.557,-0.639,2.43,2.498,-1.975,-3.543,1.161,-0.004,1.253,0.767,0.289,-0.646,0.453,0.125,0.99,-2.215,2.423,2.581,2.262,0.625,3.531,3.762,1.432,0.334,1.544,1.105,0.71,-0.225,0.874,0.546,3.07,3.181,4.474,4.637,0.276,0.322,0.001,0.159,-0.067,0.045
2022-07-14,CTD10,4170388,695646,0.017236192,0.02423528,0.026391119,0.0064191455,0.0042846496,0.001055961,0.0011002296,0.00043368895,0.017335834,0.024367519,0.026389249,0.0065853456,0.0043537817,0.0010499924,0.0009882487,-8.000000000000001e-45,0.479,-0.169,16.755,-0.21,20.126,0.457,-97.767,0.602,-175.374,-0.043,3.371,0.581,-114.522,0.7,-192.129,0.609,-117.892,0.721,-195.5,0.199,-77.607,0.442,0.108,0.072,0.488,0.129,0.086,-2.369,-2.58,-0.419,-4.25,-4.628,-1.126,0.058,0.022,0.014,-1.974,-3.022,-0.491,-3.312,-5.071,-1.233,-2.032,-2.857,-0.505,-3.37,-4.738,-1.255,-1.338,-1.881,-2.048,-0.213,-0.228,-0.654,-0.299,-0.321,-0.855,0.214,0.379,0.353,0.256,0.423,0.395,-0.091,-0.1,-0.201,0.408,0.828,0.581,0.457,0.843,0.608,0.482,0.928,0.7,0.533,0.935,0.721,0.051,0.049,0.042,-3.4,-5.448,0.468,-0.787,0.549,0.044,-3.122,-5.003,0.388,-0.845,0.476,-0.014,1.767,-2.971,1.596,-3.474,2.508,2.523,3.104,0.247,2.934,-0.089,3.758,3.78,-2.705,-4.753,1.163,-0.092,1.244,0.739,0.546,-0.58,0.67,0.251,2.244,-2.384,3.527,3.613,4.125,1.545,5.284,5.413,1.266,0.033,1.354,0.864,0.717,-0.409,0.84,0.421,3.863,3.935,5.787,5.895,0.196,0.21,0.016,0.103,-0.005,0.066,-0.169,16.646,-0.207,19.79,0.449,-94.168,0.599,-172.001,-0.04,3.144,0.574,-110.814,0.697,-188.647,0.601,-113.958,0.717,-191.791,0.204,-77.833,0.439,0.11,0.072,0.482,0.13,0.086,-2.295,-2.485,-0.41,-4.191,-4.539,-1.133,0.055,0.021,0.014,-1.921,-2.924,-0.482,-3.27,-4.978,-1.242,-1.976,-2.777,-0.496,-3.325,-4.673,-1.263,-1.349,-1.897,-2.054,-0.213,-0.229,-0.643,-0.292,-0.315,-0.828,0.212,0.374,0.35,0.256,0.419,0.394,-0.085,-0.093,-0.185,0.407,0.82,0.578,0.458,0.837,0.607,0.475,0.913,0.69,0.528,0.921,0.712,0.054,0.051,0.044,-3.296,-5.35,0.462,-0.801,0.546,0.05,-3.043,-4.94,0.387,-0.856,0.478,-0.004,1.709,-2.964,1.55,-3.429,2.454,2.468,3.058,0.282,2.899,-0.025,3.712,3.732,-2.602,-4.656,1.156,-0.107,1.241,0.744,0.544,-0.589,0.672,0.262,2.178,-2.361,3.449,3.535,4.075,1.59,5.217,5.347,1.252,0.01,1.344,0.861,0.703,-0.43,0.832,0.422,3.756,3.829,5.681,5.791,0.201,0.215,0.019,0.105,-0.002,0.071
2022-07-14,CTD11,4169609,700351,0.009398268,0.013022925,0.018658483,0.004867041,0.0043523656,0.0010508515,0.0010418965,0.00039810847,0.00937631,0.012933338,0.018774943,0.004985885,0.003925946,0.001127261,0.3850112,-2.878e-42,0.433,-0.162,29.615,-0.33,52.808,0.318,-99.061,0.367,-123.358,-0.178,23.193,0.456,-128.676,0.499,-152.972,0.586,-151.869,0.622,-176.165,0.056,-24.296,0.553,0.144,0.129,0.688,0.257,0.23,-1.29,-1.848,-0.431,-1.606,-2.302,-0.6,0.218,0.113,0.101,-1.209,-2.401,-0.56,-1.438,-2.854,-0.745,-1.427,-1.978,-0.661,-1.656,-2.294,-0.857,-0.228,-0.316,-0.453,-0.154,-0.158,-0.393,-0.518,-0.533,-1.004,0.143,0.261,0.197,0.159,0.282,0.214,-0.395,-0.41,-0.611,0.291,0.593,0.354,0.309,0.608,0.369,0.615,1.003,0.794,0.638,1.003,0.8,0.023,0.018,0.016,-3.112,-3.565,0.461,-0.397,0.488,-0.173,-2.172,-2.488,0.13,-0.615,0.169,-0.391,1.233,-1.061,0.498,-2.356,1.597,1.698,1.461,-0.516,0.727,-1.674,1.786,1.898,-2.448,-2.901,1.125,0.267,1.152,0.491,0.18,-0.42,0.235,-0.196,0.69,-1.611,2.213,2.442,1.007,-0.841,2.474,2.731,1.612,0.867,1.651,1.091,0.915,0.314,0.97,0.538,3.371,3.499,3.769,3.913,0.184,0.285,-0.089,0.14,-0.202,-0.073,-0.159,29.332,-0.334,53.389,0.306,-93.914,0.41,-148.064,-0.184,24.057,0.444,-123.247,0.534,-177.396,0.58,-147.304,0.654,-201.453,0.119,-54.149,0.551,0.146,0.115,0.691,0.266,0.21,-1.215,-1.763,-0.369,-1.915,-2.78,-0.738,0.226,0.12,0.094,-1.156,-2.314,-0.484,-1.663,-3.331,-0.884,-1.381,-1.905,-0.578,-1.889,-2.605,-1.004,-0.508,-0.7,-1.017,-0.15,-0.157,-0.399,-0.525,-0.557,-1.055,0.138,0.26,0.193,0.172,0.304,0.229,-0.407,-0.439,-0.655,0.282,0.597,0.35,0.32,0.627,0.379,0.618,1.037,0.818,0.666,1.034,0.829,0.048,0.038,0.033,-3.041,-4.057,0.459,-0.545,0.516,-0.062,-2.095,-2.795,0.114,-0.771,0.196,-0.288,1.192,-1.414,0.429,-2.902,1.577,1.671,1.699,-0.206,0.937,-1.377,2.003,2.123,-2.386,-3.403,1.114,0.109,1.17,0.592,0.157,-0.581,0.27,-0.099,0.592,-2.188,2.175,2.385,1.292,-0.471,2.763,3.029,1.617,0.732,1.699,1.215,0.92,0.182,1.033,0.664,3.347,3.462,4.251,4.397,0.228,0.323,-0.033,0.176,-0.153,-0.038
2022-07-14,CTD12,4173438,695414,0.02158139,0.028994123,0.03366678,0.010045279,0.006000908,0.0016366519,0.001688464,0.00068128237,0.021433774,0.029198807,0.03364464,0.01018605,0.00651588,0.0014986802,0.0012650916,-8.000000000000001e-45,0.428,-0.147,11.846,-0.219,16.633,0.365,-53.213,0.565,-120.305,-0.075,4.787,0.485,-65.06,0.657,-132.152,0.54,-69.846,0.697,-136.939,0.252,-67.092,0.399,0.119,0.071,0.482,0.167,0.1,-1.543,-1.792,-0.319,-3.488,-4.05,-1.208,0.103,0.048,0.029,-1.404,-2.19,-0.39,-2.852,-4.449,-1.328,-1.507,-2.025,-0.419,-2.955,-3.97,-1.376,-1.448,-1.945,-2.259,-0.17,-0.187,-0.462,-0.31,-0.345,-0.753,0.184,0.33,0.291,0.249,0.399,0.356,-0.148,-0.169,-0.291,0.343,0.687,0.478,0.416,0.727,0.526,0.467,0.856,0.675,0.547,0.875,0.709,0.08,0.073,0.065,-2.607,-4.866,0.446,-0.93,0.566,0.147,-2.245,-4.191,0.295,-1.033,0.434,0.044,1.287,-2.683,0.987,-3.462,1.941,1.97,2.735,0.71,2.435,0.245,3.25,3.298,-2.008,-4.267,1.045,-0.33,1.165,0.746,0.396,-0.813,0.583,0.264,1.326,-2.724,2.608,2.708,3.272,1.48,4.366,4.533,1.214,-0.114,1.353,0.963,0.696,-0.513,0.883,0.564,3.073,3.145,5.145,5.264,0.258,0.287,0.068,0.168,0.02,0.091,-0.153,12.407,-0.222,16.933,0.356,-51.518,0.534,-106.816,-0.071,4.526,0.483,-63.926,0.635,-119.223,0.535,-68.451,0.676,-123.749,0.22,-55.298,0.417,0.126,0.081,0.494,0.172,0.11,-1.504,-1.733,-0.336,-3.119,-3.594,-1.088,0.097,0.046,0.029,-1.37,-2.151,-0.417,-2.555,-4.011,-1.214,-1.467,-1.999,-0.446,-2.652,-3.613,-1.261,-1.185,-1.615,-1.86,-0.177,-0.193,-0.465,-0.31,-0.342,-0.731,0.179,0.315,0.28,0.237,0.379,0.34,-0.141,-0.159,-0.266,0.345,0.68,0.473,0.412,0.717,0.518,0.463,0.839,0.657,0.536,0.858,0.689,0.072,0.067,0.058,-2.569,-4.429,0.431,-0.829,0.54,0.094,-2.229,-3.844,0.288,-0.926,0.414,-0.003,1.236,-2.377,0.952,-3.059,1.881,1.911,2.422,0.423,2.137,-0.014,2.941,2.987,-1.941,-3.801,1.06,-0.201,1.169,0.723,0.393,-0.695,0.564,0.228,1.297,-2.297,2.563,2.673,2.911,1.178,4.006,4.178,1.221,0.006,1.347,0.93,0.677,-0.411,0.848,0.513,2.999,3.08,4.688,4.815,0.252,0.282,0.045,0.155,-0.001,0.08
2022-08-03,CTD1,4187246,695025,0.012433573,0.017162895,0.024286982,0.0075920504,0.006308474,0.0015764447,0.0015836031,0.00062252267,0.012410091,0.017013414,0.024369344,0.007723217,0.005845959,0.0016114104,0.4315933,-8.000000000000001e-45,0.249,-0.16,22.162,-0.323,39.253,0.242,-51.289,0.327,-78.09,-0.172,17.091,0.387,-73.451,0.462,-100.252,0.524,-90.542,0.588,-117.343,0.092,-26.8,0.538,0.168,0.14,0.674,0.298,0.248,-0.88,-1.246,-0.324,-1.34,-1.897,-0.593,0.213,0.13,0.108,-0.913,-1.784,-0.463,-1.246,-2.435,-0.761,-1.126,-1.554,-0.571,-1.459,-2.014,-0.891,-0.333,-0.46,-0.651,-0.148,-0.155,-0.34,-0.479,-0.505,-0.853,0.117,0.206,0.158,0.148,0.247,0.192,-0.356,-0.38,-0.513,0.261,0.511,0.313,0.296,0.542,0.34,0.564,0.891,0.711,0.607,0.898,0.726,0.043,0.035,0.031,-2.475,-3.125,0.412,-0.479,0.465,-0.106,-1.749,-2.209,0.07,-0.692,0.144,-0.319,0.931,-1.083,0.223,-2.212,1.27,1.378,1.264,-0.29,0.556,-1.228,1.529,1.658,-1.819,-2.47,1.068,0.177,1.121,0.549,0.096,-0.497,0.199,-0.124,0.307,-1.589,1.753,2.001,0.767,-0.478,2.11,2.408,1.511,0.75,1.586,1.122,0.804,0.212,0.908,0.584,2.692,2.831,3.239,3.408,0.243,0.351,-0.065,0.183,-0.195,-0.055,-0.156,21.802,-0.325,39.544,0.233,-48.9,0.36,-90.479,-0.178,17.742,0.376,-70.703,0.489,-112.281,0.519,-88.445,0.613,-130.023,0.138,-41.579,0.531,0.168,0.127,0.673,0.305,0.231,-0.832,-1.192,-0.286,-1.539,-2.205,-0.699,0.22,0.137,0.104,-0.877,-1.723,-0.413,-1.393,-2.736,-0.867,-1.098,-1.505,-0.517,-1.614,-2.212,-1.004,-0.516,-0.707,-1.013,-0.143,-0.152,-0.339,-0.483,-0.523,-0.881,0.113,0.205,0.155,0.159,0.265,0.205,-0.365,-0.403,-0.542,0.253,0.509,0.307,0.304,0.555,0.348,0.566,0.912,0.728,0.63,0.92,0.749,0.064,0.051,0.045,-2.426,-3.439,0.413,-0.592,0.49,-0.028,-1.694,-2.401,0.055,-0.812,0.166,-0.248,0.909,-1.303,0.174,-2.562,1.263,1.367,1.425,-0.08,0.69,-1.032,1.669,1.806,-1.784,-2.798,1.054,0.05,1.131,0.614,0.076,-0.623,0.227,-0.059,0.239,-1.966,1.732,1.963,0.947,-0.245,2.288,2.593,1.51,0.643,1.62,1.207,0.81,0.111,0.961,0.675,2.684,2.812,3.546,3.715,0.279,0.382,-0.017,0.214,-0.154,-0.027
2022-08-03,CTD2,4181518,693105,0.014598804,0.019617533,0.021558657,0.0047205393,0.0031262308,0.00079089584,0.00079819636,0.00031418935,0.014617322,0.019547733,0.021569747,0.0048425547,0.003224187,0.000783748,0.072114736,-8.000000000000001e-45,0.389,-0.147,17.524,-0.192,22.114,0.511,-143.341,0.647,-251.375,-0.047,4.59,0.612,-160.865,0.725,-268.899,0.641,-165.455,0.747,-273.489,0.203,-108.034,0.378,0.083,0.055,0.434,0.104,0.069,-2.812,-3.09,-0.448,-4.931,-5.419,-1.187,0.067,0.022,0.014,-2.348,-3.468,-0.503,-3.926,-5.797,-1.269,-2.415,-3.246,-0.517,-3.993,-5.365,-1.291,-1.577,-2.119,-2.329,-0.191,-0.203,-0.64,-0.286,-0.306,-0.887,0.24,0.434,0.4,0.279,0.471,0.437,-0.1,-0.11,-0.247,0.412,0.84,0.603,0.456,0.854,0.628,0.492,0.95,0.74,0.539,0.954,0.757,0.047,0.044,0.039,-3.823,-6.152,0.525,-0.766,0.599,0.082,-3.479,-5.598,0.437,-0.833,0.518,0.015,2.183,-3.183,1.994,-3.803,2.933,2.948,3.76,0.514,3.571,0.103,4.429,4.451,-3.223,-5.552,1.125,-0.166,1.199,0.682,0.587,-0.6,0.696,0.248,2.679,-2.74,3.942,4.011,4.798,1.708,5.952,6.056,1.236,-0.033,1.317,0.814,0.776,-0.411,0.885,0.437,4.353,4.408,6.573,6.655,0.164,0.178,0.026,0.096,0.005,0.06,-0.144,17.255,-0.192,22.051,0.502,-138.091,0.639,-241.744,-0.049,4.796,0.603,-155.346,0.717,-258.999,0.633,-160.141,0.74,-263.794,0.201,-103.653,0.372,0.084,0.056,0.431,0.107,0.071,-2.699,-2.979,-0.445,-4.726,-5.214,-1.171,0.07,0.023,0.015,-2.271,-3.351,-0.501,-3.786,-5.587,-1.254,-2.341,-3.13,-0.516,-3.856,-5.157,-1.277,-1.515,-2.026,-2.236,-0.187,-0.199,-0.611,-0.285,-0.305,-0.862,0.238,0.429,0.394,0.277,0.467,0.431,-0.104,-0.113,-0.251,0.406,0.824,0.593,0.451,0.839,0.618,0.49,0.938,0.735,0.537,0.943,0.752,0.047,0.045,0.039,-3.706,-5.942,0.523,-0.754,0.598,0.082,-3.359,-5.385,0.43,-0.824,0.513,0.012,2.112,-3.044,1.915,-3.671,2.854,2.869,3.627,0.497,3.43,0.079,4.286,4.309,-3.117,-5.353,1.113,-0.165,1.188,0.671,0.575,-0.596,0.686,0.24,2.561,-2.653,3.816,3.887,4.587,1.609,5.732,5.838,1.228,-0.026,1.311,0.81,0.772,-0.399,0.883,0.438,4.234,4.289,6.359,6.442,0.166,0.182,0.027,0.098,0.004,0.06
2022-08-03,CTD3,4181698,695238,0.010565701,0.013924675,0.018151805,0.0044890908,0.0036537924,0.00087086257,0.0008811649,0.00034140376,0.010602356,0.013766466,0.018286416,0.0046219784,0.00341317,0.00091456226,0.23583405,-8.000000000000001e-45,0.391,-0.137,22.831,-0.264,39.555,0.404,-128.116,0.486,-179.042,-0.132,16.724,0.512,-150.947,0.584,-201.873,0.603,-167.671,0.665,-218.597,0.103,-50.926,0.414,0.102,0.083,0.551,0.178,0.145,-1.784,-2.326,-0.468,-2.493,-3.25,-0.804,0.177,0.075,0.061,-1.595,-2.74,-0.552,-2.133,-3.664,-0.906,-1.772,-2.335,-0.613,-2.31,-3.044,-0.981,-0.538,-0.709,-0.924,-0.148,-0.154,-0.413,-0.412,-0.432,-0.932,0.189,0.346,0.279,0.215,0.375,0.305,-0.281,-0.297,-0.519,0.329,0.664,0.433,0.358,0.682,0.454,0.558,0.961,0.777,0.592,0.963,0.787,0.034,0.029,0.026,-3.285,-4.209,0.511,-0.47,0.557,-0.055,-2.52,-3.229,0.26,-0.647,0.32,-0.232,1.587,-1.457,1.05,-2.614,2.091,2.152,2.125,-0.21,1.588,-1.152,2.569,2.644,-2.726,-3.65,1.071,0.089,1.117,0.504,0.342,-0.461,0.421,-0.047,1.384,-1.866,2.756,2.901,2.093,-0.233,3.386,3.564,1.396,0.489,1.456,0.904,0.879,0.075,0.958,0.49,3.698,3.781,4.543,4.646,0.162,0.224,-0.023,0.121,-0.099,-0.015,-0.13,21.678,-0.266,39.633,0.393,-122.039,0.513,-198.664,-0.141,17.955,0.497,-143.717,0.603,-220.342,0.596,-161.672,0.685,-238.297,0.15,-76.625,0.396,0.1,0.074,0.546,0.183,0.135,-1.68,-2.232,-0.417,-2.735,-3.633,-0.918,0.19,0.083,0.061,-1.524,-2.628,-0.491,-2.336,-4.029,-1.018,-1.714,-2.226,-0.552,-2.527,-3.281,-1.101,-0.812,-1.055,-1.401,-0.138,-0.146,-0.394,-0.418,-0.447,-0.956,0.187,0.348,0.276,0.224,0.391,0.314,-0.297,-0.322,-0.563,0.317,0.652,0.421,0.358,0.68,0.452,0.561,0.975,0.795,0.61,0.977,0.809,0.05,0.042,0.038,-3.186,-4.587,0.517,-0.584,0.584,0.032,-2.399,-3.454,0.244,-0.774,0.332,-0.159,1.541,-1.739,0.966,-3.064,2.046,2.107,2.353,0.128,1.778,-0.85,2.771,2.854,-2.658,-4.059,1.046,-0.056,1.112,0.56,0.317,-0.601,0.431,0.014,1.254,-2.379,2.657,2.792,2.309,0.077,3.597,3.781,1.389,0.371,1.477,0.986,0.892,-0.026,1.006,0.59,3.634,3.708,4.922,5.022,0.188,0.249,0.014,0.149,-0.069,0.005
2022-08-03,CTD4,4180266,698264,0.017520206,0.02150885,0.025623742,0.0094607435,0.007218964,0.0020115701,0.0020553416,0.00081299205,0.017323209,0.021464998,0.025570462,0.009404055,0.007068422,0.0019498547,0.17436258,-8.000000000000001e-45,0.381,-0.102,10.584,-0.188,18.051,0.299,-48.623,0.416,-81.447,-0.087,7.466,0.389,-59.207,0.497,-92.032,0.461,-66.674,0.56,-99.498,0.134,-32.824,0.271,0.1,0.076,0.388,0.171,0.13,-1.046,-1.246,-0.351,-1.752,-2.087,-0.771,0.131,0.071,0.054,-1.037,-1.517,-0.427,-1.612,-2.358,-0.871,-1.168,-1.434,-0.481,-1.743,-2.14,-0.941,-0.575,-0.706,-0.841,-0.114,-0.121,-0.239,-0.262,-0.282,-0.486,0.171,0.281,0.245,0.219,0.333,0.294,-0.153,-0.166,-0.247,0.279,0.487,0.367,0.331,0.53,0.407,0.414,0.653,0.563,0.472,0.682,0.594,0.057,0.052,0.048,-1.894,-2.735,0.445,-0.496,0.533,0.052,-1.59,-2.296,0.244,-0.627,0.348,-0.079,1.012,-1.128,0.661,-1.698,1.516,1.57,1.588,0.153,1.236,-0.281,1.987,2.058,-1.481,-2.322,0.858,-0.083,0.946,0.465,0.299,-0.471,0.427,0.076,0.811,-1.276,1.861,1.992,1.517,0.271,2.44,2.61,1.023,0.152,1.127,0.699,0.651,-0.119,0.779,0.428,2.296,2.373,3.01,3.11,0.204,0.258,0.028,0.158,-0.043,0.034,-0.107,11.139,-0.192,18.618,0.296,-48.611,0.42,-83.748,-0.087,7.48,0.391,-59.75,0.505,-94.887,0.462,-67.229,0.567,-102.367,0.142,-35.137,0.285,0.105,0.079,0.4,0.175,0.132,-1.043,-1.243,-0.344,-1.798,-2.141,-0.788,0.13,0.07,0.053,-1.035,-1.528,-0.422,-1.644,-2.426,-0.892,-1.165,-1.443,-0.475,-1.773,-2.197,-0.963,-0.609,-0.754,-0.898,-0.118,-0.127,-0.251,-0.267,-0.289,-0.501,0.168,0.278,0.243,0.218,0.332,0.293,-0.154,-0.168,-0.249,0.281,0.494,0.37,0.336,0.539,0.412,0.417,0.663,0.567,0.477,0.692,0.599,0.06,0.054,0.05,-1.912,-2.811,0.439,-0.523,0.531,0.055,-1.605,-2.359,0.239,-0.653,0.348,-0.074,1.003,-1.195,0.651,-1.775,1.513,1.566,1.611,0.168,1.26,-0.268,2.013,2.083,-1.48,-2.378,0.871,-0.091,0.963,0.487,0.297,-0.491,0.431,0.088,0.806,-1.335,1.874,2.006,1.561,0.318,2.494,2.669,1.038,0.146,1.147,0.724,0.648,-0.139,0.783,0.44,2.311,2.39,3.075,3.179,0.214,0.266,0.03,0.162,-0.04,0.038
2022-08-03,CTD6,4176009,695829,0.0144255115,0.019062022,0.022925474,0.007278413,0.0046949983,0.0012587315,0.0012595758,0.00051181234,0.014418396,0.019054333,0.022909736,0.0073901904,0.004928077,0.0012123585,0.055483606,-8.000000000000001e-45,0.488,-0.138,16.861,-0.228,25.702,0.329,-68.071,0.509,-143.671,-0.092,8.841,0.447,-84.932,0.605,-160.532,0.518,-93.773,0.66,-169.373,0.216,-75.6,0.387,0.123,0.079,0.49,0.187,0.121,-1.298,-1.561,-0.32,-2.739,-3.294,-1.046,0.128,0.064,0.042,-1.225,-1.947,-0.399,-2.316,-3.68,-1.168,-1.353,-1.788,-0.44,-2.443,-3.229,-1.233,-1.091,-1.441,-1.733,-0.154,-0.168,-0.387,-0.323,-0.358,-0.71,0.17,0.301,0.259,0.232,0.369,0.322,-0.178,-0.202,-0.323,0.315,0.616,0.427,0.385,0.662,0.476,0.467,0.818,0.659,0.544,0.84,0.692,0.077,0.069,0.062,-2.393,-4.126,0.439,-0.793,0.552,0.112,-1.99,-3.431,0.247,-0.921,0.383,-0.016,1.15,-2.078,0.779,-2.901,1.736,1.777,2.241,0.454,1.87,-0.077,2.691,2.755,-1.828,-3.562,1.004,-0.229,1.117,0.676,0.327,-0.719,0.506,0.186,1.03,-2.264,2.294,2.414,2.471,0.91,3.556,3.743,1.207,0.039,1.343,0.944,0.698,-0.348,0.877,0.558,2.824,2.903,4.378,4.501,0.258,0.3,0.056,0.177,-0.008,0.071,-0.138,16.874,-0.227,25.706,0.322,-65.959,0.491,-133.563,-0.092,8.832,0.441,-82.833,0.589,-150.437,0.512,-91.665,0.646,-159.269,0.2,-67.604,0.387,0.125,0.083,0.49,0.19,0.127,-1.257,-1.511,-0.325,-2.545,-3.06,-0.987,0.127,0.065,0.044,-1.194,-1.898,-0.408,-2.169,-3.446,-1.112,-1.322,-1.747,-0.452,-2.296,-3.035,-1.177,-0.975,-1.288,-1.549,-0.153,-0.167,-0.376,-0.321,-0.354,-0.689,0.167,0.293,0.252,0.226,0.359,0.313,-0.177,-0.199,-0.313,0.312,0.603,0.419,0.378,0.648,0.466,0.464,0.802,0.647,0.537,0.825,0.68,0.074,0.066,0.059,-2.343,-3.892,0.434,-0.743,0.542,0.09,-1.949,-3.237,0.242,-0.87,0.371,-0.037,1.119,-1.915,0.749,-2.698,1.692,1.736,2.094,0.347,1.723,-0.174,2.538,2.603,-1.778,-3.327,0.999,-0.178,1.106,0.655,0.319,-0.668,0.49,0.165,0.989,-2.07,2.237,2.363,2.278,0.766,3.354,3.544,1.201,0.089,1.33,0.922,0.69,-0.297,0.861,0.535,2.758,2.841,4.136,4.261,0.254,0.297,0.046,0.173,-0.019,0.064
2022-08-03,CTD7,4176724,690397,0.029622782,0.04384071,0.053406276,0.013928829,0.008082069,0.0020638208,0.0020661792,0.00083087845,0.02983732,0.043526653,0.053821545,0.014207061,0.008717688,0.0018673597,0.001723026,-8.000000000000001e-45,0.434,-0.194,10.948,-0.286,15.033,0.36,-38.036,0.571,-89.973,-0.098,4.085,0.518,-48.984,0.689,-100.921,0.586,-53.069,0.737,-105.006,0.266,-51.937,0.585,0.152,0.088,0.659,0.209,0.122,-1.668,-2.031,-0.307,-3.944,-4.805,-1.253,0.121,0.057,0.033,-1.451,-2.616,-0.396,-2.99,-5.39,-1.406,-1.572,-2.327,-0.429,-3.111,-4.604,-1.463,-1.539,-2.277,-2.774,-0.211,-0.231,-0.646,-0.412,-0.458,-1.081,0.161,0.302,0.255,0.222,0.373,0.32,-0.22,-0.254,-0.435,0.36,0.793,0.486,0.431,0.821,0.531,0.537,1.047,0.76,0.617,1.041,0.785,0.08,0.07,0.06,-3.159,-5.932,0.415,-1.048,0.524,0.095,-2.593,-4.87,0.237,-1.169,0.37,-0.026,1.306,-3.298,0.909,-4.481,1.942,1.975,2.844,0.518,2.447,-0.169,3.348,3.404,-2.354,-5.128,1.219,-0.243,1.329,0.9,0.351,-0.903,0.548,0.241,1.345,-3.461,2.875,2.996,3.622,1.59,4.954,5.164,1.485,0.079,1.619,1.223,0.748,-0.505,0.945,0.638,3.561,3.65,6.138,6.29,0.286,0.319,0.045,0.166,-0.012,0.076,-0.187,10.541,-0.287,14.935,0.355,-36.872,0.548,-81.194,-0.106,4.395,0.508,-47.413,0.666,-91.735,0.582,-51.808,0.721,-96.129,0.239,-44.322,0.567,0.15,0.092,0.65,0.212,0.13,-1.605,-1.985,-0.321,-3.534,-4.37,-1.154,0.131,0.062,0.038,-1.415,-2.552,-0.413,-2.737,-4.937,-1.303,-1.546,-2.255,-0.452,-2.868,-4.184,-1.366,-1.322,-1.929,-2.385,-0.201,-0.219,-0.597,-0.415,-0.459,-1.046,0.161,0.299,0.25,0.217,0.366,0.31,-0.234,-0.267,-0.449,0.35,0.76,0.469,0.416,0.79,0.512,0.54,1.027,0.758,0.615,1.024,0.781,0.075,0.066,0.056,-3.103,-5.488,0.422,-0.944,0.524,0.072,-2.509,-4.439,0.228,-1.075,0.354,-0.059,1.291,-2.893,0.864,-4.074,1.9,1.938,2.614,0.359,2.186,-0.366,3.096,3.159,-2.33,-4.715,1.195,-0.171,1.297,0.845,0.333,-0.821,0.517,0.195,1.26,-3.11,2.772,2.902,3.189,1.205,4.517,4.729,1.477,0.174,1.604,1.19,0.76,-0.393,0.944,0.623,3.496,3.588,5.698,5.847,0.276,0.314,0.034,0.164,-0.028,0.064
2022-08-03,CTD8,4174178,693048,0.018753178,0.02672501,0.036033858,0.014025722,0.009308154,0.0024114214,0.0024492084,0.00097038574,0.018617643,0.02688534,0.035998963,0.014160979,0.009638846,0.0022540241,0.07352272,-8.000000000000001e-45,0.52,-0.175,15.906,-0.315,25.573,0.144,-17.973,0.337,-54.108,-0.148,9.666,0.312,-33.879,0.483,-70.015,0.44,-43.546,0.589,-79.681,0.202,-36.135,0.573,0.223,0.148,0.683,0.359,0.238,-0.48,-0.648,-0.167,-1.446,-1.95,-0.759,0.181,0.136,0.09,-0.635,-1.221,-0.315,-1.313,-2.523,-0.982,-0.817,-1.164,-0.405,-1.494,-2.129,-1.118,-0.678,-0.966,-1.302,-0.159,-0.176,-0.342,-0.424,-0.48,-0.741,0.075,0.131,0.104,0.15,0.232,0.189,-0.284,-0.332,-0.399,0.232,0.453,0.28,0.318,0.531,0.348,0.484,0.784,0.611,0.588,0.815,0.656,0.104,0.086,0.075,-1.867,-3.17,0.312,-0.805,0.443,0.038,-1.385,-2.351,-0.004,-0.986,0.172,-0.143,0.595,-1.534,-0.011,-2.534,0.989,1.079,1.273,0.109,0.666,-0.554,1.49,1.625,-1.144,-2.446,1.036,-0.082,1.167,0.761,-0.006,-0.765,0.245,0.078,-0.016,-1.966,1.409,1.647,0.95,0.302,2.123,2.482,1.397,0.415,1.573,1.258,0.6,-0.159,0.852,0.685,2.073,2.221,3.123,3.346,0.4,0.49,0.028,0.266,-0.107,0.041,-0.182,16.518,-0.318,25.934,0.136,-16.904,0.318,-50.034,-0.145,9.416,0.31,-33.422,0.472,-66.552,0.435,-42.838,0.578,-75.968,0.19,-33.13,0.595,0.234,0.159,0.697,0.367,0.25,-0.454,-0.609,-0.163,-1.345,-1.801,-0.709,0.175,0.133,0.091,-0.622,-1.203,-0.322,-1.239,-2.396,-0.942,-0.798,-1.152,-0.413,-1.414,-2.042,-1.076,-0.617,-0.891,-1.193,-0.165,-0.181,-0.347,-0.423,-0.476,-0.73,0.071,0.122,0.098,0.143,0.219,0.179,-0.278,-0.323,-0.383,0.233,0.45,0.279,0.316,0.526,0.344,0.48,0.773,0.598,0.579,0.804,0.642,0.099,0.083,0.072,-1.85,-3.042,0.299,-0.777,0.425,0.012,-1.381,-2.272,-0.01,-0.952,0.159,-0.163,0.568,-1.475,-0.024,-2.42,0.956,1.047,1.185,0.033,0.593,-0.611,1.405,1.538,-1.098,-2.291,1.051,-0.025,1.176,0.763,-0.014,-0.722,0.229,0.066,-0.035,-1.836,1.381,1.631,0.856,0.247,2.029,2.396,1.407,0.464,1.575,1.253,0.578,-0.13,0.821,0.658,2.024,2.184,2.974,3.208,0.402,0.493,0.009,0.259,-0.124,0.035
2022-08-03,CTD10,4170388,695646,0.012565436,0.017941691,0.024624988,0.006917032,0.0052595763,0.0012974618,0.0012840878,0.0005068762,0.012629906,0.017815644,0.024719562,0.0070984056,0.0050575677,0.0013181509,0.15159577,-8.000000000000001e-45,0.496,-0.176,23.847,-0.324,38.974,0.29,-64.987,0.41,-110.546,-0.157,15.127,0.443,-88.835,0.547,-134.393,0.561,-103.962,0.648,-149.52,0.136,-45.559,0.587,0.165,0.125,0.699,0.27,0.205,-1.166,-1.6,-0.342,-1.983,-2.722,-0.765,0.19,0.105,0.08,-1.116,-2.188,-0.467,-1.689,-3.309,-0.93,-1.306,-1.865,-0.547,-1.879,-2.683,-1.034,-0.572,-0.817,-1.122,-0.17,-0.18,-0.442,-0.485,-0.52,-0.99,0.133,0.243,0.189,0.172,0.294,0.232,-0.343,-0.375,-0.549,0.296,0.618,0.369,0.341,0.651,0.402,0.58,0.993,0.763,0.635,0.994,0.779,0.054,0.045,0.039,-2.86,-3.982,0.419,-0.615,0.487,-0.06,-2.084,-2.901,0.125,-0.805,0.217,-0.25,1.088,-1.595,0.444,-2.865,1.523,1.603,1.66,-0.205,1.017,-1.171,2.004,2.108,-2.132,-3.254,1.147,0.113,1.214,0.667,0.178,-0.587,0.31,-0.032,0.634,-2.088,2.175,2.38,1.452,-0.149,2.861,3.13,1.574,0.645,1.667,1.199,0.822,0.057,0.954,0.612,3.141,3.267,4.131,4.296,0.257,0.337,-0.033,0.172,-0.138,-0.012,-0.17,23.047,-0.324,38.723,0.28,-61.7,0.428,-118.546,-0.162,15.677,0.43,-84.746,0.558,-141.593,0.554,-100.423,0.66,-157.27,0.168,-56.847,0.57,0.164,0.117,0.69,0.275,0.196,-1.099,-1.525,-0.312,-2.112,-2.93,-0.841,0.198,0.111,0.079,-1.07,-2.095,-0.429,-1.788,-3.5,-1.005,-1.268,-1.789,-0.508,-1.986,-2.802,-1.116,-0.718,-1.013,-1.405,-0.163,-0.174,-0.427,-0.485,-0.529,-0.995,0.13,0.242,0.186,0.178,0.304,0.238,-0.35,-0.39,-0.568,0.287,0.606,0.36,0.342,0.647,0.401,0.579,0.996,0.77,0.646,0.997,0.789,0.067,0.055,0.048,-2.773,-4.179,0.422,-0.695,0.504,-0.004,-1.999,-3.012,0.112,-0.893,0.227,-0.202,1.059,-1.743,0.392,-3.108,1.495,1.575,1.777,-0.013,1.11,-0.985,2.099,2.21,-2.072,-3.477,1.123,0.007,1.206,0.698,0.159,-0.683,0.32,0.008,0.553,-2.378,2.109,2.305,1.565,0.04,2.961,3.235,1.559,0.554,1.673,1.245,0.825,-0.016,0.987,0.675,3.082,3.199,4.326,4.489,0.278,0.357,-0.002,0.194,-0.113,0.003
2022-08-03,CTD11,4169609,700351,0.009407718,0.012038795,0.016690988,0.0049019754,0.0036765977,0.00095594145,0.0009306975,0.00037552425,0.009449623,0.01192338,0.01662835,0.004930816,0.0035966425,0.0009782262,0.34535816,-8.000000000000001e-45,0.505,-0.123,23.231,-0.279,46.383,0.315,-97.704,0.438,-165.695,-0.162,23.152,0.421,-120.935,0.532,-188.926,0.546,-144.087,0.639,-212.078,0.143,-67.991,0.388,0.114,0.085,0.558,0.227,0.171,-1.176,-1.631,-0.359,-1.995,-2.766,-0.812,0.218,0.113,0.085,-1.138,-2.019,-0.445,-1.777,-3.153,-0.926,-1.356,-1.735,-0.53,-1.995,-2.553,-1.04,-0.64,-0.819,-1.135,-0.122,-0.129,-0.307,-0.43,-0.463,-0.849,0.157,0.287,0.221,0.199,0.338,0.265,-0.325,-0.356,-0.542,0.273,0.545,0.35,0.32,0.584,0.387,0.55,0.901,0.75,0.607,0.909,0.768,0.057,0.047,0.043,-2.624,-3.758,0.488,-0.552,0.561,0.031,-1.892,-2.711,0.156,-0.77,0.258,-0.186,1.198,-1.355,0.533,-2.621,1.614,1.699,1.838,0.103,1.172,-0.846,2.152,2.265,-2.125,-3.26,0.986,-0.054,1.059,0.53,0.2,-0.612,0.33,-0.029,0.682,-2.084,2.065,2.236,1.5,-0.131,2.753,2.981,1.367,0.441,1.469,1.024,0.865,0.053,0.996,0.636,3.014,3.1,4.019,4.133,0.216,0.301,0.016,0.187,-0.097,-0.012,-0.116,21.955,-0.275,45.686,0.314,-96.982,0.449,-172.213,-0.165,23.731,0.415,-118.937,0.537,-194.168,0.543,-142.668,0.644,-217.899,0.156,-75.231,0.365,0.108,0.079,0.545,0.225,0.164,-1.156,-1.613,-0.349,-2.053,-2.864,-0.849,0.224,0.117,0.085,-1.124,-1.978,-0.428,-1.835,-3.229,-0.957,-1.348,-1.701,-0.513,-2.059,-2.598,-1.074,-0.711,-0.897,-1.251,-0.115,-0.122,-0.29,-0.426,-0.463,-0.842,0.158,0.291,0.223,0.205,0.347,0.271,-0.327,-0.361,-0.552,0.268,0.536,0.346,0.319,0.579,0.386,0.547,0.897,0.754,0.61,0.906,0.773,0.062,0.051,0.047,-2.58,-3.831,0.496,-0.578,0.576,0.063,-1.85,-2.747,0.155,-0.803,0.267,-0.161,1.199,-1.399,0.522,-2.707,1.615,1.7,1.91,0.209,1.233,-0.745,2.214,2.331,-2.111,-3.362,0.965,-0.109,1.045,0.532,0.195,-0.654,0.336,-0.012,0.658,-2.205,2.038,2.202,1.555,-0.057,2.793,3.019,1.346,0.389,1.458,1.03,0.873,0.024,1.014,0.665,2.992,3.071,4.101,4.21,0.22,0.306,0.033,0.197,-0.084,-0.005
2022-08-03,CTD12,4173438,695414,0.029362023,0.0390196,0.04714147,0.018148495,0.011966952,0.0031687699,0.003208678,0.0012664469,0.028976912,0.039145052,0.047271837,0.018359888,0.01232277,0.0028612164,0.09692366,-8.000000000000001e-45,0.507,-0.141,8.429,-0.232,12.845,0.236,-21.043,0.421,-49.506,-0.094,4.415,0.365,-29.473,0.531,-57.935,0.444,-33.888,0.595,-62.351,0.205,-28.462,0.397,0.153,0.101,0.501,0.233,0.154,-0.821,-0.992,-0.252,-1.932,-2.334,-0.898,0.13,0.08,0.053,-0.865,-1.389,-0.353,-1.701,-2.731,-1.051,-0.995,-1.322,-0.406,-1.831,-2.433,-1.132,-0.836,-1.111,-1.342,-0.148,-0.163,-0.321,-0.311,-0.349,-0.59,0.13,0.22,0.19,0.202,0.304,0.266,-0.171,-0.197,-0.27,0.273,0.505,0.353,0.354,0.569,0.414,0.424,0.702,0.569,0.514,0.74,0.615,0.09,0.081,0.072,-1.845,-3.187,0.368,-0.764,0.499,0.093,-1.527,-2.638,0.158,-0.894,0.316,-0.037,0.79,-1.643,0.41,-2.321,1.311,1.364,1.626,0.304,1.245,-0.144,1.988,2.069,-1.269,-2.61,0.944,-0.188,1.075,0.67,0.21,-0.689,0.42,0.168,0.544,-1.789,1.742,1.896,1.655,0.663,2.643,2.876,1.14,0.089,1.299,0.946,0.59,-0.308,0.801,0.549,2.19,2.291,3.321,3.474,0.311,0.364,0.058,0.211,-0.023,0.078,-0.149,8.964,-0.24,13.356,0.224,-19.956,0.403,-46.64,-0.094,4.392,0.361,-28.921,0.521,-55.605,0.441,-33.312,0.586,-59.996,0.197,-26.684,0.424,0.165,0.11,0.523,0.245,0.165,-0.781,-0.943,-0.246,-1.826,-2.205,-0.856,0.127,0.081,0.054,-0.838,-1.367,-0.356,-1.611,-2.629,-1.021,-0.965,-1.304,-0.411,-1.739,-2.349,-1.102,-0.773,-1.045,-1.261,-0.155,-0.171,-0.331,-0.318,-0.355,-0.596,0.123,0.206,0.178,0.193,0.29,0.254,-0.172,-0.197,-0.265,0.273,0.503,0.349,0.352,0.567,0.409,0.424,0.7,0.562,0.513,0.738,0.608,0.089,0.079,0.07,-1.834,-3.096,0.352,-0.75,0.48,0.069,-1.519,-2.564,0.144,-0.877,0.298,-0.058,0.75,-1.598,0.371,-2.258,1.263,1.318,1.523,0.219,1.144,-0.223,1.882,1.963,-1.224,-2.485,0.963,-0.139,1.09,0.68,0.194,-0.662,0.403,0.157,0.501,-1.704,1.707,1.871,1.545,0.602,2.543,2.788,1.162,0.141,1.317,0.96,0.574,-0.282,0.782,0.536,2.149,2.26,3.203,3.367,0.319,0.373,0.044,0.208,-0.037,0.074
2022-09-07,CTD1,4187246,695025,0.009013473,0.012103824,0.021925401,0.00814267,0.008395979,0.0022323916,0.0021101427,0.0008417357,0.009021884,0.011680481,0.022303607,0.008439422,0.007466322,0.0023396965,0.85709137,-8.000000000000001e-45,0.523,-0.146,28.327,-0.417,65.336,0.051,-11.865,0.035,-8.16,-0.289,37.009,0.196,-40.191,0.181,-36.486,0.458,-77.201,0.446,-73.495,-0.015,3.705,0.621,0.231,0.238,0.791,0.532,0.549,-0.144,-0.26,-0.1,-0.099,-0.179,-0.066,0.334,0.301,0.311,-0.362,-0.881,-0.337,-0.329,-0.8,-0.297,-0.696,-0.934,-0.648,-0.662,-0.89,-0.598,0.033,0.045,0.081,-0.103,-0.102,-0.187,-0.638,-0.63,-0.781,0.026,0.042,0.029,0.018,0.03,0.021,-0.572,-0.564,-0.594,0.128,0.228,0.131,0.12,0.216,0.123,0.653,0.792,0.672,0.641,0.789,0.668,-0.012,-0.008,-0.007,-1.948,-1.867,0.373,-0.225,0.362,-0.286,-1.075,-1.031,-0.262,-0.559,-0.283,-0.62,0.555,-0.335,-0.705,-1.504,0.413,0.724,0.522,-0.413,-0.738,-1.619,0.401,0.702,-1.35,-1.269,0.971,0.373,0.96,0.312,-0.351,-0.418,-0.379,-0.479,-0.946,-1.125,0.555,1.104,-0.991,-1.251,0.538,1.07,1.76,1.463,1.739,1.401,0.908,0.842,0.88,0.78,1.761,1.999,1.708,1.939,0.21,0.52,-0.259,0.29,-0.56,-0.322,-0.128,25.229,-0.424,66.006,0.033,-7.65,0.094,-23.093,-0.313,40.777,0.161,-32.879,0.22,-48.322,0.451,-73.656,0.498,-89.099,0.061,-15.443,0.563,0.213,0.188,0.771,0.557,0.493,-0.089,-0.171,-0.057,-0.27,-0.515,-0.195,0.368,0.344,0.304,-0.297,-0.733,-0.245,-0.436,-1.078,-0.408,-0.665,-0.86,-0.55,-0.804,-1.041,-0.752,-0.139,-0.18,-0.344,-0.086,-0.089,-0.167,-0.66,-0.694,-0.835,0.017,0.03,0.02,0.046,0.077,0.051,-0.608,-0.644,-0.668,0.103,0.197,0.109,0.135,0.241,0.137,0.67,0.841,0.724,0.717,0.85,0.737,0.047,0.031,0.029,-1.87,-2.215,0.394,-0.358,0.438,-0.112,-0.98,-1.16,-0.318,-0.726,-0.235,-0.48,0.545,-0.495,-0.84,-1.918,0.43,0.734,0.685,-0.176,-0.701,-1.434,0.486,0.83,-1.348,-1.693,0.916,0.164,0.96,0.41,-0.412,-0.607,-0.304,-0.361,-1.088,-1.603,0.556,1.049,-0.908,-1.078,0.629,1.186,1.75,1.342,1.833,1.587,0.974,0.779,1.082,1.025,1.815,2.004,2.052,2.265,0.296,0.601,-0.105,0.388,-0.449,-0.261
2022-09-07,CTD2,4181518,693105,0.0076833996,0.01102849,0.014953642,0.00333564,0.0025507477,0.0005813289,0.0005832522,0.0002350039,0.0077247126,0.010910495,0.015071302,0.0033857268,0.0023627481,0.00061424926,0.18579733,-8.000000000000001e-45,0.365,-0.179,39.476,-0.321,63.277,0.395,-169.642,0.502,-261.891,-0.151,23.801,0.536,-209.118,0.624,-301.368,0.635,-232.919,0.709,-325.169,0.133,-92.249,0.59,0.132,0.101,0.698,0.211,0.161,-1.871,-2.537,-0.433,-2.888,-3.916,-0.874,0.183,0.079,0.061,-1.607,-3.127,-0.533,-2.316,-4.507,-1.005,-1.79,-2.569,-0.594,-2.498,-3.586,-1.085,-0.709,-1.017,-1.379,-0.183,-0.191,-0.568,-0.506,-0.535,-1.235,0.167,0.32,0.248,0.198,0.357,0.281,-0.356,-0.384,-0.667,0.34,0.752,0.439,0.375,0.769,0.464,0.621,1.135,0.856,0.663,1.126,0.863,0.042,0.035,0.03,-3.786,-5.166,0.474,-0.611,0.526,-0.068,-2.792,-3.81,0.211,-0.794,0.283,-0.251,1.566,-2.02,0.948,-3.559,2.072,2.133,2.275,-0.294,1.656,-1.471,2.71,2.789,-3.048,-4.427,1.212,0.128,1.265,0.671,0.303,-0.57,0.406,-0.027,1.36,-2.556,2.974,3.136,2.377,-0.159,3.889,4.101,1.644,0.639,1.715,1.182,0.922,0.048,1.024,0.591,4.151,4.252,5.428,5.56,0.203,0.264,-0.03,0.132,-0.109,-0.008,-0.171,37.8,-0.322,63.103,0.391,-165.903,0.532,-293.781,-0.16,25.304,0.526,-203.703,0.644,-331.581,0.633,-229.006,0.729,-356.885,0.178,-127.878,0.57,0.128,0.089,0.688,0.214,0.149,-1.81,-2.5,-0.392,-3.205,-4.428,-0.995,0.195,0.086,0.06,-1.574,-3.07,-0.481,-2.561,-4.997,-1.123,-1.769,-2.499,-0.541,-2.757,-3.894,-1.208,-0.988,-1.395,-1.927,-0.173,-0.183,-0.554,-0.514,-0.553,-1.278,0.167,0.327,0.249,0.206,0.375,0.291,-0.374,-0.412,-0.724,0.33,0.746,0.432,0.375,0.769,0.463,0.627,1.158,0.88,0.682,1.144,0.889,0.055,0.045,0.039,-3.743,-5.671,0.483,-0.725,0.551,0.01,-2.71,-4.105,0.202,-0.92,0.296,-0.185,1.558,-2.336,0.9,-4.097,2.065,2.125,2.545,0.047,1.888,-1.182,2.959,3.045,-3.039,-4.966,1.188,-0.021,1.256,0.715,0.286,-0.709,0.418,0.026,1.271,-3.156,2.917,3.066,2.667,0.166,4.179,4.393,1.641,0.518,1.734,1.253,0.943,-0.052,1.075,0.684,4.146,4.235,5.94,6.068,0.222,0.282,0.004,0.154,-0.081,0.008
2022-09-07,CTD3,4181698,695238,0.009436132,0.013649442,0.018907674,0.0040248623,0.0029741866,0.0007084877,0.00072905165,0.00028536608,0.009455072,0.013434458,0.018948283,0.004137898,0.002884971,0.00072697154,0.19805324,-8.000000000000001e-45,0.355,-0.183,32.713,-0.334,53.087,0.402,-142.48,0.521,-230.251,-0.162,20.374,0.545,-175.193,0.642,-262.963,0.649,-195.567,0.728,-283.338,0.15,-87.771,0.619,0.132,0.097,0.725,0.214,0.158,-1.945,-2.694,-0.424,-3.143,-4.354,-0.927,0.192,0.082,0.061,-1.653,-3.312,-0.521,-2.481,-4.972,-1.058,-1.845,-2.669,-0.582,-2.674,-3.867,-1.14,-0.828,-1.198,-1.66,-0.184,-0.193,-0.602,-0.536,-0.57,-1.353,0.166,0.326,0.247,0.198,0.366,0.282,-0.391,-0.424,-0.751,0.34,0.776,0.44,0.377,0.793,0.466,0.645,1.199,0.895,0.69,1.184,0.902,0.046,0.037,0.032,-4.006,-5.666,0.478,-0.662,0.534,-0.048,-2.892,-4.09,0.204,-0.854,0.281,-0.24,1.623,-2.245,0.959,-4.013,2.127,2.187,2.451,-0.219,1.787,-1.525,2.878,2.96,-3.251,-4.911,1.234,0.093,1.289,0.708,0.295,-0.631,0.407,-0.017,1.388,-2.966,3.076,3.234,2.586,-0.108,4.163,4.376,1.709,0.65,1.786,1.265,0.959,0.032,1.07,0.646,4.383,4.48,5.931,6.062,0.209,0.269,-0.02,0.138,-0.102,-0.005,-0.174,31.328,-0.334,52.988,0.391,-135.905,0.532,-240.861,-0.17,21.66,0.529,-167.233,0.646,-272.188,0.642,-188.893,0.736,-293.849,0.178,-104.955,0.594,0.13,0.09,0.712,0.219,0.153,-1.826,-2.575,-0.392,-3.236,-4.564,-0.997,0.205,0.09,0.062,-1.581,-3.169,-0.482,-2.574,-5.158,-1.126,-1.786,-2.538,-0.545,-2.778,-3.948,-1.216,-0.992,-1.41,-1.989,-0.172,-0.182,-0.567,-0.54,-0.582,-1.352,0.164,0.326,0.244,0.203,0.374,0.285,-0.406,-0.447,-0.785,0.327,0.753,0.426,0.371,0.776,0.457,0.647,1.2,0.908,0.702,1.182,0.914,0.055,0.044,0.039,-3.875,-5.864,0.485,-0.731,0.552,0.007,-2.748,-4.158,0.191,-0.935,0.284,-0.198,1.576,-2.372,0.875,-4.283,2.07,2.133,2.568,0.031,1.867,-1.302,2.969,3.059,-3.158,-5.147,1.202,-0.013,1.269,0.724,0.271,-0.725,0.404,0.012,1.243,-3.321,2.942,3.094,2.653,0.077,4.219,4.438,1.696,0.57,1.789,1.307,0.973,-0.024,1.105,0.713,4.274,4.364,6.13,6.26,0.223,0.285,0.003,0.156,-0.087,0.004
2022-09-07,CTD4,4180266,698264,0.0063758087,0.009343853,0.013093796,0.0039984416,0.0028637855,0.0007335508,0.0007301721,0.00029827628,0.0063931323,0.009352247,0.012954395,0.004073295,0.002884971,0.000739789,0.10453969,-8.000000000000001e-45,0.311,-0.189,49.821,-0.345,80.471,0.229,-93.255,0.38,-192.345,-0.167,30.65,0.401,-143.075,0.531,-242.166,0.532,-173.725,0.641,-272.816,0.165,-99.091,0.652,0.199,0.143,0.752,0.322,0.23,-0.871,-1.221,-0.267,-1.797,-2.519,-0.769,0.195,0.123,0.088,-0.912,-1.873,-0.41,-1.544,-3.171,-0.968,-1.108,-1.623,-0.498,-1.739,-2.549,-1.091,-0.632,-0.926,-1.297,-0.174,-0.186,-0.433,-0.504,-0.55,-0.979,0.106,0.195,0.149,0.157,0.263,0.205,-0.361,-0.406,-0.546,0.275,0.579,0.335,0.333,0.625,0.379,0.579,0.984,0.745,0.651,0.986,0.767,0.072,0.058,0.051,-2.592,-3.89,0.377,-0.714,0.464,-0.034,-1.85,-2.776,0.059,-0.909,0.18,-0.229,0.881,-1.668,0.193,-2.978,1.288,1.376,1.513,-0.111,0.825,-1.048,1.798,1.921,-1.809,-3.107,1.16,0.069,1.247,0.749,0.086,-0.683,0.264,-0.003,0.283,-2.235,1.888,2.118,1.209,-0.012,2.636,2.957,1.626,0.657,1.747,1.337,0.774,0.005,0.952,0.685,2.826,2.968,3.945,4.144,0.321,0.408,-0.021,0.209,-0.144,-0.001,-0.188,49.492,-0.339,79.224,0.222,-89.084,0.378,-190.206,-0.161,29.732,0.393,-138.575,0.528,-239.698,0.522,-168.308,0.636,-269.43,0.171,-101.122,0.641,0.202,0.143,0.741,0.323,0.229,-0.833,-1.154,-0.257,-1.779,-2.464,-0.775,0.19,0.121,0.086,-0.886,-1.795,-0.4,-1.532,-3.105,-0.976,-1.076,-1.574,-0.486,-1.723,-2.52,-1.097,-0.646,-0.946,-1.31,-0.174,-0.187,-0.425,-0.489,-0.536,-0.943,0.104,0.19,0.146,0.157,0.261,0.206,-0.344,-0.388,-0.518,0.273,0.569,0.333,0.334,0.618,0.38,0.564,0.957,0.726,0.64,0.962,0.75,0.075,0.061,0.053,-2.497,-3.807,0.369,-0.728,0.461,-0.025,-1.802,-2.748,0.058,-0.918,0.185,-0.215,0.848,-1.672,0.184,-2.921,1.261,1.347,1.494,-0.08,0.831,-0.964,1.78,1.902,-1.717,-3.027,1.148,0.051,1.24,0.755,0.085,-0.69,0.271,0.014,0.27,-2.194,1.845,2.073,1.215,0.061,2.605,2.927,1.591,0.614,1.718,1.318,0.748,-0.027,0.934,0.677,2.729,2.872,3.853,4.055,0.329,0.414,-0.016,0.213,-0.137,0.006
2022-09-07,CTD6,4176009,695829,0.011679797,0.016406378,0.022917908,0.0061970917,0.004705619,0.0011273475,0.0011422872,0.000442573,0.0116901435,0.016260812,0.023022674,0.0064240214,0.0045157527,0.0011599433,0.1999677,-8.000000000000001e-45,0.288,-0.168,24.666,-0.325,41.984,0.307,-75.748,0.426,-126.894,-0.166,17.318,0.452,-100.414,0.554,-151.56,0.574,-117.732,0.659,-168.878,0.137,-51.146,0.565,0.153,0.116,0.689,0.26,0.198,-1.243,-1.736,-0.356,-2.082,-2.908,-0.786,0.202,0.107,0.081,-1.173,-2.301,-0.473,-1.77,-3.473,-0.939,-1.375,-1.932,-0.554,-1.972,-2.771,-1.047,-0.597,-0.839,-1.172,-0.162,-0.171,-0.434,-0.497,-0.532,-1.031,0.139,0.26,0.198,0.177,0.309,0.24,-0.364,-0.397,-0.597,0.295,0.623,0.37,0.338,0.655,0.402,0.595,1.02,0.792,0.648,1.019,0.806,0.053,0.043,0.038,-2.986,-4.158,0.442,-0.605,0.507,-0.047,-2.138,-2.977,0.132,-0.807,0.223,-0.25,1.169,-1.602,0.488,-2.986,1.598,1.679,1.766,-0.165,1.085,-1.216,2.104,2.212,-2.293,-3.466,1.134,0.088,1.199,0.645,0.185,-0.601,0.313,-0.043,0.685,-2.223,2.245,2.442,1.524,-0.212,2.956,3.216,1.584,0.645,1.675,1.203,0.866,0.08,0.994,0.638,3.295,3.411,4.34,4.493,0.244,0.325,-0.025,0.172,-0.132,-0.016,-0.164,24.045,-0.326,42.107,0.291,-70.124,0.443,-135.905,-0.172,18.062,0.434,-94.168,0.565,-159.949,0.564,-112.23,0.672,-178.012,0.174,-65.781,0.554,0.154,0.109,0.685,0.27,0.19,-1.14,-1.614,-0.317,-2.21,-3.129,-0.873,0.211,0.116,0.082,-1.101,-2.168,-0.425,-1.87,-3.682,-1.028,-1.312,-1.825,-0.507,-2.081,-2.895,-1.144,-0.769,-1.07,-1.514,-0.155,-0.166,-0.418,-0.5,-0.545,-1.036,0.134,0.253,0.191,0.183,0.316,0.244,-0.373,-0.417,-0.618,0.283,0.607,0.357,0.338,0.648,0.399,0.594,1.024,0.799,0.662,1.022,0.816,0.068,0.055,0.049,-2.865,-4.379,0.44,-0.704,0.523,0.016,-2.023,-3.093,0.113,-0.915,0.23,-0.195,1.113,-1.781,0.404,-3.279,1.542,1.624,1.882,0.057,1.173,-0.995,2.194,2.31,-2.193,-3.707,1.112,-0.032,1.195,0.688,0.157,-0.716,0.32,0.003,0.562,-2.567,2.145,2.335,1.631,0.017,3.051,3.322,1.574,0.547,1.692,1.266,0.866,-0.007,1.03,0.713,3.198,3.306,4.549,4.703,0.272,0.353,0.009,0.199,-0.107,0.001
2022-09-07,CTD7,4176724,690397,0.05007305,0.07610844,0.10572739,0.04672534,0.027568849,0.0066421498,0.0066260435,0.0025537661,0.04955559,0.07096587,0.10379272,0.046125513,0.032535218,0.0059668384,0.00078534626,-8.000000000000001e-45,0.295,-0.206,6.832,-0.357,10.513,0.035,-1.431,0.29,-16.302,-0.163,3.681,0.239,-8.263,0.468,-23.134,0.387,-11.943,0.586,-26.815,0.258,-14.871,0.722,0.319,0.188,0.8,0.491,0.29,-0.109,-0.151,-0.039,-1.241,-1.724,-0.762,0.184,0.172,0.101,-0.414,-0.874,-0.228,-1.158,-2.446,-1.081,-0.598,-0.909,-0.329,-1.343,-2.041,-1.253,-0.745,-1.132,-1.572,-0.171,-0.195,-0.35,-0.453,-0.537,-0.749,0.018,0.032,0.025,0.124,0.183,0.148,-0.306,-0.381,-0.399,0.189,0.378,0.22,0.312,0.501,0.318,0.468,0.76,0.569,0.619,0.807,0.636,0.152,0.123,0.105,-1.605,-3.177,0.216,-1.037,0.397,0.068,-1.155,-2.287,-0.14,-1.221,0.111,-0.116,0.352,-1.689,-0.318,-2.763,0.709,0.811,1.096,0.187,0.427,-0.446,1.202,1.374,-0.743,-2.315,1.078,-0.175,1.259,0.93,-0.213,-0.975,0.169,0.13,-0.483,-2.206,1.078,1.368,0.649,0.498,1.828,2.319,1.498,0.417,1.749,1.521,0.456,-0.306,0.839,0.799,1.712,1.901,2.902,3.221,0.571,0.672,0.063,0.353,-0.109,0.08,-0.178,6.088,-0.354,10.545,0.036,-1.501,0.207,-10.557,-0.188,4.457,0.212,-7.589,0.371,-16.645,0.385,-12.045,0.523,-21.101,0.173,-9.056,0.632,0.281,0.198,0.748,0.486,0.343,-0.106,-0.156,-0.049,-0.749,-1.096,-0.487,0.221,0.206,0.145,-0.376,-0.788,-0.247,-0.825,-1.728,-0.768,-0.597,-0.855,-0.392,-1.046,-1.497,-0.973,-0.449,-0.643,-0.94,-0.143,-0.157,-0.272,-0.463,-0.524,-0.69,0.02,0.033,0.025,0.097,0.145,0.114,-0.343,-0.4,-0.417,0.162,0.303,0.182,0.251,0.402,0.256,0.478,0.702,0.557,0.591,0.745,0.609,0.113,0.089,0.078,-1.552,-2.492,0.254,-0.719,0.385,-0.007,-1.061,-1.704,-0.173,-0.94,0.019,-0.228,0.391,-1.107,-0.388,-2.116,0.616,0.761,0.839,-0.015,0.061,-0.727,0.873,1.079,-0.818,-1.758,0.988,0.014,1.119,0.727,-0.247,-0.734,0.027,-0.022,-0.556,-1.652,0.882,1.225,0.087,-0.069,1.25,1.737,1.445,0.677,1.636,1.389,0.532,0.045,0.806,0.757,1.594,1.792,2.259,2.54,0.472,0.617,-0.007,0.337,-0.212,-0.014
2022-09-07,CTD8,4174178,693048,0.022501413,0.036493104,0.05457316,0.01926192,0.012121132,0.002985853,0.0029543731,0.0011744333,0.02257793,0.03665874,0.054674685,0.01956773,0.0128157195,0.0027486065,0.015138226,-8.000000000000001e-45,0.304,-0.237,17.039,-0.416,26.118,0.078,-7.474,0.3,-38.059,-0.199,9.078,0.309,-24.513,0.501,-55.098,0.478,-33.592,0.637,-64.177,0.228,-30.585,0.93,0.328,0.207,0.953,0.503,0.317,-0.273,-0.408,-0.091,-1.389,-2.077,-0.733,0.204,0.175,0.11,-0.552,-1.338,-0.297,-1.24,-3.007,-1.061,-0.756,-1.226,-0.407,-1.444,-2.342,-1.236,-0.688,-1.116,-1.669,-0.189,-0.21,-0.446,-0.575,-0.66,-1.022,0.036,0.067,0.049,0.114,0.186,0.141,-0.433,-0.522,-0.576,0.224,0.498,0.258,0.316,0.584,0.33,0.599,1.02,0.726,0.72,1.016,0.761,0.121,0.093,0.078,-2.217,-3.886,0.264,-0.973,0.394,-0.013,-1.482,-2.598,-0.116,-1.177,0.08,-0.217,0.499,-1.843,-0.327,-3.334,0.836,0.946,1.188,-0.038,0.361,-0.977,1.329,1.503,-1.211,-2.881,1.269,0.033,1.4,0.993,-0.187,-0.92,0.13,0.039,-0.531,-2.608,1.356,1.672,0.585,0.177,2.155,2.658,1.897,0.836,2.093,1.796,0.639,-0.094,0.957,0.866,2.295,2.501,3.646,3.974,0.524,0.634,-0.011,0.306,-0.186,0.021,-0.238,17.012,-0.415,26.001,0.071,-6.814,0.276,-33.738,-0.197,8.989,0.304,-23.826,0.482,-50.751,0.473,-32.815,0.62,-59.739,0.209,-26.925,0.93,0.333,0.218,0.953,0.509,0.333,-0.25,-0.373,-0.087,-1.237,-1.845,-0.66,0.203,0.176,0.115,-0.538,-1.303,-0.305,-1.146,-2.775,-0.993,-0.741,-1.203,-0.421,-1.349,-2.19,-1.169,-0.608,-0.987,-1.472,-0.19,-0.209,-0.435,-0.571,-0.649,-0.991,0.033,0.061,0.045,0.107,0.174,0.131,-0.427,-0.509,-0.556,0.221,0.483,0.253,0.309,0.566,0.321,0.593,0.992,0.71,0.707,0.993,0.744,0.114,0.087,0.074,-2.178,-3.65,0.258,-0.911,0.381,-0.039,-1.46,-2.448,-0.121,-1.114,0.063,-0.242,0.483,-1.707,-0.338,-3.112,0.804,0.919,1.091,-0.112,0.27,-1.032,1.228,1.404,-1.17,-2.643,1.266,0.097,1.389,0.969,-0.196,-0.856,0.103,0.016,-0.548,-2.393,1.306,1.639,0.439,0.066,1.994,2.503,1.888,0.895,2.072,1.767,0.625,-0.035,0.924,0.837,2.227,2.445,3.4,3.732,0.517,0.632,-0.034,0.299,-0.21,0.008
2022-09-07,CTD10,4170388,695646,0.0072156284,0.010712056,0.016265066,0.0050688656,0.0037158746,0.0009479887,0.0009374433,0.00038191347,0.0072583165,0.010633487,0.016320573,0.0051796366,0.003720919,0.0009555064,0.17531611,-8.000000000000001e-45,0.259,-0.195,45.235,-0.385,77.107,0.175,-58.695,0.32,-130.528,-0.206,31.871,0.358,-103.93,0.485,-175.763,0.525,-135.801,0.628,-207.634,0.154,-71.833,0.736,0.229,0.168,0.826,0.391,0.287,-0.629,-0.955,-0.218,-1.398,-2.123,-0.662,0.23,0.162,0.118,-0.75,-1.69,-0.386,-1.268,-2.859,-0.891,-0.98,-1.455,-0.505,-1.498,-2.224,-1.052,-0.518,-0.769,-1.168,-0.164,-0.175,-0.398,-0.573,-0.627,-1.03,0.08,0.149,0.107,0.13,0.222,0.164,-0.452,-0.508,-0.632,0.24,0.516,0.282,0.298,0.57,0.328,0.625,1.024,0.776,0.7,1.022,0.795,0.075,0.058,0.05,-2.535,-3.704,0.362,-0.691,0.445,-0.059,-1.67,-2.439,-0.03,-0.92,0.097,-0.289,0.765,-1.459,-0.095,-2.954,1.077,1.195,1.283,-0.171,0.423,-1.267,1.469,1.63,-1.724,-2.893,1.173,0.12,1.256,0.751,-0.044,-0.706,0.144,-0.074,-0.141,-2.264,1.598,1.885,0.629,-0.326,2.18,2.571,1.781,0.89,1.907,1.521,0.816,0.154,1.003,0.785,2.694,2.862,3.675,3.904,0.356,0.474,-0.042,0.245,-0.203,-0.035,-0.189,43.73,-0.384,76.501,0.167,-55.291,0.322,-130.978,-0.211,32.77,0.345,-99.021,0.482,-174.708,0.518,-131.791,0.629,-207.478,0.164,-75.687,0.714,0.227,0.163,0.813,0.396,0.285,-0.588,-0.902,-0.206,-1.393,-2.138,-0.678,0.238,0.17,0.122,-0.719,-1.616,-0.368,-1.268,-2.851,-0.905,-0.957,-1.401,-0.49,-1.506,-2.206,-1.075,-0.549,-0.805,-1.235,-0.157,-0.168,-0.379,-0.573,-0.631,-1.018,0.077,0.145,0.104,0.131,0.224,0.165,-0.457,-0.518,-0.639,0.231,0.497,0.272,0.293,0.556,0.322,0.623,1.015,0.776,0.704,1.013,0.797,0.082,0.062,0.054,-2.468,-3.704,0.365,-0.709,0.455,-0.036,-1.608,-2.413,-0.042,-0.947,0.095,-0.274,0.75,-1.456,-0.134,-2.985,1.051,1.173,1.299,-0.102,0.416,-1.2,1.464,1.633,-1.686,-2.921,1.148,0.073,1.237,0.747,-0.062,-0.74,0.139,-0.067,-0.196,-2.333,1.54,1.825,0.609,-0.293,2.144,2.54,1.761,0.857,1.899,1.53,0.821,0.143,1.022,0.816,2.638,2.801,3.673,3.899,0.364,0.486,-0.026,0.259,-0.195,-0.033
2022-09-07,CTD11,4169609,700351,0.00695539,0.010398384,0.015512824,0.004788263,0.0034732388,0.0008613702,0.0008642007,0.0003482742,0.0069815395,0.010280856,0.015528018,0.0049120197,0.003460766,0.00087391573,0.21283965,-8.000000000000001e-45,0.184,-0.198,47.605,-0.381,79.311,0.185,-65.071,0.334,-144.142,-0.197,31.706,0.369,-112.675,0.499,-191.747,0.528,-144.381,0.634,-223.453,0.159,-79.072,0.738,0.228,0.165,0.825,0.38,0.275,-0.677,-1.009,-0.226,-1.499,-2.236,-0.69,0.221,0.152,0.11,-0.784,-1.748,-0.391,-1.334,-2.975,-0.918,-1.004,-1.501,-0.501,-1.554,-2.324,-1.07,-0.55,-0.822,-1.227,-0.17,-0.181,-0.417,-0.563,-0.617,-1.036,0.084,0.156,0.114,0.134,0.229,0.172,-0.436,-0.49,-0.619,0.25,0.538,0.295,0.308,0.59,0.341,0.618,1.028,0.773,0.694,1.025,0.793,0.076,0.059,0.051,-2.571,-3.797,0.36,-0.71,0.445,-0.056,-1.723,-2.545,-0.012,-0.93,0.114,-0.277,0.782,-1.541,-0.039,-3.014,1.119,1.229,1.332,-0.169,0.511,-1.237,1.542,1.694,-1.745,-2.971,1.186,0.116,1.271,0.77,-0.018,-0.708,0.171,-0.055,-0.059,-2.295,1.672,1.948,0.764,-0.246,2.305,2.685,1.77,0.852,1.896,1.505,0.803,0.113,0.992,0.766,2.74,2.906,3.778,4.006,0.354,0.465,-0.039,0.237,-0.191,-0.025,-0.191,45.967,-0.38,78.835,0.174,-60.347,0.337,-145.718,-0.203,32.868,0.353,-106.314,0.496,-191.685,0.519,-139.183,0.635,-224.554,0.173,-85.371,0.714,0.226,0.159,0.81,0.387,0.273,-0.62,-0.937,-0.209,-1.498,-2.263,-0.716,0.229,0.161,0.114,-0.742,-1.651,-0.368,-1.338,-2.976,-0.942,-0.972,-1.431,-0.482,-1.568,-2.309,-1.103,-0.596,-0.878,-1.326,-0.161,-0.174,-0.394,-0.563,-0.622,-1.021,0.08,0.151,0.109,0.136,0.232,0.172,-0.441,-0.502,-0.627,0.239,0.514,0.283,0.303,0.573,0.334,0.615,1.017,0.773,0.699,1.015,0.794,0.084,0.064,0.056,-2.482,-3.808,0.363,-0.74,0.456,-0.025,-1.643,-2.521,-0.028,-0.97,0.113,-0.255,0.759,-1.549,-0.089,-3.066,1.085,1.198,1.355,-0.076,0.507,-1.144,1.54,1.701,-1.689,-3.014,1.156,0.053,1.25,0.768,-0.041,-0.757,0.166,-0.042,-0.131,-2.394,1.597,1.87,0.747,-0.191,2.267,2.654,1.746,0.805,1.888,1.52,0.807,0.091,1.015,0.806,2.666,2.825,3.783,4.009,0.367,0.481,-0.018,0.255,-0.179,-0.02
2022-09-07,CTD12,4173438,695414,0.014504473,0.021559559,0.027645484,0.007652122,0.0050310595,0.0012395999,0.0012438727,0.00048894645,0.014534525,0.021536898,0.027594678,0.0079208035,0.005186354,0.001214306,0.081638835,-8.000000000000001e-45,0.328,-0.196,22.561,-0.312,32.772,0.309,-61.738,0.485,-129.821,-0.124,10.211,0.476,-84.3,0.622,-152.382,0.566,-94.51,0.692,-162.593,0.207,-68.083,0.624,0.173,0.114,0.707,0.251,0.165,-1.331,-1.707,-0.311,-2.799,-3.589,-0.993,0.148,0.078,0.051,-1.223,-2.331,-0.424,-2.21,-4.213,-1.166,-1.371,-2.038,-0.475,-2.358,-3.505,-1.244,-0.988,-1.468,-1.882,-0.2,-0.216,-0.556,-0.45,-0.494,-1.036,0.139,0.258,0.21,0.193,0.324,0.268,-0.275,-0.312,-0.48,0.33,0.712,0.426,0.392,0.746,0.468,0.554,1.023,0.752,0.627,1.021,0.774,0.073,0.062,0.053,-2.94,-4.822,0.396,-0.848,0.491,0.015,-2.293,-3.761,0.17,-0.996,0.291,-0.133,1.116,-2.39,0.613,-3.599,1.662,1.713,2.103,0.066,1.601,-0.73,2.528,2.606,-2.126,-4.009,1.21,-0.035,1.304,0.829,0.252,-0.741,0.433,0.122,0.911,-2.678,2.471,2.635,2.379,0.673,3.758,4.008,1.551,0.385,1.673,1.249,0.755,-0.239,0.935,0.625,3.266,3.379,4.967,5.14,0.294,0.346,0.008,0.173,-0.07,0.043,-0.194,22.37,-0.31,32.563,0.295,-57.448,0.474,-124.012,-0.123,10.193,0.462,-79.818,0.612,-146.382,0.554,-90.011,0.684,-156.575,0.209,-66.564,0.617,0.177,0.116,0.701,0.258,0.169,-1.237,-1.585,-0.298,-2.671,-3.422,-0.982,0.148,0.081,0.053,-1.16,-2.203,-0.414,-2.128,-4.039,-1.159,-1.308,-1.939,-0.467,-2.276,-3.372,-1.24,-0.967,-1.434,-1.837,-0.197,-0.214,-0.534,-0.443,-0.489,-0.996,0.135,0.247,0.202,0.19,0.317,0.263,-0.27,-0.307,-0.462,0.323,0.69,0.415,0.388,0.728,0.46,0.545,0.998,0.736,0.621,0.998,0.761,0.076,0.065,0.056,-2.809,-4.646,0.388,-0.852,0.487,0.02,-2.192,-3.626,0.159,-1.001,0.286,-0.128,1.055,-2.318,0.554,-3.486,1.594,1.647,2.022,0.083,1.521,-0.681,2.435,2.515,-2.002,-3.839,1.195,-0.045,1.294,0.827,0.236,-0.747,0.424,0.126,0.82,-2.602,2.362,2.531,2.254,0.669,3.608,3.866,1.531,0.371,1.658,1.244,0.736,-0.246,0.924,0.626,3.127,3.243,4.776,4.953,0.304,0.357,0.011,0.18,-0.07,0.046
2023-01-10,CTD1,4187246,695025,0.004326773,0.005457214,0.0071719754,0.0020631594,0.0014228018,0.00037923275,0.00037753314,0.00015279434,0.004397684,0.005407284,0.0070921727,0.0020521986,0.0014449774,0.0003792799,0.16151738,-8.000000000000001e-45,0.771,-0.116,47.875,-0.247,91.688,0.354,-253.574,0.505,-471.719,-0.136,43.812,0.451,-301.45,0.586,-519.595,0.553,-345.262,0.669,-563.407,0.184,-218.145,0.343,0.099,0.068,0.5,0.189,0.13,-1.384,-1.819,-0.361,-2.574,-3.383,-0.973,0.19,0.09,0.062,-1.304,-2.162,-0.429,-2.248,-3.727,-1.072,-1.494,-1.884,-0.491,-2.438,-3.075,-1.162,-0.944,-1.19,-1.565,-0.122,-0.132,-0.324,-0.378,-0.414,-0.816,0.179,0.329,0.263,0.23,0.386,0.314,-0.268,-0.298,-0.492,0.295,0.59,0.395,0.351,0.631,0.437,0.522,0.889,0.743,0.588,0.9,0.764,0.065,0.056,0.051,-2.683,-4.248,0.505,-0.657,0.594,0.103,-2.042,-3.232,0.225,-0.847,0.343,-0.086,1.336,-1.738,0.783,-2.944,1.836,1.899,2.28,0.396,1.727,-0.435,2.663,2.753,-2.215,-3.779,0.974,-0.189,1.063,0.572,0.284,-0.689,0.432,0.071,0.987,-2.396,2.316,2.447,2.178,0.359,3.359,3.548,1.28,0.208,1.397,0.968,0.837,-0.136,0.985,0.625,3.147,3.215,4.564,4.663,0.216,0.278,0.049,0.18,-0.041,0.027,-0.103,42.457,-0.235,86.392,0.364,-259.89,0.505,-464.66,-0.135,43.935,0.45,-302.347,0.578,-507.117,0.551,-346.282,0.661,-551.052,0.174,-204.77,0.301,0.087,0.061,0.467,0.177,0.125,-1.405,-1.843,-0.376,-2.513,-3.295,-0.954,0.193,0.09,0.063,-1.33,-2.144,-0.437,-2.23,-3.597,-1.041,-1.523,-1.872,-0.5,-2.423,-2.98,-1.131,-0.901,-1.107,-1.452,-0.11,-0.118,-0.289,-0.361,-0.393,-0.77,0.188,0.342,0.275,0.236,0.396,0.323,-0.261,-0.288,-0.482,0.292,0.574,0.393,0.345,0.614,0.433,0.514,0.863,0.736,0.576,0.876,0.757,0.062,0.053,0.049,-2.643,-4.095,0.524,-0.607,0.61,0.109,-2.015,-3.122,0.241,-0.8,0.353,-0.084,1.38,-1.599,0.831,-2.765,1.876,1.939,2.281,0.409,1.732,-0.412,2.664,2.754,-2.226,-3.679,0.94,-0.191,1.026,0.525,0.296,-0.658,0.434,0.058,1.022,-2.273,2.306,2.431,2.129,0.286,3.275,3.453,1.233,0.192,1.345,0.909,0.845,-0.109,0.983,0.607,3.127,3.189,4.442,4.529,0.199,0.263,0.051,0.176,-0.039,0.022
2023-01-10,CTD2,4181518,693105,0.0044721323,0.00558205,0.008433491,0.0020255463,0.0017967802,0.00044914975,0.00044728752,0.000175241,0.004490537,0.005516634,0.008524733,0.0021012255,0.0017084831,0.0004604523,0.4901198,-2.878e-42,0.826,-0.11,44.461,-0.307,105.032,0.377,-270.087,0.427,-332.944,-0.203,60.571,0.467,-314.548,0.513,-377.405,0.613,-375.119,0.649,-437.976,0.06,-62.857,0.375,0.09,0.08,0.586,0.213,0.189,-1.508,-2.278,-0.485,-1.859,-2.808,-0.674,0.271,0.123,0.109,-1.407,-2.653,-0.565,-1.688,-3.183,-0.764,-1.678,-2.094,-0.674,-1.959,-2.445,-0.887,-0.281,-0.351,-0.53,-0.106,-0.108,-0.29,-0.521,-0.537,-1.036,0.175,0.332,0.239,0.191,0.352,0.256,-0.439,-0.455,-0.746,0.276,0.567,0.348,0.293,0.583,0.362,0.637,1.022,0.868,0.66,1.021,0.872,0.023,0.018,0.016,-3.362,-3.893,0.561,-0.326,0.588,-0.086,-2.226,-2.576,0.167,-0.597,0.208,-0.357,1.546,-0.899,0.697,-2.486,1.886,1.995,1.827,-0.267,0.978,-1.675,2.126,2.249,-2.915,-3.445,1.008,0.121,1.035,0.361,0.209,-0.465,0.26,-0.225,0.87,-1.938,2.354,2.543,1.221,-1.057,2.654,2.867,1.523,0.758,1.564,0.999,1.058,0.384,1.109,0.624,3.762,3.842,4.241,4.331,0.131,0.24,-0.039,0.15,-0.162,-0.082,-0.103,41.421,-0.31,105.385,0.362,-253.222,0.449,-362.624,-0.214,63.964,0.448,-294.643,0.527,-404.045,0.605,-358.607,0.666,-468.009,0.103,-109.402,0.353,0.087,0.071,0.581,0.221,0.18,-1.397,-2.159,-0.433,-2.0,-3.091,-0.762,0.287,0.134,0.109,-1.323,-2.512,-0.503,-1.814,-3.444,-0.849,-1.61,-1.978,-0.613,-2.102,-2.582,-0.983,-0.491,-0.604,-0.933,-0.097,-0.1,-0.269,-0.53,-0.558,-1.059,0.17,0.331,0.233,0.198,0.365,0.262,-0.456,-0.485,-0.79,0.262,0.551,0.334,0.293,0.578,0.358,0.642,1.036,0.889,0.681,1.034,0.895,0.039,0.03,0.028,-3.243,-4.176,0.568,-0.416,0.614,0.001,-2.099,-2.702,0.146,-0.703,0.217,-0.286,1.49,-1.092,0.592,-2.853,1.827,1.937,1.981,0.003,1.083,-1.429,2.247,2.382,-2.829,-3.761,0.982,-0.001,1.028,0.415,0.179,-0.583,0.267,-0.166,0.727,-2.364,2.245,2.425,1.331,-0.828,2.761,2.982,1.517,0.668,1.589,1.085,1.077,0.315,1.165,0.732,3.677,3.747,4.522,4.609,0.158,0.268,0.0,0.18,-0.134,-0.063
2023-01-10,CTD3,4181698,695238,0.0054271165,0.0074811513,0.0063540237,0.0010911223,0.00076635374,0.00018155418,0.0001781139,6.7915265e-05,0.005491574,0.007463945,0.006261795,0.0010967237,0.0007263951,0.00018620148,0.03071897,-8.000000000000001e-45,0.872,-0.159,50.591,-0.079,26.879,0.665,-732.228,0.753,-1120.621,0.081,-23.711,0.745,-782.818,0.814,-1171.211,0.707,-759.107,0.785,-1147.5,0.175,-388.393,0.321,0.055,0.039,0.201,0.029,0.021,-5.478,-4.653,-0.561,-8.384,-7.12,-1.223,-0.129,-0.026,-0.018,-4.248,-4.974,-0.6,-6.356,-7.442,-1.278,-4.12,-5.679,-0.582,-6.228,-8.585,-1.252,-2.108,-2.906,-2.468,-0.276,-0.288,-1.106,-0.108,-0.112,-0.499,0.313,0.526,0.609,0.337,0.544,0.626,0.173,0.182,0.607,0.542,1.032,0.897,0.57,1.03,0.902,0.408,0.85,0.638,0.433,0.857,0.652,0.025,0.028,0.023,-5.098,-7.566,0.554,-0.698,0.605,0.023,-6.002,-8.908,0.708,-0.57,0.752,0.152,3.796,-4.788,4.125,-3.317,4.871,4.853,5.904,0.225,6.232,1.258,6.936,6.91,-4.445,-6.913,1.207,-0.045,1.258,0.676,0.976,-0.246,1.036,0.475,5.686,-1.435,6.715,6.736,8.591,3.939,9.561,9.59,1.025,-0.253,1.068,0.468,0.648,-0.574,0.708,0.147,5.682,5.721,8.09,8.145,0.099,0.08,0.005,0.025,0.031,0.069,-0.152,48.12,-0.066,22.399,0.667,-729.71,0.766,-1194.564,0.088,-25.721,0.744,-777.829,0.823,-1242.684,0.702,-752.108,0.792,-1216.963,0.203,-464.855,0.301,0.053,0.035,0.167,0.025,0.016,-5.447,-4.569,-0.53,-8.916,-7.48,-1.31,-0.141,-0.028,-0.019,-4.272,-4.871,-0.565,-6.824,-7.781,-1.363,-4.13,-5.614,-0.546,-6.683,-9.083,-1.335,-2.553,-3.47,-2.911,-0.268,-0.282,-1.082,-0.09,-0.094,-0.422,0.32,0.537,0.629,0.347,0.557,0.648,0.182,0.193,0.659,0.542,1.024,0.911,0.573,1.023,0.916,0.399,0.831,0.631,0.427,0.84,0.647,0.029,0.032,0.027,-4.974,-7.885,0.561,-0.774,0.62,0.073,-5.929,-9.398,0.73,-0.633,0.78,0.215,3.815,-5.268,4.168,-3.613,4.91,4.891,6.368,0.754,6.721,1.85,7.413,7.385,-4.35,-7.261,1.184,-0.151,1.243,0.697,0.992,-0.318,1.06,0.53,5.665,-1.815,6.673,6.69,9.135,4.566,10.076,10.1,0.993,-0.37,1.043,0.478,0.639,-0.671,0.707,0.177,5.577,5.612,8.421,8.473,0.102,0.084,0.015,0.031,0.043,0.078
2023-01-10,CTD4,4180266,698264,0.0066863373,0.010633586,0.014496435,0.0025432012,0.0020348716,0.00045111703,0.00044017908,0.0001678988,0.006661311,0.010527579,0.014546047,0.0025910628,0.0018597413,0.00048683397,0.33574766,-2.878e-42,0.778,-0.228,55.517,-0.369,80.576,0.449,-243.647,0.533,-341.873,-0.154,25.059,0.614,-299.164,0.679,-397.39,0.701,-324.223,0.754,-422.449,0.111,-98.226,0.805,0.141,0.113,0.857,0.205,0.164,-2.591,-3.532,-0.496,-3.635,-4.956,-0.869,0.168,0.064,0.051,-2.0,-4.337,-0.609,-2.657,-5.761,-1.011,-2.168,-3.448,-0.66,-2.825,-4.492,-1.074,-0.657,-1.044,-1.424,-0.232,-0.239,-0.862,-0.593,-0.616,-1.706,0.165,0.327,0.251,0.185,0.353,0.273,-0.419,-0.443,-0.844,0.382,0.928,0.489,0.406,0.932,0.505,0.69,1.371,0.944,0.719,1.35,0.946,0.029,0.024,0.02,-5.071,-6.495,0.453,-0.621,0.488,-0.171,-3.72,-4.764,0.222,-0.789,0.27,-0.339,1.896,-2.597,1.266,-4.495,2.438,2.489,2.552,-0.895,1.923,-2.414,3.047,3.11,-4.11,-5.534,1.415,0.341,1.45,0.79,0.353,-0.516,0.429,-0.067,2.013,-2.943,3.877,4.041,3.058,-0.474,4.845,5.05,1.929,0.918,1.977,1.368,0.983,0.113,1.059,0.563,5.396,5.509,6.744,6.885,0.189,0.24,-0.065,0.099,-0.129,-0.016,-0.225,55.132,-0.372,81.373,0.44,-235.821,0.563,-387.589,-0.16,26.241,0.605,-290.953,0.7,-442.721,0.698,-317.195,0.773,-468.962,0.164,-151.767,0.802,0.143,0.103,0.857,0.211,0.151,-2.483,-3.43,-0.439,-4.08,-5.638,-1.004,0.175,0.068,0.049,-1.938,-4.232,-0.541,-2.949,-6.44,-1.147,-2.113,-3.339,-0.59,-3.124,-4.937,-1.215,-1.011,-1.598,-2.208,-0.226,-0.236,-0.869,-0.601,-0.637,-1.772,0.162,0.329,0.248,0.191,0.366,0.28,-0.434,-0.472,-0.903,0.374,0.931,0.484,0.409,0.937,0.506,0.696,1.403,0.965,0.738,1.371,0.967,0.043,0.034,0.029,-4.981,-7.189,0.455,-0.76,0.505,-0.085,-3.605,-5.203,0.212,-0.935,0.281,-0.26,1.847,-3.09,1.189,-5.251,2.394,2.443,2.858,-0.481,2.2,-2.032,3.336,3.404,-4.034,-6.241,1.402,0.187,1.453,0.863,0.335,-0.669,0.445,0.006,1.879,-3.759,3.784,3.935,3.477,0.047,5.272,5.483,1.938,0.79,2.007,1.466,0.993,-0.012,1.103,0.664,5.335,5.437,7.433,7.575,0.212,0.261,-0.033,0.118,-0.101,0.001
2023-01-10,CTD6,4176009,695829,0.013673319,0.0167038,0.019141115,0.006324827,0.005141015,0.0013824749,0.0013118904,0.0005316352,0.013626879,0.016631639,0.018638447,0.006322046,0.0049298797,0.0014032259,0.14374396,-8.000000000000001e-45,0.773,-0.1,13.269,-0.167,20.892,0.367,-84.972,0.454,-121.379,-0.068,7.623,0.451,-98.24,0.529,-134.648,0.503,-105.864,0.577,-142.271,0.103,-36.407,0.254,0.084,0.068,0.349,0.132,0.107,-1.419,-1.626,-0.437,-2.027,-2.323,-0.768,0.104,0.048,0.039,-1.343,-1.88,-0.505,-1.841,-2.577,-0.852,-1.448,-1.768,-0.544,-1.945,-2.376,-0.9,-0.498,-0.608,-0.697,-0.119,-0.125,-0.264,-0.237,-0.25,-0.477,0.205,0.336,0.303,0.238,0.371,0.335,-0.122,-0.13,-0.213,0.316,0.552,0.427,0.352,0.578,0.454,0.422,0.681,0.587,0.461,0.7,0.608,0.039,0.036,0.033,-2.208,-2.905,0.488,-0.412,0.55,0.006,-1.927,-2.535,0.336,-0.516,0.407,-0.098,1.289,-1.087,1.016,-1.561,1.854,1.893,1.787,0.019,1.514,-0.367,2.281,2.329,-1.805,-2.502,0.891,-0.009,0.953,0.409,0.41,-0.358,0.497,0.06,1.241,-1.082,2.265,2.372,1.849,0.223,2.787,2.919,1.021,0.17,1.092,0.587,0.683,-0.084,0.77,0.333,2.65,2.719,3.261,3.345,0.155,0.194,0.003,0.11,-0.046,0.023,-0.099,13.258,-0.155,19.732,0.366,-84.792,0.469,-129.46,-0.057,6.474,0.449,-98.05,0.543,-142.718,0.493,-104.524,0.582,-149.192,0.124,-44.668,0.247,0.084,0.065,0.328,0.125,0.097,-1.41,-1.58,-0.418,-2.153,-2.413,-0.818,0.088,0.041,0.032,-1.336,-1.828,-0.483,-1.945,-2.66,-0.902,-1.424,-1.738,-0.515,-2.033,-2.481,-0.943,-0.609,-0.743,-0.833,-0.12,-0.127,-0.267,-0.218,-0.232,-0.445,0.207,0.339,0.31,0.247,0.379,0.348,-0.101,-0.108,-0.178,0.32,0.556,0.437,0.363,0.587,0.469,0.407,0.664,0.571,0.453,0.687,0.597,0.046,0.043,0.039,-2.129,-2.961,0.48,-0.463,0.555,0.04,-1.9,-2.643,0.351,-0.551,0.435,-0.049,1.263,-1.218,1.035,-1.625,1.859,1.891,1.872,0.133,1.643,-0.184,2.384,2.425,-1.728,-2.56,0.881,-0.062,0.956,0.441,0.428,-0.39,0.531,0.113,1.263,-1.15,2.269,2.366,2.006,0.425,2.91,3.034,0.988,0.085,1.071,0.588,0.657,-0.162,0.759,0.341,2.586,2.652,3.317,3.401,0.168,0.199,0.018,0.116,-0.023,0.043
2023-01-10,CTD7,4176724,690397,0.030506682,0.045939118,0.060320884,0.016049406,0.009818143,0.0024359147,0.002349498,0.00092559593,0.030803673,0.045520376,0.0607663,0.016417786,0.010345285,0.0022302878,0.03427185,-8.000000000000001e-45,0.718,-0.202,11.012,-0.328,16.202,0.311,-29.528,0.513,-69.073,-0.135,5.19,0.482,-40.54,0.648,-80.084,0.58,-45.73,0.72,-85.274,0.241,-39.545,0.664,0.177,0.108,0.744,0.26,0.159,-1.356,-1.781,-0.29,-3.173,-4.167,-1.109,0.158,0.083,0.051,-1.237,-2.445,-0.398,-2.443,-4.831,-1.285,-1.395,-2.101,-0.449,-2.601,-3.917,-1.369,-1.206,-1.817,-2.385,-0.202,-0.22,-0.597,-0.481,-0.535,-1.153,0.136,0.259,0.206,0.195,0.334,0.271,-0.309,-0.357,-0.556,0.329,0.741,0.426,0.398,0.776,0.473,0.579,1.098,0.794,0.661,1.085,0.815,0.082,0.069,0.059,-3.094,-5.48,0.398,-0.971,0.501,0.052,-2.357,-4.173,0.156,-1.129,0.292,-0.106,1.139,-2.778,0.588,-4.243,1.687,1.738,2.346,0.245,1.794,-0.651,2.758,2.841,-2.253,-4.638,1.24,-0.129,1.343,0.894,0.235,-0.873,0.44,0.15,0.885,-3.281,2.541,2.7,2.702,0.921,4.153,4.413,1.628,0.343,1.764,1.366,0.787,-0.322,0.991,0.701,3.437,3.545,5.618,5.794,0.312,0.363,0.028,0.187,-0.056,0.052,-0.193,10.495,-0.327,16.007,0.305,-28.446,0.497,-64.199,-0.143,5.512,0.47,-38.941,0.63,-74.694,0.575,-44.453,0.709,-80.206,0.227,-35.753,0.638,0.172,0.109,0.729,0.263,0.166,-1.295,-1.729,-0.294,-2.922,-3.901,-1.054,0.17,0.09,0.057,-1.2,-2.366,-0.403,-2.301,-4.539,-1.226,-1.369,-2.024,-0.46,-2.471,-3.651,-1.317,-1.101,-1.627,-2.173,-0.191,-0.207,-0.55,-0.484,-0.536,-1.12,0.135,0.258,0.202,0.192,0.33,0.265,-0.323,-0.371,-0.57,0.318,0.707,0.409,0.384,0.745,0.456,0.581,1.078,0.794,0.661,1.068,0.814,0.08,0.066,0.057,-3.025,-5.197,0.407,-0.91,0.506,0.047,-2.266,-3.893,0.146,-1.08,0.28,-0.123,1.127,-2.524,0.541,-3.998,1.649,1.706,2.228,0.205,1.643,-0.724,2.617,2.707,-2.223,-4.396,1.208,-0.109,1.308,0.848,0.216,-0.838,0.413,0.119,0.8,-3.101,2.437,2.602,2.427,0.699,3.867,4.13,1.612,0.386,1.745,1.343,0.802,-0.252,0.999,0.705,3.365,3.474,5.341,5.513,0.306,0.363,0.025,0.19,-0.066,0.043
2023-01-10,CTD8,4174178,693048,0.017520206,0.025477637,0.03546549,0.007940242,0.006264912,0.0013941176,0.001354578,0.00051954796,0.017492006,0.025288362,0.03585966,0.008209062,0.005643296,0.0014880485,0.15094921,-8.000000000000001e-45,0.764,-0.185,17.827,-0.339,28.881,0.376,-68.864,0.473,-102.542,-0.164,11.054,0.525,-86.691,0.605,-120.369,0.634,-97.744,0.7,-131.423,0.118,-33.678,0.632,0.142,0.112,0.736,0.229,0.181,-1.754,-2.442,-0.431,-2.613,-3.637,-0.814,0.194,0.088,0.069,-1.519,-3.075,-0.543,-2.109,-4.269,-0.956,-1.713,-2.49,-0.612,-2.303,-3.348,-1.044,-0.59,-0.858,-1.194,-0.183,-0.191,-0.56,-0.537,-0.565,-1.263,0.157,0.302,0.23,0.185,0.337,0.259,-0.392,-0.42,-0.703,0.331,0.737,0.42,0.363,0.755,0.443,0.64,1.157,0.867,0.679,1.147,0.874,0.039,0.032,0.027,-3.779,-4.973,0.464,-0.58,0.511,-0.101,-2.715,-3.573,0.182,-0.773,0.248,-0.295,1.488,-1.86,0.814,-3.454,1.961,2.03,2.078,-0.412,1.405,-1.67,2.485,2.573,-3.012,-4.207,1.23,0.187,1.278,0.665,0.265,-0.549,0.361,-0.071,1.184,-2.452,2.851,3.032,2.042,-0.4,3.614,3.843,1.713,0.757,1.778,1.235,0.939,0.125,1.034,0.603,4.109,4.221,5.208,5.349,0.207,0.277,-0.046,0.135,-0.134,-0.022,-0.182,17.625,-0.344,29.282,0.361,-64.648,0.512,-120.032,-0.173,11.657,0.51,-82.273,0.635,-137.658,0.627,-93.93,0.728,-149.315,0.185,-55.385,0.632,0.145,0.099,0.741,0.24,0.165,-1.635,-2.318,-0.365,-3.035,-4.304,-0.985,0.204,0.096,0.066,-1.439,-2.95,-0.464,-2.408,-4.936,-1.13,-1.643,-2.375,-0.53,-2.612,-3.776,-1.226,-0.969,-1.401,-1.986,-0.177,-0.188,-0.563,-0.548,-0.594,-1.326,0.152,0.3,0.224,0.194,0.354,0.269,-0.411,-0.457,-0.763,0.32,0.738,0.412,0.368,0.764,0.446,0.646,1.195,0.894,0.706,1.176,0.902,0.06,0.048,0.042,-3.677,-5.663,0.463,-0.763,0.534,0.004,-2.593,-3.993,0.163,-0.967,0.265,-0.2,1.426,-2.35,0.713,-4.224,1.908,1.973,2.394,0.019,1.682,-1.269,2.775,2.871,-2.923,-4.909,1.217,-0.009,1.288,0.758,0.236,-0.749,0.383,0.018,1.03,-3.274,2.758,2.923,2.431,0.113,4.012,4.252,1.725,0.595,1.827,1.363,0.949,-0.037,1.095,0.731,4.046,4.145,5.885,6.03,0.246,0.312,0.002,0.167,-0.094,0.006
2023-01-10,CTD10,4170388,695646,0.004558691,0.005862074,0.009502159,0.003103143,0.003017804,0.0007039704,0.0006958468,0.00026808464,0.0046283593,0.005767559,0.009625783,0.0032260113,0.002614257,0.00078918267,0.5116873,-2.878e-42,0.54,-0.125,48.773,-0.352,114.122,0.19,-102.893,0.203,-112.006,-0.237,65.349,0.308,-151.666,0.32,-160.779,0.508,-217.015,0.518,-226.128,0.014,-9.113,0.463,0.151,0.147,0.669,0.354,0.344,-0.603,-0.978,-0.311,-0.657,-1.064,-0.348,0.298,0.203,0.197,-0.691,-1.441,-0.458,-0.733,-1.528,-0.499,-0.989,-1.272,-0.655,-1.031,-1.326,-0.702,-0.042,-0.053,-0.087,-0.103,-0.104,-0.213,-0.551,-0.557,-0.808,0.095,0.164,0.116,0.1,0.172,0.122,-0.475,-0.48,-0.595,0.196,0.364,0.22,0.202,0.371,0.226,0.614,0.845,0.721,0.622,0.846,0.723,0.008,0.006,0.006,-2.284,-2.371,0.451,-0.251,0.46,-0.195,-1.409,-1.463,-0.05,-0.549,-0.035,-0.493,0.852,-0.473,-0.152,-1.68,0.954,1.151,0.894,-0.378,-0.11,-1.552,0.981,1.184,-1.776,-1.863,0.959,0.258,0.968,0.313,-0.064,-0.411,-0.045,-0.356,-0.195,-1.26,1.227,1.571,-0.142,-1.12,1.262,1.616,1.555,1.056,1.57,1.112,0.94,0.593,0.959,0.648,2.4,2.547,2.468,2.619,0.166,0.363,-0.133,0.212,-0.335,-0.188,-0.11,42.676,-0.351,112.172,0.179,-93.921,0.278,-166.459,-0.251,69.496,0.283,-136.597,0.376,-209.134,0.498,-206.093,0.573,-278.63,0.105,-72.538,0.411,0.138,0.112,0.647,0.362,0.293,-0.542,-0.904,-0.246,-0.96,-1.602,-0.537,0.322,0.224,0.182,-0.632,-1.315,-0.357,-0.968,-2.013,-0.675,-0.954,-1.189,-0.539,-1.29,-1.607,-0.899,-0.336,-0.418,-0.698,-0.089,-0.093,-0.195,-0.556,-0.596,-0.856,0.091,0.167,0.115,0.131,0.224,0.157,-0.491,-0.533,-0.661,0.178,0.351,0.208,0.221,0.401,0.245,0.616,0.884,0.764,0.674,0.893,0.78,0.059,0.043,0.04,-2.181,-2.88,0.467,-0.432,0.531,-0.008,-1.307,-1.725,-0.079,-0.753,0.028,-0.33,0.836,-0.771,-0.234,-2.247,0.981,1.163,1.171,-0.017,0.101,-1.213,1.211,1.435,-1.738,-2.436,0.911,0.012,0.975,0.436,-0.098,-0.635,0.034,-0.211,-0.292,-1.894,1.223,1.516,0.126,-0.778,1.509,1.871,1.52,0.846,1.626,1.269,0.972,0.435,1.104,0.859,2.419,2.531,2.985,3.123,0.244,0.425,-0.005,0.288,-0.23,-0.118
2023-01-10,CTD11,4169609,700351,0.014895663,0.021603115,0.025074339,0.0048554596,0.0031161888,0.00084242085,0.00080132077,0.00031650736,0.014882888,0.021642271,0.025157325,0.004837509,0.003259443,0.0008357268,0.0574218,-8.000000000000001e-45,0.381,-0.184,20.844,-0.255,27.252,0.508,-138.82,0.654,-253.771,-0.074,6.408,0.633,-159.664,0.748,-274.615,0.676,-166.072,0.779,-281.023,0.218,-114.951,0.523,0.101,0.065,0.589,0.132,0.085,-2.999,-3.481,-0.433,-5.482,-6.363,-1.232,0.095,0.031,0.02,-2.378,-4.003,-0.498,-4.091,-6.886,-1.333,-2.474,-3.588,-0.518,-4.186,-6.071,-1.364,-1.712,-2.483,-2.882,-0.224,-0.238,-0.841,-0.385,-0.412,-1.277,0.215,0.406,0.356,0.252,0.445,0.394,-0.176,-0.193,-0.435,0.419,0.93,0.594,0.463,0.936,0.618,0.554,1.123,0.818,0.602,1.112,0.83,0.048,0.044,0.037,-4.475,-7.357,0.496,-0.869,0.565,0.048,-3.855,-6.338,0.369,-0.964,0.45,-0.048,2.206,-3.865,1.907,-4.979,2.924,2.944,3.919,0.331,3.619,-0.384,4.555,4.586,-3.714,-6.596,1.257,-0.108,1.326,0.809,0.536,-0.697,0.652,0.22,2.766,-3.597,4.24,4.325,5.249,1.768,6.607,6.739,1.459,0.125,1.539,1.042,0.835,-0.397,0.951,0.519,4.955,5.02,7.721,7.822,0.182,0.202,0.016,0.1,-0.016,0.049,-0.185,20.985,-0.257,27.441,0.509,-139.527,0.641,-239.61,-0.075,6.456,0.635,-160.512,0.738,-260.595,0.677,-166.968,0.771,-267.051,0.195,-100.083,0.528,0.102,0.068,0.594,0.133,0.089,-3.02,-3.51,-0.455,-5.186,-6.028,-1.159,0.096,0.031,0.021,-2.389,-4.038,-0.523,-3.878,-6.556,-1.261,-2.485,-3.614,-0.544,-3.974,-5.78,-1.292,-1.49,-2.166,-2.518,-0.225,-0.238,-0.835,-0.388,-0.413,-1.269,0.215,0.403,0.354,0.248,0.439,0.388,-0.178,-0.194,-0.434,0.42,0.926,0.591,0.459,0.932,0.613,0.556,1.12,0.816,0.6,1.11,0.827,0.043,0.039,0.034,-4.513,-7.031,0.495,-0.796,0.558,0.014,-3.882,-6.048,0.368,-0.893,0.441,-0.082,2.216,-3.563,1.914,-4.642,2.926,2.947,3.706,0.092,3.404,-0.634,4.343,4.374,-3.746,-6.264,1.262,-0.03,1.325,0.78,0.535,-0.624,0.641,0.186,2.783,-3.244,4.255,4.344,4.95,1.439,6.315,6.448,1.467,0.206,1.54,1.017,0.837,-0.322,0.943,0.489,4.981,5.05,7.393,7.495,0.174,0.195,0.005,0.094,-0.027,0.042
2023-01-10,CTD12,4173438,695414,0.01141339,0.016334234,0.016702056,0.0032097285,0.0022480797,0.00056065846,0.0005493161,0.00021786721,0.011450892,0.016360912,0.016623,0.003209117,0.0022024945,0.0005799226,0.34675115,-8.000000000000001e-45,0.684,-0.177,26.395,-0.188,27.744,0.561,-223.936,0.671,-357.208,-0.011,1.348,0.672,-250.332,0.758,-383.603,0.678,-251.68,0.763,-384.951,0.176,-133.271,0.441,0.085,0.059,0.453,0.089,0.062,-3.658,-3.74,-0.503,-5.835,-5.966,-1.147,0.015,0.004,0.003,-2.857,-4.181,-0.563,-4.378,-6.407,-1.231,-2.873,-4.111,-0.566,-4.394,-6.288,-1.236,-1.521,-2.177,-2.226,-0.247,-0.26,-0.902,-0.271,-0.285,-0.969,0.248,0.441,0.433,0.277,0.469,0.46,-0.025,-0.027,-0.067,0.467,0.961,0.693,0.501,0.963,0.707,0.486,0.988,0.726,0.521,0.988,0.74,0.035,0.034,0.029,-4.505,-6.731,0.507,-0.729,0.564,-0.002,-4.406,-6.583,0.487,-0.744,0.546,-0.017,2.578,-3.71,2.533,-3.874,3.418,3.421,4.099,-0.012,4.054,-0.127,4.88,4.885,-3.772,-5.998,1.239,0.003,1.297,0.731,0.697,-0.45,0.781,0.278,3.626,-2.34,4.892,4.954,5.802,2.062,6.985,7.074,1.267,0.036,1.326,0.763,0.741,-0.405,0.826,0.322,5.007,5.066,7.148,7.233,0.144,0.147,-0.0,0.062,-0.005,0.055,-0.177,26.208,-0.184,27.172,0.562,-224.283,0.677,-366.701,-0.008,0.964,0.672,-250.491,0.763,-392.909,0.676,-251.455,0.766,-393.873,0.186,-142.418,0.436,0.084,0.058,0.445,0.087,0.06,-3.669,-3.728,-0.494,-6.0,-6.096,-1.177,0.011,0.003,0.002,-2.868,-4.164,-0.552,-4.499,-6.531,-1.261,-2.879,-4.114,-0.554,-4.51,-6.444,-1.264,-1.631,-2.33,-2.367,-0.248,-0.261,-0.907,-0.264,-0.279,-0.956,0.25,0.444,0.438,0.28,0.473,0.466,-0.018,-0.019,-0.048,0.468,0.963,0.699,0.504,0.966,0.714,0.482,0.982,0.723,0.519,0.984,0.737,0.036,0.036,0.031,-4.48,-6.847,0.507,-0.757,0.567,0.014,-4.409,-6.739,0.493,-0.768,0.554,0.003,2.584,-3.86,2.552,-3.979,3.434,3.436,4.215,0.101,4.183,0.019,5.003,5.006,-3.751,-6.119,1.236,-0.028,1.296,0.742,0.704,-0.473,0.792,0.298,3.647,-2.449,4.906,4.966,5.977,2.248,7.148,7.235,1.256,-0.005,1.317,0.765,0.736,-0.441,0.824,0.33,4.988,5.045,7.267,7.351,0.146,0.148,0.004,0.064,0.001,0.058
2023-03-01,CTD1,4187246,695025,0.004194642,0.0057033123,0.009985201,0.0024063766,0.0027523828,0.00062673294,0.0006704858,0.00024030928,0.0042360616,0.0055907536,0.010127118,0.0025279552,0.0022611413,0.0007237287,1.0145801,-2.878e-42,0.328,-0.152,63.063,-0.408,138.251,0.271,-177.163,0.208,-124.922,-0.273,75.188,0.407,-240.226,0.349,-187.985,0.612,-315.414,0.568,-263.173,-0.067,52.241,0.63,0.152,0.174,0.788,0.333,0.381,-1.01,-1.769,-0.488,-0.712,-1.247,-0.301,0.315,0.181,0.207,-1.008,-2.399,-0.661,-0.789,-1.877,-0.452,-1.323,-1.799,-0.868,-1.104,-1.501,-0.633,0.219,0.298,0.522,-0.122,-0.118,-0.292,-0.714,-0.685,-1.122,0.114,0.211,0.14,0.092,0.178,0.116,-0.649,-0.616,-0.83,0.233,0.475,0.259,0.208,0.447,0.238,0.766,1.091,0.896,0.731,1.096,0.892,-0.035,-0.024,-0.022,-3.414,-2.892,0.494,-0.139,0.46,-0.408,-1.95,-1.652,-0.002,-0.454,-0.063,-0.724,1.172,-0.329,-0.008,-1.885,1.261,1.467,0.953,-0.846,-0.227,-2.625,1.102,1.283,-2.79,-2.268,1.119,0.485,1.084,0.216,-0.003,-0.303,-0.085,-0.573,-0.01,-1.258,1.714,2.094,-0.308,-2.077,1.498,1.831,1.959,1.506,1.898,1.237,1.177,0.876,1.095,0.607,3.493,3.667,3.054,3.206,0.091,0.298,-0.234,0.146,-0.415,-0.242,-0.138,57.202,-0.41,137.324,0.253,-159.508,0.304,-206.186,-0.289,80.122,0.377,-216.71,0.424,-263.388,0.6,-296.832,0.635,-343.51,0.056,-46.678,0.579,0.145,0.129,0.768,0.347,0.311,-0.892,-1.615,-0.361,-1.153,-2.088,-0.521,0.339,0.203,0.181,-0.918,-2.195,-0.49,-1.116,-2.667,-0.666,-1.257,-1.66,-0.671,-1.455,-1.92,-0.868,-0.198,-0.261,-0.473,-0.107,-0.109,-0.283,-0.726,-0.75,-1.23,0.109,0.218,0.138,0.126,0.243,0.156,-0.671,-0.698,-0.947,0.213,0.471,0.247,0.232,0.492,0.263,0.773,1.17,0.968,0.8,1.163,0.969,0.027,0.019,0.017,-3.248,-3.721,0.508,-0.36,0.534,-0.137,-1.793,-2.054,-0.034,-0.7,0.014,-0.476,1.124,-0.797,-0.136,-2.803,1.271,1.452,1.321,-0.338,0.062,-2.133,1.421,1.624,-2.686,-3.159,1.07,0.202,1.097,0.425,-0.045,-0.566,0.018,-0.342,-0.179,-2.267,1.678,1.988,0.082,-1.534,1.876,2.223,1.939,1.273,1.986,1.496,1.215,0.693,1.278,0.917,3.472,3.602,3.882,4.027,0.192,0.373,-0.082,0.229,-0.284,-0.155
2023-03-01,CTD2,4181518,693105,0.0071874755,0.010077793,0.013715255,0.0022354303,0.0018025063,0.0004020945,0.00040715237,0.00015134201,0.0071779652,0.009911068,0.013832562,0.002289773,0.0016475264,0.00043523734,0.27177516,-2.878e-42,0.346,-0.167,39.903,-0.312,66.219,0.526,-308.21,0.599,-415.652,-0.153,26.317,0.637,-348.113,0.697,-455.555,0.72,-374.43,0.768,-481.872,0.107,-107.442,0.547,0.089,0.072,0.667,0.148,0.119,-3.106,-4.227,-0.556,-4.189,-5.701,-0.929,0.189,0.059,0.047,-2.502,-4.774,-0.627,-3.274,-6.248,-1.018,-2.691,-3.773,-0.675,-3.463,-4.856,-1.077,-0.772,-1.083,-1.474,-0.181,-0.186,-0.716,-0.53,-0.549,-1.617,0.208,0.417,0.319,0.226,0.437,0.338,-0.386,-0.405,-0.901,0.375,0.872,0.505,0.396,0.878,0.519,0.665,1.277,0.966,0.69,1.264,0.967,0.025,0.021,0.018,-5.422,-6.896,0.55,-0.527,0.582,-0.093,-3.984,-5.067,0.302,-0.716,0.345,-0.282,2.48,-2.376,1.854,-4.394,3.036,3.084,3.253,-0.521,2.627,-2.148,3.766,3.825,-4.733,-6.207,1.239,0.162,1.271,0.596,0.424,-0.505,0.484,-0.072,2.6,-3.101,4.257,4.377,3.683,-0.544,5.28,5.428,1.686,0.668,1.729,1.102,1.05,0.121,1.11,0.555,5.885,5.957,7.298,7.387,0.132,0.18,-0.029,0.09,-0.088,-0.016,-0.16,38.418,-0.317,67.022,0.516,-297.409,0.627,-467.655,-0.165,28.604,0.625,-335.827,0.715,-506.073,0.716,-364.431,0.787,-534.677,0.163,-170.246,0.531,0.088,0.063,0.664,0.153,0.11,-2.948,-4.114,-0.49,-4.635,-6.469,-1.071,0.205,0.065,0.047,-2.411,-4.645,-0.553,-3.633,-7.0,-1.159,-2.616,-3.612,-0.6,-3.838,-5.299,-1.224,-1.222,-1.687,-2.355,-0.17,-0.177,-0.694,-0.545,-0.576,-1.69,0.206,0.423,0.316,0.233,0.453,0.343,-0.414,-0.444,-0.996,0.363,0.864,0.492,0.393,0.873,0.513,0.675,1.308,0.999,0.713,1.287,0.999,0.038,0.031,0.027,-5.317,-7.672,0.559,-0.666,0.605,0.005,-3.809,-5.497,0.288,-0.871,0.353,-0.201,2.418,-2.881,1.739,-5.261,2.969,3.016,3.64,0.028,2.961,-1.684,4.126,4.191,-4.66,-7.015,1.215,-0.009,1.262,0.661,0.398,-0.673,0.487,-0.003,2.401,-4.068,4.099,4.209,4.089,-0.025,5.697,5.85,1.696,0.537,1.761,1.208,1.077,0.006,1.166,0.676,5.811,5.875,8.077,8.165,0.153,0.2,0.002,0.112,-0.064,-0.001
2023-03-01,CTD3,4181698,695238,0.011394053,0.016229361,0.022512853,0.0045914915,0.003692793,0.00085233216,0.0008492928,0.00031989158,0.011406644,0.01601706,0.022734186,0.0048023257,0.0035011342,0.00089728425,0.24612673,-8.000000000000001e-45,0.356,-0.175,26.148,-0.328,43.346,0.426,-130.029,0.51,-183.033,-0.162,17.198,0.559,-156.177,0.629,-209.181,0.661,-173.375,0.718,-226.379,0.108,-53.004,0.589,0.12,0.097,0.703,0.199,0.16,-2.11,-2.927,-0.48,-2.971,-4.121,-0.84,0.196,0.079,0.064,-1.779,-3.516,-0.577,-2.383,-4.709,-0.96,-1.975,-2.814,-0.64,-2.579,-3.674,-1.039,-0.604,-0.86,-1.193,-0.178,-0.185,-0.584,-0.534,-0.558,-1.342,0.176,0.341,0.26,0.199,0.37,0.284,-0.393,-0.416,-0.758,0.343,0.771,0.444,0.37,0.784,0.463,0.649,1.188,0.9,0.681,1.177,0.904,0.033,0.027,0.023,-4.201,-5.394,0.498,-0.541,0.538,-0.102,-3.029,-3.889,0.223,-0.737,0.279,-0.298,1.761,-1.913,1.094,-3.615,2.254,2.318,2.365,-0.449,1.698,-1.818,2.803,2.882,-3.479,-4.672,1.22,0.181,1.26,0.62,0.318,-0.522,0.397,-0.083,1.559,-2.562,3.211,3.371,2.419,-0.508,3.992,4.191,1.693,0.732,1.748,1.172,0.984,0.144,1.063,0.583,4.579,4.676,5.693,5.814,0.175,0.239,-0.041,0.119,-0.12,-0.024,-0.168,25.235,-0.332,43.682,0.407,-120.564,0.53,-197.954,-0.173,18.447,0.539,-145.799,0.641,-223.188,0.651,-164.246,0.733,-241.635,0.157,-77.389,0.574,0.121,0.088,0.7,0.21,0.153,-1.931,-2.741,-0.422,-3.171,-4.5,-0.951,0.21,0.089,0.065,-1.663,-3.315,-0.51,-2.546,-5.074,-1.072,-1.873,-2.631,-0.575,-2.756,-3.87,-1.16,-0.883,-1.24,-1.759,-0.167,-0.176,-0.555,-0.544,-0.58,-1.364,0.17,0.338,0.252,0.204,0.38,0.287,-0.414,-0.451,-0.809,0.328,0.752,0.427,0.367,0.772,0.455,0.654,1.203,0.919,0.701,1.187,0.924,0.047,0.038,0.034,-4.022,-5.781,0.501,-0.659,0.558,-0.017,-2.834,-4.073,0.202,-0.87,0.283,-0.227,1.671,-2.2,0.956,-4.118,2.157,2.221,2.553,-0.077,1.839,-1.476,2.958,3.047,-3.33,-5.089,1.193,0.033,1.25,0.675,0.284,-0.667,0.398,-0.025,1.342,-3.158,3.028,3.181,2.582,-0.159,4.154,4.364,1.693,0.621,1.774,1.264,0.998,0.048,1.112,0.69,4.427,4.515,6.072,6.194,0.202,0.267,-0.007,0.146,-0.096,-0.007
2023-03-01,CTD4,4180266,698264,0.033706803,0.041340273,0.04923002,0.016709764,0.012816667,0.0033977788,0.0034052338,0.0013243462,0.032687236,0.041201983,0.05001433,0.016731301,0.012241988,0.0031672528,0.18512535,-8.000000000000001e-45,0.256,-0.102,5.478,-0.187,9.355,0.337,-30.178,0.449,-48.356,-0.087,3.877,0.424,-35.656,0.527,-53.834,0.493,-39.532,0.587,-57.711,0.132,-18.178,0.27,0.092,0.07,0.387,0.156,0.12,-1.248,-1.486,-0.387,-1.999,-2.381,-0.808,0.131,0.065,0.05,-1.202,-1.755,-0.457,-1.815,-2.65,-0.9,-1.333,-1.634,-0.507,-1.945,-2.386,-0.964,-0.613,-0.751,-0.895,-0.116,-0.123,-0.259,-0.267,-0.287,-0.526,0.188,0.314,0.274,0.231,0.36,0.317,-0.156,-0.17,-0.267,0.297,0.529,0.397,0.344,0.566,0.433,0.433,0.699,0.6,0.485,0.722,0.627,0.052,0.047,0.043,-2.131,-3.026,0.476,-0.488,0.555,0.048,-1.789,-2.541,0.28,-0.619,0.375,-0.082,1.177,-1.208,0.826,-1.824,1.707,1.757,1.79,0.156,1.439,-0.316,2.226,2.29,-1.72,-2.615,0.887,-0.077,0.966,0.459,0.344,-0.464,0.459,0.073,1.013,-1.367,2.094,2.214,1.765,0.279,2.73,2.886,1.056,0.157,1.151,0.694,0.695,-0.113,0.811,0.424,2.566,2.636,3.345,3.437,0.186,0.235,0.024,0.144,-0.041,0.029,-0.115,6.322,-0.21,10.599,0.323,-29.175,0.455,-51.093,-0.097,4.276,0.422,-35.498,0.542,-57.415,0.499,-39.774,0.607,-61.692,0.155,-21.918,0.316,0.106,0.077,0.437,0.177,0.13,-1.202,-1.459,-0.357,-2.105,-2.555,-0.855,0.14,0.072,0.052,-1.16,-1.775,-0.435,-1.877,-2.872,-0.961,-1.3,-1.639,-0.487,-2.017,-2.542,-1.032,-0.716,-0.903,-1.096,-0.128,-0.137,-0.294,-0.299,-0.324,-0.598,0.175,0.299,0.256,0.224,0.353,0.306,-0.178,-0.196,-0.304,0.296,0.545,0.393,0.35,0.586,0.434,0.45,0.741,0.623,0.511,0.764,0.652,0.061,0.054,0.049,-2.196,-3.292,0.459,-0.573,0.549,0.062,-1.809,-2.712,0.247,-0.713,0.356,-0.078,1.13,-1.412,0.74,-2.132,1.657,1.709,1.846,0.208,1.456,-0.319,2.264,2.336,-1.729,-2.825,0.926,-0.106,1.016,0.529,0.312,-0.543,0.449,0.092,0.932,-1.623,2.088,2.218,1.836,0.376,2.854,3.031,1.124,0.163,1.233,0.798,0.702,-0.153,0.839,0.482,2.615,2.692,3.574,3.679,0.215,0.267,0.032,0.161,-0.04,0.037
2023-03-01,CTD6,4176009,695829,0.009873626,0.014066799,0.014786566,0.0025734478,0.0017200725,0.000438307,0.00042855565,0.00016754516,0.009893592,0.014052155,0.014804136,0.002574014,0.0017476324,0.00044524868,0.09917448,-8.000000000000001e-45,0.221,-0.175,30.191,-0.199,33.651,0.586,-287.304,0.703,-480.091,-0.025,3.46,0.691,-317.494,0.782,-510.281,0.704,-320.955,0.792,-513.742,0.199,-192.787,0.446,0.078,0.052,0.473,0.087,0.058,-4.041,-4.248,-0.494,-6.753,-7.099,-1.235,0.034,0.009,0.006,-3.135,-4.695,-0.546,-5.038,-7.545,-1.313,-3.169,-4.515,-0.552,-5.072,-7.227,-1.322,-1.904,-2.712,-2.851,-0.242,-0.254,-0.977,-0.295,-0.311,-1.144,0.253,0.462,0.442,0.283,0.49,0.47,-0.058,-0.062,-0.168,0.466,0.991,0.696,0.501,0.992,0.711,0.51,1.053,0.774,0.546,1.05,0.785,0.036,0.035,0.03,-5.044,-7.895,0.528,-0.794,0.586,0.034,-4.798,-7.51,0.485,-0.828,0.545,-0.001,2.885,-4.341,2.786,-4.76,3.714,3.72,4.789,0.274,4.689,-0.006,5.557,5.566,-4.321,-7.172,1.251,-0.071,1.308,0.756,0.691,-0.545,0.777,0.283,3.969,-3.13,5.292,5.35,6.68,2.432,7.917,8.004,1.315,0.001,1.375,0.829,0.791,-0.445,0.877,0.383,5.572,5.624,8.336,8.414,0.138,0.144,0.009,0.067,-0.0,0.052,-0.174,29.912,-0.199,33.527,0.587,-287.423,0.7,-471.127,-0.026,3.615,0.69,-317.335,0.779,-501.039,0.704,-320.95,0.789,-504.654,0.191,-183.704,0.443,0.077,0.052,0.471,0.086,0.059,-4.039,-4.255,-0.502,-6.62,-6.975,-1.213,0.036,0.009,0.006,-3.14,-4.698,-0.555,-4.957,-7.417,-1.29,-3.175,-4.51,-0.561,-4.993,-7.091,-1.299,-1.817,-2.581,-2.72,-0.239,-0.251,-0.962,-0.295,-0.311,-1.136,0.254,0.463,0.442,0.282,0.49,0.469,-0.06,-0.065,-0.174,0.465,0.986,0.693,0.498,0.987,0.708,0.511,1.051,0.774,0.545,1.047,0.785,0.035,0.033,0.029,-5.047,-7.767,0.53,-0.769,0.586,0.025,-4.791,-7.372,0.485,-0.805,0.544,-0.011,2.894,-4.197,2.79,-4.627,3.719,3.726,4.712,0.202,4.608,-0.09,5.478,5.487,-4.331,-7.051,1.246,-0.053,1.302,0.741,0.689,-0.524,0.773,0.27,3.963,-3.012,5.283,5.341,6.544,2.289,7.781,7.867,1.313,0.023,1.372,0.817,0.793,-0.419,0.877,0.375,5.575,5.627,8.211,8.288,0.136,0.142,0.007,0.065,-0.003,0.05
2023-03-01,CTD7,4176724,690397,0.034839105,0.05119638,0.054605406,0.00658214,0.0040044496,0.001091207,0.0009716417,0.00038859405,0.03545997,0.04966033,0.05586309,0.0062342845,0.0040609622,0.0011007715,0.056638505,-8.000000000000001e-45,0.265,-0.19,9.171,-0.221,10.39,0.682,-123.223,0.794,-221.019,-0.032,1.219,0.772,-132.394,0.855,-230.19,0.785,-133.613,0.863,-231.409,0.243,-97.796,0.501,0.06,0.037,0.532,0.068,0.042,-6.309,-6.729,-0.493,-11.315,-12.069,-1.455,0.042,0.008,0.005,-4.612,-7.229,-0.53,-8.02,-12.57,-1.515,-4.655,-6.841,-0.535,-8.062,-11.847,-1.523,-3.407,-5.007,-5.34,-0.267,-0.279,-1.545,-0.342,-0.358,-1.867,0.267,0.512,0.482,0.291,0.534,0.504,-0.082,-0.088,-0.322,0.499,1.149,0.761,0.528,1.139,0.771,0.558,1.236,0.87,0.588,1.222,0.876,0.03,0.029,0.024,-7.615,-12.956,0.56,-0.963,0.607,0.072,-7.14,-12.147,0.509,-1.006,0.56,0.03,4.355,-7.492,4.226,-8.343,5.215,5.22,7.763,0.922,7.634,0.404,8.572,8.58,-6.826,-12.167,1.349,-0.174,1.396,0.861,0.749,-0.706,0.823,0.329,6.211,-5.858,7.663,7.705,11.218,4.489,12.596,12.664,1.439,-0.076,1.489,0.959,0.878,-0.577,0.952,0.458,8.181,8.218,13.447,13.508,0.111,0.116,0.014,0.055,0.006,0.042,-0.167,8.064,-0.223,10.3,0.701,-132.203,0.794,-218.046,-0.059,2.236,0.777,-140.267,0.849,-226.11,0.799,-142.502,0.864,-228.346,0.211,-85.844,0.45,0.05,0.033,0.511,0.064,0.042,-6.565,-7.385,-0.537,-10.828,-12.181,-1.359,0.079,0.014,0.009,-4.974,-7.836,-0.57,-8.018,-12.631,-1.41,-5.053,-7.077,-0.579,-8.097,-11.34,-1.424,-3.044,-4.263,-4.795,-0.229,-0.237,-1.379,-0.365,-0.38,-1.982,0.277,0.544,0.488,0.298,0.562,0.506,-0.149,-0.157,-0.602,0.476,1.099,0.725,0.499,1.094,0.734,0.583,1.256,0.924,0.609,1.242,0.927,0.026,0.024,0.021,-8.247,-13.042,0.602,-0.821,0.641,0.063,-7.331,-11.594,0.509,-0.9,0.553,-0.017,4.799,-6.541,4.563,-8.068,5.606,5.615,7.843,0.766,7.607,-0.229,8.606,8.62,-7.56,-12.356,1.289,-0.135,1.328,0.749,0.713,-0.646,0.774,0.238,6.39,-5.79,7.851,7.893,10.653,3.268,12.053,12.117,1.45,0.04,1.494,0.924,0.949,-0.41,1.01,0.474,8.846,8.879,13.58,13.631,0.094,0.103,0.011,0.053,-0.003,0.03
2023-03-01,CTD8,4174178,693048,0.042871393,0.058700822,0.07077445,0.01851273,0.012018133,0.0028375674,0.002795605,0.0010680303,0.04229207,0.056662254,0.07121602,0.019116692,0.0121615995,0.0025894728,0.037636284,-8.000000000000001e-45,0.213,-0.156,6.29,-0.246,9.196,0.397,-30.691,0.562,-59.882,-0.093,2.906,0.52,-36.981,0.66,-66.172,0.585,-39.887,0.71,-69.078,0.213,-29.191,0.445,0.116,0.076,0.54,0.17,0.111,-1.802,-2.172,-0.369,-3.515,-4.238,-1.109,0.125,0.054,0.035,-1.585,-2.617,-0.444,-2.837,-4.683,-1.225,-1.71,-2.341,-0.479,-2.961,-4.055,-1.279,-1.251,-1.714,-2.066,-0.177,-0.191,-0.518,-0.361,-0.395,-0.914,0.188,0.344,0.294,0.238,0.4,0.346,-0.197,-0.22,-0.395,0.354,0.732,0.485,0.411,0.761,0.523,0.515,0.952,0.739,0.578,0.957,0.761,0.064,0.057,0.05,-3.093,-5.159,0.469,-0.81,0.561,0.081,-2.565,-4.279,0.29,-0.935,0.401,-0.043,1.486,-2.569,1.11,-3.573,2.111,2.146,2.738,0.396,2.362,-0.256,3.252,3.306,-2.454,-4.52,1.108,-0.171,1.199,0.72,0.398,-0.711,0.549,0.18,1.52,-2.718,2.891,3.001,3.233,1.061,4.453,4.623,1.335,0.11,1.446,1.002,0.774,-0.335,0.925,0.556,3.543,3.618,5.457,5.574,0.227,0.262,0.035,0.146,-0.019,0.057,-0.145,5.997,-0.255,9.603,0.377,-28.665,0.553,-58.581,-0.114,3.607,0.495,-34.662,0.647,-64.578,0.577,-38.269,0.708,-68.184,0.222,-29.916,0.427,0.115,0.073,0.544,0.184,0.117,-1.624,-2.041,-0.349,-3.319,-4.172,-1.12,0.153,0.069,0.044,-1.466,-2.468,-0.422,-2.731,-4.599,-1.235,-1.618,-2.168,-0.465,-2.884,-3.863,-1.303,-1.265,-1.695,-2.13,-0.159,-0.172,-0.459,-0.382,-0.42,-0.925,0.181,0.337,0.278,0.236,0.398,0.334,-0.237,-0.267,-0.465,0.331,0.689,0.45,0.392,0.725,0.493,0.526,0.957,0.757,0.597,0.962,0.779,0.07,0.061,0.054,-2.979,-5.109,0.478,-0.826,0.576,0.11,-2.37,-4.065,0.256,-0.978,0.379,-0.042,1.417,-2.447,0.955,-3.643,1.998,2.042,2.682,0.513,2.221,-0.248,3.14,3.209,-2.386,-4.516,1.071,-0.232,1.169,0.704,0.344,-0.776,0.508,0.159,1.28,-2.892,2.676,2.793,2.975,0.934,4.207,4.391,1.347,0.112,1.469,1.048,0.805,-0.315,0.969,0.621,3.438,3.511,5.404,5.518,0.237,0.281,0.05,0.167,-0.019,0.054
2023-03-01,CTD10,4170388,695646,0.019035434,0.027733296,0.027636461,0.0039204094,0.0025184455,0.00065554376,0.0006150062,0.00023892318,0.019184753,0.027653355,0.028155101,0.0038744875,0.002570379,0.0006642763,0.07046916,-8.000000000000001e-45,0.156,-0.186,16.476,-0.184,16.35,0.658,-202.542,0.766,-344.537,0.002,-0.126,0.752,-219.018,0.834,-361.013,0.752,-218.891,0.833,-360.886,0.218,-141.995,0.455,0.065,0.041,0.453,0.064,0.041,-5.617,-5.598,-0.51,-9.555,-9.522,-1.351,-0.002,-0.0,-0.0,-4.169,-6.053,-0.552,-6.872,-9.977,-1.415,-4.167,-6.071,-0.551,-6.87,-10.009,-1.415,-2.703,-3.938,-3.924,-0.276,-0.288,-1.351,-0.272,-0.284,-1.336,0.273,0.5,0.501,0.298,0.522,0.523,0.004,0.004,0.015,0.51,1.105,0.79,0.54,1.098,0.799,0.507,1.1,0.784,0.537,1.094,0.794,0.03,0.03,0.025,-6.363,-10.287,0.545,-0.87,0.595,0.044,-6.385,-10.323,0.547,-0.868,0.598,0.046,3.852,-6.157,3.859,-6.118,4.765,4.764,6.555,0.484,6.562,0.509,7.417,7.417,-5.592,-9.517,1.315,-0.1,1.366,0.815,0.798,-0.553,0.871,0.361,5.622,-3.9,6.942,6.983,9.56,3.963,10.806,10.87,1.31,-0.105,1.361,0.809,0.791,-0.56,0.864,0.354,6.917,6.959,10.768,10.832,0.115,0.115,0.009,0.05,0.01,0.051,-0.181,15.963,-0.189,16.607,0.664,-205.974,0.764,-336.923,-0.009,0.644,0.754,-221.937,0.83,-352.886,0.758,-222.581,0.833,-353.53,0.202,-130.949,0.449,0.062,0.041,0.459,0.064,0.043,-5.696,-5.799,-0.529,-9.317,-9.486,-1.305,0.012,0.002,0.002,-4.258,-6.249,-0.57,-6.77,-9.936,-1.367,-4.27,-6.155,-0.572,-6.782,-9.776,-1.37,-2.512,-3.621,-3.687,-0.264,-0.276,-1.314,-0.285,-0.297,-1.392,0.274,0.507,0.498,0.298,0.527,0.519,-0.022,-0.023,-0.078,0.502,1.093,0.774,0.53,1.088,0.783,0.518,1.116,0.803,0.546,1.11,0.811,0.028,0.028,0.023,-6.573,-10.26,0.556,-0.814,0.602,0.03,-6.456,-10.077,0.541,-0.826,0.588,0.018,3.969,-5.807,3.933,-6.002,4.859,4.86,6.482,0.326,6.446,0.197,7.324,7.326,-5.825,-9.512,1.304,-0.066,1.35,0.778,0.78,-0.525,0.848,0.319,5.67,-3.816,7.003,7.046,9.291,3.492,10.557,10.621,1.327,-0.04,1.375,0.804,0.816,-0.489,0.884,0.355,7.133,7.174,10.752,10.814,0.109,0.111,0.006,0.049,0.004,0.045
2023-03-01,CTD11,4169609,700351,0.019126093,0.027880108,0.03753693,0.010410039,0.0073630647,0.0017746508,0.0017791867,0.0006862657,0.01908213,0.02784078,0.037772443,0.010742896,0.0073069865,0.0017236866,0.14524709,-8.000000000000001e-45,0.149,-0.186,16.417,-0.325,25.644,0.295,-43.777,0.444,-83.528,-0.148,9.227,0.456,-60.193,0.582,-99.945,0.566,-69.421,0.672,-109.173,0.171,-39.752,0.616,0.171,0.121,0.715,0.267,0.189,-1.22,-1.643,-0.322,-2.329,-3.135,-0.87,0.176,0.096,0.068,-1.151,-2.259,-0.443,-1.912,-3.752,-1.04,-1.328,-1.935,-0.511,-2.088,-3.044,-1.136,-0.76,-1.108,-1.492,-0.183,-0.195,-0.493,-0.481,-0.522,-1.036,0.133,0.247,0.194,0.18,0.307,0.245,-0.327,-0.365,-0.543,0.308,0.66,0.389,0.362,0.695,0.428,0.577,1.024,0.77,0.642,1.022,0.788,0.065,0.054,0.047,-2.92,-4.412,0.409,-0.728,0.49,-0.021,-2.169,-3.277,0.136,-0.904,0.245,-0.198,1.095,-1.949,0.491,-3.261,1.573,1.641,1.855,-0.081,1.251,-1.008,2.224,2.32,-2.148,-3.64,1.18,0.044,1.262,0.75,0.198,-0.671,0.358,0.035,0.716,-2.42,2.293,2.482,1.824,0.181,3.242,3.509,1.589,0.549,1.699,1.255,0.802,-0.067,0.961,0.639,3.221,3.342,4.554,4.725,0.28,0.348,-0.012,0.177,-0.108,0.013,-0.187,16.487,-0.329,25.931,0.28,-40.68,0.446,-84.45,-0.151,9.444,0.443,-57.166,0.584,-100.937,0.557,-66.61,0.676,-110.381,0.19,-43.771,0.623,0.177,0.12,0.722,0.279,0.189,-1.133,-1.537,-0.297,-2.351,-3.19,-0.907,0.18,0.101,0.069,-1.091,-2.159,-0.418,-1.926,-3.813,-1.084,-1.271,-1.854,-0.487,-2.106,-3.073,-1.186,-0.835,-1.219,-1.653,-0.181,-0.194,-0.485,-0.484,-0.532,-1.035,0.127,0.237,0.185,0.179,0.305,0.243,-0.333,-0.376,-0.55,0.301,0.648,0.379,0.361,0.688,0.423,0.576,1.024,0.769,0.649,1.021,0.79,0.073,0.06,0.052,-2.831,-4.484,0.401,-0.785,0.492,0.005,-2.086,-3.305,0.119,-0.965,0.243,-0.175,1.039,-2.034,0.42,-3.393,1.514,1.583,1.874,0.02,1.255,-0.905,2.226,2.327,-2.057,-3.71,1.175,-0.011,1.266,0.779,0.174,-0.733,0.354,0.057,0.612,-2.578,2.209,2.398,1.831,0.294,3.247,3.526,1.594,0.509,1.717,1.299,0.794,-0.113,0.974,0.677,3.133,3.254,4.606,4.783,0.301,0.37,0.003,0.192,-0.099,0.022
2023-03-01,CTD12,4173438,695414,0.011100564,0.015961988,0.018406456,0.0033718091,0.002502908,0.0005685297,0.0005585252,0.00021631343,0.011094343,0.015873922,0.018544002,0.003432294,0.0023283726,0.0005941791,0.16762008,-8.000000000000001e-45,0.186,-0.18,27.437,-0.248,35.757,0.534,-206.491,0.632,-309.45,-0.071,8.32,0.651,-233.928,0.729,-336.886,0.69,-242.248,0.761,-345.206,0.148,-102.959,0.505,0.093,0.069,0.571,0.121,0.089,-3.296,-3.801,-0.517,-4.939,-5.696,-1.043,0.092,0.028,0.021,-2.597,-4.306,-0.585,-3.74,-6.201,-1.136,-2.689,-3.867,-0.606,-3.832,-5.51,-1.164,-1.143,-1.643,-1.895,-0.223,-0.232,-0.828,-0.378,-0.396,-1.244,0.225,0.419,0.37,0.25,0.445,0.395,-0.169,-0.18,-0.416,0.427,0.926,0.602,0.456,0.93,0.618,0.556,1.105,0.814,0.588,1.099,0.823,0.032,0.029,0.025,-4.763,-6.659,0.512,-0.652,0.559,-0.047,-4.131,-5.774,0.392,-0.744,0.446,-0.139,2.425,-3.085,2.139,-4.062,3.135,3.156,3.568,-0.299,3.282,-1.024,4.224,4.252,-4.021,-5.916,1.255,0.091,1.302,0.696,0.563,-0.48,0.642,0.125,3.076,-2.62,4.508,4.598,4.719,0.918,6.074,6.194,1.447,0.311,1.501,0.916,0.849,-0.194,0.928,0.411,5.233,5.302,7.05,7.143,0.147,0.168,-0.014,0.075,-0.042,0.026,-0.177,27.14,-0.251,36.21,0.527,-201.214,0.653,-339.348,-0.078,9.071,0.644,-228.354,0.744,-366.488,0.688,-237.425,0.777,-375.559,0.192,-138.134,0.503,0.093,0.063,0.575,0.124,0.084,-3.194,-3.731,-0.469,-5.387,-6.293,-1.165,0.101,0.031,0.021,-2.533,-4.235,-0.532,-4.066,-6.796,-1.258,-2.634,-3.769,-0.553,-4.167,-5.962,-1.289,-1.533,-2.193,-2.562,-0.217,-0.229,-0.83,-0.386,-0.409,-1.293,0.223,0.421,0.367,0.255,0.454,0.399,-0.184,-0.199,-0.464,0.42,0.927,0.596,0.457,0.932,0.616,0.56,1.126,0.83,0.601,1.116,0.84,0.041,0.037,0.032,-4.704,-7.265,0.514,-0.775,0.573,0.021,-4.027,-6.219,0.382,-0.876,0.452,-0.08,2.376,-3.585,2.064,-4.732,3.086,3.107,3.909,0.14,3.597,-0.638,4.549,4.58,-3.972,-6.534,1.246,-0.043,1.305,0.752,0.547,-0.618,0.646,0.178,2.953,-3.339,4.415,4.499,5.146,1.415,6.508,6.633,1.455,0.197,1.525,0.993,0.859,-0.306,0.958,0.49,5.193,5.256,7.655,7.748,0.163,0.184,0.006,0.091,-0.025,0.038
2023-03-16,CTD1,4187246,695025,0.004935191,0.007226073,0.012796413,0.0031440624,0.002973132,0.00067406066,0.0006748041,0.00025885072,0.0049747704,0.0070481366,0.012950138,0.0032898837,0.0025348556,0.000760214,0.59866273,-2.878e-42,0.347,-0.188,64.239,-0.443,124.48,0.222,-115.433,0.248,-133.719,-0.278,60.241,0.394,-179.672,0.417,-197.958,0.606,-239.913,0.623,-258.199,0.028,-18.286,0.822,0.202,0.191,0.899,0.391,0.37,-0.834,-1.477,-0.343,-0.966,-1.711,-0.42,0.297,0.189,0.179,-0.887,-2.299,-0.534,-0.977,-2.533,-0.622,-1.184,-1.734,-0.713,-1.274,-1.866,-0.812,-0.09,-0.132,-0.234,-0.144,-0.145,-0.374,-0.758,-0.771,-1.285,0.089,0.176,0.114,0.098,0.189,0.123,-0.689,-0.704,-0.911,0.23,0.516,0.259,0.24,0.526,0.267,0.794,1.221,0.946,0.808,1.216,0.947,0.014,0.01,0.009,-3.387,-3.621,0.437,-0.375,0.451,-0.263,-1.913,-2.045,-0.049,-0.672,-0.026,-0.56,1.005,-0.861,-0.201,-2.734,1.158,1.337,1.095,-0.638,-0.111,-2.41,1.225,1.414,-2.606,-2.84,1.218,0.407,1.232,0.519,-0.072,-0.493,-0.038,-0.381,-0.295,-2.006,1.696,2.066,-0.162,-1.64,1.793,2.185,2.158,1.535,2.181,1.647,1.134,0.713,1.168,0.825,3.468,3.659,3.667,3.869,0.226,0.405,-0.167,0.203,-0.357,-0.166,-0.172,59.133,-0.445,123.795,0.204,-102.948,0.325,-193.485,-0.295,64.662,0.364,-162.081,0.471,-252.618,0.595,-226.743,0.673,-317.281,0.13,-90.538,0.766,0.195,0.15,0.873,0.407,0.314,-0.726,-1.333,-0.261,-1.364,-2.506,-0.637,0.322,0.213,0.164,-0.806,-2.099,-0.411,-1.257,-3.271,-0.831,-1.128,-1.598,-0.575,-1.578,-2.236,-1.044,-0.45,-0.638,-1.172,-0.128,-0.134,-0.356,-0.771,-0.832,-1.369,0.084,0.176,0.109,0.122,0.236,0.15,-0.714,-0.786,-1.013,0.21,0.5,0.243,0.252,0.546,0.278,0.803,1.286,1.008,0.866,1.26,1.007,0.063,0.042,0.038,-3.231,-4.403,0.452,-0.592,0.51,-0.065,-1.758,-2.396,-0.083,-0.914,0.024,-0.386,0.968,-1.268,-0.325,-3.597,1.152,1.316,1.418,-0.18,0.125,-1.974,1.496,1.709,-2.52,-3.692,1.163,0.119,1.221,0.646,-0.117,-0.754,0.035,-0.226,-0.461,-2.966,1.633,1.947,0.177,-1.156,2.119,2.526,2.136,1.305,2.244,1.833,1.176,0.54,1.328,1.067,3.427,3.577,4.448,4.642,0.302,0.466,-0.043,0.271,-0.255,-0.106
2023-03-16,CTD2,4181518,693105,0.010644523,0.014147993,0.012219041,0.002098817,0.0014236463,0.0003632689,0.00035870375,0.0001439122,0.010650183,0.014211067,0.012088857,0.0020883142,0.0014223965,0.00037144174,0.11757024,-2.878e-42,0.306,-0.141,23.264,-0.069,12.106,0.671,-382.514,0.764,-608.477,0.073,-11.158,0.742,-405.777,0.817,-631.74,0.707,-394.619,0.791,-620.582,0.192,-225.963,0.284,0.049,0.033,0.171,0.025,0.017,-5.412,-4.674,-0.545,-8.609,-7.435,-1.277,-0.119,-0.023,-0.016,-4.319,-4.958,-0.578,-6.725,-7.719,-1.326,-4.201,-5.583,-0.562,-6.606,-8.78,-1.302,-2.405,-3.197,-2.761,-0.245,-0.257,-0.995,-0.097,-0.101,-0.447,0.324,0.549,0.626,0.35,0.568,0.644,0.151,0.16,0.548,0.527,0.998,0.883,0.557,0.999,0.889,0.408,0.839,0.65,0.435,0.847,0.664,0.027,0.03,0.026,-5.07,-7.831,0.581,-0.722,0.636,0.074,-5.87,-9.067,0.723,-0.603,0.771,0.193,3.914,-4.866,4.208,-3.511,4.971,4.955,6.319,0.736,6.613,1.655,7.329,7.305,-4.493,-7.254,1.157,-0.145,1.213,0.651,0.961,-0.316,1.024,0.48,5.593,-1.842,6.607,6.624,8.79,4.116,9.741,9.766,1.0,-0.326,1.047,0.47,0.666,-0.611,0.73,0.185,5.688,5.721,8.386,8.435,0.097,0.081,0.015,0.032,0.038,0.071,-0.143,23.527,-0.063,11.174,0.672,-384.96,0.764,-609.144,0.081,-12.353,0.744,-408.487,0.818,-632.671,0.705,-396.134,0.789,-620.318,0.19,-224.184,0.284,0.049,0.033,0.159,0.023,0.016,-5.471,-4.654,-0.548,-8.657,-7.364,-1.272,-0.132,-0.026,-0.018,-4.35,-4.938,-0.581,-6.738,-7.648,-1.321,-4.219,-5.629,-0.563,-6.607,-8.815,-1.295,-2.388,-3.186,-2.71,-0.251,-0.264,-1.014,-0.088,-0.092,-0.41,0.326,0.548,0.634,0.351,0.566,0.651,0.167,0.176,0.604,0.533,1.004,0.897,0.562,1.004,0.902,0.402,0.828,0.64,0.429,0.837,0.654,0.027,0.029,0.025,-5.039,-7.75,0.577,-0.719,0.632,0.068,-5.924,-9.11,0.734,-0.587,0.781,0.2,3.924,-4.891,4.249,-3.399,5.0,4.982,6.312,0.682,6.637,1.699,7.341,7.315,-4.454,-7.165,1.162,-0.134,1.217,0.653,0.979,-0.293,1.042,0.494,5.67,-1.694,6.671,6.687,8.856,4.202,9.795,9.818,0.988,-0.333,1.035,0.454,0.655,-0.618,0.717,0.17,5.655,5.689,8.303,8.352,0.096,0.078,0.013,0.029,0.039,0.073
2023-03-16,CTD3,4181698,695238,0.010910554,0.015440403,0.016874582,0.0038166887,0.0024943259,0.00064023206,0.0006366434,0.0002613022,0.010952895,0.01545469,0.016623,0.0038799166,0.002510189,0.00065543654,0.07234001,-8.000000000000001e-45,0.271,-0.172,26.889,-0.215,32.394,0.482,-170.353,0.628,-309.256,-0.044,5.504,0.604,-197.242,0.722,-336.145,0.631,-202.746,0.742,-341.649,0.21,-138.903,0.454,0.103,0.067,0.5,0.124,0.081,-2.63,-2.875,-0.425,-4.775,-5.219,-1.18,0.06,0.021,0.014,-2.152,-3.328,-0.492,-3.668,-5.672,-1.283,-2.212,-3.13,-0.506,-3.728,-5.275,-1.304,-1.516,-2.145,-2.344,-0.219,-0.234,-0.718,-0.31,-0.333,-0.945,0.22,0.396,0.366,0.26,0.437,0.407,-0.097,-0.107,-0.227,0.418,0.867,0.6,0.466,0.879,0.626,0.496,0.974,0.728,0.546,0.976,0.747,0.05,0.048,0.041,-3.715,-6.059,0.48,-0.824,0.559,0.053,-3.399,-5.544,0.399,-0.884,0.485,-0.007,1.944,-3.332,1.766,-3.907,2.697,2.711,3.459,0.329,3.281,-0.047,4.127,4.148,-3.006,-5.35,1.189,-0.115,1.267,0.762,0.565,-0.615,0.686,0.261,2.499,-2.72,3.817,3.898,4.644,1.769,5.84,5.964,1.299,0.016,1.385,0.893,0.743,-0.437,0.864,0.439,4.193,4.26,6.415,6.518,0.188,0.202,0.019,0.099,-0.002,0.065,-0.17,26.595,-0.206,31.142,0.477,-166.437,0.627,-307.076,-0.036,4.548,0.599,-193.032,0.721,-333.671,0.622,-197.58,0.738,-338.219,0.214,-140.639,0.442,0.103,0.067,0.481,0.121,0.078,-2.572,-2.767,-0.418,-4.746,-5.105,-1.191,0.05,0.018,0.011,-2.114,-3.209,-0.485,-3.655,-5.547,-1.295,-2.164,-3.054,-0.496,-3.704,-5.227,-1.312,-1.54,-2.174,-2.338,-0.22,-0.235,-0.704,-0.293,-0.316,-0.887,0.22,0.394,0.37,0.263,0.437,0.412,-0.079,-0.087,-0.183,0.42,0.86,0.605,0.469,0.873,0.631,0.483,0.947,0.709,0.534,0.951,0.73,0.052,0.05,0.043,-3.576,-5.914,0.475,-0.837,0.558,0.062,-3.324,-5.498,0.408,-0.887,0.496,0.012,1.893,-3.334,1.747,-3.799,2.661,2.672,3.434,0.38,3.288,0.079,4.112,4.13,-2.873,-5.211,1.178,-0.135,1.26,0.764,0.575,-0.616,0.701,0.283,2.466,-2.639,3.754,3.832,4.639,1.872,5.803,5.923,1.267,-0.028,1.355,0.871,0.721,-0.47,0.846,0.429,4.055,4.122,6.268,6.371,0.192,0.203,0.022,0.1,0.004,0.071
2023-03-16,CTD4,4180266,698264,0.011029372,0.015741657,0.017782321,0.004772037,0.0030774912,0.0008294169,0.0008317347,0.00033844824,0.011069643,0.01574504,0.017735235,0.0048140264,0.003232663,0.00082025037,0.0015861776,-8.000000000000001e-45,0.191,-0.176,27.141,-0.234,34.431,0.396,-118.887,0.564,-234.273,-0.061,7.29,0.535,-146.028,0.673,-261.414,0.577,-153.318,0.705,-268.704,0.216,-115.386,0.483,0.13,0.084,0.542,0.164,0.106,-1.871,-2.114,-0.366,-3.688,-4.166,-1.118,0.08,0.035,0.022,-1.611,-2.597,-0.449,-2.883,-4.649,-1.247,-1.691,-2.413,-0.472,-2.964,-4.23,-1.282,-1.273,-1.816,-2.052,-0.209,-0.226,-0.6,-0.329,-0.359,-0.86,0.187,0.332,0.3,0.237,0.388,0.353,-0.129,-0.145,-0.26,0.381,0.778,0.526,0.44,0.801,0.561,0.486,0.922,0.691,0.549,0.931,0.717,0.063,0.059,0.051,-3.026,-5.078,0.432,-0.85,0.528,0.056,-2.678,-4.495,0.317,-0.93,0.425,-0.025,1.426,-2.804,1.182,-3.467,2.116,2.138,2.699,0.285,2.454,-0.142,3.281,3.316,-2.299,-4.351,1.159,-0.123,1.254,0.782,0.453,-0.665,0.606,0.24,1.686,-2.479,3.02,3.126,3.503,1.389,4.682,4.847,1.309,0.062,1.417,0.967,0.697,-0.421,0.851,0.485,3.447,3.531,5.346,5.475,0.237,0.26,0.024,0.13,-0.011,0.073,-0.174,26.825,-0.231,33.952,0.394,-117.389,0.548,-219.005,-0.059,7.127,0.532,-144.214,0.659,-245.83,0.573,-151.341,0.692,-252.958,0.197,-101.616,0.476,0.129,0.087,0.535,0.163,0.11,-1.848,-2.082,-0.379,-3.448,-3.884,-1.054,0.079,0.034,0.023,-1.596,-2.558,-0.466,-2.721,-4.36,-1.183,-1.675,-2.383,-0.489,-2.8,-3.983,-1.218,-1.125,-1.6,-1.802,-0.207,-0.223,-0.581,-0.324,-0.351,-0.828,0.187,0.33,0.298,0.234,0.381,0.348,-0.125,-0.139,-0.247,0.379,0.764,0.521,0.434,0.788,0.555,0.482,0.903,0.681,0.541,0.913,0.705,0.059,0.055,0.047,-2.981,-4.783,0.432,-0.786,0.521,0.032,-2.646,-4.246,0.318,-0.865,0.419,-0.047,1.412,-2.571,1.173,-3.187,2.094,2.117,2.537,0.154,2.298,-0.26,3.119,3.153,-2.262,-4.064,1.151,-0.067,1.24,0.751,0.453,-0.601,0.596,0.216,1.669,-2.216,2.979,3.088,3.268,1.187,4.436,4.599,1.296,0.113,1.397,0.931,0.692,-0.363,0.834,0.455,3.392,3.479,5.051,5.181,0.23,0.253,0.014,0.123,-0.021,0.066
2023-03-16,CTD6,4176009,695829,0.01115333,0.015429938,0.014713472,0.0036026738,0.0023032657,0.0006442561,0.0006373567,0.00026140493,0.011184232,0.015511555,0.01466024,0.003626345,0.0025130229,0.0006247976,0.0003543083,-8.000000000000001e-45,0.186,-0.161,24.85,-0.138,21.694,0.512,-187.912,0.658,-344.507,0.024,-3.156,0.621,-212.763,0.74,-369.357,0.607,-209.607,0.729,-366.201,0.22,-156.595,0.366,0.09,0.057,0.335,0.078,0.05,-2.899,-2.765,-0.433,-5.316,-5.069,-1.241,-0.035,-0.011,-0.007,-2.373,-3.13,-0.49,-4.12,-5.435,-1.331,-2.338,-3.234,-0.483,-4.084,-5.65,-1.319,-1.747,-2.416,-2.304,-0.233,-0.251,-0.724,-0.187,-0.201,-0.603,0.25,0.426,0.444,0.294,0.465,0.483,0.049,0.053,0.121,0.457,0.879,0.695,0.507,0.89,0.717,0.418,0.826,0.627,0.467,0.841,0.652,0.049,0.05,0.043,-3.361,-5.665,0.478,-0.841,0.566,0.084,-3.525,-5.941,0.525,-0.806,0.609,0.119,2.047,-3.603,2.142,-3.292,2.947,2.939,3.794,0.559,3.889,0.758,4.609,4.598,-2.701,-5.005,1.139,-0.181,1.227,0.744,0.726,-0.515,0.842,0.409,2.964,-2.105,4.076,4.126,5.38,2.615,6.376,6.454,1.086,-0.245,1.17,0.68,0.631,-0.611,0.747,0.314,3.878,3.935,6.065,6.155,0.174,0.166,0.027,0.077,0.038,0.096,-0.162,24.944,-0.134,21.2,0.51,-186.348,0.633,-308.516,0.028,-3.744,0.621,-211.292,0.721,-333.459,0.603,-207.548,0.707,-329.715,0.181,-122.167,0.366,0.09,0.063,0.329,0.077,0.053,-2.891,-2.732,-0.468,-4.786,-4.523,-1.119,-0.042,-0.014,-0.009,-2.363,-3.098,-0.531,-3.729,-4.889,-1.209,-2.321,-3.219,-0.522,-3.688,-5.114,-1.196,-1.366,-1.895,-1.791,-0.237,-0.252,-0.705,-0.182,-0.193,-0.566,0.25,0.419,0.44,0.287,0.453,0.474,0.057,0.062,0.139,0.46,0.868,0.692,0.503,0.878,0.711,0.413,0.806,0.612,0.455,0.82,0.635,0.042,0.043,0.037,-3.322,-5.113,0.474,-0.722,0.55,0.028,-3.515,-5.41,0.529,-0.68,0.601,0.07,2.026,-3.088,2.139,-2.75,2.922,2.913,3.392,0.173,3.505,0.408,4.217,4.203,-2.656,-4.447,1.14,-0.056,1.215,0.694,0.734,-0.385,0.833,0.365,2.967,-1.556,4.053,4.106,4.862,2.13,5.848,5.925,1.077,-0.132,1.149,0.618,0.621,-0.498,0.72,0.252,3.818,3.881,5.509,5.6,0.162,0.153,0.009,0.062,0.023,0.085
2023-03-16,CTD7,4176724,690397,0.011644169,0.01852804,0.025189945,0.005331544,0.003840821,0.0009029297,0.00092995143,0.00036894926,0.011645201,0.018365465,0.02535557,0.0055195605,0.0037501731,0.00093065476,0.15995188,-8.000000000000001e-45,0.283,-0.228,31.908,-0.368,46.182,0.372,-101.683,0.504,-174.481,-0.152,14.274,0.553,-133.591,0.657,-206.389,0.651,-147.865,0.735,-220.663,0.163,-72.798,0.804,0.17,0.123,0.856,0.246,0.177,-1.884,-2.561,-0.391,-3.233,-4.395,-0.93,0.166,0.076,0.055,-1.556,-3.365,-0.513,-2.403,-5.199,-1.1,-1.722,-2.74,-0.568,-2.569,-4.088,-1.176,-0.848,-1.349,-1.834,-0.226,-0.237,-0.751,-0.568,-0.606,-1.477,0.144,0.282,0.217,0.178,0.327,0.256,-0.392,-0.43,-0.726,0.358,0.852,0.455,0.399,0.865,0.481,0.658,1.282,0.888,0.708,1.258,0.895,0.049,0.04,0.034,-4.096,-5.93,0.417,-0.76,0.476,-0.092,-3.013,-4.362,0.174,-0.926,0.255,-0.258,1.448,-2.64,0.824,-4.374,1.977,2.032,2.296,-0.443,1.672,-1.693,2.744,2.82,-3.134,-4.967,1.38,0.203,1.439,0.871,0.278,-0.653,0.406,0.015,1.312,-3.083,3.145,3.323,2.661,0.099,4.366,4.612,1.876,0.775,1.956,1.443,0.902,-0.029,1.03,0.639,4.395,4.517,6.101,6.271,0.251,0.305,-0.042,0.135,-0.118,0.004,-0.224,31.422,-0.371,46.433,0.357,-95.302,0.513,-180.782,-0.16,15.011,0.538,-126.724,0.661,-212.204,0.642,-141.735,0.742,-227.215,0.191,-85.481,0.797,0.173,0.118,0.853,0.256,0.174,-1.75,-2.416,-0.357,-3.32,-4.584,-0.998,0.175,0.083,0.056,-1.476,-3.213,-0.475,-2.471,-5.381,-1.171,-1.651,-2.603,-0.532,-2.646,-4.173,-1.254,-0.995,-1.57,-2.167,-0.218,-0.231,-0.725,-0.574,-0.62,-1.479,0.14,0.277,0.21,0.181,0.331,0.256,-0.407,-0.454,-0.754,0.347,0.834,0.441,0.395,0.851,0.473,0.661,1.288,0.897,0.72,1.259,0.905,0.059,0.048,0.04,-3.96,-6.127,0.416,-0.838,0.486,-0.045,-2.868,-4.438,0.159,-1.013,0.255,-0.22,1.385,-2.787,0.729,-4.651,1.906,1.962,2.381,-0.222,1.725,-1.489,2.805,2.888,-3.017,-5.184,1.359,0.105,1.429,0.898,0.25,-0.747,0.402,0.045,1.15,-3.434,3.005,3.179,2.72,0.303,4.423,4.68,1.877,0.706,1.973,1.498,0.907,-0.091,1.059,0.701,4.272,4.39,6.287,6.461,0.27,0.326,-0.021,0.153,-0.104,0.013
2023-03-16,CTD8,4174178,693048,0.009348035,0.01409063,0.01686899,0.0040222113,0.0032171593,0.0007776356,0.0007785381,0.00031011808,0.009373603,0.014031884,0.016757213,0.004129227,0.0030476737,0.00081891805,0.12207694,-8.000000000000001e-45,0.212,-0.202,36.005,-0.287,47.694,0.398,-141.645,0.488,-203.859,-0.09,11.689,0.556,-177.65,0.628,-239.864,0.615,-189.339,0.68,-251.553,0.111,-62.214,0.607,0.145,0.116,0.672,0.192,0.153,-1.996,-2.389,-0.456,-2.872,-3.439,-0.82,0.109,0.047,0.038,-1.661,-2.997,-0.572,-2.242,-4.046,-0.965,-1.77,-2.668,-0.609,-2.352,-3.545,-1.012,-0.582,-0.877,-1.049,-0.227,-0.236,-0.655,-0.415,-0.435,-1.039,0.172,0.308,0.265,0.198,0.338,0.293,-0.208,-0.221,-0.384,0.384,0.801,0.501,0.415,0.813,0.52,0.548,1.022,0.742,0.582,1.021,0.754,0.034,0.031,0.026,-3.531,-4.58,0.425,-0.587,0.473,-0.136,-2.949,-3.826,0.269,-0.696,0.326,-0.246,1.489,-2.056,1.127,-2.919,2.096,2.133,2.07,-0.598,1.709,-1.288,2.62,2.667,-2.687,-3.736,1.269,0.257,1.317,0.707,0.405,-0.415,0.491,0.035,1.699,-1.74,3.159,3.312,2.575,0.186,3.95,4.141,1.519,0.554,1.576,1.005,0.767,-0.053,0.853,0.397,3.85,3.966,4.813,4.958,0.202,0.24,-0.059,0.095,-0.106,0.01,-0.199,35.416,-0.283,47.007,0.388,-135.494,0.509,-221.437,-0.089,11.59,0.545,-170.91,0.643,-256.853,0.605,-182.5,0.692,-268.443,0.151,-85.943,0.593,0.146,0.108,0.66,0.194,0.143,-1.901,-2.27,-0.413,-3.107,-3.711,-0.914,0.109,0.048,0.035,-1.602,-2.864,-0.521,-2.408,-4.304,-1.061,-1.711,-2.561,-0.556,-2.516,-3.767,-1.108,-0.806,-1.206,-1.44,-0.223,-0.235,-0.649,-0.407,-0.432,-1.029,0.17,0.307,0.265,0.205,0.348,0.303,-0.202,-0.219,-0.38,0.379,0.797,0.5,0.42,0.813,0.526,0.54,1.017,0.739,0.586,1.015,0.755,0.046,0.041,0.035,-3.39,-4.83,0.422,-0.687,0.486,-0.07,-2.839,-4.045,0.265,-0.796,0.342,-0.179,1.433,-2.334,1.076,-3.228,2.053,2.088,2.238,-0.323,1.881,-0.983,2.781,2.829,-2.561,-4.001,1.251,0.142,1.315,0.759,0.397,-0.518,0.512,0.099,1.61,-2.1,3.073,3.216,2.816,0.546,4.164,4.358,1.493,0.433,1.571,1.05,0.754,-0.161,0.869,0.456,3.733,3.841,5.058,5.204,0.223,0.259,-0.031,0.112,-0.079,0.029
2023-03-16,CTD10,4170388,695646,0.010177342,0.015346479,0.018863827,0.004279336,0.002914766,0.00072691095,0.0007268169,0.0002958777,0.010208346,0.015332754,0.01879877,0.004303048,0.0028784708,0.000738287,0.117208034,-8.000000000000001e-45,0.128,-0.203,33.096,-0.299,45.246,0.408,-135.424,0.555,-244.823,-0.103,12.15,0.564,-168.52,0.681,-277.919,0.63,-180.67,0.732,-290.069,0.19,-109.4,0.624,0.142,0.096,0.694,0.194,0.132,-2.078,-2.555,-0.395,-3.757,-4.618,-1.048,0.124,0.052,0.035,-1.715,-3.179,-0.491,-2.828,-5.243,-1.189,-1.839,-2.773,-0.527,-2.952,-4.452,-1.241,-1.113,-1.679,-2.064,-0.223,-0.237,-0.719,-0.443,-0.476,-1.207,0.172,0.323,0.271,0.212,0.37,0.314,-0.243,-0.269,-0.489,0.381,0.845,0.508,0.428,0.86,0.537,0.571,1.114,0.799,0.625,1.103,0.813,0.053,0.047,0.04,-3.745,-5.809,0.436,-0.805,0.509,-0.018,-3.047,-4.726,0.261,-0.929,0.35,-0.142,1.565,-2.887,1.149,-4.094,2.188,2.224,2.678,-0.095,2.262,-0.916,3.213,3.265,-2.9,-4.964,1.281,0.04,1.353,0.827,0.393,-0.655,0.527,0.132,1.733,-2.886,3.3,3.432,3.412,0.857,4.845,5.038,1.575,0.385,1.664,1.172,0.809,-0.239,0.943,0.548,4.122,4.218,6.051,6.193,0.231,0.266,-0.008,0.124,-0.06,0.037,-0.201,32.739,-0.296,44.764,0.407,-134.434,0.56,-249.448,-0.102,12.025,0.562,-167.174,0.684,-282.187,0.627,-179.198,0.734,-294.212,0.198,-115.013,0.615,0.141,0.094,0.686,0.193,0.129,-2.061,-2.527,-0.387,-3.825,-4.689,-1.073,0.123,0.052,0.035,-1.707,-3.143,-0.481,-2.881,-5.305,-1.214,-1.829,-2.748,-0.516,-3.003,-4.511,-1.266,-1.174,-1.763,-2.162,-0.222,-0.236,-0.714,-0.437,-0.472,-1.196,0.173,0.324,0.272,0.215,0.373,0.317,-0.239,-0.265,-0.483,0.38,0.843,0.509,0.429,0.858,0.539,0.568,1.108,0.796,0.623,1.097,0.811,0.056,0.049,0.042,-3.703,-5.865,0.437,-0.829,0.513,-0.003,-3.02,-4.784,0.262,-0.952,0.355,-0.126,1.557,-2.954,1.146,-4.158,2.185,2.219,2.731,-0.017,2.32,-0.822,3.266,3.318,-2.867,-5.029,1.273,0.007,1.349,0.833,0.394,-0.679,0.534,0.147,1.722,-2.968,3.281,3.41,3.485,0.958,4.905,5.098,1.561,0.347,1.654,1.173,0.805,-0.269,0.944,0.557,4.087,4.181,6.109,6.25,0.234,0.268,-0.001,0.128,-0.053,0.041
2023-03-16,CTD11,4169609,700351,0.0077010854,0.011644517,0.016438447,0.0034138917,0.0025898083,0.00062742253,0.0006239687,0.00025048835,0.007727016,0.011562321,0.01647382,0.0034467513,0.002457879,0.0006459298,0.21760255,-2.878e-42,0.044,-0.204,43.974,-0.362,69.019,0.386,-163.069,0.497,-256.277,-0.171,25.044,0.547,-207.044,0.636,-300.252,0.656,-232.088,0.728,-325.296,0.137,-93.208,0.723,0.15,0.114,0.804,0.236,0.179,-1.899,-2.681,-0.422,-2.984,-4.213,-0.875,0.193,0.085,0.065,-1.594,-3.403,-0.536,-2.312,-4.936,-1.025,-1.787,-2.703,-0.601,-2.505,-3.788,-1.111,-0.718,-1.085,-1.532,-0.199,-0.207,-0.657,-0.58,-0.614,-1.455,0.153,0.301,0.225,0.182,0.339,0.257,-0.431,-0.466,-0.798,0.341,0.8,0.433,0.375,0.815,0.456,0.673,1.266,0.915,0.716,1.246,0.92,0.043,0.034,0.029,-4.154,-5.686,0.454,-0.657,0.504,-0.097,-2.942,-4.028,0.175,-0.85,0.246,-0.29,1.547,-2.24,0.844,-4.092,2.033,2.098,2.265,-0.437,1.562,-1.842,2.68,2.766,-3.303,-4.835,1.304,0.194,1.355,0.753,0.265,-0.61,0.372,-0.05,1.276,-2.936,3.075,3.253,2.362,-0.319,4.053,4.289,1.841,0.816,1.912,1.376,0.968,0.093,1.075,0.653,4.479,4.593,5.904,6.054,0.221,0.286,-0.043,0.136,-0.129,-0.015,-0.199,42.928,-0.361,68.714,0.383,-160.712,0.517,-277.439,-0.175,25.785,0.541,-203.64,0.649,-320.367,0.654,-229.426,0.74,-346.152,0.167,-116.727,0.707,0.148,0.106,0.794,0.237,0.169,-1.858,-2.648,-0.395,-3.208,-4.57,-0.956,0.199,0.089,0.063,-1.574,-3.355,-0.501,-2.475,-5.278,-1.104,-1.773,-2.653,-0.564,-2.675,-4.002,-1.193,-0.902,-1.35,-1.923,-0.193,-0.203,-0.65,-0.583,-0.624,-1.481,0.153,0.305,0.226,0.188,0.351,0.265,-0.44,-0.482,-0.832,0.335,0.797,0.429,0.376,0.815,0.457,0.675,1.279,0.929,0.727,1.254,0.934,0.051,0.041,0.035,-4.111,-6.034,0.459,-0.734,0.519,-0.045,-2.886,-4.235,0.171,-0.933,0.256,-0.244,1.54,-2.462,0.817,-4.461,2.029,2.093,2.442,-0.211,1.719,-1.636,2.846,2.935,-3.283,-5.206,1.287,0.094,1.347,0.783,0.256,-0.7,0.384,-0.011,1.223,-3.348,3.036,3.205,2.572,-0.075,4.258,4.495,1.834,0.73,1.919,1.419,0.979,0.022,1.107,0.712,4.461,4.567,6.256,6.404,0.233,0.297,-0.02,0.149,-0.109,-0.003
2023-03-16,CTD12,4173438,695414,0.010587136,0.0151757775,0.016998116,0.0041477294,0.0027795036,0.0007501865,0.0007509869,0.00030277524,0.010650183,0.015272063,0.016757213,0.004185907,0.0029330833,0.0007562073,0.00017795818,-8.000000000000001e-45,0.163,-0.178,28.56,-0.232,35.624,0.437,-146.642,0.584,-265.322,-0.057,7.064,0.571,-175.201,0.69,-293.882,0.608,-182.266,0.719,-300.946,0.198,-118.681,0.485,0.118,0.079,0.541,0.148,0.099,-2.225,-2.493,-0.408,-4.026,-4.51,-1.1,0.075,0.029,0.02,-1.855,-2.978,-0.487,-3.111,-4.995,-1.219,-1.93,-2.766,-0.507,-3.186,-4.567,-1.248,-1.256,-1.801,-2.017,-0.217,-0.232,-0.662,-0.332,-0.357,-0.925,0.2,0.359,0.326,0.243,0.404,0.369,-0.124,-0.136,-0.263,0.4,0.825,0.558,0.449,0.841,0.586,0.499,0.961,0.716,0.552,0.965,0.736,0.053,0.05,0.043,-3.401,-5.418,0.454,-0.795,0.534,0.028,-3.036,-4.837,0.35,-0.869,0.44,-0.047,1.66,-2.907,1.432,-3.563,2.369,2.389,2.916,0.15,2.689,-0.289,3.536,3.565,-2.665,-4.682,1.189,-0.059,1.27,0.763,0.501,-0.599,0.63,0.223,2.053,-2.457,3.396,3.495,3.854,1.362,5.068,5.216,1.332,0.113,1.422,0.935,0.728,-0.372,0.858,0.45,3.836,3.915,5.724,5.842,0.209,0.228,0.011,0.11,-0.019,0.061,-0.178,28.416,-0.223,34.219,0.436,-145.002,0.568,-247.043,-0.046,5.803,0.57,-173.418,0.678,-275.459,0.6,-179.221,0.702,-281.262,0.176,-102.041,0.476,0.119,0.083,0.523,0.143,0.1,-2.214,-2.43,-0.425,-3.773,-4.14,-1.034,0.062,0.024,0.017,-1.847,-2.906,-0.509,-2.934,-4.616,-1.153,-1.909,-2.737,-0.526,-2.995,-4.295,-1.177,-1.087,-1.558,-1.71,-0.221,-0.235,-0.649,-0.314,-0.335,-0.858,0.202,0.355,0.328,0.241,0.397,0.368,-0.1,-0.109,-0.209,0.404,0.816,0.563,0.45,0.832,0.589,0.485,0.925,0.691,0.533,0.932,0.71,0.048,0.046,0.039,-3.306,-5.016,0.448,-0.73,0.522,-0.003,-3.013,-4.571,0.361,-0.792,0.444,-0.065,1.633,-2.663,1.447,-3.169,2.352,2.369,2.72,-0.017,2.534,-0.372,3.357,3.381,-2.569,-4.279,1.184,0.007,1.259,0.733,0.518,-0.516,0.636,0.211,2.075,-2.065,3.373,3.473,3.633,1.204,4.814,4.957,1.299,0.146,1.381,0.873,0.704,-0.33,0.822,0.397,3.728,3.811,5.32,5.439,0.201,0.218,-0.001,0.099,-0.026,0.058
2023-04-20,CTD1,4187246,695025,0.0049639405,0.0067753163,0.011406716,0.0034073757,0.003897868,0.0009635877,0.00096227945,0.00037568246,0.0050135483,0.006635382,0.011504593,0.0036377953,0.003342331,0.0010897275,0.62733394,-8.000000000000001e-45,0.218,-0.154,53.858,-0.394,113.785,0.186,-92.028,0.12,-55.098,-0.255,59.927,0.331,-145.886,0.27,-108.956,0.54,-205.813,0.491,-168.883,-0.067,36.93,0.614,0.184,0.21,0.771,0.388,0.444,-0.624,-1.05,-0.359,-0.373,-0.628,-0.188,0.297,0.204,0.234,-0.724,-1.664,-0.569,-0.541,-1.243,-0.371,-1.022,-1.394,-0.802,-0.838,-1.144,-0.575,0.183,0.25,0.421,-0.122,-0.118,-0.248,-0.633,-0.604,-0.882,0.086,0.146,0.102,0.059,0.105,0.072,-0.553,-0.523,-0.634,0.206,0.38,0.22,0.176,0.344,0.194,0.681,0.903,0.749,0.64,0.897,0.737,-0.042,-0.03,-0.027,-2.615,-2.194,0.434,-0.142,0.391,-0.411,-1.553,-1.303,-0.068,-0.439,-0.14,-0.709,0.863,-0.281,-0.227,-1.47,0.882,1.115,0.68,-0.715,-0.41,-2.074,0.771,0.975,-1.983,-1.561,1.066,0.491,1.023,0.221,-0.092,-0.28,-0.191,-0.55,-0.309,-0.938,1.203,1.647,-0.56,-1.609,1.052,1.439,1.795,1.424,1.723,1.154,0.997,0.809,0.898,0.54,2.562,2.772,2.24,2.423,0.111,0.345,-0.282,0.161,-0.487,-0.277,-0.139,48.752,-0.393,112.538,0.159,-75.432,0.2,-99.733,-0.268,63.785,0.292,-124.185,0.33,-148.485,0.52,-187.97,0.55,-212.271,0.042,-24.301,0.561,0.177,0.163,0.747,0.409,0.376,-0.501,-0.868,-0.252,-0.662,-1.147,-0.363,0.32,0.232,0.213,-0.623,-1.429,-0.415,-0.744,-1.708,-0.54,-0.942,-1.247,-0.628,-1.064,-1.408,-0.772,-0.122,-0.161,-0.28,-0.107,-0.109,-0.232,-0.632,-0.651,-0.93,0.076,0.138,0.093,0.092,0.163,0.11,-0.563,-0.583,-0.698,0.181,0.359,0.202,0.199,0.381,0.217,0.675,0.941,0.788,0.701,0.943,0.795,0.025,0.018,0.016,-2.407,-2.687,0.439,-0.333,0.465,-0.163,-1.388,-1.549,-0.112,-0.653,-0.068,-0.483,0.801,-0.607,-0.356,-2.064,0.874,1.088,0.923,-0.324,-0.234,-1.663,0.952,1.184,-1.839,-2.119,1.007,0.235,1.033,0.405,-0.149,-0.512,-0.09,-0.342,-0.471,-1.618,1.157,1.533,-0.309,-1.177,1.26,1.669,1.746,1.206,1.791,1.376,1.008,0.645,1.067,0.815,2.496,2.659,2.716,2.894,0.222,0.435,-0.118,0.258,-0.35,-0.188
2023-04-20,CTD2,4181518,693105,0.0076909736,0.0103396,0.013724291,0.003615472,0.0026515878,0.00068624626,0.0006853579,0.000271072,0.007743155,0.010243346,0.013746812,0.0036276155,0.0026459147,0.0007080193,0.21760255,-8.000000000000001e-45,0.261,-0.147,33.307,-0.282,57.159,0.36,-146.567,0.487,-247.11,-0.141,23.852,0.482,-179.874,0.592,-280.417,0.583,-203.726,0.676,-304.269,0.154,-100.543,0.457,0.12,0.088,0.591,0.207,0.152,-1.515,-2.012,-0.389,-2.555,-3.391,-0.893,0.183,0.086,0.063,-1.383,-2.469,-0.477,-2.157,-3.849,-1.014,-1.567,-2.106,-0.54,-2.34,-3.146,-1.1,-0.773,-1.04,-1.38,-0.153,-0.162,-0.423,-0.432,-0.464,-0.963,0.169,0.314,0.249,0.209,0.361,0.291,-0.299,-0.327,-0.54,0.314,0.65,0.411,0.359,0.68,0.443,0.561,0.977,0.778,0.614,0.979,0.793,0.053,0.045,0.04,-3.052,-4.432,0.48,-0.62,0.551,0.01,-2.299,-3.339,0.211,-0.803,0.304,-0.173,1.374,-1.772,0.8,-3.049,1.871,1.934,2.147,0.041,1.573,-0.895,2.551,2.637,-2.452,-3.831,1.081,-0.019,1.151,0.611,0.283,-0.61,0.409,0.02,1.075,-2.316,2.515,2.667,2.115,0.103,3.429,3.636,1.435,0.421,1.528,1.051,0.857,-0.036,0.983,0.594,3.451,3.54,4.706,4.826,0.214,0.277,0.005,0.156,-0.081,0.007,-0.139,31.522,-0.279,56.402,0.362,-146.517,0.491,-248.795,-0.146,24.88,0.477,-178.039,0.589,-280.317,0.582,-202.919,0.677,-305.197,0.156,-102.278,0.433,0.114,0.083,0.578,0.205,0.149,-1.501,-2.014,-0.388,-2.548,-3.42,-0.903,0.193,0.09,0.066,-1.379,-2.447,-0.471,-2.171,-3.853,-1.017,-1.571,-2.079,-0.537,-2.363,-3.126,-1.107,-0.792,-1.048,-1.406,-0.144,-0.153,-0.399,-0.433,-0.466,-0.957,0.172,0.319,0.251,0.212,0.367,0.293,-0.308,-0.337,-0.558,0.308,0.637,0.404,0.354,0.668,0.437,0.563,0.974,0.785,0.617,0.976,0.8,0.055,0.046,0.041,-3.034,-4.44,0.492,-0.615,0.563,0.027,-2.26,-3.308,0.209,-0.808,0.305,-0.166,1.389,-1.737,0.792,-3.061,1.876,1.942,2.181,0.103,1.584,-0.863,2.572,2.663,-2.467,-3.873,1.059,-0.048,1.13,0.594,0.277,-0.626,0.403,0.016,1.048,-2.372,2.482,2.631,2.096,0.082,3.403,3.607,1.421,0.404,1.517,1.046,0.874,-0.029,1.0,0.613,3.448,3.531,4.727,4.841,0.21,0.276,0.012,0.162,-0.078,0.006
2023-04-20,CTD3,4181698,695238,0.010431006,0.014399334,0.013262654,0.0026400695,0.0015572543,0.00037408544,0.00037015742,0.00014854172,0.010510166,0.014458304,0.013220895,0.0027346483,0.0016653195,0.00035755022,0.037894238,-8.000000000000001e-45,0.289,-0.16,26.42,-0.12,20.468,0.596,-282.91,0.74,-546.288,0.041,-5.952,0.69,-309.33,0.805,-572.708,0.668,-303.378,0.79,-566.756,0.258,-263.378,0.35,0.07,0.041,0.295,0.054,0.032,-4.074,-3.752,-0.441,-7.866,-7.245,-1.442,-0.062,-0.016,-0.009,-3.227,-4.103,-0.482,-5.974,-7.596,-1.512,-3.165,-4.368,-0.472,-5.912,-8.161,-1.496,-2.747,-3.792,-3.493,-0.25,-0.268,-0.945,-0.166,-0.177,-0.675,0.282,0.488,0.526,0.321,0.521,0.558,0.087,0.095,0.271,0.496,0.981,0.793,0.542,0.982,0.808,0.428,0.886,0.666,0.471,0.896,0.687,0.044,0.046,0.039,-4.299,-7.792,0.525,-0.971,0.607,0.135,-4.668,-8.46,0.603,-0.909,0.678,0.197,2.865,-5.296,3.03,-4.566,3.843,3.834,5.613,1.244,5.777,1.675,6.515,6.499,-3.643,-7.136,1.181,-0.315,1.263,0.791,0.833,-0.61,0.936,0.496,4.183,-3.063,5.305,5.337,7.975,4.223,8.994,9.048,1.088,-0.424,1.163,0.682,0.668,-0.774,0.772,0.331,4.874,4.915,8.264,8.333,0.145,0.136,0.034,0.066,0.05,0.091,-0.158,25.982,-0.114,19.508,0.587,-270.532,0.726,-505.339,0.045,-6.473,0.682,-296.513,0.793,-531.321,0.657,-290.04,0.776,-524.848,0.243,-234.808,0.343,0.071,0.043,0.282,0.053,0.032,-3.911,-3.577,-0.451,-7.306,-6.681,-1.382,-0.068,-0.018,-0.011,-3.116,-3.92,-0.494,-5.584,-7.025,-1.453,-3.048,-4.193,-0.483,-5.516,-7.588,-1.435,-2.468,-3.395,-3.104,-0.247,-0.265,-0.897,-0.158,-0.168,-0.616,0.281,0.482,0.522,0.32,0.514,0.554,0.093,0.102,0.281,0.494,0.963,0.788,0.539,0.966,0.802,0.42,0.861,0.65,0.463,0.872,0.672,0.043,0.045,0.039,-4.108,-7.212,0.52,-0.915,0.601,0.118,-4.492,-7.887,0.606,-0.847,0.68,0.186,2.75,-4.839,2.929,-4.096,3.728,3.717,5.218,1.024,5.397,1.477,6.122,6.104,-3.459,-6.563,1.169,-0.266,1.25,0.767,0.833,-0.549,0.935,0.485,4.029,-2.652,5.129,5.161,7.424,3.847,8.422,8.475,1.069,-0.384,1.143,0.649,0.654,-0.728,0.756,0.305,4.676,4.719,7.679,7.75,0.145,0.134,0.031,0.063,0.048,0.092
2023-04-20,CTD4,4180266,698264,0.02760178,0.038517512,0.042477883,0.010248338,0.0063303746,0.0016151592,0.001684098,0.00066505716,0.02762459,0.038194235,0.042974588,0.010498001,0.0065854723,0.0015040222,0.032676842,-8.000000000000001e-45,0.322,-0.165,10.267,-0.212,12.688,0.458,-61.347,0.627,-121.739,-0.049,2.421,0.58,-71.615,0.718,-132.006,0.611,-74.035,0.741,-134.427,0.236,-60.392,0.436,0.105,0.065,0.489,0.13,0.08,-2.363,-2.606,-0.388,-4.689,-5.171,-1.248,0.067,0.025,0.015,-1.977,-3.042,-0.453,-3.644,-5.607,-1.353,-2.044,-2.852,-0.469,-3.71,-5.178,-1.378,-1.667,-2.326,-2.565,-0.207,-0.224,-0.658,-0.305,-0.332,-0.897,0.214,0.387,0.356,0.263,0.436,0.403,-0.105,-0.117,-0.239,0.403,0.833,0.579,0.459,0.85,0.61,0.487,0.95,0.719,0.547,0.955,0.741,0.059,0.056,0.048,-3.428,-5.994,0.475,-0.902,0.568,0.099,-3.109,-5.435,0.384,-0.969,0.485,0.032,1.787,-3.391,1.59,-4.017,2.529,2.544,3.453,0.602,3.257,0.215,4.094,4.119,-2.749,-5.315,1.154,-0.223,1.246,0.778,0.535,-0.712,0.677,0.289,2.219,-2.952,3.529,3.609,4.546,1.94,5.713,5.843,1.273,-0.08,1.375,0.921,0.732,-0.516,0.873,0.485,3.916,3.981,6.339,6.444,0.207,0.222,0.037,0.117,0.012,0.077,-0.161,10.018,-0.217,12.93,0.449,-59.057,0.615,-115.65,-0.059,2.912,0.569,-69.074,0.706,-125.667,0.607,-71.987,0.734,-128.58,0.229,-56.593,0.431,0.105,0.066,0.494,0.136,0.085,-2.256,-2.538,-0.389,-4.417,-4.97,-1.214,0.08,0.031,0.019,-1.908,-2.968,-0.455,-3.472,-5.401,-1.319,-1.989,-2.749,-0.474,-3.552,-4.911,-1.35,-1.563,-2.162,-2.432,-0.198,-0.213,-0.619,-0.315,-0.343,-0.899,0.211,0.382,0.346,0.259,0.432,0.393,-0.125,-0.14,-0.28,0.392,0.81,0.559,0.448,0.829,0.591,0.493,0.949,0.725,0.553,0.955,0.747,0.059,0.055,0.048,-3.37,-5.802,0.479,-0.871,0.57,0.096,-2.995,-5.157,0.368,-0.951,0.47,0.016,1.743,-3.168,1.506,-3.894,2.459,2.478,3.306,0.557,3.07,0.101,3.92,3.95,-2.711,-5.143,1.138,-0.211,1.229,0.755,0.509,-0.705,0.65,0.261,2.083,-2.887,3.4,3.485,4.244,1.706,5.42,5.555,1.281,-0.038,1.383,0.928,0.745,-0.469,0.887,0.498,3.855,3.921,6.146,6.251,0.208,0.227,0.036,0.122,0.006,0.072
2023-04-20,CTD6,4176009,695829,0.011096805,0.015114181,0.019525753,0.006344909,0.0046879323,0.0012514537,0.0012543169,0.0005066531,0.01111599,0.015134035,0.019360164,0.0064174687,0.004697048,0.0012498704,0.09001741,-8.000000000000001e-45,0.374,-0.153,23.953,-0.275,38.902,0.272,-67.491,0.406,-123.198,-0.127,14.949,0.409,-91.444,0.527,-147.151,0.509,-106.392,0.613,-162.099,0.15,-55.707,0.468,0.152,0.112,0.588,0.247,0.182,-1.02,-1.318,-0.316,-1.862,-2.406,-0.782,0.166,0.095,0.07,-1.015,-1.786,-0.429,-1.633,-2.873,-0.934,-1.181,-1.608,-0.499,-1.799,-2.45,-1.029,-0.618,-0.842,-1.088,-0.155,-0.166,-0.364,-0.393,-0.426,-0.764,0.137,0.24,0.196,0.185,0.299,0.248,-0.253,-0.279,-0.4,0.286,0.556,0.362,0.34,0.598,0.403,0.503,0.835,0.666,0.566,0.851,0.691,0.063,0.054,0.048,-2.343,-3.431,0.409,-0.619,0.494,-0.005,-1.814,-2.656,0.149,-0.785,0.258,-0.171,0.975,-1.475,0.457,-2.416,1.439,1.509,1.593,-0.015,1.075,-0.71,1.947,2.042,-1.715,-2.803,1.037,0.009,1.122,0.623,0.202,-0.579,0.352,0.035,0.623,-1.783,1.96,2.142,1.464,0.147,2.652,2.899,1.34,0.406,1.449,1.021,0.72,-0.062,0.869,0.553,2.655,2.767,3.593,3.745,0.262,0.332,-0.003,0.18,-0.098,0.015,-0.153,23.884,-0.271,38.308,0.268,-65.864,0.406,-122.939,-0.123,14.424,0.404,-89.748,0.526,-146.823,0.502,-104.172,0.61,-161.247,0.155,-57.075,0.462,0.153,0.112,0.58,0.246,0.18,-0.997,-1.275,-0.309,-1.861,-2.38,-0.789,0.16,0.093,0.068,-0.998,-1.738,-0.422,-1.632,-2.843,-0.942,-1.158,-1.577,-0.489,-1.792,-2.44,-1.035,-0.634,-0.864,-1.105,-0.156,-0.167,-0.362,-0.383,-0.416,-0.742,0.136,0.237,0.195,0.186,0.298,0.249,-0.241,-0.267,-0.38,0.286,0.551,0.362,0.342,0.595,0.405,0.493,0.818,0.653,0.559,0.836,0.68,0.066,0.056,0.05,-2.282,-3.387,0.403,-0.632,0.492,0.003,-1.784,-2.648,0.15,-0.792,0.264,-0.158,0.95,-1.49,0.453,-2.39,1.422,1.49,1.585,0.008,1.087,-0.65,1.943,2.035,-1.655,-2.76,1.03,-0.005,1.119,0.63,0.204,-0.585,0.359,0.05,0.617,-1.764,1.936,2.116,1.48,0.205,2.645,2.891,1.318,0.375,1.431,1.01,0.702,-0.087,0.857,0.547,2.594,2.706,3.544,3.698,0.267,0.335,0.001,0.181,-0.091,0.021
2023-04-20,CTD7,4176724,690397,0.05236508,0.073474936,0.084033675,0.015532501,0.009308154,0.0022718064,0.0021119958,0.00084369053,0.050963666,0.06768528,0.08332926,0.015595727,0.009747959,0.0020543265,0.06329596,-8.000000000000001e-45,0.205,-0.168,5.487,-0.232,7.197,0.542,-45.284,0.698,-88.336,-0.067,1.71,0.651,-50.771,0.775,-93.823,0.688,-52.481,0.801,-95.533,0.251,-43.052,0.461,0.085,0.051,0.529,0.112,0.067,-3.327,-3.805,-0.422,-6.49,-7.423,-1.372,0.09,0.027,0.016,-2.659,-4.266,-0.473,-4.913,-7.884,-1.457,-2.748,-3.856,-0.489,-5.003,-7.019,-1.484,-2.254,-3.163,-3.618,-0.212,-0.226,-0.85,-0.356,-0.383,-1.275,0.234,0.445,0.395,0.273,0.484,0.432,-0.156,-0.171,-0.425,0.425,0.94,0.621,0.47,0.945,0.644,0.544,1.111,0.827,0.594,1.101,0.84,0.049,0.046,0.04,-4.697,-8.315,0.528,-0.956,0.602,0.113,-4.107,-7.27,0.412,-1.046,0.496,0.024,2.497,-4.522,2.228,-5.657,3.245,3.261,4.751,0.895,4.482,0.216,5.414,5.441,-4.007,-7.625,1.218,-0.266,1.292,0.804,0.578,-0.794,0.697,0.275,3.126,-4.298,4.553,4.62,6.289,2.483,7.597,7.709,1.393,-0.064,1.478,1.005,0.847,-0.525,0.966,0.544,5.232,5.283,8.731,8.817,0.17,0.186,0.034,0.101,0.007,0.058,-0.141,4.848,-0.241,7.621,0.531,-44.498,0.679,-82.964,-0.104,2.774,0.625,-49.346,0.748,-87.811,0.685,-52.12,0.791,-90.585,0.231,-38.465,0.404,0.076,0.047,0.516,0.119,0.074,-3.012,-3.708,-0.434,-5.615,-6.913,-1.294,0.141,0.043,0.027,-2.515,-4.112,-0.481,-4.475,-7.317,-1.369,-2.656,-3.528,-0.508,-4.617,-6.131,-1.413,-1.96,-2.604,-3.205,-0.169,-0.18,-0.66,-0.389,-0.418,-1.277,0.234,0.457,0.38,0.273,0.495,0.417,-0.235,-0.258,-0.617,0.388,0.858,0.56,0.431,0.87,0.586,0.571,1.116,0.875,0.62,1.105,0.884,0.049,0.044,0.039,-4.59,-7.795,0.566,-0.847,0.636,0.128,-3.728,-6.332,0.381,-0.988,0.468,-0.013,2.456,-3.676,2.037,-5.281,3.124,3.151,4.416,0.888,3.997,-0.115,4.998,5.041,-4.015,-7.22,1.141,-0.272,1.211,0.703,0.506,-0.788,0.621,0.187,2.705,-4.208,4.149,4.223,5.308,1.6,6.638,6.756,1.405,0.035,1.491,1.01,0.925,-0.369,1.04,0.606,5.152,5.199,8.242,8.318,0.162,0.189,0.039,0.113,-0.004,0.043
2023-04-20,CTD8,4174178,693048,0.055022582,0.07639351,0.09175487,0.024997052,0.014777539,0.0037207347,0.003677664,0.0014464364,0.052526627,0.07011942,0.0906644,0.02557118,0.016419668,0.0032345108,0.020925278,-8.000000000000001e-45,0.376,-0.163,5.084,-0.25,7.276,0.375,-21.83,0.577,-49.496,-0.091,2.192,0.507,-26.915,0.676,-54.58,0.572,-29.106,0.723,-56.772,0.257,-27.666,0.467,0.127,0.075,0.556,0.182,0.108,-1.668,-2.003,-0.323,-3.781,-4.541,-1.237,0.121,0.055,0.032,-1.481,-2.47,-0.398,-3.003,-5.008,-1.364,-1.601,-2.224,-0.43,-3.124,-4.337,-1.419,-1.522,-2.113,-2.538,-0.183,-0.201,-0.537,-0.362,-0.403,-0.924,0.179,0.329,0.282,0.239,0.397,0.345,-0.192,-0.22,-0.386,0.35,0.736,0.482,0.42,0.77,0.528,0.508,0.956,0.732,0.586,0.962,0.759,0.078,0.07,0.061,-2.95,-5.489,0.448,-0.971,0.559,0.129,-2.456,-4.57,0.272,-1.092,0.406,0.008,1.369,-2.968,1.0,-4.008,2.008,2.04,2.891,0.667,2.522,0.053,3.396,3.451,-2.282,-4.821,1.116,-0.303,1.227,0.797,0.378,-0.859,0.564,0.241,1.389,-3.153,2.788,2.895,3.502,1.499,4.715,4.897,1.34,-0.024,1.474,1.076,0.747,-0.49,0.933,0.61,3.402,3.477,5.755,5.882,0.261,0.293,0.059,0.166,0.004,0.079,-0.143,4.777,-0.266,8.008,0.345,-20.069,0.524,-41.865,-0.128,3.232,0.466,-24.845,0.621,-46.641,0.56,-28.077,0.693,-49.873,0.218,-21.796,0.433,0.122,0.078,0.562,0.205,0.131,-1.407,-1.82,-0.33,-2.936,-3.796,-1.071,0.17,0.083,0.053,-1.305,-2.253,-0.408,-2.45,-4.229,-1.193,-1.475,-1.969,-0.461,-2.62,-3.497,-1.275,-1.145,-1.528,-1.976,-0.151,-0.164,-0.419,-0.399,-0.441,-0.908,0.168,0.311,0.252,0.225,0.377,0.311,-0.263,-0.298,-0.489,0.311,0.646,0.416,0.375,0.688,0.462,0.531,0.944,0.752,0.605,0.951,0.776,0.075,0.064,0.057,-2.796,-4.773,0.467,-0.808,0.568,0.107,-2.163,-3.691,0.215,-0.978,0.345,-0.063,1.281,-2.216,0.761,-3.468,1.82,1.873,2.426,0.457,1.906,-0.347,2.834,2.917,-2.211,-4.187,1.053,-0.222,1.154,0.693,0.287,-0.784,0.461,0.131,1.016,-2.78,2.43,2.561,2.544,0.725,3.784,3.988,1.361,0.169,1.492,1.084,0.806,-0.264,0.98,0.651,3.233,3.311,5.035,5.157,0.253,0.306,0.052,0.184,-0.031,0.048
2023-04-20,CTD10,4170388,695646,0.009165301,0.013226908,0.017606258,0.003638883,0.0026096064,0.00063577096,0.0006597114,0.00025353552,0.009185721,0.013089726,0.017543549,0.0037254791,0.0025907627,0.00064908294,0.20930007,-2.878e-42,0.107,-0.181,33.504,-0.315,52.309,0.432,-165.702,0.557,-274.092,-0.142,18.805,0.568,-199.206,0.67,-307.596,0.657,-218.012,0.742,-326.402,0.165,-108.39,0.59,0.122,0.087,0.692,0.19,0.137,-2.192,-2.917,-0.432,-3.625,-4.826,-0.997,0.172,0.068,0.049,-1.826,-3.507,-0.52,-2.819,-5.416,-1.119,-1.998,-2.884,-0.569,-2.992,-4.317,-1.188,-0.993,-1.434,-1.908,-0.191,-0.201,-0.65,-0.5,-0.533,-1.351,0.179,0.349,0.273,0.213,0.389,0.309,-0.342,-0.372,-0.701,0.358,0.814,0.474,0.397,0.829,0.5,0.624,1.186,0.882,0.67,1.171,0.889,0.046,0.038,0.033,-4.145,-6.054,0.486,-0.701,0.545,-0.024,-3.114,-4.548,0.245,-0.874,0.323,-0.197,1.767,-2.55,1.188,-4.228,2.321,2.37,2.761,-0.123,2.181,-1.326,3.237,3.305,-3.395,-5.304,1.236,0.049,1.295,0.726,0.354,-0.643,0.467,0.034,1.714,-3.112,3.35,3.487,3.148,0.23,4.672,4.862,1.646,0.527,1.724,1.204,0.934,-0.063,1.046,0.614,4.554,4.641,6.35,6.472,0.2,0.249,-0.01,0.127,-0.078,0.009,-0.175,32.469,-0.313,51.864,0.423,-159.557,0.56,-277.122,-0.145,19.395,0.557,-192.026,0.67,-309.591,0.65,-211.421,0.743,-328.986,0.18,-117.565,0.57,0.121,0.084,0.679,0.193,0.134,-2.089,-2.799,-0.413,-3.627,-4.862,-1.032,0.178,0.072,0.05,-1.764,-3.369,-0.497,-2.844,-5.431,-1.153,-1.942,-2.767,-0.548,-3.022,-4.306,-1.226,-1.08,-1.539,-2.063,-0.184,-0.194,-0.618,-0.497,-0.533,-1.323,0.178,0.348,0.271,0.215,0.392,0.31,-0.345,-0.378,-0.705,0.35,0.795,0.465,0.393,0.813,0.494,0.62,1.173,0.881,0.671,1.158,0.889,0.051,0.042,0.037,-4.007,-6.07,0.489,-0.736,0.554,0.006,-2.99,-4.529,0.239,-0.914,0.326,-0.172,1.72,-2.587,1.125,-4.306,2.268,2.318,2.799,0.032,2.205,-1.164,3.261,3.333,-3.284,-5.347,1.213,-0.013,1.277,0.73,0.341,-0.692,0.464,0.051,1.604,-3.258,3.232,3.366,3.143,0.343,4.647,4.84,1.625,0.472,1.712,1.214,0.935,-0.098,1.058,0.645,4.427,4.511,6.366,6.487,0.208,0.258,0.003,0.137,-0.07,0.014
2023-04-20,CTD11,4169609,700351,0.015613754,0.02224409,0.026278965,0.0052063596,0.0038267067,0.0009004416,0.0009199475,0.0003579881,0.015667217,0.021988472,0.026539603,0.0053841453,0.0036712731,0.0009447228,0.18964872,-8.000000000000001e-45,0.206,-0.175,19.09,-0.255,25.993,0.5,-128.027,0.606,-197.275,-0.083,6.903,0.621,-147.117,0.706,-216.366,0.669,-154.02,0.746,-223.268,0.153,-69.249,0.502,0.099,0.073,0.578,0.135,0.099,-2.848,-3.364,-0.49,-4.388,-5.184,-1.027,0.108,0.036,0.026,-2.297,-3.866,-0.563,-3.378,-5.686,-1.126,-2.405,-3.426,-0.589,-3.486,-4.966,-1.162,-1.081,-1.54,-1.82,-0.211,-0.22,-0.734,-0.389,-0.409,-1.181,0.214,0.399,0.346,0.243,0.429,0.374,-0.194,-0.208,-0.447,0.407,0.876,0.566,0.44,0.885,0.585,0.557,1.084,0.808,0.593,1.078,0.818,0.036,0.033,0.028,-4.346,-6.165,0.504,-0.659,0.556,-0.033,-3.678,-5.219,0.36,-0.766,0.422,-0.141,2.153,-2.814,1.818,-3.868,2.827,2.853,3.234,-0.192,2.899,-0.967,3.846,3.882,-3.623,-5.443,1.227,0.064,1.279,0.69,0.513,-0.514,0.601,0.111,2.589,-2.595,4.027,4.127,4.13,0.765,5.479,5.615,1.449,0.323,1.511,0.948,0.848,-0.179,0.936,0.446,4.802,4.875,6.534,6.633,0.161,0.188,-0.011,0.088,-0.047,0.026,-0.168,18.349,-0.258,26.148,0.488,-121.903,0.62,-208.558,-0.094,7.799,0.607,-140.252,0.714,-226.907,0.663,-148.051,0.757,-234.706,0.189,-86.655,0.487,0.099,0.067,0.575,0.141,0.096,-2.68,-3.235,-0.448,-4.586,-5.535,-1.123,0.122,0.042,0.029,-2.197,-3.722,-0.515,-3.555,-6.022,-1.222,-2.32,-3.255,-0.544,-3.677,-5.161,-1.264,-1.358,-1.905,-2.3,-0.198,-0.209,-0.698,-0.397,-0.424,-1.201,0.212,0.401,0.34,0.247,0.438,0.376,-0.216,-0.235,-0.503,0.393,0.859,0.55,0.434,0.87,0.574,0.562,1.094,0.824,0.607,1.086,0.835,0.045,0.041,0.035,-4.217,-6.516,0.51,-0.754,0.574,0.031,-3.494,-5.399,0.345,-0.876,0.423,-0.092,2.081,-3.079,1.703,-4.319,2.743,2.772,3.439,0.184,3.061,-0.662,4.023,4.065,-3.526,-5.826,1.201,-0.063,1.265,0.722,0.485,-0.638,0.594,0.147,2.39,-3.145,3.85,3.946,4.295,1.06,5.646,5.786,1.449,0.227,1.527,1.012,0.863,-0.26,0.973,0.525,4.695,4.762,6.885,6.984,0.177,0.205,0.011,0.107,-0.031,0.036
2023-04-20,CTD12,4173438,695414,0.0102082575,0.014181565,0.014909226,0.0032905776,0.0022465698,0.0005592601,0.0005771035,0.000223628,0.010225738,0.014317793,0.014857221,0.003335121,0.0022722073,0.00057431933,0.033124596,-8.000000000000001e-45,0.273,-0.163,27.446,-0.187,30.887,0.512,-205.938,0.639,-347.163,-0.025,3.442,0.623,-233.384,0.726,-374.609,0.638,-236.825,0.738,-378.05,0.189,-141.225,0.409,0.09,0.062,0.438,0.102,0.069,-2.921,-3.07,-0.463,-4.923,-5.176,-1.142,0.035,0.011,0.008,-2.382,-3.48,-0.524,-3.824,-5.585,-1.233,-2.418,-3.359,-0.532,-3.859,-5.361,-1.244,-1.442,-2.003,-2.106,-0.218,-0.232,-0.718,-0.269,-0.286,-0.849,0.238,0.421,0.403,0.274,0.456,0.437,-0.054,-0.058,-0.131,0.434,0.874,0.635,0.475,0.884,0.656,0.476,0.933,0.707,0.519,0.938,0.725,0.043,0.042,0.036,-3.811,-5.917,0.499,-0.745,0.569,0.037,-3.625,-5.628,0.453,-0.78,0.526,0.002,2.151,-3.21,2.051,-3.534,2.944,2.952,3.593,0.234,3.493,0.013,4.312,4.323,-3.142,-5.247,1.169,-0.075,1.239,0.706,0.629,-0.514,0.731,0.268,2.849,-2.327,4.09,4.159,4.852,1.782,5.99,6.092,1.228,-0.004,1.302,0.778,0.729,-0.413,0.831,0.369,4.311,4.372,6.314,6.404,0.164,0.172,0.012,0.081,0.001,0.062,-0.167,27.949,-0.185,30.485,0.508,-202.047,0.636,-342.308,-0.018,2.536,0.622,-229.996,0.726,-370.258,0.633,-232.532,0.735,-372.793,0.19,-140.261,0.415,0.093,0.064,0.436,0.102,0.069,-2.893,-3.002,-0.459,-4.901,-5.086,-1.142,0.026,0.008,0.006,-2.352,-3.417,-0.523,-3.786,-5.501,-1.235,-2.378,-3.329,-0.528,-3.812,-5.338,-1.243,-1.434,-2.008,-2.084,-0.225,-0.239,-0.73,-0.262,-0.279,-0.826,0.236,0.415,0.402,0.273,0.451,0.437,-0.04,-0.043,-0.096,0.438,0.879,0.641,0.48,0.888,0.662,0.469,0.922,0.695,0.513,0.928,0.713,0.043,0.042,0.036,-3.741,-5.824,0.49,-0.754,0.561,0.033,-3.605,-5.613,0.455,-0.78,0.53,0.007,2.102,-3.235,2.028,-3.473,2.907,2.913,3.537,0.207,3.463,0.046,4.267,4.276,-3.055,-5.139,1.176,-0.068,1.247,0.719,0.638,-0.504,0.741,0.282,2.84,-2.246,4.071,4.14,4.848,1.846,5.975,6.077,1.22,-0.015,1.294,0.772,0.712,-0.43,0.815,0.356,4.233,4.296,6.213,6.306,0.167,0.173,0.011,0.08,0.002,0.066
2023-05-25,CTD1,4187246,695025,0.011656032,0.015827276,0.02117682,0.007294018,0.0057333,0.0016520951,0.0016242496,0.00066385,0.011645201,0.015780514,0.021131296,0.0073654796,0.005799911,0.0015787937,0.20238514,-8.000000000000001e-45,0.194,-0.152,22.61,-0.29,38.571,0.23,-51.306,0.341,-88.627,-0.145,15.961,0.369,-73.917,0.468,-111.238,0.488,-89.877,0.574,-127.198,0.12,-37.321,0.479,0.165,0.13,0.61,0.281,0.221,-0.812,-1.087,-0.294,-1.403,-1.877,-0.646,0.186,0.116,0.092,-0.862,-1.565,-0.424,-1.297,-2.356,-0.811,-1.048,-1.423,-0.515,-1.483,-2.013,-0.928,-0.435,-0.591,-0.79,-0.147,-0.155,-0.32,-0.412,-0.442,-0.731,0.118,0.202,0.162,0.16,0.256,0.208,-0.282,-0.308,-0.411,0.26,0.491,0.317,0.307,0.533,0.355,0.505,0.798,0.644,0.562,0.815,0.668,0.057,0.048,0.042,-2.167,-2.957,0.392,-0.536,0.466,-0.05,-1.619,-2.21,0.09,-0.722,0.188,-0.236,0.851,-1.163,0.26,-2.096,1.236,1.327,1.286,-0.137,0.695,-0.87,1.572,1.689,-1.545,-2.336,1.013,0.086,1.087,0.572,0.122,-0.525,0.256,-0.039,0.353,-1.524,1.678,1.899,0.944,-0.143,2.135,2.416,1.356,0.545,1.455,1.031,0.712,0.066,0.846,0.552,2.411,2.541,3.068,3.233,0.264,0.355,-0.031,0.19,-0.147,-0.018,-0.151,22.503,-0.289,38.549,0.225,-49.896,0.335,-86.544,-0.145,16.046,0.364,-72.399,0.462,-109.047,0.483,-88.445,0.569,-125.093,0.119,-36.648,0.476,0.166,0.131,0.608,0.284,0.224,-0.787,-1.054,-0.289,-1.366,-1.829,-0.637,0.187,0.118,0.093,-0.843,-1.53,-0.42,-1.27,-2.304,-0.803,-1.03,-1.396,-0.513,-1.457,-1.974,-0.921,-0.427,-0.578,-0.774,-0.145,-0.154,-0.314,-0.41,-0.44,-0.721,0.116,0.198,0.159,0.158,0.253,0.205,-0.281,-0.307,-0.406,0.257,0.482,0.312,0.305,0.525,0.35,0.502,0.789,0.638,0.559,0.806,0.662,0.057,0.048,0.042,-2.131,-2.905,0.389,-0.532,0.463,-0.049,-1.591,-2.17,0.084,-0.719,0.184,-0.236,0.834,-1.14,0.242,-2.062,1.214,1.307,1.261,-0.135,0.669,-0.861,1.541,1.659,-1.514,-2.288,1.007,0.085,1.081,0.568,0.114,-0.523,0.249,-0.041,0.328,-1.501,1.644,1.868,0.906,-0.148,2.088,2.372,1.348,0.545,1.447,1.027,0.707,0.069,0.841,0.552,2.371,2.501,3.011,3.177,0.265,0.358,-0.031,0.192,-0.149,-0.019
2023-05-25,CTD2,4181518,693105,0.016299339,0.020986728,0.020203905,0.005613701,0.003059987,0.0009260549,0.00090897846,0.00038191347,0.016465759,0.021135205,0.020067936,0.0056135166,0.0035845689,0.0008449451,0.00053175935,-8.000000000000001e-45,0.224,-0.126,13.703,-0.107,11.857,0.488,-116.783,0.684,-265.447,0.019,-1.846,0.578,-130.486,0.745,-279.15,0.565,-128.64,0.737,-277.303,0.294,-148.663,0.277,0.077,0.042,0.249,0.067,0.036,-2.451,-2.359,-0.357,-5.571,-5.363,-1.49,-0.03,-0.01,-0.006,-2.127,-2.636,-0.399,-4.55,-5.64,-1.567,-2.097,-2.7,-0.394,-4.52,-5.82,-1.557,-2.423,-3.12,-3.004,-0.182,-0.201,-0.54,-0.147,-0.162,-0.45,0.259,0.444,0.459,0.321,0.498,0.513,0.036,0.04,0.09,0.421,0.794,0.661,0.491,0.818,0.694,0.391,0.754,0.607,0.46,0.782,0.644,0.068,0.07,0.062,-2.822,-5.826,0.499,-1.058,0.625,0.232,-2.932,-6.052,0.539,-1.028,0.661,0.262,1.865,-3.955,1.941,-3.699,2.758,2.752,4.288,1.588,4.364,1.728,5.059,5.049,-2.311,-5.315,1.01,-0.547,1.136,0.742,0.694,-0.796,0.851,0.494,2.499,-2.864,3.551,3.587,5.619,3.259,6.514,6.581,0.972,-0.595,1.094,0.694,0.618,-0.872,0.775,0.418,3.411,3.453,6.258,6.335,0.199,0.193,0.08,0.116,0.09,0.132,-0.124,13.418,-0.099,10.901,0.492,-117.409,0.642,-218.241,0.026,-2.516,0.58,-130.827,0.71,-231.659,0.563,-128.311,0.697,-229.143,0.221,-100.832,0.269,0.075,0.048,0.23,0.061,0.039,-2.481,-2.356,-0.421,-4.613,-4.38,-1.225,-0.041,-0.014,-0.009,-2.154,-2.625,-0.469,-3.814,-4.649,-1.3,-2.113,-2.712,-0.46,-3.773,-4.843,-1.286,-1.66,-2.131,-2.023,-0.182,-0.197,-0.508,-0.135,-0.146,-0.392,0.263,0.439,0.459,0.313,0.482,0.502,0.048,0.053,0.116,0.425,0.774,0.656,0.48,0.795,0.683,0.384,0.721,0.585,0.438,0.747,0.616,0.054,0.056,0.049,-2.796,-4.819,0.499,-0.787,0.6,0.141,-2.945,-5.076,0.555,-0.746,0.651,0.182,1.88,-2.963,1.984,-2.665,2.764,2.755,3.54,0.828,3.644,1.019,4.328,4.314,-2.291,-4.315,1.004,-0.282,1.105,0.645,0.712,-0.513,0.835,0.415,2.546,-1.833,3.547,3.586,4.677,2.321,5.555,5.616,0.953,-0.347,1.049,0.58,0.609,-0.617,0.732,0.311,3.357,3.405,5.258,5.333,0.171,0.162,0.048,0.087,0.062,0.11
2023-05-25,CTD3,4181698,695238,0.011851599,0.015994491,0.019734006,0.005309529,0.0040088994,0.0010487309,0.0010431727,0.0004158156,0.011858209,0.016075488,0.019482763,0.005367437,0.003949375,0.0010701149,0.020214742,-8.000000000000001e-45,0.21,-0.149,21.855,-0.25,33.703,0.381,-103.964,0.494,-165.068,-0.105,11.848,0.502,-125.819,0.599,-186.923,0.576,-137.667,0.662,-198.771,0.14,-61.104,0.431,0.116,0.088,0.539,0.179,0.135,-1.663,-2.052,-0.417,-2.64,-3.257,-0.876,0.14,0.063,0.047,-1.491,-2.483,-0.504,-2.215,-3.689,-0.992,-1.632,-2.202,-0.552,-2.356,-3.179,-1.055,-0.724,-0.977,-1.206,-0.165,-0.174,-0.445,-0.37,-0.394,-0.846,0.183,0.327,0.276,0.22,0.368,0.313,-0.218,-0.236,-0.401,0.338,0.674,0.45,0.379,0.698,0.479,0.518,0.909,0.721,0.565,0.916,0.738,0.047,0.041,0.036,-2.976,-4.182,0.472,-0.583,0.538,-0.014,-2.412,-3.389,0.269,-0.724,0.35,-0.154,1.422,-1.758,0.998,-2.69,1.981,2.029,2.146,-0.056,1.723,-0.76,2.624,2.687,-2.367,-3.573,1.081,0.025,1.146,0.595,0.363,-0.514,0.472,0.055,1.347,-1.91,2.674,2.809,2.325,0.273,3.542,3.721,1.333,0.341,1.414,0.91,0.786,-0.091,0.896,0.479,3.378,3.466,4.475,4.591,0.197,0.245,-0.006,0.129,-0.069,0.018,-0.151,22.123,-0.243,33.002,0.377,-101.979,0.5,-168.875,-0.096,10.879,0.499,-124.102,0.606,-190.998,0.568,-134.981,0.663,-201.877,0.152,-66.896,0.431,0.119,0.087,0.531,0.177,0.13,-1.639,-1.987,-0.403,-2.715,-3.29,-0.906,0.129,0.058,0.043,-1.472,-2.418,-0.49,-2.265,-3.721,-1.025,-1.601,-2.17,-0.533,-2.394,-3.245,-1.084,-0.793,-1.075,-1.303,-0.17,-0.18,-0.453,-0.356,-0.381,-0.818,0.183,0.324,0.277,0.222,0.369,0.318,-0.198,-0.216,-0.366,0.342,0.677,0.457,0.387,0.704,0.488,0.505,0.893,0.705,0.556,0.902,0.724,0.051,0.045,0.04,-2.892,-4.195,0.462,-0.621,0.535,0.002,-2.386,-3.462,0.275,-0.75,0.363,-0.127,1.384,-1.861,0.997,-2.724,1.964,2.007,2.177,0.008,1.791,-0.627,2.669,2.727,-2.274,-3.577,1.08,-0.003,1.153,0.62,0.372,-0.534,0.492,0.089,1.352,-1.938,2.662,2.792,2.427,0.441,3.618,3.795,1.309,0.284,1.397,0.907,0.759,-0.147,0.879,0.476,3.297,3.384,4.48,4.599,0.207,0.25,0.001,0.131,-0.058,0.03
2023-05-25,CTD4,4180266,698264,0.017579947,0.026103182,0.030984687,0.0075567923,0.004847942,0.001242166,0.0012819353,0.0005138473,0.017593762,0.026079709,0.031116292,0.007777382,0.005096454,0.0012147934,0.042805873,-8.000000000000001e-45,0.183,-0.195,18.573,-0.276,24.609,0.399,-75.448,0.568,-149.39,-0.086,6.035,0.551,-94.022,0.687,-167.964,0.608,-100.057,0.729,-173.999,0.218,-73.942,0.575,0.14,0.09,0.642,0.186,0.119,-1.969,-2.338,-0.366,-3.9,-4.629,-1.129,0.106,0.046,0.029,-1.653,-2.913,-0.456,-2.953,-5.204,-1.269,-1.759,-2.612,-0.485,-3.059,-4.542,-1.315,-1.3,-1.93,-2.291,-0.221,-0.238,-0.687,-0.398,-0.433,-1.081,0.176,0.324,0.28,0.223,0.378,0.33,-0.194,-0.218,-0.394,0.382,0.827,0.518,0.438,0.846,0.551,0.536,1.045,0.757,0.598,1.04,0.776,0.062,0.056,0.047,-3.427,-5.718,0.43,-0.885,0.517,0.032,-2.887,-4.817,0.278,-0.991,0.382,-0.074,1.484,-3.058,1.139,-4.065,2.141,2.17,2.784,0.172,2.439,-0.474,3.337,3.382,-2.615,-4.906,1.241,-0.074,1.328,0.843,0.413,-0.716,0.567,0.201,1.692,-2.937,3.179,3.298,3.622,1.284,4.955,5.14,1.473,0.204,1.577,1.121,0.757,-0.372,0.911,0.545,3.824,3.915,5.961,6.102,0.244,0.273,0.014,0.133,-0.032,0.058,-0.194,18.494,-0.278,24.701,0.387,-71.74,0.551,-139.377,-0.088,6.206,0.541,-90.234,0.673,-157.871,0.6,-96.44,0.719,-164.077,0.208,-67.637,0.575,0.144,0.094,0.644,0.192,0.126,-1.871,-2.232,-0.366,-3.635,-4.337,-1.084,0.109,0.048,0.032,-1.588,-2.808,-0.46,-2.778,-4.912,-1.228,-1.697,-2.515,-0.492,-2.887,-4.279,-1.276,-1.19,-1.764,-2.105,-0.218,-0.234,-0.659,-0.399,-0.434,-1.05,0.172,0.315,0.271,0.218,0.369,0.321,-0.199,-0.222,-0.391,0.376,0.807,0.505,0.431,0.827,0.54,0.534,1.029,0.749,0.596,1.026,0.769,0.061,0.055,0.047,-3.326,-5.431,0.425,-0.851,0.511,0.019,-2.788,-4.552,0.267,-0.961,0.37,-0.09,1.424,-2.855,1.069,-3.843,2.067,2.098,2.614,0.099,2.259,-0.549,3.154,3.202,-2.519,-4.623,1.232,-0.044,1.319,0.827,0.396,-0.688,0.548,0.183,1.585,-2.752,3.064,3.189,3.349,1.116,4.675,4.867,1.47,0.243,1.573,1.113,0.751,-0.333,0.903,0.538,3.711,3.805,5.663,5.807,0.247,0.278,0.009,0.134,-0.04,0.055
2023-05-25,CTD6,4176009,695829,0.015266118,0.020168213,0.021860247,0.005728063,0.0035486063,0.0009857726,0.0009926916,0.00040253784,0.015260079,0.020314952,0.021596562,0.005760189,0.0038406814,0.0009466397,0.0006170106,-8.000000000000001e-45,0.255,-0.138,15.922,-0.178,19.759,0.454,-109.075,0.623,-216.296,-0.04,3.838,0.558,-124.996,0.701,-232.218,0.585,-128.834,0.721,-236.056,0.235,-107.222,0.348,0.091,0.056,0.399,0.113,0.07,-2.2,-2.384,-0.387,-4.362,-4.728,-1.239,0.059,0.022,0.014,-1.908,-2.732,-0.444,-3.545,-5.076,-1.33,-1.967,-2.598,-0.457,-3.604,-4.761,-1.352,-1.637,-2.162,-2.344,-0.178,-0.193,-0.528,-0.255,-0.278,-0.711,0.227,0.402,0.375,0.279,0.452,0.425,-0.081,-0.09,-0.182,0.389,0.767,0.568,0.448,0.792,0.602,0.455,0.857,0.68,0.517,0.872,0.707,0.062,0.059,0.052,-3.059,-5.403,0.495,-0.857,0.595,0.137,-2.823,-4.985,0.414,-0.916,0.522,0.079,1.743,-3.018,1.581,-3.495,2.489,2.503,3.379,0.781,3.218,0.486,4.018,4.04,-2.495,-4.839,1.059,-0.293,1.159,0.702,0.547,-0.692,0.69,0.303,2.089,-2.639,3.288,3.359,4.251,1.867,5.308,5.421,1.148,-0.182,1.256,0.812,0.709,-0.53,0.851,0.464,3.584,3.64,5.785,5.876,0.199,0.213,0.052,0.122,0.03,0.086,-0.142,16.306,-0.172,19.227,0.452,-108.075,0.598,-194.84,-0.031,2.921,0.558,-124.381,0.682,-211.146,0.579,-127.302,0.698,-214.067,0.2,-86.765,0.352,0.094,0.063,0.391,0.111,0.074,-2.196,-2.334,-0.415,-3.958,-4.208,-1.122,0.045,0.017,0.011,-1.898,-2.686,-0.478,-3.222,-4.56,-1.216,-1.943,-2.586,-0.489,-3.267,-4.349,-1.233,-1.324,-1.763,-1.874,-0.185,-0.199,-0.527,-0.243,-0.262,-0.66,0.227,0.393,0.373,0.272,0.438,0.417,-0.061,-0.067,-0.133,0.395,0.762,0.572,0.447,0.784,0.602,0.445,0.829,0.656,0.499,0.845,0.681,0.054,0.052,0.046,-2.998,-4.872,0.484,-0.749,0.573,0.084,-2.82,-4.583,0.423,-0.793,0.518,0.04,1.709,-2.64,1.586,-2.974,2.46,2.471,3.033,0.446,2.91,0.224,3.69,3.707,-2.418,-4.292,1.065,-0.169,1.153,0.664,0.563,-0.559,0.689,0.274,2.112,-2.096,3.275,3.349,3.874,1.54,4.912,5.023,1.132,-0.085,1.226,0.748,0.686,-0.437,0.811,0.396,3.498,3.56,5.246,5.34,0.188,0.2,0.032,0.106,0.015,0.078
2023-05-25,CTD7,4176724,690397,0.02218578,0.03489429,0.041888643,0.0068900543,0.0044812895,0.0010228412,0.0010238001,0.00040339617,0.022538994,0.03444684,0.042526767,0.0071415165,0.0044430895,0.0010331539,0.12458389,-8.000000000000001e-45,0.255,-0.223,16.416,-0.307,21.201,0.526,-100.063,0.664,-178.076,-0.091,4.785,0.67,-116.479,0.772,-194.492,0.717,-121.264,0.807,-199.277,0.212,-78.013,0.688,0.113,0.074,0.74,0.146,0.095,-3.492,-4.191,-0.448,-6.214,-7.459,-1.227,0.106,0.033,0.021,-2.584,-4.879,-0.522,-4.315,-8.147,-1.34,-2.69,-4.231,-0.543,-4.421,-6.954,-1.373,-1.731,-2.722,-3.268,-0.261,-0.274,-1.118,-0.472,-0.5,-1.733,0.199,0.388,0.33,0.231,0.424,0.363,-0.241,-0.262,-0.615,0.437,1.05,0.604,0.475,1.046,0.623,0.613,1.312,0.889,0.655,1.287,0.895,0.042,0.038,0.031,-5.444,-8.712,0.471,-0.902,0.529,-0.015,-4.535,-7.257,0.332,-1.008,0.401,-0.121,2.387,-4.567,2.02,-6.127,3.092,3.113,4.118,-0.114,3.75,-1.129,4.753,4.786,-4.507,-7.775,1.408,0.035,1.466,0.922,0.522,-0.704,0.631,0.183,3.176,-4.283,4.862,4.957,5.899,1.707,7.476,7.622,1.691,0.351,1.76,1.238,0.89,-0.337,0.998,0.55,5.878,5.951,9.037,9.15,0.182,0.204,-0.005,0.09,-0.038,0.036,-0.209,15.337,-0.307,20.853,0.519,-95.659,0.671,-180.701,-0.105,5.516,0.657,-110.996,0.772,-196.038,0.712,-116.512,0.811,-201.554,0.233,-85.042,0.652,0.11,0.068,0.718,0.149,0.093,-3.295,-4.068,-0.425,-6.225,-7.685,-1.29,0.124,0.039,0.025,-2.502,-4.72,-0.493,-4.419,-8.337,-1.4,-2.626,-4.013,-0.518,-4.543,-6.943,-1.439,-1.917,-2.929,-3.617,-0.24,-0.254,-1.028,-0.481,-0.514,-1.725,0.2,0.396,0.328,0.235,0.435,0.364,-0.272,-0.299,-0.697,0.42,1.012,0.581,0.461,1.011,0.604,0.621,1.311,0.91,0.668,1.283,0.916,0.047,0.041,0.035,-5.301,-8.917,0.486,-0.953,0.55,0.032,-4.293,-7.223,0.323,-1.077,0.401,-0.092,2.346,-4.597,1.921,-6.415,3.027,3.052,4.263,0.249,3.838,-0.882,4.866,4.905,-4.427,-8.043,1.36,-0.079,1.424,0.906,0.493,-0.797,0.613,0.188,2.937,-4.748,4.626,4.719,5.866,1.798,7.436,7.585,1.679,0.279,1.758,1.265,0.918,-0.373,1.037,0.612,5.758,5.826,9.255,9.364,0.188,0.212,0.01,0.103,-0.029,0.039
2023-05-25,CTD8,4174178,693048,0.021099025,0.032492828,0.03814593,0.008567294,0.005418139,0.0012990818,0.0013500124,0.0005401886,0.021286955,0.03221196,0.03856116,0.008942802,0.005544321,0.0012543842,0.086235985,-8.000000000000001e-45,0.281,-0.213,16.62,-0.288,21.18,0.422,-69.327,0.591,-137.17,-0.08,4.561,0.583,-85.947,0.714,-153.789,0.633,-90.508,0.751,-158.35,0.225,-67.842,0.634,0.142,0.09,0.688,0.181,0.115,-2.253,-2.645,-0.376,-4.457,-5.232,-1.175,0.096,0.039,0.025,-1.813,-3.279,-0.466,-3.245,-5.866,-1.318,-1.91,-2.941,-0.49,-3.341,-5.145,-1.357,-1.431,-2.204,-2.588,-0.244,-0.262,-0.815,-0.415,-0.45,-1.219,0.177,0.331,0.288,0.222,0.382,0.336,-0.191,-0.213,-0.404,0.404,0.902,0.549,0.457,0.913,0.58,0.552,1.115,0.78,0.611,1.103,0.797,0.059,0.053,0.045,-3.803,-6.391,0.425,-0.932,0.507,0.017,-3.24,-5.444,0.289,-1.028,0.386,-0.079,1.611,-3.534,1.289,-4.578,2.296,2.321,3.042,0.101,2.72,-0.558,3.63,3.67,-2.912,-5.5,1.315,-0.041,1.398,0.908,0.446,-0.729,0.595,0.219,1.985,-3.248,3.536,3.651,4.189,1.545,5.591,5.772,1.544,0.227,1.641,1.176,0.768,-0.407,0.917,0.542,4.196,4.286,6.634,6.777,0.239,0.264,0.007,0.122,-0.032,0.058,-0.204,15.933,-0.289,21.044,0.408,-64.845,0.587,-133.388,-0.09,5.112,0.565,-80.777,0.706,-149.32,0.623,-85.889,0.749,-154.432,0.235,-68.543,0.614,0.142,0.088,0.678,0.188,0.117,-2.089,-2.5,-0.36,-4.297,-5.144,-1.193,0.109,0.046,0.028,-1.72,-3.115,-0.448,-3.179,-5.758,-1.335,-1.828,-2.767,-0.476,-3.287,-4.975,-1.381,-1.459,-2.208,-2.643,-0.23,-0.248,-0.754,-0.42,-0.458,-1.192,0.174,0.327,0.28,0.222,0.383,0.331,-0.21,-0.237,-0.438,0.389,0.867,0.528,0.446,0.882,0.561,0.554,1.104,0.784,0.617,1.092,0.802,0.064,0.057,0.048,-3.651,-6.294,0.429,-0.952,0.517,0.041,-3.05,-5.258,0.274,-1.061,0.38,-0.068,1.545,-3.43,1.183,-4.575,2.208,2.237,3.004,0.237,2.642,-0.473,3.562,3.608,-2.799,-5.442,1.281,-0.1,1.369,0.893,0.415,-0.778,0.575,0.215,1.791,-3.353,3.342,3.458,3.998,1.498,5.39,5.578,1.534,0.199,1.639,1.192,0.777,-0.416,0.937,0.577,4.052,4.14,6.535,6.677,0.248,0.276,0.017,0.134,-0.029,0.06
2023-05-25,CTD10,4170388,695646,0.014342088,0.02091615,0.027438635,0.0066476683,0.004663293,0.0011562981,0.0011783243,0.0004670288,0.014328926,0.020711554,0.027635587,0.006874661,0.004714329,0.0011368352,0.11470262,-8.000000000000001e-45,0.582,-0.186,21.915,-0.313,33.28,0.367,-80.704,0.509,-144.716,-0.135,11.365,0.518,-102.619,0.635,-166.631,0.61,-113.984,0.709,-177.996,0.175,-64.012,0.601,0.146,0.102,0.696,0.221,0.155,-1.688,-2.214,-0.376,-3.027,-3.971,-0.962,0.163,0.076,0.053,-1.472,-2.816,-0.479,-2.39,-4.572,-1.108,-1.635,-2.384,-0.532,-2.553,-3.723,-1.183,-0.918,-1.339,-1.756,-0.193,-0.205,-0.581,-0.475,-0.512,-1.158,0.159,0.301,0.24,0.2,0.351,0.284,-0.311,-0.343,-0.577,0.342,0.751,0.444,0.389,0.774,0.477,0.59,1.094,0.813,0.646,1.085,0.826,0.056,0.047,0.041,-3.442,-5.198,0.443,-0.74,0.516,-0.016,-2.624,-3.963,0.205,-0.903,0.3,-0.179,1.395,-2.328,0.846,-3.726,1.935,1.988,2.313,-0.071,1.764,-1.052,2.758,2.833,-2.669,-4.426,1.216,0.033,1.288,0.757,0.299,-0.663,0.437,0.061,1.233,-2.738,2.821,2.976,2.572,0.358,4.022,4.243,1.595,0.488,1.69,1.212,0.848,-0.114,0.987,0.61,3.802,3.905,5.42,5.566,0.241,0.294,-0.007,0.148,-0.083,0.019,-0.182,21.507,-0.317,33.604,0.352,-75.673,0.505,-142.33,-0.143,12.097,0.502,-97.179,0.629,-163.837,0.602,-109.276,0.709,-175.934,0.186,-66.658,0.594,0.148,0.101,0.696,0.231,0.158,-1.567,-2.091,-0.357,-2.948,-3.933,-0.978,0.173,0.083,0.057,-1.392,-2.686,-0.458,-2.348,-4.528,-1.126,-1.566,-2.263,-0.515,-2.521,-3.644,-1.209,-0.955,-1.381,-1.842,-0.185,-0.197,-0.551,-0.482,-0.523,-1.148,0.154,0.293,0.23,0.199,0.349,0.279,-0.327,-0.364,-0.597,0.33,0.727,0.428,0.381,0.754,0.464,0.592,1.09,0.817,0.654,1.081,0.831,0.062,0.051,0.045,-3.328,-5.17,0.443,-0.766,0.521,0.006,-2.494,-3.875,0.187,-0.94,0.291,-0.167,1.335,-2.309,0.75,-3.778,1.857,1.914,2.29,0.027,1.705,-0.98,2.708,2.791,-2.574,-4.417,1.197,-0.013,1.275,0.76,0.27,-0.709,0.42,0.064,1.084,-2.849,2.684,2.842,2.465,0.373,3.914,4.145,1.597,0.47,1.701,1.243,0.855,-0.124,1.005,0.649,3.691,3.792,5.382,5.53,0.252,0.309,0.003,0.161,-0.08,0.021
2023-05-25,CTD11,4169609,700351,0.013460544,0.019870903,0.026677823,0.0065681906,0.0051176515,0.0011605705,0.0011575081,0.00046784297,0.013451626,0.019808194,0.026882373,0.0067206477,0.004738619,0.001214306,0.16132091,-8.000000000000001e-45,0.399,-0.192,23.966,-0.329,36.807,0.344,-77.958,0.449,-121.111,-0.146,12.841,0.503,-101.924,0.59,-145.077,0.605,-114.765,0.678,-157.918,0.124,-43.153,0.639,0.157,0.123,0.731,0.242,0.188,-1.549,-2.08,-0.399,-2.407,-3.231,-0.795,0.173,0.084,0.066,-1.372,-2.719,-0.522,-1.953,-3.87,-0.953,-1.545,-2.28,-0.587,-2.126,-3.138,-1.037,-0.581,-0.857,-1.151,-0.193,-0.202,-0.549,-0.5,-0.529,-1.131,0.148,0.276,0.217,0.179,0.316,0.251,-0.34,-0.366,-0.582,0.331,0.716,0.418,0.368,0.737,0.444,0.603,1.082,0.805,0.647,1.076,0.815,0.044,0.036,0.031,-3.384,-4.536,0.431,-0.606,0.486,-0.102,-2.521,-3.378,0.174,-0.779,0.247,-0.275,1.305,-1.833,0.707,-3.164,1.792,1.858,1.885,-0.395,1.288,-1.431,2.3,2.384,-2.585,-3.737,1.23,0.193,1.284,0.697,0.257,-0.539,0.365,-0.034,1.043,-2.188,2.645,2.833,1.901,-0.179,3.395,3.637,1.651,0.698,1.724,1.203,0.855,0.059,0.962,0.563,3.681,3.804,4.725,4.882,0.23,0.296,-0.05,0.139,-0.134,-0.011,-0.191,23.856,-0.333,37.141,0.334,-74.455,0.479,-136.691,-0.152,13.285,0.493,-98.311,0.614,-160.548,0.6,-111.596,0.7,-173.833,0.173,-62.237,0.641,0.16,0.113,0.736,0.25,0.176,-1.475,-2.002,-0.353,-2.708,-3.675,-0.919,0.179,0.089,0.063,-1.322,-2.643,-0.466,-2.16,-4.316,-1.079,-1.501,-2.211,-0.529,-2.338,-3.443,-1.168,-0.837,-1.233,-1.673,-0.189,-0.201,-0.555,-0.506,-0.547,-1.172,0.144,0.274,0.213,0.187,0.328,0.259,-0.351,-0.389,-0.617,0.324,0.719,0.414,0.374,0.747,0.448,0.606,1.108,0.821,0.666,1.098,0.835,0.06,0.049,0.042,-3.321,-4.994,0.429,-0.739,0.503,-0.026,-2.447,-3.68,0.161,-0.918,0.261,-0.205,1.265,-2.179,0.644,-3.672,1.762,1.825,2.102,-0.109,1.482,-1.161,2.499,2.589,-2.527,-4.2,1.223,0.054,1.296,0.767,0.237,-0.681,0.385,0.032,0.949,-2.726,2.595,2.771,2.182,0.18,3.681,3.93,1.659,0.58,1.759,1.293,0.858,-0.061,1.005,0.652,3.648,3.761,5.173,5.334,0.26,0.323,-0.013,0.163,-0.102,0.011
2023-05-25,CTD12,4173438,695414,0.01808962,0.02736931,0.03394819,0.008992608,0.0057442845,0.0014675466,0.0015159373,0.0006094775,0.01810789,0.027325457,0.033978097,0.009268151,0.0060506836,0.0013904521,0.013754055,-8.000000000000001e-45,0.374,-0.204,18.743,-0.305,25.824,0.336,-55.922,0.518,-118.806,-0.107,7.081,0.505,-74.665,0.653,-137.549,0.581,-81.746,0.711,-144.629,0.22,-62.884,0.636,0.169,0.108,0.707,0.232,0.148,-1.531,-1.898,-0.321,-3.252,-4.033,-1.068,0.128,0.064,0.041,-1.351,-2.535,-0.429,-2.488,-4.67,-1.237,-1.479,-2.237,-0.47,-2.616,-3.958,-1.301,-1.138,-1.721,-2.135,-0.216,-0.234,-0.63,-0.436,-0.479,-1.076,0.148,0.275,0.229,0.201,0.34,0.287,-0.243,-0.276,-0.446,0.353,0.771,0.463,0.416,0.798,0.504,0.549,1.047,0.754,0.62,1.041,0.776,0.071,0.062,0.053,-3.114,-5.249,0.396,-0.905,0.492,0.022,-2.511,-4.232,0.204,-1.033,0.323,-0.106,1.205,-2.753,0.771,-3.898,1.802,1.842,2.343,0.106,1.909,-0.626,2.821,2.884,-2.262,-4.397,1.248,-0.053,1.344,0.874,0.309,-0.759,0.489,0.167,1.167,-2.866,2.726,2.874,2.888,0.989,4.268,4.5,1.548,0.311,1.667,1.238,0.743,-0.325,0.923,0.602,3.458,3.565,5.413,5.581,0.287,0.328,0.011,0.159,-0.053,0.055,-0.203,18.629,-0.305,25.794,0.323,-52.672,0.499,-110.046,-0.109,7.165,0.493,-71.3,0.637,-128.675,0.571,-78.466,0.698,-135.84,0.21,-57.374,0.633,0.173,0.113,0.705,0.239,0.156,-1.439,-1.79,-0.319,-3.007,-3.739,-1.02,0.13,0.066,0.043,-1.291,-2.423,-0.431,-2.33,-4.372,-1.193,-1.421,-2.144,-0.475,-2.46,-3.712,-1.259,-1.039,-1.568,-1.949,-0.213,-0.23,-0.602,-0.434,-0.475,-1.036,0.144,0.265,0.221,0.197,0.329,0.279,-0.243,-0.275,-0.434,0.347,0.747,0.451,0.408,0.777,0.492,0.544,1.023,0.74,0.615,1.02,0.763,0.071,0.062,0.052,-3.003,-4.953,0.39,-0.869,0.485,0.01,-2.415,-3.983,0.194,-0.999,0.311,-0.12,1.15,-2.562,0.71,-3.662,1.732,1.776,2.188,0.044,1.749,-0.673,2.654,2.72,-2.157,-4.107,1.236,-0.023,1.331,0.856,0.292,-0.728,0.47,0.151,1.072,-2.667,2.614,2.77,2.64,0.85,4.004,4.243,1.537,0.345,1.655,1.224,0.732,-0.288,0.909,0.591,3.332,3.445,5.104,5.276,0.29,0.334,0.005,0.161,-0.061,0.051
