Date,Buoy,Latitude,Longitude,rhow_B1,rhow_B2,rhow_B3,rhow_B4,rhow_B5,rhow_B6,rhow_B7,rhow_B8,rhown_B1,rhown_B2,rhown_B3,rhown_B4,rhown_B5,rhown_B6,Band_15,Band_16,Chl,dif_norm_rhow_B1_B2,dif_inv_rhow_B1_B2,dif_norm_rhow_B1_B3,dif_inv_rhow_B1_B3,dif_norm_rhow_B1_B4,dif_inv_rhow_B1_B4,dif_norm_rhow_B1_B5,dif_inv_rhow_B1_B5,dif_norm_rhow_B2_B3,dif_inv_rhow_B2_B3,dif_norm_rhow_B2_B4,dif_inv_rhow_B2_B4,dif_norm_rhow_B2_B5,dif_inv_rhow_B2_B5,dif_norm_rhow_B3_B4,dif_inv_rhow_B3_B4,dif_norm_rhow_B3_B5,dif_inv_rhow_B3_B5,dif_norm_rhow_B4_B5,dif_inv_rhow_B4_B5,dall_gitelson_rhow_B1_B2_B3,dall_gitelson_rhow_B1_B2_B4,dall_gitelson_rhow_B1_B2_B5,dall_gitelson_rhow_B1_B3_B2,dall_gitelson_rhow_B1_B3_B4,dall_gitelson_rhow_B1_B3_B5,dall_gitelson_rhow_B1_B4_B2,dall_gitelson_rhow_B1_B4_B3,dall_gitelson_rhow_B1_B4_B5,dall_gitelson_rhow_B1_B5_B2,dall_gitelson_rhow_B1_B5_B3,dall_gitelson_rhow_B1_B5_B4,dall_gitelson_rhow_B2_B3_B1,dall_gitelson_rhow_B2_B3_B4,dall_gitelson_rhow_B2_B3_B5,dall_gitelson_rhow_B2_B4_B1,dall_gitelson_rhow_B2_B4_B3,dall_gitelson_rhow_B2_B4_B5,dall_gitelson_rhow_B2_B5_B1,dall_gitelson_rhow_B2_B5_B3,dall_gitelson_rhow_B2_B5_B4,dall_gitelson_rhow_B3_B4_B1,dall_gitelson_rhow_B3_B4_B2,dall_gitelson_rhow_B3_B4_B5,dall_gitelson_rhow_B3_B5_B1,dall_gitelson_rhow_B3_B5_B2,dall_gitelson_rhow_B3_B5_B4,dall_gitelson_rhow_B4_B5_B1,dall_gitelson_rhow_B4_B5_B2,dall_gitelson_rhow_B4_B5_B3,dif_norm_4_bands_rhow_B1_B2_B3_B4,dif_norm_4_bands_rhow_B1_B2_B3_B5,dif_norm_4_bands_rhow_B1_B2_B4_B5,dif_norm_4_bands_rhow_B1_B3_B2_B4,dif_norm_4_bands_rhow_B1_B3_B2_B5,dif_norm_4_bands_rhow_B1_B3_B4_B5,dif_norm_4_bands_rhow_B1_B4_B2_B3,dif_norm_4_bands_rhow_B1_B4_B2_B5,dif_norm_4_bands_rhow_B1_B4_B3_B5,dif_norm_4_bands_rhow_B1_B5_B2_B3,dif_norm_4_bands_rhow_B1_B5_B2_B4,dif_norm_4_bands_rhow_B1_B5_B3_B4,dif_norm_4_bands_rhow_B2_B3_B1_B4,dif_norm_4_bands_rhow_B2_B3_B1_B5,dif_norm_4_bands_rhow_B2_B3_B4_B5,dif_norm_4_bands_rhow_B2_B4_B1_B3,dif_norm_4_bands_rhow_B2_B4_B1_B5,dif_norm_4_bands_rhow_B2_B4_B3_B5,dif_norm_4_bands_rhow_B2_B5_B1_B3,dif_norm_4_bands_rhow_B2_B5_B1_B4,dif_norm_4_bands_rhow_B2_B5_B3_B4,dif_norm_4_bands_rhow_B3_B4_B1_B2,dif_norm_4_bands_rhow_B3_B4_B1_B5,dif_norm_4_bands_rhow_B3_B4_B2_B5,dif_norm_4_bands_rhow_B3_B5_B1_B2,dif_norm_4_bands_rhow_B3_B5_B1_B4,dif_norm_4_bands_rhow_B3_B5_B2_B4,dif_norm_4_bands_rhow_B4_B5_B1_B2,dif_norm_4_bands_rhow_B4_B5_B1_B3,dif_norm_4_bands_rhow_B4_B5_B2_B3,dif_rel_4bands_rhow_B1_B2_B3_B4,dif_rel_4bands_rhow_B1_B2_B3_B5,dif_rel_4bands_rhow_B1_B2_B4_B3,dif_rel_4bands_rhow_B1_B2_B4_B5,dif_rel_4bands_rhow_B1_B2_B5_B3,dif_rel_4bands_rhow_B1_B2_B5_B4,dif_rel_4bands_rhow_B1_B3_B2_B4,dif_rel_4bands_rhow_B1_B3_B2_B5,dif_rel_4bands_rhow_B1_B3_B4_B2,dif_rel_4bands_rhow_B1_B3_B4_B5,dif_rel_4bands_rhow_B1_B3_B5_B2,dif_rel_4bands_rhow_B1_B3_B5_B4,dif_rel_4bands_rhow_B1_B4_B2_B3,dif_rel_4bands_rhow_B1_B4_B2_B5,dif_rel_4bands_rhow_B1_B4_B3_B2,dif_rel_4bands_rhow_B1_B4_B3_B5,dif_rel_4bands_rhow_B1_B4_B5_B2,dif_rel_4bands_rhow_B1_B4_B5_B3,dif_rel_4bands_rhow_B1_B5_B2_B3,dif_rel_4bands_rhow_B1_B5_B2_B4,dif_rel_4bands_rhow_B1_B5_B3_B2,dif_rel_4bands_rhow_B1_B5_B3_B4,dif_rel_4bands_rhow_B1_B5_B4_B2,dif_rel_4bands_rhow_B1_B5_B4_B3,dif_rel_4bands_rhow_B2_B1_B3_B4,dif_rel_4bands_rhow_B2_B1_B3_B5,dif_rel_4bands_rhow_B2_B1_B4_B3,dif_rel_4bands_rhow_B2_B1_B4_B5,dif_rel_4bands_rhow_B2_B1_B5_B3,dif_rel_4bands_rhow_B2_B1_B5_B4,dif_rel_4bands_rhow_B2_B3_B4_B1,dif_rel_4bands_rhow_B2_B3_B4_B5,dif_rel_4bands_rhow_B2_B3_B5_B1,dif_rel_4bands_rhow_B2_B3_B5_B4,dif_rel_4bands_rhow_B2_B4_B3_B1,dif_rel_4bands_rhow_B2_B4_B3_B5,dif_rel_4bands_rhow_B2_B4_B5_B1,dif_rel_4bands_rhow_B2_B4_B5_B3,dif_rel_4bands_rhow_B2_B5_B3_B1,dif_rel_4bands_rhow_B2_B5_B3_B4,dif_rel_4bands_rhow_B2_B5_B4_B1,dif_rel_4bands_rhow_B2_B5_B4_B3,dif_rel_4bands_rhow_B3_B1_B4_B2,dif_rel_4bands_rhow_B3_B1_B4_B5,dif_rel_4bands_rhow_B3_B1_B5_B2,dif_rel_4bands_rhow_B3_B1_B5_B4,dif_rel_4bands_rhow_B3_B2_B4_B1,dif_rel_4bands_rhow_B3_B2_B4_B5,dif_rel_4bands_rhow_B3_B2_B5_B1,dif_rel_4bands_rhow_B3_B2_B5_B4,dif_rel_4bands_rhow_B3_B4_B5_B1,dif_rel_4bands_rhow_B3_B4_B5_B2,dif_rel_4bands_rhow_B3_B5_B4_B1,dif_rel_4bands_rhow_B3_B5_B4_B2,dif_rel_4bands_rhow_B4_B1_B5_B2,dif_rel_4bands_rhow_B4_B1_B5_B3,dif_rel_4bands_rhow_B4_B2_B5_B1,dif_rel_4bands_rhow_B4_B2_B5_B3,dif_rel_4bands_rhow_B4_B3_B5_B1,dif_rel_4bands_rhow_B4_B3_B5_B2,dif_norm_rhown_B1_B2,dif_inv_rhown_B1_B2,dif_norm_rhown_B1_B3,dif_inv_rhown_B1_B3,dif_norm_rhown_B1_B4,dif_inv_rhown_B1_B4,dif_norm_rhown_B1_B5,dif_inv_rhown_B1_B5,dif_norm_rhown_B2_B3,dif_inv_rhown_B2_B3,dif_norm_rhown_B2_B4,dif_inv_rhown_B2_B4,dif_norm_rhown_B2_B5,dif_inv_rhown_B2_B5,dif_norm_rhown_B3_B4,dif_inv_rhown_B3_B4,dif_norm_rhown_B3_B5,dif_inv_rhown_B3_B5,dif_norm_rhown_B4_B5,dif_inv_rhown_B4_B5,dall_gitelson_rhown_B1_B2_B3,dall_gitelson_rhown_B1_B2_B4,dall_gitelson_rhown_B1_B2_B5,dall_gitelson_rhown_B1_B3_B2,dall_gitelson_rhown_B1_B3_B4,dall_gitelson_rhown_B1_B3_B5,dall_gitelson_rhown_B1_B4_B2,dall_gitelson_rhown_B1_B4_B3,dall_gitelson_rhown_B1_B4_B5,dall_gitelson_rhown_B1_B5_B2,dall_gitelson_rhown_B1_B5_B3,dall_gitelson_rhown_B1_B5_B4,dall_gitelson_rhown_B2_B3_B1,dall_gitelson_rhown_B2_B3_B4,dall_gitelson_rhown_B2_B3_B5,dall_gitelson_rhown_B2_B4_B1,dall_gitelson_rhown_B2_B4_B3,dall_gitelson_rhown_B2_B4_B5,dall_gitelson_rhown_B2_B5_B1,dall_gitelson_rhown_B2_B5_B3,dall_gitelson_rhown_B2_B5_B4,dall_gitelson_rhown_B3_B4_B1,dall_gitelson_rhown_B3_B4_B2,dall_gitelson_rhown_B3_B4_B5,dall_gitelson_rhown_B3_B5_B1,dall_gitelson_rhown_B3_B5_B2,dall_gitelson_rhown_B3_B5_B4,dall_gitelson_rhown_B4_B5_B1,dall_gitelson_rhown_B4_B5_B2,dall_gitelson_rhown_B4_B5_B3,dif_norm_4_bands_rhown_B1_B2_B3_B4,dif_norm_4_bands_rhown_B1_B2_B3_B5,dif_norm_4_bands_rhown_B1_B2_B4_B5,dif_norm_4_bands_rhown_B1_B3_B2_B4,dif_norm_4_bands_rhown_B1_B3_B2_B5,dif_norm_4_bands_rhown_B1_B3_B4_B5,dif_norm_4_bands_rhown_B1_B4_B2_B3,dif_norm_4_bands_rhown_B1_B4_B2_B5,dif_norm_4_bands_rhown_B1_B4_B3_B5,dif_norm_4_bands_rhown_B1_B5_B2_B3,dif_norm_4_bands_rhown_B1_B5_B2_B4,dif_norm_4_bands_rhown_B1_B5_B3_B4,dif_norm_4_bands_rhown_B2_B3_B1_B4,dif_norm_4_bands_rhown_B2_B3_B1_B5,dif_norm_4_bands_rhown_B2_B3_B4_B5,dif_norm_4_bands_rhown_B2_B4_B1_B3,dif_norm_4_bands_rhown_B2_B4_B1_B5,dif_norm_4_bands_rhown_B2_B4_B3_B5,dif_norm_4_bands_rhown_B2_B5_B1_B3,dif_norm_4_bands_rhown_B2_B5_B1_B4,dif_norm_4_bands_rhown_B2_B5_B3_B4,dif_norm_4_bands_rhown_B3_B4_B1_B2,dif_norm_4_bands_rhown_B3_B4_B1_B5,dif_norm_4_bands_rhown_B3_B4_B2_B5,dif_norm_4_bands_rhown_B3_B5_B1_B2,dif_norm_4_bands_rhown_B3_B5_B1_B4,dif_norm_4_bands_rhown_B3_B5_B2_B4,dif_norm_4_bands_rhown_B4_B5_B1_B2,dif_norm_4_bands_rhown_B4_B5_B1_B3,dif_norm_4_bands_rhown_B4_B5_B2_B3,dif_rel_4bands_rhown_B1_B2_B3_B4,dif_rel_4bands_rhown_B1_B2_B3_B5,dif_rel_4bands_rhown_B1_B2_B4_B3,dif_rel_4bands_rhown_B1_B2_B4_B5,dif_rel_4bands_rhown_B1_B2_B5_B3,dif_rel_4bands_rhown_B1_B2_B5_B4,dif_rel_4bands_rhown_B1_B3_B2_B4,dif_rel_4bands_rhown_B1_B3_B2_B5,dif_rel_4bands_rhown_B1_B3_B4_B2,dif_rel_4bands_rhown_B1_B3_B4_B5,dif_rel_4bands_rhown_B1_B3_B5_B2,dif_rel_4bands_rhown_B1_B3_B5_B4,dif_rel_4bands_rhown_B1_B4_B2_B3,dif_rel_4bands_rhown_B1_B4_B2_B5,dif_rel_4bands_rhown_B1_B4_B3_B2,dif_rel_4bands_rhown_B1_B4_B3_B5,dif_rel_4bands_rhown_B1_B4_B5_B2,dif_rel_4bands_rhown_B1_B4_B5_B3,dif_rel_4bands_rhown_B1_B5_B2_B3,dif_rel_4bands_rhown_B1_B5_B2_B4,dif_rel_4bands_rhown_B1_B5_B3_B2,dif_rel_4bands_rhown_B1_B5_B3_B4,dif_rel_4bands_rhown_B1_B5_B4_B2,dif_rel_4bands_rhown_B1_B5_B4_B3,dif_rel_4bands_rhown_B2_B1_B3_B4,dif_rel_4bands_rhown_B2_B1_B3_B5,dif_rel_4bands_rhown_B2_B1_B4_B3,dif_rel_4bands_rhown_B2_B1_B4_B5,dif_rel_4bands_rhown_B2_B1_B5_B3,dif_rel_4bands_rhown_B2_B1_B5_B4,dif_rel_4bands_rhown_B2_B3_B4_B1,dif_rel_4bands_rhown_B2_B3_B4_B5,dif_rel_4bands_rhown_B2_B3_B5_B1,dif_rel_4bands_rhown_B2_B3_B5_B4,dif_rel_4bands_rhown_B2_B4_B3_B1,dif_rel_4bands_rhown_B2_B4_B3_B5,dif_rel_4bands_rhown_B2_B4_B5_B1,dif_rel_4bands_rhown_B2_B4_B5_B3,dif_rel_4bands_rhown_B2_B5_B3_B1,dif_rel_4bands_rhown_B2_B5_B3_B4,dif_rel_4bands_rhown_B2_B5_B4_B1,dif_rel_4bands_rhown_B2_B5_B4_B3,dif_rel_4bands_rhown_B3_B1_B4_B2,dif_rel_4bands_rhown_B3_B1_B4_B5,dif_rel_4bands_rhown_B3_B1_B5_B2,dif_rel_4bands_rhown_B3_B1_B5_B4,dif_rel_4bands_rhown_B3_B2_B4_B1,dif_rel_4bands_rhown_B3_B2_B4_B5,dif_rel_4bands_rhown_B3_B2_B5_B1,dif_rel_4bands_rhown_B3_B2_B5_B4,dif_rel_4bands_rhown_B3_B4_B5_B1,dif_rel_4bands_rhown_B3_B4_B5_B2,dif_rel_4bands_rhown_B3_B5_B4_B1,dif_rel_4bands_rhown_B3_B5_B4_B2,dif_rel_4bands_rhown_B4_B1_B5_B2,dif_rel_4bands_rhown_B4_B1_B5_B3,dif_rel_4bands_rhown_B4_B2_B5_B1,dif_rel_4bands_rhown_B4_B2_B5_B3,dif_rel_4bands_rhown_B4_B3_B5_B1,dif_rel_4bands_rhown_B4_B3_B5_B2
2017-06-30,CTD1,4187246,695025,0.023568008,0.034183595,0.043663643,0.01498799,0.009146495,0.00232008,0.002350536,0.00092993054,0.023581615,0.034338873,0.043720137,0.01535486,0.009757633,0.0021099816,0.0011735262,-8.000000000000001e-45,0.549,-0.184,13.177,-0.299,19.528,0.223,-24.29,0.441,-66.901,-0.122,6.351,0.39,-37.466,0.578,-80.078,0.489,-43.818,0.654,-86.429,0.242,-42.611,0.575,0.197,0.121,0.668,0.293,0.179,-0.83,-1.061,-0.222,-2.287,-2.921,-1.003,0.15,0.095,0.058,-0.883,-1.636,-0.343,-1.887,-3.496,-1.2,-1.033,-1.498,-0.401,-2.037,-2.954,-1.295,-1.004,-1.457,-1.861,-0.181,-0.201,-0.44,-0.409,-0.464,-0.833,0.11,0.198,0.162,0.185,0.293,0.246,-0.246,-0.29,-0.393,0.286,0.587,0.363,0.372,0.649,0.427,0.497,0.877,0.662,0.598,0.895,0.702,0.101,0.087,0.075,-2.224,-4.084,0.346,-0.949,0.48,0.079,-1.741,-3.198,0.101,-1.099,0.272,-0.07,0.79,-2.165,0.295,-3.201,1.305,1.363,1.794,0.296,1.299,-0.337,2.138,2.233,-1.463,-3.323,1.107,-0.188,1.241,0.84,0.147,-0.856,0.395,0.173,0.428,-2.493,1.893,2.071,1.885,0.824,3.101,3.394,1.414,0.214,1.585,1.242,0.641,-0.361,0.889,0.667,2.525,2.646,4.138,4.335,0.368,0.426,0.05,0.229,-0.045,0.076,-0.186,13.284,-0.299,19.533,0.211,-22.72,0.415,-60.078,-0.12,6.249,0.382,-36.004,0.557,-73.362,0.48,-42.253,0.635,-79.611,0.223,-37.358,0.581,0.204,0.13,0.671,0.3,0.191,-0.78,-0.993,-0.222,-2.063,-2.627,-0.922,0.147,0.096,0.061,-0.849,-1.574,-0.351,-1.73,-3.207,-1.126,-0.996,-1.451,-0.412,-1.877,-2.734,-1.222,-0.881,-1.283,-1.633,-0.182,-0.201,-0.428,-0.405,-0.457,-0.802,0.105,0.187,0.154,0.177,0.278,0.234,-0.241,-0.281,-0.374,0.282,0.569,0.355,0.365,0.631,0.416,0.49,0.851,0.643,0.586,0.872,0.683,0.097,0.083,0.072,-2.161,-3.794,0.336,-0.887,0.464,0.051,-1.697,-2.98,0.092,-1.034,0.255,-0.096,0.75,-1.983,0.263,-2.945,1.252,1.313,1.631,0.18,1.144,-0.431,1.97,2.066,-1.391,-3.024,1.105,-0.117,1.233,0.821,0.134,-0.788,0.372,0.15,0.382,-2.244,1.823,2.013,1.665,0.672,2.868,3.168,1.407,0.28,1.57,1.219,0.622,-0.3,0.859,0.638,2.434,2.563,3.829,4.033,0.367,0.428,0.033,0.224,-0.063,0.067
2017-06-30,CTD2,4181518,693105,0.013951228,0.022363907,0.026365198,0.0068001538,0.0038678003,0.0010000895,0.0010586272,0.00042683896,0.014022442,0.022508806,0.026334025,0.0070460257,0.0042994088,0.0009420455,0.0002358455,-8.000000000000001e-45,0.441,-0.232,26.963,-0.308,33.749,0.345,-75.377,0.566,-186.867,-0.082,6.786,0.534,-102.341,0.705,-213.83,0.59,-109.127,0.744,-220.616,0.275,-111.489,0.711,0.183,0.104,0.755,0.23,0.131,-1.686,-1.987,-0.292,-4.179,-4.927,-1.271,0.095,0.046,0.026,-1.428,-2.698,-0.396,-2.983,-5.638,-1.454,-1.522,-2.44,-0.422,-3.078,-4.934,-1.5,-1.555,-2.493,-2.939,-0.254,-0.278,-0.789,-0.426,-0.473,-1.164,0.147,0.273,0.237,0.207,0.346,0.304,-0.193,-0.225,-0.375,0.386,0.873,0.515,0.459,0.891,0.558,0.539,1.098,0.746,0.62,1.084,0.771,0.081,0.073,0.06,-3.253,-6.193,0.366,-1.134,0.477,0.055,-2.76,-5.253,0.225,-1.229,0.356,-0.04,1.203,-3.73,0.873,-4.765,1.879,1.905,2.759,0.318,2.428,-0.27,3.303,3.349,-2.274,-5.214,1.345,-0.155,1.456,1.034,0.361,-0.91,0.571,0.279,1.399,-3.528,3.011,3.142,3.892,1.905,5.295,5.524,1.586,0.132,1.717,1.321,0.691,-0.579,0.902,0.61,3.6,3.704,6.329,6.513,0.314,0.341,0.027,0.157,-0.019,0.085,-0.232,26.887,-0.305,33.341,0.331,-70.61,0.531,-161.276,-0.078,6.453,0.523,-97.497,0.679,-188.163,0.578,-103.95,0.719,-194.616,0.242,-90.666,0.708,0.189,0.116,0.75,0.235,0.143,-1.589,-1.859,-0.304,-3.63,-4.247,-1.136,0.09,0.045,0.028,-1.367,-2.567,-0.419,-2.639,-4.955,-1.326,-1.458,-2.34,-0.447,-2.729,-4.381,-1.371,-1.271,-2.041,-2.388,-0.254,-0.277,-0.748,-0.417,-0.459,-1.085,0.143,0.26,0.228,0.199,0.329,0.291,-0.182,-0.209,-0.337,0.383,0.844,0.505,0.451,0.864,0.546,0.528,1.053,0.719,0.603,1.046,0.746,0.075,0.068,0.056,-3.114,-5.502,0.355,-1.016,0.46,0.013,-2.662,-4.703,0.219,-1.106,0.341,-0.078,1.135,-3.245,0.82,-4.135,1.799,1.827,2.407,0.067,2.092,-0.476,2.948,2.994,-2.132,-4.52,1.338,-0.034,1.442,0.995,0.352,-0.784,0.548,0.245,1.317,-2.93,2.888,3.031,3.357,1.498,4.733,4.968,1.565,0.239,1.687,1.268,0.667,-0.469,0.863,0.56,3.431,3.546,5.623,5.812,0.311,0.339,0.006,0.15,-0.039,0.077
2017-06-30,CTD3,4181698,695238,0.017591918,0.024643049,0.03181565,0.010574366,0.0073545063,0.0019455052,0.0019215259,0.00077773904,0.017462393,0.024656076,0.031839468,0.01068209,0.0074404264,0.0018623079,0.104799,-8.000000000000001e-45,0.617,-0.167,16.265,-0.288,25.413,0.249,-37.724,0.41,-79.127,-0.127,9.148,0.399,-53.989,0.54,-95.392,0.501,-63.137,0.624,-104.54,0.18,-41.403,0.517,0.172,0.12,0.626,0.269,0.187,-0.93,-1.2,-0.277,-1.95,-2.517,-0.837,0.161,0.097,0.067,-0.95,-1.718,-0.397,-1.678,-3.035,-1.009,-1.111,-1.556,-0.464,-1.839,-2.576,-1.105,-0.728,-1.02,-1.317,-0.166,-0.18,-0.393,-0.404,-0.445,-0.793,0.124,0.219,0.179,0.181,0.291,0.242,-0.255,-0.288,-0.4,0.285,0.564,0.359,0.35,0.614,0.408,0.503,0.851,0.664,0.579,0.868,0.695,0.076,0.065,0.057,-2.295,-3.612,0.382,-0.724,0.483,0.018,-1.778,-2.798,0.124,-0.885,0.254,-0.143,0.889,-1.687,0.373,-2.662,1.365,1.432,1.617,0.062,1.101,-0.617,1.963,2.06,-1.608,-2.925,1.068,-0.037,1.17,0.705,0.173,-0.663,0.356,0.079,0.522,-1.996,1.912,2.099,1.542,0.342,2.75,3.018,1.379,0.371,1.51,1.113,0.69,-0.147,0.873,0.596,2.591,2.71,3.725,3.897,0.303,0.37,0.011,0.198,-0.086,0.034,-0.171,16.708,-0.292,25.858,0.241,-36.349,0.402,-77.135,-0.127,9.15,0.395,-53.057,0.536,-93.843,0.498,-62.207,0.621,-102.993,0.179,-40.786,0.532,0.178,0.124,0.638,0.276,0.192,-0.896,-1.157,-0.27,-1.902,-2.456,-0.824,0.16,0.098,0.068,-0.926,-1.689,-0.395,-1.639,-2.988,-1.002,-1.086,-1.534,-0.463,-1.799,-2.539,-1.1,-0.712,-1.006,-1.299,-0.169,-0.183,-0.397,-0.407,-0.448,-0.793,0.12,0.211,0.173,0.177,0.284,0.236,-0.255,-0.288,-0.396,0.283,0.561,0.356,0.349,0.612,0.405,0.502,0.85,0.659,0.579,0.867,0.69,0.077,0.066,0.057,-2.272,-3.571,0.373,-0.727,0.475,0.012,-1.76,-2.765,0.115,-0.887,0.247,-0.148,0.86,-1.679,0.343,-2.645,1.333,1.401,1.573,0.039,1.056,-0.634,1.914,2.011,-1.569,-2.867,1.076,-0.024,1.178,0.715,0.163,-0.661,0.348,0.078,0.485,-1.971,1.882,2.074,1.49,0.333,2.702,2.978,1.39,0.388,1.522,1.127,0.68,-0.144,0.865,0.595,2.555,2.679,3.668,3.846,0.31,0.378,0.007,0.2,-0.091,0.034
2017-06-30,CTD4,4180266,698264,0.016405266,0.024626616,0.035083488,0.012217858,0.008422147,0.0021632651,0.002177963,0.0008687448,0.016311308,0.024674179,0.035139456,0.012403205,0.008548083,0.002070887,0.10172809,-8.000000000000001e-45,0.629,-0.2,20.35,-0.363,32.453,0.146,-20.891,0.322,-57.779,-0.175,12.103,0.337,-41.241,0.49,-78.128,0.483,-53.344,0.613,-90.231,0.184,-36.887,0.714,0.249,0.171,0.799,0.397,0.273,-0.514,-0.733,-0.176,-1.423,-2.027,-0.706,0.199,0.148,0.102,-0.677,-1.447,-0.347,-1.282,-2.741,-0.955,-0.875,-1.314,-0.449,-1.48,-2.222,-1.102,-0.605,-0.908,-1.294,-0.174,-0.189,-0.398,-0.507,-0.565,-0.905,0.07,0.127,0.096,0.134,0.217,0.169,-0.365,-0.421,-0.507,0.241,0.5,0.285,0.315,0.566,0.343,0.557,0.921,0.692,0.65,0.931,0.724,0.093,0.074,0.064,-2.205,-3.499,0.318,-0.785,0.426,-0.023,-1.548,-2.456,-0.029,-0.983,0.126,-0.222,0.641,-1.581,-0.082,-2.823,1.001,1.103,1.246,-0.068,0.523,-0.924,1.452,1.6,-1.37,-2.664,1.153,0.05,1.261,0.812,-0.043,-0.749,0.189,0.013,-0.123,-2.15,1.502,1.776,0.785,0.053,2.179,2.576,1.642,0.688,1.797,1.449,0.68,-0.026,0.911,0.735,2.358,2.529,3.421,3.669,0.403,0.505,-0.017,0.256,-0.165,0.006,-0.204,20.779,-0.366,32.849,0.136,-19.317,0.312,-55.678,-0.175,12.07,0.331,-40.096,0.485,-76.457,0.478,-52.166,0.609,-88.527,0.184,-36.361,0.73,0.258,0.178,0.811,0.407,0.281,-0.477,-0.679,-0.165,-1.374,-1.956,-0.691,0.197,0.15,0.103,-0.654,-1.409,-0.343,-1.247,-2.687,-0.948,-0.851,-1.287,-0.446,-1.444,-2.184,-1.098,-0.593,-0.897,-1.278,-0.176,-0.191,-0.399,-0.508,-0.567,-0.899,0.065,0.118,0.089,0.13,0.209,0.163,-0.364,-0.421,-0.5,0.238,0.494,0.281,0.313,0.562,0.339,0.555,0.915,0.684,0.649,0.926,0.717,0.094,0.075,0.064,-2.172,-3.45,0.308,-0.79,0.418,-0.028,-1.525,-2.422,-0.038,-0.987,0.118,-0.225,0.613,-1.571,-0.109,-2.796,0.969,1.072,1.206,-0.081,0.484,-0.925,1.406,1.555,-1.32,-2.598,1.16,0.062,1.269,0.824,-0.058,-0.749,0.178,0.013,-0.165,-2.121,1.465,1.746,0.732,0.053,2.126,2.534,1.652,0.703,1.808,1.465,0.664,-0.027,0.9,0.735,2.309,2.487,3.35,3.608,0.414,0.517,-0.021,0.259,-0.171,0.007
2017-06-30,CTD6,4176009,695829,0.02760178,0.03737489,0.04562618,0.021837726,0.01327069,0.0036680896,0.003562633,0.001440924,0.027312431,0.037826806,0.04541024,0.021793755,0.0146009615,0.0032368107,0.00028289304,-8.000000000000001e-45,0.269,-0.15,9.474,-0.246,14.312,0.117,-9.563,0.351,-39.124,-0.099,4.839,0.262,-19.036,0.476,-48.598,0.353,-23.875,0.549,-53.437,0.244,-29.562,0.432,0.207,0.126,0.535,0.313,0.19,-0.357,-0.436,-0.127,-1.462,-1.785,-0.854,0.134,0.106,0.064,-0.525,-0.869,-0.253,-1.341,-2.217,-1.061,-0.659,-0.892,-0.317,-1.475,-1.997,-1.167,-0.816,-1.105,-1.349,-0.145,-0.166,-0.278,-0.304,-0.356,-0.513,0.069,0.114,0.098,0.173,0.242,0.212,-0.167,-0.202,-0.235,0.212,0.38,0.264,0.329,0.488,0.357,0.366,0.582,0.47,0.498,0.654,0.546,0.132,0.117,0.103,-1.351,-2.7,0.26,-0.907,0.448,0.131,-1.107,-2.211,0.021,-1.041,0.25,-0.003,0.445,-1.552,0.043,-2.174,0.909,0.973,1.261,0.368,0.859,-0.009,1.496,1.601,-0.735,-2.084,0.875,-0.291,1.063,0.746,0.028,-0.826,0.338,0.211,0.058,-1.727,1.231,1.421,1.163,0.727,2.025,2.338,1.069,0.007,1.298,1.045,0.43,-0.425,0.74,0.613,1.609,1.734,2.647,2.854,0.436,0.5,0.103,0.293,-0.002,0.124,-0.161,10.177,-0.249,14.592,0.112,-9.271,0.303,-31.875,-0.091,4.415,0.269,-19.448,0.443,-42.052,0.351,-23.863,0.513,-46.467,0.198,-22.604,0.462,0.222,0.149,0.552,0.318,0.213,-0.351,-0.421,-0.135,-1.206,-1.447,-0.695,0.121,0.096,0.064,-0.531,-0.883,-0.284,-1.149,-1.91,-0.916,-0.652,-0.903,-0.348,-1.269,-1.758,-1.013,-0.617,-0.855,-1.026,-0.156,-0.175,-0.289,-0.304,-0.345,-0.497,0.066,0.105,0.092,0.153,0.213,0.189,-0.154,-0.181,-0.208,0.22,0.383,0.267,0.319,0.473,0.346,0.363,0.563,0.45,0.473,0.627,0.517,0.11,0.099,0.086,-1.362,-2.388,0.242,-0.771,0.401,0.052,-1.134,-1.989,0.025,-0.891,0.215,-0.069,0.42,-1.337,0.053,-1.857,0.867,0.932,1.038,0.135,0.67,-0.213,1.294,1.391,-0.699,-1.725,0.905,-0.108,1.063,0.715,0.035,-0.66,0.298,0.163,0.073,-1.374,1.201,1.414,0.928,0.507,1.793,2.111,1.086,0.17,1.277,0.993,0.403,-0.292,0.666,0.531,1.549,1.698,2.312,2.534,0.412,0.476,0.042,0.255,-0.055,0.094
2017-06-30,CTD7,4176724,690397,0.027574467,0.043261304,0.05605534,0.018559577,0.010679221,0.0027100407,0.0028547205,0.0011584185,0.02776255,0.043010365,0.056231547,0.018911576,0.011746905,0.0024028374,0.00029707127,-8.000000000000001e-45,0.967,-0.221,13.15,-0.341,18.426,0.195,-17.615,0.442,-57.374,-0.129,5.276,0.4,-30.765,0.604,-70.524,0.503,-36.041,0.68,-75.8,0.27,-39.759,0.737,0.244,0.14,0.797,0.342,0.197,-0.762,-0.987,-0.188,-2.482,-3.216,-1.065,0.145,0.098,0.056,-0.848,-1.725,-0.329,-1.945,-3.953,-1.309,-0.994,-1.559,-0.385,-2.09,-3.279,-1.407,-1.096,-1.72,-2.229,-0.21,-0.235,-0.537,-0.461,-0.528,-0.974,0.091,0.167,0.135,0.17,0.273,0.226,-0.277,-0.334,-0.438,0.295,0.646,0.37,0.39,0.706,0.437,0.529,0.98,0.695,0.641,0.984,0.734,0.111,0.094,0.079,-2.383,-4.612,0.306,-1.101,0.447,0.062,-1.839,-3.559,0.063,-1.246,0.245,-0.083,0.714,-2.565,0.19,-3.763,1.239,1.295,1.81,0.251,1.286,-0.438,2.153,2.251,-1.451,-3.68,1.238,-0.169,1.378,0.993,0.099,-0.966,0.384,0.196,0.298,-2.918,1.944,2.14,2.018,1.031,3.378,3.72,1.604,0.295,1.786,1.457,0.623,-0.442,0.908,0.72,2.633,2.773,4.576,4.82,0.426,0.483,0.042,0.238,-0.056,0.084,-0.215,12.77,-0.339,18.236,0.19,-16.858,0.405,-49.109,-0.133,5.467,0.389,-29.627,0.571,-61.879,0.497,-35.094,0.654,-67.345,0.234,-32.251,0.718,0.241,0.15,0.784,0.345,0.214,-0.725,-0.948,-0.198,-2.112,-2.761,-0.929,0.152,0.103,0.064,-0.823,-1.666,-0.348,-1.718,-3.48,-1.17,-0.974,-1.509,-0.412,-1.87,-2.897,-1.274,-0.895,-1.387,-1.814,-0.203,-0.224,-0.497,-0.46,-0.52,-0.929,0.089,0.162,0.13,0.161,0.259,0.213,-0.283,-0.335,-0.431,0.287,0.61,0.355,0.372,0.67,0.416,0.527,0.945,0.682,0.629,0.953,0.718,0.101,0.085,0.072,-2.328,-4.141,0.309,-0.964,0.437,0.024,-1.781,-3.168,0.054,-1.116,0.221,-0.127,0.703,-2.193,0.161,-3.319,1.195,1.259,1.599,0.089,1.056,-0.61,1.924,2.027,-1.424,-3.238,1.213,-0.061,1.34,0.928,0.084,-0.845,0.342,0.144,0.249,-2.513,1.851,2.065,1.636,0.688,2.98,3.325,1.586,0.416,1.752,1.404,0.626,-0.303,0.884,0.686,2.55,2.7,4.106,4.347,0.408,0.472,0.017,0.231,-0.087,0.063
2017-06-30,CTD8,4174178,693048,0.01681284,0.025656167,0.035782803,0.013493528,0.008641208,0.002283774,0.002266005,0.00092257455,0.016736204,0.025837071,0.035740558,0.013640926,0.009141394,0.0021293631,0.007254061,-8.000000000000001e-45,0.447,-0.208,20.501,-0.361,31.532,0.11,-14.631,0.321,-56.246,-0.165,11.031,0.311,-35.133,0.496,-76.748,0.452,-46.163,0.611,-87.778,0.219,-41.615,0.734,0.277,0.177,0.809,0.425,0.272,-0.375,-0.524,-0.126,-1.443,-2.013,-0.759,0.185,0.149,0.095,-0.591,-1.257,-0.304,-1.29,-2.746,-1.036,-0.776,-1.184,-0.399,-1.476,-2.252,-1.184,-0.7,-1.068,-1.489,-0.179,-0.199,-0.4,-0.485,-0.553,-0.857,0.054,0.097,0.075,0.133,0.209,0.166,-0.334,-0.398,-0.457,0.231,0.478,0.274,0.324,0.561,0.345,0.525,0.876,0.65,0.639,0.896,0.693,0.114,0.092,0.079,-1.997,-3.486,0.278,-0.906,0.414,0.015,-1.432,-2.499,-0.056,-1.092,0.133,-0.171,0.529,-1.723,-0.149,-2.895,0.909,1.005,1.229,0.044,0.551,-0.706,1.42,1.569,-1.126,-2.615,1.149,-0.036,1.284,0.886,-0.086,-0.845,0.203,0.077,-0.227,-2.24,1.387,1.66,0.841,0.317,2.166,2.592,1.602,0.567,1.791,1.488,0.592,-0.167,0.881,0.754,2.138,2.315,3.338,3.615,0.466,0.561,0.012,0.284,-0.137,0.04,-0.214,21.047,-0.362,31.771,0.102,-13.558,0.293,-49.642,-0.161,10.725,0.309,-34.605,0.477,-70.688,0.448,-45.329,0.593,-81.413,0.198,-36.084,0.752,0.287,0.192,0.821,0.433,0.29,-0.35,-0.485,-0.124,-1.283,-1.774,-0.677,0.179,0.146,0.098,-0.579,-1.237,-0.316,-1.183,-2.526,-0.964,-0.759,-1.171,-0.414,-1.363,-2.103,-1.111,-0.604,-0.932,-1.29,-0.184,-0.203,-0.399,-0.481,-0.543,-0.834,0.05,0.088,0.069,0.123,0.192,0.154,-0.326,-0.383,-0.435,0.232,0.471,0.272,0.318,0.55,0.338,0.519,0.854,0.632,0.625,0.876,0.674,0.106,0.086,0.073,-1.972,-3.262,0.266,-0.844,0.392,-0.022,-1.426,-2.358,-0.06,-1.024,0.114,-0.202,0.504,-1.599,-0.156,-2.683,0.873,0.971,1.108,-0.063,0.448,-0.789,1.303,1.449,-1.076,-2.366,1.162,0.052,1.288,0.874,-0.092,-0.769,0.177,0.053,-0.241,-2.016,1.348,1.638,0.691,0.206,2.011,2.445,1.608,0.643,1.782,1.465,0.568,-0.109,0.837,0.713,2.074,2.266,3.095,3.382,0.461,0.559,-0.018,0.272,-0.165,0.028
2017-06-30,CTD10,4170388,695646,0.011502781,0.01674348,0.024568347,0.0065914574,0.005295718,0.0012776662,0.0012900282,0.0005046503,0.011488923,0.016553294,0.024704577,0.0067846337,0.0049842405,0.0013244802,0.29242626,-8.000000000000001e-45,0.4,-0.186,27.211,-0.362,46.233,0.271,-64.776,0.37,-101.896,-0.189,19.022,0.435,-91.987,0.519,-129.107,0.577,-111.009,0.645,-148.129,0.109,-37.12,0.669,0.179,0.144,0.774,0.305,0.245,-1.085,-1.591,-0.343,-1.706,-2.503,-0.672,0.219,0.125,0.101,-1.058,-2.26,-0.487,-1.485,-3.172,-0.851,-1.277,-1.859,-0.588,-1.704,-2.48,-0.976,-0.427,-0.622,-0.912,-0.168,-0.175,-0.441,-0.56,-0.593,-1.099,0.119,0.223,0.164,0.15,0.266,0.199,-0.432,-0.466,-0.658,0.281,0.604,0.34,0.317,0.633,0.367,0.636,1.07,0.816,0.682,1.065,0.826,0.046,0.036,0.031,-3.04,-3.952,0.419,-0.558,0.471,-0.116,-2.072,-2.694,0.075,-0.776,0.152,-0.335,1.064,-1.417,0.278,-2.894,1.429,1.53,1.491,-0.368,0.705,-1.555,1.778,1.904,-2.272,-3.184,1.187,0.211,1.24,0.652,0.108,-0.563,0.221,-0.122,0.404,-2.099,2.08,2.325,1.026,-0.566,2.589,2.893,1.742,0.891,1.82,1.332,0.894,0.223,1.007,0.664,3.267,3.411,4.066,4.246,0.257,0.357,-0.067,0.178,-0.192,-0.048,-0.181,26.629,-0.365,46.562,0.257,-60.352,0.395,-113.592,-0.198,19.933,0.419,-86.981,0.537,-140.221,0.569,-106.914,0.664,-160.154,0.153,-53.24,0.658,0.181,0.133,0.771,0.316,0.232,-0.999,-1.491,-0.301,-1.88,-2.806,-0.771,0.229,0.135,0.099,-0.999,-2.149,-0.434,-1.611,-3.464,-0.951,-1.228,-1.77,-0.533,-1.84,-2.651,-1.087,-0.612,-0.881,-1.315,-0.161,-0.171,-0.43,-0.566,-0.614,-1.123,0.114,0.218,0.158,0.158,0.279,0.207,-0.446,-0.495,-0.693,0.27,0.593,0.329,0.32,0.633,0.367,0.639,1.088,0.832,0.703,1.079,0.845,0.064,0.05,0.044,-2.947,-4.262,0.419,-0.667,0.492,-0.041,-1.975,-2.856,0.055,-0.896,0.164,-0.27,1.023,-1.628,0.201,-3.263,1.392,1.492,1.635,-0.135,0.813,-1.336,1.895,2.03,-2.2,-3.516,1.166,0.08,1.239,0.706,0.08,-0.691,0.236,-0.065,0.29,-2.517,2.006,2.238,1.171,-0.32,2.731,3.046,1.74,0.789,1.849,1.416,0.902,0.131,1.059,0.758,3.207,3.34,4.366,4.547,0.289,0.389,-0.024,0.208,-0.159,-0.026
2017-06-30,CTD11,4169609,700351,0.011993377,0.0168688,0.026210168,0.0081456015,0.007397401,0.0018179364,0.0017607801,0.0006847041,0.01192659,0.016599346,0.02637346,0.008340031,0.006622849,0.0018986596,0.45264724,-2e-44,0.536,-0.169,24.098,-0.372,45.226,0.191,-39.386,0.237,-51.803,-0.217,21.128,0.349,-63.485,0.39,-75.902,0.526,-84.613,0.56,-97.029,0.048,-12.417,0.632,0.196,0.178,0.763,0.368,0.335,-0.664,-1.032,-0.291,-0.874,-1.358,-0.422,0.253,0.172,0.156,-0.761,-1.664,-0.47,-0.91,-1.989,-0.618,-1.015,-1.427,-0.626,-1.164,-1.637,-0.79,-0.149,-0.209,-0.325,-0.142,-0.145,-0.314,-0.568,-0.586,-0.915,0.089,0.159,0.114,0.107,0.184,0.134,-0.464,-0.482,-0.601,0.228,0.45,0.26,0.248,0.47,0.276,0.626,0.932,0.744,0.652,0.934,0.752,0.026,0.02,0.017,-2.507,-2.832,0.4,-0.39,0.429,-0.197,-1.613,-1.823,-0.025,-0.644,0.019,-0.451,0.829,-0.808,-0.081,-2.071,1.034,1.19,0.978,-0.45,0.068,-1.596,1.138,1.311,-1.811,-2.137,1.096,0.305,1.124,0.498,-0.036,-0.458,0.027,-0.265,-0.114,-1.472,1.454,1.789,0.095,-0.937,1.601,1.97,1.703,1.084,1.747,1.277,0.875,0.453,0.937,0.646,2.601,2.779,2.864,3.06,0.241,0.397,-0.134,0.201,-0.306,-0.128,-0.164,23.603,-0.377,45.929,0.177,-36.057,0.286,-67.146,-0.227,22.326,0.331,-59.66,0.43,-90.749,0.519,-81.987,0.599,-113.076,0.115,-31.089,0.622,0.197,0.156,0.762,0.383,0.304,-0.599,-0.951,-0.239,-1.115,-1.771,-0.56,0.266,0.186,0.148,-0.712,-1.573,-0.395,-1.082,-2.393,-0.757,-0.978,-1.361,-0.543,-1.349,-1.877,-0.943,-0.371,-0.516,-0.82,-0.135,-0.142,-0.312,-0.579,-0.622,-0.966,0.083,0.154,0.109,0.123,0.213,0.153,-0.482,-0.527,-0.653,0.216,0.445,0.25,0.26,0.492,0.287,0.632,0.972,0.777,0.692,0.975,0.792,0.06,0.045,0.04,-2.444,-3.264,0.402,-0.541,0.467,-0.076,-1.538,-2.054,-0.05,-0.807,0.053,-0.342,0.801,-1.076,-0.159,-2.552,1.031,1.179,1.171,-0.189,0.212,-1.361,1.298,1.485,-1.77,-2.59,1.076,0.133,1.141,0.598,-0.07,-0.63,0.074,-0.165,-0.221,-1.992,1.435,1.739,0.295,-0.656,1.807,2.19,1.709,0.952,1.812,1.417,0.89,0.33,1.034,0.795,2.607,2.763,3.283,3.48,0.3,0.448,-0.053,0.251,-0.239,-0.083
2017-06-30,CTD12,4173438,695414,0.021588668,0.029599868,0.039192073,0.017662713,0.012229726,0.0033887236,0.0033613564,0.0013491674,0.021286955,0.029820232,0.039138924,0.017588884,0.01260664,0.003137973,0.058143307,-8.000000000000001e-45,0.383,-0.157,12.537,-0.29,20.805,0.1,-10.296,0.277,-35.447,-0.139,8.269,0.253,-22.833,0.415,-47.984,0.379,-31.101,0.524,-56.253,0.182,-25.152,0.491,0.221,0.153,0.616,0.367,0.254,-0.305,-0.404,-0.126,-1.049,-1.389,-0.626,0.179,0.146,0.101,-0.493,-0.895,-0.279,-1.036,-1.881,-0.848,-0.671,-0.921,-0.38,-1.214,-1.665,-0.994,-0.543,-0.744,-0.986,-0.141,-0.156,-0.268,-0.372,-0.421,-0.589,0.057,0.094,0.076,0.136,0.198,0.165,-0.244,-0.284,-0.321,0.196,0.353,0.232,0.286,0.443,0.306,0.421,0.637,0.515,0.527,0.687,0.57,0.106,0.089,0.079,-1.49,-2.475,0.279,-0.715,0.417,0.037,-1.125,-1.869,-0.046,-0.893,0.138,-0.142,0.467,-1.198,-0.102,-1.982,0.809,0.91,1.01,0.089,0.441,-0.454,1.169,1.315,-0.848,-1.834,0.92,-0.073,1.059,0.679,-0.063,-0.689,0.189,0.063,-0.14,-1.529,1.109,1.364,0.605,0.201,1.602,1.97,1.219,0.371,1.402,1.123,0.506,-0.12,0.758,0.632,1.652,1.806,2.387,2.608,0.405,0.506,0.03,0.285,-0.116,0.038,-0.167,13.443,-0.295,21.427,0.095,-9.877,0.256,-32.346,-0.135,7.984,0.258,-23.32,0.406,-45.789,0.38,-31.304,0.513,-53.773,0.165,-22.469,0.526,0.236,0.169,0.639,0.377,0.27,-0.295,-0.387,-0.125,-0.965,-1.266,-0.569,0.17,0.14,0.101,-0.496,-0.913,-0.294,-0.975,-1.792,-0.805,-0.666,-0.933,-0.395,-1.145,-1.604,-0.946,-0.478,-0.67,-0.879,-0.15,-0.165,-0.283,-0.377,-0.421,-0.591,0.054,0.087,0.071,0.126,0.183,0.153,-0.24,-0.275,-0.309,0.202,0.361,0.236,0.285,0.443,0.303,0.422,0.636,0.508,0.519,0.682,0.56,0.097,0.082,0.072,-1.511,-2.391,0.264,-0.681,0.392,-0.003,-1.152,-1.822,-0.046,-0.851,0.121,-0.173,0.448,-1.155,-0.102,-1.894,0.787,0.888,0.927,-0.007,0.376,-0.537,1.099,1.239,-0.824,-1.704,0.951,0.006,1.079,0.684,-0.064,-0.633,0.17,0.045,-0.143,-1.409,1.103,1.373,0.527,0.14,1.539,1.916,1.249,0.443,1.416,1.122,0.486,-0.083,0.72,0.596,1.633,1.802,2.278,2.515,0.404,0.504,-0.002,0.268,-0.143,0.027
2018-01-31,CTD1,4187246,695025,0.0070279893,0.0102367345,0.018485997,0.006153711,0.006157391,0.0014743756,0.0015017631,0.00057959824,0.007051447,0.010008527,0.018709555,0.0064109215,0.0053607174,0.0015950263,0.55762786,-2e-44,2.008,-0.186,44.601,-0.449,88.193,0.066,-20.215,0.066,-20.118,-0.287,43.592,0.249,-64.816,0.249,-64.719,0.501,-108.409,0.5,-108.311,-0.0,0.097,0.824,0.274,0.275,0.903,0.543,0.543,-0.207,-0.374,-0.124,-0.206,-0.372,-0.124,0.306,0.268,0.268,-0.456,-1.198,-0.399,-0.455,-1.196,-0.398,-0.762,-1.11,-0.668,-0.761,-1.109,-0.667,0.001,0.001,0.002,-0.13,-0.13,-0.261,-0.699,-0.699,-0.931,0.03,0.053,0.035,0.03,0.053,0.035,-0.626,-0.626,-0.67,0.16,0.31,0.166,0.16,0.309,0.166,0.714,0.935,0.752,0.714,0.935,0.752,-0.0,-0.0,-0.0,-2.317,-2.316,0.354,-0.313,0.353,-0.314,-1.283,-1.282,-0.221,-0.619,-0.221,-0.62,0.588,-0.52,-0.664,-1.86,0.541,0.809,0.588,-0.522,-0.664,-1.863,0.54,0.809,-1.547,-1.546,1.124,0.457,1.123,0.456,-0.322,-0.446,-0.322,-0.447,-0.967,-1.339,0.787,1.33,-0.968,-1.342,0.787,1.33,2.029,1.631,2.029,1.63,0.93,0.806,0.93,0.805,2.128,2.403,2.127,2.401,0.274,0.543,-0.275,0.268,-0.543,-0.269,-0.173,41.9,-0.453,88.366,0.048,-14.169,0.136,-44.727,-0.303,46.466,0.219,-56.069,0.302,-86.627,0.49,-102.535,0.555,-133.094,0.089,-30.558,0.784,0.269,0.225,0.884,0.567,0.474,-0.142,-0.265,-0.076,-0.448,-0.837,-0.287,0.328,0.298,0.249,-0.395,-1.049,-0.301,-0.611,-1.621,-0.555,-0.723,-1.026,-0.55,-0.939,-1.332,-0.853,-0.215,-0.306,-0.572,-0.118,-0.123,-0.251,-0.71,-0.759,-0.99,0.022,0.042,0.027,0.059,0.103,0.067,-0.646,-0.701,-0.739,0.14,0.29,0.149,0.18,0.345,0.185,0.721,0.991,0.8,0.782,0.992,0.813,0.062,0.041,0.037,-2.214,-2.786,0.362,-0.491,0.418,-0.132,-1.184,-1.49,-0.264,-0.819,-0.159,-0.459,0.565,-0.767,-0.769,-2.39,0.564,0.813,0.78,-0.246,-0.554,-1.603,0.675,0.973,-1.499,-2.071,1.077,0.223,1.133,0.583,-0.374,-0.661,-0.225,-0.301,-1.092,-1.929,0.801,1.275,-0.786,-1.051,0.958,1.524,2.013,1.457,2.118,1.817,0.96,0.673,1.109,1.033,2.158,2.383,2.581,2.85,0.374,0.623,-0.12,0.354,-0.418,-0.193
2018-01-31,CTD2,4181518,693105,0.005060727,0.008557997,0.015714372,0.0037392322,0.0030049612,0.00065360544,0.00066095346,0.00025692978,0.005046344,0.008422405,0.015889008,0.0038989778,0.002773286,0.00069745455,0.33208665,-2.8899999999999995e-42,1.522,-0.257,80.75,-0.513,133.964,0.15,-69.835,0.255,-135.183,-0.295,53.214,0.392,-150.585,0.48,-215.933,0.616,-203.799,0.679,-269.147,0.109,-65.348,1.269,0.302,0.243,1.146,0.501,0.403,-0.598,-1.097,-0.21,-1.157,-2.124,-0.505,0.269,0.199,0.16,-0.762,-2.366,-0.453,-1.093,-3.393,-0.807,-1.031,-1.744,-0.612,-1.362,-2.303,-1.006,-0.331,-0.559,-1.027,-0.18,-0.187,-0.519,-0.866,-0.921,-1.58,0.054,0.114,0.071,0.085,0.167,0.106,-0.813,-0.887,-1.061,0.232,0.597,0.257,0.267,0.631,0.285,0.879,1.485,1.036,0.933,1.444,1.034,0.054,0.035,0.03,-3.611,-4.638,0.353,-0.653,0.4,-0.212,-1.967,-2.526,-0.115,-0.922,-0.029,-0.482,0.809,-1.495,-0.483,-3.876,1.002,1.162,1.14,-0.605,-0.152,-2.518,1.247,1.446,-2.512,-3.538,1.453,0.447,1.5,0.887,-0.194,-0.7,-0.049,-0.259,-0.816,-2.941,1.695,2.097,-0.257,-1.355,2.109,2.61,2.668,1.861,2.754,2.302,1.097,0.592,1.242,1.033,3.609,3.851,4.491,4.793,0.388,0.548,-0.157,0.246,-0.356,-0.113,-0.251,79.432,-0.518,135.227,0.128,-58.314,0.291,-162.42,-0.307,55.794,0.367,-137.747,0.505,-241.852,0.606,-193.541,0.703,-297.646,0.169,-104.106,1.262,0.31,0.22,1.139,0.527,0.375,-0.491,-0.927,-0.162,-1.368,-2.581,-0.633,0.282,0.218,0.155,-0.695,-2.189,-0.382,-1.22,-3.843,-0.943,-0.977,-1.63,-0.537,-1.502,-2.507,-1.161,-0.525,-0.877,-1.654,-0.171,-0.181,-0.506,-0.88,-0.968,-1.625,0.047,0.102,0.061,0.093,0.184,0.115,-0.835,-0.955,-1.119,0.216,0.578,0.242,0.27,0.632,0.285,0.89,1.533,1.071,0.974,1.466,1.064,0.084,0.054,0.046,-3.476,-5.13,0.354,-0.807,0.425,-0.112,-1.843,-2.719,-0.145,-1.088,-0.012,-0.394,0.764,-1.743,-0.592,-4.435,0.965,1.12,1.29,-0.341,-0.067,-2.256,1.357,1.574,-2.406,-4.06,1.424,0.263,1.494,0.958,-0.243,-0.876,-0.019,-0.181,-0.988,-3.569,1.611,1.986,-0.112,-1.038,2.264,2.792,2.686,1.743,2.819,2.437,1.114,0.481,1.337,1.175,3.526,3.746,4.957,5.266,0.443,0.598,-0.087,0.288,-0.304,-0.084
2018-01-31,CTD3,4181698,695238,0.006856955,0.010010969,0.0178414,0.005740043,0.0055035427,0.0012974618,0.0012846265,0.0005000118,0.006880946,0.009805422,0.018054964,0.0059816847,0.0048546796,0.0013998833,0.5027405,-2e-44,0.864,-0.187,45.947,-0.445,89.788,0.089,-28.377,0.109,-35.864,-0.281,43.841,0.271,-74.324,0.291,-81.811,0.513,-118.165,0.529,-125.652,0.021,-7.486,0.82,0.264,0.253,0.899,0.515,0.494,-0.284,-0.506,-0.156,-0.359,-0.64,-0.206,0.301,0.252,0.241,-0.51,-1.326,-0.409,-0.561,-1.46,-0.47,-0.81,-1.183,-0.65,-0.862,-1.258,-0.721,-0.051,-0.075,-0.134,-0.134,-0.135,-0.281,-0.697,-0.708,-0.977,0.04,0.072,0.048,0.049,0.086,0.057,-0.622,-0.634,-0.696,0.173,0.346,0.183,0.182,0.358,0.191,0.717,0.979,0.78,0.731,0.979,0.783,0.014,0.01,0.008,-2.423,-2.557,0.363,-0.358,0.376,-0.274,-1.36,-1.435,-0.189,-0.659,-0.165,-0.574,0.633,-0.624,-0.588,-2.047,0.645,0.886,0.685,-0.498,-0.536,-1.862,0.673,0.924,-1.648,-1.782,1.138,0.417,1.152,0.501,-0.276,-0.482,-0.242,-0.398,-0.858,-1.498,0.941,1.436,-0.783,-1.289,0.982,1.497,2.029,1.559,2.052,1.643,0.945,0.739,0.98,0.823,2.306,2.558,2.405,2.668,0.287,0.529,-0.229,0.265,-0.481,-0.228,-0.175,43.344,-0.448,89.942,0.07,-21.848,0.173,-60.658,-0.296,46.598,0.242,-65.193,0.338,-104.002,0.502,-111.791,0.576,-150.6,0.104,-38.81,0.783,0.259,0.21,0.882,0.538,0.437,-0.214,-0.394,-0.106,-0.595,-1.095,-0.363,0.321,0.279,0.226,-0.449,-1.177,-0.316,-0.716,-1.878,-0.622,-0.769,-1.096,-0.543,-1.036,-1.477,-0.901,-0.267,-0.381,-0.701,-0.122,-0.128,-0.27,-0.708,-0.762,-1.031,0.032,0.061,0.039,0.073,0.128,0.084,-0.641,-0.703,-0.761,0.153,0.326,0.167,0.199,0.385,0.206,0.724,1.029,0.824,0.791,1.026,0.836,0.068,0.045,0.04,-2.317,-3.017,0.37,-0.53,0.433,-0.11,-1.258,-1.639,-0.229,-0.851,-0.114,-0.43,0.607,-0.869,-0.691,-2.569,0.655,0.881,0.874,-0.222,-0.424,-1.601,0.807,1.086,-1.593,-2.294,1.094,0.193,1.156,0.613,-0.326,-0.689,-0.162,-0.269,-0.985,-2.08,0.934,1.37,-0.604,-0.999,1.15,1.688,2.014,1.392,2.129,1.812,0.972,0.609,1.136,1.03,2.313,2.523,2.85,3.109,0.374,0.6,-0.095,0.341,-0.374,-0.164
2018-01-31,CTD4,4180266,698264,0.006832595,0.0111810565,0.01846761,0.0060087247,0.00420399,0.0010483074,0.0010761068,0.0004325696,0.006843555,0.01113651,0.018526338,0.0061623445,0.0042724595,0.0010516907,0.13636474,-2e-44,0.904,-0.241,56.92,-0.46,92.208,0.064,-20.067,0.238,-91.512,-0.246,35.288,0.301,-76.988,0.453,-148.432,0.509,-112.276,0.629,-183.72,0.177,-71.445,1.051,0.342,0.239,1.031,0.554,0.388,-0.224,-0.371,-0.084,-1.023,-1.69,-0.55,0.241,0.212,0.148,-0.526,-1.422,-0.324,-1.014,-2.741,-0.892,-0.767,-1.255,-0.472,-1.255,-2.054,-1.104,-0.488,-0.799,-1.319,-0.178,-0.192,-0.426,-0.677,-0.756,-1.139,0.028,0.054,0.036,0.089,0.153,0.107,-0.567,-0.66,-0.713,0.204,0.469,0.228,0.276,0.543,0.285,0.692,1.129,0.81,0.792,1.111,0.83,0.1,0.071,0.061,-2.462,-3.782,0.286,-0.818,0.383,-0.089,-1.491,-2.29,-0.167,-1.059,-0.006,-0.33,0.532,-1.523,-0.515,-3.256,0.761,0.909,1.02,-0.236,-0.026,-1.448,1.088,1.3,-1.437,-2.756,1.311,0.207,1.409,0.937,-0.274,-0.824,-0.01,-0.094,-0.842,-2.532,1.246,1.633,-0.043,-0.414,1.78,2.334,2.165,1.274,2.327,2.003,0.772,0.222,1.036,0.952,2.458,2.697,3.513,3.855,0.503,0.652,-0.078,0.31,-0.29,-0.051,-0.239,56.328,-0.46,92.146,0.052,-16.153,0.231,-87.934,-0.249,35.818,0.288,-72.481,0.445,-144.262,0.501,-108.299,0.625,-180.08,0.181,-71.781,1.044,0.347,0.241,1.026,0.568,0.394,-0.18,-0.299,-0.069,-0.979,-1.629,-0.542,0.245,0.221,0.153,-0.496,-1.343,-0.31,-0.987,-2.673,-0.889,-0.741,-1.206,-0.463,-1.232,-2.005,-1.11,-0.491,-0.799,-1.33,-0.174,-0.188,-0.411,-0.675,-0.758,-1.12,0.023,0.044,0.03,0.087,0.149,0.104,-0.568,-0.665,-0.708,0.196,0.447,0.218,0.271,0.528,0.278,0.688,1.112,0.802,0.793,1.096,0.824,0.105,0.074,0.064,-2.392,-3.722,0.282,-0.828,0.384,-0.079,-1.438,-2.237,-0.184,-1.073,-0.014,-0.324,0.509,-1.496,-0.553,-3.226,0.727,0.88,1.001,-0.205,-0.062,-1.405,1.048,1.269,-1.379,-2.709,1.295,0.185,1.397,0.934,-0.299,-0.841,-0.023,-0.092,-0.9,-2.529,1.183,1.577,-0.101,-0.4,1.706,2.274,2.154,1.265,2.323,2.014,0.763,0.221,1.039,0.97,2.382,2.623,3.436,3.783,0.517,0.67,-0.071,0.323,-0.292,-0.051
2018-01-31,CTD6,4176009,695829,0.010954952,0.017035414,0.028017787,0.0095331315,0.0073859375,0.0018171535,0.0018332745,0.0007216273,0.01090707,0.016938416,0.028155101,0.009783948,0.007120581,0.0018322509,0.26018882,-2e-44,1.027,-0.217,32.582,-0.438,55.591,0.069,-13.614,0.195,-44.11,-0.244,23.01,0.282,-46.196,0.395,-76.691,0.492,-69.206,0.583,-99.701,0.127,-30.495,0.913,0.311,0.241,0.947,0.53,0.411,-0.232,-0.381,-0.101,-0.751,-1.236,-0.421,0.252,0.219,0.17,-0.506,-1.294,-0.341,-0.84,-2.149,-0.731,-0.758,-1.179,-0.511,-1.092,-1.698,-0.95,-0.334,-0.519,-0.854,-0.162,-0.172,-0.359,-0.642,-0.699,-1.008,0.032,0.058,0.04,0.079,0.134,0.095,-0.536,-0.599,-0.649,0.193,0.409,0.212,0.248,0.471,0.257,0.66,1.008,0.757,0.737,1.007,0.777,0.077,0.055,0.048,-2.296,-3.15,0.303,-0.648,0.379,-0.132,-1.396,-1.915,-0.169,-0.9,-0.043,-0.384,0.541,-1.157,-0.496,-2.644,0.716,0.886,0.875,-0.304,-0.161,-1.456,0.924,1.143,-1.384,-2.238,1.215,0.264,1.291,0.78,-0.262,-0.683,-0.066,-0.167,-0.771,-2.006,1.113,1.523,-0.251,-0.633,1.436,1.966,1.998,1.267,2.124,1.783,0.774,0.354,0.97,0.87,2.265,2.505,2.923,3.234,0.437,0.607,-0.115,0.296,-0.334,-0.093,-0.217,32.646,-0.442,56.166,0.054,-10.525,0.21,-48.754,-0.249,23.52,0.268,-43.171,0.408,-81.401,0.484,-66.691,0.596,-104.92,0.158,-38.23,0.919,0.319,0.232,0.951,0.55,0.4,-0.178,-0.296,-0.075,-0.826,-1.373,-0.477,0.257,0.23,0.167,-0.471,-1.215,-0.307,-0.888,-2.292,-0.796,-0.727,-1.13,-0.475,-1.144,-1.777,-1.027,-0.417,-0.648,-1.076,-0.159,-0.171,-0.357,-0.645,-0.717,-1.02,0.025,0.047,0.032,0.084,0.142,0.1,-0.542,-0.622,-0.664,0.183,0.397,0.203,0.251,0.474,0.259,0.66,1.019,0.764,0.755,1.017,0.787,0.096,0.068,0.059,-2.234,-3.31,0.296,-0.73,0.391,-0.084,-1.344,-1.991,-0.19,-0.987,-0.033,-0.34,0.513,-1.264,-0.547,-2.839,0.694,0.862,0.93,-0.199,-0.13,-1.346,0.954,1.184,-1.325,-2.401,1.205,0.179,1.3,0.825,-0.295,-0.772,-0.051,-0.126,-0.85,-2.223,1.078,1.478,-0.203,-0.499,1.482,2.031,2.004,1.207,2.161,1.854,0.765,0.288,1.009,0.934,2.225,2.457,3.057,3.376,0.477,0.644,-0.075,0.325,-0.305,-0.073
2018-01-31,CTD7,4176724,690397,0.013197056,0.021610381,0.035184257,0.009519299,0.007152166,0.0016669853,0.0016891928,0.00065516983,0.013140891,0.021509225,0.035375092,0.009865843,0.006863029,0.0016883605,0.2308385,-2e-44,0.402,-0.242,29.5,-0.454,47.353,0.162,-29.275,0.297,-64.043,-0.239,17.852,0.388,-58.776,0.503,-93.544,0.574,-76.628,0.662,-111.396,0.142,-34.768,1.038,0.281,0.211,1.023,0.451,0.339,-0.633,-1.03,-0.209,-1.384,-2.253,-0.61,0.236,0.17,0.128,-0.776,-2.068,-0.42,-1.235,-3.291,-0.89,-1.011,-1.656,-0.548,-1.47,-2.407,-1.06,-0.459,-0.751,-1.223,-0.188,-0.199,-0.505,-0.706,-0.764,-1.319,0.065,0.128,0.087,0.106,0.194,0.135,-0.598,-0.667,-0.814,0.25,0.594,0.286,0.299,0.636,0.323,0.737,1.261,0.892,0.805,1.234,0.9,0.068,0.049,0.042,-3.085,-4.309,0.34,-0.72,0.407,-0.141,-1.895,-2.646,-0.065,-0.956,0.044,-0.376,0.772,-1.635,-0.242,-3.533,1.055,1.183,1.231,-0.425,0.217,-1.851,1.405,1.575,-2.059,-3.282,1.367,0.307,1.434,0.886,-0.107,-0.717,0.072,-0.137,-0.396,-2.649,1.728,2.067,0.355,-0.675,2.3,2.751,2.226,1.335,2.335,1.915,0.907,0.297,1.086,0.877,3.154,3.365,4.198,4.479,0.39,0.518,-0.101,0.237,-0.271,-0.06,-0.242,29.607,-0.458,47.83,0.142,-25.261,0.314,-69.61,-0.244,18.223,0.371,-54.868,0.516,-99.217,0.564,-73.091,0.675,-117.44,0.179,-44.348,1.047,0.292,0.203,1.029,0.472,0.328,-0.543,-0.894,-0.173,-1.497,-2.462,-0.687,0.239,0.18,0.125,-0.721,-1.941,-0.377,-1.304,-3.51,-0.979,-0.96,-1.572,-0.502,-1.543,-2.526,-1.159,-0.583,-0.954,-1.569,-0.185,-0.198,-0.5,-0.709,-0.784,-1.329,0.058,0.115,0.078,0.11,0.2,0.139,-0.603,-0.693,-0.829,0.24,0.582,0.276,0.302,0.637,0.324,0.736,1.275,0.899,0.823,1.239,0.909,0.087,0.062,0.053,-2.975,-4.544,0.332,-0.827,0.417,-0.085,-1.809,-2.763,-0.087,-1.066,0.052,-0.324,0.724,-1.802,-0.313,-3.822,1.013,1.138,1.307,-0.265,0.27,-1.671,1.456,1.636,-1.949,-3.518,1.358,0.199,1.443,0.941,-0.143,-0.83,0.086,-0.088,-0.512,-2.974,1.658,1.986,0.442,-0.452,2.383,2.855,2.233,1.254,2.373,1.996,0.894,0.207,1.122,0.949,3.063,3.267,4.404,4.696,0.432,0.557,-0.064,0.265,-0.243,-0.04
2018-01-31,CTD8,4174178,693048,0.011699641,0.018824998,0.03416607,0.014020605,0.011778043,0.0030097777,0.0029570088,0.0011761031,0.011587608,0.018735325,0.034410324,0.014232243,0.011102022,0.0030361158,0.37143198,-2e-44,1.245,-0.233,32.352,-0.49,56.204,-0.09,14.149,-0.003,0.569,-0.29,23.852,0.146,-18.203,0.23,-31.783,0.418,-42.055,0.487,-55.635,0.087,-13.58,1.105,0.454,0.381,1.058,0.788,0.662,0.266,0.483,0.167,0.011,0.019,0.008,0.279,0.334,0.281,-0.213,-0.622,-0.214,-0.372,-1.086,-0.446,-0.492,-0.792,-0.495,-0.651,-1.047,-0.78,-0.159,-0.256,-0.464,-0.148,-0.155,-0.276,-0.684,-0.734,-0.871,-0.044,-0.076,-0.051,-0.001,-0.002,-0.002,-0.596,-0.653,-0.595,0.105,0.205,0.105,0.154,0.274,0.146,0.66,0.858,0.658,0.733,0.87,0.682,0.073,0.049,0.042,-1.815,-2.279,0.211,-0.569,0.277,-0.219,-1.0,-1.256,-0.402,-0.848,-0.283,-0.498,0.283,-0.764,-0.98,-2.066,0.209,0.49,0.442,-0.349,-0.822,-1.444,0.249,0.583,-0.828,-1.292,1.199,0.419,1.264,0.769,-0.647,-0.639,-0.456,-0.289,-1.578,-1.558,0.336,0.998,-1.322,-0.839,0.4,1.188,2.175,1.73,2.295,2.08,0.617,0.625,0.808,0.975,1.43,1.811,1.702,2.156,0.573,0.854,-0.262,0.4,-0.596,-0.215,-0.236,32.924,-0.496,57.238,-0.102,16.036,0.021,-3.775,-0.295,24.314,0.137,-16.888,0.256,-36.699,0.415,-41.202,0.512,-61.013,0.124,-19.811,1.133,0.469,0.366,1.072,0.815,0.635,0.3,0.552,0.178,-0.071,-0.13,-0.054,0.282,0.346,0.27,-0.196,-0.581,-0.187,-0.425,-1.263,-0.522,-0.477,-0.772,-0.457,-0.707,-1.143,-0.868,-0.23,-0.371,-0.682,-0.147,-0.157,-0.282,-0.692,-0.765,-0.901,-0.05,-0.089,-0.058,0.009,0.015,0.01,-0.607,-0.691,-0.619,0.098,0.198,0.099,0.166,0.296,0.157,0.665,0.889,0.676,0.769,0.903,0.707,0.103,0.068,0.059,-1.799,-2.481,0.205,-0.663,0.296,-0.162,-0.98,-1.351,-0.423,-0.945,-0.256,-0.443,0.27,-0.873,-1.022,-2.285,0.222,0.492,0.499,-0.273,-0.793,-1.374,0.284,0.63,-0.801,-1.483,1.203,0.335,1.294,0.837,-0.684,-0.737,-0.414,-0.236,-1.653,-1.783,0.358,0.994,-1.282,-0.73,0.459,1.274,2.21,1.688,2.377,2.19,0.608,0.555,0.879,1.057,1.46,1.825,1.871,2.34,0.636,0.906,-0.198,0.437,-0.544,-0.179
2018-01-31,CTD10,4170388,695646,0.016613487,0.027806614,0.05009802,0.027698582,0.021431318,0.0056829974,0.0057344115,0.0022754779,0.01648615,0.028080931,0.050559,0.027417684,0.021484865,0.005656273,0.18828093,-2e-44,1.838,-0.252,24.229,-0.502,40.231,-0.25,24.089,-0.127,13.531,-0.286,16.002,0.002,-0.14,0.129,-10.698,0.288,-16.142,0.401,-26.7,0.128,-10.558,1.214,0.671,0.519,1.119,1.114,0.862,0.67,1.207,0.516,0.376,0.678,0.375,0.266,0.443,0.343,-0.002,-0.007,-0.003,-0.178,-0.536,-0.296,-0.268,-0.449,-0.346,-0.444,-0.742,-0.74,-0.175,-0.294,-0.529,-0.144,-0.156,-0.228,-0.603,-0.68,-0.682,-0.142,-0.225,-0.155,-0.062,-0.087,-0.062,-0.503,-0.586,-0.454,0.002,0.003,0.002,0.096,0.144,0.082,0.504,0.589,0.455,0.645,0.647,0.516,0.141,0.094,0.08,-1.211,-1.74,0.045,-0.695,0.17,-0.176,-0.672,-0.966,-0.664,-0.961,-0.439,-0.442,0.045,-0.698,-1.202,-1.738,-0.171,0.172,0.22,-0.229,-1.026,-1.033,-0.221,0.222,-0.135,-0.664,1.121,0.381,1.246,0.9,-1.112,-0.737,-0.735,-0.219,-2.012,-1.334,-0.286,0.576,-1.718,-0.511,-0.37,0.745,2.019,1.723,2.245,2.242,0.134,0.509,0.512,1.028,0.519,1.038,0.67,1.341,0.897,1.239,-0.294,0.568,-0.737,-0.218,-0.26,25.046,-0.508,40.878,-0.249,24.184,-0.132,14.113,-0.286,15.832,0.012,-0.861,0.133,-10.933,0.297,-16.694,0.404,-26.766,0.121,-10.072,1.266,0.687,0.538,1.148,1.121,0.878,0.679,1.223,0.52,0.396,0.714,0.387,0.261,0.434,0.34,-0.014,-0.044,-0.019,-0.18,-0.553,-0.3,-0.275,-0.469,-0.359,-0.441,-0.752,-0.734,-0.166,-0.283,-0.509,-0.149,-0.161,-0.237,-0.614,-0.687,-0.697,-0.139,-0.221,-0.152,-0.064,-0.09,-0.064,-0.512,-0.592,-0.46,0.01,0.017,0.009,0.098,0.15,0.085,0.519,0.609,0.467,0.652,0.662,0.524,0.133,0.088,0.075,-1.257,-1.766,0.045,-0.689,0.162,-0.197,-0.698,-0.981,-0.65,-0.95,-0.439,-0.458,0.046,-0.706,-1.199,-1.752,-0.164,0.176,0.212,-0.257,-1.033,-1.077,-0.209,0.225,-0.141,-0.65,1.161,0.427,1.278,0.92,-1.108,-0.721,-0.748,-0.228,-2.043,-1.329,-0.279,0.599,-1.76,-0.537,-0.356,0.765,2.09,1.791,2.302,2.283,0.137,0.524,0.497,1.017,0.541,1.079,0.69,1.377,0.898,1.238,-0.327,0.551,-0.761,-0.223
2018-01-31,CTD11,4169609,700351,0.0069194105,0.011267624,0.021451926,0.009669102,0.007979082,0.0020656174,0.002087122,0.00084369053,0.006912243,0.011176805,0.021636838,0.009846894,0.007660309,0.0021027531,0.35725892,-2e-44,1.839,-0.239,55.771,-0.512,97.905,-0.166,41.099,-0.071,19.193,-0.311,42.134,0.076,-14.672,0.171,-36.578,0.379,-56.806,0.458,-78.712,0.096,-21.905,1.196,0.539,0.445,1.103,0.947,0.781,0.463,0.882,0.328,0.216,0.412,0.186,0.292,0.407,0.336,-0.102,-0.315,-0.117,-0.253,-0.785,-0.354,-0.393,-0.64,-0.453,-0.545,-0.887,-0.761,-0.152,-0.247,-0.47,-0.14,-0.148,-0.246,-0.694,-0.755,-0.823,-0.084,-0.143,-0.093,-0.032,-0.051,-0.034,-0.614,-0.684,-0.577,0.056,0.107,0.054,0.116,0.198,0.106,0.648,0.791,0.612,0.741,0.812,0.644,0.093,0.06,0.052,-1.605,-2.074,0.163,-0.598,0.242,-0.211,-0.843,-1.09,-0.536,-0.889,-0.386,-0.503,0.19,-0.697,-1.188,-1.973,0.007,0.344,0.342,-0.298,-1.037,-1.351,0.009,0.416,-0.59,-1.06,1.178,0.417,1.256,0.803,-0.872,-0.687,-0.628,-0.3,-1.935,-1.523,0.012,0.793,-1.688,-0.806,0.015,0.961,2.242,1.888,2.392,2.275,0.506,0.692,0.751,1.079,1.065,1.51,1.291,1.83,0.689,1.025,-0.295,0.486,-0.702,-0.257,-0.236,55.2,-0.516,98.453,-0.175,43.116,-0.051,14.128,-0.319,43.254,0.063,-12.084,0.187,-41.072,0.374,-55.337,0.477,-84.326,0.125,-28.988,1.194,0.544,0.423,1.1,0.969,0.754,0.482,0.933,0.33,0.158,0.306,0.139,0.299,0.426,0.331,-0.084,-0.261,-0.093,-0.284,-0.889,-0.404,-0.383,-0.618,-0.424,-0.583,-0.942,-0.83,-0.2,-0.324,-0.627,-0.135,-0.146,-0.244,-0.7,-0.782,-0.841,-0.089,-0.156,-0.1,-0.023,-0.036,-0.024,-0.624,-0.718,-0.597,0.047,0.091,0.045,0.123,0.21,0.112,0.652,0.809,0.626,0.773,0.834,0.665,0.121,0.077,0.067,-1.579,-2.206,0.163,-0.667,0.264,-0.159,-0.816,-1.14,-0.562,-0.966,-0.366,-0.458,0.185,-0.757,-1.234,-2.123,0.017,0.348,0.386,-0.233,-1.034,-1.295,0.021,0.447,-0.58,-1.208,1.162,0.332,1.263,0.839,-0.908,-0.769,-0.592,-0.261,-1.995,-1.689,0.027,0.781,-1.671,-0.738,0.034,1.004,2.249,1.845,2.445,2.352,0.511,0.65,0.828,1.158,1.089,1.512,1.4,1.944,0.739,1.071,-0.227,0.527,-0.653,-0.23
2018-01-31,CTD12,4173438,695414,0.009043619,0.013626376,0.024975644,0.007088905,0.007138331,0.0016014574,0.0015979415,0.0006034757,0.009027132,0.013298028,0.025263917,0.0074522854,0.0060593486,0.0017480586,0.53116286,-2e-44,1.432,-0.202,37.188,-0.468,70.536,0.121,-30.49,0.118,-29.514,-0.294,33.348,0.316,-67.678,0.312,-66.702,0.558,-101.027,0.555,-100.05,-0.003,0.977,0.929,0.264,0.265,0.961,0.5,0.504,-0.415,-0.762,-0.218,-0.402,-0.737,-0.209,0.302,0.236,0.238,-0.612,-1.69,-0.483,-0.603,-1.666,-0.473,-0.914,-1.377,-0.721,-0.905,-1.363,-0.709,0.009,0.013,0.024,-0.143,-0.143,-0.322,-0.769,-0.767,-1.12,0.051,0.094,0.061,0.049,0.092,0.059,-0.704,-0.701,-0.798,0.192,0.404,0.204,0.191,0.402,0.202,0.789,1.105,0.861,0.787,1.106,0.861,-0.002,-0.001,-0.001,-2.86,-2.835,0.38,-0.329,0.378,-0.343,-1.56,-1.547,-0.158,-0.631,-0.162,-0.645,0.73,-0.633,-0.557,-2.223,0.752,0.99,0.721,-0.655,-0.566,-2.256,0.747,0.983,-2.016,-1.992,1.223,0.514,1.221,0.5,-0.238,-0.447,-0.244,-0.461,-0.839,-1.577,1.133,1.636,-0.853,-1.614,1.125,1.625,2.241,1.769,2.238,1.755,1.049,0.84,1.044,0.826,2.734,2.999,2.715,2.979,0.26,0.498,-0.269,0.234,-0.505,-0.24,-0.191,35.578,-0.473,71.195,0.096,-23.41,0.197,-54.257,-0.31,35.617,0.282,-58.988,0.374,-89.835,0.544,-94.605,0.613,-125.452,0.103,-30.847,0.899,0.265,0.216,0.947,0.531,0.431,-0.311,-0.591,-0.142,-0.722,-1.371,-0.404,0.322,0.265,0.216,-0.532,-1.49,-0.357,-0.811,-2.27,-0.669,-0.854,-1.258,-0.573,-1.132,-1.668,-0.935,-0.278,-0.41,-0.779,-0.131,-0.136,-0.316,-0.782,-0.839,-1.202,0.041,0.081,0.05,0.077,0.143,0.091,-0.726,-0.793,-0.886,0.17,0.387,0.187,0.211,0.439,0.221,0.798,1.181,0.92,0.86,1.165,0.926,0.062,0.041,0.036,-2.711,-3.491,0.384,-0.551,0.439,-0.134,-1.427,-1.837,-0.203,-0.873,-0.098,-0.456,0.685,-0.983,-0.689,-2.958,0.756,0.971,0.963,-0.295,-0.41,-1.9,0.929,1.195,-1.917,-2.696,1.178,0.243,1.233,0.66,-0.299,-0.704,-0.145,-0.287,-1.014,-2.385,1.113,1.545,-0.604,-1.195,1.369,1.9,2.238,1.569,2.343,1.986,1.074,0.67,1.229,1.087,2.719,2.934,3.344,3.609,0.37,0.586,-0.111,0.321,-0.376,-0.161
2018-02-20,CTD1,4187246,695025,0.0019101312,0.0024507998,0.005090059,0.0024352258,0.0060332543,0.0010632486,0.0010288137,0.00038320644,0.0019256122,0.002407393,0.0053002904,0.003040797,0.0035912716,0.0014640897,3.8357549,-2.8899999999999995e-42,1.596,-0.124,115.494,-0.454,327.063,-0.121,112.885,-0.519,357.776,-0.35,211.569,0.003,-2.609,-0.422,242.282,0.353,-214.178,-0.085,30.713,-0.425,244.892,0.588,0.281,0.697,0.802,0.796,1.973,0.277,0.575,0.681,0.877,1.821,0.871,0.404,0.515,1.276,-0.005,-0.013,-0.016,0.463,1.233,0.59,-0.409,-0.525,-1.292,0.059,0.075,0.075,0.468,0.6,1.247,-0.072,-0.049,-0.064,-0.651,-0.375,-0.376,-0.07,-0.062,-0.047,-0.547,-0.844,-0.548,-0.607,-0.332,-0.312,0.002,0.002,0.001,-0.512,-0.824,-0.476,0.609,0.334,0.313,-0.216,-0.217,-0.193,-0.825,-0.514,-0.477,-1.311,-0.064,0.301,0.376,-0.406,-1.698,-0.631,-0.031,-0.618,-0.028,-2.086,-2.102,0.303,0.378,-1.293,-0.059,-1.677,-0.401,-0.165,-0.69,-1.76,-1.774,-0.677,-0.162,-0.807,0.439,0.805,0.879,0.098,-1.194,-0.793,0.078,-2.677,-1.996,-1.658,0.163,-2.152,-0.179,-2.259,-1.684,-0.869,-0.072,1.671,2.261,0.203,0.187,0.802,1.673,-1.082,-0.401,-1.068,-0.372,-0.431,-0.15,-1.187,0.09,-2.165,-0.192,-2.68,-1.983,-0.111,103.928,-0.467,330.646,-0.225,190.454,-0.302,240.862,-0.375,226.718,-0.116,86.526,-0.197,136.934,0.271,-140.192,0.192,-89.784,-0.083,50.408,0.551,0.316,0.373,0.796,1.005,1.187,0.458,1.009,0.684,0.58,1.277,0.732,0.437,0.689,0.814,0.167,0.459,0.311,0.264,0.726,0.416,-0.27,-0.337,-0.503,-0.173,-0.216,-0.273,0.097,0.121,0.267,-0.058,-0.054,-0.073,-0.619,-0.563,-0.509,-0.145,-0.186,-0.125,-0.216,-0.306,-0.2,-0.582,-0.524,-0.436,-0.088,-0.115,-0.071,-0.164,-0.238,-0.142,0.521,0.41,0.377,0.394,0.344,0.314,-0.127,-0.076,-0.071,-0.943,-0.676,0.226,-0.047,0.122,-0.381,-0.428,-0.307,-0.9,-0.483,-1.128,-0.818,0.179,-0.037,-1.568,-0.843,-0.859,-0.044,0.082,-0.256,-1.665,-1.207,-0.727,-0.038,-0.493,-0.226,0.676,0.403,0.573,0.069,-1.125,-0.393,-1.411,-0.727,-1.961,-0.684,-1.073,0.114,-2.082,-1.073,-0.909,0.097,1.489,1.906,1.261,1.571,0.623,1.355,0.337,1.021,-0.122,0.251,-0.103,0.213,0.087,0.902,-0.602,0.586,-1.291,-0.918
2018-02-20,CTD2,4181518,693105,0.0031021917,0.004684798,0.008777444,0.0025910507,0.0030339477,0.00059212674,0.0006068726,0.00023285083,0.0031179963,0.0045552496,0.00896871,0.002828708,0.002347701,0.0006960392,1.0982945,-2.8899999999999995e-42,1.57,-0.203,108.896,-0.478,208.424,0.09,-63.591,0.011,-7.251,-0.304,99.528,0.288,-172.487,0.214,-116.147,0.544,-272.015,0.486,-215.675,-0.079,56.34,0.956,0.282,0.33,0.976,0.54,0.632,-0.298,-0.558,-0.193,-0.034,-0.064,-0.019,0.309,0.258,0.302,-0.535,-1.514,-0.523,-0.36,-1.019,-0.301,-0.844,-1.274,-0.825,-0.669,-1.01,-0.559,0.175,0.264,0.495,-0.139,-0.134,-0.281,-0.78,-0.735,-1.009,0.038,0.066,0.043,0.005,0.009,0.006,-0.719,-0.667,-0.728,0.176,0.341,0.177,0.139,0.29,0.145,0.794,1.008,0.801,0.738,1.009,0.789,-0.057,-0.037,-0.033,-2.725,-2.231,0.367,-0.192,0.317,-0.509,-1.455,-1.191,-0.2,-0.501,-0.294,-0.818,0.664,-0.347,-0.676,-1.696,0.55,0.852,0.489,-0.786,-0.851,-2.365,0.469,0.727,-1.877,-1.383,1.215,0.656,1.165,0.339,-0.302,-0.32,-0.444,-0.637,-1.021,-1.085,0.83,1.462,-1.285,-1.843,0.709,1.249,2.276,1.975,2.182,1.658,1.038,1.02,0.896,0.703,2.41,2.74,2.058,2.34,0.188,0.49,-0.425,0.207,-0.683,-0.352,-0.187,101.192,-0.484,209.22,0.049,-32.799,0.141,-105.23,-0.326,108.028,0.234,-133.991,0.32,-206.422,0.52,-242.02,0.585,-314.45,0.093,-72.43,0.908,0.286,0.238,0.953,0.592,0.491,-0.149,-0.294,-0.077,-0.479,-0.944,-0.298,0.337,0.306,0.254,-0.418,-1.202,-0.315,-0.644,-1.851,-0.584,-0.755,-1.102,-0.568,-0.98,-1.432,-0.889,-0.226,-0.33,-0.65,-0.122,-0.127,-0.278,-0.792,-0.848,-1.13,0.021,0.042,0.026,0.057,0.104,0.065,-0.742,-0.807,-0.853,0.143,0.316,0.153,0.183,0.371,0.187,0.8,1.123,0.889,0.863,1.113,0.897,0.063,0.04,0.036,-2.486,-3.136,0.369,-0.52,0.423,-0.145,-1.263,-1.593,-0.273,-0.857,-0.168,-0.482,0.594,-0.838,-0.867,-2.718,0.587,0.841,0.82,-0.282,-0.641,-1.842,0.707,1.013,-1.71,-2.359,1.146,0.256,1.199,0.631,-0.399,-0.697,-0.245,-0.322,-1.266,-2.21,0.857,1.349,-0.936,-1.23,1.033,1.625,2.255,1.672,2.361,2.046,1.062,0.764,1.216,1.139,2.418,2.655,2.913,3.199,0.392,0.645,-0.132,0.359,-0.438,-0.2
2018-02-20,CTD3,4181698,695238,0.0098239565,0.016966274,0.02593666,0.0051795905,0.003552488,0.0008278082,0.0008146022,0.00031663672,0.00980349,0.016910356,0.026059275,0.005352626,0.003552562,0.0008490742,0.124660626,-8.000000000000001e-45,1.049,-0.267,42.852,-0.451,63.237,0.31,-91.273,0.469,-179.701,-0.209,20.385,0.532,-134.125,0.654,-222.552,0.667,-154.51,0.759,-242.937,0.186,-88.427,1.111,0.222,0.152,1.073,0.328,0.225,-1.549,-2.367,-0.324,-3.049,-4.661,-0.931,0.2,0.106,0.072,-1.318,-3.479,-0.476,-2.186,-5.772,-1.153,-1.518,-2.621,-0.549,-2.387,-4.122,-1.258,-0.869,-1.5,-2.294,-0.23,-0.242,-0.818,-0.728,-0.785,-1.845,0.108,0.226,0.157,0.146,0.283,0.202,-0.598,-0.671,-1.027,0.33,0.881,0.4,0.375,0.894,0.431,0.775,1.552,1.012,0.836,1.492,1.011,0.061,0.045,0.038,-4.428,-6.722,0.379,-0.879,0.442,-0.107,-2.897,-4.397,0.073,-1.079,0.169,-0.307,1.243,-2.879,0.368,-5.404,1.687,1.76,2.111,-0.51,1.237,-2.242,2.46,2.566,-3.28,-5.574,1.527,0.269,1.59,1.041,0.127,-0.804,0.293,-0.032,0.635,-4.025,2.914,3.139,2.136,-0.232,4.249,4.576,2.335,1.182,2.431,1.954,1.001,0.071,1.167,0.843,4.646,4.798,6.774,6.996,0.318,0.39,-0.056,0.168,-0.162,-0.01,-0.266,42.869,-0.453,63.63,0.294,-84.82,0.468,-179.483,-0.213,20.761,0.519,-127.689,0.653,-222.352,0.659,-148.45,0.76,-243.113,0.202,-94.663,1.117,0.229,0.152,1.076,0.341,0.226,-1.434,-2.21,-0.301,-3.035,-4.677,-0.961,0.204,0.111,0.074,-1.252,-3.327,-0.454,-2.18,-5.794,-1.19,-1.455,-2.51,-0.527,-2.383,-4.111,-1.301,-0.928,-1.601,-2.467,-0.226,-0.24,-0.798,-0.73,-0.794,-1.825,0.104,0.218,0.15,0.145,0.281,0.199,-0.604,-0.685,-1.027,0.322,0.865,0.39,0.372,0.881,0.425,0.775,1.55,1.012,0.843,1.485,1.011,0.067,0.05,0.042,-4.289,-6.756,0.374,-0.927,0.443,-0.084,-2.783,-4.384,0.06,-1.13,0.166,-0.288,1.183,-2.929,0.291,-5.504,1.621,1.695,2.111,-0.4,1.219,-2.109,2.443,2.554,-3.144,-5.61,1.52,0.218,1.589,1.061,0.103,-0.858,0.287,-0.015,0.501,-4.176,2.797,3.023,2.102,-0.108,4.214,4.555,2.342,1.151,2.448,1.994,0.995,0.034,1.179,0.877,4.506,4.658,6.789,7.019,0.336,0.41,-0.046,0.18,-0.157,-0.005
2018-02-20,CTD4,4180266,698264,0.010105593,0.015875641,0.024536036,0.007826991,0.0054243393,0.0013336343,0.001320751,0.0005304593,0.0101044765,0.015856097,0.024607353,0.008077182,0.005506361,0.0013244802,0.1309489,-8.000000000000001e-45,0.653,-0.222,35.966,-0.417,58.199,0.127,-28.808,0.301,-85.399,-0.214,22.233,0.34,-64.773,0.491,-121.365,0.516,-87.007,0.638,-143.598,0.181,-56.591,0.882,0.282,0.195,0.924,0.456,0.316,-0.457,-0.707,-0.156,-1.356,-2.095,-0.668,0.225,0.174,0.121,-0.655,-1.589,-0.351,-1.226,-2.978,-0.95,-0.879,-1.381,-0.472,-1.451,-2.28,-1.124,-0.572,-0.898,-1.389,-0.178,-0.193,-0.435,-0.609,-0.677,-1.089,0.056,0.107,0.076,0.116,0.197,0.145,-0.483,-0.558,-0.654,0.232,0.518,0.269,0.302,0.583,0.323,0.643,1.076,0.784,0.736,1.066,0.806,0.092,0.069,0.059,-2.498,-3.887,0.318,-0.806,0.415,-0.056,-1.616,-2.515,-0.081,-1.031,0.07,-0.281,0.644,-1.636,-0.254,-3.232,0.949,1.07,1.216,-0.165,0.317,-1.272,1.37,1.544,-1.564,-2.952,1.252,0.128,1.35,0.878,-0.127,-0.796,0.11,-0.046,-0.4,-2.495,1.492,1.807,0.499,-0.208,2.152,2.608,1.935,0.985,2.086,1.735,0.771,0.103,1.009,0.852,2.598,2.793,3.749,4.03,0.433,0.553,-0.044,0.272,-0.218,-0.023,-0.222,35.899,-0.418,58.328,0.112,-24.84,0.295,-82.642,-0.216,22.429,0.325,-60.738,0.484,-118.541,0.506,-83.167,0.634,-140.97,0.189,-57.803,0.883,0.29,0.198,0.925,0.471,0.321,-0.394,-0.611,-0.137,-1.31,-2.034,-0.668,0.227,0.181,0.124,-0.614,-1.495,-0.334,-1.198,-2.917,-0.957,-0.84,-1.319,-0.458,-1.424,-2.235,-1.139,-0.584,-0.917,-1.422,-0.176,-0.191,-0.423,-0.606,-0.679,-1.068,0.05,0.095,0.067,0.114,0.192,0.141,-0.481,-0.561,-0.644,0.224,0.498,0.258,0.298,0.569,0.317,0.637,1.059,0.774,0.736,1.051,0.798,0.099,0.074,0.064,-2.409,-3.832,0.309,-0.83,0.413,-0.044,-1.552,-2.469,-0.099,-1.056,0.063,-0.271,0.607,-1.629,-0.301,-3.218,0.904,1.027,1.191,-0.128,0.283,-1.211,1.326,1.507,-1.477,-2.9,1.241,0.102,1.345,0.887,-0.155,-0.823,0.099,-0.037,-0.472,-2.506,1.418,1.739,0.444,-0.167,2.08,2.551,1.926,0.968,2.088,1.754,0.753,0.085,1.007,0.87,2.502,2.699,3.67,3.959,0.452,0.576,-0.036,0.286,-0.217,-0.019
2018-02-20,CTD6,4176009,695829,0.014104341,0.021278473,0.032813802,0.009867876,0.007756008,0.0018696197,0.001864629,0.0007259365,0.014018777,0.021129739,0.033003587,0.010150419,0.00733249,0.0018876888,0.2798698,-8.000000000000001e-45,2.642,-0.203,23.904,-0.399,40.425,0.177,-30.439,0.29,-58.032,-0.213,16.521,0.366,-54.343,0.466,-81.936,0.538,-70.864,0.618,-98.457,0.12,-27.593,0.784,0.236,0.185,0.86,0.399,0.314,-0.648,-0.999,-0.236,-1.235,-1.904,-0.573,0.233,0.163,0.128,-0.766,-1.783,-0.421,-1.156,-2.689,-0.809,-0.999,-1.508,-0.55,-1.389,-2.095,-0.972,-0.389,-0.587,-0.905,-0.168,-0.177,-0.407,-0.601,-0.644,-1.062,0.078,0.146,0.104,0.117,0.204,0.149,-0.481,-0.528,-0.655,0.243,0.522,0.281,0.288,0.564,0.317,0.649,1.05,0.79,0.708,1.045,0.805,0.06,0.045,0.039,-2.662,-3.568,0.362,-0.609,0.426,-0.123,-1.727,-2.314,-0.034,-0.842,0.065,-0.356,0.781,-1.314,-0.113,-2.801,1.065,1.193,1.17,-0.338,0.276,-1.507,1.355,1.518,-1.817,-2.722,1.208,0.236,1.272,0.723,-0.051,-0.624,0.099,-0.138,-0.17,-2.074,1.606,1.92,0.417,-0.582,2.044,2.443,1.863,1.054,1.962,1.541,0.842,0.27,0.992,0.756,2.775,2.961,3.531,3.767,0.335,0.463,-0.086,0.227,-0.249,-0.064,-0.202,24.006,-0.404,41.033,0.16,-27.185,0.313,-65.046,-0.219,17.027,0.351,-51.191,0.485,-89.053,0.53,-68.218,0.636,-106.08,0.161,-37.861,0.792,0.244,0.176,0.867,0.417,0.301,-0.574,-0.897,-0.199,-1.374,-2.147,-0.66,0.239,0.173,0.125,-0.718,-1.69,-0.375,-1.248,-2.939,-0.904,-0.956,-1.441,-0.5,-1.487,-2.241,-1.077,-0.531,-0.8,-1.25,-0.165,-0.176,-0.407,-0.607,-0.667,-1.086,0.071,0.136,0.096,0.124,0.214,0.155,-0.491,-0.556,-0.679,0.233,0.514,0.272,0.293,0.571,0.32,0.65,1.07,0.803,0.73,1.062,0.821,0.08,0.06,0.052,-2.588,-3.838,0.356,-0.721,0.441,-0.059,-1.657,-2.457,-0.056,-0.96,0.078,-0.298,0.741,-1.501,-0.181,-3.12,1.034,1.159,1.272,-0.17,0.35,-1.34,1.431,1.604,-1.744,-2.994,1.2,0.123,1.285,0.785,-0.084,-0.744,0.117,-0.082,-0.273,-2.419,1.559,1.859,0.527,-0.37,2.158,2.574,1.874,0.97,2.007,1.632,0.838,0.178,1.039,0.84,2.728,2.904,3.777,4.021,0.377,0.502,-0.043,0.258,-0.215,-0.039
2018-02-20,CTD7,4176724,690397,0.004685346,0.007832281,0.0150927035,0.0032330109,0.002849699,0.000579866,0.0005760515,0.00021926925,0.004667447,0.0076635038,0.0153130125,0.0034083335,0.00248857,0.0006386329,0.634429,-2.878e-42,0.811,-0.251,85.755,-0.526,147.174,0.183,-95.878,0.244,-137.483,-0.317,61.42,0.416,-181.632,0.466,-223.238,0.647,-243.052,0.682,-284.657,0.063,-41.605,1.294,0.277,0.244,1.153,0.476,0.419,-0.751,-1.447,-0.273,-1.077,-2.075,-0.444,0.288,0.199,0.175,-0.851,-2.741,-0.518,-1.046,-3.369,-0.722,-1.139,-1.904,-0.693,-1.334,-2.23,-0.92,-0.195,-0.326,-0.628,-0.172,-0.175,-0.517,-0.941,-0.974,-1.711,0.063,0.136,0.081,0.08,0.166,0.1,-0.917,-0.964,-1.194,0.233,0.61,0.256,0.252,0.629,0.272,0.947,1.574,1.11,0.978,1.546,1.106,0.031,0.019,0.017,-4.07,-4.698,0.384,-0.536,0.409,-0.283,-2.112,-2.438,-0.102,-0.824,-0.053,-0.571,0.93,-1.299,-0.478,-3.847,1.085,1.26,1.125,-0.778,-0.283,-3.024,1.231,1.43,-2.997,-3.625,1.457,0.537,1.483,0.79,-0.171,-0.616,-0.089,-0.362,-0.799,-2.874,1.814,2.234,-0.473,-1.92,2.058,2.534,2.808,2.087,2.857,2.34,1.237,0.792,1.319,1.046,4.06,4.304,4.606,4.883,0.326,0.501,-0.195,0.224,-0.394,-0.15,-0.243,83.761,-0.533,148.946,0.156,-79.149,0.304,-187.587,-0.333,65.185,0.384,-162.91,0.51,-271.349,0.636,-228.095,0.72,-336.533,0.156,-108.439,1.283,0.285,0.208,1.141,0.508,0.371,-0.607,-1.212,-0.197,-1.438,-2.873,-0.639,0.304,0.222,0.162,-0.76,-2.495,-0.405,-1.267,-4.155,-0.925,-1.065,-1.748,-0.568,-1.571,-2.579,-1.147,-0.506,-0.831,-1.661,-0.16,-0.168,-0.508,-0.961,-1.049,-1.805,0.055,0.124,0.071,0.095,0.197,0.116,-0.947,-1.069,-1.297,0.213,0.595,0.239,0.259,0.641,0.276,0.965,1.664,1.173,1.04,1.588,1.158,0.075,0.046,0.04,-3.884,-5.544,0.386,-0.761,0.447,-0.121,-1.944,-2.775,-0.14,-1.065,-0.02,-0.425,0.869,-1.71,-0.629,-4.784,1.045,1.207,1.375,-0.373,-0.123,-2.617,1.431,1.653,-2.851,-4.511,1.419,0.272,1.479,0.912,-0.23,-0.869,-0.033,-0.23,-1.032,-3.905,1.715,2.086,-0.201,-1.413,2.349,2.857,2.836,1.911,2.956,2.551,1.268,0.629,1.465,1.268,3.96,4.168,5.423,5.709,0.406,0.568,-0.088,0.282,-0.311,-0.102
2018-02-20,CTD8,4174178,693048,0.005550435,0.009196902,0.017305227,0.004563716,0.003779153,0.00082172867,0.00080887857,0.0003144459,0.0055443984,0.009040008,0.017515514,0.004787322,0.003462061,0.00087925483,0.33827356,-2.878e-42,0.897,-0.247,71.434,-0.514,122.38,0.098,-38.954,0.19,-84.443,-0.306,50.946,0.337,-110.387,0.418,-155.877,0.583,-161.334,0.642,-206.824,0.094,-45.49,1.236,0.326,0.27,1.126,0.559,0.462,-0.358,-0.674,-0.147,-0.777,-1.461,-0.385,0.283,0.233,0.193,-0.613,-1.91,-0.417,-0.865,-2.697,-0.711,-0.895,-1.484,-0.61,-1.148,-1.902,-0.944,-0.252,-0.418,-0.787,-0.167,-0.173,-0.437,-0.854,-0.906,-1.409,0.037,0.076,0.047,0.067,0.129,0.081,-0.802,-0.869,-0.972,0.203,0.497,0.22,0.237,0.536,0.248,0.864,1.366,0.982,0.917,1.337,0.983,0.053,0.034,0.03,-3.188,-3.976,0.34,-0.604,0.385,-0.225,-1.694,-2.113,-0.175,-0.887,-0.09,-0.507,0.685,-1.217,-0.665,-3.363,0.805,0.998,0.937,-0.547,-0.413,-2.323,0.972,1.205,-2.135,-2.922,1.393,0.449,1.439,0.829,-0.291,-0.676,-0.149,-0.297,-1.103,-2.564,1.334,1.797,-0.684,-1.358,1.611,2.17,2.622,1.91,2.707,2.29,1.059,0.674,1.201,1.054,3.111,3.381,3.757,4.083,0.411,0.604,-0.185,0.278,-0.417,-0.147,-0.24,69.743,-0.519,123.27,0.073,-28.523,0.231,-108.483,-0.319,53.527,0.308,-98.266,0.446,-178.226,0.571,-151.793,0.67,-231.753,0.161,-79.96,1.222,0.334,0.241,1.114,0.59,0.427,-0.258,-0.5,-0.099,-0.981,-1.9,-0.519,0.297,0.256,0.185,-0.545,-1.721,-0.34,-0.988,-3.122,-0.853,-0.842,-1.372,-0.526,-1.285,-2.095,-1.109,-0.443,-0.723,-1.401,-0.157,-0.167,-0.424,-0.866,-0.958,-1.451,0.029,0.061,0.036,0.078,0.151,0.093,-0.82,-0.941,-1.027,0.184,0.472,0.203,0.242,0.54,0.25,0.873,1.413,1.018,0.964,1.36,1.016,0.091,0.057,0.05,-3.045,-4.446,0.34,-0.769,0.416,-0.11,-1.572,-2.295,-0.213,-1.066,-0.066,-0.407,0.642,-1.453,-0.779,-3.901,0.775,0.96,1.085,-0.287,-0.336,-2.057,1.072,1.328,-2.028,-3.429,1.357,0.248,1.433,0.907,-0.347,-0.867,-0.108,-0.207,-1.271,-3.171,1.264,1.691,-0.548,-1.048,1.748,2.338,2.63,1.776,2.776,2.436,1.074,0.555,1.313,1.214,3.034,3.276,4.196,4.53,0.48,0.666,-0.095,0.332,-0.351,-0.11
2018-02-20,CTD10,4170388,695646,0.020274047,0.029551383,0.04580813,0.017015658,0.014709527,0.0038815588,0.003825443,0.0015049231,0.019907217,0.029411852,0.046335246,0.017163651,0.01361909,0.0038444644,0.3817383,-8.000000000000001e-45,1.855,-0.186,15.485,-0.386,27.494,0.087,-9.445,0.159,-18.659,-0.216,12.009,0.269,-24.93,0.335,-34.144,0.458,-36.939,0.514,-46.153,0.073,-9.214,0.709,0.263,0.228,0.812,0.468,0.404,-0.279,-0.433,-0.139,-0.551,-0.855,-0.317,0.243,0.204,0.177,-0.505,-1.142,-0.367,-0.692,-1.564,-0.581,-0.749,-1.092,-0.543,-0.936,-1.364,-0.785,-0.187,-0.272,-0.422,-0.148,-0.153,-0.292,-0.548,-0.577,-0.805,0.043,0.074,0.054,0.074,0.119,0.089,-0.436,-0.465,-0.512,0.19,0.358,0.207,0.225,0.398,0.236,0.578,0.823,0.651,0.624,0.834,0.668,0.046,0.035,0.031,-2.006,-2.428,0.315,-0.471,0.365,-0.178,-1.294,-1.566,-0.133,-0.714,-0.055,-0.422,0.546,-0.818,-0.359,-1.923,0.694,0.87,0.733,-0.358,-0.172,-1.314,0.802,1.007,-1.235,-1.657,1.086,0.301,1.136,0.593,-0.194,-0.512,-0.08,-0.219,-0.523,-1.377,1.011,1.416,-0.25,-0.683,1.17,1.638,1.684,1.103,1.762,1.395,0.711,0.393,0.825,0.686,1.967,2.194,2.275,2.538,0.342,0.518,-0.15,0.255,-0.354,-0.126,-0.193,16.233,-0.399,28.651,0.074,-8.03,0.188,-23.193,-0.223,12.418,0.263,-24.263,0.367,-39.426,0.459,-36.681,0.546,-51.845,0.115,-15.164,0.752,0.279,0.221,0.843,0.492,0.39,-0.236,-0.372,-0.109,-0.682,-1.075,-0.398,0.247,0.213,0.169,-0.483,-1.124,-0.33,-0.785,-1.827,-0.677,-0.73,-1.079,-0.5,-1.032,-1.525,-0.89,-0.302,-0.446,-0.703,-0.15,-0.159,-0.309,-0.567,-0.614,-0.859,0.036,0.064,0.046,0.083,0.135,0.099,-0.457,-0.505,-0.55,0.185,0.365,0.204,0.238,0.426,0.249,0.591,0.87,0.678,0.663,0.883,0.702,0.072,0.054,0.047,-2.023,-2.725,0.306,-0.583,0.383,-0.117,-1.284,-1.73,-0.154,-0.831,-0.033,-0.364,0.525,-1.0,-0.416,-2.242,0.697,0.866,0.827,-0.252,-0.114,-1.238,0.878,1.091,-1.222,-1.925,1.107,0.217,1.184,0.684,-0.227,-0.626,-0.049,-0.159,-0.614,-1.689,1.029,1.42,-0.168,-0.54,1.297,1.789,1.744,1.067,1.865,1.534,0.713,0.315,0.891,0.782,2.015,2.237,2.54,2.819,0.399,0.568,-0.101,0.29,-0.314,-0.093
2018-02-20,CTD11,4169609,700351,0.007317538,0.0124681145,0.023054473,0.0071091317,0.005537262,0.0012931526,0.0012867842,0.0005075461,0.0073042694,0.012355799,0.023221415,0.007360546,0.005293041,0.0013361573,0.26765135,-8.000000000000001e-45,1.797,-0.26,56.453,-0.518,93.282,0.014,-4.006,0.138,-43.937,-0.298,36.829,0.274,-60.46,0.385,-100.39,0.529,-97.289,0.613,-137.219,0.124,-39.931,1.302,0.401,0.313,1.163,0.663,0.517,-0.05,-0.092,-0.022,-0.548,-1.013,-0.312,0.269,0.262,0.204,-0.442,-1.394,-0.335,-0.735,-2.314,-0.714,-0.712,-1.213,-0.539,-1.004,-1.711,-0.976,-0.292,-0.498,-0.921,-0.171,-0.18,-0.407,-0.804,-0.874,-1.244,0.006,0.012,0.007,0.05,0.091,0.059,-0.734,-0.824,-0.837,0.176,0.417,0.187,0.228,0.48,0.23,0.806,1.24,0.886,0.885,1.214,0.895,0.079,0.052,0.044,-2.656,-3.577,0.279,-0.697,0.347,-0.192,-1.436,-1.934,-0.253,-0.966,-0.127,-0.461,0.489,-1.222,-0.82,-3.134,0.585,0.789,0.781,-0.432,-0.528,-1.921,0.751,1.013,-1.539,-2.46,1.396,0.42,1.464,0.925,-0.431,-0.743,-0.216,-0.238,-1.397,-2.41,0.997,1.514,-0.899,-0.991,1.28,1.943,2.58,1.867,2.706,2.372,0.878,0.565,1.092,1.07,2.486,2.799,3.192,3.593,0.527,0.731,-0.187,0.33,-0.448,-0.136,-0.257,55.973,-0.521,93.843,-0.004,1.047,0.16,-52.021,-0.305,37.87,0.253,-54.926,0.4,-107.994,0.519,-92.796,0.629,-145.864,0.163,-53.068,1.3,0.412,0.296,1.159,0.691,0.497,0.013,0.024,0.006,-0.643,-1.208,-0.383,0.277,0.279,0.2,-0.401,-1.275,-0.291,-0.789,-2.508,-0.795,-0.678,-1.147,-0.491,-1.065,-1.802,-1.074,-0.388,-0.656,-1.232,-0.165,-0.177,-0.399,-0.807,-0.902,-1.258,-0.002,-0.003,-0.002,0.057,0.102,0.066,-0.741,-0.863,-0.859,0.164,0.397,0.175,0.231,0.482,0.231,0.807,1.259,0.899,0.912,1.223,0.909,0.105,0.068,0.058,-2.564,-3.796,0.274,-0.799,0.363,-0.128,-1.364,-2.02,-0.281,-1.076,-0.114,-0.405,0.46,-1.342,-0.887,-3.395,0.564,0.764,0.848,-0.299,-0.499,-1.775,0.784,1.063,-1.463,-2.696,1.375,0.301,1.464,0.972,-0.476,-0.859,-0.193,-0.187,-1.501,-2.709,0.954,1.451,-0.845,-0.821,1.327,2.017,2.583,1.789,2.751,2.46,0.872,0.489,1.155,1.16,2.43,2.726,3.379,3.791,0.579,0.78,-0.129,0.368,-0.408,-0.111
2018-02-20,CTD12,4173438,695414,0.006294758,0.009703271,0.017758744,0.004283617,0.0040222807,0.0008526649,0.00083600153,0.00031715486,0.006302068,0.009473969,0.017997501,0.004527931,0.0034802428,0.0009439571,0.4857957,-2.878e-42,2.025,-0.213,55.804,-0.477,102.552,0.19,-74.585,0.22,-89.753,-0.293,46.748,0.387,-130.39,0.414,-145.557,0.611,-177.137,0.631,-192.305,0.031,-15.168,0.991,0.239,0.224,0.995,0.439,0.412,-0.724,-1.325,-0.3,-0.871,-1.594,-0.384,0.294,0.2,0.188,-0.821,-2.316,-0.524,-0.916,-2.585,-0.624,-1.115,-1.719,-0.712,-1.211,-1.866,-0.824,-0.095,-0.147,-0.269,-0.155,-0.156,-0.41,-0.82,-0.835,-1.38,0.073,0.147,0.092,0.083,0.162,0.103,-0.762,-0.781,-0.97,0.225,0.525,0.249,0.236,0.537,0.258,0.842,1.306,0.982,0.859,1.299,0.982,0.016,0.011,0.01,-3.497,-3.766,0.408,-0.416,0.422,-0.29,-1.911,-2.058,-0.087,-0.711,-0.06,-0.585,0.923,-0.943,-0.361,-2.946,1.055,1.243,1.019,-0.7,-0.265,-2.581,1.124,1.324,-2.604,-2.874,1.3,0.477,1.315,0.602,-0.134,-0.519,-0.093,-0.393,-0.556,-2.15,1.626,2.039,-0.409,-1.733,1.732,2.171,2.38,1.756,2.407,1.882,1.15,0.765,1.191,0.891,3.507,3.731,3.735,3.974,0.266,0.454,-0.198,0.215,-0.398,-0.173,-0.201,53.126,-0.481,103.115,0.164,-62.173,0.288,-128.658,-0.31,49.989,0.353,-115.299,0.463,-181.784,0.598,-165.288,0.676,-231.773,0.131,-66.485,0.956,0.241,0.185,0.977,0.467,0.359,-0.589,-1.119,-0.216,-1.219,-2.316,-0.583,0.315,0.226,0.174,-0.727,-2.075,-0.401,-1.146,-3.272,-0.823,-1.042,-1.566,-0.575,-1.461,-2.196,-1.049,-0.419,-0.63,-1.197,-0.141,-0.148,-0.396,-0.835,-0.903,-1.46,0.065,0.137,0.083,0.103,0.202,0.125,-0.787,-0.871,-1.064,0.204,0.506,0.23,0.247,0.553,0.266,0.854,1.377,1.04,0.92,1.34,1.037,0.066,0.043,0.038,-3.31,-4.506,0.414,-0.636,0.472,-0.103,-1.742,-2.372,-0.128,-0.951,-0.017,-0.418,0.865,-1.33,-0.508,-3.78,1.024,1.198,1.284,-0.282,-0.089,-2.164,1.333,1.559,-2.471,-3.668,1.252,0.202,1.31,0.735,-0.192,-0.775,-0.026,-0.242,-0.763,-3.079,1.54,1.899,-0.134,-1.253,2.004,2.471,2.378,1.555,2.488,2.087,1.181,0.599,1.347,1.131,3.423,3.607,4.453,4.693,0.351,0.525,-0.074,0.285,-0.301,-0.116
2018-03-07,CTD1,4187246,695025,0.018569347,0.028851539,0.043690603,0.016008614,0.011154612,0.0028451122,0.0028496394,0.0011340196,0.018446803,0.028979966,0.043890733,0.016191082,0.011270582,0.002707583,0.109778255,-8.000000000000001e-45,1.126,-0.217,19.192,-0.403,30.964,0.074,-8.614,0.249,-35.797,-0.205,11.772,0.286,-27.806,0.442,-54.989,0.464,-39.578,0.593,-66.761,0.179,-27.183,0.839,0.307,0.214,0.893,0.496,0.345,-0.249,-0.376,-0.096,-1.033,-1.564,-0.573,0.219,0.188,0.131,-0.516,-1.215,-0.31,-1.021,-2.402,-0.88,-0.735,-1.142,-0.441,-1.24,-1.926,-1.069,-0.505,-0.784,-1.188,-0.172,-0.187,-0.379,-0.56,-0.628,-0.925,0.035,0.064,0.047,0.102,0.165,0.124,-0.429,-0.499,-0.546,0.206,0.432,0.234,0.284,0.512,0.296,0.584,0.931,0.692,0.686,0.941,0.725,0.102,0.078,0.067,-2.086,-3.273,0.277,-0.792,0.388,-0.053,-1.377,-2.161,-0.13,-1.01,0.038,-0.272,0.5,-1.427,-0.354,-2.757,0.773,0.905,1.004,-0.138,0.15,-1.064,1.11,1.298,-1.175,-2.363,1.187,0.119,1.298,0.857,-0.202,-0.775,0.06,-0.036,-0.551,-2.115,1.202,1.547,0.234,-0.143,1.724,2.22,1.798,0.918,1.966,1.656,0.652,0.079,0.914,0.818,2.128,2.343,3.055,3.362,0.475,0.607,-0.046,0.3,-0.234,-0.02,-0.222,19.703,-0.408,31.426,0.065,-7.552,0.241,-34.517,-0.205,11.723,0.283,-27.256,0.44,-54.22,0.461,-38.979,0.591,-65.943,0.179,-26.964,0.865,0.319,0.222,0.911,0.509,0.354,-0.219,-0.331,-0.085,-1.0,-1.515,-0.559,0.216,0.19,0.132,-0.503,-1.196,-0.307,-1.0,-2.38,-0.878,-0.719,-1.13,-0.439,-1.216,-1.911,-1.068,-0.497,-0.781,-1.183,-0.175,-0.191,-0.384,-0.563,-0.632,-0.927,0.031,0.056,0.041,0.098,0.159,0.119,-0.43,-0.502,-0.543,0.205,0.43,0.232,0.284,0.511,0.295,0.584,0.932,0.688,0.688,0.942,0.722,0.104,0.079,0.068,-2.074,-3.258,0.268,-0.8,0.38,-0.06,-1.37,-2.151,-0.138,-1.016,0.031,-0.276,0.479,-1.432,-0.375,-2.755,0.75,0.883,0.976,-0.153,0.122,-1.074,1.078,1.268,-1.14,-2.323,1.202,0.134,1.314,0.875,-0.217,-0.776,0.049,-0.036,-0.589,-2.104,1.179,1.533,0.192,-0.14,1.694,2.202,1.821,0.943,1.99,1.683,0.637,0.078,0.904,0.818,2.1,2.322,3.017,3.336,0.489,0.621,-0.052,0.302,-0.242,-0.02
2018-03-07,CTD2,4181518,693105,0.016144464,0.02374627,0.03727682,0.010907069,0.009673952,0.002313987,0.002316536,0.0008776815,0.015961183,0.023444118,0.037628375,0.011207777,0.008606262,0.0023822263,0.42080262,-8.000000000000001e-45,1.285,-0.191,19.829,-0.396,35.114,0.194,-29.743,0.251,-41.43,-0.222,15.286,0.371,-49.572,0.421,-61.258,0.547,-64.857,0.588,-76.544,0.06,-11.687,0.739,0.216,0.192,0.834,0.383,0.34,-0.706,-1.109,-0.288,-0.984,-1.544,-0.452,0.247,0.167,0.148,-0.8,-1.848,-0.48,-0.989,-2.284,-0.668,-1.047,-1.54,-0.627,-1.236,-1.818,-0.835,-0.189,-0.278,-0.436,-0.158,-0.162,-0.369,-0.61,-0.632,-1.027,0.086,0.157,0.112,0.106,0.187,0.134,-0.5,-0.524,-0.657,0.24,0.497,0.273,0.263,0.52,0.292,0.661,1.021,0.789,0.692,1.02,0.797,0.031,0.023,0.02,-2.738,-3.173,0.387,-0.448,0.42,-0.207,-1.744,-2.022,-0.026,-0.694,0.026,-0.454,0.843,-0.974,-0.09,-2.373,1.073,1.221,1.032,-0.508,0.099,-1.749,1.21,1.376,-1.947,-2.382,1.178,0.343,1.211,0.584,-0.039,-0.49,0.038,-0.25,-0.132,-1.676,1.578,1.918,0.146,-0.963,1.779,2.162,1.85,1.181,1.902,1.422,0.894,0.442,0.971,0.683,2.818,3.01,3.178,3.394,0.268,0.416,-0.14,0.2,-0.307,-0.115,-0.19,19.997,-0.404,36.076,0.175,-26.572,0.299,-53.542,-0.232,16.079,0.353,-46.569,0.463,-73.54,0.541,-62.648,0.628,-89.619,0.131,-26.971,0.752,0.224,0.172,0.846,0.404,0.31,-0.623,-1.0,-0.229,-1.255,-2.015,-0.6,0.257,0.18,0.138,-0.743,-1.752,-0.401,-1.174,-2.767,-0.824,-1.0,-1.469,-0.539,-1.43,-2.101,-1.004,-0.43,-0.632,-1.015,-0.153,-0.162,-0.378,-0.625,-0.676,-1.094,0.078,0.148,0.103,0.12,0.212,0.151,-0.522,-0.577,-0.716,0.228,0.498,0.265,0.277,0.546,0.304,0.67,1.075,0.824,0.737,1.068,0.838,0.066,0.049,0.043,-2.677,-3.691,0.383,-0.621,0.452,-0.087,-1.668,-2.3,-0.054,-0.878,0.057,-0.344,0.801,-1.3,-0.181,-2.948,1.057,1.195,1.232,-0.237,0.25,-1.503,1.377,1.557,-1.889,-2.903,1.171,0.167,1.24,0.701,-0.079,-0.679,0.084,-0.145,-0.266,-2.28,1.553,1.863,0.367,-0.633,2.022,2.426,1.879,1.055,1.99,1.59,0.903,0.303,1.066,0.837,2.818,2.99,3.67,3.894,0.335,0.473,-0.061,0.249,-0.241,-0.069
2018-03-07,CTD3,4181698,695238,0.01975226,0.02875683,0.044711556,0.016319968,0.014225192,0.003734015,0.0036826062,0.001440924,0.019395426,0.028584335,0.04521271,0.016473638,0.013095717,0.0037107,0.39880705,-8.000000000000001e-45,0.197,-0.186,15.853,-0.387,28.262,0.095,-10.648,0.163,-19.671,-0.217,12.409,0.276,-26.5,0.338,-35.523,0.465,-38.909,0.517,-47.932,0.069,-9.023,0.709,0.259,0.226,0.813,0.461,0.402,-0.306,-0.476,-0.151,-0.566,-0.88,-0.321,0.245,0.203,0.177,-0.523,-1.185,-0.377,-0.702,-1.588,-0.58,-0.769,-1.119,-0.553,-0.947,-1.378,-0.782,-0.178,-0.259,-0.403,-0.148,-0.153,-0.295,-0.554,-0.581,-0.817,0.047,0.08,0.058,0.075,0.123,0.091,-0.442,-0.47,-0.522,0.193,0.366,0.211,0.225,0.403,0.238,0.585,0.836,0.661,0.628,0.845,0.676,0.043,0.032,0.029,-2.053,-2.456,0.322,-0.46,0.369,-0.185,-1.32,-1.58,-0.126,-0.705,-0.053,-0.43,0.567,-0.811,-0.345,-1.933,0.716,0.892,0.745,-0.374,-0.166,-1.351,0.821,1.024,-1.284,-1.687,1.091,0.309,1.138,0.584,-0.183,-0.504,-0.077,-0.228,-0.502,-1.381,1.042,1.444,-0.242,-0.718,1.195,1.657,1.696,1.116,1.769,1.392,0.729,0.408,0.835,0.683,2.02,2.245,2.317,2.576,0.332,0.508,-0.153,0.249,-0.355,-0.13,-0.192,16.574,-0.4,29.441,0.081,-9.144,0.194,-24.802,-0.225,12.867,0.269,-25.719,0.372,-41.377,0.466,-38.585,0.551,-54.243,0.114,-15.658,0.749,0.273,0.217,0.842,0.485,0.386,-0.261,-0.413,-0.12,-0.709,-1.121,-0.409,0.25,0.212,0.168,-0.499,-1.163,-0.337,-0.803,-1.871,-0.682,-0.748,-1.103,-0.505,-1.052,-1.551,-0.894,-0.304,-0.448,-0.708,-0.149,-0.158,-0.311,-0.573,-0.619,-0.873,0.04,0.07,0.05,0.085,0.14,0.102,-0.464,-0.512,-0.562,0.187,0.373,0.208,0.24,0.432,0.251,0.599,0.885,0.69,0.669,0.895,0.713,0.07,0.052,0.046,-2.066,-2.774,0.314,-0.579,0.389,-0.116,-1.306,-1.754,-0.147,-0.829,-0.029,-0.366,0.545,-1.005,-0.404,-2.275,0.719,0.888,0.849,-0.254,-0.101,-1.263,0.905,1.117,-1.271,-1.979,1.109,0.216,1.184,0.679,-0.217,-0.626,-0.043,-0.163,-0.596,-1.717,1.06,1.446,-0.148,-0.562,1.333,1.818,1.755,1.073,1.873,1.536,0.732,0.324,0.907,0.787,2.069,2.286,2.603,2.876,0.391,0.56,-0.099,0.287,-0.311,-0.094
2018-03-07,CTD4,4180266,698264,0.017772445,0.028634127,0.04550056,0.015470439,0.011224197,0.002800153,0.0027931177,0.0011023243,0.01764052,0.028669806,0.045713387,0.015690114,0.011073523,0.0027105673,0.16359417,-8.000000000000001e-45,0.909,-0.234,21.344,-0.438,34.289,0.069,-8.373,0.226,-32.826,-0.228,12.946,0.298,-29.716,0.437,-54.17,0.493,-42.662,0.604,-67.115,0.159,-24.454,0.971,0.33,0.24,0.982,0.53,0.385,-0.24,-0.381,-0.094,-0.94,-1.494,-0.508,0.23,0.2,0.145,-0.528,-1.352,-0.334,-0.963,-2.465,-0.838,-0.758,-1.222,-0.479,-1.193,-1.922,-1.038,-0.435,-0.7,-1.113,-0.178,-0.191,-0.407,-0.629,-0.696,-1.039,0.031,0.058,0.041,0.088,0.148,0.107,-0.507,-0.582,-0.632,0.208,0.454,0.232,0.275,0.524,0.286,0.647,1.036,0.753,0.739,1.031,0.777,0.092,0.067,0.057,-2.32,-3.433,0.281,-0.758,0.374,-0.105,-1.46,-2.161,-0.15,-0.988,-0.001,-0.335,0.519,-1.402,-0.44,-2.905,0.757,0.902,0.954,-0.267,-0.006,-1.358,1.043,1.243,-1.33,-2.443,1.271,0.233,1.364,0.886,-0.241,-0.749,-0.002,-0.096,-0.709,-2.203,1.219,1.604,-0.009,-0.39,1.681,2.211,2.02,1.182,2.168,1.835,0.719,0.211,0.957,0.864,2.31,2.549,3.183,3.514,0.478,0.624,-0.091,0.294,-0.292,-0.052,-0.238,21.808,-0.443,34.812,0.059,-7.047,0.229,-33.618,-0.229,13.004,0.293,-28.854,0.443,-55.426,0.489,-41.859,0.61,-68.43,0.172,-26.571,0.997,0.342,0.241,0.998,0.546,0.385,-0.202,-0.322,-0.078,-0.964,-1.537,-0.527,0.229,0.204,0.144,-0.509,-1.319,-0.32,-0.978,-2.534,-0.87,-0.738,-1.2,-0.464,-1.207,-1.962,-1.074,-0.469,-0.762,-1.215,-0.18,-0.194,-0.412,-0.633,-0.706,-1.049,0.026,0.049,0.034,0.088,0.148,0.107,-0.511,-0.594,-0.637,0.205,0.452,0.229,0.278,0.528,0.287,0.648,1.046,0.755,0.748,1.039,0.781,0.1,0.073,0.062,-2.298,-3.513,0.272,-0.802,0.373,-0.09,-1.441,-2.203,-0.161,-1.031,-0.0,-0.32,0.497,-1.465,-0.47,-3.004,0.738,0.882,0.966,-0.234,-0.001,-1.32,1.046,1.25,-1.288,-2.503,1.282,0.208,1.383,0.919,-0.262,-0.79,-0.001,-0.079,-0.764,-2.301,1.2,1.585,-0.002,-0.324,1.7,2.246,2.044,1.174,2.205,1.886,0.705,0.178,0.967,0.889,2.286,2.527,3.239,3.581,0.503,0.647,-0.08,0.305,-0.285,-0.043
2018-03-07,CTD6,4176009,695829,0.0119081,0.01785683,0.028109292,0.009173556,0.007368776,0.001828936,0.0018285014,0.00072063686,0.011851712,0.01771389,0.028254908,0.009394944,0.006987116,0.001855112,0.29950598,-8.000000000000001e-45,1.355,-0.2,27.975,-0.405,48.401,0.13,-25.033,0.235,-51.731,-0.223,20.426,0.321,-53.008,0.416,-79.707,0.508,-73.434,0.585,-100.132,0.109,-26.699,0.786,0.257,0.206,0.864,0.444,0.357,-0.447,-0.704,-0.184,-0.924,-1.454,-0.475,0.243,0.187,0.151,-0.631,-1.49,-0.391,-0.949,-2.241,-0.731,-0.874,-1.311,-0.541,-1.192,-1.788,-0.919,-0.318,-0.477,-0.75,-0.16,-0.168,-0.36,-0.599,-0.642,-0.979,0.059,0.108,0.077,0.099,0.168,0.122,-0.486,-0.532,-0.62,0.217,0.45,0.245,0.262,0.497,0.281,0.636,0.982,0.751,0.697,0.984,0.767,0.061,0.045,0.039,-2.397,-3.148,0.341,-0.578,0.405,-0.136,-1.523,-2.0,-0.09,-0.821,0.011,-0.38,0.663,-1.125,-0.276,-2.517,0.885,1.036,0.981,-0.331,0.042,-1.448,1.102,1.29,-1.565,-2.315,1.173,0.255,1.237,0.696,-0.135,-0.61,0.016,-0.168,-0.414,-1.868,1.328,1.684,0.063,-0.641,1.653,2.097,1.847,1.116,1.948,1.557,0.804,0.329,0.955,0.771,2.445,2.652,3.044,3.301,0.358,0.508,-0.105,0.252,-0.292,-0.086,-0.198,27.923,-0.409,48.984,0.116,-22.064,0.258,-58.745,-0.229,21.061,0.307,-49.987,0.434,-86.668,0.501,-71.048,0.603,-107.728,0.147,-36.68,0.789,0.262,0.195,0.868,0.46,0.342,-0.391,-0.623,-0.154,-1.041,-1.66,-0.552,0.25,0.198,0.147,-0.592,-1.412,-0.349,-1.027,-2.449,-0.814,-0.842,-1.259,-0.496,-1.277,-1.908,-1.012,-0.435,-0.65,-1.036,-0.156,-0.166,-0.358,-0.605,-0.664,-1.001,0.053,0.099,0.07,0.106,0.179,0.129,-0.496,-0.56,-0.643,0.207,0.442,0.236,0.267,0.505,0.285,0.638,1.001,0.764,0.719,1.001,0.785,0.081,0.06,0.052,-2.338,-3.375,0.337,-0.676,0.422,-0.075,-1.466,-2.116,-0.111,-0.925,0.025,-0.324,0.635,-1.274,-0.334,-2.782,0.867,1.014,1.069,-0.189,0.101,-1.311,1.166,1.364,-1.513,-2.549,1.162,0.15,1.247,0.751,-0.166,-0.718,0.037,-0.117,-0.499,-2.158,1.296,1.638,0.151,-0.472,1.743,2.203,1.854,1.039,1.99,1.64,0.802,0.25,1.006,0.851,2.418,2.613,3.251,3.513,0.398,0.545,-0.059,0.283,-0.257,-0.062
2018-03-07,CTD7,4176724,690397,0.009627944,0.01583801,0.025314366,0.0058084596,0.004205555,0.0009275231,0.0009203158,0.0003522102,0.009625251,0.015718475,0.025508916,0.006112018,0.0040790886,0.000962112,0.18760051,-8.000000000000001e-45,0.835,-0.244,40.725,-0.449,64.361,0.247,-68.298,0.392,-133.916,-0.23,23.636,0.463,-109.023,0.58,-174.641,0.627,-132.659,0.715,-198.277,0.16,-65.618,1.031,0.237,0.171,1.019,0.374,0.271,-1.082,-1.729,-0.287,-2.121,-3.39,-0.778,0.228,0.137,0.099,-1.05,-2.76,-0.459,-1.681,-4.421,-1.014,-1.277,-2.101,-0.558,-1.909,-3.14,-1.152,-0.632,-1.039,-1.661,-0.2,-0.21,-0.62,-0.725,-0.783,-1.566,0.093,0.191,0.129,0.132,0.25,0.174,-0.614,-0.685,-0.946,0.287,0.725,0.34,0.333,0.754,0.374,0.766,1.41,0.973,0.829,1.367,0.975,0.063,0.046,0.039,-3.75,-5.411,0.378,-0.773,0.442,-0.116,-2.346,-3.386,0.014,-1.001,0.115,-0.344,1.032,-2.108,0.059,-4.362,1.392,1.491,1.664,-0.437,0.691,-2.069,1.923,2.06,-2.713,-4.374,1.416,0.264,1.479,0.921,0.022,-0.755,0.189,-0.098,0.097,-3.293,2.29,2.561,1.137,-0.592,3.163,3.537,2.263,1.248,2.364,1.905,0.995,0.217,1.162,0.874,3.921,4.093,5.416,5.653,0.338,0.437,-0.07,0.201,-0.207,-0.036,-0.24,40.274,-0.452,64.691,0.223,-59.719,0.405,-141.259,-0.237,24.417,0.44,-99.993,0.588,-181.533,0.613,-124.41,0.724,-205.951,0.199,-81.541,1.027,0.246,0.164,1.017,0.395,0.264,-0.939,-1.523,-0.244,-2.22,-3.603,-0.863,0.235,0.149,0.1,-0.962,-2.551,-0.408,-1.747,-4.631,-1.11,-1.197,-1.956,-0.507,-1.982,-3.237,-1.259,-0.785,-1.282,-2.08,-0.193,-0.206,-0.598,-0.728,-0.802,-1.559,0.085,0.177,0.119,0.135,0.254,0.175,-0.622,-0.714,-0.961,0.273,0.701,0.325,0.331,0.74,0.368,0.765,1.415,0.98,0.846,1.362,0.982,0.08,0.058,0.049,-3.561,-5.641,0.373,-0.886,0.452,-0.055,-2.194,-3.476,-0.012,-1.121,0.118,-0.29,0.959,-2.279,-0.048,-4.679,1.315,1.415,1.743,-0.212,0.737,-1.814,1.971,2.12,-2.541,-4.621,1.393,0.135,1.473,0.966,-0.019,-0.882,0.192,-0.051,-0.078,-3.682,2.148,2.412,1.203,-0.32,3.218,3.614,2.261,1.152,2.391,1.983,0.988,0.124,1.199,0.955,3.75,3.914,5.619,5.865,0.375,0.475,-0.035,0.229,-0.184,-0.02
2018-03-07,CTD8,4174178,693048,0.009873626,0.016240368,0.026634198,0.0062430077,0.004637051,0.0010142399,0.0010048395,0.00038417953,0.009865365,0.016098004,0.026834337,0.0065764124,0.0044398126,0.0010563746,0.20967667,-8.000000000000001e-45,0.963,-0.244,39.705,-0.459,63.734,0.225,-58.899,0.361,-114.374,-0.242,24.029,0.445,-98.604,0.556,-154.079,0.62,-122.633,0.703,-178.109,0.148,-55.475,1.058,0.248,0.184,1.035,0.398,0.296,-0.957,-1.569,-0.273,-1.857,-3.046,-0.714,0.237,0.15,0.111,-0.974,-2.626,-0.457,-1.521,-4.104,-0.962,-1.211,-1.992,-0.569,-1.759,-2.893,-1.112,-0.548,-0.901,-1.478,-0.194,-0.204,-0.585,-0.745,-0.803,-1.54,0.085,0.174,0.116,0.122,0.233,0.159,-0.645,-0.716,-0.955,0.274,0.689,0.32,0.318,0.72,0.353,0.781,1.405,0.977,0.842,1.365,0.978,0.061,0.044,0.037,-3.658,-5.136,0.374,-0.738,0.434,-0.135,-2.231,-3.132,-0.014,-0.976,0.085,-0.372,0.972,-1.921,-0.058,-4.162,1.296,1.407,1.52,-0.472,0.489,-2.137,1.745,1.895,-2.621,-4.099,1.41,0.298,1.471,0.902,-0.023,-0.737,0.14,-0.133,-0.096,-3.142,2.132,2.427,0.805,-0.764,2.87,3.268,2.313,1.351,2.412,1.955,1.008,0.294,1.17,0.897,3.797,3.981,5.111,5.359,0.347,0.458,-0.085,0.21,-0.235,-0.051,-0.24,39.245,-0.462,64.099,0.2,-50.694,0.379,-123.87,-0.25,24.854,0.42,-89.939,0.568,-163.115,0.606,-114.793,0.716,-187.969,0.194,-73.176,1.053,0.258,0.174,1.032,0.422,0.285,-0.816,-1.36,-0.225,-1.994,-3.324,-0.815,0.245,0.163,0.11,-0.887,-2.413,-0.399,-1.609,-4.377,-1.073,-1.132,-1.848,-0.51,-1.854,-3.026,-1.236,-0.722,-1.178,-1.964,-0.187,-0.199,-0.566,-0.748,-0.826,-1.54,0.077,0.16,0.105,0.126,0.239,0.162,-0.653,-0.751,-0.975,0.259,0.666,0.304,0.318,0.709,0.349,0.78,1.416,0.986,0.863,1.362,0.988,0.082,0.058,0.05,-3.468,-5.431,0.368,-0.868,0.447,-0.062,-2.08,-3.258,-0.041,-1.114,0.092,-0.307,0.9,-2.126,-0.167,-4.544,1.224,1.335,1.622,-0.226,0.555,-1.858,1.813,1.977,-2.449,-4.412,1.387,0.151,1.466,0.957,-0.067,-0.881,0.15,-0.075,-0.272,-3.596,1.998,2.282,0.906,-0.455,2.959,3.381,2.312,1.239,2.444,2.045,1.0,0.186,1.217,0.992,3.63,3.805,5.377,5.636,0.391,0.501,-0.042,0.243,-0.205,-0.031
2018-03-07,CTD10,4170388,695646,0.008888052,0.014128845,0.02322244,0.0056922934,0.0044796104,0.0009822306,0.0009874802,0.00037536613,0.008886326,0.013946997,0.023428734,0.0059898836,0.0041910005,0.0010365007,0.2594226,-8.000000000000001e-45,0.997,-0.228,41.733,-0.446,69.449,0.219,-63.166,0.33,-110.723,-0.243,27.715,0.426,-104.899,0.519,-152.457,0.606,-132.614,0.677,-180.172,0.119,-47.558,0.969,0.238,0.187,0.981,0.395,0.311,-0.892,-1.467,-0.283,-1.564,-2.571,-0.63,0.246,0.158,0.124,-0.932,-2.436,-0.47,-1.355,-3.54,-0.868,-1.179,-1.874,-0.594,-1.601,-2.546,-1.026,-0.423,-0.672,-1.104,-0.181,-0.189,-0.515,-0.723,-0.77,-1.409,0.086,0.172,0.115,0.118,0.222,0.152,-0.624,-0.68,-0.894,0.263,0.631,0.305,0.301,0.662,0.334,0.762,1.311,0.942,0.814,1.285,0.946,0.053,0.038,0.032,-3.451,-4.555,0.384,-0.642,0.436,-0.158,-2.099,-2.771,-0.02,-0.888,0.066,-0.404,0.953,-1.593,-0.082,-3.623,1.244,1.369,1.376,-0.498,0.34,-2.096,1.581,1.739,-2.49,-3.594,1.345,0.319,1.397,0.803,-0.032,-0.662,0.104,-0.179,-0.131,-2.702,1.978,2.289,0.541,-0.926,2.514,2.909,2.21,1.342,2.296,1.826,1.003,0.373,1.14,0.857,3.576,3.763,4.544,4.781,0.323,0.448,-0.101,0.21,-0.259,-0.072,-0.222,40.832,-0.45,69.85,0.195,-54.416,0.359,-126.074,-0.254,29.017,0.399,-95.248,0.538,-166.906,0.593,-124.266,0.697,-195.924,0.177,-71.658,0.957,0.245,0.171,0.974,0.418,0.293,-0.759,-1.275,-0.228,-1.758,-2.954,-0.755,0.258,0.174,0.122,-0.846,-2.232,-0.399,-1.483,-3.91,-1.0,-1.104,-1.733,-0.521,-1.741,-2.733,-1.174,-0.637,-0.999,-1.679,-0.172,-0.183,-0.497,-0.729,-0.802,-1.428,0.077,0.16,0.105,0.126,0.236,0.16,-0.637,-0.725,-0.931,0.246,0.608,0.288,0.302,0.656,0.332,0.764,1.334,0.961,0.843,1.293,0.965,0.079,0.056,0.048,-3.274,-4.953,0.381,-0.792,0.458,-0.063,-1.949,-2.949,-0.05,-1.05,0.079,-0.32,0.888,-1.844,-0.196,-4.107,1.183,1.305,1.525,-0.208,0.44,-1.791,1.691,1.865,-2.342,-4.021,1.314,0.14,1.391,0.87,-0.079,-0.834,0.124,-0.104,-0.308,-3.262,1.857,2.15,0.691,-0.584,2.654,3.072,2.207,1.207,2.336,1.937,1.006,0.251,1.208,0.98,3.44,3.611,4.916,5.161,0.374,0.495,-0.042,0.251,-0.216,-0.045
2018-03-07,CTD11,4169609,700351,0.008932626,0.014739876,0.025214782,0.007611109,0.005704846,0.0013414518,0.0013386733,0.00052741566,0.008914861,0.014645932,0.02535557,0.007884081,0.0055403146,0.001369038,0.22392932,-8.000000000000001e-45,0.534,-0.245,44.106,-0.477,72.29,0.08,-19.438,0.221,-63.34,-0.262,28.184,0.319,-63.544,0.442,-107.446,0.536,-91.728,0.631,-135.63,0.143,-43.903,1.112,0.336,0.252,1.066,0.55,0.412,-0.287,-0.49,-0.111,-0.934,-1.597,-0.482,0.252,0.215,0.161,-0.568,-1.602,-0.363,-0.96,-2.709,-0.818,-0.819,-1.352,-0.523,-1.212,-1.999,-1.032,-0.392,-0.647,-1.107,-0.177,-0.188,-0.436,-0.728,-0.796,-1.223,0.033,0.065,0.043,0.081,0.144,0.098,-0.633,-0.716,-0.787,0.209,0.487,0.231,0.265,0.546,0.275,0.744,1.203,0.861,0.824,1.179,0.873,0.081,0.056,0.048,-2.707,-3.814,0.304,-0.728,0.38,-0.144,-1.582,-2.229,-0.162,-0.98,-0.033,-0.395,0.589,-1.41,-0.537,-3.246,0.787,0.947,0.981,-0.371,-0.145,-1.747,1.049,1.264,-1.663,-2.77,1.348,0.316,1.424,0.901,-0.267,-0.75,-0.054,-0.165,-0.886,-2.483,1.298,1.71,-0.239,-0.729,1.732,2.282,2.306,1.489,2.436,2.073,0.859,0.377,1.072,0.961,2.674,2.926,3.568,3.904,0.465,0.626,-0.122,0.29,-0.337,-0.085,-0.243,43.894,-0.48,72.733,0.061,-14.666,0.233,-68.323,-0.268,28.839,0.3,-58.56,0.451,-112.217,0.526,-87.399,0.641,-141.056,0.175,-53.657,1.113,0.346,0.243,1.065,0.573,0.403,-0.215,-0.372,-0.081,-1.001,-1.732,-0.539,0.257,0.227,0.16,-0.522,-1.485,-0.324,-1.0,-2.845,-0.885,-0.779,-1.28,-0.484,-1.257,-2.066,-1.112,-0.478,-0.786,-1.361,-0.172,-0.185,-0.427,-0.73,-0.814,-1.225,0.026,0.051,0.033,0.084,0.15,0.102,-0.638,-0.741,-0.798,0.197,0.468,0.219,0.266,0.542,0.274,0.742,1.209,0.866,0.841,1.18,0.88,0.099,0.068,0.059,-2.607,-3.968,0.298,-0.814,0.39,-0.094,-1.506,-2.292,-0.187,-1.071,-0.027,-0.351,0.553,-1.513,-0.6,-3.446,0.752,0.912,1.031,-0.249,-0.122,-1.607,1.071,1.298,-1.573,-2.934,1.332,0.22,1.424,0.94,-0.307,-0.845,-0.044,-0.125,-0.987,-2.719,1.236,1.639,-0.201,-0.573,1.759,2.333,2.306,1.421,2.466,2.141,0.847,0.308,1.11,1.029,2.595,2.838,3.692,4.038,0.506,0.666,-0.083,0.32,-0.311,-0.067
2018-03-07,CTD12,4173438,695414,0.016062092,0.022266509,0.03389391,0.010954894,0.01012873,0.0025589825,0.002528579,0.0009758589,0.015837604,0.021982858,0.034227345,0.011134434,0.008965137,0.0026241543,0.48714337,-8.000000000000001e-45,1.029,-0.162,17.348,-0.357,32.755,0.189,-29.025,0.227,-36.471,-0.207,15.407,0.34,-46.373,0.375,-53.819,0.511,-61.78,0.54,-69.225,0.039,-7.446,0.588,0.19,0.176,0.729,0.359,0.332,-0.646,-0.984,-0.294,-0.812,-1.236,-0.4,0.247,0.169,0.156,-0.745,-1.572,-0.47,-0.864,-1.824,-0.59,-0.992,-1.376,-0.626,-1.112,-1.541,-0.758,-0.12,-0.166,-0.252,-0.138,-0.141,-0.294,-0.537,-0.55,-0.846,0.091,0.158,0.116,0.106,0.179,0.132,-0.43,-0.444,-0.551,0.226,0.432,0.257,0.243,0.449,0.271,0.598,0.876,0.708,0.62,0.88,0.715,0.022,0.017,0.015,-2.373,-2.625,0.398,-0.36,0.423,-0.203,-1.559,-1.724,-0.018,-0.608,0.019,-0.451,0.809,-0.732,-0.056,-1.88,1.011,1.167,0.929,-0.447,0.064,-1.508,1.094,1.263,-1.708,-1.96,1.063,0.305,1.087,0.462,-0.025,-0.425,0.026,-0.268,-0.078,-1.314,1.402,1.734,0.088,-0.896,1.516,1.875,1.618,1.029,1.655,1.186,0.84,0.441,0.892,0.598,2.463,2.639,2.664,2.854,0.227,0.383,-0.139,0.193,-0.307,-0.132,-0.162,17.651,-0.367,33.924,0.174,-26.671,0.277,-48.402,-0.218,16.274,0.328,-44.321,0.421,-66.053,0.509,-60.595,0.585,-82.327,0.108,-21.732,0.604,0.197,0.158,0.746,0.378,0.304,-0.586,-0.913,-0.239,-1.064,-1.657,-0.539,0.258,0.181,0.146,-0.702,-1.517,-0.397,-1.046,-2.261,-0.735,-0.96,-1.332,-0.543,-1.304,-1.81,-0.917,-0.344,-0.478,-0.744,-0.135,-0.142,-0.306,-0.555,-0.594,-0.915,0.084,0.152,0.109,0.122,0.208,0.152,-0.454,-0.494,-0.609,0.217,0.437,0.251,0.26,0.483,0.287,0.611,0.931,0.746,0.668,0.937,0.763,0.057,0.043,0.039,-2.354,-3.097,0.395,-0.522,0.459,-0.085,-1.512,-1.989,-0.044,-0.779,0.055,-0.342,0.78,-1.03,-0.135,-2.395,1.015,1.16,1.124,-0.208,0.21,-1.307,1.26,1.441,-1.686,-2.43,1.063,0.146,1.126,0.583,-0.061,-0.6,0.076,-0.163,-0.187,-1.844,1.408,1.712,0.291,-0.622,1.749,2.127,1.655,0.919,1.753,1.356,0.854,0.315,0.991,0.752,2.508,2.666,3.115,3.311,0.295,0.441,-0.06,0.245,-0.241,-0.083
2018-05-11,CTD1,4187246,695025,0.020028489,0.027054371,0.03511705,0.012334399,0.0089144865,0.0023549302,0.0023745436,0.00093516073,0.0197979,0.027076198,0.03519826,0.01242216,0.008833261,0.0022489196,0.14685498,-8.000000000000001e-45,1.168,-0.149,12.966,-0.274,21.453,0.238,-31.145,0.384,-62.248,-0.13,8.486,0.374,-44.111,0.504,-75.214,0.48,-52.598,0.595,-83.701,0.161,-31.103,0.455,0.16,0.116,0.58,0.265,0.191,-0.843,-1.094,-0.278,-1.684,-2.186,-0.768,0.17,0.105,0.076,-0.883,-1.549,-0.393,-1.506,-2.641,-0.928,-1.053,-1.423,-0.469,-1.676,-2.264,-1.032,-0.623,-0.841,-1.092,-0.148,-0.16,-0.331,-0.383,-0.419,-0.71,0.124,0.214,0.175,0.179,0.282,0.234,-0.249,-0.279,-0.379,0.267,0.509,0.334,0.329,0.561,0.382,0.484,0.787,0.633,0.557,0.81,0.665,0.073,0.062,0.055,-2.107,-3.199,0.389,-0.643,0.486,0.018,-1.623,-2.465,0.114,-0.813,0.241,-0.152,0.853,-1.411,0.326,-2.316,1.294,1.37,1.476,0.053,0.949,-0.6,1.791,1.895,-1.496,-2.589,1.0,-0.033,1.097,0.628,0.155,-0.613,0.325,0.048,0.44,-1.746,1.748,1.94,1.282,0.188,2.419,2.684,1.297,0.37,1.424,1.031,0.682,-0.086,0.853,0.575,2.402,2.518,3.323,3.483,0.286,0.362,0.011,0.202,-0.094,0.022,-0.155,13.578,-0.28,22.1,0.229,-29.991,0.383,-62.698,-0.13,8.522,0.371,-43.568,0.508,-76.276,0.478,-52.091,0.599,-84.798,0.169,-32.707,0.478,0.169,0.12,0.598,0.275,0.195,-0.812,-1.056,-0.265,-1.698,-2.207,-0.779,0.169,0.106,0.075,-0.863,-1.534,-0.385,-1.51,-2.685,-0.948,-1.031,-1.41,-0.46,-1.679,-2.296,-1.053,-0.648,-0.886,-1.151,-0.153,-0.165,-0.342,-0.39,-0.429,-0.725,0.118,0.205,0.168,0.176,0.278,0.23,-0.252,-0.284,-0.382,0.266,0.512,0.333,0.332,0.566,0.383,0.486,0.796,0.634,0.562,0.818,0.667,0.077,0.065,0.058,-2.102,-3.254,0.378,-0.675,0.48,0.02,-1.617,-2.503,0.104,-0.844,0.236,-0.149,0.825,-1.471,0.294,-2.391,1.268,1.343,1.472,0.062,0.941,-0.592,1.783,1.888,-1.466,-2.617,1.015,-0.039,1.117,0.657,0.142,-0.637,0.323,0.058,0.402,-1.805,1.733,1.929,1.287,0.232,2.438,2.712,1.319,0.372,1.452,1.067,0.673,-0.106,0.854,0.589,2.387,2.507,3.357,3.526,0.301,0.376,0.013,0.208,-0.093,0.027
2018-05-11,CTD2,4181518,693105,0.016073052,0.022065498,0.028841874,0.009310926,0.0066455277,0.0017391859,0.0016935732,0.00068128237,0.015989175,0.022044647,0.028851032,0.009434479,0.0066557038,0.0016923267,0.14453788,-8.000000000000001e-45,1.068,-0.157,16.896,-0.284,27.544,0.266,-45.185,0.415,-88.261,-0.133,10.648,0.407,-62.081,0.537,-105.158,0.512,-72.729,0.625,-115.805,0.167,-43.076,0.487,0.157,0.112,0.608,0.256,0.183,-0.997,-1.303,-0.3,-1.948,-2.546,-0.822,0.171,0.099,0.071,-0.998,-1.791,-0.413,-1.69,-3.033,-0.979,-1.169,-1.605,-0.483,-1.861,-2.555,-1.078,-0.692,-0.951,-1.242,-0.157,-0.169,-0.376,-0.407,-0.445,-0.8,0.133,0.236,0.191,0.185,0.3,0.247,-0.267,-0.298,-0.425,0.284,0.561,0.359,0.343,0.607,0.404,0.512,0.86,0.68,0.582,0.874,0.707,0.07,0.059,0.052,-2.369,-3.612,0.406,-0.673,0.498,0.015,-1.813,-2.763,0.135,-0.844,0.256,-0.156,0.961,-1.594,0.419,-2.614,1.425,1.496,1.654,0.049,1.112,-0.679,1.997,2.096,-1.725,-2.967,1.05,-0.028,1.142,0.659,0.186,-0.636,0.352,0.051,0.575,-1.97,1.956,2.139,1.526,0.223,2.741,2.998,1.372,0.393,1.493,1.081,0.728,-0.094,0.894,0.593,2.684,2.796,3.761,3.918,0.278,0.349,0.009,0.192,-0.091,0.022,-0.159,17.18,-0.287,27.882,0.258,-43.452,0.412,-87.705,-0.134,10.702,0.401,-60.632,0.536,-104.885,0.507,-71.333,0.625,-115.586,0.173,-44.253,0.496,0.162,0.114,0.615,0.263,0.186,-0.958,-1.254,-0.289,-1.933,-2.53,-0.827,0.171,0.101,0.071,-0.969,-1.749,-0.404,-1.677,-3.026,-0.99,-1.141,-1.573,-0.475,-1.848,-2.548,-1.09,-0.708,-0.976,-1.277,-0.158,-0.171,-0.376,-0.409,-0.448,-0.799,0.129,0.228,0.185,0.183,0.296,0.244,-0.268,-0.301,-0.423,0.281,0.557,0.355,0.343,0.605,0.402,0.511,0.857,0.677,0.584,0.873,0.705,0.073,0.062,0.055,-2.333,-3.609,0.398,-0.692,0.495,0.02,-1.782,-2.758,0.126,-0.863,0.252,-0.151,0.931,-1.617,0.386,-2.64,1.393,1.464,1.638,0.066,1.094,-0.656,1.974,2.075,-1.679,-2.956,1.052,-0.039,1.148,0.673,0.174,-0.653,0.348,0.059,0.532,-1.998,1.92,2.106,1.508,0.254,2.722,2.985,1.376,0.387,1.502,1.099,0.719,-0.109,0.892,0.603,2.642,2.756,3.745,3.907,0.288,0.359,0.012,0.197,-0.089,0.025
2018-05-11,CTD3,4181698,695238,0.021837458,0.029425658,0.031836167,0.007632953,0.0048534386,0.0012514537,0.0012851657,0.0005075461,0.02185336,0.029398512,0.032031354,0.007798103,0.0050409846,0.0012012171,0.050336424,-8.000000000000001e-45,0.988,-0.148,11.809,-0.186,14.382,0.482,-85.218,0.636,-160.247,-0.039,2.573,0.588,-97.027,0.717,-172.056,0.613,-99.6,0.735,-174.629,0.223,-75.029,0.376,0.09,0.057,0.423,0.11,0.07,-2.508,-2.713,-0.414,-4.715,-5.102,-1.223,0.056,0.02,0.012,-2.119,-3.089,-0.471,-3.757,-5.478,-1.313,-2.175,-2.931,-0.483,-3.813,-5.139,-1.333,-1.638,-2.208,-2.389,-0.192,-0.207,-0.608,-0.27,-0.292,-0.801,0.232,0.414,0.387,0.277,0.458,0.43,-0.082,-0.09,-0.193,0.406,0.816,0.594,0.458,0.834,0.623,0.472,0.907,0.706,0.526,0.916,0.728,0.054,0.052,0.045,-3.429,-5.817,0.502,-0.831,0.59,0.106,-3.169,-5.377,0.427,-0.887,0.521,0.05,1.937,-3.202,1.779,-3.699,2.696,2.708,3.575,0.644,3.417,0.328,4.24,4.26,-2.823,-5.212,1.108,-0.225,1.195,0.712,0.575,-0.648,0.702,0.288,2.397,-2.704,3.633,3.703,4.605,1.892,5.713,5.823,1.198,-0.115,1.293,0.822,0.732,-0.491,0.86,0.446,3.949,4.006,6.21,6.3,0.185,0.197,0.037,0.107,0.018,0.075,-0.147,11.744,-0.189,14.54,0.474,-82.477,0.625,-152.614,-0.043,2.796,0.581,-94.221,0.707,-164.359,0.608,-97.017,0.728,-167.155,0.215,-70.138,0.376,0.092,0.059,0.427,0.113,0.073,-2.425,-2.642,-0.416,-4.487,-4.888,-1.19,0.061,0.022,0.014,-2.059,-3.018,-0.475,-3.592,-5.265,-1.282,-2.12,-2.852,-0.489,-3.653,-4.914,-1.303,-1.533,-2.062,-2.247,-0.189,-0.204,-0.588,-0.274,-0.296,-0.793,0.229,0.408,0.379,0.274,0.452,0.422,-0.089,-0.098,-0.205,0.401,0.803,0.583,0.452,0.821,0.612,0.473,0.901,0.704,0.527,0.91,0.726,0.054,0.051,0.045,-3.364,-5.611,0.5,-0.804,0.586,0.097,-3.088,-5.15,0.417,-0.865,0.511,0.036,1.885,-3.03,1.713,-3.552,2.631,2.645,3.417,0.565,3.246,0.228,4.07,4.092,-2.762,-5.009,1.102,-0.202,1.188,0.699,0.561,-0.629,0.687,0.271,2.304,-2.584,3.539,3.613,4.366,1.724,5.475,5.588,1.2,-0.081,1.294,0.819,0.733,-0.457,0.859,0.443,3.877,3.936,5.997,6.089,0.185,0.199,0.035,0.108,0.013,0.072
2018-05-11,CTD4,4180266,698264,0.017212728,0.023929564,0.027233217,0.0062539955,0.0040312298,0.001024489,0.001036387,0.0004106903,0.017272763,0.023926737,0.02735021,0.0064152856,0.0041878964,0.0010047173,0.076707125,-8.000000000000001e-45,0.174,-0.163,16.307,-0.225,21.377,0.467,-101.801,0.62,-189.967,-0.065,5.069,0.586,-118.108,0.712,-206.274,0.626,-123.178,0.742,-211.343,0.216,-88.165,0.444,0.102,0.066,0.512,0.134,0.086,-2.436,-2.772,-0.41,-4.546,-5.173,-1.188,0.087,0.032,0.02,-2.033,-3.216,-0.476,-3.551,-5.618,-1.29,-2.12,-2.948,-0.497,-3.638,-5.057,-1.322,-1.518,-2.11,-2.401,-0.201,-0.215,-0.653,-0.332,-0.358,-0.974,0.214,0.392,0.351,0.258,0.437,0.394,-0.141,-0.156,-0.321,0.398,0.832,0.565,0.448,0.848,0.594,0.51,0.988,0.75,0.564,0.989,0.769,0.054,0.05,0.043,-3.635,-6.036,0.49,-0.832,0.571,0.075,-3.194,-5.304,0.371,-0.919,0.464,-0.013,1.874,-3.184,1.614,-4.003,2.584,2.604,3.391,0.444,3.132,-0.085,4.008,4.04,-2.964,-5.365,1.161,-0.161,1.242,0.746,0.515,-0.673,0.644,0.234,2.244,-2.929,3.592,3.678,4.354,1.582,5.573,5.706,1.321,0.031,1.414,0.938,0.775,-0.413,0.904,0.493,4.12,4.186,6.392,6.494,0.195,0.215,0.027,0.113,-0.005,0.061,-0.162,16.1,-0.226,21.332,0.458,-97.983,0.61,-180.889,-0.067,5.231,0.577,-114.083,0.702,-196.989,0.62,-119.315,0.734,-202.221,0.21,-82.906,0.44,0.103,0.067,0.51,0.137,0.089,-2.344,-2.68,-0.41,-4.328,-4.947,-1.16,0.09,0.034,0.022,-1.971,-3.12,-0.478,-3.403,-5.388,-1.264,-2.061,-2.855,-0.5,-3.493,-4.838,-1.297,-1.432,-1.984,-2.267,-0.197,-0.211,-0.628,-0.332,-0.358,-0.95,0.212,0.386,0.344,0.255,0.431,0.388,-0.145,-0.16,-0.323,0.392,0.816,0.555,0.442,0.833,0.585,0.508,0.976,0.745,0.562,0.978,0.763,0.054,0.05,0.043,-3.541,-5.809,0.487,-0.81,0.569,0.069,-3.098,-5.082,0.363,-0.9,0.457,-0.021,1.818,-3.021,1.549,-3.838,2.517,2.539,3.25,0.395,2.981,-0.139,3.856,3.89,-2.878,-5.146,1.151,-0.147,1.232,0.732,0.503,-0.657,0.632,0.222,2.146,-2.801,3.487,3.577,4.13,1.45,5.342,5.479,1.315,0.052,1.408,0.931,0.772,-0.389,0.901,0.49,4.021,4.088,6.159,6.263,0.196,0.218,0.026,0.115,-0.008,0.06
2018-05-11,CTD6,4176009,695829,0.020171387,0.027687559,0.03399167,0.010647821,0.0070232055,0.0018503537,0.0017962423,0.0007282684,0.02006265,0.02776314,0.034035496,0.01079038,0.007248612,0.0017453354,0.064371906,-8.000000000000001e-45,0.858,-0.157,13.458,-0.255,20.156,0.309,-44.341,0.483,-92.81,-0.102,6.698,0.444,-57.799,0.595,-106.268,0.523,-64.497,0.658,-112.966,0.205,-48.469,0.457,0.143,0.095,0.558,0.215,0.142,-1.228,-1.507,-0.311,-2.57,-3.155,-0.988,0.135,0.071,0.047,-1.166,-1.965,-0.406,-2.144,-3.612,-1.132,-1.301,-1.786,-0.453,-2.279,-3.128,-1.203,-0.978,-1.342,-1.648,-0.168,-0.183,-0.425,-0.361,-0.398,-0.782,0.154,0.274,0.232,0.213,0.343,0.295,-0.205,-0.232,-0.357,0.315,0.627,0.415,0.382,0.671,0.463,0.488,0.858,0.673,0.563,0.875,0.703,0.076,0.067,0.059,-2.464,-4.111,0.415,-0.788,0.522,0.069,-2.007,-3.349,0.209,-0.923,0.34,-0.066,1.08,-2.048,0.667,-2.945,1.641,1.688,2.058,0.272,1.644,-0.32,2.488,2.559,-1.82,-3.467,1.059,-0.143,1.166,0.713,0.287,-0.702,0.466,0.155,0.915,-2.24,2.252,2.394,2.257,0.75,3.414,3.629,1.301,0.169,1.431,1.026,0.7,-0.288,0.88,0.568,2.844,2.939,4.312,4.455,0.274,0.321,0.036,0.178,-0.035,0.06,-0.161,13.825,-0.258,20.463,0.301,-42.831,0.469,-88.114,-0.101,6.638,0.44,-56.656,0.586,-101.938,0.519,-63.294,0.649,-108.576,0.196,-45.282,0.471,0.149,0.1,0.568,0.221,0.148,-1.189,-1.458,-0.31,-2.446,-2.999,-0.951,0.133,0.072,0.048,-1.137,-1.928,-0.411,-2.045,-3.47,-1.1,-1.27,-1.757,-0.459,-2.178,-3.014,-1.172,-0.908,-1.257,-1.541,-0.172,-0.187,-0.427,-0.362,-0.399,-0.775,0.15,0.265,0.225,0.207,0.332,0.286,-0.203,-0.23,-0.348,0.314,0.621,0.411,0.379,0.665,0.458,0.486,0.851,0.664,0.56,0.868,0.695,0.074,0.065,0.057,-2.432,-3.973,0.406,-0.766,0.51,0.051,-1.983,-3.241,0.201,-0.899,0.328,-0.082,1.044,-1.971,0.633,-2.836,1.598,1.646,1.952,0.195,1.542,-0.386,2.379,2.451,-1.77,-3.312,1.067,-0.105,1.171,0.712,0.278,-0.673,0.454,0.144,0.876,-2.122,2.212,2.36,2.134,0.676,3.292,3.513,1.308,0.208,1.435,1.025,0.688,-0.263,0.865,0.554,2.793,2.893,4.158,4.307,0.277,0.325,0.027,0.176,-0.044,0.056
2018-05-11,CTD7,4176724,690397,0.027167644,0.038274556,0.0442872,0.010978887,0.006886003,0.0017059528,0.001747867,0.0006900294,0.027243823,0.037999105,0.044738542,0.011309688,0.007103158,0.0015981654,0.047175143,-8.000000000000001e-45,1.086,-0.17,10.681,-0.24,14.229,0.424,-54.275,0.596,-108.414,-0.073,3.547,0.554,-64.957,0.695,-119.095,0.603,-68.504,0.731,-122.642,0.229,-54.138,0.473,0.117,0.074,0.545,0.156,0.098,-2.077,-2.404,-0.374,-4.149,-4.801,-1.19,0.096,0.039,0.024,-1.765,-2.877,-0.447,-3.236,-5.274,-1.308,-1.861,-2.622,-0.472,-3.332,-4.694,-1.346,-1.471,-2.072,-2.398,-0.201,-0.217,-0.622,-0.348,-0.379,-0.958,0.196,0.358,0.316,0.246,0.412,0.367,-0.158,-0.177,-0.337,0.382,0.802,0.533,0.439,0.823,0.568,0.509,0.978,0.738,0.572,0.98,0.759,0.063,0.057,0.05,-3.324,-5.722,0.462,-0.885,0.554,0.083,-2.873,-4.945,0.327,-0.981,0.434,-0.014,1.61,-3.084,1.317,-3.957,2.295,2.319,3.081,0.459,2.788,-0.089,3.658,3.697,-2.625,-5.023,1.161,-0.186,1.253,0.782,0.46,-0.73,0.611,0.237,1.856,-2.945,3.233,3.331,3.928,1.524,5.154,5.31,1.343,0.036,1.45,1.003,0.753,-0.437,0.904,0.53,3.78,3.854,6.027,6.145,0.224,0.249,0.033,0.131,-0.006,0.068,-0.165,10.389,-0.243,14.353,0.413,-51.714,0.586,-104.077,-0.081,3.964,0.541,-62.103,0.685,-114.466,0.596,-66.068,0.726,-118.43,0.228,-52.363,0.465,0.117,0.074,0.545,0.162,0.102,-1.965,-2.314,-0.367,-3.955,-4.656,-1.177,0.108,0.045,0.028,-1.692,-2.778,-0.441,-3.118,-5.121,-1.295,-1.8,-2.511,-0.469,-3.226,-4.5,-1.339,-1.427,-1.99,-2.343,-0.192,-0.207,-0.584,-0.355,-0.388,-0.95,0.193,0.353,0.307,0.243,0.408,0.359,-0.175,-0.196,-0.366,0.371,0.777,0.515,0.429,0.801,0.551,0.512,0.973,0.741,0.577,0.976,0.763,0.064,0.058,0.051,-3.239,-5.581,0.464,-0.875,0.558,0.089,-2.751,-4.741,0.311,-0.983,0.422,-0.019,1.56,-2.941,1.232,-3.89,2.222,2.25,2.986,0.476,2.658,-0.12,3.538,3.583,-2.561,-4.904,1.142,-0.197,1.236,0.767,0.434,-0.743,0.589,0.221,1.718,-2.939,3.099,3.201,3.707,1.394,4.934,5.097,1.345,0.05,1.455,1.014,0.762,-0.415,0.917,0.549,3.695,3.769,5.883,6.001,0.228,0.256,0.037,0.139,-0.008,0.066
2018-05-11,CTD8,4174178,693048,0.017538108,0.02520778,0.030144004,0.0064668865,0.0042734775,0.0010394587,0.0010530163,0.00041333216,0.017619258,0.02513549,0.030387852,0.0066865915,0.004340931,0.0010335717,0.11406678,-8.000000000000001e-45,0.662,-0.179,17.348,-0.264,23.845,0.461,-97.615,0.608,-176.983,-0.089,6.496,0.592,-114.964,0.71,-194.331,0.647,-121.46,0.752,-200.827,0.204,-79.368,0.523,0.112,0.074,0.601,0.154,0.102,-2.461,-2.943,-0.417,-4.461,-5.335,-1.145,0.114,0.042,0.028,-2.016,-3.465,-0.491,-3.408,-5.858,-1.257,-2.13,-3.062,-0.519,-3.522,-5.062,-1.299,-1.392,-2.001,-2.392,-0.209,-0.223,-0.714,-0.398,-0.428,-1.174,0.2,0.376,0.322,0.24,0.419,0.362,-0.206,-0.226,-0.46,0.393,0.859,0.545,0.439,0.872,0.572,0.554,1.086,0.803,0.605,1.078,0.817,0.051,0.046,0.04,-3.966,-6.358,0.481,-0.818,0.554,0.035,-3.316,-5.317,0.325,-0.931,0.412,-0.079,1.876,-3.187,1.516,-4.342,2.542,2.57,3.268,0.206,2.908,-0.557,3.847,3.889,-3.224,-5.616,1.223,-0.076,1.296,0.776,0.468,-0.677,0.593,0.175,2.179,-3.156,3.654,3.756,4.18,1.237,5.53,5.684,1.462,0.206,1.549,1.058,0.827,-0.317,0.952,0.535,4.418,4.492,6.685,6.797,0.199,0.227,0.013,0.115,-0.029,0.045,-0.176,16.972,-0.266,23.848,0.45,-92.797,0.605,-173.609,-0.095,6.876,0.58,-109.769,0.705,-190.581,0.639,-116.645,0.75,-197.457,0.213,-80.812,0.516,0.113,0.074,0.599,0.159,0.104,-2.332,-2.82,-0.403,-4.364,-5.276,-1.161,0.121,0.046,0.03,-1.934,-3.336,-0.476,-3.358,-5.791,-1.274,-2.055,-2.932,-0.506,-3.479,-4.963,-1.32,-1.424,-2.031,-2.456,-0.203,-0.216,-0.682,-0.401,-0.433,-1.158,0.197,0.371,0.315,0.239,0.417,0.358,-0.216,-0.239,-0.476,0.384,0.84,0.531,0.433,0.856,0.561,0.554,1.079,0.804,0.609,1.072,0.819,0.055,0.049,0.042,-3.844,-6.299,0.481,-0.839,0.558,0.052,-3.179,-5.211,0.314,-0.961,0.407,-0.069,1.808,-3.155,1.426,-4.365,2.462,2.492,3.232,0.3,2.85,-0.486,3.793,3.839,-3.118,-5.574,1.207,-0.114,1.284,0.777,0.448,-0.713,0.581,0.178,2.034,-3.241,3.513,3.616,4.066,1.246,5.411,5.57,1.459,0.184,1.552,1.075,0.829,-0.331,0.963,0.56,4.298,4.372,6.621,6.734,0.207,0.237,0.02,0.123,-0.026,0.047
2018-05-11,CTD10,4170388,695646,0.02424793,0.033302017,0.042556968,0.013370948,0.009369968,0.002382999,0.0023598997,0.0009290619,0.02402082,0.033246305,0.042851135,0.013555643,0.009280053,0.002255728,0.13461865,-8.000000000000001e-45,0.826,-0.157,11.212,-0.274,17.743,0.289,-33.548,0.443,-65.483,-0.122,6.53,0.427,-44.761,0.561,-76.696,0.522,-51.291,0.639,-83.226,0.176,-31.935,0.477,0.15,0.105,0.591,0.237,0.166,-1.117,-1.428,-0.314,-2.181,-2.787,-0.876,0.158,0.087,0.061,-1.085,-1.905,-0.419,-1.86,-3.264,-1.025,-1.244,-1.708,-0.481,-2.018,-2.772,-1.113,-0.774,-1.063,-1.359,-0.162,-0.174,-0.398,-0.392,-0.429,-0.805,0.143,0.255,0.209,0.196,0.319,0.266,-0.246,-0.275,-0.407,0.298,0.593,0.384,0.358,0.636,0.428,0.507,0.868,0.684,0.577,0.882,0.711,0.07,0.06,0.053,-2.455,-3.814,0.414,-0.699,0.508,0.027,-1.921,-2.984,0.168,-0.857,0.288,-0.131,1.031,-1.741,0.536,-2.728,1.532,1.593,1.805,0.097,1.31,-0.595,2.186,2.274,-1.809,-3.168,1.059,-0.054,1.153,0.673,0.231,-0.644,0.396,0.082,0.736,-2.051,2.104,2.27,1.799,0.371,3.003,3.24,1.354,0.328,1.474,1.054,0.726,-0.149,0.891,0.577,2.796,2.901,3.99,4.14,0.27,0.331,0.015,0.181,-0.072,0.033,-0.161,11.552,-0.282,18.294,0.279,-32.139,0.443,-66.127,-0.126,6.742,0.421,-43.691,0.564,-77.679,0.519,-50.433,0.644,-84.421,0.187,-33.988,0.495,0.157,0.107,0.608,0.248,0.17,-1.069,-1.377,-0.298,-2.198,-2.834,-0.896,0.162,0.091,0.063,-1.05,-1.872,-0.405,-1.866,-3.329,-1.053,-1.211,-1.677,-0.468,-2.028,-2.807,-1.144,-0.816,-1.13,-1.456,-0.164,-0.177,-0.404,-0.402,-0.443,-0.825,0.138,0.246,0.201,0.194,0.315,0.261,-0.256,-0.288,-0.421,0.294,0.591,0.378,0.358,0.638,0.425,0.512,0.88,0.689,0.586,0.893,0.717,0.075,0.064,0.056,-2.439,-3.895,0.406,-0.738,0.506,0.038,-1.892,-3.022,0.153,-0.9,0.281,-0.124,0.996,-1.811,0.483,-2.846,1.493,1.555,1.813,0.136,1.3,-0.573,2.181,2.272,-1.777,-3.233,1.068,-0.077,1.167,0.699,0.212,-0.685,0.39,0.091,0.669,-2.165,2.066,2.236,1.799,0.421,3.018,3.266,1.376,0.323,1.505,1.099,0.725,-0.172,0.903,0.604,2.775,2.882,4.053,4.21,0.285,0.348,0.021,0.191,-0.07,0.037
2018-05-11,CTD11,4169609,700351,0.020232923,0.028671833,0.038169984,0.011148344,0.007901955,0.0019429788,0.0019031847,0.0007503168,0.020122256,0.028610619,0.038383763,0.011408775,0.0077669104,0.0018825883,0.1625032,-8.000000000000001e-45,0.974,-0.173,14.547,-0.307,23.226,0.289,-40.275,0.438,-77.127,-0.142,8.679,0.44,-54.822,0.568,-91.674,0.548,-63.501,0.657,-100.352,0.17,-36.852,0.555,0.162,0.115,0.666,0.259,0.184,-1.155,-1.537,-0.318,-2.211,-2.944,-0.86,0.176,0.097,0.069,-1.109,-2.093,-0.433,-1.855,-3.499,-1.022,-1.285,-1.821,-0.502,-2.03,-2.877,-1.119,-0.746,-1.057,-1.407,-0.171,-0.183,-0.443,-0.45,-0.49,-0.942,0.136,0.248,0.197,0.184,0.31,0.25,-0.303,-0.338,-0.499,0.3,0.623,0.38,0.356,0.662,0.421,0.553,0.96,0.739,0.619,0.965,0.76,0.066,0.056,0.049,-2.718,-4.125,0.414,-0.705,0.499,-0.003,-2.042,-3.098,0.141,-0.881,0.254,-0.179,1.064,-1.814,0.484,-3.016,1.539,1.608,1.809,-0.011,1.229,-0.863,2.172,2.268,-2.007,-3.413,1.125,0.006,1.21,0.708,0.2,-0.66,0.361,0.042,0.685,-2.259,2.181,2.365,1.742,0.205,3.077,3.336,1.498,0.476,1.611,1.178,0.78,-0.08,0.941,0.622,3.033,3.148,4.279,4.442,0.275,0.344,-0.002,0.182,-0.098,0.016,-0.174,14.744,-0.312,23.644,0.276,-37.956,0.443,-79.055,-0.146,8.899,0.43,-52.7,0.573,-93.799,0.542,-61.599,0.663,-102.699,0.19,-41.099,0.566,0.168,0.115,0.676,0.27,0.184,-1.086,-1.457,-0.295,-2.262,-3.034,-0.902,0.179,0.102,0.069,-1.06,-2.023,-0.409,-1.887,-3.6,-1.07,-1.24,-1.762,-0.478,-2.067,-2.938,-1.172,-0.827,-1.176,-1.578,-0.17,-0.184,-0.443,-0.456,-0.502,-0.952,0.13,0.24,0.189,0.184,0.309,0.248,-0.31,-0.35,-0.51,0.294,0.617,0.373,0.356,0.661,0.419,0.554,0.967,0.742,0.628,0.971,0.765,0.075,0.062,0.054,-2.661,-4.239,0.406,-0.766,0.501,0.023,-1.984,-3.159,0.125,-0.945,0.253,-0.157,1.018,-1.92,0.422,-3.178,1.492,1.561,1.845,0.083,1.249,-0.774,2.192,2.294,-1.943,-3.52,1.125,-0.047,1.219,0.741,0.178,-0.724,0.359,0.065,0.6,-2.434,2.122,2.305,1.776,0.319,3.117,3.386,1.509,0.439,1.636,1.227,0.775,-0.127,0.956,0.661,2.978,3.093,4.375,4.543,0.296,0.365,0.013,0.196,-0.089,0.026
2018-05-11,CTD12,4173438,695414,0.02121329,0.029261965,0.03490497,0.010188833,0.0065487814,0.0017147467,0.0017082636,0.00068845844,0.021145368,0.029318543,0.03501229,0.0103591485,0.006819686,0.0016139445,0.042593222,-8.000000000000001e-45,0.679,-0.159,12.966,-0.244,18.491,0.351,-51.006,0.528,-105.56,-0.088,5.525,0.483,-63.973,0.634,-118.526,0.548,-69.497,0.684,-124.051,0.217,-54.553,0.453,0.132,0.085,0.541,0.188,0.121,-1.493,-1.78,-0.334,-3.089,-3.685,-1.076,0.117,0.056,0.036,-1.357,-2.233,-0.419,-2.514,-4.137,-1.208,-1.474,-2.034,-0.455,-2.632,-3.63,-1.264,-1.157,-1.596,-1.904,-0.178,-0.194,-0.481,-0.347,-0.382,-0.818,0.172,0.308,0.266,0.229,0.372,0.325,-0.18,-0.203,-0.337,0.34,0.687,0.46,0.405,0.723,0.504,0.49,0.89,0.69,0.562,0.903,0.719,0.072,0.065,0.057,-2.701,-4.605,0.433,-0.831,0.537,0.082,-2.264,-3.861,0.26,-0.948,0.384,-0.035,1.244,-2.386,0.889,-3.248,1.858,1.894,2.401,0.367,2.046,-0.187,2.891,2.947,-2.046,-3.951,1.088,-0.176,1.192,0.737,0.358,-0.718,0.53,0.196,1.227,-2.458,2.563,2.684,2.823,1.043,3.988,4.176,1.297,0.09,1.422,1.003,0.713,-0.363,0.884,0.55,3.117,3.202,4.85,4.982,0.257,0.293,0.039,0.161,-0.017,0.068,-0.162,13.184,-0.247,18.73,0.342,-49.241,0.512,-99.343,-0.089,5.547,0.478,-62.425,0.623,-112.526,0.543,-67.972,0.674,-118.073,0.206,-50.101,0.462,0.137,0.09,0.549,0.194,0.128,-1.444,-1.724,-0.336,-2.913,-3.478,-1.029,0.117,0.057,0.038,-1.32,-2.186,-0.426,-2.379,-3.94,-1.166,-1.437,-1.993,-0.464,-2.497,-3.462,-1.223,-1.059,-1.469,-1.754,-0.18,-0.195,-0.476,-0.349,-0.384,-0.807,0.168,0.298,0.258,0.223,0.361,0.316,-0.181,-0.204,-0.331,0.338,0.678,0.453,0.401,0.714,0.496,0.489,0.882,0.682,0.559,0.895,0.711,0.07,0.063,0.055,-2.659,-4.413,0.425,-0.798,0.526,0.063,-2.226,-3.695,0.251,-0.915,0.371,-0.054,1.204,-2.258,0.847,-3.093,1.809,1.846,2.263,0.27,1.906,-0.279,2.747,2.805,-1.993,-3.747,1.091,-0.132,1.192,0.728,0.347,-0.682,0.515,0.179,1.174,-2.304,2.508,2.635,2.643,0.919,3.809,4.003,1.302,0.137,1.423,0.997,0.704,-0.325,0.872,0.536,3.057,3.147,4.644,4.781,0.257,0.295,0.031,0.159,-0.027,0.063
2018-05-16,CTD1,4187246,695025,0.023662925,0.03362621,0.045458753,0.01417489,0.0103197405,0.0025556025,0.0025738317,0.000995742,0.023452556,0.0334806,0.045818616,0.014430633,0.010005249,0.0024490808,0.18026689,-8.000000000000001e-45,1.205,-0.174,12.521,-0.315,20.262,0.251,-28.287,0.393,-54.641,-0.15,7.741,0.407,-40.809,0.53,-67.163,0.525,-48.549,0.63,-74.904,0.157,-26.354,0.569,0.177,0.129,0.681,0.287,0.209,-0.951,-1.286,-0.292,-1.837,-2.484,-0.775,0.183,0.11,0.08,-0.966,-1.855,-0.421,-1.589,-3.053,-0.952,-1.149,-1.633,-0.501,-1.772,-2.519,-1.062,-0.624,-0.886,-1.198,-0.167,-0.179,-0.407,-0.456,-0.496,-0.89,0.12,0.216,0.17,0.169,0.279,0.224,-0.313,-0.348,-0.483,0.281,0.572,0.349,0.337,0.616,0.391,0.546,0.921,0.712,0.613,0.929,0.735,0.067,0.056,0.049,-2.503,-3.701,0.392,-0.67,0.477,-0.024,-1.852,-2.738,0.099,-0.853,0.214,-0.207,0.93,-1.589,0.317,-2.736,1.362,1.442,1.553,-0.079,0.941,-0.914,1.871,1.981,-1.786,-2.984,1.109,0.047,1.194,0.693,0.141,-0.634,0.304,0.012,0.451,-2.033,1.936,2.145,1.337,0.051,2.659,2.947,1.5,0.548,1.614,1.193,0.753,-0.022,0.916,0.624,2.771,2.9,3.806,3.983,0.292,0.372,-0.015,0.195,-0.124,0.005,-0.176,12.771,-0.323,20.814,0.238,-26.658,0.402,-57.308,-0.156,8.043,0.398,-39.429,0.54,-70.079,0.521,-47.472,0.642,-78.122,0.181,-30.651,0.585,0.184,0.128,0.697,0.3,0.208,-0.893,-1.221,-0.267,-1.919,-2.626,-0.827,0.189,0.116,0.08,-0.925,-1.807,-0.394,-1.644,-3.211,-1.011,-1.113,-1.589,-0.475,-1.832,-2.616,-1.127,-0.719,-1.026,-1.404,-0.166,-0.18,-0.41,-0.467,-0.514,-0.915,0.114,0.207,0.162,0.17,0.281,0.223,-0.326,-0.369,-0.505,0.275,0.569,0.341,0.339,0.62,0.39,0.551,0.938,0.722,0.629,0.945,0.747,0.078,0.064,0.056,-2.475,-3.879,0.386,-0.742,0.482,0.007,-1.808,-2.834,0.081,-0.93,0.213,-0.181,0.894,-1.721,0.257,-2.954,1.326,1.407,1.613,0.024,0.976,-0.831,1.913,2.029,-1.748,-3.152,1.113,-0.015,1.209,0.734,0.115,-0.712,0.304,0.037,0.366,-2.259,1.893,2.102,1.393,0.171,2.731,3.031,1.523,0.511,1.655,1.26,0.753,-0.074,0.942,0.675,2.748,2.876,3.964,4.148,0.316,0.397,0.004,0.213,-0.112,0.016
2018-05-16,CTD2,4181518,693105,0.017730162,0.025853014,0.03301463,0.008960112,0.006044851,0.0014950748,0.0015276438,0.00060892914,0.017717196,0.025799861,0.033172403,0.009229193,0.0061093844,0.0014536837,0.10545002,-8.000000000000001e-45,0.855,-0.186,17.721,-0.301,26.111,0.329,-55.205,0.491,-109.029,-0.122,8.391,0.485,-72.926,0.621,-126.75,0.573,-81.316,0.69,-135.14,0.194,-53.824,0.585,0.159,0.107,0.675,0.234,0.158,-1.427,-1.823,-0.334,-2.819,-3.6,-0.977,0.149,0.075,0.051,-1.293,-2.408,-0.441,-2.247,-4.185,-1.136,-1.442,-2.102,-0.492,-2.396,-3.494,-1.211,-0.954,-1.392,-1.777,-0.194,-0.208,-0.541,-0.439,-0.479,-1.019,0.149,0.275,0.225,0.199,0.336,0.278,-0.268,-0.301,-0.477,0.333,0.711,0.432,0.39,0.742,0.472,0.552,1.012,0.754,0.619,1.01,0.775,0.067,0.057,0.05,-2.999,-4.776,0.414,-0.796,0.503,0.011,-2.348,-3.74,0.19,-0.945,0.303,-0.138,1.196,-2.298,0.702,-3.483,1.745,1.796,2.15,0.048,1.656,-0.752,2.587,2.662,-2.226,-4.003,1.187,-0.024,1.275,0.783,0.278,-0.699,0.442,0.108,1.023,-2.576,2.544,2.702,2.415,0.592,3.772,4.005,1.515,0.38,1.628,1.187,0.772,-0.205,0.936,0.602,3.344,3.451,4.956,5.115,0.272,0.322,0.006,0.163,-0.07,0.038,-0.186,17.682,-0.304,26.297,0.315,-51.909,0.487,-107.24,-0.125,8.614,0.473,-69.592,0.617,-124.923,0.565,-78.206,0.689,-133.537,0.203,-55.331,0.587,0.163,0.108,0.678,0.243,0.161,-1.339,-1.722,-0.317,-2.767,-3.557,-0.99,0.153,0.08,0.053,-1.233,-2.309,-0.425,-2.213,-4.144,-1.153,-1.386,-2.018,-0.478,-2.366,-3.445,-1.232,-0.98,-1.428,-1.835,-0.191,-0.206,-0.527,-0.441,-0.484,-1.008,0.144,0.266,0.216,0.197,0.331,0.274,-0.274,-0.309,-0.481,0.326,0.695,0.422,0.387,0.731,0.464,0.55,1.005,0.75,0.622,1.004,0.773,0.072,0.061,0.053,-2.908,-4.743,0.408,-0.824,0.503,0.025,-2.261,-3.689,0.176,-0.977,0.297,-0.128,1.142,-2.303,0.634,-3.51,1.683,1.736,2.122,0.105,1.614,-0.694,2.542,2.622,-2.138,-3.974,1.178,-0.054,1.272,0.794,0.257,-0.733,0.433,0.116,0.923,-2.634,2.451,2.611,2.351,0.629,3.702,3.945,1.515,0.362,1.636,1.21,0.765,-0.225,0.941,0.624,3.249,3.357,4.909,5.072,0.284,0.337,0.013,0.174,-0.067,0.041
2018-05-16,CTD3,4181698,695238,0.011679797,0.017664341,0.023977056,0.0061192494,0.004297457,0.0010428195,0.0010721453,0.0004246441,0.011696574,0.017583681,0.02405979,0.0063306675,0.00429623,0.0010521157,0.14857058,-8.000000000000001e-45,0.856,-0.204,29.007,-0.345,43.911,0.312,-77.801,0.462,-147.078,-0.152,14.905,0.485,-106.808,0.609,-176.085,0.593,-121.712,0.696,-190.989,0.175,-69.277,0.695,0.177,0.125,0.776,0.269,0.189,-1.374,-1.865,-0.334,-2.598,-3.526,-0.9,0.174,0.091,0.064,-1.247,-2.561,-0.459,-2.057,-4.222,-1.078,-1.422,-2.15,-0.523,-2.231,-3.374,-1.169,-0.809,-1.224,-1.661,-0.199,-0.212,-0.575,-0.517,-0.56,-1.181,0.134,0.253,0.197,0.177,0.31,0.245,-0.355,-0.395,-0.606,0.324,0.723,0.408,0.375,0.751,0.444,0.609,1.118,0.813,0.671,1.106,0.827,0.062,0.051,0.044,-3.257,-4.918,0.406,-0.763,0.482,-0.041,-2.4,-3.623,0.141,-0.937,0.244,-0.215,1.172,-2.202,0.551,-3.671,1.665,1.729,1.981,-0.169,1.36,-1.2,2.371,2.463,-2.406,-4.067,1.257,0.088,1.333,0.81,0.213,-0.687,0.369,0.034,0.834,-2.693,2.519,2.707,2.058,0.192,3.586,3.855,1.706,0.629,1.81,1.351,0.833,-0.067,0.989,0.655,3.55,3.675,5.055,5.233,0.281,0.345,-0.022,0.167,-0.113,0.012,-0.201,28.624,-0.346,43.932,0.298,-72.466,0.463,-147.267,-0.156,15.308,0.471,-101.09,0.607,-175.891,0.583,-116.398,0.697,-191.199,0.191,-74.801,0.689,0.181,0.123,0.772,0.278,0.189,-1.274,-1.744,-0.311,-2.589,-3.543,-0.932,0.179,0.097,0.066,-1.182,-2.432,-0.434,-2.057,-4.232,-1.114,-1.361,-2.047,-0.5,-2.236,-3.362,-1.21,-0.875,-1.315,-1.8,-0.194,-0.208,-0.554,-0.517,-0.565,-1.163,0.129,0.245,0.189,0.178,0.309,0.244,-0.359,-0.405,-0.609,0.315,0.704,0.397,0.372,0.737,0.437,0.605,1.109,0.81,0.675,1.096,0.826,0.069,0.057,0.049,-3.135,-4.935,0.402,-0.808,0.487,-0.013,-2.291,-3.607,0.126,-0.987,0.242,-0.192,1.117,-2.245,0.479,-3.753,1.603,1.669,1.992,-0.055,1.354,-1.078,2.362,2.459,-2.297,-4.097,1.24,0.03,1.325,0.825,0.19,-0.743,0.364,0.052,0.721,-2.823,2.41,2.599,2.036,0.292,3.552,3.83,1.697,0.583,1.813,1.378,0.827,-0.105,1.001,0.69,3.433,3.556,5.059,5.24,0.297,0.363,-0.007,0.181,-0.104,0.019
2018-05-16,CTD4,4180266,698264,0.01707841,0.025291827,0.03245714,0.010125999,0.0064163087,0.001667698,0.0016928422,0.00068657845,0.017055215,0.02538035,0.0324639,0.010349288,0.006771802,0.0015732099,0.018254234,-8.000000000000001e-45,0.663,-0.194,19.015,-0.31,27.744,0.256,-40.202,0.454,-97.299,-0.124,8.729,0.428,-59.217,0.595,-116.314,0.524,-67.946,0.67,-125.043,0.224,-57.097,0.617,0.193,0.122,0.702,0.281,0.178,-1.017,-1.305,-0.258,-2.461,-3.158,-0.985,0.149,0.088,0.056,-1.011,-1.922,-0.38,-1.986,-3.775,-1.178,-1.16,-1.718,-0.436,-2.136,-3.163,-1.266,-0.975,-1.444,-1.853,-0.193,-0.211,-0.497,-0.434,-0.485,-0.93,0.12,0.219,0.179,0.185,0.301,0.25,-0.263,-0.305,-0.433,0.306,0.645,0.39,0.381,0.694,0.443,0.527,0.95,0.704,0.615,0.957,0.735,0.088,0.075,0.064,-2.53,-4.383,0.363,-0.903,0.478,0.042,-1.972,-3.416,0.126,-1.052,0.272,-0.107,0.907,-2.255,0.403,-3.372,1.433,1.489,1.882,0.164,1.378,-0.544,2.261,2.35,-1.724,-3.578,1.169,-0.097,1.283,0.847,0.186,-0.799,0.404,0.146,0.597,-2.561,2.122,2.3,2.041,0.736,3.349,3.63,1.5,0.322,1.647,1.267,0.69,-0.295,0.908,0.65,2.83,2.952,4.466,4.658,0.339,0.395,0.025,0.203,-0.064,0.058,-0.196,19.233,-0.311,27.83,0.245,-37.992,0.432,-89.038,-0.122,8.597,0.421,-57.224,0.579,-108.271,0.517,-65.822,0.655,-116.868,0.209,-51.046,0.624,0.199,0.13,0.706,0.288,0.188,-0.964,-1.233,-0.257,-2.26,-2.891,-0.921,0.147,0.089,0.058,-0.976,-1.858,-0.388,-1.847,-3.515,-1.121,-1.123,-1.671,-0.446,-1.993,-2.966,-1.209,-0.871,-1.296,-1.657,-0.194,-0.212,-0.486,-0.431,-0.479,-0.9,0.116,0.209,0.171,0.178,0.288,0.24,-0.258,-0.297,-0.414,0.304,0.631,0.383,0.376,0.679,0.435,0.521,0.928,0.688,0.605,0.938,0.719,0.084,0.072,0.062,-2.465,-4.122,0.353,-0.856,0.463,0.018,-1.927,-3.223,0.118,-1.003,0.259,-0.129,0.866,-2.1,0.369,-3.146,1.381,1.439,1.737,0.066,1.239,-0.618,2.111,2.2,-1.649,-3.306,1.169,-0.04,1.28,0.834,0.175,-0.746,0.385,0.127,0.549,-2.342,2.055,2.244,1.844,0.611,3.141,3.429,1.496,0.375,1.637,1.249,0.672,-0.249,0.882,0.625,2.74,2.87,4.187,4.386,0.34,0.398,0.011,0.199,-0.078,0.052
2018-05-16,CTD6,4176009,695829,0.02548315,0.036237814,0.038544495,0.012442965,0.0068966625,0.0019013911,0.0020267367,0.00083049346,0.025441937,0.036319256,0.03851937,0.012682153,0.0077776383,0.001670616,0.00080106576,-8.000000000000001e-45,0.278,-0.174,11.646,-0.204,13.298,0.344,-41.125,0.574,-105.756,-0.031,1.651,0.489,-52.771,0.68,-117.402,0.512,-54.423,0.696,-119.054,0.287,-64.631,0.449,0.145,0.08,0.482,0.165,0.092,-1.49,-1.585,-0.284,-3.832,-4.076,-1.316,0.042,0.021,0.011,-1.345,-2.034,-0.364,-2.992,-4.525,-1.461,-1.387,-1.972,-0.375,-3.034,-4.314,-1.481,-1.647,-2.342,-2.491,-0.211,-0.237,-0.556,-0.268,-0.303,-0.675,0.174,0.302,0.287,0.249,0.382,0.365,-0.061,-0.071,-0.119,0.372,0.735,0.524,0.458,0.774,0.575,0.423,0.806,0.605,0.513,0.834,0.65,0.09,0.087,0.074,-2.394,-4.886,0.38,-1.101,0.524,0.149,-2.251,-4.593,0.318,-1.143,0.471,0.107,1.108,-3.206,0.984,-3.541,1.858,1.869,2.755,0.783,2.631,0.597,3.352,3.372,-1.676,-4.167,1.099,-0.382,1.243,0.868,0.452,-0.864,0.67,0.386,1.4,-2.677,2.642,2.733,3.742,2.157,4.766,4.932,1.169,-0.292,1.322,0.958,0.575,-0.741,0.793,0.509,2.827,2.907,5.101,5.245,0.298,0.309,0.073,0.164,0.052,0.133,-0.176,11.772,-0.204,13.344,0.335,-39.546,0.532,-89.269,-0.029,1.573,0.482,-51.317,0.647,-101.04,0.505,-52.89,0.664,-102.613,0.24,-49.723,0.453,0.149,0.092,0.485,0.169,0.104,-1.436,-1.523,-0.308,-3.242,-3.439,-1.132,0.04,0.02,0.012,-1.306,-1.977,-0.399,-2.571,-3.892,-1.281,-1.346,-1.921,-0.411,-2.611,-3.727,-1.301,-1.265,-1.806,-1.915,-0.212,-0.235,-0.532,-0.267,-0.297,-0.639,0.17,0.289,0.276,0.236,0.36,0.345,-0.058,-0.066,-0.108,0.37,0.712,0.511,0.446,0.749,0.557,0.418,0.778,0.586,0.498,0.806,0.627,0.079,0.077,0.066,-2.337,-4.252,0.371,-0.93,0.499,0.087,-2.203,-4.009,0.311,-0.97,0.446,0.047,1.063,-2.664,0.946,-2.946,1.792,1.804,2.328,0.407,2.211,0.234,2.922,2.942,-1.61,-3.525,1.098,-0.203,1.226,0.814,0.444,-0.688,0.637,0.33,1.35,-2.089,2.558,2.662,3.156,1.632,4.171,4.34,1.165,-0.117,1.3,0.901,0.562,-0.57,0.755,0.447,2.732,2.823,4.454,4.603,0.284,0.297,0.043,0.147,0.024,0.115
2018-05-16,CTD7,4176724,690397,0.020116836,0.03238764,0.048330165,0.014451542,0.009572787,0.0022817748,0.0022441414,0.00089210283,0.02015439,0.032372776,0.04848598,0.014863741,0.009712552,0.0021718864,0.093379185,-8.000000000000001e-45,1.121,-0.234,18.834,-0.412,29.019,0.164,-19.487,0.355,-54.753,-0.198,10.185,0.383,-38.321,0.544,-73.587,0.54,-48.506,0.669,-83.772,0.203,-35.266,0.91,0.272,0.18,0.94,0.419,0.278,-0.631,-0.942,-0.187,-1.773,-2.646,-0.791,0.205,0.147,0.097,-0.771,-1.852,-0.367,-1.48,-3.556,-1.063,-0.976,-1.571,-0.464,-1.685,-2.713,-1.211,-0.709,-1.142,-1.704,-0.195,-0.212,-0.511,-0.602,-0.672,-1.174,0.07,0.135,0.098,0.131,0.225,0.168,-0.461,-0.537,-0.664,0.262,0.604,0.31,0.333,0.66,0.363,0.645,1.141,0.807,0.738,1.121,0.827,0.093,0.071,0.06,-2.723,-4.428,0.322,-0.889,0.423,-0.041,-1.825,-2.967,-0.03,-1.093,0.121,-0.246,0.722,-1.991,-0.1,-3.657,1.096,1.194,1.431,-0.14,0.609,-1.243,1.655,1.802,-1.734,-3.439,1.311,0.1,1.412,0.948,-0.048,-0.84,0.194,0.008,-0.161,-2.808,1.765,2.043,0.981,0.039,2.665,3.084,1.956,0.893,2.107,1.74,0.774,-0.017,1.016,0.83,2.868,3.049,4.33,4.602,0.423,0.52,-0.03,0.248,-0.177,0.003,-0.233,18.727,-0.413,28.992,0.151,-17.661,0.35,-53.343,-0.199,10.266,0.371,-36.388,0.538,-72.069,0.531,-46.653,0.666,-82.335,0.21,-35.682,0.908,0.278,0.182,0.939,0.431,0.282,-0.572,-0.856,-0.172,-1.727,-2.586,-0.793,0.207,0.153,0.1,-0.733,-1.764,-0.353,-1.453,-3.494,-1.071,-0.94,-1.51,-0.453,-1.659,-2.665,-1.224,-0.719,-1.155,-1.73,-0.193,-0.21,-0.497,-0.6,-0.673,-1.153,0.065,0.126,0.091,0.129,0.221,0.165,-0.46,-0.539,-0.656,0.255,0.586,0.301,0.33,0.647,0.358,0.64,1.126,0.799,0.738,1.107,0.821,0.098,0.075,0.064,-2.639,-4.37,0.316,-0.908,0.422,-0.031,-1.762,-2.917,-0.043,-1.115,0.116,-0.238,0.688,-1.977,-0.142,-3.636,1.056,1.156,1.407,-0.103,0.577,-1.187,1.616,1.769,-1.656,-3.386,1.3,0.076,1.406,0.953,-0.07,-0.863,0.186,0.014,-0.228,-2.814,1.696,1.978,0.927,0.071,2.596,3.027,1.947,0.875,2.106,1.752,0.76,-0.033,1.016,0.844,2.78,2.962,4.255,4.533,0.437,0.537,-0.023,0.259,-0.175,0.007
2018-05-16,CTD8,4174178,693048,0.01846239,0.028446268,0.036125526,0.009140375,0.0058396813,0.0014135678,0.0014947308,0.00059379573,0.018521158,0.028387623,0.036368962,0.009504763,0.0060225967,0.0013608836,0.056780122,-8.000000000000001e-45,0.457,-0.213,19.01,-0.324,26.483,0.338,-55.241,0.519,-117.078,-0.119,7.473,0.514,-74.251,0.659,-136.088,0.596,-81.723,0.722,-143.561,0.22,-61.838,0.687,0.174,0.111,0.753,0.242,0.155,-1.571,-1.996,-0.323,-3.33,-4.23,-1.07,0.138,0.068,0.044,-1.371,-2.682,-0.434,-2.513,-4.916,-1.244,-1.509,-2.325,-0.477,-2.65,-4.084,-1.312,-1.142,-1.759,-2.234,-0.221,-0.238,-0.666,-0.47,-0.515,-1.179,0.144,0.272,0.222,0.195,0.336,0.279,-0.278,-0.316,-0.513,0.354,0.794,0.46,0.414,0.819,0.499,0.575,1.11,0.787,0.646,1.097,0.806,0.07,0.06,0.051,-3.303,-5.537,0.396,-0.916,0.487,0.01,-2.601,-4.36,0.19,-1.054,0.306,-0.128,1.232,-2.851,0.75,-4.166,1.815,1.858,2.374,0.049,1.892,-0.791,2.84,2.909,-2.412,-4.645,1.288,-0.024,1.379,0.902,0.292,-0.778,0.471,0.149,1.155,-3.074,2.796,2.951,2.914,0.919,4.376,4.618,1.635,0.391,1.751,1.318,0.775,-0.295,0.954,0.631,3.636,3.747,5.691,5.865,0.29,0.333,0.005,0.16,-0.063,0.048,-0.21,18.766,-0.325,26.496,0.322,-51.218,0.509,-112.049,-0.123,7.731,0.498,-69.984,0.65,-130.815,0.586,-77.714,0.716,-138.545,0.224,-60.831,0.682,0.178,0.113,0.752,0.252,0.16,-1.454,-1.863,-0.308,-3.181,-4.075,-1.065,0.143,0.073,0.047,-1.296,-2.545,-0.421,-2.423,-4.758,-1.243,-1.439,-2.206,-0.468,-2.566,-3.933,-1.317,-1.127,-1.727,-2.212,-0.215,-0.233,-0.635,-0.471,-0.519,-1.149,0.139,0.262,0.213,0.193,0.33,0.272,-0.285,-0.325,-0.514,0.344,0.769,0.445,0.407,0.798,0.488,0.573,1.095,0.781,0.647,1.083,0.801,0.074,0.063,0.054,-3.174,-5.386,0.391,-0.926,0.487,0.019,-2.477,-4.204,0.174,-1.069,0.297,-0.124,1.168,-2.765,0.667,-4.09,1.736,1.783,2.295,0.089,1.794,-0.751,2.74,2.814,-2.294,-4.506,1.271,-0.045,1.367,0.899,0.267,-0.798,0.455,0.147,1.023,-3.052,2.661,2.821,2.75,0.887,4.2,4.452,1.629,0.385,1.751,1.33,0.768,-0.297,0.956,0.648,3.501,3.614,5.526,5.704,0.301,0.348,0.01,0.169,-0.064,0.049
2018-05-16,CTD10,4170388,695646,0.008391181,0.013746762,0.020244114,0.0055248286,0.0037916757,0.0009231267,0.00094424584,0.00038030438,0.008410193,0.013710681,0.020295985,0.0057011014,0.0038435427,0.0009295231,0.10453969,-8.000000000000001e-45,0.248,-0.242,46.428,-0.414,69.776,0.206,-61.828,0.378,-144.563,-0.191,23.347,0.427,-108.257,0.568,-190.991,0.571,-131.604,0.684,-214.339,0.186,-82.735,0.94,0.257,0.176,0.959,0.385,0.265,-0.85,-1.252,-0.234,-1.987,-2.927,-0.799,0.196,0.129,0.089,-0.908,-2.192,-0.41,-1.603,-3.866,-1.055,-1.104,-1.809,-0.499,-1.799,-2.946,-1.184,-0.694,-1.137,-1.675,-0.208,-0.223,-0.575,-0.615,-0.676,-1.272,0.084,0.163,0.119,0.135,0.239,0.178,-0.467,-0.533,-0.697,0.287,0.675,0.342,0.348,0.715,0.386,0.665,1.208,0.839,0.743,1.182,0.854,0.078,0.061,0.051,-3.054,-4.729,0.338,-0.847,0.423,-0.076,-2.074,-3.211,0.013,-1.043,0.139,-0.272,0.84,-2.107,0.046,-3.82,1.243,1.332,1.534,-0.275,0.74,-1.451,1.811,1.94,-2.026,-3.701,1.365,0.181,1.451,0.952,0.021,-0.778,0.227,-0.007,0.076,-2.851,2.036,2.301,1.213,-0.039,2.967,3.353,2.011,0.955,2.137,1.726,0.814,0.016,1.021,0.786,3.212,3.388,4.681,4.937,0.383,0.471,-0.05,0.215,-0.179,-0.003,-0.24,45.967,-0.414,69.633,0.192,-56.501,0.373,-141.273,-0.194,23.665,0.413,-102.469,0.562,-187.241,0.561,-126.134,0.682,-210.906,0.195,-84.772,0.933,0.262,0.177,0.955,0.397,0.268,-0.775,-1.147,-0.217,-1.937,-2.867,-0.805,0.199,0.135,0.091,-0.862,-2.08,-0.394,-1.575,-3.8,-1.067,-1.061,-1.729,-0.485,-1.774,-2.892,-1.202,-0.713,-1.162,-1.721,-0.204,-0.22,-0.555,-0.612,-0.677,-1.245,0.08,0.154,0.112,0.134,0.235,0.176,-0.467,-0.537,-0.69,0.279,0.654,0.332,0.344,0.699,0.38,0.66,1.191,0.831,0.744,1.166,0.848,0.084,0.065,0.055,-2.947,-4.667,0.333,-0.87,0.424,-0.061,-1.991,-3.153,-0.001,-1.069,0.134,-0.26,0.8,-2.092,-0.005,-3.805,1.195,1.286,1.513,-0.217,0.708,-1.372,1.772,1.907,-1.93,-3.65,1.349,0.147,1.441,0.956,-0.002,-0.808,0.219,0.001,-0.008,-2.876,1.948,2.216,1.154,0.007,2.889,3.286,1.997,0.93,2.133,1.739,0.802,-0.003,1.023,0.806,3.103,3.28,4.603,4.865,0.398,0.489,-0.041,0.226,-0.176,0.001
2018-05-16,CTD11,4169609,700351,0.015952908,0.023548521,0.03343027,0.010922987,0.0080382135,0.0019778123,0.0019139998,0.0007677718,0.015849536,0.023467518,0.033549804,0.011197276,0.007834163,0.0019416125,0.18223976,-8.000000000000001e-45,0.575,-0.192,20.219,-0.354,32.771,0.187,-28.866,0.33,-61.721,-0.173,12.553,0.366,-49.085,0.491,-81.94,0.507,-61.637,0.612,-94.493,0.152,-32.856,0.676,0.221,0.163,0.772,0.358,0.263,-0.68,-0.965,-0.232,-1.453,-2.063,-0.674,0.2,0.137,0.101,-0.783,-1.641,-0.395,-1.307,-2.739,-0.895,-0.983,-1.451,-0.495,-1.507,-2.225,-1.032,-0.524,-0.774,-1.098,-0.171,-0.183,-0.401,-0.507,-0.553,-0.922,0.088,0.159,0.121,0.139,0.23,0.178,-0.368,-0.412,-0.521,0.256,0.526,0.304,0.314,0.577,0.35,0.57,0.938,0.713,0.643,0.945,0.737,0.073,0.058,0.051,-2.383,-3.481,0.351,-0.681,0.437,-0.058,-1.679,-2.452,0.013,-0.882,0.136,-0.259,0.756,-1.469,0.041,-2.698,1.119,1.22,1.28,-0.171,0.565,-1.076,1.521,1.658,-1.584,-2.683,1.149,0.117,1.236,0.74,0.02,-0.654,0.201,-0.031,0.06,-2.003,1.652,1.915,0.834,-0.131,2.245,2.603,1.632,0.737,1.754,1.36,0.735,0.061,0.916,0.684,2.557,2.719,3.474,3.695,0.343,0.444,-0.04,0.223,-0.177,-0.015,-0.194,20.481,-0.358,33.287,0.172,-26.214,0.338,-64.553,-0.177,12.806,0.354,-46.695,0.499,-85.034,0.5,-59.501,0.621,-97.84,0.177,-38.339,0.687,0.229,0.16,0.781,0.373,0.261,-0.615,-0.879,-0.205,-1.515,-2.166,-0.723,0.203,0.143,0.1,-0.74,-1.567,-0.366,-1.348,-2.853,-0.952,-0.943,-1.396,-0.466,-1.551,-2.296,-1.096,-0.608,-0.9,-1.286,-0.17,-0.184,-0.4,-0.511,-0.565,-0.93,0.082,0.149,0.112,0.141,0.231,0.179,-0.373,-0.426,-0.53,0.248,0.518,0.296,0.316,0.578,0.349,0.569,0.944,0.714,0.654,0.951,0.742,0.086,0.068,0.059,-2.321,-3.607,0.342,-0.754,0.442,-0.024,-1.623,-2.523,-0.005,-0.957,0.139,-0.227,0.716,-1.58,-0.014,-2.867,1.082,1.182,1.324,-0.073,0.594,-0.973,1.546,1.689,-1.516,-2.802,1.147,0.051,1.247,0.781,-0.007,-0.73,0.205,-0.0,-0.021,-2.187,1.602,1.862,0.879,-0.001,2.289,2.662,1.64,0.687,1.783,1.417,0.723,0.0,0.935,0.73,2.502,2.662,3.576,3.805,0.373,0.473,-0.017,0.244,-0.161,-0.0
2018-05-16,CTD12,4173438,695414,0.02158139,0.031454246,0.035885323,0.009616568,0.005795102,0.0014931798,0.0015883668,0.0006335825,0.021633517,0.031448197,0.036058784,0.009900658,0.0061972644,0.0013910052,0.0019321966,-8.000000000000001e-45,0.175,-0.186,14.544,-0.249,18.47,0.384,-57.651,0.577,-126.223,-0.066,3.926,0.532,-72.195,0.689,-140.767,0.577,-76.121,0.722,-144.693,0.248,-68.572,0.522,0.14,0.084,0.581,0.178,0.107,-1.813,-2.069,-0.334,-3.97,-4.53,-1.214,0.085,0.038,0.023,-1.558,-2.591,-0.418,-3.038,-5.051,-1.354,-1.643,-2.394,-0.441,-3.123,-4.551,-1.391,-1.48,-2.157,-2.461,-0.217,-0.237,-0.641,-0.348,-0.384,-0.928,0.178,0.321,0.287,0.234,0.384,0.347,-0.142,-0.162,-0.288,0.38,0.798,0.524,0.447,0.822,0.564,0.495,0.96,0.705,0.567,0.964,0.733,0.072,0.066,0.057,-3.045,-5.506,0.418,-0.973,0.525,0.084,-2.669,-4.826,0.296,-1.058,0.417,-0.001,1.368,-3.184,1.103,-3.948,2.06,2.083,2.848,0.453,2.583,-0.008,3.418,3.456,-2.274,-4.735,1.189,-0.202,1.296,0.855,0.431,-0.783,0.608,0.274,1.608,-2.922,3.002,3.109,3.765,1.696,4.982,5.16,1.357,0.003,1.479,1.06,0.695,-0.519,0.872,0.538,3.463,3.547,5.747,5.887,0.261,0.284,0.037,0.144,-0.001,0.084,-0.185,14.426,-0.25,18.492,0.372,-54.779,0.555,-115.137,-0.068,4.066,0.521,-69.205,0.671,-129.563,0.569,-73.271,0.707,-133.629,0.23,-60.358,0.52,0.143,0.089,0.582,0.183,0.115,-1.723,-1.975,-0.339,-3.621,-4.152,-1.14,0.088,0.04,0.025,-1.497,-2.495,-0.429,-2.803,-4.672,-1.283,-1.585,-2.304,-0.454,-2.891,-4.202,-1.323,-1.306,-1.898,-2.176,-0.214,-0.232,-0.61,-0.349,-0.383,-0.896,0.174,0.312,0.278,0.229,0.373,0.336,-0.146,-0.166,-0.286,0.373,0.774,0.51,0.438,0.801,0.549,0.493,0.94,0.695,0.563,0.947,0.722,0.07,0.064,0.055,-2.954,-5.131,0.413,-0.91,0.516,0.062,-2.576,-4.475,0.285,-0.998,0.403,-0.026,1.313,-2.889,1.038,-3.633,1.988,2.013,2.619,0.314,2.344,-0.151,3.176,3.216,-2.188,-4.365,1.179,-0.144,1.282,0.828,0.414,-0.725,0.586,0.246,1.51,-2.642,2.89,3.005,3.408,1.432,4.617,4.8,1.352,0.069,1.47,1.041,0.689,-0.451,0.86,0.521,3.356,3.445,5.361,5.504,0.261,0.286,0.028,0.143,-0.012,0.078
2018-06-20,CTD1,4187246,695025,0.019852897,0.028185122,0.03374234,0.016061079,0.008804142,0.0025918998,0.0026210933,0.0010873403,0.019775167,0.028742235,0.0331912,0.01600307,0.0102711925,0.0022480697,0.00017552967,-8.000000000000001e-45,0.713,-0.173,14.891,-0.259,20.734,0.106,-11.892,0.386,-63.212,-0.09,5.843,0.274,-26.783,0.524,-78.103,0.355,-32.626,0.586,-83.947,0.292,-51.321,0.502,0.239,0.131,0.584,0.333,0.183,-0.335,-0.401,-0.105,-1.782,-2.133,-1.015,0.116,0.094,0.051,-0.532,-0.904,-0.236,-1.551,-2.635,-1.254,-0.648,-0.92,-0.287,-1.667,-2.366,-1.348,-1.019,-1.446,-1.732,-0.167,-0.196,-0.335,-0.314,-0.375,-0.559,0.061,0.103,0.089,0.178,0.25,0.222,-0.155,-0.194,-0.223,0.226,0.423,0.285,0.362,0.54,0.389,0.368,0.617,0.478,0.519,0.694,0.564,0.151,0.135,0.117,-1.397,-3.128,0.228,-1.12,0.443,0.156,-1.167,-2.613,0.019,-1.236,0.276,0.04,0.401,-1.965,0.039,-2.596,0.924,0.975,1.42,0.5,1.058,0.154,1.685,1.779,-0.681,-2.413,0.944,-0.405,1.159,0.872,0.026,-0.989,0.392,0.287,0.055,-2.078,1.311,1.494,1.502,1.1,2.392,2.725,1.13,-0.125,1.387,1.151,0.388,-0.627,0.754,0.649,1.657,1.789,3.024,3.263,0.497,0.548,0.126,0.309,0.033,0.164,-0.185,15.776,-0.253,20.44,0.105,-11.92,0.316,-46.791,-0.072,4.664,0.285,-27.696,0.473,-62.568,0.349,-32.36,0.527,-67.231,0.218,-34.872,0.524,0.252,0.162,0.587,0.327,0.21,-0.343,-0.396,-0.122,-1.345,-1.553,-0.749,0.092,0.075,0.048,-0.548,-0.919,-0.284,-1.237,-2.077,-1.001,-0.64,-0.93,-0.332,-1.33,-1.932,-1.076,-0.69,-1.002,-1.157,-0.182,-0.206,-0.341,-0.3,-0.344,-0.511,0.061,0.097,0.087,0.153,0.212,0.193,-0.124,-0.148,-0.169,0.241,0.424,0.293,0.349,0.516,0.375,0.354,0.572,0.441,0.472,0.641,0.512,0.118,0.108,0.093,-1.386,-2.543,0.206,-0.87,0.379,0.046,-1.2,-2.203,0.039,-0.962,0.238,-0.046,0.37,-1.563,0.081,-1.996,0.878,0.926,1.059,0.129,0.771,-0.149,1.369,1.443,-0.621,-1.778,0.971,-0.105,1.144,0.812,0.057,-0.692,0.347,0.224,0.118,-1.435,1.277,1.487,1.12,0.724,1.989,2.316,1.122,0.12,1.321,1.037,0.346,-0.403,0.635,0.513,1.555,1.717,2.422,2.675,0.452,0.5,0.037,0.247,-0.037,0.125
2018-06-20,CTD2,4181518,693105,0.014910918,0.021566812,0.027038062,0.006633566,0.0047127143,0.0011440555,0.0011753945,0.0004670288,0.0149134435,0.021437384,0.027163932,0.006849162,0.0046489714,0.00115111,0.15648194,-8.000000000000001e-45,0.368,-0.182,20.697,-0.289,30.08,0.384,-83.684,0.52,-145.127,-0.113,9.383,0.53,-104.381,0.641,-165.824,0.606,-113.764,0.703,-175.207,0.169,-61.443,0.56,0.137,0.098,0.649,0.2,0.142,-1.805,-2.263,-0.394,-3.13,-3.924,-0.963,0.14,0.062,0.044,-1.556,-2.822,-0.492,-2.473,-4.484,-1.1,-1.696,-2.454,-0.536,-2.612,-3.779,-1.162,-0.916,-1.325,-1.661,-0.198,-0.21,-0.587,-0.43,-0.461,-1.069,0.17,0.315,0.261,0.21,0.362,0.303,-0.254,-0.279,-0.482,0.356,0.761,0.47,0.402,0.782,0.501,0.559,1.04,0.776,0.612,1.036,0.792,0.053,0.046,0.04,-3.385,-5.046,0.446,-0.716,0.517,-0.019,-2.7,-4.025,0.244,-0.856,0.333,-0.159,1.45,-2.329,0.994,-3.489,2.029,2.073,2.366,-0.087,1.91,-0.912,2.856,2.919,-2.63,-4.291,1.201,0.039,1.272,0.736,0.353,-0.61,0.482,0.087,1.438,-2.486,2.935,3.077,2.763,0.5,4.131,4.331,1.506,0.406,1.595,1.103,0.809,-0.154,0.938,0.543,3.76,3.857,5.292,5.43,0.226,0.271,-0.008,0.133,-0.071,0.027,-0.179,20.406,-0.291,30.24,0.371,-78.95,0.525,-148.048,-0.118,9.834,0.516,-99.356,0.644,-168.454,0.597,-109.19,0.708,-178.288,0.191,-69.098,0.554,0.14,0.095,0.648,0.207,0.141,-1.692,-2.145,-0.367,-3.174,-4.022,-1.014,0.147,0.067,0.046,-1.482,-2.699,-0.462,-2.512,-4.576,-1.154,-1.628,-2.341,-0.508,-2.659,-3.822,-1.221,-1.03,-1.481,-1.877,-0.192,-0.205,-0.567,-0.433,-0.47,-1.065,0.166,0.309,0.253,0.211,0.363,0.302,-0.263,-0.293,-0.498,0.347,0.746,0.459,0.399,0.771,0.494,0.559,1.038,0.779,0.619,1.035,0.796,0.061,0.052,0.045,-3.27,-5.147,0.444,-0.778,0.525,0.017,-2.581,-4.062,0.23,-0.924,0.332,-0.13,1.388,-2.434,0.91,-3.666,1.961,2.006,2.419,0.078,1.941,-0.758,2.888,2.956,-2.529,-4.406,1.185,-0.036,1.266,0.759,0.33,-0.684,0.477,0.11,1.308,-2.713,2.818,2.959,2.79,0.645,4.152,4.359,1.502,0.348,1.605,1.143,0.808,-0.206,0.955,0.588,3.654,3.749,5.384,5.524,0.242,0.288,0.008,0.148,-0.06,0.035
2018-06-20,CTD3,4181698,695238,0.015454773,0.02174159,0.027313428,0.007583898,0.005393413,0.0013663571,0.001370114,0.00055232574,0.015411931,0.021653382,0.027374579,0.007748969,0.005364608,0.0013527742,0.1428667,-8.000000000000001e-45,0.437,-0.169,18.71,-0.277,28.093,0.342,-67.153,0.483,-120.706,-0.114,9.383,0.483,-85.864,0.602,-139.417,0.565,-95.246,0.67,-148.799,0.169,-53.553,0.511,0.142,0.101,0.611,0.213,0.152,-1.46,-1.834,-0.362,-2.624,-3.297,-0.915,0.145,0.071,0.051,-1.327,-2.345,-0.463,-2.155,-3.808,-1.057,-1.472,-2.071,-0.514,-2.3,-3.235,-1.128,-0.828,-1.164,-1.463,-0.18,-0.192,-0.484,-0.404,-0.437,-0.914,0.16,0.29,0.241,0.205,0.343,0.288,-0.242,-0.267,-0.429,0.331,0.679,0.433,0.382,0.71,0.468,0.53,0.946,0.727,0.589,0.951,0.747,0.059,0.051,0.045,-2.891,-4.353,0.433,-0.695,0.513,-0.0,-2.301,-3.465,0.217,-0.84,0.318,-0.145,1.242,-1.993,0.782,-3.026,1.79,1.84,2.069,-0.001,1.609,-0.736,2.517,2.588,-2.195,-3.657,1.129,0.001,1.209,0.696,0.305,-0.61,0.447,0.085,1.099,-2.197,2.518,2.669,2.264,0.43,3.54,3.753,1.418,0.361,1.519,1.056,0.766,-0.15,0.907,0.545,3.253,3.353,4.574,4.715,0.243,0.293,-0.0,0.151,-0.071,0.03,-0.168,18.703,-0.28,28.355,0.331,-64.165,0.484,-121.522,-0.117,9.652,0.473,-82.867,0.603,-140.225,0.559,-92.519,0.672,-149.877,0.182,-57.357,0.512,0.145,0.1,0.614,0.22,0.152,-1.389,-1.756,-0.344,-2.631,-3.327,-0.942,0.149,0.075,0.052,-1.277,-2.268,-0.445,-2.161,-3.839,-1.087,-1.426,-2.003,-0.496,-2.31,-3.245,-1.161,-0.884,-1.242,-1.57,-0.178,-0.191,-0.476,-0.407,-0.443,-0.912,0.156,0.284,0.234,0.205,0.342,0.286,-0.247,-0.275,-0.436,0.325,0.669,0.425,0.381,0.703,0.464,0.529,0.945,0.726,0.594,0.95,0.749,0.064,0.056,0.049,-2.821,-4.391,0.429,-0.733,0.516,0.019,-2.231,-3.473,0.205,-0.881,0.315,-0.129,1.198,-2.047,0.725,-3.114,1.741,1.793,2.082,0.079,1.609,-0.66,2.515,2.59,-2.128,-3.698,1.122,-0.039,1.209,0.713,0.288,-0.653,0.443,0.099,1.018,-2.308,2.446,2.598,2.26,0.504,3.534,3.753,1.418,0.332,1.528,1.084,0.761,-0.18,0.916,0.572,3.185,3.285,4.6,4.745,0.255,0.307,0.01,0.162,-0.065,0.035
2018-06-20,CTD4,4180266,698264,0.012315695,0.01711063,0.023214782,0.0055019064,0.0043850276,0.001030696,0.0010279762,0.0003999755,0.012329639,0.01691503,0.023378555,0.0056854393,0.0041064206,0.001081405,0.28516564,-8.000000000000001e-45,0.239,-0.163,22.754,-0.307,38.121,0.382,-100.558,0.475,-146.852,-0.151,15.367,0.513,-123.312,0.592,-169.606,0.617,-138.679,0.682,-184.973,0.113,-46.294,0.528,0.125,0.1,0.652,0.21,0.167,-1.721,-2.334,-0.441,-2.513,-3.409,-0.808,0.189,0.085,0.067,-1.519,-2.863,-0.541,-2.089,-3.937,-0.933,-1.708,-2.373,-0.608,-2.278,-3.165,-1.018,-0.57,-0.792,-1.075,-0.167,-0.174,-0.485,-0.482,-0.507,-1.102,0.169,0.317,0.247,0.197,0.351,0.276,-0.343,-0.366,-0.617,0.327,0.695,0.421,0.358,0.714,0.443,0.602,1.061,0.824,0.64,1.057,0.833,0.038,0.031,0.028,-3.5,-4.574,0.483,-0.535,0.531,-0.077,-2.579,-3.372,0.209,-0.724,0.274,-0.266,1.501,-1.664,0.882,-3.056,1.982,2.05,2.072,-0.301,1.452,-1.411,2.487,2.572,-2.83,-3.905,1.152,0.135,1.2,0.592,0.29,-0.518,0.381,-0.06,1.225,-2.184,2.754,2.921,2.017,-0.317,3.455,3.665,1.563,0.63,1.629,1.088,0.91,0.102,1.001,0.56,3.863,3.963,4.847,4.973,0.19,0.258,-0.035,0.133,-0.119,-0.019,-0.157,21.986,-0.309,38.331,0.369,-94.783,0.5,-162.416,-0.16,16.345,0.497,-116.769,0.609,-184.402,0.609,-133.114,0.701,-200.747,0.161,-67.633,0.514,0.125,0.09,0.648,0.218,0.157,-1.603,-2.216,-0.389,-2.747,-3.797,-0.923,0.202,0.093,0.067,-1.44,-2.73,-0.48,-2.274,-4.311,-1.048,-1.641,-2.252,-0.547,-2.475,-3.396,-1.141,-0.834,-1.144,-1.581,-0.158,-0.167,-0.468,-0.489,-0.526,-1.128,0.165,0.316,0.242,0.204,0.364,0.283,-0.359,-0.393,-0.66,0.314,0.683,0.409,0.359,0.711,0.441,0.605,1.076,0.842,0.659,1.07,0.853,0.054,0.044,0.039,-3.383,-4.964,0.486,-0.656,0.553,0.007,-2.448,-3.592,0.191,-0.857,0.285,-0.195,1.445,-1.951,0.787,-3.525,1.926,1.993,2.279,0.027,1.62,-1.109,2.666,2.759,-2.74,-4.321,1.129,-0.013,1.196,0.65,0.262,-0.661,0.39,0.001,1.079,-2.718,2.642,2.8,2.223,0.007,3.658,3.876,1.56,0.512,1.653,1.174,0.921,-0.002,1.049,0.66,3.779,3.869,5.232,5.357,0.218,0.285,0.003,0.16,-0.09,0.0
2018-06-20,CTD6,4176009,695829,0.014089915,0.020497417,0.021352774,0.0049271057,0.002945865,0.000793947,0.0008149216,0.0003304408,0.014151126,0.020566247,0.021263363,0.0050049485,0.003213321,0.0007639314,0.0006740035,-8.000000000000001e-45,0.313,-0.185,22.186,-0.205,24.14,0.482,-131.986,0.654,-268.486,-0.02,1.954,0.612,-154.172,0.749,-290.672,0.625,-156.127,0.758,-292.627,0.252,-136.5,0.474,0.109,0.065,0.495,0.119,0.071,-2.705,-2.818,-0.389,-5.503,-5.733,-1.323,0.028,0.01,0.006,-2.172,-3.292,-0.454,-4.096,-6.207,-1.432,-2.2,-3.2,-0.46,-4.123,-5.998,-1.442,-1.923,-2.798,-2.915,-0.244,-0.264,-0.814,-0.286,-0.31,-0.923,0.219,0.391,0.377,0.266,0.438,0.424,-0.045,-0.05,-0.109,0.439,0.914,0.641,0.495,0.923,0.668,0.475,0.964,0.701,0.532,0.968,0.724,0.057,0.056,0.047,-3.646,-6.561,0.457,-0.985,0.549,0.09,-3.5,-6.298,0.419,-1.013,0.516,0.062,1.9,-4.098,1.818,-4.389,2.716,2.722,3.823,0.623,3.741,0.449,4.543,4.552,-2.879,-5.794,1.224,-0.218,1.317,0.857,0.61,-0.713,0.751,0.362,2.645,-3.088,3.951,4.022,5.443,2.624,6.608,6.727,1.275,-0.157,1.372,0.918,0.692,-0.631,0.833,0.444,4.125,4.19,6.899,7.008,0.206,0.212,0.031,0.102,0.022,0.087,-0.185,22.042,-0.201,23.637,0.477,-129.137,0.63,-240.539,-0.017,1.594,0.609,-151.179,0.73,-262.581,0.619,-152.773,0.737,-264.175,0.218,-111.402,0.469,0.11,0.071,0.486,0.118,0.076,-2.656,-2.746,-0.415,-4.947,-5.115,-1.204,0.023,0.008,0.005,-2.139,-3.215,-0.486,-3.716,-5.583,-1.314,-2.162,-3.142,-0.491,-3.738,-5.433,-1.322,-1.576,-2.291,-2.369,-0.244,-0.262,-0.781,-0.278,-0.299,-0.865,0.219,0.385,0.374,0.261,0.428,0.416,-0.036,-0.04,-0.085,0.439,0.896,0.636,0.49,0.906,0.661,0.468,0.936,0.684,0.52,0.942,0.706,0.052,0.051,0.043,-3.56,-5.929,0.453,-0.869,0.537,0.046,-3.444,-5.735,0.422,-0.892,0.509,0.023,1.86,-3.573,1.794,-3.79,2.671,2.676,3.437,0.295,3.37,0.155,4.161,4.169,-2.795,-5.164,1.218,-0.104,1.302,0.811,0.614,-0.59,0.74,0.325,2.607,-2.508,3.882,3.958,4.898,2.152,6.047,6.165,1.259,-0.055,1.346,0.861,0.68,-0.524,0.807,0.392,4.021,4.092,6.264,6.374,0.197,0.203,0.016,0.092,0.008,0.079
2018-06-20,CTD7,4176724,690397,0.026651207,0.036656357,0.037989896,0.013898369,0.0074723656,0.0021784273,0.0022780253,0.0009461581,0.026472462,0.036910478,0.037741538,0.013986033,0.008667694,0.0018673597,0.0003478057,-8.000000000000001e-45,0.16,-0.158,10.241,-0.175,11.199,0.314,-34.429,0.562,-96.305,-0.018,0.958,0.45,-44.67,0.661,-106.546,0.464,-45.628,0.671,-107.504,0.301,-61.876,0.389,0.142,0.077,0.411,0.156,0.084,-1.262,-1.308,-0.257,-3.53,-3.659,-1.338,0.026,0.013,0.007,-1.191,-1.697,-0.334,-2.84,-4.048,-1.481,-1.216,-1.673,-0.341,-2.865,-3.941,-1.494,-1.649,-2.268,-2.351,-0.193,-0.22,-0.468,-0.224,-0.257,-0.531,0.171,0.289,0.281,0.257,0.379,0.37,-0.033,-0.039,-0.062,0.352,0.667,0.501,0.451,0.72,0.562,0.381,0.706,0.546,0.482,0.753,0.604,0.102,0.099,0.086,-2.006,-4.357,0.361,-1.133,0.53,0.189,-1.936,-4.204,0.322,-1.158,0.498,0.164,0.953,-2.988,0.881,-3.166,1.714,1.721,2.602,0.929,2.53,0.833,3.187,3.201,-1.358,-3.709,1.01,-0.485,1.179,0.838,0.443,-0.895,0.685,0.427,1.212,-2.447,2.357,2.441,3.48,2.172,4.384,4.54,1.046,-0.435,1.222,0.888,0.515,-0.824,0.756,0.499,2.453,2.53,4.563,4.705,0.318,0.325,0.099,0.182,0.085,0.162,-0.165,10.683,-0.175,11.279,0.309,-33.725,0.507,-77.596,-0.011,0.597,0.45,-44.407,0.62,-88.278,0.459,-45.004,0.626,-88.875,0.235,-43.871,0.403,0.149,0.093,0.416,0.158,0.098,-1.245,-1.273,-0.292,-2.864,-2.929,-1.085,0.016,0.008,0.005,-1.176,-1.676,-0.385,-2.337,-3.332,-1.235,-1.191,-1.661,-0.39,-2.353,-3.28,-1.243,-1.161,-1.619,-1.656,-0.202,-0.225,-0.461,-0.221,-0.247,-0.497,0.167,0.274,0.269,0.239,0.35,0.344,-0.021,-0.024,-0.037,0.357,0.652,0.494,0.44,0.698,0.546,0.375,0.676,0.521,0.459,0.719,0.571,0.084,0.083,0.071,-1.981,-3.637,0.347,-0.896,0.488,0.097,-1.938,-3.557,0.322,-0.912,0.467,0.082,0.915,-2.366,0.87,-2.461,1.658,1.663,2.076,0.415,2.032,0.356,2.675,2.684,-1.304,-2.96,1.024,-0.219,1.165,0.775,0.45,-0.636,0.651,0.358,1.213,-1.715,2.312,2.409,2.833,1.56,3.73,3.888,1.047,-0.188,1.191,0.806,0.494,-0.591,0.695,0.403,2.371,2.464,3.826,3.975,0.293,0.299,0.051,0.149,0.043,0.136
2018-06-20,CTD8,4174178,693048,0.02783033,0.0391182,0.047732826,0.016800975,0.01035595,0.0027304715,0.0026918915,0.001097651,0.02766171,0.039145052,0.047894605,0.016986953,0.011041529,0.0024499951,0.00096718693,-8.000000000000001e-45,0.392,-0.169,10.368,-0.263,14.982,0.247,-23.588,0.458,-60.631,-0.099,4.614,0.399,-33.957,0.581,-70.999,0.479,-38.57,0.643,-75.613,0.237,-37.042,0.495,0.174,0.107,0.586,0.252,0.155,-0.923,-1.126,-0.244,-2.372,-2.894,-1.019,0.128,0.078,0.048,-0.945,-1.621,-0.352,-1.976,-3.389,-1.193,-1.073,-1.509,-0.399,-2.104,-2.958,-1.27,-1.031,-1.449,-1.768,-0.175,-0.194,-0.416,-0.356,-0.402,-0.733,0.127,0.223,0.19,0.201,0.312,0.271,-0.193,-0.226,-0.317,0.295,0.584,0.384,0.381,0.644,0.446,0.462,0.81,0.625,0.558,0.837,0.668,0.096,0.085,0.074,-2.13,-3.898,0.359,-0.911,0.494,0.095,-1.745,-3.194,0.154,-1.039,0.318,-0.033,0.837,-2.121,0.436,-2.953,1.392,1.44,1.868,0.359,1.467,-0.154,2.258,2.335,-1.435,-3.204,1.054,-0.217,1.189,0.789,0.216,-0.803,0.447,0.203,0.613,-2.281,1.956,2.111,2.062,0.936,3.174,3.425,1.286,0.093,1.45,1.099,0.617,-0.402,0.848,0.604,2.469,2.576,4.006,4.18,0.339,0.387,0.057,0.213,-0.02,0.087,-0.172,10.605,-0.268,15.272,0.239,-22.718,0.429,-54.416,-0.101,4.667,0.395,-33.323,0.56,-65.021,0.476,-37.99,0.625,-69.688,0.212,-31.698,0.508,0.18,0.117,0.598,0.259,0.169,-0.889,-1.088,-0.251,-2.13,-2.606,-0.924,0.129,0.079,0.052,-0.922,-1.596,-0.368,-1.799,-3.114,-1.105,-1.051,-1.487,-0.419,-1.928,-2.728,-1.184,-0.877,-1.241,-1.518,-0.177,-0.195,-0.41,-0.36,-0.403,-0.722,0.123,0.213,0.181,0.191,0.296,0.256,-0.196,-0.226,-0.312,0.293,0.573,0.376,0.372,0.629,0.433,0.463,0.799,0.616,0.552,0.825,0.657,0.089,0.079,0.068,-2.113,-3.631,0.352,-0.832,0.476,0.057,-1.727,-2.968,0.144,-0.961,0.295,-0.072,0.811,-1.917,0.405,-2.709,1.346,1.398,1.688,0.201,1.282,-0.314,2.071,2.151,-1.404,-2.923,1.06,-0.123,1.185,0.765,0.203,-0.721,0.418,0.167,0.573,-2.033,1.905,2.074,1.814,0.726,2.931,3.191,1.297,0.193,1.449,1.081,0.609,-0.315,0.824,0.574,2.42,2.537,3.724,3.904,0.332,0.384,0.035,0.203,-0.044,0.073
2018-06-20,CTD10,4170388,695646,0.01542317,0.022013664,0.022446016,0.005877793,0.0033399693,0.00094685896,0.0009649993,0.00039726315,0.015478433,0.022174206,0.02224167,0.005942878,0.003775422,0.00088390795,0.00021697875,-8.000000000000001e-45,0.855,-0.176,19.411,-0.185,20.286,0.448,-105.294,0.644,-234.566,-0.01,0.875,0.579,-124.706,0.737,-253.978,0.585,-125.581,0.741,-254.853,0.275,-129.272,0.436,0.114,0.065,0.447,0.119,0.068,-2.318,-2.363,-0.352,-5.164,-5.265,-1.379,0.013,0.005,0.003,-1.923,-2.799,-0.417,-3.917,-5.701,-1.493,-1.937,-2.764,-0.419,-3.931,-5.61,-1.498,-1.994,-2.846,-2.902,-0.233,-0.256,-0.715,-0.252,-0.277,-0.762,0.215,0.376,0.37,0.272,0.433,0.427,-0.02,-0.023,-0.047,0.426,0.86,0.626,0.493,0.877,0.659,0.443,0.883,0.653,0.51,0.897,0.685,0.068,0.067,0.057,-3.118,-6.02,0.439,-1.059,0.552,0.132,-3.058,-5.904,0.42,-1.073,0.535,0.119,1.643,-3.967,1.604,-4.096,2.472,2.475,3.637,0.873,3.598,0.799,4.351,4.356,-2.391,-5.293,1.165,-0.333,1.279,0.859,0.6,-0.779,0.764,0.413,2.29,-2.975,3.529,3.596,5.136,2.772,6.21,6.329,1.188,-0.304,1.304,0.887,0.639,-0.74,0.803,0.451,3.602,3.667,6.339,6.453,0.229,0.232,0.05,0.118,0.045,0.11,-0.178,19.509,-0.179,19.645,0.445,-103.663,0.608,-200.265,-0.002,0.137,0.577,-123.171,0.709,-219.774,0.578,-123.308,0.71,-219.91,0.223,-96.602,0.434,0.116,0.074,0.436,0.117,0.074,-2.299,-2.306,-0.391,-4.441,-4.454,-1.19,0.002,0.001,0.001,-1.906,-2.74,-0.465,-3.402,-4.888,-1.306,-1.909,-2.734,-0.466,-3.404,-4.876,-1.307,-1.495,-2.142,-2.149,-0.238,-0.257,-0.689,-0.241,-0.261,-0.696,0.215,0.367,0.367,0.263,0.416,0.415,-0.003,-0.004,-0.007,0.43,0.843,0.624,0.488,0.859,0.653,0.433,0.847,0.628,0.49,0.862,0.657,0.058,0.057,0.049,-3.045,-5.193,0.431,-0.876,0.528,0.063,-3.035,-5.177,0.428,-0.878,0.526,0.061,1.608,-3.269,1.601,-3.287,2.434,2.435,3.103,0.369,3.097,0.357,3.832,3.833,-2.31,-4.459,1.165,-0.142,1.263,0.797,0.613,-0.577,0.753,0.362,2.294,-2.16,3.487,3.561,4.436,2.131,5.489,5.606,1.169,-0.137,1.267,0.802,0.619,-0.571,0.759,0.368,3.499,3.572,5.507,5.623,0.214,0.214,0.024,0.098,0.023,0.097
2018-06-20,CTD11,4169609,700351,0.00703941,0.010040981,0.016211268,0.0045254626,0.0042575733,0.0009798775,0.0009599552,0.00037536613,0.0070834258,0.0098415315,0.016378552,0.0047162506,0.0037459808,0.0010679568,0.45569164,-2.878e-42,0.283,-0.176,42.465,-0.394,80.372,0.217,-78.915,0.246,-92.818,-0.235,37.906,0.379,-121.38,0.404,-135.284,0.564,-159.286,0.584,-173.19,0.031,-13.904,0.688,0.192,0.181,0.807,0.364,0.342,-0.792,-1.279,-0.336,-0.932,-1.505,-0.42,0.267,0.172,0.161,-0.854,-1.968,-0.517,-0.952,-2.193,-0.612,-1.121,-1.599,-0.678,-1.219,-1.739,-0.784,-0.098,-0.14,-0.225,-0.145,-0.147,-0.342,-0.63,-0.641,-1.044,0.096,0.176,0.123,0.106,0.191,0.134,-0.534,-0.546,-0.703,0.237,0.488,0.269,0.249,0.5,0.279,0.684,1.034,0.817,0.7,1.034,0.821,0.016,0.012,0.01,-2.881,-3.107,0.422,-0.362,0.438,-0.24,-1.785,-1.924,-0.016,-0.629,0.01,-0.507,0.936,-0.803,-0.059,-2.252,1.131,1.293,1.034,-0.565,0.039,-1.929,1.203,1.374,-2.156,-2.381,1.147,0.363,1.164,0.486,-0.023,-0.444,0.015,-0.321,-0.084,-1.589,1.614,1.956,0.055,-1.224,1.716,2.079,1.852,1.24,1.879,1.362,0.972,0.552,1.01,0.674,2.977,3.158,3.165,3.357,0.219,0.38,-0.154,0.188,-0.326,-0.145,-0.163,39.564,-0.396,80.119,0.201,-70.858,0.308,-125.778,-0.249,40.555,0.352,-110.423,0.449,-165.343,0.553,-150.977,0.628,-205.897,0.115,-54.92,0.648,0.187,0.148,0.788,0.378,0.3,-0.697,-1.161,-0.265,-1.238,-2.06,-0.593,0.287,0.191,0.152,-0.782,-1.809,-0.414,-1.171,-2.708,-0.78,-1.069,-1.486,-0.566,-1.458,-2.026,-0.971,-0.389,-0.54,-0.9,-0.131,-0.137,-0.326,-0.638,-0.684,-1.098,0.09,0.174,0.118,0.127,0.229,0.158,-0.554,-0.604,-0.772,0.218,0.473,0.255,0.26,0.517,0.289,0.689,1.077,0.858,0.746,1.071,0.868,0.057,0.041,0.037,-2.753,-3.653,0.432,-0.539,0.491,-0.075,-1.654,-2.195,-0.047,-0.827,0.052,-0.362,0.901,-1.125,-0.162,-2.87,1.121,1.273,1.29,-0.196,0.227,-1.582,1.412,1.603,-2.083,-2.983,1.101,0.13,1.161,0.595,-0.065,-0.658,0.072,-0.193,-0.226,-2.286,1.558,1.858,0.315,-0.846,1.961,2.339,1.833,1.053,1.932,1.518,0.998,0.405,1.135,0.87,2.944,3.092,3.706,3.893,0.285,0.437,-0.05,0.251,-0.241,-0.093
2018-06-20,CTD12,4173438,695414,0.015033521,0.02173428,0.026004786,0.0054019466,0.0038806545,0.0009278906,0.0009511057,0.00037584073,0.015047616,0.021553515,0.026215995,0.0055711507,0.0037810549,0.0009520272,0.16987409,-8.000000000000001e-45,0.64,-0.182,20.508,-0.267,28.064,0.471,-118.6,0.59,-191.17,-0.089,7.556,0.602,-139.108,0.697,-211.678,0.656,-146.664,0.74,-219.234,0.164,-72.57,0.533,0.111,0.08,0.61,0.152,0.109,-2.578,-3.084,-0.46,-4.155,-4.971,-1.033,0.114,0.041,0.029,-2.091,-3.617,-0.54,-3.182,-5.505,-1.143,-2.205,-3.188,-0.569,-3.296,-4.765,-1.184,-1.091,-1.577,-1.887,-0.213,-0.224,-0.722,-0.404,-0.428,-1.182,0.202,0.376,0.322,0.234,0.411,0.355,-0.209,-0.226,-0.46,0.398,0.863,0.546,0.435,0.874,0.568,0.56,1.089,0.804,0.602,1.083,0.815,0.041,0.037,0.032,-4.122,-6.009,0.484,-0.7,0.542,-0.027,-3.445,-5.023,0.33,-0.814,0.4,-0.14,1.947,-2.818,1.586,-3.918,2.604,2.634,3.038,-0.149,2.677,-0.94,3.625,3.666,-3.368,-5.255,1.238,0.054,1.296,0.727,0.476,-0.556,0.578,0.117,2.294,-2.678,3.765,3.874,3.871,0.787,5.241,5.393,1.481,0.338,1.551,1.011,0.837,-0.196,0.938,0.478,4.556,4.635,6.342,6.453,0.181,0.21,-0.01,0.099,-0.05,0.029,-0.178,20.06,-0.271,28.311,0.46,-113.04,0.598,-198.021,-0.098,8.251,0.589,-133.1,0.702,-218.08,0.649,-141.351,0.748,-226.332,0.191,-84.98,0.526,0.112,0.076,0.61,0.158,0.107,-2.436,-2.963,-0.427,-4.268,-5.191,-1.103,0.124,0.046,0.031,-2.003,-3.489,-0.503,-3.282,-5.717,-1.215,-2.127,-3.047,-0.534,-3.406,-4.878,-1.261,-1.279,-1.832,-2.228,-0.205,-0.217,-0.696,-0.412,-0.441,-1.194,0.198,0.374,0.316,0.236,0.415,0.354,-0.226,-0.248,-0.499,0.387,0.849,0.533,0.431,0.862,0.559,0.564,1.096,0.815,0.613,1.088,0.827,0.049,0.043,0.037,-4.008,-6.235,0.486,-0.775,0.554,0.019,-3.295,-5.126,0.316,-0.899,0.399,-0.105,1.879,-2.999,1.485,-4.233,2.526,2.557,3.158,0.111,2.763,-0.726,3.721,3.767,-3.273,-5.501,1.22,-0.041,1.288,0.754,0.452,-0.651,0.571,0.143,2.127,-3.065,3.617,3.725,3.958,0.995,5.33,5.488,1.484,0.269,1.567,1.064,0.846,-0.257,0.965,0.538,4.454,4.53,6.563,6.675,0.195,0.226,0.007,0.114,-0.039,0.037
2018-07-10,CTD1,4187246,695025,0.011640216,0.016726462,0.025247937,0.008136811,0.006730759,0.0017066838,0.0017201157,0.0006766466,0.011597192,0.016553294,0.02535557,0.00829071,0.0063288994,0.0017426161,0.33132055,-8.000000000000001e-45,0.344,-0.179,26.124,-0.369,46.302,0.177,-36.989,0.267,-62.663,-0.203,20.178,0.345,-63.113,0.426,-88.786,0.513,-83.291,0.579,-108.964,0.095,-25.673,0.66,0.213,0.176,0.774,0.377,0.312,-0.619,-0.934,-0.249,-1.048,-1.582,-0.51,0.235,0.164,0.136,-0.735,-1.593,-0.425,-1.033,-2.242,-0.722,-0.97,-1.393,-0.561,-1.268,-1.823,-0.887,-0.299,-0.429,-0.648,-0.152,-0.159,-0.342,-0.547,-0.58,-0.915,0.083,0.149,0.11,0.117,0.197,0.147,-0.431,-0.464,-0.573,0.233,0.468,0.269,0.271,0.505,0.299,0.603,0.931,0.729,0.653,0.936,0.745,0.05,0.038,0.033,-2.407,-3.055,0.374,-0.513,0.429,-0.131,-1.595,-2.024,-0.025,-0.748,0.059,-0.366,0.768,-1.055,-0.079,-2.321,1.028,1.164,1.067,-0.326,0.22,-1.374,1.243,1.407,-1.666,-2.314,1.115,0.228,1.17,0.61,-0.037,-0.546,0.084,-0.165,-0.113,-1.695,1.477,1.789,0.316,-0.618,1.786,2.163,1.683,0.96,1.767,1.342,0.81,0.301,0.931,0.682,2.525,2.701,3.052,3.265,0.297,0.432,-0.092,0.22,-0.256,-0.08,-0.176,25.817,-0.372,46.789,0.166,-34.389,0.294,-71.778,-0.21,20.972,0.333,-60.206,0.447,-97.594,0.507,-81.178,0.601,-118.566,0.134,-37.388,0.655,0.214,0.163,0.775,0.388,0.296,-0.569,-0.872,-0.218,-1.188,-1.82,-0.595,0.243,0.174,0.133,-0.698,-1.527,-0.381,-1.132,-2.475,-0.809,-0.941,-1.344,-0.514,-1.375,-1.963,-0.983,-0.434,-0.619,-0.948,-0.147,-0.156,-0.339,-0.554,-0.601,-0.941,0.079,0.145,0.104,0.126,0.212,0.157,-0.443,-0.491,-0.602,0.224,0.461,0.261,0.277,0.514,0.304,0.606,0.952,0.746,0.676,0.957,0.766,0.07,0.053,0.047,-2.358,-3.306,0.374,-0.609,0.451,-0.063,-1.539,-2.158,-0.043,-0.853,0.075,-0.306,0.746,-1.217,-0.133,-2.607,1.016,1.149,1.18,-0.164,0.301,-1.226,1.332,1.505,-1.631,-2.579,1.1,0.117,1.178,0.664,-0.062,-0.657,0.107,-0.111,-0.19,-2.01,1.451,1.747,0.429,-0.443,1.901,2.289,1.686,0.876,1.804,1.423,0.817,0.222,0.986,0.768,2.513,2.676,3.291,3.505,0.333,0.465,-0.045,0.251,-0.219,-0.055
2018-07-10,CTD2,4181518,693105,0.021970252,0.03078483,0.035760056,0.010733529,0.0067099924,0.0017907503,0.001836464,0.00074516487,0.021877322,0.030843686,0.03583979,0.01088243,0.007093219,0.0016601802,0.0017780091,-8.000000000000001e-45,0.231,-0.167,13.033,-0.239,17.552,0.344,-47.65,0.532,-103.515,-0.075,4.519,0.483,-60.682,0.642,-116.548,0.538,-65.202,0.684,-121.067,0.231,-55.865,0.466,0.14,0.087,0.54,0.188,0.118,-1.467,-1.704,-0.32,-3.187,-3.702,-1.111,0.099,0.049,0.03,-1.333,-2.17,-0.407,-2.561,-4.168,-1.251,-1.433,-2.007,-0.438,-2.66,-3.727,-1.299,-1.227,-1.72,-1.998,-0.19,-0.208,-0.505,-0.332,-0.368,-0.791,0.169,0.3,0.265,0.229,0.368,0.328,-0.152,-0.173,-0.285,0.347,0.699,0.472,0.417,0.736,0.518,0.474,0.873,0.667,0.551,0.888,0.7,0.076,0.07,0.06,-2.618,-4.616,0.414,-0.886,0.526,0.089,-2.254,-3.974,0.266,-0.985,0.396,-0.011,1.186,-2.541,0.885,-3.282,1.829,1.859,2.413,0.406,2.113,-0.057,2.926,2.974,-1.93,-3.928,1.101,-0.198,1.214,0.776,0.372,-0.739,0.555,0.236,1.24,-2.461,2.563,2.68,2.96,1.256,4.099,4.288,1.279,0.028,1.41,1.003,0.673,-0.438,0.856,0.536,3.026,3.114,4.841,4.981,0.271,0.301,0.043,0.161,-0.005,0.082,-0.17,13.288,-0.242,17.807,0.336,-46.182,0.51,-95.27,-0.075,4.52,0.478,-59.47,0.626,-108.558,0.534,-63.989,0.67,-113.078,0.211,-49.088,0.476,0.145,0.094,0.549,0.194,0.126,-1.424,-1.655,-0.328,-2.938,-3.414,-1.037,0.099,0.049,0.032,-1.301,-2.131,-0.422,-2.375,-3.891,-1.181,-1.4,-1.974,-0.454,-2.474,-3.488,-1.231,-1.074,-1.514,-1.759,-0.192,-0.209,-0.499,-0.335,-0.368,-0.777,0.165,0.29,0.256,0.222,0.354,0.316,-0.153,-0.172,-0.278,0.346,0.689,0.465,0.411,0.725,0.508,0.473,0.861,0.658,0.545,0.877,0.689,0.072,0.066,0.057,-2.584,-4.343,0.406,-0.825,0.511,0.057,-2.224,-3.738,0.258,-0.924,0.38,-0.041,1.15,-2.338,0.848,-3.042,1.78,1.812,2.224,0.25,1.922,-0.209,2.731,2.781,-1.884,-3.643,1.106,-0.124,1.212,0.758,0.363,-0.674,0.536,0.209,1.196,-2.218,2.51,2.636,2.71,1.055,3.851,4.045,1.285,0.104,1.408,0.986,0.665,-0.372,0.838,0.51,2.969,3.063,4.555,4.7,0.267,0.3,0.029,0.155,-0.021,0.074
2018-07-10,CTD3,4181698,695238,0.014003671,0.01976384,0.025339318,0.008856955,0.0060193692,0.0016457583,0.0015924625,0.00065874634,0.013952923,0.019813428,0.02521819,0.008928243,0.006246067,0.0015781724,0.06274514,-8.000000000000001e-45,0.332,-0.171,20.812,-0.288,31.945,0.225,-41.496,0.399,-94.721,-0.124,11.133,0.381,-62.308,0.533,-115.533,0.482,-73.441,0.616,-126.666,0.191,-53.225,0.527,0.184,0.125,0.631,0.283,0.192,-0.82,-1.051,-0.25,-1.872,-2.4,-0.839,0.156,0.099,0.067,-0.873,-1.579,-0.375,-1.618,-2.928,-1.023,-1.028,-1.451,-0.442,-1.774,-2.503,-1.122,-0.745,-1.052,-1.349,-0.168,-0.184,-0.387,-0.396,-0.44,-0.762,0.114,0.2,0.164,0.177,0.279,0.233,-0.244,-0.278,-0.375,0.277,0.545,0.348,0.349,0.601,0.402,0.488,0.823,0.639,0.572,0.845,0.675,0.084,0.072,0.063,-2.152,-3.501,0.359,-0.763,0.471,0.029,-1.679,-2.731,0.105,-0.919,0.248,-0.127,0.801,-1.702,0.299,-2.629,1.277,1.344,1.546,0.095,1.044,-0.535,1.878,1.977,-1.45,-2.798,1.062,-0.06,1.174,0.732,0.147,-0.691,0.35,0.1,0.422,-1.978,1.802,1.994,1.474,0.422,2.651,2.934,1.361,0.338,1.505,1.13,0.65,-0.189,0.852,0.602,2.431,2.556,3.577,3.761,0.328,0.395,0.018,0.211,-0.08,0.045,-0.174,21.199,-0.288,32.016,0.22,-40.335,0.382,-88.431,-0.12,10.817,0.379,-61.533,0.521,-109.63,0.477,-72.35,0.603,-120.447,0.177,-48.097,0.535,0.189,0.132,0.634,0.286,0.2,-0.799,-1.017,-0.252,-1.752,-2.23,-0.79,0.151,0.097,0.068,-0.859,-1.552,-0.384,-1.53,-2.765,-0.979,-1.009,-1.434,-0.452,-1.681,-2.386,-1.075,-0.671,-0.953,-1.213,-0.172,-0.186,-0.386,-0.392,-0.432,-0.742,0.112,0.193,0.16,0.171,0.268,0.226,-0.236,-0.268,-0.356,0.278,0.539,0.346,0.346,0.593,0.397,0.482,0.806,0.625,0.562,0.829,0.66,0.079,0.068,0.06,-2.12,-3.333,0.35,-0.725,0.457,0.005,-1.666,-2.619,0.103,-0.876,0.238,-0.146,0.777,-1.609,0.29,-2.475,1.248,1.315,1.448,0.015,0.961,-0.591,1.783,1.88,-1.405,-2.617,1.066,-0.009,1.172,0.72,0.146,-0.644,0.338,0.086,0.412,-1.818,1.772,1.972,1.365,0.348,2.532,2.818,1.357,0.378,1.492,1.108,0.633,-0.157,0.825,0.573,2.377,2.509,3.398,3.587,0.325,0.392,0.003,0.203,-0.094,0.039
2018-07-10,CTD4,4180266,698264,0.0156244105,0.021895617,0.027331281,0.009358325,0.006138481,0.0017132777,0.0017097403,0.00070113695,0.015552981,0.021994084,0.027188173,0.009379774,0.006483622,0.0016196595,0.024803108,-8.000000000000001e-45,0.643,-0.167,18.331,-0.273,27.414,0.251,-42.854,0.436,-98.904,-0.11,9.083,0.401,-61.185,0.562,-117.236,0.49,-70.269,0.633,-126.319,0.208,-56.05,0.501,0.172,0.113,0.6,0.257,0.168,-0.938,-1.171,-0.263,-2.166,-2.703,-0.926,0.142,0.085,0.056,-0.956,-1.672,-0.376,-1.832,-3.204,-1.097,-1.098,-1.539,-0.431,-1.974,-2.766,-1.182,-0.876,-1.227,-1.532,-0.171,-0.187,-0.405,-0.375,-0.418,-0.755,0.127,0.224,0.187,0.193,0.304,0.259,-0.218,-0.25,-0.351,0.292,0.576,0.375,0.367,0.631,0.429,0.479,0.826,0.641,0.565,0.848,0.678,0.086,0.075,0.065,-2.207,-3.739,0.371,-0.811,0.489,0.058,-1.768,-2.995,0.144,-0.953,0.291,-0.084,0.868,-1.897,0.421,-2.783,1.389,1.445,1.744,0.206,1.297,-0.375,2.118,2.203,-1.519,-3.051,1.059,-0.123,1.177,0.745,0.202,-0.723,0.408,0.145,0.59,-2.113,1.947,2.115,1.818,0.646,2.968,3.225,1.322,0.225,1.469,1.093,0.649,-0.276,0.855,0.592,2.528,2.64,3.853,4.025,0.319,0.374,0.035,0.203,-0.05,0.062,-0.172,18.83,-0.272,27.516,0.248,-42.316,0.412,-89.938,-0.106,8.686,0.402,-61.146,0.545,-108.768,0.487,-69.832,0.615,-117.454,0.183,-47.622,0.512,0.177,0.122,0.605,0.258,0.178,-0.931,-1.15,-0.274,-1.978,-2.445,-0.844,0.135,0.081,0.056,-0.951,-1.662,-0.396,-1.692,-2.957,-1.02,-1.086,-1.536,-0.453,-1.827,-2.583,-1.102,-0.741,-1.047,-1.295,-0.176,-0.191,-0.406,-0.371,-0.409,-0.733,0.126,0.217,0.183,0.184,0.289,0.248,-0.208,-0.236,-0.327,0.295,0.572,0.375,0.363,0.622,0.424,0.474,0.808,0.625,0.551,0.83,0.66,0.077,0.068,0.059,-2.191,-3.486,0.362,-0.74,0.469,0.016,-1.773,-2.82,0.146,-0.875,0.277,-0.119,0.849,-1.734,0.422,-2.535,1.363,1.42,1.59,0.054,1.163,-0.5,1.972,2.054,-1.484,-2.779,1.069,-0.033,1.176,0.723,0.206,-0.638,0.392,0.118,0.597,-1.849,1.928,2.106,1.644,0.494,2.789,3.047,1.322,0.301,1.453,1.057,0.633,-0.211,0.819,0.545,2.482,2.604,3.59,3.767,0.308,0.365,0.01,0.188,-0.072,0.05
2018-07-10,CTD6,4176009,695829,0.014051518,0.02011384,0.027753977,0.009824927,0.0071272827,0.0018769002,0.0018261198,0.0007417517,0.01397485,0.020086883,0.027742174,0.0099482965,0.0071230726,0.0018294109,0.14595963,-8.000000000000001e-45,0.967,-0.177,21.45,-0.328,35.136,0.177,-30.615,0.327,-69.139,-0.16,13.686,0.344,-52.065,0.477,-90.589,0.477,-65.751,0.591,-104.275,0.159,-38.524,0.595,0.211,0.153,0.707,0.345,0.25,-0.616,-0.85,-0.218,-1.391,-1.919,-0.679,0.192,0.134,0.098,-0.732,-1.445,-0.371,-1.273,-2.514,-0.89,-0.924,-1.323,-0.469,-1.465,-2.097,-1.024,-0.541,-0.775,-1.069,-0.161,-0.174,-0.358,-0.458,-0.503,-0.808,0.088,0.155,0.121,0.145,0.231,0.184,-0.32,-0.361,-0.451,0.246,0.486,0.295,0.311,0.544,0.346,0.525,0.847,0.658,0.604,0.864,0.689,0.079,0.065,0.056,-2.126,-3.195,0.345,-0.68,0.442,-0.027,-1.541,-2.316,0.018,-0.872,0.152,-0.219,0.705,-1.392,0.05,-2.464,1.076,1.173,1.247,-0.076,0.592,-0.853,1.483,1.618,-1.393,-2.463,1.077,0.053,1.175,0.706,0.026,-0.654,0.217,-0.001,0.072,-1.847,1.54,1.79,0.847,-0.003,2.123,2.468,1.487,0.597,1.621,1.25,0.681,0.001,0.873,0.654,2.318,2.471,3.195,3.406,0.345,0.442,-0.019,0.232,-0.153,-0.0,-0.179,21.773,-0.33,35.511,0.168,-28.963,0.325,-68.832,-0.16,13.738,0.338,-50.736,0.476,-90.605,0.472,-64.474,0.591,-104.343,0.165,-39.869,0.604,0.217,0.155,0.713,0.353,0.253,-0.582,-0.803,-0.206,-1.383,-1.91,-0.685,0.192,0.137,0.098,-0.709,-1.408,-0.361,-1.266,-2.514,-0.901,-0.901,-1.295,-0.459,-1.458,-2.096,-1.038,-0.557,-0.801,-1.106,-0.162,-0.175,-0.358,-0.458,-0.506,-0.806,0.084,0.148,0.115,0.143,0.228,0.182,-0.32,-0.363,-0.448,0.243,0.481,0.291,0.311,0.542,0.344,0.522,0.843,0.654,0.605,0.862,0.686,0.083,0.068,0.059,-2.093,-3.199,0.337,-0.701,0.439,-0.02,-1.515,-2.316,0.008,-0.893,0.149,-0.212,0.681,-1.415,0.024,-2.49,1.05,1.148,1.238,-0.057,0.581,-0.827,1.467,1.603,-1.351,-2.457,1.079,0.041,1.181,0.721,0.012,-0.673,0.214,0.008,0.034,-1.876,1.509,1.762,0.835,0.031,2.108,2.461,1.49,0.589,1.631,1.269,0.669,-0.016,0.871,0.665,2.279,2.434,3.183,3.399,0.357,0.455,-0.014,0.239,-0.151,0.004
2018-07-10,CTD7,4176724,690397,0.018683244,0.024890741,0.030281035,0.011457596,0.0076930285,0.0021660996,0.0020917046,0.00086030556,0.01849052,0.025037944,0.030115835,0.011430097,0.008014037,0.0020200028,0.038944278,-8.000000000000001e-45,0.298,-0.142,13.348,-0.237,20.5,0.24,-33.754,0.417,-76.464,-0.098,7.152,0.37,-47.103,0.528,-89.812,0.451,-54.254,0.595,-96.964,0.197,-42.709,0.404,0.153,0.103,0.51,0.235,0.158,-0.84,-1.022,-0.26,-1.903,-2.315,-0.876,0.134,0.082,0.055,-0.88,-1.426,-0.362,-1.678,-2.72,-1.029,-1.014,-1.35,-0.417,-1.812,-2.414,-1.111,-0.798,-1.063,-1.293,-0.149,-0.163,-0.324,-0.319,-0.356,-0.606,0.131,0.222,0.19,0.199,0.302,0.263,-0.179,-0.204,-0.281,0.274,0.509,0.354,0.351,0.571,0.412,0.432,0.714,0.578,0.518,0.749,0.621,0.086,0.077,0.068,-1.892,-3.186,0.372,-0.739,0.497,0.079,-1.555,-2.618,0.157,-0.872,0.308,-0.054,0.809,-1.605,0.414,-2.306,1.322,1.377,1.607,0.256,1.212,-0.214,1.968,2.05,-1.311,-2.604,0.954,-0.157,1.078,0.661,0.209,-0.667,0.41,0.151,0.552,-1.764,1.761,1.918,1.615,0.593,2.622,2.857,1.16,0.131,1.312,0.949,0.603,-0.273,0.805,0.545,2.231,2.334,3.323,3.476,0.304,0.359,0.049,0.206,-0.033,0.069,-0.15,14.142,-0.239,20.877,0.236,-33.407,0.395,-70.699,-0.092,6.734,0.373,-47.549,0.515,-84.842,0.45,-54.283,0.58,-91.576,0.176,-37.293,0.426,0.162,0.113,0.523,0.239,0.167,-0.836,-1.006,-0.268,-1.77,-2.129,-0.808,0.125,0.077,0.054,-0.879,-1.432,-0.381,-1.569,-2.555,-0.97,-1.004,-1.359,-0.435,-1.693,-2.293,-1.047,-0.69,-0.934,-1.123,-0.158,-0.172,-0.337,-0.319,-0.352,-0.598,0.128,0.214,0.185,0.19,0.287,0.252,-0.17,-0.192,-0.261,0.28,0.513,0.357,0.35,0.569,0.41,0.429,0.705,0.565,0.508,0.739,0.606,0.078,0.07,0.062,-1.896,-3.019,0.359,-0.688,0.472,0.037,-1.577,-2.51,0.157,-0.812,0.294,-0.087,0.786,-1.507,0.415,-2.14,1.298,1.352,1.476,0.117,1.104,-0.328,1.851,1.928,-1.281,-2.404,0.975,-0.072,1.088,0.653,0.213,-0.595,0.398,0.13,0.562,-1.567,1.757,1.924,1.496,0.489,2.506,2.745,1.172,0.202,1.309,0.928,0.585,-0.223,0.769,0.502,2.201,2.315,3.14,3.301,0.298,0.352,0.023,0.19,-0.054,0.059
2018-07-10,CTD8,4174178,693048,0.02400593,0.03337742,0.040896293,0.020191109,0.011736964,0.0033378734,0.0033225066,0.001356255,0.023830712,0.033929974,0.040495366,0.0200785,0.013253623,0.0029199868,0.00021303692,-8.000000000000001e-45,0.737,-0.163,11.696,-0.26,17.204,0.086,-7.87,0.343,-43.545,-0.101,5.508,0.246,-19.566,0.48,-55.241,0.339,-25.075,0.554,-60.749,0.265,-35.674,0.478,0.236,0.137,0.574,0.347,0.202,-0.263,-0.322,-0.092,-1.453,-1.781,-0.879,0.132,0.111,0.065,-0.47,-0.8,-0.23,-1.326,-2.259,-1.115,-0.602,-0.837,-0.294,-1.458,-2.028,-1.227,-0.856,-1.191,-1.459,-0.153,-0.178,-0.294,-0.315,-0.374,-0.529,0.051,0.085,0.072,0.165,0.229,0.201,-0.17,-0.21,-0.235,0.203,0.369,0.251,0.333,0.49,0.354,0.361,0.579,0.459,0.508,0.66,0.544,0.147,0.13,0.114,-1.306,-2.765,0.226,-1.001,0.432,0.138,-1.066,-2.257,-0.018,-1.133,0.235,0.006,0.373,-1.655,-0.036,-2.295,0.837,0.902,1.229,0.392,0.82,0.02,1.44,1.552,-0.635,-2.094,0.897,-0.33,1.103,0.809,-0.025,-0.904,0.327,0.235,-0.051,-1.831,1.164,1.366,1.14,0.818,2.003,2.35,1.099,-0.017,1.352,1.122,0.384,-0.495,0.736,0.644,1.537,1.674,2.643,2.879,0.489,0.554,0.116,0.318,0.005,0.142,-0.175,12.49,-0.259,17.268,0.085,-7.842,0.285,-33.488,-0.088,4.778,0.256,-20.332,0.438,-45.979,0.337,-25.11,0.507,-50.757,0.205,-25.647,0.506,0.251,0.166,0.586,0.347,0.229,-0.266,-0.318,-0.104,-1.136,-1.356,-0.672,0.114,0.096,0.063,-0.485,-0.823,-0.269,-1.096,-1.862,-0.923,-0.598,-0.852,-0.333,-1.21,-1.722,-1.019,-0.611,-0.87,-1.039,-0.167,-0.188,-0.303,-0.309,-0.353,-0.5,0.05,0.08,0.07,0.142,0.196,0.175,-0.15,-0.177,-0.197,0.215,0.374,0.258,0.321,0.471,0.341,0.353,0.551,0.433,0.472,0.62,0.504,0.118,0.106,0.092,-1.315,-2.353,0.207,-0.813,0.375,0.042,-1.101,-1.972,-0.003,-0.926,0.198,-0.072,0.349,-1.373,-0.007,-1.869,0.796,0.86,0.96,0.108,0.605,-0.219,1.206,1.302,-0.593,-1.632,0.928,-0.091,1.097,0.764,-0.005,-0.677,0.282,0.178,-0.009,-1.366,1.134,1.363,0.861,0.543,1.718,2.064,1.108,0.184,1.309,1.039,0.351,-0.321,0.637,0.533,1.461,1.626,2.213,2.464,0.452,0.515,0.036,0.264,-0.06,0.105
2018-07-10,CTD10,4170388,695646,0.015271327,0.020873914,0.026124408,0.01043661,0.0068966625,0.0019950473,0.0019468431,0.00080699835,0.015174856,0.02102058,0.025872191,0.010378893,0.007329936,0.0018644715,0.006899121,-8.000000000000001e-45,0.595,-0.155,17.576,-0.262,27.204,0.188,-30.334,0.378,-79.515,-0.112,9.628,0.333,-47.91,0.503,-97.091,0.429,-57.538,0.582,-106.719,0.204,-49.181,0.459,0.183,0.121,0.568,0.284,0.188,-0.633,-0.792,-0.209,-1.66,-2.077,-0.83,0.147,0.1,0.066,-0.732,-1.252,-0.33,-1.483,-2.536,-1.013,-0.879,-1.201,-0.397,-1.63,-2.228,-1.114,-0.751,-1.027,-1.285,-0.153,-0.17,-0.323,-0.347,-0.391,-0.626,0.103,0.174,0.146,0.178,0.267,0.229,-0.204,-0.237,-0.303,0.252,0.471,0.316,0.338,0.544,0.382,0.434,0.708,0.565,0.532,0.748,0.614,0.098,0.086,0.075,-1.772,-3.056,0.332,-0.782,0.468,0.071,-1.416,-2.442,0.085,-0.929,0.254,-0.076,0.664,-1.563,0.212,-2.325,1.133,1.199,1.415,0.214,0.963,-0.289,1.714,1.815,-1.136,-2.421,0.967,-0.146,1.103,0.706,0.116,-0.714,0.347,0.138,0.289,-1.788,1.548,1.736,1.316,0.524,2.343,2.627,1.211,0.197,1.38,1.05,0.568,-0.262,0.8,0.591,2.052,2.173,3.105,3.288,0.353,0.419,0.048,0.236,-0.052,0.069,-0.162,18.326,-0.261,27.247,0.188,-30.451,0.349,-70.528,-0.103,8.921,0.339,-48.777,0.483,-88.854,0.427,-57.698,0.558,-97.775,0.172,-40.077,0.474,0.19,0.134,0.573,0.283,0.2,-0.64,-0.788,-0.223,-1.483,-1.825,-0.732,0.135,0.093,0.065,-0.74,-1.262,-0.358,-1.348,-2.299,-0.922,-0.876,-1.213,-0.423,-1.484,-2.055,-1.015,-0.608,-0.842,-1.037,-0.161,-0.176,-0.33,-0.341,-0.377,-0.604,0.102,0.169,0.144,0.167,0.25,0.216,-0.19,-0.216,-0.274,0.259,0.473,0.321,0.334,0.536,0.378,0.428,0.688,0.546,0.512,0.726,0.591,0.084,0.074,0.065,-1.771,-2.808,0.321,-0.694,0.439,0.016,-1.439,-2.281,0.093,-0.829,0.238,-0.12,0.65,-1.406,0.231,-2.068,1.113,1.179,1.258,0.045,0.839,-0.423,1.577,1.669,-1.108,-2.144,0.984,-0.031,1.102,0.679,0.129,-0.603,0.329,0.106,0.32,-1.504,1.542,1.742,1.163,0.375,2.184,2.467,1.211,0.289,1.356,0.999,0.547,-0.185,0.748,0.525,2.01,2.144,2.846,3.036,0.335,0.401,0.011,0.21,-0.082,0.052
2018-07-10,CTD11,4169609,700351,0.010995817,0.015047735,0.020520989,0.0074680815,0.0056743715,0.0015518613,0.0015114114,0.0006177688,0.0109896595,0.0149884345,0.020430027,0.0075022886,0.0056392257,0.0015388678,0.19137157,-8.000000000000001e-45,0.602,-0.156,24.488,-0.302,42.213,0.191,-42.96,0.319,-85.287,-0.154,17.725,0.337,-67.448,0.452,-109.776,0.466,-85.173,0.567,-127.5,0.136,-42.328,0.503,0.183,0.139,0.635,0.315,0.24,-0.646,-0.882,-0.244,-1.283,-1.75,-0.637,0.195,0.132,0.101,-0.742,-1.384,-0.383,-1.207,-2.253,-0.82,-0.937,-1.282,-0.483,-1.402,-1.919,-0.952,-0.465,-0.637,-0.869,-0.145,-0.155,-0.308,-0.423,-0.46,-0.725,0.099,0.17,0.135,0.15,0.236,0.19,-0.296,-0.328,-0.416,0.24,0.455,0.289,0.297,0.508,0.335,0.501,0.783,0.63,0.57,0.804,0.659,0.069,0.057,0.05,-2.017,-2.886,0.367,-0.585,0.454,-0.029,-1.479,-2.116,0.04,-0.78,0.159,-0.224,0.739,-1.18,0.109,-2.144,1.095,1.196,1.205,-0.077,0.574,-0.81,1.442,1.574,-1.379,-2.248,1.005,0.052,1.092,0.609,0.054,-0.583,0.217,-0.027,0.149,-1.601,1.499,1.738,0.786,-0.096,1.973,2.288,1.37,0.55,1.489,1.106,0.685,0.048,0.848,0.604,2.232,2.371,2.937,3.12,0.302,0.403,-0.02,0.22,-0.152,-0.013,-0.154,24.277,-0.3,42.047,0.189,-42.298,0.322,-86.335,-0.154,17.771,0.333,-66.575,0.453,-110.611,0.463,-84.345,0.567,-128.382,0.142,-44.037,0.496,0.182,0.137,0.63,0.315,0.237,-0.634,-0.864,-0.239,-1.294,-1.764,-0.648,0.195,0.133,0.1,-0.732,-1.36,-0.375,-1.216,-2.26,-0.83,-0.927,-1.264,-0.476,-1.411,-1.924,-0.963,-0.484,-0.66,-0.9,-0.143,-0.153,-0.304,-0.42,-0.458,-0.718,0.098,0.169,0.134,0.151,0.238,0.192,-0.294,-0.327,-0.414,0.238,0.45,0.287,0.298,0.506,0.335,0.498,0.777,0.627,0.569,0.8,0.658,0.072,0.059,0.053,-1.99,-2.89,0.366,-0.597,0.457,-0.018,-1.46,-2.12,0.037,-0.792,0.162,-0.214,0.731,-1.193,0.102,-2.158,1.089,1.189,1.215,-0.049,0.586,-0.774,1.448,1.582,-1.359,-2.259,0.997,0.033,1.088,0.612,0.051,-0.597,0.221,-0.018,0.139,-1.625,1.485,1.722,0.799,-0.065,1.975,2.291,1.358,0.529,1.483,1.107,0.68,0.033,0.85,0.611,2.21,2.347,2.94,3.122,0.306,0.407,-0.013,0.225,-0.146,-0.009
2018-07-10,CTD12,4173438,695414,0.01678994,0.024717117,0.028794995,0.008645003,0.0051468736,0.001416541,0.0014675873,0.00060076936,0.016781548,0.024867786,0.028690565,0.008766539,0.0056534833,0.001316573,0.00019974583,-8.000000000000001e-45,0.907,-0.191,19.102,-0.263,24.831,0.32,-56.114,0.531,-134.733,-0.076,5.73,0.482,-75.216,0.655,-153.835,0.538,-80.946,0.697,-159.564,0.254,-78.619,0.55,0.165,0.098,0.614,0.215,0.128,-1.387,-1.616,-0.289,-3.33,-3.88,-1.165,0.096,0.05,0.029,-1.263,-2.166,-0.387,-2.583,-4.43,-1.33,-1.359,-2.001,-0.417,-2.679,-3.944,-1.379,-1.32,-1.943,-2.264,-0.212,-0.234,-0.575,-0.36,-0.402,-0.87,0.152,0.273,0.24,0.218,0.349,0.311,-0.16,-0.186,-0.296,0.353,0.733,0.474,0.429,0.769,0.523,0.485,0.919,0.675,0.57,0.93,0.709,0.084,0.077,0.065,-2.652,-4.915,0.379,-1.0,0.501,0.084,-2.276,-4.219,0.233,-1.097,0.375,-0.012,1.084,-2.86,0.777,-3.653,1.734,1.763,2.404,0.403,2.097,-0.069,2.912,2.962,-1.859,-4.123,1.172,-0.208,1.293,0.877,0.343,-0.821,0.552,0.263,1.144,-2.736,2.553,2.68,3.087,1.472,4.287,4.502,1.365,0.035,1.507,1.12,0.65,-0.515,0.858,0.57,3.024,3.123,5.08,5.245,0.307,0.336,0.043,0.171,-0.006,0.092,-0.194,19.377,-0.262,24.735,0.314,-54.481,0.496,-117.293,-0.071,5.358,0.479,-73.857,0.63,-136.669,0.532,-79.215,0.671,-142.027,0.216,-62.812,0.556,0.17,0.11,0.615,0.217,0.14,-1.355,-1.563,-0.308,-2.917,-3.365,-1.028,0.09,0.047,0.03,-1.239,-2.119,-0.418,-2.294,-3.921,-1.198,-1.329,-1.97,-0.448,-2.383,-3.532,-1.245,-1.054,-1.562,-1.802,-0.216,-0.235,-0.561,-0.354,-0.39,-0.826,0.15,0.263,0.233,0.208,0.331,0.297,-0.15,-0.17,-0.265,0.354,0.718,0.469,0.423,0.752,0.513,0.478,0.888,0.653,0.553,0.902,0.685,0.075,0.068,0.058,-2.598,-4.4,0.369,-0.876,0.478,0.03,-2.252,-3.814,0.232,-0.966,0.358,-0.06,1.048,-2.484,0.761,-3.161,1.687,1.717,2.102,0.132,1.815,-0.304,2.616,2.663,-1.791,-3.593,1.176,-0.069,1.285,0.837,0.344,-0.684,0.53,0.222,1.127,-2.238,2.5,2.64,2.689,1.126,3.876,4.093,1.357,0.159,1.482,1.065,0.631,-0.397,0.817,0.509,2.936,3.045,4.552,4.722,0.295,0.325,0.016,0.155,-0.031,0.078
2018-08-09,CTD1,4187246,695025,0.015860679,0.022266509,0.029181471,0.009588672,0.0066686603,0.0017799997,0.0018103285,0.00072361267,0.015770098,0.022292929,0.029174028,0.0096808085,0.0067885285,0.0017156305,0.106433906,-8.000000000000001e-45,0.294,-0.168,18.139,-0.296,28.781,0.246,-41.241,0.408,-86.906,-0.134,10.642,0.398,-59.379,0.539,-105.045,0.505,-70.021,0.628,-115.687,0.18,-45.665,0.529,0.174,0.121,0.641,0.276,0.192,-0.918,-1.203,-0.275,-1.935,-2.536,-0.833,0.169,0.102,0.071,-0.942,-1.733,-0.396,-1.666,-3.065,-1.007,-1.111,-1.559,-0.467,-1.835,-2.576,-1.109,-0.724,-1.017,-1.333,-0.165,-0.179,-0.394,-0.418,-0.46,-0.819,0.122,0.217,0.175,0.179,0.289,0.237,-0.272,-0.307,-0.425,0.281,0.563,0.354,0.346,0.613,0.402,0.514,0.87,0.677,0.59,0.885,0.707,0.077,0.065,0.057,-2.331,-3.664,0.384,-0.726,0.484,0.017,-1.779,-2.795,0.113,-0.894,0.244,-0.152,0.891,-1.685,0.344,-2.722,1.355,1.426,1.615,0.056,1.068,-0.665,1.948,2.05,-1.639,-2.972,1.075,-0.034,1.175,0.708,0.158,-0.675,0.343,0.068,0.482,-2.054,1.902,2.094,1.499,0.296,2.734,3.01,1.409,0.402,1.54,1.144,0.706,-0.127,0.89,0.615,2.623,2.744,3.771,3.945,0.305,0.376,0.01,0.202,-0.092,0.029,-0.171,18.554,-0.298,29.134,0.239,-39.886,0.398,-83.896,-0.134,10.58,0.394,-58.44,0.533,-102.45,0.502,-69.02,0.622,-113.03,0.176,-44.01,0.541,0.18,0.126,0.649,0.282,0.198,-0.889,-1.164,-0.271,-1.87,-2.448,-0.812,0.167,0.102,0.072,-0.922,-1.705,-0.397,-1.616,-2.989,-0.992,-1.088,-1.539,-0.469,-1.782,-2.52,-1.094,-0.694,-0.981,-1.284,-0.168,-0.181,-0.396,-0.419,-0.461,-0.814,0.118,0.209,0.169,0.175,0.281,0.231,-0.27,-0.305,-0.418,0.281,0.559,0.351,0.345,0.609,0.399,0.512,0.864,0.67,0.588,0.88,0.7,0.076,0.064,0.056,-2.306,-3.59,0.376,-0.719,0.475,0.006,-1.762,-2.743,0.106,-0.886,0.236,-0.161,0.865,-1.655,0.32,-2.669,1.324,1.396,1.559,0.02,1.014,-0.691,1.889,1.991,-1.6,-2.884,1.082,-0.012,1.181,0.712,0.15,-0.662,0.334,0.063,0.453,-1.995,1.872,2.07,1.434,0.27,2.67,2.952,1.416,0.424,1.545,1.149,0.695,-0.117,0.878,0.607,2.583,2.709,3.684,3.863,0.309,0.381,0.004,0.202,-0.099,0.027
2018-08-09,CTD2,4181518,693105,0.017401317,0.022559905,0.02365529,0.0064646043,0.004019303,0.0011195545,0.0011333572,0.00045778067,0.017403262,0.022680182,0.02350777,0.00650755,0.0043329173,0.0010653725,0.0013323097,-8.000000000000001e-45,0.304,-0.129,13.14,-0.152,15.193,0.458,-97.222,0.625,-191.332,-0.024,2.053,0.555,-110.362,0.698,-204.473,0.571,-112.415,0.71,-206.526,0.233,-94.111,0.311,0.085,0.053,0.343,0.098,0.061,-2.193,-2.3,-0.391,-4.316,-4.526,-1.237,0.036,0.013,0.008,-1.92,-2.611,-0.444,-3.558,-4.837,-1.322,-1.956,-2.536,-0.452,-3.594,-4.659,-1.335,-1.638,-2.123,-2.226,-0.171,-0.186,-0.492,-0.215,-0.235,-0.597,0.237,0.411,0.395,0.29,0.461,0.444,-0.046,-0.051,-0.104,0.392,0.751,0.582,0.452,0.777,0.616,0.43,0.803,0.647,0.491,0.823,0.677,0.061,0.06,0.053,-2.888,-5.114,0.498,-0.837,0.601,0.15,-2.754,-4.877,0.449,-0.873,0.557,0.114,1.738,-2.921,1.643,-3.194,2.514,2.522,3.376,0.84,3.281,0.67,4.043,4.056,-2.363,-4.589,1.023,-0.312,1.127,0.675,0.582,-0.655,0.723,0.332,2.13,-2.396,3.259,3.32,4.253,1.954,5.241,5.34,1.073,-0.249,1.181,0.738,0.677,-0.56,0.818,0.427,3.428,3.481,5.514,5.599,0.193,0.202,0.056,0.117,0.042,0.095,-0.132,13.369,-0.149,14.921,0.456,-96.207,0.601,-173.331,-0.018,1.552,0.554,-109.576,0.679,-186.7,0.566,-111.129,0.689,-188.252,0.201,-77.124,0.314,0.087,0.058,0.338,0.097,0.065,-2.182,-2.262,-0.417,-3.931,-4.075,-1.128,0.027,0.01,0.007,-1.907,-2.576,-0.475,-3.249,-4.389,-1.215,-1.934,-2.52,-0.482,-3.276,-4.27,-1.225,-1.342,-1.749,-1.813,-0.176,-0.19,-0.487,-0.209,-0.226,-0.563,0.236,0.403,0.391,0.283,0.448,0.435,-0.035,-0.038,-0.076,0.395,0.744,0.581,0.448,0.767,0.611,0.424,0.782,0.629,0.478,0.802,0.657,0.054,0.053,0.047,-2.845,-4.658,0.491,-0.735,0.583,0.102,-2.745,-4.494,0.453,-0.762,0.549,0.074,1.71,-2.56,1.638,-2.751,2.483,2.49,3.052,0.531,2.98,0.404,3.73,3.74,-2.309,-4.122,1.026,-0.199,1.119,0.637,0.591,-0.537,0.716,0.299,2.134,-1.94,3.236,3.301,3.884,1.622,4.86,4.958,1.064,-0.151,1.16,0.685,0.663,-0.465,0.788,0.371,3.363,3.421,5.051,5.138,0.183,0.19,0.038,0.103,0.028,0.086
2018-08-09,CTD3,4181698,695238,0.020661695,0.02676044,0.02872948,0.009686679,0.005828502,0.001686346,0.0016855521,0.00069508306,0.020528255,0.027025227,0.028480474,0.0096870335,0.006408131,0.0015358351,0.00020192676,-8.000000000000001e-45,0.321,-0.129,11.03,-0.163,13.591,0.362,-54.836,0.56,-123.172,-0.035,2.561,0.468,-65.866,0.642,-134.202,0.496,-68.427,0.663,-136.763,0.249,-68.336,0.317,0.107,0.064,0.364,0.132,0.079,-1.467,-1.575,-0.32,-3.296,-3.539,-1.193,0.053,0.025,0.015,-1.361,-1.892,-0.384,-2.773,-3.856,-1.3,-1.414,-1.831,-0.399,-2.826,-3.66,-1.325,-1.412,-1.829,-1.963,-0.159,-0.176,-0.393,-0.221,-0.248,-0.52,0.198,0.337,0.318,0.267,0.407,0.386,-0.065,-0.074,-0.127,0.346,0.645,0.494,0.424,0.69,0.545,0.402,0.719,0.584,0.483,0.755,0.628,0.081,0.078,0.07,-2.194,-4.157,0.435,-0.89,0.569,0.17,-2.043,-3.872,0.357,-0.943,0.501,0.117,1.202,-2.458,1.059,-2.796,1.915,1.93,2.613,0.782,2.471,0.579,3.183,3.208,-1.671,-3.634,0.958,-0.367,1.092,0.693,0.463,-0.73,0.649,0.33,1.372,-2.167,2.481,2.56,3.201,1.625,4.122,4.254,1.028,-0.271,1.173,0.789,0.605,-0.588,0.791,0.472,2.684,2.748,4.46,4.567,0.251,0.266,0.08,0.159,0.055,0.119,-0.137,11.711,-0.162,13.602,0.359,-54.517,0.524,-107.338,-0.026,1.891,0.472,-66.228,0.617,-119.049,0.492,-68.119,0.633,-120.94,0.204,-52.821,0.334,0.113,0.075,0.368,0.132,0.087,-1.473,-1.553,-0.349,-2.901,-3.057,-1.04,0.039,0.018,0.012,-1.36,-1.886,-0.424,-2.444,-3.391,-1.153,-1.398,-1.841,-0.437,-2.483,-3.268,-1.172,-1.084,-1.427,-1.504,-0.17,-0.186,-0.404,-0.217,-0.238,-0.494,0.195,0.324,0.311,0.254,0.385,0.37,-0.048,-0.054,-0.09,0.354,0.644,0.497,0.421,0.682,0.54,0.395,0.698,0.562,0.464,0.731,0.601,0.069,0.067,0.059,-2.18,-3.685,0.419,-0.752,0.535,0.098,-2.069,-3.497,0.362,-0.791,0.484,0.059,1.17,-2.098,1.065,-2.325,1.882,1.894,2.255,0.414,2.15,0.263,2.845,2.863,-1.624,-3.128,0.976,-0.195,1.091,0.655,0.477,-0.563,0.637,0.287,1.402,-1.655,2.478,2.565,2.83,1.277,3.745,3.877,1.029,-0.124,1.15,0.726,0.582,-0.458,0.742,0.392,2.628,2.703,3.973,4.086,0.235,0.247,0.046,0.133,0.028,0.103
2018-08-09,CTD4,4180266,698264,0.009110325,0.012038795,0.018091694,0.0046760063,0.0044728997,0.0010521262,0.0010599268,0.00039895586,0.009148515,0.011806691,0.018268969,0.0048341476,0.0039157374,0.0011515734,0.49502486,-2e-44,0.283,-0.138,26.701,-0.33,54.492,0.322,-104.092,0.341,-113.803,-0.201,27.791,0.44,-130.793,0.458,-140.504,0.589,-158.584,0.604,-168.295,0.022,-9.711,0.483,0.125,0.119,0.656,0.255,0.244,-1.253,-1.883,-0.466,-1.37,-2.059,-0.532,0.253,0.13,0.124,-1.192,-2.366,-0.585,-1.28,-2.542,-0.657,-1.445,-1.909,-0.709,-1.533,-2.026,-0.787,-0.088,-0.117,-0.176,-0.129,-0.13,-0.32,-0.537,-0.544,-0.982,0.147,0.269,0.197,0.154,0.277,0.204,-0.439,-0.446,-0.662,0.271,0.542,0.326,0.278,0.549,0.332,0.634,0.988,0.812,0.644,0.988,0.815,0.01,0.007,0.007,-3.112,-3.288,0.498,-0.289,0.51,-0.2,-2.071,-2.188,0.115,-0.542,0.132,-0.453,1.283,-0.743,0.446,-2.096,1.577,1.701,1.371,-0.538,0.534,-1.832,1.648,1.778,-2.548,-2.723,1.063,0.276,1.074,0.365,0.152,-0.38,0.174,-0.291,0.589,-1.47,2.084,2.327,0.706,-1.178,2.178,2.433,1.597,0.94,1.614,1.029,0.99,0.457,1.012,0.546,3.378,3.498,3.531,3.656,0.142,0.266,-0.103,0.141,-0.233,-0.113,-0.127,24.61,-0.333,54.57,0.309,-97.554,0.401,-146.072,-0.215,29.96,0.419,-122.164,0.502,-170.682,0.582,-152.124,0.647,-200.642,0.105,-48.518,0.45,0.119,0.096,0.644,0.264,0.214,-1.152,-1.782,-0.382,-1.725,-2.669,-0.706,0.274,0.145,0.117,-1.118,-2.232,-0.478,-1.561,-3.118,-0.825,-1.392,-1.796,-0.596,-1.836,-2.369,-0.97,-0.444,-0.573,-0.886,-0.115,-0.12,-0.304,-0.548,-0.58,-1.042,0.143,0.274,0.194,0.174,0.314,0.226,-0.462,-0.495,-0.739,0.254,0.534,0.314,0.288,0.564,0.342,0.641,1.028,0.855,0.685,1.027,0.863,0.044,0.033,0.031,-3.004,-3.891,0.51,-0.46,0.561,-0.035,-1.942,-2.514,0.091,-0.734,0.169,-0.309,1.246,-1.123,0.345,-2.773,1.561,1.678,1.69,-0.106,0.789,-1.443,1.927,2.072,-2.489,-3.375,1.026,0.056,1.076,0.481,0.118,-0.588,0.218,-0.164,0.445,-2.223,2.014,2.228,1.018,-0.764,2.487,2.751,1.587,0.762,1.665,1.187,1.019,0.313,1.119,0.737,3.351,3.447,4.137,4.256,0.197,0.314,-0.019,0.195,-0.163,-0.067
2018-08-09,CTD6,4176009,695829,0.016500615,0.021661317,0.025123822,0.007068741,0.0047861203,0.0012781968,0.0012765715,0.00051248964,0.016469836,0.021692302,0.025081407,0.0071439184,0.004922672,0.0012448729,0.09401939,-2e-44,0.453,-0.135,14.439,-0.207,20.801,0.4,-80.864,0.55,-148.334,-0.074,6.362,0.508,-95.303,0.638,-162.772,0.561,-101.665,0.68,-169.135,0.193,-67.47,0.363,0.102,0.069,0.451,0.147,0.1,-1.752,-2.032,-0.387,-3.213,-3.727,-1.049,0.105,0.045,0.03,-1.573,-2.394,-0.456,-2.686,-4.089,-1.151,-1.678,-2.202,-0.487,-2.791,-3.664,-1.196,-1.113,-1.461,-1.695,-0.16,-0.173,-0.435,-0.3,-0.326,-0.727,0.202,0.357,0.315,0.25,0.408,0.364,-0.147,-0.163,-0.292,0.351,0.686,0.488,0.405,0.716,0.524,0.473,0.848,0.683,0.533,0.863,0.708,0.06,0.055,0.049,-2.792,-4.488,0.48,-0.715,0.571,0.085,-2.408,-3.869,0.33,-0.82,0.436,-0.02,1.472,-2.192,1.174,-2.915,2.113,2.144,2.585,0.383,2.288,-0.107,3.121,3.166,-2.241,-3.937,1.031,-0.164,1.122,0.636,0.434,-0.615,0.572,0.185,1.542,-2.185,2.774,2.874,3.003,0.972,4.097,4.245,1.196,0.046,1.302,0.846,0.731,-0.317,0.87,0.483,3.264,3.333,4.821,4.923,0.207,0.238,0.036,0.136,-0.009,0.06,-0.137,14.618,-0.207,20.847,0.395,-79.262,0.54,-142.425,-0.072,6.229,0.505,-93.88,0.63,-157.042,0.557,-100.109,0.672,-163.272,0.184,-63.163,0.367,0.104,0.072,0.452,0.149,0.103,-1.719,-1.988,-0.39,-3.09,-3.572,-1.017,0.103,0.045,0.031,-1.546,-2.355,-0.462,-2.586,-3.939,-1.122,-1.649,-2.172,-0.493,-2.689,-3.542,-1.166,-1.04,-1.37,-1.584,-0.162,-0.174,-0.433,-0.299,-0.324,-0.714,0.199,0.35,0.311,0.247,0.4,0.358,-0.144,-0.158,-0.281,0.35,0.68,0.485,0.404,0.71,0.52,0.47,0.838,0.674,0.528,0.854,0.699,0.058,0.053,0.047,-2.752,-4.336,0.474,-0.692,0.563,0.07,-2.38,-3.75,0.327,-0.795,0.43,-0.032,1.441,-2.101,1.149,-2.79,2.079,2.109,2.481,0.309,2.189,-0.165,3.016,3.061,-2.194,-3.778,1.032,-0.134,1.121,0.628,0.431,-0.586,0.566,0.176,1.514,-2.059,2.738,2.84,2.884,0.896,3.973,4.122,1.194,0.072,1.296,0.834,0.722,-0.295,0.857,0.467,3.212,3.284,4.661,4.766,0.207,0.237,0.03,0.133,-0.014,0.058
2018-08-09,CTD7,4176724,690397,0.014147709,0.019710517,0.023046864,0.006824324,0.00424648,0.00116869,0.0011832258,0.00048214532,0.014173267,0.019818662,0.02288861,0.0069072363,0.004597962,0.0011132678,0.0009144866,-2e-44,0.414,-0.164,19.948,-0.239,27.293,0.349,-75.852,0.538,-164.806,-0.078,7.344,0.486,-95.8,0.645,-184.755,0.543,-103.145,0.689,-192.099,0.233,-88.954,0.46,0.136,0.085,0.538,0.186,0.116,-1.495,-1.748,-0.322,-3.248,-3.798,-1.125,0.104,0.05,0.031,-1.355,-2.208,-0.407,-2.614,-4.258,-1.261,-1.459,-2.033,-0.438,-2.718,-3.786,-1.311,-1.259,-1.753,-2.05,-0.186,-0.204,-0.502,-0.335,-0.371,-0.804,0.171,0.306,0.268,0.232,0.373,0.331,-0.159,-0.181,-0.301,0.346,0.701,0.472,0.416,0.737,0.518,0.479,0.882,0.677,0.555,0.896,0.709,0.076,0.069,0.06,-2.659,-4.71,0.422,-0.889,0.534,0.096,-2.274,-4.028,0.268,-0.993,0.398,-0.008,1.218,-2.568,0.904,-3.354,1.858,1.889,2.476,0.443,2.162,-0.046,2.985,3.036,-1.984,-4.034,1.097,-0.214,1.209,0.771,0.373,-0.752,0.555,0.233,1.259,-2.539,2.588,2.704,3.013,1.264,4.159,4.346,1.283,0.022,1.414,1.007,0.687,-0.438,0.869,0.547,3.077,3.162,4.945,5.081,0.267,0.298,0.046,0.162,-0.004,0.081,-0.166,20.098,-0.235,26.866,0.345,-74.22,0.51,-146.932,-0.072,6.768,0.483,-94.318,0.623,-167.03,0.536,-101.086,0.665,-173.798,0.201,-72.712,0.46,0.139,0.092,0.532,0.186,0.124,-1.471,-1.699,-0.341,-2.912,-3.363,-1.015,0.096,0.047,0.031,-1.337,-2.159,-0.434,-2.367,-3.823,-1.154,-1.433,-2.003,-0.465,-2.463,-3.444,-1.2,-1.031,-1.441,-1.664,-0.189,-0.205,-0.491,-0.326,-0.357,-0.758,0.17,0.298,0.264,0.224,0.358,0.321,-0.146,-0.164,-0.267,0.348,0.688,0.47,0.411,0.722,0.511,0.47,0.851,0.655,0.538,0.868,0.684,0.068,0.062,0.054,-2.599,-4.263,0.413,-0.787,0.514,0.049,-2.25,-3.691,0.271,-0.883,0.387,-0.046,1.186,-2.258,0.897,-2.926,1.82,1.851,2.217,0.213,1.928,-0.231,2.734,2.781,-1.915,-3.58,1.097,-0.104,1.197,0.733,0.379,-0.636,0.541,0.2,1.254,-2.109,2.545,2.668,2.695,0.997,3.823,4.009,1.266,0.113,1.383,0.949,0.668,-0.347,0.83,0.489,2.989,3.082,4.491,4.629,0.255,0.286,0.024,0.148,-0.023,0.07
2018-08-09,CTD8,4174178,693048,0.0,0.0,0.0,0.0,0.0,0.0,0.0,0.0,0.0,0.0,0.0,0.0,0.0,0.0,0.0,0.0,0.506,,,,,,,,,,,,,,,,,,,,,,,,,,,,,,,,,,,,,,,,,,,,,,,,,,,,,,,,,,,,,,,,,,,,,,,,,,,,,,,,,,,,,,,,,,,,,,,,,,,,,,,,,,,,,,,,,,,,,,,,,,,,,,,,,,,,,,,,,,,,,,,,,,,,,,,,,,,,,,,,,,,,,,,,,,,,,,,,,,,,,,,,,,,,,,,,,,,,,,,,,,,,,,,,,,,,,,,,,,,,,,,,,,,,,,,,,,,,,,,,,,,,,,,,,,,,,,,,,,,,,,,,,,,,,,,,,,,,,,,,
2018-08-09,CTD10,4170388,695646,0.019506097,0.025511554,0.023001272,0.0058125127,0.0032102347,0.00092862605,0.0009306975,0.00038288272,0.019571224,0.025725534,0.022776216,0.005871994,0.0036795035,0.000854958,0.00024008301,-2e-44,0.64,-0.133,12.068,-0.082,7.79,0.541,-120.777,0.717,-260.238,0.052,-4.278,0.629,-132.845,0.776,-272.306,0.597,-128.567,0.755,-268.028,0.288,-139.461,0.278,0.07,0.039,0.199,0.045,0.025,-3.081,-2.778,-0.388,-6.639,-5.986,-1.513,-0.083,-0.025,-0.014,-2.591,-3.056,-0.426,-5.312,-6.263,-1.583,-2.508,-3.28,-0.413,-5.228,-6.838,-1.558,-2.72,-3.558,-3.208,-0.208,-0.229,-0.666,-0.112,-0.122,-0.387,0.282,0.477,0.522,0.336,0.52,0.566,0.099,0.111,0.278,0.463,0.867,0.752,0.525,0.881,0.774,0.382,0.757,0.598,0.44,0.782,0.632,0.058,0.061,0.054,-3.193,-6.4,0.512,-1.046,0.625,0.212,-3.541,-7.099,0.62,-0.963,0.722,0.296,2.247,-4.591,2.454,-3.809,3.23,3.216,4.967,1.687,5.175,2.119,5.848,5.824,-2.649,-5.857,1.055,-0.503,1.168,0.756,0.811,-0.701,0.945,0.557,3.21,-2.776,4.224,4.25,6.768,3.99,7.649,7.694,0.951,-0.631,1.053,0.627,0.604,-0.909,0.737,0.349,3.793,3.831,6.867,6.937,0.172,0.158,0.063,0.088,0.088,0.127,-0.136,12.224,-0.076,7.19,0.538,-119.204,0.683,-220.68,0.061,-5.034,0.628,-131.428,0.75,-232.904,0.59,-126.394,0.722,-227.87,0.23,-101.476,0.278,0.072,0.045,0.185,0.042,0.026,-3.067,-2.715,-0.439,-5.677,-5.026,-1.296,-0.099,-0.03,-0.019,-2.572,-2.993,-0.484,-4.558,-5.305,-1.368,-2.474,-3.252,-0.465,-4.46,-5.862,-1.338,-1.986,-2.611,-2.311,-0.215,-0.233,-0.644,-0.101,-0.109,-0.336,0.282,0.466,0.518,0.328,0.503,0.555,0.116,0.127,0.309,0.469,0.854,0.75,0.521,0.866,0.77,0.373,0.727,0.575,0.422,0.751,0.604,0.048,0.052,0.045,-3.118,-5.429,0.503,-0.835,0.599,0.134,-3.522,-6.132,0.631,-0.737,0.716,0.233,2.203,-3.659,2.448,-2.857,3.19,3.171,4.189,0.938,4.434,1.44,5.091,5.061,-2.564,-4.876,1.057,-0.281,1.153,0.688,0.829,-0.466,0.941,0.503,3.217,-1.809,4.193,4.22,5.828,3.113,6.692,6.734,0.936,-0.432,1.021,0.537,0.585,-0.711,0.697,0.259,3.691,3.736,5.89,5.962,0.157,0.138,0.04,0.067,0.07,0.115
2018-08-09,CTD11,4169609,700351,0.03179297,0.03666804,0.033731535,0.015846442,0.008491229,0.0027534962,0.0026621534,0.0011286712,0.030858519,0.03744581,0.03279811,0.015524082,0.01008115,0.0022771184,0.00012486629,-2e-44,0.445,-0.071,4.182,-0.03,1.808,0.335,-31.652,0.578,-86.315,0.042,-2.374,0.396,-35.834,0.624,-90.497,0.361,-33.46,0.598,-88.123,0.302,-54.663,0.141,0.066,0.036,0.066,0.029,0.015,-1.161,-1.068,-0.269,-3.165,-2.912,-1.368,-0.075,-0.038,-0.02,-1.139,-1.209,-0.304,-2.877,-3.053,-1.434,-1.064,-1.227,-0.284,-2.802,-3.231,-1.396,-1.738,-2.004,-1.844,-0.098,-0.115,-0.2,-0.037,-0.043,-0.08,0.227,0.353,0.378,0.331,0.444,0.47,0.062,0.073,0.121,0.318,0.517,0.493,0.43,0.591,0.568,0.261,0.444,0.396,0.369,0.53,0.481,0.107,0.112,0.104,-1.262,-3.105,0.397,-0.999,0.615,0.331,-1.371,-3.376,0.51,-0.924,0.711,0.407,0.919,-2.312,1.086,-1.966,1.775,1.755,2.657,1.43,2.824,1.616,3.312,3.274,-0.975,-2.819,0.684,-0.713,0.902,0.617,0.589,-0.779,0.82,0.551,1.253,-1.659,2.047,2.062,3.257,2.19,3.82,3.849,0.629,-0.805,0.829,0.525,0.421,-0.946,0.653,0.384,1.862,1.897,3.474,3.54,0.267,0.247,0.165,0.18,0.203,0.238,-0.096,5.701,-0.03,1.916,0.331,-32.01,0.508,-66.789,0.066,-3.784,0.414,-37.711,0.576,-72.49,0.357,-33.926,0.53,-68.705,0.213,-34.779,0.187,0.088,0.057,0.072,0.03,0.019,-1.199,-1.05,-0.323,-2.501,-2.191,-1.037,-0.117,-0.059,-0.038,-1.164,-1.237,-0.38,-2.237,-2.378,-1.125,-1.047,-1.27,-0.342,-2.12,-2.573,-1.067,-1.073,-1.302,-1.141,-0.136,-0.154,-0.257,-0.037,-0.041,-0.076,0.218,0.323,0.358,0.296,0.392,0.43,0.1,0.114,0.182,0.344,0.535,0.511,0.43,0.59,0.566,0.253,0.422,0.363,0.333,0.49,0.429,0.08,0.086,0.077,-1.289,-2.429,0.351,-0.716,0.517,0.175,-1.471,-2.774,0.526,-0.599,0.672,0.291,0.846,-1.727,1.112,-1.266,1.719,1.68,1.919,0.649,2.185,0.948,2.646,2.588,-0.899,-2.04,0.74,-0.326,0.906,0.564,0.639,-0.398,0.815,0.492,1.349,-0.841,2.085,2.105,2.652,1.602,3.211,3.241,0.648,-0.477,0.794,0.413,0.373,-0.664,0.549,0.226,1.786,1.844,2.75,2.839,0.234,0.196,0.088,0.107,0.147,0.204
2018-08-09,CTD12,4173438,695414,0.023191836,0.03164931,0.032582626,0.010851542,0.005952734,0.0017250688,0.0017699575,0.00073161395,0.023111653,0.031947106,0.03234383,0.0109544555,0.0068341075,0.0015183525,0.0002696906,-8.000000000000001e-45,0.425,-0.154,11.522,-0.168,12.427,0.362,-49.034,0.592,-124.871,-0.015,0.905,0.489,-60.557,0.683,-136.394,0.5,-61.462,0.691,-137.299,0.292,-75.837,0.375,0.125,0.069,0.393,0.135,0.074,-1.552,-1.598,-0.292,-3.952,-4.069,-1.355,0.021,0.01,0.005,-1.404,-1.973,-0.36,-3.163,-4.444,-1.48,-1.425,-1.945,-0.366,-3.184,-4.345,-1.49,-1.759,-2.4,-2.471,-0.195,-0.219,-0.503,-0.221,-0.25,-0.559,0.192,0.328,0.32,0.268,0.406,0.397,-0.027,-0.032,-0.056,0.373,0.714,0.54,0.461,0.755,0.592,0.396,0.746,0.578,0.486,0.782,0.627,0.089,0.088,0.076,-2.27,-4.741,0.4,-1.09,0.55,0.184,-2.205,-4.605,0.369,-1.111,0.524,0.163,1.166,-3.18,1.108,-3.336,1.949,1.954,2.925,0.979,2.867,0.893,3.553,3.563,-1.638,-4.109,1.032,-0.458,1.182,0.816,0.503,-0.852,0.715,0.423,1.512,-2.557,2.66,2.734,3.912,2.314,4.849,4.984,1.062,-0.418,1.217,0.856,0.562,-0.793,0.773,0.481,2.746,2.814,5.006,5.131,0.28,0.285,0.086,0.16,0.076,0.145,-0.16,11.966,-0.166,12.35,0.357,-48.019,0.544,-103.057,-0.006,0.384,0.489,-59.985,0.648,-115.023,0.494,-60.369,0.651,-115.407,0.232,-55.038,0.387,0.131,0.082,0.395,0.135,0.084,-1.534,-1.553,-0.328,-3.292,-3.333,-1.129,0.009,0.004,0.003,-1.386,-1.94,-0.41,-2.658,-3.72,-1.26,-1.395,-1.929,-0.413,-2.667,-3.687,-1.264,-1.272,-1.758,-1.78,-0.204,-0.226,-0.497,-0.215,-0.238,-0.519,0.189,0.313,0.31,0.253,0.379,0.376,-0.012,-0.013,-0.022,0.379,0.701,0.536,0.453,0.737,0.58,0.388,0.714,0.552,0.463,0.749,0.595,0.075,0.074,0.064,-2.229,-4.009,0.385,-0.879,0.512,0.1,-2.202,-3.96,0.372,-0.888,0.501,0.091,1.122,-2.565,1.097,-2.623,1.896,1.898,2.394,0.465,2.369,0.429,3.039,3.043,-1.57,-3.35,1.044,-0.221,1.171,0.758,0.514,-0.615,0.692,0.364,1.517,-1.816,2.621,2.705,3.275,1.722,4.201,4.336,1.057,-0.203,1.186,0.776,0.538,-0.59,0.717,0.389,2.657,2.739,4.259,4.39,0.26,0.263,0.047,0.132,0.043,0.125
2018-08-14,CTD1,4187246,695025,0.01855043,0.0242191,0.030379258,0.011390899,0.008199156,0.00223044,0.0022670042,0.0008966876,0.018337773,0.024283746,0.030317478,0.011426541,0.008214149,0.0021236942,0.12729686,-8.000000000000001e-45,0.272,-0.133,12.617,-0.242,20.99,0.239,-33.882,0.387,-68.057,-0.113,8.373,0.36,-46.5,0.494,-80.674,0.455,-54.872,0.575,-89.047,0.163,-34.174,0.383,0.144,0.103,0.508,0.239,0.172,-0.821,-1.029,-0.278,-1.648,-2.068,-0.775,0.155,0.095,0.069,-0.863,-1.413,-0.381,-1.497,-2.451,-0.919,-1.018,-1.329,-0.45,-1.652,-2.157,-1.014,-0.634,-0.828,-1.038,-0.136,-0.147,-0.289,-0.332,-0.365,-0.604,0.131,0.221,0.186,0.19,0.291,0.248,-0.206,-0.23,-0.314,0.262,0.48,0.333,0.327,0.535,0.384,0.444,0.71,0.586,0.519,0.741,0.623,0.075,0.065,0.058,-1.901,-2.939,0.391,-0.623,0.496,0.046,-1.516,-2.343,0.14,-0.779,0.272,-0.109,0.831,-1.325,0.374,-2.077,1.29,1.359,1.465,0.136,1.008,-0.404,1.792,1.888,-1.361,-2.4,0.931,-0.084,1.036,0.586,0.183,-0.592,0.355,0.077,0.489,-1.579,1.684,1.856,1.316,0.287,2.34,2.579,1.167,0.248,1.299,0.918,0.64,-0.135,0.812,0.535,2.225,2.328,3.091,3.235,0.276,0.344,0.028,0.2,-0.067,0.036,-0.14,13.352,-0.246,21.548,0.232,-32.983,0.381,-67.209,-0.111,8.196,0.36,-46.336,0.494,-80.561,0.453,-54.531,0.574,-88.757,0.164,-34.226,0.405,0.153,0.11,0.523,0.246,0.177,-0.801,-1.0,-0.271,-1.632,-2.038,-0.768,0.15,0.094,0.067,-0.85,-1.405,-0.381,-1.477,-2.442,-0.921,-1.0,-1.324,-0.448,-1.628,-2.155,-1.014,-0.628,-0.831,-1.038,-0.142,-0.154,-0.303,-0.335,-0.369,-0.61,0.127,0.213,0.179,0.185,0.283,0.243,-0.203,-0.227,-0.307,0.264,0.484,0.334,0.33,0.54,0.385,0.443,0.711,0.581,0.519,0.743,0.619,0.075,0.066,0.059,-1.898,-2.936,0.378,-0.636,0.484,0.036,-1.52,-2.351,0.134,-0.786,0.267,-0.114,0.804,-1.351,0.356,-2.086,1.267,1.334,1.431,0.107,0.984,-0.421,1.762,1.856,-1.329,-2.367,0.947,-0.067,1.053,0.605,0.178,-0.59,0.353,0.082,0.472,-1.566,1.677,1.854,1.303,0.303,2.333,2.579,1.183,0.262,1.315,0.934,0.625,-0.143,0.801,0.53,2.205,2.315,3.068,3.22,0.285,0.352,0.023,0.2,-0.071,0.039
2018-08-14,CTD2,4181518,693105,0.018437311,0.021632198,0.02679156,0.010760947,0.009228765,0.0026067994,0.0023339859,0.0009417427,0.018073339,0.021570137,0.026746446,0.010624916,0.008591686,0.0025618149,0.3739849,-2e-44,0.468,-0.08,8.01,-0.185,16.913,0.263,-38.691,0.333,-54.119,-0.107,8.902,0.336,-46.701,0.402,-62.129,0.427,-55.603,0.488,-71.032,0.077,-15.428,0.215,0.086,0.074,0.366,0.182,0.156,-0.837,-1.037,-0.357,-1.171,-1.45,-0.582,0.164,0.096,0.082,-0.861,-1.251,-0.431,-1.146,-1.665,-0.669,-1.025,-1.203,-0.513,-1.31,-1.537,-0.764,-0.284,-0.334,-0.413,-0.085,-0.089,-0.16,-0.258,-0.271,-0.418,0.159,0.249,0.213,0.19,0.284,0.245,-0.177,-0.186,-0.258,0.24,0.393,0.302,0.274,0.425,0.33,0.4,0.579,0.519,0.438,0.602,0.542,0.038,0.034,0.032,-1.637,-2.051,0.451,-0.314,0.508,-0.005,-1.322,-1.656,0.191,-0.478,0.262,-0.169,0.906,-0.631,0.475,-1.19,1.287,1.369,1.19,-0.012,0.759,-0.492,1.5,1.596,-1.316,-1.73,0.772,0.007,0.829,0.316,0.224,-0.359,0.307,-0.05,0.557,-0.893,1.51,1.666,0.891,-0.146,1.76,1.942,0.956,0.287,1.026,0.596,0.655,0.072,0.738,0.381,1.989,2.063,2.319,2.406,0.157,0.239,-0.003,0.153,-0.099,-0.025,-0.088,8.97,-0.194,17.942,0.26,-38.788,0.356,-61.061,-0.107,8.972,0.34,-47.758,0.43,-70.031,0.431,-56.73,0.514,-79.003,0.106,-22.273,0.24,0.095,0.077,0.387,0.191,0.154,-0.837,-1.037,-0.333,-1.317,-1.633,-0.649,0.162,0.095,0.077,-0.863,-1.277,-0.41,-1.266,-1.873,-0.744,-1.025,-1.224,-0.487,-1.428,-1.704,-0.839,-0.403,-0.48,-0.596,-0.094,-0.099,-0.182,-0.269,-0.288,-0.451,0.154,0.247,0.211,0.196,0.295,0.254,-0.18,-0.194,-0.269,0.244,0.41,0.31,0.29,0.452,0.347,0.407,0.605,0.535,0.458,0.633,0.564,0.051,0.045,0.042,-1.679,-2.275,0.441,-0.399,0.517,0.029,-1.354,-1.835,0.183,-0.561,0.277,-0.133,0.895,-0.81,0.461,-1.412,1.303,1.38,1.297,0.073,0.864,-0.414,1.611,1.706,-1.324,-1.92,0.796,-0.043,0.872,0.385,0.219,-0.43,0.331,-0.002,0.55,-1.083,1.555,1.709,1.031,-0.007,1.923,2.113,0.987,0.243,1.082,0.671,0.652,0.003,0.765,0.431,2.042,2.119,2.525,2.62,0.19,0.267,0.017,0.171,-0.078,-0.001
2018-08-14,CTD3,4181698,695238,0.030278634,0.03597254,0.03501645,0.011788454,0.0071410956,0.002061129,0.0020562424,0.00083551294,0.02964727,0.036230907,0.034836754,0.01172826,0.007702802,0.0018329615,0.0001827626,-8.000000000000001e-45,0.157,-0.086,5.228,-0.073,4.469,0.44,-51.802,0.618,-107.008,0.013,-0.759,0.506,-57.03,0.669,-112.236,0.496,-56.271,0.661,-111.477,0.246,-55.206,0.183,0.062,0.037,0.161,0.053,0.032,-1.863,-1.814,-0.37,-3.849,-3.747,-1.261,-0.023,-0.009,-0.005,-1.727,-1.997,-0.407,-3.398,-3.93,-1.323,-1.704,-2.024,-0.402,-3.375,-4.01,-1.314,-1.672,-1.986,-1.933,-0.122,-0.135,-0.301,-0.099,-0.11,-0.25,0.26,0.429,0.439,0.326,0.484,0.494,0.023,0.026,0.051,0.37,0.646,0.574,0.442,0.685,0.616,0.351,0.621,0.539,0.421,0.663,0.584,0.07,0.071,0.065,-2.129,-4.062,0.505,-0.809,0.638,0.236,-2.187,-4.173,0.537,-0.786,0.666,0.259,1.541,-2.469,1.595,-2.335,2.37,2.365,3.213,1.189,3.267,1.27,3.912,3.903,-1.782,-3.715,0.851,-0.463,0.984,0.582,0.638,-0.623,0.791,0.422,1.895,-1.852,2.816,2.848,3.881,2.067,4.648,4.701,0.829,-0.494,0.958,0.551,0.584,-0.677,0.738,0.368,2.735,2.772,4.514,4.576,0.191,0.185,0.092,0.124,0.101,0.138,-0.1,6.129,-0.08,5.025,0.433,-51.534,0.588,-96.093,0.02,-1.105,0.511,-57.663,0.649,-102.222,0.496,-56.559,0.638,-101.118,0.207,-44.559,0.214,0.072,0.047,0.182,0.059,0.039,-1.867,-1.795,-0.397,-3.482,-3.348,-1.127,-0.033,-0.013,-0.009,-1.71,-2.009,-0.444,-3.031,-3.561,-1.199,-1.677,-2.049,-0.436,-2.998,-3.664,-1.186,-1.321,-1.614,-1.552,-0.141,-0.155,-0.339,-0.108,-0.118,-0.267,0.252,0.408,0.421,0.309,0.458,0.471,0.034,0.037,0.072,0.38,0.656,0.576,0.442,0.689,0.613,0.351,0.619,0.526,0.412,0.656,0.566,0.061,0.062,0.057,-2.152,-3.704,0.482,-0.704,0.597,0.162,-2.238,-3.853,0.527,-0.672,0.638,0.194,1.488,-2.176,1.566,-1.995,2.315,2.307,2.809,0.76,2.887,0.879,3.525,3.512,-1.748,-3.301,0.885,-0.301,1.001,0.565,0.644,-0.483,0.78,0.383,1.914,-1.433,2.829,2.868,3.529,1.733,4.308,4.367,0.851,-0.348,0.962,0.518,0.566,-0.561,0.702,0.305,2.711,2.758,4.127,4.199,0.183,0.174,0.064,0.103,0.077,0.124
2018-08-14,CTD4,4180266,698264,0.027095882,0.032440197,0.031641755,0.009693719,0.0060332543,0.0017110766,0.0017260752,0.00069508306,0.026692003,0.03263228,0.031521555,0.009662152,0.0064058555,0.0015639432,0.00041200506,-8.000000000000001e-45,0.368,-0.09,6.08,-0.077,5.302,0.473,-66.254,0.636,-128.842,0.012,-0.778,0.54,-72.334,0.686,-134.922,0.531,-71.556,0.68,-134.144,0.233,-62.588,0.192,0.059,0.037,0.172,0.051,0.032,-2.149,-2.096,-0.4,-4.18,-4.077,-1.249,-0.021,-0.008,-0.005,-1.96,-2.289,-0.436,-3.656,-4.269,-1.308,-1.939,-2.321,-0.432,-3.635,-4.352,-1.3,-1.696,-2.03,-1.98,-0.129,-0.142,-0.34,-0.108,-0.118,-0.289,0.272,0.452,0.462,0.329,0.5,0.51,0.022,0.024,0.051,0.387,0.687,0.604,0.45,0.718,0.639,0.369,0.662,0.57,0.43,0.696,0.608,0.061,0.062,0.057,-2.429,-4.409,0.529,-0.771,0.645,0.213,-2.49,-4.521,0.558,-0.75,0.67,0.234,1.77,-2.582,1.82,-2.449,2.609,2.605,3.466,1.145,3.516,1.227,4.192,4.185,-2.067,-4.047,0.891,-0.409,1.007,0.575,0.667,-0.581,0.803,0.403,2.179,-1.898,3.124,3.156,4.209,2.113,5.019,5.071,0.869,-0.439,0.982,0.545,0.618,-0.631,0.753,0.353,3.041,3.078,4.887,4.946,0.172,0.167,0.076,0.108,0.084,0.12,-0.1,6.82,-0.083,5.74,0.468,-66.032,0.613,-118.643,0.017,-1.08,0.543,-72.852,0.672,-125.463,0.531,-71.772,0.662,-124.383,0.203,-52.611,0.215,0.066,0.044,0.187,0.055,0.037,-2.155,-2.081,-0.423,-3.872,-3.74,-1.146,-0.029,-0.01,-0.007,-1.945,-2.296,-0.467,-3.349,-3.955,-1.212,-1.916,-2.342,-0.46,-3.32,-4.059,-1.202,-1.404,-1.717,-1.658,-0.144,-0.157,-0.37,-0.114,-0.124,-0.301,0.265,0.436,0.449,0.316,0.48,0.493,0.031,0.034,0.069,0.395,0.694,0.606,0.451,0.721,0.637,0.368,0.66,0.56,0.423,0.691,0.594,0.055,0.056,0.051,-2.444,-4.103,0.511,-0.69,0.615,0.155,-2.531,-4.247,0.551,-0.662,0.65,0.184,1.727,-2.332,1.797,-2.158,2.566,2.559,3.132,0.789,3.201,0.904,3.871,3.86,-2.04,-3.698,0.916,-0.286,1.019,0.56,0.673,-0.473,0.795,0.372,2.196,-1.543,3.137,3.174,3.913,1.832,4.732,4.788,0.885,-0.327,0.985,0.518,0.604,-0.542,0.726,0.303,3.022,3.066,4.559,4.625,0.166,0.159,0.056,0.093,0.067,0.11
2018-08-14,CTD6,4176009,695829,0.018009817,0.023422766,0.022268714,0.004530033,0.0028277272,0.0007408266,0.00074120535,0.00029267615,0.018099248,0.023461666,0.02231739,0.0046059075,0.0029853492,0.00072726706,0.040298775,-8.000000000000001e-45,0.409,-0.131,12.832,-0.106,10.619,0.598,-165.224,0.729,-298.116,0.025,-2.213,0.676,-178.055,0.785,-310.947,0.662,-175.843,0.775,-308.735,0.231,-132.892,0.286,0.058,0.036,0.249,0.048,0.03,-3.87,-3.679,-0.467,-6.983,-6.639,-1.35,-0.04,-0.01,-0.006,-3.207,-3.965,-0.503,-5.6,-6.924,-1.409,-3.167,-4.119,-0.497,-5.56,-7.231,-1.399,-2.393,-3.113,-2.959,-0.202,-0.216,-0.736,-0.152,-0.162,-0.579,0.295,0.514,0.537,0.332,0.543,0.567,0.051,0.055,0.157,0.469,0.907,0.753,0.511,0.914,0.769,0.428,0.851,0.676,0.469,0.863,0.695,0.041,0.042,0.037,-4.147,-7.106,0.565,-0.833,0.642,0.145,-4.362,-7.474,0.615,-0.793,0.688,0.185,2.924,-4.308,3.025,-3.899,3.855,3.849,5.317,1.198,5.418,1.453,6.176,6.166,-3.615,-6.575,1.097,-0.301,1.174,0.676,0.8,-0.55,0.895,0.428,3.934,-2.705,5.014,5.044,7.047,3.367,8.032,8.08,1.043,-0.366,1.116,0.612,0.699,-0.651,0.794,0.327,4.759,4.795,7.624,7.682,0.131,0.125,0.036,0.066,0.046,0.083,-0.129,12.628,-0.104,10.443,0.594,-161.862,0.717,-279.718,0.025,-2.185,0.672,-174.49,0.774,-292.346,0.658,-172.304,0.764,-290.161,0.213,-117.857,0.282,0.058,0.038,0.245,0.048,0.031,-3.798,-3.612,-0.483,-6.563,-6.243,-1.288,-0.04,-0.01,-0.007,-3.158,-3.894,-0.521,-5.291,-6.524,-1.347,-3.119,-4.043,-0.514,-5.252,-6.808,-1.336,-2.133,-2.765,-2.63,-0.199,-0.212,-0.706,-0.15,-0.159,-0.556,0.295,0.51,0.533,0.33,0.538,0.561,0.05,0.054,0.151,0.467,0.894,0.745,0.507,0.902,0.761,0.426,0.84,0.67,0.465,0.851,0.689,0.039,0.04,0.035,-4.074,-6.704,0.565,-0.771,0.638,0.123,-4.283,-7.048,0.615,-0.732,0.684,0.163,2.878,-3.929,2.978,-3.546,3.802,3.796,5.011,0.969,5.111,1.217,5.866,5.856,-3.549,-6.179,1.09,-0.247,1.163,0.648,0.797,-0.492,0.886,0.403,3.861,-2.382,4.929,4.96,6.626,3.014,7.604,7.653,1.037,-0.31,1.106,0.585,0.697,-0.592,0.786,0.303,4.68,4.718,7.221,7.279,0.127,0.121,0.031,0.063,0.041,0.079
2018-08-14,CTD7,4176724,690397,0.022691265,0.028549453,0.03269803,0.0101186335,0.007058632,0.0018825841,0.0018768419,0.0007427738,0.022432087,0.028597476,0.032770164,0.010166602,0.0070609977,0.0017928464,0.11584147,-8.000000000000001e-45,0.302,-0.114,9.043,-0.181,13.487,0.383,-54.758,0.525,-97.601,-0.068,4.444,0.477,-63.801,0.604,-106.644,0.527,-68.245,0.645,-111.088,0.178,-42.843,0.296,0.092,0.064,0.385,0.136,0.095,-1.563,-1.79,-0.387,-2.786,-3.191,-0.988,0.101,0.045,0.031,-1.448,-2.086,-0.45,-2.42,-3.487,-1.079,-1.549,-1.948,-0.482,-2.521,-3.171,-1.124,-0.972,-1.223,-1.401,-0.137,-0.147,-0.341,-0.259,-0.281,-0.583,0.205,0.353,0.316,0.255,0.404,0.365,-0.126,-0.139,-0.242,0.333,0.62,0.464,0.388,0.655,0.502,0.441,0.759,0.634,0.5,0.781,0.663,0.06,0.055,0.05,-2.437,-3.838,0.485,-0.639,0.579,0.097,-2.128,-3.351,0.34,-0.74,0.447,-0.004,1.369,-1.802,1.097,-2.39,1.995,2.027,2.342,0.393,2.069,-0.017,2.86,2.905,-1.973,-3.374,0.949,-0.175,1.042,0.561,0.427,-0.56,0.562,0.176,1.38,-1.811,2.51,2.606,2.604,0.813,3.599,3.735,1.087,0.007,1.194,0.743,0.699,-0.288,0.834,0.448,2.92,2.984,4.186,4.278,0.199,0.23,0.043,0.139,-0.002,0.062,-0.121,9.611,-0.187,14.063,0.376,-53.782,0.521,-97.044,-0.068,4.453,0.475,-63.393,0.604,-106.655,0.526,-67.846,0.645,-111.107,0.18,-43.262,0.315,0.098,0.068,0.402,0.143,0.099,-1.538,-1.762,-0.38,-2.775,-3.18,-0.987,0.1,0.045,0.031,-1.422,-2.077,-0.448,-2.392,-3.495,-1.084,-1.522,-1.94,-0.479,-2.492,-3.177,-1.13,-0.97,-1.237,-1.418,-0.144,-0.155,-0.358,-0.267,-0.29,-0.6,0.2,0.344,0.308,0.25,0.397,0.358,-0.128,-0.141,-0.242,0.334,0.625,0.463,0.39,0.661,0.502,0.443,0.766,0.634,0.504,0.789,0.663,0.061,0.056,0.051,-2.439,-3.857,0.474,-0.655,0.569,0.09,-2.128,-3.366,0.329,-0.755,0.438,-0.01,1.334,-1.844,1.061,-2.435,1.96,1.991,2.304,0.364,2.031,-0.046,2.821,2.867,-1.948,-3.366,0.965,-0.165,1.059,0.58,0.419,-0.567,0.558,0.178,1.352,-1.828,2.498,2.597,2.589,0.827,3.597,3.74,1.105,0.021,1.214,0.766,0.693,-0.294,0.831,0.451,2.909,2.976,4.188,4.286,0.206,0.238,0.041,0.14,-0.005,0.063
2018-08-14,CTD8,4174178,693048,0.022905659,0.029726254,0.03050738,0.008889057,0.005269589,0.0014601367,0.0014644664,0.0005945958,0.022841599,0.029907644,0.030423084,0.009012962,0.0057624746,0.0013393586,0.00027216744,-8.000000000000001e-45,0.41,-0.13,10.017,-0.142,10.878,0.441,-68.841,0.626,-146.111,-0.013,0.861,0.54,-78.858,0.699,-156.128,0.549,-79.719,0.705,-156.989,0.256,-77.27,0.306,0.089,0.053,0.323,0.097,0.057,-2.046,-2.1,-0.363,-4.343,-4.457,-1.299,0.02,0.008,0.005,-1.806,-2.406,-0.416,-3.576,-4.763,-1.388,-1.826,-2.37,-0.42,-3.596,-4.667,-1.395,-1.77,-2.297,-2.357,-0.173,-0.191,-0.482,-0.197,-0.217,-0.537,0.233,0.401,0.392,0.293,0.457,0.448,-0.025,-0.028,-0.055,0.39,0.74,0.582,0.458,0.769,0.621,0.411,0.767,0.618,0.48,0.794,0.654,0.069,0.068,0.06,-2.661,-5.019,0.479,-0.916,0.598,0.178,-2.593,-4.89,0.452,-0.936,0.574,0.158,1.602,-3.064,1.551,-3.212,2.4,2.404,3.372,1.003,3.32,0.915,4.048,4.055,-2.134,-4.492,1.006,-0.389,1.125,0.705,0.586,-0.712,0.744,0.382,2.012,-2.445,3.114,3.171,4.309,2.209,5.253,5.35,1.033,-0.355,1.155,0.739,0.638,-0.661,0.796,0.433,3.202,3.255,5.401,5.49,0.211,0.215,0.069,0.126,0.061,0.114,-0.134,10.344,-0.142,10.91,0.434,-67.172,0.597,-129.757,-0.009,0.566,0.537,-77.515,0.677,-140.1,0.543,-78.082,0.682,-140.667,0.22,-62.585,0.315,0.093,0.06,0.326,0.098,0.063,-2.009,-2.044,-0.387,-3.881,-3.948,-1.169,0.013,0.005,0.003,-1.771,-2.358,-0.447,-3.2,-4.262,-1.263,-1.784,-2.335,-0.45,-3.213,-4.207,-1.268,-1.43,-1.872,-1.904,-0.179,-0.195,-0.478,-0.195,-0.213,-0.513,0.229,0.388,0.382,0.283,0.439,0.433,-0.016,-0.018,-0.035,0.392,0.73,0.577,0.453,0.758,0.612,0.406,0.748,0.6,0.468,0.774,0.634,0.062,0.061,0.054,-2.612,-4.516,0.467,-0.8,0.574,0.124,-2.567,-4.439,0.449,-0.813,0.558,0.111,1.551,-2.656,1.517,-2.745,2.342,2.345,2.981,0.646,2.947,0.588,3.662,3.668,-2.066,-3.97,1.013,-0.255,1.12,0.67,0.588,-0.581,0.731,0.344,1.986,-1.961,3.066,3.129,3.858,1.815,4.795,4.894,1.031,-0.232,1.139,0.693,0.623,-0.547,0.765,0.378,3.123,3.183,4.885,4.978,0.202,0.205,0.049,0.112,0.044,0.104
2018-08-14,CTD10,4170388,695646,0.023067681,0.026849203,0.030310472,0.01367699,0.009925757,0.0029542581,0.0028854036,0.0011727659,0.022495229,0.02711446,0.030002315,0.013398315,0.010041493,0.0027295318,0.091825776,-2e-44,0.665,-0.076,6.106,-0.136,10.359,0.256,-29.765,0.398,-57.397,-0.061,4.253,0.325,-35.87,0.46,-63.503,0.378,-40.124,0.507,-67.756,0.159,-27.632,0.185,0.084,0.061,0.278,0.142,0.103,-0.799,-0.902,-0.295,-1.541,-1.74,-0.785,0.098,0.058,0.042,-0.827,-1.087,-0.356,-1.465,-1.925,-0.869,-0.926,-1.077,-0.398,-1.563,-1.819,-0.927,-0.637,-0.742,-0.838,-0.086,-0.094,-0.16,-0.179,-0.197,-0.307,0.164,0.255,0.233,0.23,0.324,0.299,-0.094,-0.105,-0.147,0.247,0.399,0.327,0.317,0.461,0.385,0.333,0.504,0.452,0.408,0.555,0.503,0.075,0.07,0.066,-1.357,-2.195,0.408,-0.519,0.532,0.133,-1.202,-1.944,0.252,-0.617,0.391,0.035,0.801,-1.018,0.558,-1.367,1.317,1.359,1.438,0.361,1.195,0.108,1.815,1.873,-1.052,-1.89,0.713,-0.214,0.836,0.438,0.293,-0.492,0.456,0.16,0.649,-1.091,1.533,1.636,1.391,0.489,2.112,2.254,0.805,-0.064,0.944,0.588,0.536,-0.249,0.699,0.403,1.786,1.846,2.461,2.544,0.223,0.265,0.079,0.182,0.021,0.082,-0.093,7.573,-0.143,11.123,0.253,-30.182,0.383,-55.133,-0.051,3.55,0.339,-37.756,0.459,-62.706,0.383,-41.305,0.498,-66.256,0.143,-24.951,0.227,0.101,0.076,0.302,0.149,0.112,-0.818,-0.906,-0.303,-1.495,-1.654,-0.739,0.08,0.048,0.036,-0.849,-1.133,-0.379,-1.411,-1.881,-0.84,-0.929,-1.12,-0.415,-1.49,-1.796,-0.888,-0.561,-0.677,-0.749,-0.106,-0.115,-0.197,-0.185,-0.202,-0.32,0.159,0.245,0.227,0.218,0.307,0.287,-0.08,-0.089,-0.123,0.261,0.422,0.343,0.325,0.476,0.393,0.335,0.51,0.447,0.402,0.556,0.493,0.068,0.064,0.059,-1.41,-2.158,0.383,-0.505,0.495,0.08,-1.274,-1.95,0.256,-0.585,0.379,0.0,0.775,-1.021,0.572,-1.309,1.309,1.344,1.336,0.217,1.134,0.001,1.746,1.794,-1.034,-1.782,0.759,-0.129,0.871,0.456,0.308,-0.431,0.457,0.154,0.69,-0.964,1.577,1.689,1.367,0.461,2.105,2.254,0.84,-0.001,0.963,0.584,0.511,-0.228,0.66,0.357,1.793,1.869,2.392,2.494,0.225,0.261,0.048,0.159,0.0,0.076
2018-08-14,CTD11,4169609,700351,0.01429812,0.018888775,0.019109404,0.0045042043,0.0027746374,0.0007510444,0.0007504073,0.00030155136,0.014366159,0.018957723,0.018966293,0.0045564272,0.0029954615,0.0007287465,0.012046683,-2e-44,0.373,-0.138,16.998,-0.144,17.609,0.521,-152.076,0.675,-290.468,-0.006,0.611,0.615,-169.073,0.744,-307.466,0.619,-169.685,0.746,-308.077,0.238,-138.393,0.325,0.077,0.047,0.333,0.079,0.049,-2.873,-2.906,-0.422,-5.487,-5.551,-1.308,0.009,0.003,0.002,-2.417,-3.231,-0.469,-4.396,-5.875,-1.385,-2.426,-3.205,-0.471,-4.405,-5.819,-1.388,-1.979,-2.614,-2.645,-0.194,-0.21,-0.631,-0.206,-0.222,-0.661,0.258,0.452,0.448,0.303,0.493,0.488,-0.012,-0.013,-0.03,0.431,0.843,0.657,0.482,0.857,0.682,0.44,0.855,0.674,0.492,0.869,0.698,0.052,0.052,0.046,-3.486,-6.13,0.521,-0.866,0.612,0.141,-3.445,-6.059,0.51,-0.875,0.601,0.132,2.186,-3.633,2.163,-3.713,3.028,3.029,4.165,0.96,4.141,0.911,4.915,4.917,-2.922,-5.566,1.085,-0.302,1.176,0.705,0.673,-0.635,0.794,0.372,2.857,-2.694,4.0,4.048,5.471,2.565,6.493,6.572,1.098,-0.287,1.19,0.72,0.697,-0.612,0.818,0.396,4.049,4.096,6.572,6.649,0.168,0.17,0.044,0.093,0.042,0.089,-0.138,16.859,-0.138,16.883,0.518,-149.862,0.655,-264.23,-0.0,0.024,0.612,-166.721,0.727,-281.089,0.613,-166.745,0.727,-281.113,0.207,-114.368,0.32,0.077,0.051,0.32,0.077,0.051,-2.841,-2.842,-0.449,-5.009,-5.011,-1.204,0.0,0.0,0.0,-2.395,-3.162,-0.499,-4.038,-5.331,-1.281,-2.395,-3.161,-0.499,-4.039,-5.329,-1.281,-1.643,-2.168,-2.169,-0.195,-0.209,-0.608,-0.196,-0.21,-0.609,0.259,0.447,0.447,0.3,0.484,0.483,-0.0,-0.0,-0.001,0.432,0.829,0.656,0.479,0.844,0.679,0.432,0.83,0.656,0.479,0.844,0.679,0.047,0.047,0.041,-3.405,-5.574,0.518,-0.763,0.6,0.1,-3.403,-5.571,0.517,-0.764,0.599,0.1,2.153,-3.176,2.152,-3.179,2.995,2.995,3.796,0.635,3.796,0.633,4.556,4.556,-2.843,-5.012,1.079,-0.202,1.162,0.662,0.682,-0.522,0.791,0.342,2.84,-2.171,3.952,4.003,5.009,2.166,6.012,6.089,1.08,-0.201,1.162,0.663,0.683,-0.521,0.792,0.343,3.954,4.005,6.015,6.091,0.159,0.159,0.032,0.082,0.032,0.082
2018-08-14,CTD12,4173438,695414,0.011739432,0.017012335,0.022342425,0.004749427,0.0033666345,0.00078937545,0.00079322717,0.00030698106,0.011777185,0.01690101,0.022476409,0.0049273935,0.0033223534,0.000812619,0.18434426,-8.000000000000001e-45,0.614,-0.183,26.402,-0.311,40.425,0.424,-125.369,0.554,-211.85,-0.135,14.023,0.564,-151.771,0.67,-238.252,0.649,-165.794,0.738,-252.275,0.17,-86.481,0.59,0.125,0.089,0.688,0.192,0.136,-2.133,-2.801,-0.422,-3.604,-4.733,-1.006,0.165,0.067,0.047,-1.782,-3.391,-0.511,-2.797,-5.323,-1.132,-1.946,-2.821,-0.558,-2.962,-4.292,-1.198,-1.015,-1.471,-1.932,-0.195,-0.205,-0.65,-0.487,-0.52,-1.306,0.178,0.343,0.272,0.213,0.385,0.309,-0.323,-0.353,-0.657,0.36,0.812,0.477,0.4,0.828,0.504,0.612,1.165,0.863,0.66,1.151,0.872,0.048,0.041,0.035,-4.014,-5.946,0.477,-0.721,0.539,-0.019,-3.057,-4.528,0.246,-0.885,0.328,-0.183,1.71,-2.581,1.158,-4.165,2.274,2.321,2.726,-0.095,2.174,-1.217,3.208,3.274,-3.255,-5.187,1.237,0.038,1.298,0.74,0.357,-0.649,0.475,0.053,1.679,-3.054,3.295,3.431,3.15,0.349,4.649,4.841,1.624,0.492,1.705,1.194,0.909,-0.097,1.027,0.604,4.417,4.506,6.232,6.357,0.207,0.254,-0.008,0.128,-0.074,0.015,-0.179,25.742,-0.312,40.419,0.41,-118.037,0.56,-216.082,-0.142,14.677,0.549,-143.779,0.671,-241.823,0.64,-158.456,0.742,-256.5,0.195,-98.044,0.579,0.127,0.086,0.683,0.199,0.134,-1.995,-2.653,-0.392,-3.652,-4.857,-1.065,0.173,0.072,0.049,-1.693,-3.232,-0.478,-2.848,-5.435,-1.192,-1.866,-2.678,-0.526,-3.021,-4.335,-1.264,-1.155,-1.657,-2.204,-0.187,-0.199,-0.621,-0.49,-0.529,-1.297,0.174,0.339,0.266,0.215,0.387,0.309,-0.334,-0.369,-0.676,0.35,0.793,0.464,0.396,0.813,0.496,0.612,1.162,0.868,0.668,1.147,0.877,0.056,0.047,0.041,-3.865,-6.068,0.478,-0.786,0.549,0.023,-2.906,-4.563,0.232,-0.959,0.327,-0.15,1.638,-2.697,1.06,-4.375,2.194,2.242,2.793,0.115,2.215,-1.017,3.253,3.326,-3.126,-5.33,1.216,-0.048,1.287,0.761,0.334,-0.731,0.47,0.078,1.522,-3.335,3.148,3.282,3.179,0.526,4.669,4.868,1.617,0.425,1.712,1.234,0.912,-0.153,1.048,0.656,4.279,4.365,6.347,6.474,0.222,0.271,0.009,0.144,-0.063,0.023
2018-08-29,CTD1,4187246,695025,0.009004451,0.01295274,0.019760191,0.006917032,0.0055478453,0.0014267024,0.0014373177,0.0005749501,0.009024507,0.012838726,0.019804643,0.0070579,0.005343241,0.0014548366,0.28835326,-8.000000000000001e-45,0.314,-0.18,33.852,-0.374,60.449,0.131,-33.514,0.238,-69.194,-0.208,26.597,0.304,-67.367,0.4,-103.046,0.481,-93.964,0.562,-129.643,0.11,-35.679,0.669,0.234,0.188,0.783,0.418,0.335,-0.434,-0.662,-0.186,-0.896,-1.367,-0.479,0.239,0.184,0.148,-0.607,-1.331,-0.374,-0.928,-2.036,-0.713,-0.846,-1.217,-0.521,-1.167,-1.679,-0.897,-0.321,-0.462,-0.705,-0.148,-0.156,-0.317,-0.541,-0.581,-0.863,0.064,0.113,0.082,0.106,0.174,0.13,-0.428,-0.468,-0.546,0.21,0.415,0.238,0.257,0.465,0.278,0.585,0.883,0.694,0.647,0.893,0.715,0.062,0.048,0.042,-2.162,-2.867,0.345,-0.552,0.414,-0.107,-1.417,-1.879,-0.078,-0.791,0.027,-0.346,0.646,-1.033,-0.224,-2.26,0.873,1.021,0.968,-0.25,0.097,-1.234,1.089,1.273,-1.418,-2.123,1.088,0.192,1.158,0.636,-0.113,-0.591,0.039,-0.147,-0.322,-1.689,1.256,1.592,0.14,-0.522,1.567,1.985,1.66,0.948,1.766,1.392,0.757,0.279,0.909,0.724,2.241,2.428,2.794,3.028,0.34,0.487,-0.082,0.253,-0.266,-0.078,-0.174,32.92,-0.374,60.316,0.122,-30.876,0.256,-76.343,-0.213,27.396,0.291,-63.796,0.412,-109.263,0.475,-91.192,0.575,-136.659,0.138,-45.467,0.652,0.232,0.176,0.774,0.426,0.322,-0.396,-0.611,-0.165,-0.98,-1.512,-0.539,0.247,0.193,0.146,-0.576,-1.263,-0.341,-0.986,-2.164,-0.771,-0.823,-1.171,-0.487,-1.233,-1.755,-0.965,-0.41,-0.584,-0.9,-0.142,-0.152,-0.308,-0.542,-0.593,-0.869,0.06,0.108,0.078,0.113,0.185,0.137,-0.433,-0.485,-0.562,0.201,0.402,0.23,0.26,0.466,0.279,0.583,0.887,0.701,0.661,0.899,0.727,0.078,0.059,0.053,-2.103,-3.004,0.347,-0.618,0.433,-0.054,-1.363,-1.947,-0.094,-0.865,0.039,-0.301,0.63,-1.124,-0.264,-2.428,0.862,1.009,1.041,-0.13,0.146,-1.117,1.139,1.333,-1.383,-2.284,1.066,0.102,1.153,0.666,-0.134,-0.673,0.056,-0.109,-0.375,-1.887,1.227,1.549,0.208,-0.403,1.621,2.046,1.645,0.874,1.778,1.437,0.76,0.222,0.95,0.786,2.214,2.39,2.924,3.157,0.366,0.512,-0.042,0.28,-0.236,-0.06
2018-08-29,CTD2,4181518,693105,0.013152162,0.018484205,0.024318982,0.0065058214,0.004707392,0.00116869,0.0011768583,0.00046439376,0.013158408,0.018395258,0.024384165,0.0066843266,0.0046592355,0.0011782764,0.18223976,-8.000000000000001e-45,0.249,-0.169,21.933,-0.298,34.913,0.338,-77.675,0.473,-136.399,-0.136,12.98,0.479,-99.608,0.594,-158.332,0.578,-112.588,0.676,-171.312,0.16,-58.723,0.533,0.143,0.103,0.645,0.227,0.164,-1.436,-1.889,-0.366,-2.521,-3.317,-0.887,0.171,0.084,0.061,-1.31,-2.422,-0.469,-2.082,-3.85,-1.03,-1.481,-2.081,-0.53,-2.253,-3.167,-1.115,-0.772,-1.085,-1.428,-0.173,-0.184,-0.476,-0.447,-0.482,-0.996,0.155,0.287,0.229,0.197,0.338,0.274,-0.297,-0.327,-0.52,0.32,0.671,0.413,0.368,0.701,0.447,0.563,0.997,0.768,0.62,0.998,0.785,0.057,0.048,0.042,-3.026,-4.455,0.444,-0.671,0.518,-0.012,-2.3,-3.386,0.189,-0.841,0.286,-0.183,1.262,-1.905,0.706,-3.145,1.767,1.828,2.034,-0.047,1.478,-0.944,2.442,2.526,-2.333,-3.761,1.138,0.023,1.212,0.682,0.265,-0.622,0.402,0.037,0.992,-2.325,2.483,2.648,2.078,0.189,3.432,3.659,1.497,0.467,1.594,1.125,0.821,-0.066,0.958,0.592,3.38,3.483,4.671,4.814,0.24,0.301,-0.006,0.158,-0.09,0.013,-0.166,21.635,-0.299,34.987,0.326,-73.607,0.477,-138.63,-0.14,13.352,0.467,-95.242,0.596,-160.266,0.57,-108.593,0.679,-173.617,0.179,-65.024,0.528,0.145,0.101,0.644,0.234,0.163,-1.354,-1.795,-0.343,-2.55,-3.38,-0.927,0.176,0.089,0.062,-1.253,-2.322,-0.444,-2.109,-3.908,-1.071,-1.429,-1.998,-0.506,-2.285,-3.194,-1.161,-0.856,-1.196,-1.586,-0.169,-0.18,-0.462,-0.448,-0.487,-0.99,0.151,0.281,0.223,0.199,0.339,0.274,-0.302,-0.336,-0.528,0.312,0.657,0.403,0.366,0.692,0.442,0.561,0.993,0.768,0.625,0.994,0.786,0.064,0.054,0.047,-2.933,-4.518,0.441,-0.719,0.524,0.018,-2.212,-3.408,0.176,-0.895,0.286,-0.157,1.214,-1.98,0.643,-3.265,1.715,1.777,2.07,0.072,1.499,-0.824,2.461,2.55,-2.25,-3.836,1.124,-0.037,1.207,0.701,0.246,-0.68,0.4,0.057,0.899,-2.482,2.398,2.561,2.095,0.3,3.44,3.674,1.49,0.418,1.6,1.156,0.818,-0.109,0.971,0.629,3.294,3.395,4.726,4.87,0.255,0.317,0.009,0.172,-0.08,0.021
2018-08-29,CTD3,4181698,695238,0.011675834,0.016732134,0.01990482,0.0048176306,0.0030973228,0.00079762697,0.00081205246,0.0003234515,0.011728769,0.016738076,0.01984832,0.004923973,0.003259443,0.00078726024,0.06381176,-8.000000000000001e-45,0.337,-0.178,25.882,-0.261,35.408,0.416,-121.924,0.581,-237.212,-0.087,9.526,0.553,-147.806,0.688,-263.094,0.61,-157.332,0.731,-272.62,0.217,-115.289,0.515,0.125,0.08,0.592,0.171,0.11,-2.04,-2.427,-0.378,-3.969,-4.722,-1.143,0.111,0.046,0.03,-1.726,-2.942,-0.458,-3.072,-5.237,-1.267,-1.837,-2.632,-0.487,-3.183,-4.562,-1.313,-1.346,-1.929,-2.295,-0.205,-0.22,-0.639,-0.382,-0.415,-1.04,0.187,0.346,0.298,0.234,0.398,0.347,-0.192,-0.215,-0.401,0.377,0.806,0.518,0.432,0.827,0.552,0.531,1.021,0.761,0.592,1.019,0.78,0.061,0.054,0.047,-3.434,-5.729,0.456,-0.858,0.542,0.055,-2.887,-4.816,0.299,-0.969,0.401,-0.056,1.583,-2.979,1.234,-4.003,2.238,2.268,2.929,0.297,2.58,-0.362,3.482,3.528,-2.699,-4.993,1.191,-0.122,1.277,0.79,0.428,-0.715,0.575,0.198,1.768,-2.953,3.208,3.317,3.697,1.27,4.99,5.16,1.417,0.149,1.52,1.062,0.777,-0.366,0.924,0.547,3.866,3.947,6.014,6.139,0.228,0.257,0.023,0.132,-0.023,0.057,-0.176,25.516,-0.257,34.878,0.409,-117.828,0.565,-221.54,-0.085,9.362,0.545,-143.344,0.674,-247.057,0.602,-152.706,0.718,-256.419,0.203,-103.713,0.506,0.126,0.083,0.584,0.172,0.114,-1.972,-2.339,-0.384,-3.708,-4.397,-1.091,0.11,0.046,0.031,-1.681,-2.845,-0.467,-2.898,-4.904,-1.217,-1.791,-2.556,-0.498,-3.007,-4.292,-1.263,-1.216,-1.736,-2.059,-0.202,-0.217,-0.612,-0.375,-0.406,-0.992,0.186,0.34,0.294,0.231,0.391,0.342,-0.187,-0.208,-0.38,0.374,0.788,0.511,0.427,0.809,0.544,0.524,0.996,0.746,0.583,0.996,0.766,0.058,0.053,0.045,-3.33,-5.389,0.453,-0.81,0.537,0.039,-2.808,-4.544,0.297,-0.92,0.396,-0.071,1.539,-2.753,1.196,-3.708,2.187,2.218,2.755,0.199,2.413,-0.433,3.304,3.35,-2.604,-4.662,1.179,-0.084,1.263,0.765,0.423,-0.667,0.565,0.181,1.707,-2.69,3.121,3.235,3.443,1.104,4.715,4.887,1.398,0.182,1.498,1.03,0.766,-0.325,0.908,0.524,3.753,3.836,5.67,5.795,0.225,0.256,0.016,0.13,-0.03,0.053
2018-08-29,CTD4,4180266,698264,0.01154971,0.01509882,0.019096732,0.0065357694,0.0047376403,0.0012936904,0.0012976334,0.00052532007,0.011574839,0.015091099,0.0189723,0.0065808776,0.0048051286,0.0012776948,0.14330469,-8.000000000000001e-45,0.189,-0.133,20.352,-0.246,34.217,0.277,-66.422,0.418,-124.493,-0.117,13.865,0.396,-86.774,0.522,-144.845,0.49,-100.639,0.602,-158.711,0.16,-58.071,0.389,0.133,0.096,0.517,0.224,0.162,-1.003,-1.268,-0.315,-1.88,-2.377,-0.814,0.16,0.091,0.066,-1.002,-1.657,-0.411,-1.673,-2.766,-0.947,-1.162,-1.52,-0.477,-1.833,-2.396,-1.037,-0.671,-0.877,-1.109,-0.138,-0.149,-0.315,-0.349,-0.38,-0.669,0.147,0.253,0.21,0.199,0.315,0.266,-0.221,-0.245,-0.355,0.279,0.526,0.359,0.338,0.573,0.404,0.471,0.771,0.633,0.539,0.794,0.664,0.067,0.059,0.053,-2.157,-3.266,0.423,-0.615,0.517,0.04,-1.705,-2.582,0.172,-0.775,0.291,-0.12,0.977,-1.42,0.502,-2.264,1.453,1.519,1.647,0.128,1.173,-0.484,2.005,2.096,-1.615,-2.724,0.965,-0.072,1.059,0.582,0.225,-0.589,0.38,0.066,0.657,-1.721,1.9,2.062,1.534,0.265,2.621,2.845,1.221,0.274,1.34,0.929,0.699,-0.115,0.855,0.54,2.512,2.608,3.465,3.598,0.252,0.318,0.023,0.185,-0.068,0.028,-0.132,20.13,-0.242,33.686,0.275,-65.561,0.413,-121.717,-0.114,13.556,0.393,-85.691,0.517,-141.847,0.485,-99.247,0.596,-155.403,0.156,-56.156,0.382,0.132,0.097,0.508,0.222,0.162,-0.989,-1.244,-0.315,-1.837,-2.309,-0.801,0.157,0.089,0.065,-0.992,-1.626,-0.412,-1.642,-2.691,-0.933,-1.149,-1.498,-0.477,-1.799,-2.345,-1.023,-0.65,-0.847,-1.065,-0.138,-0.148,-0.309,-0.341,-0.372,-0.65,0.147,0.251,0.21,0.199,0.312,0.265,-0.214,-0.237,-0.341,0.279,0.52,0.358,0.337,0.567,0.403,0.465,0.756,0.623,0.531,0.78,0.654,0.067,0.058,0.052,-2.116,-3.181,0.42,-0.603,0.514,0.037,-1.683,-2.531,0.174,-0.759,0.292,-0.12,0.963,-1.382,0.502,-2.189,1.44,1.506,1.613,0.116,1.152,-0.474,1.973,2.062,-1.579,-2.645,0.957,-0.066,1.051,0.574,0.227,-0.574,0.38,0.065,0.654,-1.655,1.878,2.04,1.502,0.258,2.572,2.794,1.203,0.27,1.321,0.909,0.689,-0.112,0.842,0.527,2.468,2.565,3.38,3.512,0.25,0.315,0.021,0.183,-0.068,0.028
2018-08-29,CTD6,4176009,695829,0.010666128,0.016032493,0.02070534,0.0050653955,0.003325527,0.000833293,0.000846949,0.0003371908,0.010704188,0.016012574,0.020700367,0.005202996,0.0034504212,0.0008289627,0.08575439,-8.000000000000001e-45,0.266,-0.201,31.381,-0.32,45.458,0.356,-103.663,0.525,-206.949,-0.127,14.077,0.52,-135.045,0.656,-238.331,0.607,-149.121,0.723,-252.407,0.207,-103.286,0.65,0.159,0.104,0.729,0.23,0.151,-1.662,-2.146,-0.345,-3.318,-4.285,-1.048,0.15,0.071,0.047,-1.44,-2.796,-0.449,-2.542,-4.935,-1.207,-1.591,-2.391,-0.496,-2.692,-4.047,-1.279,-1.102,-1.656,-2.139,-0.208,-0.223,-0.64,-0.476,-0.519,-1.196,0.152,0.289,0.233,0.2,0.348,0.285,-0.297,-0.334,-0.557,0.35,0.784,0.456,0.405,0.808,0.493,0.586,1.118,0.808,0.651,1.105,0.824,0.065,0.055,0.047,-3.422,-5.561,0.421,-0.858,0.505,0.009,-2.65,-4.306,0.199,-1.008,0.308,-0.141,1.331,-2.715,0.814,-4.12,1.898,1.945,2.433,0.042,1.916,-0.88,2.891,2.963,-2.584,-4.723,1.258,-0.02,1.343,0.847,0.299,-0.749,0.463,0.118,1.224,-3.061,2.853,3.004,2.88,0.733,4.346,4.576,1.625,0.418,1.734,1.285,0.817,-0.232,0.98,0.635,3.776,3.88,5.751,5.91,0.267,0.314,0.004,0.155,-0.067,0.037,-0.199,30.97,-0.318,45.113,0.346,-98.776,0.512,-196.398,-0.128,14.143,0.51,-129.746,0.645,-227.369,0.598,-143.889,0.714,-241.511,0.203,-97.623,0.641,0.161,0.107,0.722,0.235,0.156,-1.582,-2.045,-0.341,-3.145,-4.066,-1.022,0.151,0.074,0.049,-1.389,-2.686,-0.448,-2.434,-4.707,-1.183,-1.54,-2.304,-0.496,-2.585,-3.867,-1.257,-1.045,-1.563,-2.021,-0.205,-0.22,-0.613,-0.471,-0.514,-1.155,0.15,0.283,0.228,0.198,0.342,0.28,-0.295,-0.331,-0.542,0.344,0.764,0.448,0.4,0.79,0.485,0.58,1.095,0.796,0.646,1.084,0.813,0.066,0.056,0.048,-3.31,-5.331,0.417,-0.839,0.502,0.005,-2.56,-4.124,0.192,-0.991,0.302,-0.146,1.284,-2.583,0.765,-3.942,1.842,1.891,2.329,0.025,1.81,-0.876,2.777,2.851,-2.483,-4.503,1.245,-0.012,1.329,0.833,0.287,-0.734,0.451,0.11,1.144,-2.922,2.755,2.911,2.707,0.662,4.155,4.389,1.609,0.426,1.718,1.271,0.807,-0.215,0.97,0.63,3.656,3.763,5.513,5.674,0.271,0.319,0.003,0.158,-0.071,0.036
2018-08-29,CTD7,4176724,690397,0.012943238,0.019204324,0.022933044,0.0053536636,0.0033996946,0.0008691585,0.00090463355,0.00035783855,0.012983982,0.019212697,0.022930877,0.0054854136,0.0035818913,0.000854958,0.050273657,-8.000000000000001e-45,0.121,-0.195,25.189,-0.278,33.655,0.415,-109.528,0.584,-216.884,-0.088,8.466,0.564,-134.716,0.699,-242.072,0.621,-143.183,0.742,-250.539,0.223,-107.356,0.578,0.135,0.086,0.646,0.18,0.114,-2.103,-2.512,-0.372,-4.165,-4.974,-1.161,0.11,0.045,0.029,-1.744,-3.089,-0.458,-3.133,-5.551,-1.296,-1.853,-2.75,-0.487,-3.243,-4.811,-1.341,-1.39,-2.062,-2.462,-0.221,-0.238,-0.715,-0.407,-0.442,-1.141,0.18,0.336,0.288,0.226,0.389,0.337,-0.204,-0.228,-0.426,0.386,0.848,0.526,0.441,0.864,0.559,0.547,1.076,0.778,0.608,1.068,0.795,0.061,0.054,0.046,-3.61,-6.072,0.441,-0.901,0.526,0.039,-3.023,-5.084,0.286,-1.01,0.387,-0.071,1.58,-3.231,1.223,-4.328,2.241,2.269,2.97,0.22,2.613,-0.476,3.528,3.574,-2.8,-5.262,1.25,-0.091,1.335,0.849,0.424,-0.737,0.575,0.202,1.815,-3.158,3.324,3.439,3.877,1.365,5.235,5.415,1.493,0.197,1.595,1.137,0.781,-0.381,0.931,0.559,4.021,4.107,6.332,6.467,0.237,0.265,0.016,0.131,-0.029,0.056,-0.193,24.969,-0.277,33.409,0.406,-105.284,0.568,-202.164,-0.088,8.44,0.556,-130.253,0.686,-227.133,0.614,-138.692,0.73,-235.573,0.21,-96.88,0.573,0.137,0.089,0.642,0.183,0.12,-2.023,-2.414,-0.377,-3.884,-4.636,-1.109,0.11,0.046,0.03,-1.691,-2.987,-0.467,-2.949,-5.208,-1.246,-1.801,-2.665,-0.497,-3.059,-4.526,-1.292,-1.258,-1.861,-2.222,-0.219,-0.235,-0.687,-0.403,-0.436,-1.097,0.178,0.329,0.283,0.223,0.381,0.331,-0.201,-0.224,-0.41,0.382,0.829,0.518,0.435,0.846,0.55,0.542,1.053,0.765,0.601,1.048,0.783,0.059,0.053,0.045,-3.505,-5.726,0.437,-0.856,0.52,0.023,-2.936,-4.798,0.281,-0.965,0.38,-0.087,1.529,-2.997,1.173,-4.035,2.181,2.211,2.787,0.122,2.431,-0.555,3.339,3.386,-2.701,-4.922,1.241,-0.052,1.324,0.827,0.415,-0.694,0.562,0.185,1.736,-2.899,3.227,3.346,3.598,1.184,4.941,5.125,1.481,0.235,1.58,1.113,0.771,-0.338,0.918,0.541,3.904,3.994,5.979,6.116,0.236,0.266,0.01,0.129,-0.037,0.053
2018-08-29,CTD8,4174178,693048,0.011632318,0.017350007,0.024199184,0.00704864,0.004813288,0.0011954043,0.0012095908,0.00048046187,0.01165482,0.017325357,0.02422891,0.0072722365,0.0049118795,0.0011839723,0.120432705,-8.000000000000001e-45,0.359,-0.197,28.331,-0.351,44.644,0.245,-55.904,0.415,-121.791,-0.165,16.313,0.422,-84.234,0.566,-150.121,0.549,-100.548,0.668,-166.434,0.188,-65.887,0.686,0.2,0.136,0.775,0.315,0.215,-0.97,-1.353,-0.269,-2.113,-2.947,-0.858,0.19,0.115,0.079,-0.98,-2.038,-0.405,-1.746,-3.633,-1.058,-1.17,-1.745,-0.484,-1.936,-2.888,-1.173,-0.766,-1.143,-1.594,-0.183,-0.197,-0.482,-0.515,-0.567,-1.059,0.11,0.207,0.158,0.164,0.279,0.218,-0.367,-0.416,-0.577,0.287,0.626,0.355,0.35,0.671,0.401,0.592,1.043,0.774,0.669,1.038,0.795,0.077,0.062,0.054,-2.763,-4.357,0.379,-0.794,0.472,-0.012,-1.981,-3.124,0.074,-0.984,0.203,-0.202,0.933,-1.954,0.256,-3.377,1.373,1.451,1.7,-0.045,1.022,-1.016,2.01,2.125,-1.942,-3.536,1.2,0.027,1.293,0.809,0.111,-0.747,0.303,0.034,0.381,-2.566,2.048,2.263,1.524,0.171,2.999,3.313,1.674,0.616,1.803,1.397,0.789,-0.07,0.981,0.712,3.019,3.156,4.422,4.621,0.329,0.407,-0.008,0.207,-0.123,0.014,-0.196,28.083,-0.35,44.528,0.232,-51.708,0.407,-117.787,-0.166,16.446,0.409,-79.79,0.558,-145.869,0.538,-96.236,0.663,-162.315,0.194,-66.079,0.68,0.204,0.138,0.771,0.324,0.219,-0.896,-1.253,-0.254,-2.041,-2.854,-0.857,0.192,0.12,0.081,-0.93,-1.933,-0.392,-1.7,-3.534,-1.061,-1.122,-1.667,-0.473,-1.892,-2.812,-1.18,-0.77,-1.145,-1.601,-0.18,-0.195,-0.465,-0.511,-0.565,-1.032,0.105,0.197,0.15,0.162,0.274,0.214,-0.365,-0.417,-0.567,0.28,0.607,0.345,0.346,0.656,0.394,0.585,1.024,0.763,0.667,1.021,0.785,0.081,0.066,0.057,-2.659,-4.26,0.373,-0.808,0.47,-0.003,-1.901,-3.046,0.061,-1.0,0.198,-0.194,0.888,-1.925,0.204,-3.33,1.319,1.4,1.658,-0.01,0.974,-0.959,1.953,2.073,-1.845,-3.446,1.186,0.006,1.284,0.811,0.091,-0.765,0.294,0.04,0.304,-2.55,1.961,2.18,1.448,0.196,2.903,3.227,1.659,0.598,1.795,1.403,0.774,-0.082,0.977,0.723,2.91,3.048,4.309,4.513,0.34,0.421,-0.002,0.217,-0.121,0.017
2018-08-29,CTD10,4170388,695646,0.0075041046,0.01075512,0.0173512,0.0049846186,0.004437852,0.001034858,0.0010175725,0.00039709432,0.0075378437,0.010569192,0.017509911,0.0051868134,0.004011504,0.0011105788,0.40678847,-8.000000000000001e-45,0.344,-0.178,40.281,-0.396,75.628,0.202,-67.357,0.257,-92.074,-0.235,35.346,0.367,-107.638,0.416,-132.355,0.554,-142.984,0.593,-167.701,0.058,-24.717,0.699,0.201,0.179,0.813,0.377,0.336,-0.724,-1.169,-0.299,-0.99,-1.598,-0.459,0.265,0.176,0.157,-0.808,-1.868,-0.478,-0.993,-2.297,-0.66,-1.073,-1.538,-0.635,-1.258,-1.804,-0.836,-0.185,-0.266,-0.429,-0.146,-0.149,-0.345,-0.626,-0.648,-1.045,0.09,0.166,0.116,0.109,0.195,0.137,-0.528,-0.552,-0.7,0.232,0.483,0.265,0.254,0.506,0.283,0.677,1.036,0.814,0.707,1.034,0.82,0.03,0.022,0.019,-2.783,-3.212,0.41,-0.425,0.442,-0.193,-1.725,-1.991,-0.031,-0.691,0.02,-0.458,0.886,-0.918,-0.108,-2.404,1.093,1.25,1.071,-0.467,0.078,-1.79,1.227,1.404,-2.048,-2.477,1.146,0.31,1.177,0.543,-0.044,-0.503,0.028,-0.27,-0.155,-1.752,1.566,1.902,0.111,-1.057,1.759,2.136,1.849,1.189,1.9,1.422,0.949,0.49,1.022,0.723,2.89,3.068,3.246,3.446,0.252,0.408,-0.128,0.208,-0.304,-0.125,-0.167,38.049,-0.398,75.553,0.185,-60.133,0.305,-116.619,-0.247,37.504,0.342,-98.182,0.45,-154.668,0.543,-135.686,0.627,-192.173,0.128,-56.486,0.666,0.197,0.153,0.799,0.392,0.303,-0.636,-1.053,-0.241,-1.233,-2.042,-0.605,0.283,0.195,0.15,-0.74,-1.719,-0.394,-1.166,-2.708,-0.802,-1.023,-1.434,-0.544,-1.449,-2.031,-0.997,-0.426,-0.597,-0.989,-0.134,-0.141,-0.33,-0.633,-0.684,-1.084,0.084,0.161,0.109,0.126,0.224,0.155,-0.545,-0.601,-0.755,0.215,0.466,0.25,0.262,0.515,0.289,0.681,1.067,0.845,0.745,1.061,0.857,0.065,0.047,0.042,-2.663,-3.652,0.417,-0.58,0.484,-0.06,-1.607,-2.204,-0.06,-0.862,0.051,-0.343,0.85,-1.181,-0.203,-2.912,1.074,1.224,1.275,-0.159,0.222,-1.497,1.388,1.583,-1.974,-2.963,1.106,0.109,1.173,0.629,-0.084,-0.689,0.071,-0.17,-0.285,-2.327,1.506,1.809,0.312,-0.741,1.947,2.338,1.832,1.03,1.943,1.55,0.969,0.364,1.125,0.883,2.844,2.996,3.677,3.874,0.309,0.459,-0.041,0.262,-0.236,-0.083
2018-08-29,CTD11,4169609,700351,0.01005129,0.014428626,0.020946722,0.008087186,0.0058868825,0.0015878832,0.001564704,0.00064165686,0.010058581,0.014404452,0.020875752,0.008168496,0.005964628,0.0015602506,0.14730461,-8.000000000000001e-45,0.373,-0.179,30.183,-0.351,51.75,0.108,-24.163,0.261,-70.379,-0.184,21.567,0.282,-54.346,0.42,-100.563,0.443,-75.912,0.561,-122.129,0.157,-46.217,0.632,0.244,0.178,0.747,0.419,0.305,-0.349,-0.506,-0.142,-1.015,-1.474,-0.569,0.217,0.174,0.127,-0.546,-1.138,-0.32,-1.011,-2.106,-0.813,-0.763,-1.095,-0.447,-1.228,-1.762,-0.988,-0.465,-0.667,-0.968,-0.151,-0.163,-0.313,-0.484,-0.536,-0.78,0.056,0.097,0.073,0.118,0.185,0.143,-0.359,-0.409,-0.466,0.205,0.398,0.236,0.276,0.471,0.294,0.525,0.807,0.633,0.615,0.83,0.669,0.09,0.071,0.062,-1.893,-2.862,0.311,-0.677,0.416,-0.031,-1.304,-1.971,-0.081,-0.894,0.072,-0.248,0.554,-1.208,-0.209,-2.315,0.835,0.962,1.019,-0.077,0.256,-0.883,1.147,1.321,-1.155,-2.123,1.049,0.062,1.154,0.708,-0.116,-0.685,0.103,-0.039,-0.3,-1.774,1.198,1.503,0.367,-0.139,1.646,2.065,1.523,0.71,1.676,1.356,0.647,0.078,0.866,0.724,2.004,2.182,2.754,2.998,0.397,0.524,-0.025,0.279,-0.2,-0.022,-0.178,29.995,-0.35,51.515,0.104,-23.004,0.256,-68.237,-0.183,21.521,0.276,-52.999,0.414,-98.232,0.438,-74.519,0.556,-119.753,0.156,-45.233,0.626,0.245,0.179,0.742,0.421,0.307,-0.331,-0.48,-0.137,-0.983,-1.425,-0.557,0.216,0.176,0.128,-0.533,-1.106,-0.316,-0.988,-2.051,-0.802,-0.75,-1.073,-0.444,-1.205,-1.725,-0.978,-0.455,-0.652,-0.944,-0.15,-0.162,-0.307,-0.479,-0.531,-0.765,0.054,0.093,0.07,0.116,0.181,0.141,-0.355,-0.404,-0.458,0.202,0.389,0.232,0.273,0.463,0.291,0.519,0.793,0.624,0.61,0.818,0.661,0.09,0.071,0.062,-1.857,-2.802,0.307,-0.671,0.413,-0.032,-1.282,-1.933,-0.085,-0.888,0.068,-0.248,0.541,-1.184,-0.218,-2.269,0.817,0.946,0.996,-0.077,0.237,-0.869,1.119,1.295,-1.124,-2.068,1.041,0.063,1.146,0.702,-0.122,-0.679,0.097,-0.04,-0.312,-1.737,1.17,1.478,0.34,-0.141,1.603,2.024,1.508,0.706,1.661,1.345,0.637,0.08,0.856,0.719,1.963,2.142,2.688,2.933,0.398,0.526,-0.026,0.281,-0.202,-0.023
2018-08-29,CTD12,4173438,695414,0.010601452,0.016086938,0.024310978,0.006526538,0.0048921057,0.001144992,0.0011455973,0.0004469964,0.010608325,0.015958793,0.024458379,0.006789225,0.004731667,0.0011754382,0.22796993,-8.000000000000001e-45,0.348,-0.206,32.164,-0.393,53.193,0.238,-58.894,0.368,-110.084,-0.204,21.029,0.423,-91.058,0.534,-142.249,0.577,-112.087,0.665,-163.277,0.143,-51.19,0.782,0.21,0.157,0.856,0.347,0.26,-0.947,-1.432,-0.288,-1.771,-2.676,-0.718,0.223,0.137,0.103,-0.965,-2.214,-0.445,-1.508,-3.458,-0.928,-1.188,-1.803,-0.548,-1.731,-2.627,-1.066,-0.543,-0.823,-1.244,-0.178,-0.188,-0.48,-0.606,-0.653,-1.201,0.101,0.194,0.14,0.141,0.252,0.185,-0.48,-0.531,-0.72,0.274,0.617,0.327,0.321,0.654,0.363,0.666,1.148,0.848,0.728,1.134,0.859,0.061,0.047,0.04,-3.066,-4.31,0.391,-0.675,0.458,-0.091,-2.029,-2.852,0.03,-0.898,0.132,-0.313,0.963,-1.664,0.113,-3.345,1.32,1.423,1.505,-0.298,0.656,-1.558,1.761,1.899,-2.208,-3.452,1.249,0.183,1.316,0.768,0.046,-0.672,0.2,-0.088,0.172,-2.505,2.003,2.264,0.995,-0.437,2.673,3.02,1.887,0.959,1.989,1.544,0.896,0.177,1.05,0.762,3.263,3.421,4.354,4.564,0.312,0.414,-0.056,0.204,-0.193,-0.036,-0.201,31.604,-0.395,53.38,0.22,-53.027,0.383,-117.076,-0.21,21.776,0.403,-84.631,0.543,-148.681,0.565,-106.406,0.676,-170.456,0.179,-64.05,0.773,0.215,0.15,0.852,0.362,0.253,-0.846,-1.297,-0.251,-1.868,-2.863,-0.795,0.231,0.148,0.103,-0.898,-2.07,-0.4,-1.577,-3.636,-1.009,-1.129,-1.698,-0.503,-1.808,-2.72,-1.157,-0.679,-1.022,-1.567,-0.171,-0.183,-0.464,-0.609,-0.669,-1.202,0.094,0.185,0.131,0.145,0.258,0.188,-0.489,-0.554,-0.738,0.261,0.598,0.314,0.32,0.645,0.359,0.665,1.152,0.854,0.743,1.134,0.867,0.077,0.059,0.051,-2.938,-4.504,0.387,-0.77,0.471,-0.032,-1.917,-2.939,0.008,-1.001,0.137,-0.263,0.91,-1.81,0.03,-3.607,1.266,1.369,1.589,-0.109,0.709,-1.361,1.817,1.964,-2.098,-3.665,1.227,0.07,1.311,0.807,0.012,-0.782,0.206,-0.044,0.045,-2.818,1.905,2.157,1.067,-0.23,2.733,3.095,1.88,0.871,2.009,1.609,0.893,0.098,1.087,0.836,3.156,3.306,4.529,4.744,0.343,0.447,-0.021,0.232,-0.168,-0.019
2018-10-03,CTD1,4187246,695025,0.013401024,0.019236809,0.026201582,0.007016108,0.005065504,0.0012228134,0.0012222567,0.0004789943,0.013405398,0.019135954,0.026326142,0.0072649196,0.0049897064,0.0012324614,0.18919174,-8.000000000000001e-45,0.17,-0.179,22.637,-0.323,36.456,0.313,-67.908,0.451,-122.793,-0.153,13.818,0.465,-90.545,0.583,-145.43,0.578,-104.364,0.676,-159.248,0.161,-54.885,0.593,0.159,0.115,0.701,0.256,0.185,-1.306,-1.779,-0.344,-2.362,-3.217,-0.862,0.185,0.097,0.07,-1.213,-2.372,-0.459,-1.949,-3.81,-1.02,-1.399,-2.008,-0.529,-2.134,-3.063,-1.117,-0.736,-1.056,-1.438,-0.176,-0.187,-0.483,-0.488,-0.527,-1.06,0.141,0.263,0.204,0.183,0.318,0.251,-0.341,-0.377,-0.576,0.309,0.662,0.391,0.358,0.694,0.427,0.588,1.039,0.789,0.648,1.035,0.805,0.06,0.049,0.043,-3.038,-4.476,0.429,-0.688,0.503,-0.025,-2.23,-3.286,0.147,-0.874,0.248,-0.211,1.176,-1.888,0.548,-3.263,1.647,1.717,1.911,-0.096,1.283,-1.089,2.281,2.378,-2.299,-3.737,1.168,0.05,1.242,0.713,0.211,-0.651,0.356,0.012,0.787,-2.431,2.364,2.548,1.842,0.063,3.274,3.53,1.59,0.57,1.692,1.233,0.839,-0.023,0.984,0.64,3.356,3.471,4.649,4.808,0.26,0.33,-0.013,0.171,-0.11,0.004,-0.176,22.339,-0.325,36.612,0.297,-63.051,0.457,-125.816,-0.158,14.273,0.45,-85.39,0.586,-148.155,0.567,-99.663,0.681,-162.428,0.186,-62.765,0.588,0.162,0.111,0.701,0.266,0.183,-1.207,-1.66,-0.315,-2.408,-3.312,-0.914,0.191,0.104,0.071,-1.145,-2.248,-0.426,-1.986,-3.9,-1.076,-1.336,-1.907,-0.497,-2.177,-3.108,-1.18,-0.841,-1.201,-1.652,-0.171,-0.183,-0.468,-0.489,-0.536,-1.054,0.135,0.255,0.196,0.185,0.319,0.251,-0.348,-0.391,-0.587,0.299,0.645,0.379,0.356,0.684,0.421,0.586,1.036,0.79,0.656,1.032,0.808,0.07,0.057,0.05,-2.923,-4.576,0.425,-0.755,0.511,0.014,-2.125,-3.326,0.13,-0.947,0.248,-0.178,1.118,-1.99,0.469,-3.431,1.584,1.656,1.96,0.053,1.311,-0.937,2.307,2.411,-2.196,-3.849,1.152,-0.029,1.238,0.741,0.185,-0.729,0.355,0.04,0.67,-2.642,2.262,2.444,1.871,0.211,3.293,3.559,1.584,0.508,1.703,1.277,0.834,-0.08,1.004,0.689,3.252,3.363,4.734,4.896,0.281,0.352,0.007,0.19,-0.096,0.015
2018-10-03,CTD2,4181518,693105,0.016997155,0.022895275,0.027555374,0.0066171554,0.0047127143,0.0011562981,0.0011632751,0.00044971367,0.017005252,0.022806387,0.027750386,0.0068122223,0.0046438472,0.001162746,0.17362435,-8.000000000000001e-45,0.201,-0.148,15.156,-0.237,22.543,0.44,-92.289,0.566,-153.359,-0.092,7.387,0.552,-107.445,0.659,-168.515,0.613,-114.832,0.708,-175.901,0.168,-61.07,0.418,0.1,0.071,0.516,0.149,0.106,-2.113,-2.543,-0.435,-3.511,-4.226,-1.015,0.126,0.049,0.035,-1.826,-2.961,-0.506,-2.864,-4.643,-1.115,-1.952,-2.629,-0.541,-2.99,-4.027,-1.164,-1.038,-1.398,-1.683,-0.173,-0.183,-0.521,-0.358,-0.382,-0.932,0.206,0.376,0.322,0.243,0.416,0.359,-0.197,-0.215,-0.411,0.365,0.75,0.504,0.408,0.77,0.532,0.525,0.964,0.758,0.573,0.967,0.774,0.048,0.043,0.038,-3.422,-5.105,0.502,-0.662,0.571,0.03,-2.843,-4.241,0.328,-0.787,0.411,-0.095,1.738,-2.29,1.365,-3.278,2.363,2.398,2.776,0.147,2.403,-0.558,3.318,3.367,-2.817,-4.5,1.107,-0.057,1.176,0.635,0.442,-0.573,0.554,0.119,1.839,-2.387,3.183,3.289,3.237,0.694,4.469,4.618,1.332,0.217,1.415,0.909,0.814,-0.201,0.926,0.491,3.887,3.958,5.458,5.558,0.183,0.218,0.012,0.118,-0.037,0.034,-0.146,14.958,-0.24,22.77,0.428,-87.99,0.571,-156.533,-0.098,7.812,0.54,-102.948,0.662,-171.491,0.606,-110.759,0.713,-179.303,0.189,-68.544,0.415,0.102,0.069,0.519,0.155,0.106,-2.007,-2.442,-0.409,-3.57,-4.344,-1.066,0.133,0.053,0.036,-1.751,-2.857,-0.478,-2.916,-4.759,-1.168,-1.883,-2.526,-0.514,-3.049,-4.089,-1.221,-1.166,-1.563,-1.902,-0.168,-0.179,-0.506,-0.363,-0.391,-0.938,0.202,0.371,0.315,0.245,0.417,0.358,-0.208,-0.228,-0.432,0.357,0.739,0.494,0.406,0.763,0.525,0.526,0.967,0.763,0.58,0.97,0.78,0.054,0.048,0.043,-3.328,-5.23,0.5,-0.721,0.578,0.064,-2.735,-4.298,0.314,-0.854,0.409,-0.069,1.674,-2.415,1.28,-3.479,2.293,2.329,2.84,0.314,2.445,-0.412,3.363,3.416,-2.732,-4.635,1.096,-0.126,1.174,0.659,0.421,-0.645,0.549,0.14,1.716,-2.628,3.075,3.181,3.279,0.837,4.511,4.666,1.333,0.165,1.428,0.95,0.816,-0.25,0.944,0.535,3.801,3.87,5.575,5.677,0.197,0.233,0.026,0.131,-0.028,0.042
2018-10-03,CTD3,4181698,695238,0.011475498,0.0163121,0.0149043,0.0020947494,0.001343178,0.00034701495,0.00033166146,0.00012848132,0.011463559,0.016342679,0.014925035,0.0020662798,0.0013708568,0.0003496532,0.05061986,-2.878e-42,0.157,-0.174,25.838,-0.13,20.047,0.691,-390.242,0.79,-657.361,0.045,-5.791,0.772,-416.08,0.848,-683.199,0.754,-410.289,0.835,-677.408,0.219,-267.119,0.385,0.054,0.035,0.327,0.042,0.027,-6.366,-5.816,-0.524,-10.723,-9.798,-1.377,-0.066,-0.012,-0.008,-4.775,-6.201,-0.559,-7.84,-10.183,-1.431,-4.708,-6.693,-0.551,-7.774,-11.05,-1.419,-3.065,-4.357,-3.981,-0.285,-0.298,-1.407,-0.186,-0.194,-0.997,0.301,0.531,0.577,0.325,0.55,0.596,0.104,0.11,0.409,0.539,1.109,0.875,0.567,1.103,0.881,0.461,0.999,0.726,0.488,0.999,0.737,0.027,0.028,0.024,-6.412,-10.393,0.563,-0.856,0.613,0.062,-7.017,-11.374,0.642,-0.79,0.688,0.129,4.384,-6.666,4.565,-5.618,5.396,5.388,7.449,0.756,7.63,1.428,8.415,8.403,-5.694,-9.675,1.281,-0.138,1.331,0.78,0.912,-0.465,0.977,0.453,6.488,-3.309,7.67,7.697,10.846,5.029,11.962,12.004,1.17,-0.261,1.216,0.658,0.731,-0.646,0.797,0.272,6.998,7.033,10.914,10.968,0.1,0.092,0.011,0.038,0.023,0.058,-0.175,26.043,-0.131,20.231,0.695,-396.729,0.786,-642.238,0.045,-5.812,0.776,-422.772,0.845,-668.281,0.757,-416.96,0.832,-662.469,0.202,-245.509,0.389,0.054,0.036,0.331,0.042,0.028,-6.484,-5.921,-0.544,-10.496,-9.585,-1.327,-0.067,-0.012,-0.008,-4.846,-6.31,-0.58,-7.661,-9.974,-1.381,-4.78,-6.814,-0.572,-7.594,-10.827,-1.369,-2.814,-4.012,-3.664,-0.287,-0.299,-1.42,-0.188,-0.195,-1.007,0.301,0.531,0.577,0.323,0.548,0.594,0.105,0.11,0.412,0.541,1.112,0.876,0.567,1.107,0.881,0.462,1.002,0.726,0.487,1.002,0.736,0.025,0.026,0.022,-6.522,-10.186,0.563,-0.806,0.61,0.038,-7.141,-11.153,0.642,-0.739,0.684,0.105,4.453,-6.374,4.635,-5.339,5.464,5.456,7.267,0.453,7.449,1.139,8.236,8.224,-5.798,-9.462,1.287,-0.082,1.334,0.762,0.915,-0.412,0.975,0.432,6.607,-2.978,7.79,7.817,10.62,4.698,11.741,11.783,1.176,-0.205,1.218,0.639,0.733,-0.594,0.794,0.25,7.104,7.139,10.707,10.761,0.096,0.088,0.007,0.035,0.019,0.055
2018-10-03,CTD4,4180266,698264,0.0050685056,0.0064656823,0.008412346,0.006401061,0.004380111,0.000833293,0.0007922995,0.0003388686,0.005182788,0.006508497,0.008285033,0.0073951413,0.004222158,0.0008292996,0.11619959,-8.000000000000001e-45,0.05,-0.121,42.634,-0.248,78.424,-0.116,41.073,0.073,-31.008,-0.131,35.79,0.005,-1.561,0.192,-73.642,0.136,-37.351,0.315,-109.432,0.187,-72.081,0.359,0.273,0.187,0.507,0.502,0.344,0.266,0.346,0.18,-0.2,-0.261,-0.198,0.181,0.229,0.157,-0.008,-0.013,-0.007,-0.373,-0.62,-0.471,-0.189,-0.242,-0.164,-0.555,-0.708,-0.7,-0.365,-0.466,-0.606,-0.094,-0.109,-0.13,-0.26,-0.308,-0.31,-0.09,-0.123,-0.104,0.046,0.054,0.046,-0.17,-0.206,-0.181,0.005,0.007,0.005,0.155,0.182,0.141,0.174,0.213,0.185,0.35,0.352,0.313,0.175,0.15,0.136,-0.53,-1.137,0.023,-0.677,0.263,0.1,-0.408,-0.874,-0.387,-0.859,-0.075,-0.082,0.023,-0.684,-0.509,-1.129,0.114,0.271,0.389,0.147,-0.144,-0.157,0.167,0.396,-0.039,-0.645,0.515,-0.186,0.755,0.591,-0.494,-0.693,-0.096,0.084,-0.65,-0.91,0.146,0.489,-0.184,0.162,0.213,0.715,0.67,0.198,0.982,0.975,0.038,-0.16,0.437,0.617,0.45,0.637,0.658,0.931,0.585,0.742,0.126,0.469,-0.103,0.083,-0.113,39.301,-0.23,72.247,-0.176,57.722,0.102,-43.899,-0.12,32.946,-0.064,18.421,0.213,-83.2,0.057,-14.524,0.325,-116.146,0.273,-101.622,0.326,0.291,0.166,0.47,0.534,0.305,0.376,0.478,0.244,-0.286,-0.364,-0.325,0.171,0.244,0.139,0.095,0.153,0.078,-0.431,-0.689,-0.615,-0.075,-0.095,-0.061,-0.602,-0.756,-0.859,-0.527,-0.661,-0.842,-0.085,-0.106,-0.114,-0.223,-0.289,-0.267,-0.15,-0.206,-0.177,0.065,0.069,0.061,-0.141,-0.189,-0.153,-0.066,-0.094,-0.071,0.17,0.182,0.146,0.076,0.095,0.083,0.348,0.323,0.292,0.271,0.236,0.214,-0.324,-1.166,-0.096,-0.955,0.287,0.225,-0.255,-0.916,-0.511,-1.126,-0.023,0.055,-0.085,-0.841,-0.572,-1.261,0.052,0.191,0.442,0.347,-0.045,0.107,0.091,0.335,0.135,-0.706,0.363,-0.496,0.746,0.685,-0.641,-0.966,-0.029,0.215,-0.718,-1.082,0.065,0.37,-0.057,0.421,0.115,0.649,0.462,-0.153,0.95,1.028,-0.154,-0.479,0.458,0.702,0.306,0.472,0.535,0.826,0.778,0.917,0.322,0.627,0.078,0.244
2018-10-03,CTD6,4176009,695829,0.0100445235,0.015550711,0.017688202,0.0029189647,0.0018900161,0.00047675427,0.0004638685,0.00018129709,0.010038554,0.01554224,0.017723909,0.0029281708,0.0019405924,0.0004819736,0.06294131,-8.000000000000001e-45,0.32,-0.215,35.251,-0.276,43.022,0.55,-243.03,0.683,-429.539,-0.064,7.771,0.684,-278.281,0.783,-464.79,0.717,-286.052,0.807,-472.561,0.214,-186.509,0.624,0.103,0.067,0.669,0.126,0.081,-3.779,-4.299,-0.459,-6.68,-7.598,-1.254,0.078,0.023,0.015,-2.795,-4.922,-0.526,-4.669,-8.221,-1.357,-2.873,-4.448,-0.541,-4.747,-7.349,-1.379,-1.873,-2.9,-3.299,-0.267,-0.281,-1.145,-0.414,-0.438,-1.589,0.214,0.409,0.364,0.245,0.442,0.396,-0.165,-0.179,-0.444,0.455,1.058,0.645,0.493,1.054,0.663,0.577,1.238,0.847,0.617,1.219,0.855,0.04,0.037,0.031,-5.414,-8.713,0.481,-0.898,0.539,-0.002,-4.76,-7.66,0.38,-0.977,0.446,-0.08,2.562,-4.787,2.304,-5.918,3.32,3.334,4.435,-0.013,4.177,-0.745,5.127,5.149,-4.512,-7.811,1.383,0.004,1.441,0.901,0.589,-0.665,0.691,0.232,3.566,-4.031,5.139,5.221,6.467,2.168,7.937,8.063,1.573,0.217,1.639,1.113,0.847,-0.407,0.949,0.49,5.872,5.938,9.068,9.171,0.169,0.184,-0.0,0.081,-0.023,0.043,-0.215,35.275,-0.277,43.195,0.548,-241.894,0.676,-415.691,-0.066,7.92,0.683,-277.169,0.778,-450.966,0.716,-285.089,0.803,-458.886,0.203,-173.796,0.625,0.103,0.068,0.671,0.126,0.084,-3.76,-4.287,-0.469,-6.461,-7.368,-1.217,0.08,0.023,0.015,-2.782,-4.913,-0.538,-4.527,-7.993,-1.321,-2.862,-4.431,-0.553,-4.607,-7.132,-1.344,-1.745,-2.701,-3.08,-0.266,-0.28,-1.13,-0.416,-0.44,-1.579,0.214,0.407,0.362,0.243,0.438,0.392,-0.168,-0.182,-0.448,0.454,1.053,0.641,0.49,1.049,0.659,0.578,1.235,0.846,0.617,1.217,0.855,0.039,0.036,0.03,-5.407,-8.487,0.481,-0.863,0.536,-0.017,-4.741,-7.443,0.378,-0.943,0.442,-0.096,2.551,-4.581,2.288,-5.705,3.303,3.319,4.296,-0.135,4.033,-0.88,4.985,5.008,-4.505,-7.585,1.383,0.039,1.439,0.886,0.585,-0.632,0.684,0.214,3.542,-3.825,5.115,5.198,6.243,1.956,7.717,7.844,1.577,0.257,1.641,1.103,0.849,-0.369,0.947,0.478,5.86,5.928,8.842,8.945,0.167,0.182,-0.005,0.079,-0.028,0.04
2018-10-03,CTD7,4176724,690397,0.00825059,0.012624685,0.015308871,0.002161736,0.0015304622,0.00036532932,0.00035847496,0.00013709442,0.008204442,0.012554561,0.0153877055,0.002165608,0.0014836644,0.00038092912,0.17341398,-2.878e-42,0.045,-0.21,41.994,-0.3,55.882,0.585,-341.388,0.687,-532.194,-0.096,13.888,0.708,-383.381,0.784,-574.187,0.753,-397.27,0.818,-588.076,0.171,-190.806,0.643,0.091,0.064,0.705,0.121,0.086,-4.31,-5.226,-0.522,-6.719,-8.147,-1.15,0.115,0.03,0.021,-3.163,-5.869,-0.587,-4.737,-8.79,-1.241,-3.278,-5.015,-0.608,-4.852,-7.424,-1.271,-1.574,-2.409,-2.921,-0.25,-0.26,-1.185,-0.477,-0.499,-1.912,0.218,0.43,0.362,0.241,0.454,0.385,-0.258,-0.274,-0.727,0.444,1.07,0.621,0.471,1.065,0.635,0.63,1.344,0.929,0.66,1.323,0.932,0.03,0.027,0.023,-6.428,-9.349,0.512,-0.759,0.554,-0.054,-5.301,-7.71,0.368,-0.874,0.418,-0.169,2.992,-4.432,2.604,-6.186,3.695,3.717,4.566,-0.449,4.178,-1.691,5.22,5.25,-5.552,-8.473,1.389,0.118,1.43,0.822,0.563,-0.588,0.639,0.117,3.985,-4.163,5.655,5.74,6.393,1.167,7.987,8.108,1.684,0.443,1.734,1.148,0.951,-0.2,1.027,0.505,6.896,6.961,9.741,9.832,0.141,0.162,-0.014,0.071,-0.044,0.02,-0.21,42.233,-0.304,56.898,0.582,-339.879,0.694,-552.122,-0.101,14.665,0.706,-382.112,0.789,-594.355,0.753,-396.777,0.824,-609.02,0.187,-212.243,0.65,0.091,0.063,0.714,0.123,0.084,-4.267,-5.23,-0.504,-6.932,-8.496,-1.196,0.12,0.032,0.022,-3.135,-5.88,-0.567,-4.876,-9.146,-1.287,-3.255,-4.981,-0.589,-4.997,-7.646,-1.319,-1.741,-2.665,-3.266,-0.248,-0.258,-1.192,-0.488,-0.512,-1.968,0.216,0.43,0.358,0.241,0.457,0.383,-0.273,-0.292,-0.776,0.44,1.072,0.616,0.469,1.068,0.631,0.637,1.365,0.942,0.67,1.341,0.945,0.033,0.029,0.024,-6.452,-9.718,0.513,-0.806,0.557,-0.032,-5.264,-7.929,0.361,-0.926,0.415,-0.152,2.973,-4.673,2.563,-6.583,3.67,3.692,4.714,-0.267,4.304,-1.576,5.357,5.389,-5.575,-8.841,1.389,0.071,1.434,0.845,0.552,-0.644,0.635,0.131,3.922,-4.574,5.616,5.701,6.586,1.356,8.198,8.321,1.703,0.416,1.757,1.19,0.962,-0.234,1.045,0.541,6.925,6.987,10.107,10.199,0.146,0.168,-0.008,0.076,-0.04,0.023
2018-10-03,CTD8,4174178,693048,0.017514244,0.026303161,0.036251906,0.0115964115,0.007559838,0.0018503537,0.0018727614,0.0007343025,0.017517412,0.026405288,0.03635893,0.01199917,0.0077937534,0.0017603601,0.068517916,-8.000000000000001e-45,0.306,-0.201,19.078,-0.349,29.512,0.203,-29.137,0.397,-75.182,-0.159,10.433,0.388,-48.215,0.554,-94.26,0.515,-58.649,0.655,-104.693,0.211,-46.044,0.692,0.221,0.144,0.776,0.342,0.223,-0.766,-1.056,-0.22,-1.978,-2.725,-0.872,0.183,0.121,0.079,-0.844,-1.748,-0.365,-1.651,-3.417,-1.093,-1.027,-1.543,-0.443,-1.834,-2.754,-1.214,-0.806,-1.211,-1.669,-0.184,-0.201,-0.459,-0.494,-0.553,-0.978,0.095,0.175,0.135,0.159,0.263,0.208,-0.342,-0.397,-0.519,0.274,0.587,0.336,0.349,0.644,0.392,0.563,0.983,0.728,0.655,0.986,0.757,0.092,0.075,0.065,-2.46,-4.129,0.346,-0.868,0.457,0.014,-1.785,-2.996,0.042,-1.051,0.196,-0.169,0.785,-1.969,0.132,-3.285,1.223,1.302,1.591,0.049,0.939,-0.809,1.876,1.997,-1.624,-3.294,1.182,-0.032,1.293,0.85,0.063,-0.808,0.294,0.074,0.198,-2.527,1.837,2.06,1.409,0.353,2.817,3.159,1.629,0.536,1.782,1.418,0.716,-0.156,0.947,0.726,2.694,2.839,4.133,4.354,0.375,0.454,0.009,0.232,-0.112,0.032,-0.202,19.215,-0.35,29.582,0.187,-26.253,0.384,-71.222,-0.159,10.368,0.375,-45.468,0.544,-90.437,0.504,-55.836,0.647,-100.804,0.212,-44.969,0.699,0.231,0.15,0.781,0.355,0.231,-0.693,-0.955,-0.205,-1.881,-2.59,-0.855,0.182,0.124,0.081,-0.796,-1.653,-0.354,-1.584,-3.288,-1.085,-0.978,-1.474,-0.435,-1.766,-2.662,-1.21,-0.788,-1.187,-1.635,-0.184,-0.201,-0.449,-0.491,-0.551,-0.952,0.088,0.161,0.125,0.155,0.253,0.201,-0.337,-0.393,-0.503,0.267,0.569,0.326,0.345,0.631,0.385,0.555,0.962,0.712,0.65,0.968,0.744,0.096,0.078,0.067,-2.367,-4.002,0.333,-0.876,0.449,0.014,-1.719,-2.906,0.027,-1.058,0.187,-0.168,0.734,-1.928,0.083,-3.205,1.165,1.246,1.521,0.047,0.871,-0.782,1.793,1.918,-1.523,-3.158,1.177,-0.032,1.293,0.858,0.041,-0.813,0.281,0.077,0.125,-2.465,1.756,1.986,1.312,0.358,2.703,3.058,1.621,0.536,1.78,1.426,0.692,-0.163,0.932,0.727,2.585,2.735,3.98,4.211,0.39,0.471,0.01,0.24,-0.115,0.035
2018-10-03,CTD10,4170388,695646,0.023893757,0.029814035,0.034363218,0.011583722,0.00812617,0.0021576085,0.0021569978,0.00085235015,0.023556769,0.029921105,0.034439277,0.011670315,0.008102473,0.0020347624,0.11259637,-8.000000000000001e-45,0.349,-0.11,8.311,-0.18,12.751,0.347,-44.476,0.492,-81.207,-0.071,4.44,0.44,-52.787,0.572,-89.518,0.496,-57.227,0.617,-93.958,0.175,-36.731,0.286,0.096,0.068,0.38,0.148,0.104,-1.326,-1.528,-0.361,-2.421,-2.791,-0.941,0.106,0.051,0.036,-1.261,-1.814,-0.429,-2.139,-3.076,-1.037,-1.367,-1.706,-0.465,-2.245,-2.801,-1.088,-0.878,-1.095,-1.262,-0.129,-0.139,-0.3,-0.253,-0.276,-0.531,0.192,0.324,0.29,0.246,0.381,0.343,-0.128,-0.142,-0.231,0.313,0.569,0.429,0.372,0.611,0.472,0.424,0.711,0.6,0.489,0.74,0.634,0.064,0.059,0.054,-2.165,-3.427,0.464,-0.624,0.565,0.1,-1.878,-2.974,0.307,-0.73,0.423,-0.006,1.195,-1.606,0.91,-2.166,1.79,1.826,2.073,0.367,1.788,-0.026,2.552,2.603,-1.719,-2.981,0.911,-0.178,1.011,0.546,0.383,-0.558,0.528,0.166,1.136,-1.655,2.234,2.337,2.231,0.702,3.184,3.332,1.05,0.013,1.166,0.737,0.668,-0.273,0.812,0.451,2.626,2.694,3.744,3.84,0.212,0.248,0.048,0.152,-0.003,0.065,-0.119,9.029,-0.188,13.414,0.337,-43.237,0.488,-80.968,-0.07,4.385,0.439,-52.266,0.574,-89.998,0.494,-56.651,0.619,-94.382,0.18,-37.732,0.311,0.105,0.073,0.401,0.157,0.109,-1.294,-1.489,-0.35,-2.423,-2.788,-0.945,0.103,0.051,0.036,-1.231,-1.8,-0.423,-2.12,-3.099,-1.05,-1.335,-1.695,-0.459,-2.223,-2.824,-1.101,-0.889,-1.129,-1.299,-0.138,-0.15,-0.322,-0.262,-0.286,-0.55,0.185,0.313,0.279,0.24,0.372,0.335,-0.128,-0.143,-0.229,0.315,0.576,0.429,0.376,0.619,0.473,0.426,0.719,0.599,0.492,0.748,0.633,0.067,0.062,0.055,-2.164,-3.463,0.448,-0.653,0.552,0.093,-1.88,-3.009,0.294,-0.756,0.413,-0.01,1.15,-1.674,0.868,-2.232,1.748,1.783,2.039,0.343,1.756,-0.044,2.517,2.568,-1.681,-2.98,0.931,-0.17,1.035,0.576,0.373,-0.572,0.525,0.175,1.102,-1.687,2.22,2.329,2.231,0.742,3.197,3.354,1.072,0.022,1.191,0.768,0.656,-0.289,0.807,0.457,2.607,2.68,3.755,3.86,0.225,0.26,0.046,0.155,-0.005,0.068
2018-10-03,CTD11,4169609,700351,0.027266592,0.03337742,0.03642486,0.012347918,0.008154651,0.0022100578,0.0021770054,0.0008707673,0.026807273,0.033587344,0.036439262,0.012399417,0.008375472,0.0020324257,0.042805873,-8.000000000000001e-45,0.295,-0.101,6.715,-0.144,9.221,0.377,-44.31,0.54,-85.954,-0.044,2.507,0.46,-51.025,0.607,-92.669,0.494,-53.532,0.634,-95.176,0.205,-41.644,0.245,0.083,0.055,0.308,0.114,0.075,-1.479,-1.614,-0.361,-2.869,-3.131,-1.061,0.068,0.031,0.02,-1.391,-1.859,-0.416,-2.527,-3.375,-1.144,-1.46,-1.787,-0.437,-2.595,-3.177,-1.175,-1.135,-1.39,-1.517,-0.125,-0.137,-0.298,-0.2,-0.221,-0.447,0.214,0.359,0.335,0.274,0.418,0.392,-0.077,-0.086,-0.149,0.33,0.594,0.472,0.396,0.637,0.517,0.397,0.68,0.58,0.466,0.714,0.618,0.069,0.066,0.06,-2.133,-3.65,0.478,-0.697,0.593,0.157,-1.955,-3.344,0.379,-0.766,0.504,0.088,1.292,-1.885,1.117,-2.259,1.964,1.984,2.427,0.641,2.252,0.394,2.974,3.005,-1.726,-3.243,0.885,-0.29,1.0,0.564,0.463,-0.598,0.617,0.256,1.367,-1.764,2.404,2.479,2.757,1.143,3.64,3.754,0.966,-0.178,1.092,0.675,0.638,-0.423,0.792,0.431,2.651,2.706,4.014,4.097,0.209,0.229,0.071,0.146,0.04,0.095,-0.112,7.53,-0.152,9.86,0.367,-43.346,0.524,-82.093,-0.041,2.33,0.461,-50.876,0.601,-89.623,0.492,-53.206,0.626,-91.953,0.194,-38.747,0.274,0.093,0.063,0.331,0.122,0.083,-1.456,-1.579,-0.363,-2.757,-2.991,-1.018,0.062,0.029,0.02,-1.364,-1.854,-0.426,-2.403,-3.266,-1.111,-1.426,-1.787,-0.446,-2.465,-3.088,-1.14,-1.039,-1.301,-1.412,-0.139,-0.151,-0.326,-0.209,-0.23,-0.464,0.206,0.343,0.321,0.263,0.401,0.377,-0.073,-0.081,-0.137,0.335,0.602,0.473,0.399,0.643,0.516,0.398,0.683,0.573,0.465,0.716,0.61,0.067,0.064,0.057,-2.141,-3.553,0.458,-0.682,0.568,0.123,-1.973,-3.275,0.367,-0.745,0.486,0.06,1.24,-1.848,1.077,-2.189,1.913,1.932,2.279,0.492,2.116,0.262,2.832,2.86,-1.686,-3.098,0.913,-0.228,1.023,0.577,0.459,-0.559,0.609,0.246,1.349,-1.642,2.396,2.479,2.651,1.071,3.548,3.67,0.99,-0.121,1.11,0.684,0.622,-0.396,0.772,0.409,2.626,2.689,3.888,3.982,0.213,0.233,0.057,0.139,0.028,0.091
2018-10-03,CTD12,4173438,695414,0.021234779,0.029970655,0.03751322,0.010222261,0.006775112,0.0016705522,0.0016638857,0.0006504344,0.021244427,0.02996824,0.037782747,0.010541282,0.0068726926,0.00160131,0.10047453,-8.000000000000001e-45,0.292,-0.171,13.727,-0.277,20.435,0.35,-50.733,0.516,-100.506,-0.112,6.709,0.491,-64.46,0.631,-114.233,0.572,-71.168,0.694,-120.942,0.203,-49.773,0.515,0.14,0.093,0.612,0.209,0.138,-1.521,-1.903,-0.344,-3.012,-3.77,-1.027,0.142,0.069,0.045,-1.369,-2.418,-0.437,-2.426,-4.285,-1.168,-1.511,-2.133,-0.482,-2.568,-3.625,-1.236,-1.057,-1.492,-1.867,-0.183,-0.197,-0.514,-0.405,-0.443,-0.958,0.163,0.3,0.249,0.214,0.36,0.303,-0.24,-0.269,-0.444,0.336,0.705,0.446,0.395,0.737,0.486,0.533,0.974,0.743,0.6,0.977,0.765,0.067,0.059,0.051,-2.961,-4.828,0.436,-0.8,0.528,0.046,-2.366,-3.858,0.225,-0.943,0.34,-0.097,1.278,-2.346,0.826,-3.46,1.851,1.897,2.335,0.202,1.883,-0.536,2.793,2.862,-2.258,-4.126,1.139,-0.097,1.231,0.749,0.318,-0.71,0.48,0.136,1.165,-2.605,2.613,2.751,2.657,0.754,3.942,4.151,1.426,0.258,1.541,1.104,0.77,-0.257,0.933,0.589,3.351,3.444,5.056,5.196,0.255,0.301,0.022,0.16,-0.047,0.046,-0.17,13.703,-0.28,20.604,0.337,-47.794,0.511,-98.432,-0.115,6.902,0.48,-61.496,0.627,-112.135,0.564,-68.398,0.692,-119.036,0.211,-50.638,0.518,0.144,0.094,0.617,0.217,0.142,-1.432,-1.806,-0.328,-2.95,-3.719,-1.038,0.147,0.073,0.047,-1.306,-2.324,-0.423,-2.382,-4.237,-1.182,-1.453,-2.05,-0.47,-2.529,-3.567,-1.255,-1.076,-1.518,-1.913,-0.181,-0.195,-0.501,-0.408,-0.449,-0.95,0.158,0.291,0.24,0.212,0.355,0.297,-0.246,-0.278,-0.449,0.329,0.691,0.435,0.391,0.727,0.478,0.532,0.969,0.739,0.604,0.972,0.763,0.072,0.062,0.054,-2.875,-4.789,0.43,-0.825,0.527,0.057,-2.281,-3.798,0.211,-0.972,0.333,-0.09,1.222,-2.345,0.755,-3.482,1.786,1.833,2.298,0.248,1.83,-0.493,2.739,2.812,-2.174,-4.087,1.132,-0.123,1.229,0.759,0.297,-0.741,0.47,0.141,1.064,-2.655,2.519,2.661,2.582,0.776,3.864,4.081,1.427,0.245,1.549,1.126,0.765,-0.273,0.937,0.609,3.261,3.355,5.001,5.146,0.267,0.314,0.028,0.17,-0.045,0.05
2018-11-07,CTD1,4187246,695025,0.005415302,0.0074763354,0.012408339,0.0036791037,0.0035177255,0.00083070656,0.00081078114,0.00031845458,0.0054577435,0.0073405397,0.012547561,0.0038219441,0.0031089368,0.00090753863,0.48498866,-8.000000000000001e-45,0.408,-0.16,50.907,-0.392,104.071,0.191,-87.143,0.212,-99.613,-0.248,53.164,0.34,-138.05,0.36,-150.519,0.543,-191.214,0.558,-203.684,0.022,-12.469,0.632,0.187,0.179,0.778,0.383,0.366,-0.652,-1.081,-0.307,-0.745,-1.236,-0.366,0.288,0.196,0.187,-0.748,-1.713,-0.486,-0.815,-1.868,-0.554,-1.035,-1.43,-0.673,-1.103,-1.523,-0.749,-0.068,-0.093,-0.155,-0.128,-0.129,-0.286,-0.627,-0.636,-0.972,0.087,0.158,0.109,0.095,0.17,0.118,-0.542,-0.552,-0.685,0.213,0.425,0.238,0.222,0.435,0.246,0.677,0.977,0.794,0.69,0.978,0.797,0.013,0.009,0.008,-2.648,-2.803,0.428,-0.322,0.441,-0.232,-1.596,-1.689,-0.056,-0.609,-0.034,-0.52,0.869,-0.653,-0.188,-2.055,1.001,1.188,0.937,-0.493,-0.12,-1.833,1.047,1.243,-1.992,-2.147,1.084,0.335,1.097,0.424,-0.077,-0.443,-0.047,-0.354,-0.259,-1.495,1.383,1.749,-0.166,-1.247,1.446,1.829,1.799,1.245,1.821,1.335,0.98,0.614,1.01,0.704,2.723,2.902,2.848,3.035,0.209,0.396,-0.157,0.209,-0.353,-0.174,-0.147,46.996,-0.394,103.529,0.176,-78.421,0.274,-138.427,-0.262,56.533,0.315,-125.417,0.405,-185.424,0.533,-181.95,0.603,-241.957,0.103,-60.006,0.59,0.18,0.146,0.76,0.396,0.322,-0.576,-0.984,-0.244,-1.016,-1.737,-0.529,0.309,0.216,0.176,-0.684,-1.574,-0.39,-1.012,-2.327,-0.709,-0.993,-1.336,-0.566,-1.321,-1.776,-0.925,-0.327,-0.44,-0.753,-0.115,-0.12,-0.272,-0.635,-0.678,-1.023,0.082,0.157,0.104,0.118,0.21,0.143,-0.561,-0.608,-0.751,0.195,0.411,0.225,0.235,0.456,0.259,0.682,1.019,0.835,0.737,1.017,0.846,0.056,0.04,0.036,-2.54,-3.292,0.439,-0.486,0.496,-0.07,-1.486,-1.926,-0.086,-0.794,0.011,-0.378,0.843,-0.933,-0.281,-2.608,1.004,1.18,1.17,-0.165,0.046,-1.528,1.235,1.451,-1.938,-2.691,1.04,0.116,1.097,0.532,-0.115,-0.644,0.015,-0.228,-0.378,-2.115,1.351,1.673,0.062,-0.922,1.661,2.057,1.778,1.07,1.876,1.486,1.009,0.48,1.14,0.896,2.713,2.86,3.336,3.515,0.277,0.453,-0.049,0.273,-0.265,-0.119
2018-11-07,CTD2,4181518,693105,0.004190942,0.006537391,0.0077838185,0.0010714364,0.0007728175,0.00018876317,0.00018012417,6.869126e-05,0.004156163,0.0064940867,0.0077873333,0.0010648894,0.00073489494,0.00019404433,0.23152642,-2.878e-42,0.224,-0.219,85.644,-0.3,110.138,0.593,-694.717,0.689,-1055.357,-0.087,24.495,0.718,-780.36,0.789,-1141.0,0.758,-804.855,0.819,-1165.495,0.162,-360.64,0.667,0.092,0.066,0.72,0.118,0.085,-4.542,-5.408,-0.537,-6.899,-8.215,-1.131,0.103,0.026,0.019,-3.27,-6.074,-0.603,-4.782,-8.881,-1.223,-3.373,-5.262,-0.622,-4.885,-7.619,-1.249,-1.511,-2.358,-2.807,-0.265,-0.274,-1.272,-0.472,-0.491,-1.948,0.218,0.427,0.365,0.239,0.449,0.386,-0.237,-0.251,-0.676,0.456,1.101,0.639,0.481,1.095,0.651,0.626,1.352,0.918,0.654,1.332,0.921,0.028,0.025,0.021,-6.624,-9.431,0.503,-0.745,0.542,-0.08,-5.563,-7.921,0.375,-0.848,0.42,-0.183,3.072,-4.548,2.721,-6.16,3.793,3.812,4.583,-0.679,4.232,-1.842,5.259,5.285,-5.705,-8.512,1.422,0.173,1.461,0.839,0.584,-0.547,0.655,0.119,4.244,-3.97,5.917,6.002,6.602,1.194,8.204,8.322,1.693,0.471,1.739,1.136,0.935,-0.196,1.006,0.469,7.08,7.147,9.816,9.908,0.137,0.156,-0.021,0.065,-0.047,0.019,-0.22,86.62,-0.304,112.193,0.592,-698.458,0.699,-1120.132,-0.091,25.573,0.718,-785.078,0.797,-1206.752,0.759,-810.651,0.828,-1232.325,0.183,-421.674,0.675,0.092,0.064,0.729,0.119,0.082,-4.536,-5.439,-0.513,-7.274,-8.723,-1.193,0.106,0.027,0.019,-3.263,-6.114,-0.577,-5.015,-9.397,-1.285,-3.369,-5.264,-0.596,-5.122,-8.003,-1.312,-1.753,-2.738,-3.284,-0.264,-0.274,-1.299,-0.48,-0.502,-2.018,0.216,0.428,0.363,0.24,0.453,0.386,-0.248,-0.264,-0.719,0.455,1.11,0.637,0.482,1.103,0.651,0.631,1.374,0.93,0.662,1.351,0.933,0.031,0.028,0.023,-6.673,-9.957,0.503,-0.809,0.546,-0.05,-5.565,-8.303,0.37,-0.915,0.421,-0.156,3.069,-4.934,2.704,-6.694,3.79,3.809,4.822,-0.443,4.456,-1.657,5.491,5.519,-5.75,-9.034,1.426,0.113,1.468,0.872,0.578,-0.615,0.657,0.144,4.225,-4.498,5.922,6.004,6.963,1.524,8.581,8.7,1.71,0.425,1.761,1.184,0.943,-0.25,1.022,0.509,7.136,7.2,10.34,10.433,0.143,0.162,-0.013,0.07,-0.04,0.024
2018-11-07,CTD3,4181698,695238,0.006447718,0.009597701,0.014053771,0.0029002458,0.002251103,0.00050727755,0.00050139107,0.00019338209,0.006447945,0.0094623165,0.014152773,0.002992292,0.0021118866,0.0005383713,0.23780367,-2.878e-42,0.518,-0.196,50.902,-0.371,83.938,0.379,-189.705,0.482,-289.133,-0.188,33.036,0.536,-240.607,0.62,-340.035,0.658,-273.643,0.724,-373.071,0.126,-99.428,0.715,0.148,0.115,0.806,0.243,0.189,-1.821,-2.666,-0.427,-2.775,-4.063,-0.839,0.213,0.096,0.074,-1.551,-3.381,-0.542,-2.192,-4.779,-0.986,-1.764,-2.626,-0.616,-2.405,-3.581,-1.082,-0.641,-0.954,-1.397,-0.186,-0.193,-0.611,-0.609,-0.642,-1.477,0.15,0.299,0.218,0.177,0.336,0.248,-0.477,-0.512,-0.865,0.327,0.77,0.411,0.358,0.786,0.433,0.695,1.282,0.941,0.736,1.263,0.944,0.04,0.032,0.027,-4.174,-5.571,0.465,-0.617,0.512,-0.104,-2.85,-3.805,0.157,-0.83,0.224,-0.317,1.54,-2.04,0.759,-4.02,1.989,2.063,2.181,-0.445,1.4,-1.981,2.562,2.658,-3.357,-4.755,1.282,0.2,1.328,0.712,0.233,-0.605,0.334,-0.093,1.13,-2.934,2.96,3.149,2.084,-0.582,3.814,4.057,1.877,0.891,1.945,1.403,1.014,0.176,1.115,0.688,4.497,4.611,5.793,5.941,0.215,0.29,-0.047,0.142,-0.143,-0.028,-0.189,49.406,-0.374,84.431,0.366,-179.104,0.507,-318.422,-0.199,35.025,0.519,-228.51,0.635,-367.828,0.651,-263.534,0.74,-402.853,0.172,-139.318,0.699,0.148,0.104,0.799,0.253,0.178,-1.695,-2.535,-0.378,-3.013,-4.507,-0.953,0.226,0.105,0.074,-1.473,-3.234,-0.483,-2.372,-5.206,-1.101,-1.699,-2.494,-0.557,-2.598,-3.812,-1.205,-0.898,-1.318,-1.972,-0.176,-0.185,-0.591,-0.619,-0.666,-1.51,0.146,0.299,0.212,0.184,0.348,0.253,-0.497,-0.548,-0.919,0.314,0.756,0.398,0.357,0.779,0.429,0.701,1.304,0.964,0.757,1.275,0.967,0.055,0.043,0.037,-4.048,-6.02,0.47,-0.735,0.532,-0.024,-2.707,-4.025,0.139,-0.961,0.232,-0.25,1.486,-2.326,0.659,-4.547,1.932,2.006,2.385,-0.109,1.557,-1.677,2.737,2.842,-3.262,-5.234,1.256,0.051,1.318,0.762,0.205,-0.748,0.341,-0.037,0.967,-3.539,2.835,3.013,2.286,-0.249,4.016,4.269,1.879,0.778,1.972,1.489,1.032,0.079,1.168,0.79,4.402,4.507,6.237,6.385,0.241,0.315,-0.011,0.167,-0.116,-0.012
2018-11-07,CTD4,4180266,698264,0.014764105,0.017706273,0.019766742,0.006214539,0.004451168,0.0012213001,0.0011822437,0.0004806719,0.014742116,0.017742919,0.019624576,0.0062342845,0.0045124264,0.0012041142,0.13199909,-8.000000000000001e-45,0.429,-0.091,11.255,-0.145,17.142,0.408,-93.181,0.537,-156.928,-0.055,5.887,0.48,-104.436,0.598,-168.183,0.522,-110.323,0.632,-174.07,0.165,-63.747,0.222,0.07,0.05,0.304,0.107,0.076,-1.65,-1.842,-0.415,-2.779,-3.102,-0.975,0.087,0.037,0.026,-1.542,-2.064,-0.465,-2.483,-3.324,-1.045,-1.629,-1.953,-0.491,-2.57,-3.082,-1.082,-0.941,-1.129,-1.26,-0.113,-0.121,-0.276,-0.209,-0.226,-0.469,0.228,0.386,0.353,0.275,0.431,0.397,-0.098,-0.107,-0.193,0.333,0.598,0.475,0.384,0.632,0.51,0.417,0.705,0.612,0.472,0.73,0.64,0.054,0.051,0.047,-2.347,-3.607,0.519,-0.562,0.609,0.118,-2.102,-3.231,0.396,-0.649,0.496,0.031,1.48,-1.602,1.259,-2.065,2.124,2.151,2.421,0.468,2.201,0.136,2.966,3.003,-1.981,-3.242,0.885,-0.197,0.974,0.483,0.475,-0.5,0.594,0.18,1.51,-1.592,2.548,2.624,2.639,0.797,3.557,3.663,0.988,-0.057,1.087,0.623,0.695,-0.28,0.815,0.4,2.879,2.929,4.02,4.09,0.17,0.196,0.049,0.126,0.013,0.063,-0.092,11.472,-0.142,16.876,0.406,-92.57,0.531,-153.777,-0.05,5.404,0.48,-104.043,0.594,-165.25,0.518,-109.447,0.626,-170.654,0.16,-61.207,0.225,0.072,0.052,0.299,0.105,0.076,-1.642,-1.817,-0.418,-2.728,-3.018,-0.959,0.08,0.034,0.024,-1.534,-2.042,-0.469,-2.436,-3.243,-1.03,-1.613,-1.942,-0.494,-2.516,-3.028,-1.064,-0.902,-1.086,-1.201,-0.116,-0.124,-0.279,-0.204,-0.219,-0.454,0.228,0.382,0.352,0.274,0.427,0.396,-0.09,-0.098,-0.175,0.335,0.598,0.477,0.385,0.631,0.512,0.412,0.695,0.602,0.465,0.72,0.63,0.053,0.05,0.046,-2.317,-3.518,0.513,-0.551,0.601,0.107,-2.095,-3.181,0.4,-0.63,0.497,0.027,1.461,-1.567,1.259,-1.984,2.11,2.135,2.363,0.421,2.161,0.119,2.916,2.949,-1.944,-3.145,0.886,-0.178,0.974,0.48,0.481,-0.477,0.598,0.18,1.515,-1.503,2.54,2.616,2.601,0.784,3.509,3.614,0.98,-0.05,1.077,0.607,0.683,-0.276,0.8,0.382,2.842,2.894,3.926,3.998,0.169,0.193,0.045,0.121,0.012,0.063
2018-11-07,CTD6,4176009,695829,0.005781598,0.009346942,0.013966027,0.0025597794,0.0019114892,0.00043757688,0.00041971027,0.00016331878,0.005758679,0.009234763,0.014042222,0.0026100443,0.001815907,0.00045971596,0.23166423,-2.878e-42,0.173,-0.236,65.976,-0.414,101.36,0.386,-217.696,0.503,-350.19,-0.198,35.385,0.57,-283.672,0.66,-416.165,0.69,-319.056,0.759,-451.55,0.145,-132.494,0.921,0.169,0.126,0.947,0.259,0.194,-2.035,-3.04,-0.416,-3.273,-4.891,-0.896,0.205,0.091,0.068,-1.64,-3.962,-0.542,-2.406,-5.812,-1.065,-1.845,-2.982,-0.61,-2.611,-4.221,-1.156,-0.766,-1.238,-1.85,-0.216,-0.225,-0.797,-0.687,-0.727,-1.83,0.138,0.286,0.203,0.166,0.325,0.234,-0.554,-0.6,-1.033,0.344,0.882,0.427,0.377,0.891,0.45,0.754,1.483,1.013,0.797,1.445,1.012,0.043,0.033,0.028,-4.837,-6.688,0.435,-0.721,0.482,-0.128,-3.237,-4.476,0.14,-0.925,0.209,-0.333,1.589,-2.631,0.764,-5.048,2.054,2.122,2.355,-0.627,1.53,-2.431,2.751,2.841,-3.839,-5.69,1.433,0.278,1.48,0.87,0.227,-0.67,0.339,-0.077,1.236,-3.655,3.321,3.515,2.474,-0.566,4.447,4.707,2.142,1.076,2.211,1.669,1.051,0.155,1.164,0.747,5.125,5.251,6.864,7.032,0.238,0.306,-0.057,0.137,-0.147,-0.021,-0.232,65.364,-0.418,102.437,0.376,-209.484,0.521,-377.038,-0.207,37.073,0.559,-274.849,0.671,-442.403,0.687,-311.921,0.771,-479.475,0.179,-167.554,0.918,0.171,0.119,0.946,0.267,0.186,-1.935,-2.942,-0.38,-3.482,-5.294,-0.984,0.213,0.097,0.067,-1.583,-3.859,-0.499,-2.548,-6.212,-1.155,-1.796,-2.881,-0.566,-2.761,-4.428,-1.251,-0.965,-1.547,-2.353,-0.209,-0.219,-0.785,-0.699,-0.75,-1.872,0.135,0.285,0.199,0.169,0.333,0.237,-0.574,-0.635,-1.086,0.335,0.875,0.418,0.375,0.886,0.446,0.762,1.509,1.035,0.815,1.461,1.032,0.053,0.04,0.034,-4.756,-7.109,0.438,-0.814,0.494,-0.072,-3.128,-4.675,0.127,-1.027,0.213,-0.286,1.549,-2.879,0.686,-5.527,2.01,2.077,2.514,-0.367,1.651,-2.209,2.889,2.985,-3.776,-6.129,1.418,0.166,1.474,0.908,0.204,-0.78,0.342,-0.038,1.1,-4.195,3.223,3.409,2.647,-0.295,4.632,4.9,2.156,1.001,2.242,1.743,1.067,0.083,1.205,0.825,5.065,5.183,7.28,7.45,0.257,0.324,-0.033,0.153,-0.129,-0.011
2018-11-07,CTD7,4176724,690397,0.00399126,0.0058079762,0.009535564,0.0019104943,0.001721154,0.00036810106,0.0003686103,0.0001390568,0.0039833724,0.005696545,0.009657786,0.0019860528,0.0014940597,0.00040549648,0.66810143,-2.878e-42,0.232,-0.185,78.37,-0.41,145.677,0.353,-272.877,0.397,-330.458,-0.243,67.306,0.505,-351.248,0.543,-408.829,0.666,-418.554,0.694,-476.135,0.052,-57.581,0.747,0.15,0.135,0.846,0.278,0.251,-1.585,-2.602,-0.47,-1.919,-3.151,-0.631,0.269,0.129,0.116,-1.402,-3.349,-0.605,-1.632,-3.898,-0.781,-1.671,-2.431,-0.72,-1.9,-2.765,-0.91,-0.23,-0.334,-0.549,-0.159,-0.161,-0.5,-0.718,-0.736,-1.527,0.136,0.276,0.185,0.148,0.294,0.198,-0.632,-0.653,-1.026,0.288,0.682,0.346,0.302,0.692,0.357,0.778,1.335,1.013,0.797,1.324,1.012,0.019,0.014,0.012,-4.304,-4.853,0.487,-0.423,0.507,-0.214,-2.621,-2.956,0.09,-0.691,0.122,-0.482,1.48,-1.285,0.447,-3.451,1.793,1.909,1.71,-0.721,0.677,-2.672,1.99,2.119,-3.536,-4.085,1.255,0.345,1.275,0.554,0.13,-0.501,0.178,-0.292,0.651,-2.5,2.609,2.86,0.985,-1.617,2.896,3.174,2.06,1.279,2.093,1.488,1.163,0.532,1.211,0.741,4.56,4.695,5.062,5.211,0.182,0.298,-0.102,0.148,-0.231,-0.096,-0.177,75.499,-0.416,147.5,0.335,-252.468,0.454,-418.274,-0.258,72.002,0.483,-327.966,0.584,-493.772,0.659,-399.968,0.732,-565.774,0.141,-165.806,0.729,0.15,0.113,0.84,0.293,0.22,-1.438,-2.438,-0.377,-2.383,-4.04,-0.831,0.287,0.143,0.108,-1.306,-3.167,-0.49,-1.967,-4.769,-0.981,-1.593,-2.278,-0.598,-2.254,-3.223,-1.124,-0.66,-0.945,-1.601,-0.147,-0.154,-0.492,-0.739,-0.789,-1.631,0.13,0.278,0.179,0.162,0.324,0.214,-0.664,-0.723,-1.138,0.272,0.677,0.333,0.308,0.704,0.361,0.793,1.401,1.067,0.843,1.368,1.063,0.051,0.036,0.032,-4.164,-5.765,0.494,-0.63,0.545,-0.053,-2.456,-3.4,0.064,-0.917,0.15,-0.34,1.416,-1.807,0.31,-4.458,1.743,1.851,2.076,-0.202,0.971,-2.197,2.317,2.46,-3.433,-5.034,1.224,0.101,1.275,0.678,0.091,-0.739,0.215,-0.162,0.444,-3.596,2.493,2.714,1.388,-1.05,3.314,3.607,2.076,1.095,2.162,1.672,1.197,0.366,1.32,0.943,4.488,4.601,5.966,6.115,0.236,0.344,-0.026,0.194,-0.169,-0.057
2018-11-07,CTD8,4174178,693048,0.020008152,0.028324751,0.033763956,0.00915695,0.0056765424,0.0014521562,0.0014119216,0.0005615041,0.02006265,0.028433455,0.033930313,0.009437526,0.0060118246,0.0013728589,0.025016546,-8.000000000000001e-45,0.347,-0.172,14.675,-0.256,20.362,0.372,-59.227,0.558,-126.184,-0.088,5.687,0.511,-73.902,0.666,-140.859,0.573,-79.589,0.712,-146.546,0.235,-66.957,0.495,0.134,0.083,0.577,0.186,0.116,-1.678,-2.0,-0.336,-3.574,-4.26,-1.155,0.114,0.052,0.032,-1.479,-2.495,-0.42,-2.818,-4.756,-1.29,-1.592,-2.254,-0.452,-2.932,-4.151,-1.342,-1.34,-1.897,-2.261,-0.194,-0.211,-0.561,-0.367,-0.405,-0.927,0.175,0.319,0.275,0.231,0.382,0.334,-0.186,-0.212,-0.367,0.356,0.746,0.486,0.421,0.777,0.528,0.509,0.958,0.724,0.581,0.963,0.749,0.072,0.065,0.056,-2.981,-5.242,0.435,-0.907,0.538,0.086,-2.501,-4.397,0.269,-1.021,0.392,-0.027,1.346,-2.805,0.993,-3.763,1.985,2.017,2.686,0.431,2.333,-0.163,3.201,3.254,-2.272,-4.532,1.144,-0.197,1.248,0.796,0.381,-0.774,0.555,0.219,1.406,-2.855,2.81,2.925,3.302,1.303,4.532,4.719,1.364,0.074,1.487,1.068,0.734,-0.421,0.908,0.572,3.404,3.487,5.49,5.625,0.257,0.29,0.04,0.155,-0.013,0.071,-0.173,14.674,-0.257,20.372,0.36,-56.116,0.539,-116.495,-0.088,5.698,0.502,-70.79,0.651,-131.169,0.565,-76.488,0.699,-136.867,0.222,-60.379,0.498,0.138,0.088,0.579,0.192,0.122,-1.596,-1.904,-0.337,-3.312,-3.953,-1.099,0.114,0.054,0.034,-1.42,-2.402,-0.426,-2.632,-4.451,-1.238,-1.535,-2.175,-0.46,-2.746,-3.892,-1.292,-1.211,-1.717,-2.049,-0.193,-0.21,-0.542,-0.366,-0.403,-0.898,0.17,0.308,0.266,0.225,0.371,0.324,-0.186,-0.211,-0.356,0.352,0.729,0.476,0.415,0.76,0.517,0.505,0.939,0.711,0.576,0.946,0.737,0.071,0.063,0.055,-2.89,-4.938,0.427,-0.864,0.528,0.069,-2.422,-4.138,0.259,-0.979,0.38,-0.046,1.288,-2.604,0.933,-3.518,1.914,1.949,2.499,0.324,2.144,-0.258,3.005,3.059,-2.178,-4.227,1.139,-0.153,1.24,0.78,0.368,-0.732,0.538,0.201,1.322,-2.631,2.713,2.836,3.038,1.134,4.259,4.451,1.359,0.121,1.48,1.054,0.723,-0.377,0.894,0.556,3.296,3.384,5.174,5.312,0.259,0.293,0.032,0.155,-0.022,0.067
2018-11-07,CTD10,4170388,695646,0.0059614796,0.008957596,0.012179166,0.0022053062,0.0016282179,0.00037899124,0.00037582326,0.0001442987,0.0059457975,0.008854421,0.012229203,0.0022359753,0.0015546639,0.00039612755,0.20742653,-2.878e-42,0.355,-0.201,56.106,-0.343,85.636,0.46,-285.708,0.571,-446.425,-0.152,29.53,0.605,-341.815,0.692,-502.531,0.693,-371.344,0.764,-532.061,0.151,-160.717,0.683,0.124,0.091,0.767,0.189,0.139,-2.559,-3.48,-0.465,-3.999,-5.437,-0.985,0.176,0.065,0.048,-2.038,-4.163,-0.557,-2.996,-6.12,-1.108,-2.214,-3.326,-0.605,-3.172,-4.766,-1.173,-0.958,-1.44,-1.957,-0.208,-0.217,-0.782,-0.557,-0.587,-1.622,0.178,0.355,0.272,0.205,0.388,0.301,-0.394,-0.424,-0.84,0.372,0.89,0.489,0.404,0.897,0.51,0.669,1.314,0.942,0.707,1.292,0.945,0.039,0.032,0.027,-4.857,-6.815,0.484,-0.689,0.532,-0.073,-3.572,-5.012,0.243,-0.865,0.308,-0.249,1.968,-2.798,1.344,-4.777,2.521,2.57,2.926,-0.4,2.302,-1.861,3.415,3.48,-4.02,-5.977,1.322,0.148,1.369,0.764,0.366,-0.619,0.462,-0.003,2.019,-3.418,3.789,3.928,3.458,-0.021,5.132,5.32,1.797,0.689,1.861,1.305,0.99,0.005,1.087,0.621,5.25,5.341,7.11,7.234,0.188,0.236,-0.027,0.113,-0.092,-0.001,-0.197,55.248,-0.346,86.415,0.453,-279.046,0.585,-475.04,-0.16,31.166,0.597,-334.294,0.701,-530.288,0.691,-365.461,0.774,-561.454,0.18,-195.994,0.676,0.124,0.086,0.765,0.193,0.134,-2.471,-3.413,-0.434,-4.206,-5.809,-1.062,0.185,0.07,0.048,-1.988,-4.088,-0.52,-3.153,-6.485,-1.186,-2.173,-3.236,-0.568,-3.338,-4.971,-1.255,-1.165,-1.735,-2.397,-0.201,-0.211,-0.767,-0.567,-0.604,-1.658,0.176,0.356,0.269,0.208,0.396,0.304,-0.412,-0.45,-0.89,0.364,0.882,0.48,0.402,0.892,0.505,0.675,1.332,0.96,0.721,1.305,0.963,0.046,0.037,0.032,-4.798,-7.195,0.489,-0.767,0.544,-0.024,-3.474,-5.209,0.234,-0.952,0.311,-0.209,1.935,-3.036,1.278,-5.207,2.484,2.532,3.1,-0.135,2.443,-1.645,3.572,3.642,-3.98,-6.377,1.306,0.051,1.362,0.794,0.348,-0.714,0.463,0.029,1.903,-3.906,3.699,3.833,3.639,0.226,5.319,5.513,1.804,0.619,1.881,1.361,1.005,-0.057,1.12,0.686,5.208,5.294,7.49,7.614,0.2,0.249,-0.009,0.125,-0.079,0.007
2018-11-07,CTD11,4169609,700351,0.012886053,0.017796459,0.024787502,0.007835425,0.00603789,0.0015348394,0.0014992018,0.000599152,0.012838749,0.017689724,0.024824664,0.007984098,0.0058438587,0.0015431229,0.24409342,-8.000000000000001e-45,0.407,-0.16,21.412,-0.316,37.26,0.244,-50.022,0.362,-88.017,-0.164,15.848,0.389,-71.435,0.493,-109.43,0.52,-87.283,0.608,-125.278,0.13,-37.995,0.531,0.168,0.129,0.663,0.292,0.225,-0.89,-1.24,-0.302,-1.566,-2.182,-0.69,0.204,0.124,0.096,-0.921,-1.771,-0.431,-1.41,-2.712,-0.857,-1.125,-1.553,-0.527,-1.614,-2.23,-0.982,-0.49,-0.676,-0.942,-0.151,-0.159,-0.354,-0.464,-0.499,-0.858,0.119,0.212,0.164,0.161,0.267,0.21,-0.337,-0.369,-0.504,0.264,0.526,0.323,0.312,0.567,0.36,0.552,0.896,0.711,0.611,0.905,0.731,0.059,0.048,0.042,-2.439,-3.381,0.408,-0.574,0.48,-0.047,-1.751,-2.428,0.08,-0.778,0.181,-0.251,0.927,-1.303,0.252,-2.461,1.305,1.401,1.416,-0.137,0.741,-1.029,1.694,1.818,-1.782,-2.724,1.065,0.083,1.137,0.61,0.11,-0.58,0.249,-0.053,0.348,-1.834,1.803,2.028,1.024,-0.216,2.339,2.631,1.483,0.626,1.584,1.153,0.785,0.095,0.924,0.622,2.695,2.824,3.497,3.665,0.269,0.364,-0.028,0.197,-0.152,-0.023,-0.159,21.359,-0.318,37.607,0.233,-47.36,0.374,-93.231,-0.168,16.247,0.378,-68.719,0.503,-114.59,0.513,-84.966,0.619,-130.837,0.155,-45.871,0.53,0.171,0.125,0.665,0.3,0.22,-0.838,-1.176,-0.277,-1.649,-2.314,-0.744,0.209,0.13,0.095,-0.882,-1.706,-0.402,-1.471,-2.845,-0.915,-1.091,-1.503,-0.497,-1.68,-2.314,-1.045,-0.589,-0.811,-1.139,-0.148,-0.158,-0.351,-0.467,-0.509,-0.867,0.114,0.206,0.158,0.165,0.272,0.213,-0.343,-0.382,-0.516,0.258,0.52,0.316,0.315,0.569,0.361,0.552,0.901,0.716,0.622,0.912,0.739,0.07,0.057,0.05,-2.383,-3.522,0.404,-0.64,0.49,-0.006,-1.698,-2.51,0.066,-0.849,0.187,-0.215,0.895,-1.419,0.205,-2.64,1.278,1.373,1.484,-0.019,0.794,-0.912,1.746,1.875,-1.731,-2.87,1.056,0.012,1.142,0.646,0.091,-0.654,0.257,-0.019,0.282,-2.032,1.76,1.98,1.093,-0.082,2.405,2.705,1.482,0.567,1.603,1.202,0.781,0.037,0.948,0.671,2.654,2.779,3.626,3.797,0.292,0.386,-0.004,0.216,-0.134,-0.009
2018-11-07,CTD12,4173438,695414,0.0098239565,0.01541948,0.018726682,0.0026830398,0.0018863656,0.0004634717,0.00044152894,0.0001702212,0.009786669,0.015345783,0.018822623,0.0026827683,0.0018535104,0.0004837174,0.119323894,-2.878e-42,0.577,-0.222,36.939,-0.312,48.392,0.571,-270.92,0.678,-428.328,-0.097,11.453,0.704,-307.859,0.782,-465.267,0.749,-319.312,0.817,-476.72,0.174,-157.408,0.692,0.099,0.07,0.746,0.13,0.091,-4.177,-5.073,-0.511,-6.605,-8.021,-1.149,0.113,0.031,0.022,-3.024,-5.765,-0.581,-4.571,-8.713,-1.248,-3.137,-4.924,-0.602,-4.683,-7.351,-1.279,-1.546,-2.427,-2.948,-0.261,-0.271,-1.225,-0.492,-0.514,-1.948,0.209,0.413,0.346,0.232,0.438,0.371,-0.264,-0.282,-0.724,0.446,1.088,0.618,0.474,1.082,0.632,0.636,1.37,0.927,0.667,1.346,0.93,0.032,0.028,0.023,-6.343,-9.29,0.494,-0.785,0.536,-0.066,-5.222,-7.65,0.351,-0.898,0.402,-0.178,2.838,-4.513,2.447,-6.266,3.539,3.561,4.384,-0.539,3.993,-1.772,5.034,5.065,-5.41,-8.358,1.426,0.147,1.469,0.867,0.55,-0.599,0.631,0.12,3.841,-4.18,5.555,5.646,6.268,1.195,7.901,8.031,1.732,0.484,1.784,1.203,0.941,-0.208,1.022,0.511,6.788,6.857,9.654,9.753,0.151,0.172,-0.018,0.073,-0.049,0.021,-0.221,37.015,-0.316,49.052,0.57,-270.569,0.682,-437.337,-0.102,12.037,0.702,-307.585,0.784,-474.352,0.751,-319.622,0.821,-486.389,0.183,-166.768,0.697,0.099,0.069,0.753,0.132,0.091,-4.152,-5.093,-0.502,-6.711,-8.232,-1.173,0.118,0.032,0.022,-3.01,-5.79,-0.57,-4.642,-8.929,-1.273,-3.128,-4.905,-0.592,-4.76,-7.464,-1.305,-1.632,-2.559,-3.139,-0.258,-0.269,-1.225,-0.501,-0.525,-1.992,0.208,0.413,0.344,0.232,0.44,0.369,-0.279,-0.299,-0.766,0.443,1.088,0.612,0.472,1.082,0.627,0.642,1.387,0.938,0.675,1.361,0.941,0.033,0.029,0.024,-6.378,-9.517,0.495,-0.81,0.539,-0.053,-5.2,-7.759,0.345,-0.927,0.399,-0.171,2.833,-4.631,2.421,-6.507,3.527,3.55,4.465,-0.44,4.054,-1.736,5.105,5.138,-5.448,-8.587,1.426,0.121,1.47,0.877,0.541,-0.632,0.626,0.124,3.797,-4.435,5.531,5.622,6.356,1.263,8.005,8.137,1.748,0.476,1.803,1.232,0.952,-0.221,1.037,0.536,6.827,6.895,9.881,9.98,0.153,0.176,-0.015,0.076,-0.047,0.022
2019-02-20,CTD1,4187246,695025,0.012083393,0.015746996,0.024407191,0.009488252,0.009606391,0.0025714166,0.0025726901,0.0009962096,0.011985435,0.0154852895,0.024592422,0.00961564,0.008406903,0.0026690338,0.6426218,-2e-44,0.27,-0.132,19.254,-0.338,41.787,0.12,-22.635,0.114,-21.339,-0.216,22.533,0.248,-41.889,0.242,-40.593,0.44,-64.422,0.435,-63.126,-0.006,1.296,0.47,0.183,0.185,0.658,0.396,0.401,-0.356,-0.552,-0.217,-0.336,-0.521,-0.202,0.272,0.214,0.216,-0.506,-1.022,-0.402,-0.491,-0.991,-0.385,-0.778,-1.014,-0.619,-0.763,-0.994,-0.599,0.016,0.02,0.032,-0.108,-0.108,-0.192,-0.488,-0.486,-0.645,0.065,0.102,0.076,0.062,0.098,0.073,-0.401,-0.399,-0.454,0.172,0.289,0.184,0.168,0.285,0.181,0.536,0.688,0.588,0.532,0.686,0.587,-0.004,-0.003,-0.003,-1.805,-1.773,0.379,-0.22,0.374,-0.245,-1.165,-1.144,-0.107,-0.493,-0.115,-0.517,0.628,-0.366,-0.276,-1.267,0.663,0.88,0.613,-0.402,-0.292,-1.315,0.655,0.869,-1.269,-1.238,0.914,0.315,0.91,0.291,-0.14,-0.343,-0.15,-0.367,-0.36,-0.881,0.865,1.266,-0.381,-0.933,0.854,1.25,1.417,1.032,1.41,1.007,0.765,0.562,0.755,0.538,1.777,1.962,1.755,1.938,0.175,0.392,-0.192,0.209,-0.406,-0.221,-0.127,18.857,-0.345,42.772,0.11,-20.563,0.175,-35.515,-0.227,23.914,0.234,-39.42,0.296,-54.372,0.438,-63.334,0.49,-78.287,0.067,-14.953,0.464,0.181,0.159,0.662,0.411,0.36,-0.318,-0.506,-0.173,-0.55,-0.873,-0.342,0.287,0.23,0.201,-0.472,-0.969,-0.331,-0.652,-1.337,-0.523,-0.759,-0.981,-0.532,-0.938,-1.212,-0.753,-0.179,-0.232,-0.368,-0.102,-0.106,-0.194,-0.502,-0.528,-0.7,0.059,0.099,0.072,0.089,0.143,0.105,-0.422,-0.447,-0.505,0.16,0.288,0.178,0.194,0.328,0.207,0.545,0.734,0.627,0.589,0.749,0.645,0.044,0.033,0.03,-1.784,-2.151,0.383,-0.37,0.432,-0.1,-1.123,-1.355,-0.134,-0.656,-0.056,-0.387,0.617,-0.596,-0.342,-1.679,0.704,0.905,0.796,-0.185,-0.162,-1.132,0.805,1.035,-1.266,-1.633,0.901,0.148,0.95,0.418,-0.173,-0.514,-0.072,-0.245,-0.441,-1.315,0.909,1.269,-0.21,-0.716,1.04,1.451,1.431,0.908,1.509,1.178,0.786,0.444,0.887,0.714,1.856,2.015,2.123,2.304,0.259,0.46,-0.08,0.279,-0.31,-0.152
2019-02-20,CTD2,4181518,693105,0.01162837,0.017273752,0.019694792,0.0033020333,0.0022077463,0.00054609426,0.0005387453,0.00020999931,0.011645201,0.017220914,0.019798411,0.003343307,0.0022341355,0.0005589719,0.10656576,-2e-44,0.202,-0.195,28.105,-0.258,35.222,0.558,-216.847,0.681,-366.954,-0.065,7.116,0.679,-244.952,0.773,-395.059,0.713,-252.069,0.798,-402.176,0.199,-150.107,0.554,0.093,0.062,0.608,0.116,0.078,-3.746,-4.271,-0.479,-6.339,-7.227,-1.212,0.083,0.023,0.016,-2.848,-4.824,-0.541,-4.594,-7.781,-1.304,-2.931,-4.354,-0.557,-4.677,-6.947,-1.328,-1.745,-2.593,-2.956,-0.245,-0.258,-1.025,-0.392,-0.414,-1.464,0.225,0.427,0.38,0.255,0.458,0.41,-0.162,-0.175,-0.439,0.446,1.01,0.638,0.481,1.009,0.655,0.567,1.185,0.841,0.605,1.171,0.85,0.038,0.035,0.03,-5.291,-8.248,0.506,-0.822,0.561,0.005,-4.641,-7.234,0.399,-0.905,0.463,-0.078,2.645,-4.303,2.381,-5.399,3.394,3.409,4.39,0.036,4.127,-0.697,5.076,5.099,-4.479,-7.435,1.318,-0.01,1.373,0.817,0.593,-0.619,0.687,0.208,3.538,-3.69,5.041,5.119,6.13,1.86,7.54,7.656,1.503,0.198,1.566,1.025,0.856,-0.356,0.95,0.472,5.775,5.837,8.637,8.73,0.156,0.172,0.001,0.079,-0.022,0.04,-0.193,27.803,-0.259,35.363,0.554,-213.233,0.678,-361.728,-0.07,7.56,0.675,-241.036,0.77,-389.531,0.711,-248.596,0.797,-397.091,0.199,-148.495,0.55,0.093,0.062,0.609,0.118,0.079,-3.672,-4.222,-0.476,-6.229,-7.162,-1.209,0.088,0.025,0.017,-2.807,-4.772,-0.539,-4.536,-7.712,-1.302,-2.895,-4.281,-0.555,-4.624,-6.838,-1.328,-1.729,-2.557,-2.94,-0.241,-0.253,-1.0,-0.396,-0.419,-1.462,0.224,0.427,0.377,0.254,0.458,0.407,-0.172,-0.186,-0.462,0.441,1.0,0.63,0.477,1.0,0.648,0.57,1.186,0.846,0.608,1.172,0.854,0.038,0.035,0.03,-5.246,-8.186,0.507,-0.82,0.563,0.008,-4.563,-7.12,0.394,-0.908,0.458,-0.08,2.613,-4.225,2.333,-5.379,3.353,3.37,4.343,0.062,4.063,-0.709,5.018,5.044,-4.443,-7.383,1.31,-0.018,1.366,0.811,0.583,-0.627,0.678,0.202,3.451,-3.711,4.959,5.038,6.008,1.786,7.421,7.539,1.506,0.204,1.57,1.032,0.863,-0.347,0.958,0.481,5.73,5.792,8.575,8.668,0.157,0.174,0.002,0.081,-0.023,0.039
2019-02-20,CTD3,4181698,695238,0.013305442,0.019690556,0.02161579,0.0032442198,0.002169018,0.0005327518,0.00051983213,0.00020128908,0.013334497,0.019630821,0.021812096,0.0032760897,0.0021778396,0.0005489033,0.104669265,-2.8899999999999995e-42,0.191,-0.194,24.371,-0.238,28.895,0.608,-233.083,0.72,-385.881,-0.047,4.523,0.717,-257.455,0.802,-410.252,0.739,-261.978,0.818,-414.776,0.199,-152.798,0.527,0.079,0.053,0.569,0.094,0.063,-4.59,-5.038,-0.506,-7.598,-8.341,-1.252,0.06,0.015,0.01,-3.426,-5.565,-0.558,-5.459,-8.868,-1.331,-3.486,-5.158,-0.568,-5.519,-8.167,-1.346,-2.033,-3.009,-3.303,-0.257,-0.268,-1.18,-0.362,-0.38,-1.535,0.244,0.46,0.423,0.27,0.486,0.448,-0.116,-0.124,-0.356,0.471,1.063,0.691,0.502,1.059,0.705,0.557,1.187,0.84,0.589,1.175,0.848,0.033,0.031,0.026,-5.987,-9.29,0.526,-0.82,0.575,0.007,-5.454,-8.463,0.451,-0.88,0.505,-0.053,3.19,-4.977,3.004,-5.864,3.991,4.001,5.223,0.065,5.037,-0.529,5.97,5.984,-5.183,-8.486,1.33,-0.016,1.38,0.811,0.667,-0.585,0.748,0.242,4.445,-3.896,5.906,5.969,7.454,2.415,8.834,8.928,1.46,0.129,1.514,0.956,0.854,-0.398,0.935,0.429,6.5,6.553,9.722,9.801,0.134,0.143,0.002,0.064,-0.013,0.04,-0.191,24.053,-0.241,29.147,0.606,-230.248,0.719,-384.177,-0.053,5.094,0.714,-254.302,0.8,-408.23,0.739,-259.396,0.818,-413.325,0.201,-153.929,0.525,0.079,0.052,0.572,0.095,0.063,-4.52,-5.022,-0.501,-7.542,-8.38,-1.259,0.068,0.017,0.011,-3.391,-5.547,-0.554,-5.444,-8.904,-1.337,-3.459,-5.092,-0.565,-5.511,-8.114,-1.354,-2.053,-3.022,-3.358,-0.251,-0.262,-1.154,-0.37,-0.389,-1.554,0.243,0.461,0.419,0.269,0.487,0.445,-0.131,-0.141,-0.4,0.465,1.054,0.682,0.497,1.051,0.696,0.562,1.195,0.85,0.596,1.182,0.857,0.033,0.031,0.027,-5.979,-9.336,0.529,-0.825,0.579,0.014,-5.381,-8.403,0.444,-0.893,0.5,-0.053,3.17,-4.944,2.959,-5.945,3.959,3.97,5.223,0.131,5.012,-0.535,5.956,5.973,-5.186,-8.543,1.322,-0.032,1.372,0.807,0.654,-0.604,0.737,0.235,4.356,-4.023,5.829,5.892,7.378,2.356,8.768,8.864,1.469,0.131,1.525,0.971,0.865,-0.393,0.948,0.446,6.495,6.547,9.77,9.849,0.135,0.146,0.004,0.067,-0.013,0.039
2019-02-20,CTD4,4180266,698264,0.0041835527,0.0056112125,0.008433491,0.0018696757,0.0016629408,0.00038068608,0.000381232,0.00014449246,0.0041978895,0.005532434,0.008507783,0.0019222383,0.0014782246,0.0004151049,0.43793926,-2.8899999999999995e-42,0.109,-0.146,60.817,-0.337,120.456,0.382,-295.821,0.431,-362.313,-0.201,59.64,0.5,-356.638,0.543,-423.13,0.637,-416.277,0.671,-482.769,0.059,-66.492,0.513,0.114,0.101,0.676,0.225,0.2,-1.66,-2.495,-0.492,-2.033,-3.056,-0.677,0.25,0.112,0.099,-1.492,-3.008,-0.593,-1.77,-3.568,-0.791,-1.742,-2.336,-0.692,-2.02,-2.709,-0.903,-0.278,-0.373,-0.561,-0.139,-0.141,-0.404,-0.568,-0.584,-1.203,0.165,0.318,0.229,0.179,0.337,0.245,-0.466,-0.483,-0.799,0.297,0.64,0.371,0.313,0.652,0.383,0.67,1.123,0.902,0.691,1.119,0.905,0.021,0.016,0.015,-3.765,-4.326,0.524,-0.379,0.548,-0.144,-2.505,-2.878,0.163,-0.628,0.2,-0.393,1.572,-1.137,0.735,-2.834,1.941,2.04,1.85,-0.485,1.013,-1.995,2.183,2.294,-3.169,-3.73,1.12,0.217,1.144,0.452,0.218,-0.459,0.268,-0.224,0.985,-2.07,2.604,2.804,1.358,-1.136,2.927,3.153,1.683,0.892,1.72,1.126,1.056,0.379,1.105,0.614,4.113,4.214,4.625,4.738,0.151,0.25,-0.064,0.136,-0.176,-0.075,-0.137,57.463,-0.339,120.676,0.372,-282.012,0.479,-438.272,-0.212,63.213,0.484,-339.475,0.578,-495.735,0.631,-402.687,0.704,-558.948,0.131,-156.26,0.489,0.11,0.085,0.668,0.232,0.178,-1.56,-2.399,-0.417,-2.425,-3.729,-0.842,0.265,0.122,0.093,-1.425,-2.888,-0.502,-2.081,-4.218,-0.953,-1.69,-2.228,-0.595,-2.346,-3.092,-1.074,-0.656,-0.864,-1.329,-0.128,-0.134,-0.392,-0.578,-0.615,-1.267,0.162,0.325,0.228,0.194,0.365,0.261,-0.486,-0.524,-0.875,0.284,0.636,0.362,0.319,0.662,0.389,0.677,1.16,0.939,0.722,1.149,0.943,0.046,0.035,0.032,-3.667,-4.997,0.533,-0.542,0.585,-0.01,-2.385,-3.249,0.146,-0.807,0.226,-0.276,1.534,-1.559,0.646,-3.572,1.917,2.01,2.19,-0.038,1.302,-1.586,2.492,2.614,-3.108,-4.437,1.092,0.018,1.144,0.549,0.192,-0.65,0.298,-0.119,0.851,-2.877,2.526,2.704,1.716,-0.683,3.285,3.517,1.679,0.726,1.759,1.258,1.08,0.237,1.186,0.769,4.074,4.159,5.298,5.408,0.191,0.284,-0.005,0.174,-0.126,-0.041
2019-02-20,CTD6,4176009,695829,0.012552612,0.018403064,0.021572927,0.0041053803,0.0027456516,0.0006803742,0.00067099207,0.0002624352,0.012585718,0.01834562,0.021670451,0.0041917632,0.002794224,0.00069124857,0.10889905,-2e-44,0.036,-0.189,25.326,-0.264,33.31,0.507,-163.918,0.641,-284.548,-0.079,7.984,0.635,-189.244,0.74,-309.873,0.68,-197.228,0.774,-317.858,0.198,-120.629,0.546,0.104,0.07,0.613,0.137,0.091,-3.017,-3.536,-0.45,-5.237,-6.139,-1.168,0.1,0.033,0.022,-2.376,-4.083,-0.52,-3.89,-6.685,-1.272,-2.476,-3.63,-0.542,-3.99,-5.85,-1.305,-1.514,-2.22,-2.602,-0.228,-0.241,-0.854,-0.401,-0.427,-1.317,0.211,0.399,0.347,0.245,0.436,0.382,-0.19,-0.207,-0.463,0.419,0.935,0.588,0.459,0.94,0.61,0.564,1.142,0.826,0.608,1.13,0.836,0.044,0.04,0.034,-4.573,-7.175,0.492,-0.813,0.555,0.013,-3.901,-6.121,0.359,-0.913,0.433,-0.087,2.205,-3.645,1.885,-4.8,2.908,2.93,3.719,0.089,3.4,-0.683,4.349,4.382,-3.789,-6.391,1.276,-0.029,1.339,0.797,0.526,-0.642,0.634,0.184,2.764,-3.374,4.264,4.355,4.984,1.448,6.376,6.512,1.496,0.223,1.569,1.05,0.845,-0.323,0.954,0.503,5.036,5.106,7.53,7.634,0.178,0.2,0.004,0.096,-0.028,0.041,-0.186,24.946,-0.265,33.309,0.5,-159.108,0.637,-278.426,-0.083,8.363,0.628,-184.054,0.736,-303.372,0.676,-192.417,0.772,-311.735,0.2,-119.318,0.541,0.105,0.07,0.611,0.14,0.093,-2.919,-3.448,-0.445,-5.108,-6.034,-1.167,0.105,0.035,0.023,-2.316,-3.989,-0.514,-3.818,-6.574,-1.272,-2.422,-3.53,-0.538,-3.923,-5.719,-1.307,-1.502,-2.189,-2.586,-0.223,-0.235,-0.824,-0.403,-0.43,-1.3,0.21,0.397,0.343,0.245,0.434,0.379,-0.198,-0.216,-0.476,0.413,0.92,0.579,0.454,0.927,0.601,0.565,1.136,0.827,0.61,1.125,0.838,0.045,0.041,0.035,-4.484,-7.069,0.493,-0.814,0.557,0.019,-3.796,-5.985,0.352,-0.919,0.428,-0.086,2.156,-3.563,1.821,-4.753,2.85,2.874,3.658,0.128,3.323,-0.666,4.276,4.311,-3.712,-6.298,1.264,-0.042,1.329,0.791,0.514,-0.654,0.625,0.18,2.655,-3.379,4.155,4.248,4.844,1.396,6.232,6.372,1.493,0.222,1.57,1.055,0.848,-0.319,0.959,0.515,4.948,5.017,7.422,7.527,0.181,0.204,0.006,0.1,-0.029,0.041
2019-02-20,CTD7,4176724,690397,0.010662524,0.0152221415,0.017741082,0.003023278,0.002108633,0.000505869,0.0005040507,0.00019473175,0.010674159,0.015129737,0.017826075,0.0030771662,0.0020843663,0.00052444416,0.1503971,-2.8899999999999995e-42,0.088,-0.176,28.093,-0.249,37.42,0.558,-236.98,0.67,-380.454,-0.076,9.327,0.669,-265.073,0.757,-408.547,0.709,-274.4,0.788,-417.875,0.178,-143.474,0.498,0.085,0.059,0.57,0.113,0.079,-3.607,-4.204,-0.5,-5.791,-6.75,-1.15,0.099,0.028,0.02,-2.826,-4.703,-0.559,-4.356,-7.248,-1.235,-2.926,-4.177,-0.579,-4.456,-6.361,-1.263,-1.53,-2.184,-2.545,-0.22,-0.23,-0.888,-0.388,-0.408,-1.379,0.232,0.441,0.385,0.259,0.469,0.412,-0.184,-0.197,-0.491,0.429,0.955,0.615,0.462,0.958,0.632,0.569,1.152,0.849,0.604,1.142,0.857,0.035,0.032,0.028,-5.168,-7.713,0.53,-0.733,0.582,0.003,-4.434,-6.618,0.402,-0.833,0.462,-0.096,2.669,-3.692,2.361,-4.887,3.388,3.408,4.199,0.022,3.891,-0.812,4.858,4.886,-4.441,-6.986,1.257,-0.006,1.309,0.73,0.574,-0.576,0.66,0.161,3.371,-3.379,4.837,4.916,5.555,1.351,6.935,7.049,1.465,0.23,1.525,0.966,0.882,-0.268,0.968,0.468,5.67,5.73,8.13,8.215,0.145,0.165,0.001,0.08,-0.027,0.032,-0.173,27.589,-0.251,37.587,0.552,-231.29,0.673,-386.078,-0.082,9.997,0.662,-258.879,0.758,-413.667,0.706,-268.877,0.791,-423.665,0.192,-154.788,0.492,0.085,0.058,0.569,0.116,0.078,-3.499,-4.123,-0.482,-5.841,-6.882,-1.188,0.107,0.031,0.021,-2.763,-4.615,-0.54,-4.416,-7.374,-1.273,-2.87,-4.068,-0.56,-4.522,-6.41,-1.304,-1.652,-2.342,-2.759,-0.213,-0.224,-0.863,-0.393,-0.415,-1.386,0.231,0.441,0.382,0.261,0.472,0.411,-0.196,-0.211,-0.522,0.423,0.945,0.605,0.458,0.949,0.624,0.572,1.156,0.857,0.61,1.145,0.865,0.038,0.035,0.03,-5.088,-7.847,0.533,-0.771,0.589,0.028,-4.318,-6.66,0.395,-0.878,0.461,-0.079,2.62,-3.79,2.291,-5.083,3.331,3.352,4.272,0.204,3.943,-0.672,4.918,4.948,-4.376,-7.135,1.245,-0.059,1.3,0.74,0.56,-0.628,0.653,0.171,3.247,-3.635,4.722,4.8,5.589,1.466,6.97,7.086,1.467,0.194,1.532,0.993,0.89,-0.298,0.983,0.501,5.598,5.655,8.264,8.349,0.151,0.171,0.008,0.086,-0.023,0.035
2019-02-20,CTD8,4174178,693048,0.0056753047,0.008038293,0.011911698,0.0027558368,0.0022322882,0.0005160146,0.000522988,0.00020106605,0.005695182,0.007919917,0.011985593,0.0028336465,0.0020757937,0.0005495687,0.2777442,-2.8899999999999995e-42,0.069,-0.172,51.797,-0.355,92.251,0.346,-186.664,0.435,-271.769,-0.194,40.453,0.489,-238.462,0.565,-323.566,0.624,-278.915,0.684,-364.02,0.105,-85.105,0.617,0.143,0.116,0.742,0.254,0.206,-1.5,-2.223,-0.417,-2.185,-3.237,-0.749,0.23,0.111,0.09,-1.353,-2.84,-0.532,-1.836,-3.854,-0.892,-1.583,-2.242,-0.623,-2.066,-2.926,-1.003,-0.483,-0.684,-1.014,-0.161,-0.167,-0.474,-0.578,-0.607,-1.25,0.146,0.284,0.206,0.173,0.319,0.235,-0.459,-0.49,-0.777,0.3,0.668,0.373,0.33,0.689,0.396,0.668,1.158,0.891,0.706,1.148,0.897,0.038,0.03,0.026,-3.616,-4.63,0.475,-0.529,0.519,-0.104,-2.44,-3.124,0.134,-0.758,0.199,-0.334,1.385,-1.542,0.578,-3.277,1.782,1.872,1.868,-0.374,1.061,-1.78,2.2,2.311,-2.906,-3.92,1.185,0.182,1.229,0.606,0.189,-0.56,0.281,-0.135,0.818,-2.419,2.523,2.729,1.502,-0.721,3.115,3.37,1.756,0.864,1.821,1.289,0.996,0.247,1.089,0.672,3.929,4.045,4.851,4.993,0.208,0.298,-0.05,0.155,-0.162,-0.046,-0.163,49.323,-0.356,92.154,0.336,-177.315,0.466,-306.156,-0.204,42.83,0.473,-226.638,0.585,-355.479,0.618,-269.469,0.705,-398.31,0.154,-128.841,0.591,0.14,0.102,0.73,0.261,0.191,-1.404,-2.125,-0.368,-2.425,-3.669,-0.868,0.244,0.121,0.089,-1.291,-2.716,-0.47,-2.025,-4.261,-1.007,-1.535,-2.134,-0.559,-2.268,-3.155,-1.129,-0.734,-1.02,-1.544,-0.15,-0.158,-0.453,-0.585,-0.629,-1.281,0.144,0.286,0.204,0.182,0.337,0.244,-0.477,-0.523,-0.828,0.288,0.655,0.362,0.331,0.685,0.394,0.672,1.178,0.916,0.728,1.162,0.922,0.056,0.043,0.038,-3.511,-5.055,0.483,-0.646,0.546,-0.013,-2.32,-3.34,0.117,-0.89,0.213,-0.257,1.349,-1.806,0.496,-3.764,1.748,1.837,2.083,-0.051,1.23,-1.486,2.386,2.507,-2.839,-4.383,1.154,0.026,1.217,0.658,0.163,-0.704,0.296,-0.072,0.69,-2.979,2.43,2.622,1.711,-0.414,3.318,3.579,1.747,0.739,1.842,1.372,1.016,0.148,1.149,0.781,3.865,3.968,5.276,5.416,0.235,0.324,-0.007,0.185,-0.128,-0.026
2019-02-20,CTD10,4170388,695646,0.009893569,0.0138870245,0.019242946,0.0055845445,0.0041635204,0.001047461,0.0010642721,0.0004208343,0.009924717,0.013802423,0.019262563,0.0057168035,0.0041064206,0.0010658028,0.21258497,-2e-44,0.062,-0.168,29.066,-0.321,49.109,0.278,-77.99,0.408,-139.106,-0.162,20.043,0.426,-107.056,0.539,-168.172,0.55,-127.099,0.644,-188.214,0.146,-61.116,0.559,0.162,0.121,0.682,0.274,0.204,-1.083,-1.501,-0.325,-1.932,-2.677,-0.777,0.198,0.112,0.083,-1.059,-2.06,-0.446,-1.664,-3.236,-0.939,-1.257,-1.765,-0.529,-1.862,-2.614,-1.051,-0.605,-0.849,-1.176,-0.161,-0.171,-0.41,-0.48,-0.518,-0.959,0.13,0.239,0.184,0.173,0.294,0.231,-0.346,-0.381,-0.549,0.285,0.591,0.355,0.334,0.628,0.392,0.574,0.972,0.757,0.634,0.974,0.774,0.06,0.049,0.043,-2.733,-3.909,0.422,-0.629,0.496,-0.033,-1.973,-2.821,0.112,-0.827,0.214,-0.231,1.05,-1.564,0.386,-2.85,1.472,1.555,1.655,-0.11,0.991,-1.069,1.974,2.086,-2.042,-3.218,1.113,0.062,1.187,0.658,0.157,-0.62,0.301,-0.024,0.542,-2.135,2.066,2.27,1.39,-0.11,2.771,3.045,1.543,0.604,1.645,1.199,0.821,0.044,0.965,0.64,3.025,3.146,4.057,4.22,0.265,0.348,-0.019,0.186,-0.131,-0.01,-0.163,28.307,-0.32,48.844,0.269,-74.164,0.415,-142.763,-0.165,20.537,0.414,-102.472,0.541,-171.07,0.542,-123.009,0.649,-191.607,0.164,-68.598,0.545,0.162,0.116,0.674,0.279,0.201,-1.024,-1.429,-0.305,-1.97,-2.75,-0.816,0.204,0.117,0.084,-1.017,-1.974,-0.421,-1.698,-3.295,-0.978,-1.221,-1.698,-0.505,-1.902,-2.645,-1.095,-0.681,-0.947,-1.321,-0.155,-0.166,-0.395,-0.478,-0.521,-0.951,0.127,0.235,0.18,0.176,0.298,0.233,-0.349,-0.389,-0.556,0.277,0.576,0.346,0.332,0.62,0.388,0.571,0.965,0.756,0.639,0.969,0.776,0.068,0.055,0.049,-2.65,-3.972,0.422,-0.673,0.506,0.001,-1.899,-2.846,0.101,-0.877,0.218,-0.203,1.02,-1.625,0.34,-2.955,1.439,1.523,1.7,0.003,1.021,-0.953,2.003,2.12,-1.979,-3.3,1.094,-0.001,1.178,0.672,0.141,-0.676,0.303,-0.002,0.473,-2.276,2.001,2.201,1.42,-0.008,2.785,3.064,1.527,0.549,1.643,1.223,0.82,0.003,0.982,0.677,2.956,3.072,4.115,4.277,0.279,0.363,0.0,0.201,-0.117,-0.001
2019-02-20,CTD11,4169609,700351,0.010669733,0.0155033395,0.023100168,0.007121805,0.005552084,0.0013900303,0.0014257669,0.00056025386,0.010656173,0.015376218,0.023171598,0.007284446,0.005356829,0.0014144218,0.2620363,-2e-44,0.053,-0.185,29.221,-0.368,50.433,0.199,-46.691,0.315,-86.389,-0.197,21.213,0.37,-75.912,0.473,-115.61,0.529,-97.124,0.612,-136.823,0.124,-39.699,0.675,0.208,0.162,0.782,0.359,0.28,-0.724,-1.079,-0.259,-1.339,-1.996,-0.615,0.226,0.151,0.118,-0.81,-1.754,-0.421,-1.234,-2.671,-0.823,-1.036,-1.506,-0.539,-1.46,-2.121,-0.974,-0.424,-0.615,-0.917,-0.16,-0.169,-0.381,-0.549,-0.59,-0.981,0.092,0.169,0.124,0.133,0.226,0.169,-0.427,-0.468,-0.599,0.248,0.517,0.293,0.295,0.559,0.329,0.61,0.985,0.759,0.67,0.986,0.776,0.06,0.046,0.041,-2.555,-3.472,0.38,-0.595,0.448,-0.091,-1.715,-2.33,0.003,-0.821,0.104,-0.318,0.827,-1.294,0.008,-2.662,1.14,1.258,1.251,-0.255,0.432,-1.322,1.462,1.613,-1.791,-2.708,1.145,0.17,1.213,0.673,0.004,-0.612,0.151,-0.108,0.012,-1.984,1.657,1.937,0.627,-0.451,2.125,2.484,1.706,0.882,1.807,1.385,0.823,0.207,0.97,0.71,2.723,2.885,3.493,3.701,0.309,0.427,-0.061,0.219,-0.212,-0.05,-0.181,28.807,-0.37,50.686,0.188,-43.436,0.331,-92.835,-0.202,21.879,0.357,-72.243,0.483,-121.642,0.522,-94.123,0.624,-143.521,0.152,-49.399,0.668,0.21,0.154,0.779,0.369,0.272,-0.668,-1.006,-0.233,-1.427,-2.151,-0.676,0.233,0.159,0.117,-0.77,-1.674,-0.387,-1.296,-2.819,-0.886,-1.003,-1.447,-0.504,-1.529,-2.207,-1.045,-0.526,-0.76,-1.145,-0.155,-0.165,-0.373,-0.552,-0.604,-0.99,0.087,0.163,0.118,0.137,0.234,0.174,-0.435,-0.487,-0.617,0.239,0.505,0.284,0.296,0.558,0.329,0.61,0.992,0.766,0.684,0.993,0.786,0.074,0.057,0.05,-2.488,-3.633,0.379,-0.667,0.462,-0.042,-1.651,-2.411,-0.014,-0.9,0.111,-0.275,0.799,-1.408,-0.044,-2.863,1.114,1.232,1.326,-0.122,0.482,-1.192,1.516,1.675,-1.738,-2.883,1.129,0.083,1.212,0.708,-0.02,-0.696,0.161,-0.072,-0.064,-2.215,1.608,1.88,0.696,-0.311,2.187,2.556,1.701,0.815,1.826,1.439,0.823,0.147,1.004,0.772,2.678,2.833,3.642,3.852,0.335,0.452,-0.029,0.243,-0.188,-0.034
2019-02-20,CTD12,4173438,695414,0.014381286,0.020032547,0.027636461,0.0072163553,0.0055903937,0.001339213,0.0013296785,0.00051634683,0.014351258,0.01987106,0.027832612,0.007447301,0.0053103697,0.0013723124,0.26859787,-2e-44,0.011,-0.164,19.616,-0.315,33.351,0.332,-69.039,0.44,-109.343,-0.16,13.735,0.47,-88.655,0.564,-128.96,0.586,-102.39,0.664,-142.694,0.127,-40.304,0.542,0.142,0.11,0.668,0.241,0.186,-1.383,-1.908,-0.386,-2.19,-3.022,-0.789,0.198,0.099,0.077,-1.275,-2.45,-0.496,-1.855,-3.564,-0.931,-1.473,-2.051,-0.572,-2.052,-2.859,-1.03,-0.58,-0.807,-1.114,-0.162,-0.17,-0.441,-0.486,-0.517,-1.035,0.15,0.28,0.216,0.184,0.323,0.252,-0.352,-0.381,-0.594,0.305,0.642,0.386,0.344,0.669,0.414,0.593,1.022,0.797,0.641,1.021,0.809,0.047,0.039,0.034,-3.112,-4.226,0.457,-0.573,0.516,-0.057,-2.256,-3.063,0.16,-0.77,0.241,-0.254,1.268,-1.591,0.613,-2.951,1.714,1.791,1.848,-0.203,1.193,-1.257,2.212,2.311,-2.437,-3.551,1.132,0.102,1.191,0.618,0.223,-0.566,0.336,-0.05,0.854,-2.168,2.387,2.574,1.662,-0.246,3.082,3.322,1.561,0.631,1.643,1.147,0.878,0.089,0.991,0.605,3.441,3.551,4.442,4.583,0.223,0.3,-0.028,0.158,-0.128,-0.018,-0.161,19.356,-0.32,33.751,0.317,-64.597,0.46,-118.631,-0.167,14.395,0.455,-83.952,0.578,-137.986,0.578,-98.348,0.68,-152.382,0.168,-54.034,0.539,0.144,0.103,0.671,0.251,0.179,-1.284,-1.798,-0.343,-2.357,-3.302,-0.883,0.207,0.107,0.076,-1.205,-2.337,-0.446,-1.98,-3.841,-1.028,-1.411,-1.954,-0.522,-2.187,-3.028,-1.135,-0.775,-1.074,-1.504,-0.156,-0.167,-0.433,-0.493,-0.535,-1.057,0.145,0.274,0.208,0.19,0.331,0.256,-0.365,-0.405,-0.624,0.295,0.632,0.375,0.345,0.668,0.413,0.596,1.037,0.81,0.658,1.033,0.824,0.062,0.051,0.045,-3.015,-4.519,0.455,-0.68,0.531,0.009,-2.153,-3.226,0.141,-0.887,0.248,-0.197,1.213,-1.815,0.526,-3.314,1.66,1.736,1.989,0.034,1.302,-1.035,2.328,2.435,-2.353,-3.857,1.117,-0.018,1.194,0.672,0.195,-0.688,0.344,0.001,0.729,-2.573,2.298,2.477,1.803,0.005,3.223,3.474,1.565,0.537,1.672,1.226,0.882,-0.002,1.031,0.688,3.367,3.47,4.722,4.866,0.252,0.328,0.005,0.184,-0.102,0.0
2019-03-12,CTD1,4187246,695025,0.014415671,0.019637423,0.026712772,0.008905154,0.0068145003,0.0017556895,0.0017761044,0.0006982621,0.014336367,0.019558106,0.02676241,0.0090541,0.006613488,0.0017426161,0.22459811,-8.000000000000001e-45,0.065,-0.153,18.446,-0.299,31.934,0.236,-42.926,0.358,-77.377,-0.153,13.488,0.376,-61.371,0.485,-95.823,0.5,-74.859,0.593,-109.311,0.133,-34.451,0.493,0.164,0.126,0.627,0.284,0.218,-0.843,-1.147,-0.293,-1.519,-2.067,-0.689,0.194,0.12,0.092,-0.885,-1.639,-0.418,-1.381,-2.56,-0.853,-1.079,-1.47,-0.51,-1.576,-2.147,-0.973,-0.497,-0.677,-0.92,-0.147,-0.156,-0.332,-0.431,-0.465,-0.782,0.119,0.208,0.164,0.164,0.266,0.213,-0.303,-0.333,-0.45,0.261,0.506,0.32,0.312,0.55,0.36,0.523,0.839,0.673,0.584,0.853,0.697,0.061,0.051,0.045,-2.266,-3.186,0.401,-0.573,0.479,-0.031,-1.666,-2.342,0.086,-0.767,0.193,-0.226,0.884,-1.263,0.259,-2.301,1.272,1.364,1.38,-0.09,0.755,-0.884,1.662,1.782,-1.637,-2.558,1.029,0.055,1.107,0.597,0.117,-0.572,0.262,-0.03,0.352,-1.715,1.732,1.95,1.029,-0.118,2.264,2.548,1.4,0.546,1.506,1.088,0.743,0.054,0.888,0.595,2.527,2.653,3.302,3.467,0.271,0.363,-0.019,0.198,-0.139,-0.014,-0.154,18.623,-0.302,32.387,0.226,-40.695,0.369,-81.453,-0.156,13.764,0.367,-59.318,0.495,-100.076,0.494,-73.081,0.604,-113.84,0.156,-40.759,0.498,0.169,0.123,0.633,0.293,0.214,-0.796,-1.089,-0.269,-1.593,-2.18,-0.737,0.197,0.125,0.091,-0.85,-1.587,-0.392,-1.435,-2.678,-0.906,-1.048,-1.429,-0.483,-1.632,-2.227,-1.031,-0.584,-0.797,-1.091,-0.146,-0.156,-0.333,-0.434,-0.475,-0.793,0.114,0.202,0.158,0.167,0.27,0.216,-0.308,-0.344,-0.46,0.256,0.501,0.315,0.315,0.553,0.361,0.522,0.845,0.677,0.594,0.861,0.704,0.072,0.059,0.053,-2.223,-3.314,0.395,-0.636,0.486,0.003,-1.624,-2.422,0.073,-0.833,0.198,-0.195,0.853,-1.374,0.215,-2.463,1.245,1.336,1.437,0.008,0.799,-0.788,1.705,1.829,-1.592,-2.682,1.026,-0.005,1.117,0.634,0.099,-0.638,0.269,0.0,0.293,-1.887,1.699,1.913,1.091,0.001,2.326,2.619,1.404,0.498,1.529,1.136,0.737,-0.001,0.907,0.638,2.495,2.618,3.415,3.584,0.293,0.384,0.002,0.216,-0.123,0.0
2019-03-12,CTD2,4181518,693105,0.017496366,0.025007116,0.023616333,0.0032228625,0.002021565,0.0005280862,0.0005006848,0.0001948745,0.017606508,0.025007507,0.023957316,0.0031878469,0.0020874925,0.0005349076,0.050683063,-8.000000000000001e-45,0.163,-0.177,17.166,-0.149,14.811,0.689,-253.128,0.793,-437.512,0.029,-2.355,0.772,-270.295,0.85,-454.678,0.76,-267.94,0.842,-452.323,0.229,-184.383,0.405,0.055,0.035,0.37,0.048,0.03,-6.33,-5.978,-0.512,-10.941,-10.332,-1.41,-0.041,-0.008,-0.005,-4.729,-6.383,-0.546,-7.955,-10.738,-1.465,-4.688,-6.7,-0.542,-7.914,-11.311,-1.458,-3.226,-4.611,-4.354,-0.28,-0.293,-1.432,-0.217,-0.226,-1.167,0.294,0.528,0.557,0.318,0.548,0.577,0.067,0.071,0.265,0.53,1.116,0.85,0.559,1.109,0.856,0.48,1.045,0.755,0.508,1.042,0.765,0.028,0.029,0.025,-6.628,-10.983,0.563,-0.895,0.614,0.072,-7.018,-11.629,0.612,-0.853,0.66,0.114,4.37,-6.941,4.484,-6.253,5.348,5.343,7.596,0.896,7.71,1.327,8.526,8.518,-5.898,-10.253,1.293,-0.165,1.344,0.802,0.875,-0.535,0.943,0.432,6.41,-3.923,7.644,7.674,11.02,5.042,12.186,12.234,1.221,-0.244,1.269,0.723,0.76,-0.65,0.829,0.317,7.212,7.247,11.498,11.553,0.103,0.099,0.013,0.043,0.021,0.056,-0.174,16.809,-0.153,15.056,0.693,-256.894,0.788,-422.246,0.021,-1.753,0.774,-273.703,0.846,-439.056,0.765,-271.95,0.84,-437.303,0.209,-165.352,0.403,0.054,0.035,0.377,0.048,0.031,-6.424,-6.154,-0.536,-10.559,-10.116,-1.346,-0.031,-0.006,-0.004,-4.819,-6.557,-0.571,-7.73,-10.519,-1.4,-4.788,-6.801,-0.568,-7.699,-10.936,-1.394,-2.911,-4.135,-3.961,-0.273,-0.284,-1.403,-0.225,-0.234,-1.204,0.294,0.532,0.554,0.317,0.55,0.572,0.051,0.053,0.199,0.525,1.108,0.838,0.551,1.102,0.844,0.487,1.055,0.767,0.513,1.052,0.776,0.026,0.026,0.022,-6.811,-10.773,0.571,-0.823,0.617,0.049,-7.11,-11.245,0.607,-0.792,0.651,0.08,4.479,-6.457,4.565,-5.954,5.44,5.436,7.39,0.59,7.476,0.919,8.307,8.301,-6.095,-10.056,1.287,-0.107,1.333,0.766,0.863,-0.483,0.925,0.389,6.484,-3.632,7.726,7.758,10.619,4.464,11.799,11.847,1.233,-0.166,1.277,0.706,0.777,-0.569,0.839,0.303,7.397,7.432,11.296,11.349,0.098,0.094,0.009,0.04,0.014,0.05
2019-03-12,CTD3,4181698,695238,0.01816359,0.02499046,0.03111511,0.0083837975,0.005702663,0.0014147563,0.0013982252,0.0005518344,0.018159788,0.024977094,0.031268932,0.00863839,0.0057521136,0.0013816295,0.12674977,-8.000000000000001e-45,0.243,-0.158,15.04,-0.263,22.916,0.368,-64.222,0.522,-120.301,-0.109,7.877,0.498,-79.262,0.628,-135.341,0.575,-87.139,0.69,-143.218,0.19,-56.079,0.468,0.126,0.086,0.573,0.192,0.131,-1.605,-1.998,-0.366,-3.006,-3.743,-1.009,0.143,0.066,0.045,-1.44,-2.466,-0.452,-2.458,-4.211,-1.135,-1.583,-2.178,-0.497,-2.601,-3.579,-1.201,-1.019,-1.401,-1.745,-0.173,-0.185,-0.485,-0.388,-0.422,-0.919,0.174,0.319,0.266,0.222,0.373,0.315,-0.231,-0.257,-0.435,0.337,0.696,0.451,0.391,0.727,0.488,0.527,0.952,0.741,0.589,0.957,0.761,0.062,0.054,0.048,-2.985,-4.729,0.457,-0.743,0.544,0.047,-2.397,-3.798,0.248,-0.886,0.356,-0.096,1.363,-2.216,0.921,-3.29,1.938,1.983,2.382,0.204,1.94,-0.526,2.85,2.916,-2.335,-4.08,1.106,-0.094,1.193,0.696,0.342,-0.667,0.489,0.123,1.268,-2.475,2.667,2.798,2.669,0.671,3.921,4.113,1.378,0.243,1.485,1.033,0.784,-0.225,0.931,0.565,3.397,3.483,4.995,5.121,0.233,0.278,0.022,0.152,-0.045,0.041,-0.158,15.03,-0.265,23.086,0.355,-60.696,0.519,-118.782,-0.112,8.056,0.486,-75.726,0.626,-133.812,0.567,-83.782,0.689,-141.869,0.201,-58.087,0.47,0.13,0.086,0.577,0.199,0.133,-1.516,-1.898,-0.349,-2.967,-3.714,-1.026,0.146,0.07,0.046,-1.375,-2.368,-0.436,-2.43,-4.184,-1.156,-1.521,-2.093,-0.482,-2.576,-3.543,-1.226,-1.055,-1.451,-1.816,-0.171,-0.184,-0.474,-0.39,-0.427,-0.911,0.169,0.31,0.257,0.221,0.369,0.311,-0.235,-0.263,-0.437,0.331,0.683,0.441,0.389,0.717,0.482,0.525,0.946,0.736,0.592,0.952,0.759,0.067,0.058,0.051,-2.893,-4.709,0.451,-0.775,0.543,0.061,-2.311,-3.761,0.235,-0.921,0.35,-0.085,1.303,-2.24,0.85,-3.334,1.872,1.918,2.358,0.266,1.905,-0.463,2.811,2.881,-2.244,-4.061,1.099,-0.126,1.191,0.71,0.323,-0.703,0.482,0.133,1.17,-2.545,2.575,2.707,2.62,0.722,3.867,4.066,1.376,0.22,1.492,1.056,0.776,-0.25,0.935,0.586,3.303,3.389,4.96,5.09,0.245,0.292,0.029,0.162,-0.04,0.046
2019-03-12,CTD4,4180266,698264,0.007334281,0.010155237,0.013102399,0.0025575105,0.00193892,0.00045172457,0.00045407645,0.00017387573,0.007350475,0.01004529,0.013155952,0.002612768,0.0018438617,0.00047620875,0.22473209,-2.878e-42,0.2,-0.161,37.875,-0.282,60.024,0.483,-254.659,0.582,-379.405,-0.127,22.149,0.598,-292.534,0.679,-417.28,0.673,-314.683,0.742,-439.429,0.138,-124.746,0.496,0.097,0.073,0.61,0.154,0.116,-2.586,-3.337,-0.494,-3.853,-4.971,-0.97,0.162,0.057,0.043,-2.146,-3.833,-0.567,-3.06,-5.467,-1.067,-2.308,-3.196,-0.61,-3.223,-4.463,-1.124,-0.915,-1.267,-1.634,-0.18,-0.188,-0.627,-0.454,-0.477,-1.283,0.205,0.395,0.318,0.232,0.424,0.345,-0.298,-0.318,-0.655,0.372,0.819,0.505,0.402,0.831,0.525,0.603,1.137,0.872,0.638,1.129,0.878,0.035,0.03,0.027,-4.401,-6.035,0.527,-0.597,0.574,-0.036,-3.411,-4.678,0.308,-0.759,0.369,-0.198,2.093,-2.37,1.578,-3.89,2.677,2.72,3.008,-0.188,2.492,-1.34,3.531,3.587,-3.738,-5.373,1.189,0.066,1.237,0.626,0.426,-0.544,0.511,0.017,2.184,-2.787,3.706,3.823,3.451,0.114,4.889,5.042,1.535,0.467,1.596,1.028,0.942,-0.029,1.026,0.532,4.859,4.932,6.409,6.506,0.158,0.201,-0.013,0.104,-0.069,0.004,-0.155,36.496,-0.283,60.034,0.476,-246.69,0.599,-406.294,-0.134,23.538,0.587,-283.187,0.69,-442.791,0.669,-306.725,0.754,-466.329,0.173,-159.604,0.48,0.095,0.067,0.603,0.157,0.111,-2.478,-3.245,-0.455,-4.081,-5.345,-1.062,0.173,0.061,0.043,-2.082,-3.726,-0.522,-3.255,-5.825,-1.157,-2.255,-3.081,-0.566,-3.428,-4.684,-1.218,-1.173,-1.603,-2.1,-0.171,-0.18,-0.605,-0.459,-0.488,-1.303,0.204,0.398,0.316,0.237,0.435,0.349,-0.312,-0.338,-0.698,0.362,0.808,0.496,0.4,0.823,0.52,0.606,1.147,0.887,0.65,1.135,0.894,0.044,0.037,0.033,-4.304,-6.403,0.533,-0.685,0.592,0.026,-3.286,-4.889,0.299,-0.858,0.375,-0.147,2.05,-2.635,1.504,-4.322,2.63,2.673,3.223,0.142,2.677,-1.049,3.726,3.788,-3.669,-5.768,1.168,-0.05,1.226,0.661,0.408,-0.653,0.513,0.058,2.055,-3.29,3.594,3.705,3.658,0.413,5.093,5.249,1.53,0.373,1.606,1.084,0.954,-0.107,1.059,0.604,4.784,4.852,6.78,6.875,0.172,0.215,0.009,0.12,-0.052,0.015
2019-03-12,CTD6,4176009,695829,0.012480198,0.018978415,0.021594347,0.0028746447,0.001970692,0.00048432642,0.00046773136,0.00017980658,0.01246731,0.018917149,0.021805333,0.0028714726,0.00194713,0.00050516985,0.11576997,-2.878e-42,0.189,-0.207,27.435,-0.267,33.819,0.626,-267.742,0.727,-427.309,-0.064,6.383,0.737,-295.178,0.812,-454.745,0.765,-301.561,0.833,-461.128,0.187,-159.567,0.592,0.079,0.054,0.642,0.097,0.067,-5.081,-5.782,-0.528,-8.11,-9.227,-1.228,0.08,0.018,0.013,-3.684,-6.374,-0.582,-5.675,-9.82,-1.307,-3.764,-5.723,-0.594,-5.755,-8.751,-1.326,-1.991,-3.028,-3.446,-0.266,-0.276,-1.341,-0.417,-0.435,-1.881,0.237,0.459,0.408,0.259,0.481,0.43,-0.17,-0.181,-0.54,0.473,1.114,0.683,0.499,1.108,0.695,0.595,1.295,0.894,0.624,1.278,0.898,0.029,0.027,0.022,-6.854,-10.3,0.524,-0.801,0.566,-0.028,-6.024,-9.052,0.426,-0.881,0.474,-0.108,3.463,-5.289,3.204,-6.616,4.238,4.25,5.454,-0.269,5.195,-1.179,6.181,6.2,-5.991,-9.437,1.388,0.062,1.429,0.835,0.649,-0.58,0.721,0.193,4.872,-4.356,6.444,6.511,7.9,2.118,9.4,9.497,1.579,0.272,1.626,1.045,0.908,-0.321,0.98,0.452,7.354,7.408,10.727,10.806,0.126,0.139,-0.006,0.06,-0.025,0.029,-0.206,27.348,-0.272,34.349,0.626,-268.044,0.73,-433.367,-0.071,7.002,0.736,-295.391,0.813,-460.714,0.767,-302.393,0.836,-467.716,0.192,-165.323,0.596,0.079,0.053,0.65,0.099,0.067,-5.071,-5.845,-0.522,-8.198,-9.45,-1.244,0.087,0.02,0.014,-3.683,-6.441,-0.575,-5.744,-10.046,-1.323,-3.77,-5.72,-0.589,-5.831,-8.848,-1.343,-2.061,-3.127,-3.605,-0.261,-0.272,-1.339,-0.429,-0.448,-1.938,0.236,0.46,0.404,0.258,0.483,0.426,-0.188,-0.2,-0.599,0.468,1.113,0.676,0.495,1.106,0.688,0.603,1.314,0.907,0.633,1.295,0.911,0.029,0.027,0.023,-6.935,-10.54,0.527,-0.816,0.57,-0.019,-6.016,-9.144,0.42,-0.903,0.469,-0.106,3.474,-5.374,3.189,-6.857,4.239,4.252,5.535,-0.185,5.25,-1.191,6.251,6.271,-6.076,-9.681,1.386,0.043,1.428,0.839,0.637,-0.607,0.711,0.189,4.839,-4.611,6.432,6.499,7.966,2.122,9.485,9.584,1.597,0.274,1.646,1.071,0.922,-0.322,0.996,0.475,7.438,7.491,10.968,11.047,0.127,0.141,-0.004,0.062,-0.024,0.029
2019-03-12,CTD7,4176724,690397,0.011743419,0.01600534,0.020520989,0.004671264,0.003513887,0.0008326455,0.0008343574,0.00032239183,0.0117804175,0.015865007,0.020635728,0.0048291096,0.0033877057,0.0008668466,0.23808628,-8.000000000000001e-45,0.151,-0.154,22.675,-0.272,36.423,0.431,-128.921,0.539,-199.431,-0.124,13.749,0.548,-151.596,0.64,-222.106,0.629,-165.344,0.708,-235.855,0.141,-70.51,0.465,0.106,0.08,0.583,0.17,0.128,-2.063,-2.646,-0.453,-3.192,-4.093,-0.932,0.161,0.064,0.048,-1.78,-3.111,-0.533,-2.608,-4.558,-1.038,-1.942,-2.646,-0.581,-2.77,-3.775,-1.102,-0.828,-1.129,-1.447,-0.169,-0.177,-0.521,-0.425,-0.45,-1.072,0.194,0.362,0.294,0.225,0.398,0.327,-0.275,-0.296,-0.552,0.351,0.743,0.472,0.387,0.761,0.496,0.571,1.039,0.812,0.613,1.036,0.823,0.042,0.036,0.032,-3.659,-5.106,0.506,-0.596,0.562,-0.019,-2.854,-3.983,0.28,-0.757,0.353,-0.18,1.734,-2.041,1.232,-3.326,2.294,2.343,2.562,-0.084,2.06,-1.051,3.05,3.114,-3.03,-4.477,1.135,0.034,1.192,0.611,0.382,-0.549,0.481,0.028,1.679,-2.414,3.127,3.255,2.807,0.162,4.157,4.327,1.456,0.418,1.528,0.995,0.884,-0.047,0.983,0.53,4.094,4.173,5.442,5.548,0.178,0.227,-0.007,0.121,-0.072,0.008,-0.148,21.855,-0.273,36.427,0.419,-122.191,0.553,-210.298,-0.131,14.572,0.533,-144.046,0.648,-232.153,0.621,-158.618,0.718,-246.725,0.175,-88.108,0.451,0.106,0.074,0.578,0.176,0.123,-1.939,-2.521,-0.414,-3.336,-4.34,-1.016,0.172,0.07,0.049,-1.697,-2.972,-0.488,-2.735,-4.791,-1.121,-1.869,-2.516,-0.537,-2.907,-3.914,-1.191,-1.038,-1.398,-1.818,-0.16,-0.17,-0.497,-0.428,-0.46,-1.078,0.19,0.361,0.289,0.23,0.406,0.33,-0.287,-0.315,-0.581,0.34,0.728,0.459,0.385,0.751,0.49,0.572,1.042,0.821,0.624,1.038,0.833,0.052,0.044,0.039,-3.531,-5.349,0.509,-0.683,0.578,0.041,-2.714,-4.112,0.266,-0.855,0.357,-0.131,1.671,-2.244,1.139,-3.652,2.226,2.275,2.709,0.192,2.177,-0.796,3.173,3.243,-2.926,-4.745,1.113,-0.079,1.183,0.645,0.359,-0.657,0.481,0.067,1.534,-2.806,2.998,3.121,2.931,0.41,4.273,4.449,1.447,0.326,1.538,1.05,0.891,-0.125,1.013,0.599,3.986,4.06,5.681,5.787,0.196,0.246,0.017,0.14,-0.054,0.02
2019-03-12,CTD8,4174178,693048,0.01230732,0.016607821,0.01991802,0.0055845445,0.0037350056,0.00097636005,0.00094272924,0.00038353048,0.0123530645,0.01661318,0.019835833,0.0056991414,0.0038838154,0.0009625019,0.089348294,-8.000000000000001e-45,0.117,-0.149,21.04,-0.236,31.047,0.376,-97.813,0.534,-186.485,-0.091,10.007,0.497,-118.853,0.633,-207.525,0.562,-128.86,0.684,-217.531,0.198,-88.672,0.419,0.117,0.079,0.516,0.173,0.116,-1.624,-1.948,-0.365,-3.097,-3.714,-1.041,0.123,0.056,0.037,-1.463,-2.367,-0.444,-2.554,-4.133,-1.159,-1.586,-2.14,-0.481,-2.677,-3.613,-1.215,-1.091,-1.473,-1.766,-0.169,-0.182,-0.461,-0.343,-0.374,-0.817,0.184,0.33,0.284,0.235,0.386,0.336,-0.185,-0.206,-0.355,0.342,0.687,0.466,0.399,0.719,0.505,0.496,0.893,0.705,0.56,0.904,0.729,0.064,0.057,0.051,-2.826,-4.592,0.461,-0.754,0.554,0.072,-2.356,-3.829,0.282,-0.877,0.393,-0.051,1.37,-2.243,1.005,-3.129,1.979,2.016,2.461,0.321,2.096,-0.272,2.959,3.015,-2.217,-3.983,1.069,-0.146,1.162,0.681,0.38,-0.661,0.53,0.165,1.356,-2.359,2.67,2.786,2.828,0.88,3.993,4.166,1.282,0.123,1.393,0.95,0.746,-0.296,0.896,0.531,3.263,3.342,4.879,4.997,0.229,0.266,0.033,0.149,-0.023,0.055,-0.147,20.758,-0.232,30.538,0.369,-94.513,0.522,-176.527,-0.088,9.779,0.489,-115.272,0.621,-197.286,0.554,-125.051,0.673,-207.065,0.189,-82.014,0.412,0.118,0.081,0.507,0.174,0.119,-1.57,-1.875,-0.367,-2.933,-3.502,-1.006,0.121,0.056,0.038,-1.424,-2.287,-0.448,-2.437,-3.913,-1.124,-1.545,-2.077,-0.486,-2.558,-3.44,-1.18,-1.013,-1.363,-1.627,-0.167,-0.18,-0.445,-0.335,-0.365,-0.781,0.183,0.325,0.281,0.232,0.38,0.332,-0.179,-0.198,-0.336,0.339,0.672,0.46,0.395,0.705,0.499,0.488,0.871,0.69,0.551,0.884,0.715,0.063,0.056,0.05,-2.737,-4.364,0.456,-0.724,0.548,0.062,-2.292,-3.655,0.28,-0.845,0.389,-0.059,1.33,-2.11,0.974,-2.94,1.934,1.972,2.343,0.266,1.987,-0.3,2.838,2.893,-2.136,-3.762,1.058,-0.123,1.149,0.663,0.376,-0.63,0.523,0.156,1.309,-2.192,2.601,2.719,2.672,0.797,3.816,3.99,1.263,0.138,1.372,0.924,0.733,-0.273,0.88,0.513,3.166,3.247,4.646,4.764,0.228,0.266,0.029,0.147,-0.027,0.054
2019-03-12,CTD10,4170388,695646,0.0074893767,0.01072639,0.015971415,0.0041573634,0.003338763,0.000779129,0.00076713774,0.0003014293,0.0075243246,0.010582024,0.01606454,0.0043075583,0.0031417862,0.00082292134,0.2941388,-8.000000000000001e-45,0.142,-0.178,40.294,-0.362,70.911,0.286,-107.015,0.383,-165.99,-0.196,30.616,0.441,-147.309,0.525,-206.284,0.587,-177.925,0.654,-236.9,0.109,-58.975,0.644,0.168,0.135,0.761,0.295,0.237,-1.148,-1.709,-0.357,-1.78,-2.651,-0.69,0.229,0.127,0.102,-1.103,-2.353,-0.492,-1.545,-3.295,-0.858,-1.333,-1.908,-0.594,-1.774,-2.541,-0.985,-0.442,-0.633,-0.942,-0.161,-0.168,-0.432,-0.57,-0.603,-1.132,0.125,0.237,0.173,0.155,0.279,0.206,-0.45,-0.484,-0.7,0.28,0.607,0.34,0.315,0.634,0.367,0.649,1.091,0.84,0.694,1.085,0.849,0.045,0.035,0.031,-3.143,-4.085,0.438,-0.547,0.489,-0.105,-2.111,-2.744,0.081,-0.776,0.158,-0.334,1.13,-1.411,0.312,-2.982,1.49,1.592,1.572,-0.337,0.754,-1.599,1.856,1.983,-2.41,-3.351,1.172,0.187,1.223,0.629,0.116,-0.574,0.226,-0.131,0.448,-2.204,2.134,2.371,1.08,-0.629,2.658,2.952,1.745,0.887,1.821,1.329,0.934,0.244,1.043,0.686,3.396,3.53,4.229,4.396,0.244,0.346,-0.058,0.179,-0.185,-0.051,-0.169,38.402,-0.362,70.653,0.272,-99.248,0.411,-185.388,-0.206,32.251,0.421,-137.65,0.542,-223.79,0.577,-169.901,0.673,-256.041,0.156,-86.14,0.617,0.165,0.121,0.748,0.304,0.222,-1.05,-1.594,-0.312,-1.962,-2.978,-0.799,0.243,0.139,0.101,-1.036,-2.211,-0.432,-1.684,-3.595,-0.964,-1.278,-1.798,-0.534,-1.927,-2.709,-1.103,-0.648,-0.912,-1.384,-0.15,-0.159,-0.41,-0.574,-0.622,-1.146,0.121,0.234,0.167,0.164,0.294,0.215,-0.463,-0.514,-0.736,0.266,0.588,0.327,0.315,0.629,0.365,0.649,1.102,0.857,0.714,1.092,0.868,0.064,0.049,0.044,-3.018,-4.402,0.443,-0.66,0.515,-0.018,-1.988,-2.9,0.061,-0.903,0.171,-0.261,1.088,-1.621,0.229,-3.366,1.45,1.551,1.736,-0.062,0.877,-1.334,1.988,2.127,-2.323,-3.707,1.138,0.035,1.211,0.677,0.086,-0.712,0.241,-0.071,0.322,-2.657,2.039,2.261,1.233,-0.361,2.796,3.1,1.728,0.764,1.838,1.406,0.946,0.147,1.101,0.789,3.312,3.432,4.541,4.706,0.276,0.377,-0.01,0.211,-0.149,-0.029
2019-03-12,CTD11,4169609,700351,0.009064786,0.013672549,0.017489858,0.0028562841,0.0020584208,0.00047920668,0.00047990293,0.0001826718,0.009048147,0.013556231,0.017599737,0.0029108378,0.0019905597,0.0005023334,0.18092225,-2.878e-42,0.242,-0.203,37.178,-0.317,53.141,0.521,-239.788,0.63,-375.492,-0.122,15.963,0.654,-276.966,0.738,-412.67,0.719,-292.929,0.789,-428.633,0.162,-135.704,0.65,0.106,0.077,0.727,0.152,0.109,-3.279,-4.194,-0.494,-5.134,-6.567,-1.073,0.145,0.046,0.033,-2.511,-4.844,-0.57,-3.741,-7.218,-1.179,-2.655,-4.005,-0.603,-3.885,-5.861,-1.224,-1.23,-1.855,-2.373,-0.226,-0.236,-0.938,-0.51,-0.536,-1.714,0.199,0.395,0.318,0.225,0.424,0.344,-0.32,-0.343,-0.777,0.407,0.972,0.553,0.437,0.974,0.571,0.644,1.316,0.93,0.679,1.294,0.934,0.035,0.03,0.026,-5.46,-7.834,0.5,-0.725,0.545,-0.058,-4.269,-6.124,0.309,-0.869,0.368,-0.202,2.392,-3.469,1.894,-5.323,3.023,3.056,3.622,-0.383,3.125,-1.72,4.195,4.24,-4.615,-6.988,1.345,0.121,1.391,0.788,0.467,-0.606,0.555,0.061,2.857,-3.71,4.56,4.669,4.713,0.519,6.327,6.479,1.721,0.542,1.779,1.209,0.964,-0.108,1.052,0.559,5.896,5.973,8.182,8.288,0.165,0.197,-0.018,0.091,-0.064,0.013,-0.199,36.753,-0.321,53.701,0.513,-233.024,0.639,-391.851,-0.13,16.948,0.646,-269.777,0.744,-428.604,0.716,-286.725,0.797,-445.552,0.188,-158.828,0.647,0.107,0.073,0.728,0.156,0.107,-3.159,-4.101,-0.464,-5.312,-6.896,-1.141,0.153,0.049,0.034,-2.441,-4.748,-0.537,-3.878,-7.543,-1.248,-2.594,-3.887,-0.571,-4.031,-6.04,-1.297,-1.437,-2.153,-2.795,-0.22,-0.23,-0.92,-0.519,-0.55,-1.745,0.197,0.395,0.313,0.227,0.429,0.344,-0.338,-0.366,-0.825,0.399,0.964,0.543,0.434,0.967,0.564,0.65,1.331,0.945,0.691,1.305,0.948,0.041,0.035,0.03,-5.379,-8.174,0.502,-0.795,0.554,-0.016,-4.143,-6.296,0.299,-0.948,0.367,-0.17,2.338,-3.702,1.81,-5.733,2.962,2.995,3.775,-0.112,3.247,-1.501,4.331,4.38,-4.548,-7.343,1.333,0.036,1.385,0.814,0.449,-0.692,0.55,0.086,2.712,-4.184,4.437,4.544,4.865,0.764,6.489,6.645,1.73,0.483,1.798,1.261,0.977,-0.164,1.078,0.614,5.826,5.899,8.52,8.627,0.175,0.209,-0.005,0.102,-0.055,0.019
2019-03-12,CTD12,4173438,695414,0.022905659,0.032852698,0.036691446,0.0067616757,0.0043135267,0.0010978811,0.0010668891,0.000419933,0.023077197,0.03269555,0.03723925,0.006842222,0.004420197,0.001083152,0.07580389,-8.000000000000001e-45,0.158,-0.178,13.218,-0.231,16.403,0.544,-104.235,0.683,-188.172,-0.055,3.185,0.659,-117.453,0.768,-201.39,0.689,-120.638,0.79,-204.575,0.221,-83.937,0.485,0.089,0.057,0.539,0.111,0.071,-3.424,-3.825,-0.45,-6.182,-6.904,-1.272,0.073,0.022,0.014,-2.69,-4.31,-0.507,-4.613,-7.389,-1.362,-2.763,-3.963,-0.52,-4.686,-6.721,-1.383,-1.923,-2.758,-3.08,-0.229,-0.243,-0.898,-0.348,-0.371,-1.245,0.232,0.434,0.394,0.267,0.469,0.428,-0.129,-0.141,-0.347,0.438,0.959,0.636,0.479,0.962,0.657,0.537,1.1,0.805,0.581,1.091,0.817,0.044,0.041,0.035,-4.729,-7.809,0.513,-0.87,0.58,0.059,-4.234,-6.992,0.418,-0.943,0.493,-0.014,2.492,-4.229,2.271,-5.119,3.256,3.27,4.415,0.452,4.193,-0.116,5.104,5.126,-3.992,-7.072,1.25,-0.133,1.317,0.796,0.6,-0.672,0.707,0.257,3.257,-3.647,4.67,4.741,6.014,2.19,7.321,7.432,1.396,0.034,1.471,0.964,0.822,-0.451,0.929,0.479,5.238,5.295,8.211,8.3,0.164,0.178,0.018,0.088,-0.004,0.053,-0.172,12.748,-0.235,16.479,0.543,-102.819,0.679,-182.901,-0.065,3.732,0.654,-115.566,0.762,-195.649,0.69,-119.298,0.788,-199.381,0.215,-80.083,0.475,0.087,0.056,0.539,0.113,0.073,-3.362,-3.829,-0.454,-5.98,-6.811,-1.251,0.086,0.026,0.016,-2.667,-4.304,-0.511,-4.515,-7.286,-1.339,-2.753,-3.901,-0.527,-4.601,-6.519,-1.364,-1.848,-2.618,-2.982,-0.218,-0.231,-0.854,-0.358,-0.382,-1.257,0.232,0.437,0.39,0.267,0.472,0.423,-0.152,-0.165,-0.403,0.429,0.94,0.621,0.469,0.945,0.641,0.545,1.105,0.819,0.588,1.097,0.83,0.043,0.04,0.035,-4.737,-7.719,0.522,-0.842,0.587,0.06,-4.159,-6.777,0.41,-0.928,0.485,-0.026,2.495,-4.024,2.234,-5.052,3.238,3.254,4.343,0.442,4.082,-0.222,5.012,5.037,-4.026,-7.008,1.233,-0.131,1.298,0.771,0.581,-0.67,0.686,0.232,3.165,-3.646,4.587,4.66,5.783,1.954,7.1,7.213,1.404,0.066,1.478,0.968,0.842,-0.409,0.947,0.493,5.251,5.307,8.128,8.216,0.161,0.178,0.018,0.091,-0.008,0.049
2019-06-25,CTD1,4187246,695025,0.01595835,0.022439102,0.03017332,0.011136152,0.007868263,0.0021698847,0.0021287536,0.00086070545,0.01581773,0.022491714,0.030115835,0.011134434,0.008011286,0.0020716786,0.108562715,-8.000000000000001e-45,0.803,-0.169,18.098,-0.308,29.521,0.178,-27.135,0.34,-64.43,-0.147,11.423,0.337,-45.233,0.481,-82.528,0.461,-56.656,0.586,-93.951,0.172,-37.295,0.546,0.202,0.142,0.662,0.329,0.232,-0.609,-0.819,-0.214,-1.446,-1.944,-0.717,0.182,0.127,0.09,-0.722,-1.365,-0.356,-1.317,-2.49,-0.919,-0.904,-1.271,-0.446,-1.499,-2.108,-1.046,-0.595,-0.837,-1.125,-0.157,-0.17,-0.341,-0.423,-0.469,-0.748,0.092,0.159,0.127,0.154,0.241,0.196,-0.285,-0.325,-0.407,0.245,0.474,0.297,0.316,0.538,0.353,0.496,0.799,0.628,0.581,0.823,0.664,0.085,0.071,0.062,-1.998,-3.124,0.342,-0.704,0.45,0.005,-1.486,-2.323,0.033,-0.886,0.178,-0.178,0.689,-1.419,0.088,-2.402,1.082,1.172,1.285,0.013,0.684,-0.681,1.532,1.659,-1.303,-2.429,1.037,-0.009,1.145,0.7,0.046,-0.672,0.251,0.037,0.124,-1.82,1.522,1.754,0.961,0.142,2.154,2.483,1.394,0.475,1.54,1.184,0.647,-0.071,0.852,0.638,2.216,2.359,3.137,3.339,0.347,0.437,0.003,0.236,-0.124,0.018,-0.174,18.759,-0.311,30.015,0.174,-26.591,0.328,-61.604,-0.145,11.256,0.338,-45.351,0.475,-80.363,0.46,-56.606,0.58,-91.619,0.163,-35.012,0.565,0.209,0.15,0.675,0.334,0.24,-0.598,-0.801,-0.213,-1.386,-1.855,-0.686,0.178,0.125,0.09,-0.717,-1.366,-0.363,-1.271,-2.42,-0.895,-0.895,-1.273,-0.453,-1.449,-2.061,-1.02,-0.554,-0.787,-1.054,-0.162,-0.175,-0.349,-0.425,-0.469,-0.747,0.089,0.154,0.123,0.148,0.232,0.189,-0.283,-0.32,-0.398,0.247,0.477,0.298,0.315,0.537,0.351,0.495,0.797,0.622,0.577,0.82,0.657,0.082,0.068,0.059,-2.001,-3.056,0.334,-0.687,0.437,-0.016,-1.495,-2.282,0.03,-0.865,0.169,-0.194,0.674,-1.387,0.082,-2.339,1.064,1.155,1.228,-0.046,0.635,-0.73,1.479,1.605,-1.283,-2.337,1.052,0.032,1.156,0.702,0.043,-0.643,0.24,0.027,0.116,-1.739,1.514,1.754,0.904,0.103,2.104,2.438,1.409,0.514,1.548,1.184,0.635,-0.051,0.832,0.619,2.198,2.349,3.055,3.264,0.348,0.438,-0.011,0.229,-0.137,0.014
2019-06-25,CTD2,4181518,693105,0.01725381,0.023313245,0.027618423,0.013434552,0.007923474,0.002471516,0.0024137069,0.0010155786,0.017109443,0.023725882,0.027051032,0.013190671,0.0090256035,0.0021892665,0.00015848083,-8.000000000000001e-45,0.914,-0.149,15.064,-0.231,21.75,0.124,-16.477,0.371,-68.249,-0.085,6.686,0.269,-31.541,0.493,-83.313,0.346,-38.227,0.554,-90.0,0.258,-51.772,0.416,0.202,0.119,0.507,0.292,0.172,-0.384,-0.455,-0.131,-1.591,-1.885,-0.917,0.115,0.09,0.053,-0.544,-0.871,-0.25,-1.437,-2.301,-1.119,-0.66,-0.891,-0.303,-1.553,-2.098,-1.209,-0.893,-1.207,-1.43,-0.148,-0.17,-0.284,-0.282,-0.332,-0.485,0.075,0.122,0.107,0.183,0.254,0.227,-0.14,-0.171,-0.202,0.22,0.392,0.278,0.343,0.501,0.375,0.35,0.563,0.454,0.485,0.642,0.536,0.136,0.123,0.108,-1.316,-2.746,0.254,-0.955,0.453,0.15,-1.111,-2.318,0.048,-1.071,0.285,0.035,0.44,-1.658,0.1,-2.201,0.944,0.997,1.333,0.442,0.993,0.122,1.601,1.691,-0.705,-2.134,0.865,-0.344,1.064,0.761,0.065,-0.851,0.385,0.254,0.135,-1.75,1.276,1.448,1.342,0.887,2.164,2.456,1.024,-0.095,1.261,1.011,0.406,-0.511,0.725,0.595,1.597,1.716,2.707,2.909,0.439,0.492,0.117,0.289,0.027,0.147,-0.162,16.299,-0.225,21.48,0.129,-17.364,0.309,-52.349,-0.065,5.181,0.285,-33.663,0.449,-68.648,0.344,-38.844,0.5,-73.829,0.187,-34.985,0.441,0.215,0.147,0.51,0.283,0.194,-0.412,-0.47,-0.157,-1.242,-1.416,-0.691,0.089,0.068,0.047,-0.576,-0.911,-0.304,-1.175,-1.857,-0.906,-0.665,-0.922,-0.351,-1.263,-1.752,-0.974,-0.599,-0.83,-0.946,-0.164,-0.183,-0.298,-0.269,-0.304,-0.447,0.077,0.12,0.109,0.159,0.219,0.201,-0.11,-0.127,-0.15,0.239,0.403,0.292,0.333,0.485,0.365,0.339,0.53,0.423,0.441,0.595,0.488,0.102,0.094,0.082,-1.33,-2.276,0.234,-0.74,0.387,0.037,-1.166,-1.996,0.077,-0.829,0.252,-0.052,0.42,-1.332,0.157,-1.7,0.917,0.963,1.019,0.097,0.756,-0.155,1.34,1.408,-0.664,-1.61,0.899,-0.075,1.053,0.702,0.106,-0.584,0.35,0.193,0.218,-1.198,1.271,1.465,1.048,0.578,1.858,2.141,1.025,0.12,1.201,0.897,0.369,-0.321,0.613,0.456,1.523,1.67,2.226,2.441,0.391,0.437,0.028,0.222,-0.04,0.107
2019-06-25,CTD3,4181698,695238,0.013677982,0.018844109,0.02401658,0.008648126,0.0059049707,0.0016719813,0.0016432297,0.0006751091,0.013626879,0.018907016,0.02384064,0.008632733,0.0061641806,0.0015987938,0.062354624,-8.000000000000001e-45,1.169,-0.159,20.043,-0.274,31.472,0.225,-42.522,0.397,-96.239,-0.121,11.429,0.371,-62.565,0.523,-116.282,0.47,-73.994,0.605,-127.711,0.188,-53.717,0.481,0.173,0.118,0.593,0.272,0.186,-0.801,-1.021,-0.251,-1.814,-2.311,-0.832,0.156,0.099,0.067,-0.856,-1.503,-0.369,-1.591,-2.793,-1.006,-1.012,-1.394,-0.437,-1.747,-2.407,-1.104,-0.735,-1.012,-1.29,-0.158,-0.173,-0.355,-0.376,-0.418,-0.71,0.117,0.203,0.168,0.181,0.283,0.238,-0.232,-0.264,-0.355,0.27,0.521,0.341,0.343,0.58,0.396,0.473,0.785,0.621,0.557,0.811,0.659,0.084,0.073,0.064,-2.051,-3.341,0.366,-0.739,0.48,0.043,-1.609,-2.622,0.111,-0.895,0.256,-0.113,0.797,-1.61,0.307,-2.486,1.268,1.336,1.532,0.137,1.042,-0.461,1.857,1.956,-1.399,-2.689,1.018,-0.087,1.132,0.695,0.152,-0.68,0.353,0.102,0.423,-1.888,1.747,1.933,1.435,0.414,2.559,2.831,1.297,0.291,1.442,1.073,0.642,-0.19,0.843,0.592,2.345,2.464,3.435,3.608,0.319,0.386,0.027,0.213,-0.072,0.047,-0.162,20.494,-0.273,31.439,0.224,-42.454,0.377,-88.843,-0.115,10.945,0.373,-62.948,0.508,-109.337,0.468,-73.893,0.589,-120.282,0.167,-46.389,0.489,0.177,0.126,0.594,0.271,0.194,-0.803,-1.012,-0.262,-1.68,-2.118,-0.767,0.149,0.094,0.067,-0.858,-1.501,-0.388,-1.49,-2.607,-0.944,-1.007,-1.397,-0.455,-1.639,-2.274,-1.038,-0.632,-0.877,-1.106,-0.163,-0.176,-0.357,-0.371,-0.407,-0.69,0.117,0.199,0.166,0.175,0.271,0.23,-0.222,-0.249,-0.333,0.274,0.519,0.342,0.34,0.572,0.392,0.467,0.768,0.607,0.543,0.794,0.642,0.076,0.066,0.058,-2.041,-3.147,0.359,-0.68,0.462,0.007,-1.619,-2.496,0.115,-0.829,0.246,-0.142,0.785,-1.489,0.318,-2.289,1.252,1.32,1.418,0.021,0.95,-0.551,1.754,1.849,-1.374,-2.48,1.025,-0.013,1.129,0.673,0.16,-0.607,0.341,0.079,0.441,-1.677,1.738,1.932,1.318,0.306,2.434,2.705,1.293,0.349,1.424,1.035,0.627,-0.14,0.809,0.547,2.309,2.436,3.234,3.411,0.307,0.375,0.004,0.198,-0.09,0.036
2019-06-25,CTD4,4180266,698264,0.030526582,0.038700573,0.034660816,0.015487341,0.007317539,0.002456346,0.0024470412,0.0010540336,0.029995056,0.03937267,0.03374918,0.015261905,0.009332871,0.0019603893,0.00012060368,-8.000000000000001e-45,0.686,-0.118,6.919,-0.063,3.907,0.327,-31.811,0.613,-103.9,0.055,-3.012,0.428,-38.729,0.682,-110.819,0.382,-35.718,0.651,-107.807,0.358,-72.089,0.24,0.107,0.051,0.151,0.061,0.029,-1.231,-1.103,-0.233,-4.021,-3.601,-1.609,-0.092,-0.047,-0.022,-1.182,-1.342,-0.283,-3.383,-3.841,-1.716,-1.09,-1.382,-0.261,-3.291,-4.172,-1.67,-2.201,-2.79,-2.499,-0.163,-0.195,-0.358,-0.076,-0.09,-0.181,0.205,0.327,0.358,0.316,0.428,0.463,0.088,0.107,0.177,0.356,0.613,0.553,0.481,0.682,0.626,0.277,0.507,0.417,0.395,0.594,0.505,0.118,0.125,0.111,-1.449,-3.948,0.342,-1.328,0.578,0.316,-1.618,-4.408,0.481,-1.236,0.692,0.408,0.855,-3.318,1.075,-2.766,1.782,1.76,3.055,1.673,3.276,1.934,3.772,3.725,-0.97,-3.469,0.821,-0.849,1.057,0.795,0.609,-1.0,0.877,0.644,1.363,-2.238,2.259,2.288,4.153,3.051,4.781,4.842,0.735,-0.981,0.946,0.663,0.388,-1.221,0.656,0.423,1.998,2.049,4.229,4.336,0.318,0.296,0.16,0.189,0.207,0.258,-0.135,7.94,-0.059,3.708,0.326,-32.184,0.525,-73.809,0.077,-4.232,0.441,-40.124,0.617,-81.75,0.377,-35.892,0.567,-77.518,0.241,-41.626,0.268,0.121,0.074,0.146,0.057,0.035,-1.267,-1.086,-0.3,-2.906,-2.491,-1.126,-0.127,-0.065,-0.039,-1.204,-1.354,-0.374,-2.452,-2.759,-1.248,-1.077,-1.413,-0.335,-2.325,-3.052,-1.183,-1.249,-1.639,-1.405,-0.191,-0.218,-0.381,-0.069,-0.077,-0.153,0.201,0.302,0.342,0.283,0.378,0.422,0.124,0.143,0.229,0.378,0.613,0.56,0.471,0.664,0.613,0.267,0.47,0.38,0.352,0.54,0.447,0.085,0.093,0.081,-1.45,-2.854,0.31,-0.873,0.485,0.15,-1.691,-3.33,0.501,-0.747,0.652,0.277,0.799,-2.253,1.108,-1.651,1.728,1.689,2.047,0.634,2.357,1.003,2.826,2.762,-0.899,-2.304,0.86,-0.323,1.036,0.701,0.658,-0.469,0.855,0.555,1.455,-1.036,2.269,2.303,3.094,2.007,3.71,3.766,0.738,-0.51,0.888,0.514,0.348,-0.778,0.546,0.246,1.9,1.974,3.107,3.229,0.272,0.232,0.076,0.111,0.141,0.215
2019-06-25,CTD6,4176009,695829,0.012677141,0.01747981,0.022342425,0.007812957,0.0053280694,0.0015199532,0.0015309132,0.00062224193,0.012657154,0.017526034,0.022173017,0.007785147,0.0055885664,0.0014611924,0.06341462,-8.000000000000001e-45,1.01,-0.159,21.673,-0.276,34.124,0.237,-49.11,0.408,-108.803,-0.122,12.451,0.382,-70.784,0.533,-130.476,0.482,-83.235,0.615,-142.927,0.189,-59.693,0.484,0.169,0.115,0.596,0.267,0.182,-0.858,-1.097,-0.262,-1.902,-2.431,-0.85,0.158,0.097,0.066,-0.897,-1.581,-0.377,-1.654,-2.915,-1.019,-1.055,-1.455,-0.443,-1.812,-2.498,-1.117,-0.757,-1.043,-1.334,-0.159,-0.174,-0.365,-0.382,-0.424,-0.736,0.122,0.213,0.176,0.185,0.291,0.244,-0.237,-0.27,-0.37,0.276,0.537,0.349,0.347,0.593,0.403,0.482,0.807,0.637,0.564,0.83,0.673,0.082,0.071,0.062,-2.134,-3.468,0.376,-0.741,0.487,0.043,-1.67,-2.713,0.12,-0.899,0.263,-0.115,0.84,-1.658,0.344,-2.571,1.318,1.384,1.597,0.142,1.101,-0.48,1.932,2.03,-1.481,-2.814,1.029,-0.088,1.14,0.697,0.166,-0.684,0.362,0.1,0.475,-1.956,1.817,1.999,1.518,0.421,2.664,2.931,1.315,0.296,1.458,1.08,0.662,-0.188,0.858,0.596,2.439,2.555,3.577,3.746,0.311,0.378,0.027,0.208,-0.071,0.045,-0.161,21.949,-0.273,33.907,0.238,-49.443,0.387,-99.93,-0.117,11.958,0.385,-71.392,0.516,-121.879,0.48,-83.35,0.597,-133.837,0.164,-50.487,0.487,0.171,0.123,0.594,0.264,0.189,-0.867,-1.096,-0.276,-1.751,-2.216,-0.778,0.151,0.093,0.067,-0.904,-1.583,-0.399,-1.543,-2.702,-0.949,-1.055,-1.461,-0.466,-1.694,-2.346,-1.042,-0.639,-0.885,-1.119,-0.163,-0.175,-0.364,-0.376,-0.412,-0.712,0.123,0.211,0.175,0.178,0.279,0.236,-0.227,-0.255,-0.347,0.28,0.534,0.351,0.343,0.584,0.398,0.477,0.789,0.622,0.549,0.811,0.655,0.073,0.063,0.055,-2.126,-3.245,0.371,-0.671,0.47,0.004,-1.68,-2.565,0.127,-0.822,0.252,-0.147,0.835,-1.51,0.361,-2.342,1.307,1.374,1.474,0.014,1.0,-0.583,1.821,1.914,-1.463,-2.583,1.034,-0.008,1.133,0.667,0.175,-0.603,0.349,0.073,0.499,-1.716,1.81,1.999,1.384,0.288,2.521,2.785,1.308,0.359,1.433,1.034,0.65,-0.128,0.824,0.547,2.407,2.529,3.352,3.523,0.296,0.363,0.003,0.192,-0.09,0.032
2019-06-25,CTD7,4176724,690397,0.009490057,0.01300095,0.017065883,0.005224293,0.0038281155,0.0010386205,0.0010117993,0.00041156873,0.009539856,0.01295993,0.016979408,0.0052481955,0.0038679466,0.0010432255,0.16092862,-2e-44,0.996,-0.156,28.456,-0.285,46.777,0.29,-86.04,0.425,-155.852,-0.135,18.321,0.427,-114.496,0.545,-184.308,0.531,-132.817,0.634,-202.629,0.154,-69.812,0.486,0.149,0.109,0.608,0.244,0.179,-1.119,-1.468,-0.329,-2.026,-2.66,-0.814,0.174,0.096,0.07,-1.087,-1.954,-0.438,-1.749,-3.145,-0.963,-1.26,-1.727,-0.508,-1.923,-2.634,-1.059,-0.663,-0.908,-1.191,-0.158,-0.168,-0.388,-0.416,-0.45,-0.837,0.142,0.253,0.204,0.188,0.311,0.254,-0.276,-0.305,-0.449,0.293,0.584,0.372,0.345,0.623,0.412,0.527,0.889,0.704,0.589,0.9,0.726,0.062,0.053,0.046,-2.537,-3.728,0.424,-0.635,0.506,-0.003,-1.932,-2.84,0.154,-0.809,0.262,-0.177,1.055,-1.58,0.504,-2.642,1.522,1.592,1.717,-0.01,1.166,-0.788,2.077,2.173,-1.897,-3.088,1.064,0.005,1.146,0.637,0.211,-0.603,0.358,0.029,0.69,-1.969,2.085,2.264,1.598,0.13,2.846,3.09,1.396,0.434,1.504,1.066,0.762,-0.052,0.909,0.58,2.863,2.972,3.908,4.056,0.256,0.326,-0.002,0.178,-0.097,0.012,-0.152,27.662,-0.281,45.929,0.29,-85.718,0.423,-153.712,-0.134,18.266,0.424,-113.381,0.54,-181.374,0.528,-131.647,0.629,-199.64,0.151,-67.993,0.47,0.145,0.107,0.595,0.241,0.178,-1.111,-1.455,-0.332,-1.992,-2.61,-0.807,0.174,0.096,0.071,-1.082,-1.925,-0.439,-1.73,-3.08,-0.952,-1.256,-1.706,-0.509,-1.905,-2.587,-1.048,-0.649,-0.881,-1.154,-0.154,-0.164,-0.375,-0.409,-0.442,-0.816,0.143,0.255,0.206,0.189,0.312,0.255,-0.272,-0.3,-0.441,0.291,0.575,0.37,0.343,0.615,0.409,0.521,0.875,0.697,0.583,0.887,0.72,0.061,0.052,0.046,-2.499,-3.654,0.427,-0.621,0.508,-0.001,-1.908,-2.789,0.157,-0.795,0.263,-0.175,1.054,-1.533,0.508,-2.572,1.519,1.59,1.703,-0.003,1.156,-0.769,2.061,2.157,-1.877,-3.031,1.049,0.002,1.131,0.621,0.213,-0.594,0.358,0.026,0.69,-1.92,2.064,2.242,1.571,0.115,2.8,3.042,1.375,0.423,1.481,1.043,0.76,-0.047,0.905,0.573,2.83,2.937,3.84,3.985,0.252,0.322,-0.0,0.177,-0.096,0.011
2019-06-25,CTD8,4174178,693048,0.013120828,0.018459203,0.02100228,0.005545935,0.0034707163,0.0009655104,0.0009591819,0.00039340137,0.013154903,0.01853475,0.020862717,0.005567314,0.0037501731,0.00093140994,0.005281205,-8.000000000000001e-45,0.932,-0.169,22.041,-0.231,28.601,0.406,-104.098,0.582,-211.91,-0.064,6.56,0.538,-126.139,0.683,-233.951,0.582,-132.698,0.716,-240.511,0.23,-107.813,0.463,0.122,0.076,0.528,0.159,0.099,-1.922,-2.186,-0.361,-3.912,-4.451,-1.175,0.086,0.036,0.023,-1.655,-2.649,-0.438,-3.07,-4.914,-1.297,-1.741,-2.45,-0.461,-3.156,-4.44,-1.334,-1.415,-1.99,-2.264,-0.201,-0.218,-0.592,-0.328,-0.359,-0.874,0.192,0.345,0.31,0.245,0.402,0.363,-0.136,-0.153,-0.282,0.378,0.778,0.528,0.439,0.803,0.565,0.489,0.932,0.705,0.555,0.939,0.73,0.066,0.061,0.053,-3.076,-5.34,0.447,-0.887,0.546,0.085,-2.704,-4.694,0.324,-0.973,0.437,-0.001,1.487,-2.953,1.228,-3.685,2.178,2.201,2.902,0.452,2.643,-0.007,3.48,3.516,-2.38,-4.644,1.143,-0.191,1.242,0.781,0.456,-0.719,0.614,0.253,1.728,-2.723,3.064,3.163,3.718,1.532,4.896,5.054,1.3,0.003,1.413,0.975,0.715,-0.46,0.873,0.512,3.522,3.599,5.629,5.751,0.235,0.257,0.036,0.135,-0.0,0.076,-0.17,22.065,-0.227,28.085,0.405,-103.603,0.556,-190.637,-0.059,6.02,0.538,-125.667,0.663,-212.702,0.579,-131.687,0.695,-218.722,0.195,-87.035,0.46,0.123,0.083,0.521,0.156,0.105,-1.92,-2.161,-0.389,-3.533,-3.977,-1.061,0.079,0.034,0.023,-1.653,-2.622,-0.471,-2.798,-4.438,-1.184,-1.732,-2.441,-0.494,-2.877,-4.054,-1.218,-1.145,-1.613,-1.816,-0.204,-0.219,-0.577,-0.32,-0.346,-0.827,0.193,0.34,0.308,0.239,0.39,0.356,-0.124,-0.138,-0.25,0.381,0.767,0.527,0.435,0.79,0.559,0.483,0.905,0.686,0.54,0.914,0.71,0.057,0.053,0.046,-3.038,-4.853,0.443,-0.775,0.53,0.036,-2.699,-4.312,0.33,-0.854,0.428,-0.043,1.474,-2.579,1.237,-3.2,2.161,2.183,2.619,0.179,2.382,-0.24,3.207,3.241,-2.338,-4.154,1.142,-0.076,1.229,0.735,0.465,-0.596,0.603,0.215,1.743,-2.234,3.044,3.149,3.356,1.195,4.519,4.676,1.286,0.101,1.384,0.912,0.702,-0.359,0.841,0.452,3.462,3.545,5.14,5.263,0.221,0.243,0.015,0.121,-0.018,0.065
2019-06-25,CTD10,4170388,695646,0.012855368,0.01821714,0.023414735,0.007812957,0.0051979544,0.0014552199,0.0014632202,0.0005967351,0.012838749,0.018276291,0.023264185,0.007826672,0.005486475,0.0013965479,0.04399491,-8.000000000000001e-45,0.728,-0.173,22.895,-0.291,35.08,0.244,-50.204,0.424,-114.595,-0.125,12.185,0.4,-73.099,0.556,-137.49,0.5,-85.284,0.637,-149.675,0.201,-64.391,0.536,0.179,0.119,0.639,0.274,0.182,-0.915,-1.176,-0.261,-2.088,-2.683,-0.895,0.157,0.095,0.063,-0.94,-1.712,-0.38,-1.767,-3.219,-1.074,-1.096,-1.554,-0.443,-1.924,-2.727,-1.169,-0.828,-1.173,-1.508,-0.172,-0.187,-0.412,-0.406,-0.451,-0.812,0.121,0.215,0.176,0.184,0.294,0.245,-0.251,-0.288,-0.399,0.287,0.576,0.364,0.359,0.63,0.417,0.502,0.864,0.666,0.586,0.881,0.7,0.084,0.072,0.063,-2.291,-3.799,0.372,-0.797,0.484,0.04,-1.783,-2.956,0.12,-0.954,0.264,-0.116,0.867,-1.859,0.36,-2.859,1.36,1.423,1.695,0.142,1.188,-0.524,2.044,2.139,-1.58,-3.088,1.083,-0.086,1.195,0.752,0.17,-0.725,0.374,0.113,0.51,-2.173,1.927,2.11,1.683,0.508,2.897,3.171,1.393,0.318,1.536,1.156,0.678,-0.218,0.881,0.62,2.593,2.712,3.897,4.076,0.322,0.386,0.025,0.207,-0.071,0.048,-0.175,23.174,-0.289,34.905,0.243,-49.879,0.401,-104.377,-0.12,11.731,0.4,-73.053,0.538,-127.551,0.497,-84.784,0.618,-139.282,0.176,-54.498,0.539,0.181,0.127,0.638,0.273,0.192,-0.912,-1.16,-0.274,-1.908,-2.428,-0.817,0.151,0.092,0.064,-0.938,-1.7,-0.401,-1.638,-2.967,-0.998,-1.089,-1.55,-0.465,-1.788,-2.546,-1.09,-0.7,-0.996,-1.268,-0.175,-0.189,-0.408,-0.399,-0.439,-0.783,0.121,0.211,0.174,0.177,0.282,0.236,-0.241,-0.272,-0.375,0.289,0.57,0.363,0.354,0.619,0.411,0.496,0.842,0.65,0.571,0.86,0.681,0.075,0.065,0.056,-2.27,-3.538,0.366,-0.724,0.467,0.001,-1.783,-2.779,0.124,-0.875,0.252,-0.149,0.855,-1.691,0.367,-2.6,1.34,1.405,1.554,0.005,1.067,-0.632,1.912,2.004,-1.549,-2.817,1.087,-0.003,1.188,0.723,0.176,-0.641,0.358,0.085,0.523,-1.905,1.908,2.099,1.519,0.359,2.722,2.995,1.384,0.385,1.512,1.111,0.663,-0.154,0.846,0.572,2.545,2.672,3.631,3.812,0.309,0.374,0.001,0.192,-0.091,0.036
2019-06-25,CTD11,4169609,700351,0.009563544,0.012887298,0.01938384,0.0068315933,0.006181115,0.0016262133,0.001575473,0.0006242102,0.009578345,0.012714701,0.01943978,0.006923575,0.0056779995,0.0016896817,0.46389854,-2e-44,0.557,-0.148,26.968,-0.339,52.974,0.167,-41.815,0.215,-57.219,-0.201,26.006,0.307,-68.783,0.352,-84.187,0.479,-94.789,0.516,-110.194,0.05,-15.404,0.523,0.184,0.167,0.683,0.362,0.327,-0.539,-0.811,-0.258,-0.737,-1.109,-0.391,0.249,0.178,0.161,-0.658,-1.333,-0.425,-0.805,-1.632,-0.575,-0.907,-1.222,-0.586,-1.054,-1.42,-0.753,-0.147,-0.199,-0.299,-0.127,-0.13,-0.255,-0.498,-0.515,-0.755,0.085,0.143,0.107,0.105,0.172,0.129,-0.396,-0.413,-0.499,0.209,0.385,0.237,0.232,0.409,0.256,0.559,0.797,0.658,0.588,0.805,0.67,0.029,0.022,0.02,-2.095,-2.394,0.39,-0.363,0.423,-0.163,-1.393,-1.592,-0.037,-0.612,0.014,-0.411,0.735,-0.685,-0.104,-1.736,0.92,1.081,0.882,-0.339,0.043,-1.29,1.017,1.195,-1.49,-1.788,0.995,0.242,1.029,0.443,-0.049,-0.44,0.019,-0.24,-0.14,-1.25,1.24,1.568,0.058,-0.752,1.371,1.733,1.497,0.922,1.547,1.122,0.79,0.399,0.858,0.599,2.191,2.358,2.422,2.606,0.235,0.395,-0.116,0.211,-0.294,-0.127,-0.141,25.753,-0.34,52.961,0.161,-40.032,0.256,-71.716,-0.209,27.208,0.295,-65.785,0.383,-97.469,0.475,-92.993,0.548,-124.677,0.099,-31.684,0.501,0.178,0.146,0.673,0.367,0.301,-0.509,-0.778,-0.227,-0.912,-1.394,-0.497,0.261,0.188,0.154,-0.63,-1.279,-0.374,-0.934,-1.895,-0.675,-0.891,-1.182,-0.528,-1.194,-1.585,-0.863,-0.303,-0.403,-0.616,-0.119,-0.125,-0.249,-0.502,-0.536,-0.783,0.083,0.144,0.106,0.121,0.199,0.148,-0.408,-0.441,-0.534,0.2,0.38,0.231,0.242,0.426,0.267,0.561,0.82,0.68,0.617,0.834,0.701,0.056,0.043,0.039,-2.054,-2.67,0.397,-0.466,0.461,-0.067,-1.344,-1.747,-0.052,-0.727,0.046,-0.327,0.729,-0.856,-0.145,-2.04,0.937,1.091,1.033,-0.15,0.158,-1.121,1.142,1.331,-1.48,-2.096,0.971,0.108,1.035,0.507,-0.069,-0.565,0.061,-0.166,-0.193,-1.587,1.244,1.544,0.21,-0.568,1.516,1.883,1.485,0.81,1.583,1.209,0.806,0.31,0.936,0.709,2.215,2.361,2.701,2.879,0.276,0.431,-0.048,0.252,-0.237,-0.09
2019-06-25,CTD12,4173438,695414,0.009464639,0.013168927,0.019662173,0.0056982376,0.0049106367,0.0012370398,0.0012469956,0.00048595766,0.009482355,0.012986568,0.019754829,0.0058118533,0.0045575257,0.0012982942,0.3806529,-8.000000000000001e-45,0.87,-0.164,29.72,-0.35,54.797,0.248,-69.836,0.317,-97.983,-0.198,25.077,0.396,-99.557,0.457,-127.703,0.551,-124.634,0.6,-152.781,0.074,-28.147,0.584,0.169,0.146,0.722,0.312,0.269,-0.92,-1.373,-0.343,-1.29,-1.927,-0.558,0.237,0.143,0.123,-0.942,-1.957,-0.489,-1.209,-2.511,-0.728,-1.18,-1.641,-0.612,-1.446,-2.012,-0.871,-0.266,-0.371,-0.553,-0.146,-0.151,-0.349,-0.54,-0.564,-0.961,0.115,0.208,0.153,0.139,0.241,0.18,-0.428,-0.452,-0.612,0.256,0.52,0.304,0.284,0.545,0.326,0.617,0.971,0.772,0.652,0.973,0.782,0.035,0.027,0.024,-2.732,-3.285,0.429,-0.442,0.469,-0.143,-1.83,-2.2,0.049,-0.679,0.108,-0.38,0.991,-1.021,0.168,-2.343,1.288,1.411,1.258,-0.384,0.434,-1.523,1.495,1.638,-2.059,-2.613,1.102,0.231,1.142,0.53,0.068,-0.491,0.151,-0.192,0.234,-1.693,1.792,2.061,0.604,-0.769,2.08,2.392,1.645,0.917,1.705,1.216,0.891,0.333,0.974,0.631,2.932,3.078,3.402,3.571,0.229,0.352,-0.086,0.183,-0.229,-0.083,-0.156,28.456,-0.351,54.838,0.24,-66.603,0.351,-113.958,-0.207,26.382,0.382,-95.06,0.48,-142.415,0.545,-121.442,0.625,-168.797,0.121,-47.355,0.562,0.165,0.13,0.712,0.319,0.25,-0.865,-1.316,-0.304,-1.48,-2.251,-0.662,0.25,0.153,0.12,-0.901,-1.878,-0.433,-1.35,-2.813,-0.828,-1.152,-1.577,-0.553,-1.601,-2.192,-0.981,-0.449,-0.615,-0.935,-0.137,-0.144,-0.338,-0.546,-0.586,-0.991,0.112,0.209,0.151,0.15,0.262,0.193,-0.443,-0.482,-0.653,0.245,0.511,0.295,0.288,0.551,0.33,0.621,0.993,0.795,0.676,0.994,0.808,0.056,0.043,0.038,-2.669,-3.604,0.436,-0.545,0.499,-0.054,-1.754,-2.369,0.032,-0.795,0.129,-0.304,0.974,-1.218,0.11,-2.703,1.281,1.401,1.423,-0.154,0.559,-1.318,1.633,1.786,-2.03,-2.965,1.075,0.094,1.139,0.585,0.044,-0.618,0.177,-0.127,0.151,-2.1,1.754,2.004,0.766,-0.55,2.237,2.555,1.636,0.808,1.732,1.299,0.908,0.246,1.041,0.737,2.918,3.048,3.722,3.887,0.262,0.382,-0.033,0.217,-0.186,-0.057
2019-07-10,CTD1,4187246,695025,0.02244852,0.029512648,0.038751207,0.014356996,0.011215475,0.002996462,0.002930761,0.001161713,0.02202138,0.029465241,0.038949195,0.014354418,0.010728931,0.00288,0.2308385,-8.000000000000001e-45,0.371,-0.136,10.663,-0.266,18.741,0.22,-25.106,0.334,-44.616,-0.135,8.078,0.345,-35.769,0.449,-55.279,0.459,-43.847,0.551,-63.357,0.123,-19.51,0.413,0.153,0.12,0.553,0.269,0.21,-0.741,-0.973,-0.282,-1.317,-1.729,-0.641,0.181,0.116,0.091,-0.803,-1.386,-0.401,-1.241,-2.142,-0.794,-0.984,-1.294,-0.492,-1.422,-1.87,-0.91,-0.438,-0.576,-0.756,-0.133,-0.141,-0.276,-0.372,-0.4,-0.638,0.119,0.199,0.162,0.165,0.256,0.212,-0.251,-0.274,-0.361,0.248,0.45,0.303,0.299,0.497,0.345,0.469,0.725,0.599,0.53,0.748,0.628,0.06,0.051,0.046,-1.938,-2.695,0.39,-0.519,0.471,-0.021,-1.476,-2.052,0.093,-0.701,0.199,-0.202,0.802,-1.068,0.251,-1.892,1.184,1.274,1.24,-0.054,0.689,-0.698,1.515,1.631,-1.384,-2.14,0.944,0.035,1.025,0.533,0.122,-0.519,0.262,-0.02,0.329,-1.4,1.556,1.766,0.905,-0.068,1.992,2.261,1.24,0.446,1.346,0.945,0.673,0.033,0.813,0.532,2.2,2.319,2.816,2.969,0.26,0.35,-0.013,0.197,-0.129,-0.01,-0.145,11.472,-0.278,19.736,0.211,-24.255,0.345,-47.796,-0.139,8.264,0.345,-35.727,0.466,-59.268,0.461,-43.99,0.568,-67.531,0.145,-23.541,0.447,0.165,0.123,0.582,0.283,0.212,-0.715,-0.945,-0.26,-1.408,-1.862,-0.686,0.182,0.119,0.089,-0.787,-1.392,-0.383,-1.305,-2.308,-0.851,-0.969,-1.296,-0.472,-1.487,-1.99,-0.969,-0.518,-0.694,-0.917,-0.14,-0.15,-0.297,-0.386,-0.421,-0.675,0.112,0.191,0.154,0.165,0.258,0.212,-0.261,-0.29,-0.378,0.248,0.461,0.304,0.307,0.515,0.352,0.478,0.751,0.612,0.548,0.776,0.644,0.07,0.059,0.053,-1.966,-2.883,0.379,-0.591,0.472,-0.0,-1.487,-2.181,0.078,-0.773,0.201,-0.182,0.778,-1.212,0.212,-2.096,1.17,1.259,1.296,-0.0,0.731,-0.661,1.565,1.684,-1.375,-2.292,0.969,0.0,1.063,0.591,0.105,-0.581,0.269,0.009,0.284,-1.578,1.565,1.777,0.978,0.033,2.094,2.378,1.282,0.431,1.405,1.021,0.67,-0.016,0.835,0.574,2.226,2.349,2.978,3.143,0.288,0.376,-0.0,0.212,-0.119,0.004
2019-07-10,CTD2,4181518,693105,0.02099952,0.027423631,0.032394562,0.012155564,0.008110392,0.0022948033,0.0022273997,0.00091314723,0.020723563,0.027595332,0.032251693,0.012095498,0.008447044,0.0021212688,0.031662717,-8.000000000000001e-45,0.968,-0.133,11.155,-0.213,16.751,0.267,-34.647,0.443,-75.678,-0.083,5.596,0.386,-45.802,0.544,-86.834,0.454,-51.397,0.6,-92.429,0.2,-41.032,0.361,0.136,0.09,0.459,0.204,0.136,-0.95,-1.122,-0.281,-2.075,-2.452,-0.92,0.118,0.068,0.045,-0.962,-1.484,-0.371,-1.823,-2.813,-1.056,-1.079,-1.41,-0.417,-1.941,-2.535,-1.124,-0.862,-1.125,-1.329,-0.144,-0.159,-0.317,-0.288,-0.321,-0.562,0.148,0.249,0.218,0.215,0.326,0.289,-0.15,-0.171,-0.245,0.286,0.524,0.377,0.362,0.583,0.434,0.418,0.695,0.57,0.501,0.732,0.614,0.084,0.076,0.068,-1.899,-3.228,0.391,-0.733,0.515,0.099,-1.608,-2.733,0.205,-0.851,0.352,-0.019,0.881,-1.654,0.546,-2.267,1.432,1.477,1.743,0.333,1.408,-0.076,2.146,2.214,-1.359,-2.688,0.931,-0.193,1.056,0.639,0.268,-0.652,0.46,0.179,0.713,-1.738,1.87,2.006,1.839,0.716,2.802,3.006,1.099,0.044,1.247,0.875,0.602,-0.317,0.795,0.514,2.279,2.369,3.415,3.551,0.283,0.328,0.057,0.193,-0.011,0.079,-0.142,12.016,-0.218,17.248,0.263,-34.421,0.421,-70.13,-0.078,5.232,0.391,-46.437,0.531,-82.147,0.455,-51.669,0.585,-87.378,0.178,-35.709,0.388,0.145,0.102,0.476,0.209,0.146,-0.95,-1.11,-0.291,-1.935,-2.262,-0.848,0.108,0.063,0.044,-0.962,-1.498,-0.392,-1.702,-2.649,-0.994,-1.071,-1.426,-0.436,-1.811,-2.411,-1.057,-0.74,-0.985,-1.152,-0.155,-0.169,-0.335,-0.29,-0.32,-0.561,0.144,0.239,0.212,0.205,0.309,0.277,-0.142,-0.16,-0.227,0.293,0.531,0.381,0.361,0.583,0.432,0.417,0.691,0.559,0.493,0.725,0.6,0.076,0.069,0.061,-1.915,-3.067,0.376,-0.681,0.489,0.053,-1.639,-2.624,0.204,-0.789,0.336,-0.056,0.858,-1.554,0.545,-2.105,1.407,1.451,1.598,0.172,1.285,-0.213,2.015,2.078,-1.335,-2.487,0.957,-0.1,1.07,0.633,0.272,-0.576,0.448,0.157,0.725,-1.537,1.874,2.02,1.711,0.6,2.683,2.892,1.118,0.124,1.25,0.858,0.585,-0.263,0.761,0.47,2.259,2.36,3.234,3.38,0.278,0.322,0.031,0.176,-0.033,0.069
2019-07-10,CTD3,4181698,695238,0.018481221,0.025132358,0.02665164,0.0119269695,0.0062073227,0.0019778123,0.0019519493,0.0008401753,0.018403146,0.02566987,0.025957806,0.011819246,0.0075261686,0.0016929886,0.00012407568,-8.000000000000001e-45,1.002,-0.153,14.32,-0.181,16.588,0.216,-29.735,0.497,-106.991,-0.029,2.268,0.356,-44.054,0.604,-121.311,0.382,-46.322,0.622,-123.579,0.315,-77.256,0.382,0.171,0.089,0.417,0.198,0.103,-0.747,-0.792,-0.185,-2.689,-2.851,-1.276,0.042,0.027,0.014,-0.814,-1.174,-0.273,-2.242,-3.233,-1.447,-0.856,-1.164,-0.288,-2.284,-3.106,-1.474,-1.428,-1.942,-2.059,-0.172,-0.202,-0.367,-0.22,-0.261,-0.451,0.127,0.209,0.199,0.237,0.331,0.318,-0.05,-0.062,-0.084,0.293,0.535,0.402,0.419,0.622,0.491,0.338,0.596,0.47,0.469,0.672,0.552,0.131,0.127,0.11,-1.499,-3.558,0.288,-1.186,0.502,0.215,-1.414,-3.355,0.219,-1.228,0.446,0.173,0.607,-2.499,0.489,-2.744,1.303,1.317,2.034,0.87,1.917,0.743,2.503,2.53,-0.875,-2.934,0.912,-0.562,1.127,0.839,0.298,-0.978,0.607,0.423,0.665,-2.186,1.771,1.874,2.607,1.814,3.403,3.601,0.968,-0.479,1.195,0.922,0.415,-0.861,0.725,0.54,1.899,1.988,3.648,3.819,0.398,0.412,0.139,0.242,0.112,0.201,-0.165,15.382,-0.17,15.814,0.218,-30.269,0.419,-78.531,-0.006,0.432,0.369,-45.652,0.547,-93.914,0.374,-46.084,0.55,-94.346,0.222,-48.262,0.399,0.182,0.116,0.406,0.187,0.119,-0.777,-0.786,-0.228,-2.016,-2.038,-0.928,0.008,0.005,0.003,-0.84,-1.185,-0.344,-1.728,-2.438,-1.11,-0.848,-1.183,-0.347,-1.736,-2.422,-1.115,-0.888,-1.239,-1.253,-0.192,-0.217,-0.376,-0.202,-0.228,-0.391,0.128,0.198,0.197,0.211,0.29,0.288,-0.01,-0.011,-0.015,0.312,0.534,0.414,0.409,0.6,0.48,0.321,0.545,0.426,0.418,0.61,0.492,0.097,0.097,0.083,-1.479,-2.732,0.262,-0.854,0.427,0.08,-1.463,-2.702,0.249,-0.861,0.416,0.072,0.568,-1.854,0.546,-1.892,1.264,1.267,1.456,0.273,1.434,0.249,1.985,1.99,-0.801,-2.054,0.94,-0.176,1.105,0.758,0.347,-0.582,0.58,0.352,0.761,-1.277,1.763,1.882,2.0,1.215,2.769,2.955,0.95,-0.16,1.117,0.774,0.369,-0.559,0.602,0.374,1.787,1.903,2.807,2.989,0.349,0.352,0.051,0.17,0.046,0.162
2019-07-10,CTD4,4180266,698264,0.023308791,0.02962899,0.030974673,0.010895146,0.0065135118,0.001916251,0.0018990426,0.0007896668,0.023052603,0.029934568,0.03070606,0.0108312145,0.007175573,0.001718983,0.00020199064,-8.000000000000001e-45,0.554,-0.119,9.152,-0.141,10.618,0.363,-48.882,0.563,-110.625,-0.022,1.466,0.462,-58.033,0.64,-119.776,0.48,-59.5,0.653,-121.243,0.252,-61.743,0.283,0.1,0.06,0.315,0.116,0.069,-1.448,-1.514,-0.318,-3.278,-3.427,-1.205,0.034,0.016,0.01,-1.353,-1.798,-0.378,-2.792,-3.71,-1.305,-1.387,-1.763,-0.388,-2.826,-3.592,-1.321,-1.439,-1.829,-1.912,-0.151,-0.169,-0.363,-0.189,-0.212,-0.44,0.205,0.343,0.331,0.277,0.414,0.401,-0.039,-0.045,-0.077,0.345,0.628,0.5,0.426,0.676,0.552,0.379,0.673,0.556,0.462,0.715,0.604,0.083,0.081,0.072,-2.056,-3.969,0.435,-0.886,0.576,0.189,-1.967,-3.796,0.385,-0.92,0.533,0.155,1.183,-2.409,1.094,-2.616,1.92,1.929,2.622,0.859,2.533,0.736,3.211,3.227,-1.572,-3.484,0.919,-0.402,1.061,0.673,0.489,-0.716,0.677,0.359,1.391,-2.036,2.44,2.509,3.22,1.706,4.081,4.197,0.961,-0.344,1.109,0.731,0.578,-0.627,0.766,0.448,2.564,2.623,4.288,4.388,0.248,0.257,0.088,0.157,0.072,0.132,-0.13,9.973,-0.142,10.812,0.361,-48.947,0.525,-95.983,-0.013,0.839,0.469,-58.92,0.613,-105.955,0.478,-59.759,0.621,-106.795,0.203,-47.036,0.306,0.108,0.072,0.324,0.117,0.078,-1.465,-1.503,-0.351,-2.873,-2.947,-1.04,0.019,0.009,0.006,-1.358,-1.809,-0.423,-2.443,-3.253,-1.148,-1.378,-1.789,-0.429,-2.462,-3.197,-1.157,-1.084,-1.408,-1.444,-0.166,-0.182,-0.382,-0.188,-0.206,-0.425,0.202,0.329,0.323,0.262,0.389,0.382,-0.023,-0.026,-0.043,0.355,0.632,0.504,0.423,0.672,0.548,0.375,0.657,0.536,0.444,0.694,0.577,0.069,0.068,0.06,-2.065,-3.509,0.417,-0.739,0.536,0.108,-2.013,-3.421,0.389,-0.759,0.511,0.088,1.153,-2.043,1.103,-2.151,1.889,1.895,2.238,0.449,2.187,0.378,2.851,2.86,-1.536,-2.981,0.946,-0.211,1.065,0.636,0.505,-0.535,0.664,0.312,1.432,-1.516,2.452,2.53,2.84,1.337,3.702,3.819,0.97,-0.177,1.092,0.67,0.556,-0.484,0.715,0.363,2.524,2.595,3.809,3.917,0.23,0.236,0.051,0.128,0.041,0.113
2019-07-10,CTD6,4176009,695829,0.017183442,0.024626616,0.028145969,0.0071778605,0.0045234994,0.0011817187,0.001235072,0.0004941187,0.017205644,0.024650043,0.028188339,0.0073334635,0.0047735185,0.0011363775,0.023749635,-8.000000000000001e-45,0.37,-0.178,17.589,-0.242,22.666,0.411,-81.122,0.583,-162.872,-0.067,5.077,0.549,-98.711,0.69,-180.461,0.594,-103.788,0.723,-185.539,0.227,-81.751,0.495,0.126,0.08,0.558,0.163,0.103,-1.998,-2.283,-0.367,-4.011,-4.584,-1.169,0.087,0.036,0.023,-1.696,-2.778,-0.447,-3.101,-5.079,-1.295,-1.783,-2.556,-0.469,-3.188,-4.569,-1.332,-1.405,-2.013,-2.301,-0.211,-0.228,-0.636,-0.345,-0.376,-0.937,0.19,0.343,0.306,0.24,0.398,0.358,-0.144,-0.162,-0.301,0.385,0.804,0.534,0.443,0.825,0.569,0.502,0.966,0.719,0.565,0.97,0.743,0.063,0.059,0.05,-3.223,-5.524,0.443,-0.889,0.537,0.068,-2.82,-4.834,0.319,-0.976,0.427,-0.02,1.519,-3.05,1.251,-3.828,2.21,2.233,2.924,0.368,2.656,-0.123,3.507,3.544,-2.488,-4.789,1.178,-0.154,1.272,0.803,0.457,-0.712,0.612,0.245,1.793,-2.791,3.168,3.27,3.806,1.523,5.026,5.189,1.347,0.051,1.454,1.008,0.725,-0.444,0.88,0.513,3.658,3.738,5.804,5.931,0.234,0.257,0.028,0.131,-0.008,0.071,-0.178,17.553,-0.242,22.645,0.402,-78.241,0.566,-151.369,-0.067,5.092,0.541,-95.793,0.676,-168.921,0.587,-100.886,0.71,-174.013,0.211,-73.128,0.495,0.129,0.084,0.558,0.166,0.108,-1.929,-2.205,-0.373,-3.731,-4.267,-1.11,0.088,0.037,0.024,-1.648,-2.7,-0.457,-2.906,-4.762,-1.239,-1.736,-2.487,-0.482,-2.994,-4.289,-1.276,-1.258,-1.803,-2.061,-0.21,-0.226,-0.615,-0.343,-0.373,-0.907,0.187,0.336,0.3,0.235,0.389,0.35,-0.144,-0.161,-0.292,0.381,0.788,0.525,0.438,0.81,0.56,0.498,0.949,0.709,0.559,0.954,0.732,0.061,0.056,0.048,-3.146,-5.207,0.438,-0.838,0.529,0.047,-2.751,-4.554,0.313,-0.926,0.417,-0.041,1.472,-2.818,1.203,-3.559,2.153,2.177,2.73,0.243,2.461,-0.239,3.307,3.344,-2.411,-4.472,1.173,-0.104,1.263,0.782,0.448,-0.662,0.597,0.224,1.723,-2.544,3.084,3.192,3.526,1.32,4.738,4.904,1.341,0.102,1.445,0.987,0.717,-0.393,0.866,0.493,3.566,3.65,5.479,5.608,0.233,0.257,0.02,0.128,-0.017,0.067
2019-07-10,CTD7,4176724,690397,0.012642662,0.018100338,0.023214782,0.005375887,0.0039007452,0.0009479887,0.0009755736,0.00038255932,0.012660563,0.01797151,0.023321312,0.005530987,0.003830682,0.0009703331,0.18907768,-8.000000000000001e-45,1.231,-0.178,23.85,-0.295,36.021,0.403,-106.919,0.528,-177.264,-0.124,12.172,0.542,-130.768,0.645,-201.114,0.624,-142.94,0.712,-213.285,0.159,-70.345,0.554,0.128,0.093,0.652,0.194,0.141,-1.935,-2.482,-0.417,-3.209,-4.115,-0.953,0.154,0.065,0.047,-1.653,-3.036,-0.51,-2.543,-4.669,-1.081,-1.807,-2.587,-0.558,-2.696,-3.861,-1.147,-0.889,-1.273,-1.633,-0.191,-0.201,-0.588,-0.45,-0.481,-1.14,0.176,0.33,0.268,0.212,0.372,0.306,-0.284,-0.309,-0.551,0.355,0.769,0.469,0.396,0.788,0.497,0.58,1.078,0.811,0.628,1.072,0.823,0.048,0.041,0.036,-3.62,-5.253,0.467,-0.68,0.53,-0.027,-2.822,-4.096,0.248,-0.834,0.329,-0.181,1.572,-2.288,1.069,-3.6,2.136,2.184,2.461,-0.126,1.959,-1.077,2.944,3.01,-2.887,-4.52,1.2,0.054,1.264,0.706,0.354,-0.598,0.471,0.054,1.531,-2.584,3.058,3.199,2.804,0.322,4.215,4.409,1.539,0.458,1.621,1.111,0.857,-0.096,0.974,0.557,4.01,4.103,5.526,5.654,0.21,0.257,-0.012,0.129,-0.077,0.016,-0.173,23.342,-0.296,36.106,0.392,-101.814,0.535,-182.065,-0.13,12.764,0.529,-125.156,0.649,-205.406,0.617,-137.92,0.718,-218.171,0.182,-80.251,0.544,0.129,0.089,0.649,0.2,0.138,-1.83,-2.374,-0.39,-3.272,-4.246,-1.007,0.162,0.071,0.049,-1.585,-2.919,-0.479,-2.601,-4.79,-1.136,-1.746,-2.479,-0.528,-2.762,-3.921,-1.207,-1.016,-1.442,-1.872,-0.184,-0.196,-0.567,-0.454,-0.489,-1.139,0.173,0.327,0.263,0.214,0.376,0.306,-0.294,-0.324,-0.571,0.346,0.754,0.458,0.393,0.777,0.49,0.581,1.079,0.816,0.636,1.071,0.829,0.056,0.047,0.041,-3.512,-5.384,0.467,-0.739,0.54,0.012,-2.706,-4.149,0.235,-0.901,0.33,-0.15,1.518,-2.402,0.991,-3.799,2.076,2.125,2.534,0.056,2.007,-0.911,2.997,3.068,-2.797,-4.669,1.182,-0.024,1.255,0.727,0.334,-0.673,0.468,0.078,1.407,-2.839,2.947,3.085,2.849,0.475,4.255,4.454,1.534,0.398,1.629,1.149,0.861,-0.146,0.995,0.605,3.914,4.003,5.651,5.78,0.224,0.273,0.005,0.144,-0.065,0.024
2019-07-10,CTD8,4174178,693048,0.019692112,0.028804151,0.036263414,0.010555122,0.0069019985,0.001753429,0.0018197856,0.00072927034,0.019643603,0.028788378,0.036409125,0.010800577,0.007095703,0.0016640867,0.056356333,-8.000000000000001e-45,0.997,-0.188,16.065,-0.296,23.206,0.302,-43.959,0.481,-94.104,-0.115,7.141,0.464,-60.024,0.613,-110.168,0.549,-67.165,0.68,-117.31,0.209,-50.145,0.583,0.17,0.111,0.668,0.245,0.16,-1.266,-1.594,-0.303,-2.711,-3.413,-0.993,0.141,0.075,0.049,-1.182,-2.177,-0.414,-2.169,-3.995,-1.163,-1.323,-1.935,-0.464,-2.31,-3.379,-1.238,-0.987,-1.444,-1.818,-0.195,-0.211,-0.522,-0.421,-0.464,-0.949,0.14,0.256,0.212,0.197,0.325,0.273,-0.247,-0.28,-0.427,0.326,0.686,0.423,0.391,0.724,0.468,0.53,0.967,0.72,0.605,0.971,0.746,0.075,0.065,0.056,-2.752,-4.57,0.393,-0.846,0.493,0.03,-2.186,-3.63,0.177,-0.986,0.303,-0.111,1.071,-2.308,0.607,-3.388,1.626,1.675,2.059,0.124,1.594,-0.583,2.487,2.562,-1.973,-3.791,1.172,-0.067,1.272,0.809,0.258,-0.735,0.444,0.14,0.887,-2.525,2.378,2.539,2.332,0.738,3.637,3.882,1.475,0.312,1.602,1.188,0.723,-0.27,0.908,0.605,3.085,3.196,4.718,4.888,0.296,0.346,0.016,0.176,-0.059,0.051,-0.189,16.171,-0.299,23.442,0.29,-41.68,0.469,-90.023,-0.117,7.271,0.454,-57.851,0.605,-106.194,0.542,-65.122,0.674,-113.465,0.207,-48.343,0.589,0.175,0.115,0.675,0.253,0.166,-1.2,-1.518,-0.296,-2.592,-3.278,-0.972,0.143,0.079,0.052,-1.136,-2.106,-0.41,-2.086,-3.866,-1.147,-1.279,-1.875,-0.462,-2.229,-3.266,-1.225,-0.95,-1.392,-1.76,-0.194,-0.21,-0.511,-0.423,-0.467,-0.937,0.136,0.246,0.203,0.192,0.317,0.266,-0.25,-0.285,-0.426,0.321,0.673,0.413,0.387,0.713,0.459,0.529,0.958,0.714,0.605,0.963,0.74,0.076,0.066,0.057,-2.689,-4.449,0.386,-0.84,0.487,0.025,-2.126,-3.518,0.164,-0.983,0.293,-0.117,1.028,-2.238,0.554,-3.312,1.572,1.624,1.978,0.103,1.504,-0.603,2.393,2.472,-1.906,-3.666,1.169,-0.057,1.271,0.809,0.241,-0.731,0.429,0.134,0.812,-2.466,2.304,2.471,2.204,0.686,3.507,3.761,1.478,0.331,1.607,1.197,0.715,-0.257,0.903,0.608,3.01,3.125,4.581,4.756,0.303,0.355,0.014,0.18,-0.065,0.05
2019-07-10,CTD10,4170388,695646,0.012789867,0.019016959,0.023100168,0.0076493807,0.0045201066,0.0012931526,0.001324091,0.0005488968,0.012807781,0.019192211,0.022853438,0.0076872883,0.0050594136,0.0012041142,0.0001446005,-8.000000000000001e-45,1.166,-0.196,25.602,-0.287,34.897,0.252,-52.543,0.478,-143.047,-0.097,9.295,0.426,-78.145,0.616,-168.649,0.502,-87.44,0.673,-177.944,0.257,-90.504,0.591,0.196,0.116,0.664,0.267,0.158,-0.999,-1.214,-0.237,-2.72,-3.304,-1.094,0.119,0.071,0.042,-0.999,-1.805,-0.353,-2.157,-3.896,-1.29,-1.118,-1.663,-0.395,-2.276,-3.384,-1.361,-1.158,-1.721,-2.091,-0.203,-0.225,-0.512,-0.387,-0.438,-0.847,0.122,0.218,0.186,0.196,0.31,0.269,-0.2,-0.236,-0.336,0.317,0.657,0.412,0.404,0.709,0.471,0.486,0.893,0.656,0.584,0.909,0.697,0.098,0.087,0.074,-2.347,-4.438,0.341,-1.02,0.477,0.082,-1.932,-3.654,0.151,-1.139,0.316,-0.037,0.849,-2.535,0.457,-3.439,1.434,1.476,2.006,0.343,1.615,-0.19,2.427,2.498,-1.533,-3.624,1.156,-0.205,1.291,0.896,0.225,-0.869,0.47,0.232,0.68,-2.624,2.133,2.29,2.401,1.187,3.609,3.876,1.404,0.114,1.568,1.215,0.617,-0.478,0.861,0.624,2.666,2.782,4.512,4.708,0.36,0.402,0.049,0.207,-0.022,0.093,-0.2,25.973,-0.282,34.32,0.25,-52.007,0.434,-119.574,-0.087,8.347,0.428,-77.98,0.583,-145.547,0.497,-86.328,0.637,-153.894,0.206,-67.566,0.594,0.2,0.131,0.659,0.264,0.174,-0.998,-1.189,-0.263,-2.295,-2.733,-0.919,0.107,0.064,0.042,-0.999,-1.782,-0.395,-1.864,-3.326,-1.119,-1.106,-1.657,-0.437,-1.971,-2.954,-1.183,-0.865,-1.297,-1.544,-0.209,-0.229,-0.501,-0.374,-0.414,-0.788,0.122,0.211,0.183,0.184,0.288,0.254,-0.179,-0.205,-0.287,0.323,0.644,0.412,0.396,0.69,0.463,0.474,0.849,0.625,0.556,0.868,0.662,0.082,0.074,0.063,-2.306,-3.85,0.331,-0.852,0.446,0.009,-1.936,-3.233,0.16,-0.959,0.297,-0.098,0.826,-2.127,0.475,-2.851,1.402,1.445,1.692,0.035,1.341,-0.441,2.131,2.195,-1.474,-3.019,1.162,-0.021,1.277,0.84,0.24,-0.68,0.445,0.182,0.712,-2.02,2.102,2.275,2.009,0.82,3.193,3.457,1.384,0.265,1.521,1.126,0.591,-0.329,0.796,0.533,2.578,2.709,3.917,4.116,0.337,0.379,0.006,0.179,-0.059,0.073
2019-07-10,CTD11,4169609,700351,0.0183935,0.02578439,0.032041967,0.012009988,0.007501406,0.0020845819,0.0020634641,0.0008472216,0.018272538,0.02601114,0.031848587,0.012058378,0.0080830585,0.0019148523,0.00029320648,-8.000000000000001e-45,0.577,-0.167,15.584,-0.271,23.158,0.21,-28.897,0.421,-78.941,-0.108,7.574,0.364,-44.481,0.549,-94.525,0.455,-52.055,0.621,-102.099,0.231,-50.044,0.499,0.187,0.117,0.597,0.278,0.174,-0.745,-0.926,-0.217,-2.035,-2.529,-0.948,0.139,0.091,0.057,-0.818,-1.425,-0.334,-1.739,-3.029,-1.135,-0.957,-1.342,-0.39,-1.878,-2.633,-1.226,-0.92,-1.29,-1.604,-0.168,-0.187,-0.379,-0.361,-0.41,-0.7,0.11,0.192,0.161,0.188,0.288,0.247,-0.206,-0.242,-0.321,0.273,0.532,0.348,0.363,0.601,0.415,0.453,0.774,0.602,0.555,0.807,0.649,0.102,0.089,0.078,-1.955,-3.558,0.339,-0.888,0.479,0.089,-1.573,-2.863,0.108,-1.027,0.283,-0.051,0.727,-1.906,0.289,-2.74,1.241,1.297,1.647,0.305,1.209,-0.216,1.986,2.077,-1.266,-2.87,1.027,-0.199,1.168,0.777,0.152,-0.796,0.397,0.18,0.405,-2.125,1.739,1.913,1.695,0.769,2.784,3.062,1.276,0.141,1.451,1.117,0.59,-0.358,0.835,0.618,2.26,2.377,3.619,3.806,0.362,0.419,0.058,0.232,-0.033,0.084,-0.175,16.282,-0.271,23.328,0.205,-28.203,0.387,-68.989,-0.101,7.046,0.367,-44.485,0.526,-85.27,0.451,-51.531,0.595,-92.317,0.197,-40.786,0.519,0.196,0.132,0.607,0.281,0.189,-0.734,-0.898,-0.228,-1.794,-2.197,-0.832,0.129,0.085,0.057,-0.813,-1.417,-0.36,-1.558,-2.716,-1.028,-0.942,-1.34,-0.417,-1.687,-2.401,-1.113,-0.745,-1.061,-1.299,-0.176,-0.194,-0.384,-0.357,-0.398,-0.674,0.107,0.182,0.156,0.176,0.268,0.232,-0.192,-0.221,-0.29,0.278,0.529,0.349,0.358,0.591,0.408,0.447,0.751,0.58,0.537,0.784,0.624,0.09,0.079,0.069,-1.939,-3.238,0.324,-0.789,0.449,0.032,-1.583,-2.644,0.11,-0.918,0.263,-0.097,0.699,-1.703,0.291,-2.425,1.205,1.262,1.444,0.103,1.036,-0.381,1.797,1.882,-1.218,-2.517,1.045,-0.068,1.17,0.753,0.157,-0.675,0.374,0.146,0.414,-1.783,1.715,1.903,1.475,0.577,2.558,2.839,1.279,0.251,1.432,1.073,0.565,-0.267,0.782,0.554,2.199,2.33,3.28,3.477,0.349,0.406,0.021,0.21,-0.064,0.068
2019-07-10,CTD12,4173438,695414,0.015635073,0.022139747,0.026417064,0.008799479,0.0054658717,0.0015328886,0.0015387912,0.0006370291,0.015592311,0.022281604,0.026223851,0.008858638,0.0059283813,0.0014330756,0.0001865741,-8.000000000000001e-45,0.494,-0.172,18.791,-0.256,26.104,0.28,-49.684,0.482,-118.995,-0.088,7.313,0.431,-68.475,0.604,-137.786,0.5,-75.789,0.657,-145.099,0.234,-69.31,0.496,0.165,0.103,0.578,0.23,0.143,-1.1,-1.313,-0.272,-2.635,-3.143,-1.047,0.114,0.064,0.04,-1.071,-1.809,-0.374,-2.154,-3.64,-1.212,-1.185,-1.678,-0.414,-2.269,-3.212,-1.277,-1.084,-1.535,-1.831,-0.185,-0.204,-0.456,-0.348,-0.391,-0.756,0.141,0.248,0.214,0.209,0.329,0.289,-0.175,-0.203,-0.3,0.317,0.632,0.418,0.397,0.682,0.473,0.466,0.835,0.638,0.555,0.857,0.677,0.088,0.079,0.069,-2.296,-4.127,0.373,-0.904,0.499,0.085,-1.924,-3.459,0.194,-1.018,0.345,-0.029,0.939,-2.274,0.584,-3.056,1.53,1.57,2.022,0.344,1.667,-0.142,2.463,2.527,-1.586,-3.417,1.083,-0.194,1.209,0.795,0.275,-0.772,0.488,0.217,0.826,-2.317,2.166,2.309,2.361,1.048,3.488,3.717,1.292,0.08,1.443,1.068,0.63,-0.417,0.844,0.572,2.653,2.755,4.27,4.436,0.316,0.356,0.048,0.191,-0.016,0.086,-0.177,19.254,-0.254,26.001,0.275,-48.75,0.449,-104.546,-0.081,6.747,0.431,-68.004,0.58,-123.8,0.495,-74.751,0.631,-130.547,0.198,-55.796,0.505,0.171,0.114,0.579,0.23,0.154,-1.086,-1.278,-0.289,-2.329,-2.742,-0.926,0.105,0.06,0.04,-1.06,-1.783,-0.403,-1.93,-3.247,-1.097,-1.166,-1.666,-0.443,-2.036,-2.909,-1.156,-0.87,-1.243,-1.463,-0.191,-0.208,-0.452,-0.341,-0.377,-0.719,0.139,0.239,0.209,0.199,0.31,0.275,-0.161,-0.183,-0.267,0.321,0.624,0.417,0.391,0.669,0.466,0.459,0.807,0.616,0.536,0.83,0.652,0.077,0.07,0.06,-2.26,-3.724,0.362,-0.794,0.474,0.031,-1.921,-3.164,0.197,-0.9,0.329,-0.075,0.91,-1.998,0.583,-2.663,1.494,1.534,1.78,0.115,1.453,-0.33,2.233,2.292,-1.531,-2.994,1.091,-0.065,1.203,0.76,0.282,-0.645,0.469,0.18,0.833,-1.908,2.135,2.289,2.077,0.798,3.19,3.421,1.284,0.188,1.416,1.013,0.609,-0.317,0.797,0.508,2.58,2.694,3.855,4.026,0.302,0.342,0.017,0.172,-0.042,0.072
2019-08-14,CTD1,4187246,695025,0.014578893,0.021364588,0.030007536,0.01024088,0.0071743606,0.00185515,0.0018557273,0.0007431149,0.014515751,0.021382231,0.030028483,0.010418475,0.007258736,0.0017977302,0.120730065,-8.000000000000001e-45,0.68,-0.189,21.786,-0.346,35.267,0.175,-29.056,0.34,-70.793,-0.168,13.481,0.352,-50.841,0.497,-92.579,0.491,-64.323,0.614,-106.06,0.176,-41.737,0.654,0.223,0.156,0.753,0.361,0.253,-0.621,-0.872,-0.208,-1.512,-2.124,-0.725,0.197,0.138,0.097,-0.741,-1.526,-0.365,-1.35,-2.778,-0.948,-0.938,-1.374,-0.461,-1.546,-2.266,-1.086,-0.608,-0.892,-1.252,-0.169,-0.182,-0.39,-0.488,-0.541,-0.886,0.084,0.152,0.117,0.144,0.234,0.184,-0.348,-0.397,-0.496,0.249,0.511,0.299,0.318,0.572,0.353,0.55,0.909,0.693,0.635,0.92,0.722,0.085,0.069,0.06,-2.248,-3.5,0.341,-0.745,0.443,-0.018,-1.6,-2.492,0.007,-0.942,0.15,-0.215,0.712,-1.554,0.019,-2.759,1.088,1.185,1.32,-0.054,0.628,-0.898,1.553,1.691,-1.465,-2.717,1.124,0.038,1.226,0.765,0.01,-0.715,0.22,0.011,0.028,-2.096,1.594,1.847,0.92,0.048,2.275,2.637,1.579,0.631,1.722,1.358,0.702,-0.023,0.912,0.704,2.438,2.594,3.48,3.703,0.367,0.463,-0.013,0.24,-0.151,0.005,-0.191,22.123,-0.348,35.589,0.164,-27.093,0.333,-68.874,-0.168,13.466,0.345,-49.216,0.493,-90.997,0.485,-62.682,0.611,-104.463,0.179,-41.782,0.664,0.23,0.161,0.761,0.371,0.258,-0.579,-0.814,-0.197,-1.473,-2.068,-0.718,0.195,0.14,0.098,-0.714,-1.478,-0.357,-1.321,-2.733,-0.948,-0.91,-1.34,-0.455,-1.516,-2.234,-1.088,-0.606,-0.893,-1.255,-0.17,-0.184,-0.388,-0.488,-0.542,-0.878,0.08,0.143,0.11,0.141,0.228,0.179,-0.347,-0.397,-0.489,0.246,0.504,0.294,0.317,0.566,0.349,0.546,0.901,0.685,0.634,0.913,0.716,0.088,0.071,0.061,-2.203,-3.458,0.332,-0.756,0.437,-0.018,-1.569,-2.462,-0.004,-0.952,0.144,-0.213,0.681,-1.552,-0.011,-2.744,1.054,1.152,1.288,-0.053,0.595,-0.882,1.513,1.653,-1.409,-2.664,1.126,0.038,1.231,0.776,-0.006,-0.723,0.212,0.015,-0.016,-2.085,1.552,1.811,0.877,0.063,2.228,2.599,1.581,0.633,1.729,1.372,0.687,-0.031,0.904,0.708,2.382,2.543,3.419,3.65,0.378,0.476,-0.013,0.246,-0.153,0.007
2019-08-14,CTD2,4181518,693105,0.012638358,0.019074917,0.027126608,0.009127137,0.006126694,0.0015797995,0.001591096,0.0006396277,0.012623101,0.019115526,0.027099373,0.009325332,0.0063424213,0.0015291823,0.07810626,-8.000000000000001e-45,0.923,-0.203,26.699,-0.364,42.26,0.161,-30.439,0.347,-84.096,-0.174,15.561,0.353,-57.139,0.514,-110.795,0.496,-72.699,0.632,-126.356,0.197,-53.657,0.724,0.244,0.164,0.806,0.386,0.259,-0.581,-0.826,-0.186,-1.604,-2.281,-0.768,0.197,0.142,0.095,-0.722,-1.55,-0.35,-1.4,-3.006,-1.011,-0.919,-1.387,-0.445,-1.597,-2.41,-1.153,-0.678,-1.023,-1.456,-0.178,-0.194,-0.422,-0.514,-0.575,-0.95,0.076,0.139,0.106,0.141,0.231,0.18,-0.37,-0.429,-0.528,0.25,0.53,0.299,0.326,0.595,0.357,0.568,0.959,0.714,0.662,0.965,0.745,0.095,0.075,0.065,-2.31,-3.765,0.326,-0.827,0.437,-0.009,-1.624,-2.648,-0.013,-1.024,0.145,-0.205,0.682,-1.729,-0.037,-3.043,1.064,1.159,1.36,-0.027,0.641,-0.909,1.584,1.726,-1.463,-2.918,1.173,0.02,1.283,0.838,-0.019,-0.787,0.218,0.032,-0.056,-2.338,1.605,1.864,0.967,0.141,2.391,2.777,1.668,0.657,1.825,1.475,0.7,-0.068,0.937,0.751,2.487,2.651,3.705,3.949,0.401,0.496,-0.006,0.253,-0.148,0.015,-0.205,26.906,-0.364,42.319,0.15,-28.015,0.331,-78.449,-0.173,15.412,0.344,-54.921,0.502,-105.355,0.488,-70.334,0.621,-120.767,0.19,-50.434,0.729,0.251,0.171,0.809,0.395,0.268,-0.536,-0.759,-0.178,-1.5,-2.126,-0.732,0.195,0.144,0.098,-0.693,-1.488,-0.348,-1.33,-2.855,-0.982,-0.888,-1.344,-0.446,-1.524,-2.309,-1.126,-0.637,-0.964,-1.367,-0.178,-0.194,-0.414,-0.509,-0.569,-0.924,0.071,0.13,0.099,0.136,0.221,0.172,-0.364,-0.421,-0.51,0.246,0.516,0.293,0.322,0.582,0.351,0.56,0.937,0.698,0.654,0.946,0.73,0.094,0.075,0.065,-2.246,-3.612,0.316,-0.81,0.426,-0.02,-1.584,-2.548,-0.022,-1.005,0.134,-0.214,0.648,-1.66,-0.064,-2.919,1.022,1.12,1.285,-0.06,0.573,-0.916,1.502,1.646,-1.392,-2.758,1.17,0.044,1.28,0.834,-0.033,-0.765,0.203,0.025,-0.097,-2.223,1.547,1.816,0.867,0.108,2.275,2.67,1.659,0.676,1.815,1.467,0.679,-0.053,0.915,0.738,2.404,2.574,3.534,3.785,0.407,0.505,-0.015,0.254,-0.158,0.012
2019-08-14,CTD3,4181698,695238,0.014648698,0.019985272,0.026330674,0.010547434,0.0073147034,0.0020255982,0.0020152377,0.00082055194,0.014568358,0.020071037,0.026168901,0.0105847055,0.007549696,0.0019252201,0.080327325,-8.000000000000001e-45,1.686,-0.154,18.229,-0.285,30.287,0.163,-26.544,0.334,-68.445,-0.137,12.058,0.309,-44.773,0.464,-86.674,0.428,-56.831,0.565,-98.732,0.181,-41.901,0.48,0.192,0.133,0.605,0.319,0.222,-0.53,-0.699,-0.194,-1.368,-1.802,-0.722,0.177,0.127,0.088,-0.656,-1.179,-0.328,-1.27,-2.282,-0.914,-0.833,-1.136,-0.416,-1.446,-1.973,-1.041,-0.614,-0.837,-1.103,-0.145,-0.159,-0.299,-0.383,-0.428,-0.654,0.089,0.15,0.122,0.158,0.24,0.199,-0.252,-0.289,-0.355,0.23,0.43,0.281,0.309,0.503,0.344,0.456,0.719,0.578,0.549,0.755,0.623,0.093,0.079,0.07,-1.763,-2.867,0.332,-0.709,0.455,0.039,-1.338,-2.176,0.029,-0.886,0.19,-0.137,0.63,-1.343,0.071,-2.211,1.023,1.111,1.244,0.108,0.685,-0.494,1.475,1.602,-1.132,-2.235,0.964,-0.078,1.087,0.671,0.039,-0.683,0.26,0.066,0.097,-1.705,1.395,1.617,0.935,0.236,2.012,2.332,1.27,0.356,1.431,1.104,0.597,-0.124,0.818,0.624,1.997,2.13,2.88,3.072,0.354,0.442,0.028,0.25,-0.099,0.035,-0.159,18.819,-0.285,30.429,0.158,-25.834,0.317,-63.814,-0.132,11.61,0.309,-44.653,0.453,-82.633,0.424,-56.263,0.552,-94.242,0.167,-37.98,0.492,0.199,0.142,0.611,0.322,0.23,-0.519,-0.676,-0.195,-1.281,-1.67,-0.675,0.169,0.123,0.088,-0.651,-1.169,-0.337,-1.204,-2.162,-0.875,-0.82,-1.129,-0.425,-1.373,-1.892,-0.998,-0.553,-0.762,-0.994,-0.15,-0.163,-0.303,-0.378,-0.42,-0.64,0.086,0.144,0.118,0.152,0.229,0.191,-0.242,-0.276,-0.336,0.233,0.429,0.281,0.307,0.498,0.341,0.45,0.705,0.564,0.538,0.74,0.607,0.088,0.075,0.066,-1.746,-2.74,0.321,-0.676,0.437,0.013,-1.34,-2.102,0.029,-0.845,0.181,-0.157,0.609,-1.282,0.073,-2.09,1.0,1.088,1.163,0.033,0.626,-0.543,1.402,1.525,-1.095,-2.089,0.973,-0.024,1.089,0.664,0.04,-0.635,0.249,0.054,0.1,-1.57,1.378,1.608,0.862,0.186,1.932,2.254,1.269,0.394,1.42,1.083,0.577,-0.098,0.786,0.591,1.954,2.096,2.74,2.939,0.35,0.438,0.009,0.239,-0.114,0.028
2019-08-14,CTD4,4180266,698264,0.0137013225,0.020663941,0.027519405,0.008548754,0.0053463606,0.0013761177,0.001403567,0.000563511,0.013724128,0.020760143,0.027472232,0.008789488,0.005708777,0.0013123739,0.016221035,-8.000000000000001e-45,1.982,-0.203,24.592,-0.335,36.648,0.232,-43.99,0.439,-114.057,-0.142,12.055,0.415,-68.583,0.589,-138.65,0.526,-80.638,0.675,-150.705,0.23,-70.067,0.677,0.21,0.131,0.757,0.313,0.196,-0.909,-1.211,-0.235,-2.357,-3.139,-0.975,0.165,0.103,0.064,-0.94,-1.887,-0.367,-1.9,-3.816,-1.185,-1.105,-1.666,-0.431,-2.065,-3.114,-1.288,-0.96,-1.448,-1.928,-0.193,-0.212,-0.501,-0.473,-0.531,-0.994,0.107,0.198,0.157,0.173,0.286,0.232,-0.308,-0.36,-0.493,0.294,0.636,0.369,0.372,0.688,0.425,0.552,0.996,0.729,0.645,0.997,0.759,0.093,0.078,0.066,-2.556,-4.484,0.352,-0.936,0.469,0.038,-1.919,-3.367,0.084,-1.101,0.239,-0.128,0.852,-2.262,0.271,-3.545,1.344,1.408,1.812,0.146,1.231,-0.656,2.149,2.252,-1.711,-3.639,1.198,-0.091,1.314,0.883,0.127,-0.848,0.361,0.125,0.409,-2.73,2.027,2.223,1.857,0.646,3.241,3.554,1.595,0.41,1.75,1.383,0.708,-0.267,0.942,0.706,2.829,2.96,4.523,4.734,0.365,0.43,0.023,0.219,-0.08,0.052,-0.204,24.695,-0.334,36.464,0.219,-40.908,0.412,-102.304,-0.139,11.769,0.405,-65.603,0.569,-127.0,0.515,-77.372,0.656,-138.768,0.212,-61.397,0.678,0.217,0.141,0.757,0.32,0.208,-0.849,-1.124,-0.234,-2.124,-2.811,-0.899,0.162,0.103,0.067,-0.9,-1.802,-0.375,-1.743,-3.489,-1.116,-1.062,-1.606,-0.442,-1.904,-2.881,-1.22,-0.843,-1.275,-1.687,-0.194,-0.212,-0.485,-0.465,-0.519,-0.948,0.102,0.186,0.149,0.166,0.271,0.221,-0.298,-0.345,-0.463,0.291,0.616,0.361,0.365,0.669,0.415,0.542,0.961,0.706,0.631,0.967,0.737,0.089,0.075,0.064,-2.464,-4.151,0.341,-0.879,0.453,0.012,-1.862,-3.137,0.076,-1.04,0.225,-0.15,0.806,-2.075,0.238,-3.251,1.286,1.354,1.648,0.042,1.081,-0.722,1.981,2.084,-1.613,-3.3,1.193,-0.027,1.305,0.863,0.115,-0.784,0.34,0.106,0.36,-2.45,1.946,2.154,1.635,0.511,2.996,3.317,1.578,0.462,1.727,1.352,0.683,-0.216,0.907,0.674,2.71,2.851,4.172,4.389,0.365,0.433,0.007,0.216,-0.096,0.045
2019-08-14,CTD6,4176009,695829,0.011397918,0.016715128,0.024942826,0.010609095,0.0076069203,0.0020873062,0.002030289,0.0008386181,0.011362526,0.016747354,0.024869818,0.010661883,0.0077776383,0.0020176808,0.12021015,-8.000000000000001e-45,1.164,-0.189,27.909,-0.373,47.644,0.036,-6.523,0.199,-43.724,-0.198,19.734,0.223,-34.433,0.374,-71.633,0.403,-54.167,0.533,-91.368,0.165,-37.2,0.696,0.296,0.212,0.796,0.505,0.362,-0.109,-0.163,-0.05,-0.731,-1.091,-0.464,0.225,0.209,0.15,-0.392,-0.859,-0.262,-0.816,-1.787,-0.76,-0.617,-0.905,-0.412,-1.041,-1.527,-0.969,-0.424,-0.622,-0.928,-0.15,-0.163,-0.292,-0.496,-0.557,-0.744,0.019,0.032,0.024,0.091,0.139,0.107,-0.374,-0.433,-0.452,0.168,0.321,0.188,0.251,0.414,0.256,0.51,0.754,0.589,0.617,0.788,0.634,0.107,0.083,0.072,-1.669,-2.597,0.257,-0.713,0.377,-0.035,-1.119,-1.74,-0.178,-0.938,0.002,-0.26,0.404,-1.123,-0.418,-2.205,0.619,0.769,0.828,-0.077,0.006,-0.853,0.864,1.073,-0.885,-1.812,1.041,0.072,1.162,0.749,-0.261,-0.725,0.003,-0.047,-0.613,-1.703,0.908,1.271,0.009,-0.154,1.267,1.772,1.554,0.794,1.733,1.471,0.561,0.098,0.825,0.775,1.684,1.896,2.348,2.644,0.476,0.626,-0.033,0.33,-0.242,-0.03,-0.192,28.298,-0.373,47.799,0.032,-5.783,0.187,-40.565,-0.195,19.502,0.222,-34.081,0.366,-68.863,0.4,-53.583,0.524,-88.364,0.156,-34.782,0.704,0.302,0.22,0.801,0.51,0.372,-0.097,-0.144,-0.045,-0.679,-1.009,-0.433,0.222,0.208,0.152,-0.387,-0.848,-0.265,-0.782,-1.713,-0.734,-0.609,-0.897,-0.417,-1.004,-1.48,-0.942,-0.395,-0.583,-0.865,-0.152,-0.165,-0.292,-0.493,-0.551,-0.733,0.017,0.029,0.021,0.086,0.131,0.101,-0.369,-0.424,-0.44,0.168,0.318,0.186,0.248,0.407,0.252,0.505,0.742,0.579,0.608,0.776,0.624,0.103,0.08,0.069,-1.654,-2.519,0.25,-0.692,0.366,-0.051,-1.114,-1.696,-0.18,-0.914,-0.008,-0.273,0.392,-1.088,-0.419,-2.132,0.601,0.753,0.788,-0.11,-0.024,-0.872,0.824,1.032,-0.859,-1.724,1.045,0.103,1.161,0.744,-0.265,-0.697,-0.011,-0.056,-0.618,-1.627,0.886,1.258,-0.035,-0.179,1.215,1.725,1.552,0.818,1.724,1.459,0.547,0.114,0.801,0.756,1.648,1.868,2.259,2.561,0.474,0.626,-0.048,0.324,-0.256,-0.036
2019-08-14,CTD7,4176724,690397,0.020935783,0.030554516,0.042530593,0.013726995,0.009757172,0.0024050744,0.002368256,0.00093428686,0.020812238,0.030509636,0.042761493,0.014027542,0.009610126,0.00230562,0.1532705,-8.000000000000001e-45,0.791,-0.187,15.037,-0.34,24.253,0.208,-25.084,0.364,-54.724,-0.164,9.216,0.38,-40.121,0.516,-69.76,0.512,-49.337,0.627,-78.976,0.169,-29.64,0.64,0.206,0.147,0.741,0.333,0.237,-0.766,-1.067,-0.245,-1.672,-2.327,-0.751,0.193,0.127,0.09,-0.84,-1.706,-0.391,-1.46,-2.967,-0.958,-1.033,-1.507,-0.481,-1.653,-2.413,-1.084,-0.621,-0.906,-1.261,-0.171,-0.184,-0.41,-0.488,-0.536,-0.92,0.099,0.179,0.138,0.153,0.252,0.199,-0.346,-0.39,-0.51,0.265,0.548,0.322,0.328,0.6,0.37,0.559,0.938,0.715,0.636,0.945,0.74,0.077,0.063,0.054,-2.413,-3.674,0.362,-0.722,0.456,-0.026,-1.734,-2.639,0.043,-0.915,0.173,-0.219,0.807,-1.606,0.133,-2.834,1.206,1.296,1.427,-0.08,0.754,-0.953,1.696,1.823,-1.639,-2.899,1.137,0.053,1.23,0.749,0.063,-0.688,0.252,0.008,0.194,-2.133,1.76,1.996,1.1,0.033,2.476,2.809,1.582,0.625,1.712,1.321,0.736,-0.015,0.926,0.681,2.632,2.779,3.703,3.91,0.336,0.426,-0.017,0.22,-0.143,0.003,-0.189,15.272,-0.345,24.663,0.195,-23.24,0.368,-56.008,-0.167,9.391,0.37,-38.512,0.521,-71.28,0.506,-47.903,0.633,-80.671,0.187,-32.769,0.653,0.214,0.147,0.752,0.346,0.237,-0.709,-0.994,-0.223,-1.709,-2.395,-0.786,0.195,0.132,0.09,-0.802,-1.647,-0.37,-1.484,-3.048,-1.0,-0.997,-1.461,-0.46,-1.679,-2.461,-1.132,-0.682,-1.0,-1.401,-0.171,-0.185,-0.41,-0.493,-0.547,-0.929,0.093,0.169,0.13,0.153,0.252,0.197,-0.352,-0.403,-0.518,0.259,0.542,0.315,0.329,0.6,0.368,0.56,0.945,0.716,0.646,0.952,0.744,0.086,0.069,0.06,-2.366,-3.767,0.354,-0.778,0.457,-0.003,-1.688,-2.688,0.027,-0.973,0.172,-0.198,0.77,-1.691,0.082,-2.966,1.169,1.259,1.452,-0.009,0.764,-0.883,1.706,1.838,-1.582,-2.984,1.138,0.006,1.241,0.781,0.039,-0.746,0.252,0.028,0.12,-2.275,1.713,1.95,1.12,0.126,2.501,2.847,1.595,0.595,1.74,1.37,0.728,-0.058,0.94,0.716,2.587,2.733,3.776,3.99,0.359,0.449,-0.002,0.235,-0.134,0.013
2019-08-14,CTD8,4174178,693048,0.017936455,0.029319646,0.04509772,0.015863743,0.010311712,0.002544369,0.0025162809,0.0010070264,0.01790976,0.029485276,0.045177907,0.016154278,0.010690773,0.002398344,0.04741103,-8.000000000000001e-45,1.074,-0.241,21.646,-0.431,33.578,0.061,-7.284,0.27,-41.225,-0.212,11.933,0.298,-28.93,0.48,-62.87,0.48,-40.863,0.628,-74.803,0.212,-33.94,0.976,0.343,0.223,0.985,0.533,0.346,-0.214,-0.329,-0.075,-1.209,-1.859,-0.654,0.214,0.189,0.123,-0.519,-1.305,-0.298,-1.128,-2.835,-0.997,-0.733,-1.198,-0.421,-1.342,-2.193,-1.187,-0.609,-0.995,-1.531,-0.187,-0.205,-0.435,-0.601,-0.685,-1.038,0.028,0.052,0.037,0.102,0.169,0.125,-0.467,-0.559,-0.603,0.213,0.476,0.243,0.302,0.562,0.312,0.619,1.035,0.738,0.736,1.029,0.77,0.117,0.088,0.075,-2.231,-3.762,0.26,-0.927,0.383,-0.038,-1.45,-2.446,-0.143,-1.141,0.046,-0.252,0.481,-1.713,-0.407,-3.243,0.779,0.902,1.089,-0.109,0.201,-1.103,1.198,1.388,-1.208,-2.739,1.283,0.096,1.406,0.985,-0.234,-0.888,0.075,0.0,-0.666,-2.525,1.273,1.62,0.329,0.001,1.959,2.492,1.973,0.976,2.163,1.864,0.654,-0.0,0.963,0.888,2.268,2.491,3.489,3.832,0.533,0.656,-0.034,0.312,-0.223,0.0,-0.244,21.92,-0.432,33.701,0.052,-6.068,0.252,-37.703,-0.21,11.781,0.292,-27.988,0.468,-59.623,0.473,-39.768,0.617,-71.404,0.204,-31.635,0.99,0.354,0.234,0.994,0.544,0.36,-0.179,-0.274,-0.065,-1.112,-1.703,-0.609,0.211,0.19,0.126,-0.501,-1.264,-0.299,-1.068,-2.694,-0.963,-0.712,-1.173,-0.425,-1.279,-2.105,-1.153,-0.567,-0.933,-1.429,-0.189,-0.207,-0.431,-0.597,-0.679,-1.016,0.024,0.044,0.031,0.097,0.158,0.118,-0.461,-0.549,-0.585,0.211,0.466,0.239,0.298,0.552,0.306,0.612,1.015,0.722,0.728,1.012,0.756,0.115,0.087,0.073,-2.189,-3.618,0.25,-0.904,0.371,-0.054,-1.429,-2.362,-0.151,-1.115,0.034,-0.265,0.456,-1.649,-0.424,-3.117,0.746,0.872,1.023,-0.15,0.143,-1.121,1.127,1.318,-1.15,-2.58,1.289,0.135,1.41,0.985,-0.249,-0.858,0.056,-0.009,-0.697,-2.401,1.228,1.589,0.235,-0.039,1.856,2.4,1.975,1.011,2.16,1.861,0.63,0.021,0.935,0.87,2.2,2.434,3.324,3.678,0.539,0.665,-0.049,0.311,-0.239,-0.005
2019-08-14,CTD10,4170388,695646,0.015465322,0.022424042,0.03019288,0.010463251,0.006971761,0.0018226417,0.0018516962,0.0007400515,0.015411931,0.022503108,0.03015083,0.010648428,0.007225878,0.0017371887,0.06337504,-8.000000000000001e-45,1.234,-0.184,20.066,-0.323,31.54,0.193,-30.912,0.379,-78.775,-0.148,11.475,0.364,-50.978,0.526,-98.841,0.485,-62.452,0.625,-110.315,0.2,-47.863,0.606,0.21,0.14,0.707,0.33,0.22,-0.693,-0.933,-0.216,-1.766,-2.378,-0.824,0.177,0.12,0.08,-0.788,-1.539,-0.355,-1.529,-2.984,-1.034,-0.966,-1.4,-0.435,-1.706,-2.474,-1.154,-0.74,-1.073,-1.445,-0.171,-0.187,-0.399,-0.448,-0.501,-0.845,0.095,0.17,0.135,0.161,0.258,0.209,-0.3,-0.346,-0.446,0.262,0.533,0.322,0.338,0.596,0.38,0.521,0.879,0.671,0.613,0.896,0.706,0.092,0.076,0.066,-2.196,-3.641,0.343,-0.811,0.459,0.023,-1.631,-2.704,0.046,-0.989,0.201,-0.154,0.735,-1.738,0.132,-2.853,1.167,1.247,1.476,0.075,0.872,-0.667,1.752,1.872,-1.436,-2.881,1.103,-0.051,1.219,0.784,0.066,-0.758,0.292,0.076,0.191,-2.188,1.692,1.912,1.264,0.331,2.54,2.87,1.486,0.451,1.641,1.286,0.67,-0.154,0.896,0.68,2.435,2.575,3.654,3.864,0.366,0.446,0.016,0.236,-0.104,0.036,-0.187,20.446,-0.323,31.718,0.183,-29.026,0.362,-73.507,-0.145,11.272,0.358,-49.472,0.514,-93.953,0.478,-60.744,0.613,-105.225,0.191,-44.481,0.616,0.218,0.148,0.714,0.338,0.229,-0.653,-0.875,-0.21,-1.654,-2.216,-0.783,0.174,0.12,0.081,-0.762,-1.492,-0.357,-1.448,-2.833,-1.0,-0.936,-1.367,-0.439,-1.622,-2.368,-1.12,-0.686,-1.001,-1.341,-0.174,-0.19,-0.397,-0.445,-0.496,-0.825,0.09,0.16,0.127,0.155,0.247,0.201,-0.293,-0.338,-0.428,0.26,0.524,0.317,0.335,0.586,0.374,0.514,0.861,0.656,0.605,0.88,0.692,0.09,0.075,0.065,-2.147,-3.488,0.332,-0.789,0.445,0.006,-1.602,-2.603,0.038,-0.962,0.19,-0.167,0.701,-1.667,0.107,-2.725,1.126,1.208,1.387,0.02,0.793,-0.699,1.66,1.78,-1.371,-2.713,1.107,-0.014,1.22,0.782,0.055,-0.727,0.278,0.068,0.157,-2.059,1.644,1.874,1.158,0.283,2.423,2.761,1.483,0.483,1.635,1.278,0.649,-0.134,0.871,0.661,2.363,2.51,3.482,3.699,0.37,0.451,0.004,0.234,-0.116,0.032
2019-08-14,CTD11,4169609,700351,0.009159175,0.0138870245,0.02065739,0.008629402,0.005866604,0.0016035045,0.0015714251,0.00065516983,0.009177738,0.013922818,0.020551952,0.008709388,0.0061531872,0.0015486095,0.049372353,-8.000000000000001e-45,0.644,-0.205,37.17,-0.386,60.771,0.03,-6.703,0.219,-61.276,-0.196,23.601,0.234,-43.873,0.406,-98.447,0.411,-67.474,0.558,-122.048,0.191,-54.573,0.768,0.321,0.218,0.844,0.524,0.357,-0.093,-0.138,-0.039,-0.851,-1.266,-0.529,0.216,0.204,0.138,-0.402,-0.906,-0.257,-0.902,-2.034,-0.85,-0.618,-0.937,-0.396,-1.118,-1.695,-1.053,-0.5,-0.758,-1.127,-0.161,-0.178,-0.326,-0.511,-0.582,-0.793,0.015,0.027,0.02,0.095,0.146,0.112,-0.381,-0.451,-0.467,0.176,0.35,0.198,0.269,0.451,0.274,0.522,0.8,0.609,0.642,0.831,0.657,0.12,0.093,0.08,-1.734,-2.862,0.242,-0.811,0.376,-0.02,-1.166,-1.924,-0.178,-1.028,0.021,-0.236,0.389,-1.306,-0.426,-2.46,0.639,0.777,0.889,-0.048,0.074,-0.833,0.94,1.144,-0.878,-2.005,1.098,0.045,1.232,0.836,-0.27,-0.799,0.032,-0.008,-0.646,-1.912,0.969,1.325,0.112,-0.027,1.425,1.949,1.634,0.784,1.833,1.576,0.545,0.017,0.847,0.808,1.753,1.971,2.579,2.9,0.52,0.658,-0.019,0.337,-0.223,-0.005,-0.205,37.135,-0.383,60.302,0.026,-5.859,0.197,-53.558,-0.192,23.167,0.23,-42.994,0.387,-90.693,0.405,-66.161,0.539,-113.86,0.172,-47.699,0.763,0.323,0.228,0.84,0.525,0.371,-0.082,-0.12,-0.036,-0.746,-1.101,-0.466,0.213,0.202,0.143,-0.395,-0.884,-0.265,-0.832,-1.864,-0.79,-0.607,-0.921,-0.407,-1.045,-1.585,-0.992,-0.438,-0.664,-0.98,-0.162,-0.178,-0.319,-0.503,-0.567,-0.765,0.014,0.023,0.018,0.088,0.134,0.103,-0.371,-0.432,-0.446,0.175,0.34,0.195,0.261,0.434,0.266,0.513,0.772,0.59,0.623,0.805,0.636,0.111,0.086,0.074,-1.701,-2.681,0.235,-0.756,0.36,-0.047,-1.152,-1.816,-0.179,-0.969,0.005,-0.26,0.376,-1.209,-0.422,-2.286,0.612,0.754,0.814,-0.107,0.015,-0.868,0.866,1.068,-0.843,-1.823,1.093,0.102,1.218,0.811,-0.272,-0.738,0.007,-0.029,-0.641,-1.741,0.928,1.299,0.023,-0.097,1.314,1.839,1.614,0.824,1.797,1.533,0.527,0.061,0.806,0.77,1.689,1.918,2.391,2.715,0.507,0.65,-0.045,0.326,-0.247,-0.018
2019-08-14,CTD12,4173438,695414,0.009525127,0.014814983,0.022056276,0.0065681906,0.0045336946,0.0011177298,0.0011088634,0.0004456448,0.009545347,0.014776288,0.022090867,0.006773168,0.004609818,0.0011159632,0.1254305,-8.000000000000001e-45,1.097,-0.217,37.486,-0.397,59.647,0.184,-47.263,0.355,-115.585,-0.196,22.161,0.386,-84.75,0.531,-153.071,0.541,-106.91,0.659,-175.232,0.183,-68.322,0.827,0.246,0.17,0.884,0.392,0.27,-0.7,-1.042,-0.214,-1.712,-2.549,-0.759,0.211,0.146,0.1,-0.807,-1.869,-0.384,-1.458,-3.376,-1.005,-1.018,-1.584,-0.485,-1.669,-2.596,-1.151,-0.651,-1.012,-1.507,-0.185,-0.199,-0.476,-0.586,-0.648,-1.129,0.08,0.153,0.111,0.135,0.233,0.174,-0.45,-0.515,-0.652,0.261,0.587,0.31,0.326,0.639,0.359,0.636,1.102,0.8,0.72,1.089,0.819,0.084,0.064,0.055,-2.715,-4.222,0.345,-0.806,0.437,-0.047,-1.824,-2.836,-0.011,-1.017,0.126,-0.258,0.779,-1.818,-0.039,-3.415,1.144,1.245,1.429,-0.155,0.612,-1.257,1.658,1.803,-1.803,-3.31,1.258,0.107,1.35,0.865,-0.018,-0.777,0.196,-0.019,-0.06,-2.609,1.78,2.05,0.952,-0.09,2.578,2.97,1.872,0.867,2.01,1.625,0.799,0.04,1.013,0.799,2.882,3.052,4.175,4.422,0.384,0.484,-0.033,0.238,-0.178,-0.008,-0.215,37.087,-0.397,59.496,0.17,-42.878,0.349,-112.165,-0.198,22.408,0.371,-79.965,0.524,-149.252,0.531,-102.374,0.655,-171.661,0.19,-69.287,0.819,0.251,0.171,0.879,0.403,0.274,-0.634,-0.947,-0.198,-1.657,-2.478,-0.76,0.214,0.152,0.103,-0.763,-1.767,-0.369,-1.425,-3.297,-1.011,-0.977,-1.513,-0.472,-1.639,-2.537,-1.163,-0.661,-1.024,-1.531,-0.181,-0.196,-0.46,-0.582,-0.647,-1.102,0.075,0.143,0.104,0.134,0.229,0.171,-0.448,-0.517,-0.643,0.253,0.565,0.3,0.321,0.623,0.352,0.63,1.082,0.79,0.719,1.071,0.811,0.089,0.068,0.059,-2.616,-4.146,0.339,-0.823,0.437,-0.035,-1.749,-2.773,-0.026,-1.037,0.12,-0.249,0.74,-1.796,-0.086,-3.383,1.097,1.201,1.402,-0.111,0.576,-1.191,1.612,1.764,-1.714,-3.244,1.241,0.079,1.339,0.867,-0.041,-0.8,0.186,-0.012,-0.133,-2.611,1.699,1.973,0.891,-0.056,2.496,2.899,1.856,0.845,2.002,1.634,0.785,0.026,1.012,0.814,2.779,2.95,4.083,4.334,0.398,0.501,-0.025,0.25,-0.176,-0.005
2019-09-18,CTD1,4187246,695025,0.014415671,0.019321518,0.034506224,0.018599821,0.026958877,0.007931771,0.007934335,0.0030022308,0.014202827,0.018519768,0.035217877,0.020216815,0.021989232,0.008478757,1.5620084,-2e-44,13.386,-0.145,17.613,-0.411,40.389,-0.127,15.605,-0.303,32.275,-0.282,22.775,0.019,-2.008,-0.165,14.662,0.3,-24.784,0.123,-8.113,-0.183,16.67,0.608,0.328,0.475,0.78,0.751,1.089,0.302,0.538,0.421,0.624,1.114,0.6,0.328,0.424,0.614,-0.029,-0.069,-0.054,0.211,0.506,0.273,-0.357,-0.479,-0.668,-0.117,-0.157,-0.151,0.24,0.322,0.575,-0.092,-0.08,-0.108,-0.53,-0.434,-0.441,-0.078,-0.09,-0.068,-0.233,-0.331,-0.236,-0.46,-0.367,-0.333,0.015,0.017,0.012,-0.156,-0.231,-0.144,0.471,0.384,0.344,0.224,0.229,0.199,-0.248,-0.171,-0.155,-1.109,-0.534,0.207,0.056,-0.035,-0.703,-0.621,-0.299,-0.545,-0.272,-0.978,-1.032,0.215,0.058,-1.011,-0.505,-0.62,-0.006,-0.025,-0.504,-1.251,-1.32,-0.428,-0.004,-0.515,0.06,0.801,0.65,0.559,-0.109,-0.73,-0.13,-1.31,-0.889,-1.355,-0.241,-0.831,0.258,-1.677,-1.138,-0.574,0.178,1.431,1.704,0.998,0.944,0.496,1.096,-0.084,0.336,-0.015,0.46,-0.01,0.317,-0.105,0.509,-0.907,0.181,-1.331,-0.856,-0.132,16.412,-0.425,42.014,-0.175,20.945,-0.215,24.932,-0.311,25.602,-0.044,4.533,-0.086,8.52,0.271,-21.069,0.231,-17.082,-0.042,3.987,0.578,0.332,0.361,0.778,0.849,0.924,0.388,0.738,0.461,0.462,0.878,0.504,0.364,0.518,0.563,0.064,0.16,0.1,0.121,0.3,0.172,-0.299,-0.39,-0.463,-0.243,-0.316,-0.345,0.057,0.074,0.14,-0.078,-0.075,-0.102,-0.543,-0.519,-0.498,-0.112,-0.148,-0.105,-0.145,-0.201,-0.14,-0.485,-0.461,-0.396,-0.034,-0.047,-0.03,-0.07,-0.101,-0.063,0.458,0.414,0.37,0.404,0.384,0.342,-0.054,-0.036,-0.033,-0.975,-0.835,0.193,-0.152,0.143,-0.321,-0.513,-0.439,-0.688,-0.516,-0.784,-0.684,0.177,-0.14,-1.199,-0.899,-0.485,0.078,0.12,-0.27,-1.256,-1.096,-0.446,0.072,-0.438,-0.298,0.73,0.385,0.68,0.216,-0.898,-0.394,-1.022,-0.562,-1.564,-0.686,-0.632,0.292,-1.637,-0.9,-0.581,0.268,1.388,1.56,1.292,1.392,0.478,0.982,0.353,0.814,0.194,0.555,0.178,0.51,0.236,0.799,-0.457,0.467,-0.974,-0.613
2019-09-18,CTD2,4181518,693105,0.017579947,0.024106119,0.04291438,0.022127807,0.028999686,0.008338618,0.008277304,0.0031410062,0.01723499,0.023379844,0.04390212,0.023763089,0.024386447,0.008864306,1.2351378,-2e-44,16.453,-0.157,15.4,-0.419,33.581,-0.115,11.691,-0.245,22.4,-0.281,18.181,0.043,-3.709,-0.092,7.0,0.32,-21.89,0.193,-11.181,-0.134,10.709,0.661,0.341,0.447,0.81,0.743,0.974,0.282,0.502,0.339,0.54,0.961,0.496,0.32,0.402,0.527,-0.065,-0.159,-0.108,0.123,0.3,0.155,-0.385,-0.528,-0.635,-0.197,-0.27,-0.247,0.188,0.258,0.46,-0.1,-0.091,-0.128,-0.548,-0.477,-0.496,-0.068,-0.086,-0.063,-0.17,-0.247,-0.176,-0.474,-0.404,-0.368,0.033,0.042,0.028,-0.081,-0.123,-0.075,0.499,0.446,0.391,0.334,0.35,0.301,-0.165,-0.114,-0.103,-1.21,-0.751,0.214,-0.034,0.054,-0.581,-0.68,-0.422,-0.508,-0.353,-0.793,-0.901,0.233,-0.037,-0.986,-0.685,-0.409,0.119,0.044,-0.483,-1.174,-1.333,-0.312,0.091,-0.568,-0.109,0.856,0.608,0.695,0.061,-0.697,-0.201,-1.088,-0.749,-1.352,-0.39,-0.56,0.414,-1.61,-1.108,-0.427,0.316,1.523,1.678,1.238,1.131,0.522,1.017,0.131,0.47,0.29,0.736,0.221,0.562,0.056,0.583,-0.732,0.242,-1.134,-0.687,-0.151,15.25,-0.436,35.244,-0.159,15.939,-0.172,17.015,-0.305,19.994,-0.008,0.69,-0.021,1.766,0.298,-19.304,0.286,-18.228,-0.013,1.076,0.669,0.362,0.372,0.824,0.837,0.859,0.373,0.7,0.389,0.398,0.747,0.404,0.345,0.475,0.488,0.012,0.03,0.017,0.03,0.078,0.042,-0.333,-0.451,-0.471,-0.314,-0.426,-0.433,0.019,0.025,0.047,-0.091,-0.09,-0.128,-0.566,-0.558,-0.554,-0.097,-0.137,-0.096,-0.106,-0.152,-0.106,-0.501,-0.493,-0.426,-0.006,-0.009,-0.006,-0.016,-0.025,-0.015,0.496,0.484,0.422,0.481,0.476,0.414,-0.015,-0.01,-0.009,-1.11,-1.063,0.196,-0.237,0.182,-0.289,-0.591,-0.566,-0.624,-0.582,-0.65,-0.634,0.193,-0.233,-1.152,-1.075,-0.318,0.17,0.174,-0.277,-1.171,-1.141,-0.31,0.165,-0.491,-0.444,0.815,0.382,0.801,0.33,-0.846,-0.442,-0.882,-0.494,-1.563,-0.816,-0.431,0.428,-1.589,-0.889,-0.42,0.417,1.531,1.573,1.504,1.521,0.499,0.903,0.463,0.852,0.433,0.804,0.421,0.784,0.336,0.823,-0.399,0.461,-0.874,-0.502
2019-09-18,CTD3,4181698,695238,0.0076859235,0.012766057,0.023835285,0.023076564,0.01710266,0.004776942,0.004994436,0.0021689935,0.0077132056,0.0129219545,0.02384064,0.022571942,0.017611666,0.004797881,0.002178073,-2e-44,14.851,-0.248,51.775,-0.512,88.153,-0.5,86.774,-0.38,71.638,-0.302,36.378,-0.288,34.999,-0.145,19.862,0.016,-1.379,0.164,-16.516,0.149,-15.136,1.234,1.195,0.885,1.125,2.034,1.508,1.108,2.068,1.484,0.915,1.708,1.653,0.28,0.839,0.622,0.269,0.834,0.599,0.153,0.473,0.458,-0.011,-0.018,-0.024,-0.127,-0.211,-0.381,-0.116,-0.193,-0.361,-0.108,-0.124,-0.126,-0.451,-0.541,-0.402,-0.42,-0.515,-0.376,-0.257,-0.263,-0.201,-0.36,-0.447,-0.275,-0.327,-0.416,-0.252,-0.138,-0.141,-0.092,0.037,0.031,0.025,0.329,0.219,0.188,0.292,0.19,0.163,-0.431,-0.792,-0.366,-0.747,-0.115,-0.139,-0.231,-0.424,-1.485,-1.027,-1.017,-0.419,-0.203,-0.413,-1.534,-1.061,-1.007,-0.384,-0.086,-0.104,-1.418,-0.583,-1.358,-0.519,0.628,0.267,0.693,0.312,0.943,0.92,-2.467,-0.814,-1.69,-0.206,-2.548,-0.84,-1.672,-0.164,-2.355,-0.286,-2.256,-0.222,1.294,1.752,1.761,2.36,-1.135,0.518,-0.358,1.126,-1.192,-0.307,-1.609,-0.414,1.663,2.285,-0.418,1.09,-1.257,-0.372,-0.252,52.26,-0.511,87.703,-0.491,85.345,-0.391,72.867,-0.297,35.442,-0.272,33.085,-0.154,20.607,0.027,-2.358,0.15,-14.835,0.123,-12.478,1.246,1.18,0.92,1.133,1.98,1.545,1.103,2.035,1.503,0.942,1.737,1.645,0.273,0.8,0.624,0.255,0.789,0.583,0.159,0.491,0.465,-0.018,-0.03,-0.042,-0.114,-0.192,-0.335,-0.096,-0.161,-0.297,-0.112,-0.126,-0.13,-0.454,-0.528,-0.401,-0.404,-0.487,-0.358,-0.269,-0.279,-0.213,-0.361,-0.431,-0.272,-0.306,-0.381,-0.233,-0.149,-0.155,-0.101,0.061,0.05,0.042,0.302,0.206,0.175,0.24,0.157,0.135,-0.459,-0.757,-0.35,-0.685,-0.142,-0.183,-0.249,-0.41,-1.423,-0.958,-1.039,-0.457,-0.2,-0.392,-1.503,-1.012,-1.021,-0.397,-0.104,-0.135,-1.407,-0.618,-1.309,-0.509,0.619,0.322,0.729,0.394,0.937,0.895,-2.384,-0.74,-1.741,-0.238,-2.518,-0.781,-1.711,-0.166,-2.357,-0.322,-2.193,-0.213,1.344,1.809,1.728,2.311,-1.081,0.563,-0.438,1.065,-1.227,-0.307,-1.573,-0.393,1.563,2.188,-0.537,1.008,-1.337,-0.416
2019-09-18,CTD4,4180266,698264,0.009499608,0.012577924,0.02279717,0.0124066705,0.019716056,0.005366967,0.0052880025,0.0020001752,0.009498755,0.011962489,0.023235664,0.0135718575,0.0150631815,0.0059092143,1.8529724,-2e-44,14.472,-0.139,25.763,-0.412,61.402,-0.133,24.666,-0.35,54.547,-0.289,35.639,0.007,-1.097,-0.221,28.784,0.295,-36.737,0.072,-6.855,-0.228,29.882,0.587,0.32,0.508,0.772,0.762,1.211,0.31,0.562,0.486,0.686,1.244,0.677,0.339,0.442,0.703,-0.01,-0.025,-0.022,0.273,0.656,0.357,-0.349,-0.462,-0.724,-0.065,-0.086,-0.085,0.284,0.376,0.681,-0.087,-0.072,-0.096,-0.532,-0.412,-0.414,-0.082,-0.09,-0.068,-0.289,-0.409,-0.29,-0.466,-0.35,-0.318,0.005,0.006,0.004,-0.221,-0.326,-0.203,0.471,0.356,0.322,0.14,0.141,0.123,-0.331,-0.226,-0.207,-1.082,-0.401,0.211,0.126,-0.11,-0.834,-0.597,-0.221,-0.57,-0.213,-1.151,-1.172,0.214,0.128,-1.047,-0.391,-0.802,-0.099,-0.07,-0.532,-1.331,-1.356,-0.505,-0.062,-0.513,0.168,0.78,0.695,0.459,-0.265,-0.754,-0.078,-1.524,-1.037,-1.386,-0.142,-1.062,0.149,-1.762,-1.2,-0.668,0.094,1.413,1.771,0.832,0.811,0.506,1.183,-0.263,0.223,-0.238,0.27,-0.15,0.17,-0.261,0.441,-1.089,0.122,-1.531,-1.023,-0.115,21.682,-0.42,62.24,-0.177,31.595,-0.227,38.89,-0.32,40.557,-0.063,9.913,-0.115,17.208,0.263,-30.645,0.213,-23.35,-0.052,7.295,0.504,0.294,0.327,0.745,0.845,0.938,0.378,0.734,0.476,0.465,0.904,0.528,0.385,0.55,0.611,0.094,0.23,0.149,0.163,0.4,0.234,-0.291,-0.367,-0.462,-0.222,-0.279,-0.317,0.069,0.087,0.17,-0.067,-0.064,-0.086,-0.538,-0.508,-0.48,-0.116,-0.151,-0.106,-0.158,-0.218,-0.151,-0.489,-0.459,-0.394,-0.049,-0.066,-0.042,-0.095,-0.134,-0.084,0.45,0.393,0.358,0.381,0.354,0.32,-0.069,-0.046,-0.042,-0.918,-0.749,0.21,-0.107,0.146,-0.316,-0.473,-0.385,-0.726,-0.492,-0.85,-0.701,0.185,-0.094,-1.242,-0.843,-0.559,0.052,0.116,-0.251,-1.312,-1.081,-0.504,0.046,-0.453,-0.283,0.675,0.358,0.611,0.149,-0.914,-0.386,-1.071,-0.595,-1.565,-0.661,-0.704,0.233,-1.652,-0.918,-0.635,0.21,1.312,1.545,1.187,1.336,0.514,1.041,0.357,0.832,0.126,0.453,0.114,0.408,0.17,0.781,-0.451,0.486,-1.002,-0.675
2019-09-18,CTD6,4176009,695829,0.011997453,0.015598229,0.0265124,0.014647805,0.021680001,0.00608117,0.005976332,0.002255936,0.01188748,0.014916042,0.0269385,0.015803004,0.017074106,0.0065750857,1.6629896,-2e-44,18.162,-0.13,19.241,-0.377,45.633,-0.099,15.081,-0.288,37.226,-0.259,26.392,0.031,-4.16,-0.163,17.984,0.288,-30.551,0.1,-8.407,-0.194,22.144,0.51,0.282,0.417,0.712,0.668,0.989,0.235,0.4,0.327,0.581,0.987,0.545,0.317,0.387,0.572,-0.05,-0.11,-0.09,0.216,0.477,0.263,-0.367,-0.477,-0.662,-0.101,-0.131,-0.123,0.266,0.345,0.587,-0.087,-0.075,-0.099,-0.48,-0.389,-0.4,-0.063,-0.071,-0.055,-0.23,-0.32,-0.235,-0.41,-0.324,-0.3,0.025,0.028,0.02,-0.158,-0.228,-0.148,0.43,0.352,0.318,0.175,0.181,0.16,-0.255,-0.183,-0.167,-1.041,-0.454,0.217,0.094,-0.049,-0.711,-0.612,-0.267,-0.487,-0.223,-0.937,-1.028,0.231,0.1,-0.881,-0.404,-0.571,0.001,-0.035,-0.511,-1.146,-1.257,-0.386,0.001,-0.51,0.077,0.748,0.624,0.482,-0.18,-0.633,-0.087,-1.219,-0.892,-1.145,-0.158,-0.742,0.247,-1.49,-1.091,-0.501,0.167,1.271,1.534,0.82,0.73,0.479,1.024,-0.107,0.22,0.003,0.42,0.002,0.284,-0.169,0.403,-0.868,0.121,-1.255,-0.837,-0.113,17.08,-0.388,47.001,-0.141,20.843,-0.179,25.554,-0.287,29.92,-0.029,3.763,-0.067,8.474,0.261,-26.158,0.224,-21.447,-0.039,4.711,0.46,0.27,0.292,0.701,0.743,0.802,0.311,0.561,0.356,0.381,0.688,0.404,0.356,0.473,0.511,0.045,0.101,0.064,0.101,0.228,0.134,-0.311,-0.39,-0.447,-0.255,-0.32,-0.339,0.056,0.07,0.127,-0.071,-0.069,-0.092,-0.49,-0.47,-0.458,-0.094,-0.122,-0.089,-0.124,-0.169,-0.121,-0.434,-0.415,-0.366,-0.023,-0.031,-0.02,-0.056,-0.078,-0.05,0.415,0.384,0.348,0.368,0.356,0.321,-0.047,-0.033,-0.03,-0.908,-0.781,0.21,-0.129,0.163,-0.283,-0.503,-0.432,-0.618,-0.484,-0.703,-0.639,0.199,-0.121,-1.054,-0.826,-0.392,0.118,0.143,-0.248,-1.11,-1.008,-0.363,0.11,-0.45,-0.323,0.668,0.329,0.621,0.174,-0.776,-0.372,-0.883,-0.527,-1.322,-0.634,-0.492,0.31,-1.393,-0.831,-0.456,0.287,1.207,1.341,1.121,1.186,0.477,0.88,0.37,0.726,0.268,0.56,0.248,0.518,0.185,0.696,-0.377,0.426,-0.85,-0.558
2019-09-18,CTD7,4176724,690397,0.015360158,0.019924644,0.03360213,0.019054824,0.027479585,0.00867042,0.008603991,0.0032812583,0.015086099,0.019125737,0.034227345,0.020678524,0.023006005,0.009125678,1.6349012,-2e-44,17.27,-0.129,14.914,-0.373,35.343,-0.107,12.623,-0.283,28.713,-0.256,20.429,0.022,-2.291,-0.159,13.798,0.276,-22.72,0.1,-6.631,-0.181,16.089,0.501,0.284,0.41,0.704,0.673,0.971,0.252,0.424,0.347,0.572,0.965,0.547,0.314,0.389,0.561,-0.035,-0.077,-0.063,0.212,0.464,0.263,-0.349,-0.453,-0.624,-0.102,-0.132,-0.126,0.247,0.321,0.541,-0.087,-0.075,-0.098,-0.468,-0.385,-0.392,-0.069,-0.078,-0.06,-0.226,-0.311,-0.23,-0.397,-0.319,-0.294,0.018,0.02,0.014,-0.154,-0.22,-0.143,0.412,0.34,0.307,0.174,0.178,0.157,-0.239,-0.172,-0.157,-0.993,-0.452,0.204,0.077,-0.047,-0.671,-0.589,-0.268,-0.499,-0.236,-0.922,-0.985,0.213,0.081,-0.88,-0.417,-0.573,-0.012,-0.034,-0.487,-1.127,-1.204,-0.397,-0.008,-0.466,0.074,0.73,0.604,0.479,-0.145,-0.648,-0.1,-1.196,-0.849,-1.142,-0.177,-0.743,0.228,-1.463,-1.038,-0.515,0.158,1.231,1.494,0.808,0.745,0.446,0.993,-0.103,0.244,-0.026,0.384,-0.018,0.266,-0.139,0.423,-0.833,0.139,-1.222,-0.812,-0.118,14.001,-0.388,37.07,-0.156,17.927,-0.208,22.819,-0.283,23.069,-0.039,3.926,-0.092,8.819,0.247,-19.143,0.196,-14.251,-0.053,4.892,0.479,0.29,0.322,0.709,0.767,0.853,0.343,0.614,0.412,0.436,0.781,0.472,0.348,0.477,0.531,0.059,0.134,0.09,0.133,0.302,0.182,-0.289,-0.366,-0.44,-0.215,-0.273,-0.295,0.074,0.094,0.167,-0.074,-0.071,-0.092,-0.481,-0.454,-0.438,-0.105,-0.133,-0.098,-0.148,-0.199,-0.144,-0.422,-0.396,-0.346,-0.031,-0.041,-0.027,-0.079,-0.108,-0.071,0.396,0.356,0.322,0.328,0.314,0.282,-0.068,-0.047,-0.044,-0.866,-0.699,0.185,-0.11,0.117,-0.324,-0.484,-0.391,-0.64,-0.458,-0.762,-0.672,0.171,-0.102,-1.06,-0.758,-0.473,0.057,0.097,-0.269,-1.134,-0.999,-0.425,0.052,-0.387,-0.22,0.664,0.369,0.596,0.155,-0.812,-0.34,-0.966,-0.554,-1.344,-0.563,-0.6,0.253,-1.437,-0.824,-0.539,0.227,1.188,1.37,1.066,1.156,0.419,0.891,0.265,0.677,0.13,0.452,0.117,0.407,0.168,0.699,-0.444,0.409,-0.921,-0.599
2019-09-18,CTD8,4174178,693048,0.0125483405,0.016641634,0.028973509,0.016546777,0.023719225,0.0066071437,0.0064926697,0.0024791316,0.012416813,0.015940897,0.029465362,0.017848367,0.018935,0.007132083,1.545764,-2e-44,18.026,-0.14,19.602,-0.396,45.178,-0.137,19.257,-0.308,37.532,-0.27,25.576,0.003,-0.344,-0.175,17.93,0.273,-25.92,0.1,-7.646,-0.178,18.275,0.568,0.324,0.465,0.752,0.748,1.072,0.32,0.558,0.457,0.625,1.087,0.621,0.321,0.423,0.607,-0.004,-0.01,-0.008,0.225,0.52,0.297,-0.325,-0.431,-0.615,-0.096,-0.127,-0.127,0.229,0.304,0.529,-0.09,-0.078,-0.102,-0.495,-0.407,-0.408,-0.088,-0.099,-0.076,-0.245,-0.337,-0.245,-0.424,-0.34,-0.306,0.002,0.003,0.002,-0.17,-0.243,-0.155,0.426,0.343,0.308,0.18,0.181,0.158,-0.246,-0.173,-0.157,-0.997,-0.467,0.183,0.056,-0.065,-0.679,-0.573,-0.269,-0.561,-0.265,-0.992,-1.0,0.184,0.057,-0.983,-0.463,-0.667,-0.06,-0.045,-0.477,-1.212,-1.222,-0.465,-0.042,-0.425,0.105,0.755,0.629,0.508,-0.107,-0.744,-0.123,-1.316,-0.859,-1.303,-0.216,-0.884,0.187,-1.607,-1.049,-0.617,0.131,1.315,1.611,0.884,0.875,0.422,1.043,-0.149,0.308,-0.139,0.326,-0.097,0.227,-0.107,0.5,-0.896,0.176,-1.319,-0.854,-0.124,17.804,-0.407,46.598,-0.179,24.508,-0.208,27.724,-0.298,28.794,-0.056,6.704,-0.086,9.919,0.246,-22.089,0.218,-18.874,-0.03,3.215,0.525,0.318,0.337,0.743,0.832,0.882,0.391,0.722,0.464,0.442,0.817,0.495,0.358,0.514,0.545,0.083,0.198,0.127,0.123,0.292,0.177,-0.274,-0.352,-0.418,-0.234,-0.301,-0.337,0.04,0.051,0.095,-0.074,-0.073,-0.096,-0.505,-0.489,-0.463,-0.12,-0.156,-0.112,-0.144,-0.193,-0.138,-0.447,-0.431,-0.368,-0.046,-0.061,-0.039,-0.071,-0.099,-0.063,0.41,0.371,0.333,0.371,0.348,0.312,-0.038,-0.026,-0.024,-0.872,-0.777,0.173,-0.164,0.136,-0.282,-0.472,-0.42,-0.698,-0.521,-0.766,-0.639,0.155,-0.146,-1.153,-0.86,-0.492,0.053,0.115,-0.237,-1.193,-0.995,-0.464,0.05,-0.367,-0.272,0.678,0.341,0.641,0.223,-0.896,-0.402,-0.984,-0.52,-1.48,-0.663,-0.632,0.251,-1.531,-0.809,-0.596,0.236,1.253,1.43,1.185,1.312,0.411,0.906,0.323,0.788,0.126,0.463,0.119,0.436,0.25,0.795,-0.405,0.477,-0.919,-0.582
2019-09-18,CTD10,4170388,695646,0.011940512,0.015635287,0.026686557,0.014336068,0.019664265,0.0059824875,0.0058528706,0.002274388,0.01182575,0.015056817,0.027051032,0.015156164,0.016330231,0.006303536,1.4396698,-2e-44,14.565,-0.134,19.791,-0.382,46.276,-0.091,13.994,-0.244,32.895,-0.261,26.486,0.043,-5.796,-0.114,13.104,0.301,-32.282,0.152,-13.382,-0.157,18.9,0.528,0.284,0.389,0.724,0.663,0.91,0.219,0.373,0.275,0.514,0.878,0.472,0.316,0.38,0.521,-0.069,-0.155,-0.114,0.156,0.35,0.188,-0.385,-0.505,-0.635,-0.16,-0.209,-0.192,0.226,0.296,0.504,-0.09,-0.08,-0.109,-0.492,-0.418,-0.434,-0.057,-0.068,-0.052,-0.183,-0.258,-0.188,-0.421,-0.35,-0.325,0.034,0.041,0.028,-0.104,-0.153,-0.098,0.448,0.391,0.35,0.255,0.267,0.234,-0.193,-0.138,-0.126,-1.098,-0.593,0.226,0.035,0.027,-0.608,-0.643,-0.348,-0.469,-0.282,-0.81,-0.924,0.247,0.038,-0.874,-0.524,-0.425,0.096,0.021,-0.483,-1.1,-1.254,-0.31,0.07,-0.552,-0.048,0.772,0.58,0.573,-0.062,-0.615,-0.143,-1.061,-0.786,-1.144,-0.266,-0.556,0.354,-1.44,-1.066,-0.406,0.258,1.318,1.506,0.977,0.863,0.506,0.978,0.06,0.335,0.215,0.604,0.156,0.44,-0.057,0.464,-0.73,0.18,-1.11,-0.72,-0.12,18.146,-0.392,47.594,-0.123,18.581,-0.16,23.325,-0.285,29.448,-0.003,0.435,-0.041,5.179,0.282,-29.013,0.247,-24.269,-0.037,4.744,0.491,0.275,0.296,0.717,0.721,0.777,0.28,0.503,0.303,0.351,0.631,0.354,0.348,0.446,0.481,0.005,0.012,0.007,0.061,0.14,0.078,-0.343,-0.437,-0.474,-0.287,-0.365,-0.368,0.056,0.071,0.128,-0.077,-0.074,-0.103,-0.504,-0.485,-0.484,-0.079,-0.106,-0.077,-0.107,-0.149,-0.107,-0.445,-0.426,-0.381,-0.003,-0.004,-0.002,-0.033,-0.047,-0.03,0.442,0.422,0.379,0.399,0.397,0.355,-0.044,-0.03,-0.028,-0.999,-0.871,0.225,-0.143,0.182,-0.292,-0.556,-0.485,-0.569,-0.491,-0.647,-0.64,0.224,-0.142,-1.016,-0.876,-0.304,0.177,0.168,-0.269,-1.072,-1.061,-0.282,0.164,-0.512,-0.383,0.713,0.345,0.67,0.196,-0.725,-0.371,-0.824,-0.521,-1.294,-0.663,-0.387,0.39,-1.365,-0.863,-0.36,0.362,1.281,1.359,1.203,1.21,0.515,0.868,0.416,0.719,0.404,0.7,0.375,0.65,0.197,0.678,-0.374,0.403,-0.821,-0.524
2019-09-18,CTD11,4169609,700351,0.012991829,0.01733238,0.029929806,0.014993452,0.019232595,0.005789724,0.0056886887,0.0022099218,0.012824979,0.016789157,0.030317478,0.01565411,0.016269224,0.0060612736,1.2036073,-8.000000000000001e-45,17.616,-0.143,19.276,-0.395,43.56,-0.072,10.276,-0.194,24.976,-0.267,24.284,0.072,-9.0,-0.052,5.7,0.332,-33.284,0.218,-18.584,-0.124,14.701,0.577,0.289,0.371,0.755,0.653,0.838,0.178,0.308,0.198,0.433,0.748,0.374,0.315,0.364,0.467,-0.117,-0.269,-0.173,0.074,0.171,0.085,-0.432,-0.577,-0.64,-0.241,-0.322,-0.279,0.191,0.255,0.44,-0.097,-0.088,-0.127,-0.524,-0.463,-0.495,-0.042,-0.055,-0.041,-0.132,-0.193,-0.139,-0.45,-0.391,-0.368,0.054,0.073,0.048,-0.044,-0.068,-0.042,0.493,0.464,0.408,0.353,0.382,0.331,-0.14,-0.099,-0.09,-1.247,-0.807,0.249,-0.03,0.107,-0.533,-0.722,-0.467,-0.431,-0.346,-0.676,-0.849,0.287,-0.035,-0.86,-0.69,-0.243,0.224,0.096,-0.48,-1.051,-1.321,-0.19,0.175,-0.662,-0.222,0.833,0.555,0.692,0.051,-0.575,-0.2,-0.901,-0.704,-1.148,-0.4,-0.324,0.513,-1.403,-1.095,-0.253,0.4,1.439,1.524,1.194,1.021,0.573,0.947,0.246,0.444,0.516,0.887,0.402,0.691,0.044,0.511,-0.615,0.222,-0.979,-0.609,-0.134,18.411,-0.405,44.989,-0.099,14.092,-0.118,16.507,-0.287,26.578,0.035,-4.319,0.016,-1.903,0.319,-30.897,0.302,-28.481,-0.019,2.415,0.558,0.288,0.3,0.755,0.704,0.732,0.237,0.427,0.229,0.277,0.5,0.258,0.341,0.416,0.432,-0.055,-0.131,-0.07,-0.024,-0.058,-0.03,-0.396,-0.519,-0.503,-0.365,-0.478,-0.446,0.031,0.041,0.073,-0.086,-0.085,-0.124,-0.539,-0.529,-0.548,-0.06,-0.086,-0.061,-0.073,-0.106,-0.075,-0.475,-0.465,-0.424,0.026,0.039,0.024,0.012,0.018,0.011,0.495,0.504,0.444,0.474,0.493,0.433,-0.021,-0.014,-0.013,-1.173,-1.1,0.248,-0.198,0.227,-0.275,-0.649,-0.609,-0.509,-0.539,-0.546,-0.616,0.265,-0.213,-0.987,-1.044,-0.15,0.283,0.235,-0.284,-1.017,-1.148,-0.144,0.272,-0.628,-0.554,0.793,0.347,0.772,0.27,-0.667,-0.408,-0.715,-0.486,-1.291,-0.791,-0.196,0.536,-1.332,-0.905,-0.189,0.516,1.432,1.402,1.395,1.325,0.585,0.844,0.537,0.766,0.668,0.968,0.643,0.931,0.252,0.684,-0.336,0.396,-0.752,-0.453
2019-09-18,CTD12,4173438,695414,0.018702293,0.023738332,0.037076894,0.019874457,0.023991091,0.0077912444,0.007742386,0.0030151203,0.018220449,0.023228366,0.03769007,0.020667713,0.021351488,0.007965722,1.0529063,-2e-44,17.747,-0.119,11.343,-0.329,26.498,-0.03,3.154,-0.124,11.787,-0.219,15.155,0.089,-8.19,-0.005,0.444,0.302,-23.345,0.214,-14.711,-0.094,8.634,0.421,0.225,0.272,0.629,0.527,0.636,0.075,0.117,0.076,0.28,0.437,0.234,0.283,0.301,0.364,-0.153,-0.304,-0.196,0.008,0.016,0.009,-0.437,-0.554,-0.56,-0.275,-0.349,-0.292,0.161,0.205,0.32,-0.088,-0.082,-0.115,-0.421,-0.385,-0.419,-0.019,-0.025,-0.019,-0.087,-0.121,-0.093,-0.346,-0.312,-0.304,0.069,0.091,0.063,-0.005,-0.007,-0.004,0.405,0.403,0.36,0.308,0.339,0.3,-0.097,-0.074,-0.068,-1.078,-0.758,0.252,-0.041,0.141,-0.419,-0.69,-0.485,-0.333,-0.324,-0.506,-0.703,0.301,-0.048,-0.621,-0.604,-0.07,0.294,0.139,-0.415,-0.782,-1.086,-0.058,0.244,-0.596,-0.276,0.733,0.441,0.622,0.062,-0.422,-0.188,-0.643,-0.567,-0.788,-0.351,-0.088,0.547,-0.993,-0.876,-0.073,0.453,1.145,1.154,0.972,0.775,0.499,0.733,0.279,0.355,0.583,0.855,0.483,0.708,0.052,0.416,-0.446,0.19,-0.747,-0.475,-0.121,11.833,-0.348,28.351,-0.063,6.499,-0.079,8.048,-0.237,16.519,0.058,-5.334,0.042,-3.784,0.292,-21.852,0.277,-20.303,-0.016,1.55,0.446,0.245,0.253,0.659,0.586,0.605,0.151,0.245,0.139,0.187,0.303,0.166,0.301,0.341,0.353,-0.097,-0.201,-0.114,-0.069,-0.143,-0.078,-0.398,-0.508,-0.467,-0.37,-0.472,-0.42,0.028,0.036,0.058,-0.086,-0.085,-0.119,-0.444,-0.437,-0.463,-0.04,-0.055,-0.041,-0.051,-0.071,-0.054,-0.372,-0.365,-0.344,0.046,0.065,0.043,0.034,0.048,0.032,0.411,0.43,0.382,0.394,0.42,0.372,-0.016,-0.012,-0.011,-1.039,-0.981,0.236,-0.184,0.218,-0.249,-0.64,-0.604,-0.406,-0.485,-0.436,-0.55,0.265,-0.206,-0.741,-0.884,-0.038,0.315,0.237,-0.271,-0.769,-0.97,-0.036,0.305,-0.549,-0.49,0.726,0.307,0.708,0.242,-0.518,-0.352,-0.556,-0.417,-0.945,-0.641,-0.048,0.557,-0.981,-0.736,-0.046,0.54,1.179,1.101,1.149,1.035,0.488,0.655,0.451,0.59,0.652,0.904,0.631,0.875,0.215,0.568,-0.282,0.323,-0.623,-0.371
2019-10-03,CTD1,4187246,695025,0.02755627,0.041950926,0.07433337,0.044780936,0.04557592,0.012884445,0.013123087,0.0049436046,0.027465707,0.04161128,0.076634176,0.04645491,0.04338192,0.013732452,0.63988084,-8.000000000000001e-45,3.343,-0.207,12.452,-0.459,22.836,-0.238,13.958,-0.246,14.348,-0.278,10.384,-0.033,1.506,-0.041,1.896,0.248,-8.878,0.24,-8.489,-0.009,0.39,0.926,0.558,0.568,0.958,1.023,1.041,0.586,1.038,0.636,0.602,1.067,0.643,0.286,0.465,0.473,0.042,0.112,0.069,0.052,0.141,0.085,-0.245,-0.372,-0.405,-0.234,-0.356,-0.38,0.011,0.016,0.029,-0.121,-0.12,-0.159,-0.539,-0.534,-0.518,-0.148,-0.197,-0.144,-0.155,-0.208,-0.151,-0.448,-0.443,-0.358,-0.028,-0.039,-0.024,-0.036,-0.05,-0.03,0.425,0.404,0.338,0.414,0.398,0.332,-0.011,-0.008,-0.007,-1.003,-0.974,0.054,-0.326,0.044,-0.361,-0.566,-0.55,-0.697,-0.612,-0.716,-0.647,0.051,-0.305,-1.157,-1.016,-0.471,0.002,0.04,-0.332,-1.167,-1.055,-0.463,0.002,-0.138,-0.109,0.92,0.54,0.909,0.505,-1.061,-0.418,-1.09,-0.453,-1.761,-0.694,-0.717,0.324,-1.777,-0.739,-0.705,0.318,1.63,1.715,1.611,1.68,0.147,0.789,0.118,0.754,0.006,0.574,0.006,0.564,0.539,1.012,-0.586,0.454,-1.051,-0.484,-0.205,12.377,-0.472,23.36,-0.257,14.883,-0.225,13.358,-0.296,10.983,-0.055,2.506,-0.021,0.981,0.245,-8.477,0.277,-10.002,0.034,-1.525,0.949,0.575,0.537,0.972,1.085,1.013,0.619,1.141,0.646,0.556,1.024,0.621,0.302,0.51,0.476,0.069,0.192,0.109,0.027,0.075,0.046,-0.233,-0.353,-0.368,-0.275,-0.416,-0.465,-0.042,-0.063,-0.117,-0.115,-0.118,-0.157,-0.558,-0.578,-0.547,-0.161,-0.223,-0.158,-0.135,-0.181,-0.129,-0.474,-0.494,-0.39,-0.047,-0.068,-0.04,-0.017,-0.024,-0.014,0.437,0.426,0.355,0.481,0.45,0.378,0.044,0.03,0.026,-0.99,-1.106,0.054,-0.411,0.094,-0.274,-0.537,-0.601,-0.758,-0.712,-0.684,-0.575,0.048,-0.368,-1.25,-1.175,-0.451,0.025,0.09,-0.263,-1.209,-1.017,-0.483,0.027,-0.135,-0.251,0.909,0.444,0.949,0.581,-1.148,-0.528,-1.037,-0.391,-1.894,-0.871,-0.684,0.33,-1.831,-0.69,-0.732,0.353,1.674,1.719,1.748,1.856,0.15,0.771,0.262,0.908,0.07,0.607,0.075,0.65,0.649,1.125,-0.463,0.55,-0.973,-0.436
2019-10-03,CTD2,4181518,693105,0.007355871,0.010481987,0.016580706,0.0062583964,0.0052296612,0.0013544065,0.0013706932,0.00054962956,0.007392499,0.010375152,0.016644409,0.0063934918,0.00497878,0.0013948829,0.34258726,-8.000000000000001e-45,2.975,-0.175,40.544,-0.385,75.635,0.081,-23.84,0.169,-55.271,-0.225,35.091,0.252,-64.384,0.334,-95.815,0.452,-99.474,0.52,-130.906,0.09,-31.432,0.672,0.254,0.212,0.793,0.473,0.396,-0.25,-0.395,-0.125,-0.579,-0.916,-0.346,0.258,0.22,0.184,-0.474,-1.068,-0.337,-0.705,-1.589,-0.6,-0.732,-1.043,-0.52,-0.963,-1.372,-0.819,-0.231,-0.329,-0.521,-0.137,-0.143,-0.272,-0.551,-0.587,-0.803,0.041,0.07,0.05,0.079,0.127,0.093,-0.448,-0.485,-0.531,0.176,0.336,0.194,0.219,0.386,0.23,0.579,0.82,0.657,0.636,0.834,0.678,0.058,0.043,0.038,-1.948,-2.469,0.324,-0.495,0.386,-0.134,-1.231,-1.561,-0.153,-0.753,-0.055,-0.392,0.543,-0.829,-0.406,-1.995,0.676,0.86,0.774,-0.268,-0.175,-1.243,0.81,1.029,-1.224,-1.746,1.048,0.228,1.11,0.589,-0.219,-0.565,-0.079,-0.203,-0.579,-1.496,0.964,1.359,-0.25,-0.645,1.154,1.627,1.657,1.057,1.755,1.418,0.731,0.385,0.871,0.746,1.938,2.15,2.32,2.573,0.352,0.535,-0.114,0.282,-0.334,-0.121,-0.168,38.888,-0.385,75.192,0.072,-21.137,0.195,-65.58,-0.232,36.304,0.237,-60.025,0.351,-104.468,0.445,-96.329,0.539,-140.772,0.124,-44.443,0.647,0.249,0.194,0.78,0.481,0.374,-0.219,-0.352,-0.105,-0.68,-1.092,-0.419,0.268,0.232,0.181,-0.444,-0.999,-0.299,-0.772,-1.739,-0.668,-0.712,-0.999,-0.48,-1.041,-1.461,-0.9,-0.329,-0.461,-0.74,-0.129,-0.138,-0.262,-0.552,-0.603,-0.814,0.037,0.065,0.046,0.089,0.144,0.105,-0.455,-0.507,-0.551,0.166,0.322,0.184,0.225,0.391,0.234,0.577,0.829,0.668,0.657,0.846,0.696,0.08,0.059,0.052,-1.891,-2.631,0.328,-0.572,0.413,-0.066,-1.179,-1.64,-0.172,-0.84,-0.036,-0.335,0.533,-0.928,-0.448,-2.187,0.676,0.857,0.861,-0.138,-0.119,-1.119,0.869,1.101,-1.2,-1.94,1.019,0.119,1.104,0.625,-0.242,-0.661,-0.05,-0.155,-0.629,-1.72,0.949,1.324,-0.168,-0.519,1.219,1.7,1.635,0.967,1.772,1.473,0.739,0.32,0.931,0.826,1.93,2.123,2.478,2.727,0.385,0.566,-0.057,0.317,-0.289,-0.096
2019-10-03,CTD3,4181698,695238,0.0059955763,0.008199476,0.0133897085,0.004898636,0.0047430005,0.0011763908,0.0012340412,0.00047774045,0.006050703,0.008067448,0.013519077,0.005069577,0.004220595,0.0012654825,0.53877866,-8.000000000000001e-45,2.719,-0.155,44.831,-0.381,92.105,0.101,-37.349,0.117,-44.047,-0.24,47.275,0.252,-82.179,0.267,-88.878,0.464,-129.454,0.477,-136.153,0.016,-6.699,0.6,0.22,0.213,0.755,0.451,0.437,-0.306,-0.5,-0.177,-0.361,-0.59,-0.216,0.283,0.232,0.224,-0.493,-1.1,-0.39,-0.533,-1.19,-0.435,-0.776,-1.061,-0.614,-0.816,-1.116,-0.667,-0.04,-0.055,-0.09,-0.121,-0.122,-0.229,-0.565,-0.571,-0.767,0.051,0.085,0.06,0.058,0.096,0.068,-0.476,-0.483,-0.538,0.17,0.307,0.182,0.178,0.317,0.189,0.598,0.791,0.656,0.609,0.794,0.66,0.011,0.008,0.007,-2.002,-2.092,0.365,-0.302,0.377,-0.237,-1.226,-1.281,-0.15,-0.585,-0.131,-0.52,0.612,-0.505,-0.409,-1.599,0.645,0.87,0.652,-0.41,-0.369,-1.469,0.667,0.898,-1.366,-1.455,1.002,0.335,1.013,0.399,-0.205,-0.42,-0.179,-0.356,-0.559,-1.149,0.883,1.32,-0.505,-1.005,0.912,1.363,1.636,1.2,1.655,1.265,0.816,0.6,0.842,0.665,1.942,2.155,2.006,2.226,0.239,0.463,-0.194,0.243,-0.425,-0.213,-0.143,41.315,-0.382,91.301,0.088,-31.985,0.178,-71.663,-0.253,49.985,0.228,-73.3,0.313,-112.978,0.455,-123.286,0.524,-162.964,0.091,-39.678,0.559,0.209,0.174,0.737,0.463,0.385,-0.258,-0.432,-0.135,-0.578,-0.969,-0.363,0.302,0.253,0.211,-0.444,-0.991,-0.309,-0.684,-1.527,-0.573,-0.746,-0.995,-0.52,-0.986,-1.315,-0.826,-0.24,-0.32,-0.536,-0.108,-0.114,-0.217,-0.568,-0.608,-0.804,0.045,0.08,0.055,0.085,0.139,0.098,-0.49,-0.531,-0.587,0.153,0.292,0.169,0.197,0.346,0.207,0.598,0.823,0.688,0.659,0.836,0.708,0.06,0.043,0.039,-1.917,-2.453,0.375,-0.451,0.438,-0.083,-1.144,-1.464,-0.181,-0.754,-0.076,-0.385,0.597,-0.718,-0.482,-2.01,0.67,0.881,0.837,-0.158,-0.242,-1.233,0.805,1.059,-1.333,-1.87,0.958,0.132,1.021,0.501,-0.241,-0.604,-0.101,-0.236,-0.643,-1.612,0.894,1.279,-0.323,-0.755,1.074,1.536,1.606,1.033,1.711,1.402,0.838,0.475,0.978,0.843,1.969,2.144,2.365,2.575,0.315,0.526,-0.069,0.316,-0.323,-0.148
2019-10-03,CTD4,4180266,698264,0.0037430283,0.005604334,0.010391354,0.0047931434,0.004307091,0.0011091089,0.0011161937,0.0004607732,0.0037598081,0.005539471,0.010517305,0.004946246,0.004002572,0.0011646181,0.48230708,-8.000000000000001e-45,2.038,-0.199,88.73,-0.47,170.93,-0.123,58.532,-0.07,34.988,-0.299,82.199,0.078,-30.198,0.131,-53.742,0.369,-112.398,0.414,-135.941,0.053,-23.544,0.922,0.425,0.382,0.958,0.819,0.736,0.328,0.608,0.252,0.196,0.364,0.168,0.308,0.394,0.354,-0.113,-0.314,-0.13,-0.201,-0.558,-0.258,-0.421,-0.63,-0.484,-0.509,-0.762,-0.652,-0.088,-0.132,-0.245,-0.123,-0.127,-0.205,-0.639,-0.671,-0.731,-0.066,-0.106,-0.071,-0.035,-0.054,-0.037,-0.561,-0.595,-0.526,0.057,0.101,0.055,0.092,0.152,0.085,0.599,0.695,0.565,0.651,0.713,0.585,0.052,0.034,0.03,-1.5,-1.745,0.207,-0.445,0.253,-0.231,-0.809,-0.941,-0.495,-0.753,-0.408,-0.538,0.242,-0.52,-1.073,-1.632,0.012,0.366,0.33,-0.3,-0.985,-1.299,0.014,0.408,-0.671,-0.915,1.036,0.384,1.083,0.599,-0.741,-0.574,-0.611,-0.359,-1.607,-1.243,0.019,0.755,-1.475,-0.867,0.021,0.84,1.921,1.663,2.008,1.878,0.574,0.741,0.703,0.956,1.017,1.399,1.132,1.557,0.512,0.866,-0.295,0.441,-0.689,-0.307,-0.191,85.448,-0.473,170.89,-0.136,63.797,-0.031,16.132,-0.31,85.441,0.057,-21.651,0.161,-69.317,0.36,-107.092,0.449,-154.758,0.105,-47.666,0.899,0.423,0.342,0.947,0.845,0.684,0.353,0.671,0.255,0.089,0.17,0.08,0.321,0.423,0.342,-0.081,-0.228,-0.087,-0.261,-0.729,-0.343,-0.403,-0.593,-0.429,-0.582,-0.857,-0.765,-0.179,-0.264,-0.501,-0.115,-0.123,-0.199,-0.644,-0.708,-0.755,-0.074,-0.124,-0.082,-0.015,-0.023,-0.016,-0.572,-0.641,-0.556,0.042,0.076,0.041,0.108,0.177,0.099,0.599,0.718,0.584,0.701,0.748,0.621,0.101,0.066,0.059,-1.448,-1.949,0.208,-0.557,0.298,-0.13,-0.762,-1.026,-0.535,-0.878,-0.365,-0.452,0.233,-0.624,-1.138,-1.868,0.038,0.38,0.413,-0.181,-0.959,-1.187,0.046,0.469,-0.653,-1.154,1.003,0.238,1.093,0.664,-0.789,-0.709,-0.538,-0.283,-1.677,-1.508,0.055,0.739,-1.413,-0.742,0.068,0.914,1.904,1.562,2.075,1.988,0.583,0.663,0.834,1.089,1.062,1.404,1.312,1.735,0.593,0.935,-0.172,0.512,-0.594,-0.252
2019-10-03,CTD6,4176009,695829,0.006381936,0.008622729,0.01397063,0.0062937294,0.006105537,0.0016755599,0.0016775723,0.0006815927,0.006436164,0.008506722,0.014051404,0.006413103,0.0055704284,0.0017535164,0.5628113,-8.000000000000001e-45,2.345,-0.149,40.72,-0.373,85.114,0.007,-2.196,0.022,-7.093,-0.237,44.394,0.156,-42.916,0.171,-47.813,0.379,-87.31,0.392,-92.207,0.015,-4.897,0.569,0.256,0.249,0.734,0.536,0.52,-0.019,-0.031,-0.013,-0.061,-0.099,-0.045,0.283,0.279,0.271,-0.274,-0.6,-0.262,-0.305,-0.668,-0.301,-0.557,-0.753,-0.533,-0.588,-0.795,-0.58,-0.031,-0.042,-0.068,-0.111,-0.112,-0.181,-0.509,-0.515,-0.612,0.004,0.006,0.004,0.012,0.019,0.014,-0.422,-0.428,-0.431,0.114,0.187,0.116,0.124,0.199,0.124,0.512,0.615,0.521,0.524,0.62,0.527,0.013,0.009,0.008,-1.48,-1.548,0.29,-0.291,0.303,-0.23,-0.913,-0.955,-0.273,-0.574,-0.251,-0.513,0.397,-0.398,-0.606,-1.274,0.306,0.577,0.428,-0.325,-0.575,-1.174,0.315,0.595,-0.869,-0.937,0.901,0.32,0.914,0.381,-0.369,-0.414,-0.339,-0.353,-0.819,-0.918,0.413,0.933,-0.777,-0.807,0.426,0.962,1.459,1.158,1.481,1.219,0.634,0.589,0.664,0.65,1.263,1.512,1.302,1.558,0.278,0.549,-0.227,0.293,-0.506,-0.258,-0.139,37.818,-0.372,84.205,0.002,-0.559,0.072,-24.147,-0.246,46.387,0.14,-38.377,0.209,-61.965,0.373,-84.763,0.432,-108.352,0.07,-23.589,0.531,0.243,0.211,0.716,0.54,0.469,-0.005,-0.008,-0.003,-0.205,-0.339,-0.155,0.299,0.297,0.258,-0.247,-0.539,-0.214,-0.399,-0.871,-0.397,-0.546,-0.721,-0.472,-0.697,-0.922,-0.695,-0.152,-0.201,-0.331,-0.101,-0.106,-0.173,-0.51,-0.541,-0.635,0.001,0.002,0.001,0.038,0.058,0.042,-0.432,-0.462,-0.463,0.102,0.174,0.107,0.143,0.229,0.143,0.511,0.636,0.543,0.568,0.66,0.568,0.056,0.041,0.037,-1.434,-1.766,0.3,-0.395,0.36,-0.112,-0.868,-1.069,-0.296,-0.693,-0.197,-0.411,0.398,-0.524,-0.648,-1.519,0.349,0.607,0.55,-0.171,-0.496,-1.036,0.402,0.699,-0.869,-1.201,0.865,0.17,0.925,0.453,-0.391,-0.546,-0.26,-0.263,-0.857,-1.196,0.461,0.93,-0.656,-0.664,0.531,1.071,1.429,1.032,1.528,1.315,0.655,0.501,0.786,0.783,1.326,1.536,1.526,1.769,0.342,0.6,-0.112,0.357,-0.409,-0.198
2019-10-03,CTD7,4176724,690397,0.007133862,0.010336153,0.01762963,0.0058084596,0.005476308,0.0013269741,0.0013626091,0.0005248556,0.0071650087,0.0101438975,0.017809011,0.006020722,0.0048885685,0.0014211789,0.48795354,-8.000000000000001e-45,3.417,-0.183,43.429,-0.424,83.454,0.102,-31.986,0.131,-42.428,-0.261,40.025,0.28,-75.415,0.307,-85.857,0.504,-115.44,0.526,-125.882,0.029,-10.442,0.766,0.252,0.238,0.863,0.485,0.457,-0.331,-0.564,-0.175,-0.439,-0.748,-0.246,0.286,0.232,0.219,-0.538,-1.33,-0.413,-0.612,-1.514,-0.499,-0.824,-1.193,-0.632,-0.898,-1.301,-0.731,-0.074,-0.108,-0.184,-0.137,-0.139,-0.284,-0.65,-0.664,-0.93,0.047,0.084,0.057,0.059,0.103,0.071,-0.564,-0.578,-0.646,0.183,0.359,0.196,0.196,0.376,0.207,0.677,0.937,0.748,0.696,0.939,0.753,0.019,0.013,0.012,-2.345,-2.529,0.361,-0.37,0.38,-0.253,-1.375,-1.483,-0.157,-0.656,-0.125,-0.538,0.642,-0.659,-0.477,-1.991,0.698,0.918,0.716,-0.477,-0.403,-1.732,0.741,0.973,-1.586,-1.77,1.119,0.388,1.138,0.506,-0.228,-0.474,-0.181,-0.357,-0.692,-1.44,1.012,1.469,-0.584,-1.148,1.073,1.558,1.909,1.411,1.941,1.528,0.891,0.645,0.938,0.763,2.268,2.505,2.405,2.657,0.284,0.504,-0.206,0.251,-0.438,-0.2,-0.172,40.986,-0.426,83.416,0.087,-26.526,0.189,-64.992,-0.274,42.43,0.255,-67.512,0.35,-105.977,0.495,-109.942,0.569,-148.408,0.104,-38.466,0.73,0.247,0.2,0.846,0.502,0.408,-0.269,-0.472,-0.13,-0.659,-1.157,-0.391,0.304,0.255,0.207,-0.484,-1.202,-0.33,-0.759,-1.887,-0.638,-0.788,-1.115,-0.537,-1.063,-1.505,-0.894,-0.276,-0.39,-0.685,-0.125,-0.131,-0.273,-0.658,-0.708,-0.976,0.041,0.076,0.05,0.081,0.141,0.096,-0.581,-0.636,-0.703,0.165,0.342,0.182,0.21,0.399,0.221,0.681,0.978,0.784,0.746,0.98,0.799,0.065,0.045,0.041,-2.252,-2.937,0.368,-0.525,0.432,-0.106,-1.283,-1.673,-0.191,-0.829,-0.08,-0.41,0.62,-0.885,-0.566,-2.453,0.708,0.916,0.896,-0.219,-0.29,-1.492,0.872,1.128,-1.542,-2.227,1.078,0.184,1.141,0.604,-0.271,-0.662,-0.113,-0.242,-0.801,-1.958,1.003,1.41,-0.411,-0.883,1.235,1.737,1.892,1.254,2.004,1.674,0.915,0.524,1.073,0.944,2.276,2.476,2.803,3.049,0.358,0.566,-0.089,0.319,-0.344,-0.144
2019-10-03,CTD8,4174178,693048,0.006832595,0.009604063,0.015202904,0.0054375427,0.004673835,0.0011958964,0.0011926021,0.00047815798,0.0068767825,0.009485635,0.015278268,0.005567314,0.0043909242,0.0012473693,0.38566878,-8.000000000000001e-45,2.323,-0.169,42.235,-0.38,80.58,0.114,-37.549,0.188,-67.6,-0.226,38.346,0.277,-79.784,0.345,-109.834,0.473,-118.13,0.53,-148.18,0.076,-30.05,0.642,0.23,0.197,0.774,0.438,0.377,-0.361,-0.571,-0.175,-0.649,-1.028,-0.368,0.262,0.209,0.179,-0.545,-1.213,-0.373,-0.75,-1.67,-0.597,-0.807,-1.135,-0.552,-1.012,-1.423,-0.806,-0.205,-0.289,-0.457,-0.134,-0.139,-0.274,-0.556,-0.586,-0.828,0.056,0.098,0.07,0.087,0.144,0.105,-0.456,-0.487,-0.554,0.189,0.362,0.21,0.224,0.402,0.239,0.594,0.849,0.684,0.641,0.858,0.7,0.046,0.035,0.031,-2.084,-2.541,0.354,-0.452,0.404,-0.148,-1.317,-1.605,-0.117,-0.714,-0.037,-0.41,0.625,-0.798,-0.326,-1.996,0.77,0.949,0.83,-0.304,-0.121,-1.334,0.896,1.104,-1.39,-1.847,1.048,0.242,1.098,0.546,-0.164,-0.532,-0.052,-0.228,-0.459,-1.487,1.082,1.459,-0.17,-0.741,1.259,1.697,1.659,1.062,1.738,1.366,0.787,0.42,0.899,0.723,2.112,2.309,2.457,2.687,0.309,0.488,-0.118,0.259,-0.326,-0.129,-0.159,39.994,-0.379,79.964,0.105,-34.203,0.221,-82.326,-0.234,39.97,0.26,-74.197,0.367,-122.32,0.466,-114.167,0.554,-162.29,0.118,-48.123,0.611,0.223,0.176,0.759,0.445,0.351,-0.324,-0.523,-0.15,-0.781,-1.258,-0.458,0.275,0.223,0.176,-0.51,-1.134,-0.326,-0.841,-1.869,-0.681,-0.785,-1.083,-0.501,-1.116,-1.539,-0.904,-0.331,-0.456,-0.735,-0.125,-0.133,-0.262,-0.558,-0.605,-0.844,0.053,0.094,0.067,0.1,0.165,0.119,-0.465,-0.514,-0.582,0.177,0.348,0.199,0.23,0.409,0.244,0.593,0.862,0.7,0.665,0.875,0.723,0.072,0.053,0.048,-2.019,-2.755,0.361,-0.543,0.438,-0.064,-1.254,-1.71,-0.137,-0.818,-0.013,-0.339,0.614,-0.925,-0.375,-2.244,0.772,0.948,0.945,-0.138,-0.045,-1.178,0.979,1.202,-1.365,-2.1,1.015,0.111,1.092,0.591,-0.189,-0.647,-0.018,-0.168,-0.518,-1.776,1.065,1.416,-0.061,-0.584,1.351,1.796,1.635,0.954,1.759,1.433,0.801,0.343,0.972,0.822,2.106,2.281,2.67,2.893,0.347,0.522,-0.052,0.3,-0.274,-0.099
2019-10-03,CTD10,4170388,695646,0.0056045516,0.0072702183,0.0108368555,0.0061753592,0.005528812,0.0015270527,0.0015580143,0.0006498451,0.00567416,0.0072441082,0.010828523,0.006285522,0.0051995832,0.0015694973,0.38391745,-8.000000000000001e-45,2.83,-0.129,40.879,-0.318,86.149,-0.048,16.493,0.007,-2.444,-0.197,45.27,0.081,-24.386,0.136,-43.323,0.274,-69.656,0.324,-88.593,0.055,-18.937,0.443,0.252,0.226,0.626,0.532,0.476,0.12,0.179,0.091,-0.018,-0.026,-0.015,0.254,0.28,0.25,-0.137,-0.264,-0.135,-0.243,-0.469,-0.268,-0.39,-0.506,-0.385,-0.497,-0.644,-0.547,-0.106,-0.138,-0.205,-0.098,-0.102,-0.142,-0.389,-0.409,-0.447,-0.032,-0.045,-0.035,0.004,0.006,0.004,-0.303,-0.32,-0.305,0.067,0.098,0.067,0.106,0.148,0.102,0.362,0.419,0.364,0.412,0.451,0.395,0.05,0.039,0.036,-0.984,-1.189,0.201,-0.346,0.261,-0.124,-0.66,-0.798,-0.332,-0.6,-0.243,-0.378,0.237,-0.407,-0.583,-1.053,0.147,0.397,0.343,-0.164,-0.477,-0.741,0.164,0.444,-0.458,-0.663,0.727,0.18,0.787,0.402,-0.431,-0.446,-0.316,-0.224,-0.756,-0.783,0.191,0.667,-0.619,-0.44,0.213,0.745,1.084,0.817,1.173,1.038,0.389,0.374,0.504,0.595,0.768,0.994,0.858,1.111,0.341,0.592,-0.137,0.339,-0.417,-0.191,-0.122,38.194,-0.312,83.889,-0.051,17.142,0.044,-16.086,-0.198,45.695,0.071,-21.053,0.164,-54.28,0.265,-66.747,0.351,-99.974,0.095,-33.227,0.414,0.24,0.199,0.608,0.527,0.436,0.124,0.186,0.089,-0.117,-0.174,-0.101,0.259,0.287,0.238,-0.119,-0.228,-0.109,-0.308,-0.588,-0.341,-0.379,-0.484,-0.347,-0.567,-0.724,-0.628,-0.189,-0.241,-0.36,-0.092,-0.098,-0.137,-0.381,-0.414,-0.449,-0.034,-0.049,-0.038,0.026,0.035,0.028,-0.3,-0.33,-0.312,0.058,0.088,0.06,0.124,0.171,0.119,0.352,0.418,0.365,0.436,0.471,0.416,0.084,0.066,0.06,-0.939,-1.299,0.203,-0.426,0.303,-0.044,-0.629,-0.869,-0.344,-0.685,-0.194,-0.303,0.234,-0.49,-0.592,-1.18,0.185,0.423,0.422,-0.061,-0.404,-0.632,0.224,0.511,-0.446,-0.806,0.696,0.068,0.797,0.449,-0.439,-0.54,-0.247,-0.158,-0.756,-0.93,0.236,0.672,-0.515,-0.33,0.285,0.813,1.041,0.7,1.191,1.081,0.387,0.286,0.578,0.668,0.806,1.005,0.975,1.215,0.39,0.628,-0.049,0.387,-0.336,-0.137
2019-10-03,CTD11,4169609,700351,0.006701449,0.009559623,0.0154718105,0.0063025975,0.0055161617,0.0014237054,0.0014757357,0.00058691215,0.0067426777,0.009441955,0.015548157,0.0064524882,0.005150599,0.0014774861,0.39925933,-8.000000000000001e-45,2.527,-0.176,44.615,-0.396,84.588,0.031,-9.443,0.097,-32.064,-0.236,39.973,0.205,-54.058,0.268,-76.679,0.421,-94.031,0.474,-116.652,0.067,-22.621,0.69,0.281,0.246,0.809,0.533,0.467,-0.09,-0.146,-0.052,-0.307,-0.496,-0.202,0.268,0.252,0.22,-0.362,-0.836,-0.298,-0.514,-1.186,-0.483,-0.63,-0.899,-0.519,-0.782,-1.115,-0.735,-0.152,-0.216,-0.35,-0.131,-0.136,-0.242,-0.553,-0.582,-0.742,0.016,0.026,0.019,0.047,0.075,0.054,-0.455,-0.484,-0.5,0.147,0.267,0.155,0.182,0.311,0.186,0.564,0.75,0.608,0.612,0.766,0.628,0.048,0.035,0.031,-1.754,-2.104,0.294,-0.442,0.344,-0.174,-1.084,-1.3,-0.226,-0.709,-0.144,-0.442,0.445,-0.67,-0.555,-1.742,0.486,0.707,0.597,-0.302,-0.404,-1.24,0.556,0.808,-1.028,-1.378,1.019,0.284,1.07,0.551,-0.323,-0.525,-0.205,-0.257,-0.792,-1.288,0.694,1.16,-0.576,-0.722,0.793,1.326,1.649,1.166,1.732,1.434,0.678,0.476,0.795,0.743,1.632,1.878,1.864,2.146,0.363,0.584,-0.164,0.303,-0.416,-0.17,-0.167,42.399,-0.395,83.993,0.022,-6.67,0.134,-45.843,-0.244,41.594,0.188,-49.069,0.294,-88.242,0.413,-90.663,0.502,-129.836,0.112,-39.173,0.659,0.274,0.218,0.793,0.542,0.433,-0.063,-0.104,-0.034,-0.433,-0.713,-0.296,0.28,0.268,0.214,-0.331,-0.763,-0.253,-0.595,-1.372,-0.569,-0.611,-0.856,-0.467,-0.875,-1.226,-0.838,-0.264,-0.37,-0.609,-0.123,-0.13,-0.233,-0.554,-0.603,-0.759,0.012,0.02,0.014,0.064,0.1,0.072,-0.463,-0.513,-0.526,0.134,0.251,0.144,0.193,0.325,0.195,0.562,0.765,0.623,0.642,0.788,0.654,0.08,0.058,0.052,-1.696,-2.305,0.299,-0.539,0.383,-0.084,-1.03,-1.4,-0.25,-0.819,-0.112,-0.365,0.438,-0.788,-0.602,-1.974,0.499,0.714,0.702,-0.154,-0.338,-1.101,0.626,0.894,-1.009,-1.618,0.985,0.148,1.069,0.602,-0.35,-0.645,-0.157,-0.191,-0.843,-1.555,0.699,1.132,-0.473,-0.576,0.876,1.418,1.623,1.053,1.76,1.508,0.69,0.394,0.883,0.848,1.646,1.864,2.062,2.335,0.411,0.626,-0.08,0.352,-0.349,-0.131
2019-10-03,CTD12,4173438,695414,0.0046459204,0.0063111396,0.010428257,0.0036958214,0.003633803,0.00089267414,0.0009228985,0.00036069224,0.004696606,0.006220144,0.010541738,0.0038326646,0.0032109113,0.00097190676,0.55459815,-8.000000000000001e-45,2.106,-0.152,56.793,-0.384,119.349,0.114,-55.333,0.122,-59.951,-0.246,62.557,0.261,-112.126,0.269,-116.744,0.477,-174.683,0.483,-179.3,0.008,-4.618,0.592,0.21,0.206,0.753,0.441,0.434,-0.349,-0.577,-0.201,-0.378,-0.625,-0.222,0.291,0.231,0.227,-0.521,-1.169,-0.407,-0.542,-1.217,-0.431,-0.812,-1.102,-0.635,-0.833,-1.132,-0.663,-0.021,-0.029,-0.048,-0.118,-0.118,-0.227,-0.578,-0.581,-0.789,0.057,0.096,0.068,0.06,0.101,0.072,-0.494,-0.497,-0.562,0.173,0.316,0.186,0.178,0.321,0.19,0.614,0.813,0.677,0.62,0.815,0.679,0.006,0.004,0.004,-2.085,-2.134,0.382,-0.281,0.388,-0.247,-1.262,-1.291,-0.14,-0.572,-0.13,-0.538,0.652,-0.48,-0.395,-1.613,0.681,0.909,0.673,-0.429,-0.374,-1.543,0.693,0.924,-1.463,-1.511,1.004,0.341,1.01,0.375,-0.19,-0.412,-0.177,-0.378,-0.537,-1.162,0.925,1.359,-0.508,-1.085,0.941,1.382,1.659,1.228,1.669,1.261,0.857,0.635,0.87,0.669,2.039,2.246,2.074,2.284,0.22,0.447,-0.197,0.237,-0.428,-0.221,-0.14,52.152,-0.384,118.059,0.101,-47.995,0.188,-98.518,-0.258,65.907,0.237,-100.147,0.319,-150.67,0.467,-166.054,0.533,-216.577,0.088,-50.523,0.55,0.2,0.167,0.734,0.452,0.379,-0.299,-0.506,-0.154,-0.613,-1.039,-0.378,0.31,0.253,0.212,-0.47,-1.056,-0.322,-0.708,-1.588,-0.577,-0.78,-1.033,-0.533,-1.017,-1.347,-0.83,-0.237,-0.314,-0.533,-0.106,-0.111,-0.216,-0.581,-0.62,-0.83,0.052,0.092,0.063,0.089,0.148,0.103,-0.507,-0.547,-0.614,0.157,0.302,0.174,0.197,0.353,0.209,0.615,0.848,0.711,0.672,0.859,0.729,0.057,0.041,0.037,-1.995,-2.528,0.391,-0.439,0.45,-0.083,-1.177,-1.492,-0.171,-0.748,-0.071,-0.392,0.635,-0.712,-0.469,-2.058,0.709,0.921,0.873,-0.16,-0.232,-1.288,0.847,1.099,-1.426,-1.959,0.961,0.131,1.02,0.487,-0.226,-0.604,-0.094,-0.248,-0.622,-1.66,0.939,1.318,-0.307,-0.813,1.121,1.574,1.628,1.051,1.728,1.407,0.879,0.501,1.011,0.857,2.067,2.234,2.467,2.667,0.3,0.511,-0.067,0.312,-0.32,-0.153
2019-11-27,CTD1,4187246,695025,0.0061498974,0.009313027,0.013719772,0.0027219912,0.0020974993,0.00047675427,0.00047492047,0.00018260603,0.0061441124,0.009180766,0.013800912,0.002794387,0.0019742488,0.0005049667,0.23780367,-2.878e-42,0.357,-0.205,55.228,-0.381,89.717,0.386,-204.774,0.491,-314.154,-0.191,34.489,0.548,-260.002,0.632,-369.382,0.669,-294.491,0.735,-403.871,0.13,-109.38,0.758,0.15,0.116,0.836,0.244,0.188,-1.907,-2.809,-0.43,-2.926,-4.31,-0.855,0.212,0.094,0.072,-1.599,-3.567,-0.545,-2.272,-5.068,-1.005,-1.811,-2.743,-0.618,-2.484,-3.761,-1.099,-0.673,-1.019,-1.501,-0.192,-0.2,-0.656,-0.629,-0.663,-1.571,0.149,0.3,0.217,0.176,0.337,0.246,-0.497,-0.534,-0.914,0.332,0.799,0.417,0.363,0.813,0.439,0.711,1.333,0.964,0.752,1.31,0.966,0.04,0.031,0.027,-4.38,-5.881,0.462,-0.637,0.507,-0.11,-2.973,-3.992,0.156,-0.849,0.223,-0.322,1.581,-2.181,0.786,-4.282,2.034,2.106,2.253,-0.489,1.459,-2.108,2.64,2.734,-3.526,-5.027,1.316,0.217,1.361,0.744,0.236,-0.619,0.338,-0.092,1.191,-3.12,3.08,3.269,2.209,-0.6,3.997,4.242,1.939,0.933,2.006,1.46,1.031,0.175,1.132,0.703,4.699,4.815,6.098,6.249,0.217,0.29,-0.049,0.139,-0.143,-0.027,-0.198,53.834,-0.384,90.298,0.375,-195.103,0.514,-343.764,-0.201,36.464,0.533,-248.937,0.646,-397.598,0.663,-285.401,0.75,-434.063,0.172,-148.662,0.743,0.15,0.106,0.829,0.252,0.178,-1.791,-2.693,-0.385,-3.156,-4.744,-0.961,0.224,0.102,0.072,-1.529,-3.436,-0.491,-2.443,-5.487,-1.111,-1.754,-2.62,-0.563,-2.667,-3.985,-1.213,-0.913,-1.365,-2.052,-0.183,-0.192,-0.637,-0.639,-0.686,-1.606,0.146,0.3,0.212,0.181,0.348,0.251,-0.517,-0.569,-0.969,0.32,0.787,0.405,0.361,0.806,0.434,0.718,1.356,0.987,0.772,1.323,0.988,0.054,0.041,0.036,-4.27,-6.321,0.467,-0.746,0.526,-0.037,-2.84,-4.205,0.141,-0.97,0.23,-0.261,1.534,-2.452,0.695,-4.792,1.984,2.056,2.447,-0.173,1.609,-1.827,2.808,2.91,-3.445,-5.496,1.292,0.079,1.351,0.788,0.21,-0.75,0.344,-0.041,1.039,-3.705,2.964,3.142,2.404,-0.289,4.195,4.448,1.942,0.831,2.031,1.54,1.048,0.088,1.182,0.797,4.617,4.724,6.536,6.686,0.24,0.312,-0.017,0.161,-0.119,-0.013
2019-11-27,CTD2,4181518,693105,0.021335332,0.028671833,0.042570163,0.018653609,0.017076649,0.0048389845,0.0046706395,0.001838317,0.020826258,0.028590905,0.043165833,0.01873327,0.01580961,0.0047854707,0.45518297,-8.000000000000001e-45,2.304,-0.147,11.993,-0.332,23.38,0.067,-6.738,0.111,-11.689,-0.195,11.387,0.212,-18.731,0.253,-23.682,0.391,-30.118,0.427,-35.069,0.044,-4.951,0.511,0.224,0.205,0.67,0.436,0.399,-0.193,-0.287,-0.115,-0.335,-0.498,-0.218,0.243,0.212,0.194,-0.4,-0.797,-0.32,-0.505,-1.008,-0.442,-0.643,-0.864,-0.514,-0.748,-1.005,-0.654,-0.106,-0.142,-0.211,-0.12,-0.123,-0.205,-0.449,-0.464,-0.594,0.038,0.059,0.045,0.06,0.09,0.07,-0.348,-0.362,-0.389,0.157,0.261,0.168,0.181,0.29,0.189,0.478,0.623,0.523,0.51,0.638,0.539,0.032,0.025,0.022,-1.538,-1.749,0.306,-0.348,0.343,-0.171,-1.036,-1.178,-0.149,-0.591,-0.094,-0.414,0.47,-0.535,-0.341,-1.349,0.548,0.743,0.576,-0.288,-0.235,-1.033,0.599,0.811,-0.938,-1.149,0.906,0.252,0.943,0.428,-0.201,-0.419,-0.127,-0.242,-0.458,-0.956,0.737,1.136,-0.316,-0.603,0.805,1.241,1.345,0.903,1.4,1.08,0.61,0.392,0.684,0.569,1.482,1.687,1.619,1.842,0.279,0.473,-0.15,0.249,-0.362,-0.157,-0.157,13.04,-0.349,24.85,0.053,-5.365,0.137,-15.236,-0.203,11.81,0.208,-18.405,0.288,-28.277,0.395,-30.214,0.464,-40.086,0.085,-9.872,0.563,0.244,0.206,0.71,0.466,0.393,-0.153,-0.232,-0.085,-0.436,-0.658,-0.285,0.246,0.221,0.187,-0.383,-0.794,-0.291,-0.589,-1.221,-0.53,-0.629,-0.864,-0.478,-0.835,-1.146,-0.751,-0.206,-0.282,-0.426,-0.125,-0.132,-0.225,-0.472,-0.503,-0.647,0.029,0.047,0.035,0.07,0.106,0.081,-0.368,-0.398,-0.422,0.154,0.269,0.167,0.2,0.323,0.206,0.494,0.667,0.55,0.554,0.692,0.578,0.059,0.046,0.041,-1.576,-2.002,0.294,-0.457,0.362,-0.116,-1.044,-1.326,-0.173,-0.702,-0.07,-0.361,0.449,-0.697,-0.398,-1.619,0.559,0.745,0.655,-0.209,-0.192,-0.987,0.662,0.883,-0.931,-1.358,0.939,0.188,1.007,0.529,-0.237,-0.523,-0.097,-0.182,-0.546,-1.204,0.767,1.16,-0.264,-0.496,0.909,1.374,1.417,0.888,1.52,1.229,0.61,0.325,0.751,0.666,1.545,1.751,1.831,2.075,0.347,0.533,-0.104,0.289,-0.325,-0.119
2019-11-27,CTD3,4181698,695238,0.009445624,0.014062038,0.023314554,0.009954358,0.008157822,0.0021841424,0.002143768,0.0008727948,0.009419699,0.013967171,0.023407219,0.010069815,0.007866615,0.0021917592,0.31032857,-8.000000000000001e-45,2.561,-0.196,34.756,-0.423,62.977,-0.026,5.411,0.073,-16.713,-0.248,28.222,0.171,-29.345,0.266,-51.468,0.402,-57.567,0.482,-79.69,0.099,-22.123,0.81,0.346,0.284,0.886,0.627,0.514,0.076,0.126,0.044,-0.235,-0.39,-0.166,0.267,0.281,0.23,-0.277,-0.684,-0.239,-0.486,-1.2,-0.512,-0.544,-0.81,-0.47,-0.753,-1.121,-0.793,-0.209,-0.311,-0.516,-0.139,-0.147,-0.255,-0.577,-0.624,-0.766,-0.014,-0.023,-0.016,0.034,0.054,0.039,-0.477,-0.526,-0.511,0.125,0.233,0.131,0.18,0.304,0.177,0.568,0.759,0.601,0.645,0.781,0.631,0.076,0.055,0.048,-1.67,-2.186,0.245,-0.549,0.322,-0.148,-1.008,-1.319,-0.303,-0.815,-0.175,-0.414,0.346,-0.775,-0.709,-1.909,0.369,0.599,0.555,-0.255,-0.5,-1.184,0.45,0.731,-0.853,-1.369,1.062,0.269,1.139,0.669,-0.451,-0.617,-0.261,-0.216,-1.056,-1.445,0.549,1.063,-0.745,-0.618,0.67,1.297,1.76,1.248,1.888,1.649,0.604,0.438,0.794,0.838,1.478,1.762,1.804,2.15,0.474,0.704,-0.156,0.358,-0.437,-0.153,-0.194,34.564,-0.426,63.439,-0.033,6.854,0.09,-20.959,-0.253,28.875,0.162,-27.71,0.279,-55.523,0.398,-56.585,0.497,-84.398,0.123,-27.813,0.809,0.348,0.272,0.886,0.639,0.499,0.096,0.16,0.054,-0.293,-0.491,-0.211,0.272,0.291,0.227,-0.261,-0.649,-0.218,-0.523,-1.3,-0.559,-0.533,-0.79,-0.445,-0.795,-1.179,-0.85,-0.262,-0.388,-0.651,-0.136,-0.145,-0.254,-0.582,-0.641,-0.78,-0.017,-0.03,-0.021,0.042,0.065,0.046,-0.484,-0.546,-0.526,0.119,0.225,0.125,0.186,0.313,0.182,0.57,0.772,0.611,0.665,0.797,0.647,0.094,0.067,0.059,-1.65,-2.301,0.244,-0.606,0.338,-0.107,-0.985,-1.373,-0.319,-0.878,-0.161,-0.379,0.339,-0.84,-0.74,-2.04,0.372,0.599,0.601,-0.19,-0.478,-1.127,0.476,0.767,-0.842,-1.493,1.053,0.203,1.147,0.702,-0.472,-0.683,-0.238,-0.185,-1.098,-1.588,0.552,1.051,-0.709,-0.549,0.706,1.345,1.764,1.205,1.922,1.704,0.607,0.396,0.841,0.895,1.489,1.761,1.906,2.255,0.506,0.733,-0.114,0.385,-0.405,-0.133
2019-11-27,CTD4,4180266,698264,0.026846053,0.034459718,0.04654187,0.018526103,0.016145643,0.004462379,0.0044048037,0.0017001973,0.026071792,0.034425233,0.0473315,0.018545967,0.0149610825,0.0043453975,0.37784377,-8.000000000000001e-45,2.598,-0.124,8.23,-0.268,15.763,0.183,-16.728,0.249,-24.687,-0.149,7.533,0.301,-24.959,0.362,-32.917,0.431,-32.492,0.485,-40.45,0.069,-7.958,0.383,0.152,0.133,0.543,0.292,0.255,-0.576,-0.779,-0.27,-0.851,-1.149,-0.457,0.202,0.14,0.122,-0.67,-1.162,-0.403,-0.884,-1.532,-0.61,-0.872,-1.12,-0.525,-1.086,-1.394,-0.749,-0.214,-0.274,-0.37,-0.117,-0.121,-0.22,-0.372,-0.389,-0.568,0.103,0.164,0.133,0.132,0.202,0.164,-0.266,-0.281,-0.348,0.217,0.371,0.254,0.25,0.404,0.281,0.457,0.652,0.554,0.496,0.67,0.574,0.039,0.032,0.029,-1.733,-2.104,0.381,-0.368,0.432,-0.092,-1.283,-1.557,0.039,-0.571,0.108,-0.295,0.709,-0.685,0.098,-1.434,0.981,1.102,0.922,-0.197,0.312,-0.849,1.125,1.265,-1.229,-1.599,0.886,0.136,0.937,0.412,0.05,-0.407,0.139,-0.131,0.126,-1.023,1.259,1.513,0.401,-0.378,1.444,1.736,1.196,0.586,1.265,0.862,0.661,0.203,0.749,0.479,1.911,2.044,2.193,2.345,0.222,0.343,-0.064,0.191,-0.203,-0.07,-0.138,9.307,-0.29,17.228,0.169,-15.564,0.271,-28.484,-0.158,7.921,0.3,-24.872,0.394,-37.792,0.437,-32.792,0.52,-45.713,0.107,-12.92,0.441,0.173,0.139,0.593,0.32,0.258,-0.536,-0.737,-0.233,-0.981,-1.348,-0.528,0.207,0.147,0.119,-0.648,-1.177,-0.372,-0.985,-1.789,-0.701,-0.855,-1.129,-0.491,-1.192,-1.574,-0.848,-0.337,-0.445,-0.612,-0.127,-0.134,-0.249,-0.401,-0.43,-0.634,0.092,0.152,0.121,0.136,0.21,0.169,-0.289,-0.315,-0.385,0.216,0.387,0.255,0.265,0.436,0.295,0.476,0.702,0.583,0.535,0.726,0.611,0.059,0.049,0.044,-1.795,-2.406,0.366,-0.482,0.441,-0.049,-1.305,-1.75,0.012,-0.689,0.116,-0.256,0.678,-0.895,0.031,-1.758,0.971,1.09,1.015,-0.114,0.368,-0.809,1.204,1.351,-1.232,-1.843,0.929,0.081,1.004,0.514,0.016,-0.512,0.153,-0.079,0.041,-1.307,1.282,1.54,0.486,-0.251,1.59,1.909,1.277,0.576,1.381,1.009,0.664,0.135,0.801,0.568,1.978,2.118,2.452,2.625,0.277,0.395,-0.035,0.223,-0.182,-0.043
2019-11-27,CTD6,4176009,695829,0.00972542,0.013910544,0.024040323,0.013186737,0.013117664,0.0038591444,0.0036661583,0.0015143009,0.009669566,0.013706704,0.024199428,0.013334166,0.012066409,0.003922739,0.62834334,-8.000000000000001e-45,2.729,-0.177,30.935,-0.424,61.227,-0.151,26.99,-0.149,26.59,-0.267,30.291,0.027,-3.946,0.029,-4.345,0.292,-34.237,0.294,-34.636,0.003,-0.399,0.744,0.408,0.406,0.852,0.807,0.803,0.375,0.649,0.354,0.37,0.639,0.351,0.295,0.399,0.397,-0.038,-0.095,-0.052,-0.042,-0.104,-0.057,-0.333,-0.476,-0.449,-0.337,-0.482,-0.457,-0.004,-0.006,-0.01,-0.112,-0.113,-0.159,-0.528,-0.53,-0.544,-0.091,-0.128,-0.093,-0.089,-0.125,-0.091,-0.442,-0.443,-0.385,0.021,0.032,0.019,0.023,0.035,0.021,0.459,0.475,0.402,0.462,0.477,0.403,0.003,0.002,0.002,-1.124,-1.134,0.151,-0.306,0.153,-0.296,-0.65,-0.656,-0.543,-0.601,-0.538,-0.59,0.159,-0.323,-0.991,-1.095,-0.205,0.192,0.163,-0.313,-0.987,-1.082,-0.207,0.193,-0.393,-0.402,0.882,0.425,0.885,0.436,-0.777,-0.427,-0.77,-0.416,-1.417,-0.778,-0.294,0.509,-1.411,-0.763,-0.295,0.512,1.524,1.467,1.529,1.477,0.372,0.723,0.379,0.733,0.474,0.88,0.477,0.885,0.413,0.81,-0.401,0.402,-0.8,-0.394,-0.173,30.46,-0.429,62.094,-0.159,28.422,-0.11,20.543,-0.277,31.634,0.014,-2.038,0.064,-9.918,0.289,-33.672,0.335,-41.551,0.05,-7.879,0.737,0.406,0.368,0.851,0.828,0.749,0.39,0.688,0.343,0.282,0.497,0.274,0.306,0.422,0.382,-0.02,-0.049,-0.025,-0.096,-0.24,-0.132,-0.326,-0.462,-0.406,-0.402,-0.57,-0.554,-0.076,-0.108,-0.191,-0.108,-0.111,-0.159,-0.537,-0.564,-0.572,-0.097,-0.142,-0.101,-0.063,-0.089,-0.064,-0.456,-0.483,-0.413,0.011,0.017,0.01,0.048,0.071,0.044,0.465,0.5,0.422,0.519,0.527,0.449,0.054,0.037,0.033,-1.109,-1.3,0.154,-0.4,0.207,-0.199,-0.628,-0.736,-0.573,-0.705,-0.481,-0.505,0.159,-0.411,-1.04,-1.28,-0.155,0.227,0.235,-0.227,-0.964,-1.013,-0.171,0.25,-0.397,-0.588,0.866,0.312,0.919,0.513,-0.813,-0.539,-0.681,-0.339,-1.475,-0.978,-0.22,0.529,-1.367,-0.679,-0.243,0.585,1.53,1.398,1.622,1.598,0.387,0.66,0.518,0.861,0.567,0.935,0.627,1.033,0.499,0.88,-0.275,0.474,-0.697,-0.329
2019-11-27,CTD7,4176724,690397,0.009741768,0.013649442,0.023399295,0.010827834,0.01099531,0.003071821,0.0030317963,0.0012134758,0.009694564,0.01341099,0.023601454,0.011009586,0.009845043,0.0031649927,0.64296514,-8.000000000000001e-45,1.843,-0.167,29.388,-0.412,59.914,-0.053,10.296,-0.06,11.703,-0.263,30.527,0.115,-19.092,0.108,-17.685,0.367,-49.618,0.361,-48.212,-0.008,1.407,0.688,0.318,0.323,0.818,0.649,0.659,0.141,0.241,0.113,0.16,0.274,0.127,0.297,0.331,0.336,-0.186,-0.447,-0.21,-0.172,-0.414,-0.191,-0.483,-0.677,-0.546,-0.47,-0.658,-0.522,0.014,0.019,0.033,-0.114,-0.114,-0.179,-0.558,-0.554,-0.626,-0.029,-0.044,-0.032,-0.034,-0.051,-0.037,-0.474,-0.47,-0.447,0.085,0.136,0.082,0.08,0.129,0.078,0.537,0.606,0.51,0.53,0.603,0.507,-0.007,-0.005,-0.005,-1.447,-1.414,0.251,-0.271,0.244,-0.302,-0.844,-0.825,-0.377,-0.568,-0.389,-0.599,0.316,-0.342,-0.815,-1.228,0.094,0.43,0.303,-0.375,-0.828,-1.275,0.093,0.423,-0.76,-0.727,0.938,0.416,0.931,0.386,-0.528,-0.401,-0.545,-0.432,-1.141,-0.868,0.132,0.791,-1.161,-0.92,0.13,0.779,1.609,1.417,1.596,1.386,0.603,0.73,0.586,0.699,1.032,1.355,1.017,1.335,0.306,0.642,-0.335,0.323,-0.666,-0.343,-0.161,28.585,-0.418,60.78,-0.064,12.321,-0.008,1.577,-0.275,32.195,0.098,-16.264,0.153,-27.008,0.364,-48.46,0.411,-59.204,0.056,-10.744,0.675,0.315,0.281,0.815,0.669,0.598,0.165,0.291,0.121,0.021,0.037,0.017,0.312,0.354,0.317,-0.158,-0.384,-0.16,-0.262,-0.637,-0.297,-0.47,-0.65,-0.477,-0.574,-0.794,-0.652,-0.104,-0.144,-0.254,-0.107,-0.111,-0.178,-0.569,-0.598,-0.667,-0.036,-0.057,-0.039,-0.004,-0.006,-0.004,-0.492,-0.522,-0.489,0.072,0.123,0.072,0.107,0.172,0.103,0.545,0.644,0.541,0.595,0.664,0.563,0.05,0.035,0.031,-1.421,-1.674,0.256,-0.395,0.306,-0.171,-0.807,-0.951,-0.41,-0.708,-0.323,-0.483,0.312,-0.482,-0.879,-1.517,0.146,0.463,0.416,-0.233,-0.775,-1.159,0.164,0.518,-0.76,-1.014,0.917,0.265,0.966,0.489,-0.567,-0.55,-0.447,-0.326,-1.216,-1.179,0.203,0.801,-1.072,-0.782,0.227,0.896,1.614,1.316,1.7,1.54,0.624,0.642,0.744,0.866,1.128,1.41,1.262,1.576,0.402,0.719,-0.195,0.404,-0.549,-0.268
2019-11-27,CTD8,4174178,693048,0.009140823,0.013737462,0.023796044,0.01160488,0.009879493,0.0027256499,0.0026990797,0.0011023243,0.009106144,0.013643186,0.023920804,0.011688399,0.009470691,0.0027335384,0.3578738,-8.000000000000001e-45,1.7,-0.201,36.606,-0.445,67.376,-0.119,23.229,-0.039,8.18,-0.268,30.77,0.084,-13.377,0.163,-28.426,0.344,-44.147,0.413,-59.196,0.08,-15.049,0.871,0.425,0.362,0.926,0.782,0.666,0.319,0.553,0.229,0.112,0.195,0.095,0.281,0.357,0.304,-0.122,-0.318,-0.132,-0.26,-0.676,-0.33,-0.404,-0.606,-0.436,-0.541,-0.813,-0.687,-0.138,-0.207,-0.358,-0.13,-0.136,-0.214,-0.578,-0.621,-0.682,-0.066,-0.104,-0.073,-0.02,-0.029,-0.021,-0.485,-0.529,-0.468,0.065,0.112,0.063,0.117,0.186,0.109,0.533,0.641,0.516,0.608,0.671,0.549,0.075,0.052,0.046,-1.385,-1.743,0.178,-0.509,0.25,-0.186,-0.8,-1.006,-0.461,-0.791,-0.335,-0.467,0.21,-0.603,-0.945,-1.621,0.069,0.372,0.348,-0.259,-0.807,-1.125,0.08,0.438,-0.548,-0.906,1.015,0.328,1.088,0.652,-0.692,-0.597,-0.504,-0.274,-1.42,-1.225,0.103,0.769,-1.213,-0.66,0.121,0.903,1.759,1.429,1.884,1.752,0.463,0.558,0.651,0.881,0.97,1.331,1.139,1.564,0.55,0.854,-0.236,0.43,-0.593,-0.231,-0.199,36.519,-0.449,68.011,-0.124,24.261,-0.02,4.227,-0.274,31.492,0.077,-12.258,0.181,-32.292,0.344,-43.75,0.433,-63.784,0.105,-20.034,0.874,0.427,0.346,0.928,0.795,0.644,0.331,0.58,0.23,0.058,0.101,0.049,0.287,0.368,0.298,-0.112,-0.293,-0.116,-0.294,-0.772,-0.377,-0.398,-0.597,-0.414,-0.581,-0.87,-0.746,-0.182,-0.273,-0.479,-0.127,-0.136,-0.214,-0.585,-0.641,-0.7,-0.069,-0.112,-0.077,-0.01,-0.014,-0.01,-0.494,-0.553,-0.486,0.059,0.105,0.059,0.126,0.201,0.117,0.538,0.658,0.529,0.635,0.695,0.57,0.097,0.067,0.059,-1.379,-1.858,0.179,-0.567,0.272,-0.143,-0.787,-1.06,-0.476,-0.853,-0.313,-0.43,0.209,-0.661,-0.974,-1.747,0.085,0.383,0.391,-0.206,-0.792,-1.085,0.105,0.473,-0.548,-1.028,1.01,0.264,1.102,0.688,-0.713,-0.664,-0.47,-0.24,-1.46,-1.359,0.127,0.771,-1.186,-0.606,0.157,0.952,1.77,1.393,1.933,1.817,0.47,0.519,0.713,0.943,1.007,1.352,1.242,1.669,0.589,0.888,-0.183,0.461,-0.551,-0.206
2019-11-27,CTD10,4170388,695646,0.024451297,0.031762727,0.045333512,0.024447756,0.021849914,0.006639226,0.006478327,0.0025611045,0.02381074,0.031891484,0.046017796,0.02453853,0.021251766,0.0065117655,0.3661636,-8.000000000000001e-45,1.875,-0.13,9.414,-0.299,18.839,0.0,-0.006,0.056,-4.869,-0.176,9.425,0.13,-9.42,0.185,-14.283,0.299,-18.845,0.35,-23.708,0.056,-4.863,0.427,0.23,0.206,0.598,0.461,0.412,-0.0,-0.0,-0.0,-0.155,-0.221,-0.119,0.23,0.23,0.206,-0.23,-0.427,-0.206,-0.349,-0.648,-0.349,-0.461,-0.599,-0.412,-0.58,-0.753,-0.58,-0.119,-0.154,-0.22,-0.105,-0.109,-0.158,-0.372,-0.39,-0.451,0.0,0.0,0.0,0.034,0.046,0.037,-0.278,-0.293,-0.293,0.105,0.158,0.109,0.142,0.203,0.142,0.372,0.451,0.39,0.418,0.48,0.418,0.046,0.037,0.034,-1.084,-1.305,0.231,-0.349,0.288,-0.124,-0.76,-0.914,-0.23,-0.58,-0.149,-0.354,0.299,-0.454,-0.427,-1.075,0.312,0.518,0.418,-0.18,-0.308,-0.735,0.349,0.58,-0.555,-0.776,0.76,0.18,0.817,0.405,-0.299,-0.418,-0.193,-0.193,-0.555,-0.776,0.406,0.817,-0.4,-0.401,0.454,0.914,1.084,0.735,1.166,0.96,0.427,0.308,0.534,0.534,0.961,1.166,1.075,1.305,0.312,0.518,-0.124,0.288,-0.354,-0.149,-0.145,10.642,-0.318,20.267,-0.015,1.246,0.057,-5.057,-0.181,9.626,0.13,-9.396,0.2,-15.699,0.304,-19.022,0.368,-25.324,0.072,-6.303,0.49,0.261,0.226,0.646,0.497,0.431,0.04,0.057,0.026,-0.161,-0.233,-0.124,0.229,0.236,0.205,-0.224,-0.432,-0.2,-0.374,-0.722,-0.385,-0.453,-0.607,-0.404,-0.603,-0.808,-0.621,-0.15,-0.201,-0.29,-0.115,-0.12,-0.176,-0.394,-0.418,-0.485,-0.009,-0.014,-0.011,0.033,0.045,0.036,-0.292,-0.313,-0.309,0.105,0.163,0.109,0.152,0.22,0.151,0.386,0.477,0.404,0.445,0.512,0.439,0.059,0.047,0.042,-1.129,-1.419,0.213,-0.408,0.285,-0.119,-0.782,-0.983,-0.252,-0.637,-0.149,-0.349,0.277,-0.53,-0.473,-1.195,0.304,0.509,0.427,-0.179,-0.323,-0.755,0.351,0.587,-0.536,-0.826,0.806,0.185,0.878,0.473,-0.338,-0.462,-0.2,-0.173,-0.633,-0.866,0.407,0.838,-0.432,-0.375,0.47,0.967,1.163,0.778,1.266,1.067,0.412,0.288,0.55,0.577,0.983,1.209,1.135,1.396,0.364,0.569,-0.123,0.308,-0.359,-0.133
2019-11-27,CTD11,4169609,700351,0.013780983,0.021969326,0.0373122,0.01716438,0.0130317,0.0034726579,0.0033673742,0.0013725066,0.013634066,0.022061517,0.03747444,0.017173236,0.012955169,0.0033879292,0.19404185,-8.000000000000001e-45,1.004,-0.229,27.046,-0.461,45.763,-0.109,14.304,0.028,-4.172,-0.259,18.717,0.123,-12.742,0.255,-31.218,0.37,-31.459,0.482,-49.935,0.137,-18.476,1.009,0.464,0.352,1.005,0.785,0.596,0.314,0.534,0.186,-0.092,-0.156,-0.072,0.258,0.321,0.244,-0.176,-0.475,-0.166,-0.43,-1.165,-0.536,-0.434,-0.691,-0.41,-0.688,-1.097,-0.857,-0.255,-0.406,-0.689,-0.15,-0.163,-0.271,-0.601,-0.672,-0.779,-0.057,-0.097,-0.067,0.013,0.019,0.014,-0.496,-0.572,-0.508,0.094,0.179,0.095,0.175,0.289,0.164,0.564,0.751,0.576,0.679,0.785,0.62,0.116,0.081,0.07,-1.547,-2.236,0.167,-0.69,0.278,-0.132,-0.911,-1.316,-0.412,-0.948,-0.224,-0.39,0.214,-0.883,-0.895,-2.06,0.21,0.454,0.469,-0.222,-0.641,-1.116,0.276,0.597,-0.58,-1.269,1.134,0.277,1.245,0.835,-0.657,-0.728,-0.357,-0.17,-1.428,-1.583,0.334,0.931,-1.022,-0.488,0.44,1.226,1.926,1.39,2.114,1.948,0.453,0.381,0.753,0.939,1.228,1.581,1.618,2.082,0.652,0.896,-0.164,0.432,-0.486,-0.133,-0.236,28.018,-0.466,46.661,-0.115,15.116,0.026,-3.844,-0.259,18.643,0.125,-12.902,0.26,-31.861,0.371,-31.545,0.486,-50.504,0.14,-18.959,1.05,0.481,0.363,1.029,0.801,0.604,0.333,0.566,0.196,-0.085,-0.144,-0.066,0.254,0.32,0.242,-0.176,-0.484,-0.167,-0.434,-1.194,-0.547,-0.43,-0.696,-0.409,-0.689,-1.114,-0.867,-0.258,-0.418,-0.71,-0.154,-0.167,-0.28,-0.608,-0.681,-0.791,-0.059,-0.101,-0.07,0.011,0.017,0.012,-0.5,-0.58,-0.512,0.096,0.184,0.097,0.178,0.296,0.167,0.569,0.764,0.58,0.687,0.796,0.625,0.118,0.083,0.071,-1.564,-2.275,0.16,-0.708,0.272,-0.136,-0.921,-1.339,-0.415,-0.962,-0.223,-0.391,0.205,-0.909,-0.905,-2.099,0.207,0.448,0.464,-0.232,-0.646,-1.13,0.274,0.594,-0.564,-1.275,1.16,0.293,1.272,0.864,-0.671,-0.737,-0.361,-0.166,-1.464,-1.608,0.334,0.939,-1.046,-0.479,0.443,1.245,1.97,1.423,2.161,1.994,0.439,0.373,0.748,0.944,1.232,1.595,1.633,2.114,0.672,0.914,-0.172,0.433,-0.492,-0.129
2019-11-27,CTD12,4173438,695414,0.018399753,0.025015447,0.039265968,0.020147655,0.019575765,0.0058386386,0.0057089664,0.0022570172,0.017995743,0.02487385,0.03975454,0.020328961,0.018220387,0.005841271,0.54410666,-8.000000000000001e-45,2.278,-0.152,14.373,-0.362,28.881,-0.045,4.715,-0.031,3.265,-0.222,14.508,0.108,-9.658,0.122,-11.108,0.322,-24.166,0.335,-25.616,0.014,-1.45,0.564,0.29,0.281,0.722,0.582,0.565,0.118,0.185,0.092,0.082,0.128,0.066,0.267,0.292,0.284,-0.178,-0.379,-0.189,-0.204,-0.436,-0.224,-0.445,-0.605,-0.473,-0.471,-0.641,-0.516,-0.027,-0.036,-0.057,-0.111,-0.112,-0.167,-0.462,-0.468,-0.525,-0.027,-0.039,-0.03,-0.018,-0.026,-0.02,-0.37,-0.375,-0.359,0.084,0.128,0.083,0.094,0.141,0.092,0.44,0.503,0.429,0.454,0.511,0.436,0.013,0.01,0.009,-1.213,-1.27,0.222,-0.294,0.237,-0.236,-0.773,-0.809,-0.337,-0.561,-0.314,-0.503,0.276,-0.365,-0.656,-1.093,0.131,0.415,0.303,-0.302,-0.63,-1.009,0.135,0.427,-0.589,-0.646,0.846,0.33,0.861,0.388,-0.458,-0.392,-0.427,-0.335,-0.892,-0.764,0.178,0.743,-0.856,-0.671,0.183,0.765,1.329,1.105,1.352,1.162,0.475,0.54,0.506,0.598,0.885,1.166,0.911,1.2,0.312,0.596,-0.259,0.307,-0.551,-0.269,-0.16,15.366,-0.377,30.414,-0.061,6.378,-0.006,0.685,-0.23,15.049,0.101,-8.988,0.154,-14.681,0.323,-24.037,0.371,-29.729,0.055,-5.693,0.611,0.312,0.28,0.757,0.618,0.554,0.159,0.254,0.116,0.017,0.027,0.014,0.271,0.306,0.274,-0.162,-0.357,-0.164,-0.264,-0.584,-0.298,-0.433,-0.598,-0.438,-0.535,-0.739,-0.604,-0.102,-0.142,-0.226,-0.114,-0.119,-0.178,-0.481,-0.505,-0.564,-0.036,-0.054,-0.04,-0.003,-0.005,-0.004,-0.388,-0.411,-0.386,0.079,0.125,0.078,0.115,0.174,0.111,0.453,0.536,0.451,0.502,0.562,0.476,0.049,0.037,0.033,-1.232,-1.458,0.212,-0.392,0.265,-0.173,-0.771,-0.912,-0.365,-0.663,-0.28,-0.444,0.26,-0.48,-0.713,-1.297,0.153,0.427,0.362,-0.236,-0.611,-0.968,0.17,0.476,-0.573,-0.8,0.871,0.266,0.924,0.486,-0.504,-0.49,-0.387,-0.271,-0.986,-0.958,0.211,0.765,-0.844,-0.59,0.236,0.854,1.392,1.093,1.477,1.313,0.469,0.483,0.586,0.702,0.943,1.223,1.052,1.365,0.397,0.671,-0.195,0.359,-0.501,-0.221
2020-02-20,CTD1,4187246,695025,0.012638358,0.017151266,0.025809372,0.008579678,0.0076424303,0.0019455052,0.001880932,0.0007400515,0.012555192,0.016938416,0.025981193,0.008732211,0.0069528637,0.0020045675,0.44064888,-8.000000000000001e-45,0.349,-0.151,20.819,-0.343,40.379,0.191,-37.43,0.246,-51.724,-0.202,19.559,0.333,-58.25,0.384,-72.544,0.501,-77.809,0.543,-92.103,0.058,-14.294,0.537,0.179,0.159,0.693,0.346,0.309,-0.642,-0.966,-0.286,-0.887,-1.335,-0.444,0.247,0.168,0.149,-0.736,-1.503,-0.445,-0.917,-1.872,-0.622,-0.983,-1.335,-0.595,-1.164,-1.58,-0.79,-0.181,-0.245,-0.369,-0.131,-0.135,-0.278,-0.512,-0.531,-0.812,0.094,0.164,0.121,0.116,0.194,0.145,-0.408,-0.427,-0.534,0.223,0.423,0.256,0.247,0.448,0.277,0.578,0.85,0.695,0.61,0.856,0.706,0.031,0.024,0.022,-2.271,-2.64,0.404,-0.386,0.441,-0.154,-1.509,-1.755,-0.011,-0.633,0.044,-0.401,0.809,-0.771,-0.032,-1.904,1.027,1.177,0.989,-0.345,0.149,-1.354,1.153,1.321,-1.651,-2.02,1.025,0.234,1.061,0.466,-0.014,-0.458,0.06,-0.226,-0.043,-1.378,1.394,1.703,0.202,-0.764,1.565,1.912,1.542,0.92,1.597,1.151,0.826,0.382,0.9,0.614,2.403,2.563,2.698,2.877,0.233,0.383,-0.104,0.204,-0.272,-0.113,-0.149,20.611,-0.348,41.159,0.18,-34.87,0.287,-64.177,-0.211,20.548,0.32,-55.481,0.418,-84.788,0.497,-76.029,0.578,-105.336,0.113,-29.307,0.535,0.18,0.143,0.697,0.359,0.286,-0.591,-0.906,-0.242,-1.087,-1.667,-0.56,0.258,0.179,0.143,-0.697,-1.441,-0.386,-1.065,-2.203,-0.74,-0.955,-1.288,-0.529,-1.323,-1.784,-0.92,-0.368,-0.496,-0.761,-0.126,-0.133,-0.279,-0.523,-0.562,-0.856,0.089,0.16,0.116,0.131,0.218,0.161,-0.425,-0.464,-0.577,0.213,0.421,0.249,0.259,0.469,0.288,0.585,0.884,0.722,0.645,0.894,0.741,0.06,0.046,0.041,-2.234,-2.996,0.405,-0.515,0.474,-0.055,-1.457,-1.953,-0.032,-0.773,0.073,-0.313,0.786,-0.998,-0.096,-2.299,1.027,1.17,1.154,-0.134,0.272,-1.17,1.29,1.47,-1.626,-2.388,1.013,0.093,1.082,0.553,-0.044,-0.604,0.098,-0.144,-0.13,-1.797,1.386,1.672,0.367,-0.539,1.741,2.1,1.554,0.813,1.659,1.273,0.838,0.278,0.98,0.738,2.422,2.565,3.041,3.221,0.285,0.428,-0.038,0.248,-0.218,-0.074
2020-02-20,CTD2,4181518,693105,0.010173913,0.014605656,0.022276076,0.0061862147,0.0051664556,0.0012218043,0.001220729,0.00047193829,0.010176519,0.014408589,0.02244176,0.0064087403,0.00478228,0.0012828157,0.3419961,-8.000000000000001e-45,1.226,-0.179,29.824,-0.373,53.399,0.244,-63.359,0.326,-95.266,-0.208,23.575,0.405,-93.183,0.477,-125.09,0.565,-116.759,0.623,-148.665,0.09,-31.907,0.664,0.184,0.154,0.78,0.33,0.276,-0.925,-1.411,-0.327,-1.391,-2.122,-0.589,0.24,0.146,0.122,-0.948,-2.076,-0.481,-1.273,-2.787,-0.774,-1.188,-1.705,-0.603,-1.513,-2.171,-0.92,-0.325,-0.466,-0.711,-0.156,-0.161,-0.39,-0.582,-0.612,-1.066,0.108,0.202,0.145,0.136,0.241,0.176,-0.469,-0.5,-0.676,0.259,0.549,0.307,0.291,0.577,0.332,0.649,1.049,0.814,0.69,1.046,0.823,0.041,0.031,0.028,-2.904,-3.615,0.419,-0.501,0.465,-0.139,-1.904,-2.37,0.033,-0.741,0.103,-0.378,0.989,-1.182,0.119,-2.667,1.291,1.413,1.314,-0.392,0.444,-1.632,1.546,1.692,-2.165,-2.876,1.158,0.238,1.204,0.6,0.048,-0.542,0.148,-0.179,0.171,-1.951,1.853,2.129,0.637,-0.774,2.219,2.549,1.766,0.992,1.836,1.354,0.917,0.328,1.017,0.69,3.093,3.247,3.704,3.888,0.254,0.376,-0.084,0.192,-0.23,-0.076,-0.172,28.862,-0.376,53.706,0.227,-57.771,0.361,-110.84,-0.218,24.843,0.384,-86.634,0.502,-139.702,0.556,-111.477,0.649,-164.545,0.145,-53.068,0.648,0.185,0.138,0.774,0.344,0.257,-0.832,-1.296,-0.276,-1.597,-2.487,-0.71,0.253,0.159,0.119,-0.882,-1.944,-0.414,-1.422,-3.135,-0.895,-1.134,-1.606,-0.533,-1.675,-2.371,-1.055,-0.54,-0.765,-1.191,-0.147,-0.155,-0.378,-0.589,-0.639,-1.096,0.102,0.196,0.138,0.146,0.259,0.187,-0.484,-0.537,-0.718,0.245,0.535,0.294,0.295,0.58,0.334,0.652,1.072,0.835,0.718,1.065,0.848,0.066,0.05,0.044,-2.795,-3.986,0.421,-0.634,0.493,-0.04,-1.795,-2.559,0.009,-0.887,0.122,-0.293,0.946,-1.425,0.03,-3.105,1.256,1.375,1.486,-0.12,0.57,-1.374,1.683,1.842,-2.086,-3.277,1.13,0.076,1.203,0.67,0.012,-0.698,0.172,-0.104,0.043,-2.444,1.778,2.035,0.808,-0.489,2.383,2.727,1.76,0.865,1.873,1.459,0.928,0.217,1.088,0.811,3.032,3.17,4.063,4.248,0.298,0.417,-0.025,0.232,-0.184,-0.046
2020-02-20,CTD3,4181698,695238,0.0040722783,0.0061995285,0.010150076,0.0021665872,0.0017679336,0.00039094425,0.0003970379,0.00015129049,0.004062508,0.0060951384,0.010248775,0.002228292,0.0016071899,0.00041758662,0.42198962,-2.878e-42,1.282,-0.207,84.26,-0.427,147.041,0.305,-215.993,0.395,-320.069,-0.242,62.781,0.482,-300.253,0.556,-404.33,0.648,-363.034,0.703,-467.111,0.101,-104.077,0.855,0.183,0.149,0.912,0.319,0.26,-1.339,-2.192,-0.382,-1.984,-3.249,-0.693,0.256,0.136,0.111,-1.223,-3.048,-0.531,-1.647,-4.104,-0.876,-1.478,-2.251,-0.642,-1.902,-2.896,-1.012,-0.424,-0.645,-1.056,-0.173,-0.178,-0.541,-0.726,-0.763,-1.545,0.117,0.239,0.16,0.141,0.275,0.187,-0.633,-0.676,-1.004,0.284,0.691,0.338,0.312,0.71,0.36,0.777,1.367,1.002,0.816,1.344,1.002,0.039,0.028,0.024,-4.028,-5.084,0.443,-0.569,0.483,-0.159,-2.46,-3.105,0.052,-0.824,0.116,-0.415,1.269,-1.627,0.242,-3.862,1.594,1.705,1.693,-0.558,0.666,-2.381,1.954,2.09,-3.162,-4.219,1.309,0.297,1.348,0.706,0.079,-0.615,0.177,-0.205,0.369,-2.88,2.427,2.687,1.014,-1.178,2.975,3.293,2.143,1.267,2.207,1.676,1.105,0.412,1.203,0.821,4.251,4.4,5.209,5.392,0.247,0.358,-0.085,0.175,-0.221,-0.072,-0.2,82.088,-0.432,148.581,0.292,-202.621,0.433,-376.051,-0.254,66.493,0.465,-284.709,0.583,-458.139,0.643,-351.202,0.729,-524.631,0.162,-173.43,0.841,0.183,0.132,0.906,0.331,0.239,-1.235,-2.077,-0.326,-2.292,-3.854,-0.838,0.27,0.148,0.107,-1.157,-2.918,-0.458,-1.861,-4.695,-1.021,-1.427,-2.141,-0.564,-2.131,-3.198,-1.169,-0.705,-1.057,-1.777,-0.163,-0.171,-0.53,-0.743,-0.803,-1.613,0.112,0.238,0.155,0.15,0.295,0.197,-0.66,-0.733,-1.083,0.27,0.682,0.326,0.314,0.713,0.36,0.79,1.415,1.041,0.851,1.374,1.038,0.061,0.043,0.038,-3.933,-5.71,0.449,-0.72,0.51,-0.055,-2.339,-3.396,0.031,-0.99,0.133,-0.325,1.228,-1.969,0.142,-4.554,1.559,1.666,1.933,-0.208,0.846,-2.072,2.162,2.31,-3.099,-4.876,1.283,0.114,1.344,0.779,0.046,-0.792,0.199,-0.127,0.213,-3.641,2.34,2.579,1.27,-0.807,3.244,3.575,2.157,1.136,2.259,1.802,1.133,0.295,1.286,0.96,4.204,4.336,5.828,6.011,0.285,0.392,-0.03,0.209,-0.178,-0.046
2020-02-20,CTD4,4180266,698264,0.01744878,0.023126608,0.027564373,0.011234069,0.006886003,0.0019038591,0.0018719464,0.00077202637,0.017399043,0.023420732,0.027252896,0.011412327,0.0075157317,0.0017392222,0.0002537206,-8.000000000000001e-45,1.532,-0.14,14.07,-0.225,21.032,0.217,-31.704,0.434,-87.912,-0.088,6.962,0.346,-45.775,0.541,-101.982,0.421,-52.736,0.6,-108.943,0.24,-56.207,0.388,0.158,0.097,0.486,0.236,0.145,-0.733,-0.874,-0.218,-2.033,-2.423,-0.988,0.121,0.078,0.048,-0.799,-1.262,-0.315,-1.779,-2.811,-1.146,-0.92,-1.22,-0.363,-1.901,-2.519,-1.224,-0.981,-1.3,-1.549,-0.146,-0.165,-0.313,-0.294,-0.337,-0.558,0.123,0.207,0.18,0.208,0.307,0.272,-0.155,-0.182,-0.245,0.264,0.489,0.345,0.361,0.566,0.419,0.402,0.671,0.544,0.51,0.721,0.602,0.107,0.097,0.086,-1.699,-3.248,0.347,-0.877,0.505,0.142,-1.426,-2.725,0.147,-0.998,0.335,0.02,0.714,-1.805,0.361,-2.45,1.255,1.303,1.695,0.475,1.342,0.08,2.048,2.126,-1.128,-2.678,0.918,-0.306,1.076,0.712,0.195,-0.792,0.444,0.226,0.479,-1.944,1.664,1.809,1.779,0.905,2.715,2.951,1.094,-0.052,1.282,0.967,0.548,-0.44,0.797,0.579,2.059,2.156,3.359,3.517,0.346,0.394,0.091,0.236,0.013,0.11,-0.148,14.777,-0.221,20.781,0.208,-30.15,0.397,-75.58,-0.076,6.004,0.345,-44.927,0.514,-90.357,0.41,-50.931,0.568,-96.361,0.206,-45.43,0.403,0.169,0.111,0.487,0.237,0.156,-0.706,-0.822,-0.227,-1.77,-2.06,-0.863,0.104,0.069,0.045,-0.782,-1.224,-0.338,-1.572,-2.462,-1.031,-0.886,-1.193,-0.383,-1.677,-2.257,-1.1,-0.79,-1.064,-1.238,-0.156,-0.173,-0.318,-0.283,-0.319,-0.521,0.118,0.194,0.172,0.195,0.284,0.256,-0.133,-0.154,-0.202,0.269,0.482,0.345,0.356,0.552,0.411,0.388,0.636,0.512,0.484,0.685,0.567,0.095,0.087,0.077,-1.645,-2.883,0.324,-0.776,0.467,0.084,-1.414,-2.478,0.151,-0.88,0.318,-0.02,0.665,-1.592,0.361,-2.102,1.204,1.249,1.456,0.263,1.151,-0.073,1.828,1.896,-1.042,-2.28,0.927,-0.172,1.07,0.688,0.203,-0.659,0.427,0.201,0.486,-1.574,1.62,1.776,1.55,0.728,2.46,2.697,1.079,0.048,1.245,0.908,0.508,-0.355,0.732,0.505,1.956,2.067,2.97,3.139,0.335,0.38,0.055,0.211,-0.013,0.098
2020-02-20,CTD6,4176009,695829,0.007329493,0.010903654,0.016227387,0.004738169,0.003466936,0.00085299776,0.00084795256,0.0003401334,0.007361514,0.010815302,0.01626278,0.0048695514,0.0034375319,0.0008703741,0.19415873,-8.000000000000001e-45,2.116,-0.196,44.723,-0.378,74.811,0.215,-74.617,0.358,-152.004,-0.196,30.088,0.394,-119.34,0.517,-196.727,0.548,-149.428,0.648,-226.815,0.155,-77.387,0.726,0.212,0.155,0.816,0.354,0.259,-0.814,-1.211,-0.259,-1.657,-2.467,-0.72,0.221,0.143,0.104,-0.875,-1.937,-0.414,-1.442,-3.192,-0.932,-1.095,-1.629,-0.518,-1.662,-2.473,-1.075,-0.567,-0.844,-1.256,-0.17,-0.181,-0.436,-0.569,-0.619,-1.084,0.096,0.18,0.132,0.142,0.247,0.184,-0.441,-0.493,-0.649,0.262,0.571,0.313,0.316,0.616,0.355,0.63,1.064,0.799,0.7,1.057,0.816,0.07,0.054,0.047,-2.753,-4.008,0.38,-0.694,0.459,-0.059,-1.85,-2.693,0.017,-0.915,0.134,-0.28,0.875,-1.598,0.059,-3.134,1.229,1.333,1.442,-0.187,0.626,-1.311,1.68,1.822,-1.937,-3.193,1.196,0.121,1.274,0.756,0.025,-0.695,0.199,-0.06,0.087,-2.379,1.828,2.088,0.931,-0.28,2.499,2.853,1.779,0.847,1.896,1.482,0.842,0.122,1.015,0.757,2.952,3.107,4.034,4.246,0.328,0.433,-0.038,0.221,-0.181,-0.026,-0.19,43.38,-0.377,74.352,0.204,-69.516,0.363,-155.065,-0.201,30.971,0.379,-112.896,0.518,-198.445,0.539,-143.868,0.651,-229.416,0.172,-85.549,0.705,0.211,0.149,0.804,0.362,0.256,-0.752,-1.131,-0.239,-1.677,-2.522,-0.755,0.228,0.151,0.106,-0.831,-1.836,-0.388,-1.461,-3.227,-0.966,-1.059,-1.556,-0.495,-1.689,-2.481,-1.117,-0.63,-0.925,-1.391,-0.163,-0.175,-0.416,-0.568,-0.625,-1.072,0.092,0.175,0.126,0.145,0.25,0.186,-0.445,-0.504,-0.656,0.252,0.551,0.302,0.312,0.603,0.349,0.627,1.055,0.799,0.706,1.049,0.818,0.079,0.061,0.053,-2.659,-4.05,0.381,-0.736,0.469,-0.025,-1.768,-2.694,0.002,-0.964,0.135,-0.253,0.847,-1.634,0.008,-3.219,1.194,1.3,1.476,-0.079,0.638,-1.198,1.691,1.842,-1.871,-3.262,1.17,0.053,1.258,0.763,0.004,-0.752,0.198,-0.041,0.012,-2.51,1.754,2.01,0.937,-0.193,2.485,2.847,1.759,0.793,1.891,1.503,0.842,0.087,1.037,0.798,2.873,3.022,4.069,4.281,0.344,0.45,-0.017,0.239,-0.168,-0.018
2020-02-20,CTD7,4176724,690397,0.019940509,0.02912777,0.042504232,0.017497206,0.012737527,0.003370687,0.0033568502,0.0013338363,0.019711593,0.029285258,0.042739104,0.01757914,0.012740478,0.0032035909,0.13847168,-8.000000000000001e-45,1.427,-0.187,15.818,-0.361,26.622,0.065,-7.003,0.22,-28.359,-0.187,10.804,0.249,-22.82,0.391,-44.177,0.417,-33.625,0.539,-54.981,0.157,-21.356,0.672,0.277,0.201,0.775,0.466,0.339,-0.204,-0.298,-0.089,-0.826,-1.205,-0.496,0.215,0.189,0.138,-0.455,-0.97,-0.291,-0.881,-1.878,-0.773,-0.67,-0.979,-0.428,-1.096,-1.601,-0.962,-0.426,-0.622,-0.908,-0.153,-0.166,-0.304,-0.484,-0.539,-0.746,0.034,0.058,0.044,0.101,0.154,0.12,-0.357,-0.409,-0.442,0.186,0.356,0.211,0.262,0.438,0.273,0.51,0.765,0.597,0.607,0.795,0.638,0.097,0.076,0.066,-1.745,-2.652,0.273,-0.689,0.385,-0.043,-1.196,-1.818,-0.132,-0.905,0.032,-0.259,0.454,-1.147,-0.32,-2.197,0.702,0.84,0.88,-0.099,0.106,-0.864,0.965,1.154,-0.968,-1.876,1.049,0.087,1.161,0.733,-0.192,-0.688,0.047,-0.043,-0.467,-1.672,1.026,1.365,0.155,-0.142,1.409,1.875,1.531,0.758,1.694,1.404,0.582,0.086,0.82,0.731,1.79,1.992,2.459,2.736,0.44,0.578,-0.038,0.301,-0.227,-0.026,-0.195,16.585,-0.369,27.334,0.057,-6.154,0.215,-27.758,-0.187,10.749,0.25,-22.739,0.394,-44.343,0.417,-33.488,0.541,-55.092,0.16,-21.604,0.709,0.292,0.211,0.8,0.481,0.348,-0.18,-0.263,-0.078,-0.813,-1.186,-0.488,0.212,0.189,0.137,-0.448,-0.972,-0.29,-0.874,-1.895,-0.78,-0.66,-0.981,-0.427,-1.086,-1.613,-0.968,-0.426,-0.633,-0.923,-0.159,-0.173,-0.316,-0.491,-0.548,-0.759,0.03,0.051,0.038,0.097,0.149,0.116,-0.361,-0.415,-0.444,0.187,0.361,0.211,0.265,0.444,0.274,0.514,0.775,0.599,0.612,0.804,0.64,0.099,0.077,0.067,-1.758,-2.682,0.262,-0.707,0.375,-0.052,-1.205,-1.837,-0.139,-0.919,0.026,-0.264,0.436,-1.177,-0.338,-2.233,0.686,0.823,0.862,-0.119,0.088,-0.884,0.947,1.136,-0.946,-1.869,1.074,0.106,1.188,0.761,-0.207,-0.695,0.039,-0.04,-0.502,-1.689,1.02,1.368,0.13,-0.133,1.407,1.887,1.568,0.788,1.733,1.443,0.568,0.08,0.813,0.735,1.785,1.996,2.463,2.754,0.457,0.594,-0.046,0.302,-0.235,-0.024
2020-02-20,CTD8,4174178,693048,0.01343762,0.018837737,0.028210262,0.009889423,0.008298587,0.0021416664,0.0021306244,0.0008362881,0.013323884,0.018685037,0.028354988,0.010031311,0.007756195,0.0021611871,0.34995425,-8.000000000000001e-45,1.61,-0.167,21.333,-0.355,38.97,0.152,-26.7,0.236,-46.085,-0.199,17.637,0.311,-48.033,0.388,-67.418,0.481,-65.67,0.545,-85.054,0.087,-19.384,0.602,0.211,0.177,0.734,0.385,0.323,-0.503,-0.753,-0.222,-0.868,-1.3,-0.456,0.237,0.174,0.146,-0.645,-1.355,-0.399,-0.906,-1.902,-0.667,-0.882,-1.237,-0.545,-1.143,-1.602,-0.841,-0.26,-0.365,-0.547,-0.142,-0.148,-0.297,-0.514,-0.544,-0.812,0.075,0.131,0.097,0.109,0.179,0.135,-0.402,-0.431,-0.515,0.215,0.412,0.245,0.253,0.452,0.277,0.568,0.843,0.675,0.617,0.854,0.693,0.049,0.038,0.034,-2.139,-2.686,0.363,-0.478,0.419,-0.126,-1.428,-1.794,-0.049,-0.715,0.036,-0.363,0.691,-0.911,-0.139,-2.041,0.918,1.065,0.952,-0.286,0.122,-1.233,1.094,1.269,-1.451,-1.998,1.051,0.21,1.108,0.563,-0.068,-0.524,0.05,-0.171,-0.195,-1.495,1.287,1.611,0.171,-0.583,1.534,1.919,1.574,0.908,1.659,1.26,0.762,0.306,0.88,0.658,2.235,2.412,2.663,2.874,0.295,0.442,-0.093,0.231,-0.267,-0.09,-0.167,21.534,-0.361,39.786,0.141,-24.635,0.264,-53.876,-0.206,18.252,0.301,-46.169,0.413,-75.41,0.477,-64.421,0.57,-93.662,0.128,-29.241,0.611,0.216,0.167,0.743,0.399,0.309,-0.46,-0.699,-0.191,-1.007,-1.528,-0.54,0.243,0.183,0.142,-0.615,-1.309,-0.358,-1.005,-2.138,-0.756,-0.858,-1.204,-0.5,-1.248,-1.75,-0.94,-0.39,-0.546,-0.829,-0.14,-0.148,-0.301,-0.523,-0.568,-0.845,0.07,0.125,0.091,0.118,0.194,0.145,-0.414,-0.459,-0.544,0.208,0.411,0.24,0.262,0.468,0.285,0.572,0.869,0.693,0.644,0.882,0.717,0.071,0.055,0.048,-2.114,-2.943,0.359,-0.58,0.44,-0.06,-1.393,-1.939,-0.067,-0.823,0.055,-0.303,0.669,-1.081,-0.189,-2.328,0.913,1.055,1.059,-0.145,0.2,-1.109,1.181,1.364,-1.424,-2.253,1.049,0.109,1.129,0.629,-0.094,-0.634,0.077,-0.114,-0.265,-1.793,1.281,1.589,0.281,-0.418,1.656,2.055,1.591,0.835,1.713,1.355,0.765,0.224,0.935,0.744,2.245,2.412,2.903,3.119,0.338,0.479,-0.045,0.263,-0.228,-0.061
2020-02-20,CTD10,4170388,695646,0.008911794,0.014076326,0.021459026,0.006759279,0.004573012,0.0011213826,0.0011291548,0.0004512749,0.008930458,0.014052155,0.021496147,0.0069939876,0.0046953233,0.0011137166,0.106368035,-8.000000000000001e-45,1.171,-0.225,41.17,-0.413,65.61,0.137,-35.734,0.322,-106.463,-0.208,24.441,0.351,-76.904,0.51,-147.633,0.521,-101.344,0.649,-172.074,0.193,-70.729,0.883,0.278,0.188,0.924,0.443,0.3,-0.503,-0.767,-0.163,-1.499,-2.285,-0.72,0.218,0.165,0.112,-0.685,-1.65,-0.352,-1.316,-3.168,-0.998,-0.903,-1.427,-0.463,-1.533,-2.422,-1.163,-0.63,-0.996,-1.518,-0.183,-0.198,-0.456,-0.602,-0.673,-1.107,0.061,0.115,0.083,0.122,0.208,0.154,-0.471,-0.547,-0.651,0.241,0.543,0.281,0.313,0.606,0.337,0.639,1.09,0.788,0.735,1.078,0.81,0.095,0.072,0.062,-2.542,-4.059,0.318,-0.845,0.42,-0.043,-1.667,-2.663,-0.065,-1.063,0.09,-0.261,0.662,-1.76,-0.206,-3.374,0.994,1.105,1.293,-0.134,0.424,-1.226,1.469,1.634,-1.595,-3.113,1.265,0.101,1.366,0.903,-0.103,-0.822,0.143,-0.021,-0.325,-2.61,1.569,1.869,0.67,-0.097,2.32,2.763,1.928,0.93,2.083,1.731,0.766,0.046,1.011,0.848,2.662,2.85,3.934,4.212,0.434,0.545,-0.033,0.267,-0.198,-0.01,-0.223,40.813,-0.413,65.456,0.122,-31.004,0.311,-101.002,-0.209,24.643,0.335,-71.816,0.499,-141.814,0.509,-96.46,0.641,-166.458,0.197,-69.998,0.877,0.285,0.192,0.92,0.458,0.307,-0.436,-0.666,-0.146,-1.419,-2.171,-0.706,0.22,0.172,0.116,-0.641,-1.544,-0.337,-1.266,-3.048,-0.992,-0.861,-1.355,-0.453,-1.487,-2.339,-1.164,-0.625,-0.984,-1.505,-0.18,-0.196,-0.438,-0.597,-0.67,-1.075,0.054,0.103,0.074,0.119,0.201,0.149,-0.467,-0.546,-0.637,0.232,0.518,0.269,0.308,0.588,0.328,0.631,1.064,0.774,0.731,1.055,0.798,0.1,0.076,0.065,-2.438,-3.943,0.31,-0.854,0.417,-0.036,-1.594,-2.577,-0.082,-1.074,0.081,-0.256,0.623,-1.716,-0.253,-3.301,0.943,1.058,1.248,-0.107,0.372,-1.172,1.404,1.577,-1.5,-3.005,1.248,0.084,1.355,0.902,-0.129,-0.836,0.128,-0.018,-0.398,-2.569,1.483,1.791,0.586,-0.081,2.21,2.667,1.909,0.917,2.073,1.736,0.747,0.04,1.004,0.858,2.548,2.739,3.795,4.08,0.449,0.565,-0.028,0.279,-0.2,-0.009
2020-02-20,CTD11,4169609,700351,0.01254407,0.018409293,0.02765451,0.010713988,0.008003925,0.0021055664,0.0020999804,0.00084447383,0.012470681,0.01839029,0.02766835,0.010834622,0.007934584,0.0020629866,0.18179959,-8.000000000000001e-45,1.441,-0.189,25.399,-0.376,43.558,0.079,-13.617,0.221,-45.22,-0.201,18.16,0.264,-39.016,0.394,-70.618,0.442,-57.175,0.551,-88.778,0.145,-31.603,0.702,0.272,0.203,0.802,0.467,0.349,-0.251,-0.377,-0.109,-0.832,-1.251,-0.484,0.228,0.195,0.145,-0.489,-1.079,-0.312,-0.886,-1.953,-0.757,-0.717,-1.053,-0.458,-1.114,-1.634,-0.951,-0.396,-0.582,-0.874,-0.153,-0.164,-0.313,-0.519,-0.572,-0.807,0.04,0.069,0.051,0.099,0.156,0.118,-0.398,-0.45,-0.494,0.191,0.375,0.216,0.259,0.447,0.271,0.547,0.824,0.641,0.635,0.845,0.675,0.088,0.067,0.059,-1.9,-2.774,0.294,-0.657,0.392,-0.066,-1.265,-1.846,-0.128,-0.885,0.019,-0.293,0.505,-1.129,-0.331,-2.284,0.736,0.881,0.902,-0.151,0.065,-1.014,0.985,1.18,-1.114,-1.988,1.08,0.129,1.178,0.721,-0.188,-0.673,0.028,-0.081,-0.486,-1.737,1.08,1.429,0.095,-0.281,1.446,1.913,1.623,0.866,1.77,1.458,0.648,0.164,0.864,0.755,1.943,2.146,2.601,2.873,0.419,0.565,-0.056,0.293,-0.251,-0.047,-0.192,25.812,-0.379,44.046,0.07,-12.109,0.222,-45.842,-0.201,18.234,0.259,-37.92,0.397,-71.654,0.437,-56.154,0.554,-89.888,0.155,-33.734,0.714,0.28,0.205,0.81,0.477,0.349,-0.223,-0.335,-0.096,-0.843,-1.268,-0.497,0.227,0.198,0.145,-0.473,-1.049,-0.301,-0.894,-1.983,-0.776,-0.7,-1.033,-0.446,-1.121,-1.653,-0.974,-0.421,-0.62,-0.933,-0.154,-0.166,-0.315,-0.52,-0.577,-0.81,0.036,0.062,0.046,0.098,0.155,0.118,-0.398,-0.455,-0.494,0.188,0.37,0.212,0.26,0.449,0.272,0.545,0.825,0.639,0.639,0.847,0.675,0.094,0.072,0.063,-1.876,-2.809,0.287,-0.687,0.391,-0.054,-1.247,-1.867,-0.138,-0.915,0.019,-0.282,0.486,-1.167,-0.354,-2.336,0.72,0.864,0.907,-0.126,0.067,-0.982,0.983,1.18,-1.079,-2.012,1.083,0.109,1.188,0.742,-0.204,-0.701,0.028,-0.068,-0.521,-1.79,1.061,1.411,0.099,-0.236,1.449,1.926,1.63,0.853,1.787,1.486,0.636,0.139,0.868,0.772,1.917,2.122,2.618,2.898,0.437,0.582,-0.047,0.302,-0.245,-0.04
2020-02-20,CTD12,4173438,695414,0.00856566,0.011917855,0.017835483,0.004802921,0.004175926,0.0009905184,0.0010126217,0.0003861343,0.008597531,0.011725927,0.0179631,0.0049651666,0.0038135978,0.0010585104,0.38130382,-8.000000000000001e-45,1.678,-0.164,32.838,-0.351,60.677,0.281,-91.461,0.345,-122.723,-0.199,27.84,0.426,-124.299,0.481,-155.56,0.576,-152.139,0.621,-183.4,0.07,-31.261,0.586,0.158,0.137,0.723,0.291,0.253,-1.09,-1.631,-0.382,-1.463,-2.189,-0.589,0.238,0.134,0.116,-1.065,-2.217,-0.519,-1.332,-2.774,-0.747,-1.303,-1.813,-0.635,-1.571,-2.186,-0.881,-0.268,-0.373,-0.558,-0.148,-0.152,-0.373,-0.554,-0.576,-1.032,0.126,0.234,0.171,0.148,0.263,0.194,-0.443,-0.464,-0.659,0.269,0.558,0.323,0.293,0.579,0.342,0.636,1.023,0.81,0.667,1.022,0.817,0.031,0.024,0.021,-2.995,-3.552,0.449,-0.431,0.485,-0.151,-2.001,-2.374,0.077,-0.67,0.13,-0.389,1.115,-1.071,0.287,-2.488,1.433,1.549,1.383,-0.43,0.555,-1.662,1.648,1.782,-2.322,-2.88,1.122,0.241,1.157,0.522,0.107,-0.482,0.181,-0.201,0.399,-1.79,1.994,2.247,0.772,-0.86,2.293,2.585,1.679,0.932,1.732,1.213,0.936,0.346,1.009,0.627,3.226,3.363,3.71,3.868,0.21,0.327,-0.085,0.169,-0.218,-0.081,-0.154,31.031,-0.353,60.643,0.268,-85.091,0.385,-145.907,-0.21,29.611,0.405,-116.122,0.509,-176.938,0.567,-145.733,0.65,-206.55,0.131,-60.816,0.557,0.154,0.118,0.711,0.301,0.231,-0.998,-1.528,-0.325,-1.711,-2.621,-0.724,0.255,0.147,0.113,-0.998,-2.086,-0.443,-1.521,-3.178,-0.879,-1.253,-1.709,-0.556,-1.776,-2.422,-1.026,-0.523,-0.713,-1.092,-0.136,-0.144,-0.356,-0.561,-0.603,-1.067,0.122,0.234,0.167,0.161,0.287,0.209,-0.46,-0.503,-0.71,0.255,0.545,0.31,0.298,0.583,0.345,0.64,1.047,0.836,0.696,1.043,0.848,0.057,0.043,0.039,-2.885,-3.977,0.457,-0.569,0.521,-0.035,-1.883,-2.596,0.055,-0.823,0.153,-0.289,1.079,-1.343,0.2,-2.979,1.406,1.519,1.602,-0.107,0.723,-1.363,1.831,1.978,-2.254,-3.346,1.087,0.062,1.152,0.596,0.075,-0.649,0.209,-0.115,0.272,-2.349,1.918,2.149,0.985,-0.543,2.497,2.798,1.666,0.787,1.764,1.321,0.954,0.23,1.088,0.764,3.174,3.293,4.133,4.287,0.252,0.365,-0.02,0.211,-0.167,-0.049
2020-03-11,CTD1,4187246,695025,0.020829963,0.028908497,0.03976162,0.015403009,0.011462194,0.0030595793,0.0030617064,0.0012134758,0.020532893,0.028979966,0.039979037,0.01545267,0.011285016,0.0029146995,0.16529386,-8.000000000000001e-45,0.146,-0.162,13.416,-0.312,22.858,0.15,-16.915,0.29,-39.236,-0.158,9.442,0.305,-30.33,0.432,-52.651,0.442,-39.772,0.552,-62.093,0.147,-22.321,0.533,0.207,0.154,0.661,0.352,0.262,-0.489,-0.673,-0.194,-1.134,-1.56,-0.604,0.197,0.145,0.108,-0.632,-1.206,-0.348,-1.097,-2.094,-0.811,-0.828,-1.15,-0.456,-1.293,-1.795,-0.956,-0.465,-0.645,-0.888,-0.146,-0.158,-0.301,-0.427,-0.469,-0.705,0.079,0.134,0.106,0.136,0.211,0.17,-0.3,-0.336,-0.404,0.223,0.418,0.264,0.288,0.482,0.316,0.49,0.754,0.603,0.569,0.781,0.639,0.079,0.065,0.057,-1.861,-2.748,0.333,-0.623,0.432,-0.024,-1.353,-1.998,-0.009,-0.82,0.127,-0.22,0.625,-1.17,-0.023,-2.117,0.956,1.064,1.09,-0.06,0.442,-0.764,1.284,1.43,-1.194,-2.081,1.0,0.044,1.1,0.644,-0.012,-0.617,0.177,-0.017,-0.032,-1.592,1.327,1.589,0.613,-0.059,1.783,2.135,1.376,0.565,1.512,1.165,0.636,0.032,0.825,0.631,2.031,2.185,2.729,2.936,0.343,0.451,-0.017,0.245,-0.163,-0.009,-0.171,14.196,-0.321,23.689,0.141,-16.011,0.291,-39.911,-0.16,9.493,0.304,-30.207,0.439,-54.106,0.442,-39.701,0.56,-63.6,0.156,-23.899,0.568,0.219,0.16,0.687,0.366,0.267,-0.464,-0.64,-0.181,-1.157,-1.596,-0.617,0.195,0.147,0.107,-0.62,-1.208,-0.341,-1.111,-2.163,-0.836,-0.815,-1.151,-0.448,-1.306,-1.843,-0.983,-0.491,-0.693,-0.955,-0.152,-0.165,-0.316,-0.438,-0.483,-0.727,0.074,0.126,0.099,0.134,0.208,0.167,-0.306,-0.346,-0.411,0.224,0.425,0.264,0.292,0.492,0.319,0.495,0.771,0.609,0.58,0.797,0.646,0.084,0.069,0.06,-1.879,-2.834,0.322,-0.661,0.426,-0.022,-1.362,-2.054,-0.02,-0.856,0.124,-0.217,0.604,-1.239,-0.051,-2.214,0.939,1.046,1.095,-0.056,0.44,-0.768,1.286,1.433,-1.176,-2.131,1.025,0.042,1.129,0.681,-0.028,-0.644,0.175,-0.005,-0.072,-1.667,1.326,1.593,0.621,-0.019,1.815,2.181,1.414,0.578,1.558,1.217,0.627,0.01,0.83,0.649,2.038,2.198,2.79,3.009,0.363,0.47,-0.016,0.251,-0.163,-0.003
2020-03-11,CTD2,4181518,693105,0.016744228,0.023778055,0.034111485,0.014015491,0.010563521,0.0028602644,0.0028534492,0.0011410123,0.01654333,0.023826176,0.03419852,0.0140483305,0.010436784,0.0027516284,0.17236567,-8.000000000000001e-45,0.16,-0.174,17.666,-0.342,30.406,0.089,-11.628,0.226,-34.943,-0.179,12.74,0.258,-29.294,0.385,-52.61,0.418,-42.034,0.527,-65.35,0.14,-23.316,0.603,0.248,0.187,0.723,0.426,0.321,-0.276,-0.397,-0.123,-0.831,-1.192,-0.49,0.213,0.179,0.135,-0.491,-0.999,-0.309,-0.881,-1.795,-0.737,-0.704,-0.999,-0.444,-1.094,-1.554,-0.916,-0.39,-0.554,-0.795,-0.146,-0.157,-0.286,-0.46,-0.506,-0.707,0.047,0.079,0.061,0.107,0.164,0.128,-0.336,-0.378,-0.42,0.192,0.358,0.219,0.26,0.43,0.275,0.496,0.736,0.585,0.581,0.766,0.623,0.085,0.068,0.06,-1.73,-2.525,0.293,-0.623,0.395,-0.05,-1.206,-1.76,-0.099,-0.836,0.047,-0.263,0.498,-1.056,-0.24,-2.034,0.75,0.885,0.888,-0.111,0.151,-0.849,0.996,1.174,-1.014,-1.809,1.009,0.093,1.11,0.666,-0.14,-0.63,0.066,-0.057,-0.341,-1.533,1.066,1.387,0.214,-0.183,1.414,1.84,1.448,0.71,1.593,1.284,0.598,0.108,0.804,0.681,1.803,1.99,2.392,2.64,0.393,0.527,-0.041,0.28,-0.22,-0.033,-0.18,18.477,-0.348,31.206,0.082,-10.736,0.226,-35.368,-0.179,12.73,0.258,-29.212,0.391,-53.844,0.418,-41.942,0.532,-66.574,0.147,-24.632,0.632,0.26,0.193,0.744,0.438,0.326,-0.256,-0.367,-0.112,-0.843,-1.21,-0.497,0.211,0.179,0.133,-0.483,-0.999,-0.305,-0.891,-1.841,-0.756,-0.694,-0.999,-0.438,-1.101,-1.586,-0.935,-0.407,-0.587,-0.842,-0.151,-0.163,-0.297,-0.466,-0.515,-0.721,0.043,0.073,0.056,0.105,0.161,0.127,-0.339,-0.384,-0.424,0.193,0.362,0.219,0.264,0.438,0.278,0.499,0.747,0.588,0.589,0.777,0.627,0.089,0.071,0.062,-1.74,-2.582,0.284,-0.652,0.389,-0.049,-1.212,-1.799,-0.106,-0.862,0.046,-0.259,0.481,-1.105,-0.258,-2.099,0.74,0.872,0.888,-0.111,0.15,-0.849,0.995,1.174,-0.994,-1.837,1.029,0.094,1.135,0.697,-0.152,-0.649,0.066,-0.046,-0.371,-1.581,1.065,1.391,0.216,-0.151,1.434,1.872,1.478,0.721,1.629,1.324,0.586,0.089,0.804,0.692,1.803,1.996,2.428,2.687,0.411,0.544,-0.041,0.284,-0.22,-0.027
2020-03-11,CTD3,4181698,695238,0.009560336,0.0138354255,0.021795278,0.008043668,0.0067048115,0.0017541822,0.0017335562,0.00069508306,0.009550841,0.013698751,0.021873036,0.008176596,0.00637407,0.0017865844,0.33964074,-8.000000000000001e-45,0.989,-0.183,32.321,-0.39,58.717,0.086,-19.723,0.176,-44.548,-0.223,26.397,0.265,-52.043,0.347,-76.868,0.461,-78.44,0.529,-103.265,0.091,-24.825,0.704,0.26,0.217,0.812,0.472,0.394,-0.273,-0.43,-0.132,-0.616,-0.971,-0.358,0.252,0.212,0.177,-0.498,-1.134,-0.349,-0.735,-1.675,-0.618,-0.75,-1.085,-0.526,-0.987,-1.429,-0.831,-0.237,-0.343,-0.541,-0.143,-0.15,-0.29,-0.559,-0.596,-0.83,0.043,0.074,0.053,0.08,0.131,0.096,-0.452,-0.489,-0.54,0.185,0.356,0.203,0.227,0.405,0.239,0.588,0.845,0.669,0.645,0.857,0.69,0.057,0.043,0.038,-2.019,-2.56,0.322,-0.509,0.383,-0.143,-1.281,-1.625,-0.143,-0.761,-0.046,-0.395,0.554,-0.875,-0.387,-2.062,0.704,0.881,0.791,-0.294,-0.149,-1.284,0.845,1.057,-1.262,-1.804,1.078,0.247,1.14,0.614,-0.207,-0.565,-0.067,-0.199,-0.56,-1.531,1.019,1.412,-0.216,-0.646,1.222,1.694,1.698,1.08,1.795,1.446,0.734,0.376,0.874,0.742,2.008,2.225,2.409,2.669,0.357,0.534,-0.12,0.274,-0.332,-0.116,-0.178,31.703,-0.392,58.984,0.078,-17.597,0.199,-52.183,-0.23,27.281,0.252,-49.301,0.365,-83.886,0.456,-76.582,0.549,-111.167,0.124,-34.585,0.693,0.259,0.202,0.808,0.482,0.376,-0.241,-0.385,-0.112,-0.715,-1.141,-0.427,0.261,0.223,0.174,-0.471,-1.078,-0.314,-0.801,-1.835,-0.686,-0.731,-1.049,-0.488,-1.062,-1.523,-0.909,-0.33,-0.474,-0.756,-0.138,-0.147,-0.285,-0.563,-0.614,-0.847,0.039,0.068,0.049,0.089,0.145,0.106,-0.461,-0.513,-0.562,0.176,0.347,0.195,0.233,0.413,0.244,0.589,0.86,0.682,0.667,0.874,0.709,0.078,0.057,0.051,-1.978,-2.734,0.323,-0.586,0.406,-0.082,-1.239,-1.712,-0.16,-0.846,-0.029,-0.343,0.542,-0.981,-0.429,-2.263,0.703,0.877,0.872,-0.177,-0.098,-1.177,0.902,1.125,-1.241,-1.997,1.06,0.152,1.143,0.655,-0.23,-0.657,-0.041,-0.153,-0.615,-1.756,1.008,1.384,-0.141,-0.526,1.293,1.775,1.693,1.007,1.825,1.511,0.741,0.314,0.929,0.817,2.008,2.21,2.575,2.835,0.391,0.565,-0.07,0.305,-0.294,-0.091
2020-03-11,CTD4,4180266,698264,0.012642662,0.018534312,0.027029222,0.009038309,0.006648094,0.0016784288,0.0016848248,0.0006702147,0.0126027,0.018484844,0.027083252,0.009247157,0.006566852,0.0016621324,0.18434426,-8.000000000000001e-45,1.804,-0.189,25.143,-0.363,42.1,0.166,-31.543,0.311,-71.322,-0.186,16.957,0.344,-56.686,0.472,-96.465,0.499,-73.643,0.605,-113.422,0.152,-39.779,0.68,0.227,0.167,0.78,0.381,0.28,-0.585,-0.853,-0.21,-1.322,-1.928,-0.645,0.214,0.153,0.113,-0.717,-1.532,-0.377,-1.22,-2.607,-0.872,-0.931,-1.365,-0.49,-1.434,-2.102,-1.025,-0.503,-0.737,-1.075,-0.163,-0.175,-0.376,-0.522,-0.571,-0.917,0.079,0.143,0.107,0.132,0.217,0.166,-0.392,-0.44,-0.542,0.239,0.492,0.282,0.3,0.548,0.33,0.577,0.933,0.714,0.654,0.94,0.739,0.077,0.06,0.052,-2.308,-3.384,0.348,-0.677,0.436,-0.053,-1.583,-2.32,-0.02,-0.892,0.109,-0.268,0.713,-1.389,-0.06,-2.667,1.04,1.153,1.216,-0.149,0.443,-1.089,1.414,1.567,-1.525,-2.6,1.132,0.106,1.22,0.73,-0.029,-0.674,0.16,-0.05,-0.087,-2.015,1.525,1.805,0.65,-0.203,2.073,2.454,1.65,0.778,1.779,1.402,0.743,0.099,0.932,0.723,2.465,2.632,3.351,3.578,0.356,0.469,-0.038,0.242,-0.191,-0.024,-0.189,25.25,-0.365,42.425,0.154,-28.793,0.315,-72.932,-0.189,17.175,0.333,-54.043,0.476,-98.182,0.491,-71.218,0.61,-115.357,0.169,-44.139,0.684,0.233,0.166,0.784,0.392,0.279,-0.532,-0.78,-0.189,-1.348,-1.975,-0.674,0.216,0.159,0.113,-0.681,-1.464,-0.355,-1.237,-2.659,-0.908,-0.898,-1.316,-0.468,-1.454,-2.132,-1.067,-0.556,-0.816,-1.195,-0.162,-0.175,-0.372,-0.522,-0.578,-0.916,0.074,0.134,0.1,0.132,0.218,0.166,-0.394,-0.449,-0.544,0.233,0.482,0.275,0.3,0.545,0.328,0.574,0.93,0.712,0.66,0.939,0.74,0.086,0.068,0.059,-2.247,-3.442,0.34,-0.726,0.439,-0.028,-1.534,-2.35,-0.035,-0.943,0.11,-0.245,0.68,-1.452,-0.102,-2.761,1.008,1.12,1.237,-0.08,0.454,-1.01,1.419,1.578,-1.462,-2.657,1.125,0.059,1.224,0.757,-0.051,-0.726,0.161,-0.028,-0.15,-2.125,1.478,1.757,0.666,-0.114,2.081,2.473,1.649,0.741,1.794,1.439,0.731,0.057,0.944,0.755,2.408,2.574,3.39,3.624,0.378,0.491,-0.021,0.258,-0.18,-0.014
2020-03-11,CTD6,4176009,695829,0.0063758087,0.009604063,0.017356955,0.007309659,0.0067594233,0.0018000212,0.0017539309,0.00071570685,0.0064009367,0.009459405,0.017515514,0.0074772504,0.006252748,0.0018738728,0.5187736,-8.000000000000001e-45,3.703,-0.202,52.72,-0.463,99.229,-0.068,20.038,-0.029,8.901,-0.288,46.509,0.136,-32.683,0.174,-43.819,0.407,-79.191,0.439,-90.328,0.039,-11.136,0.915,0.385,0.356,0.953,0.725,0.671,0.192,0.348,0.135,0.085,0.154,0.065,0.297,0.34,0.314,-0.208,-0.567,-0.221,-0.279,-0.761,-0.32,-0.505,-0.761,-0.535,-0.576,-0.868,-0.66,-0.071,-0.107,-0.193,-0.131,-0.134,-0.229,-0.649,-0.671,-0.781,-0.035,-0.057,-0.039,-0.014,-0.023,-0.016,-0.567,-0.59,-0.551,0.097,0.175,0.095,0.12,0.208,0.115,0.629,0.765,0.614,0.663,0.774,0.627,0.034,0.023,0.02,-1.711,-1.904,0.243,-0.418,0.274,-0.261,-0.947,-1.054,-0.394,-0.714,-0.336,-0.557,0.319,-0.549,-0.935,-1.696,0.168,0.483,0.39,-0.371,-0.864,-1.431,0.182,0.522,-0.868,-1.061,1.085,0.425,1.117,0.582,-0.593,-0.528,-0.507,-0.371,-1.408,-1.254,0.254,0.924,-1.301,-0.954,0.274,1.0,1.961,1.641,2.019,1.798,0.661,0.726,0.747,0.883,1.314,1.671,1.421,1.807,0.443,0.757,-0.299,0.372,-0.639,-0.283,-0.193,50.512,-0.465,99.135,-0.078,22.488,0.012,-3.703,-0.299,48.623,0.117,-28.024,0.204,-54.215,0.402,-76.647,0.474,-102.837,0.089,-26.191,0.885,0.378,0.316,0.938,0.741,0.62,0.213,0.394,0.141,-0.035,-0.065,-0.028,0.311,0.364,0.304,-0.179,-0.491,-0.175,-0.347,-0.95,-0.405,-0.491,-0.725,-0.479,-0.658,-0.973,-0.769,-0.168,-0.248,-0.459,-0.122,-0.129,-0.223,-0.656,-0.707,-0.81,-0.04,-0.069,-0.045,0.005,0.009,0.006,-0.58,-0.637,-0.587,0.083,0.157,0.083,0.134,0.231,0.128,0.633,0.793,0.639,0.71,0.812,0.665,0.077,0.051,0.045,-1.666,-2.125,0.25,-0.519,0.32,-0.16,-0.9,-1.147,-0.425,-0.83,-0.296,-0.471,0.316,-0.657,-0.996,-1.945,0.195,0.499,0.484,-0.241,-0.828,-1.319,0.233,0.597,-0.865,-1.323,1.051,0.282,1.121,0.642,-0.628,-0.656,-0.437,-0.296,-1.471,-1.536,0.288,0.908,-1.224,-0.83,0.345,1.086,1.946,1.541,2.075,1.9,0.684,0.656,0.875,1.015,1.366,1.681,1.633,2.011,0.507,0.811,-0.186,0.433,-0.55,-0.234
2020-03-11,CTD7,4176724,690397,0.013156644,0.02169777,0.036194414,0.013627163,0.009918031,0.0025076647,0.002492976,0.0009818252,0.013060525,0.02174241,0.036338866,0.013820902,0.009867805,0.002453655,0.16210818,-8.000000000000001e-45,2.584,-0.245,29.92,-0.467,48.379,-0.018,2.624,0.14,-24.819,-0.25,18.459,0.228,-27.295,0.373,-54.739,0.453,-45.754,0.57,-73.198,0.158,-27.444,1.083,0.408,0.297,1.05,0.659,0.48,0.057,0.095,0.026,-0.539,-0.898,-0.338,0.243,0.252,0.183,-0.359,-0.988,-0.271,-0.72,-1.981,-0.746,-0.602,-0.993,-0.454,-0.963,-1.588,-0.997,-0.361,-0.595,-0.993,-0.171,-0.185,-0.363,-0.652,-0.729,-0.978,-0.008,-0.015,-0.01,0.056,0.092,0.065,-0.541,-0.628,-0.616,0.164,0.35,0.175,0.239,0.44,0.236,0.647,0.978,0.714,0.754,0.981,0.744,0.106,0.075,0.064,-2.05,-3.043,0.23,-0.768,0.332,-0.121,-1.229,-1.824,-0.265,-1.01,-0.094,-0.364,0.366,-1.222,-0.703,-2.684,0.508,0.691,0.727,-0.266,-0.342,-1.33,0.698,0.95,-1.007,-2.0,1.273,0.275,1.375,0.921,-0.436,-0.775,-0.154,-0.128,-1.159,-2.057,0.838,1.318,-0.563,-0.468,1.152,1.811,2.123,1.377,2.294,2.023,0.632,0.294,0.914,0.94,1.902,2.199,2.614,3.021,0.579,0.762,-0.126,0.354,-0.377,-0.081,-0.249,30.574,-0.471,49.048,-0.028,4.212,0.139,-24.773,-0.251,18.474,0.223,-26.361,0.376,-55.347,0.449,-44.835,0.573,-73.821,0.167,-28.985,1.111,0.423,0.302,1.066,0.678,0.484,0.092,0.153,0.042,-0.539,-0.9,-0.342,0.241,0.255,0.182,-0.344,-0.958,-0.26,-0.723,-2.011,-0.765,-0.586,-0.975,-0.442,-0.964,-1.605,-1.02,-0.379,-0.63,-1.053,-0.173,-0.188,-0.366,-0.655,-0.736,-0.983,-0.013,-0.024,-0.016,0.055,0.09,0.064,-0.543,-0.637,-0.616,0.16,0.345,0.171,0.24,0.442,0.237,0.647,0.982,0.712,0.761,0.985,0.744,0.114,0.08,0.068,-2.029,-3.082,0.22,-0.8,0.329,-0.113,-1.214,-1.844,-0.276,-1.041,-0.094,-0.355,0.347,-1.258,-0.726,-2.738,0.491,0.673,0.725,-0.25,-0.348,-1.306,0.688,0.943,-0.965,-2.018,1.284,0.264,1.393,0.951,-0.46,-0.802,-0.157,-0.116,-1.209,-2.109,0.818,1.302,-0.579,-0.426,1.145,1.823,2.147,1.382,2.328,2.068,0.613,0.271,0.916,0.957,1.874,2.175,2.624,3.047,0.604,0.787,-0.12,0.364,-0.375,-0.074
2020-03-11,CTD8,4174178,693048,0.013067291,0.019133046,0.031185541,0.015158196,0.013092324,0.0037207347,0.0035818166,0.0014624059,0.012911219,0.019039055,0.031322937,0.015160559,0.012516689,0.0036864232,0.36553594,-8.000000000000001e-45,2.569,-0.188,24.261,-0.409,44.461,-0.074,10.556,-0.001,0.146,-0.24,20.199,0.116,-13.705,0.187,-24.115,0.346,-33.905,0.409,-44.314,0.073,-10.41,0.757,0.368,0.318,0.851,0.674,0.582,0.202,0.329,0.138,0.003,0.005,0.002,0.264,0.306,0.264,-0.179,-0.427,-0.179,-0.315,-0.752,-0.366,-0.443,-0.649,-0.444,-0.579,-0.848,-0.672,-0.136,-0.199,-0.325,-0.131,-0.137,-0.215,-0.528,-0.562,-0.641,-0.042,-0.065,-0.047,-0.0,-0.001,-0.001,-0.427,-0.461,-0.427,0.09,0.152,0.09,0.137,0.214,0.13,0.498,0.613,0.497,0.562,0.641,0.528,0.064,0.047,0.041,-1.374,-1.699,0.197,-0.475,0.263,-0.181,-0.843,-1.042,-0.373,-0.739,-0.265,-0.445,0.249,-0.599,-0.768,-1.52,0.178,0.442,0.385,-0.264,-0.632,-1.059,0.206,0.512,-0.593,-0.918,0.978,0.306,1.044,0.6,-0.546,-0.544,-0.388,-0.25,-1.124,-1.12,0.26,0.842,-0.925,-0.596,0.301,0.975,1.594,1.229,1.702,1.523,0.47,0.472,0.628,0.766,1.055,1.373,1.222,1.59,0.476,0.74,-0.21,0.372,-0.516,-0.198,-0.192,24.928,-0.416,45.527,-0.08,11.491,0.016,-2.441,-0.244,20.598,0.113,-13.437,0.207,-27.37,0.348,-34.035,0.429,-47.968,0.096,-13.933,0.781,0.378,0.312,0.867,0.69,0.57,0.219,0.36,0.144,-0.046,-0.076,-0.037,0.266,0.312,0.258,-0.173,-0.421,-0.168,-0.353,-0.857,-0.415,-0.439,-0.648,-0.426,-0.619,-0.913,-0.727,-0.18,-0.265,-0.436,-0.132,-0.14,-0.221,-0.538,-0.583,-0.665,-0.045,-0.071,-0.051,0.008,0.012,0.008,-0.438,-0.483,-0.444,0.088,0.153,0.088,0.147,0.232,0.14,0.506,0.636,0.512,0.589,0.67,0.55,0.083,0.06,0.052,-1.388,-1.824,0.194,-0.533,0.279,-0.147,-0.844,-1.109,-0.384,-0.799,-0.245,-0.413,0.244,-0.669,-0.794,-1.651,0.194,0.452,0.424,-0.224,-0.614,-1.035,0.235,0.548,-0.591,-1.028,0.991,0.263,1.075,0.649,-0.566,-0.603,-0.362,-0.218,-1.17,-1.247,0.286,0.856,-0.905,-0.545,0.347,1.037,1.63,1.215,1.769,1.6,0.471,0.434,0.676,0.82,1.097,1.409,1.328,1.706,0.517,0.775,-0.173,0.397,-0.485,-0.173
2020-03-11,CTD10,4170388,695646,0.008480742,0.0133572,0.02258734,0.008751884,0.0067203674,0.0017451675,0.001725329,0.00070499023,0.008474747,0.013286386,0.022671258,0.008902088,0.0066251913,0.0017507856,0.23374052,-8.000000000000001e-45,0.566,-0.223,43.048,-0.454,73.642,-0.016,3.653,0.116,-30.887,-0.257,30.593,0.208,-39.395,0.331,-73.935,0.441,-69.989,0.541,-104.529,0.131,-34.54,0.972,0.377,0.289,0.984,0.645,0.495,0.049,0.083,0.025,-0.413,-0.698,-0.27,0.259,0.268,0.206,-0.334,-0.89,-0.265,-0.627,-1.67,-0.647,-0.594,-0.935,-0.47,-0.886,-1.396,-0.915,-0.293,-0.461,-0.78,-0.156,-0.166,-0.315,-0.638,-0.703,-0.912,-0.008,-0.014,-0.009,0.049,0.08,0.056,-0.536,-0.607,-0.597,0.148,0.303,0.157,0.214,0.385,0.212,0.634,0.91,0.689,0.727,0.921,0.718,0.093,0.065,0.057,-1.946,-2.726,0.247,-0.667,0.337,-0.133,-1.151,-1.612,-0.28,-0.927,-0.128,-0.392,0.378,-1.019,-0.722,-2.392,0.466,0.671,0.671,-0.264,-0.429,-1.319,0.607,0.874,-1.006,-1.786,1.188,0.273,1.277,0.807,-0.441,-0.711,-0.201,-0.177,-1.137,-1.835,0.734,1.229,-0.676,-0.593,0.956,1.6,2.008,1.361,2.16,1.895,0.659,0.389,0.899,0.923,1.788,2.078,2.329,2.706,0.529,0.734,-0.137,0.358,-0.405,-0.116,-0.221,42.733,-0.456,73.889,-0.025,5.664,0.122,-32.941,-0.261,31.156,0.198,-37.068,0.335,-75.674,0.436,-68.224,0.548,-106.83,0.147,-38.606,0.969,0.38,0.283,0.982,0.658,0.49,0.075,0.128,0.038,-0.438,-0.747,-0.293,0.264,0.277,0.206,-0.314,-0.84,-0.246,-0.641,-1.716,-0.674,-0.578,-0.906,-0.452,-0.905,-1.419,-0.951,-0.327,-0.513,-0.875,-0.152,-0.164,-0.31,-0.64,-0.713,-0.914,-0.012,-0.021,-0.015,0.051,0.083,0.059,-0.54,-0.622,-0.604,0.141,0.29,0.15,0.214,0.383,0.211,0.633,0.912,0.692,0.737,0.923,0.723,0.105,0.073,0.063,-1.909,-2.784,0.245,-0.706,0.346,-0.106,-1.119,-1.632,-0.296,-0.97,-0.125,-0.37,0.366,-1.053,-0.754,-2.47,0.453,0.66,0.693,-0.213,-0.427,-1.268,0.609,0.887,-0.979,-1.854,1.175,0.224,1.276,0.824,-0.464,-0.758,-0.196,-0.158,-1.183,-1.929,0.711,1.2,-0.67,-0.541,0.955,1.613,2.005,1.331,2.177,1.931,0.656,0.363,0.925,0.962,1.765,2.048,2.372,2.752,0.552,0.758,-0.112,0.378,-0.389,-0.106
2020-03-11,CTD11,4169609,700351,0.008749951,0.014128845,0.02503317,0.0116899,0.009110955,0.0024726032,0.0024416323,0.0010070264,0.008719241,0.014096835,0.025119344,0.011750047,0.009031668,0.0024545705,0.24207564,-8.000000000000001e-45,0.869,-0.235,43.509,-0.482,74.339,-0.144,28.742,-0.02,4.528,-0.278,30.83,0.094,-14.767,0.216,-38.981,0.363,-45.597,0.466,-69.811,0.124,-24.214,1.089,0.509,0.396,1.05,0.869,0.677,0.406,0.72,0.262,0.064,0.113,0.053,0.27,0.36,0.281,-0.129,-0.37,-0.135,-0.341,-0.976,-0.456,-0.399,-0.644,-0.415,-0.611,-0.986,-0.816,-0.212,-0.342,-0.606,-0.146,-0.158,-0.259,-0.631,-0.701,-0.783,-0.075,-0.127,-0.086,-0.009,-0.014,-0.01,-0.533,-0.611,-0.524,0.072,0.137,0.071,0.149,0.245,0.137,0.583,0.747,0.574,0.696,0.779,0.617,0.113,0.076,0.066,-1.522,-2.128,0.152,-0.664,0.255,-0.16,-0.859,-1.201,-0.478,-0.934,-0.295,-0.43,0.184,-0.802,-1.023,-1.999,0.104,0.385,0.396,-0.248,-0.811,-1.181,0.133,0.493,-0.527,-1.133,1.148,0.332,1.251,0.835,-0.772,-0.719,-0.477,-0.215,-1.652,-1.539,0.167,0.845,-1.31,-0.591,0.215,1.084,2.034,1.578,2.216,2.082,0.436,0.489,0.731,0.992,1.1,1.497,1.412,1.92,0.691,0.972,-0.214,0.463,-0.574,-0.178,-0.236,43.751,-0.485,74.879,-0.148,29.583,-0.018,3.967,-0.281,31.128,0.091,-14.168,0.219,-39.784,0.363,-45.296,0.471,-70.912,0.131,-25.615,1.099,0.514,0.395,1.056,0.88,0.676,0.417,0.743,0.267,0.056,0.1,0.047,0.271,0.366,0.281,-0.124,-0.356,-0.128,-0.347,-0.999,-0.467,-0.395,-0.639,-0.409,-0.618,-1.0,-0.833,-0.223,-0.361,-0.643,-0.146,-0.157,-0.259,-0.635,-0.709,-0.789,-0.077,-0.131,-0.089,-0.008,-0.012,-0.008,-0.538,-0.621,-0.53,0.069,0.132,0.069,0.15,0.247,0.137,0.586,0.753,0.578,0.705,0.786,0.622,0.119,0.08,0.069,-1.519,-2.163,0.151,-0.682,0.259,-0.15,-0.853,-1.214,-0.486,-0.954,-0.294,-0.422,0.181,-0.819,-1.04,-2.039,0.101,0.383,0.404,-0.234,-0.817,-1.172,0.132,0.498,-0.521,-1.165,1.149,0.316,1.257,0.848,-0.786,-0.74,-0.475,-0.207,-1.681,-1.582,0.164,0.84,-1.32,-0.577,0.213,1.093,2.047,1.58,2.24,2.112,0.434,0.481,0.746,1.013,1.102,1.497,1.434,1.948,0.707,0.988,-0.202,0.474,-0.568,-0.173
2020-03-11,CTD12,4173438,695414,0.0067841704,0.010433131,0.017088532,0.004219933,0.0034281504,0.00076698343,0.0007800531,0.00029635555,0.0067960387,0.010268339,0.017242856,0.0044018044,0.0031785502,0.00081725576,0.2782334,-2.878e-42,2.839,-0.212,51.553,-0.432,88.883,0.233,-89.569,0.329,-144.301,-0.242,37.33,0.424,-141.122,0.505,-195.854,0.604,-178.452,0.666,-233.184,0.104,-54.732,0.881,0.218,0.177,0.927,0.375,0.305,-0.934,-1.531,-0.307,-1.506,-2.466,-0.609,0.253,0.158,0.128,-0.957,-2.412,-0.484,-1.329,-3.347,-0.826,-1.211,-1.862,-0.612,-1.582,-2.433,-0.984,-0.371,-0.571,-0.935,-0.171,-0.178,-0.477,-0.703,-0.743,-1.347,0.093,0.185,0.125,0.122,0.229,0.157,-0.605,-0.652,-0.87,0.26,0.608,0.303,0.293,0.637,0.329,0.747,1.26,0.928,0.793,1.241,0.932,0.046,0.033,0.029,-3.399,-4.335,0.403,-0.581,0.45,-0.162,-2.075,-2.646,-0.007,-0.834,0.068,-0.415,0.997,-1.436,-0.03,-3.377,1.279,1.407,1.368,-0.493,0.341,-2.071,1.574,1.732,-2.512,-3.447,1.291,0.307,1.337,0.725,-0.011,-0.62,0.105,-0.202,-0.047,-2.512,1.967,2.272,0.524,-1.006,2.421,2.796,2.114,1.288,2.19,1.707,1.016,0.407,1.133,0.826,3.544,3.721,4.363,4.58,0.293,0.421,-0.101,0.204,-0.258,-0.082,-0.203,49.758,-0.435,89.15,0.214,-80.035,0.363,-167.464,-0.254,39.392,0.4,-129.793,0.527,-217.222,0.593,-169.185,0.689,-256.614,0.161,-87.429,0.858,0.219,0.158,0.915,0.392,0.283,-0.822,-1.38,-0.254,-1.72,-2.888,-0.737,0.268,0.173,0.125,-0.882,-2.238,-0.413,-1.476,-3.746,-0.956,-1.15,-1.737,-0.538,-1.744,-2.635,-1.13,-0.594,-0.898,-1.508,-0.16,-0.17,-0.458,-0.712,-0.777,-1.378,0.087,0.178,0.117,0.131,0.247,0.167,-0.623,-0.699,-0.92,0.244,0.588,0.287,0.295,0.633,0.328,0.753,1.287,0.955,0.824,1.256,0.959,0.072,0.051,0.044,-3.255,-4.763,0.407,-0.723,0.478,-0.06,-1.939,-2.836,-0.035,-0.991,0.085,-0.328,0.948,-1.687,-0.135,-3.881,1.234,1.36,1.543,-0.195,0.459,-1.779,1.709,1.883,-2.406,-3.914,1.256,0.126,1.327,0.789,-0.052,-0.789,0.128,-0.127,-0.204,-3.092,1.865,2.148,0.693,-0.687,2.583,2.975,2.109,1.152,2.228,1.815,1.032,0.294,1.212,0.957,3.45,3.608,4.777,4.996,0.338,0.463,-0.039,0.244,-0.212,-0.054
2020-05-20,CTD1,4187246,695025,0.017760355,0.0247501,0.03887324,0.013033569,0.012644158,0.0031984628,0.0031294161,0.0012014518,0.017441262,0.024367519,0.039276343,0.013254303,0.010974216,0.003284246,0.56587994,-8.000000000000001e-45,0.549,-0.164,15.901,-0.373,30.581,0.153,-20.42,0.168,-22.783,-0.222,14.679,0.31,-36.321,0.324,-38.684,0.498,-51.0,0.509,-53.363,0.015,-2.363,0.618,0.207,0.201,0.757,0.399,0.387,-0.505,-0.794,-0.258,-0.564,-0.886,-0.297,0.261,0.191,0.186,-0.645,-1.412,-0.459,-0.687,-1.504,-0.504,-0.906,-1.262,-0.645,-0.948,-1.321,-0.696,-0.042,-0.058,-0.092,-0.135,-0.136,-0.272,-0.559,-0.565,-0.822,0.074,0.126,0.092,0.08,0.135,0.099,-0.459,-0.465,-0.55,0.207,0.385,0.227,0.214,0.393,0.233,0.608,0.85,0.691,0.617,0.852,0.694,0.009,0.007,0.006,-2.265,-2.357,0.382,-0.313,0.392,-0.253,-1.442,-1.501,-0.07,-0.574,-0.054,-0.513,0.726,-0.595,-0.208,-1.712,0.852,1.037,0.768,-0.494,-0.166,-1.578,0.878,1.069,-1.589,-1.681,1.058,0.363,1.068,0.423,-0.097,-0.394,-0.075,-0.333,-0.29,-1.175,1.187,1.574,-0.231,-1.025,1.224,1.622,1.662,1.158,1.678,1.219,0.837,0.54,0.859,0.601,2.271,2.472,2.341,2.548,0.223,0.409,-0.185,0.201,-0.377,-0.176,-0.166,16.297,-0.385,31.875,0.136,-18.112,0.228,-33.787,-0.234,15.578,0.295,-34.409,0.379,-50.084,0.495,-49.987,0.563,-65.662,0.094,-15.675,0.64,0.216,0.179,0.777,0.422,0.35,-0.441,-0.711,-0.199,-0.823,-1.327,-0.448,0.272,0.206,0.171,-0.6,-1.351,-0.378,-0.874,-1.967,-0.664,-0.872,-1.218,-0.549,-1.145,-1.6,-0.87,-0.273,-0.382,-0.616,-0.132,-0.138,-0.286,-0.58,-0.618,-0.901,0.066,0.118,0.083,0.102,0.172,0.123,-0.486,-0.525,-0.615,0.196,0.391,0.221,0.236,0.436,0.255,0.622,0.916,0.736,0.677,0.922,0.752,0.055,0.04,0.036,-2.248,-2.863,0.378,-0.492,0.436,-0.112,-1.394,-1.776,-0.1,-0.764,-0.006,-0.384,0.695,-0.905,-0.296,-2.263,0.866,1.036,0.969,-0.249,-0.023,-1.374,1.045,1.252,-1.566,-2.182,1.06,0.189,1.118,0.569,-0.14,-0.587,-0.009,-0.208,-0.413,-1.741,1.209,1.559,-0.031,-0.743,1.46,1.883,1.708,1.044,1.802,1.424,0.852,0.404,0.983,0.784,2.334,2.513,2.819,3.035,0.31,0.481,-0.085,0.265,-0.292,-0.113
2020-05-20,CTD2,4181518,693105,0.012535535,0.01717453,0.019204697,0.0038241656,0.0025472317,0.0006237554,0.0006293292,0.00024528656,0.012599302,0.017135803,0.019256478,0.0039249943,0.002593688,0.00063142035,0.12863499,-8.000000000000001e-45,0.58,-0.156,21.547,-0.21,27.703,0.532,-181.722,0.662,-312.81,-0.056,6.155,0.636,-203.269,0.742,-334.357,0.668,-209.424,0.766,-340.512,0.2,-131.088,0.414,0.082,0.055,0.476,0.106,0.071,-3.121,-3.49,-0.463,-5.372,-6.007,-1.196,0.077,0.024,0.016,-2.548,-3.904,-0.518,-4.191,-6.421,-1.279,-2.625,-3.597,-0.533,-4.269,-5.848,-1.302,-1.643,-2.251,-2.518,-0.201,-0.213,-0.728,-0.318,-0.338,-1.047,0.239,0.442,0.4,0.275,0.476,0.434,-0.124,-0.135,-0.319,0.421,0.885,0.614,0.461,0.894,0.635,0.518,1.02,0.78,0.561,1.018,0.793,0.043,0.04,0.035,-4.292,-6.81,0.531,-0.771,0.597,0.064,-3.838,-6.09,0.43,-0.849,0.504,-0.013,2.384,-3.464,2.16,-4.261,3.13,3.145,4.027,0.43,3.803,-0.101,4.699,4.722,-3.652,-6.169,1.171,-0.131,1.237,0.704,0.589,-0.607,0.691,0.228,2.959,-3.048,4.288,4.358,5.21,1.72,6.437,6.543,1.309,0.031,1.384,0.866,0.813,-0.383,0.915,0.452,4.819,4.874,7.234,7.317,0.157,0.172,0.019,0.09,-0.004,0.051,-0.153,21.012,-0.209,27.439,0.525,-175.408,0.659,-306.182,-0.058,6.427,0.627,-196.42,0.737,-327.194,0.661,-202.847,0.763,-333.621,0.204,-130.774,0.405,0.082,0.054,0.47,0.108,0.071,-3.006,-3.378,-0.455,-5.247,-5.896,-1.202,0.081,0.025,0.017,-2.475,-3.782,-0.509,-4.122,-6.301,-1.284,-2.556,-3.476,-0.526,-4.203,-5.717,-1.309,-1.648,-2.241,-2.518,-0.196,-0.208,-0.696,-0.316,-0.337,-1.021,0.238,0.44,0.397,0.275,0.475,0.432,-0.128,-0.14,-0.325,0.415,0.87,0.605,0.456,0.88,0.627,0.516,1.009,0.777,0.56,1.008,0.791,0.045,0.042,0.037,-4.171,-6.689,0.531,-0.778,0.601,0.074,-3.712,-5.952,0.425,-0.859,0.503,-0.007,2.32,-3.397,2.086,-4.214,3.059,3.075,3.968,0.492,3.734,-0.048,4.629,4.654,-3.546,-6.064,1.156,-0.153,1.225,0.699,0.578,-0.623,0.684,0.229,2.837,-3.059,4.16,4.231,5.078,1.701,6.295,6.403,1.299,0.015,1.377,0.868,0.812,-0.39,0.918,0.463,4.7,4.755,7.113,7.195,0.16,0.177,0.023,0.094,-0.002,0.052
2020-05-20,CTD3,4181698,695238,0.010459211,0.014820004,0.020953659,0.0054075494,0.0041681677,0.0009802693,0.0009898815,0.00038239773,0.010489436,0.014666897,0.021058954,0.005611584,0.0039862464,0.0010186337,0.2604959,-8.000000000000001e-45,0.834,-0.173,28.133,-0.334,47.885,0.318,-89.317,0.43,-144.304,-0.171,19.752,0.465,-117.45,0.561,-172.437,0.59,-137.202,0.668,-192.189,0.129,-54.987,0.589,0.152,0.117,0.71,0.259,0.2,-1.324,-1.872,-0.372,-2.139,-3.024,-0.78,0.207,0.107,0.082,-1.228,-2.461,-0.49,-1.804,-3.613,-0.932,-1.435,-2.033,-0.572,-2.01,-2.848,-1.039,-0.575,-0.815,-1.152,-0.165,-0.174,-0.455,-0.519,-0.553,-1.096,0.141,0.266,0.201,0.176,0.311,0.239,-0.387,-0.419,-0.641,0.3,0.643,0.375,0.339,0.671,0.404,0.615,1.063,0.819,0.664,1.058,0.83,0.049,0.039,0.035,-3.169,-4.321,0.448,-0.592,0.507,-0.065,-2.241,-3.056,0.134,-0.798,0.218,-0.272,1.227,-1.621,0.52,-3.093,1.653,1.735,1.802,-0.231,1.095,-1.366,2.144,2.251,-2.458,-3.61,1.159,0.12,1.218,0.646,0.19,-0.59,0.309,-0.064,0.737,-2.286,2.342,2.542,1.552,-0.319,3.039,3.297,1.638,0.706,1.722,1.233,0.897,0.117,1.015,0.643,3.476,3.594,4.51,4.662,0.236,0.318,-0.034,0.166,-0.14,-0.023,-0.166,27.153,-0.335,47.848,0.303,-82.869,0.449,-155.529,-0.179,20.695,0.447,-110.022,0.573,-182.682,0.579,-130.717,0.682,-203.377,0.169,-72.66,0.572,0.152,0.108,0.702,0.269,0.191,-1.215,-1.745,-0.33,-2.281,-3.275,-0.873,0.217,0.116,0.082,-1.154,-2.317,-0.439,-1.916,-3.847,-1.025,-1.371,-1.917,-0.521,-2.133,-2.983,-1.141,-0.762,-1.066,-1.53,-0.157,-0.167,-0.435,-0.521,-0.567,-1.101,0.137,0.262,0.195,0.182,0.321,0.244,-0.397,-0.442,-0.666,0.287,0.626,0.362,0.339,0.663,0.4,0.614,1.067,0.828,0.679,1.06,0.842,0.065,0.052,0.045,-3.038,-4.568,0.449,-0.693,0.526,0.005,-2.116,-3.181,0.115,-0.91,0.226,-0.212,1.173,-1.81,0.433,-3.414,1.597,1.68,1.935,0.018,1.196,-1.121,2.249,2.365,-2.355,-3.885,1.132,-0.009,1.209,0.688,0.161,-0.711,0.316,-0.014,0.606,-2.669,2.234,2.424,1.672,-0.073,3.144,3.413,1.625,0.6,1.736,1.297,0.901,0.028,1.056,0.725,3.373,3.481,4.748,4.9,0.263,0.346,0.003,0.193,-0.114,-0.005
2020-05-20,CTD4,4180266,698264,0.012223888,0.01754507,0.014496435,0.0038279104,0.0018604611,0.00055727,0.0005483265,0.00022940377,0.01237317,0.017835073,0.014055997,0.0038894357,0.0022876211,0.00049631146,0.00011888917,-8.000000000000001e-45,0.921,-0.179,24.811,-0.085,12.825,0.523,-179.432,0.736,-455.694,0.095,-11.986,0.642,-204.243,0.808,-480.505,0.582,-192.257,0.773,-468.519,0.346,-276.262,0.36,0.095,0.046,0.225,0.049,0.024,-3.148,-2.601,-0.334,-7.995,-6.606,-1.744,-0.147,-0.046,-0.022,-2.497,-2.961,-0.38,-5.874,-6.966,-1.839,-2.35,-3.373,-0.358,-5.727,-8.22,-1.793,-3.377,-4.847,-4.005,-0.29,-0.325,-0.935,-0.106,-0.117,-0.4,0.262,0.433,0.513,0.323,0.485,0.566,0.19,0.216,0.536,0.513,0.974,0.839,0.587,0.977,0.856,0.358,0.757,0.55,0.424,0.787,0.591,0.066,0.074,0.061,-3.09,-7.095,0.433,-1.361,0.568,0.211,-3.74,-8.587,0.625,-1.214,0.737,0.357,1.983,-6.237,2.367,-4.598,3.087,3.065,5.36,1.987,5.744,2.783,6.352,6.306,-2.352,-6.357,1.171,-0.622,1.307,0.949,0.897,-0.847,1.058,0.724,3.398,-3.208,4.431,4.455,8.245,5.643,9.117,9.166,0.968,-0.872,1.08,0.7,0.513,-1.231,0.674,0.34,3.635,3.681,7.479,7.574,0.207,0.185,0.066,0.09,0.112,0.158,-0.181,24.751,-0.064,9.676,0.522,-176.287,0.688,-356.315,0.118,-15.075,0.642,-201.037,0.773,-381.066,0.567,-185.963,0.72,-365.991,0.259,-180.029,0.348,0.096,0.057,0.173,0.038,0.022,-3.144,-2.478,-0.403,-6.355,-5.008,-1.386,-0.187,-0.059,-0.034,-2.487,-2.826,-0.46,-4.715,-5.356,-1.482,-2.301,-3.317,-0.425,-4.528,-6.527,-1.423,-2.228,-3.211,-2.53,-0.304,-0.334,-0.884,-0.077,-0.084,-0.272,0.266,0.422,0.519,0.316,0.464,0.562,0.232,0.258,0.612,0.528,0.951,0.853,0.588,0.956,0.866,0.337,0.693,0.505,0.39,0.724,0.542,0.053,0.061,0.05,-2.92,-5.451,0.417,-1.006,0.531,0.106,-3.705,-6.916,0.662,-0.82,0.752,0.292,1.912,-4.615,2.393,-2.963,3.053,3.018,4.14,0.823,4.621,1.795,5.191,5.132,-2.172,-4.703,1.165,-0.259,1.279,0.853,0.955,-0.431,1.084,0.681,3.45,-1.559,4.401,4.423,6.66,4.182,7.482,7.52,0.918,-0.564,1.008,0.548,0.474,-0.912,0.603,0.2,3.429,3.486,5.83,5.926,0.186,0.152,0.033,0.055,0.092,0.148
2020-05-20,CTD6,4176009,695829,0.0077697285,0.010534605,0.013271375,0.0061862147,0.0038663752,0.0011440555,0.0011418152,0.00048595766,0.007859276,0.0106270425,0.012979964,0.00619822,0.0042867074,0.0010766146,0.00014171257,-8.000000000000001e-45,1.203,-0.151,33.779,-0.261,53.354,0.113,-32.945,0.335,-129.936,-0.115,19.575,0.26,-66.724,0.463,-163.715,0.364,-86.3,0.549,-183.29,0.231,-96.99,0.448,0.209,0.131,0.562,0.33,0.206,-0.347,-0.437,-0.127,-1.369,-1.724,-0.804,0.152,0.121,0.076,-0.518,-0.886,-0.258,-1.272,-2.173,-1.013,-0.671,-0.909,-0.334,-1.424,-1.931,-1.134,-0.754,-1.022,-1.287,-0.142,-0.161,-0.275,-0.329,-0.382,-0.547,0.067,0.11,0.092,0.164,0.233,0.201,-0.196,-0.235,-0.272,0.207,0.374,0.254,0.317,0.478,0.343,0.387,0.609,0.492,0.514,0.674,0.562,0.127,0.11,0.097,-1.408,-2.695,0.271,-0.862,0.446,0.113,-1.117,-2.139,-0.002,-1.015,0.218,-0.04,0.462,-1.469,-0.004,-2.177,0.889,0.965,1.216,0.307,0.75,-0.136,1.422,1.543,-0.789,-2.077,0.89,-0.244,1.065,0.731,-0.002,-0.806,0.296,0.169,-0.005,-1.73,1.205,1.412,1.017,0.579,1.928,2.259,1.121,0.108,1.341,1.083,0.464,-0.34,0.762,0.635,1.648,1.778,2.636,2.845,0.429,0.505,0.09,0.296,-0.031,0.099,-0.15,33.139,-0.246,50.196,0.118,-34.098,0.294,-106.041,-0.1,17.058,0.263,-67.237,0.425,-139.18,0.354,-84.295,0.503,-156.237,0.182,-71.943,0.43,0.205,0.142,0.533,0.311,0.215,-0.362,-0.443,-0.146,-1.127,-1.376,-0.657,0.134,0.106,0.073,-0.528,-0.873,-0.288,-1.094,-1.807,-0.863,-0.662,-0.896,-0.361,-1.228,-1.66,-0.968,-0.565,-0.765,-0.934,-0.144,-0.16,-0.264,-0.304,-0.343,-0.488,0.07,0.111,0.096,0.151,0.212,0.186,-0.167,-0.194,-0.224,0.213,0.365,0.256,0.304,0.451,0.331,0.367,0.558,0.455,0.47,0.618,0.517,0.103,0.092,0.081,-1.355,-2.288,0.262,-0.706,0.409,0.048,-1.109,-1.874,0.022,-0.84,0.202,-0.086,0.449,-1.211,0.047,-1.76,0.865,0.938,1.015,0.119,0.612,-0.261,1.25,1.356,-0.742,-1.676,0.875,-0.094,1.022,0.661,0.03,-0.627,0.273,0.127,0.063,-1.313,1.169,1.384,0.828,0.385,1.69,2.002,1.068,0.206,1.248,0.96,0.433,-0.225,0.676,0.53,1.549,1.691,2.239,2.445,0.385,0.458,0.038,0.253,-0.068,0.074
2020-05-20,CTD7,4176724,690397,0.0056291963,0.008017419,0.0151126785,0.002858898,0.0040823626,0.001132423,0.0012330114,0.00046682547,0.005733908,0.007735969,0.015149843,0.0030653512,0.0033037292,0.0013045344,1.4978123,-2.8899999999999995e-42,1.418,-0.175,52.917,-0.457,111.476,0.326,-172.14,0.159,-67.311,-0.307,58.559,0.474,-225.057,0.325,-120.228,0.682,-283.616,0.575,-178.787,-0.176,104.829,0.8,0.151,0.216,0.894,0.319,0.455,-1.38,-2.601,-0.703,-0.54,-1.017,-0.192,0.33,0.167,0.239,-1.267,-3.401,-0.919,-0.677,-1.817,-0.344,-1.597,-2.274,-1.158,-1.006,-1.433,-0.511,0.59,0.84,1.584,-0.133,-0.124,-0.344,-0.872,-0.784,-1.366,0.12,0.229,0.144,0.067,0.142,0.086,-0.836,-0.731,-1.022,0.249,0.531,0.269,0.19,0.464,0.219,0.898,1.262,1.013,0.808,1.3,1.014,-0.09,-0.059,-0.053,-4.584,-3.0,0.513,0.002,0.432,-0.726,-2.432,-1.591,0.016,-0.328,-0.137,-1.055,1.438,0.005,0.084,-1.733,1.46,1.699,0.848,-1.425,-0.506,-3.907,1.022,1.19,-3.862,-2.278,1.235,0.724,1.154,-0.004,0.023,-0.17,-0.195,-0.897,0.12,-0.898,2.079,2.534,-0.721,-3.322,1.456,1.775,2.328,1.984,2.176,1.257,1.377,1.185,1.16,0.457,4.561,4.777,3.194,3.345,-0.001,0.238,-0.369,0.086,-0.536,-0.32,-0.149,45.135,-0.451,108.394,0.303,-151.826,0.269,-128.287,-0.324,63.259,0.432,-196.961,0.401,-173.422,0.663,-260.22,0.642,-236.681,-0.037,23.539,0.684,0.138,0.149,0.839,0.332,0.358,-1.175,-2.3,-0.502,-0.992,-1.944,-0.393,0.363,0.194,0.209,-1.129,-2.984,-0.651,-0.994,-2.627,-0.532,-1.492,-2.013,-0.86,-1.357,-1.831,-0.726,0.135,0.182,0.357,-0.11,-0.108,-0.314,-0.872,-0.853,-1.478,0.117,0.242,0.145,0.106,0.225,0.133,-0.843,-0.82,-1.164,0.224,0.517,0.253,0.212,0.504,0.243,0.897,1.337,1.095,0.879,1.346,1.097,-0.018,-0.011,-0.01,-4.201,-3.844,0.539,-0.187,0.523,-0.337,-2.145,-1.963,-0.018,-0.549,-0.049,-0.699,1.36,-0.471,-0.088,-2.715,1.443,1.652,1.225,-0.788,-0.223,-3.207,1.339,1.533,-3.593,-3.237,1.147,0.421,1.131,0.271,-0.024,-0.417,-0.066,-0.567,-0.118,-2.062,1.948,2.306,-0.301,-2.601,1.807,2.139,2.246,1.714,2.215,1.564,1.424,1.031,1.382,0.881,4.366,4.515,4.051,4.189,0.108,0.317,-0.18,0.178,-0.374,-0.225
2020-05-20,CTD8,4174178,693048,0.0156778,0.022439102,0.0257164,0.007940242,0.004751948,0.001334191,0.0013765002,0.0005650214,0.015675114,0.022594389,0.025524292,0.008015908,0.0052413587,0.0012433773,0.0002000564,-8.000000000000001e-45,1.686,-0.177,19.219,-0.243,24.899,0.328,-62.156,0.535,-146.656,-0.068,5.679,0.477,-81.376,0.65,-165.875,0.528,-87.055,0.688,-171.554,0.251,-84.499,0.494,0.153,0.091,0.559,0.198,0.118,-1.395,-1.598,-0.295,-3.291,-3.771,-1.164,0.089,0.045,0.027,-1.276,-2.093,-0.387,-2.601,-4.266,-1.317,-1.365,-1.953,-0.414,-2.69,-3.85,-1.362,-1.325,-1.896,-2.173,-0.201,-0.222,-0.533,-0.33,-0.369,-0.791,0.161,0.285,0.254,0.227,0.36,0.325,-0.139,-0.16,-0.258,0.35,0.71,0.476,0.427,0.749,0.526,0.466,0.87,0.654,0.55,0.888,0.69,0.084,0.077,0.066,-2.54,-4.713,0.39,-0.972,0.514,0.1,-2.216,-4.112,0.256,-1.061,0.398,0.011,1.102,-2.748,0.828,-3.437,1.763,1.79,2.427,0.473,2.153,0.06,2.945,2.99,-1.807,-3.98,1.123,-0.24,1.246,0.833,0.366,-0.798,0.569,0.274,1.186,-2.586,2.523,2.641,3.082,1.483,4.216,4.413,1.286,-0.031,1.429,1.042,0.64,-0.525,0.843,0.548,2.936,3.027,4.905,5.058,0.295,0.322,0.051,0.169,0.006,0.097,-0.181,19.537,-0.239,24.617,0.323,-60.957,0.499,-126.995,-0.061,5.08,0.476,-80.493,0.623,-146.531,0.522,-85.574,0.659,-151.612,0.209,-66.038,0.499,0.157,0.102,0.556,0.197,0.129,-1.377,-1.556,-0.319,-2.869,-3.241,-1.018,0.08,0.041,0.027,-1.262,-2.055,-0.422,-2.297,-3.74,-1.175,-1.341,-1.933,-0.449,-2.377,-3.426,-1.215,-1.035,-1.492,-1.686,-0.206,-0.225,-0.522,-0.322,-0.354,-0.743,0.159,0.275,0.249,0.217,0.341,0.311,-0.124,-0.14,-0.221,0.354,0.697,0.474,0.421,0.732,0.517,0.458,0.837,0.629,0.53,0.856,0.663,0.073,0.067,0.058,-2.49,-4.176,0.38,-0.836,0.488,0.04,-2.205,-3.697,0.259,-0.915,0.382,-0.04,1.07,-2.355,0.826,-2.914,1.724,1.75,2.105,0.172,1.861,-0.194,2.636,2.677,-1.743,-3.428,1.127,-0.088,1.236,0.788,0.374,-0.644,0.551,0.231,1.19,-2.051,2.484,2.613,2.682,1.127,3.799,3.997,1.274,0.099,1.396,0.974,0.618,-0.4,0.795,0.476,2.85,2.952,4.358,4.515,0.279,0.306,0.02,0.149,-0.02,0.082
2020-05-20,CTD10,4170388,695646,0.014003671,0.019171894,0.023835285,0.012334399,0.0073402654,0.0020882152,0.0021092165,0.00088177616,0.014011449,0.019470058,0.023314165,0.012456335,0.0082197655,0.0018855013,0.00026800984,-8.000000000000001e-45,1.561,-0.156,19.25,-0.26,29.455,0.063,-9.664,0.312,-64.825,-0.108,10.205,0.217,-28.914,0.446,-84.075,0.318,-39.119,0.529,-94.28,0.254,-55.161,0.459,0.237,0.141,0.565,0.363,0.216,-0.185,-0.23,-0.071,-1.243,-1.545,-0.8,0.143,0.126,0.075,-0.405,-0.689,-0.212,-1.177,-2.004,-1.037,-0.548,-0.75,-0.287,-1.32,-1.808,-1.163,-0.772,-1.058,-1.315,-0.143,-0.166,-0.263,-0.312,-0.371,-0.5,0.039,0.063,0.054,0.155,0.211,0.184,-0.177,-0.218,-0.237,0.181,0.32,0.219,0.313,0.449,0.327,0.347,0.539,0.434,0.497,0.626,0.524,0.151,0.132,0.116,-1.202,-2.517,0.213,-0.95,0.422,0.135,-0.967,-2.024,-0.056,-1.093,0.205,-0.008,0.331,-1.477,-0.108,-2.112,0.752,0.827,1.103,0.353,0.665,-0.025,1.264,1.39,-0.563,-1.878,0.852,-0.311,1.061,0.774,-0.076,-0.876,0.28,0.209,-0.148,-1.693,1.03,1.246,0.91,0.679,1.731,2.094,1.059,0.022,1.319,1.107,0.362,-0.437,0.719,0.648,1.408,1.55,2.366,2.604,0.498,0.573,0.119,0.335,-0.007,0.135,-0.163,20.009,-0.249,28.478,0.059,-8.91,0.261,-50.288,-0.09,8.469,0.22,-28.92,0.406,-70.297,0.304,-37.388,0.479,-78.766,0.205,-41.378,0.466,0.249,0.164,0.554,0.355,0.234,-0.173,-0.208,-0.073,-0.979,-1.172,-0.626,0.119,0.105,0.07,-0.405,-0.674,-0.238,-0.985,-1.639,-0.876,-0.524,-0.728,-0.307,-1.104,-1.534,-0.981,-0.58,-0.806,-0.965,-0.153,-0.173,-0.264,-0.291,-0.336,-0.45,0.036,0.056,0.049,0.135,0.181,0.162,-0.145,-0.173,-0.186,0.188,0.315,0.222,0.301,0.425,0.315,0.324,0.488,0.392,0.451,0.57,0.473,0.127,0.114,0.099,-1.152,-2.117,0.185,-0.796,0.367,0.06,-0.962,-1.768,-0.039,-0.914,0.179,-0.059,0.29,-1.244,-0.073,-1.712,0.703,0.772,0.869,0.142,0.507,-0.167,1.065,1.17,-0.482,-1.447,0.855,-0.126,1.037,0.73,-0.054,-0.68,0.248,0.175,-0.101,-1.273,0.976,1.21,0.705,0.497,1.48,1.834,1.024,0.149,1.242,1.004,0.308,-0.318,0.611,0.538,1.285,1.449,1.947,2.197,0.467,0.536,0.053,0.287,-0.052,0.112
2020-05-20,CTD11,4169609,700351,0.0049669784,0.0064089773,0.011807259,0.0039475122,0.0059504504,0.0012082736,0.0010525861,0.00040322435,0.005046344,0.006202416,0.012152824,0.0043788217,0.0042661414,0.0014669924,1.8813884,-2.878e-42,0.461,-0.127,45.299,-0.408,116.636,0.114,-51.994,-0.09,33.275,-0.296,71.337,0.238,-97.293,0.037,-12.023,0.499,-168.63,0.33,-83.361,-0.202,85.27,0.535,0.179,0.27,0.748,0.46,0.694,-0.333,-0.614,-0.309,0.213,0.393,0.131,0.354,0.282,0.424,-0.483,-1.149,-0.579,-0.06,-0.142,-0.047,-0.838,-1.081,-1.003,-0.414,-0.534,-0.329,0.424,0.546,1.007,-0.092,-0.081,-0.146,-0.66,-0.553,-0.691,0.056,0.082,0.057,-0.054,-0.095,-0.062,-0.606,-0.494,-0.545,0.147,0.225,0.139,0.027,0.051,0.029,0.691,0.72,0.636,0.515,0.657,0.566,-0.176,-0.119,-0.11,-2.216,-1.209,0.441,0.112,0.271,-0.732,-1.203,-0.656,-0.195,-0.243,-0.508,-1.087,0.715,0.181,-0.584,-0.726,0.33,0.754,0.292,-0.789,-1.008,-2.156,0.219,0.5,-1.701,-0.694,0.956,0.627,0.786,-0.217,-0.252,-0.121,-0.655,-0.965,-0.754,-0.361,0.426,1.12,-1.3,-1.914,0.282,0.743,1.761,1.714,1.449,0.87,1.048,1.179,0.644,0.335,1.793,2.063,1.19,1.368,-0.134,0.291,-0.582,0.112,-0.864,-0.594,-0.103,36.936,-0.413,115.878,0.071,-30.209,0.084,-36.241,-0.324,78.942,0.172,-67.144,0.185,-73.176,0.47,-146.087,0.48,-152.118,0.013,-6.032,0.449,0.162,0.158,0.719,0.507,0.494,-0.187,-0.367,-0.129,-0.225,-0.44,-0.159,0.398,0.346,0.337,-0.339,-0.816,-0.286,-0.369,-0.889,-0.32,-0.737,-0.906,-0.623,-0.768,-0.944,-0.666,-0.03,-0.037,-0.073,-0.07,-0.07,-0.134,-0.672,-0.679,-0.822,0.036,0.064,0.041,0.043,0.074,0.047,-0.631,-0.639,-0.688,0.106,0.196,0.111,0.113,0.205,0.117,0.691,0.835,0.743,0.701,0.837,0.745,0.01,0.007,0.006,-1.962,-2.035,0.453,-0.213,0.463,-0.161,-1.001,-1.039,-0.291,-0.611,-0.273,-0.559,0.642,-0.301,-0.807,-1.696,0.465,0.801,0.673,-0.234,-0.776,-1.592,0.477,0.823,-1.546,-1.62,0.869,0.203,0.878,0.255,-0.357,-0.516,-0.335,-0.464,-0.992,-1.432,0.571,1.065,-0.954,-1.321,0.586,1.094,1.702,1.382,1.72,1.434,1.092,0.933,1.114,0.985,1.93,2.088,1.981,2.143,0.18,0.517,-0.139,0.355,-0.485,-0.328
2020-05-20,CTD12,4173438,695414,0.009896897,0.015827276,0.023407014,0.009133753,0.0057552913,0.0015525201,0.0015493646,0.0006428196,0.0099049015,0.015949843,0.023292733,0.0092591485,0.0062171887,0.0014769012,0.00013408491,-8.000000000000001e-45,1.844,-0.231,37.86,-0.406,58.32,0.04,-8.442,0.265,-72.711,-0.193,20.46,0.268,-46.302,0.467,-110.571,0.439,-66.762,0.605,-131.031,0.227,-64.269,0.886,0.346,0.218,0.923,0.533,0.336,-0.134,-0.198,-0.049,-1.151,-1.702,-0.664,0.202,0.187,0.118,-0.458,-1.084,-0.266,-1.094,-2.588,-1.01,-0.661,-1.057,-0.384,-1.297,-2.074,-1.197,-0.636,-1.017,-1.504,-0.182,-0.203,-0.398,-0.541,-0.626,-0.907,0.019,0.035,0.026,0.106,0.166,0.127,-0.398,-0.484,-0.509,0.201,0.428,0.23,0.302,0.529,0.31,0.555,0.912,0.661,0.686,0.928,0.707,0.131,0.101,0.086,-1.937,-3.442,0.235,-0.962,0.379,-0.005,-1.31,-2.327,-0.154,-1.164,0.059,-0.207,0.407,-1.666,-0.395,-2.983,0.72,0.838,1.043,-0.013,0.241,-0.843,1.143,1.329,-0.963,-2.468,1.209,0.012,1.353,0.969,-0.247,-0.911,0.095,0.046,-0.632,-2.334,1.151,1.487,0.385,0.187,1.827,2.36,1.788,0.778,2.001,1.735,0.556,-0.108,0.897,0.849,1.981,2.199,3.144,3.49,0.559,0.677,-0.004,0.331,-0.191,0.027,-0.234,38.264,-0.403,58.028,0.034,-7.041,0.229,-59.884,-0.187,19.765,0.265,-45.305,0.439,-98.148,0.431,-65.069,0.579,-117.913,0.197,-52.843,0.891,0.354,0.238,0.926,0.537,0.361,-0.112,-0.164,-0.044,-0.955,-1.395,-0.554,0.196,0.183,0.123,-0.449,-1.055,-0.282,-0.972,-2.286,-0.909,-0.645,-1.038,-0.405,-1.168,-1.881,-1.092,-0.523,-0.843,-1.231,-0.186,-0.205,-0.391,-0.531,-0.604,-0.865,0.016,0.029,0.022,0.094,0.146,0.113,-0.383,-0.455,-0.474,0.202,0.415,0.227,0.293,0.508,0.299,0.543,0.87,0.633,0.66,0.891,0.677,0.118,0.092,0.078,-1.895,-3.126,0.223,-0.868,0.354,-0.05,-1.297,-2.14,-0.155,-1.064,0.035,-0.246,0.385,-1.496,-0.391,-2.677,0.68,0.803,0.908,-0.129,0.133,-0.922,1.013,1.196,-0.905,-2.136,1.213,0.121,1.343,0.939,-0.25,-0.805,0.057,0.013,-0.629,-2.024,1.095,1.456,0.214,0.05,1.631,2.168,1.771,0.862,1.962,1.68,0.526,-0.029,0.833,0.789,1.888,2.126,2.812,3.166,0.545,0.668,-0.047,0.314,-0.23,0.008
2020-12-21,CTD1,4187246,695025,0.022081487,0.0247501,0.033291213,0.012943463,0.015215197,0.004364094,0.00405109,0.0015591106,0.0212775,0.024391485,0.033853963,0.012926702,0.012454392,0.004497519,1.0461799,-8.000000000000001e-45,0.512,-0.057,4.883,-0.202,15.249,0.261,-31.972,0.184,-20.437,-0.147,10.366,0.313,-36.855,0.239,-25.32,0.44,-47.221,0.373,-35.686,-0.081,11.535,0.163,0.063,0.074,0.377,0.197,0.232,-0.791,-1.064,-0.486,-0.506,-0.68,-0.265,0.229,0.134,0.158,-0.814,-1.227,-0.561,-0.559,-0.843,-0.328,-1.043,-1.169,-0.718,-0.788,-0.883,-0.462,0.255,0.286,0.384,-0.058,-0.055,-0.095,-0.297,-0.28,-0.398,0.157,0.229,0.188,0.118,0.182,0.149,-0.244,-0.229,-0.303,0.213,0.317,0.243,0.172,0.272,0.206,0.434,0.546,0.509,0.386,0.516,0.48,-0.049,-0.041,-0.039,-1.68,-1.296,0.503,0.041,0.435,-0.283,-1.249,-0.963,0.14,-0.187,0.049,-0.512,0.963,0.079,0.361,-0.482,1.091,1.249,0.708,-0.461,0.106,-1.121,0.928,1.062,-1.451,-1.067,0.732,0.27,0.664,-0.055,0.157,-0.107,0.054,-0.432,0.405,-0.276,1.223,1.455,0.119,-0.945,1.041,1.238,0.985,0.657,0.893,0.332,0.759,0.494,0.656,0.17,1.883,1.957,1.602,1.665,-0.029,0.129,-0.166,0.066,-0.3,-0.226,-0.068,6.0,-0.228,17.459,0.244,-30.361,0.262,-33.295,-0.162,11.459,0.307,-36.361,0.324,-39.295,0.447,-47.821,0.462,-50.754,0.019,-2.934,0.203,0.078,0.075,0.426,0.226,0.217,-0.741,-1.028,-0.378,-0.812,-1.127,-0.43,0.244,0.148,0.143,-0.774,-1.231,-0.453,-0.836,-1.33,-0.508,-1.018,-1.166,-0.596,-1.08,-1.238,-0.656,-0.062,-0.072,-0.099,-0.067,-0.067,-0.123,-0.337,-0.341,-0.496,0.143,0.227,0.18,0.151,0.236,0.189,-0.277,-0.281,-0.373,0.208,0.34,0.248,0.217,0.349,0.255,0.458,0.62,0.568,0.469,0.626,0.573,0.01,0.009,0.008,-1.747,-1.846,0.49,-0.166,0.504,-0.091,-1.258,-1.33,0.099,-0.409,0.118,-0.335,0.926,-0.312,0.258,-1.072,1.135,1.278,0.988,-0.178,0.32,-0.91,1.178,1.327,-1.473,-1.572,0.765,0.108,0.778,0.183,0.113,-0.317,0.135,-0.243,0.296,-0.831,1.302,1.519,0.367,-0.66,1.351,1.577,1.061,0.553,1.08,0.628,0.78,0.35,0.803,0.424,2.034,2.108,2.111,2.188,0.097,0.24,-0.055,0.162,-0.203,-0.129
2020-12-21,CTD2,4181518,693105,0.0083274525,0.011970105,0.012775448,0.0020084593,0.0014072972,0.00035485037,0.00034695145,0.0001335411,0.008316585,0.011916281,0.012755741,0.001994192,0.0013884822,0.00036621848,0.11449029,-2.878e-42,0.513,-0.179,36.543,-0.211,41.81,0.611,-377.809,0.711,-590.497,-0.033,5.266,0.713,-414.353,0.79,-627.041,0.728,-419.619,0.802,-632.307,0.176,-212.688,0.467,0.073,0.051,0.5,0.084,0.059,-4.522,-4.827,-0.532,-7.068,-7.544,-1.186,0.044,0.011,0.007,-3.451,-5.294,-0.583,-5.222,-8.011,-1.259,-3.494,-5.023,-0.591,-5.266,-7.569,-1.27,-1.771,-2.546,-2.717,-0.246,-0.257,-1.066,-0.318,-0.333,-1.302,0.255,0.472,0.446,0.28,0.495,0.468,-0.078,-0.083,-0.236,0.472,1.023,0.702,0.501,1.022,0.714,0.53,1.106,0.805,0.56,1.1,0.813,0.03,0.028,0.024,-5.665,-8.382,0.538,-0.731,0.586,-0.005,-5.308,-7.854,0.484,-0.775,0.534,-0.049,3.209,-4.36,3.079,-4.932,4.029,4.036,4.98,-0.043,4.85,-0.443,5.75,5.76,-4.923,-7.641,1.28,0.01,1.327,0.737,0.696,-0.49,0.768,0.236,4.426,-3.118,5.791,5.85,6.972,2.145,8.265,8.349,1.366,0.107,1.417,0.833,0.826,-0.36,0.898,0.367,6.192,6.243,8.837,8.91,0.124,0.131,-0.001,0.058,-0.012,0.04,-0.178,36.323,-0.211,41.846,0.613,-381.215,0.714,-599.969,-0.034,5.523,0.713,-417.537,0.791,-636.292,0.73,-423.06,0.804,-641.815,0.179,-218.755,0.463,0.072,0.05,0.499,0.083,0.058,-4.543,-4.863,-0.529,-7.149,-7.653,-1.196,0.046,0.011,0.008,-3.472,-5.326,-0.58,-5.292,-8.116,-1.269,-3.518,-5.041,-0.587,-5.338,-7.648,-1.28,-1.819,-2.607,-2.79,-0.244,-0.254,-1.064,-0.319,-0.334,-1.312,0.256,0.475,0.447,0.281,0.498,0.47,-0.081,-0.086,-0.248,0.471,1.022,0.701,0.5,1.021,0.714,0.532,1.109,0.809,0.562,1.102,0.817,0.03,0.029,0.025,-5.699,-8.489,0.542,-0.738,0.589,0.002,-5.324,-7.93,0.485,-0.784,0.535,-0.044,3.236,-4.412,3.1,-5.016,4.054,4.062,5.056,0.014,4.919,-0.407,5.822,5.833,-4.964,-7.754,1.276,-0.003,1.324,0.737,0.694,-0.502,0.767,0.238,4.442,-3.211,5.809,5.867,7.048,2.186,8.342,8.426,1.366,0.098,1.417,0.838,0.831,-0.366,0.903,0.374,6.229,6.28,8.947,9.019,0.123,0.131,0.0,0.058,-0.011,0.04
2020-12-21,CTD3,4181698,695238,0.011530132,0.016256893,0.0151276775,0.002677419,0.0021842627,0.00043438294,0.00043087744,0.00016354675,0.011568458,0.015949843,0.0152534945,0.0028815137,0.001916101,0.00047639973,0.19334191,-2.878e-42,0.557,-0.17,25.217,-0.135,20.625,0.623,-286.765,0.681,-371.091,0.036,-4.592,0.717,-311.982,0.763,-396.308,0.699,-307.39,0.748,-391.716,0.101,-84.326,0.381,0.068,0.055,0.335,0.055,0.045,-4.662,-4.338,-0.626,-6.033,-5.614,-0.994,-0.053,-0.012,-0.01,-3.597,-4.72,-0.681,-4.569,-5.995,-1.061,-3.544,-4.997,-0.671,-4.517,-6.368,-1.049,-0.972,-1.371,-1.276,-0.265,-0.273,-0.972,-0.19,-0.195,-0.74,0.282,0.48,0.511,0.298,0.494,0.525,0.079,0.082,0.232,0.509,0.99,0.784,0.528,0.991,0.79,0.448,0.908,0.675,0.466,0.911,0.684,0.018,0.018,0.016,-4.941,-6.217,0.532,-0.517,0.565,-0.107,-5.31,-6.681,0.597,-0.464,0.628,-0.054,3.232,-3.136,3.376,-2.619,4.172,4.162,4.204,-0.793,4.348,-0.371,5.114,5.102,-4.24,-5.516,1.233,0.184,1.266,0.594,0.842,-0.151,0.885,0.259,4.76,-0.854,5.882,5.927,6.131,1.793,7.211,7.266,1.147,0.086,1.178,0.496,0.698,-0.295,0.741,0.115,5.461,5.516,6.694,6.761,0.098,0.088,-0.025,0.02,-0.012,0.043,-0.159,23.745,-0.137,20.883,0.601,-260.598,0.716,-435.451,0.022,-2.862,0.694,-284.343,0.786,-459.197,0.682,-281.481,0.777,-456.334,0.201,-174.853,0.362,0.068,0.045,0.333,0.06,0.04,-4.156,-3.975,-0.499,-6.945,-6.642,-1.255,-0.033,-0.008,-0.005,-3.289,-4.337,-0.545,-5.312,-7.004,-1.323,-3.256,-4.49,-0.539,-5.279,-7.278,-1.315,-2.023,-2.789,-2.667,-0.242,-0.255,-0.913,-0.196,-0.206,-0.768,0.278,0.486,0.506,0.309,0.513,0.532,0.048,0.052,0.145,0.487,0.969,0.761,0.523,0.971,0.774,0.45,0.917,0.692,0.485,0.923,0.708,0.035,0.036,0.031,-4.568,-7.235,0.536,-0.779,0.6,0.06,-4.777,-7.566,0.578,-0.745,0.638,0.093,2.969,-4.309,3.058,-3.946,3.895,3.889,4.992,0.502,5.081,0.744,5.857,5.849,-3.915,-6.582,1.19,-0.125,1.253,0.714,0.797,-0.458,0.88,0.381,4.217,-2.425,5.37,5.41,7.006,3.031,8.075,8.135,1.138,-0.185,1.198,0.654,0.707,-0.548,0.791,0.291,5.128,5.173,7.712,7.78,0.129,0.123,0.015,0.055,0.023,0.069
2020-12-21,CTD4,4180266,698264,0.0049216435,0.0070886738,0.010357929,0.0023500116,0.0018906255,0.0004368483,0.00043204444,0.00016795784,0.004934745,0.006983933,0.010409766,0.0024057305,0.0017521854,0.000464153,0.26639408,-2.878e-42,0.607,-0.18,62.114,-0.356,106.64,0.354,-222.346,0.445,-325.741,-0.187,44.526,0.502,-284.46,0.579,-387.855,0.63,-328.985,0.691,-432.381,0.108,-103.396,0.643,0.146,0.117,0.756,0.251,0.202,-1.576,-2.303,-0.42,-2.309,-3.374,-0.765,0.219,0.105,0.084,-1.4,-2.946,-0.538,-1.909,-4.017,-0.911,-1.619,-2.332,-0.622,-2.128,-3.065,-1.016,-0.509,-0.733,-1.071,-0.171,-0.177,-0.511,-0.576,-0.605,-1.282,0.147,0.286,0.21,0.174,0.321,0.239,-0.45,-0.48,-0.771,0.31,0.696,0.387,0.34,0.715,0.409,0.667,1.176,0.892,0.705,1.164,0.897,0.038,0.03,0.026,-3.713,-4.784,0.467,-0.549,0.512,-0.11,-2.541,-3.274,0.144,-0.768,0.208,-0.329,1.41,-1.655,0.633,-3.384,1.828,1.912,1.919,-0.413,1.142,-1.804,2.272,2.376,-2.967,-4.038,1.213,0.197,1.258,0.636,0.207,-0.559,0.3,-0.12,0.912,-2.462,2.632,2.834,1.645,-0.658,3.272,3.522,1.773,0.862,1.838,1.3,0.984,0.218,1.077,0.657,4.023,4.141,5.001,5.147,0.211,0.295,-0.053,0.149,-0.157,-0.04,-0.172,59.459,-0.357,106.581,0.345,-213.029,0.476,-368.071,-0.197,47.122,0.488,-272.488,0.599,-427.53,0.625,-319.611,0.712,-474.652,0.157,-155.042,0.619,0.143,0.104,0.744,0.256,0.187,-1.488,-2.218,-0.373,-2.571,-3.832,-0.885,0.233,0.113,0.083,-1.345,-2.837,-0.477,-2.11,-4.45,-1.029,-1.577,-2.232,-0.56,-2.342,-3.315,-1.142,-0.765,-1.083,-1.614,-0.16,-0.168,-0.493,-0.583,-0.627,-1.317,0.145,0.289,0.208,0.183,0.339,0.248,-0.467,-0.512,-0.824,0.298,0.685,0.376,0.341,0.713,0.408,0.672,1.197,0.916,0.726,1.179,0.922,0.055,0.043,0.038,-3.62,-5.234,0.475,-0.666,0.538,-0.022,-2.429,-3.512,0.13,-0.899,0.223,-0.254,1.38,-1.935,0.561,-3.89,1.8,1.883,2.145,-0.087,1.326,-1.511,2.472,2.585,-2.912,-4.526,1.184,0.042,1.247,0.687,0.183,-0.702,0.316,-0.057,0.794,-3.038,2.548,2.735,1.876,-0.341,3.498,3.755,1.765,0.736,1.859,1.381,1.003,0.118,1.135,0.762,3.972,4.076,5.454,5.597,0.237,0.319,-0.011,0.176,-0.124,-0.02
2020-12-21,CTD6,4176009,695829,0.008956498,0.013102354,0.016346104,0.002407075,0.0018373531,0.00042274274,0.0004194289,0.00015802386,0.008927857,0.012952328,0.016468514,0.0024443492,0.001723134,0.00045278258,0.25698456,-2.878e-42,0.76,-0.188,35.329,-0.292,50.474,0.576,-303.791,0.66,-432.61,-0.11,15.146,0.69,-339.12,0.754,-467.939,0.743,-354.265,0.798,-483.085,0.134,-128.819,0.577,0.085,0.065,0.661,0.121,0.093,-3.98,-4.966,-0.558,-5.668,-7.071,-1.041,0.136,0.036,0.028,-3.037,-5.543,-0.623,-4.191,-7.649,-1.126,-3.173,-4.642,-0.651,-4.327,-6.33,-1.163,-1.154,-1.688,-2.106,-0.221,-0.228,-0.977,-0.476,-0.495,-1.741,0.222,0.438,0.36,0.242,0.459,0.38,-0.285,-0.301,-0.764,0.423,0.991,0.588,0.445,0.991,0.601,0.632,1.291,0.933,0.658,1.277,0.935,0.026,0.023,0.019,-6.107,-8.213,0.536,-0.626,0.571,-0.08,-4.895,-6.583,0.364,-0.762,0.408,-0.215,2.919,-3.41,2.473,-5.176,3.581,3.609,4.073,-0.569,3.627,-1.916,4.691,4.727,-5.328,-7.434,1.316,0.153,1.35,0.7,0.533,-0.509,0.596,0.038,3.618,-3.453,5.238,5.331,5.306,0.34,6.862,6.984,1.641,0.515,1.685,1.062,0.979,-0.063,1.042,0.484,6.586,6.651,8.628,8.713,0.129,0.156,-0.021,0.071,-0.058,0.007,-0.184,34.803,-0.297,51.287,0.57,-297.098,0.676,-468.329,-0.12,16.484,0.682,-331.901,0.765,-503.132,0.742,-348.385,0.811,-519.616,0.173,-171.231,0.573,0.085,0.06,0.664,0.125,0.088,-3.848,-4.893,-0.512,-6.066,-7.713,-1.145,0.147,0.04,0.028,-2.963,-5.466,-0.572,-4.492,-8.286,-1.23,-3.11,-4.512,-0.6,-4.639,-6.73,-1.27,-1.529,-2.218,-2.82,-0.213,-0.221,-0.966,-0.49,-0.514,-1.809,0.22,0.442,0.356,0.245,0.468,0.381,-0.309,-0.33,-0.844,0.414,0.987,0.578,0.442,0.987,0.594,0.641,1.317,0.956,0.674,1.297,0.958,0.033,0.028,0.025,-6.048,-8.868,0.541,-0.729,0.585,-0.016,-4.757,-6.975,0.353,-0.876,0.409,-0.163,2.866,-3.864,2.381,-5.905,3.519,3.548,4.395,-0.118,3.91,-1.556,4.992,5.033,-5.287,-8.107,1.302,0.032,1.346,0.746,0.513,-0.632,0.593,0.082,3.454,-4.258,5.106,5.194,5.672,0.779,7.243,7.368,1.656,0.426,1.712,1.14,0.998,-0.147,1.078,0.567,6.544,6.604,9.284,9.369,0.141,0.169,-0.004,0.084,-0.045,0.015
2020-12-21,CTD7,4176724,690397,0.009316788,0.013511643,0.01631364,0.002224699,0.0016838125,0.00038165908,0.0003793766,0.00014266554,0.009273909,0.013360257,0.01646321,0.0022584186,0.0015713847,0.00040937576,0.29191428,-2.878e-42,0.481,-0.184,33.323,-0.273,46.035,0.614,-342.166,0.694,-486.557,-0.094,12.712,0.717,-375.489,0.778,-519.88,0.76,-388.201,0.813,-532.592,0.138,-144.391,0.544,0.074,0.056,0.622,0.102,0.078,-4.623,-5.582,-0.576,-6.574,-7.938,-1.082,0.118,0.028,0.021,-3.498,-6.126,-0.632,-4.844,-8.481,-1.157,-3.617,-5.245,-0.654,-4.962,-7.196,-1.185,-1.345,-1.951,-2.356,-0.226,-0.233,-1.073,-0.445,-0.46,-1.79,0.238,0.467,0.394,0.256,0.485,0.412,-0.243,-0.255,-0.717,0.44,1.026,0.627,0.461,1.025,0.638,0.617,1.281,0.927,0.641,1.268,0.93,0.024,0.021,0.018,-6.643,-8.999,0.553,-0.632,0.586,-0.067,-5.502,-7.453,0.406,-0.75,0.446,-0.186,3.36,-3.837,2.981,-5.501,4.063,4.085,4.705,-0.54,4.326,-1.8,5.368,5.397,-5.883,-8.238,1.314,0.129,1.347,0.693,0.589,-0.493,0.648,0.071,4.322,-3.615,5.893,5.97,6.273,0.691,7.786,7.888,1.586,0.43,1.626,0.994,0.969,-0.114,1.027,0.451,7.152,7.208,9.45,9.524,0.114,0.136,-0.016,0.061,-0.044,0.012,-0.181,32.981,-0.279,47.088,0.608,-334.958,0.71,-528.552,-0.104,14.107,0.711,-367.939,0.79,-561.533,0.759,-382.046,0.826,-575.64,0.179,-193.594,0.543,0.074,0.052,0.629,0.106,0.074,-4.475,-5.514,-0.526,-7.062,-8.702,-1.194,0.131,0.032,0.022,-3.412,-6.057,-0.578,-5.208,-9.245,-1.268,-3.543,-5.104,-0.6,-5.338,-7.691,-1.3,-1.795,-2.586,-3.187,-0.218,-0.227,-1.067,-0.46,-0.481,-1.877,0.235,0.47,0.389,0.258,0.493,0.411,-0.269,-0.286,-0.81,0.431,1.024,0.616,0.458,1.022,0.63,0.628,1.31,0.951,0.658,1.291,0.953,0.03,0.027,0.023,-6.596,-9.783,0.557,-0.743,0.599,-0.002,-5.352,-7.939,0.394,-0.874,0.446,-0.132,3.295,-4.396,2.874,-6.371,3.989,4.011,5.09,-0.014,4.669,-1.388,5.733,5.765,-5.849,-9.036,1.303,0.003,1.345,0.745,0.568,-0.626,0.642,0.116,4.141,-4.561,5.746,5.82,6.727,1.213,8.259,8.365,1.606,0.338,1.658,1.079,0.989,-0.205,1.063,0.536,7.12,7.172,10.233,10.308,0.126,0.148,-0.0,0.074,-0.032,0.02
2020-12-21,CTD8,4174178,693048,0.018431045,0.020670908,0.025539778,0.009143687,0.0086647775,0.002397692,0.0022710054,0.00089752395,0.018043138,0.020544779,0.025670726,0.0090158945,0.007655011,0.0024363121,0.56865406,-8.000000000000001e-45,0.665,-0.057,5.879,-0.162,15.102,0.337,-55.109,0.36,-61.153,-0.105,9.223,0.387,-60.988,0.409,-67.033,0.473,-70.21,0.493,-76.255,0.027,-6.045,0.15,0.054,0.051,0.312,0.138,0.131,-1.139,-1.407,-0.478,-1.264,-1.562,-0.559,0.17,0.084,0.08,-1.124,-1.558,-0.528,-1.235,-1.712,-0.613,-1.294,-1.451,-0.608,-1.405,-1.576,-0.697,-0.111,-0.125,-0.154,-0.065,-0.065,-0.126,-0.238,-0.242,-0.399,0.201,0.317,0.272,0.211,0.328,0.282,-0.177,-0.18,-0.273,0.262,0.425,0.337,0.273,0.435,0.346,0.419,0.605,0.559,0.432,0.612,0.566,0.012,0.011,0.01,-1.902,-2.056,0.534,-0.164,0.552,-0.056,-1.539,-1.664,0.279,-0.334,0.302,-0.226,1.206,-0.37,0.78,-0.932,1.597,1.676,1.318,-0.134,0.892,-0.666,1.685,1.769,-1.672,-1.826,0.764,0.066,0.782,0.174,0.313,-0.246,0.339,-0.138,0.875,-0.687,1.791,1.921,1.0,-0.408,1.89,2.028,0.943,0.33,0.967,0.438,0.739,0.18,0.765,0.288,2.323,2.374,2.451,2.505,0.077,0.157,-0.028,0.103,-0.112,-0.061,-0.065,6.749,-0.174,16.468,0.334,-55.492,0.404,-75.211,-0.111,9.719,0.39,-62.241,0.457,-81.959,0.48,-71.96,0.541,-91.679,0.082,-19.718,0.173,0.061,0.052,0.338,0.148,0.126,-1.14,-1.425,-0.425,-1.545,-1.931,-0.678,0.175,0.088,0.074,-1.123,-1.598,-0.476,-1.479,-2.104,-0.739,-1.298,-1.478,-0.551,-1.654,-1.884,-0.827,-0.356,-0.405,-0.506,-0.072,-0.075,-0.15,-0.258,-0.27,-0.458,0.195,0.32,0.271,0.225,0.351,0.299,-0.189,-0.199,-0.307,0.264,0.449,0.346,0.295,0.476,0.372,0.432,0.648,0.591,0.467,0.666,0.609,0.035,0.031,0.029,-1.969,-2.475,0.527,-0.3,0.58,0.029,-1.576,-1.981,0.264,-0.475,0.33,-0.146,1.201,-0.683,0.752,-1.352,1.629,1.703,1.557,0.078,1.108,-0.49,1.918,2.006,-1.709,-2.215,0.787,-0.039,0.84,0.29,0.301,-0.377,0.376,-0.049,0.856,-1.075,1.854,1.981,1.261,-0.163,2.184,2.333,0.984,0.245,1.05,0.574,0.75,0.072,0.825,0.4,2.423,2.475,2.854,2.915,0.127,0.201,0.015,0.141,-0.073,-0.021
2020-12-21,CTD10,4170388,695646,0.035219863,0.036972944,0.038097862,0.014728111,0.011511276,0.0032995138,0.0031224373,0.0012396666,0.033456367,0.037326586,0.038290076,0.014354418,0.010914256,0.003077858,0.19299282,-8.000000000000001e-45,0.947,-0.024,1.346,-0.039,2.145,0.41,-39.504,0.507,-58.478,-0.015,0.799,0.43,-40.851,0.525,-59.825,0.442,-41.649,0.536,-60.623,0.123,-18.974,0.051,0.02,0.015,0.079,0.032,0.025,-1.461,-1.505,-0.455,-2.162,-2.228,-0.861,0.028,0.012,0.009,-1.439,-1.556,-0.47,-2.107,-2.279,-0.881,-1.467,-1.54,-0.479,-2.135,-2.241,-0.893,-0.668,-0.702,-0.723,-0.033,-0.035,-0.067,-0.056,-0.059,-0.11,0.273,0.423,0.413,0.316,0.459,0.449,-0.023,-0.024,-0.043,0.303,0.476,0.448,0.347,0.51,0.482,0.324,0.5,0.482,0.368,0.532,0.514,0.045,0.044,0.043,-1.634,-2.357,0.566,-0.327,0.65,0.171,-1.586,-2.287,0.526,-0.355,0.613,0.143,1.421,-0.821,1.361,-0.918,2.08,2.089,2.089,0.549,2.029,0.473,2.661,2.673,-1.537,-2.26,0.663,-0.23,0.748,0.268,0.552,-0.309,0.644,0.189,1.429,-0.799,2.184,2.208,2.13,0.625,2.794,2.825,0.683,-0.198,0.77,0.3,0.612,-0.249,0.704,0.249,2.26,2.275,2.891,2.911,0.107,0.116,0.072,0.096,0.06,0.075,-0.055,3.099,-0.067,3.773,0.4,-39.775,0.508,-61.734,-0.013,0.674,0.444,-42.874,0.548,-64.833,0.455,-43.549,0.556,-65.507,0.136,-21.958,0.119,0.044,0.034,0.141,0.054,0.041,-1.485,-1.523,-0.434,-2.304,-2.364,-0.886,0.023,0.01,0.007,-1.434,-1.642,-0.468,-2.169,-2.482,-0.931,-1.457,-1.626,-0.475,-2.192,-2.445,-0.94,-0.735,-0.82,-0.841,-0.074,-0.079,-0.153,-0.094,-0.1,-0.191,0.253,0.396,0.388,0.298,0.436,0.428,-0.02,-0.022,-0.038,0.32,0.518,0.467,0.368,0.552,0.502,0.338,0.539,0.496,0.387,0.573,0.53,0.049,0.048,0.045,-1.771,-2.612,0.521,-0.419,0.611,0.136,-1.727,-2.546,0.489,-0.441,0.581,0.113,1.356,-1.089,1.305,-1.178,2.038,2.046,2.091,0.465,2.04,0.398,2.681,2.69,-1.552,-2.393,0.741,-0.2,0.831,0.355,0.546,-0.34,0.649,0.214,1.456,-0.908,2.274,2.315,2.276,0.753,2.991,3.045,0.76,-0.171,0.852,0.384,0.597,-0.289,0.7,0.265,2.341,2.375,3.079,3.124,0.137,0.144,0.058,0.1,0.049,0.082
2020-12-21,CTD11,4169609,700351,0.02941016,0.03717346,0.04631509,0.0153694,0.012158797,0.0031871176,0.0031322122,0.0012186675,0.028648902,0.037096016,0.0469742,0.015368171,0.011393724,0.0030591267,0.2608033,-8.000000000000001e-45,0.95,-0.117,7.101,-0.223,12.411,0.314,-31.062,0.415,-48.243,-0.109,5.31,0.415,-38.163,0.507,-55.344,0.502,-43.473,0.584,-60.654,0.117,-17.181,0.329,0.109,0.086,0.461,0.191,0.151,-1.155,-1.439,-0.378,-1.793,-2.234,-0.741,0.156,0.082,0.065,-1.122,-1.768,-0.464,-1.628,-2.563,-0.851,-1.279,-1.616,-0.529,-1.784,-2.255,-0.932,-0.505,-0.639,-0.796,-0.126,-0.133,-0.282,-0.322,-0.343,-0.614,0.168,0.285,0.24,0.207,0.328,0.28,-0.204,-0.22,-0.332,0.288,0.525,0.373,0.33,0.559,0.406,0.465,0.744,0.627,0.513,0.763,0.65,0.048,0.042,0.038,-2.222,-3.018,0.459,-0.473,0.529,0.0,-1.784,-2.422,0.222,-0.629,0.308,-0.156,1.111,-1.144,0.668,-1.896,1.586,1.651,1.616,0.0,1.173,-0.595,2.005,2.087,-1.749,-2.545,0.932,-0.0,1.001,0.473,0.28,-0.461,0.389,0.012,0.844,-1.391,2.005,2.156,1.483,0.044,2.535,2.725,1.161,0.311,1.248,0.784,0.723,-0.018,0.832,0.455,2.6,2.686,3.287,3.396,0.196,0.26,0.0,0.151,-0.082,0.005,-0.128,7.948,-0.242,13.617,0.302,-30.164,0.431,-52.862,-0.117,5.669,0.414,-38.112,0.53,-60.811,0.507,-43.781,0.61,-66.479,0.149,-22.698,0.373,0.122,0.091,0.505,0.209,0.155,-1.119,-1.417,-0.344,-1.961,-2.483,-0.812,0.162,0.087,0.065,-1.092,-1.79,-0.434,-1.742,-2.857,-0.935,-1.254,-1.624,-0.499,-1.905,-2.466,-1.022,-0.65,-0.842,-1.066,-0.135,-0.145,-0.316,-0.349,-0.378,-0.685,0.158,0.274,0.228,0.205,0.329,0.277,-0.224,-0.247,-0.369,0.287,0.543,0.372,0.34,0.584,0.412,0.481,0.789,0.652,0.541,0.808,0.678,0.06,0.053,0.047,-2.284,-3.351,0.445,-0.577,0.53,0.031,-1.804,-2.646,0.196,-0.739,0.303,-0.131,1.074,-1.392,0.598,-2.259,1.557,1.622,1.725,0.101,1.248,-0.542,2.1,2.187,-1.762,-2.828,0.968,-0.054,1.052,0.553,0.253,-0.559,0.392,0.048,0.774,-1.709,2.016,2.171,1.616,0.199,2.719,2.929,1.225,0.291,1.333,0.898,0.73,-0.083,0.869,0.525,2.659,2.749,3.586,3.709,0.229,0.294,0.017,0.172,-0.071,0.02
2020-12-21,CTD12,4173438,695414,0.011989301,0.015619394,0.021759266,0.005873689,0.0052816314,0.001295844,0.0012707004,0.00049130945,0.011969068,0.015389275,0.021927327,0.006004257,0.004747322,0.001377786,0.4352444,-8.000000000000001e-45,0.814,-0.131,19.385,-0.289,37.45,0.342,-86.843,0.388,-105.928,-0.164,18.066,0.453,-106.228,0.495,-125.312,0.575,-124.293,0.609,-143.378,0.053,-19.085,0.422,0.114,0.102,0.585,0.22,0.198,-1.356,-1.89,-0.459,-1.655,-2.305,-0.622,0.217,0.106,0.095,-1.274,-2.311,-0.561,-1.502,-2.727,-0.736,-1.49,-1.941,-0.656,-1.719,-2.239,-0.842,-0.229,-0.298,-0.415,-0.131,-0.134,-0.325,-0.455,-0.467,-0.876,0.164,0.293,0.226,0.179,0.312,0.243,-0.344,-0.356,-0.55,0.289,0.564,0.36,0.306,0.579,0.374,0.575,0.92,0.76,0.597,0.922,0.767,0.021,0.018,0.016,-2.937,-3.352,0.498,-0.345,0.525,-0.132,-2.108,-2.406,0.175,-0.561,0.213,-0.348,1.323,-0.916,0.648,-2.079,1.703,1.798,1.552,-0.389,0.877,-1.435,1.894,2.0,-2.402,-2.817,1.033,0.191,1.06,0.404,0.228,-0.394,0.277,-0.181,0.844,-1.461,2.219,2.416,1.142,-0.747,2.467,2.687,1.439,0.703,1.477,0.916,0.903,0.281,0.953,0.494,3.264,3.366,3.63,3.744,0.152,0.247,-0.064,0.133,-0.171,-0.068,-0.125,18.568,-0.294,37.944,0.332,-83.0,0.432,-127.096,-0.175,19.375,0.439,-101.568,0.528,-145.665,0.57,-120.943,0.644,-165.04,0.117,-44.097,0.407,0.111,0.088,0.584,0.228,0.18,-1.277,-1.82,-0.394,-1.956,-2.787,-0.763,0.232,0.116,0.092,-1.216,-2.227,-0.482,-1.743,-3.194,-0.875,-1.448,-1.861,-0.574,-1.975,-2.54,-0.991,-0.528,-0.679,-0.967,-0.122,-0.128,-0.318,-0.465,-0.495,-0.926,0.16,0.296,0.224,0.194,0.338,0.259,-0.364,-0.391,-0.608,0.277,0.561,0.352,0.314,0.592,0.381,0.582,0.953,0.791,0.628,0.956,0.803,0.046,0.037,0.034,-2.874,-3.841,0.504,-0.487,0.561,-0.013,-2.017,-2.696,0.156,-0.719,0.237,-0.245,1.292,-1.248,0.569,-2.625,1.685,1.777,1.819,-0.042,1.096,-1.131,2.131,2.247,-2.366,-3.333,1.012,0.021,1.069,0.495,0.2,-0.563,0.305,-0.089,0.731,-2.056,2.166,2.347,1.41,-0.41,2.74,2.968,1.442,0.567,1.524,1.041,0.923,0.16,1.028,0.634,3.255,3.343,4.117,4.229,0.193,0.285,-0.006,0.174,-0.123,-0.035
2021-01-05,CTD1,4187246,695025,0.007370305,0.010559257,0.018175904,0.005262183,0.0050944034,0.0011909858,0.0011570291,0.00044932435,0.0073947166,0.010327911,0.018385567,0.005483522,0.0044611534,0.0012957024,0.496395,-8.000000000000001e-45,0.445,-0.178,40.976,-0.423,80.662,0.167,-54.356,0.183,-60.614,-0.265,39.686,0.335,-95.332,0.349,-101.59,0.551,-135.017,0.562,-141.276,0.016,-6.259,0.745,0.216,0.209,0.852,0.424,0.411,-0.574,-0.988,-0.277,-0.64,-1.102,-0.319,0.292,0.209,0.202,-0.703,-1.733,-0.486,-0.749,-1.846,-0.535,-0.995,-1.426,-0.688,-1.041,-1.492,-0.743,-0.046,-0.066,-0.114,-0.136,-0.137,-0.308,-0.683,-0.69,-1.043,0.073,0.135,0.091,0.079,0.144,0.097,-0.603,-0.611,-0.735,0.207,0.425,0.228,0.214,0.433,0.233,0.72,1.036,0.825,0.73,1.036,0.827,0.009,0.007,0.006,-2.756,-2.87,0.408,-0.335,0.418,-0.27,-1.601,-1.667,-0.093,-0.627,-0.077,-0.563,0.82,-0.672,-0.321,-2.167,0.918,1.12,0.866,-0.56,-0.275,-2.007,0.948,1.157,-2.021,-2.135,1.143,0.4,1.152,0.465,-0.133,-0.452,-0.11,-0.387,-0.459,-1.561,1.315,1.726,-0.393,-1.381,1.359,1.783,1.968,1.433,1.984,1.498,1.007,0.688,1.03,0.753,2.763,2.972,2.854,3.069,0.232,0.434,-0.193,0.218,-0.402,-0.193,-0.166,38.407,-0.426,80.841,0.148,-47.133,0.247,-88.926,-0.281,42.435,0.306,-85.54,0.397,-127.332,0.541,-127.974,0.609,-169.767,0.103,-41.793,0.706,0.211,0.171,0.835,0.443,0.361,-0.487,-0.867,-0.21,-0.918,-1.635,-0.488,0.314,0.233,0.189,-0.633,-1.573,-0.382,-0.942,-2.341,-0.698,-0.946,-1.322,-0.571,-1.255,-1.753,-0.931,-0.309,-0.432,-0.768,-0.123,-0.128,-0.295,-0.695,-0.743,-1.105,0.067,0.129,0.084,0.102,0.186,0.123,-0.626,-0.68,-0.81,0.188,0.409,0.212,0.228,0.456,0.246,0.728,1.088,0.872,0.786,1.081,0.881,0.058,0.04,0.036,-2.637,-3.405,0.418,-0.513,0.473,-0.098,-1.481,-1.913,-0.129,-0.827,-0.03,-0.411,0.787,-0.967,-0.432,-2.773,0.917,1.106,1.096,-0.226,-0.123,-1.695,1.127,1.359,-1.956,-2.725,1.098,0.167,1.154,0.583,-0.18,-0.667,-0.042,-0.252,-0.603,-2.238,1.28,1.641,-0.171,-1.038,1.574,2.017,1.955,1.257,2.054,1.673,1.039,0.551,1.177,0.967,2.75,2.921,3.38,3.59,0.31,0.499,-0.072,0.288,-0.305,-0.134
2021-01-05,CTD2,4181518,693105,0.003071501,0.0041713486,0.0060970793,0.001660864,0.0013522074,0.0003259572,0.00032336067,0.00012728768,0.0030814505,0.004132346,0.0061181104,0.001688771,0.0012514347,0.0003431515,0.2846653,-2.878e-42,0.355,-0.152,85.843,-0.33,161.561,0.298,-276.523,0.389,-413.958,-0.188,75.718,0.43,-362.366,0.51,-499.801,0.572,-438.083,0.637,-575.519,0.102,-137.435,0.523,0.143,0.116,0.674,0.268,0.218,-1.153,-1.686,-0.374,-1.727,-2.524,-0.688,0.233,0.126,0.102,-1.113,-2.209,-0.49,-1.535,-3.047,-0.83,-1.346,-1.827,-0.592,-1.768,-2.401,-0.956,-0.422,-0.573,-0.838,-0.142,-0.148,-0.365,-0.519,-0.548,-1.004,0.137,0.255,0.189,0.167,0.295,0.222,-0.407,-0.435,-0.639,0.274,0.568,0.337,0.307,0.596,0.363,0.612,1.003,0.803,0.655,1.003,0.814,0.043,0.034,0.03,-2.935,-3.773,0.464,-0.492,0.515,-0.078,-2.008,-2.581,0.106,-0.724,0.18,-0.31,1.165,-1.236,0.388,-2.66,1.525,1.628,1.587,-0.24,0.81,-1.4,1.873,1.999,-2.313,-3.151,1.086,0.13,1.136,0.544,0.143,-0.544,0.244,-0.13,0.527,-1.997,2.071,2.29,1.1,-0.586,2.544,2.812,1.587,0.757,1.661,1.171,0.921,0.233,1.021,0.647,3.231,3.347,3.968,4.111,0.217,0.319,-0.042,0.176,-0.168,-0.052,-0.146,82.529,-0.33,161.073,0.292,-267.624,0.422,-474.56,-0.194,78.544,0.42,-350.153,0.535,-557.09,0.567,-428.697,0.66,-635.634,0.149,-206.936,0.505,0.139,0.103,0.666,0.272,0.202,-1.106,-1.637,-0.335,-1.961,-2.903,-0.801,0.242,0.133,0.098,-1.079,-2.142,-0.438,-1.717,-3.408,-0.941,-1.321,-1.772,-0.536,-1.959,-2.627,-1.073,-0.638,-0.855,-1.266,-0.135,-0.143,-0.357,-0.522,-0.564,-1.033,0.136,0.259,0.189,0.179,0.314,0.234,-0.416,-0.458,-0.675,0.266,0.564,0.332,0.313,0.604,0.369,0.614,1.022,0.823,0.675,1.02,0.836,0.061,0.048,0.043,-2.877,-4.143,0.47,-0.604,0.541,0.005,-1.943,-2.798,0.095,-0.846,0.201,-0.237,1.149,-1.477,0.344,-3.064,1.522,1.62,1.787,0.015,0.982,-1.16,2.054,2.186,-2.282,-3.548,1.065,-0.008,1.136,0.6,0.127,-0.674,0.269,-0.066,0.461,-2.442,2.041,2.242,1.317,-0.321,2.754,3.026,1.577,0.636,1.683,1.244,0.932,0.131,1.074,0.74,3.217,3.32,4.341,4.48,0.245,0.343,0.003,0.204,-0.13,-0.027
2021-01-05,CTD3,4181698,695238,0.0066092326,0.00915754,0.0139476275,0.0027700278,0.0025808685,0.0005711841,0.0005720754,0.00021388811,0.0066290093,0.008959256,0.014092792,0.0028784976,0.0022492853,0.00063759746,0.4722356,-2.878e-42,0.686,-0.162,42.104,-0.357,79.607,0.409,-209.704,0.438,-236.163,-0.207,37.503,0.536,-251.808,0.56,-278.267,0.669,-289.31,0.688,-315.77,0.035,-26.459,0.587,0.117,0.109,0.729,0.221,0.205,-1.92,-2.925,-0.541,-2.163,-3.294,-0.654,0.248,0.104,0.097,-1.664,-3.512,-0.65,-1.839,-3.881,-0.771,-1.912,-2.649,-0.747,-2.087,-2.892,-0.875,-0.175,-0.242,-0.369,-0.152,-0.154,-0.476,-0.615,-0.625,-1.371,0.166,0.327,0.232,0.174,0.338,0.241,-0.511,-0.521,-0.895,0.311,0.695,0.386,0.32,0.701,0.393,0.709,1.216,0.952,0.721,1.212,0.953,0.012,0.009,0.008,-4.313,-4.683,0.523,-0.352,0.537,-0.21,-2.832,-3.074,0.171,-0.599,0.192,-0.458,1.729,-1.162,0.863,-3.018,2.104,2.201,1.904,-0.745,1.038,-2.474,2.258,2.362,-3.65,-4.019,1.187,0.312,1.201,0.454,0.237,-0.417,0.266,-0.275,1.196,-2.098,2.915,3.121,1.438,-1.487,3.129,3.35,1.808,1.037,1.828,1.179,1.104,0.45,1.133,0.591,4.645,4.753,4.985,5.102,0.137,0.234,-0.088,0.117,-0.192,-0.083,-0.149,39.236,-0.36,79.894,0.394,-196.551,0.493,-293.734,-0.223,40.658,0.514,-235.787,0.599,-332.969,0.661,-276.445,0.725,-373.627,0.123,-97.182,0.553,0.113,0.088,0.716,0.23,0.18,-1.761,-2.77,-0.442,-2.632,-4.14,-0.846,0.27,0.117,0.091,-1.563,-3.323,-0.53,-2.207,-4.692,-0.958,-1.833,-2.477,-0.622,-2.477,-3.347,-1.075,-0.644,-0.871,-1.37,-0.137,-0.143,-0.454,-0.631,-0.666,-1.456,0.163,0.335,0.23,0.19,0.37,0.258,-0.54,-0.578,-1.001,0.293,0.685,0.372,0.324,0.706,0.395,0.719,1.263,1.001,0.76,1.246,1.0,0.04,0.03,0.027,-4.156,-5.526,0.536,-0.54,0.58,-0.042,-2.642,-3.513,0.149,-0.809,0.219,-0.311,1.667,-1.68,0.73,-3.963,2.052,2.143,2.311,-0.165,1.374,-1.949,2.626,2.743,-3.544,-4.914,1.147,0.072,1.192,0.57,0.202,-0.644,0.296,-0.146,0.987,-3.153,2.773,2.953,1.857,-0.913,3.549,3.779,1.805,0.846,1.875,1.345,1.139,0.293,1.234,0.792,4.557,4.645,5.831,5.944,0.183,0.275,-0.018,0.162,-0.135,-0.047
2021-01-05,CTD4,4180266,698264,0.014181533,0.018679105,0.021716127,0.0058389343,0.0039749276,0.0010449262,0.0010184003,0.0004087653,0.014202827,0.018685037,0.021677177,0.0059367716,0.0040896977,0.0010335717,0.10492889,-8.000000000000001e-45,0.76,-0.137,16.978,-0.21,24.466,0.417,-100.75,0.562,-181.063,-0.075,7.487,0.524,-117.728,0.649,-198.041,0.576,-125.215,0.691,-205.528,0.19,-80.313,0.369,0.099,0.067,0.457,0.143,0.097,-1.882,-2.188,-0.4,-3.382,-3.932,-1.057,0.106,0.044,0.03,-1.67,-2.557,-0.468,-2.809,-4.301,-1.156,-1.776,-2.339,-0.498,-2.915,-3.839,-1.2,-1.139,-1.5,-1.744,-0.163,-0.175,-0.458,-0.307,-0.333,-0.768,0.207,0.368,0.325,0.253,0.416,0.37,-0.152,-0.167,-0.309,0.358,0.707,0.5,0.41,0.734,0.534,0.483,0.874,0.701,0.54,0.886,0.724,0.057,0.052,0.046,-2.96,-4.704,0.49,-0.71,0.576,0.078,-2.546,-4.046,0.34,-0.816,0.44,-0.028,1.569,-2.27,1.266,-3.034,2.216,2.246,2.708,0.369,2.405,-0.151,3.255,3.299,-2.402,-4.146,1.048,-0.152,1.134,0.636,0.448,-0.609,0.58,0.179,1.668,-2.264,2.919,3.016,3.168,0.98,4.288,4.43,1.219,0.062,1.318,0.851,0.751,-0.306,0.882,0.482,3.439,3.506,5.052,5.151,0.199,0.229,0.032,0.13,-0.011,0.056,-0.136,16.89,-0.208,24.277,0.41,-98.033,0.553,-174.108,-0.074,7.387,0.518,-114.923,0.641,-190.998,0.57,-122.31,0.683,-198.385,0.184,-76.075,0.366,0.1,0.069,0.454,0.144,0.099,-1.832,-2.125,-0.401,-3.253,-3.774,-1.034,0.105,0.044,0.03,-1.632,-2.491,-0.47,-2.713,-4.14,-1.134,-1.737,-2.285,-0.5,-2.818,-3.707,-1.178,-1.08,-1.421,-1.649,-0.162,-0.174,-0.447,-0.304,-0.328,-0.745,0.205,0.363,0.321,0.251,0.411,0.366,-0.149,-0.164,-0.298,0.355,0.697,0.495,0.407,0.725,0.529,0.479,0.86,0.691,0.535,0.873,0.714,0.056,0.051,0.046,-2.891,-4.54,0.486,-0.692,0.571,0.071,-2.492,-3.914,0.337,-0.796,0.436,-0.034,1.53,-2.176,1.232,-2.908,2.173,2.204,2.611,0.325,2.313,-0.179,3.155,3.199,-2.336,-3.985,1.042,-0.136,1.127,0.627,0.444,-0.59,0.574,0.173,1.621,-2.153,2.859,2.959,3.043,0.917,4.151,4.295,1.209,0.075,1.307,0.837,0.742,-0.292,0.872,0.471,3.363,3.432,4.882,4.983,0.199,0.229,0.03,0.129,-0.014,0.055
2021-01-05,CTD6,4176009,695829,0.006493397,0.009346942,0.012708606,0.0028597699,0.0021268816,0.00051296194,0.00050870306,0.00019936649,0.006517054,0.009246167,0.012726401,0.0029118543,0.0020641624,0.00053318456,0.21005389,-8.000000000000001e-45,0.49,-0.18,47.016,-0.324,75.316,0.388,-195.676,0.507,-316.169,-0.152,28.3,0.531,-242.692,0.629,-363.185,0.633,-270.992,0.713,-391.485,0.147,-120.493,0.598,0.134,0.1,0.704,0.215,0.16,-1.829,-2.487,-0.416,-2.955,-4.018,-0.904,0.184,0.081,0.06,-1.576,-3.084,-0.516,-2.358,-4.616,-1.039,-1.76,-2.533,-0.576,-2.542,-3.659,-1.12,-0.782,-1.126,-1.531,-0.183,-0.192,-0.572,-0.509,-0.542,-1.246,0.165,0.317,0.245,0.198,0.358,0.28,-0.359,-0.39,-0.674,0.338,0.753,0.437,0.376,0.772,0.464,0.622,1.143,0.858,0.668,1.131,0.867,0.046,0.038,0.033,-3.749,-5.281,0.47,-0.65,0.527,-0.049,-2.757,-3.884,0.205,-0.834,0.283,-0.233,1.535,-2.124,0.911,-3.705,2.043,2.103,2.318,-0.215,1.693,-1.391,2.747,2.828,-3.004,-4.536,1.214,0.095,1.272,0.696,0.295,-0.609,0.408,-0.008,1.311,-2.707,2.941,3.101,2.438,-0.049,3.954,4.17,1.651,0.613,1.73,1.213,0.919,0.015,1.032,0.616,4.116,4.216,5.535,5.669,0.213,0.273,-0.022,0.139,-0.103,-0.003,-0.173,45.291,-0.323,74.867,0.382,-189.98,0.519,-331.014,-0.158,29.576,0.521,-235.271,0.635,-376.305,0.628,-264.847,0.721,-405.881,0.17,-141.034,0.576,0.132,0.093,0.692,0.218,0.155,-1.757,-2.418,-0.392,-3.061,-4.213,-0.964,0.193,0.086,0.061,-1.533,-2.994,-0.486,-2.452,-4.789,-1.096,-1.726,-2.449,-0.547,-2.645,-3.753,-1.182,-0.919,-1.304,-1.795,-0.175,-0.185,-0.548,-0.511,-0.549,-1.248,0.164,0.319,0.244,0.203,0.366,0.285,-0.369,-0.406,-0.699,0.329,0.738,0.428,0.373,0.762,0.459,0.623,1.144,0.868,0.676,1.131,0.877,0.054,0.044,0.039,-3.666,-5.461,0.476,-0.706,0.543,-0.004,-2.663,-3.967,0.197,-0.899,0.289,-0.197,1.512,-2.241,0.862,-3.927,2.015,2.076,2.431,-0.018,1.781,-1.213,2.842,2.928,-2.952,-4.747,1.19,0.008,1.257,0.71,0.28,-0.684,0.41,0.018,1.223,-2.99,2.859,3.013,2.527,0.109,4.033,4.251,1.638,0.542,1.73,1.244,0.93,-0.034,1.06,0.668,4.054,4.147,5.719,5.85,0.224,0.285,-0.002,0.153,-0.088,0.006
2021-01-05,CTD7,4176724,690397,0.0084358305,0.011833956,0.018957907,0.0042185304,0.0041480707,0.0009216666,0.00092215976,0.00034396132,0.008457326,0.011548487,0.019177511,0.004414109,0.0035472545,0.0010302339,0.45722058,-2.878e-42,0.354,-0.168,34.039,-0.384,65.794,0.333,-118.507,0.341,-122.534,-0.231,31.754,0.474,-152.547,0.481,-156.573,0.636,-184.301,0.641,-188.327,0.008,-4.027,0.645,0.144,0.141,0.779,0.278,0.273,-1.402,-2.247,-0.492,-1.45,-2.323,-0.517,0.268,0.134,0.132,-1.287,-2.892,-0.633,-1.321,-2.968,-0.661,-1.555,-2.181,-0.764,-1.589,-2.229,-0.794,-0.034,-0.048,-0.076,-0.147,-0.147,-0.406,-0.655,-0.658,-1.258,0.137,0.264,0.183,0.139,0.267,0.185,-0.563,-0.566,-0.851,0.278,0.605,0.33,0.281,0.607,0.332,0.727,1.171,0.922,0.731,1.17,0.923,0.003,0.003,0.002,-3.781,-3.857,0.49,-0.304,0.494,-0.27,-2.36,-2.408,0.089,-0.572,0.094,-0.538,1.375,-0.853,0.398,-2.571,1.649,1.781,1.409,-0.772,0.432,-2.46,1.677,1.811,-3.091,-3.167,1.18,0.386,1.184,0.42,0.124,-0.393,0.133,-0.359,0.558,-1.765,2.314,2.586,0.606,-1.641,2.353,2.63,1.891,1.23,1.897,1.264,1.102,0.585,1.11,0.619,4.002,4.143,4.07,4.214,0.15,0.281,-0.135,0.138,-0.269,-0.128,-0.155,31.649,-0.388,66.096,0.314,-108.306,0.409,-163.667,-0.248,34.447,0.447,-139.955,0.53,-195.317,0.626,-174.402,0.688,-229.764,0.109,-55.362,0.607,0.14,0.112,0.763,0.292,0.234,-1.251,-2.077,-0.384,-1.89,-3.139,-0.722,0.291,0.152,0.122,-1.184,-2.684,-0.496,-1.652,-3.746,-0.862,-1.475,-2.014,-0.619,-1.943,-2.653,-1.014,-0.468,-0.639,-1.062,-0.131,-0.136,-0.388,-0.672,-0.71,-1.347,0.132,0.268,0.178,0.16,0.308,0.208,-0.593,-0.636,-0.958,0.258,0.594,0.314,0.29,0.622,0.339,0.738,1.23,0.978,0.781,1.214,0.979,0.043,0.031,0.028,-3.612,-4.674,0.502,-0.512,0.547,-0.071,-2.175,-2.815,0.059,-0.803,0.134,-0.363,1.314,-1.34,0.255,-3.49,1.609,1.731,1.782,-0.232,0.724,-1.96,2.002,2.154,-2.979,-4.041,1.135,0.121,1.181,0.562,0.08,-0.642,0.183,-0.201,0.349,-2.79,2.197,2.431,0.988,-1.089,2.734,3.025,1.885,1.023,1.96,1.464,1.139,0.416,1.241,0.857,3.925,4.037,4.884,5.024,0.215,0.337,-0.037,0.197,-0.189,-0.077
2021-01-05,CTD8,4174178,693048,0.0058605424,0.008928169,0.009602768,0.0017044871,0.0010562027,0.00027588714,0.00027176863,0.00010742663,0.00585335,0.008928795,0.009517762,0.0016730306,0.0010955428,0.0002704125,0.028266586,-8.000000000000001e-45,0.368,-0.207,58.628,-0.242,66.496,0.549,-416.054,0.695,-776.155,-0.036,7.868,0.679,-474.682,0.788,-834.783,0.699,-482.55,0.802,-842.651,0.235,-360.101,0.563,0.1,0.062,0.594,0.113,0.07,-3.715,-3.995,-0.439,-6.93,-7.453,-1.323,0.046,0.013,0.008,-2.782,-4.558,-0.501,-4.892,-8.016,-1.423,-2.828,-4.308,-0.51,-4.938,-7.523,-1.436,-2.11,-3.215,-3.458,-0.271,-0.288,-1.111,-0.352,-0.375,-1.356,0.224,0.416,0.39,0.259,0.452,0.425,-0.089,-0.098,-0.244,0.467,1.044,0.678,0.509,1.041,0.696,0.534,1.142,0.791,0.578,1.13,0.804,0.044,0.042,0.035,-4.977,-8.435,0.479,-0.957,0.546,0.037,-4.628,-7.843,0.419,-1.003,0.492,-0.009,2.509,-5.015,2.363,-5.653,3.32,3.328,4.619,0.311,4.473,-0.085,5.358,5.371,-4.11,-7.568,1.346,-0.09,1.413,0.904,0.639,-0.684,0.75,0.31,3.599,-3.854,5.058,5.128,6.815,2.819,8.162,8.276,1.448,0.025,1.52,1.019,0.785,-0.538,0.895,0.456,5.454,5.516,8.801,8.901,0.173,0.181,0.011,0.081,-0.003,0.059,-0.208,58.845,-0.238,65.776,0.555,-426.875,0.685,-741.947,-0.032,6.93,0.684,-485.721,0.781,-800.792,0.701,-492.651,0.794,-807.723,0.209,-315.072,0.56,0.098,0.064,0.587,0.11,0.072,-3.811,-4.063,-0.468,-6.625,-7.062,-1.241,0.041,0.012,0.008,-2.843,-4.623,-0.532,-4.687,-7.622,-1.34,-2.884,-4.399,-0.54,-4.728,-7.212,-1.351,-1.844,-2.813,-2.999,-0.275,-0.29,-1.111,-0.346,-0.366,-1.324,0.227,0.417,0.394,0.258,0.449,0.425,-0.078,-0.085,-0.213,0.472,1.044,0.684,0.51,1.041,0.7,0.531,1.129,0.783,0.57,1.119,0.794,0.039,0.038,0.031,-5.033,-8.032,0.48,-0.872,0.54,0.001,-4.722,-7.535,0.428,-0.912,0.492,-0.04,2.561,-4.651,2.433,-5.189,3.376,3.384,4.405,0.006,4.277,-0.346,5.156,5.167,-4.164,-7.162,1.35,-0.002,1.41,0.871,0.652,-0.589,0.751,0.283,3.711,-3.351,5.15,5.222,6.524,2.461,7.864,7.974,1.439,0.099,1.503,0.971,0.78,-0.461,0.879,0.411,5.502,5.566,8.402,8.5,0.163,0.171,0.0,0.072,-0.011,0.053
2021-01-05,CTD10,4170388,695646,0.008316425,0.012173319,0.019153815,0.0049863216,0.004189932,0.0009787034,0.000963444,0.00037457666,0.008331306,0.011980301,0.019299114,0.0051688883,0.0038722684,0.0010402782,0.33691132,-8.000000000000001e-45,0.593,-0.188,38.097,-0.395,68.035,0.25,-80.305,0.33,-118.423,-0.223,29.938,0.419,-118.402,0.488,-156.52,0.587,-148.34,0.641,-186.458,0.087,-38.119,0.73,0.19,0.16,0.828,0.339,0.285,-0.978,-1.538,-0.336,-1.442,-2.268,-0.59,0.249,0.149,0.125,-0.985,-2.268,-0.496,-1.302,-2.998,-0.78,-1.234,-1.806,-0.622,-1.551,-2.27,-0.93,-0.317,-0.464,-0.73,-0.16,-0.165,-0.42,-0.632,-0.662,-1.181,0.106,0.204,0.143,0.132,0.24,0.171,-0.525,-0.558,-0.761,0.262,0.575,0.308,0.291,0.6,0.331,0.691,1.133,0.866,0.73,1.125,0.872,0.039,0.029,0.025,-3.158,-3.888,0.423,-0.507,0.464,-0.157,-2.007,-2.471,0.025,-0.756,0.09,-0.406,1.032,-1.238,0.094,-2.904,1.324,1.449,1.349,-0.456,0.411,-1.856,1.575,1.725,-2.378,-3.108,1.203,0.274,1.245,0.623,0.036,-0.555,0.132,-0.205,0.138,-2.13,1.938,2.223,0.602,-0.936,2.306,2.645,1.894,1.113,1.959,1.463,0.974,0.383,1.07,0.733,3.337,3.497,3.972,4.162,0.255,0.381,-0.094,0.191,-0.243,-0.084,-0.18,36.559,-0.397,68.213,0.234,-73.436,0.365,-138.217,-0.234,31.655,0.397,-109.995,0.511,-174.776,0.577,-141.649,0.666,-206.431,0.143,-64.781,0.706,0.189,0.142,0.817,0.353,0.264,-0.88,-1.417,-0.284,-1.656,-2.667,-0.714,0.264,0.164,0.123,-0.916,-2.123,-0.426,-1.456,-3.373,-0.903,-1.18,-1.697,-0.549,-1.72,-2.473,-1.067,-0.54,-0.776,-1.25,-0.149,-0.157,-0.404,-0.64,-0.692,-1.213,0.101,0.199,0.136,0.143,0.26,0.182,-0.542,-0.6,-0.809,0.247,0.558,0.294,0.293,0.601,0.331,0.696,1.158,0.891,0.76,1.143,0.9,0.064,0.047,0.041,-3.038,-4.289,0.428,-0.639,0.495,-0.054,-1.886,-2.662,0.0,-0.903,0.108,-0.317,0.991,-1.482,0.001,-3.372,1.289,1.411,1.531,-0.166,0.541,-1.582,1.72,1.884,-2.296,-3.546,1.17,0.103,1.237,0.689,0.0,-0.714,0.156,-0.128,0.001,-2.666,1.853,2.117,0.777,-0.64,2.473,2.826,1.885,0.982,1.993,1.567,0.99,0.276,1.146,0.862,3.269,3.41,4.364,4.552,0.297,0.42,-0.033,0.231,-0.197,-0.055
2021-01-05,CTD11,4169609,700351,0.002383957,0.0036968968,0.0045166104,0.00094543886,0.000639968,0.00016520671,0.00016364925,6.376068e-05,0.0024021189,0.0036588162,0.0045021693,0.00094127597,0.0006327486,0.00016519851,0.05847094,-8.000000000000001e-45,0.728,-0.216,148.974,-0.309,198.066,0.432,-638.239,0.577,-1143.107,-0.1,49.092,0.593,-787.213,0.705,-1292.081,0.654,-836.305,0.752,-1341.173,0.193,-504.868,0.673,0.141,0.095,0.732,0.187,0.127,-2.36,-2.883,-0.408,-4.226,-5.163,-1.081,0.117,0.046,0.031,-1.877,-3.556,-0.504,-3.08,-5.836,-1.222,-1.994,-3.092,-0.535,-3.197,-4.958,-1.268,-1.204,-1.866,-2.28,-0.24,-0.255,-0.828,-0.459,-0.492,-1.345,0.175,0.332,0.279,0.212,0.376,0.319,-0.246,-0.271,-0.517,0.399,0.91,0.534,0.443,0.918,0.56,0.587,1.181,0.823,0.638,1.164,0.835,0.05,0.044,0.037,-4.132,-6.413,0.436,-0.832,0.503,-0.032,-3.382,-5.249,0.272,-0.95,0.355,-0.149,1.703,-3.255,1.3,-4.536,2.348,2.38,2.907,-0.185,2.503,-1.052,3.469,3.516,-3.227,-5.507,1.341,0.073,1.409,0.874,0.422,-0.659,0.55,0.142,2.016,-3.147,3.642,3.769,3.882,0.999,5.38,5.567,1.639,0.417,1.721,1.218,0.825,-0.256,0.953,0.545,4.509,4.604,6.661,6.802,0.223,0.255,-0.013,0.114,-0.059,0.036,-0.207,142.987,-0.304,194.184,0.437,-646.089,0.583,-1164.107,-0.103,51.197,0.591,-789.075,0.705,-1307.094,0.654,-840.273,0.754,-1358.291,0.196,-518.019,0.644,0.135,0.09,0.71,0.183,0.123,-2.364,-2.909,-0.409,-4.259,-5.241,-1.096,0.123,0.048,0.032,-1.895,-3.553,-0.499,-3.14,-5.885,-1.23,-2.018,-3.074,-0.532,-3.263,-4.97,-1.279,-1.244,-1.895,-2.332,-0.231,-0.245,-0.798,-0.457,-0.489,-1.334,0.179,0.34,0.284,0.217,0.385,0.325,-0.252,-0.278,-0.536,0.394,0.895,0.529,0.438,0.905,0.556,0.588,1.173,0.83,0.638,1.157,0.841,0.051,0.045,0.038,-4.127,-6.459,0.447,-0.831,0.516,-0.016,-3.354,-5.249,0.276,-0.954,0.361,-0.139,1.739,-3.23,1.321,-4.563,2.379,2.411,2.984,-0.091,2.566,-0.987,3.539,3.587,-3.26,-5.592,1.314,0.036,1.383,0.851,0.421,-0.675,0.549,0.14,2.013,-3.228,3.624,3.747,3.908,0.999,5.391,5.573,1.617,0.387,1.701,1.202,0.839,-0.257,0.967,0.558,4.52,4.61,6.723,6.858,0.219,0.251,-0.006,0.117,-0.054,0.036
2021-01-05,CTD12,4173438,695414,0.005310337,0.007837359,0.011150309,0.0026424334,0.0019464865,0.00047157606,0.0004759117,0.00018620098,0.005327658,0.0077529685,0.011159764,0.0026799683,0.0018933454,0.00048683397,0.19686542,-8.000000000000001e-45,0.367,-0.192,60.718,-0.355,98.628,0.335,-190.127,0.464,-325.434,-0.174,37.91,0.496,-250.845,0.602,-386.152,0.617,-288.755,0.703,-424.063,0.152,-135.307,0.677,0.16,0.118,0.773,0.261,0.192,-1.49,-2.12,-0.37,-2.551,-3.629,-0.86,0.201,0.1,0.074,-1.332,-2.797,-0.488,-2.051,-4.306,-1.02,-1.533,-2.263,-0.562,-2.252,-3.324,-1.121,-0.719,-1.06,-1.509,-0.183,-0.193,-0.551,-0.557,-0.597,-1.273,0.141,0.273,0.204,0.177,0.321,0.244,-0.417,-0.457,-0.722,0.316,0.716,0.397,0.358,0.741,0.427,0.647,1.172,0.87,0.7,1.157,0.878,0.053,0.042,0.037,-3.542,-5.051,0.441,-0.68,0.503,-0.059,-2.49,-3.55,0.139,-0.881,0.228,-0.26,1.307,-2.017,0.587,-3.719,1.761,1.835,2.025,-0.238,1.305,-1.492,2.391,2.491,-2.744,-4.253,1.239,0.118,1.301,0.739,0.205,-0.655,0.336,-0.034,0.866,-2.762,2.599,2.791,1.927,-0.193,3.529,3.789,1.763,0.742,1.851,1.363,0.925,0.065,1.056,0.686,3.853,3.971,5.231,5.391,0.249,0.323,-0.029,0.163,-0.13,-0.011,-0.185,58.717,-0.354,98.092,0.331,-185.439,0.476,-340.466,-0.18,39.375,0.486,-244.156,0.607,-399.183,0.613,-283.531,0.71,-438.558,0.172,-155.027,0.655,0.157,0.111,0.761,0.263,0.186,-1.438,-2.069,-0.351,-2.64,-3.8,-0.912,0.21,0.106,0.075,-1.301,-2.725,-0.462,-2.127,-4.455,-1.07,-1.511,-2.198,-0.537,-2.336,-3.4,-1.175,-0.826,-1.202,-1.73,-0.175,-0.186,-0.53,-0.559,-0.605,-1.275,0.14,0.274,0.203,0.182,0.329,0.248,-0.425,-0.472,-0.745,0.308,0.703,0.389,0.355,0.732,0.423,0.648,1.174,0.879,0.708,1.157,0.888,0.06,0.048,0.042,-3.477,-5.207,0.447,-0.728,0.518,-0.019,-2.416,-3.617,0.132,-0.938,0.233,-0.229,1.293,-2.107,0.549,-3.906,1.744,1.818,2.119,-0.079,1.374,-1.35,2.468,2.574,-2.709,-4.439,1.215,0.04,1.286,0.749,0.192,-0.721,0.339,-0.012,0.798,-3.001,2.538,2.723,2.0,-0.069,3.592,3.855,1.749,0.679,1.85,1.388,0.936,0.024,1.084,0.733,3.809,3.92,5.391,5.549,0.259,0.333,-0.01,0.176,-0.115,-0.004
2021-04-20,CTD1,4187246,695025,0.008104559,0.011248744,0.01873911,0.0041573634,0.0044981213,0.0009929012,0.0010556016,0.00037552425,0.008136807,0.010936881,0.01898432,0.004374239,0.0037015367,0.0011322664,0.69114524,-2.878e-42,0.5,-0.162,34.489,-0.396,70.023,0.322,-117.15,0.286,-98.928,-0.25,35.534,0.46,-151.638,0.429,-133.416,0.637,-187.173,0.613,-168.951,-0.039,18.222,0.646,0.143,0.155,0.788,0.291,0.315,-1.318,-2.195,-0.527,-1.113,-1.854,-0.411,0.288,0.148,0.16,-1.229,-2.842,-0.682,-1.081,-2.5,-0.555,-1.517,-2.105,-0.842,-1.369,-1.9,-0.702,0.148,0.205,0.341,-0.137,-0.135,-0.363,-0.69,-0.675,-1.229,0.132,0.251,0.17,0.12,0.234,0.158,-0.611,-0.594,-0.865,0.264,0.563,0.305,0.251,0.551,0.295,0.753,1.157,0.926,0.736,1.161,0.924,-0.018,-0.013,-0.011,-3.787,-3.446,0.499,-0.204,0.48,-0.361,-2.273,-2.068,0.063,-0.492,0.033,-0.649,1.349,-0.551,0.284,-2.217,1.55,1.709,1.201,-0.904,0.136,-2.706,1.432,1.58,-3.119,-2.778,1.166,0.464,1.148,0.306,0.087,-0.324,0.045,-0.482,0.394,-1.46,2.151,2.466,0.189,-2.007,1.988,2.279,1.943,1.388,1.912,1.23,1.153,0.742,1.111,0.584,3.952,4.108,3.653,3.796,0.113,0.273,-0.185,0.13,-0.333,-0.178,-0.147,31.465,-0.4,70.223,0.301,-105.713,0.375,-147.26,-0.269,38.759,0.429,-137.177,0.494,-178.724,0.625,-175.936,0.674,-217.483,0.083,-41.547,0.597,0.138,0.116,0.768,0.307,0.26,-1.156,-2.007,-0.391,-1.611,-2.796,-0.644,0.315,0.17,0.143,-1.116,-2.604,-0.508,-1.454,-3.393,-0.782,-1.432,-1.924,-0.651,-1.77,-2.379,-0.951,-0.338,-0.454,-0.789,-0.12,-0.123,-0.347,-0.708,-0.741,-1.343,0.126,0.257,0.166,0.148,0.29,0.19,-0.643,-0.68,-0.996,0.242,0.554,0.289,0.267,0.578,0.31,0.766,1.234,0.998,0.801,1.222,0.998,0.035,0.025,0.022,-3.596,-4.385,0.514,-0.438,0.549,-0.102,-2.072,-2.526,0.029,-0.753,0.09,-0.418,1.284,-1.095,0.124,-3.269,1.522,1.665,1.622,-0.302,0.462,-2.142,1.798,1.968,-2.996,-3.785,1.114,0.162,1.149,0.498,0.039,-0.606,0.121,-0.27,0.167,-2.628,2.045,2.305,0.622,-1.385,2.417,2.724,1.933,1.151,1.995,1.487,1.198,0.554,1.281,0.89,3.885,4.002,4.591,4.729,0.199,0.343,-0.055,0.205,-0.224,-0.108
2021-04-20,CTD2,4181518,693105,0.010277318,0.013649442,0.013674673,0.002873767,0.001782,0.00047496607,0.00047098182,0.00018851079,0.010345215,0.013686829,0.013532375,0.0028805078,0.0019011355,0.00046638856,0.039114054,-8.000000000000001e-45,0.716,-0.141,24.039,-0.142,24.174,0.563,-250.674,0.704,-463.866,-0.001,0.135,0.652,-274.712,0.769,-487.904,0.653,-274.847,0.769,-488.039,0.234,-213.192,0.329,0.069,0.043,0.33,0.069,0.043,-3.422,-3.428,-0.447,-6.332,-6.343,-1.333,0.001,0.0,0.0,-2.823,-3.757,-0.49,-5.014,-6.672,-1.402,-2.825,-3.752,-0.49,-5.016,-6.661,-1.403,-2.191,-2.91,-2.915,-0.204,-0.218,-0.724,-0.206,-0.22,-0.73,0.271,0.48,0.479,0.311,0.514,0.513,-0.002,-0.002,-0.005,0.45,0.894,0.697,0.495,0.902,0.717,0.451,0.896,0.7,0.497,0.904,0.72,0.046,0.046,0.04,-4.006,-6.921,0.543,-0.86,0.623,0.133,-3.998,-6.908,0.541,-0.861,0.621,0.131,2.578,-4.083,2.574,-4.098,3.446,3.446,4.769,1.018,4.765,1.009,5.557,5.557,-3.43,-6.346,1.118,-0.285,1.198,0.708,0.719,-0.615,0.825,0.378,3.419,-2.924,4.576,4.619,6.329,2.901,7.38,7.449,1.12,-0.282,1.2,0.71,0.722,-0.611,0.828,0.382,4.585,4.628,7.394,7.463,0.149,0.149,0.037,0.08,0.037,0.08,-0.139,23.6,-0.133,22.766,0.564,-250.498,0.69,-429.338,0.006,-0.834,0.652,-274.098,0.756,-452.938,0.649,-273.264,0.754,-452.105,0.205,-178.84,0.319,0.068,0.045,0.312,0.066,0.043,-3.429,-3.39,-0.476,-5.876,-5.81,-1.237,-0.009,-0.002,-0.002,-2.836,-3.709,-0.521,-4.686,-6.129,-1.305,-2.827,-3.74,-0.52,-4.677,-6.188,-1.302,-1.85,-2.448,-2.42,-0.204,-0.217,-0.699,-0.192,-0.204,-0.667,0.274,0.479,0.484,0.31,0.51,0.514,0.012,0.013,0.032,0.453,0.882,0.7,0.494,0.891,0.718,0.443,0.87,0.683,0.484,0.879,0.702,0.041,0.041,0.036,-3.942,-6.362,0.543,-0.759,0.615,0.096,-3.987,-6.435,0.554,-0.751,0.626,0.104,2.58,-3.608,2.603,-3.527,3.453,3.451,4.43,0.69,4.453,0.744,5.231,5.229,-3.375,-5.795,1.11,-0.192,1.183,0.663,0.733,-0.504,0.828,0.351,3.443,-2.367,4.568,4.611,5.891,2.501,6.921,6.986,1.098,-0.207,1.169,0.648,0.71,-0.526,0.805,0.329,4.514,4.559,6.84,6.908,0.14,0.138,0.027,0.07,0.029,0.074
2021-04-20,CTD3,4181698,695238,0.010483956,0.01359415,0.016319046,0.0038706632,0.0028577384,0.0007173571,0.00071112945,0.00027972032,0.010542807,0.013512921,0.016310053,0.0039359992,0.0028153188,0.0007400898,0.2123306,-2e-44,0.618,-0.129,21.823,-0.218,34.106,0.461,-162.97,0.572,-254.543,-0.091,12.283,0.557,-184.793,0.653,-276.366,0.617,-197.076,0.702,-288.649,0.151,-91.573,0.356,0.084,0.062,0.464,0.132,0.097,-2.215,-2.66,-0.466,-3.46,-4.154,-0.985,0.129,0.048,0.035,-1.937,-3.016,-0.528,-2.897,-4.51,-1.07,-2.066,-2.679,-0.563,-3.026,-3.924,-1.117,-0.96,-1.245,-1.494,-0.154,-0.162,-0.462,-0.334,-0.355,-0.867,0.221,0.402,0.345,0.255,0.437,0.378,-0.19,-0.204,-0.405,0.363,0.729,0.507,0.401,0.748,0.532,0.517,0.933,0.757,0.559,0.938,0.771,0.042,0.038,0.034,-3.445,-4.939,0.534,-0.583,0.596,0.033,-2.87,-4.115,0.358,-0.712,0.432,-0.096,1.876,-2.048,1.508,-3.002,2.498,2.533,2.836,0.157,2.468,-0.547,3.384,3.431,-2.919,-4.414,1.059,-0.058,1.122,0.558,0.464,-0.521,0.56,0.095,1.956,-2.198,3.24,3.337,3.2,0.541,4.388,4.52,1.272,0.202,1.346,0.818,0.831,-0.154,0.928,0.462,3.944,4.006,5.341,5.426,0.159,0.194,0.012,0.11,-0.035,0.027,-0.123,20.848,-0.215,33.54,0.456,-159.214,0.578,-260.348,-0.094,12.691,0.549,-180.062,0.655,-281.196,0.611,-192.753,0.706,-293.888,0.166,-101.134,0.34,0.082,0.059,0.453,0.132,0.094,-2.151,-2.597,-0.448,-3.518,-4.246,-1.025,0.134,0.05,0.036,-1.898,-2.937,-0.507,-2.965,-4.586,-1.107,-2.032,-2.605,-0.543,-3.098,-3.971,-1.157,-1.066,-1.367,-1.65,-0.147,-0.155,-0.44,-0.331,-0.353,-0.854,0.222,0.405,0.345,0.259,0.443,0.382,-0.193,-0.209,-0.414,0.357,0.717,0.501,0.398,0.739,0.528,0.514,0.926,0.758,0.561,0.932,0.773,0.047,0.042,0.038,-3.364,-5.013,0.539,-0.618,0.608,0.065,-2.787,-4.153,0.355,-0.752,0.438,-0.069,1.85,-2.121,1.472,-3.115,2.47,2.506,2.916,0.312,2.538,-0.399,3.454,3.503,-2.862,-4.512,1.04,-0.116,1.109,0.566,0.455,-0.57,0.561,0.113,1.886,-2.36,3.166,3.261,3.253,0.656,4.426,4.558,1.256,0.149,1.339,0.832,0.834,-0.191,0.94,0.492,3.877,3.935,5.42,5.502,0.165,0.201,0.024,0.119,-0.026,0.033
2021-04-20,CTD4,4180266,698264,0.016619151,0.021617651,0.026235947,0.0064714537,0.0048516057,0.0011826903,0.0011921065,0.0004583774,0.016600635,0.021476049,0.026397144,0.006641423,0.0046626613,0.0012041142,0.22878613,-8.000000000000001e-45,0.412,-0.131,13.913,-0.224,22.056,0.439,-94.353,0.548,-145.946,-0.097,8.143,0.539,-108.266,0.633,-159.859,0.604,-116.409,0.688,-168.002,0.143,-51.593,0.365,0.09,0.068,0.477,0.143,0.107,-2.04,-2.475,-0.458,-3.155,-3.829,-0.944,0.135,0.053,0.04,-1.799,-2.84,-0.525,-2.657,-4.194,-1.035,-1.935,-2.516,-0.565,-2.792,-3.632,-1.087,-0.857,-1.115,-1.354,-0.153,-0.161,-0.441,-0.342,-0.363,-0.849,0.212,0.383,0.326,0.246,0.419,0.36,-0.2,-0.215,-0.408,0.353,0.705,0.487,0.391,0.726,0.513,0.517,0.921,0.747,0.559,0.926,0.761,0.042,0.038,0.034,-3.285,-4.639,0.522,-0.565,0.584,0.019,-2.707,-3.822,0.334,-0.7,0.409,-0.116,1.744,-1.888,1.354,-2.84,2.344,2.383,2.602,0.085,2.212,-0.629,3.126,3.179,-2.753,-4.107,1.054,-0.033,1.116,0.551,0.435,-0.51,0.532,0.074,1.762,-2.067,3.049,3.156,2.877,0.402,4.066,4.209,1.279,0.245,1.354,0.829,0.824,-0.12,0.922,0.464,3.762,3.83,5.018,5.108,0.165,0.204,0.007,0.114,-0.045,0.022,-0.128,13.675,-0.228,22.356,0.428,-90.331,0.561,-154.231,-0.103,8.681,0.528,-104.007,0.643,-167.906,0.598,-112.687,0.7,-176.587,0.175,-63.9,0.361,0.091,0.064,0.48,0.148,0.104,-1.94,-2.384,-0.421,-3.312,-4.071,-1.024,0.144,0.058,0.04,-1.727,-2.745,-0.485,-2.787,-4.432,-1.115,-1.871,-2.42,-0.525,-2.931,-3.792,-1.173,-1.061,-1.372,-1.687,-0.148,-0.157,-0.431,-0.348,-0.375,-0.867,0.208,0.381,0.321,0.249,0.425,0.361,-0.212,-0.231,-0.435,0.345,0.698,0.478,0.391,0.723,0.509,0.519,0.929,0.756,0.571,0.935,0.773,0.052,0.046,0.041,-3.202,-4.888,0.521,-0.651,0.596,0.071,-2.605,-3.977,0.32,-0.796,0.412,-0.073,1.686,-2.106,1.27,-3.162,2.282,2.323,2.747,0.327,2.331,-0.414,3.251,3.309,-2.681,-4.368,1.042,-0.131,1.117,0.592,0.414,-0.611,0.533,0.112,1.644,-2.428,2.953,3.057,3.016,0.631,4.206,4.354,1.281,0.166,1.373,0.888,0.829,-0.195,0.948,0.527,3.694,3.758,5.261,5.352,0.183,0.223,0.028,0.133,-0.029,0.034
2021-04-20,CTD6,4176009,695829,0.0068171443,0.008987131,0.011384488,0.002749191,0.0020577433,0.000505869,0.0005074452,0.00019775775,0.0068705413,0.008920504,0.011368454,0.002792439,0.002001761,0.0005250786,0.2361145,-8.000000000000001e-45,0.485,-0.137,35.419,-0.251,58.85,0.425,-217.054,0.536,-339.28,-0.118,23.431,0.532,-252.473,0.627,-374.699,0.611,-275.905,0.694,-398.13,0.144,-122.226,0.403,0.097,0.073,0.529,0.162,0.121,-1.951,-2.471,-0.447,-3.049,-3.863,-0.933,0.16,0.064,0.048,-1.721,-2.874,-0.52,-2.554,-4.266,-1.03,-1.881,-2.48,-0.568,-2.714,-3.578,-1.095,-0.833,-1.098,-1.391,-0.154,-0.161,-0.451,-0.389,-0.414,-0.95,0.2,0.368,0.303,0.234,0.406,0.337,-0.251,-0.27,-0.499,0.343,0.703,0.464,0.381,0.724,0.49,0.546,0.973,0.782,0.59,0.975,0.795,0.044,0.038,0.034,-3.382,-4.774,0.517,-0.577,0.578,0.01,-2.67,-3.769,0.293,-0.737,0.37,-0.15,1.69,-1.888,1.213,-3.053,2.251,2.299,2.524,0.044,2.046,-0.828,3.007,3.071,-2.823,-4.214,1.077,-0.018,1.138,0.57,0.386,-0.547,0.488,0.041,1.599,-2.264,2.967,3.088,2.697,0.226,3.964,4.126,1.364,0.334,1.441,0.921,0.863,-0.069,0.965,0.518,3.839,3.912,5.129,5.227,0.174,0.223,0.004,0.125,-0.06,0.013,-0.13,33.448,-0.247,57.586,0.422,-212.561,0.549,-354.011,-0.121,24.139,0.523,-246.009,0.633,-387.459,0.606,-270.147,0.701,-411.597,0.165,-141.45,0.38,0.093,0.067,0.514,0.161,0.115,-1.896,-2.416,-0.425,-3.158,-4.025,-0.989,0.166,0.067,0.048,-1.69,-2.797,-0.492,-2.662,-4.405,-1.082,-1.856,-2.41,-0.541,-2.828,-3.672,-1.149,-0.972,-1.262,-1.608,-0.145,-0.153,-0.428,-0.384,-0.412,-0.938,0.201,0.373,0.305,0.24,0.416,0.344,-0.253,-0.276,-0.511,0.336,0.691,0.458,0.379,0.716,0.489,0.543,0.967,0.785,0.593,0.969,0.8,0.05,0.043,0.039,-3.301,-4.909,0.525,-0.625,0.594,0.053,-2.59,-3.852,0.291,-0.791,0.38,-0.112,1.676,-1.996,1.186,-3.219,2.236,2.284,2.648,0.238,2.158,-0.639,3.119,3.187,-2.773,-4.381,1.053,-0.097,1.122,0.582,0.378,-0.61,0.493,0.068,1.54,-2.485,2.903,3.018,2.802,0.385,4.05,4.211,1.342,0.26,1.43,0.938,0.868,-0.121,0.983,0.558,3.78,3.847,5.273,5.366,0.182,0.23,0.022,0.137,-0.046,0.021
2021-04-20,CTD7,4176724,690397,0.01115333,0.015561258,0.016405795,0.0025097225,0.0016681274,0.0004127213,0.00041137467,0.0001592299,0.01115938,0.015533468,0.016479127,0.0025174504,0.0016795769,0.00042159058,0.11238781,-2.878e-42,0.837,-0.165,25.397,-0.191,28.705,0.633,-308.791,0.74,-509.815,-0.026,3.308,0.722,-334.188,0.806,-535.212,0.735,-337.496,0.815,-538.521,0.201,-201.024,0.417,0.064,0.042,0.447,0.072,0.048,-4.805,-5.066,-0.515,-7.933,-8.364,-1.279,0.037,0.008,0.006,-3.727,-5.483,-0.557,-5.969,-8.781,-1.343,-3.764,-5.252,-0.563,-6.006,-8.38,-1.352,-2.242,-3.128,-3.298,-0.233,-0.244,-1.055,-0.291,-0.305,-1.257,0.27,0.502,0.478,0.297,0.525,0.501,-0.062,-0.066,-0.202,0.474,1.018,0.722,0.504,1.017,0.734,0.52,1.084,0.807,0.552,1.079,0.816,0.032,0.031,0.026,-5.82,-9.118,0.564,-0.788,0.615,0.052,-5.521,-8.649,0.519,-0.825,0.573,0.015,3.496,-4.885,3.39,-5.391,4.337,4.342,5.738,0.486,5.632,0.149,6.525,6.533,-5.142,-8.44,1.242,-0.109,1.294,0.731,0.724,-0.556,0.799,0.284,4.729,-3.634,6.051,6.099,7.858,2.792,9.104,9.176,1.31,-0.034,1.364,0.806,0.829,-0.45,0.905,0.39,6.387,6.43,9.61,9.674,0.118,0.123,0.012,0.06,0.003,0.046,-0.164,25.234,-0.192,28.928,0.632,-307.617,0.738,-505.777,-0.03,3.694,0.721,-332.85,0.805,-531.011,0.735,-336.544,0.815,-534.705,0.2,-198.161,0.416,0.064,0.042,0.449,0.073,0.049,-4.778,-5.069,-0.517,-7.856,-8.335,-1.273,0.041,0.009,0.006,-3.714,-5.485,-0.559,-5.926,-8.751,-1.337,-3.756,-5.228,-0.565,-5.967,-8.306,-1.346,-2.211,-3.078,-3.266,-0.23,-0.241,-1.042,-0.295,-0.309,-1.268,0.27,0.502,0.476,0.296,0.525,0.499,-0.069,-0.074,-0.225,0.471,1.014,0.717,0.501,1.013,0.729,0.523,1.087,0.811,0.554,1.082,0.82,0.031,0.03,0.026,-5.828,-9.093,0.566,-0.78,0.616,0.051,-5.493,-8.571,0.515,-0.822,0.569,0.01,3.49,-4.816,3.372,-5.379,4.325,4.331,5.702,0.474,5.583,0.098,6.482,6.491,-5.154,-8.42,1.239,-0.107,1.29,0.725,0.717,-0.556,0.792,0.275,4.694,-3.641,6.02,6.068,7.772,2.702,9.023,9.096,1.315,-0.022,1.369,0.81,0.835,-0.438,0.91,0.394,6.395,6.438,9.586,9.649,0.117,0.124,0.012,0.06,0.002,0.045
2021-04-20,CTD8,4174178,693048,0.012286407,0.016926069,0.01685222,0.0024274415,0.0015895345,0.00039245764,0.00038864723,0.00015041795,0.012299568,0.016910356,0.016963061,0.0024325266,0.0016024447,0.0004002271,0.1030607,-2.878e-42,0.691,-0.159,22.31,-0.157,22.051,0.67,-330.566,0.771,-547.724,0.002,-0.259,0.749,-352.876,0.828,-570.035,0.748,-352.617,0.828,-569.776,0.209,-217.159,0.376,0.054,0.035,0.373,0.054,0.035,-5.595,-5.571,-0.525,-9.271,-9.23,-1.33,-0.003,-0.001,-0.0,-4.336,-5.947,-0.561,-7.004,-9.606,-1.384,-4.332,-5.968,-0.56,-7.0,-9.644,-1.383,-2.668,-3.676,-3.66,-0.241,-0.252,-1.155,-0.236,-0.247,-1.137,0.292,0.532,0.535,0.317,0.553,0.555,0.005,0.005,0.018,0.498,1.045,0.786,0.526,1.042,0.795,0.494,1.04,0.779,0.522,1.037,0.789,0.029,0.029,0.025,-6.216,-9.876,0.582,-0.801,0.632,0.071,-6.244,-9.919,0.586,-0.798,0.635,0.074,4.057,-5.587,4.066,-5.541,4.968,4.967,6.725,0.757,6.734,0.787,7.586,7.586,-5.565,-9.224,1.234,-0.15,1.283,0.723,0.807,-0.523,0.875,0.35,5.601,-3.629,6.843,6.878,9.277,3.706,10.451,10.504,1.228,-0.156,1.278,0.717,0.798,-0.532,0.866,0.341,6.813,6.848,10.404,10.459,0.104,0.103,0.014,0.049,0.015,0.05,-0.158,22.168,-0.159,22.352,0.67,-329.792,0.769,-542.743,-0.002,0.184,0.748,-351.96,0.827,-564.911,0.749,-352.144,0.827,-565.095,0.206,-212.951,0.376,0.054,0.036,0.378,0.054,0.036,-5.577,-5.594,-0.528,-9.178,-9.207,-1.32,0.002,0.0,0.0,-4.329,-5.97,-0.564,-6.948,-9.583,-1.374,-4.331,-5.955,-0.564,-6.95,-9.556,-1.375,-2.619,-3.601,-3.612,-0.238,-0.248,-1.143,-0.241,-0.252,-1.156,0.291,0.533,0.531,0.316,0.553,0.552,-0.004,-0.004,-0.013,0.495,1.041,0.78,0.523,1.039,0.789,0.497,1.045,0.785,0.526,1.043,0.794,0.028,0.028,0.025,-6.246,-9.858,0.584,-0.791,0.633,0.069,-6.227,-9.828,0.581,-0.793,0.63,0.066,4.059,-5.497,4.053,-5.529,4.962,4.962,6.679,0.724,6.672,0.702,7.532,7.532,-5.599,-9.211,1.231,-0.143,1.28,0.716,0.799,-0.521,0.867,0.338,5.573,-3.634,6.821,6.857,9.174,3.579,10.355,10.409,1.235,-0.139,1.284,0.72,0.805,-0.515,0.873,0.344,6.843,6.879,10.388,10.442,0.103,0.103,0.014,0.049,0.013,0.049
2021-04-20,CTD10,4170388,695646,0.008514597,0.011562645,0.010946163,0.0015670724,0.0010270851,0.00025208734,0.00024646753,9.562092e-05,0.008482222,0.011555402,0.010940278,0.0015544618,0.0010210283,0.00025395653,0.1053195,-2.878e-42,0.53,-0.152,30.96,-0.125,26.089,0.689,-520.687,0.785,-856.184,0.027,-4.871,0.761,-551.647,0.837,-887.144,0.75,-546.776,0.828,-882.273,0.208,-335.497,0.339,0.049,0.032,0.302,0.041,0.027,-6.021,-5.7,-0.535,-9.9,-9.372,-1.342,-0.041,-0.008,-0.005,-4.697,-6.038,-0.567,-7.554,-9.711,-1.39,-4.656,-6.322,-0.562,-7.512,-10.201,-1.383,-2.857,-3.879,-3.672,-0.244,-0.255,-1.175,-0.185,-0.193,-0.937,0.309,0.552,0.58,0.333,0.57,0.598,0.061,0.065,0.238,0.514,1.048,0.835,0.541,1.045,0.842,0.467,0.983,0.745,0.494,0.984,0.755,0.027,0.028,0.024,-6.249,-9.921,0.593,-0.789,0.643,0.081,-6.601,-10.48,0.642,-0.748,0.689,0.122,4.377,-5.824,4.487,-5.224,5.345,5.34,7.234,0.912,7.343,1.305,8.155,8.147,-5.627,-9.3,1.215,-0.168,1.264,0.703,0.872,-0.469,0.936,0.401,6.093,-3.279,7.258,7.285,9.972,4.273,11.074,11.115,1.15,-0.24,1.197,0.63,0.763,-0.579,0.826,0.291,6.864,6.896,10.473,10.522,0.095,0.09,0.015,0.042,0.023,0.054,-0.153,31.354,-0.127,26.488,0.69,-525.416,0.785,-861.511,0.027,-4.866,0.763,-556.77,0.838,-892.865,0.751,-551.904,0.829,-887.999,0.207,-336.095,0.343,0.049,0.032,0.306,0.041,0.027,-6.071,-5.748,-0.536,-9.955,-9.425,-1.339,-0.041,-0.008,-0.005,-4.723,-6.091,-0.568,-7.573,-9.768,-1.388,-4.681,-6.377,-0.564,-7.532,-10.261,-1.38,-2.851,-3.884,-3.677,-0.246,-0.257,-1.193,-0.187,-0.195,-0.954,0.308,0.551,0.579,0.332,0.569,0.597,0.061,0.065,0.239,0.515,1.052,0.836,0.542,1.05,0.843,0.468,0.988,0.746,0.495,0.988,0.757,0.027,0.027,0.024,-6.304,-9.981,0.592,-0.788,0.641,0.077,-6.658,-10.542,0.641,-0.747,0.687,0.118,4.4,-5.861,4.51,-5.258,5.368,5.363,7.251,0.874,7.361,1.27,8.173,8.165,-5.676,-9.353,1.22,-0.16,1.269,0.705,0.873,-0.466,0.936,0.399,6.144,-3.281,7.313,7.34,10.028,4.279,11.134,11.175,1.155,-0.233,1.201,0.633,0.764,-0.576,0.826,0.29,6.918,6.95,10.532,10.58,0.095,0.09,0.014,0.041,0.022,0.054
2021-04-20,CTD11,4169609,700351,0.01681857,0.02384971,0.025099069,0.0040958887,0.0026561993,0.000659197,0.0006612022,0.0002556255,0.0169056,0.023796652,0.025370872,0.0041567464,0.002705291,0.0006675208,0.10035001,-8.000000000000001e-45,0.296,-0.173,17.529,-0.198,19.616,0.608,-184.689,0.727,-317.02,-0.026,2.087,0.707,-202.218,0.8,-334.549,0.719,-204.305,0.809,-336.636,0.213,-132.331,0.44,0.072,0.047,0.468,0.08,0.052,-4.405,-4.636,-0.491,-7.561,-7.957,-1.298,0.035,0.009,0.006,-3.401,-5.075,-0.537,-5.627,-8.397,-1.37,-3.436,-4.873,-0.543,-5.662,-8.029,-1.379,-2.226,-3.156,-3.321,-0.241,-0.253,-1.041,-0.296,-0.312,-1.226,0.26,0.48,0.458,0.289,0.507,0.485,-0.06,-0.064,-0.185,0.471,1.014,0.712,0.506,1.013,0.726,0.516,1.078,0.792,0.552,1.073,0.803,0.035,0.034,0.029,-5.423,-8.744,0.542,-0.837,0.599,0.057,-5.153,-8.309,0.498,-0.872,0.559,0.022,3.156,-4.873,3.054,-5.343,3.995,4.0,5.382,0.509,5.279,0.204,6.16,6.169,-4.71,-8.031,1.255,-0.124,1.312,0.77,0.707,-0.592,0.792,0.302,4.33,-3.626,5.665,5.717,7.487,2.851,8.735,8.816,1.321,-0.05,1.381,0.844,0.809,-0.49,0.894,0.404,5.97,6.016,9.206,9.278,0.132,0.138,0.014,0.066,0.005,0.052,-0.169,17.129,-0.2,19.737,0.605,-181.421,0.724,-310.494,-0.032,2.607,0.703,-198.55,0.796,-327.623,0.718,-201.157,0.807,-330.231,0.212,-129.073,0.435,0.071,0.046,0.47,0.082,0.053,-4.317,-4.603,-0.491,-7.389,-7.878,-1.291,0.044,0.011,0.007,-3.357,-5.037,-0.537,-5.539,-8.312,-1.362,-3.401,-4.787,-0.544,-5.583,-7.858,-1.373,-2.182,-3.072,-3.275,-0.233,-0.245,-1.004,-0.303,-0.319,-1.234,0.259,0.481,0.454,0.289,0.508,0.481,-0.075,-0.08,-0.229,0.465,1.001,0.7,0.499,1.001,0.714,0.521,1.082,0.8,0.557,1.076,0.811,0.036,0.034,0.03,-5.393,-8.668,0.547,-0.826,0.604,0.06,-5.058,-8.13,0.492,-0.87,0.553,0.016,3.129,-4.729,3.001,-5.311,3.953,3.96,5.311,0.524,5.183,0.146,6.074,6.085,-4.696,-7.971,1.244,-0.129,1.301,0.757,0.692,-0.599,0.778,0.287,4.224,-3.653,5.565,5.618,7.296,2.693,8.55,8.632,1.326,-0.036,1.387,0.85,0.82,-0.47,0.906,0.415,5.944,5.99,9.132,9.204,0.132,0.139,0.015,0.068,0.004,0.05
2021-04-20,CTD12,4173438,695414,0.006930631,0.009645531,0.011085396,0.0017977087,0.001258637,0.00029689568,0.00029680363,0.00011375988,0.0069101527,0.009582358,0.011108172,0.0018067714,0.0012184586,0.0003054226,0.19137157,-2.878e-42,0.537,-0.164,40.612,-0.231,54.078,0.588,-411.977,0.693,-650.223,-0.069,13.466,0.686,-452.589,0.769,-690.835,0.721,-466.055,0.796,-704.301,0.176,-238.247,0.45,0.073,0.051,0.522,0.097,0.068,-3.974,-4.567,-0.519,-6.272,-7.208,-1.169,0.093,0.024,0.017,-3.137,-5.017,-0.57,-4.788,-7.658,-1.242,-3.23,-4.495,-0.587,-4.881,-6.793,-1.266,-1.651,-2.298,-2.641,-0.211,-0.22,-0.888,-0.363,-0.381,-1.359,0.248,0.471,0.416,0.274,0.496,0.44,-0.165,-0.176,-0.471,0.436,0.958,0.636,0.466,0.961,0.651,0.56,1.134,0.852,0.593,1.126,0.859,0.033,0.03,0.026,-5.448,-8.089,0.556,-0.71,0.605,0.018,-4.74,-7.038,0.439,-0.803,0.495,-0.075,2.985,-3.808,2.706,-4.952,3.725,3.742,4.636,0.141,4.357,-0.66,5.32,5.344,-4.775,-7.416,1.23,-0.037,1.278,0.692,0.611,-0.558,0.689,0.17,3.766,-3.442,5.184,5.252,6.064,1.497,7.404,7.501,1.413,0.171,1.469,0.899,0.89,-0.279,0.968,0.449,5.985,6.036,8.548,8.621,0.129,0.146,0.005,0.073,-0.019,0.032,-0.162,40.356,-0.233,54.691,0.585,-408.759,0.7,-675.994,-0.074,14.335,0.683,-449.115,0.774,-716.351,0.72,-463.45,0.802,-730.685,0.194,-267.236,0.448,0.073,0.049,0.524,0.099,0.067,-3.917,-4.541,-0.498,-6.478,-7.509,-1.221,0.099,0.026,0.017,-3.103,-4.989,-0.547,-4.95,-7.957,-1.294,-3.203,-4.441,-0.565,-5.049,-7.002,-1.32,-1.847,-2.561,-2.968,-0.207,-0.217,-0.883,-0.369,-0.389,-1.388,0.247,0.472,0.414,0.275,0.5,0.441,-0.175,-0.188,-0.504,0.432,0.957,0.631,0.464,0.96,0.648,0.564,1.144,0.861,0.6,1.135,0.868,0.036,0.033,0.028,-5.427,-8.395,0.558,-0.762,0.611,0.047,-4.682,-7.242,0.434,-0.861,0.495,-0.052,2.962,-4.04,2.665,-5.292,3.697,3.715,4.809,0.368,4.512,-0.477,5.483,5.509,-4.761,-7.73,1.224,-0.096,1.277,0.712,0.601,-0.62,0.686,0.188,3.696,-3.813,5.127,5.194,6.257,1.716,7.603,7.702,1.419,0.125,1.48,0.933,0.898,-0.324,0.983,0.485,5.972,6.021,8.855,8.928,0.134,0.152,0.012,0.079,-0.014,0.035
2021-06-14,CTD1,4187246,695025,0.005091928,0.0075270813,0.012796413,0.0031440624,0.0030501918,0.0006841968,0.0006903162,0.00026555575,0.005123662,0.007368312,0.012950138,0.0032898837,0.0026369723,0.000760214,0.59866273,-2.878e-42,0.293,-0.193,63.536,-0.431,118.242,0.237,-121.671,0.251,-131.459,-0.259,54.707,0.411,-185.206,0.423,-194.995,0.606,-239.913,0.615,-249.701,0.015,-9.788,0.813,0.2,0.194,0.89,0.372,0.361,-0.916,-1.557,-0.371,-0.99,-1.682,-0.413,0.279,0.172,0.167,-0.943,-2.37,-0.565,-0.993,-2.495,-0.613,-1.222,-1.806,-0.732,-1.271,-1.88,-0.785,-0.05,-0.074,-0.125,-0.153,-0.154,-0.393,-0.722,-0.728,-1.244,0.096,0.184,0.123,0.1,0.191,0.128,-0.64,-0.647,-0.851,0.245,0.538,0.277,0.25,0.544,0.281,0.765,1.185,0.913,0.772,1.183,0.913,0.007,0.005,0.005,-3.394,-3.519,0.431,-0.354,0.438,-0.294,-1.996,-2.07,-0.02,-0.633,-0.007,-0.572,1.031,-0.848,-0.081,-2.576,1.214,1.381,1.081,-0.725,-0.031,-2.401,1.252,1.424,-2.592,-2.717,1.233,0.447,1.24,0.508,-0.029,-0.443,-0.011,-0.382,-0.119,-1.801,1.795,2.156,-0.045,-1.602,1.85,2.222,2.095,1.482,2.108,1.543,1.083,0.669,1.101,0.73,3.471,3.665,3.578,3.778,0.212,0.379,-0.181,0.179,-0.353,-0.16,-0.18,59.457,-0.433,117.954,0.218,-108.789,0.32,-184.05,-0.275,58.497,0.383,-168.246,0.473,-243.506,0.595,-226.743,0.662,-302.004,0.11,-75.261,0.77,0.196,0.157,0.869,0.388,0.311,-0.802,-1.409,-0.287,-1.356,-2.383,-0.606,0.3,0.192,0.154,-0.862,-2.179,-0.444,-1.248,-3.153,-0.801,-1.162,-1.671,-0.598,-1.547,-2.225,-0.994,-0.386,-0.555,-0.975,-0.138,-0.144,-0.379,-0.734,-0.782,-1.321,0.09,0.183,0.118,0.122,0.233,0.153,-0.663,-0.719,-0.942,0.226,0.526,0.262,0.262,0.562,0.291,0.773,1.245,0.966,0.826,1.226,0.968,0.052,0.036,0.032,-3.241,-4.216,0.441,-0.552,0.492,-0.106,-1.844,-2.399,-0.051,-0.852,0.038,-0.406,0.988,-1.237,-0.2,-3.354,1.2,1.354,1.374,-0.297,0.185,-1.993,1.497,1.689,-2.498,-3.473,1.184,0.19,1.234,0.637,-0.073,-0.679,0.054,-0.233,-0.288,-2.671,1.725,2.036,0.267,-1.142,2.152,2.54,2.081,1.28,2.17,1.726,1.115,0.51,1.243,0.956,3.422,3.578,4.269,4.464,0.284,0.438,-0.068,0.243,-0.261,-0.104
2021-06-14,CTD2,4181518,693105,0.0053616804,0.0075513837,0.011222921,0.0024957592,0.0021952323,0.0005115333,0.0005045848,0.000197685,0.005392333,0.00743116,0.01129723,0.0025641974,0.0019757259,0.0005562683,0.39722764,-2.878e-42,0.376,-0.17,54.083,-0.353,97.405,0.365,-214.171,0.419,-269.024,-0.196,43.323,0.503,-268.254,0.55,-323.107,0.636,-311.576,0.673,-366.429,0.064,-54.853,0.607,0.135,0.119,0.736,0.243,0.214,-1.617,-2.404,-0.47,-2.032,-3.019,-0.671,0.232,0.108,0.095,-1.438,-3.011,-0.589,-1.732,-3.626,-0.806,-1.671,-2.353,-0.684,-1.965,-2.767,-0.915,-0.294,-0.414,-0.616,-0.16,-0.163,-0.467,-0.583,-0.601,-1.249,0.153,0.294,0.214,0.169,0.315,0.231,-0.467,-0.486,-0.783,0.305,0.669,0.377,0.323,0.682,0.39,0.676,1.155,0.895,0.699,1.149,0.899,0.023,0.018,0.016,-3.787,-4.402,0.488,-0.427,0.514,-0.17,-2.548,-2.962,0.147,-0.659,0.187,-0.402,1.475,-1.292,0.662,-2.964,1.858,1.953,1.77,-0.583,0.956,-2.054,2.112,2.22,-3.088,-3.704,1.186,0.271,1.213,0.529,0.207,-0.464,0.263,-0.207,0.933,-2.087,2.616,2.83,1.347,-1.057,2.974,3.218,1.763,0.956,1.802,1.214,1.021,0.349,1.077,0.607,4.087,4.206,4.647,4.782,0.175,0.27,-0.079,0.135,-0.187,-0.068,-0.159,50.88,-0.354,96.931,0.355,-204.537,0.464,-320.695,-0.206,46.051,0.487,-255.417,0.58,-371.575,0.63,-301.468,0.702,-417.626,0.13,-116.158,0.575,0.13,0.101,0.72,0.249,0.192,-1.52,-2.311,-0.404,-2.383,-3.623,-0.822,0.248,0.118,0.091,-1.377,-2.886,-0.505,-2.004,-4.198,-0.953,-1.626,-2.24,-0.596,-2.252,-3.103,-1.071,-0.626,-0.863,-1.312,-0.147,-0.154,-0.449,-0.591,-0.628,-1.301,0.151,0.301,0.213,0.182,0.342,0.246,-0.486,-0.525,-0.852,0.292,0.661,0.367,0.327,0.686,0.394,0.681,1.185,0.928,0.727,1.172,0.933,0.046,0.035,0.031,-3.68,-4.992,0.499,-0.572,0.551,-0.045,-2.421,-3.284,0.132,-0.821,0.211,-0.293,1.445,-1.658,0.583,-3.615,1.837,1.928,2.072,-0.169,1.209,-1.676,2.384,2.502,-3.028,-4.34,1.151,0.08,1.203,0.608,0.182,-0.64,0.291,-0.113,0.803,-2.82,2.532,2.723,1.666,-0.645,3.286,3.534,1.75,0.797,1.829,1.325,1.045,0.222,1.154,0.75,4.039,4.14,5.242,5.373,0.21,0.301,-0.021,0.17,-0.139,-0.039
2021-06-14,CTD3,4181698,695238,0.011252023,0.01588641,0.017495658,0.0041822586,0.00262685,0.0007252623,0.0007201616,0.0002945683,0.011305991,0.015936425,0.017342579,0.0041844444,0.0028259251,0.000708595,0.016803334,-8.000000000000001e-45,0.31,-0.171,25.926,-0.217,31.716,0.458,-150.232,0.621,-291.811,-0.048,5.79,0.583,-176.158,0.716,-317.737,0.614,-181.948,0.739,-323.527,0.228,-141.579,0.454,0.108,0.068,0.504,0.133,0.083,-2.387,-2.628,-0.395,-4.636,-5.105,-1.22,0.065,0.024,0.015,-1.982,-3.082,-0.463,-3.575,-5.559,-1.329,-2.047,-2.891,-0.478,-3.64,-5.14,-1.353,-1.593,-2.249,-2.477,-0.214,-0.23,-0.681,-0.311,-0.337,-0.917,0.212,0.382,0.351,0.258,0.43,0.398,-0.104,-0.116,-0.236,0.407,0.843,0.582,0.461,0.859,0.612,0.491,0.959,0.719,0.548,0.963,0.741,0.057,0.054,0.047,-3.475,-5.952,0.469,-0.884,0.558,0.08,-3.155,-5.405,0.38,-0.949,0.478,0.015,1.782,-3.357,1.589,-3.97,2.525,2.54,3.375,0.485,3.182,0.1,4.02,4.044,-2.771,-5.248,1.173,-0.18,1.262,0.784,0.536,-0.684,0.675,0.28,2.244,-2.862,3.565,3.648,4.493,1.864,5.676,5.809,1.292,-0.037,1.39,0.927,0.73,-0.491,0.868,0.473,3.95,4.018,6.289,6.397,0.206,0.222,0.03,0.113,0.006,0.074,-0.17,25.699,-0.211,30.787,0.46,-150.532,0.6,-265.418,-0.042,5.088,0.584,-176.231,0.699,-291.117,0.611,-181.319,0.72,-296.205,0.194,-114.886,0.446,0.108,0.073,0.491,0.129,0.087,-2.399,-2.611,-0.425,-4.23,-4.603,-1.111,0.058,0.021,0.014,-1.992,-3.056,-0.498,-3.291,-5.049,-1.218,-2.05,-2.89,-0.512,-3.349,-4.72,-1.239,-1.299,-1.831,-1.992,-0.215,-0.23,-0.661,-0.3,-0.322,-0.861,0.214,0.38,0.353,0.255,0.421,0.394,-0.091,-0.1,-0.201,0.41,0.832,0.583,0.458,0.846,0.609,0.483,0.931,0.701,0.533,0.937,0.721,0.05,0.047,0.041,-3.435,-5.428,0.468,-0.771,0.546,0.034,-3.157,-4.987,0.389,-0.829,0.475,-0.023,1.783,-2.937,1.614,-3.435,2.525,2.539,3.082,0.192,2.913,-0.144,3.738,3.76,-2.735,-4.727,1.168,-0.071,1.247,0.734,0.549,-0.562,0.669,0.244,2.275,-2.328,3.559,3.646,4.105,1.495,5.269,5.398,1.271,0.053,1.357,0.859,0.718,-0.392,0.838,0.413,3.895,3.967,5.767,5.874,0.193,0.207,0.013,0.1,-0.009,0.064
2021-06-14,CTD4,4180266,698264,0.010215141,0.014605656,0.016902579,0.0038166887,0.0025003296,0.00066881237,0.0006662009,0.00026946666,0.010260595,0.014608256,0.01681657,0.0038246214,0.0026201638,0.00066562626,0.065058686,-8.000000000000001e-45,0.308,-0.177,29.427,-0.247,38.731,0.456,-164.113,0.607,-302.053,-0.073,9.304,0.586,-193.541,0.708,-331.481,0.632,-202.845,0.742,-340.785,0.208,-137.94,0.497,0.112,0.074,0.566,0.148,0.097,-2.397,-2.774,-0.41,-4.412,-5.105,-1.153,0.095,0.036,0.023,-1.977,-3.271,-0.484,-3.386,-5.603,-1.265,-2.072,-2.963,-0.507,-3.481,-4.977,-1.301,-1.409,-2.015,-2.332,-0.212,-0.226,-0.695,-0.363,-0.391,-1.059,0.203,0.374,0.33,0.245,0.419,0.372,-0.164,-0.181,-0.364,0.398,0.848,0.556,0.446,0.863,0.584,0.527,1.029,0.765,0.58,1.026,0.782,0.053,0.049,0.042,-3.729,-6.061,0.474,-0.827,0.551,0.044,-3.222,-5.237,0.343,-0.922,0.433,-0.051,1.812,-3.165,1.519,-4.084,2.505,2.529,3.221,0.259,2.928,-0.343,3.824,3.86,-2.999,-5.33,1.204,-0.097,1.282,0.775,0.49,-0.662,0.619,0.209,2.172,-2.933,3.582,3.679,4.187,1.413,5.468,5.616,1.393,0.128,1.483,1.0,0.784,-0.369,0.912,0.502,4.184,4.257,6.387,6.499,0.202,0.226,0.017,0.113,-0.019,0.055,-0.175,29.006,-0.242,37.995,0.457,-164.004,0.593,-284.195,-0.07,8.989,0.585,-193.009,0.696,-313.201,0.629,-201.999,0.73,-322.19,0.187,-120.192,0.488,0.111,0.076,0.555,0.145,0.1,-2.396,-2.758,-0.43,-4.152,-4.779,-1.087,0.092,0.034,0.024,-1.98,-3.246,-0.506,-3.214,-5.267,-1.198,-2.073,-2.951,-0.529,-3.306,-4.707,-1.232,-1.233,-1.756,-2.021,-0.211,-0.224,-0.675,-0.356,-0.381,-1.017,0.205,0.374,0.331,0.243,0.415,0.37,-0.157,-0.171,-0.343,0.398,0.837,0.555,0.443,0.851,0.581,0.522,1.009,0.754,0.571,1.008,0.77,0.048,0.044,0.038,-3.695,-5.716,0.475,-0.757,0.547,0.017,-3.209,-4.965,0.348,-0.85,0.431,-0.075,1.814,-2.893,1.532,-3.735,2.503,2.527,3.047,0.096,2.765,-0.481,3.654,3.689,-2.973,-4.994,1.196,-0.036,1.268,0.739,0.496,-0.591,0.613,0.184,2.181,-2.599,3.564,3.664,3.936,1.178,5.203,5.348,1.377,0.179,1.46,0.954,0.778,-0.309,0.896,0.466,4.142,4.218,6.045,6.156,0.193,0.217,0.006,0.106,-0.028,0.048
2021-06-14,CTD6,4176009,695829,0.01115333,0.015362092,0.013486952,0.0022881746,0.001358537,0.0003832473,0.00037388163,0.00015211778,0.011184232,0.01547217,0.013356061,0.0022313618,0.0014728064,0.00037202708,0.00425832,-8.000000000000001e-45,0.414,-0.159,24.564,-0.095,15.514,0.66,-347.37,0.783,-646.427,0.065,-9.05,0.741,-371.934,0.838,-670.991,0.71,-362.884,0.817,-661.94,0.255,-299.056,0.331,0.056,0.033,0.238,0.035,0.021,-5.336,-4.685,-0.472,-9.93,-8.718,-1.479,-0.101,-0.021,-0.012,-4.148,-5.016,-0.505,-7.484,-9.05,-1.535,-4.047,-5.575,-0.493,-7.383,-10.169,-1.515,-3.335,-4.594,-4.033,-0.267,-0.284,-1.154,-0.132,-0.14,-0.64,0.307,0.53,0.597,0.34,0.555,0.621,0.14,0.15,0.514,0.531,1.045,0.881,0.568,1.042,0.888,0.422,0.895,0.67,0.457,0.902,0.687,0.035,0.038,0.032,-5.168,-9.202,0.556,-0.958,0.625,0.132,-5.887,-10.481,0.678,-0.857,0.739,0.233,3.735,-6.433,3.996,-5.053,4.786,4.774,7.071,1.496,7.332,2.316,8.061,8.04,-4.517,-8.55,1.208,-0.307,1.277,0.784,0.934,-0.545,1.017,0.545,5.504,-3.214,6.592,6.613,10.099,5.414,11.103,11.138,1.06,-0.475,1.121,0.616,0.673,-0.806,0.756,0.284,5.772,5.806,9.722,9.779,0.117,0.104,0.027,0.048,0.048,0.081,-0.161,24.779,-0.089,14.539,0.667,-358.745,0.767,-589.564,0.073,-10.24,0.748,-383.525,0.826,-614.344,0.714,-373.284,0.801,-604.103,0.205,-230.819,0.331,0.055,0.036,0.225,0.032,0.021,-5.551,-4.791,-0.528,-9.122,-7.874,-1.316,-0.115,-0.023,-0.015,-4.289,-5.122,-0.565,-6.871,-8.205,-1.371,-4.175,-5.776,-0.55,-6.756,-9.347,-1.348,-2.582,-3.571,-3.083,-0.275,-0.289,-1.158,-0.123,-0.128,-0.586,0.311,0.528,0.604,0.337,0.549,0.623,0.158,0.167,0.571,0.54,1.046,0.893,0.57,1.044,0.898,0.417,0.879,0.657,0.446,0.886,0.671,0.028,0.031,0.026,-5.263,-8.346,0.556,-0.792,0.613,0.063,-6.097,-9.668,0.693,-0.678,0.742,0.177,3.854,-5.493,4.149,-4.056,4.917,4.902,6.435,0.66,6.731,1.608,7.45,7.427,-4.602,-7.685,1.216,-0.132,1.273,0.723,0.959,-0.357,1.027,0.498,5.74,-2.134,6.802,6.824,9.311,4.52,10.306,10.338,1.05,-0.321,1.099,0.534,0.664,-0.652,0.732,0.203,5.854,5.89,8.869,8.924,0.104,0.089,0.013,0.034,0.035,0.072
2021-06-14,CTD7,4176724,690397,0.01154971,0.018390613,0.024926433,0.005331544,0.003840821,0.0009029297,0.00092995143,0.00036894926,0.011549332,0.018246636,0.025073826,0.0055195605,0.0037501731,0.00093065476,0.15995188,-8.000000000000001e-45,0.677,-0.228,32.207,-0.367,46.464,0.368,-100.981,0.501,-173.779,-0.151,14.258,0.551,-133.187,0.654,-205.985,0.648,-147.445,0.733,-220.243,0.163,-72.798,0.803,0.172,0.124,0.855,0.248,0.178,-1.857,-2.517,-0.388,-3.196,-4.332,-0.927,0.165,0.076,0.055,-1.538,-3.32,-0.512,-2.379,-5.134,-1.098,-1.703,-2.712,-0.566,-2.544,-4.05,-1.174,-0.841,-1.339,-1.815,-0.226,-0.238,-0.746,-0.564,-0.602,-1.458,0.144,0.28,0.216,0.178,0.325,0.255,-0.387,-0.425,-0.713,0.358,0.849,0.454,0.399,0.862,0.481,0.654,1.273,0.881,0.704,1.249,0.889,0.05,0.041,0.034,-4.047,-5.862,0.414,-0.76,0.474,-0.092,-2.986,-4.325,0.173,-0.925,0.255,-0.257,1.429,-2.622,0.811,-4.324,1.957,2.012,2.269,-0.442,1.652,-1.668,2.717,2.793,-3.083,-4.898,1.378,0.204,1.438,0.872,0.276,-0.65,0.405,0.017,1.291,-3.04,3.117,3.295,2.63,0.113,4.327,4.574,1.868,0.77,1.949,1.438,0.894,-0.033,1.023,0.635,4.343,4.466,6.028,6.2,0.253,0.308,-0.043,0.136,-0.119,0.005,-0.225,31.78,-0.369,46.703,0.353,-94.589,0.51,-180.069,-0.158,14.922,0.536,-126.369,0.659,-211.85,0.639,-141.292,0.74,-226.772,0.191,-85.481,0.797,0.175,0.119,0.852,0.258,0.175,-1.726,-2.372,-0.355,-3.286,-4.515,-0.994,0.172,0.082,0.056,-1.459,-3.169,-0.474,-2.447,-5.312,-1.169,-1.632,-2.578,-0.53,-2.619,-4.138,-1.252,-0.987,-1.56,-2.143,-0.219,-0.232,-0.722,-0.569,-0.615,-1.459,0.139,0.274,0.209,0.18,0.328,0.255,-0.4,-0.446,-0.737,0.348,0.832,0.442,0.396,0.849,0.474,0.656,1.278,0.889,0.716,1.249,0.897,0.059,0.048,0.041,-3.91,-6.053,0.413,-0.839,0.483,-0.046,-2.845,-4.405,0.158,-1.011,0.255,-0.219,1.365,-2.773,0.718,-4.594,1.887,1.943,2.352,-0.226,1.706,-1.463,2.777,2.86,-2.963,-5.106,1.36,0.108,1.43,0.9,0.25,-0.744,0.403,0.048,1.135,-3.38,2.981,3.156,2.695,0.323,4.388,4.645,1.869,0.699,1.965,1.492,0.896,-0.098,1.049,0.695,4.218,4.337,6.208,6.384,0.272,0.328,-0.022,0.153,-0.105,0.015
2021-06-14,CTD8,4174178,693048,0.008302662,0.012263877,0.0173512,0.004539191,0.0034960369,0.00087291264,0.0008738472,0.000349435,0.008336219,0.0121488115,0.017375931,0.0046348735,0.003390244,0.0009042301,0.23028953,-8.000000000000001e-45,0.452,-0.193,38.903,-0.353,62.81,0.293,-99.86,0.407,-165.595,-0.172,23.907,0.46,-138.763,0.556,-204.498,0.585,-162.671,0.665,-228.405,0.13,-65.735,0.675,0.177,0.136,0.77,0.285,0.22,-1.225,-1.733,-0.349,-2.031,-2.873,-0.752,0.198,0.109,0.084,-1.152,-2.408,-0.485,-1.698,-3.548,-0.928,-1.351,-1.995,-0.569,-1.896,-2.801,-1.037,-0.546,-0.806,-1.141,-0.181,-0.19,-0.493,-0.539,-0.574,-1.126,0.127,0.239,0.181,0.162,0.286,0.22,-0.396,-0.431,-0.633,0.301,0.655,0.371,0.342,0.683,0.401,0.623,1.086,0.813,0.674,1.079,0.825,0.051,0.041,0.035,-3.146,-4.286,0.415,-0.621,0.476,-0.093,-2.223,-3.029,0.108,-0.82,0.193,-0.292,1.122,-1.679,0.414,-3.134,1.544,1.628,1.668,-0.327,0.96,-1.448,2.005,2.113,-2.345,-3.486,1.215,0.179,1.276,0.707,0.16,-0.592,0.286,-0.063,0.612,-2.261,2.281,2.5,1.418,-0.315,2.961,3.246,1.72,0.791,1.805,1.32,0.868,0.116,0.994,0.645,3.401,3.537,4.416,4.593,0.262,0.345,-0.051,0.169,-0.159,-0.023,-0.186,37.646,-0.352,62.408,0.285,-95.797,0.422,-175.006,-0.177,24.762,0.448,-133.443,0.564,-212.651,0.579,-158.205,0.673,-237.413,0.155,-79.208,0.654,0.174,0.128,0.758,0.289,0.212,-1.164,-1.665,-0.325,-2.126,-3.041,-0.811,0.206,0.115,0.084,-1.112,-2.319,-0.452,-1.773,-3.695,-0.986,-1.319,-1.922,-0.536,-1.979,-2.884,-1.1,-0.66,-0.962,-1.376,-0.173,-0.184,-0.475,-0.539,-0.582,-1.126,0.125,0.238,0.178,0.168,0.295,0.225,-0.403,-0.446,-0.651,0.292,0.641,0.362,0.341,0.675,0.398,0.622,1.087,0.82,0.683,1.078,0.833,0.061,0.048,0.042,-3.063,-4.439,0.419,-0.681,0.491,-0.045,-2.141,-3.104,0.098,-0.887,0.201,-0.252,1.099,-1.785,0.368,-3.327,1.52,1.603,1.76,-0.162,1.029,-1.29,2.077,2.192,-2.292,-3.668,1.191,0.09,1.262,0.726,0.143,-0.668,0.292,-0.032,0.537,-2.504,2.214,2.426,1.499,-0.165,3.027,3.317,1.703,0.717,1.805,1.353,0.874,0.063,1.024,0.699,3.342,3.47,4.569,4.744,0.277,0.361,-0.025,0.186,-0.14,-0.012
2021-06-14,CTD10,4170388,695646,0.010177342,0.015346479,0.018863827,0.0045621786,0.0030317893,0.0008019459,0.0008028884,0.00032678965,0.010208346,0.015332754,0.01879877,0.0046043033,0.003155968,0.0007985403,0.059502106,-8.000000000000001e-45,0.594,-0.203,33.096,-0.299,45.246,0.381,-120.936,0.541,-231.581,-0.103,12.15,0.542,-154.032,0.67,-264.677,0.611,-166.182,0.723,-276.827,0.202,-110.645,0.624,0.151,0.1,0.694,0.206,0.137,-1.856,-2.281,-0.367,-3.554,-4.368,-1.057,0.124,0.055,0.037,-1.568,-2.906,-0.467,-2.694,-4.993,-1.208,-1.691,-2.55,-0.504,-2.817,-4.248,-1.263,-1.126,-1.698,-2.087,-0.221,-0.236,-0.681,-0.436,-0.473,-1.144,0.164,0.306,0.256,0.209,0.359,0.305,-0.239,-0.266,-0.463,0.371,0.816,0.493,0.424,0.835,0.526,0.56,1.083,0.778,0.62,1.074,0.795,0.06,0.053,0.045,-3.472,-5.559,0.421,-0.842,0.502,-0.001,-2.824,-4.522,0.242,-0.965,0.342,-0.125,1.417,-2.831,1.002,-3.991,2.033,2.07,2.543,-0.007,2.128,-0.778,3.06,3.115,-2.627,-4.714,1.266,0.003,1.347,0.843,0.365,-0.691,0.516,0.149,1.51,-2.858,3.066,3.203,3.208,0.927,4.614,4.82,1.556,0.349,1.656,1.189,0.781,-0.276,0.931,0.565,3.837,3.937,5.774,5.925,0.251,0.288,-0.001,0.137,-0.056,0.044,-0.201,32.739,-0.296,44.764,0.378,-119.229,0.528,-218.901,-0.102,12.025,0.538,-151.968,0.659,-251.64,0.607,-163.993,0.713,-263.665,0.187,-99.672,0.615,0.151,0.103,0.686,0.206,0.141,-1.828,-2.241,-0.376,-3.356,-4.115,-1.008,0.123,0.055,0.038,-1.551,-2.857,-0.48,-2.569,-4.731,-1.159,-1.674,-2.514,-0.518,-2.692,-4.043,-1.214,-1.017,-1.528,-1.874,-0.219,-0.233,-0.66,-0.431,-0.465,-1.107,0.164,0.303,0.255,0.207,0.354,0.301,-0.234,-0.259,-0.447,0.37,0.803,0.489,0.42,0.822,0.52,0.556,1.062,0.768,0.612,1.056,0.785,0.057,0.05,0.042,-3.417,-5.291,0.421,-0.793,0.498,-0.02,-2.787,-4.315,0.243,-0.916,0.337,-0.142,1.402,-2.641,0.991,-3.739,2.011,2.049,2.419,-0.095,2.009,-0.848,2.934,2.99,-2.581,-4.455,1.257,0.043,1.334,0.817,0.365,-0.643,0.506,0.13,1.489,-2.626,3.021,3.162,3.017,0.775,4.407,4.613,1.541,0.383,1.636,1.156,0.775,-0.233,0.917,0.541,3.774,3.877,5.506,5.656,0.245,0.283,-0.009,0.132,-0.064,0.039
2021-06-14,CTD11,4169609,700351,0.008179919,0.012401037,0.016525844,0.0032812408,0.0024696367,0.00060164306,0.00060374517,0.00023929185,0.008194751,0.012286482,0.016569583,0.0033292866,0.002384158,0.0006296303,0.18534909,-2.878e-42,0.598,-0.205,41.612,-0.338,61.739,0.427,-182.512,0.536,-282.667,-0.143,20.127,0.582,-224.124,0.668,-324.279,0.669,-244.251,0.74,-344.407,0.141,-100.155,0.688,0.137,0.103,0.766,0.203,0.152,-2.263,-3.016,-0.451,-3.505,-4.671,-0.927,0.165,0.066,0.05,-1.833,-3.704,-0.554,-2.653,-5.359,-1.064,-1.998,-3.029,-0.603,-2.817,-4.271,-1.13,-0.819,-1.242,-1.655,-0.213,-0.222,-0.734,-0.532,-0.561,-1.451,0.169,0.329,0.258,0.197,0.364,0.288,-0.36,-0.387,-0.717,0.369,0.856,0.48,0.402,0.867,0.501,0.644,1.244,0.891,0.683,1.226,0.896,0.039,0.033,0.028,-4.377,-6.032,0.461,-0.669,0.51,-0.093,-3.284,-4.526,0.23,-0.834,0.296,-0.258,1.743,-2.528,1.16,-4.199,2.294,2.343,2.562,-0.467,1.98,-1.724,3.048,3.114,-3.52,-5.176,1.317,0.187,1.367,0.763,0.349,-0.578,0.448,-0.002,1.759,-2.912,3.477,3.63,3.001,-0.015,4.62,4.823,1.756,0.692,1.821,1.268,0.931,0.004,1.031,0.58,4.735,4.837,6.29,6.427,0.202,0.252,-0.037,0.115,-0.103,-0.001,-0.2,40.639,-0.338,61.678,0.422,-178.335,0.549,-297.406,-0.148,21.039,0.574,-218.974,0.675,-338.045,0.665,-240.013,0.748,-359.084,0.165,-119.071,0.673,0.135,0.097,0.758,0.205,0.147,-2.191,-2.955,-0.425,-3.654,-4.928,-0.99,0.172,0.07,0.05,-1.794,-3.628,-0.522,-2.77,-5.601,-1.125,-1.967,-2.949,-0.572,-2.943,-4.412,-1.195,-0.976,-1.463,-1.973,-0.206,-0.216,-0.716,-0.536,-0.571,-1.466,0.169,0.332,0.257,0.201,0.372,0.292,-0.372,-0.405,-0.75,0.362,0.847,0.473,0.4,0.859,0.498,0.646,1.252,0.903,0.693,1.231,0.908,0.046,0.038,0.033,-4.31,-6.283,0.466,-0.729,0.523,-0.049,-3.196,-4.659,0.224,-0.902,0.301,-0.222,1.72,-2.692,1.113,-4.488,2.267,2.318,2.696,-0.253,2.089,-1.54,3.166,3.236,-3.478,-5.451,1.298,0.103,1.355,0.783,0.335,-0.655,0.451,0.025,1.668,-3.259,3.399,3.547,3.131,0.176,4.747,4.952,1.751,0.626,1.828,1.306,0.942,-0.048,1.058,0.632,4.686,4.783,6.544,6.679,0.212,0.262,-0.02,0.127,-0.09,0.007
2021-06-14,CTD12,4173438,695414,0.009830563,0.014316668,0.017723437,0.0041477294,0.0028850688,0.0007501865,0.0007509869,0.00030277524,0.009865365,0.014260247,0.017684316,0.004185907,0.0029330833,0.0007589789,0.116702765,-8.000000000000001e-45,0.488,-0.186,31.875,-0.286,45.301,0.407,-139.372,0.546,-244.889,-0.106,13.426,0.551,-171.247,0.665,-276.764,0.621,-184.673,0.72,-290.19,0.18,-105.516,0.565,0.132,0.092,0.649,0.188,0.131,-1.995,-2.47,-0.402,-3.506,-4.34,-1.016,0.132,0.056,0.039,-1.683,-3.035,-0.494,-2.721,-4.905,-1.148,-1.815,-2.644,-0.533,-2.853,-4.155,-1.204,-1.037,-1.511,-1.87,-0.205,-0.218,-0.638,-0.427,-0.459,-1.122,0.177,0.33,0.276,0.217,0.376,0.318,-0.244,-0.268,-0.484,0.369,0.8,0.493,0.415,0.818,0.523,0.562,1.068,0.789,0.614,1.062,0.804,0.052,0.046,0.039,-3.586,-5.457,0.453,-0.751,0.524,-0.009,-2.897,-4.408,0.265,-0.883,0.353,-0.141,1.562,-2.592,1.132,-3.773,2.169,2.207,2.6,-0.044,2.169,-0.866,3.118,3.173,-2.817,-4.687,1.222,0.019,1.294,0.761,0.386,-0.63,0.514,0.112,1.649,-2.691,3.158,3.289,3.159,0.689,4.54,4.728,1.513,0.365,1.601,1.107,0.816,-0.2,0.944,0.542,3.98,4.072,5.721,5.853,0.22,0.259,-0.004,0.127,-0.059,0.033,-0.182,31.24,-0.284,44.817,0.404,-137.532,0.542,-239.573,-0.107,13.578,0.546,-168.772,0.659,-270.813,0.617,-182.35,0.715,-284.391,0.176,-102.041,0.552,0.131,0.092,0.639,0.188,0.131,-1.961,-2.432,-0.403,-3.416,-4.237,-1.003,0.134,0.057,0.04,-1.665,-2.985,-0.495,-2.672,-4.789,-1.134,-1.799,-2.6,-0.535,-2.806,-4.055,-1.19,-1.007,-1.455,-1.805,-0.201,-0.213,-0.617,-0.424,-0.455,-1.098,0.178,0.33,0.275,0.217,0.376,0.317,-0.244,-0.268,-0.481,0.366,0.787,0.489,0.411,0.806,0.518,0.56,1.055,0.785,0.611,1.05,0.8,0.052,0.045,0.039,-3.533,-5.337,0.455,-0.735,0.526,-0.009,-2.849,-4.304,0.264,-0.869,0.352,-0.143,1.55,-2.505,1.117,-3.672,2.151,2.191,2.557,-0.043,2.123,-0.861,3.07,3.127,-2.779,-4.584,1.209,0.018,1.28,0.745,0.382,-0.621,0.509,0.106,1.614,-2.623,3.109,3.241,3.069,0.637,4.438,4.625,1.499,0.365,1.587,1.092,0.816,-0.187,0.943,0.539,3.927,4.019,5.605,5.736,0.219,0.258,-0.004,0.128,-0.061,0.031
2021-07-14,CTD1,4187246,695025,0.01149108,0.015983649,0.023069695,0.009094131,0.0071466286,0.0019379369,0.0018924352,0.0007695414,0.011457224,0.015909616,0.023029746,0.00915466,0.0069846646,0.0019207707,0.23865244,-8.000000000000001e-45,0.397,-0.164,24.46,-0.335,43.677,0.116,-22.937,0.233,-52.902,-0.181,19.217,0.275,-47.397,0.382,-77.362,0.435,-66.614,0.527,-96.579,0.12,-29.965,0.564,0.222,0.175,0.698,0.397,0.312,-0.367,-0.529,-0.164,-0.846,-1.22,-0.481,0.221,0.175,0.137,-0.545,-1.093,-0.339,-0.889,-1.785,-0.704,-0.765,-1.065,-0.476,-1.11,-1.544,-0.878,-0.344,-0.479,-0.691,-0.14,-0.149,-0.277,-0.462,-0.501,-0.713,0.061,0.104,0.079,0.111,0.173,0.135,-0.344,-0.38,-0.436,0.199,0.37,0.228,0.256,0.429,0.275,0.509,0.75,0.604,0.58,0.774,0.635,0.071,0.056,0.05,-1.818,-2.509,0.325,-0.554,0.409,-0.067,-1.259,-1.738,-0.071,-0.774,0.051,-0.288,0.571,-0.973,-0.18,-1.964,0.816,0.954,0.915,-0.15,0.165,-0.929,1.039,1.214,-1.146,-1.837,0.997,0.118,1.081,0.605,-0.099,-0.58,0.071,-0.093,-0.25,-1.47,1.136,1.448,0.229,-0.3,1.445,1.842,1.439,0.735,1.56,1.222,0.652,0.171,0.821,0.657,1.915,2.09,2.437,2.659,0.344,0.482,-0.053,0.259,-0.228,-0.053,-0.163,24.426,-0.336,43.859,0.112,-21.953,0.243,-55.89,-0.183,19.433,0.27,-46.379,0.39,-80.316,0.431,-65.812,0.535,-99.749,0.134,-33.937,0.563,0.224,0.171,0.698,0.402,0.306,-0.349,-0.506,-0.153,-0.889,-1.287,-0.512,0.223,0.178,0.136,-0.531,-1.068,-0.324,-0.92,-1.85,-0.735,-0.754,-1.047,-0.46,-1.143,-1.587,-0.913,-0.389,-0.54,-0.782,-0.138,-0.148,-0.276,-0.462,-0.505,-0.717,0.059,0.101,0.077,0.115,0.178,0.139,-0.345,-0.386,-0.441,0.196,0.366,0.225,0.259,0.433,0.277,0.507,0.752,0.606,0.586,0.778,0.64,0.079,0.063,0.056,-1.795,-2.577,0.323,-0.591,0.417,-0.043,-1.24,-1.78,-0.078,-0.813,0.058,-0.265,0.561,-1.026,-0.196,-2.046,0.812,0.948,0.95,-0.098,0.193,-0.875,1.065,1.243,-1.127,-1.909,0.991,0.078,1.085,0.626,-0.108,-0.62,0.081,-0.072,-0.272,-1.559,1.128,1.435,0.268,-0.238,1.479,1.88,1.435,0.699,1.571,1.247,0.649,0.137,0.838,0.685,1.906,2.077,2.498,2.722,0.36,0.496,-0.034,0.272,-0.212,-0.042
2021-07-14,CTD2,4181518,693105,0.0,0.0,0.0,0.0,0.0,0.0,0.0,0.0,0.0,0.0,0.0,0.0,0.0,0.0,0.0,0.0,0.531,,,,,,,,,,,,,,,,,,,,,,,,,,,,,,,,,,,,,,,,,,,,,,,,,,,,,,,,,,,,,,,,,,,,,,,,,,,,,,,,,,,,,,,,,,,,,,,,,,,,,,,,,,,,,,,,,,,,,,,,,,,,,,,,,,,,,,,,,,,,,,,,,,,,,,,,,,,,,,,,,,,,,,,,,,,,,,,,,,,,,,,,,,,,,,,,,,,,,,,,,,,,,,,,,,,,,,,,,,,,,,,,,,,,,,,,,,,,,,,,,,,,,,,,,,,,,,,,,,,,,,,,,,,,,,,,,,,,,,,,
2021-07-14,CTD3,4181698,695238,0.0,0.0,0.0,0.0,0.0,0.0,0.0,0.0,0.0,0.0,0.0,0.0,0.0,0.0,0.0,0.0,0.57,,,,,,,,,,,,,,,,,,,,,,,,,,,,,,,,,,,,,,,,,,,,,,,,,,,,,,,,,,,,,,,,,,,,,,,,,,,,,,,,,,,,,,,,,,,,,,,,,,,,,,,,,,,,,,,,,,,,,,,,,,,,,,,,,,,,,,,,,,,,,,,,,,,,,,,,,,,,,,,,,,,,,,,,,,,,,,,,,,,,,,,,,,,,,,,,,,,,,,,,,,,,,,,,,,,,,,,,,,,,,,,,,,,,,,,,,,,,,,,,,,,,,,,,,,,,,,,,,,,,,,,,,,,,,,,,,,,,,,,,
2021-07-14,CTD4,4180266,698264,0.0,0.0,0.0,0.0,0.0,0.0,0.0,0.0,0.0,0.0,0.0,0.0,0.0,0.0,0.0,0.0,0.605,,,,,,,,,,,,,,,,,,,,,,,,,,,,,,,,,,,,,,,,,,,,,,,,,,,,,,,,,,,,,,,,,,,,,,,,,,,,,,,,,,,,,,,,,,,,,,,,,,,,,,,,,,,,,,,,,,,,,,,,,,,,,,,,,,,,,,,,,,,,,,,,,,,,,,,,,,,,,,,,,,,,,,,,,,,,,,,,,,,,,,,,,,,,,,,,,,,,,,,,,,,,,,,,,,,,,,,,,,,,,,,,,,,,,,,,,,,,,,,,,,,,,,,,,,,,,,,,,,,,,,,,,,,,,,,,,,,,,,,,
2021-07-14,CTD6,4176009,695829,0.0,0.0,0.0,0.0,0.0,0.0,0.0,0.0,0.0,0.0,0.0,0.0,0.0,0.0,0.0,0.0,0.645,,,,,,,,,,,,,,,,,,,,,,,,,,,,,,,,,,,,,,,,,,,,,,,,,,,,,,,,,,,,,,,,,,,,,,,,,,,,,,,,,,,,,,,,,,,,,,,,,,,,,,,,,,,,,,,,,,,,,,,,,,,,,,,,,,,,,,,,,,,,,,,,,,,,,,,,,,,,,,,,,,,,,,,,,,,,,,,,,,,,,,,,,,,,,,,,,,,,,,,,,,,,,,,,,,,,,,,,,,,,,,,,,,,,,,,,,,,,,,,,,,,,,,,,,,,,,,,,,,,,,,,,,,,,,,,,,,,,,,,,
2021-07-14,CTD7,4176724,690397,0.0,0.0,0.0,0.0,0.0,0.0,0.0,0.0,0.0,0.0,0.0,0.0,0.0,0.0,0.0,0.0,0.518,,,,,,,,,,,,,,,,,,,,,,,,,,,,,,,,,,,,,,,,,,,,,,,,,,,,,,,,,,,,,,,,,,,,,,,,,,,,,,,,,,,,,,,,,,,,,,,,,,,,,,,,,,,,,,,,,,,,,,,,,,,,,,,,,,,,,,,,,,,,,,,,,,,,,,,,,,,,,,,,,,,,,,,,,,,,,,,,,,,,,,,,,,,,,,,,,,,,,,,,,,,,,,,,,,,,,,,,,,,,,,,,,,,,,,,,,,,,,,,,,,,,,,,,,,,,,,,,,,,,,,,,,,,,,,,,,,,,,,,,
2021-07-14,CTD8,4174178,693048,0.0,0.0,0.0,0.0,0.0,0.0,0.0,0.0,0.0,0.0,0.0,0.0,0.0,0.0,0.0,0.0,0.581,,,,,,,,,,,,,,,,,,,,,,,,,,,,,,,,,,,,,,,,,,,,,,,,,,,,,,,,,,,,,,,,,,,,,,,,,,,,,,,,,,,,,,,,,,,,,,,,,,,,,,,,,,,,,,,,,,,,,,,,,,,,,,,,,,,,,,,,,,,,,,,,,,,,,,,,,,,,,,,,,,,,,,,,,,,,,,,,,,,,,,,,,,,,,,,,,,,,,,,,,,,,,,,,,,,,,,,,,,,,,,,,,,,,,,,,,,,,,,,,,,,,,,,,,,,,,,,,,,,,,,,,,,,,,,,,,,,,,,,,
2021-07-14,CTD10,4170388,695646,0.0,0.0,0.0,0.0,0.0,0.0,0.0,0.0,0.0,0.0,0.0,0.0,0.0,0.0,0.0,0.0,0.547,,,,,,,,,,,,,,,,,,,,,,,,,,,,,,,,,,,,,,,,,,,,,,,,,,,,,,,,,,,,,,,,,,,,,,,,,,,,,,,,,,,,,,,,,,,,,,,,,,,,,,,,,,,,,,,,,,,,,,,,,,,,,,,,,,,,,,,,,,,,,,,,,,,,,,,,,,,,,,,,,,,,,,,,,,,,,,,,,,,,,,,,,,,,,,,,,,,,,,,,,,,,,,,,,,,,,,,,,,,,,,,,,,,,,,,,,,,,,,,,,,,,,,,,,,,,,,,,,,,,,,,,,,,,,,,,,,,,,,,,
2021-07-14,CTD11,4169609,700351,0.0,0.0,0.0,0.0,0.0,0.0,0.0,0.0,0.0,0.0,0.0,0.0,0.0,0.0,0.0,0.0,0.53,,,,,,,,,,,,,,,,,,,,,,,,,,,,,,,,,,,,,,,,,,,,,,,,,,,,,,,,,,,,,,,,,,,,,,,,,,,,,,,,,,,,,,,,,,,,,,,,,,,,,,,,,,,,,,,,,,,,,,,,,,,,,,,,,,,,,,,,,,,,,,,,,,,,,,,,,,,,,,,,,,,,,,,,,,,,,,,,,,,,,,,,,,,,,,,,,,,,,,,,,,,,,,,,,,,,,,,,,,,,,,,,,,,,,,,,,,,,,,,,,,,,,,,,,,,,,,,,,,,,,,,,,,,,,,,,,,,,,,,,
2021-07-14,CTD12,4173438,695414,0.0,0.0,0.0,0.0,0.0,0.0,0.0,0.0,0.0,0.0,0.0,0.0,0.0,0.0,0.0,0.0,0.613,,,,,,,,,,,,,,,,,,,,,,,,,,,,,,,,,,,,,,,,,,,,,,,,,,,,,,,,,,,,,,,,,,,,,,,,,,,,,,,,,,,,,,,,,,,,,,,,,,,,,,,,,,,,,,,,,,,,,,,,,,,,,,,,,,,,,,,,,,,,,,,,,,,,,,,,,,,,,,,,,,,,,,,,,,,,,,,,,,,,,,,,,,,,,,,,,,,,,,,,,,,,,,,,,,,,,,,,,,,,,,,,,,,,,,,,,,,,,,,,,,,,,,,,,,,,,,,,,,,,,,,,,,,,,,,,,,,,,,,,
2021-08-03,CTD1,4187246,695025,0.012054675,0.016495606,0.024318982,0.008248914,0.0070150564,0.0018101236,0.001811901,0.00071081374,0.012005098,0.016319906,0.024413828,0.008370294,0.0065390067,0.0018486569,0.37270647,-8.000000000000001e-45,1.22,-0.156,22.333,-0.337,41.835,0.187,-38.273,0.264,-59.595,-0.192,19.502,0.333,-60.606,0.403,-81.928,0.493,-80.108,0.552,-101.43,0.081,-21.322,0.543,0.184,0.157,0.69,0.345,0.293,-0.631,-0.931,-0.268,-0.983,-1.449,-0.492,0.235,0.161,0.137,-0.731,-1.474,-0.425,-0.988,-1.992,-0.676,-0.966,-1.321,-0.562,-1.223,-1.673,-0.837,-0.257,-0.352,-0.519,-0.136,-0.142,-0.291,-0.496,-0.522,-0.803,0.093,0.162,0.121,0.123,0.204,0.155,-0.385,-0.41,-0.513,0.227,0.432,0.263,0.261,0.467,0.291,0.563,0.843,0.684,0.606,0.852,0.699,0.043,0.034,0.03,-2.217,-2.736,0.392,-0.445,0.442,-0.12,-1.504,-1.856,-0.004,-0.68,0.07,-0.355,0.783,-0.89,-0.013,-2.005,1.036,1.173,1.04,-0.281,0.244,-1.23,1.218,1.379,-1.58,-2.098,1.029,0.193,1.08,0.518,-0.006,-0.498,0.096,-0.172,-0.018,-1.467,1.418,1.711,0.334,-0.597,1.667,2.012,1.517,0.842,1.592,1.167,0.79,0.298,0.892,0.624,2.366,2.523,2.782,2.967,0.259,0.396,-0.082,0.212,-0.243,-0.086,-0.152,22.023,-0.341,42.338,0.178,-36.172,0.295,-69.63,-0.199,20.314,0.322,-58.195,0.428,-91.654,0.489,-78.51,0.577,-111.968,0.123,-33.458,0.538,0.184,0.144,0.691,0.354,0.277,-0.59,-0.883,-0.237,-1.136,-1.7,-0.583,0.244,0.17,0.133,-0.699,-1.421,-0.381,-1.1,-2.238,-0.767,-0.943,-1.281,-0.513,-1.344,-1.827,-0.937,-0.402,-0.546,-0.817,-0.132,-0.139,-0.289,-0.503,-0.543,-0.832,0.089,0.159,0.117,0.134,0.221,0.167,-0.397,-0.436,-0.543,0.218,0.429,0.257,0.269,0.48,0.298,0.566,0.865,0.702,0.631,0.877,0.724,0.065,0.05,0.045,-2.181,-2.998,0.393,-0.544,0.468,-0.046,-1.458,-2.004,-0.021,-0.788,0.091,-0.289,0.766,-1.062,-0.062,-2.299,1.034,1.166,1.167,-0.114,0.34,-1.081,1.323,1.493,-1.557,-2.374,1.017,0.079,1.092,0.578,-0.029,-0.612,0.124,-0.113,-0.084,-1.784,1.405,1.682,0.462,-0.421,1.799,2.153,1.521,0.754,1.633,1.252,0.799,0.216,0.951,0.715,2.372,2.516,3.036,3.221,0.297,0.429,-0.032,0.245,-0.202,-0.058
2021-08-03,CTD2,4181518,693105,0.012681458,0.016016195,0.017782321,0.0077821775,0.0047430005,0.001462602,0.0014446663,0.00061195187,0.012718618,0.016233591,0.017314827,0.007718075,0.0053393645,0.0013420318,0.00016169607,-8.000000000000001e-45,1.965,-0.116,16.418,-0.167,22.62,0.239,-49.643,0.456,-131.982,-0.052,6.201,0.346,-66.062,0.543,-148.4,0.391,-72.263,0.579,-154.601,0.243,-82.338,0.292,0.128,0.078,0.362,0.176,0.107,-0.795,-0.883,-0.235,-2.114,-2.347,-1.027,0.079,0.048,0.029,-0.838,-1.175,-0.313,-1.882,-2.639,-1.155,-0.916,-1.157,-0.343,-1.961,-2.476,-1.203,-1.044,-1.319,-1.464,-0.13,-0.148,-0.266,-0.214,-0.246,-0.407,0.145,0.236,0.218,0.235,0.334,0.311,-0.086,-0.101,-0.141,0.27,0.473,0.366,0.37,0.551,0.441,0.348,0.574,0.482,0.454,0.637,0.548,0.106,0.1,0.09,-1.493,-2.957,0.354,-0.849,0.525,0.182,-1.345,-2.664,0.227,-0.928,0.417,0.104,0.729,-1.747,0.519,-2.12,1.333,1.363,1.773,0.616,1.563,0.389,2.188,2.236,-1.022,-2.486,0.825,-0.378,0.996,0.653,0.287,-0.74,0.527,0.291,0.656,-1.691,1.684,1.791,1.975,1.092,2.763,2.939,0.916,-0.239,1.106,0.793,0.497,-0.53,0.736,0.501,1.911,1.989,3.136,3.263,0.318,0.347,0.112,0.219,0.064,0.141,-0.121,17.024,-0.153,20.871,0.245,-50.941,0.409,-108.663,-0.032,3.847,0.356,-67.965,0.505,-125.688,0.383,-71.812,0.529,-129.534,0.182,-57.722,0.295,0.131,0.091,0.339,0.161,0.111,-0.827,-0.882,-0.272,-1.764,-1.881,-0.839,0.049,0.03,0.021,-0.864,-1.177,-0.363,-1.599,-2.176,-0.97,-0.913,-1.166,-0.383,-1.647,-2.103,-1.0,-0.734,-0.937,-0.999,-0.14,-0.155,-0.269,-0.192,-0.213,-0.352,0.149,0.232,0.221,0.22,0.308,0.295,-0.053,-0.06,-0.083,0.284,0.472,0.376,0.363,0.533,0.435,0.331,0.531,0.445,0.414,0.586,0.5,0.082,0.079,0.071,-1.46,-2.459,0.338,-0.662,0.475,0.092,-1.369,-2.306,0.259,-0.711,0.406,0.043,0.71,-1.392,0.581,-1.595,1.319,1.34,1.444,0.279,1.315,0.139,1.907,1.936,-0.967,-1.966,0.831,-0.169,0.968,0.585,0.331,-0.508,0.518,0.246,0.742,-1.14,1.684,1.795,1.679,0.797,2.434,2.595,0.886,-0.084,1.032,0.67,0.46,-0.379,0.647,0.375,1.824,1.915,2.636,2.767,0.278,0.298,0.056,0.167,0.026,0.117
2021-08-03,CTD3,4181698,695238,0.011229168,0.016400818,0.0192621,0.0048505063,0.002977353,0.0007902873,0.000814283,0.00032678965,0.011287194,0.016456893,0.019147214,0.004935954,0.003220561,0.00076673145,0.011333046,-8.000000000000001e-45,1.956,-0.187,28.081,-0.263,37.138,0.397,-117.11,0.581,-246.815,-0.08,9.057,0.544,-145.191,0.693,-274.896,0.598,-154.249,0.732,-283.953,0.239,-129.705,0.541,0.136,0.084,0.609,0.18,0.111,-1.921,-2.256,-0.349,-4.048,-4.754,-1.197,0.102,0.044,0.027,-1.63,-2.797,-0.432,-3.087,-5.295,-1.333,-1.732,-2.53,-0.459,-3.189,-4.657,-1.377,-1.456,-2.127,-2.498,-0.214,-0.233,-0.661,-0.378,-0.415,-1.026,0.179,0.329,0.287,0.231,0.388,0.342,-0.178,-0.201,-0.366,0.379,0.813,0.519,0.44,0.835,0.557,0.522,1.014,0.744,0.589,1.013,0.766,0.068,0.061,0.053,-3.286,-5.785,0.433,-0.944,0.53,0.071,-2.798,-4.926,0.287,-1.046,0.401,-0.031,1.464,-3.193,1.141,-4.154,2.134,2.16,2.92,0.39,2.597,-0.2,3.476,3.52,-2.511,-5.009,1.209,-0.169,1.306,0.847,0.419,-0.778,0.586,0.238,1.666,-3.088,3.116,3.227,3.793,1.537,5.077,5.257,1.42,0.086,1.534,1.102,0.743,-0.455,0.909,0.561,3.706,3.79,6.038,6.174,0.25,0.277,0.031,0.141,-0.013,0.07,-0.186,27.831,-0.258,36.369,0.391,-113.999,0.556,-221.909,-0.076,8.538,0.539,-141.83,0.673,-249.74,0.59,-150.368,0.712,-258.278,0.21,-107.91,0.533,0.137,0.09,0.599,0.18,0.117,-1.876,-2.183,-0.367,-3.652,-4.249,-1.095,0.096,0.042,0.027,-1.601,-2.716,-0.457,-2.819,-4.782,-1.233,-1.697,-2.475,-0.484,-2.915,-4.25,-1.275,-1.218,-1.776,-2.066,-0.215,-0.231,-0.634,-0.367,-0.399,-0.964,0.178,0.323,0.284,0.227,0.377,0.335,-0.166,-0.185,-0.33,0.379,0.794,0.515,0.435,0.816,0.55,0.512,0.98,0.722,0.574,0.982,0.744,0.062,0.056,0.048,-3.193,-5.259,0.428,-0.847,0.518,0.033,-2.745,-4.52,0.29,-0.943,0.394,-0.063,1.427,-2.823,1.123,-3.659,2.091,2.119,2.645,0.171,2.341,-0.374,3.205,3.247,-2.421,-4.487,1.2,-0.075,1.29,0.806,0.422,-0.673,0.574,0.207,1.638,-2.611,3.049,3.166,3.414,1.231,4.673,4.852,1.396,0.164,1.501,1.044,0.726,-0.369,0.878,0.511,3.594,3.683,5.508,5.645,0.242,0.269,0.015,0.132,-0.028,0.062
2021-08-03,CTD4,4180266,698264,0.015512879,0.019683907,0.024738641,0.012375,0.008900617,0.0026567238,0.0026397812,0.0010878535,0.015345617,0.019823898,0.024376754,0.012207384,0.009187428,0.002488654,0.062823534,-8.000000000000001e-45,2.028,-0.119,13.66,-0.229,24.04,0.113,-16.346,0.271,-47.889,-0.114,10.38,0.228,-30.005,0.377,-61.549,0.333,-40.385,0.471,-71.929,0.163,-31.544,0.338,0.169,0.122,0.473,0.297,0.214,-0.322,-0.404,-0.145,-0.943,-1.185,-0.593,0.161,0.128,0.092,-0.465,-0.742,-0.267,-0.955,-1.523,-0.762,-0.626,-0.795,-0.359,-1.116,-1.416,-0.89,-0.489,-0.621,-0.78,-0.112,-0.124,-0.196,-0.288,-0.323,-0.434,0.071,0.11,0.093,0.149,0.206,0.178,-0.181,-0.207,-0.238,0.182,0.299,0.217,0.268,0.387,0.291,0.351,0.506,0.433,0.45,0.568,0.494,0.099,0.086,0.078,-1.211,-1.991,0.288,-0.602,0.428,0.069,-0.964,-1.584,-0.002,-0.763,0.175,-0.092,0.458,-0.958,-0.003,-1.526,0.801,0.894,0.947,0.152,0.486,-0.256,1.114,1.243,-0.73,-1.511,0.769,-0.121,0.909,0.55,-0.002,-0.595,0.222,0.076,-0.004,-1.189,1.017,1.231,0.617,0.212,1.414,1.711,0.966,0.204,1.143,0.875,0.459,-0.134,0.683,0.538,1.425,1.547,1.982,2.151,0.346,0.438,0.055,0.269,-0.074,0.048,-0.127,14.721,-0.227,24.142,0.114,-16.752,0.251,-43.679,-0.103,9.421,0.238,-31.473,0.367,-58.4,0.333,-40.895,0.453,-67.822,0.141,-26.927,0.359,0.18,0.135,0.479,0.295,0.222,-0.332,-0.408,-0.154,-0.866,-1.065,-0.533,0.145,0.115,0.087,-0.483,-0.767,-0.289,-0.896,-1.424,-0.713,-0.628,-0.811,-0.376,-1.041,-1.344,-0.828,-0.413,-0.534,-0.656,-0.122,-0.133,-0.209,-0.282,-0.311,-0.422,0.071,0.108,0.093,0.139,0.192,0.168,-0.165,-0.186,-0.213,0.192,0.31,0.227,0.268,0.386,0.291,0.346,0.496,0.419,0.432,0.551,0.474,0.086,0.076,0.068,-1.223,-1.879,0.273,-0.555,0.397,0.021,-0.994,-1.528,0.014,-0.699,0.166,-0.123,0.444,-0.901,0.027,-1.396,0.794,0.88,0.857,0.046,0.441,-0.327,1.054,1.17,-0.705,-1.361,0.791,-0.037,0.915,0.539,0.018,-0.515,0.215,0.061,0.035,-1.029,1.025,1.247,0.569,0.161,1.362,1.657,0.973,0.26,1.125,0.836,0.434,-0.099,0.631,0.477,1.398,1.533,1.858,2.037,0.332,0.419,0.017,0.239,-0.098,0.037
2021-08-03,CTD6,4176009,695829,0.010350366,0.014345788,0.019153815,0.00856111,0.005761906,0.0016577503,0.0016913814,0.00069858093,0.010374521,0.014425146,0.018906316,0.008570694,0.0061268727,0.0015763098,0.016643247,-8.000000000000001e-45,2.561,-0.162,26.908,-0.298,44.406,0.095,-20.192,0.285,-76.939,-0.144,17.498,0.253,-47.1,0.427,-103.847,0.382,-64.598,0.537,-121.345,0.195,-56.746,0.515,0.23,0.155,0.637,0.38,0.256,-0.29,-0.387,-0.116,-1.104,-1.474,-0.659,0.181,0.15,0.101,-0.488,-0.902,-0.271,-1.075,-1.989,-0.889,-0.669,-0.927,-0.372,-1.256,-1.741,-1.039,-0.587,-0.814,-1.087,-0.144,-0.16,-0.279,-0.384,-0.438,-0.615,0.053,0.089,0.072,0.137,0.2,0.166,-0.254,-0.298,-0.336,0.196,0.359,0.232,0.291,0.454,0.31,0.429,0.657,0.527,0.542,0.708,0.585,0.113,0.095,0.084,-1.516,-2.603,0.275,-0.764,0.421,0.048,-1.135,-1.949,-0.056,-0.945,0.139,-0.133,0.46,-1.281,-0.126,-2.115,0.807,0.908,1.047,0.121,0.461,-0.441,1.2,1.349,-0.851,-1.938,0.939,-0.1,1.085,0.713,-0.078,-0.737,0.192,0.076,-0.175,-1.649,1.119,1.375,0.639,0.252,1.663,2.043,1.254,0.365,1.449,1.178,0.508,-0.151,0.778,0.662,1.681,1.836,2.497,2.727,0.425,0.526,0.04,0.296,-0.11,0.045,-0.163,27.067,-0.291,43.498,0.095,-20.287,0.257,-66.825,-0.134,16.431,0.255,-47.353,0.404,-93.892,0.376,-63.784,0.511,-110.323,0.166,-46.539,0.512,0.232,0.166,0.627,0.373,0.267,-0.293,-0.384,-0.124,-0.964,-1.263,-0.573,0.17,0.141,0.101,-0.491,-0.895,-0.29,-0.974,-1.775,-0.805,-0.662,-0.92,-0.391,-1.145,-1.591,-0.946,-0.483,-0.671,-0.88,-0.147,-0.162,-0.276,-0.371,-0.415,-0.58,0.054,0.088,0.072,0.127,0.185,0.155,-0.237,-0.272,-0.305,0.2,0.355,0.234,0.283,0.438,0.302,0.417,0.626,0.503,0.515,0.675,0.556,0.099,0.083,0.073,-1.487,-2.367,0.266,-0.68,0.395,0.004,-1.134,-1.806,-0.045,-0.85,0.124,-0.166,0.447,-1.144,-0.1,-1.875,0.786,0.886,0.93,0.01,0.383,-0.513,1.099,1.24,-0.815,-1.695,0.937,-0.008,1.066,0.676,-0.063,-0.636,0.172,0.048,-0.139,-1.403,1.093,1.359,0.532,0.148,1.528,1.901,1.228,0.424,1.398,1.108,0.485,-0.088,0.72,0.596,1.615,1.781,2.26,2.492,0.401,0.502,0.004,0.27,-0.137,0.029
2021-08-03,CTD7,4176724,690397,0.015460047,0.024824467,0.042768467,0.022072658,0.017338423,0.004669728,0.0046643782,0.0018685254,0.015295033,0.02491633,0.04303078,0.02198399,0.017171046,0.0046005864,0.2244642,-8.000000000000001e-45,4.118,-0.232,24.4,-0.469,41.301,-0.176,19.378,-0.057,7.007,-0.265,16.901,0.059,-5.022,0.178,-17.393,0.319,-21.923,0.423,-34.294,0.12,-12.37,1.044,0.539,0.423,1.025,0.912,0.716,0.481,0.829,0.336,0.174,0.3,0.155,0.261,0.373,0.293,-0.078,-0.215,-0.087,-0.269,-0.744,-0.384,-0.339,-0.544,-0.38,-0.53,-0.851,-0.757,-0.191,-0.307,-0.529,-0.144,-0.156,-0.238,-0.582,-0.648,-0.693,-0.098,-0.157,-0.11,-0.028,-0.04,-0.029,-0.478,-0.547,-0.455,0.047,0.084,0.046,0.129,0.199,0.115,0.514,0.631,0.491,0.631,0.678,0.542,0.118,0.081,0.07,-1.315,-1.844,0.107,-0.65,0.217,-0.163,-0.763,-1.07,-0.528,-0.912,-0.337,-0.424,0.12,-0.731,-1.022,-1.766,0.002,0.295,0.311,-0.233,-0.831,-1.046,0.003,0.376,-0.332,-0.861,1.09,0.333,1.2,0.82,-0.847,-0.693,-0.541,-0.205,-1.642,-1.342,0.003,0.719,-1.335,-0.506,0.004,0.916,1.877,1.493,2.068,1.981,0.295,0.45,0.601,0.937,0.816,1.239,1.039,1.578,0.729,1.022,-0.232,0.484,-0.605,-0.182,-0.239,25.246,-0.476,42.142,-0.179,19.893,-0.058,7.143,-0.267,16.895,0.063,-5.353,0.184,-18.103,0.324,-22.248,0.43,-34.998,0.123,-12.75,1.086,0.555,0.434,1.05,0.926,0.724,0.496,0.856,0.342,0.178,0.307,0.157,0.258,0.371,0.29,-0.082,-0.23,-0.092,-0.277,-0.779,-0.398,-0.34,-0.554,-0.382,-0.535,-0.872,-0.769,-0.195,-0.318,-0.549,-0.148,-0.16,-0.246,-0.591,-0.659,-0.708,-0.098,-0.159,-0.111,-0.028,-0.04,-0.029,-0.486,-0.558,-0.463,0.05,0.09,0.049,0.133,0.208,0.119,0.523,0.648,0.5,0.643,0.694,0.551,0.12,0.083,0.071,-1.344,-1.892,0.103,-0.666,0.215,-0.167,-0.778,-1.096,-0.527,-0.925,-0.334,-0.426,0.117,-0.755,-1.031,-1.81,0.007,0.297,0.312,-0.243,-0.836,-1.067,0.008,0.38,-0.328,-0.877,1.118,0.349,1.23,0.848,-0.858,-0.701,-0.544,-0.202,-1.68,-1.373,0.011,0.734,-1.362,-0.506,0.014,0.94,1.931,1.533,2.124,2.032,0.29,0.447,0.604,0.946,0.835,1.268,1.069,1.624,0.748,1.038,-0.24,0.483,-0.612,-0.178
2021-08-03,CTD8,4174178,693048,0.009896897,0.013812036,0.01951281,0.009077676,0.0064834394,0.0018543496,0.0018581505,0.0007702505,0.0099133905,0.013846472,0.019329619,0.009080629,0.006714722,0.0017858898,0.08951512,-8.000000000000001e-45,2.571,-0.165,28.641,-0.327,49.793,0.043,-9.119,0.208,-53.197,-0.171,21.152,0.207,-37.76,0.361,-81.838,0.365,-58.912,0.501,-102.991,0.167,-44.079,0.559,0.26,0.186,0.688,0.452,0.323,-0.126,-0.178,-0.059,-0.735,-1.038,-0.483,0.209,0.192,0.137,-0.374,-0.737,-0.245,-0.81,-1.597,-0.743,-0.583,-0.814,-0.382,-1.019,-1.423,-0.935,-0.436,-0.609,-0.86,-0.137,-0.151,-0.252,-0.42,-0.474,-0.618,0.025,0.04,0.032,0.102,0.149,0.119,-0.3,-0.348,-0.366,0.161,0.289,0.182,0.249,0.386,0.256,0.44,0.637,0.514,0.55,0.687,0.569,0.109,0.088,0.078,-1.433,-2.293,0.251,-0.684,0.384,0.002,-1.014,-1.623,-0.15,-0.893,0.038,-0.207,0.382,-1.04,-0.322,-1.919,0.621,0.758,0.819,0.005,0.114,-0.623,0.869,1.061,-0.754,-1.614,0.93,-0.005,1.063,0.681,-0.209,-0.692,0.053,-0.006,-0.45,-1.488,0.866,1.189,0.159,-0.019,1.213,1.665,1.314,0.571,1.502,1.257,0.496,0.013,0.758,0.699,1.494,1.68,2.092,2.352,0.448,0.585,0.002,0.325,-0.19,-0.004,-0.166,28.653,-0.322,49.14,0.044,-9.251,0.192,-48.053,-0.165,20.486,0.208,-37.904,0.347,-76.706,0.361,-58.39,0.484,-97.192,0.15,-38.802,0.554,0.26,0.192,0.68,0.446,0.33,-0.128,-0.179,-0.062,-0.665,-0.929,-0.436,0.203,0.186,0.138,-0.376,-0.733,-0.255,-0.76,-1.483,-0.697,-0.579,-0.809,-0.392,-0.964,-1.346,-0.883,-0.385,-0.537,-0.75,-0.138,-0.151,-0.249,-0.411,-0.458,-0.596,0.025,0.041,0.032,0.096,0.14,0.113,-0.289,-0.33,-0.347,0.163,0.287,0.183,0.244,0.375,0.251,0.431,0.616,0.498,0.531,0.664,0.55,0.1,0.081,0.071,-1.413,-2.163,0.246,-0.636,0.369,-0.024,-1.012,-1.549,-0.143,-0.839,0.028,-0.227,0.375,-0.97,-0.304,-1.787,0.607,0.744,0.76,-0.048,0.08,-0.652,0.821,1.007,-0.732,-1.482,0.927,0.044,1.049,0.657,-0.2,-0.636,0.039,-0.023,-0.425,-1.354,0.847,1.177,0.112,-0.067,1.146,1.592,1.294,0.598,1.465,1.21,0.48,0.044,0.719,0.657,1.451,1.644,1.963,2.223,0.431,0.569,-0.022,0.308,-0.208,-0.015
2021-08-03,CTD10,4170388,695646,0.0098239565,0.013742111,0.020157093,0.011014977,0.008263165,0.0024040185,0.0024557218,0.0010131954,0.009820335,0.013770457,0.019979842,0.010975103,0.0084240865,0.0023195483,0.12147655,-8.000000000000001e-45,3.021,-0.166,29.023,-0.345,52.182,-0.057,11.006,0.086,-19.227,-0.189,23.159,0.11,-18.016,0.249,-48.25,0.293,-41.175,0.419,-71.409,0.143,-30.234,0.585,0.32,0.24,0.717,0.575,0.431,0.151,0.222,0.091,-0.264,-0.388,-0.212,0.228,0.255,0.191,-0.177,-0.363,-0.149,-0.474,-0.973,-0.531,-0.405,-0.566,-0.34,-0.702,-0.981,-0.787,-0.297,-0.415,-0.609,-0.126,-0.138,-0.203,-0.417,-0.47,-0.536,-0.035,-0.054,-0.042,0.046,0.063,0.05,-0.308,-0.355,-0.333,0.091,0.151,0.096,0.183,0.263,0.176,0.388,0.505,0.415,0.505,0.571,0.48,0.117,0.092,0.081,-1.115,-1.725,0.168,-0.618,0.305,-0.035,-0.76,-1.176,-0.314,-0.846,-0.114,-0.263,0.21,-0.771,-0.575,-1.548,0.291,0.482,0.507,-0.059,-0.278,-0.641,0.387,0.642,-0.431,-1.041,0.852,0.066,0.989,0.649,-0.439,-0.651,-0.159,-0.068,-0.804,-1.192,0.406,0.838,-0.389,-0.167,0.542,1.117,1.25,0.719,1.451,1.302,0.346,0.134,0.626,0.717,0.989,1.229,1.318,1.638,0.52,0.711,-0.04,0.392,-0.295,-0.055,-0.167,29.21,-0.341,51.779,-0.056,10.714,0.077,-16.878,-0.184,22.569,0.113,-18.496,0.241,-46.088,0.291,-41.065,0.407,-68.657,0.132,-27.592,0.584,0.321,0.246,0.713,0.568,0.436,0.148,0.214,0.09,-0.232,-0.337,-0.185,0.222,0.248,0.19,-0.182,-0.37,-0.156,-0.453,-0.921,-0.506,-0.403,-0.565,-0.346,-0.674,-0.945,-0.754,-0.271,-0.38,-0.551,-0.128,-0.139,-0.204,-0.411,-0.458,-0.524,-0.034,-0.052,-0.041,0.041,0.056,0.045,-0.299,-0.34,-0.32,0.094,0.153,0.098,0.179,0.257,0.173,0.382,0.494,0.406,0.49,0.556,0.467,0.108,0.086,0.076,-1.107,-1.659,0.164,-0.59,0.292,-0.054,-0.763,-1.143,-0.305,-0.811,-0.12,-0.276,0.206,-0.74,-0.556,-1.477,0.283,0.473,0.477,-0.089,-0.285,-0.655,0.369,0.616,-0.418,-0.97,0.853,0.099,0.981,0.635,-0.428,-0.614,-0.169,-0.078,-0.78,-1.117,0.397,0.833,-0.4,-0.186,0.517,1.085,1.238,0.732,1.423,1.267,0.333,0.148,0.593,0.683,0.963,1.209,1.254,1.575,0.506,0.696,-0.061,0.375,-0.309,-0.062
2021-08-03,CTD11,4169609,700351,0.0067666587,0.008710841,0.012335474,0.0059982147,0.0050770426,0.001443616,0.0014744789,0.00060483394,0.0068477,0.008680347,0.0122655425,0.0060269074,0.0049118795,0.0014629301,0.30745596,-8.000000000000001e-45,3.514,-0.126,32.984,-0.292,66.716,0.06,-18.933,0.143,-49.182,-0.172,33.732,0.184,-51.917,0.264,-82.166,0.346,-85.649,0.417,-115.898,0.083,-30.249,0.407,0.198,0.167,0.581,0.4,0.339,-0.165,-0.234,-0.096,-0.428,-0.607,-0.295,0.228,0.202,0.171,-0.351,-0.64,-0.264,-0.556,-1.014,-0.493,-0.58,-0.746,-0.435,-0.784,-1.01,-0.695,-0.205,-0.263,-0.373,-0.106,-0.112,-0.176,-0.379,-0.404,-0.503,0.037,0.056,0.044,0.08,0.115,0.092,-0.284,-0.306,-0.327,0.142,0.229,0.156,0.19,0.285,0.198,0.409,0.535,0.46,0.469,0.569,0.493,0.06,0.048,0.044,-1.28,-1.653,0.291,-0.405,0.365,-0.07,-0.904,-1.167,-0.14,-0.633,-0.034,-0.298,0.422,-0.588,-0.288,-1.302,0.545,0.717,0.627,-0.119,-0.083,-0.724,0.644,0.847,-0.769,-1.142,0.801,0.106,0.876,0.441,-0.18,-0.475,-0.044,-0.14,-0.371,-0.977,0.702,1.041,-0.107,-0.341,0.829,1.229,1.134,0.642,1.24,0.977,0.53,0.235,0.666,0.57,1.306,1.474,1.543,1.741,0.304,0.475,-0.062,0.277,-0.264,-0.097,-0.118,30.832,-0.283,64.505,0.064,-19.888,0.165,-57.554,-0.171,33.674,0.18,-50.72,0.277,-88.385,0.341,-84.393,0.428,-122.059,0.102,-37.665,0.378,0.186,0.151,0.56,0.389,0.317,-0.173,-0.244,-0.098,-0.5,-0.706,-0.347,0.231,0.203,0.165,-0.347,-0.622,-0.249,-0.605,-1.084,-0.533,-0.578,-0.733,-0.415,-0.836,-1.06,-0.736,-0.258,-0.327,-0.462,-0.1,-0.107,-0.168,-0.368,-0.399,-0.495,0.039,0.06,0.048,0.092,0.132,0.106,-0.278,-0.305,-0.328,0.139,0.226,0.154,0.197,0.293,0.206,0.402,0.531,0.459,0.474,0.571,0.5,0.072,0.058,0.053,-1.246,-1.708,0.298,-0.438,0.388,-0.026,-0.882,-1.209,-0.136,-0.669,-0.008,-0.257,0.428,-0.631,-0.277,-1.361,0.57,0.736,0.686,-0.046,-0.019,-0.641,0.7,0.903,-0.768,-1.229,0.776,0.041,0.867,0.453,-0.172,-0.519,-0.01,-0.107,-0.351,-1.057,0.723,1.04,-0.024,-0.268,0.887,1.276,1.097,0.564,1.225,0.976,0.533,0.186,0.696,0.598,1.318,1.469,1.617,1.803,0.314,0.48,-0.023,0.294,-0.226,-0.074
2021-08-03,CTD12,4173438,695414,0.008008795,0.010951207,0.015349439,0.0053555113,0.004171269,0.0011356665,0.0011642395,0.0004658105,0.008064865,0.010894032,0.015293149,0.0053934483,0.004124737,0.00115111,0.23097593,-8.000000000000001e-45,2.54,-0.155,33.549,-0.314,59.714,0.199,-61.861,0.315,-114.872,-0.167,26.165,0.343,-95.409,0.448,-148.421,0.483,-121.575,0.573,-174.586,0.124,-53.012,0.515,0.18,0.14,0.654,0.32,0.249,-0.677,-0.95,-0.258,-1.258,-1.763,-0.615,0.21,0.14,0.109,-0.764,-1.464,-0.398,-1.189,-2.278,-0.795,-0.974,-1.331,-0.507,-1.398,-1.912,-0.935,-0.425,-0.581,-0.814,-0.142,-0.151,-0.309,-0.45,-0.485,-0.771,0.101,0.175,0.136,0.146,0.235,0.185,-0.329,-0.361,-0.462,0.24,0.459,0.287,0.29,0.507,0.327,0.527,0.821,0.661,0.59,0.836,0.685,0.062,0.051,0.045,-2.135,-2.948,0.382,-0.553,0.46,-0.048,-1.523,-2.104,0.033,-0.762,0.141,-0.257,0.782,-1.13,0.094,-2.184,1.115,1.224,1.207,-0.125,0.518,-0.946,1.431,1.571,-1.499,-2.312,1.018,0.083,1.096,0.589,0.045,-0.57,0.193,-0.065,0.128,-1.635,1.524,1.773,0.709,-0.241,1.957,2.276,1.428,0.633,1.536,1.138,0.733,0.118,0.881,0.623,2.345,2.485,3.011,3.191,0.288,0.397,-0.032,0.217,-0.172,-0.032,-0.149,32.201,-0.309,58.606,0.198,-61.416,0.323,-118.445,-0.168,26.405,0.338,-93.617,0.451,-150.646,0.479,-120.021,0.575,-177.051,0.133,-57.03,0.492,0.174,0.133,0.638,0.316,0.242,-0.669,-0.939,-0.253,-1.29,-1.811,-0.639,0.213,0.142,0.109,-0.755,-1.432,-0.386,-1.215,-2.304,-0.813,-0.968,-1.308,-0.495,-1.428,-1.929,-0.955,-0.46,-0.621,-0.872,-0.137,-0.146,-0.297,-0.444,-0.481,-0.759,0.102,0.178,0.138,0.15,0.242,0.19,-0.327,-0.361,-0.462,0.235,0.451,0.283,0.29,0.503,0.327,0.522,0.812,0.659,0.589,0.83,0.686,0.067,0.054,0.048,-2.095,-2.967,0.388,-0.567,0.471,-0.024,-1.493,-2.114,0.032,-0.78,0.149,-0.237,0.783,-1.146,0.091,-2.212,1.117,1.226,1.243,-0.065,0.551,-0.88,1.46,1.603,-1.485,-2.357,0.998,0.043,1.081,0.586,0.044,-0.595,0.201,-0.052,0.124,-1.688,1.508,1.75,0.745,-0.194,1.972,2.288,1.401,0.589,1.518,1.132,0.735,0.096,0.892,0.639,2.324,2.457,3.039,3.213,0.29,0.399,-0.016,0.225,-0.159,-0.026
2021-08-13,CTD1,4187246,695025,0.007343868,0.010488986,0.0174493,0.006501227,0.0061479285,0.0015737665,0.0015938304,0.0006301565,0.007383635,0.010315345,0.017599737,0.0066797985,0.0055523426,0.0016614815,0.51564515,-8.000000000000001e-45,1.09,-0.176,40.83,-0.408,78.859,0.061,-17.649,0.089,-26.488,-0.249,38.029,0.235,-58.479,0.261,-67.318,0.457,-96.508,0.479,-105.348,0.028,-8.839,0.712,0.265,0.251,0.827,0.513,0.485,-0.185,-0.308,-0.109,-0.278,-0.462,-0.172,0.279,0.247,0.234,-0.429,-1.02,-0.36,-0.494,-1.175,-0.438,-0.709,-1.012,-0.593,-0.774,-1.105,-0.685,-0.065,-0.093,-0.154,-0.131,-0.133,-0.249,-0.595,-0.607,-0.799,0.03,0.051,0.036,0.043,0.07,0.05,-0.503,-0.516,-0.55,0.161,0.296,0.169,0.175,0.314,0.181,0.614,0.811,0.658,0.634,0.816,0.665,0.02,0.014,0.013,-1.984,-2.138,0.328,-0.357,0.348,-0.246,-1.193,-1.285,-0.199,-0.637,-0.165,-0.525,0.529,-0.576,-0.534,-1.709,0.543,0.777,0.593,-0.419,-0.469,-1.489,0.575,0.822,-1.256,-1.41,1.056,0.371,1.076,0.483,-0.284,-0.456,-0.236,-0.345,-0.763,-1.225,0.776,1.261,-0.67,-0.978,0.821,1.334,1.756,1.319,1.79,1.43,0.778,0.606,0.826,0.718,1.847,2.098,1.953,2.218,0.299,0.533,-0.217,0.267,-0.465,-0.214,-0.166,38.492,-0.409,78.616,0.05,-14.27,0.142,-44.67,-0.261,40.124,0.214,-52.762,0.3,-83.161,0.45,-92.886,0.52,-123.285,0.092,-30.399,0.677,0.257,0.214,0.811,0.525,0.437,-0.147,-0.251,-0.079,-0.461,-0.786,-0.298,0.296,0.268,0.223,-0.39,-0.929,-0.293,-0.614,-1.464,-0.556,-0.686,-0.958,-0.516,-0.91,-1.272,-0.824,-0.224,-0.314,-0.535,-0.121,-0.127,-0.24,-0.601,-0.644,-0.835,0.025,0.044,0.03,0.066,0.108,0.075,-0.518,-0.563,-0.596,0.146,0.281,0.157,0.191,0.339,0.196,0.617,0.844,0.688,0.681,0.857,0.709,0.064,0.045,0.04,-1.919,-2.454,0.336,-0.487,0.4,-0.115,-1.125,-1.438,-0.228,-0.784,-0.119,-0.412,0.519,-0.752,-0.601,-2.064,0.567,0.79,0.744,-0.214,-0.376,-1.305,0.682,0.95,-1.238,-1.773,1.018,0.194,1.082,0.566,-0.319,-0.617,-0.166,-0.245,-0.839,-1.626,0.792,1.229,-0.526,-0.777,0.953,1.478,1.736,1.181,1.845,1.552,0.801,0.503,0.954,0.875,1.883,2.097,2.265,2.522,0.366,0.589,-0.104,0.332,-0.372,-0.159
2021-08-13,CTD2,4181518,693105,0.0100851925,0.013957705,0.018461486,0.0076247538,0.0052575762,0.0015387492,0.0015453903,0.0006390492,0.0101102255,0.014003543,0.018239921,0.007587965,0.005550336,0.0014769012,0.045189347,-8.000000000000001e-45,3.139,-0.161,27.51,-0.293,44.988,0.139,-31.997,0.315,-91.046,-0.139,17.478,0.293,-59.507,0.453,-118.557,0.415,-76.985,0.557,-136.035,0.184,-59.05,0.508,0.21,0.145,0.628,0.343,0.237,-0.447,-0.591,-0.168,-1.271,-1.681,-0.694,0.176,0.133,0.092,-0.6,-1.099,-0.313,-1.196,-2.189,-0.904,-0.776,-1.075,-0.405,-1.372,-1.899,-1.037,-0.596,-0.824,-1.09,-0.148,-0.163,-0.301,-0.388,-0.436,-0.65,0.076,0.128,0.104,0.149,0.224,0.185,-0.254,-0.294,-0.35,0.222,0.413,0.267,0.305,0.491,0.334,0.451,0.706,0.564,0.549,0.746,0.612,0.098,0.083,0.073,-1.699,-2.789,0.31,-0.728,0.438,0.033,-1.284,-2.108,0.0,-0.904,0.17,-0.143,0.567,-1.332,0.0,-2.189,0.946,1.038,1.162,0.088,0.596,-0.503,1.372,1.505,-1.037,-2.127,0.971,-0.066,1.099,0.694,0.0,-0.694,0.235,0.067,0.0,-1.681,1.309,1.546,0.824,0.234,1.899,2.242,1.284,0.38,1.454,1.141,0.567,-0.128,0.801,0.633,1.9,2.045,2.755,2.965,0.379,0.471,0.025,0.261,-0.108,0.036,-0.161,27.499,-0.287,44.085,0.143,-32.878,0.291,-81.26,-0.131,16.586,0.297,-60.377,0.432,-108.759,0.412,-76.963,0.533,-125.344,0.155,-48.382,0.502,0.209,0.153,0.617,0.335,0.245,-0.46,-0.6,-0.182,-1.138,-1.482,-0.617,0.168,0.126,0.092,-0.61,-1.101,-0.335,-1.1,-1.984,-0.825,-0.778,-1.078,-0.427,-1.267,-1.755,-0.951,-0.489,-0.678,-0.882,-0.151,-0.164,-0.296,-0.377,-0.416,-0.619,0.078,0.129,0.106,0.141,0.211,0.177,-0.239,-0.271,-0.322,0.226,0.41,0.27,0.298,0.478,0.327,0.442,0.68,0.545,0.526,0.717,0.588,0.085,0.072,0.063,-1.682,-2.564,0.306,-0.645,0.418,-0.009,-1.291,-1.969,0.012,-0.813,0.158,-0.177,0.565,-1.191,0.03,-1.954,0.936,1.028,1.054,-0.024,0.519,-0.582,1.28,1.406,-1.019,-1.901,0.969,0.018,1.081,0.654,0.017,-0.599,0.219,0.036,0.041,-1.441,1.297,1.541,0.719,0.119,1.772,2.107,1.262,0.437,1.408,1.073,0.552,-0.065,0.754,0.571,1.855,2.007,2.536,2.744,0.354,0.446,-0.007,0.238,-0.133,0.02
2021-08-13,CTD3,4181698,695238,0.011347785,0.015461353,0.022187904,0.010474689,0.008237501,0.0023913835,0.0024190508,0.0009850538,0.011296589,0.01544159,0.022056714,0.010408568,0.008188912,0.0023282901,0.19948748,-8.000000000000001e-45,2.398,-0.153,23.446,-0.323,43.053,0.04,-7.345,0.159,-33.273,-0.179,19.608,0.192,-30.791,0.305,-56.719,0.359,-50.399,0.459,-76.326,0.12,-25.928,0.52,0.246,0.193,0.666,0.451,0.355,-0.114,-0.163,-0.061,-0.514,-0.738,-0.349,0.223,0.205,0.162,-0.349,-0.683,-0.254,-0.644,-1.258,-0.594,-0.572,-0.779,-0.415,-0.866,-1.18,-0.799,-0.294,-0.401,-0.575,-0.126,-0.135,-0.22,-0.418,-0.457,-0.579,0.023,0.037,0.029,0.083,0.12,0.095,-0.308,-0.343,-0.359,0.149,0.255,0.164,0.215,0.331,0.221,0.437,0.598,0.494,0.52,0.639,0.538,0.083,0.067,0.059,-1.384,-1.96,0.262,-0.538,0.363,-0.052,-0.965,-1.366,-0.166,-0.76,-0.021,-0.275,0.387,-0.794,-0.352,-1.61,0.551,0.712,0.681,-0.098,-0.057,-0.741,0.7,0.905,-0.756,-1.331,0.89,0.091,0.991,0.576,-0.226,-0.575,-0.029,-0.09,-0.479,-1.217,0.75,1.105,-0.078,-0.241,0.954,1.405,1.278,0.684,1.422,1.169,0.512,0.163,0.709,0.649,1.392,1.585,1.77,2.016,0.39,0.552,-0.048,0.306,-0.254,-0.061,-0.155,23.762,-0.323,43.185,0.041,-7.552,0.159,-33.594,-0.176,19.423,0.195,-31.315,0.307,-57.356,0.359,-50.737,0.459,-76.779,0.119,-26.042,0.524,0.247,0.195,0.667,0.449,0.354,-0.117,-0.167,-0.062,-0.519,-0.741,-0.35,0.219,0.202,0.159,-0.354,-0.691,-0.256,-0.648,-1.265,-0.597,-0.573,-0.783,-0.415,-0.867,-1.186,-0.799,-0.294,-0.402,-0.574,-0.128,-0.137,-0.223,-0.416,-0.455,-0.579,0.024,0.038,0.029,0.083,0.12,0.096,-0.305,-0.339,-0.356,0.151,0.258,0.166,0.217,0.334,0.223,0.436,0.598,0.493,0.519,0.639,0.536,0.083,0.067,0.059,-1.388,-1.962,0.26,-0.539,0.36,-0.055,-0.971,-1.374,-0.162,-0.759,-0.018,-0.275,0.385,-0.8,-0.343,-1.608,0.555,0.714,0.679,-0.104,-0.049,-0.74,0.705,0.908,-0.752,-1.327,0.895,0.096,0.996,0.58,-0.221,-0.571,-0.025,-0.087,-0.469,-1.21,0.759,1.112,-0.067,-0.233,0.964,1.414,1.278,0.681,1.422,1.166,0.507,0.157,0.703,0.642,1.394,1.589,1.772,2.019,0.391,0.55,-0.051,0.303,-0.253,-0.058
2021-08-13,CTD4,4180266,698264,0.012837867,0.01858455,0.01864611,0.005883955,0.0030425987,0.0009278906,0.00094538514,0.00039844718,0.012928517,0.018876636,0.01821671,0.0059164586,0.0036740145,0.0008340307,0.00012894243,-8.000000000000001e-45,1.22,-0.183,24.086,-0.184,24.264,0.371,-92.059,0.617,-250.772,-0.002,0.178,0.519,-116.146,0.719,-274.858,0.52,-116.323,0.719,-275.036,0.318,-158.713,0.449,0.142,0.073,0.451,0.143,0.074,-1.711,-1.717,-0.28,-4.66,-4.676,-1.476,0.002,0.001,0.001,-1.491,-2.166,-0.353,-3.529,-5.125,-1.617,-1.493,-2.162,-0.354,-3.531,-5.111,-1.618,-2.038,-2.95,-2.959,-0.234,-0.265,-0.644,-0.237,-0.269,-0.651,0.187,0.322,0.321,0.263,0.4,0.399,-0.003,-0.004,-0.007,0.403,0.8,0.586,0.494,0.83,0.634,0.406,0.804,0.59,0.497,0.833,0.638,0.09,0.09,0.076,-2.478,-5.438,0.375,-1.243,0.528,0.174,-2.47,-5.42,0.372,-1.245,0.525,0.171,1.185,-3.926,1.179,-3.947,2.018,2.019,3.223,1.061,3.216,1.05,3.903,3.904,-1.721,-4.681,1.132,-0.486,1.284,0.931,0.538,-0.937,0.76,0.48,1.706,-2.97,2.922,2.995,4.656,2.939,5.65,5.793,1.136,-0.481,1.289,0.935,0.545,-0.931,0.766,0.486,2.932,3.005,5.67,5.812,0.295,0.295,0.08,0.153,0.079,0.152,-0.187,24.373,-0.17,22.454,0.372,-91.672,0.557,-194.833,0.018,-1.919,0.523,-116.044,0.674,-219.206,0.51,-114.125,0.664,-217.287,0.234,-103.162,0.444,0.144,0.09,0.424,0.133,0.082,-1.73,-1.67,-0.337,-3.678,-3.549,-1.153,-0.025,-0.011,-0.007,-1.5,-2.114,-0.426,-2.834,-3.993,-1.297,-1.475,-2.154,-0.419,-2.809,-4.102,-1.286,-1.334,-1.947,-1.879,-0.246,-0.272,-0.62,-0.213,-0.235,-0.551,0.189,0.311,0.32,0.249,0.373,0.383,0.035,0.04,0.069,0.416,0.781,0.592,0.488,0.807,0.63,0.387,0.741,0.545,0.457,0.772,0.587,0.071,0.072,0.06,-2.394,-4.273,0.36,-0.925,0.483,0.064,-2.481,-4.428,0.396,-0.901,0.515,0.089,1.149,-2.953,1.22,-2.773,1.991,1.983,2.483,0.328,2.554,0.44,3.205,3.194,-1.619,-3.498,1.135,-0.15,1.258,0.839,0.579,-0.574,0.752,0.415,1.781,-1.768,2.906,2.989,3.729,2.059,4.68,4.813,1.096,-0.201,1.214,0.788,0.507,-0.645,0.681,0.344,2.795,2.884,4.501,4.645,0.263,0.256,0.029,0.112,0.041,0.13
2021-08-13,CTD6,4176009,695829,0.01284224,0.017238667,0.021630097,0.011677108,0.007380212,0.0022539792,0.002243153,0.0009435062,0.012811219,0.017473314,0.021131296,0.011547925,0.008160945,0.0020566853,0.00016658085,-8.000000000000001e-45,3.008,-0.146,19.859,-0.255,31.636,0.048,-7.77,0.27,-57.629,-0.113,11.777,0.192,-27.629,0.4,-77.488,0.299,-39.406,0.491,-89.266,0.225,-49.86,0.43,0.232,0.147,0.545,0.369,0.233,-0.134,-0.168,-0.057,-0.993,-1.247,-0.673,0.151,0.138,0.087,-0.355,-0.598,-0.204,-0.995,-1.676,-0.905,-0.506,-0.679,-0.291,-1.146,-1.539,-1.042,-0.64,-0.86,-1.078,-0.132,-0.152,-0.231,-0.304,-0.357,-0.461,0.03,0.047,0.04,0.141,0.189,0.164,-0.179,-0.217,-0.23,0.161,0.275,0.192,0.286,0.402,0.296,0.331,0.492,0.404,0.474,0.581,0.493,0.143,0.125,0.111,-1.107,-2.186,0.205,-0.837,0.404,0.113,-0.883,-1.742,-0.084,-0.988,0.166,-0.038,0.303,-1.236,-0.155,-1.831,0.672,0.759,0.943,0.264,0.485,-0.112,1.063,1.2,-0.51,-1.588,0.802,-0.24,1.001,0.71,-0.112,-0.785,0.222,0.165,-0.208,-1.455,0.902,1.135,0.652,0.483,1.427,1.796,1.007,0.102,1.256,1.052,0.345,-0.327,0.68,0.623,1.278,1.424,2.022,2.253,0.481,0.568,0.103,0.336,-0.035,0.112,-0.154,20.826,-0.245,30.733,0.052,-8.539,0.222,-44.478,-0.095,9.907,0.204,-29.366,0.363,-65.305,0.293,-39.272,0.443,-75.212,0.172,-35.939,0.44,0.241,0.17,0.537,0.355,0.251,-0.149,-0.18,-0.07,-0.777,-0.94,-0.514,0.127,0.114,0.081,-0.376,-0.621,-0.24,-0.837,-1.38,-0.754,-0.503,-0.686,-0.321,-0.964,-1.314,-0.869,-0.46,-0.628,-0.759,-0.143,-0.159,-0.237,-0.287,-0.325,-0.422,0.033,0.049,0.043,0.12,0.16,0.142,-0.15,-0.174,-0.186,0.175,0.283,0.202,0.274,0.382,0.285,0.316,0.457,0.374,0.428,0.532,0.447,0.112,0.1,0.088,-1.097,-1.856,0.187,-0.682,0.347,0.026,-0.907,-1.535,-0.055,-0.809,0.139,-0.1,0.283,-1.032,-0.1,-1.48,0.642,0.723,0.743,0.057,0.36,-0.26,0.909,1.023,-0.466,-1.225,0.817,-0.051,0.978,0.657,-0.074,-0.588,0.19,0.12,-0.136,-1.076,0.876,1.127,0.492,0.311,1.24,1.595,0.989,0.234,1.182,0.943,0.308,-0.206,0.572,0.503,1.193,1.363,1.688,1.928,0.434,0.515,0.024,0.275,-0.091,0.079
2021-08-13,CTD7,4176724,690397,0.012480198,0.01989104,0.03236331,0.01400016,0.010207888,0.002660244,0.0026692592,0.0010766239,0.012393299,0.019939318,0.032436162,0.014127533,0.010237651,0.002588515,0.14348024,-8.000000000000001e-45,4.491,-0.229,29.853,-0.443,49.228,-0.057,8.699,0.1,-17.837,-0.239,19.375,0.174,-21.154,0.322,-47.69,0.396,-40.529,0.52,-67.064,0.157,-26.536,0.966,0.418,0.305,0.979,0.689,0.503,0.173,0.282,0.089,-0.355,-0.577,-0.25,0.242,0.271,0.198,-0.264,-0.685,-0.216,-0.595,-1.543,-0.668,-0.506,-0.806,-0.414,-0.837,-1.334,-0.939,-0.331,-0.528,-0.859,-0.16,-0.174,-0.306,-0.587,-0.661,-0.821,-0.029,-0.05,-0.036,0.043,0.067,0.049,-0.471,-0.55,-0.515,0.131,0.26,0.138,0.216,0.366,0.209,0.567,0.809,0.61,0.684,0.837,0.654,0.117,0.085,0.073,-1.684,-2.543,0.195,-0.744,0.312,-0.102,-1.035,-1.563,-0.318,-0.986,-0.128,-0.343,0.277,-1.057,-0.736,-2.279,0.378,0.576,0.608,-0.198,-0.404,-1.089,0.519,0.79,-0.718,-1.577,1.161,0.222,1.278,0.865,-0.507,-0.757,-0.203,-0.115,-1.172,-1.75,0.603,1.105,-0.645,-0.363,0.827,1.516,1.889,1.222,2.08,1.864,0.505,0.256,0.809,0.898,1.494,1.798,2.049,2.467,0.609,0.806,-0.114,0.388,-0.385,-0.081,-0.233,30.537,-0.447,49.859,-0.065,9.905,0.095,-16.99,-0.239,19.322,0.171,-20.632,0.321,-47.526,0.393,-39.954,0.52,-66.849,0.16,-26.895,0.99,0.431,0.313,0.994,0.704,0.51,0.197,0.321,0.101,-0.339,-0.551,-0.24,0.239,0.273,0.198,-0.256,-0.669,-0.211,-0.589,-1.542,-0.671,-0.495,-0.797,-0.409,-0.828,-1.333,-0.944,-0.333,-0.536,-0.872,-0.162,-0.177,-0.31,-0.588,-0.664,-0.823,-0.033,-0.057,-0.041,0.041,0.063,0.046,-0.471,-0.552,-0.513,0.13,0.257,0.136,0.216,0.366,0.208,0.566,0.809,0.607,0.687,0.837,0.652,0.12,0.087,0.074,-1.674,-2.547,0.186,-0.758,0.306,-0.103,-1.029,-1.566,-0.326,-0.998,-0.131,-0.343,0.263,-1.07,-0.749,-2.291,0.364,0.562,0.596,-0.201,-0.416,-1.085,0.502,0.775,-0.687,-1.559,1.173,0.229,1.293,0.884,-0.525,-0.765,-0.211,-0.11,-1.206,-1.757,0.585,1.096,-0.67,-0.348,0.808,1.512,1.909,1.237,2.104,1.893,0.487,0.247,0.801,0.902,1.47,1.783,2.028,2.46,0.626,0.824,-0.118,0.393,-0.391,-0.078
2021-08-13,CTD8,4174178,693048,0.0,0.0,0.0,0.0,0.0,0.0,0.0,0.0,0.0,0.0,0.0,0.0,0.0,0.0,0.0,0.0,3.955,,,,,,,,,,,,,,,,,,,,,,,,,,,,,,,,,,,,,,,,,,,,,,,,,,,,,,,,,,,,,,,,,,,,,,,,,,,,,,,,,,,,,,,,,,,,,,,,,,,,,,,,,,,,,,,,,,,,,,,,,,,,,,,,,,,,,,,,,,,,,,,,,,,,,,,,,,,,,,,,,,,,,,,,,,,,,,,,,,,,,,,,,,,,,,,,,,,,,,,,,,,,,,,,,,,,,,,,,,,,,,,,,,,,,,,,,,,,,,,,,,,,,,,,,,,,,,,,,,,,,,,,,,,,,,,,,,,,,,,,
2021-08-13,CTD10,4170388,695646,0.01033641,0.014453082,0.021120815,0.0109989215,0.008324445,0.0024509518,0.002457897,0.0010151016,0.010313054,0.014466603,0.0209541,0.010923541,0.008472932,0.0023653135,0.13898195,-8.000000000000001e-45,3.209,-0.166,27.556,-0.343,49.399,-0.031,5.827,0.108,-23.383,-0.187,21.843,0.136,-21.729,0.269,-50.939,0.315,-43.571,0.435,-72.781,0.138,-29.21,0.582,0.303,0.229,0.714,0.543,0.411,0.084,0.123,0.049,-0.338,-0.494,-0.257,0.226,0.24,0.182,-0.225,-0.459,-0.181,-0.527,-1.076,-0.56,-0.45,-0.63,-0.363,-0.752,-1.052,-0.801,-0.302,-0.422,-0.617,-0.128,-0.14,-0.213,-0.424,-0.473,-0.558,-0.019,-0.029,-0.022,0.057,0.079,0.063,-0.313,-0.357,-0.345,0.11,0.185,0.117,0.195,0.287,0.191,0.408,0.542,0.444,0.516,0.6,0.503,0.108,0.085,0.075,-1.205,-1.822,0.194,-0.606,0.321,-0.042,-0.825,-1.247,-0.272,-0.832,-0.087,-0.267,0.255,-0.796,-0.522,-1.597,0.364,0.546,0.557,-0.072,-0.22,-0.679,0.481,0.721,-0.522,-1.139,0.878,0.077,1.004,0.641,-0.38,-0.637,-0.121,-0.073,-0.729,-1.223,0.509,0.92,-0.307,-0.184,0.672,1.215,1.282,0.722,1.467,1.286,0.397,0.14,0.656,0.704,1.115,1.344,1.473,1.776,0.488,0.67,-0.044,0.367,-0.285,-0.055,-0.168,27.84,-0.34,49.241,-0.029,5.419,0.098,-21.058,-0.183,21.401,0.14,-22.421,0.261,-48.898,0.315,-43.822,0.424,-70.3,0.126,-26.477,0.583,0.304,0.236,0.712,0.538,0.417,0.078,0.114,0.046,-0.305,-0.441,-0.23,0.221,0.234,0.181,-0.231,-0.47,-0.19,-0.504,-1.025,-0.534,-0.452,-0.634,-0.371,-0.725,-1.017,-0.768,-0.273,-0.383,-0.555,-0.13,-0.141,-0.214,-0.419,-0.464,-0.549,-0.017,-0.027,-0.021,0.052,0.072,0.058,-0.305,-0.345,-0.334,0.113,0.189,0.12,0.192,0.282,0.188,0.405,0.534,0.437,0.504,0.588,0.492,0.099,0.078,0.069,-1.205,-1.76,0.192,-0.576,0.309,-0.063,-0.832,-1.215,-0.263,-0.797,-0.094,-0.283,0.254,-0.763,-0.504,-1.529,0.358,0.54,0.527,-0.107,-0.231,-0.701,0.462,0.696,-0.516,-1.07,0.881,0.114,0.998,0.627,-0.369,-0.599,-0.131,-0.085,-0.707,-1.149,0.503,0.92,-0.324,-0.211,0.648,1.186,1.277,0.743,1.446,1.256,0.389,0.159,0.627,0.673,1.097,1.333,1.414,1.718,0.474,0.655,-0.066,0.351,-0.3,-0.064
2021-08-13,CTD11,4169609,700351,0.007499192,0.010061041,0.0140769575,0.007715472,0.005877861,0.001761733,0.0017126977,0.0007296046,0.0075626834,0.010072938,0.013891518,0.0076693785,0.0060075205,0.0017169708,0.13745649,-8.000000000000001e-45,1.809,-0.146,33.954,-0.305,62.31,-0.014,3.738,0.121,-36.782,-0.166,28.355,0.132,-30.216,0.262,-70.737,0.292,-58.572,0.411,-99.092,0.135,-40.52,0.478,0.262,0.2,0.627,0.481,0.366,0.038,0.053,0.022,-0.37,-0.518,-0.284,0.213,0.219,0.167,-0.227,-0.425,-0.178,-0.53,-0.996,-0.546,-0.439,-0.589,-0.344,-0.743,-0.997,-0.765,-0.304,-0.408,-0.57,-0.118,-0.128,-0.188,-0.37,-0.413,-0.484,-0.009,-0.014,-0.011,0.067,0.091,0.074,-0.264,-0.3,-0.295,0.109,0.175,0.118,0.194,0.275,0.192,0.362,0.476,0.399,0.467,0.539,0.461,0.105,0.085,0.076,-1.079,-1.65,0.197,-0.567,0.328,-0.016,-0.771,-1.179,-0.234,-0.78,-0.051,-0.229,0.257,-0.74,-0.427,-1.423,0.388,0.554,0.561,-0.028,-0.123,-0.549,0.509,0.728,-0.483,-1.053,0.794,0.029,0.924,0.58,-0.314,-0.598,-0.069,-0.047,-0.573,-1.091,0.52,0.886,-0.165,-0.113,0.683,1.164,1.11,0.564,1.293,1.115,0.37,0.087,0.615,0.637,1.041,1.24,1.366,1.628,0.445,0.611,-0.017,0.349,-0.236,-0.036,-0.142,32.952,-0.295,60.242,-0.007,1.84,0.115,-34.23,-0.159,27.29,0.135,-31.113,0.253,-67.182,0.289,-58.402,0.396,-94.472,0.122,-36.069,0.458,0.253,0.198,0.607,0.462,0.362,0.019,0.026,0.011,-0.345,-0.476,-0.263,0.206,0.209,0.164,-0.235,-0.432,-0.187,-0.508,-0.933,-0.515,-0.442,-0.588,-0.351,-0.714,-0.952,-0.725,-0.273,-0.363,-0.501,-0.116,-0.126,-0.184,-0.357,-0.394,-0.463,-0.004,-0.007,-0.005,0.065,0.088,0.072,-0.251,-0.281,-0.279,0.112,0.177,0.121,0.189,0.267,0.189,0.353,0.459,0.387,0.447,0.518,0.444,0.094,0.077,0.069,-1.061,-1.562,0.199,-0.526,0.318,-0.033,-0.769,-1.132,-0.217,-0.732,-0.052,-0.239,0.261,-0.691,-0.393,-1.326,0.39,0.554,0.534,-0.055,-0.12,-0.552,0.497,0.707,-0.479,-0.98,0.78,0.055,0.899,0.549,-0.289,-0.552,-0.069,-0.058,-0.523,-0.999,0.519,0.881,-0.16,-0.135,0.663,1.125,1.075,0.56,1.24,1.054,0.365,0.102,0.585,0.596,1.017,1.215,1.298,1.551,0.418,0.582,-0.033,0.329,-0.242,-0.044
2021-08-13,CTD12,4173438,695414,0.008971454,0.012594907,0.019217439,0.010196252,0.008132491,0.002382999,0.0023977486,0.0009915452,0.008982608,0.012569387,0.019123005,0.010166602,0.008116364,0.00233706,0.21194956,-8.000000000000001e-45,3.173,-0.168,32.067,-0.363,59.429,-0.064,13.389,0.049,-11.499,-0.208,27.361,0.105,-18.678,0.215,-43.566,0.307,-46.039,0.405,-70.927,0.113,-24.888,0.616,0.327,0.261,0.748,0.606,0.483,0.169,0.257,0.109,-0.145,-0.221,-0.117,0.245,0.279,0.223,-0.168,-0.359,-0.152,-0.391,-0.837,-0.444,-0.413,-0.58,-0.374,-0.636,-0.893,-0.723,-0.223,-0.313,-0.478,-0.123,-0.132,-0.198,-0.45,-0.494,-0.559,-0.039,-0.059,-0.045,0.026,0.037,0.029,-0.346,-0.387,-0.361,0.085,0.14,0.088,0.158,0.233,0.152,0.418,0.527,0.435,0.514,0.578,0.486,0.096,0.073,0.065,-1.172,-1.651,0.182,-0.541,0.289,-0.085,-0.768,-1.082,-0.343,-0.787,-0.179,-0.331,0.224,-0.669,-0.646,-1.483,0.234,0.457,0.448,-0.132,-0.423,-0.782,0.294,0.573,-0.481,-0.959,0.873,0.15,0.981,0.606,-0.481,-0.598,-0.251,-0.142,-0.907,-1.128,0.329,0.812,-0.593,-0.336,0.412,1.018,1.333,0.888,1.496,1.344,0.389,0.272,0.619,0.728,0.978,1.239,1.227,1.553,0.491,0.713,-0.097,0.386,-0.376,-0.115,-0.166,31.768,-0.361,59.033,-0.062,12.965,0.051,-11.882,-0.207,27.265,0.106,-18.803,0.215,-43.65,0.306,-46.068,0.404,-70.915,0.112,-24.847,0.607,0.323,0.258,0.742,0.6,0.479,0.163,0.248,0.105,-0.149,-0.227,-0.121,0.245,0.277,0.221,-0.169,-0.36,-0.153,-0.392,-0.835,-0.444,-0.414,-0.579,-0.374,-0.637,-0.891,-0.721,-0.223,-0.312,-0.475,-0.122,-0.132,-0.196,-0.446,-0.49,-0.555,-0.037,-0.057,-0.043,0.027,0.038,0.03,-0.342,-0.383,-0.358,0.085,0.141,0.088,0.158,0.233,0.152,0.416,0.524,0.433,0.511,0.575,0.484,0.095,0.073,0.065,-1.166,-1.641,0.183,-0.538,0.29,-0.084,-0.767,-1.079,-0.339,-0.783,-0.176,-0.329,0.226,-0.665,-0.638,-1.473,0.238,0.459,0.449,-0.13,-0.415,-0.774,0.298,0.575,-0.482,-0.957,0.868,0.147,0.975,0.601,-0.475,-0.595,-0.246,-0.141,-0.893,-1.12,0.333,0.812,-0.58,-0.332,0.417,1.017,1.32,0.876,1.483,1.331,0.39,0.269,0.618,0.723,0.977,1.235,1.224,1.547,0.486,0.707,-0.095,0.384,-0.372,-0.114
2021-11-11,CTD1,4187246,695025,0.006031815,0.008928169,0.015787378,0.004364454,0.0040838774,0.00092678866,0.0009111601,0.00035309192,0.0060544144,0.008737123,0.01598172,0.0045675556,0.0036060598,0.0010116524,0.44064888,-2.878e-42,0.945,-0.194,53.783,-0.447,102.446,0.16,-63.336,0.193,-79.078,-0.278,48.663,0.343,-117.119,0.372,-132.86,0.567,-165.782,0.589,-181.524,0.033,-15.742,0.849,0.235,0.22,0.915,0.447,0.418,-0.565,-1.0,-0.259,-0.706,-1.248,-0.345,0.294,0.212,0.199,-0.706,-1.849,-0.478,-0.801,-2.098,-0.58,-1.0,-1.48,-0.677,-1.095,-1.621,-0.792,-0.095,-0.141,-0.249,-0.144,-0.146,-0.343,-0.734,-0.75,-1.155,0.067,0.128,0.084,0.079,0.147,0.097,-0.66,-0.678,-0.812,0.209,0.451,0.23,0.222,0.466,0.24,0.764,1.129,0.878,0.782,1.126,0.88,0.019,0.013,0.011,-2.942,-3.19,0.399,-0.393,0.417,-0.26,-1.664,-1.804,-0.107,-0.687,-0.075,-0.554,0.817,-0.804,-0.386,-2.484,0.925,1.123,0.911,-0.569,-0.291,-2.14,0.988,1.201,-2.137,-2.386,1.204,0.411,1.221,0.544,-0.158,-0.503,-0.112,-0.37,-0.572,-1.82,1.369,1.787,-0.431,-1.431,1.463,1.91,2.129,1.549,2.16,1.682,1.045,0.7,1.091,0.833,2.94,3.16,3.142,3.377,0.266,0.465,-0.188,0.23,-0.401,-0.181,-0.181,50.715,-0.451,102.597,0.14,-53.767,0.253,-112.142,-0.293,51.883,0.313,-104.481,0.416,-162.857,0.555,-156.364,0.632,-214.739,0.118,-58.376,0.811,0.232,0.183,0.896,0.469,0.37,-0.47,-0.859,-0.194,-0.98,-1.792,-0.512,0.314,0.237,0.187,-0.633,-1.67,-0.377,-0.986,-2.603,-0.744,-0.947,-1.366,-0.564,-1.3,-1.876,-0.981,-0.353,-0.51,-0.933,-0.131,-0.137,-0.328,-0.746,-0.804,-1.215,0.06,0.12,0.076,0.099,0.184,0.119,-0.682,-0.75,-0.886,0.189,0.432,0.213,0.233,0.483,0.25,0.772,1.182,0.925,0.837,1.165,0.93,0.065,0.044,0.039,-2.806,-3.739,0.407,-0.574,0.467,-0.097,-1.534,-2.044,-0.144,-0.888,-0.034,-0.411,0.779,-1.097,-0.504,-3.106,0.913,1.1,1.132,-0.234,-0.15,-1.82,1.156,1.393,-2.056,-2.989,1.157,0.176,1.217,0.654,-0.208,-0.72,-0.049,-0.243,-0.727,-2.519,1.317,1.687,-0.217,-1.076,1.668,2.137,2.117,1.373,2.227,1.85,1.075,0.563,1.234,1.04,2.903,3.086,3.677,3.909,0.342,0.529,-0.073,0.297,-0.31,-0.127
2021-11-11,CTD2,4181518,693105,0.0067231054,0.009254765,0.014007518,0.003264723,0.0029500409,0.0006748145,0.0006776162,0.0002586477,0.006759057,0.009082032,0.01413891,0.0033845413,0.0026320175,0.000739789,0.37228122,-2.878e-42,0.944,-0.158,40.688,-0.351,77.351,0.346,-157.564,0.39,-190.238,-0.204,36.662,0.478,-198.252,0.517,-230.926,0.622,-234.914,0.652,-267.588,0.051,-32.674,0.57,0.133,0.12,0.716,0.253,0.228,-1.458,-2.207,-0.465,-1.761,-2.665,-0.621,0.246,0.12,0.108,-1.333,-2.777,-0.585,-1.553,-3.235,-0.754,-1.579,-2.174,-0.693,-1.799,-2.476,-0.874,-0.22,-0.302,-0.458,-0.147,-0.149,-0.407,-0.582,-0.597,-1.172,0.149,0.283,0.204,0.162,0.301,0.218,-0.476,-0.491,-0.765,0.289,0.619,0.353,0.304,0.631,0.365,0.672,1.111,0.88,0.692,1.107,0.883,0.02,0.015,0.014,-3.564,-4.022,0.493,-0.38,0.516,-0.177,-2.355,-2.657,0.127,-0.627,0.161,-0.424,1.399,-1.078,0.546,-2.689,1.741,1.849,1.618,-0.556,0.765,-2.012,1.926,2.046,-2.914,-3.372,1.143,0.27,1.166,0.473,0.175,-0.446,0.222,-0.243,0.751,-1.913,2.396,2.624,1.054,-1.153,2.652,2.904,1.731,0.977,1.765,1.18,1.028,0.407,1.075,0.61,3.852,3.972,4.263,4.395,0.167,0.275,-0.086,0.142,-0.206,-0.086,-0.147,37.842,-0.353,77.223,0.333,-147.511,0.439,-231.987,-0.218,39.381,0.457,-185.353,0.551,-269.829,0.614,-224.734,0.686,-309.21,0.125,-84.476,0.535,0.128,0.1,0.701,0.261,0.203,-1.34,-2.086,-0.388,-2.107,-3.28,-0.785,0.266,0.133,0.104,-1.253,-2.621,-0.488,-1.824,-3.815,-0.913,-1.519,-2.041,-0.592,-2.09,-2.808,-1.047,-0.571,-0.767,-1.194,-0.133,-0.139,-0.386,-0.592,-0.63,-1.227,0.145,0.288,0.201,0.178,0.331,0.236,-0.499,-0.538,-0.84,0.273,0.607,0.34,0.309,0.636,0.368,0.679,1.145,0.918,0.726,1.134,0.923,0.048,0.036,0.032,-3.433,-4.628,0.505,-0.542,0.558,-0.033,-2.205,-2.973,0.105,-0.808,0.188,-0.3,1.355,-1.454,0.44,-3.375,1.707,1.811,1.926,-0.115,1.011,-1.609,2.195,2.329,-2.834,-4.028,1.104,0.058,1.158,0.566,0.142,-0.644,0.253,-0.135,0.592,-2.689,2.294,2.497,1.359,-0.727,2.95,3.211,1.719,0.806,1.802,1.314,1.056,0.271,1.167,0.779,3.788,3.888,4.871,4.999,0.211,0.315,-0.017,0.187,-0.15,-0.05
2021-11-11,CTD3,4181698,695238,0.0072509954,0.010443579,0.011715255,0.001971664,0.0013467015,0.00033457228,0.00032676777,0.00012700181,0.007243055,0.010394101,0.011684691,0.001965195,0.0013387705,0.00034128033,0.10943929,-2.878e-42,0.919,-0.18,42.159,-0.235,52.553,0.572,-369.274,0.687,-604.643,-0.057,10.394,0.682,-411.433,0.772,-646.802,0.712,-421.827,0.794,-657.196,0.188,-235.369,0.494,0.083,0.057,0.549,0.104,0.071,-3.857,-4.326,-0.497,-6.315,-7.084,-1.192,0.075,0.02,0.014,-2.983,-4.82,-0.554,-4.69,-7.577,-1.275,-3.059,-4.405,-0.568,-4.765,-6.863,-1.296,-1.707,-2.458,-2.757,-0.233,-0.244,-0.962,-0.36,-0.379,-1.345,0.238,0.448,0.404,0.266,0.476,0.431,-0.138,-0.148,-0.383,0.447,0.985,0.649,0.48,0.986,0.665,0.551,1.133,0.826,0.586,1.124,0.835,0.035,0.033,0.028,-5.248,-8.005,0.526,-0.77,0.579,0.011,-4.678,-7.136,0.43,-0.845,0.49,-0.064,2.786,-4.077,2.556,-5.022,3.549,3.563,4.493,0.087,4.262,-0.558,5.195,5.216,-4.502,-7.259,1.272,-0.024,1.325,0.757,0.62,-0.573,0.706,0.208,3.681,-3.402,5.111,5.182,6.139,1.813,7.483,7.587,1.427,0.152,1.487,0.933,0.85,-0.342,0.936,0.439,5.756,5.813,8.427,8.51,0.143,0.157,0.003,0.074,-0.017,0.039,-0.179,41.855,-0.235,52.481,0.573,-370.792,0.688,-608.891,-0.058,10.626,0.682,-412.647,0.772,-650.746,0.712,-423.273,0.794,-661.372,0.19,-238.099,0.489,0.082,0.056,0.545,0.103,0.07,-3.854,-4.333,-0.496,-6.329,-7.115,-1.197,0.077,0.021,0.014,-2.989,-4.822,-0.552,-4.713,-7.604,-1.279,-3.066,-4.4,-0.567,-4.79,-6.874,-1.3,-1.725,-2.475,-2.782,-0.231,-0.242,-0.954,-0.359,-0.379,-1.344,0.239,0.45,0.405,0.267,0.478,0.433,-0.14,-0.15,-0.391,0.445,0.982,0.647,0.478,0.983,0.663,0.551,1.133,0.828,0.587,1.124,0.837,0.036,0.033,0.028,-5.249,-8.031,0.529,-0.771,0.582,0.016,-4.669,-7.144,0.431,-0.848,0.491,-0.061,2.796,-4.078,2.562,-5.042,3.557,3.571,4.521,0.121,4.286,-0.536,5.221,5.242,-4.511,-7.293,1.267,-0.033,1.32,0.754,0.618,-0.578,0.705,0.208,3.676,-3.439,5.104,5.175,6.151,1.818,7.493,7.596,1.424,0.145,1.484,0.932,0.853,-0.344,0.939,0.443,5.761,5.817,8.457,8.539,0.143,0.157,0.004,0.074,-0.017,0.039
2021-11-11,CTD4,4180266,698264,0.007723891,0.011469823,0.016796445,0.0034533094,0.0026915593,0.0006027364,0.000593826,0.00022835584,0.00772932,0.011305219,0.016924974,0.0035846669,0.00252724,0.00064174976,0.23387955,-2.878e-42,0.856,-0.195,42.283,-0.37,69.932,0.382,-160.109,0.483,-242.063,-0.188,27.649,0.537,-202.392,0.62,-284.347,0.659,-230.041,0.724,-311.995,0.124,-81.955,0.71,0.146,0.114,0.802,0.241,0.188,-1.836,-2.689,-0.431,-2.776,-4.066,-0.836,0.214,0.095,0.074,-1.563,-3.399,-0.545,-2.196,-4.776,-0.982,-1.777,-2.639,-0.619,-2.41,-3.579,-1.077,-0.633,-0.94,-1.377,-0.185,-0.192,-0.61,-0.608,-0.641,-1.476,0.151,0.302,0.219,0.178,0.337,0.249,-0.477,-0.511,-0.867,0.327,0.77,0.411,0.358,0.785,0.433,0.695,1.281,0.942,0.735,1.262,0.945,0.04,0.031,0.027,-4.19,-5.567,0.468,-0.61,0.513,-0.106,-2.862,-3.802,0.159,-0.823,0.225,-0.32,1.554,-2.025,0.772,-4.004,2.002,2.076,2.187,-0.452,1.405,-1.994,2.569,2.664,-3.379,-4.755,1.279,0.202,1.325,0.706,0.236,-0.6,0.334,-0.097,1.147,-2.919,2.973,3.161,2.087,-0.602,3.814,4.056,1.874,0.892,1.94,1.395,1.017,0.181,1.116,0.685,4.515,4.629,5.793,5.939,0.212,0.287,-0.047,0.141,-0.143,-0.029,-0.188,40.923,-0.373,70.293,0.366,-149.588,0.507,-266.311,-0.199,29.37,0.519,-190.511,0.635,-307.234,0.65,-219.882,0.74,-336.604,0.173,-116.723,0.693,0.147,0.103,0.795,0.252,0.178,-1.691,-2.532,-0.378,-3.011,-4.507,-0.955,0.227,0.105,0.074,-1.473,-3.224,-0.481,-2.375,-5.2,-1.101,-1.7,-2.486,-0.556,-2.602,-3.805,-1.207,-0.902,-1.32,-1.976,-0.174,-0.184,-0.585,-0.618,-0.665,-1.505,0.147,0.3,0.213,0.184,0.349,0.254,-0.497,-0.548,-0.919,0.313,0.753,0.397,0.356,0.776,0.428,0.701,1.301,0.964,0.756,1.273,0.967,0.056,0.043,0.037,-4.038,-6.013,0.472,-0.735,0.534,-0.021,-2.697,-4.017,0.14,-0.962,0.233,-0.248,1.488,-2.317,0.659,-4.541,1.933,2.007,2.39,-0.095,1.561,-1.663,2.741,2.847,-3.259,-5.234,1.251,0.044,1.313,0.758,0.204,-0.75,0.341,-0.037,0.964,-3.543,2.827,3.004,2.284,-0.248,4.01,4.262,1.873,0.771,1.966,1.485,1.033,0.079,1.17,0.792,4.395,4.498,6.233,6.38,0.24,0.314,-0.01,0.168,-0.115,-0.012
2021-11-11,CTD6,4176009,695829,0.0053934413,0.008782625,0.013504712,0.002796146,0.0020355398,0.00046853564,0.00045610752,0.00017845935,0.005380671,0.008680347,0.013576792,0.0028564793,0.0019617402,0.00048683397,0.1798312,-2.878e-42,0.843,-0.239,71.549,-0.429,111.362,0.317,-172.225,0.452,-305.86,-0.212,39.813,0.517,-243.774,0.624,-377.409,0.657,-283.587,0.738,-417.222,0.157,-133.635,0.966,0.2,0.146,0.978,0.311,0.227,-1.513,-2.326,-0.351,-2.686,-4.131,-0.855,0.215,0.111,0.081,-1.315,-3.292,-0.496,-2.036,-5.097,-1.055,-1.53,-2.491,-0.577,-2.25,-3.664,-1.167,-0.721,-1.174,-1.805,-0.208,-0.218,-0.701,-0.701,-0.75,-1.679,0.117,0.24,0.167,0.151,0.29,0.206,-0.577,-0.636,-0.977,0.317,0.806,0.385,0.357,0.824,0.414,0.755,1.441,0.99,0.809,1.4,0.991,0.054,0.04,0.034,-4.216,-6.02,0.407,-0.76,0.463,-0.114,-2.742,-3.915,0.081,-0.974,0.168,-0.329,1.279,-2.386,0.391,-4.706,1.697,1.778,1.999,-0.491,1.112,-2.18,2.331,2.443,-3.201,-5.006,1.421,0.255,1.478,0.9,0.132,-0.723,0.273,-0.078,0.637,-3.493,2.764,2.99,1.811,-0.515,3.796,4.108,2.186,1.13,2.272,1.776,1.019,0.164,1.16,0.81,4.452,4.598,6.116,6.316,0.287,0.368,-0.059,0.168,-0.17,-0.025,-0.235,70.648,-0.432,112.195,0.306,-164.231,0.466,-323.901,-0.22,41.548,0.505,-234.879,0.631,-394.549,0.652,-276.426,0.747,-436.096,0.186,-159.67,0.959,0.202,0.139,0.974,0.32,0.22,-1.426,-2.23,-0.322,-2.812,-4.398,-0.925,0.224,0.119,0.082,-1.264,-3.189,-0.461,-2.123,-5.357,-1.127,-1.487,-2.399,-0.542,-2.346,-3.785,-1.246,-0.859,-1.386,-2.168,-0.201,-0.212,-0.685,-0.71,-0.77,-1.701,0.113,0.237,0.162,0.154,0.296,0.208,-0.594,-0.667,-1.016,0.307,0.793,0.375,0.354,0.816,0.409,0.762,1.46,1.007,0.826,1.41,1.007,0.064,0.047,0.04,-4.133,-6.301,0.409,-0.836,0.475,-0.067,-2.643,-4.029,0.067,-1.06,0.17,-0.29,1.244,-2.541,0.32,-5.037,1.658,1.739,2.103,-0.296,1.179,-2.01,2.414,2.532,-3.14,-5.308,1.403,0.157,1.469,0.926,0.108,-0.817,0.275,-0.047,0.516,-3.882,2.674,2.894,1.902,-0.328,3.894,4.214,2.194,1.067,2.297,1.836,1.033,0.108,1.199,0.877,4.388,4.527,6.39,6.592,0.305,0.386,-0.036,0.185,-0.154,-0.016
2021-11-11,CTD7,4176724,690397,0.01265989,0.021192688,0.034827124,0.009889423,0.0069582886,0.0016199852,0.0015951995,0.0006236471,0.012626503,0.021178981,0.034973226,0.010270672,0.006894479,0.0016158475,0.16389291,-8.000000000000001e-45,0.921,-0.252,31.804,-0.467,50.276,0.123,-22.129,0.291,-64.724,-0.243,18.473,0.364,-53.932,0.506,-96.527,0.558,-72.405,0.667,-115.0,0.174,-42.595,1.108,0.315,0.221,1.065,0.497,0.35,-0.469,-0.771,-0.154,-1.372,-2.254,-0.64,0.234,0.183,0.129,-0.683,-1.878,-0.375,-1.222,-3.362,-0.955,-0.917,-1.534,-0.504,-1.456,-2.437,-1.137,-0.539,-0.903,-1.483,-0.191,-0.204,-0.506,-0.713,-0.787,-1.316,0.049,0.098,0.066,0.102,0.183,0.128,-0.605,-0.695,-0.809,0.238,0.576,0.271,0.3,0.631,0.318,0.737,1.271,0.886,0.823,1.236,0.897,0.087,0.062,0.052,-2.924,-4.408,0.313,-0.824,0.398,-0.106,-1.779,-2.682,-0.103,-1.058,0.035,-0.34,0.672,-1.766,-0.363,-3.725,0.952,1.08,1.211,-0.324,0.176,-1.702,1.353,1.535,-1.848,-3.331,1.39,0.253,1.474,0.97,-0.173,-0.813,0.059,-0.095,-0.608,-2.862,1.593,1.943,0.295,-0.476,2.265,2.762,2.284,1.33,2.423,2.047,0.862,0.222,1.094,0.94,2.972,3.193,4.224,4.538,0.453,0.581,-0.083,0.267,-0.266,-0.044,-0.253,31.982,-0.469,50.605,0.103,-18.166,0.294,-65.845,-0.246,18.623,0.347,-50.148,0.509,-97.827,0.546,-68.771,0.671,-116.45,0.197,-47.679,1.119,0.328,0.22,1.072,0.52,0.349,-0.385,-0.635,-0.125,-1.395,-2.303,-0.676,0.235,0.191,0.128,-0.633,-1.754,-0.346,-1.235,-3.421,-1.005,-0.868,-1.457,-0.474,-1.47,-2.466,-1.196,-0.602,-1.01,-1.667,-0.189,-0.204,-0.498,-0.711,-0.796,-1.302,0.042,0.084,0.056,0.102,0.182,0.127,-0.602,-0.707,-0.804,0.229,0.559,0.261,0.3,0.624,0.316,0.731,1.265,0.88,0.831,1.226,0.893,0.1,0.071,0.06,-2.809,-4.476,0.303,-0.894,0.399,-0.075,-1.701,-2.711,-0.124,-1.129,0.035,-0.31,0.624,-1.843,-0.422,-3.843,0.904,1.032,1.226,-0.231,0.18,-1.574,1.346,1.538,-1.728,-3.395,1.384,0.188,1.48,1.006,-0.208,-0.884,0.06,-0.066,-0.708,-3.011,1.516,1.865,0.302,-0.333,2.258,2.778,2.285,1.28,2.444,2.099,0.838,0.162,1.105,0.98,2.859,3.08,4.259,4.588,0.488,0.616,-0.061,0.288,-0.252,-0.032
2021-11-11,CTD8,4174178,693048,0.010037762,0.01584338,0.0257164,0.0068194824,0.0052356296,0.001190496,0.0011783243,0.00045639175,0.010027124,0.015687523,0.025903298,0.0071295183,0.004986062,0.0012339446,0.2503884,-8.000000000000001e-45,0.87,-0.224,36.506,-0.439,60.738,0.191,-47.015,0.314,-91.375,-0.238,24.232,0.398,-83.521,0.503,-127.881,0.581,-107.753,0.662,-152.113,0.131,-44.36,0.939,0.249,0.191,0.962,0.414,0.318,-0.745,-1.209,-0.246,-1.448,-2.35,-0.623,0.243,0.165,0.127,-0.838,-2.148,-0.437,-1.284,-3.289,-0.872,-1.082,-1.707,-0.564,-1.527,-2.41,-1.037,-0.445,-0.703,-1.141,-0.178,-0.188,-0.482,-0.692,-0.744,-1.301,0.077,0.153,0.104,0.116,0.212,0.148,-0.586,-0.646,-0.819,0.252,0.591,0.292,0.297,0.629,0.326,0.73,1.237,0.896,0.791,1.215,0.904,0.061,0.044,0.038,-3.137,-4.278,0.368,-0.669,0.43,-0.134,-1.933,-2.636,-0.04,-0.912,0.06,-0.377,0.856,-1.554,-0.151,-3.44,1.141,1.268,1.301,-0.406,0.294,-1.854,1.487,1.652,-2.193,-3.333,1.313,0.276,1.375,0.811,-0.063,-0.686,0.094,-0.152,-0.239,-2.589,1.802,2.12,0.464,-0.745,2.347,2.761,2.132,1.259,2.232,1.794,0.944,0.321,1.102,0.855,3.249,3.441,4.232,4.481,0.349,0.476,-0.091,0.227,-0.256,-0.065,-0.22,35.985,-0.442,61.124,0.169,-40.532,0.336,-100.83,-0.246,25.14,0.375,-76.517,0.518,-136.814,0.568,-101.657,0.677,-161.954,0.177,-60.297,0.932,0.257,0.179,0.959,0.436,0.305,-0.636,-1.05,-0.202,-1.582,-2.612,-0.719,0.252,0.179,0.125,-0.767,-1.982,-0.382,-1.372,-3.544,-0.975,-1.019,-1.595,-0.507,-1.624,-2.541,-1.155,-0.605,-0.946,-1.562,-0.171,-0.183,-0.467,-0.696,-0.768,-1.31,0.07,0.14,0.094,0.121,0.221,0.153,-0.595,-0.68,-0.843,0.238,0.57,0.277,0.298,0.624,0.324,0.73,1.25,0.908,0.813,1.219,0.917,0.083,0.06,0.052,-2.994,-4.556,0.364,-0.791,0.447,-0.06,-1.813,-2.759,-0.067,-1.043,0.069,-0.312,0.801,-1.74,-0.245,-3.789,1.089,1.214,1.405,-0.189,0.36,-1.622,1.557,1.736,-2.069,-3.631,1.289,0.135,1.372,0.865,-0.105,-0.824,0.108,-0.094,-0.383,-2.995,1.703,2.008,0.563,-0.487,2.435,2.871,2.129,1.153,2.265,1.884,0.94,0.221,1.154,0.952,3.136,3.315,4.484,4.741,0.393,0.519,-0.043,0.262,-0.222,-0.043
2021-11-11,CTD10,4170388,695646,0.014342088,0.020909104,0.027555374,0.007314881,0.005004445,0.001242166,0.0012319826,0.00048595766,0.014347534,0.02087924,0.027660156,0.0075399824,0.0050705,0.0012295,0.12458389,-8.000000000000001e-45,0.873,-0.186,21.899,-0.315,33.434,0.324,-66.983,0.483,-130.098,-0.137,11.535,0.482,-88.882,0.614,-151.996,0.58,-100.417,0.693,-163.532,0.188,-63.115,0.603,0.16,0.11,0.699,0.245,0.167,-1.401,-1.846,-0.335,-2.72,-3.585,-0.952,0.165,0.084,0.058,-1.275,-2.449,-0.445,-2.18,-4.188,-1.112,-1.44,-2.1,-0.503,-2.345,-3.419,-1.196,-0.905,-1.32,-1.739,-0.188,-0.202,-0.533,-0.468,-0.51,-1.073,0.145,0.271,0.216,0.193,0.331,0.268,-0.307,-0.344,-0.539,0.324,0.703,0.418,0.38,0.734,0.456,0.574,1.046,0.781,0.64,1.041,0.799,0.066,0.055,0.048,-3.081,-4.82,0.42,-0.776,0.504,0.002,-2.338,-3.658,0.171,-0.941,0.281,-0.164,1.202,-2.217,0.643,-3.546,1.721,1.779,2.107,0.007,1.548,-0.901,2.516,2.6,-2.309,-4.048,1.192,-0.004,1.276,0.774,0.249,-0.703,0.41,0.075,0.937,-2.648,2.509,2.677,2.257,0.411,3.668,3.913,1.571,0.46,1.682,1.237,0.808,-0.144,0.969,0.634,3.418,3.528,4.996,5.156,0.271,0.328,0.001,0.168,-0.083,0.026,-0.185,21.804,-0.317,33.545,0.311,-62.928,0.478,-127.521,-0.14,11.741,0.469,-84.732,0.609,-149.325,0.572,-96.473,0.69,-161.066,0.196,-64.593,0.603,0.164,0.111,0.7,0.253,0.17,-1.314,-1.741,-0.319,-2.663,-3.527,-0.962,0.168,0.089,0.06,-1.216,-2.344,-0.43,-2.142,-4.13,-1.126,-1.384,-2.014,-0.489,-2.311,-3.363,-1.214,-0.927,-1.349,-1.787,-0.186,-0.2,-0.518,-0.468,-0.513,-1.056,0.14,0.262,0.208,0.191,0.326,0.264,-0.31,-0.349,-0.538,0.318,0.687,0.408,0.376,0.722,0.449,0.571,1.036,0.775,0.641,1.032,0.795,0.07,0.059,0.051,-2.981,-4.768,0.415,-0.8,0.504,0.015,-2.25,-3.599,0.158,-0.968,0.276,-0.154,1.148,-2.215,0.578,-3.552,1.66,1.72,2.075,0.06,1.505,-0.839,2.468,2.557,-2.213,-4.0,1.183,-0.032,1.272,0.783,0.229,-0.732,0.401,0.082,0.841,-2.686,2.416,2.586,2.19,0.449,3.592,3.845,1.567,0.441,1.685,1.255,0.799,-0.162,0.971,0.652,3.315,3.426,4.93,5.094,0.283,0.342,0.008,0.178,-0.081,0.03
2021-11-11,CTD11,4169609,700351,0.0054746834,0.008984172,0.013989061,0.0030074287,0.0021711877,0.00050219503,0.00049213436,0.00019281734,0.0054644938,0.008887407,0.014065187,0.0030750146,0.0021055634,0.00051960675,0.17008041,-2.878e-42,0.851,-0.243,71.352,-0.437,111.175,0.291,-149.851,0.432,-277.918,-0.218,39.822,0.498,-221.203,0.611,-349.271,0.646,-261.026,0.731,-389.093,0.161,-128.067,0.998,0.215,0.155,0.999,0.334,0.241,-1.346,-2.096,-0.325,-2.497,-3.888,-0.836,0.218,0.12,0.086,-1.211,-3.094,-0.48,-1.912,-4.886,-1.05,-1.429,-2.345,-0.567,-2.13,-3.496,-1.17,-0.701,-1.151,-1.792,-0.206,-0.217,-0.678,-0.71,-0.763,-1.644,0.107,0.221,0.153,0.144,0.275,0.194,-0.59,-0.655,-0.966,0.307,0.782,0.37,0.35,0.803,0.401,0.76,1.436,0.984,0.817,1.393,0.986,0.058,0.043,0.036,-4.042,-5.834,0.394,-0.776,0.454,-0.113,-2.596,-3.747,0.057,-0.994,0.15,-0.331,1.178,-2.318,0.263,-4.623,1.579,1.665,1.879,-0.466,0.964,-2.13,2.187,2.307,-3.01,-4.802,1.426,0.256,1.486,0.919,0.093,-0.743,0.246,-0.08,0.432,-3.456,2.591,2.832,1.583,-0.514,3.589,3.923,2.22,1.17,2.314,1.833,1.008,0.172,1.16,0.835,4.255,4.41,5.894,6.108,0.308,0.394,-0.062,0.18,-0.182,-0.027,-0.238,70.481,-0.44,111.902,0.28,-142.202,0.444,-291.933,-0.226,41.421,0.486,-212.683,0.617,-362.414,0.641,-254.104,0.74,-403.835,0.187,-149.731,0.991,0.217,0.148,0.995,0.344,0.236,-1.264,-2.0,-0.299,-2.595,-4.106,-0.898,0.226,0.127,0.087,-1.162,-2.991,-0.448,-1.98,-5.097,-1.114,-1.389,-2.258,-0.535,-2.207,-3.589,-1.242,-0.818,-1.331,-2.106,-0.2,-0.212,-0.661,-0.719,-0.782,-1.66,0.104,0.217,0.148,0.146,0.281,0.196,-0.606,-0.684,-0.999,0.298,0.768,0.359,0.347,0.794,0.396,0.766,1.452,1.0,0.833,1.401,1.0,0.068,0.05,0.042,-3.959,-6.065,0.396,-0.846,0.465,-0.07,-2.502,-3.832,0.043,-1.072,0.152,-0.296,1.145,-2.444,0.194,-4.903,1.54,1.627,1.963,-0.295,1.013,-1.979,2.249,2.377,-2.948,-5.054,1.408,0.166,1.477,0.942,0.069,-0.829,0.247,-0.053,0.316,-3.79,2.505,2.74,1.647,-0.353,3.658,4.002,2.228,1.113,2.337,1.889,1.02,0.122,1.197,0.898,4.189,4.337,6.117,6.334,0.326,0.413,-0.039,0.196,-0.167,-0.018
2021-11-11,CTD12,4173438,695414,0.0049944217,0.008199476,0.01288064,0.0028441262,0.00202621,0.0004677397,0.00045846557,0.00018019389,0.0049825027,0.008110423,0.012950138,0.00290576,0.0019712981,0.00048178024,0.15946561,-2.878e-42,0.823,-0.243,78.264,-0.441,122.587,0.274,-151.378,0.423,-293.309,-0.222,44.323,0.485,-229.643,0.604,-371.573,0.638,-273.966,0.728,-415.896,0.168,-141.93,1.008,0.223,0.159,1.005,0.349,0.248,-1.241,-1.95,-0.307,-2.405,-3.778,-0.834,0.221,0.126,0.09,-1.147,-2.958,-0.465,-1.856,-4.786,-1.057,-1.368,-2.246,-0.555,-2.077,-3.41,-1.183,-0.709,-1.164,-1.828,-0.204,-0.215,-0.658,-0.714,-0.771,-1.619,0.102,0.21,0.144,0.141,0.269,0.189,-0.597,-0.667,-0.961,0.3,0.763,0.359,0.345,0.788,0.393,0.761,1.43,0.982,0.823,1.385,0.983,0.062,0.046,0.039,-3.92,-5.748,0.388,-0.795,0.452,-0.103,-2.495,-3.659,0.041,-1.016,0.141,-0.325,1.119,-2.291,0.185,-4.601,1.509,1.599,1.828,-0.418,0.894,-2.064,2.118,2.244,-2.887,-4.715,1.421,0.238,1.484,0.929,0.067,-0.767,0.231,-0.076,0.304,-3.474,2.477,2.726,1.468,-0.482,3.477,3.826,2.232,1.175,2.332,1.867,1.001,0.167,1.165,0.858,4.123,4.282,5.788,6.01,0.322,0.412,-0.059,0.19,-0.185,-0.026,-0.239,77.404,-0.444,123.483,0.263,-143.442,0.433,-306.578,-0.23,46.079,0.472,-220.846,0.609,-383.982,0.633,-266.925,0.736,-430.061,0.192,-163.136,1.002,0.225,0.153,1.002,0.359,0.243,-1.163,-1.858,-0.283,-2.486,-3.97,-0.891,0.23,0.134,0.091,-1.1,-2.86,-0.435,-1.913,-4.973,-1.116,-1.33,-2.165,-0.526,-2.143,-3.488,-1.25,-0.813,-1.323,-2.113,-0.197,-0.21,-0.641,-0.723,-0.79,-1.634,0.099,0.206,0.139,0.143,0.273,0.19,-0.614,-0.696,-0.992,0.29,0.748,0.349,0.342,0.778,0.387,0.767,1.444,0.996,0.839,1.392,0.997,0.071,0.052,0.044,-3.842,-5.955,0.39,-0.86,0.462,-0.064,-2.406,-3.73,0.026,-1.089,0.142,-0.294,1.088,-2.4,0.118,-4.855,1.472,1.562,1.901,-0.264,0.931,-1.929,2.169,2.303,-2.829,-4.942,1.403,0.154,1.476,0.949,0.043,-0.848,0.231,-0.052,0.192,-3.778,2.396,2.639,1.515,-0.342,3.531,3.89,2.241,1.125,2.356,1.921,1.014,0.123,1.201,0.918,4.061,4.214,5.986,6.211,0.34,0.431,-0.037,0.206,-0.171,-0.019
2021-12-01,CTD1,4187246,695025,0.008648634,0.011263845,0.018085694,0.005511444,0.0061953953,0.0015225306,0.0015467139,0.0005829813,0.008683596,0.010983187,0.01831553,0.0057148384,0.0051468485,0.0016837439,0.7350232,-8.000000000000001e-45,0.437,-0.131,26.846,-0.353,60.333,0.222,-65.815,0.165,-45.785,-0.232,33.487,0.343,-92.661,0.29,-72.631,0.533,-126.148,0.49,-106.118,-0.058,20.03,0.486,0.148,0.166,0.68,0.333,0.374,-0.741,-1.19,-0.408,-0.516,-0.828,-0.252,0.29,0.185,0.207,-0.801,-1.676,-0.574,-0.628,-1.314,-0.4,-1.091,-1.421,-0.782,-0.918,-1.195,-0.585,0.173,0.226,0.362,-0.111,-0.108,-0.223,-0.563,-0.541,-0.806,0.107,0.18,0.129,0.084,0.146,0.104,-0.482,-0.46,-0.583,0.215,0.388,0.237,0.19,0.358,0.215,0.631,0.847,0.72,0.597,0.84,0.709,-0.034,-0.026,-0.023,-2.514,-2.151,0.463,-0.122,0.425,-0.356,-1.566,-1.34,-0.011,-0.411,-0.072,-0.646,0.946,-0.249,-0.036,-1.35,1.019,1.227,0.773,-0.648,-0.21,-1.886,0.907,1.091,-1.979,-1.617,0.998,0.413,0.96,0.178,-0.014,-0.267,-0.094,-0.501,-0.047,-0.875,1.327,1.701,-0.273,-1.463,1.181,1.513,1.602,1.202,1.541,0.967,0.968,0.716,0.889,0.482,2.565,2.731,2.282,2.43,0.087,0.295,-0.227,0.147,-0.412,-0.245,-0.117,24.111,-0.357,60.561,0.206,-59.823,0.256,-79.134,-0.25,36.45,0.316,-83.935,0.362,-103.245,0.524,-120.385,0.561,-139.695,0.052,-19.311,0.442,0.138,0.124,0.665,0.346,0.312,-0.657,-1.096,-0.308,-0.869,-1.449,-0.452,0.317,0.208,0.188,-0.729,-1.537,-0.432,-0.897,-1.891,-0.59,-1.045,-1.322,-0.62,-1.213,-1.534,-0.798,-0.168,-0.212,-0.354,-0.096,-0.098,-0.212,-0.577,-0.597,-0.887,0.101,0.184,0.127,0.121,0.212,0.147,-0.509,-0.53,-0.675,0.195,0.381,0.225,0.216,0.405,0.243,0.641,0.911,0.781,0.67,0.915,0.789,0.029,0.021,0.019,-2.414,-2.768,0.479,-0.32,0.51,-0.11,-1.448,-1.66,-0.046,-0.636,0.005,-0.427,0.92,-0.614,-0.148,-2.039,1.051,1.238,1.088,-0.235,0.02,-1.518,1.167,1.375,-1.94,-2.294,0.953,0.154,0.984,0.364,-0.058,-0.511,0.007,-0.301,-0.187,-1.637,1.329,1.641,0.025,-1.071,1.476,1.822,1.589,0.999,1.641,1.209,1.009,0.557,1.075,0.767,2.612,2.736,2.9,3.038,0.19,0.377,-0.072,0.239,-0.281,-0.157
2021-12-01,CTD2,4181518,693105,0.0053700167,0.007614989,0.005799888,0.00070090493,0.00047500426,0.000118684686,0.00011235832,4.2145228e-05,0.0053375605,0.0076370914,0.005773298,0.0006972164,0.00045870396,0.00012021342,0.04432498,-2.878e-42,0.542,-0.173,54.899,-0.038,13.802,0.769,-1240.508,0.837,-1919.025,0.135,-41.097,0.831,-1295.407,0.883,-1973.924,0.784,-1254.31,0.849,-1932.827,0.192,-678.517,0.318,0.038,0.026,0.105,0.01,0.007,-9.446,-7.195,-0.589,-14.613,-11.13,-1.345,-0.221,-0.029,-0.02,-6.956,-7.513,-0.615,-10.6,-11.449,-1.384,-6.736,-9.552,-0.596,-10.379,-14.718,-1.355,-3.644,-5.167,-3.935,-0.345,-0.358,-1.909,-0.052,-0.053,-0.366,0.348,0.577,0.744,0.365,0.589,0.753,0.299,0.311,1.544,0.619,1.183,1.102,0.639,1.176,1.098,0.393,0.872,0.63,0.41,0.877,0.64,0.017,0.02,0.017,-7.57,-11.505,0.584,-0.77,0.623,0.027,-9.939,-15.106,0.834,-0.55,0.864,0.248,6.349,-8.37,6.9,-4.549,7.599,7.58,9.992,0.441,10.544,3.03,11.213,11.184,-6.857,-10.792,1.297,-0.058,1.336,0.74,1.182,-0.163,1.224,0.635,9.784,-1.346,10.776,10.783,14.951,7.757,15.901,15.911,0.988,-0.396,1.018,0.402,0.631,-0.714,0.673,0.084,8.186,8.212,12.08,12.118,0.068,0.049,0.004,0.01,0.032,0.058,-0.177,56.412,-0.039,14.14,0.769,-1246.923,0.842,-1992.704,0.139,-42.271,0.833,-1303.335,0.887,-2049.115,0.784,-1261.064,0.853,-2006.844,0.206,-745.78,0.326,0.039,0.026,0.108,0.01,0.006,-9.523,-7.199,-0.572,-15.218,-11.504,-1.389,-0.226,-0.029,-0.019,-6.957,-7.525,-0.598,-10.937,-11.83,-1.429,-6.731,-9.631,-0.578,-10.712,-15.326,-1.399,-3.981,-5.696,-4.306,-0.355,-0.369,-1.989,-0.052,-0.054,-0.377,0.346,0.573,0.745,0.364,0.585,0.754,0.309,0.322,1.612,0.625,1.197,1.114,0.646,1.19,1.109,0.391,0.876,0.627,0.41,0.881,0.638,0.018,0.021,0.018,-7.582,-11.887,0.578,-0.821,0.619,0.041,-10.029,-15.725,0.833,-0.595,0.864,0.267,6.333,-8.994,6.9,-4.931,7.595,7.576,10.313,0.682,10.88,3.356,11.545,11.515,-6.85,-11.155,1.31,-0.089,1.351,0.773,1.192,-0.197,1.237,0.665,9.872,-1.632,10.868,10.874,15.568,8.369,16.519,16.529,0.99,-0.438,1.022,0.424,0.625,-0.764,0.67,0.098,8.195,8.22,12.455,12.495,0.071,0.051,0.005,0.012,0.035,0.061
2021-12-01,CTD3,4181698,695238,0.012956472,0.014704959,0.019760191,0.01031571,0.012041467,0.003715767,0.003719053,0.0014806766,0.012797469,0.014454156,0.019754829,0.01030337,0.010308187,0.0038090462,0.97447646,-8.000000000000001e-45,0.587,-0.063,9.177,-0.208,26.575,0.113,-19.758,0.037,-5.865,-0.147,17.397,0.175,-28.935,0.1,-15.042,0.314,-46.333,0.243,-32.44,-0.077,13.893,0.181,0.095,0.111,0.391,0.274,0.32,-0.291,-0.39,-0.238,-0.086,-0.116,-0.061,0.225,0.179,0.209,-0.375,-0.572,-0.348,-0.195,-0.297,-0.155,-0.6,-0.681,-0.558,-0.42,-0.477,-0.335,0.18,0.204,0.275,-0.058,-0.055,-0.078,-0.272,-0.254,-0.304,0.077,0.099,0.083,0.027,0.037,0.03,-0.217,-0.202,-0.226,0.134,0.176,0.138,0.081,0.114,0.089,0.341,0.378,0.353,0.279,0.332,0.308,-0.062,-0.053,-0.05,-1.034,-0.76,0.359,0.024,0.272,-0.286,-0.77,-0.566,-0.046,-0.201,-0.163,-0.512,0.512,0.035,-0.088,-0.385,0.437,0.647,0.332,-0.35,-0.268,-0.84,0.374,0.554,-0.781,-0.506,0.613,0.278,0.526,-0.032,-0.052,-0.113,-0.185,-0.423,-0.1,-0.216,0.496,0.816,-0.304,-0.694,0.425,0.699,0.824,0.668,0.706,0.358,0.548,0.487,0.414,0.176,0.986,1.097,0.845,0.939,-0.023,0.187,-0.228,0.092,-0.407,-0.297,-0.061,8.956,-0.214,27.52,0.108,-18.915,0.108,-18.87,-0.155,18.564,0.168,-27.871,0.167,-27.826,0.314,-46.435,0.314,-46.39,-0.0,0.045,0.177,0.092,0.092,0.398,0.284,0.284,-0.273,-0.374,-0.195,-0.273,-0.373,-0.194,0.238,0.191,0.191,-0.357,-0.551,-0.287,-0.356,-0.55,-0.287,-0.594,-0.671,-0.479,-0.594,-0.671,-0.478,0.001,0.001,0.001,-0.055,-0.055,-0.08,-0.281,-0.281,-0.338,0.073,0.101,0.083,0.073,0.101,0.083,-0.229,-0.229,-0.257,0.128,0.18,0.138,0.127,0.179,0.138,0.347,0.409,0.382,0.347,0.409,0.382,-0.0,-0.0,-0.0,-1.032,-1.031,0.364,-0.114,0.364,-0.115,-0.755,-0.754,-0.065,-0.352,-0.065,-0.353,0.51,-0.16,-0.125,-0.674,0.529,0.72,0.51,-0.161,-0.125,-0.676,0.529,0.72,-0.788,-0.787,0.608,0.13,0.608,0.129,-0.073,-0.268,-0.074,-0.269,-0.141,-0.514,0.597,0.881,-0.141,-0.515,0.597,0.881,0.831,0.544,0.83,0.543,0.562,0.367,0.561,0.366,1.112,1.204,1.111,1.204,0.092,0.283,-0.093,0.191,-0.284,-0.192
2021-12-01,CTD4,4180266,698264,0.015812065,0.020845799,0.027011551,0.007159973,0.005607511,0.0013836343,0.0013471677,0.0005269492,0.01575028,0.02070616,0.027196256,0.007318728,0.0053103697,0.0014127372,0.2775813,-8.000000000000001e-45,0.858,-0.137,15.272,-0.262,26.222,0.377,-76.422,0.476,-115.089,-0.129,10.95,0.489,-91.694,0.576,-130.361,0.581,-102.644,0.656,-141.311,0.122,-38.667,0.413,0.109,0.086,0.547,0.188,0.147,-1.593,-2.064,-0.429,-2.399,-3.109,-0.824,0.173,0.078,0.061,-1.45,-2.477,-0.514,-2.061,-3.521,-0.933,-1.623,-2.14,-0.576,-2.234,-2.946,-1.012,-0.611,-0.806,-1.044,-0.147,-0.154,-0.394,-0.4,-0.423,-0.877,0.181,0.327,0.265,0.213,0.364,0.299,-0.268,-0.288,-0.483,0.32,0.639,0.42,0.356,0.663,0.446,0.542,0.927,0.75,0.584,0.932,0.764,0.042,0.036,0.032,-3.014,-4.059,0.493,-0.518,0.551,-0.025,-2.326,-3.132,0.242,-0.691,0.316,-0.198,1.437,-1.509,0.913,-2.609,1.939,2.001,2.048,-0.092,1.524,-0.953,2.476,2.555,-2.454,-3.499,1.053,0.041,1.111,0.535,0.319,-0.505,0.417,-0.011,1.203,-1.906,2.557,2.704,2.009,-0.055,3.265,3.452,1.365,0.431,1.439,0.925,0.843,0.019,0.941,0.513,3.418,3.504,4.364,4.474,0.184,0.245,-0.011,0.136,-0.09,-0.004,-0.136,15.196,-0.267,26.721,0.365,-73.145,0.496,-124.82,-0.135,11.525,0.478,-88.341,0.592,-140.016,0.576,-99.866,0.673,-151.541,0.159,-51.675,0.413,0.111,0.081,0.553,0.196,0.142,-1.515,-1.989,-0.388,-2.585,-3.395,-0.914,0.182,0.084,0.061,-1.391,-2.403,-0.469,-2.205,-3.808,-1.025,-1.573,-2.068,-0.53,-2.387,-3.138,-1.109,-0.814,-1.07,-1.405,-0.144,-0.152,-0.392,-0.408,-0.44,-0.906,0.176,0.324,0.259,0.218,0.373,0.302,-0.281,-0.308,-0.514,0.312,0.636,0.412,0.358,0.667,0.446,0.545,0.944,0.764,0.6,0.949,0.781,0.055,0.047,0.042,-2.955,-4.361,0.492,-0.618,0.565,0.035,-2.25,-3.32,0.226,-0.799,0.323,-0.146,1.391,-1.747,0.839,-2.969,1.896,1.957,2.205,0.137,1.653,-0.75,2.612,2.697,-2.401,-3.807,1.046,-0.064,1.119,0.589,0.297,-0.617,0.424,0.036,1.102,-2.292,2.492,2.634,2.172,0.183,3.435,3.63,1.373,0.349,1.47,1.001,0.849,-0.065,0.976,0.588,3.379,3.46,4.657,4.768,0.208,0.269,0.016,0.158,-0.068,0.013
2021-12-01,CTD6,4176009,695829,0.012772458,0.019992018,0.026270356,0.00465707,0.0032921066,0.0007869502,0.0007538931,0.00029126657,0.0127802985,0.019865815,0.026484132,0.004774023,0.0032411607,0.0008169237,0.15205923,-8.000000000000001e-45,0.776,-0.22,28.274,-0.346,40.228,0.466,-136.434,0.59,-225.463,-0.136,11.954,0.622,-164.707,0.717,-253.737,0.699,-176.662,0.777,-265.691,0.172,-89.03,0.743,0.132,0.093,0.804,0.187,0.132,-2.728,-3.584,-0.449,-4.507,-5.923,-1.05,0.153,0.056,0.039,-2.104,-4.327,-0.542,-3.241,-6.666,-1.182,-2.256,-3.532,-0.582,-3.394,-5.312,-1.237,-1.137,-1.78,-2.339,-0.233,-0.244,-0.908,-0.548,-0.58,-1.698,0.175,0.349,0.275,0.205,0.385,0.307,-0.36,-0.391,-0.79,0.393,0.955,0.519,0.428,0.958,0.54,0.66,1.345,0.928,0.701,1.318,0.932,0.042,0.035,0.03,-5.002,-7.341,0.462,-0.776,0.514,-0.068,-3.807,-5.587,0.253,-0.928,0.322,-0.221,1.982,-3.33,1.429,-5.237,2.578,2.617,3.119,-0.413,2.566,-1.761,3.647,3.702,-4.076,-6.415,1.388,0.151,1.44,0.858,0.396,-0.654,0.503,0.054,2.236,-3.687,4.035,4.168,4.016,0.432,5.708,5.895,1.824,0.642,1.892,1.35,0.949,-0.101,1.056,0.607,5.383,5.476,7.615,7.747,0.2,0.239,-0.025,0.108,-0.08,0.013,-0.217,27.908,-0.349,40.487,0.456,-131.222,0.595,-230.286,-0.143,12.579,0.612,-159.129,0.719,-258.194,0.695,-171.708,0.782,-270.773,0.191,-99.065,0.739,0.133,0.09,0.804,0.193,0.131,-2.607,-3.475,-0.425,-4.575,-6.099,-1.099,0.161,0.06,0.041,-2.034,-4.214,-0.516,-3.3,-6.838,-1.233,-2.194,-3.411,-0.557,-3.461,-5.379,-1.293,-1.266,-1.968,-2.624,-0.227,-0.238,-0.884,-0.556,-0.593,-1.71,0.173,0.346,0.269,0.206,0.387,0.305,-0.377,-0.413,-0.826,0.384,0.942,0.508,0.423,0.947,0.532,0.665,1.355,0.94,0.712,1.324,0.943,0.047,0.039,0.033,-4.904,-7.528,0.463,-0.83,0.521,-0.036,-3.679,-5.647,0.242,-0.99,0.319,-0.196,1.927,-3.452,1.344,-5.494,2.514,2.555,3.193,-0.218,2.61,-1.604,3.703,3.763,-3.993,-6.617,1.374,0.081,1.432,0.875,0.377,-0.723,0.496,0.071,2.089,-4.01,3.908,4.039,4.057,0.582,5.756,5.949,1.832,0.599,1.909,1.393,0.96,-0.14,1.08,0.654,5.294,5.384,7.798,7.931,0.21,0.251,-0.013,0.118,-0.073,0.017
2021-12-01,CTD7,4176724,690397,0.011912147,0.019445973,0.030339934,0.005843011,0.0042496463,0.0009386215,0.0008945892,0.000344962,0.011916803,0.019305073,0.030555485,0.0061245644,0.0040957713,0.0009814007,0.18907768,-8.000000000000001e-45,0.715,-0.24,32.523,-0.436,50.988,0.342,-87.197,0.474,-151.366,-0.219,18.465,0.538,-119.72,0.641,-183.889,0.677,-138.185,0.754,-202.354,0.158,-64.169,0.987,0.19,0.138,0.992,0.298,0.217,-1.696,-2.646,-0.371,-2.943,-4.592,-0.884,0.22,0.108,0.078,-1.426,-3.632,-0.509,-2.191,-5.579,-1.074,-1.646,-2.687,-0.587,-2.41,-3.935,-1.182,-0.764,-1.248,-1.947,-0.208,-0.218,-0.746,-0.729,-0.778,-1.826,0.122,0.256,0.175,0.154,0.303,0.212,-0.614,-0.674,-1.079,0.322,0.842,0.393,0.36,0.856,0.42,0.781,1.516,1.034,0.832,1.469,1.032,0.051,0.038,0.032,-4.58,-6.527,0.42,-0.762,0.473,-0.115,-2.935,-4.183,0.092,-0.982,0.174,-0.335,1.398,-2.537,0.478,-5.101,1.82,1.899,2.162,-0.525,1.243,-2.389,2.503,2.611,-3.56,-5.507,1.44,0.258,1.492,0.905,0.15,-0.734,0.284,-0.086,0.781,-3.811,2.971,3.188,2.029,-0.617,4.085,4.383,2.247,1.172,2.328,1.82,1.07,0.185,1.203,0.833,4.836,4.974,6.649,6.839,0.272,0.35,-0.056,0.16,-0.164,-0.026,-0.237,32.115,-0.439,51.188,0.321,-79.362,0.488,-160.239,-0.226,19.073,0.518,-111.477,0.65,-192.354,0.666,-130.55,0.764,-211.427,0.199,-80.877,0.981,0.197,0.132,0.988,0.314,0.21,-1.532,-2.425,-0.325,-3.093,-4.896,-0.981,0.227,0.117,0.078,-1.328,-3.406,-0.457,-2.292,-5.877,-1.178,-1.556,-2.52,-0.535,-2.52,-4.082,-1.295,-0.964,-1.561,-2.471,-0.201,-0.213,-0.723,-0.733,-0.796,-1.824,0.116,0.248,0.167,0.157,0.308,0.213,-0.624,-0.703,-1.101,0.31,0.823,0.38,0.358,0.843,0.415,0.782,1.526,1.044,0.847,1.467,1.041,0.065,0.048,0.041,-4.372,-6.843,0.417,-0.878,0.483,-0.051,-2.762,-4.323,0.073,-1.105,0.178,-0.279,1.314,-2.768,0.363,-5.515,1.734,1.812,2.278,-0.243,1.327,-2.079,2.592,2.709,-3.369,-5.84,1.42,0.125,1.486,0.951,0.118,-0.864,0.288,-0.037,0.588,-4.308,2.808,3.018,2.149,-0.276,4.199,4.513,2.247,1.069,2.352,1.895,1.069,0.087,1.239,0.914,4.645,4.777,6.946,7.143,0.302,0.38,-0.026,0.183,-0.143,-0.012
2021-12-01,CTD8,4174178,693048,0.009953657,0.015608808,0.024000762,0.004469532,0.0035602662,0.00077140046,0.0007565201,0.00028365807,0.009941727,0.015376218,0.024214165,0.0046851677,0.0032852062,0.00083132397,0.24107255,-2.878e-42,0.81,-0.221,36.399,-0.414,58.8,0.38,-123.271,0.473,-180.412,-0.212,22.401,0.555,-159.671,0.629,-216.811,0.686,-182.072,0.742,-239.213,0.113,-57.141,0.874,0.163,0.13,0.918,0.263,0.209,-1.924,-2.959,-0.439,-2.816,-4.33,-0.806,0.223,0.1,0.08,-1.589,-3.832,-0.568,-2.158,-5.204,-0.969,-1.812,-2.842,-0.648,-2.381,-3.734,-1.069,-0.569,-0.892,-1.371,-0.199,-0.205,-0.704,-0.7,-0.733,-1.749,0.138,0.286,0.199,0.161,0.318,0.225,-0.582,-0.621,-1.045,0.328,0.824,0.404,0.355,0.835,0.423,0.764,1.445,1.019,0.8,1.417,1.018,0.036,0.027,0.023,-4.732,-6.104,0.451,-0.618,0.489,-0.159,-3.078,-3.969,0.128,-0.841,0.187,-0.382,1.577,-2.157,0.689,-4.514,1.999,2.079,2.145,-0.697,1.258,-2.574,2.509,2.61,-3.802,-5.173,1.382,0.313,1.42,0.772,0.201,-0.605,0.293,-0.146,1.081,-3.249,3.135,3.344,1.973,-0.986,3.935,4.198,2.125,1.156,2.183,1.615,1.089,0.282,1.18,0.741,5.012,5.142,6.292,6.455,0.221,0.301,-0.071,0.138,-0.171,-0.042,-0.215,35.551,-0.418,59.288,0.359,-112.853,0.503,-203.809,-0.223,23.737,0.533,-148.404,0.648,-239.359,0.676,-172.141,0.761,-263.097,0.176,-90.955,0.861,0.167,0.117,0.912,0.278,0.195,-1.735,-2.733,-0.371,-3.134,-4.935,-0.955,0.236,0.111,0.078,-1.475,-3.593,-0.488,-2.38,-5.796,-1.121,-1.711,-2.647,-0.566,-2.616,-4.045,-1.233,-0.904,-1.399,-2.202,-0.188,-0.198,-0.682,-0.711,-0.765,-1.791,0.133,0.282,0.191,0.168,0.332,0.23,-0.604,-0.668,-1.109,0.313,0.808,0.389,0.354,0.827,0.418,0.771,1.476,1.046,0.827,1.431,1.043,0.055,0.041,0.035,-4.522,-6.724,0.453,-0.78,0.511,-0.055,-2.871,-4.27,0.106,-1.016,0.197,-0.291,1.487,-2.558,0.547,-5.249,1.908,1.986,2.391,-0.256,1.451,-2.142,2.722,2.833,-3.622,-5.824,1.353,0.12,1.411,0.845,0.164,-0.791,0.305,-0.066,0.846,-4.089,2.951,3.146,2.245,-0.488,4.209,4.487,2.131,1.009,2.222,1.734,1.104,0.149,1.244,0.874,4.838,4.955,6.899,7.066,0.258,0.336,-0.026,0.169,-0.137,-0.02
2021-12-01,CTD10,4170388,695646,0.015523466,0.023072435,0.03787024,0.012420269,0.011089759,0.0027681421,0.0027002797,0.0010480945,0.015318366,0.022840885,0.038196545,0.012662896,0.009988808,0.0028208639,0.44213313,-8.000000000000001e-45,0.89,-0.196,21.077,-0.419,38.013,0.111,-16.095,0.167,-25.755,-0.243,16.936,0.3,-37.172,0.351,-46.832,0.506,-54.108,0.547,-63.767,0.057,-9.66,0.798,0.262,0.234,0.877,0.472,0.422,-0.371,-0.61,-0.178,-0.594,-0.975,-0.32,0.263,0.21,0.188,-0.577,-1.408,-0.412,-0.727,-1.774,-0.582,-0.84,-1.248,-0.6,-0.99,-1.471,-0.792,-0.15,-0.223,-0.366,-0.15,-0.154,-0.321,-0.63,-0.654,-0.951,0.051,0.091,0.063,0.073,0.125,0.088,-0.53,-0.556,-0.629,0.2,0.4,0.218,0.224,0.429,0.238,0.659,0.956,0.745,0.694,0.958,0.755,0.034,0.025,0.022,-2.376,-2.742,0.345,-0.447,0.38,-0.22,-1.448,-1.671,-0.128,-0.71,-0.071,-0.483,0.641,-0.831,-0.392,-2.165,0.769,0.957,0.791,-0.458,-0.242,-1.649,0.861,1.072,-1.563,-1.929,1.158,0.366,1.193,0.593,-0.191,-0.511,-0.105,-0.284,-0.582,-1.557,1.143,1.565,-0.359,-0.969,1.28,1.753,1.901,1.32,1.959,1.547,0.841,0.521,0.927,0.748,2.335,2.568,2.615,2.877,0.319,0.507,-0.176,0.245,-0.386,-0.153,-0.197,21.5,-0.428,39.101,0.095,-13.69,0.211,-34.831,-0.252,17.601,0.287,-35.19,0.391,-56.331,0.502,-52.79,0.585,-73.932,0.118,-21.141,0.821,0.272,0.215,0.893,0.495,0.391,-0.313,-0.523,-0.137,-0.796,-1.33,-0.441,0.27,0.223,0.176,-0.539,-1.344,-0.352,-0.863,-2.152,-0.713,-0.809,-1.206,-0.527,-1.133,-1.689,-0.936,-0.324,-0.483,-0.808,-0.148,-0.156,-0.332,-0.644,-0.697,-1.01,0.044,0.081,0.055,0.087,0.15,0.105,-0.549,-0.607,-0.678,0.19,0.402,0.211,0.24,0.459,0.253,0.669,1.009,0.778,0.739,1.008,0.794,0.07,0.05,0.044,-2.346,-3.153,0.339,-0.597,0.409,-0.118,-1.403,-1.886,-0.153,-0.867,-0.036,-0.388,0.612,-1.077,-0.463,-2.614,0.772,0.948,0.936,-0.27,-0.139,-1.483,0.979,1.202,-1.525,-2.333,1.16,0.223,1.23,0.702,-0.229,-0.67,-0.054,-0.191,-0.69,-2.02,1.152,1.542,-0.207,-0.73,1.46,1.955,1.939,1.226,2.056,1.705,0.846,0.405,1.02,0.883,2.364,2.579,2.997,3.27,0.389,0.565,-0.098,0.293,-0.321,-0.106
2021-12-01,CTD11,4169609,700351,0.014880423,0.021029184,0.027251022,0.009416219,0.0060055177,0.0015960125,0.0015401086,0.00063101103,0.0148599995,0.021173507,0.027147781,0.009593997,0.0063899457,0.001508189,0.021834103,-8.000000000000001e-45,0.702,-0.171,19.649,-0.294,30.507,0.225,-38.997,0.425,-99.311,-0.129,10.857,0.381,-58.647,0.556,-118.961,0.486,-69.504,0.639,-129.818,0.221,-60.314,0.535,0.185,0.118,0.642,0.287,0.183,-0.82,-1.063,-0.234,-2.088,-2.706,-0.935,0.162,0.102,0.065,-0.873,-1.598,-0.352,-1.77,-3.242,-1.12,-1.034,-1.462,-0.417,-1.932,-2.73,-1.222,-0.897,-1.268,-1.644,-0.168,-0.185,-0.399,-0.406,-0.458,-0.802,0.113,0.202,0.164,0.184,0.292,0.242,-0.256,-0.298,-0.403,0.276,0.556,0.349,0.357,0.618,0.41,0.497,0.854,0.66,0.592,0.874,0.698,0.095,0.081,0.071,-2.186,-3.83,0.362,-0.86,0.487,0.07,-1.687,-2.956,0.098,-1.022,0.26,-0.092,0.809,-1.921,0.284,-2.957,1.295,1.36,1.706,0.244,1.182,-0.416,2.03,2.132,-1.481,-3.124,1.068,-0.155,1.193,0.775,0.139,-0.796,0.368,0.134,0.402,-2.304,1.83,2.013,1.67,0.608,2.869,3.156,1.384,0.263,1.546,1.194,0.663,-0.272,0.892,0.658,2.49,2.608,3.905,4.09,0.347,0.412,0.044,0.227,-0.058,0.06,-0.175,20.066,-0.293,30.459,0.215,-36.937,0.399,-89.201,-0.124,10.393,0.376,-57.003,0.536,-109.267,0.478,-67.396,0.619,-119.66,0.2,-52.264,0.545,0.193,0.128,0.645,0.292,0.195,-0.782,-1.003,-0.236,-1.889,-2.422,-0.856,0.154,0.1,0.066,-0.847,-1.548,-0.364,-1.624,-2.966,-1.048,-1.002,-1.427,-0.431,-1.778,-2.534,-1.148,-0.777,-1.107,-1.419,-0.172,-0.188,-0.395,-0.399,-0.446,-0.769,0.109,0.191,0.157,0.175,0.275,0.231,-0.244,-0.281,-0.374,0.276,0.545,0.345,0.352,0.605,0.402,0.487,0.826,0.637,0.576,0.849,0.675,0.089,0.076,0.066,-2.128,-3.547,0.348,-0.8,0.466,0.036,-1.66,-2.766,0.094,-0.954,0.246,-0.119,0.769,-1.765,0.267,-2.7,1.247,1.314,1.546,0.119,1.043,-0.504,1.872,1.972,-1.405,-2.824,1.071,-0.077,1.189,0.759,0.134,-0.721,0.35,0.114,0.38,-2.042,1.777,1.972,1.487,0.484,2.668,2.96,1.374,0.325,1.525,1.161,0.637,-0.219,0.852,0.616,2.4,2.528,3.603,3.795,0.344,0.41,0.023,0.218,-0.077,0.052
2021-12-01,CTD12,4173438,695414,0.012408216,0.019269347,0.021148799,0.002333844,0.0016991552,0.0003860789,0.00036671796,0.00013924125,0.0123597635,0.019141063,0.021489466,0.0023530764,0.0015882989,0.00041477522,0.23681696,-2.878e-42,0.816,-0.217,28.696,-0.26,33.308,0.683,-347.886,0.759,-507.936,-0.047,4.612,0.784,-376.582,0.838,-536.632,0.801,-381.194,0.851,-541.244,0.157,-160.05,0.607,0.067,0.049,0.642,0.078,0.057,-6.704,-7.357,-0.591,-9.788,-10.742,-1.185,0.057,0.011,0.008,-4.673,-7.964,-0.64,-6.659,-11.349,-1.252,-4.73,-7.345,-0.648,-6.716,-10.429,-1.263,-1.986,-3.084,-3.385,-0.292,-0.3,-1.701,-0.405,-0.417,-2.167,0.249,0.48,0.441,0.265,0.496,0.456,-0.127,-0.133,-0.466,0.505,1.2,0.741,0.524,1.192,0.748,0.594,1.334,0.897,0.614,1.319,0.9,0.02,0.019,0.016,-8.418,-11.803,0.534,-0.73,0.564,-0.084,-7.67,-10.754,0.466,-0.787,0.499,-0.141,4.406,-6.024,4.219,-7.13,5.228,5.236,6.391,-0.954,6.205,-1.759,7.181,7.192,-7.509,-10.894,1.443,0.179,1.473,0.825,0.723,-0.462,0.774,0.183,6.552,-4.19,8.12,8.176,9.636,2.279,11.152,11.23,1.583,0.331,1.616,0.976,0.909,-0.276,0.961,0.369,8.925,8.974,12.259,12.326,0.1,0.108,-0.016,0.041,-0.027,0.022,-0.215,28.664,-0.27,34.373,0.68,-344.068,0.772,-548.697,-0.058,5.709,0.781,-372.732,0.847,-577.361,0.803,-378.441,0.862,-583.07,0.194,-204.629,0.616,0.067,0.046,0.658,0.081,0.055,-6.586,-7.394,-0.546,-10.503,-11.791,-1.291,0.071,0.013,0.009,-4.607,-8.01,-0.592,-7.136,-12.407,-1.359,-4.677,-7.244,-0.601,-7.207,-11.161,-1.372,-2.529,-3.917,-4.397,-0.284,-0.294,-1.721,-0.425,-0.44,-2.316,0.246,0.483,0.434,0.265,0.501,0.452,-0.16,-0.168,-0.596,0.496,1.204,0.727,0.519,1.193,0.736,0.607,1.372,0.923,0.632,1.353,0.926,0.024,0.023,0.019,-8.487,-12.884,0.536,-0.836,0.572,-0.029,-7.559,-11.476,0.452,-0.906,0.492,-0.1,4.362,-6.799,4.13,-8.277,5.17,5.179,6.891,-0.353,6.659,-1.351,7.659,7.672,-7.584,-11.981,1.439,0.067,1.475,0.874,0.7,-0.591,0.762,0.216,6.396,-5.395,8.006,8.061,10.313,2.919,11.861,11.942,1.616,0.257,1.656,1.064,0.932,-0.359,0.994,0.448,9.004,9.05,13.339,13.407,0.107,0.116,-0.006,0.049,-0.019,0.027
2022-02-24,CTD1,4187246,695025,0.0045151557,0.006376836,0.01091784,0.0030800581,0.0030895928,0.00070159294,0.00072375743,0.00027727886,0.004548298,0.0062478194,0.011064135,0.0032294008,0.0026498986,0.0007808859,0.51281536,-2.8899999999999995e-42,0.523,-0.171,64.659,-0.415,129.883,0.189,-103.193,0.187,-102.191,-0.263,65.224,0.349,-167.852,0.347,-166.85,0.56,-233.076,0.559,-232.074,-0.002,1.002,0.706,0.199,0.2,0.828,0.4,0.401,-0.658,-1.127,-0.319,-0.652,-1.116,-0.315,0.294,0.201,0.202,-0.758,-1.833,-0.519,-0.753,-1.822,-0.514,-1.052,-1.486,-0.72,-1.048,-1.48,-0.715,0.005,0.006,0.011,-0.133,-0.133,-0.302,-0.677,-0.676,-1.038,0.083,0.152,0.102,0.082,0.151,0.102,-0.598,-0.597,-0.736,0.214,0.434,0.235,0.213,0.433,0.235,0.72,1.031,0.828,0.719,1.031,0.828,-0.001,-0.001,-0.001,-2.837,-2.826,0.426,-0.289,0.425,-0.295,-1.657,-1.65,-0.069,-0.583,-0.071,-0.59,0.882,-0.598,-0.246,-2.068,0.981,1.183,0.877,-0.609,-0.251,-2.083,0.978,1.179,-2.132,-2.121,1.13,0.415,1.129,0.409,-0.098,-0.413,-0.1,-0.419,-0.348,-1.463,1.386,1.787,-0.354,-1.481,1.382,1.782,1.935,1.421,1.934,1.415,1.03,0.715,1.028,0.709,2.86,3.06,2.852,3.051,0.198,0.399,-0.201,0.2,-0.402,-0.202,-0.157,59.807,-0.417,129.48,0.17,-89.793,0.264,-157.51,-0.278,69.674,0.318,-149.599,0.404,-217.317,0.548,-219.273,0.614,-286.991,0.099,-67.718,0.662,0.193,0.158,0.809,0.418,0.343,-0.561,-0.993,-0.238,-0.984,-1.743,-0.509,0.317,0.225,0.185,-0.68,-1.655,-0.396,-0.988,-2.404,-0.702,-0.997,-1.37,-0.581,-1.305,-1.793,-0.927,-0.308,-0.423,-0.749,-0.119,-0.124,-0.289,-0.688,-0.732,-1.108,0.076,0.148,0.096,0.11,0.2,0.133,-0.619,-0.669,-0.819,0.193,0.419,0.22,0.23,0.463,0.252,0.726,1.088,0.881,0.779,1.082,0.888,0.054,0.037,0.033,-2.698,-3.447,0.436,-0.491,0.488,-0.093,-1.524,-1.947,-0.106,-0.808,-0.013,-0.409,0.844,-0.949,-0.362,-2.767,0.984,1.169,1.152,-0.218,-0.054,-1.71,1.2,1.425,-2.052,-2.802,1.082,0.155,1.134,0.553,-0.145,-0.654,-0.018,-0.256,-0.498,-2.241,1.352,1.695,-0.075,-1.068,1.648,2.066,1.916,1.214,2.008,1.612,1.061,0.552,1.188,0.95,2.843,3.002,3.465,3.658,0.286,0.471,-0.066,0.277,-0.291,-0.132
2022-02-24,CTD2,4181518,693105,0.0046347305,0.0066667083,0.007900627,0.0012716493,0.0008771998,0.00021169349,0.00020820402,8.0795486e-05,0.0046053464,0.0066207014,0.00790684,0.0012640853,0.0008505467,0.00021499244,0.17478576,-2.8899999999999995e-42,0.432,-0.18,65.763,-0.261,89.19,0.569,-570.618,0.682,-924.229,-0.085,23.427,0.68,-636.381,0.767,-989.992,0.723,-659.808,0.8,-1013.419,0.184,-353.611,0.52,0.084,0.058,0.595,0.113,0.078,-3.804,-4.508,-0.501,-6.162,-7.302,-1.175,0.109,0.03,0.021,-2.949,-5.028,-0.558,-4.588,-7.822,-1.259,-3.058,-4.399,-0.579,-4.697,-6.756,-1.289,-1.639,-2.357,-2.794,-0.222,-0.231,-0.946,-0.411,-0.433,-1.52,0.231,0.446,0.383,0.258,0.473,0.41,-0.209,-0.224,-0.574,0.43,0.979,0.615,0.462,0.98,0.631,0.587,1.203,0.879,0.621,1.189,0.885,0.035,0.031,0.027,-5.518,-8.311,0.534,-0.754,0.584,0.005,-4.656,-7.013,0.396,-0.863,0.455,-0.103,2.801,-3.955,2.46,-5.362,3.513,3.534,4.44,0.041,4.098,-0.929,5.093,5.123,-4.774,-7.568,1.277,-0.011,1.327,0.749,0.569,-0.606,0.655,0.154,3.538,-3.764,5.053,5.132,5.895,1.387,7.326,7.439,1.514,0.255,1.573,1.015,0.911,-0.265,0.996,0.495,6.024,6.081,8.732,8.816,0.143,0.163,0.001,0.08,-0.028,0.029,-0.18,66.098,-0.264,90.666,0.569,-573.947,0.688,-958.575,-0.089,24.569,0.679,-640.044,0.772,-1024.673,0.724,-664.613,0.806,-1049.242,0.196,-384.629,0.523,0.084,0.056,0.6,0.115,0.077,-3.8,-4.538,-0.488,-6.346,-7.579,-1.212,0.113,0.031,0.021,-2.948,-5.061,-0.544,-4.719,-8.102,-1.295,-3.061,-4.4,-0.565,-4.832,-6.947,-1.326,-1.771,-2.547,-3.041,-0.22,-0.23,-0.953,-0.419,-0.442,-1.561,0.23,0.447,0.382,0.258,0.476,0.409,-0.219,-0.236,-0.608,0.428,0.982,0.612,0.461,0.983,0.629,0.592,1.218,0.889,0.629,1.202,0.895,0.037,0.033,0.028,-5.559,-8.601,0.536,-0.791,0.588,0.023,-4.655,-7.202,0.392,-0.904,0.454,-0.09,2.806,-4.141,2.449,-5.653,3.515,3.536,4.577,0.177,4.22,-0.84,5.224,5.255,-4.817,-7.859,1.278,-0.049,1.33,0.765,0.563,-0.649,0.653,0.164,3.521,-4.059,5.053,5.13,6.067,1.529,7.51,7.624,1.526,0.231,1.588,1.044,0.92,-0.292,1.01,0.521,6.07,6.127,9.022,9.105,0.146,0.167,0.006,0.083,-0.025,0.031
2022-02-24,CTD3,4181698,695238,0.0057597905,0.008477147,0.010438347,0.0015052629,0.0010947231,0.00025891906,0.00025396646,9.745557e-05,0.005709236,0.008406681,0.010479022,0.0015024939,0.0010391929,0.00026908086,0.2792142,-2.878e-42,0.428,-0.191,55.653,-0.289,77.817,0.586,-490.718,0.681,-739.856,-0.104,22.164,0.698,-546.372,0.771,-795.509,0.748,-568.535,0.81,-817.672,0.158,-249.137,0.581,0.084,0.061,0.66,0.117,0.085,-4.16,-5.122,-0.537,-6.272,-7.723,-1.114,0.128,0.033,0.024,-3.147,-5.703,-0.598,-4.582,-8.304,-1.197,-3.275,-4.82,-0.622,-4.71,-6.932,-1.231,-1.435,-2.112,-2.601,-0.228,-0.236,-1.045,-0.469,-0.489,-1.799,0.225,0.444,0.369,0.247,0.467,0.391,-0.27,-0.286,-0.754,0.43,1.017,0.605,0.456,1.016,0.618,0.627,1.303,0.933,0.656,1.286,0.936,0.029,0.025,0.022,-6.255,-8.856,0.535,-0.696,0.575,-0.048,-5.08,-7.192,0.374,-0.823,0.423,-0.175,3.014,-3.917,2.595,-5.709,3.697,3.722,4.449,-0.37,4.03,-1.673,5.084,5.117,-5.463,-8.063,1.328,0.097,1.367,0.745,0.551,-0.563,0.622,0.085,3.819,-3.903,5.442,5.527,5.931,0.809,7.482,7.599,1.635,0.437,1.683,1.085,0.97,-0.144,1.041,0.504,6.745,6.805,9.274,9.358,0.132,0.156,-0.012,0.073,-0.046,0.015,-0.191,56.202,-0.295,79.726,0.583,-490.405,0.692,-787.13,-0.11,23.524,0.697,-546.607,0.78,-843.332,0.749,-570.131,0.82,-866.856,0.182,-296.725,0.589,0.084,0.058,0.67,0.12,0.083,-4.123,-5.139,-0.51,-6.617,-8.248,-1.183,0.134,0.035,0.024,-3.121,-5.728,-0.568,-4.815,-8.837,-1.267,-3.255,-4.793,-0.592,-4.949,-7.287,-1.302,-1.694,-2.494,-3.109,-0.225,-0.234,-1.061,-0.481,-0.505,-1.877,0.223,0.445,0.365,0.247,0.471,0.39,-0.287,-0.307,-0.815,0.426,1.023,0.599,0.455,1.022,0.615,0.636,1.33,0.95,0.669,1.309,0.953,0.033,0.029,0.025,-6.295,-9.405,0.536,-0.767,0.58,-0.013,-5.05,-7.545,0.366,-0.901,0.421,-0.147,2.998,-4.29,2.553,-6.284,3.676,3.701,4.692,-0.101,4.247,-1.481,5.315,5.351,-5.502,-8.611,1.329,0.027,1.373,0.781,0.539,-0.644,0.62,0.111,3.76,-4.489,5.413,5.496,6.254,1.115,7.826,7.946,1.657,0.39,1.712,1.144,0.983,-0.199,1.064,0.555,6.792,6.851,9.821,9.905,0.14,0.164,-0.003,0.08,-0.039,0.02
2022-02-24,CTD4,4180266,698264,0.008944553,0.012111978,0.01917288,0.006978774,0.006591879,0.0017118099,0.0017164024,0.0006763388,0.008961718,0.01192338,0.019299114,0.007119932,0.0059475466,0.0017942406,0.51791877,-8.000000000000001e-45,0.375,-0.15,29.237,-0.364,59.643,0.123,-31.492,0.151,-39.902,-0.226,30.406,0.269,-60.729,0.295,-69.139,0.466,-91.135,0.488,-99.545,0.029,-8.41,0.561,0.204,0.193,0.722,0.416,0.393,-0.381,-0.604,-0.208,-0.483,-0.765,-0.278,0.272,0.212,0.2,-0.543,-1.164,-0.4,-0.618,-1.326,-0.483,-0.815,-1.104,-0.601,-0.89,-1.206,-0.695,-0.075,-0.102,-0.161,-0.121,-0.123,-0.233,-0.536,-0.547,-0.754,0.063,0.105,0.076,0.075,0.123,0.09,-0.443,-0.454,-0.52,0.183,0.33,0.199,0.196,0.347,0.211,0.579,0.785,0.652,0.597,0.79,0.659,0.018,0.014,0.012,-2.009,-2.17,0.374,-0.32,0.395,-0.206,-1.269,-1.371,-0.11,-0.592,-0.078,-0.478,0.65,-0.556,-0.301,-1.627,0.737,0.938,0.725,-0.379,-0.226,-1.39,0.781,0.993,-1.393,-1.554,0.99,0.295,1.01,0.41,-0.149,-0.427,-0.105,-0.313,-0.408,-1.173,0.999,1.392,-0.306,-0.91,1.057,1.473,1.567,1.085,1.599,1.199,0.803,0.524,0.846,0.638,2.01,2.203,2.128,2.332,0.236,0.436,-0.161,0.232,-0.373,-0.18,-0.142,27.717,-0.366,59.77,0.115,-28.865,0.202,-56.551,-0.236,32.053,0.252,-56.582,0.334,-84.268,0.461,-88.635,0.529,-116.321,0.09,-27.686,0.535,0.197,0.165,0.713,0.426,0.355,-0.344,-0.557,-0.172,-0.674,-1.091,-0.403,0.287,0.228,0.191,-0.507,-1.092,-0.337,-0.755,-1.626,-0.6,-0.794,-1.057,-0.527,-1.042,-1.387,-0.828,-0.248,-0.33,-0.534,-0.112,-0.117,-0.227,-0.543,-0.578,-0.791,0.059,0.103,0.073,0.097,0.158,0.114,-0.459,-0.495,-0.564,0.17,0.322,0.19,0.211,0.372,0.226,0.583,0.817,0.682,0.639,0.83,0.701,0.056,0.041,0.038,-1.959,-2.493,0.383,-0.446,0.443,-0.084,-1.21,-1.54,-0.133,-0.733,-0.034,-0.371,0.641,-0.746,-0.36,-1.986,0.76,0.951,0.889,-0.168,-0.112,-1.204,0.91,1.138,-1.38,-1.914,0.962,0.133,1.022,0.495,-0.177,-0.579,-0.046,-0.218,-0.479,-1.57,1.011,1.366,-0.149,-0.706,1.21,1.636,1.556,0.956,1.655,1.318,0.824,0.421,0.955,0.783,2.047,2.212,2.45,2.648,0.296,0.486,-0.067,0.289,-0.295,-0.13
2022-02-24,CTD6,4176009,695829,0.009288762,0.014754866,0.020277683,0.004018238,0.0028158268,0.00067130534,0.000683542,0.00026555575,0.009287331,0.014662703,0.020359721,0.004122014,0.0027963265,0.00069181045,0.14685498,-8.000000000000001e-45,0.262,-0.227,39.883,-0.372,58.342,0.396,-141.208,0.535,-247.479,-0.158,18.459,0.572,-181.091,0.679,-287.361,0.669,-199.55,0.756,-305.82,0.176,-106.27,0.809,0.16,0.112,0.861,0.234,0.164,-2.084,-2.863,-0.398,-3.652,-5.018,-0.994,0.171,0.074,0.052,-1.682,-3.672,-0.51,-2.669,-5.827,-1.155,-1.854,-2.944,-0.562,-2.841,-4.512,-1.229,-0.987,-1.568,-2.155,-0.225,-0.237,-0.8,-0.585,-0.625,-1.608,0.15,0.3,0.228,0.185,0.345,0.266,-0.415,-0.456,-0.808,0.363,0.887,0.465,0.404,0.897,0.491,0.676,1.343,0.925,0.726,1.312,0.93,0.05,0.041,0.034,-4.417,-6.572,0.431,-0.797,0.491,-0.071,-3.214,-4.782,0.186,-0.969,0.267,-0.243,1.584,-2.928,0.937,-4.89,2.121,2.173,2.571,-0.373,1.924,-1.748,3.026,3.101,-3.458,-5.613,1.39,0.161,1.45,0.888,0.295,-0.699,0.424,0.027,1.489,-3.529,3.369,3.533,3.057,0.194,4.807,5.042,1.911,0.756,1.992,1.482,0.942,-0.053,1.071,0.674,4.743,4.856,6.769,6.929,0.242,0.294,-0.031,0.133,-0.105,0.007,-0.224,39.473,-0.373,58.557,0.385,-134.926,0.537,-249.938,-0.163,19.084,0.561,-174.4,0.68,-289.412,0.663,-193.483,0.758,-308.495,0.192,-115.012,0.804,0.163,0.11,0.859,0.241,0.164,-1.978,-2.747,-0.377,-3.665,-5.089,-1.03,0.177,0.079,0.053,-1.62,-3.551,-0.488,-2.688,-5.892,-1.193,-1.797,-2.837,-0.541,-2.865,-4.523,-1.272,-1.068,-1.686,-2.342,-0.22,-0.232,-0.777,-0.589,-0.634,-1.6,0.147,0.296,0.223,0.185,0.346,0.265,-0.425,-0.471,-0.823,0.356,0.872,0.455,0.4,0.885,0.485,0.678,1.344,0.93,0.733,1.31,0.935,0.055,0.045,0.038,-4.306,-6.647,0.431,-0.841,0.496,-0.045,-3.101,-4.787,0.175,-1.018,0.265,-0.222,1.533,-2.99,0.865,-5.028,2.062,2.116,2.601,-0.236,1.933,-1.618,3.04,3.119,-3.36,-5.702,1.376,0.105,1.441,0.9,0.276,-0.754,0.419,0.042,1.365,-3.724,3.256,3.42,3.051,0.304,4.8,5.041,1.911,0.718,2.001,1.514,0.945,-0.086,1.087,0.71,4.638,4.749,6.837,7.0,0.253,0.306,-0.02,0.144,-0.099,0.012
2022-02-24,CTD7,4176724,690397,0.031772353,0.050875623,0.066268116,0.013632138,0.008082069,0.002013318,0.0019274015,0.0007867571,0.03238171,0.04962813,0.06651873,0.01387029,0.008559693,0.0018659151,0.026728965,-8.000000000000001e-45,0.482,-0.231,11.818,-0.352,16.384,0.4,-41.882,0.594,-92.257,-0.131,4.566,0.577,-53.7,0.726,-104.075,0.659,-58.266,0.783,-108.64,0.256,-50.375,0.783,0.161,0.096,0.834,0.223,0.132,-2.131,-2.775,-0.338,-4.694,-6.114,-1.258,0.145,0.062,0.037,-1.706,-3.559,-0.434,-3.307,-6.897,-1.419,-1.851,-2.964,-0.471,-3.452,-5.527,-1.481,-1.601,-2.563,-3.338,-0.239,-0.257,-0.88,-0.535,-0.585,-1.589,0.155,0.308,0.244,0.202,0.367,0.296,-0.339,-0.386,-0.709,0.38,0.934,0.501,0.436,0.942,0.536,0.637,1.321,0.893,0.704,1.282,0.902,0.067,0.057,0.047,-4.237,-7.575,0.419,-1.062,0.503,0.032,-3.253,-5.815,0.212,-1.207,0.321,-0.113,1.563,-3.964,1.028,-5.869,2.172,2.209,3.163,0.199,2.629,-0.93,3.663,3.726,-3.26,-6.598,1.396,-0.085,1.479,1.008,0.339,-0.919,0.513,0.175,1.646,-4.467,3.478,3.61,4.209,1.434,5.866,6.089,1.818,0.399,1.927,1.493,0.873,-0.384,1.048,0.71,4.607,4.702,7.77,7.931,0.27,0.307,0.014,0.146,-0.049,0.047,-0.21,10.732,-0.345,15.848,0.4,-41.215,0.582,-85.945,-0.145,5.117,0.563,-51.947,0.706,-96.677,0.655,-57.063,0.772,-101.793,0.237,-44.73,0.714,0.149,0.092,0.787,0.22,0.136,-2.045,-2.742,-0.353,-4.265,-5.717,-1.192,0.166,0.071,0.044,-1.682,-3.455,-0.445,-3.131,-6.431,-1.341,-1.848,-2.832,-0.488,-3.296,-5.052,-1.412,-1.448,-2.22,-2.975,-0.215,-0.23,-0.769,-0.538,-0.587,-1.522,0.159,0.318,0.247,0.205,0.375,0.296,-0.365,-0.413,-0.753,0.362,0.873,0.476,0.415,0.888,0.511,0.642,1.286,0.905,0.707,1.253,0.913,0.065,0.054,0.046,-4.143,-7.119,0.444,-0.968,0.524,0.035,-3.091,-5.311,0.207,-1.134,0.314,-0.13,1.589,-3.463,0.994,-5.437,2.162,2.206,3.037,0.205,2.443,-1.013,3.504,3.575,-3.263,-6.239,1.324,-0.088,1.404,0.915,0.318,-0.874,0.482,0.129,1.524,-4.193,3.314,3.449,3.744,1.002,5.37,5.589,1.775,0.434,1.882,1.437,0.912,-0.28,1.076,0.723,4.531,4.623,7.343,7.492,0.256,0.3,0.015,0.151,-0.056,0.036
2022-02-24,CTD8,4174178,693048,0.011213956,0.018490462,0.02346885,0.0034269695,0.0023417666,0.0005687334,0.0005542974,0.00021485415,0.011187342,0.01843006,0.023644796,0.0034576347,0.0023292478,0.0005905814,0.098194964,-2.878e-42,0.264,-0.245,35.093,-0.353,46.565,0.532,-202.628,0.654,-337.853,-0.119,11.472,0.687,-237.721,0.775,-372.946,0.745,-249.193,0.819,-384.418,0.188,-135.225,0.824,0.12,0.082,0.861,0.16,0.109,-3.747,-4.755,-0.475,-6.247,-7.929,-1.158,0.129,0.039,0.027,-2.666,-5.579,-0.557,-4.182,-8.753,-1.278,-2.794,-4.608,-0.584,-4.311,-7.108,-1.317,-1.516,-2.5,-3.174,-0.271,-0.282,-1.261,-0.559,-0.588,-2.124,0.186,0.374,0.302,0.211,0.405,0.33,-0.34,-0.367,-0.863,0.434,1.111,0.584,0.466,1.103,0.6,0.675,1.478,0.962,0.711,1.443,0.964,0.037,0.031,0.026,-6.242,-9.415,0.46,-0.857,0.507,-0.077,-4.918,-7.418,0.292,-0.986,0.351,-0.206,2.484,-4.624,2.003,-6.75,3.146,3.172,4.001,-0.607,3.519,-2.06,4.603,4.643,-5.199,-8.373,1.503,0.185,1.549,0.966,0.482,-0.676,0.579,0.105,3.303,-4.626,5.187,5.296,5.803,1.048,7.59,7.75,1.907,0.629,1.966,1.409,0.964,-0.194,1.06,0.586,6.639,6.722,9.716,9.837,0.179,0.206,-0.023,0.086,-0.063,0.019,-0.245,35.128,-0.358,47.094,0.528,-199.828,0.655,-339.936,-0.124,11.967,0.684,-234.956,0.776,-375.064,0.745,-246.922,0.821,-387.031,0.195,-140.108,0.831,0.121,0.082,0.868,0.163,0.11,-3.683,-4.725,-0.465,-6.265,-8.038,-1.175,0.134,0.041,0.028,-2.629,-5.555,-0.547,-4.196,-8.868,-1.297,-2.762,-4.551,-0.575,-4.33,-7.133,-1.338,-1.567,-2.582,-3.313,-0.267,-0.279,-1.252,-0.569,-0.6,-2.153,0.184,0.372,0.298,0.211,0.405,0.327,-0.356,-0.386,-0.901,0.43,1.108,0.576,0.462,1.099,0.594,0.682,1.494,0.972,0.72,1.455,0.974,0.038,0.032,0.027,-6.231,-9.544,0.461,-0.877,0.509,-0.067,-4.857,-7.439,0.286,-1.011,0.347,-0.201,2.456,-4.677,1.953,-6.916,3.109,3.137,4.024,-0.527,3.52,-2.035,4.615,4.657,-5.191,-8.504,1.501,0.163,1.549,0.974,0.47,-0.705,0.571,0.106,3.217,-4.821,5.122,5.232,5.799,1.074,7.603,7.766,1.926,0.629,1.987,1.44,0.974,-0.201,1.075,0.609,6.63,6.712,9.842,9.964,0.183,0.211,-0.021,0.089,-0.062,0.02
2022-02-24,CTD10,4170388,695646,0.007511481,0.012552494,0.021190844,0.0052767,0.0040312298,0.00090793,0.0009100685,0.00035724114,0.007504085,0.01241442,0.021349577,0.00550436,0.0038421117,0.0009504849,0.22392932,-2e-44,0.323,-0.251,53.464,-0.477,85.939,0.175,-56.383,0.302,-114.934,-0.256,32.475,0.408,-109.847,0.514,-168.398,0.601,-142.322,0.68,-200.873,0.134,-58.551,1.133,0.282,0.216,1.079,0.453,0.346,-0.708,-1.195,-0.227,-1.443,-2.436,-0.606,0.244,0.171,0.131,-0.825,-2.328,-0.443,-1.265,-3.568,-0.889,-1.069,-1.786,-0.574,-1.509,-2.521,-1.06,-0.44,-0.735,-1.241,-0.19,-0.2,-0.542,-0.767,-0.825,-1.47,0.066,0.135,0.089,0.103,0.195,0.131,-0.675,-0.748,-0.928,0.253,0.63,0.288,0.297,0.666,0.322,0.793,1.379,0.96,0.855,1.342,0.962,0.062,0.043,0.037,-3.418,-4.658,0.349,-0.711,0.408,-0.166,-2.024,-2.759,-0.066,-0.954,0.033,-0.409,0.831,-1.69,-0.265,-3.833,1.102,1.233,1.271,-0.516,0.175,-2.153,1.443,1.614,-2.345,-3.586,1.422,0.362,1.481,0.907,-0.11,-0.717,0.056,-0.172,-0.442,-2.878,1.842,2.189,0.293,-0.902,2.411,2.865,2.401,1.512,2.5,2.057,0.986,0.379,1.152,0.924,3.479,3.695,4.554,4.836,0.381,0.512,-0.116,0.23,-0.288,-0.072,-0.247,52.709,-0.48,86.421,0.154,-48.413,0.323,-127.013,-0.265,33.712,0.386,-101.123,0.527,-179.722,0.59,-134.835,0.695,-213.434,0.178,-78.599,1.125,0.29,0.203,1.073,0.476,0.332,-0.601,-1.034,-0.186,-1.577,-2.712,-0.699,0.253,0.186,0.13,-0.759,-2.159,-0.389,-1.349,-3.837,-0.989,-1.012,-1.674,-0.518,-1.602,-2.65,-1.175,-0.59,-0.976,-1.678,-0.183,-0.195,-0.525,-0.773,-0.852,-1.481,0.059,0.123,0.079,0.108,0.204,0.136,-0.687,-0.788,-0.956,0.239,0.609,0.274,0.297,0.659,0.319,0.796,1.397,0.975,0.879,1.346,0.977,0.083,0.058,0.049,-3.274,-4.952,0.347,-0.828,0.425,-0.094,-1.904,-2.88,-0.092,-1.081,0.042,-0.347,0.782,-1.868,-0.356,-4.193,1.054,1.183,1.372,-0.302,0.233,-1.926,1.51,1.695,-2.224,-3.902,1.397,0.222,1.474,0.956,-0.152,-0.851,0.069,-0.117,-0.59,-3.301,1.743,2.075,0.386,-0.648,2.498,2.973,2.402,1.412,2.536,2.147,0.986,0.287,1.208,1.022,3.367,3.569,4.823,5.113,0.424,0.554,-0.069,0.263,-0.254,-0.052
2022-02-24,CTD11,4169609,700351,0.0065774075,0.010951207,0.016433,0.0038973552,0.002746612,0.0006658357,0.0006863982,0.00027128693,0.00658082,0.01087759,0.016468514,0.0039789313,0.0027339326,0.0006798316,0.13553059,-8.000000000000001e-45,0.329,-0.25,60.721,-0.428,91.182,0.256,-104.549,0.411,-212.049,-0.2,30.461,0.475,-165.27,0.599,-272.771,0.617,-195.731,0.714,-303.232,0.173,-107.501,0.998,0.237,0.167,0.999,0.355,0.25,-1.145,-1.718,-0.287,-2.322,-3.485,-0.826,0.2,0.119,0.084,-1.087,-2.716,-0.454,-1.794,-4.482,-1.063,-1.287,-2.143,-0.538,-1.994,-3.321,-1.182,-0.707,-1.177,-1.767,-0.215,-0.228,-0.658,-0.664,-0.72,-1.483,0.098,0.196,0.14,0.14,0.258,0.188,-0.523,-0.588,-0.825,0.307,0.757,0.368,0.357,0.783,0.404,0.715,1.344,0.915,0.781,1.307,0.922,0.066,0.05,0.042,-3.616,-5.382,0.363,-0.818,0.433,-0.104,-2.41,-3.587,0.044,-1.019,0.149,-0.304,1.021,-2.3,0.187,-4.295,1.437,1.521,1.728,-0.415,0.894,-1.822,2.039,2.158,-2.551,-4.318,1.428,0.246,1.498,0.96,0.074,-0.753,0.249,-0.038,0.312,-3.173,2.392,2.643,1.489,-0.229,3.395,3.75,2.143,1.079,2.248,1.794,0.908,0.082,1.083,0.796,3.799,3.966,5.39,5.627,0.342,0.425,-0.062,0.189,-0.18,-0.014,-0.246,60.025,-0.429,91.235,0.246,-99.367,0.413,-213.817,-0.204,31.21,0.464,-159.392,0.598,-273.841,0.611,-190.602,0.715,-305.052,0.185,-114.45,0.989,0.239,0.164,0.992,0.363,0.249,-1.081,-1.636,-0.272,-2.326,-3.521,-0.851,0.205,0.124,0.085,-1.049,-2.625,-0.436,-1.802,-4.51,-1.09,-1.254,-2.073,-0.521,-2.007,-3.318,-1.214,-0.753,-1.245,-1.885,-0.21,-0.224,-0.64,-0.666,-0.726,-1.473,0.095,0.191,0.135,0.141,0.259,0.188,-0.529,-0.6,-0.833,0.299,0.741,0.359,0.353,0.771,0.398,0.715,1.341,0.918,0.787,1.301,0.924,0.071,0.054,0.046,-3.534,-5.419,0.363,-0.85,0.439,-0.082,-2.334,-3.579,0.034,-1.056,0.148,-0.288,0.993,-2.325,0.14,-4.37,1.403,1.488,1.747,-0.327,0.893,-1.732,2.041,2.165,-2.486,-4.371,1.411,0.198,1.487,0.966,0.056,-0.795,0.245,-0.027,0.231,-3.29,2.318,2.568,1.476,-0.16,3.374,3.737,2.137,1.047,2.251,1.815,0.909,0.059,1.099,0.827,3.723,3.888,5.419,5.658,0.353,0.439,-0.05,0.2,-0.174,-0.01
2022-02-24,CTD12,4173438,695414,0.0073775332,0.0117744105,0.015750831,0.002597981,0.0019263907,0.0004587881,0.00045501243,0.00017605425,0.007352682,0.011663042,0.015801892,0.0026246046,0.0018473015,0.00048236054,0.17799062,-2.8899999999999995e-42,0.258,-0.23,50.617,-0.362,72.058,0.479,-249.368,0.586,-383.559,-0.144,21.441,0.638,-299.984,0.719,-434.176,0.717,-321.426,0.782,-455.617,0.148,-134.191,0.797,0.132,0.098,0.848,0.187,0.139,-2.936,-3.928,-0.48,-4.516,-6.041,-0.996,0.158,0.056,0.041,-2.213,-4.725,-0.578,-3.203,-6.839,-1.128,-2.371,-3.785,-0.619,-3.361,-5.365,-1.184,-0.99,-1.58,-2.114,-0.24,-0.249,-0.972,-0.583,-0.611,-1.851,0.174,0.349,0.27,0.198,0.379,0.297,-0.399,-0.427,-0.879,0.397,0.986,0.519,0.426,0.987,0.537,0.687,1.414,0.96,0.722,1.386,0.962,0.035,0.029,0.024,-5.436,-7.55,0.462,-0.722,0.504,-0.115,-4.064,-5.644,0.248,-0.88,0.305,-0.273,2.092,-3.272,1.502,-5.337,2.676,2.717,3.082,-0.702,2.492,-2.233,3.609,3.665,-4.467,-6.58,1.431,0.247,1.474,0.854,0.395,-0.601,0.486,0.006,2.397,-3.644,4.271,4.41,3.977,0.049,5.76,5.947,1.914,0.786,1.971,1.393,0.986,-0.011,1.077,0.596,5.802,5.899,7.824,7.956,0.189,0.23,-0.04,0.098,-0.096,0.001,-0.227,50.264,-0.365,72.721,0.474,-245.005,0.598,-405.325,-0.151,22.457,0.633,-295.269,0.727,-455.589,0.715,-317.726,0.791,-478.047,0.174,-160.32,0.794,0.132,0.093,0.848,0.191,0.134,-2.858,-3.872,-0.453,-4.727,-6.405,-1.064,0.165,0.059,0.041,-2.171,-4.666,-0.545,-3.35,-7.199,-1.196,-2.336,-3.706,-0.587,-3.515,-5.575,-1.255,-1.179,-1.87,-2.533,-0.234,-0.244,-0.964,-0.591,-0.625,-1.889,0.172,0.35,0.268,0.2,0.385,0.299,-0.415,-0.45,-0.926,0.39,0.982,0.512,0.424,0.984,0.533,0.693,1.432,0.975,0.734,1.399,0.977,0.041,0.034,0.028,-5.39,-7.924,0.464,-0.79,0.514,-0.073,-3.978,-5.848,0.24,-0.955,0.307,-0.239,2.063,-3.512,1.447,-5.753,2.643,2.685,3.242,-0.464,2.625,-2.04,3.755,3.814,-4.434,-6.968,1.42,0.165,1.469,0.882,0.381,-0.683,0.487,0.034,2.295,-4.11,4.192,4.327,4.164,0.293,5.957,6.147,1.924,0.728,1.991,1.445,0.998,-0.066,1.104,0.651,5.769,5.862,8.197,8.329,0.199,0.24,-0.026,0.108,-0.085,0.008
2022-06-24,CTD1,4187246,695025,0.0,0.0,0.0,0.0,0.0,0.0,0.0,0.0,0.0,0.0,0.0,0.0,0.0,0.0,0.0,0.0,0.305,,,,,,,,,,,,,,,,,,,,,,,,,,,,,,,,,,,,,,,,,,,,,,,,,,,,,,,,,,,,,,,,,,,,,,,,,,,,,,,,,,,,,,,,,,,,,,,,,,,,,,,,,,,,,,,,,,,,,,,,,,,,,,,,,,,,,,,,,,,,,,,,,,,,,,,,,,,,,,,,,,,,,,,,,,,,,,,,,,,,,,,,,,,,,,,,,,,,,,,,,,,,,,,,,,,,,,,,,,,,,,,,,,,,,,,,,,,,,,,,,,,,,,,,,,,,,,,,,,,,,,,,,,,,,,,,,,,,,,,,
2022-06-24,CTD2,4181518,693105,0.007199191,0.008828912,0.013214795,0.005873689,0.0064361226,0.0018503537,0.0017365584,0.00070789544,0.0072845444,0.008710045,0.013277421,0.005946952,0.005647369,0.0019649195,0.8479364,-2e-44,0.328,-0.102,25.64,-0.295,63.232,0.101,-31.346,0.056,-16.469,-0.199,37.591,0.201,-56.987,0.157,-42.109,0.385,-94.578,0.345,-79.7,-0.046,14.878,0.339,0.151,0.165,0.558,0.371,0.407,-0.277,-0.414,-0.202,-0.145,-0.218,-0.097,0.271,0.221,0.242,-0.41,-0.753,-0.367,-0.303,-0.556,-0.247,-0.681,-0.835,-0.609,-0.574,-0.704,-0.468,0.107,0.131,0.197,-0.085,-0.083,-0.132,-0.409,-0.394,-0.489,0.06,0.087,0.067,0.035,0.052,0.04,-0.335,-0.322,-0.356,0.145,0.217,0.15,0.117,0.183,0.125,0.458,0.538,0.481,0.423,0.519,0.461,-0.035,-0.028,-0.026,-1.434,-1.238,0.371,-0.097,0.328,-0.28,-0.958,-0.827,-0.12,-0.368,-0.184,-0.551,0.558,-0.146,-0.271,-0.828,0.497,0.739,0.45,-0.385,-0.378,-1.131,0.453,0.674,-1.023,-0.827,0.782,0.314,0.739,0.131,-0.148,-0.245,-0.226,-0.428,-0.332,-0.55,0.609,1.016,-0.464,-0.878,0.556,0.927,1.17,0.923,1.107,0.74,0.681,0.584,0.603,0.401,1.356,1.521,1.237,1.388,0.087,0.329,-0.229,0.178,-0.45,-0.285,-0.089,22.467,-0.291,61.961,0.101,-30.876,0.127,-39.797,-0.208,39.494,0.189,-53.343,0.213,-62.264,0.381,-92.838,0.403,-101.758,0.026,-8.92,0.298,0.134,0.127,0.54,0.368,0.35,-0.269,-0.41,-0.174,-0.347,-0.528,-0.237,0.288,0.235,0.223,-0.389,-0.708,-0.301,-0.454,-0.827,-0.37,-0.676,-0.809,-0.524,-0.741,-0.886,-0.605,-0.065,-0.078,-0.118,-0.074,-0.075,-0.123,-0.409,-0.417,-0.517,0.061,0.093,0.071,0.074,0.112,0.085,-0.345,-0.353,-0.394,0.134,0.214,0.146,0.149,0.231,0.159,0.458,0.567,0.511,0.477,0.577,0.521,0.019,0.015,0.014,-1.396,-1.515,0.388,-0.217,0.411,-0.113,-0.916,-0.994,-0.134,-0.504,-0.1,-0.401,0.569,-0.317,-0.299,-1.126,0.577,0.8,0.634,-0.175,-0.234,-0.943,0.607,0.842,-1.037,-1.155,0.748,0.143,0.77,0.246,-0.16,-0.397,-0.119,-0.294,-0.358,-0.886,0.689,1.039,-0.28,-0.69,0.726,1.094,1.14,0.77,1.174,0.873,0.708,0.471,0.749,0.575,1.457,1.584,1.535,1.668,0.168,0.391,-0.092,0.257,-0.327,-0.2
2022-06-24,CTD3,4181698,695238,0.023308791,0.028455634,0.018194,0.00375628,0.0018209862,0.00054764573,0.00052224327,0.00021844317,0.02351208,0.028762007,0.01784885,0.0038313228,0.0022299457,0.00048507832,0.00011949621,-8.000000000000001e-45,0.274,-0.099,7.76,0.123,-12.061,0.722,-223.319,0.855,-506.251,0.22,-19.821,0.767,-231.078,0.88,-514.011,0.658,-211.258,0.818,-494.19,0.347,-282.932,0.141,0.029,0.014,-0.343,-0.045,-0.022,-6.355,-4.063,-0.407,-14.406,-9.211,-1.902,-0.462,-0.074,-0.036,-5.386,-4.204,-0.421,-11.981,-9.352,-1.931,-4.924,-6.011,-0.385,-11.519,-14.062,-1.856,-6.595,-8.051,-5.148,-0.234,-0.257,-0.923,0.159,0.169,0.917,0.419,0.646,0.977,0.461,0.667,0.979,0.379,0.408,1.84,0.595,0.983,1.234,0.642,0.984,1.213,0.279,0.575,0.477,0.316,0.605,0.508,0.037,0.047,0.041,-4.024,-9.172,0.613,-1.244,0.719,0.334,-6.294,-14.345,1.149,-0.782,1.217,0.796,4.641,-9.421,5.566,-3.786,6.141,6.105,11.236,5.225,12.161,7.956,12.668,12.594,-3.623,-8.77,1.014,-0.842,1.121,0.736,1.403,-0.499,1.486,1.079,6.795,-2.416,7.497,7.475,14.846,10.783,15.465,15.42,0.649,-1.282,0.717,0.296,0.478,-1.423,0.561,0.155,4.765,4.78,9.83,9.859,0.097,0.061,0.054,0.032,0.128,0.142,-0.1,7.763,0.137,-13.495,0.72,-218.475,0.827,-405.91,0.234,-21.258,0.765,-226.238,0.856,-413.673,0.647,-204.98,0.778,-392.415,0.264,-187.435,0.139,0.03,0.017,-0.388,-0.052,-0.03,-6.284,-3.9,-0.487,-11.675,-7.245,-1.555,-0.5,-0.081,-0.047,-5.319,-4.038,-0.504,-9.726,-7.384,-1.585,-4.82,-5.896,-0.457,-9.227,-11.287,-1.503,-4.407,-5.391,-3.345,-0.242,-0.261,-0.866,0.174,0.183,0.934,0.422,0.635,0.98,0.457,0.653,0.982,0.399,0.424,1.8,0.603,0.968,1.242,0.641,0.97,1.224,0.268,0.545,0.452,0.299,0.571,0.479,0.031,0.039,0.034,-3.841,-7.187,0.603,-0.901,0.693,0.235,-6.19,-11.581,1.184,-0.401,1.24,0.735,4.525,-6.761,5.516,-1.867,6.059,6.012,8.932,3.037,9.923,5.885,10.411,10.329,-3.435,-6.781,1.009,-0.495,1.098,0.641,1.448,-0.107,1.517,1.029,6.748,-0.497,7.412,7.382,12.139,8.239,12.735,12.683,0.626,-0.959,0.682,0.177,0.458,-1.098,0.526,0.039,4.564,4.581,7.841,7.871,0.085,0.038,0.038,0.008,0.12,0.137
2022-06-24,CTD4,4180266,698264,0.02428848,0.031587597,0.02685299,0.011079435,0.0050463364,0.0016892351,0.0017245832,0.0007403912,0.024156308,0.032246888,0.02591108,0.011117027,0.0065761562,0.0013668591,0.00011947966,-8.000000000000001e-45,0.48,-0.131,9.514,-0.05,3.932,0.373,-49.086,0.656,-156.992,0.081,-5.582,0.481,-58.599,0.724,-166.506,0.416,-53.018,0.684,-160.924,0.374,-107.906,0.255,0.105,0.048,0.124,0.044,0.02,-1.55,-1.318,-0.248,-4.959,-4.216,-1.739,-0.136,-0.062,-0.028,-1.423,-1.574,-0.296,-4.044,-4.471,-1.845,-1.288,-1.675,-0.268,-3.909,-5.083,-1.783,-2.621,-3.408,-2.898,-0.192,-0.229,-0.453,-0.06,-0.07,-0.159,0.226,0.361,0.414,0.329,0.451,0.507,0.134,0.161,0.294,0.401,0.699,0.643,0.519,0.75,0.7,0.282,0.538,0.431,0.39,0.617,0.511,0.108,0.118,0.103,-1.655,-4.552,0.356,-1.427,0.581,0.313,-1.947,-5.355,0.554,-1.291,0.745,0.449,1.016,-4.067,1.342,-3.129,2.032,2.004,3.637,1.962,3.963,2.389,4.462,4.4,-1.123,-4.021,0.888,-0.895,1.113,0.845,0.72,-1.019,0.969,0.721,1.745,-2.47,2.643,2.663,5.154,3.836,5.803,5.847,0.755,-1.09,0.946,0.65,0.394,-1.345,0.642,0.395,2.216,2.264,4.865,4.971,0.296,0.268,0.143,0.163,0.205,0.253,-0.143,10.386,-0.035,2.804,0.37,-48.555,0.572,-110.667,0.109,-7.583,0.487,-58.941,0.661,-121.054,0.4,-51.359,0.595,-113.471,0.257,-62.112,0.269,0.115,0.068,0.09,0.031,0.018,-1.566,-1.258,-0.319,-3.569,-2.868,-1.23,-0.183,-0.084,-0.05,-1.424,-1.527,-0.388,-2.924,-3.137,-1.346,-1.241,-1.656,-0.338,-2.741,-3.659,-1.261,-1.5,-2.003,-1.609,-0.218,-0.249,-0.457,-0.04,-0.045,-0.099,0.224,0.336,0.401,0.302,0.405,0.475,0.18,0.206,0.358,0.422,0.688,0.65,0.513,0.728,0.693,0.262,0.481,0.381,0.343,0.548,0.446,0.081,0.091,0.078,-1.582,-3.191,0.32,-0.941,0.495,0.158,-1.968,-3.971,0.588,-0.758,0.728,0.341,0.928,-2.731,1.369,-1.767,1.969,1.919,2.429,0.773,2.87,1.343,3.329,3.244,-0.996,-2.605,0.906,-0.356,1.081,0.743,0.784,-0.446,0.972,0.653,1.828,-1.039,2.628,2.647,3.831,2.573,4.443,4.475,0.728,-0.618,0.869,0.481,0.343,-0.887,0.531,0.212,2.059,2.127,3.48,3.595,0.256,0.206,0.073,0.091,0.157,0.225
2022-06-24,CTD6,4176009,695829,0.0,0.0,0.0,0.0,0.0,0.0,0.0,0.0,0.0,0.0,0.0,0.0,0.0,0.0,0.0,0.0,0.311,,,,,,,,,,,,,,,,,,,,,,,,,,,,,,,,,,,,,,,,,,,,,,,,,,,,,,,,,,,,,,,,,,,,,,,,,,,,,,,,,,,,,,,,,,,,,,,,,,,,,,,,,,,,,,,,,,,,,,,,,,,,,,,,,,,,,,,,,,,,,,,,,,,,,,,,,,,,,,,,,,,,,,,,,,,,,,,,,,,,,,,,,,,,,,,,,,,,,,,,,,,,,,,,,,,,,,,,,,,,,,,,,,,,,,,,,,,,,,,,,,,,,,,,,,,,,,,,,,,,,,,,,,,,,,,,,,,,,,,,
2022-06-24,CTD7,4176724,690397,0.0,0.0,0.0,0.0,0.0,0.0,0.0,0.0,0.0,0.0,0.0,0.0,0.0,0.0,0.0,0.0,0.522,,,,,,,,,,,,,,,,,,,,,,,,,,,,,,,,,,,,,,,,,,,,,,,,,,,,,,,,,,,,,,,,,,,,,,,,,,,,,,,,,,,,,,,,,,,,,,,,,,,,,,,,,,,,,,,,,,,,,,,,,,,,,,,,,,,,,,,,,,,,,,,,,,,,,,,,,,,,,,,,,,,,,,,,,,,,,,,,,,,,,,,,,,,,,,,,,,,,,,,,,,,,,,,,,,,,,,,,,,,,,,,,,,,,,,,,,,,,,,,,,,,,,,,,,,,,,,,,,,,,,,,,,,,,,,,,,,,,,,,,
2022-06-24,CTD8,4174178,693048,0.0,0.0,0.0,0.0,0.0,0.0,0.0,0.0,0.0,0.0,0.0,0.0,0.0,0.0,0.0,0.0,0.47,,,,,,,,,,,,,,,,,,,,,,,,,,,,,,,,,,,,,,,,,,,,,,,,,,,,,,,,,,,,,,,,,,,,,,,,,,,,,,,,,,,,,,,,,,,,,,,,,,,,,,,,,,,,,,,,,,,,,,,,,,,,,,,,,,,,,,,,,,,,,,,,,,,,,,,,,,,,,,,,,,,,,,,,,,,,,,,,,,,,,,,,,,,,,,,,,,,,,,,,,,,,,,,,,,,,,,,,,,,,,,,,,,,,,,,,,,,,,,,,,,,,,,,,,,,,,,,,,,,,,,,,,,,,,,,,,,,,,,,,
2022-06-24,CTD10,4170388,695646,0.0,0.0,0.0,0.0,0.0,0.0,0.0,0.0,0.0,0.0,0.0,0.0,0.0,0.0,0.0,0.0,0.465,,,,,,,,,,,,,,,,,,,,,,,,,,,,,,,,,,,,,,,,,,,,,,,,,,,,,,,,,,,,,,,,,,,,,,,,,,,,,,,,,,,,,,,,,,,,,,,,,,,,,,,,,,,,,,,,,,,,,,,,,,,,,,,,,,,,,,,,,,,,,,,,,,,,,,,,,,,,,,,,,,,,,,,,,,,,,,,,,,,,,,,,,,,,,,,,,,,,,,,,,,,,,,,,,,,,,,,,,,,,,,,,,,,,,,,,,,,,,,,,,,,,,,,,,,,,,,,,,,,,,,,,,,,,,,,,,,,,,,,,
2022-06-24,CTD11,4169609,700351,0.0,0.0,0.0,0.0,0.0,0.0,0.0,0.0,0.0,0.0,0.0,0.0,0.0,0.0,0.0,0.0,0.28,,,,,,,,,,,,,,,,,,,,,,,,,,,,,,,,,,,,,,,,,,,,,,,,,,,,,,,,,,,,,,,,,,,,,,,,,,,,,,,,,,,,,,,,,,,,,,,,,,,,,,,,,,,,,,,,,,,,,,,,,,,,,,,,,,,,,,,,,,,,,,,,,,,,,,,,,,,,,,,,,,,,,,,,,,,,,,,,,,,,,,,,,,,,,,,,,,,,,,,,,,,,,,,,,,,,,,,,,,,,,,,,,,,,,,,,,,,,,,,,,,,,,,,,,,,,,,,,,,,,,,,,,,,,,,,,,,,,,,,,
2022-06-24,CTD12,4173438,695414,0.0,0.0,0.0,0.0,0.0,0.0,0.0,0.0,0.0,0.0,0.0,0.0,0.0,0.0,0.0,0.0,0.433,,,,,,,,,,,,,,,,,,,,,,,,,,,,,,,,,,,,,,,,,,,,,,,,,,,,,,,,,,,,,,,,,,,,,,,,,,,,,,,,,,,,,,,,,,,,,,,,,,,,,,,,,,,,,,,,,,,,,,,,,,,,,,,,,,,,,,,,,,,,,,,,,,,,,,,,,,,,,,,,,,,,,,,,,,,,,,,,,,,,,,,,,,,,,,,,,,,,,,,,,,,,,,,,,,,,,,,,,,,,,,,,,,,,,,,,,,,,,,,,,,,,,,,,,,,,,,,,,,,,,,,,,,,,,,,,,,,,,,,,
2022-07-14,CTD1,4187246,695025,0.02229803,0.033194557,0.04045182,0.013832596,0.008072651,0.0021850963,0.0023063354,0.000935598,0.022257684,0.03338111,0.040462967,0.014002627,0.008893009,0.0019603893,0.00027147942,-8.000000000000001e-45,0.304,-0.196,14.722,-0.289,20.126,0.234,-27.446,0.468,-79.028,-0.099,5.405,0.412,-42.168,0.609,-93.75,0.49,-47.572,0.667,-99.154,0.263,-51.582,0.596,0.204,0.119,0.668,0.278,0.162,-0.911,-1.11,-0.222,-2.623,-3.197,-1.093,0.121,0.075,0.044,-0.94,-1.706,-0.34,-2.09,-3.792,-1.297,-1.061,-1.579,-0.384,-2.211,-3.291,-1.372,-1.15,-1.712,-2.087,-0.201,-0.225,-0.497,-0.386,-0.44,-0.829,0.115,0.205,0.174,0.193,0.302,0.262,-0.201,-0.239,-0.331,0.309,0.638,0.399,0.4,0.695,0.463,0.48,0.876,0.645,0.583,0.896,0.689,0.104,0.092,0.078,-2.253,-4.339,0.33,-1.042,0.472,0.088,-1.849,-3.561,0.135,-1.162,0.308,-0.032,0.791,-2.5,0.393,-3.399,1.369,1.412,1.942,0.362,1.544,-0.162,2.345,2.42,-1.436,-3.522,1.147,-0.225,1.289,0.905,0.2,-0.893,0.459,0.237,0.586,-2.611,2.038,2.2,2.298,1.188,3.492,3.77,1.397,0.101,1.571,1.231,0.598,-0.495,0.857,0.635,2.562,2.681,4.391,4.594,0.377,0.421,0.055,0.217,-0.02,0.099,-0.2,14.971,-0.29,20.214,0.228,-26.487,0.429,-67.52,-0.096,5.243,0.409,-41.458,0.579,-82.491,0.486,-46.701,0.64,-87.734,0.223,-41.033,0.606,0.21,0.133,0.675,0.283,0.18,-0.884,-1.072,-0.236,-2.254,-2.732,-0.945,0.117,0.073,0.047,-0.923,-1.678,-0.369,-1.836,-3.338,-1.155,-1.039,-1.559,-0.415,-1.953,-2.929,-1.229,-0.913,-1.37,-1.66,-0.204,-0.225,-0.486,-0.384,-0.431,-0.795,0.112,0.195,0.167,0.181,0.282,0.245,-0.195,-0.227,-0.309,0.309,0.622,0.393,0.39,0.675,0.45,0.476,0.849,0.626,0.567,0.871,0.666,0.092,0.081,0.069,-2.223,-3.883,0.321,-0.908,0.447,0.032,-1.834,-3.204,0.131,-1.024,0.284,-0.085,0.765,-2.164,0.377,-2.96,1.323,1.37,1.678,0.119,1.291,-0.387,2.083,2.157,-1.39,-3.05,1.154,-0.075,1.28,0.865,0.196,-0.75,0.425,0.19,0.566,-2.166,1.984,2.164,1.936,0.864,3.125,3.408,1.398,0.243,1.552,1.183,0.583,-0.362,0.813,0.577,2.49,2.623,3.921,4.13,0.363,0.409,0.02,0.2,-0.053,0.08
2022-07-14,CTD2,4181518,693105,0.018797813,0.026120517,0.026090179,0.0077320905,0.0042024255,0.0012197889,0.0012606307,0.00052069663,0.018842429,0.026386442,0.025810068,0.007837083,0.0048707053,0.0010994406,0.000265448,-8.000000000000001e-45,0.322,-0.163,14.914,-0.162,14.869,0.417,-76.133,0.635,-184.76,0.001,-0.045,0.543,-91.047,0.723,-199.674,0.543,-91.003,0.723,-199.629,0.296,-108.627,0.389,0.115,0.063,0.388,0.115,0.062,-1.989,-1.986,-0.32,-4.826,-4.82,-1.429,-0.001,-0.0,-0.0,-1.711,-2.375,-0.383,-3.753,-5.21,-1.544,-1.711,-2.377,-0.382,-3.753,-5.214,-1.544,-2.042,-2.837,-2.834,-0.217,-0.242,-0.614,-0.215,-0.24,-0.611,0.212,0.365,0.365,0.28,0.431,0.432,0.001,0.001,0.003,0.41,0.799,0.607,0.488,0.826,0.648,0.409,0.798,0.605,0.487,0.825,0.647,0.079,0.079,0.068,-2.655,-5.489,0.423,-1.12,0.559,0.176,-2.658,-5.495,0.424,-1.119,0.56,0.177,1.43,-3.784,1.432,-3.777,2.27,2.27,3.472,1.095,3.474,1.099,4.177,4.177,-1.985,-4.819,1.093,-0.45,1.228,0.846,0.59,-0.839,0.778,0.458,1.99,-2.83,3.155,3.217,4.828,2.841,5.804,5.919,1.092,-0.452,1.227,0.844,0.588,-0.841,0.775,0.455,3.151,3.213,5.797,5.912,0.25,0.25,0.072,0.135,0.073,0.135,-0.167,15.173,-0.156,14.327,0.413,-74.527,0.589,-152.237,0.011,-0.846,0.542,-89.7,0.688,-167.411,0.534,-88.854,0.682,-166.565,0.233,-77.711,0.392,0.119,0.074,0.378,0.112,0.07,-1.966,-1.924,-0.363,-4.017,-3.929,-1.193,-0.016,-0.007,-0.004,-1.69,-2.315,-0.437,-3.154,-4.321,-1.312,-1.674,-2.345,-0.433,-3.138,-4.395,-1.305,-1.464,-2.051,-2.006,-0.224,-0.246,-0.594,-0.204,-0.223,-0.548,0.211,0.352,0.359,0.268,0.408,0.415,0.022,0.024,0.045,0.415,0.782,0.605,0.482,0.806,0.639,0.397,0.758,0.575,0.463,0.785,0.612,0.066,0.066,0.057,-2.579,-4.585,0.41,-0.895,0.525,0.093,-2.637,-4.687,0.433,-0.879,0.545,0.109,1.382,-3.013,1.426,-2.895,2.22,2.216,2.846,0.502,2.89,0.575,3.572,3.565,-1.893,-3.899,1.097,-0.209,1.212,0.779,0.606,-0.587,0.764,0.401,1.997,-1.932,3.108,3.178,4.048,2.124,5.001,5.114,1.073,-0.239,1.185,0.748,0.562,-0.631,0.72,0.357,3.035,3.109,4.883,5.002,0.231,0.227,0.039,0.108,0.045,0.119
2022-07-14,CTD3,4181698,695238,0.016388495,0.02173428,0.02516513,0.0053113597,0.0037805422,0.00090864697,0.00092068425,0.00035368121,0.016433166,0.021608958,0.025347922,0.0054740747,0.0037070648,0.0009291462,0.18714817,-8.000000000000001e-45,0.375,-0.14,15.008,-0.211,21.281,0.51,-127.257,0.625,-203.494,-0.073,6.273,0.607,-142.265,0.704,-218.502,0.651,-148.538,0.739,-224.775,0.168,-76.237,0.378,0.08,0.057,0.463,0.113,0.08,-2.766,-3.202,-0.481,-4.423,-5.121,-1.081,0.103,0.033,0.024,-2.332,-3.58,-0.538,-3.581,-5.499,-1.161,-2.434,-3.228,-0.562,-3.684,-4.885,-1.194,-1.249,-1.657,-1.919,-0.175,-0.185,-0.588,-0.325,-0.344,-0.965,0.236,0.434,0.383,0.269,0.466,0.414,-0.158,-0.17,-0.377,0.395,0.814,0.567,0.432,0.827,0.589,0.521,0.984,0.778,0.561,0.985,0.791,0.04,0.037,0.033,-3.984,-5.902,0.543,-0.651,0.604,0.042,-3.441,-5.098,0.407,-0.754,0.477,-0.061,2.222,-2.663,1.928,-3.571,2.912,2.935,3.471,0.243,3.177,-0.403,4.091,4.124,-3.412,-5.33,1.115,-0.079,1.176,0.614,0.54,-0.541,0.633,0.152,2.557,-2.564,3.861,3.942,4.213,1.011,5.425,5.538,1.291,0.131,1.362,0.824,0.834,-0.247,0.927,0.446,4.507,4.564,6.332,6.412,0.15,0.174,0.014,0.094,-0.02,0.037,-0.136,14.575,-0.213,21.402,0.5,-121.827,0.632,-208.903,-0.08,6.826,0.596,-136.402,0.707,-223.478,0.645,-143.228,0.745,-230.304,0.192,-87.076,0.369,0.08,0.054,0.462,0.117,0.079,-2.633,-3.088,-0.452,-4.514,-5.295,-1.144,0.112,0.037,0.025,-2.242,-3.458,-0.506,-3.672,-5.665,-1.223,-2.354,-3.095,-0.531,-3.785,-4.977,-1.261,-1.431,-1.882,-2.207,-0.168,-0.178,-0.564,-0.329,-0.352,-0.971,0.233,0.433,0.377,0.271,0.47,0.413,-0.171,-0.186,-0.407,0.386,0.801,0.555,0.428,0.817,0.581,0.522,0.987,0.785,0.569,0.988,0.799,0.046,0.042,0.038,-3.87,-6.077,0.545,-0.716,0.614,0.083,-3.299,-5.181,0.395,-0.828,0.477,-0.029,2.15,-2.827,1.829,-3.836,2.83,2.856,3.58,0.485,3.26,-0.198,4.18,4.217,-3.316,-5.523,1.099,-0.162,1.169,0.638,0.519,-0.624,0.627,0.175,2.405,-2.89,3.722,3.801,4.287,1.199,5.496,5.613,1.289,0.066,1.371,0.865,0.84,-0.304,0.947,0.496,4.405,4.459,6.505,6.584,0.162,0.187,0.028,0.107,-0.01,0.044
2022-07-14,CTD4,4180266,698264,0.01317459,0.01711643,0.022752048,0.005857305,0.004953549,0.0011851232,0.0012000637,0.00045382508,0.0131619135,0.01690101,0.022909736,0.0060166023,0.00453075,0.0012498704,0.36511803,-8.000000000000001e-45,0.296,-0.13,17.48,-0.267,31.952,0.384,-94.823,0.453,-125.972,-0.141,14.471,0.49,-112.304,0.551,-143.452,0.591,-126.775,0.642,-157.923,0.084,-31.148,0.398,0.102,0.087,0.547,0.187,0.158,-1.623,-2.157,-0.47,-2.156,-2.866,-0.738,0.191,0.085,0.072,-1.48,-2.555,-0.556,-1.89,-3.264,-0.84,-1.67,-2.17,-0.628,-2.081,-2.703,-0.925,-0.41,-0.533,-0.709,-0.138,-0.142,-0.365,-0.417,-0.434,-0.886,0.184,0.332,0.264,0.206,0.358,0.287,-0.296,-0.311,-0.521,0.313,0.621,0.406,0.339,0.639,0.425,0.558,0.932,0.766,0.588,0.935,0.775,0.03,0.025,0.023,-3.115,-3.823,0.512,-0.413,0.552,-0.076,-2.343,-2.876,0.237,-0.603,0.29,-0.267,1.497,-1.206,0.92,-2.344,1.96,2.032,1.907,-0.263,1.33,-1.225,2.317,2.402,-2.585,-3.294,1.042,0.117,1.081,0.453,0.308,-0.43,0.376,-0.093,1.195,-1.671,2.546,2.705,1.728,-0.429,3.011,3.198,1.385,0.545,1.438,0.881,0.885,0.147,0.953,0.484,3.508,3.595,4.148,4.251,0.155,0.227,-0.034,0.124,-0.119,-0.032,-0.124,16.809,-0.27,32.327,0.373,-90.23,0.488,-144.737,-0.151,15.518,0.475,-107.039,0.577,-161.546,0.584,-122.557,0.67,-177.064,0.141,-54.507,0.385,0.101,0.076,0.546,0.195,0.146,-1.525,-2.067,-0.409,-2.446,-3.316,-0.871,0.204,0.093,0.07,-1.409,-2.452,-0.485,-2.126,-3.701,-0.972,-1.613,-2.071,-0.555,-2.331,-2.993,-1.065,-0.717,-0.921,-1.249,-0.129,-0.136,-0.355,-0.425,-0.455,-0.924,0.179,0.333,0.26,0.217,0.377,0.298,-0.313,-0.34,-0.57,0.302,0.615,0.397,0.343,0.645,0.428,0.562,0.955,0.788,0.611,0.958,0.802,0.049,0.041,0.037,-3.029,-4.278,0.516,-0.549,0.581,0.026,-2.235,-3.156,0.219,-0.753,0.306,-0.179,1.45,-1.543,0.832,-2.869,1.92,1.99,2.167,0.096,1.549,-0.903,2.549,2.642,-2.524,-3.772,1.021,-0.044,1.086,0.531,0.281,-0.59,0.393,-0.015,1.068,-2.247,2.465,2.611,1.99,-0.077,3.273,3.468,1.385,0.413,1.473,0.988,0.898,0.028,1.011,0.602,3.464,3.54,4.599,4.701,0.189,0.259,0.012,0.158,-0.082,-0.005
2022-07-14,CTD6,4176009,695829,0.019672101,0.027514383,0.026896948,0.006184042,0.0035062244,0.00093936693,0.0009642213,0.00038777213,0.019802447,0.02760822,0.026914435,0.0063609267,0.0038997456,0.0008796119,0.001351307,-8.000000000000001e-45,0.375,-0.166,14.489,-0.155,13.654,0.522,-110.873,0.697,-234.374,0.011,-0.834,0.633,-125.362,0.774,-248.862,0.626,-124.528,0.769,-248.028,0.276,-123.501,0.39,0.09,0.051,0.376,0.084,0.048,-3.051,-2.982,-0.389,-6.449,-6.304,-1.449,-0.016,-0.005,-0.003,-2.466,-3.372,-0.44,-4.896,-6.694,-1.539,-2.45,-3.426,-0.437,-4.879,-6.824,-1.534,-2.43,-3.398,-3.322,-0.237,-0.258,-0.809,-0.214,-0.233,-0.746,0.248,0.435,0.444,0.297,0.48,0.489,0.024,0.027,0.064,0.458,0.92,0.702,0.516,0.929,0.726,0.439,0.894,0.668,0.496,0.905,0.694,0.057,0.058,0.049,-3.634,-6.956,0.485,-1.049,0.585,0.148,-3.718,-7.116,0.507,-1.032,0.604,0.164,2.158,-4.666,2.204,-4.49,3.054,3.051,4.588,1.161,4.633,1.261,5.386,5.381,-2.951,-6.273,1.169,-0.365,1.268,0.832,0.709,-0.741,0.845,0.456,3.082,-3.222,4.271,4.319,6.48,3.498,7.533,7.617,1.143,-0.396,1.24,0.8,0.663,-0.786,0.799,0.411,4.171,4.222,7.357,7.446,0.187,0.184,0.047,0.094,0.052,0.102,-0.165,14.278,-0.152,13.344,0.514,-106.711,0.671,-205.928,0.013,-0.934,0.625,-120.989,0.752,-220.206,0.618,-120.055,0.747,-219.272,0.24,-99.217,0.384,0.091,0.056,0.368,0.085,0.052,-2.946,-2.872,-0.416,-5.685,-5.542,-1.31,-0.018,-0.006,-0.004,-2.396,-3.256,-0.472,-4.361,-5.927,-1.401,-2.377,-3.315,-0.468,-4.342,-6.054,-1.395,-1.965,-2.739,-2.67,-0.235,-0.253,-0.761,-0.209,-0.226,-0.693,0.247,0.427,0.436,0.292,0.468,0.478,0.027,0.029,0.068,0.455,0.896,0.69,0.507,0.906,0.712,0.434,0.867,0.652,0.485,0.88,0.678,0.052,0.053,0.045,-3.514,-6.184,0.481,-0.914,0.572,0.104,-3.605,-6.344,0.505,-0.895,0.595,0.123,2.087,-3.966,2.138,-3.788,2.972,2.968,4.052,0.738,4.103,0.847,4.847,4.842,-2.837,-5.507,1.158,-0.237,1.249,0.781,0.705,-0.605,0.829,0.413,2.981,-2.561,4.143,4.195,5.72,2.848,6.758,6.843,1.129,-0.272,1.218,0.746,0.654,-0.656,0.778,0.362,4.034,4.09,6.58,6.671,0.18,0.176,0.033,0.086,0.039,0.095
2022-07-14,CTD7,4176724,690397,0.04271299,0.06029481,0.07040382,0.018849814,0.011506805,0.0028451122,0.0029320677,0.0011650174,0.042117357,0.057748206,0.07078874,0.019292159,0.012115838,0.0025287655,0.019388601,-8.000000000000001e-45,0.465,-0.171,6.827,-0.245,9.208,0.388,-29.639,0.576,-63.493,-0.077,2.381,0.524,-36.466,0.679,-70.32,0.578,-38.847,0.719,-72.701,0.242,-33.854,0.481,0.129,0.079,0.555,0.174,0.106,-1.787,-2.087,-0.341,-3.828,-4.47,-1.197,0.102,0.045,0.027,-1.558,-2.567,-0.42,-3.004,-4.951,-1.326,-1.659,-2.342,-0.447,-3.105,-4.384,-1.37,-1.446,-2.041,-2.383,-0.197,-0.215,-0.579,-0.35,-0.386,-0.912,0.183,0.332,0.291,0.239,0.394,0.35,-0.164,-0.186,-0.333,0.366,0.764,0.506,0.431,0.792,0.547,0.5,0.951,0.718,0.572,0.957,0.744,0.071,0.065,0.056,-3.027,-5.41,0.441,-0.93,0.545,0.098,-2.592,-4.633,0.294,-1.031,0.416,-0.004,1.41,-2.974,1.098,-3.852,2.075,2.103,2.856,0.513,2.544,-0.023,3.399,3.444,-2.323,-4.707,1.144,-0.227,1.248,0.801,0.415,-0.782,0.587,0.246,1.55,-2.92,2.929,3.035,3.592,1.505,4.799,4.972,1.336,0.01,1.457,1.038,0.726,-0.47,0.898,0.557,3.466,3.544,5.677,5.806,0.25,0.278,0.043,0.149,-0.002,0.077,-0.157,6.427,-0.254,9.617,0.372,-28.091,0.553,-58.793,-0.101,3.19,0.499,-34.518,0.653,-65.22,0.572,-37.708,0.708,-68.41,0.228,-30.702,0.455,0.124,0.078,0.555,0.186,0.117,-1.622,-1.989,-0.34,-3.395,-4.162,-1.134,0.134,0.062,0.039,-1.454,-2.443,-0.418,-2.747,-4.617,-1.258,-1.588,-2.178,-0.457,-2.881,-3.951,-1.32,-1.293,-1.773,-2.173,-0.174,-0.189,-0.498,-0.372,-0.41,-0.913,0.178,0.327,0.275,0.233,0.389,0.333,-0.212,-0.24,-0.415,0.341,0.709,0.464,0.404,0.743,0.507,0.516,0.95,0.737,0.588,0.955,0.762,0.072,0.064,0.056,-2.94,-5.113,0.457,-0.863,0.558,0.101,-2.398,-4.171,0.261,-0.997,0.385,-0.033,1.367,-2.583,0.957,-3.66,1.973,2.012,2.66,0.483,2.25,-0.193,3.142,3.204,-2.298,-4.472,1.099,-0.221,1.2,0.743,0.358,-0.777,0.528,0.188,1.313,-2.849,2.706,2.822,3.086,1.097,4.308,4.494,1.347,0.088,1.471,1.053,0.768,-0.366,0.938,0.598,3.382,3.459,5.385,5.509,0.248,0.287,0.046,0.163,-0.015,0.063
2022-07-14,CTD8,4174178,693048,0.019625485,0.028465003,0.034994133,0.00997973,0.0063646017,0.00162552,0.001658874,0.0006696057,0.019607395,0.028492443,0.035119873,0.010231545,0.0066369125,0.0015382608,0.034613222,-8.000000000000001e-45,0.475,-0.184,15.823,-0.281,22.378,0.326,-49.249,0.51,-106.165,-0.103,6.555,0.481,-65.072,0.635,-121.988,0.556,-71.627,0.692,-128.543,0.221,-56.916,0.554,0.158,0.101,0.637,0.223,0.142,-1.402,-1.723,-0.313,-3.022,-3.715,-1.059,0.129,0.065,0.042,-1.277,-2.277,-0.414,-2.394,-4.269,-1.217,-1.406,-2.039,-0.456,-2.523,-3.659,-1.283,-1.117,-1.62,-1.992,-0.197,-0.214,-0.541,-0.4,-0.441,-0.94,0.152,0.277,0.233,0.209,0.345,0.295,-0.221,-0.251,-0.399,0.338,0.711,0.447,0.405,0.747,0.491,0.52,0.962,0.718,0.595,0.967,0.745,0.075,0.066,0.057,-2.817,-4.809,0.404,-0.879,0.508,0.052,-2.291,-3.912,0.21,-1.007,0.337,-0.077,1.153,-2.506,0.737,-3.532,1.743,1.785,2.27,0.231,1.854,-0.423,2.733,2.798,-2.056,-4.048,1.165,-0.118,1.269,0.813,0.305,-0.755,0.489,0.176,1.069,-2.646,2.528,2.67,2.689,0.966,3.964,4.187,1.432,0.215,1.56,1.145,0.721,-0.339,0.905,0.592,3.182,3.283,4.99,5.148,0.285,0.327,0.026,0.169,-0.039,0.062,-0.185,15.904,-0.283,22.527,0.314,-46.736,0.494,-99.671,-0.104,6.623,0.472,-62.64,0.622,-115.575,0.549,-69.263,0.682,-122.199,0.213,-52.936,0.559,0.163,0.106,0.642,0.23,0.15,-1.332,-1.641,-0.31,-2.84,-3.5,-1.02,0.13,0.068,0.044,-1.228,-2.2,-0.416,-2.266,-4.059,-1.183,-1.358,-1.973,-0.46,-2.396,-3.482,-1.25,-1.038,-1.508,-1.859,-0.196,-0.213,-0.527,-0.401,-0.442,-0.92,0.147,0.267,0.225,0.204,0.335,0.286,-0.222,-0.253,-0.393,0.334,0.696,0.437,0.399,0.732,0.482,0.517,0.948,0.708,0.592,0.955,0.736,0.075,0.066,0.057,-2.744,-4.603,0.397,-0.853,0.499,0.039,-2.226,-3.735,0.199,-0.983,0.325,-0.09,1.105,-2.377,0.684,-3.375,1.683,1.727,2.143,0.17,1.722,-0.478,2.595,2.663,-1.979,-3.838,1.162,-0.088,1.264,0.804,0.289,-0.73,0.473,0.163,0.994,-2.507,2.446,2.596,2.502,0.861,3.771,4.002,1.432,0.25,1.558,1.142,0.711,-0.309,0.894,0.584,3.094,3.2,4.77,4.933,0.289,0.333,0.021,0.17,-0.047,0.058
2022-07-14,CTD10,4170388,695646,0.017875541,0.025090547,0.026391119,0.0064191455,0.003840821,0.0010319425,0.0010699517,0.00042997068,0.017931232,0.02516602,0.026389249,0.006543011,0.0041739554,0.0009806062,0.0012244611,-8.000000000000001e-45,0.479,-0.168,16.087,-0.192,18.051,0.472,-99.842,0.646,-204.419,-0.025,1.964,0.593,-115.928,0.734,-220.505,0.609,-117.892,0.746,-222.469,0.251,-104.577,0.425,0.103,0.062,0.453,0.116,0.069,-2.505,-2.635,-0.383,-5.129,-5.395,-1.312,0.035,0.013,0.008,-2.072,-3.059,-0.445,-3.942,-5.819,-1.415,-2.107,-2.958,-0.453,-3.977,-5.582,-1.428,-1.869,-2.624,-2.76,-0.22,-0.239,-0.703,-0.27,-0.294,-0.83,0.223,0.396,0.379,0.273,0.445,0.428,-0.054,-0.06,-0.127,0.422,0.86,0.618,0.48,0.875,0.648,0.465,0.92,0.69,0.525,0.928,0.716,0.06,0.058,0.05,-3.399,-6.159,0.469,-0.959,0.567,0.114,-3.231,-5.855,0.421,-0.994,0.524,0.079,1.834,-3.748,1.733,-4.086,2.632,2.639,3.703,0.745,3.602,0.543,4.398,4.411,-2.708,-5.468,1.16,-0.268,1.258,0.805,0.592,-0.721,0.736,0.352,2.432,-2.963,3.694,3.763,5.056,2.421,6.173,6.289,1.221,-0.195,1.323,0.878,0.693,-0.619,0.837,0.453,3.896,3.958,6.512,6.615,0.206,0.214,0.041,0.11,0.028,0.09,-0.168,16.032,-0.191,17.874,0.465,-97.066,0.622,-183.812,-0.024,1.842,0.587,-113.099,0.715,-199.845,0.603,-114.941,0.727,-201.687,0.221,-86.746,0.423,0.105,0.067,0.45,0.117,0.075,-2.443,-2.562,-0.405,-4.626,-4.851,-1.203,0.033,0.012,0.008,-2.028,-2.985,-0.472,-3.583,-5.274,-1.308,-2.061,-2.893,-0.48,-3.616,-5.076,-1.32,-1.555,-2.183,-2.289,-0.22,-0.237,-0.675,-0.267,-0.288,-0.789,0.221,0.388,0.373,0.267,0.434,0.418,-0.05,-0.055,-0.114,0.42,0.842,0.609,0.474,0.858,0.637,0.46,0.898,0.676,0.515,0.908,0.701,0.055,0.053,0.046,-3.321,-5.61,0.465,-0.855,0.554,0.075,-3.167,-5.35,0.419,-0.888,0.514,0.042,1.787,-3.289,1.692,-3.582,2.575,2.582,3.342,0.45,3.247,0.263,4.036,4.048,-2.63,-4.919,1.156,-0.164,1.245,0.766,0.589,-0.614,0.721,0.316,2.375,-2.476,3.613,3.688,4.558,1.996,5.664,5.781,1.212,-0.096,1.306,0.834,0.684,-0.519,0.816,0.411,3.8,3.867,5.957,6.062,0.199,0.207,0.027,0.102,0.015,0.082
2022-07-14,CTD11,4169609,700351,0.009398268,0.013022925,0.015590026,0.0023425831,0.0017055564,0.00040590458,0.00040499525,0.00015447666,0.00937631,0.012933338,0.015694872,0.002355517,0.0016408304,0.000426314,0.24351533,-2.878e-42,0.433,-0.162,29.615,-0.248,42.259,0.601,-320.477,0.693,-479.916,-0.09,12.644,0.695,-350.092,0.768,-509.531,0.739,-362.736,0.803,-522.175,0.157,-159.44,0.462,0.069,0.051,0.55,0.099,0.072,-4.174,-4.996,-0.547,-6.25,-7.482,-1.124,0.119,0.03,0.022,-3.29,-5.458,-0.597,-4.789,-7.944,-1.194,-3.409,-4.724,-0.619,-4.908,-6.8,-1.223,-1.498,-2.076,-2.486,-0.202,-0.21,-0.895,-0.403,-0.42,-1.53,0.247,0.479,0.408,0.269,0.501,0.429,-0.219,-0.231,-0.634,0.427,0.962,0.618,0.453,0.964,0.631,0.591,1.193,0.899,0.619,1.183,0.904,0.028,0.025,0.022,-5.933,-8.419,0.571,-0.652,0.612,-0.006,-4.956,-7.033,0.423,-0.771,0.472,-0.125,3.177,-3.624,2.815,-5.129,3.881,3.903,4.675,-0.049,4.313,-1.145,5.331,5.36,-5.269,-7.755,1.235,0.012,1.276,0.658,0.586,-0.538,0.654,0.107,3.9,-3.582,5.378,5.45,5.977,0.981,7.386,7.485,1.479,0.285,1.528,0.931,0.948,-0.176,1.016,0.469,6.474,6.524,8.891,8.961,0.118,0.14,-0.002,0.07,-0.031,0.019,-0.159,29.332,-0.252,42.937,0.598,-317.883,0.702,-502.796,-0.096,13.604,0.692,-347.216,0.775,-532.128,0.739,-360.82,0.811,-545.732,0.179,-184.912,0.46,0.069,0.048,0.555,0.101,0.07,-4.111,-4.989,-0.522,-6.503,-7.891,-1.184,0.128,0.032,0.022,-3.256,-5.45,-0.57,-4.989,-8.352,-1.253,-3.383,-4.667,-0.592,-5.117,-7.058,-1.285,-1.734,-2.392,-2.902,-0.197,-0.205,-0.89,-0.413,-0.434,-1.581,0.245,0.482,0.405,0.27,0.506,0.429,-0.235,-0.251,-0.691,0.422,0.96,0.61,0.45,0.963,0.626,0.598,1.211,0.915,0.63,1.198,0.919,0.032,0.029,0.025,-5.938,-8.84,0.575,-0.711,0.62,0.028,-4.893,-7.285,0.415,-0.838,0.471,-0.099,3.157,-3.902,2.767,-5.585,3.854,3.876,4.89,0.224,4.501,-0.949,5.532,5.564,-5.284,-8.186,1.229,-0.056,1.275,0.683,0.573,-0.612,0.649,0.127,3.817,-4.075,5.316,5.386,6.208,1.219,7.631,7.732,1.492,0.238,1.547,0.977,0.962,-0.222,1.039,0.517,6.488,6.536,9.314,9.383,0.124,0.147,0.007,0.078,-0.025,0.023
2022-07-14,CTD12,4173438,695414,0.024606895,0.034051735,0.03788219,0.010831782,0.0065563656,0.0017339702,0.0018048363,0.0007242758,0.02455467,0.034073196,0.038030654,0.011037233,0.007004296,0.0015906412,0.0012650916,-8.000000000000001e-45,0.428,-0.161,11.272,-0.212,14.241,0.389,-51.682,0.579,-111.885,-0.053,2.969,0.517,-62.954,0.677,-123.156,0.555,-65.923,0.705,-126.126,0.246,-60.203,0.427,0.122,0.074,0.485,0.154,0.093,-1.76,-1.958,-0.339,-3.81,-4.238,-1.212,0.073,0.032,0.019,-1.549,-2.385,-0.413,-3.03,-4.665,-1.334,-1.622,-2.245,-0.432,-3.104,-4.295,-1.366,-1.481,-2.05,-2.281,-0.194,-0.213,-0.543,-0.296,-0.327,-0.763,0.191,0.339,0.31,0.251,0.402,0.371,-0.108,-0.123,-0.22,0.372,0.745,0.523,0.44,0.776,0.564,0.461,0.868,0.666,0.534,0.884,0.698,0.073,0.068,0.059,-2.775,-5.055,0.437,-0.929,0.55,0.117,-2.494,-4.544,0.331,-1.003,0.457,0.044,1.373,-2.922,1.159,-3.506,2.079,2.099,2.854,0.609,2.641,0.256,3.435,3.467,-2.113,-4.394,1.098,-0.268,1.211,0.779,0.459,-0.753,0.632,0.294,1.604,-2.634,2.877,2.971,3.654,1.696,4.753,4.908,1.221,-0.113,1.347,0.934,0.672,-0.54,0.846,0.507,3.231,3.305,5.338,5.46,0.248,0.267,0.052,0.145,0.019,0.093,-0.162,11.377,-0.215,14.431,0.38,-49.877,0.556,-102.044,-0.055,3.054,0.511,-61.254,0.659,-113.421,0.55,-64.308,0.689,-116.475,0.224,-52.167,0.433,0.126,0.08,0.492,0.159,0.101,-1.699,-1.897,-0.349,-3.477,-3.881,-1.126,0.075,0.034,0.021,-1.504,-2.33,-0.429,-2.785,-4.313,-1.252,-1.579,-2.191,-0.45,-2.86,-3.969,-1.286,-1.281,-1.777,-1.984,-0.194,-0.211,-0.528,-0.299,-0.328,-0.747,0.187,0.329,0.3,0.243,0.389,0.358,-0.111,-0.125,-0.219,0.368,0.73,0.512,0.433,0.761,0.552,0.46,0.855,0.657,0.529,0.872,0.688,0.069,0.064,0.056,-2.725,-4.709,0.43,-0.855,0.536,0.086,-2.441,-4.219,0.322,-0.93,0.44,0.011,1.329,-2.64,1.109,-3.205,2.019,2.041,2.61,0.419,2.39,0.06,3.182,3.215,-2.058,-4.042,1.097,-0.188,1.203,0.753,0.446,-0.68,0.611,0.261,1.538,-2.343,2.802,2.903,3.316,1.419,4.415,4.574,1.225,-0.027,1.343,0.914,0.667,-0.46,0.831,0.482,3.16,3.24,4.98,5.106,0.244,0.265,0.039,0.14,0.005,0.085
2022-08-03,CTD1,4187246,695025,0.010622964,0.014413972,0.021580065,0.006432746,0.0057486845,0.0014029214,0.0014029724,0.0005399489,0.010620271,0.014190615,0.02172432,0.006609967,0.0051995832,0.0014804131,0.4315933,-8.000000000000001e-45,0.249,-0.151,24.759,-0.34,47.797,0.246,-61.319,0.298,-79.817,-0.199,23.038,0.383,-86.077,0.43,-104.576,0.541,-109.116,0.579,-127.614,0.056,-18.498,0.534,0.159,0.142,0.689,0.307,0.275,-0.884,-1.323,-0.353,-1.15,-1.722,-0.513,0.245,0.148,0.132,-0.914,-1.858,-0.495,-1.111,-2.257,-0.673,-1.159,-1.573,-0.627,-1.356,-1.839,-0.821,-0.197,-0.267,-0.399,-0.135,-0.139,-0.311,-0.526,-0.543,-0.899,0.116,0.208,0.153,0.135,0.234,0.174,-0.42,-0.438,-0.588,0.248,0.488,0.292,0.269,0.508,0.309,0.605,0.925,0.751,0.632,0.928,0.759,0.027,0.021,0.019,-2.618,-3.017,0.439,-0.382,0.471,-0.157,-1.748,-2.015,0.046,-0.627,0.093,-0.401,0.983,-0.856,0.154,-2.103,1.253,1.385,1.18,-0.393,0.351,-1.507,1.402,1.55,-1.998,-2.397,1.059,0.238,1.09,0.463,0.062,-0.451,0.127,-0.226,0.209,-1.513,1.7,1.974,0.476,-0.847,1.902,2.209,1.585,0.912,1.633,1.138,0.892,0.378,0.956,0.604,2.814,2.956,3.148,3.308,0.207,0.339,-0.095,0.18,-0.243,-0.101,-0.144,23.69,-0.343,48.128,0.233,-57.127,0.343,-98.164,-0.21,24.438,0.364,-80.818,0.464,-121.854,0.533,-105.255,0.614,-146.292,0.119,-41.036,0.515,0.157,0.123,0.683,0.318,0.25,-0.811,-1.241,-0.297,-1.393,-2.133,-0.649,0.26,0.162,0.127,-0.858,-1.756,-0.42,-1.294,-2.647,-0.805,-1.118,-1.494,-0.547,-1.554,-2.076,-0.967,-0.436,-0.582,-0.891,-0.126,-0.133,-0.302,-0.534,-0.573,-0.94,0.112,0.207,0.149,0.151,0.261,0.191,-0.437,-0.476,-0.638,0.234,0.479,0.282,0.278,0.522,0.317,0.609,0.955,0.779,0.666,0.959,0.794,0.057,0.044,0.039,-2.538,-3.43,0.444,-0.523,0.509,-0.038,-1.658,-2.24,0.023,-0.782,0.122,-0.298,0.953,-1.122,0.076,-2.571,1.24,1.367,1.389,-0.104,0.512,-1.244,1.577,1.738,-1.95,-2.842,1.032,0.065,1.097,0.55,0.031,-0.618,0.164,-0.133,0.101,-2.031,1.657,1.908,0.684,-0.557,2.107,2.425,1.58,0.774,1.679,1.259,0.909,0.26,1.041,0.744,2.797,2.92,3.556,3.712,0.256,0.383,-0.024,0.226,-0.185,-0.062
2022-08-03,CTD2,4181518,693105,0.015059189,0.020318463,0.021352774,0.0048521566,0.0030307109,0.00079486513,0.00081141654,0.00032199553,0.015136223,0.020368244,0.021303117,0.004947963,0.0032253966,0.0007767703,0.03728742,-8.000000000000001e-45,0.389,-0.149,17.188,-0.173,19.572,0.513,-139.689,0.665,-263.551,-0.025,2.384,0.614,-156.878,0.74,-280.739,0.63,-159.262,0.751,-283.123,0.231,-123.862,0.367,0.083,0.052,0.398,0.095,0.059,-2.838,-2.983,-0.423,-5.355,-5.628,-1.279,0.036,0.012,0.007,-2.362,-3.35,-0.475,-4.228,-5.995,-1.362,-2.398,-3.236,-0.483,-4.264,-5.753,-1.374,-1.865,-2.517,-2.645,-0.201,-0.216,-0.667,-0.25,-0.27,-0.798,0.245,0.437,0.419,0.289,0.478,0.459,-0.052,-0.057,-0.131,0.425,0.855,0.634,0.475,0.868,0.66,0.466,0.912,0.707,0.518,0.92,0.728,0.051,0.05,0.044,-3.66,-6.304,0.514,-0.86,0.599,0.117,-3.482,-5.999,0.466,-0.896,0.556,0.081,2.152,-3.601,2.053,-3.942,2.954,2.962,4.017,0.781,3.918,0.568,4.73,4.742,-3.051,-5.696,1.122,-0.252,1.207,0.725,0.629,-0.649,0.75,0.327,2.77,-2.858,3.986,4.046,5.286,2.304,6.382,6.477,1.179,-0.183,1.269,0.793,0.729,-0.55,0.85,0.426,4.199,4.252,6.723,6.807,0.173,0.18,0.038,0.097,0.026,0.078,-0.147,16.971,-0.169,19.125,0.507,-136.037,0.649,-243.973,-0.022,2.155,0.609,-153.007,0.727,-260.943,0.623,-155.162,0.737,-263.098,0.211,-107.936,0.362,0.084,0.055,0.39,0.095,0.062,-2.771,-2.898,-0.439,-4.969,-5.197,-1.207,0.033,0.011,0.007,-2.316,-3.26,-0.494,-3.95,-5.559,-1.291,-2.349,-3.16,-0.5,-3.982,-5.359,-1.302,-1.634,-2.198,-2.299,-0.199,-0.213,-0.64,-0.244,-0.261,-0.755,0.244,0.432,0.415,0.286,0.47,0.454,-0.047,-0.051,-0.114,0.423,0.84,0.629,0.47,0.854,0.653,0.461,0.891,0.693,0.509,0.9,0.714,0.049,0.047,0.041,-3.562,-5.862,0.511,-0.791,0.592,0.091,-3.406,-5.604,0.468,-0.824,0.552,0.059,2.103,-3.256,2.013,-3.546,2.901,2.908,3.737,0.576,3.647,0.387,4.45,4.461,-2.96,-5.259,1.113,-0.188,1.194,0.694,0.629,-0.578,0.743,0.304,2.709,-2.488,3.903,3.965,4.908,2.01,5.988,6.083,1.165,-0.127,1.249,0.756,0.719,-0.488,0.833,0.394,4.092,4.147,6.278,6.362,0.169,0.175,0.03,0.092,0.019,0.074
2022-08-03,CTD3,4181698,695238,0.0147037795,0.018149428,0.020514192,0.006740137,0.0047127143,0.0012915408,0.0013229767,0.000528818,0.014685303,0.018187428,0.020315086,0.0067823394,0.004828077,0.0012584093,0.101224855,-8.000000000000001e-45,0.391,-0.105,12.912,-0.165,19.263,0.371,-80.355,0.515,-144.182,-0.061,6.351,0.458,-93.267,0.588,-157.094,0.505,-99.618,0.626,-163.445,0.177,-63.827,0.265,0.087,0.061,0.35,0.13,0.091,-1.458,-1.648,-0.379,-2.617,-2.958,-0.972,0.093,0.043,0.03,-1.371,-1.913,-0.44,-2.31,-3.223,-1.059,-1.465,-1.808,-0.469,-2.403,-2.966,-1.102,-0.938,-1.158,-1.309,-0.126,-0.137,-0.301,-0.233,-0.254,-0.507,0.206,0.348,0.316,0.258,0.401,0.367,-0.11,-0.122,-0.206,0.324,0.588,0.452,0.382,0.627,0.493,0.419,0.709,0.602,0.481,0.737,0.635,0.062,0.058,0.052,-2.233,-3.543,0.482,-0.62,0.58,0.111,-1.976,-3.134,0.345,-0.713,0.457,0.018,1.297,-1.67,1.051,-2.171,1.922,1.952,2.235,0.427,1.99,0.076,2.749,2.791,-1.809,-3.119,0.906,-0.196,1.005,0.535,0.426,-0.545,0.564,0.186,1.298,-1.66,2.372,2.463,2.456,0.808,3.393,3.523,1.024,-0.035,1.136,0.696,0.672,-0.3,0.81,0.431,2.723,2.784,3.895,3.982,0.199,0.229,0.051,0.142,0.008,0.069,-0.107,13.112,-0.161,18.871,0.368,-79.346,0.505,-139.027,-0.055,5.759,0.457,-92.459,0.58,-152.139,0.499,-98.217,0.616,-157.897,0.168,-59.68,0.266,0.089,0.063,0.343,0.128,0.091,-1.443,-1.612,-0.383,-2.529,-2.824,-0.943,0.085,0.039,0.028,-1.358,-1.878,-0.446,-2.234,-3.091,-1.032,-1.442,-1.786,-0.474,-2.319,-2.872,-1.071,-0.876,-1.085,-1.212,-0.129,-0.139,-0.302,-0.225,-0.245,-0.485,0.205,0.343,0.314,0.256,0.395,0.364,-0.099,-0.109,-0.183,0.326,0.584,0.454,0.382,0.622,0.493,0.412,0.694,0.588,0.471,0.721,0.62,0.059,0.056,0.051,-2.188,-3.4,0.474,-0.597,0.57,0.096,-1.959,-3.044,0.35,-0.682,0.457,0.011,1.27,-1.602,1.048,-2.042,1.9,1.928,2.146,0.36,1.925,0.046,2.669,2.708,-1.757,-2.969,0.905,-0.166,1.001,0.527,0.433,-0.51,0.566,0.183,1.298,-1.526,2.353,2.444,2.384,0.772,3.305,3.433,1.01,-0.021,1.118,0.672,0.655,-0.288,0.788,0.405,2.667,2.73,3.746,3.835,0.196,0.224,0.044,0.135,0.005,0.068
2022-08-03,CTD4,4180266,698264,0.021852175,0.025384575,0.028394701,0.011762664,0.008718896,0.0025589825,0.0025274586,0.0010203632,0.021353196,0.025534108,0.028138492,0.011530011,0.0086882515,0.0024010392,0.12674977,-8.000000000000001e-45,0.381,-0.075,6.368,-0.13,10.544,0.3,-39.253,0.43,-68.931,-0.056,4.176,0.367,-45.621,0.489,-75.299,0.414,-49.797,0.53,-79.476,0.149,-29.679,0.181,0.075,0.056,0.268,0.124,0.092,-0.996,-1.115,-0.342,-1.75,-1.957,-0.811,0.091,0.049,0.036,-0.997,-1.295,-0.398,-1.645,-2.138,-0.886,-1.088,-1.264,-0.434,-1.737,-2.017,-0.935,-0.649,-0.753,-0.843,-0.088,-0.095,-0.172,-0.176,-0.192,-0.319,0.188,0.296,0.272,0.244,0.354,0.327,-0.09,-0.098,-0.147,0.271,0.446,0.367,0.332,0.496,0.415,0.352,0.544,0.488,0.417,0.585,0.53,0.064,0.061,0.057,-1.553,-2.396,0.447,-0.488,0.554,0.12,-1.388,-2.142,0.306,-0.58,0.426,0.028,0.964,-1.054,0.739,-1.399,1.514,1.551,1.612,0.348,1.388,0.092,2.043,2.092,-1.252,-2.095,0.747,-0.187,0.855,0.42,0.356,-0.455,0.495,0.153,0.859,-1.099,1.759,1.851,1.612,0.497,2.373,2.497,0.836,-0.05,0.956,0.558,0.58,-0.231,0.72,0.377,2.015,2.07,2.718,2.793,0.195,0.231,0.064,0.156,0.015,0.071,-0.089,7.668,-0.137,11.293,0.299,-39.899,0.422,-68.267,-0.049,3.625,0.378,-47.567,0.492,-75.935,0.419,-51.192,0.528,-79.559,0.141,-28.368,0.216,0.088,0.067,0.288,0.13,0.098,-1.019,-1.123,-0.347,-1.743,-1.921,-0.787,0.077,0.042,0.031,-1.016,-1.338,-0.413,-1.621,-2.137,-0.876,-1.093,-1.307,-0.445,-1.699,-2.031,-0.917,-0.606,-0.724,-0.798,-0.105,-0.114,-0.207,-0.183,-0.198,-0.336,0.183,0.287,0.267,0.236,0.342,0.319,-0.079,-0.087,-0.129,0.283,0.466,0.38,0.34,0.512,0.425,0.354,0.553,0.485,0.415,0.591,0.525,0.061,0.057,0.053,-1.604,-2.402,0.427,-0.491,0.527,0.083,-1.456,-2.18,0.307,-0.568,0.419,0.005,0.945,-1.087,0.75,-1.387,1.512,1.543,1.55,0.243,1.356,0.017,2.006,2.048,-1.245,-2.043,0.786,-0.131,0.887,0.442,0.367,-0.42,0.501,0.154,0.897,-1.024,1.808,1.906,1.621,0.498,2.399,2.529,0.866,-0.009,0.978,0.564,0.562,-0.225,0.695,0.348,2.034,2.1,2.699,2.787,0.2,0.231,0.045,0.143,0.003,0.069
2022-08-03,CTD6,4176009,695829,0.01589317,0.02095847,0.023882452,0.0082786875,0.00509054,0.0014177323,0.001409529,0.000580377,0.015893338,0.021140674,0.023608673,0.008395124,0.0055583655,0.0013213119,0.00037101549,-8.000000000000001e-45,0.488,-0.137,15.207,-0.201,21.048,0.315,-57.872,0.515,-133.523,-0.065,5.842,0.434,-73.079,0.609,-148.729,0.485,-78.92,0.649,-154.571,0.238,-75.651,0.363,0.126,0.077,0.441,0.174,0.107,-1.213,-1.382,-0.295,-2.798,-3.189,-1.105,0.093,0.048,0.03,-1.161,-1.745,-0.372,-2.364,-3.552,-1.231,-1.254,-1.654,-0.402,-2.457,-3.24,-1.28,-1.202,-1.586,-1.807,-0.157,-0.175,-0.379,-0.273,-0.307,-0.598,0.17,0.292,0.263,0.241,0.369,0.336,-0.121,-0.139,-0.219,0.319,0.604,0.438,0.399,0.656,0.493,0.423,0.744,0.599,0.51,0.777,0.643,0.087,0.08,0.071,-2.126,-3.933,0.412,-0.868,0.545,0.143,-1.866,-3.452,0.27,-0.961,0.423,0.051,1.042,-2.197,0.78,-2.772,1.677,1.707,2.245,0.59,1.983,0.237,2.727,2.775,-1.566,-3.373,0.972,-0.308,1.106,0.704,0.357,-0.749,0.557,0.263,1.029,-2.16,2.211,2.318,2.614,1.232,3.596,3.77,1.108,-0.124,1.26,0.888,0.619,-0.487,0.819,0.525,2.565,2.642,4.171,4.297,0.278,0.308,0.075,0.182,0.026,0.104,-0.142,15.617,-0.195,20.562,0.309,-56.197,0.482,-116.99,-0.055,4.945,0.432,-71.815,0.584,-132.607,0.475,-76.759,0.619,-137.552,0.203,-60.792,0.369,0.131,0.087,0.435,0.173,0.114,-1.188,-1.327,-0.312,-2.473,-2.762,-0.982,0.079,0.042,0.027,-1.141,-1.695,-0.399,-2.108,-3.131,-1.113,-1.22,-1.623,-0.427,-2.186,-2.908,-1.155,-0.966,-1.285,-1.435,-0.164,-0.18,-0.376,-0.261,-0.289,-0.553,0.168,0.281,0.257,0.231,0.35,0.323,-0.102,-0.115,-0.177,0.323,0.594,0.437,0.394,0.642,0.487,0.411,0.709,0.57,0.487,0.743,0.611,0.077,0.072,0.063,-2.06,-3.496,0.396,-0.759,0.516,0.09,-1.845,-3.13,0.276,-0.837,0.41,0.011,0.998,-1.91,0.776,-2.354,1.63,1.658,1.964,0.341,1.743,0.047,2.462,2.504,-1.482,-2.917,0.975,-0.18,1.095,0.668,0.367,-0.615,0.546,0.233,1.033,-1.729,2.168,2.283,2.318,0.991,3.275,3.448,1.088,-0.025,1.223,0.823,0.589,-0.394,0.767,0.455,2.462,2.549,3.719,3.85,0.265,0.293,0.047,0.162,0.006,0.093
2022-08-03,CTD7,4176724,690397,0.029371643,0.04384071,0.053803682,0.014690582,0.008422147,0.0021755758,0.0021817982,0.00088218675,0.02959846,0.043526653,0.054130916,0.014963665,0.0092089735,0.0019483538,0.00036222753,-8.000000000000001e-45,0.434,-0.198,11.237,-0.294,15.46,0.333,-34.024,0.554,-84.688,-0.102,4.224,0.498,-45.261,0.678,-95.925,0.571,-49.485,0.729,-100.148,0.271,-50.664,0.605,0.165,0.095,0.678,0.227,0.13,-1.492,-1.831,-0.287,-3.713,-4.557,-1.244,0.124,0.062,0.036,-1.329,-2.435,-0.381,-2.817,-5.161,-1.409,-1.453,-2.169,-0.417,-2.942,-4.391,-1.471,-1.488,-2.221,-2.726,-0.211,-0.233,-0.626,-0.417,-0.467,-1.057,0.15,0.281,0.236,0.215,0.358,0.306,-0.226,-0.264,-0.431,0.35,0.771,0.468,0.426,0.804,0.517,0.534,1.035,0.748,0.62,1.03,0.775,0.086,0.075,0.064,-2.992,-5.718,0.397,-1.074,0.513,0.097,-2.438,-4.66,0.211,-1.198,0.354,-0.027,1.185,-3.206,0.772,-4.389,1.807,1.843,2.673,0.503,2.26,-0.175,3.152,3.214,-2.17,-4.896,1.22,-0.252,1.336,0.919,0.315,-0.929,0.528,0.242,1.152,-3.404,2.698,2.828,3.374,1.543,4.705,4.932,1.497,0.088,1.64,1.259,0.727,-0.517,0.941,0.654,3.376,3.47,5.888,6.053,0.308,0.344,0.048,0.179,-0.014,0.081,-0.19,10.811,-0.293,15.312,0.328,-33.043,0.525,-74.804,-0.109,4.501,0.488,-43.854,0.651,-85.615,0.567,-48.355,0.709,-90.116,0.238,-41.761,0.585,0.162,0.1,0.666,0.229,0.141,-1.438,-1.789,-0.304,-3.256,-4.049,-1.119,0.133,0.067,0.041,-1.298,-2.374,-0.404,-2.534,-4.634,-1.281,-1.431,-2.105,-0.445,-2.667,-3.922,-1.348,-1.236,-1.818,-2.261,-0.202,-0.22,-0.576,-0.419,-0.465,-1.015,0.15,0.278,0.231,0.209,0.349,0.295,-0.238,-0.273,-0.439,0.341,0.736,0.451,0.41,0.77,0.497,0.536,1.009,0.743,0.614,1.008,0.768,0.079,0.069,0.059,-2.937,-5.198,0.404,-0.945,0.51,0.065,-2.362,-4.18,0.203,-1.078,0.335,-0.069,1.174,-2.749,0.734,-3.9,1.766,1.808,2.41,0.305,1.97,-0.403,2.87,2.938,-2.147,-4.407,1.194,-0.154,1.3,0.855,0.299,-0.821,0.493,0.189,1.08,-2.969,2.598,2.739,2.898,1.109,4.221,4.45,1.485,0.204,1.617,1.213,0.738,-0.381,0.932,0.628,3.306,3.406,5.373,5.534,0.294,0.335,0.033,0.174,-0.035,0.065
2022-08-03,CTD8,4174178,693048,0.017072594,0.02436508,0.034495205,0.012018761,0.008917957,0.002289783,0.0022730087,0.00090171804,0.01693048,0.024343565,0.03461338,0.01217747,0.008732435,0.0022252293,0.18771374,-8.000000000000001e-45,0.52,-0.176,17.531,-0.338,29.584,0.174,-24.63,0.314,-53.56,-0.172,12.053,0.339,-42.161,0.464,-71.091,0.483,-54.214,0.589,-83.144,0.148,-28.93,0.605,0.211,0.156,0.721,0.356,0.264,-0.6,-0.85,-0.22,-1.305,-1.848,-0.644,0.206,0.145,0.107,-0.72,-1.454,-0.376,-1.214,-2.452,-0.854,-0.926,-1.321,-0.483,-1.419,-2.026,-0.999,-0.494,-0.705,-0.998,-0.157,-0.168,-0.348,-0.479,-0.523,-0.832,0.086,0.152,0.116,0.139,0.224,0.175,-0.348,-0.39,-0.484,0.239,0.475,0.284,0.3,0.531,0.332,0.542,0.865,0.675,0.617,0.879,0.703,0.075,0.06,0.053,-2.169,-3.167,0.352,-0.647,0.442,-0.041,-1.532,-2.237,0.002,-0.853,0.129,-0.247,0.714,-1.312,0.005,-2.448,1.054,1.162,1.208,-0.113,0.499,-0.956,1.421,1.566,-1.443,-2.441,1.079,0.079,1.169,0.685,0.002,-0.641,0.184,-0.036,0.007,-1.841,1.505,1.769,0.712,-0.138,2.028,2.384,1.527,0.673,1.654,1.278,0.712,0.068,0.893,0.674,2.348,2.504,3.164,3.375,0.338,0.445,-0.029,0.235,-0.174,-0.018,-0.18,17.986,-0.343,30.175,0.163,-23.054,0.319,-55.451,-0.174,12.188,0.333,-41.04,0.472,-73.437,0.479,-53.228,0.597,-85.625,0.165,-32.397,0.623,0.219,0.157,0.735,0.367,0.263,-0.561,-0.798,-0.201,-1.35,-1.919,-0.675,0.206,0.148,0.106,-0.695,-1.421,-0.358,-1.243,-2.542,-0.894,-0.901,-1.296,-0.465,-1.45,-2.084,-1.043,-0.548,-0.789,-1.121,-0.158,-0.171,-0.355,-0.484,-0.535,-0.846,0.081,0.144,0.11,0.139,0.224,0.175,-0.353,-0.4,-0.491,0.236,0.474,0.281,0.303,0.536,0.334,0.544,0.874,0.678,0.627,0.889,0.709,0.083,0.067,0.058,-2.147,-3.268,0.344,-0.699,0.443,-0.022,-1.51,-2.299,-0.011,-0.905,0.13,-0.228,0.687,-1.397,-0.032,-2.573,1.032,1.138,1.236,-0.06,0.517,-0.904,1.439,1.587,-1.405,-2.526,1.086,0.043,1.186,0.721,-0.016,-0.691,0.188,-0.014,-0.045,-1.965,1.483,1.747,0.743,-0.055,2.068,2.436,1.544,0.65,1.686,1.327,0.703,0.027,0.906,0.705,2.327,2.484,3.245,3.464,0.361,0.467,-0.016,0.248,-0.164,-0.007
2022-08-03,CTD10,4170388,695646,0.014688737,0.020895021,0.027020385,0.006963901,0.0048589422,0.0011998414,0.0012186952,0.0004783669,0.014696654,0.020825049,0.027123569,0.007165567,0.004865358,0.0011959228,0.15159577,-8.000000000000001e-45,0.496,-0.174,20.221,-0.296,31.07,0.357,-75.518,0.503,-137.727,-0.128,10.849,0.5,-95.739,0.623,-157.948,0.59,-106.589,0.695,-168.797,0.178,-62.208,0.546,0.141,0.098,0.649,0.216,0.151,-1.578,-2.041,-0.367,-2.878,-3.721,-0.959,0.159,0.076,0.053,-1.406,-2.587,-0.465,-2.32,-4.268,-1.1,-1.566,-2.227,-0.518,-2.479,-3.527,-1.175,-0.914,-1.3,-1.681,-0.183,-0.195,-0.525,-0.443,-0.479,-1.043,0.161,0.3,0.242,0.205,0.353,0.289,-0.283,-0.313,-0.518,0.334,0.713,0.437,0.384,0.741,0.472,0.564,1.026,0.779,0.623,1.023,0.795,0.059,0.05,0.044,-3.177,-4.858,0.445,-0.73,0.523,0.005,-2.457,-3.757,0.21,-0.89,0.311,-0.154,1.336,-2.191,0.816,-3.452,1.877,1.929,2.25,0.023,1.73,-0.857,2.69,2.765,-2.458,-4.138,1.165,-0.011,1.243,0.725,0.299,-0.66,0.443,0.076,1.161,-2.56,2.67,2.821,2.461,0.42,3.826,4.043,1.506,0.406,1.607,1.142,0.819,-0.14,0.962,0.595,3.549,3.648,5.087,5.228,0.242,0.294,0.002,0.153,-0.073,0.025,-0.173,20.024,-0.297,31.174,0.344,-71.514,0.503,-137.492,-0.131,11.151,0.488,-91.537,0.621,-157.516,0.582,-102.688,0.696,-168.666,0.191,-65.978,0.543,0.143,0.097,0.649,0.223,0.152,-1.489,-1.94,-0.348,-2.863,-3.729,-0.985,0.164,0.08,0.054,-1.345,-2.483,-0.445,-2.315,-4.272,-1.129,-1.509,-2.138,-0.5,-2.479,-3.512,-1.209,-0.97,-1.374,-1.79,-0.179,-0.192,-0.509,-0.444,-0.484,-1.033,0.157,0.293,0.235,0.205,0.351,0.287,-0.288,-0.322,-0.524,0.327,0.698,0.427,0.382,0.73,0.465,0.562,1.02,0.777,0.627,1.018,0.795,0.065,0.055,0.048,-3.08,-4.869,0.442,-0.767,0.526,0.027,-2.364,-3.738,0.198,-0.931,0.308,-0.137,1.283,-2.229,0.749,-3.524,1.817,1.872,2.253,0.114,1.718,-0.765,2.677,2.756,-2.368,-4.158,1.153,-0.056,1.238,0.738,0.28,-0.705,0.437,0.089,1.061,-2.669,2.575,2.727,2.435,0.495,3.793,4.016,1.501,0.373,1.612,1.167,0.815,-0.17,0.971,0.623,3.454,3.552,5.087,5.231,0.254,0.308,0.013,0.165,-0.067,0.031
2022-08-03,CTD11,4169609,700351,0.009407718,0.012038795,0.016902579,0.006017147,0.0052376203,0.0014005676,0.0013568671,0.00054621935,0.009449623,0.01192338,0.016892388,0.0060620653,0.004906491,0.001447358,0.4047226,-8.000000000000001e-45,0.505,-0.123,23.231,-0.285,47.133,0.22,-59.896,0.285,-84.631,-0.168,23.902,0.333,-83.127,0.394,-107.862,0.475,-107.029,0.527,-131.764,0.069,-24.735,0.393,0.14,0.122,0.567,0.284,0.247,-0.721,-1.012,-0.314,-1.019,-1.43,-0.509,0.225,0.144,0.125,-0.782,-1.405,-0.435,-1.015,-1.823,-0.649,-1.007,-1.289,-0.561,-1.24,-1.586,-0.793,-0.233,-0.298,-0.418,-0.115,-0.119,-0.234,-0.415,-0.434,-0.666,0.117,0.196,0.153,0.144,0.231,0.182,-0.315,-0.332,-0.432,0.229,0.411,0.272,0.258,0.441,0.297,0.508,0.743,0.63,0.544,0.756,0.646,0.036,0.03,0.027,-2.028,-2.446,0.425,-0.367,0.472,-0.089,-1.444,-1.742,0.057,-0.592,0.122,-0.314,0.851,-0.735,0.159,-1.664,1.128,1.254,1.084,-0.205,0.392,-1.013,1.296,1.44,-1.529,-1.947,0.924,0.131,0.97,0.409,0.073,-0.437,0.156,-0.158,0.204,-1.226,1.444,1.691,0.502,-0.511,1.659,1.943,1.297,0.648,1.362,0.926,0.764,0.255,0.847,0.534,2.252,2.374,2.588,2.727,0.205,0.33,-0.057,0.19,-0.201,-0.079,-0.116,21.955,-0.283,46.626,0.218,-59.136,0.316,-97.987,-0.172,24.671,0.326,-81.091,0.417,-119.943,0.472,-105.762,0.55,-144.613,0.105,-38.851,0.371,0.133,0.108,0.556,0.283,0.229,-0.705,-0.999,-0.29,-1.168,-1.655,-0.594,0.233,0.15,0.121,-0.766,-1.37,-0.398,-1.133,-2.026,-0.727,-0.999,-1.261,-0.519,-1.367,-1.724,-0.877,-0.367,-0.463,-0.656,-0.108,-0.113,-0.226,-0.414,-0.442,-0.679,0.118,0.201,0.155,0.158,0.253,0.198,-0.32,-0.346,-0.453,0.223,0.408,0.269,0.266,0.452,0.306,0.507,0.754,0.644,0.561,0.773,0.666,0.054,0.044,0.04,-1.994,-2.65,0.434,-0.443,0.502,-0.017,-1.407,-1.871,0.051,-0.676,0.148,-0.25,0.853,-0.871,0.142,-1.884,1.147,1.268,1.22,-0.041,0.509,-0.861,1.418,1.567,-1.525,-2.181,0.903,0.026,0.971,0.452,0.064,-0.53,0.187,-0.104,0.179,-1.476,1.448,1.676,0.642,-0.356,1.789,2.071,1.279,0.552,1.376,0.978,0.775,0.181,0.898,0.607,2.267,2.375,2.801,2.934,0.23,0.351,-0.011,0.218,-0.16,-0.053
2022-08-03,CTD12,4173438,695414,0.02818095,0.036914144,0.0454309,0.016570827,0.011628101,0.0030500926,0.0030877811,0.0012088805,0.027698847,0.03693272,0.045701705,0.01667485,0.011606134,0.002826011,0.11155733,-8.000000000000001e-45,0.507,-0.134,8.395,-0.234,13.474,0.259,-24.862,0.416,-50.514,-0.103,5.078,0.38,-33.257,0.521,-58.909,0.465,-38.336,0.592,-63.987,0.175,-25.652,0.381,0.139,0.098,0.497,0.223,0.157,-0.918,-1.13,-0.289,-1.865,-2.295,-0.837,0.143,0.084,0.059,-0.937,-1.511,-0.387,-1.66,-2.676,-0.976,-1.08,-1.415,-0.446,-1.803,-2.362,-1.06,-0.723,-0.947,-1.165,-0.141,-0.153,-0.31,-0.323,-0.355,-0.612,0.141,0.239,0.203,0.201,0.309,0.267,-0.19,-0.214,-0.302,0.276,0.511,0.357,0.344,0.565,0.408,0.443,0.725,0.595,0.519,0.755,0.632,0.076,0.067,0.06,-1.978,-3.144,0.399,-0.662,0.507,0.062,-1.607,-2.554,0.171,-0.805,0.305,-0.081,0.888,-1.474,0.47,-2.206,1.386,1.445,1.611,0.196,1.193,-0.318,1.975,2.059,-1.432,-2.597,0.945,-0.115,1.054,0.608,0.225,-0.613,0.4,0.111,0.616,-1.679,1.815,1.972,1.562,0.433,2.587,2.81,1.163,0.187,1.297,0.91,0.643,-0.194,0.818,0.529,2.329,2.427,3.319,3.458,0.273,0.332,0.036,0.193,-0.048,0.05,-0.143,9.026,-0.245,14.222,0.248,-23.868,0.409,-50.059,-0.106,5.195,0.378,-32.894,0.522,-59.085,0.465,-38.09,0.595,-64.28,0.179,-26.191,0.413,0.151,0.105,0.525,0.237,0.165,-0.882,-1.091,-0.277,-1.849,-2.288,-0.835,0.144,0.087,0.06,-0.911,-1.503,-0.382,-1.637,-2.7,-0.985,-1.055,-1.407,-0.442,-1.78,-2.374,-1.072,-0.725,-0.967,-1.197,-0.148,-0.161,-0.327,-0.336,-0.371,-0.637,0.133,0.227,0.192,0.195,0.3,0.258,-0.198,-0.223,-0.31,0.276,0.515,0.353,0.345,0.571,0.406,0.449,0.739,0.598,0.528,0.768,0.636,0.078,0.069,0.061,-1.991,-3.188,0.385,-0.687,0.496,0.054,-1.609,-2.576,0.155,-0.831,0.292,-0.09,0.853,-1.521,0.424,-2.277,1.347,1.407,1.578,0.172,1.149,-0.354,1.935,2.022,-1.407,-2.604,0.969,-0.103,1.079,0.637,0.206,-0.629,0.389,0.112,0.565,-1.723,1.796,1.961,1.532,0.441,2.58,2.817,1.198,0.213,1.336,0.954,0.635,-0.199,0.818,0.541,2.322,2.427,3.336,3.486,0.288,0.348,0.032,0.198,-0.054,0.051
2022-09-07,CTD1,4187246,695025,0.005178932,0.0068663014,0.012691954,0.005152979,0.007258228,0.001761733,0.0016298483,0.00064107636,0.0052506845,0.006662728,0.012984229,0.005569232,0.0056209415,0.0020184545,1.5219896,-8.000000000000001e-45,0.523,-0.14,47.451,-0.42,114.3,0.003,-0.972,-0.167,55.315,-0.298,66.849,0.143,-48.424,-0.028,7.864,0.422,-115.272,0.272,-58.985,-0.17,56.288,0.602,0.245,0.344,0.785,0.589,0.83,-0.007,-0.012,-0.007,0.38,0.702,0.285,0.346,0.344,0.485,-0.251,-0.615,-0.351,0.041,0.1,0.041,-0.597,-0.791,-0.837,-0.305,-0.405,-0.304,0.292,0.386,0.714,-0.095,-0.085,-0.136,-0.625,-0.532,-0.605,0.001,0.002,0.001,-0.106,-0.173,-0.117,-0.564,-0.468,-0.469,0.096,0.138,0.086,-0.022,-0.038,-0.022,0.626,0.606,0.534,0.451,0.526,0.452,-0.175,-0.118,-0.108,-1.709,-0.994,0.348,0.044,0.182,-0.654,-0.924,-0.538,-0.342,-0.302,-0.649,-1.001,0.464,0.059,-0.843,-0.744,-0.052,0.433,0.173,-0.619,-1.135,-1.75,-0.037,0.308,-1.137,-0.423,0.92,0.616,0.754,-0.083,-0.454,-0.169,-0.86,-0.868,-1.118,-0.416,-0.069,0.761,-1.505,-1.517,-0.049,0.54,1.7,1.741,1.394,1.042,0.853,1.138,0.447,0.44,1.062,1.406,0.754,0.998,-0.062,0.423,-0.651,0.179,-0.995,-0.651,-0.119,40.363,-0.424,113.435,-0.029,10.893,-0.034,12.545,-0.322,73.072,0.089,-29.469,0.085,-27.817,0.4,-102.541,0.396,-100.89,-0.005,1.652,0.524,0.225,0.227,0.756,0.632,0.638,0.073,0.141,0.061,0.084,0.163,0.07,0.384,0.407,0.411,-0.155,-0.383,-0.166,-0.146,-0.361,-0.155,-0.538,-0.683,-0.576,-0.53,-0.672,-0.562,0.009,0.011,0.021,-0.076,-0.076,-0.126,-0.632,-0.63,-0.691,-0.016,-0.026,-0.017,-0.019,-0.03,-0.02,-0.584,-0.581,-0.565,0.06,0.101,0.059,0.057,0.096,0.056,0.622,0.682,0.604,0.618,0.681,0.602,-0.004,-0.003,-0.003,-1.543,-1.522,0.359,-0.203,0.355,-0.221,-0.792,-0.781,-0.431,-0.586,-0.439,-0.605,0.43,-0.243,-1.006,-1.367,0.099,0.51,0.421,-0.262,-1.015,-1.397,0.098,0.505,-1.062,-1.041,0.84,0.278,0.836,0.26,-0.548,-0.478,-0.557,-0.496,-1.277,-1.114,0.126,0.763,-1.288,-1.146,0.125,0.756,1.637,1.482,1.629,1.464,0.888,0.958,0.878,0.94,1.261,1.488,1.249,1.474,0.217,0.628,-0.235,0.403,-0.642,-0.415
2022-09-07,CTD2,4181518,693105,0.0077697285,0.0111885555,0.016378636,0.00509149,0.0038806545,0.0009705302,0.00096694747,0.00038842953,0.007814975,0.011099681,0.016404966,0.0052228384,0.0037980007,0.000994602,0.2318021,-8.000000000000001e-45,0.365,-0.18,39.328,-0.357,67.649,0.208,-67.702,0.334,-128.984,-0.188,28.322,0.375,-107.029,0.485,-168.311,0.526,-135.351,0.617,-196.633,0.135,-61.282,0.644,0.2,0.153,0.757,0.344,0.263,-0.757,-1.109,-0.263,-1.443,-2.113,-0.657,0.22,0.144,0.11,-0.832,-1.753,-0.415,-1.308,-2.757,-0.857,-1.052,-1.514,-0.525,-1.528,-2.2,-1.001,-0.476,-0.686,-1.004,-0.159,-0.169,-0.381,-0.529,-0.571,-0.96,0.097,0.178,0.132,0.141,0.239,0.181,-0.404,-0.445,-0.578,0.252,0.523,0.301,0.303,0.568,0.34,0.595,0.969,0.749,0.659,0.972,0.768,0.064,0.05,0.044,-2.522,-3.526,0.384,-0.618,0.458,-0.068,-1.723,-2.409,0.019,-0.838,0.128,-0.288,0.843,-1.357,0.062,-2.695,1.179,1.289,1.319,-0.195,0.538,-1.215,1.547,1.691,-1.777,-2.781,1.129,0.128,1.203,0.678,0.028,-0.629,0.184,-0.079,0.089,-2.023,1.698,1.961,0.775,-0.334,2.228,2.572,1.653,0.796,1.761,1.346,0.809,0.152,0.964,0.702,2.717,2.87,3.565,3.766,0.308,0.418,-0.044,0.218,-0.189,-0.036,-0.174,37.867,-0.355,67.002,0.199,-63.507,0.346,-135.337,-0.193,29.136,0.36,-101.374,0.49,-173.204,0.517,-130.51,0.624,-202.339,0.158,-71.83,0.621,0.198,0.144,0.744,0.35,0.254,-0.705,-1.042,-0.241,-1.502,-2.22,-0.707,0.228,0.152,0.111,-0.792,-1.663,-0.385,-1.354,-2.841,-0.905,-1.02,-1.449,-0.496,-1.581,-2.246,-1.057,-0.561,-0.797,-1.178,-0.152,-0.163,-0.364,-0.526,-0.577,-0.952,0.094,0.174,0.128,0.146,0.246,0.186,-0.407,-0.457,-0.588,0.243,0.506,0.291,0.301,0.56,0.338,0.591,0.963,0.751,0.667,0.967,0.772,0.075,0.059,0.052,-2.437,-3.615,0.386,-0.671,0.473,-0.023,-1.649,-2.446,0.006,-0.899,0.134,-0.251,0.82,-1.426,0.018,-2.823,1.154,1.265,1.381,-0.068,0.58,-1.083,1.587,1.739,-1.721,-2.899,1.102,0.045,1.189,0.693,0.008,-0.699,0.191,-0.051,0.026,-2.194,1.639,1.894,0.823,-0.218,2.254,2.604,1.629,0.724,1.757,1.372,0.81,0.103,0.992,0.751,2.655,2.799,3.651,3.849,0.326,0.437,-0.015,0.239,-0.168,-0.024
2022-09-07,CTD3,4181698,695238,0.011111849,0.015688382,0.020507397,0.0049271057,0.0035563747,0.0008590162,0.0008776714,0.00034168683,0.011150071,0.015586156,0.020571258,0.005085416,0.0035129385,0.0008799691,0.19415873,-8.000000000000001e-45,0.355,-0.171,26.253,-0.297,41.231,0.386,-112.965,0.515,-191.191,-0.133,14.979,0.522,-139.217,0.63,-217.444,0.613,-154.196,0.704,-232.422,0.162,-78.226,0.538,0.129,0.093,0.647,0.203,0.147,-1.772,-2.317,-0.402,-2.999,-3.921,-0.942,0.166,0.074,0.053,-1.547,-2.855,-0.495,-2.416,-4.459,-1.071,-1.713,-2.419,-0.548,-2.583,-3.646,-1.145,-0.869,-1.227,-1.604,-0.18,-0.19,-0.539,-0.456,-0.488,-1.108,0.171,0.321,0.257,0.209,0.366,0.297,-0.3,-0.329,-0.568,0.34,0.734,0.447,0.384,0.756,0.477,0.581,1.062,0.81,0.632,1.057,0.822,0.051,0.043,0.038,-3.454,-5.058,0.468,-0.677,0.535,-0.014,-2.642,-3.869,0.228,-0.844,0.315,-0.18,1.49,-2.156,0.948,-3.511,2.029,2.082,2.359,-0.06,1.817,-1.038,2.81,2.884,-2.75,-4.355,1.172,0.026,1.238,0.69,0.322,-0.62,0.445,0.043,1.339,-2.582,2.864,3.011,2.566,0.249,3.968,4.171,1.531,0.46,1.619,1.124,0.864,-0.078,0.987,0.585,3.842,3.935,5.323,5.452,0.217,0.27,-0.006,0.141,-0.08,0.014,-0.166,25.526,-0.297,41.074,0.374,-106.955,0.521,-194.976,-0.138,15.548,0.508,-132.481,0.632,-220.502,0.604,-148.029,0.708,-236.05,0.183,-88.021,0.525,0.13,0.09,0.64,0.209,0.144,-1.667,-2.2,-0.376,-3.039,-4.011,-0.992,0.173,0.079,0.055,-1.477,-2.725,-0.465,-2.459,-4.536,-1.121,-1.651,-2.307,-0.52,-2.632,-3.679,-1.2,-0.981,-1.372,-1.811,-0.173,-0.184,-0.516,-0.456,-0.493,-1.096,0.168,0.318,0.252,0.211,0.369,0.298,-0.307,-0.34,-0.58,0.331,0.716,0.436,0.381,0.744,0.471,0.579,1.056,0.811,0.638,1.051,0.825,0.059,0.05,0.043,-3.33,-5.14,0.468,-0.732,0.545,0.025,-2.523,-3.895,0.216,-0.906,0.317,-0.149,1.435,-2.244,0.873,-3.663,1.967,2.022,2.416,0.109,1.854,-0.871,2.848,2.927,-2.647,-4.458,1.151,-0.05,1.227,0.707,0.302,-0.69,0.443,0.067,1.22,-2.791,2.75,2.894,2.592,0.392,3.981,4.19,1.519,0.397,1.62,1.154,0.864,-0.128,1.005,0.629,3.73,3.82,5.4,5.53,0.231,0.285,0.011,0.156,-0.068,0.022
2022-09-07,CTD4,4180266,698264,0.0077876365,0.0108745005,0.014026,0.004542248,0.003059987,0.0008150707,0.00080257456,0.0003309858,0.007854602,0.010861169,0.013896062,0.0046091173,0.003196489,0.000804731,0.07547377,-8.000000000000001e-45,0.311,-0.165,36.45,-0.286,57.112,0.263,-91.747,0.436,-198.39,-0.127,20.662,0.411,-128.197,0.561,-234.841,0.511,-148.859,0.642,-255.503,0.195,-106.643,0.511,0.166,0.112,0.621,0.259,0.175,-0.998,-1.287,-0.281,-2.157,-2.783,-0.901,0.161,0.094,0.063,-0.998,-1.798,-0.392,-1.829,-3.294,-1.067,-1.159,-1.619,-0.456,-1.99,-2.778,-1.161,-0.831,-1.16,-1.496,-0.166,-0.181,-0.406,-0.405,-0.448,-0.821,0.13,0.233,0.19,0.19,0.307,0.255,-0.256,-0.291,-0.415,0.29,0.584,0.371,0.358,0.634,0.421,0.508,0.874,0.681,0.588,0.889,0.711,0.079,0.068,0.06,-2.372,-3.868,0.392,-0.768,0.498,0.042,-1.839,-2.999,0.138,-0.929,0.274,-0.118,0.939,-1.839,0.425,-2.869,1.433,1.496,1.77,0.151,1.255,-0.543,2.127,2.221,-1.692,-3.187,1.073,-0.088,1.178,0.723,0.192,-0.709,0.382,0.102,0.593,-2.19,2.001,2.176,1.753,0.466,2.971,3.23,1.383,0.317,1.52,1.127,0.707,-0.195,0.897,0.616,2.695,2.807,4.0,4.166,0.302,0.365,0.025,0.2,-0.069,0.042,-0.161,35.243,-0.278,55.351,0.26,-89.647,0.422,-185.529,-0.123,20.108,0.404,-124.89,0.545,-220.772,0.502,-144.998,0.626,-240.88,0.181,-95.882,0.49,0.162,0.113,0.601,0.255,0.177,-0.974,-1.246,-0.287,-2.015,-2.578,-0.855,0.158,0.093,0.064,-0.981,-1.735,-0.399,-1.734,-3.068,-1.018,-1.139,-1.575,-0.463,-1.892,-2.616,-1.11,-0.753,-1.041,-1.332,-0.162,-0.176,-0.385,-0.391,-0.43,-0.774,0.131,0.231,0.19,0.188,0.301,0.252,-0.243,-0.275,-0.389,0.287,0.566,0.366,0.352,0.615,0.414,0.496,0.84,0.661,0.572,0.858,0.692,0.075,0.065,0.057,-2.292,-3.624,0.391,-0.719,0.493,0.03,-1.791,-2.833,0.141,-0.877,0.271,-0.128,0.923,-1.694,0.425,-2.643,1.41,1.474,1.676,0.101,1.178,-0.558,2.033,2.126,-1.632,-2.965,1.051,-0.059,1.153,0.689,0.195,-0.66,0.375,0.088,0.587,-1.991,1.949,2.126,1.629,0.383,2.811,3.066,1.345,0.327,1.475,1.076,0.693,-0.163,0.872,0.586,2.608,2.721,3.76,3.923,0.293,0.357,0.017,0.194,-0.075,0.037
2022-09-07,CTD6,4176009,695829,0.01226553,0.017355887,0.023702119,0.0061970917,0.004631822,0.0011041525,0.0011175743,0.00043294235,0.012282886,0.017220914,0.023826087,0.0064240214,0.004490859,0.0011308992,0.22702111,-8.000000000000001e-45,0.288,-0.172,23.912,-0.318,39.339,0.329,-79.837,0.452,-134.368,-0.155,15.427,0.474,-103.749,0.579,-158.28,0.585,-119.176,0.673,-173.707,0.145,-54.532,0.567,0.148,0.111,0.683,0.244,0.182,-1.386,-1.892,-0.37,-2.332,-3.185,-0.833,0.189,0.096,0.071,-1.273,-2.459,-0.481,-1.941,-3.752,-0.981,-1.462,-2.068,-0.552,-2.131,-3.015,-1.076,-0.669,-0.946,-1.293,-0.17,-0.18,-0.47,-0.486,-0.52,-1.056,0.148,0.276,0.214,0.186,0.324,0.255,-0.344,-0.376,-0.586,0.31,0.66,0.394,0.354,0.689,0.426,0.591,1.036,0.796,0.644,1.033,0.81,0.053,0.044,0.038,-3.118,-4.411,0.445,-0.631,0.511,-0.041,-2.283,-3.23,0.16,-0.82,0.251,-0.23,1.247,-1.768,0.614,-3.138,1.712,1.784,1.916,-0.153,1.282,-1.177,2.291,2.387,-2.41,-3.702,1.154,0.077,1.22,0.668,0.227,-0.606,0.355,-0.015,0.868,-2.317,2.423,2.605,1.815,-0.078,3.242,3.486,1.575,0.594,1.666,1.185,0.86,0.028,0.988,0.618,3.447,3.558,4.612,4.76,0.238,0.31,-0.021,0.162,-0.116,-0.005,-0.167,23.345,-0.32,39.443,0.313,-74.252,0.465,-141.26,-0.161,16.098,0.457,-97.597,0.586,-164.606,0.575,-113.695,0.683,-180.704,0.177,-67.009,0.556,0.15,0.105,0.679,0.253,0.177,-1.279,-1.769,-0.333,-2.433,-3.366,-0.907,0.198,0.103,0.072,-1.199,-2.325,-0.438,-2.022,-3.922,-1.057,-1.397,-1.958,-0.511,-2.22,-3.112,-1.161,-0.823,-1.154,-1.597,-0.163,-0.174,-0.452,-0.488,-0.532,-1.058,0.143,0.27,0.207,0.19,0.33,0.258,-0.353,-0.394,-0.605,0.299,0.644,0.381,0.353,0.681,0.421,0.59,1.037,0.802,0.655,1.034,0.818,0.066,0.054,0.047,-2.996,-4.592,0.444,-0.717,0.525,0.014,-2.165,-3.319,0.142,-0.915,0.255,-0.184,1.189,-1.923,0.528,-3.393,1.651,1.724,2.012,0.054,1.352,-0.974,2.362,2.465,-2.307,-3.903,1.132,-0.028,1.214,0.703,0.2,-0.708,0.357,0.024,0.741,-2.625,2.315,2.492,1.895,0.126,3.312,3.565,1.567,0.509,1.679,1.241,0.861,-0.047,1.018,0.684,3.343,3.448,4.782,4.932,0.262,0.335,0.007,0.185,-0.096,0.009
2022-09-07,CTD7,4176724,690397,0.04889005,0.07531801,0.10429605,0.04672534,0.026284056,0.0063361498,0.0063169366,0.002442621,0.0488169,0.07046629,0.102086395,0.04587861,0.03147783,0.0056702266,0.00022752593,-8.000000000000001e-45,0.295,-0.213,7.177,-0.362,10.866,0.023,-0.948,0.301,-17.592,-0.161,3.689,0.234,-8.125,0.483,-24.769,0.381,-11.814,0.597,-28.458,0.28,-16.644,0.749,0.335,0.189,0.818,0.508,0.286,-0.071,-0.099,-0.025,-1.325,-1.835,-0.822,0.18,0.172,0.097,-0.397,-0.847,-0.214,-1.211,-2.583,-1.157,-0.578,-0.89,-0.311,-1.391,-2.143,-1.33,-0.814,-1.254,-1.736,-0.175,-0.202,-0.362,-0.454,-0.545,-0.759,0.012,0.021,0.017,0.126,0.185,0.15,-0.303,-0.385,-0.397,0.187,0.38,0.219,0.32,0.513,0.325,0.464,0.766,0.567,0.628,0.816,0.639,0.165,0.133,0.114,-1.583,-3.319,0.201,-1.129,0.397,0.087,-1.143,-2.397,-0.152,-1.309,0.12,-0.094,0.324,-1.819,-0.338,-2.922,0.697,0.794,1.138,0.248,0.475,-0.372,1.24,1.412,-0.692,-2.427,1.093,-0.237,1.289,0.978,-0.234,-1.056,0.185,0.16,-0.521,-2.356,1.074,1.36,0.732,0.633,1.91,2.418,1.513,0.356,1.784,1.571,0.429,-0.393,0.847,0.822,1.694,1.883,3.012,3.348,0.607,0.704,0.083,0.368,-0.09,0.099,-0.181,6.294,-0.353,10.689,0.031,-1.312,0.216,-11.284,-0.183,4.396,0.211,-7.605,0.382,-17.577,0.38,-12.001,0.529,-21.973,0.186,-9.972,0.642,0.289,0.198,0.753,0.49,0.336,-0.092,-0.134,-0.041,-0.795,-1.152,-0.518,0.215,0.202,0.138,-0.371,-0.776,-0.239,-0.858,-1.794,-0.806,-0.586,-0.846,-0.378,-1.073,-1.548,-1.008,-0.487,-0.703,-1.018,-0.146,-0.162,-0.28,-0.458,-0.523,-0.689,0.017,0.029,0.022,0.1,0.149,0.117,-0.334,-0.394,-0.409,0.163,0.306,0.184,0.258,0.412,0.263,0.471,0.7,0.551,0.592,0.746,0.607,0.121,0.095,0.083,-1.532,-2.55,0.243,-0.765,0.384,0.007,-1.058,-1.76,-0.173,-0.979,0.031,-0.208,0.374,-1.175,-0.385,-2.179,0.617,0.756,0.861,0.015,0.102,-0.674,0.9,1.101,-0.782,-1.8,0.994,-0.014,1.135,0.757,-0.25,-0.767,0.045,0.004,-0.555,-1.707,0.891,1.228,0.147,0.013,1.299,1.789,1.44,0.634,1.645,1.405,0.509,-0.009,0.804,0.763,1.58,1.778,2.303,2.592,0.493,0.631,0.006,0.343,-0.195,0.003
2022-09-07,CTD8,4174178,693048,0.021335332,0.034950346,0.051530626,0.018266948,0.010897411,0.0026838367,0.0026740076,0.0010635101,0.021467,0.03522129,0.051570706,0.018621752,0.011776703,0.0024499951,0.00017544595,-8.000000000000001e-45,0.304,-0.242,18.259,-0.414,27.465,0.077,-7.873,0.324,-44.894,-0.192,9.206,0.313,-26.132,0.525,-63.153,0.477,-35.338,0.651,-72.359,0.253,-37.021,0.941,0.334,0.199,0.96,0.502,0.299,-0.275,-0.406,-0.086,-1.569,-2.313,-0.82,0.196,0.168,0.1,-0.558,-1.347,-0.285,-1.347,-3.254,-1.154,-0.754,-1.235,-0.385,-1.544,-2.529,-1.322,-0.79,-1.294,-1.908,-0.195,-0.218,-0.467,-0.567,-0.659,-1.035,0.035,0.067,0.049,0.121,0.196,0.15,-0.419,-0.514,-0.569,0.229,0.518,0.267,0.33,0.607,0.345,0.591,1.032,0.726,0.722,1.026,0.764,0.131,0.101,0.085,-2.211,-4.118,0.256,-1.066,0.399,0.014,-1.499,-2.793,-0.109,-1.262,0.102,-0.183,0.49,-2.039,-0.306,-3.561,0.856,0.957,1.28,0.045,0.483,-0.863,1.435,1.603,-1.183,-3.091,1.284,-0.038,1.427,1.042,-0.178,-0.998,0.167,0.082,-0.502,-2.815,1.403,1.702,0.792,0.386,2.351,2.853,1.893,0.739,2.103,1.819,0.618,-0.202,0.964,0.878,2.31,2.509,3.873,4.206,0.544,0.645,0.012,0.311,-0.156,0.043,-0.243,18.191,-0.412,27.192,0.071,-7.118,0.291,-38.33,-0.188,9.001,0.308,-25.309,0.499,-56.521,0.469,-34.31,0.628,-65.523,0.225,-31.213,0.938,0.339,0.214,0.958,0.506,0.32,-0.251,-0.367,-0.084,-1.35,-1.977,-0.714,0.193,0.168,0.106,-0.543,-1.305,-0.298,-1.213,-2.915,-1.053,-0.737,-1.208,-0.404,-1.407,-2.308,-1.22,-0.67,-1.099,-1.61,-0.196,-0.217,-0.452,-0.559,-0.641,-0.99,0.033,0.061,0.045,0.112,0.18,0.138,-0.408,-0.492,-0.538,0.227,0.499,0.262,0.321,0.585,0.334,0.581,0.991,0.701,0.702,0.993,0.739,0.121,0.094,0.079,-2.16,-3.77,0.248,-0.972,0.381,-0.023,-1.475,-2.574,-0.112,-1.165,0.082,-0.216,0.47,-1.838,-0.311,-3.226,0.818,0.924,1.14,-0.069,0.359,-0.947,1.294,1.462,-1.129,-2.738,1.28,0.059,1.412,1.008,-0.184,-0.898,0.134,0.051,-0.511,-2.488,1.343,1.663,0.588,0.221,2.123,2.63,1.874,0.821,2.068,1.77,0.597,-0.117,0.916,0.832,2.221,2.435,3.512,3.85,0.533,0.639,-0.02,0.3,-0.188,0.027
2022-09-07,CTD10,4170388,695646,0.0070600216,0.010633586,0.016265066,0.004853808,0.003631147,0.0008801328,0.00087176956,0.000349435,0.0070941136,0.010540368,0.016320573,0.0050049485,0.003555219,0.0009042301,0.21578881,-8.000000000000001e-45,0.259,-0.202,47.601,-0.395,80.161,0.185,-64.381,0.321,-133.752,-0.209,32.56,0.373,-111.982,0.491,-181.353,0.54,-144.542,0.635,-213.914,0.144,-69.371,0.774,0.231,0.173,0.852,0.389,0.291,-0.685,-1.047,-0.234,-1.422,-2.175,-0.649,0.23,0.158,0.118,-0.791,-1.821,-0.407,-1.28,-2.95,-0.88,-1.02,-1.537,-0.525,-1.51,-2.275,-1.038,-0.49,-0.738,-1.128,-0.169,-0.18,-0.421,-0.594,-0.645,-1.085,0.082,0.155,0.111,0.127,0.221,0.162,-0.473,-0.527,-0.664,0.248,0.541,0.29,0.3,0.588,0.332,0.645,1.067,0.8,0.714,1.06,0.816,0.069,0.052,0.045,-2.687,-3.815,0.366,-0.673,0.441,-0.084,-1.757,-2.494,-0.022,-0.903,0.093,-0.314,0.801,-1.474,-0.075,-3.025,1.113,1.231,1.291,-0.246,0.415,-1.407,1.488,1.646,-1.845,-2.973,1.208,0.169,1.283,0.758,-0.034,-0.683,0.139,-0.094,-0.113,-2.289,1.676,1.968,0.625,-0.423,2.241,2.63,1.847,0.967,1.962,1.556,0.842,0.193,1.015,0.781,2.837,3.01,3.792,4.023,0.346,0.464,-0.058,0.233,-0.216,-0.043,-0.195,46.089,-0.394,79.69,0.173,-58.84,0.332,-140.315,-0.215,33.601,0.356,-104.929,0.496,-186.403,0.531,-138.53,0.642,-220.004,0.169,-81.474,0.752,0.231,0.164,0.84,0.399,0.283,-0.62,-0.96,-0.209,-1.479,-2.29,-0.702,0.238,0.168,0.119,-0.744,-1.712,-0.373,-1.322,-3.042,-0.933,-0.983,-1.46,-0.493,-1.561,-2.319,-1.101,-0.578,-0.859,-1.33,-0.162,-0.173,-0.403,-0.594,-0.655,-1.078,0.078,0.148,0.105,0.132,0.228,0.166,-0.478,-0.543,-0.675,0.236,0.52,0.279,0.298,0.577,0.328,0.642,1.063,0.803,0.724,1.055,0.821,0.082,0.062,0.054,-2.588,-3.918,0.366,-0.735,0.455,-0.037,-1.671,-2.53,-0.04,-0.973,0.097,-0.276,0.772,-1.547,-0.131,-3.173,1.08,1.2,1.35,-0.111,0.447,-1.265,1.521,1.689,-1.775,-3.105,1.179,0.078,1.268,0.775,-0.06,-0.762,0.145,-0.065,-0.195,-2.485,1.605,1.888,0.664,-0.296,2.259,2.658,1.826,0.893,1.963,1.59,0.843,0.141,1.047,0.838,2.76,2.924,3.885,4.116,0.368,0.488,-0.026,0.257,-0.194,-0.031
2022-09-07,CTD11,4169609,700351,0.00695539,0.010398384,0.015329141,0.003772194,0.00286076,0.0006653411,0.0006694746,0.00026233195,0.0069815395,0.010280856,0.01540768,0.0038989778,0.002745267,0.0006946267,0.22339563,-8.000000000000001e-45,0.184,-0.198,47.605,-0.376,78.538,0.297,-121.324,0.417,-205.784,-0.192,30.934,0.468,-168.929,0.568,-253.389,0.605,-199.862,0.685,-284.322,0.137,-84.46,0.73,0.18,0.136,0.817,0.296,0.225,-1.262,-1.86,-0.347,-2.14,-3.154,-0.776,0.215,0.117,0.088,-1.175,-2.59,-0.483,-1.762,-3.884,-0.956,-1.39,-2.078,-0.572,-1.978,-2.956,-1.073,-0.587,-0.878,-1.295,-0.18,-0.189,-0.519,-0.591,-0.632,-1.262,0.124,0.24,0.175,0.159,0.289,0.214,-0.46,-0.502,-0.743,0.297,0.675,0.364,0.338,0.703,0.395,0.666,1.177,0.872,0.718,1.162,0.88,0.053,0.041,0.035,-3.395,-4.69,0.423,-0.65,0.482,-0.089,-2.303,-3.181,0.091,-0.865,0.179,-0.305,1.166,-1.791,0.37,-3.515,1.569,1.657,1.753,-0.325,0.957,-1.632,2.069,2.185,-2.569,-3.863,1.249,0.176,1.308,0.737,0.136,-0.64,0.267,-0.08,0.553,-2.602,2.345,2.57,1.431,-0.429,3.092,3.389,1.841,0.885,1.929,1.446,0.932,0.156,1.063,0.716,3.652,3.789,4.816,4.996,0.267,0.356,-0.049,0.176,-0.165,-0.029,-0.191,45.967,-0.376,78.332,0.283,-113.243,0.436,-221.028,-0.2,32.365,0.45,-159.209,0.578,-266.995,0.596,-191.575,0.698,-299.361,0.174,-107.786,0.708,0.179,0.126,0.805,0.305,0.215,-1.164,-1.745,-0.311,-2.272,-3.406,-0.862,0.226,0.126,0.089,-1.112,-2.453,-0.437,-1.864,-4.114,-1.041,-1.337,-1.97,-0.526,-2.09,-3.078,-1.167,-0.753,-1.108,-1.661,-0.171,-0.182,-0.497,-0.594,-0.647,-1.268,0.12,0.237,0.17,0.165,0.299,0.219,-0.471,-0.527,-0.772,0.285,0.656,0.352,0.337,0.693,0.39,0.667,1.183,0.884,0.734,1.164,0.893,0.067,0.052,0.045,-3.273,-4.933,0.426,-0.741,0.501,-0.025,-2.184,-3.292,0.074,-0.967,0.186,-0.251,1.123,-1.954,0.292,-3.822,1.524,1.612,1.876,-0.094,1.044,-1.409,2.164,2.29,-2.479,-4.14,1.22,0.052,1.294,0.768,0.109,-0.753,0.274,-0.037,0.43,-2.976,2.244,2.459,1.538,-0.207,3.186,3.492,1.828,0.787,1.94,1.503,0.94,0.078,1.105,0.795,3.559,3.685,5.054,5.233,0.291,0.38,-0.014,0.201,-0.14,-0.014
2022-09-07,CTD12,4173438,695414,0.014504473,0.021559559,0.028935842,0.007611109,0.0050866795,0.0012314287,0.0012345565,0.00048617044,0.014534525,0.021536898,0.0290462,0.007905047,0.005186354,0.001214306,0.11541312,-8.000000000000001e-45,0.328,-0.196,22.561,-0.332,34.385,0.312,-62.443,0.481,-127.648,-0.146,11.824,0.478,-85.004,0.618,-150.209,0.583,-96.828,0.701,-162.033,0.199,-65.205,0.653,0.172,0.115,0.741,0.262,0.175,-1.346,-1.807,-0.318,-2.752,-3.694,-0.972,0.171,0.09,0.06,-1.233,-2.46,-0.432,-2.179,-4.346,-1.143,-1.404,-2.088,-0.493,-2.35,-3.493,-1.233,-0.946,-1.406,-1.887,-0.193,-0.207,-0.556,-0.495,-0.542,-1.137,0.137,0.259,0.203,0.187,0.323,0.258,-0.334,-0.377,-0.581,0.321,0.712,0.41,0.379,0.745,0.451,0.591,1.088,0.8,0.661,1.078,0.818,0.07,0.058,0.05,-3.129,-5.016,0.41,-0.824,0.497,0.004,-2.331,-3.737,0.148,-0.995,0.265,-0.167,1.161,-2.333,0.564,-3.783,1.67,1.73,2.106,0.019,1.509,-0.95,2.498,2.588,-2.315,-4.202,1.223,-0.01,1.311,0.818,0.22,-0.751,0.394,0.077,0.838,-2.856,2.482,2.657,2.243,0.437,3.714,3.975,1.642,0.499,1.759,1.327,0.817,-0.154,0.991,0.674,3.451,3.566,5.164,5.336,0.289,0.349,0.002,0.177,-0.088,0.027,-0.194,22.37,-0.333,34.374,0.295,-57.7,0.474,-124.012,-0.148,12.004,0.463,-80.07,0.612,-146.382,0.572,-92.074,0.697,-158.386,0.208,-66.312,0.65,0.177,0.116,0.74,0.272,0.178,-1.243,-1.676,-0.299,-2.671,-3.602,-0.98,0.174,0.095,0.062,-1.164,-2.326,-0.415,-2.128,-4.252,-1.157,-1.338,-1.983,-0.478,-2.302,-3.411,-1.252,-0.964,-1.428,-1.926,-0.19,-0.205,-0.535,-0.493,-0.543,-1.108,0.131,0.248,0.194,0.185,0.318,0.253,-0.335,-0.381,-0.574,0.313,0.691,0.398,0.375,0.729,0.442,0.586,1.072,0.791,0.661,1.063,0.81,0.075,0.062,0.054,-3.0,-4.926,0.403,-0.849,0.496,0.019,-2.224,-3.652,0.133,-1.024,0.26,-0.156,1.097,-2.314,0.49,-3.762,1.598,1.66,2.061,0.078,1.454,-0.872,2.435,2.53,-2.193,-4.119,1.21,-0.042,1.303,0.826,0.198,-0.783,0.385,0.085,0.726,-2.876,2.368,2.546,2.154,0.478,3.609,3.88,1.631,0.474,1.758,1.342,0.805,-0.176,0.992,0.693,3.318,3.434,5.057,5.233,0.303,0.365,0.01,0.188,-0.085,0.031
2023-01-10,CTD1,4187246,695025,0.0038875043,0.0051751854,0.006142345,0.0017977087,0.0011769452,0.00031387777,0.000312095,0.00012696105,0.0039228895,0.005155575,0.0060683656,0.0017813717,0.0012105844,0.00030850296,0.061696313,-8.000000000000001e-45,0.771,-0.142,64.005,-0.225,94.43,0.368,-299.029,0.535,-592.423,-0.085,30.426,0.484,-363.034,0.629,-656.427,0.547,-393.459,0.678,-686.853,0.209,-293.394,0.393,0.115,0.075,0.489,0.17,0.111,-1.548,-1.837,-0.352,-3.066,-3.639,-1.065,0.118,0.055,0.036,-1.411,-2.23,-0.427,-2.552,-4.032,-1.18,-1.53,-2.036,-0.463,-2.67,-3.555,-1.235,-1.141,-1.518,-1.802,-0.162,-0.176,-0.433,-0.323,-0.355,-0.758,0.185,0.329,0.286,0.24,0.389,0.341,-0.17,-0.191,-0.325,0.337,0.667,0.461,0.399,0.703,0.504,0.479,0.858,0.684,0.548,0.873,0.712,0.068,0.062,0.055,-2.666,-4.468,0.459,-0.776,0.56,0.096,-2.246,-3.764,0.286,-0.895,0.405,-0.022,1.32,-2.235,0.976,-3.056,1.935,1.971,2.461,0.424,2.116,-0.114,2.956,3.01,-2.086,-3.888,1.039,-0.196,1.14,0.677,0.38,-0.685,0.54,0.188,1.299,-2.34,2.576,2.687,2.817,0.98,3.935,4.104,1.233,0.053,1.353,0.925,0.724,-0.341,0.884,0.532,3.114,3.189,4.756,4.872,0.235,0.271,0.045,0.156,-0.01,0.065,-0.136,60.949,-0.215,90.125,0.375,-306.451,0.528,-571.133,-0.081,29.176,0.486,-367.4,0.62,-632.083,0.546,-396.576,0.667,-661.258,0.191,-264.682,0.37,0.109,0.074,0.465,0.161,0.109,-1.58,-1.86,-0.371,-2.945,-3.466,-1.017,0.114,0.052,0.035,-1.441,-2.23,-0.445,-2.48,-3.836,-1.126,-1.556,-2.045,-0.48,-2.594,-3.409,-1.178,-1.038,-1.365,-1.606,-0.157,-0.169,-0.412,-0.309,-0.337,-0.717,0.191,0.336,0.294,0.242,0.391,0.346,-0.16,-0.178,-0.305,0.338,0.657,0.464,0.395,0.692,0.503,0.472,0.835,0.673,0.535,0.852,0.7,0.063,0.057,0.051,-2.646,-4.252,0.467,-0.711,0.561,0.081,-2.248,-3.612,0.301,-0.825,0.412,-0.033,1.353,-2.057,1.025,-2.811,1.967,2.003,2.391,0.346,2.063,-0.166,2.895,2.947,-2.092,-3.699,1.021,-0.157,1.115,0.635,0.395,-0.622,0.541,0.17,1.347,-2.119,2.586,2.695,2.712,0.852,3.805,3.965,1.201,0.075,1.312,0.867,0.723,-0.294,0.868,0.497,3.098,3.172,4.559,4.667,0.219,0.255,0.037,0.146,-0.015,0.059
2023-01-10,CTD2,4181518,693105,0.003913402,0.005176746,0.008024476,0.0020255463,0.0019713342,0.0004564692,0.00045673482,0.000175241,0.0039437683,0.005103421,0.008103064,0.0021012255,0.0017084831,0.00050720625,0.4901198,-2.878e-42,0.826,-0.139,62.361,-0.344,130.913,0.318,-238.162,0.33,-251.739,-0.216,68.553,0.438,-300.522,0.448,-314.099,0.597,-369.075,0.606,-382.652,0.014,-13.577,0.5,0.126,0.123,0.678,0.265,0.258,-1.233,-1.911,-0.469,-1.303,-2.02,-0.51,0.268,0.139,0.135,-1.176,-2.412,-0.592,-1.229,-2.52,-0.636,-1.444,-1.911,-0.728,-1.497,-1.981,-0.775,-0.053,-0.07,-0.109,-0.126,-0.126,-0.316,-0.571,-0.575,-1.029,0.143,0.264,0.189,0.147,0.27,0.193,-0.48,-0.484,-0.712,0.264,0.535,0.315,0.269,0.54,0.319,0.66,1.019,0.839,0.666,1.019,0.84,0.006,0.005,0.004,-3.206,-3.315,0.504,-0.272,0.51,-0.217,-2.068,-2.138,0.096,-0.54,0.107,-0.486,1.287,-0.694,0.382,-2.139,1.551,1.686,1.34,-0.571,0.435,-1.976,1.594,1.733,-2.639,-2.748,1.07,0.295,1.077,0.35,0.128,-0.382,0.141,-0.328,0.505,-1.515,2.052,2.31,0.575,-1.336,2.108,2.374,1.659,1.023,1.67,1.077,1.033,0.523,1.046,0.577,3.458,3.581,3.553,3.679,0.137,0.272,-0.112,0.146,-0.251,-0.128,-0.128,57.618,-0.345,130.154,0.305,-222.348,0.395,-331.75,-0.227,72.537,0.417,-279.966,0.498,-389.368,0.588,-352.503,0.652,-461.904,0.103,-109.402,0.467,0.121,0.098,0.664,0.273,0.222,-1.135,-1.802,-0.38,-1.693,-2.688,-0.697,0.286,0.152,0.124,-1.104,-2.269,-0.478,-1.536,-3.155,-0.818,-1.39,-1.799,-0.602,-1.822,-2.357,-0.971,-0.431,-0.558,-0.886,-0.114,-0.118,-0.304,-0.577,-0.611,-1.092,0.14,0.27,0.188,0.169,0.31,0.219,-0.496,-0.531,-0.787,0.249,0.531,0.306,0.282,0.562,0.333,0.663,1.062,0.881,0.707,1.058,0.888,0.043,0.033,0.03,-3.084,-3.97,0.513,-0.457,0.562,-0.04,-1.942,-2.5,0.075,-0.743,0.152,-0.326,1.247,-1.11,0.289,-2.866,1.542,1.666,1.679,-0.12,0.721,-1.548,1.897,2.049,-2.562,-3.449,1.035,0.064,1.083,0.481,0.097,-0.6,0.197,-0.183,0.374,-2.314,1.996,2.218,0.932,-0.869,2.454,2.728,1.643,0.825,1.72,1.242,1.055,0.358,1.155,0.775,3.423,3.522,4.21,4.331,0.198,0.322,-0.021,0.201,-0.174,-0.075
2023-01-10,CTD3,4181698,695238,0.0027538398,0.003943648,0.005290649,0.00092063454,0.0007093749,0.00016231125,0.00016097151,6.0856022e-05,0.0027416807,0.0039032318,0.0053277113,0.0009398646,0.0006503645,0.00017054251,0.45722058,-2.878e-42,0.872,-0.178,109.557,-0.315,174.117,0.499,-723.078,0.59,-1046.562,-0.146,64.56,0.621,-832.635,0.695,-1156.12,0.704,-897.195,0.764,-1220.679,0.13,-323.484,0.58,0.101,0.078,0.687,0.16,0.124,-2.852,-3.826,-0.513,-4.127,-5.537,-0.964,0.178,0.059,0.046,-2.293,-4.405,-0.591,-3.184,-6.117,-1.064,-2.471,-3.538,-0.636,-3.362,-4.814,-1.124,-0.891,-1.276,-1.711,-0.192,-0.198,-0.73,-0.522,-0.545,-1.556,0.199,0.394,0.306,0.221,0.42,0.329,-0.367,-0.389,-0.826,0.376,0.873,0.504,0.402,0.88,0.521,0.652,1.262,0.939,0.684,1.247,0.942,0.032,0.026,0.023,-5.048,-6.76,0.524,-0.6,0.564,-0.072,-3.763,-5.039,0.287,-0.777,0.341,-0.25,2.246,-2.568,1.65,-4.467,2.811,2.857,3.137,-0.402,2.541,-1.865,3.649,3.708,-4.315,-6.026,1.258,0.134,1.298,0.662,0.411,-0.552,0.488,-0.025,2.362,-3.175,4.026,4.15,3.638,-0.187,5.225,5.385,1.688,0.623,1.741,1.151,1.007,0.044,1.084,0.571,5.489,5.567,7.124,7.225,0.154,0.2,-0.024,0.099,-0.084,-0.006,-0.175,108.542,-0.32,177.042,0.489,-699.243,0.617,-1172.86,-0.154,68.5,0.612,-807.785,0.714,-1281.401,0.7,-876.285,0.782,-1349.901,0.182,-473.616,0.578,0.102,0.071,0.691,0.166,0.115,-2.729,-3.725,-0.455,-4.578,-6.249,-1.102,0.188,0.064,0.045,-2.215,-4.304,-0.525,-3.513,-6.827,-1.204,-2.402,-3.42,-0.57,-3.701,-5.269,-1.269,-1.299,-1.849,-2.523,-0.185,-0.194,-0.73,-0.534,-0.568,-1.626,0.195,0.396,0.301,0.227,0.432,0.334,-0.387,-0.42,-0.896,0.367,0.874,0.496,0.403,0.884,0.519,0.66,1.294,0.964,0.704,1.27,0.966,0.044,0.036,0.031,-4.966,-7.489,0.526,-0.743,0.58,0.01,-3.638,-5.487,0.274,-0.931,0.348,-0.177,2.184,-3.085,1.552,-5.275,2.75,2.795,3.483,0.063,2.851,-1.453,3.975,4.039,-4.245,-6.768,1.247,-0.021,1.302,0.732,0.39,-0.713,0.495,0.041,2.21,-4.039,3.916,4.031,4.058,0.333,5.659,5.825,1.702,0.498,1.777,1.251,1.022,-0.08,1.128,0.673,5.431,5.502,7.849,7.951,0.176,0.221,0.004,0.119,-0.061,0.01
2023-01-10,CTD4,4180266,698264,0.00621688,0.009496526,0.0140121365,0.00251046,0.0020348716,0.00045111703,0.00044017908,0.0001678988,0.006200786,0.009334972,0.0141204465,0.002585666,0.0018597413,0.00048683397,0.3402282,-2.878e-42,0.778,-0.209,55.551,-0.385,89.486,0.425,-237.481,0.507,-330.579,-0.192,33.935,0.582,-293.032,0.647,-386.13,0.696,-326.967,0.746,-420.065,0.105,-93.098,0.778,0.139,0.113,0.85,0.225,0.182,-2.255,-3.328,-0.483,-3.139,-4.632,-0.83,0.211,0.085,0.069,-1.822,-4.106,-0.596,-2.401,-5.411,-0.969,-2.033,-3.105,-0.665,-2.611,-3.989,-1.055,-0.579,-0.884,-1.305,-0.198,-0.204,-0.722,-0.649,-0.676,-1.715,0.158,0.321,0.231,0.178,0.348,0.253,-0.517,-0.547,-0.993,0.345,0.847,0.435,0.369,0.855,0.452,0.732,1.394,0.997,0.762,1.372,0.998,0.03,0.024,0.02,-4.927,-6.231,0.475,-0.579,0.509,-0.156,-3.339,-4.223,0.179,-0.79,0.229,-0.367,1.799,-2.191,1.001,-4.41,2.262,2.331,2.377,-0.728,1.58,-2.526,2.791,2.876,-4.054,-5.358,1.348,0.294,1.382,0.717,0.274,-0.556,0.35,-0.133,1.529,-3.103,3.455,3.638,2.413,-0.915,4.263,4.488,1.99,1.02,2.04,1.443,1.072,0.242,1.148,0.665,5.254,5.367,6.482,6.622,0.19,0.259,-0.063,0.119,-0.148,-0.035,-0.202,54.146,-0.39,90.451,0.411,-225.478,0.539,-376.439,-0.204,36.305,0.566,-279.624,0.668,-430.585,0.69,-315.928,0.767,-466.89,0.163,-150.962,0.765,0.14,0.101,0.844,0.234,0.168,-2.105,-3.184,-0.419,-3.514,-5.315,-0.973,0.225,0.094,0.068,-1.734,-3.948,-0.52,-2.67,-6.08,-1.113,-1.959,-2.949,-0.588,-2.895,-4.358,-1.207,-0.936,-1.409,-2.132,-0.188,-0.196,-0.705,-0.664,-0.707,-1.782,0.154,0.323,0.226,0.185,0.364,0.26,-0.545,-0.594,-1.076,0.332,0.837,0.422,0.368,0.851,0.447,0.742,1.431,1.03,0.789,1.395,1.029,0.047,0.036,0.031,-4.797,-6.928,0.481,-0.726,0.533,-0.055,-3.171,-4.58,0.162,-0.951,0.24,-0.28,1.737,-2.621,0.885,-5.195,2.199,2.266,2.673,-0.276,1.822,-2.127,3.057,3.151,-3.956,-6.087,1.322,0.115,1.374,0.786,0.244,-0.729,0.361,-0.058,1.333,-3.982,3.31,3.479,2.742,-0.442,4.603,4.836,2.0,0.887,2.078,1.558,1.096,0.122,1.213,0.793,5.161,5.262,7.176,7.316,0.218,0.285,-0.023,0.145,-0.117,-0.016
2023-01-10,CTD6,4176009,695829,0.03009137,0.02736931,0.021622943,0.011316336,0.0065791723,0.0019278954,0.0017156607,0.0007349763,0.029165648,0.02833529,0.020372488,0.011605395,0.0074068755,0.001634348,0.00012352169,-8.000000000000001e-45,0.773,0.047,-3.305,0.164,-13.015,0.453,-55.136,0.641,-118.763,0.117,-9.71,0.415,-51.831,0.612,-115.458,0.313,-42.121,0.533,-105.748,0.265,-63.627,-0.071,-0.037,-0.022,-0.356,-0.147,-0.086,-1.509,-1.192,-0.363,-3.25,-2.568,-1.344,-0.292,-0.11,-0.064,-1.56,-1.121,-0.341,-3.474,-2.497,-1.307,-1.267,-1.153,-0.277,-3.182,-2.894,-1.197,-1.915,-1.741,-1.376,0.083,0.097,0.152,0.219,0.249,0.473,0.383,0.553,0.666,0.48,0.608,0.714,0.139,0.157,0.321,0.31,0.438,0.569,0.402,0.502,0.631,0.179,0.281,0.304,0.262,0.363,0.389,0.082,0.092,0.097,-0.811,-2.187,0.576,-0.621,0.795,0.518,-1.027,-2.768,0.978,-0.328,1.151,0.81,1.393,-1.501,1.869,-0.627,2.419,2.355,3.308,2.155,3.784,2.663,4.16,4.05,-1.001,-2.377,0.386,-0.81,0.605,0.328,0.89,-0.454,1.047,0.684,1.7,-0.868,2.2,2.114,3.441,2.249,3.784,3.637,0.305,-1.001,0.478,0.137,0.414,-0.93,0.571,0.209,1.692,1.67,2.911,2.873,0.136,0.072,0.195,0.109,0.305,0.283,0.014,-1.005,0.178,-14.799,0.431,-51.88,0.595,-100.723,0.163,-13.794,0.419,-50.875,0.586,-99.718,0.274,-37.081,0.467,-85.924,0.221,-48.843,-0.02,-0.012,-0.007,-0.419,-0.172,-0.11,-1.47,-1.057,-0.384,-2.854,-2.052,-1.169,-0.402,-0.16,-0.102,-1.484,-1.036,-0.377,-2.908,-2.032,-1.157,-1.081,-1.051,-0.275,-2.506,-2.435,-0.997,-1.425,-1.384,-0.995,0.026,0.03,0.044,0.22,0.246,0.462,0.361,0.491,0.632,0.447,0.545,0.68,0.195,0.218,0.419,0.338,0.457,0.602,0.422,0.513,0.654,0.152,0.24,0.245,0.225,0.318,0.325,0.073,0.085,0.086,-0.726,-1.721,0.46,-0.538,0.666,0.391,-1.01,-2.394,1.022,-0.135,1.17,0.793,1.122,-1.312,1.794,-0.237,2.252,2.15,2.547,1.496,3.219,2.182,3.528,3.368,-0.784,-1.779,0.402,-0.595,0.608,0.333,0.993,-0.176,1.137,0.753,1.743,-0.309,2.188,2.078,3.127,2.07,3.428,3.256,0.289,-0.868,0.437,0.06,0.321,-0.848,0.465,0.081,1.501,1.494,2.353,2.341,0.137,0.034,0.156,0.046,0.316,0.308
2023-01-10,CTD7,4176724,690397,0.030042257,0.04515686,0.056982737,0.013933912,0.0082247,0.0021351385,0.00203563,0.00082017214,0.030338539,0.04480074,0.057518013,0.014106658,0.008839221,0.0019491041,0.0073837126,-8.000000000000001e-45,0.718,-0.201,11.141,-0.31,15.737,0.366,-38.481,0.57,-88.299,-0.116,4.596,0.528,-49.622,0.692,-99.44,0.607,-54.218,0.748,-104.036,0.258,-49.818,0.635,0.155,0.092,0.711,0.219,0.129,-1.738,-2.193,-0.316,-3.987,-5.031,-1.23,0.138,0.064,0.038,-1.491,-2.828,-0.408,-2.987,-5.666,-1.386,-1.629,-2.448,-0.446,-3.125,-4.698,-1.45,-1.497,-2.25,-2.839,-0.213,-0.232,-0.682,-0.456,-0.505,-1.216,0.158,0.302,0.247,0.214,0.369,0.308,-0.269,-0.309,-0.534,0.359,0.816,0.479,0.424,0.84,0.521,0.572,1.125,0.806,0.648,1.109,0.825,0.076,0.066,0.056,-3.424,-6.263,0.421,-1.029,0.521,0.075,-2.714,-4.963,0.219,-1.167,0.345,-0.063,1.364,-3.334,0.894,-4.772,1.974,2.012,2.86,0.412,2.391,-0.437,3.344,3.408,-2.586,-5.425,1.259,-0.191,1.359,0.913,0.329,-0.902,0.519,0.202,1.344,-3.687,2.967,3.096,3.594,1.401,5.027,5.246,1.588,0.203,1.715,1.306,0.798,-0.432,0.988,0.672,3.816,3.907,6.464,6.62,0.282,0.319,0.035,0.164,-0.029,0.062,-0.192,10.64,-0.309,15.576,0.365,-37.927,0.549,-80.171,-0.124,4.935,0.521,-48.567,0.67,-90.811,0.606,-53.503,0.734,-95.746,0.23,-42.244,0.612,0.15,0.094,0.698,0.22,0.138,-1.699,-2.181,-0.335,-3.592,-4.611,-1.131,0.15,0.07,0.044,-1.473,-2.794,-0.429,-2.755,-5.223,-1.281,-1.623,-2.397,-0.473,-2.905,-4.29,-1.351,-1.282,-1.893,-2.43,-0.202,-0.218,-0.63,-0.461,-0.507,-1.185,0.159,0.303,0.245,0.21,0.365,0.3,-0.286,-0.325,-0.554,0.349,0.783,0.463,0.409,0.809,0.502,0.578,1.108,0.809,0.648,1.095,0.826,0.07,0.06,0.051,-3.4,-5.83,0.432,-0.919,0.524,0.051,-2.648,-4.541,0.213,-1.068,0.33,-0.099,1.372,-2.918,0.867,-4.356,1.953,1.997,2.653,0.256,2.148,-0.645,3.117,3.187,-2.601,-5.03,1.231,-0.119,1.323,0.85,0.314,-0.817,0.488,0.152,1.28,-3.331,2.885,3.022,3.173,0.991,4.603,4.823,1.581,0.3,1.699,1.269,0.819,-0.312,0.993,0.657,3.786,3.88,6.042,6.192,0.268,0.311,0.024,0.161,-0.046,0.048
2023-01-10,CTD8,4174178,693048,0.017520206,0.025477637,0.035139438,0.008275704,0.006264912,0.0014638365,0.0014324416,0.0005486528,0.017492006,0.025288362,0.03549333,0.008570694,0.005926255,0.0014909948,0.24481781,-8.000000000000001e-45,0.764,-0.185,17.827,-0.335,28.619,0.358,-63.759,0.473,-102.542,-0.159,10.792,0.51,-81.586,0.605,-120.369,0.619,-92.378,0.697,-131.161,0.138,-38.784,0.626,0.148,0.112,0.729,0.237,0.179,-1.624,-2.24,-0.399,-2.613,-3.603,-0.849,0.189,0.089,0.068,-1.429,-2.867,-0.511,-2.109,-4.23,-0.996,-1.618,-2.354,-0.579,-2.298,-3.342,-1.085,-0.679,-0.988,-1.363,-0.183,-0.192,-0.547,-0.522,-0.555,-1.212,0.153,0.291,0.223,0.186,0.333,0.259,-0.375,-0.406,-0.664,0.327,0.723,0.415,0.365,0.745,0.443,0.625,1.129,0.846,0.672,1.119,0.855,0.047,0.038,0.033,-3.558,-4.921,0.452,-0.633,0.509,-0.069,-2.58,-3.568,0.174,-0.822,0.253,-0.258,1.392,-1.95,0.738,-3.492,1.871,1.939,2.072,-0.282,1.417,-1.45,2.472,2.561,-2.792,-4.155,1.219,0.133,1.276,0.697,0.253,-0.596,0.367,-0.032,1.073,-2.53,2.721,2.9,2.061,-0.179,3.594,3.831,1.681,0.685,1.76,1.249,0.907,0.058,1.022,0.622,3.889,4.0,5.137,5.284,0.226,0.294,-0.033,0.147,-0.122,-0.01,-0.182,17.625,-0.34,28.995,0.342,-59.508,0.494,-111.572,-0.168,11.37,0.494,-77.133,0.62,-129.197,0.611,-88.502,0.714,-140.566,0.182,-52.064,0.626,0.151,0.104,0.733,0.249,0.172,-1.505,-2.112,-0.353,-2.821,-3.96,-0.956,0.199,0.097,0.067,-1.349,-2.738,-0.457,-2.26,-4.586,-1.107,-1.548,-2.238,-0.524,-2.459,-3.555,-1.205,-0.911,-1.317,-1.848,-0.177,-0.188,-0.538,-0.532,-0.577,-1.242,0.147,0.286,0.215,0.19,0.342,0.262,-0.392,-0.436,-0.704,0.316,0.714,0.404,0.365,0.743,0.439,0.629,1.15,0.863,0.691,1.134,0.873,0.062,0.05,0.044,-3.45,-5.297,0.45,-0.755,0.525,0.0,-2.458,-3.774,0.154,-0.953,0.258,-0.199,1.328,-2.226,0.637,-3.948,1.807,1.874,2.239,0.001,1.548,-1.19,2.613,2.71,-2.696,-4.543,1.204,-0.001,1.279,0.754,0.223,-0.734,0.374,0.021,0.921,-3.039,2.612,2.784,2.238,0.126,3.777,4.026,1.69,0.583,1.795,1.338,0.914,-0.043,1.065,0.712,3.802,3.907,5.499,5.65,0.256,0.323,0.0,0.172,-0.097,0.007
2023-01-10,CTD10,4170388,695646,0.0044494816,0.005829544,0.009502159,0.0027885311,0.0029932444,0.0007013294,0.00068796217,0.00026808464,0.004501751,0.005729213,0.009625783,0.0029200008,0.0025253398,0.0007907882,0.6067835,-2.878e-42,0.54,-0.134,53.205,-0.362,119.506,0.229,-133.866,0.196,-109.34,-0.24,66.301,0.353,-187.072,0.321,-162.546,0.546,-253.373,0.521,-228.846,-0.035,24.526,0.506,0.148,0.159,0.697,0.333,0.358,-0.78,-1.272,-0.401,-0.637,-1.039,-0.305,0.295,0.185,0.198,-0.832,-1.778,-0.56,-0.723,-1.545,-0.453,-1.127,-1.477,-0.758,-1.018,-1.334,-0.638,0.109,0.143,0.233,-0.112,-0.11,-0.239,-0.586,-0.573,-0.874,0.108,0.188,0.133,0.095,0.169,0.118,-0.507,-0.493,-0.635,0.218,0.409,0.243,0.203,0.392,0.231,0.653,0.902,0.761,0.633,0.899,0.755,-0.02,-0.015,-0.013,-2.644,-2.411,0.47,-0.168,0.448,-0.31,-1.622,-1.479,-0.01,-0.463,-0.045,-0.605,0.982,-0.352,-0.034,-1.579,1.082,1.281,0.873,-0.604,-0.143,-1.921,1.008,1.193,-2.097,-1.864,1.017,0.379,0.995,0.237,-0.013,-0.318,-0.059,-0.46,-0.045,-1.084,1.418,1.776,-0.188,-1.46,1.321,1.654,1.657,1.204,1.622,1.062,1.003,0.698,0.957,0.557,2.735,2.894,2.548,2.696,0.113,0.312,-0.194,0.163,-0.379,-0.22,-0.12,47.592,-0.363,118.248,0.213,-120.33,0.281,-173.851,-0.254,70.656,0.325,-167.922,0.388,-221.442,0.535,-238.578,0.584,-292.099,0.072,-53.521,0.458,0.139,0.12,0.677,0.345,0.299,-0.689,-1.158,-0.304,-0.996,-1.673,-0.508,0.318,0.206,0.178,-0.756,-1.616,-0.424,-0.997,-2.132,-0.647,-1.074,-1.367,-0.602,-1.315,-1.673,-0.853,-0.241,-0.307,-0.515,-0.098,-0.101,-0.225,-0.592,-0.621,-0.941,0.103,0.192,0.13,0.129,0.229,0.158,-0.525,-0.555,-0.716,0.199,0.4,0.231,0.227,0.432,0.255,0.655,0.954,0.812,0.694,0.957,0.821,0.039,0.028,0.026,-2.511,-3.026,0.482,-0.371,0.523,-0.079,-1.494,-1.801,-0.042,-0.689,0.027,-0.397,0.947,-0.727,-0.138,-2.27,1.101,1.279,1.187,-0.179,0.103,-1.514,1.273,1.479,-2.024,-2.539,0.969,0.116,1.01,0.408,-0.053,-0.561,0.034,-0.27,-0.176,-1.85,1.401,1.7,0.13,-1.028,1.62,1.965,1.629,0.982,1.697,1.273,1.031,0.524,1.119,0.815,2.736,2.856,3.163,3.302,0.208,0.386,-0.051,0.247,-0.258,-0.137
2023-01-10,CTD11,4169609,700351,0.015141623,0.023103377,0.025330998,0.0048554596,0.003109515,0.00084242085,0.00080132077,0.00031650736,0.015132364,0.02308909,0.02544749,0.004837509,0.003259443,0.0008357268,0.029132351,-8.000000000000001e-45,0.381,-0.208,22.759,-0.252,26.566,0.514,-139.911,0.659,-255.55,-0.046,3.806,0.653,-162.67,0.763,-278.31,0.678,-166.476,0.781,-282.116,0.219,-115.64,0.577,0.111,0.071,0.614,0.129,0.083,-3.232,-3.544,-0.435,-5.904,-6.473,-1.241,0.058,0.018,0.012,-2.463,-4.121,-0.506,-4.214,-7.05,-1.351,-2.521,-3.846,-0.518,-4.272,-6.518,-1.37,-1.751,-2.672,-2.929,-0.264,-0.28,-1.0,-0.364,-0.389,-1.279,0.212,0.392,0.362,0.248,0.43,0.399,-0.111,-0.122,-0.28,0.451,1.0,0.642,0.494,1.0,0.662,0.535,1.122,0.781,0.581,1.111,0.795,0.046,0.043,0.036,-4.562,-7.491,0.464,-0.906,0.533,0.015,-4.16,-6.832,0.388,-0.964,0.463,-0.043,2.206,-4.311,2.022,-5.028,2.984,2.996,3.957,0.111,3.773,-0.348,4.659,4.678,-3.691,-6.62,1.334,-0.036,1.403,0.885,0.591,-0.649,0.707,0.272,3.085,-3.388,4.553,4.635,5.757,2.213,7.109,7.238,1.463,0.111,1.538,1.033,0.776,-0.465,0.891,0.456,5.012,5.082,7.826,7.936,0.186,0.198,0.005,0.087,-0.014,0.057,-0.208,22.773,-0.254,26.787,0.516,-140.634,0.646,-240.717,-0.049,4.014,0.654,-163.407,0.753,-263.49,0.681,-167.421,0.773,-267.504,0.195,-100.083,0.58,0.11,0.074,0.618,0.13,0.087,-3.247,-3.579,-0.458,-5.558,-6.126,-1.164,0.061,0.019,0.013,-2.473,-4.158,-0.533,-3.987,-6.705,-1.275,-2.533,-3.866,-0.546,-4.048,-6.176,-1.294,-1.514,-2.311,-2.547,-0.263,-0.277,-0.983,-0.369,-0.391,-1.274,0.212,0.391,0.359,0.245,0.425,0.392,-0.118,-0.128,-0.291,0.45,0.992,0.636,0.489,0.993,0.655,0.539,1.121,0.782,0.581,1.111,0.795,0.041,0.039,0.033,-4.605,-7.152,0.465,-0.829,0.527,-0.018,-4.178,-6.489,0.385,-0.89,0.453,-0.079,2.221,-3.956,2.026,-4.679,2.987,3.0,3.735,-0.13,3.54,-0.618,4.433,4.453,-3.735,-6.282,1.336,0.042,1.398,0.852,0.588,-0.577,0.692,0.234,3.091,-3.034,4.558,4.645,5.402,1.823,6.764,6.894,1.472,0.198,1.54,1.008,0.782,-0.382,0.887,0.428,5.045,5.119,7.488,7.598,0.179,0.192,-0.006,0.081,-0.025,0.049
2023-01-10,CTD12,4173438,695414,0.016523128,0.019604284,0.029190956,0.010609095,0.013363323,0.0036452948,0.0033991474,0.0012993794,0.016153755,0.019115526,0.029637767,0.010793778,0.010625109,0.003870863,1.1188482,-8.000000000000001e-45,0.684,-0.085,9.512,-0.277,26.264,0.218,-33.738,0.106,-14.31,-0.196,16.752,0.298,-43.249,0.189,-23.822,0.467,-60.002,0.372,-40.575,-0.115,19.427,0.278,0.101,0.127,0.515,0.279,0.351,-0.661,-0.985,-0.451,-0.281,-0.418,-0.152,0.277,0.178,0.224,-0.715,-1.262,-0.578,-0.394,-0.695,-0.253,-0.991,-1.176,-0.802,-0.67,-0.795,-0.43,0.321,0.381,0.567,-0.077,-0.072,-0.129,-0.419,-0.384,-0.528,0.121,0.179,0.139,0.065,0.105,0.079,-0.353,-0.321,-0.4,0.197,0.301,0.211,0.137,0.23,0.157,0.514,0.622,0.564,0.438,0.583,0.524,-0.076,-0.06,-0.056,-1.909,-1.342,0.479,0.049,0.385,-0.417,-1.282,-0.901,0.025,-0.228,-0.116,-0.694,0.886,0.09,0.068,-0.627,0.876,1.1,0.565,-0.611,-0.253,-1.515,0.695,0.873,-1.565,-0.998,0.823,0.393,0.729,-0.073,0.03,-0.122,-0.137,-0.588,0.081,-0.337,1.039,1.39,-0.3,-1.284,0.825,1.104,1.226,0.973,1.085,0.507,0.847,0.695,0.68,0.229,1.943,2.07,1.542,1.643,-0.04,0.184,-0.268,0.083,-0.445,-0.318,-0.084,9.592,-0.294,28.164,0.199,-30.741,0.206,-32.212,-0.216,18.573,0.278,-40.332,0.285,-41.803,0.466,-58.905,0.472,-60.376,0.008,-1.471,0.284,0.104,0.102,0.538,0.304,0.299,-0.588,-0.911,-0.327,-0.616,-0.955,-0.348,0.3,0.2,0.197,-0.652,-1.195,-0.429,-0.675,-1.239,-0.451,-0.952,-1.126,-0.626,-0.975,-1.154,-0.652,-0.024,-0.028,-0.044,-0.073,-0.074,-0.138,-0.451,-0.453,-0.63,0.11,0.18,0.133,0.113,0.185,0.137,-0.39,-0.393,-0.491,0.182,0.311,0.207,0.185,0.315,0.21,0.534,0.704,0.634,0.539,0.706,0.636,0.005,0.004,0.003,-1.901,-1.944,0.481,-0.171,0.487,-0.139,-1.226,-1.254,-0.02,-0.471,-0.011,-0.439,0.852,-0.303,-0.054,-1.293,0.941,1.138,0.875,-0.251,-0.03,-1.225,0.956,1.156,-1.562,-1.606,0.819,0.167,0.825,0.199,-0.023,-0.371,-0.013,-0.339,-0.064,-1.018,1.113,1.412,-0.036,-0.947,1.131,1.435,1.27,0.819,1.279,0.85,0.882,0.535,0.893,0.566,2.088,2.19,2.121,2.225,0.112,0.31,-0.093,0.206,-0.294,-0.192
2023-01-20,CTD1,4187246,695025,0.014910918,0.017658358,0.026564535,0.010081887,0.013092324,0.0036566742,0.003431225,0.0013161779,0.014639959,0.01717832,0.0269385,0.010283741,0.010416397,0.0038907528,1.2059207,-8.000000000000001e-45,0.639,-0.084,10.435,-0.281,29.421,0.193,-32.123,0.065,-9.316,-0.201,18.986,0.273,-42.557,0.148,-19.75,0.45,-61.544,0.34,-38.736,-0.13,22.807,0.277,0.105,0.137,0.52,0.297,0.385,-0.567,-0.853,-0.421,-0.164,-0.247,-0.094,0.283,0.191,0.249,-0.635,-1.131,-0.557,-0.294,-0.525,-0.199,-0.918,-1.087,-0.806,-0.578,-0.684,-0.391,0.34,0.403,0.606,-0.075,-0.069,-0.119,-0.42,-0.379,-0.503,0.109,0.157,0.122,0.041,0.066,0.05,-0.356,-0.318,-0.384,0.183,0.271,0.191,0.11,0.183,0.125,0.506,0.589,0.536,0.414,0.539,0.486,-0.092,-0.073,-0.068,-1.79,-1.185,0.465,0.074,0.352,-0.454,-1.19,-0.787,-0.01,-0.209,-0.18,-0.737,0.814,0.13,-0.025,-0.55,0.738,0.986,0.474,-0.613,-0.365,-1.496,0.568,0.759,-1.451,-0.845,0.805,0.414,0.691,-0.114,-0.011,-0.105,-0.213,-0.634,-0.03,-0.278,0.873,1.259,-0.433,-1.286,0.673,0.969,1.211,1.011,1.04,0.483,0.828,0.734,0.626,0.206,1.757,1.893,1.353,1.458,-0.065,0.183,-0.307,0.078,-0.499,-0.362,-0.08,10.093,-0.296,31.185,0.175,-28.935,0.169,-27.696,-0.221,21.091,0.251,-39.028,0.245,-37.79,0.447,-60.119,0.442,-58.881,-0.006,1.238,0.272,0.104,0.105,0.536,0.321,0.325,-0.497,-0.779,-0.301,-0.476,-0.746,-0.285,0.309,0.217,0.22,-0.571,-1.051,-0.407,-0.553,-1.018,-0.389,-0.88,-1.033,-0.626,-0.862,-1.011,-0.606,0.018,0.021,0.033,-0.068,-0.068,-0.123,-0.448,-0.446,-0.594,0.099,0.158,0.117,0.096,0.154,0.113,-0.392,-0.39,-0.472,0.166,0.275,0.185,0.163,0.271,0.182,0.523,0.665,0.604,0.519,0.663,0.602,-0.004,-0.003,-0.003,-1.767,-1.734,0.47,-0.135,0.466,-0.161,-1.127,-1.106,-0.055,-0.444,-0.063,-0.469,0.786,-0.226,-0.145,-1.163,0.817,1.037,0.768,-0.265,-0.163,-1.214,0.807,1.024,-1.446,-1.413,0.792,0.186,0.787,0.16,-0.065,-0.35,-0.074,-0.375,-0.17,-0.916,0.959,1.284,-0.191,-0.97,0.947,1.267,1.241,0.853,1.234,0.827,0.866,0.581,0.857,0.555,1.908,2.013,1.884,1.988,0.096,0.316,-0.113,0.212,-0.33,-0.225
2023-01-20,CTD2,4181518,693105,0.0,0.0,0.0,0.0,0.0,0.0,0.0,0.0,0.0,0.0,0.0,0.0,0.0,0.0,0.0,0.0,0.961,,,,,,,,,,,,,,,,,,,,,,,,,,,,,,,,,,,,,,,,,,,,,,,,,,,,,,,,,,,,,,,,,,,,,,,,,,,,,,,,,,,,,,,,,,,,,,,,,,,,,,,,,,,,,,,,,,,,,,,,,,,,,,,,,,,,,,,,,,,,,,,,,,,,,,,,,,,,,,,,,,,,,,,,,,,,,,,,,,,,,,,,,,,,,,,,,,,,,,,,,,,,,,,,,,,,,,,,,,,,,,,,,,,,,,,,,,,,,,,,,,,,,,,,,,,,,,,,,,,,,,,,,,,,,,,,,,,,,,,,
2023-01-20,CTD3,4181698,695238,0.011221559,0.016070584,0.018745326,0.0043353797,0.002819787,0.0007366185,0.0007204374,0.0002878936,0.011262167,0.01606649,0.018685825,0.0043987334,0.0029574353,0.0007323096,0.06278432,-8.000000000000001e-45,0.905,-0.178,26.889,-0.251,35.768,0.443,-141.546,0.598,-265.523,-0.077,8.879,0.575,-168.435,0.701,-292.411,0.624,-177.314,0.738,-301.29,0.212,-123.976,0.504,0.117,0.076,0.575,0.155,0.101,-2.275,-2.653,-0.399,-4.267,-4.977,-1.151,0.1,0.038,0.025,-1.89,-3.157,-0.475,-3.281,-5.481,-1.268,-1.99,-2.85,-0.5,-3.381,-4.842,-1.306,-1.391,-1.992,-2.324,-0.21,-0.225,-0.678,-0.369,-0.398,-1.052,0.198,0.365,0.319,0.241,0.412,0.364,-0.172,-0.19,-0.374,0.392,0.836,0.544,0.442,0.852,0.574,0.528,1.026,0.763,0.584,1.024,0.78,0.056,0.051,0.044,-3.626,-5.95,0.467,-0.839,0.548,0.048,-3.108,-5.101,0.329,-0.939,0.423,-0.052,1.731,-3.111,1.422,-4.059,2.413,2.438,3.122,0.273,2.813,-0.344,3.71,3.748,-2.892,-5.216,1.201,-0.105,1.282,0.782,0.471,-0.68,0.606,0.207,2.036,-2.941,3.456,3.556,4.029,1.375,5.313,5.468,1.401,0.133,1.495,1.02,0.78,-0.371,0.915,0.516,4.073,4.148,6.261,6.378,0.211,0.236,0.018,0.119,-0.02,0.056,-0.176,26.552,-0.248,35.276,0.438,-138.545,0.584,-249.338,-0.075,8.725,0.57,-165.097,0.689,-275.889,0.619,-173.822,0.727,-284.614,0.196,-110.793,0.496,0.117,0.079,0.567,0.155,0.104,-2.226,-2.589,-0.41,-4.006,-4.659,-1.097,0.098,0.038,0.026,-1.859,-3.085,-0.488,-3.107,-5.155,-1.214,-1.958,-2.793,-0.514,-3.205,-4.573,-1.252,-1.248,-1.78,-2.07,-0.208,-0.222,-0.653,-0.363,-0.39,-1.009,0.197,0.361,0.317,0.239,0.406,0.36,-0.167,-0.184,-0.356,0.39,0.821,0.539,0.438,0.837,0.568,0.523,1.005,0.751,0.576,1.004,0.769,0.053,0.048,0.041,-3.547,-5.617,0.466,-0.786,0.543,0.029,-3.05,-4.83,0.329,-0.885,0.419,-0.07,1.7,-2.872,1.397,-3.758,2.376,2.402,2.948,0.156,2.645,-0.44,3.534,3.573,-2.821,-4.892,1.191,-0.061,1.268,0.754,0.469,-0.628,0.597,0.187,1.993,-2.666,3.39,3.494,3.773,1.185,5.042,5.197,1.385,0.172,1.475,0.987,0.772,-0.324,0.9,0.491,3.985,4.064,5.928,6.044,0.207,0.232,0.011,0.116,-0.027,0.051
2023-01-20,CTD4,4180266,698264,0.0040274058,0.005356837,0.0067860004,0.0011958213,0.0011547268,0.00024505617,0.00023728021,9.0205474e-05,0.0040498427,0.0052748937,0.0068465313,0.0012532194,0.00096126297,0.0002781364,0.7873349,-2.8899999999999995e-42,0.568,-0.142,61.621,-0.255,100.937,0.542,-587.947,0.554,-617.707,-0.118,39.315,0.635,-649.568,0.645,-679.328,0.7,-688.883,0.709,-718.644,0.017,-29.76,0.418,0.074,0.071,0.541,0.121,0.117,-3.15,-3.99,-0.679,-3.309,-4.192,-0.739,0.158,0.047,0.045,-2.616,-4.408,-0.75,-2.736,-4.61,-0.812,-2.774,-3.69,-0.795,-2.894,-3.85,-0.859,-0.12,-0.159,-0.202,-0.167,-0.167,-0.566,-0.421,-0.424,-1.174,0.233,0.435,0.357,0.237,0.438,0.36,-0.274,-0.276,-0.608,0.385,0.803,0.524,0.389,0.805,0.526,0.596,1.079,0.859,0.6,1.078,0.859,0.004,0.004,0.003,-4.923,-5.125,0.576,-0.284,0.582,-0.214,-3.886,-4.046,0.37,-0.442,0.378,-0.372,2.579,-1.271,2.101,-2.509,3.152,3.198,2.698,-0.992,2.221,-2.187,3.265,3.312,-4.345,-4.547,1.154,0.295,1.16,0.364,0.492,-0.246,0.503,-0.176,2.795,-1.397,4.193,4.309,2.954,-1.036,4.342,4.463,1.462,0.649,1.469,0.719,0.97,0.231,0.98,0.301,5.388,5.459,5.58,5.653,0.081,0.127,-0.063,0.053,-0.11,-0.039,-0.131,57.346,-0.257,100.864,0.527,-551.022,0.616,-793.375,-0.13,43.518,0.616,-608.368,0.692,-850.721,0.691,-651.886,0.754,-894.239,0.132,-242.353,0.393,0.072,0.055,0.532,0.126,0.097,-2.907,-3.773,-0.53,-4.185,-5.432,-0.994,0.176,0.055,0.042,-2.464,-4.165,-0.585,-3.445,-5.824,-1.066,-2.64,-3.439,-0.627,-3.622,-4.717,-1.121,-0.981,-1.278,-1.659,-0.151,-0.157,-0.553,-0.428,-0.448,-1.263,0.231,0.448,0.358,0.255,0.473,0.381,-0.296,-0.314,-0.71,0.369,0.803,0.515,0.396,0.813,0.533,0.6,1.116,0.897,0.631,1.11,0.902,0.031,0.027,0.024,-4.695,-6.355,0.585,-0.536,0.627,0.001,-3.618,-4.896,0.354,-0.712,0.409,-0.176,2.461,-2.256,1.934,-3.891,3.049,3.091,3.443,0.004,2.915,-1.25,3.975,4.03,-4.161,-5.82,1.119,-0.001,1.162,0.535,0.461,-0.533,0.533,0.003,2.519,-2.913,3.972,4.069,3.797,0.024,5.178,5.304,1.453,0.387,1.508,0.924,0.988,-0.006,1.061,0.531,5.226,5.281,6.813,6.885,0.127,0.169,0.0,0.097,-0.054,0.001
2023-01-20,CTD6,4176009,695829,0.012116299,0.01665292,0.021816913,0.006021363,0.004365398,0.001101908,0.00107039,0.00042849366,0.0121334875,0.016576307,0.021845935,0.0061665555,0.004347352,0.0011114744,0.18212962,-8.000000000000001e-45,0.418,-0.158,22.484,-0.286,36.697,0.336,-83.542,0.47,-146.541,-0.134,14.214,0.469,-106.026,0.585,-169.025,0.567,-120.239,0.667,-183.238,0.159,-62.999,0.491,0.135,0.098,0.611,0.221,0.16,-1.391,-1.823,-0.365,-2.44,-3.197,-0.882,0.172,0.086,0.062,-1.285,-2.313,-0.463,-2.048,-3.688,-1.018,-1.457,-2.002,-0.525,-2.22,-3.051,-1.103,-0.763,-1.049,-1.374,-0.163,-0.173,-0.437,-0.428,-0.462,-0.934,0.158,0.29,0.233,0.201,0.342,0.278,-0.285,-0.313,-0.497,0.313,0.645,0.406,0.362,0.677,0.441,0.549,0.958,0.752,0.607,0.962,0.77,0.058,0.049,0.043,-2.896,-4.27,0.452,-0.652,0.527,0.003,-2.21,-3.259,0.194,-0.824,0.293,-0.17,1.249,-1.803,0.702,-2.985,1.75,1.812,2.012,0.01,1.465,-0.848,2.414,2.5,-2.249,-3.623,1.098,-0.005,1.174,0.649,0.266,-0.616,0.403,0.038,0.965,-2.232,2.405,2.566,2.014,0.192,3.318,3.539,1.439,0.421,1.538,1.076,0.813,-0.069,0.95,0.585,3.263,3.361,4.501,4.636,0.235,0.297,0.001,0.161,-0.084,0.014,-0.155,22.089,-0.286,36.641,0.326,-79.749,0.472,-147.609,-0.137,14.552,0.458,-101.838,0.584,-169.698,0.56,-116.39,0.668,-184.25,0.173,-67.86,0.483,0.136,0.096,0.607,0.226,0.159,-1.322,-1.742,-0.347,-2.447,-3.225,-0.91,0.177,0.09,0.063,-1.236,-2.225,-0.443,-2.059,-3.707,-1.046,-1.412,-1.929,-0.506,-2.236,-3.054,-1.136,-0.823,-1.125,-1.482,-0.159,-0.17,-0.423,-0.427,-0.464,-0.924,0.155,0.285,0.228,0.203,0.342,0.278,-0.288,-0.32,-0.501,0.306,0.632,0.397,0.36,0.668,0.437,0.546,0.951,0.749,0.609,0.956,0.769,0.063,0.054,0.047,-2.811,-4.293,0.45,-0.686,0.533,0.027,-2.133,-3.258,0.183,-0.863,0.293,-0.15,1.209,-1.845,0.65,-3.057,1.705,1.769,2.032,0.103,1.473,-0.752,2.419,2.509,-2.176,-3.659,1.084,-0.052,1.167,0.661,0.251,-0.66,0.4,0.054,0.888,-2.337,2.33,2.489,2.013,0.27,3.305,3.531,1.428,0.382,1.538,1.095,0.81,-0.101,0.96,0.613,3.184,3.28,4.517,4.653,0.246,0.309,0.014,0.173,-0.076,0.02
2023-01-20,CTD7,4176724,690397,0.036743045,0.054409623,0.07260833,0.01939417,0.012585528,0.0029464134,0.0028636346,0.0010981691,0.036916815,0.053021394,0.07289082,0.020036062,0.0128157195,0.0027125585,0.1031885,-8.000000000000001e-45,0.899,-0.194,8.837,-0.328,13.444,0.309,-24.346,0.49,-52.24,-0.143,4.607,0.474,-33.183,0.624,-61.077,0.578,-37.789,0.705,-65.684,0.213,-27.894,0.642,0.171,0.111,0.731,0.261,0.169,-1.325,-1.768,-0.306,-2.842,-3.793,-1.013,0.169,0.089,0.058,-1.219,-2.409,-0.418,-2.244,-4.435,-1.185,-1.388,-2.056,-0.476,-2.413,-3.574,-1.274,-1.025,-1.518,-2.025,-0.192,-0.207,-0.552,-0.486,-0.535,-1.122,0.137,0.259,0.204,0.19,0.327,0.263,-0.324,-0.369,-0.569,0.32,0.71,0.411,0.382,0.745,0.455,0.584,1.079,0.794,0.658,1.069,0.813,0.075,0.062,0.054,-3.069,-5.094,0.408,-0.866,0.502,0.026,-2.299,-3.817,0.15,-1.035,0.275,-0.143,1.145,-2.429,0.56,-3.875,1.663,1.721,2.17,0.114,1.585,-0.824,2.563,2.652,-2.263,-4.288,1.214,-0.06,1.307,0.832,0.222,-0.792,0.407,0.1,0.829,-2.964,2.463,2.632,2.347,0.579,3.795,4.056,1.62,0.435,1.745,1.327,0.807,-0.207,0.992,0.686,3.401,3.513,5.241,5.413,0.297,0.354,0.014,0.183,-0.075,0.036,-0.179,8.228,-0.328,13.369,0.296,-22.822,0.485,-50.941,-0.158,5.141,0.451,-31.05,0.611,-59.169,0.569,-36.191,0.701,-64.31,0.22,-28.119,0.6,0.165,0.105,0.709,0.268,0.171,-1.21,-1.664,-0.292,-2.701,-3.713,-1.021,0.19,0.103,0.066,-1.146,-2.263,-0.398,-2.184,-4.313,-1.186,-1.336,-1.919,-0.464,-2.374,-3.41,-1.289,-1.038,-1.491,-2.05,-0.173,-0.188,-0.49,-0.492,-0.546,-1.095,0.134,0.256,0.197,0.191,0.33,0.259,-0.349,-0.4,-0.605,0.3,0.663,0.385,0.366,0.706,0.433,0.588,1.063,0.803,0.668,1.055,0.822,0.08,0.066,0.057,-2.942,-4.991,0.421,-0.867,0.52,0.057,-2.14,-3.631,0.129,-1.057,0.265,-0.133,1.115,-2.295,0.468,-3.845,1.601,1.667,2.153,0.234,1.506,-0.757,2.503,2.606,-2.202,-4.251,1.161,-0.127,1.26,0.797,0.185,-0.836,0.38,0.088,0.672,-3.041,2.299,2.47,2.163,0.499,3.594,3.862,1.597,0.411,1.733,1.335,0.832,-0.189,1.028,0.735,3.291,3.396,5.145,5.31,0.301,0.367,0.031,0.202,-0.072,0.033
2023-01-20,CTD8,4174178,693048,0.022828875,0.033183824,0.04213659,0.011035079,0.006923386,0.0017436701,0.0016943044,0.0006732691,0.022929814,0.03326048,0.042482153,0.011327333,0.0072334493,0.0016433476,0.05361108,-8.000000000000001e-45,0.65,-0.185,13.669,-0.297,20.072,0.348,-46.816,0.535,-100.634,-0.119,6.403,0.501,-60.485,0.655,-114.303,0.585,-66.888,0.718,-120.706,0.229,-53.818,0.576,0.151,0.095,0.666,0.221,0.139,-1.554,-1.973,-0.324,-3.339,-4.24,-1.111,0.146,0.071,0.044,-1.381,-2.549,-0.419,-2.609,-4.816,-1.261,-1.527,-2.22,-0.463,-2.756,-4.005,-1.332,-1.229,-1.786,-2.268,-0.195,-0.211,-0.577,-0.437,-0.481,-1.075,0.157,0.294,0.24,0.211,0.36,0.299,-0.264,-0.301,-0.499,0.341,0.744,0.451,0.404,0.775,0.494,0.555,1.045,0.775,0.629,1.04,0.796,0.073,0.063,0.055,-3.13,-5.398,0.426,-0.906,0.524,0.061,-2.465,-4.251,0.209,-1.052,0.333,-0.086,1.281,-2.724,0.799,-4.017,1.86,1.904,2.51,0.29,2.028,-0.521,2.965,3.035,-2.365,-4.633,1.192,-0.14,1.289,0.826,0.304,-0.806,0.484,0.16,1.161,-3.079,2.704,2.843,2.947,0.975,4.31,4.531,1.513,0.252,1.637,1.218,0.786,-0.324,0.967,0.642,3.515,3.61,5.603,5.754,0.275,0.319,0.029,0.168,-0.041,0.053,-0.184,13.546,-0.299,20.072,0.339,-44.671,0.52,-94.635,-0.122,6.526,0.492,-58.216,0.643,-108.181,0.579,-64.743,0.709,-114.707,0.221,-49.965,0.575,0.153,0.098,0.668,0.227,0.145,-1.486,-1.898,-0.323,-3.148,-4.02,-1.072,0.15,0.074,0.047,-1.335,-2.473,-0.421,-2.481,-4.596,-1.225,-1.485,-2.153,-0.468,-2.63,-3.815,-1.299,-1.146,-1.662,-2.123,-0.192,-0.208,-0.557,-0.439,-0.483,-1.053,0.153,0.287,0.233,0.207,0.352,0.292,-0.269,-0.306,-0.497,0.335,0.727,0.441,0.398,0.76,0.484,0.554,1.033,0.769,0.627,1.029,0.791,0.073,0.063,0.054,-3.061,-5.184,0.423,-0.877,0.519,0.051,-2.397,-4.058,0.199,-1.026,0.322,-0.099,1.241,-2.574,0.747,-3.849,1.807,1.854,2.387,0.234,1.893,-0.58,2.829,2.903,-2.3,-4.422,1.184,-0.115,1.28,0.812,0.289,-0.783,0.467,0.144,1.084,-2.937,2.621,2.766,2.745,0.848,4.104,4.332,1.512,0.287,1.635,1.214,0.783,-0.289,0.962,0.639,3.435,3.533,5.379,5.532,0.277,0.324,0.025,0.17,-0.049,0.049
2023-01-20,CTD10,4170388,695646,0.011916195,0.016207367,0.022767078,0.0071370457,0.0057289125,0.0014601367,0.001436097,0.0005695799,0.011893991,0.01607999,0.022839382,0.007269797,0.005462697,0.0014886373,0.29586047,-8.000000000000001e-45,0.455,-0.153,22.219,-0.313,39.996,0.251,-56.195,0.351,-90.634,-0.168,17.777,0.389,-78.414,0.478,-112.853,0.523,-96.191,0.598,-130.63,0.109,-34.439,0.506,0.159,0.127,0.648,0.285,0.229,-0.911,-1.279,-0.322,-1.469,-2.063,-0.647,0.212,0.127,0.102,-0.934,-1.785,-0.449,-1.345,-2.569,-0.805,-1.146,-1.559,-0.551,-1.557,-2.117,-0.932,-0.41,-0.558,-0.784,-0.143,-0.151,-0.334,-0.465,-0.495,-0.843,0.123,0.218,0.168,0.159,0.265,0.207,-0.344,-0.372,-0.51,0.262,0.514,0.318,0.302,0.55,0.35,0.556,0.886,0.713,0.606,0.894,0.73,0.05,0.041,0.036,-2.455,-3.239,0.422,-0.511,0.484,-0.067,-1.747,-2.306,0.083,-0.722,0.17,-0.279,0.958,-1.159,0.265,-2.304,1.316,1.418,1.368,-0.191,0.675,-1.11,1.64,1.767,-1.83,-2.614,1.047,0.114,1.108,0.557,0.113,-0.534,0.231,-0.091,0.36,-1.703,1.79,2.019,0.918,-0.361,2.23,2.516,1.47,0.665,1.557,1.108,0.806,0.159,0.924,0.602,2.709,2.837,3.375,3.534,0.245,0.347,-0.04,0.189,-0.167,-0.04,-0.15,21.887,-0.315,40.292,0.241,-53.479,0.371,-98.984,-0.174,18.405,0.377,-75.366,0.493,-120.871,0.517,-93.771,0.614,-139.276,0.142,-45.504,0.5,0.159,0.12,0.648,0.293,0.22,-0.86,-1.221,-0.292,-1.592,-2.261,-0.72,0.219,0.134,0.101,-0.896,-1.721,-0.412,-1.438,-2.761,-0.879,-1.115,-1.508,-0.512,-1.657,-2.24,-1.013,-0.541,-0.732,-1.039,-0.139,-0.148,-0.329,-0.469,-0.508,-0.86,0.119,0.215,0.163,0.165,0.275,0.214,-0.353,-0.389,-0.531,0.254,0.508,0.311,0.306,0.554,0.353,0.557,0.897,0.723,0.621,0.907,0.744,0.065,0.052,0.046,-2.402,-3.441,0.421,-0.591,0.5,-0.012,-1.691,-2.423,0.069,-0.81,0.181,-0.231,0.932,-1.308,0.216,-2.545,1.296,1.397,1.473,-0.035,0.757,-0.964,1.725,1.859,-1.79,-2.829,1.034,0.021,1.113,0.601,0.093,-0.627,0.245,-0.047,0.292,-1.969,1.753,1.973,1.023,-0.198,2.332,2.625,1.468,0.589,1.581,1.169,0.809,0.09,0.961,0.669,2.682,2.802,3.57,3.729,0.271,0.372,-0.007,0.213,-0.141,-0.021
2023-01-20,CTD11,4169609,700351,0.0,0.0,0.0,0.0,0.0,0.0,0.0,0.0,0.0,0.0,0.0,0.0,0.0,0.0,0.0,0.0,0.178,,,,,,,,,,,,,,,,,,,,,,,,,,,,,,,,,,,,,,,,,,,,,,,,,,,,,,,,,,,,,,,,,,,,,,,,,,,,,,,,,,,,,,,,,,,,,,,,,,,,,,,,,,,,,,,,,,,,,,,,,,,,,,,,,,,,,,,,,,,,,,,,,,,,,,,,,,,,,,,,,,,,,,,,,,,,,,,,,,,,,,,,,,,,,,,,,,,,,,,,,,,,,,,,,,,,,,,,,,,,,,,,,,,,,,,,,,,,,,,,,,,,,,,,,,,,,,,,,,,,,,,,,,,,,,,,,,,,,,,,
2023-01-20,CTD12,4173438,695414,0.024492156,0.031597875,0.035885323,0.008670026,0.006281815,0.0016055545,0.0015863234,0.0006133313,0.024282062,0.03146891,0.036348898,0.008720793,0.0060615167,0.0015843956,0.1761678,-8.000000000000001e-45,0.479,-0.127,9.182,-0.189,12.963,0.477,-74.511,0.592,-118.36,-0.064,3.781,0.569,-83.692,0.668,-127.542,0.611,-87.473,0.702,-131.323,0.16,-43.85,0.329,0.08,0.058,0.41,0.112,0.081,-2.354,-2.674,-0.468,-3.74,-4.247,-1.026,0.093,0.033,0.024,-2.05,-3.003,-0.526,-3.124,-4.577,-1.106,-2.142,-2.764,-0.549,-3.216,-4.15,-1.139,-1.074,-1.386,-1.574,-0.159,-0.169,-0.475,-0.283,-0.301,-0.762,0.234,0.418,0.375,0.27,0.452,0.409,-0.129,-0.139,-0.287,0.38,0.745,0.544,0.419,0.763,0.568,0.485,0.884,0.718,0.528,0.893,0.735,0.043,0.04,0.035,-3.364,-4.937,0.534,-0.605,0.6,0.051,-2.962,-4.348,0.408,-0.698,0.484,-0.042,1.944,-2.205,1.689,-2.888,2.626,2.65,3.018,0.254,2.763,-0.24,3.625,3.657,-2.849,-4.422,1.049,-0.09,1.115,0.566,0.527,-0.5,0.624,0.156,2.179,-2.068,3.388,3.469,3.565,0.891,4.676,4.788,1.191,0.085,1.266,0.741,0.782,-0.244,0.879,0.411,3.883,3.94,5.359,5.438,0.155,0.179,0.018,0.099,-0.015,0.043,-0.129,9.405,-0.199,13.672,0.472,-73.486,0.6,-123.793,-0.072,4.266,0.566,-82.891,0.677,-133.198,0.613,-87.157,0.714,-137.464,0.18,-50.307,0.342,0.082,0.057,0.43,0.119,0.083,-2.313,-2.671,-0.445,-3.896,-4.5,-1.08,0.104,0.037,0.026,-2.013,-3.013,-0.502,-3.234,-4.842,-1.162,-2.116,-2.743,-0.528,-3.338,-4.326,-1.199,-1.222,-1.583,-1.829,-0.159,-0.169,-0.486,-0.3,-0.322,-0.816,0.229,0.415,0.367,0.269,0.453,0.404,-0.148,-0.161,-0.33,0.375,0.75,0.536,0.419,0.77,0.564,0.496,0.911,0.736,0.543,0.918,0.754,0.048,0.044,0.039,-3.396,-5.225,0.532,-0.667,0.605,0.077,-2.94,-4.524,0.391,-0.771,0.475,-0.027,1.919,-2.407,1.629,-3.212,2.592,2.618,3.14,0.397,2.851,-0.162,3.729,3.766,-2.872,-4.701,1.056,-0.143,1.129,0.601,0.507,-0.573,0.616,0.171,2.112,-2.388,3.359,3.442,3.695,1.024,4.832,4.952,1.22,0.058,1.304,0.802,0.796,-0.284,0.905,0.46,3.918,3.975,5.638,5.72,0.167,0.192,0.027,0.11,-0.01,0.047
2023-03-01,CTD1,4187246,695025,0.005155028,0.0071455557,0.012243033,0.0024366446,0.0028059548,0.0006362387,0.0006807001,0.00024292318,0.0052021015,0.0069575286,0.012387413,0.002572226,0.0022876211,0.0007385872,1.1155823,-2.878e-42,0.328,-0.162,54.038,-0.407,112.306,0.358,-216.415,0.295,-162.4,-0.263,58.268,0.491,-270.453,0.436,-216.438,0.668,-328.721,0.627,-274.706,-0.07,54.016,0.662,0.132,0.152,0.802,0.274,0.315,-1.546,-2.65,-0.607,-1.16,-1.988,-0.396,0.3,0.142,0.163,-1.394,-3.311,-0.759,-1.116,-2.65,-0.527,-1.695,-2.349,-0.922,-1.416,-1.963,-0.669,0.278,0.386,0.661,-0.136,-0.132,-0.38,-0.74,-0.712,-1.352,0.14,0.273,0.181,0.121,0.245,0.16,-0.671,-0.64,-0.972,0.271,0.591,0.313,0.249,0.572,0.296,0.797,1.232,0.985,0.767,1.243,0.985,-0.03,-0.021,-0.019,-4.303,-3.642,0.522,-0.147,0.492,-0.43,-2.511,-2.126,0.08,-0.447,0.028,-0.731,1.532,-0.431,0.402,-2.248,1.723,1.886,1.254,-1.095,0.124,-3.187,1.496,1.638,-3.638,-2.977,1.187,0.518,1.157,0.235,0.111,-0.285,0.039,-0.568,0.558,-1.431,2.388,2.703,0.172,-2.478,2.074,2.348,2.034,1.507,1.982,1.223,1.241,0.845,1.169,0.562,4.48,4.632,3.891,4.022,0.08,0.243,-0.203,0.112,-0.345,-0.194,-0.144,48.501,-0.408,111.503,0.338,-196.538,0.389,-244.905,-0.281,63.002,0.46,-245.039,0.505,-293.406,0.656,-308.041,0.688,-356.408,0.059,-48.367,0.601,0.125,0.111,0.776,0.287,0.255,-1.367,-2.435,-0.45,-1.704,-3.034,-0.63,0.328,0.162,0.144,-1.275,-3.035,-0.561,-1.526,-3.635,-0.755,-1.602,-2.143,-0.705,-1.854,-2.48,-0.917,-0.252,-0.337,-0.599,-0.117,-0.12,-0.361,-0.754,-0.777,-1.479,0.136,0.284,0.179,0.151,0.306,0.195,-0.698,-0.725,-1.117,0.249,0.586,0.299,0.265,0.601,0.312,0.807,1.31,1.062,0.831,1.299,1.06,0.023,0.016,0.015,-4.068,-4.667,0.54,-0.377,0.563,-0.142,-2.285,-2.621,0.05,-0.704,0.091,-0.469,1.461,-1.019,0.242,-3.393,1.694,1.838,1.712,-0.431,0.494,-2.542,1.904,2.066,-3.478,-4.078,1.13,0.213,1.153,0.448,0.067,-0.563,0.122,-0.328,0.324,-2.71,2.265,2.52,0.66,-1.774,2.547,2.834,2.012,1.257,2.052,1.492,1.286,0.656,1.341,0.891,4.376,4.487,4.921,5.045,0.166,0.31,-0.07,0.185,-0.232,-0.121
2023-03-01,CTD2,4181518,693105,0.0059822896,0.008493804,0.010718345,0.0018024159,0.0013377215,0.00031164743,0.00030870832,0.00011789223,0.005964081,0.008404063,0.010757013,0.0018190081,0.0012669171,0.00032620243,0.24539876,-2.878e-42,0.346,-0.173,49.427,-0.284,73.862,0.537,-387.651,0.635,-580.38,-0.116,24.435,0.65,-437.078,0.728,-629.807,0.712,-461.513,0.778,-654.242,0.148,-192.729,0.53,0.089,0.066,0.627,0.133,0.099,-3.293,-4.155,-0.519,-4.93,-6.221,-1.046,0.146,0.044,0.033,-2.615,-4.685,-0.585,-3.768,-6.75,-1.135,-2.761,-3.92,-0.617,-3.914,-5.557,-1.179,-1.153,-1.637,-2.066,-0.201,-0.208,-0.8,-0.46,-0.482,-1.508,0.218,0.425,0.347,0.242,0.451,0.371,-0.286,-0.304,-0.708,0.401,0.914,0.555,0.428,0.919,0.572,0.616,1.218,0.907,0.648,1.205,0.911,0.032,0.028,0.024,-5.242,-7.308,0.536,-0.643,0.58,-0.038,-4.154,-5.791,0.346,-0.789,0.401,-0.184,2.527,-3.03,2.057,-4.693,3.162,3.194,3.68,-0.24,3.21,-1.475,4.26,4.304,-4.527,-6.593,1.252,0.072,1.295,0.678,0.491,-0.555,0.569,0.05,2.921,-3.3,4.489,4.588,4.558,0.403,6.048,6.181,1.579,0.444,1.634,1.049,0.961,-0.085,1.038,0.52,5.723,5.789,7.711,7.8,0.144,0.176,-0.011,0.087,-0.055,0.011,-0.17,48.68,-0.287,74.708,0.533,-382.08,0.65,-621.647,-0.123,26.027,0.644,-430.76,0.738,-670.328,0.711,-456.788,0.789,-696.355,0.179,-239.567,0.524,0.089,0.062,0.628,0.136,0.095,-3.211,-4.11,-0.484,-5.224,-6.687,-1.131,0.155,0.047,0.033,-2.569,-4.634,-0.546,-3.998,-7.211,-1.219,-2.724,-3.839,-0.579,-4.153,-5.852,-1.267,-1.429,-2.013,-2.577,-0.194,-0.203,-0.791,-0.469,-0.496,-1.553,0.216,0.429,0.345,0.245,0.459,0.374,-0.302,-0.325,-0.762,0.394,0.911,0.548,0.427,0.917,0.568,0.622,1.236,0.924,0.66,1.219,0.928,0.038,0.033,0.029,-5.204,-7.781,0.541,-0.726,0.592,0.013,-4.066,-6.079,0.338,-0.881,0.404,-0.142,2.497,-3.355,1.999,-5.212,3.128,3.161,3.926,0.087,3.428,-1.206,4.491,4.538,-4.505,-7.082,1.24,-0.027,1.291,0.713,0.476,-0.655,0.569,0.085,2.817,-3.871,4.408,4.502,4.83,0.72,6.328,6.464,1.587,0.368,1.653,1.107,0.975,-0.156,1.068,0.583,5.701,5.763,8.186,8.274,0.154,0.187,0.004,0.099,-0.043,0.018
2023-03-01,CTD3,4181698,695238,0.012582555,0.017515378,0.022812227,0.0048604193,0.003692793,0.00085600076,0.0008536658,0.00032692403,0.012609498,0.017334875,0.02298733,0.005045031,0.003519513,0.00089728425,0.24612673,-8.000000000000001e-45,0.356,-0.164,22.382,-0.289,35.639,0.443,-126.268,0.546,-191.323,-0.131,13.257,0.566,-148.651,0.652,-213.705,0.649,-161.907,0.721,-226.962,0.137,-65.054,0.511,0.109,0.083,0.624,0.173,0.132,-2.212,-2.88,-0.466,-3.351,-4.364,-0.93,0.167,0.064,0.049,-1.87,-3.391,-0.549,-2.689,-4.875,-1.039,-2.037,-2.836,-0.598,-2.856,-3.975,-1.103,-0.819,-1.139,-1.484,-0.178,-0.186,-0.577,-0.457,-0.482,-1.196,0.191,0.364,0.291,0.22,0.397,0.321,-0.304,-0.325,-0.619,0.358,0.778,0.477,0.391,0.792,0.5,0.596,1.103,0.846,0.635,1.096,0.854,0.039,0.033,0.029,-3.975,-5.459,0.505,-0.598,0.556,-0.041,-3.052,-4.192,0.274,-0.765,0.341,-0.208,1.821,-2.154,1.286,-3.589,2.378,2.427,2.64,-0.196,2.105,-1.286,3.13,3.194,-3.301,-4.785,1.179,0.076,1.23,0.632,0.382,-0.548,0.474,0.008,1.791,-2.574,3.31,3.442,2.93,0.05,4.357,4.53,1.536,0.497,1.602,1.053,0.916,-0.014,1.009,0.543,4.4,4.483,5.791,5.9,0.175,0.224,-0.016,0.116,-0.08,0.002,-0.158,21.618,-0.292,35.803,0.428,-118.91,0.564,-204.825,-0.14,14.185,0.549,-140.528,0.662,-226.443,0.64,-154.713,0.734,-240.628,0.178,-85.915,0.497,0.109,0.076,0.621,0.181,0.126,-2.061,-2.733,-0.419,-3.551,-4.708,-1.033,0.179,0.072,0.05,-1.772,-3.23,-0.495,-2.855,-5.205,-1.142,-1.951,-2.682,-0.545,-3.034,-4.171,-1.214,-1.083,-1.489,-1.975,-0.169,-0.178,-0.552,-0.464,-0.498,-1.212,0.188,0.363,0.285,0.225,0.406,0.324,-0.32,-0.35,-0.66,0.345,0.762,0.464,0.388,0.783,0.493,0.599,1.112,0.86,0.65,1.103,0.87,0.051,0.043,0.038,-3.829,-5.804,0.508,-0.706,0.574,0.03,-2.887,-4.377,0.258,-0.885,0.346,-0.149,1.745,-2.426,1.173,-4.032,2.296,2.346,2.829,0.147,2.257,-0.974,3.292,3.363,-3.182,-5.157,1.155,-0.059,1.222,0.677,0.354,-0.679,0.475,0.056,1.613,-3.095,3.157,3.283,3.102,0.369,4.525,4.706,1.532,0.39,1.62,1.125,0.926,-0.107,1.047,0.628,4.277,4.353,6.131,6.24,0.197,0.247,0.012,0.138,-0.06,0.016
2023-03-01,CTD4,4180266,698264,0.03354454,0.041005608,0.04923002,0.016661312,0.013234831,0.003483491,0.0034884913,0.001348525,0.032442767,0.04082471,0.05001433,0.01664198,0.012357512,0.0033157857,0.25820094,-8.000000000000001e-45,0.256,-0.1,5.424,-0.189,9.498,0.336,-30.208,0.434,-45.747,-0.091,4.074,0.422,-35.632,0.512,-51.171,0.494,-39.706,0.576,-55.245,0.115,-15.539,0.267,0.09,0.072,0.389,0.158,0.126,-1.239,-1.487,-0.4,-1.876,-2.252,-0.762,0.137,0.068,0.054,-1.195,-1.754,-0.472,-1.717,-2.519,-0.853,-1.332,-1.628,-0.526,-1.853,-2.265,-0.92,-0.521,-0.637,-0.765,-0.113,-0.119,-0.25,-0.272,-0.289,-0.525,0.187,0.311,0.27,0.225,0.352,0.308,-0.164,-0.176,-0.275,0.294,0.52,0.39,0.335,0.553,0.421,0.437,0.696,0.6,0.483,0.717,0.624,0.046,0.041,0.038,-2.137,-2.902,0.48,-0.441,0.549,0.024,-1.78,-2.417,0.275,-0.578,0.359,-0.113,1.18,-1.085,0.813,-1.706,1.691,1.744,1.702,0.073,1.334,-0.42,2.128,2.196,-1.732,-2.497,0.884,-0.036,0.954,0.428,0.336,-0.426,0.438,0.039,0.994,-1.259,2.067,2.192,1.631,0.144,2.602,2.76,1.061,0.209,1.145,0.673,0.704,-0.058,0.806,0.406,2.56,2.632,3.223,3.313,0.174,0.228,0.012,0.137,-0.056,0.016,-0.114,6.329,-0.213,10.829,0.322,-29.265,0.448,-50.099,-0.101,4.501,0.421,-35.594,0.535,-56.427,0.501,-40.095,0.604,-60.928,0.148,-20.833,0.317,0.105,0.078,0.442,0.18,0.134,-1.195,-1.464,-0.362,-2.045,-2.506,-0.834,0.146,0.075,0.056,-1.155,-1.78,-0.44,-1.831,-2.822,-0.939,-1.301,-1.637,-0.495,-1.977,-2.487,-1.014,-0.676,-0.851,-1.042,-0.126,-0.134,-0.289,-0.306,-0.33,-0.606,0.174,0.297,0.253,0.221,0.35,0.301,-0.187,-0.205,-0.317,0.293,0.54,0.388,0.345,0.58,0.427,0.455,0.745,0.628,0.514,0.767,0.655,0.058,0.052,0.047,-2.211,-3.253,0.462,-0.552,0.548,0.052,-1.804,-2.655,0.241,-0.698,0.346,-0.094,1.133,-1.354,0.724,-2.098,1.647,1.702,1.809,0.172,1.4,-0.38,2.218,2.293,-1.747,-2.789,0.926,-0.088,1.011,0.516,0.303,-0.53,0.435,0.074,0.911,-1.594,2.072,2.206,1.762,0.298,2.791,2.971,1.134,0.195,1.239,0.799,0.712,-0.122,0.844,0.483,2.624,2.703,3.534,3.64,0.21,0.266,0.027,0.161,-0.048,0.03
2023-03-01,CTD6,4176009,695829,0.009833869,0.014066799,0.013956823,0.0019300703,0.0012988554,0.00032972585,0.00031620747,0.00012215693,0.00979788,0.014052155,0.013973533,0.0019027621,0.001294759,0.00033730842,0.08639711,-2.878e-42,0.221,-0.177,30.6,-0.173,30.04,0.672,-416.426,0.767,-668.219,0.004,-0.56,0.759,-447.026,0.831,-698.819,0.757,-446.466,0.83,-698.259,0.195,-251.793,0.427,0.059,0.04,0.423,0.058,0.039,-5.858,-5.812,-0.541,-9.4,-9.326,-1.29,-0.006,-0.001,-0.001,-4.396,-6.239,-0.581,-6.872,-9.753,-1.349,-4.39,-6.28,-0.58,-6.867,-9.822,-1.348,-2.476,-3.542,-3.514,-0.266,-0.277,-1.311,-0.258,-0.268,-1.277,0.282,0.514,0.518,0.305,0.534,0.537,0.009,0.01,0.034,0.51,1.09,0.796,0.537,1.085,0.804,0.503,1.08,0.783,0.53,1.076,0.791,0.026,0.027,0.023,-6.532,-10.046,0.561,-0.787,0.606,0.026,-6.584,-10.126,0.567,-0.781,0.612,0.032,4.087,-5.735,4.103,-5.65,5.003,5.002,6.563,0.283,6.579,0.34,7.434,7.433,-5.801,-9.315,1.292,-0.056,1.337,0.757,0.812,-0.478,0.876,0.335,5.869,-3.457,7.156,7.195,9.411,3.599,10.634,10.692,1.282,-0.067,1.327,0.746,0.796,-0.494,0.86,0.319,7.099,7.139,10.549,10.608,0.104,0.103,0.005,0.044,0.006,0.046,-0.178,30.899,-0.176,30.499,0.675,-423.489,0.767,-670.282,0.003,-0.4,0.761,-454.388,0.831,-701.181,0.76,-453.988,0.83,-700.781,0.19,-246.793,0.432,0.059,0.04,0.429,0.058,0.039,-5.951,-5.918,-0.548,-9.419,-9.366,-1.275,-0.004,-0.001,-0.001,-4.452,-6.349,-0.588,-6.87,-9.798,-1.334,-4.448,-6.38,-0.588,-6.866,-9.847,-1.333,-2.418,-3.468,-3.449,-0.268,-0.279,-1.33,-0.262,-0.272,-1.306,0.282,0.514,0.517,0.303,0.533,0.536,0.007,0.007,0.025,0.511,1.095,0.796,0.537,1.09,0.804,0.506,1.088,0.787,0.532,1.084,0.795,0.025,0.026,0.022,-6.647,-10.095,0.561,-0.772,0.605,0.017,-6.684,-10.152,0.566,-0.768,0.609,0.021,4.144,-5.704,4.155,-5.643,5.057,5.057,6.562,0.182,6.573,0.224,7.432,7.431,-5.91,-9.358,1.298,-0.035,1.342,0.754,0.811,-0.464,0.873,0.325,5.959,-3.407,7.253,7.292,9.427,3.509,10.659,10.717,1.291,-0.043,1.334,0.746,0.8,-0.475,0.862,0.314,7.212,7.252,10.598,10.657,0.102,0.102,0.003,0.043,0.004,0.044
2023-03-01,CTD7,4176724,690397,0.037282493,0.05487625,0.057266578,0.0070536593,0.00421496,0.0011677315,0.001031331,0.00041492668,0.037794147,0.052778378,0.058577098,0.0066481805,0.004315335,0.0011646181,0.035570126,-8.000000000000001e-45,0.265,-0.191,8.599,-0.211,9.36,0.682,-114.948,0.797,-210.428,-0.021,0.761,0.772,-123.548,0.857,-219.027,0.781,-124.308,0.863,-219.788,0.252,-95.48,0.492,0.061,0.036,0.514,0.066,0.039,-6.308,-6.583,-0.485,-11.547,-12.05,-1.484,0.028,0.005,0.003,-4.606,-7.075,-0.521,-8.166,-12.543,-1.545,-4.635,-6.822,-0.524,-8.194,-12.061,-1.55,-3.56,-5.24,-5.468,-0.274,-0.286,-1.561,-0.323,-0.338,-1.773,0.27,0.512,0.492,0.295,0.534,0.514,-0.054,-0.058,-0.212,0.506,1.152,0.778,0.536,1.143,0.788,0.545,1.21,0.85,0.576,1.197,0.857,0.031,0.03,0.025,-7.439,-12.907,0.556,-0.994,0.606,0.082,-7.129,-12.368,0.522,-1.022,0.574,0.053,4.327,-7.734,4.242,-8.301,5.209,5.212,7.887,1.065,7.802,0.727,8.717,8.722,-6.647,-12.115,1.349,-0.202,1.398,0.874,0.769,-0.715,0.845,0.361,6.244,-5.807,7.667,7.706,11.483,4.901,12.83,12.896,1.407,-0.137,1.459,0.938,0.854,-0.63,0.931,0.446,8.006,8.042,13.397,13.458,0.112,0.116,0.015,0.055,0.01,0.046,-0.165,7.512,-0.216,9.388,0.701,-123.958,0.795,-205.273,-0.052,1.876,0.776,-131.47,0.849,-212.785,0.796,-133.346,0.863,-214.66,0.213,-81.315,0.44,0.05,0.032,0.495,0.062,0.041,-6.542,-7.261,-0.535,-10.834,-12.024,-1.365,0.071,0.012,0.008,-4.969,-7.701,-0.567,-8.042,-12.464,-1.415,-5.04,-7.038,-0.575,-8.113,-11.329,-1.427,-3.073,-4.292,-4.763,-0.23,-0.238,-1.367,-0.35,-0.364,-1.896,0.28,0.546,0.495,0.301,0.563,0.513,-0.13,-0.138,-0.529,0.479,1.095,0.733,0.503,1.09,0.743,0.573,1.233,0.91,0.599,1.221,0.913,0.026,0.024,0.021,-8.095,-12.858,0.603,-0.825,0.642,0.067,-7.294,-11.585,0.519,-0.895,0.563,-0.004,4.784,-6.546,4.575,-7.889,5.603,5.611,7.857,0.819,7.648,-0.053,8.632,8.645,-7.415,-12.178,1.283,-0.144,1.323,0.747,0.725,-0.64,0.787,0.252,6.389,-5.635,7.825,7.865,10.681,3.419,12.055,12.117,1.424,0.009,1.468,0.901,0.934,-0.431,0.996,0.461,8.697,8.729,13.398,13.448,0.094,0.102,0.012,0.052,-0.001,0.032
2023-03-01,CTD8,4174178,693048,0.037792686,0.052996278,0.06206184,0.016444938,0.00978761,0.0025043555,0.0024383927,0.00096675515,0.037658237,0.051879894,0.06267473,0.016740723,0.010457202,0.0022362017,0.0034761808,-8.000000000000001e-45,0.213,-0.167,7.591,-0.243,10.347,0.394,-34.349,0.589,-75.71,-0.079,2.756,0.526,-41.94,0.688,-83.301,0.581,-44.696,0.728,-86.057,0.254,-41.361,0.471,0.125,0.074,0.548,0.17,0.101,-1.82,-2.132,-0.336,-4.012,-4.699,-1.245,0.104,0.045,0.027,-1.585,-2.603,-0.41,-3.148,-5.17,-1.37,-1.689,-2.369,-0.437,-3.252,-4.561,-1.415,-1.563,-2.192,-2.567,-0.194,-0.212,-0.58,-0.349,-0.387,-0.925,0.186,0.34,0.297,0.243,0.403,0.357,-0.167,-0.191,-0.346,0.366,0.768,0.509,0.433,0.797,0.55,0.502,0.959,0.727,0.576,0.964,0.753,0.073,0.067,0.058,-3.061,-5.628,0.448,-0.967,0.555,0.118,-2.614,-4.806,0.299,-1.071,0.424,0.014,1.444,-3.116,1.127,-4.043,2.113,2.14,3.007,0.639,2.69,0.087,3.551,3.596,-2.372,-4.939,1.137,-0.278,1.245,0.807,0.419,-0.826,0.595,0.259,1.58,-3.118,2.964,3.065,3.772,1.641,4.979,5.15,1.332,-0.038,1.457,1.047,0.736,-0.509,0.912,0.576,3.515,3.589,5.906,6.031,0.25,0.277,0.051,0.153,0.006,0.08,-0.159,7.279,-0.249,10.599,0.385,-33.18,0.565,-69.073,-0.094,3.32,0.512,-40.459,0.664,-76.353,0.578,-43.779,0.714,-79.672,0.231,-35.893,0.456,0.122,0.076,0.55,0.177,0.111,-1.721,-2.08,-0.347,-3.584,-4.329,-1.156,0.125,0.056,0.035,-1.524,-2.536,-0.423,-2.875,-4.785,-1.278,-1.649,-2.271,-0.458,-3.0,-4.133,-1.334,-1.352,-1.862,-2.25,-0.179,-0.194,-0.523,-0.365,-0.401,-0.92,0.183,0.336,0.286,0.237,0.396,0.343,-0.198,-0.224,-0.397,0.35,0.73,0.48,0.413,0.761,0.522,0.513,0.955,0.737,0.583,0.96,0.761,0.07,0.063,0.055,-3.018,-5.268,0.459,-0.875,0.559,0.101,-2.498,-4.36,0.278,-1.0,0.399,-0.024,1.422,-2.712,1.041,-3.744,2.048,2.083,2.773,0.502,2.393,-0.143,3.278,3.334,-2.366,-4.616,1.111,-0.223,1.211,0.753,0.383,-0.773,0.55,0.203,1.435,-2.894,2.821,2.932,3.297,1.217,4.517,4.694,1.342,0.063,1.463,1.04,0.764,-0.393,0.93,0.583,3.466,3.542,5.549,5.671,0.243,0.278,0.045,0.156,-0.011,0.066
2023-03-01,CTD10,4170388,695646,0.017597906,0.025930418,0.026287576,0.0036400582,0.002339387,0.0006007702,0.00056504476,0.00021918646,0.017704403,0.025868105,0.026690632,0.0036187314,0.0023850545,0.00061350287,0.066123195,-8.000000000000001e-45,0.156,-0.191,18.26,-0.198,18.784,0.657,-217.896,0.765,-370.637,-0.007,0.524,0.754,-236.156,0.834,-388.898,0.757,-236.68,0.837,-389.422,0.218,-152.742,0.48,0.066,0.043,0.487,0.068,0.044,-5.65,-5.728,-0.51,-9.611,-9.743,-1.349,0.009,0.002,0.001,-4.156,-6.208,-0.552,-6.844,-10.223,-1.416,-4.165,-6.137,-0.554,-6.853,-10.098,-1.418,-2.688,-3.961,-4.015,-0.278,-0.291,-1.394,-0.294,-0.307,-1.453,0.267,0.494,0.488,0.292,0.516,0.51,-0.017,-0.018,-0.06,0.508,1.118,0.779,0.538,1.111,0.788,0.52,1.136,0.801,0.55,1.128,0.81,0.03,0.03,0.025,-6.543,-10.558,0.54,-0.877,0.59,0.036,-6.454,-10.415,0.529,-0.887,0.579,0.027,3.848,-6.25,3.821,-6.402,4.744,4.746,6.536,0.399,6.509,0.301,7.382,7.384,-5.748,-9.763,1.335,-0.082,1.385,0.831,0.78,-0.57,0.853,0.344,5.63,-4.113,6.991,7.035,9.59,3.863,10.877,10.946,1.353,-0.062,1.404,0.851,0.807,-0.542,0.881,0.371,7.089,7.132,11.03,11.097,0.117,0.118,0.007,0.051,0.006,0.048,-0.187,17.825,-0.202,19.017,0.661,-219.857,0.763,-362.795,-0.016,1.191,0.755,-237.682,0.831,-380.62,0.761,-238.874,0.836,-381.811,0.205,-142.938,0.476,0.065,0.043,0.492,0.069,0.045,-5.687,-5.868,-0.524,-9.385,-9.683,-1.313,0.021,0.004,0.003,-4.208,-6.344,-0.567,-6.739,-10.159,-1.377,-4.229,-6.179,-0.57,-6.76,-9.877,-1.382,-2.531,-3.698,-3.815,-0.269,-0.281,-1.36,-0.305,-0.318,-1.497,0.268,0.499,0.484,0.291,0.52,0.505,-0.039,-0.041,-0.137,0.501,1.108,0.765,0.529,1.101,0.775,0.53,1.148,0.817,0.558,1.14,0.824,0.028,0.028,0.023,-6.691,-10.506,0.549,-0.833,0.595,0.025,-6.485,-10.183,0.523,-0.854,0.571,0.004,3.923,-5.953,3.861,-6.298,4.8,4.803,6.454,0.275,6.391,0.047,7.283,7.287,-5.915,-9.73,1.326,-0.056,1.372,0.802,0.765,-0.548,0.834,0.31,5.641,-4.042,7.014,7.059,9.338,3.47,10.642,10.71,1.368,-0.01,1.415,0.848,0.827,-0.485,0.897,0.373,7.241,7.283,10.986,11.051,0.112,0.115,0.005,0.051,0.001,0.043
2023-03-01,CTD11,4169609,700351,0.021486998,0.031138247,0.039513133,0.01180137,0.0074752644,0.0018809582,0.0018686905,0.00073362933,0.021476498,0.031248339,0.039701216,0.0121252565,0.007796442,0.0017596746,0.039187048,-8.000000000000001e-45,0.149,-0.183,14.425,-0.296,21.232,0.291,-38.196,0.484,-87.235,-0.119,6.807,0.45,-52.621,0.613,-101.66,0.54,-59.428,0.682,-108.466,0.224,-49.039,0.57,0.17,0.108,0.661,0.251,0.159,-1.189,-1.509,-0.286,-2.716,-3.447,-1.029,0.146,0.08,0.051,-1.131,-2.079,-0.393,-2.184,-4.017,-1.2,-1.277,-1.85,-0.444,-2.331,-3.377,-1.28,-1.054,-1.527,-1.938,-0.188,-0.205,-0.501,-0.42,-0.467,-0.935,0.137,0.251,0.206,0.198,0.326,0.273,-0.252,-0.289,-0.434,0.317,0.668,0.412,0.388,0.711,0.461,0.527,0.957,0.718,0.609,0.962,0.746,0.082,0.071,0.061,-2.658,-4.596,0.391,-0.889,0.501,0.057,-2.095,-3.622,0.165,-1.035,0.304,-0.09,1.033,-2.345,0.552,-3.465,1.581,1.632,2.086,0.236,1.605,-0.474,2.495,2.576,-1.899,-3.837,1.15,-0.13,1.26,0.816,0.239,-0.791,0.44,0.155,0.8,-2.647,2.291,2.449,2.327,0.817,3.616,3.867,1.46,0.26,1.599,1.206,0.72,-0.31,0.921,0.636,3.0,3.108,4.737,4.907,0.309,0.36,0.031,0.19,-0.049,0.059,-0.185,14.561,-0.298,21.374,0.278,-35.91,0.467,-81.701,-0.119,6.814,0.441,-50.471,0.601,-96.262,0.532,-57.284,0.672,-103.075,0.217,-45.791,0.578,0.177,0.114,0.668,0.259,0.167,-1.122,-1.426,-0.28,-2.553,-3.244,-0.991,0.146,0.083,0.053,-1.084,-2.004,-0.393,-2.067,-3.822,-1.167,-1.23,-1.79,-0.447,-2.214,-3.221,-1.25,-0.983,-1.431,-1.818,-0.189,-0.206,-0.491,-0.42,-0.467,-0.915,0.132,0.24,0.197,0.193,0.315,0.264,-0.252,-0.289,-0.424,0.313,0.653,0.403,0.383,0.698,0.453,0.523,0.942,0.706,0.605,0.949,0.736,0.082,0.071,0.061,-2.587,-4.405,0.382,-0.868,0.491,0.044,-2.036,-3.467,0.153,-1.014,0.291,-0.102,0.984,-2.237,0.501,-3.321,1.522,1.575,1.968,0.178,1.484,-0.52,2.367,2.449,-1.819,-3.637,1.15,-0.1,1.259,0.812,0.223,-0.768,0.424,0.144,0.729,-2.515,2.214,2.381,2.159,0.734,3.443,3.703,1.461,0.293,1.599,1.206,0.706,-0.285,0.907,0.628,2.911,3.025,4.528,4.704,0.315,0.368,0.025,0.192,-0.058,0.056
2023-03-01,CTD12,4173438,695414,0.011063035,0.015961988,0.018788898,0.0033718091,0.0023385945,0.0005685297,0.0005585252,0.00021631343,0.011081988,0.015873922,0.01886443,0.003432294,0.0023283726,0.0005862938,0.14560294,-8.000000000000001e-45,0.186,-0.181,27.742,-0.259,37.168,0.533,-206.186,0.651,-337.216,-0.081,9.426,0.651,-233.928,0.744,-364.958,0.696,-243.354,0.779,-374.384,0.181,-131.031,0.521,0.094,0.065,0.593,0.125,0.087,-3.291,-3.874,-0.482,-5.383,-6.336,-1.137,0.104,0.032,0.022,-2.588,-4.395,-0.547,-4.038,-6.857,-1.231,-2.692,-3.884,-0.569,-4.142,-5.976,-1.262,-1.45,-2.092,-2.462,-0.221,-0.232,-0.858,-0.4,-0.422,-1.353,0.221,0.42,0.364,0.251,0.451,0.394,-0.196,-0.211,-0.495,0.422,0.939,0.596,0.456,0.944,0.615,0.57,1.15,0.842,0.609,1.14,0.851,0.038,0.035,0.03,-4.879,-7.341,0.514,-0.749,0.569,-0.0,-4.145,-6.237,0.378,-0.853,0.442,-0.105,2.431,-3.544,2.104,-4.753,3.135,3.157,3.881,-0.003,3.554,-0.842,4.519,4.551,-4.13,-6.591,1.263,0.001,1.318,0.749,0.545,-0.592,0.638,0.156,3.036,-3.3,4.523,4.609,5.127,1.253,6.521,6.646,1.487,0.257,1.552,1.005,0.872,-0.265,0.966,0.484,5.361,5.426,7.729,7.823,0.158,0.18,-0.0,0.087,-0.032,0.033,-0.178,27.24,-0.26,37.227,0.527,-201.114,0.653,-339.248,-0.086,9.987,0.644,-228.354,0.744,-366.488,0.692,-238.341,0.78,-376.475,0.192,-138.134,0.514,0.093,0.063,0.591,0.128,0.087,-3.192,-3.794,-0.468,-5.385,-6.4,-1.164,0.111,0.034,0.023,-2.531,-4.308,-0.532,-4.061,-6.914,-1.258,-2.641,-3.783,-0.555,-4.172,-5.976,-1.292,-1.531,-2.193,-2.606,-0.215,-0.226,-0.832,-0.403,-0.428,-1.351,0.22,0.42,0.361,0.252,0.453,0.393,-0.206,-0.223,-0.519,0.415,0.928,0.587,0.452,0.933,0.608,0.572,1.151,0.848,0.613,1.139,0.857,0.041,0.037,0.032,-4.798,-7.404,0.516,-0.776,0.575,0.02,-4.037,-6.23,0.371,-0.887,0.441,-0.091,2.387,-3.589,2.04,-4.873,3.082,3.105,3.918,0.135,3.571,-0.737,4.543,4.578,-4.064,-6.67,1.25,-0.042,1.309,0.754,0.532,-0.633,0.631,0.163,2.923,-3.477,4.415,4.501,5.115,1.321,6.508,6.636,1.486,0.228,1.556,1.024,0.879,-0.286,0.978,0.51,5.286,5.349,7.792,7.886,0.163,0.186,0.006,0.093,-0.028,0.035
2023-03-16,CTD1,4187246,695025,0.005091928,0.0075270813,0.012796413,0.0031440624,0.0030501918,0.0006841968,0.0006903162,0.00026555575,0.005123662,0.007368312,0.012950138,0.0032898837,0.0026369723,0.000760214,0.59866273,-2.878e-42,0.347,-0.193,63.536,-0.431,118.242,0.237,-121.671,0.251,-131.459,-0.259,54.707,0.411,-185.206,0.423,-194.995,0.606,-239.913,0.615,-249.701,0.015,-9.788,0.813,0.2,0.194,0.89,0.372,0.361,-0.916,-1.557,-0.371,-0.99,-1.682,-0.413,0.279,0.172,0.167,-0.943,-2.37,-0.565,-0.993,-2.495,-0.613,-1.222,-1.806,-0.732,-1.271,-1.88,-0.785,-0.05,-0.074,-0.125,-0.153,-0.154,-0.393,-0.722,-0.728,-1.244,0.096,0.184,0.123,0.1,0.191,0.128,-0.64,-0.647,-0.851,0.245,0.538,0.277,0.25,0.544,0.281,0.765,1.185,0.913,0.772,1.183,0.913,0.007,0.005,0.005,-3.394,-3.519,0.431,-0.354,0.438,-0.294,-1.996,-2.07,-0.02,-0.633,-0.007,-0.572,1.031,-0.848,-0.081,-2.576,1.214,1.381,1.081,-0.725,-0.031,-2.401,1.252,1.424,-2.592,-2.717,1.233,0.447,1.24,0.508,-0.029,-0.443,-0.011,-0.382,-0.119,-1.801,1.795,2.156,-0.045,-1.602,1.85,2.222,2.095,1.482,2.108,1.543,1.083,0.669,1.101,0.73,3.471,3.665,3.578,3.778,0.212,0.379,-0.181,0.179,-0.353,-0.16,-0.18,59.457,-0.433,117.954,0.218,-108.789,0.32,-184.05,-0.275,58.497,0.383,-168.246,0.473,-243.506,0.595,-226.743,0.662,-302.004,0.11,-75.261,0.77,0.196,0.157,0.869,0.388,0.311,-0.802,-1.409,-0.287,-1.356,-2.383,-0.606,0.3,0.192,0.154,-0.862,-2.179,-0.444,-1.248,-3.153,-0.801,-1.162,-1.671,-0.598,-1.547,-2.225,-0.994,-0.386,-0.555,-0.975,-0.138,-0.144,-0.379,-0.734,-0.782,-1.321,0.09,0.183,0.118,0.122,0.233,0.153,-0.663,-0.719,-0.942,0.226,0.526,0.262,0.262,0.562,0.291,0.773,1.245,0.966,0.826,1.226,0.968,0.052,0.036,0.032,-3.241,-4.216,0.441,-0.552,0.492,-0.106,-1.844,-2.399,-0.051,-0.852,0.038,-0.406,0.988,-1.237,-0.2,-3.354,1.2,1.354,1.374,-0.297,0.185,-1.993,1.497,1.689,-2.498,-3.473,1.184,0.19,1.234,0.637,-0.073,-0.679,0.054,-0.233,-0.288,-2.671,1.725,2.036,0.267,-1.142,2.152,2.54,2.081,1.28,2.17,1.726,1.115,0.51,1.243,0.956,3.422,3.578,4.269,4.464,0.284,0.438,-0.068,0.243,-0.261,-0.104
2023-03-16,CTD2,4181518,693105,0.0053616804,0.0075513837,0.011222921,0.0024957592,0.0021952323,0.0005115333,0.0005045848,0.000197685,0.005392333,0.00743116,0.01129723,0.0025641974,0.0019757259,0.0005562683,0.39722764,-2.878e-42,0.306,-0.17,54.083,-0.353,97.405,0.365,-214.171,0.419,-269.024,-0.196,43.323,0.503,-268.254,0.55,-323.107,0.636,-311.576,0.673,-366.429,0.064,-54.853,0.607,0.135,0.119,0.736,0.243,0.214,-1.617,-2.404,-0.47,-2.032,-3.019,-0.671,0.232,0.108,0.095,-1.438,-3.011,-0.589,-1.732,-3.626,-0.806,-1.671,-2.353,-0.684,-1.965,-2.767,-0.915,-0.294,-0.414,-0.616,-0.16,-0.163,-0.467,-0.583,-0.601,-1.249,0.153,0.294,0.214,0.169,0.315,0.231,-0.467,-0.486,-0.783,0.305,0.669,0.377,0.323,0.682,0.39,0.676,1.155,0.895,0.699,1.149,0.899,0.023,0.018,0.016,-3.787,-4.402,0.488,-0.427,0.514,-0.17,-2.548,-2.962,0.147,-0.659,0.187,-0.402,1.475,-1.292,0.662,-2.964,1.858,1.953,1.77,-0.583,0.956,-2.054,2.112,2.22,-3.088,-3.704,1.186,0.271,1.213,0.529,0.207,-0.464,0.263,-0.207,0.933,-2.087,2.616,2.83,1.347,-1.057,2.974,3.218,1.763,0.956,1.802,1.214,1.021,0.349,1.077,0.607,4.087,4.206,4.647,4.782,0.175,0.27,-0.079,0.135,-0.187,-0.068,-0.159,50.88,-0.354,96.931,0.355,-204.537,0.464,-320.695,-0.206,46.051,0.487,-255.417,0.58,-371.575,0.63,-301.468,0.702,-417.626,0.13,-116.158,0.575,0.13,0.101,0.72,0.249,0.192,-1.52,-2.311,-0.404,-2.383,-3.623,-0.822,0.248,0.118,0.091,-1.377,-2.886,-0.505,-2.004,-4.198,-0.953,-1.626,-2.24,-0.596,-2.252,-3.103,-1.071,-0.626,-0.863,-1.312,-0.147,-0.154,-0.449,-0.591,-0.628,-1.301,0.151,0.301,0.213,0.182,0.342,0.246,-0.486,-0.525,-0.852,0.292,0.661,0.367,0.327,0.686,0.394,0.681,1.185,0.928,0.727,1.172,0.933,0.046,0.035,0.031,-3.68,-4.992,0.499,-0.572,0.551,-0.045,-2.421,-3.284,0.132,-0.821,0.211,-0.293,1.445,-1.658,0.583,-3.615,1.837,1.928,2.072,-0.169,1.209,-1.676,2.384,2.502,-3.028,-4.34,1.151,0.08,1.203,0.608,0.182,-0.64,0.291,-0.113,0.803,-2.82,2.532,2.723,1.666,-0.645,3.286,3.534,1.75,0.797,1.829,1.325,1.045,0.222,1.154,0.75,4.039,4.14,5.242,5.373,0.21,0.301,-0.021,0.17,-0.139,-0.039
2023-03-16,CTD3,4181698,695238,0.011252023,0.01588641,0.017495658,0.0041822586,0.00262685,0.0007252623,0.0007201616,0.0002945683,0.011305991,0.015936425,0.017342579,0.0041844444,0.0028259251,0.000708595,0.016803334,-8.000000000000001e-45,0.271,-0.171,25.926,-0.217,31.716,0.458,-150.232,0.621,-291.811,-0.048,5.79,0.583,-176.158,0.716,-317.737,0.614,-181.948,0.739,-323.527,0.228,-141.579,0.454,0.108,0.068,0.504,0.133,0.083,-2.387,-2.628,-0.395,-4.636,-5.105,-1.22,0.065,0.024,0.015,-1.982,-3.082,-0.463,-3.575,-5.559,-1.329,-2.047,-2.891,-0.478,-3.64,-5.14,-1.353,-1.593,-2.249,-2.477,-0.214,-0.23,-0.681,-0.311,-0.337,-0.917,0.212,0.382,0.351,0.258,0.43,0.398,-0.104,-0.116,-0.236,0.407,0.843,0.582,0.461,0.859,0.612,0.491,0.959,0.719,0.548,0.963,0.741,0.057,0.054,0.047,-3.475,-5.952,0.469,-0.884,0.558,0.08,-3.155,-5.405,0.38,-0.949,0.478,0.015,1.782,-3.357,1.589,-3.97,2.525,2.54,3.375,0.485,3.182,0.1,4.02,4.044,-2.771,-5.248,1.173,-0.18,1.262,0.784,0.536,-0.684,0.675,0.28,2.244,-2.862,3.565,3.648,4.493,1.864,5.676,5.809,1.292,-0.037,1.39,0.927,0.73,-0.491,0.868,0.473,3.95,4.018,6.289,6.397,0.206,0.222,0.03,0.113,0.006,0.074,-0.17,25.699,-0.211,30.787,0.46,-150.532,0.6,-265.418,-0.042,5.088,0.584,-176.231,0.699,-291.117,0.611,-181.319,0.72,-296.205,0.194,-114.886,0.446,0.108,0.073,0.491,0.129,0.087,-2.399,-2.611,-0.425,-4.23,-4.603,-1.111,0.058,0.021,0.014,-1.992,-3.056,-0.498,-3.291,-5.049,-1.218,-2.05,-2.89,-0.512,-3.349,-4.72,-1.239,-1.299,-1.831,-1.992,-0.215,-0.23,-0.661,-0.3,-0.322,-0.861,0.214,0.38,0.353,0.255,0.421,0.394,-0.091,-0.1,-0.201,0.41,0.832,0.583,0.458,0.846,0.609,0.483,0.931,0.701,0.533,0.937,0.721,0.05,0.047,0.041,-3.435,-5.428,0.468,-0.771,0.546,0.034,-3.157,-4.987,0.389,-0.829,0.475,-0.023,1.783,-2.937,1.614,-3.435,2.525,2.539,3.082,0.192,2.913,-0.144,3.738,3.76,-2.735,-4.727,1.168,-0.071,1.247,0.734,0.549,-0.562,0.669,0.244,2.275,-2.328,3.559,3.646,4.105,1.495,5.269,5.398,1.271,0.053,1.357,0.859,0.718,-0.392,0.838,0.413,3.895,3.967,5.767,5.874,0.193,0.207,0.013,0.1,-0.009,0.064
2023-03-16,CTD4,4180266,698264,0.010215141,0.014605656,0.016902579,0.0038166887,0.0025003296,0.00066881237,0.0006662009,0.00026946666,0.010260595,0.014608256,0.01681657,0.0038246214,0.0026201638,0.00066562626,0.065058686,-8.000000000000001e-45,0.191,-0.177,29.427,-0.247,38.731,0.456,-164.113,0.607,-302.053,-0.073,9.304,0.586,-193.541,0.708,-331.481,0.632,-202.845,0.742,-340.785,0.208,-137.94,0.497,0.112,0.074,0.566,0.148,0.097,-2.397,-2.774,-0.41,-4.412,-5.105,-1.153,0.095,0.036,0.023,-1.977,-3.271,-0.484,-3.386,-5.603,-1.265,-2.072,-2.963,-0.507,-3.481,-4.977,-1.301,-1.409,-2.015,-2.332,-0.212,-0.226,-0.695,-0.363,-0.391,-1.059,0.203,0.374,0.33,0.245,0.419,0.372,-0.164,-0.181,-0.364,0.398,0.848,0.556,0.446,0.863,0.584,0.527,1.029,0.765,0.58,1.026,0.782,0.053,0.049,0.042,-3.729,-6.061,0.474,-0.827,0.551,0.044,-3.222,-5.237,0.343,-0.922,0.433,-0.051,1.812,-3.165,1.519,-4.084,2.505,2.529,3.221,0.259,2.928,-0.343,3.824,3.86,-2.999,-5.33,1.204,-0.097,1.282,0.775,0.49,-0.662,0.619,0.209,2.172,-2.933,3.582,3.679,4.187,1.413,5.468,5.616,1.393,0.128,1.483,1.0,0.784,-0.369,0.912,0.502,4.184,4.257,6.387,6.499,0.202,0.226,0.017,0.113,-0.019,0.055,-0.175,29.006,-0.242,37.995,0.457,-164.004,0.593,-284.195,-0.07,8.989,0.585,-193.009,0.696,-313.201,0.629,-201.999,0.73,-322.19,0.187,-120.192,0.488,0.111,0.076,0.555,0.145,0.1,-2.396,-2.758,-0.43,-4.152,-4.779,-1.087,0.092,0.034,0.024,-1.98,-3.246,-0.506,-3.214,-5.267,-1.198,-2.073,-2.951,-0.529,-3.306,-4.707,-1.232,-1.233,-1.756,-2.021,-0.211,-0.224,-0.675,-0.356,-0.381,-1.017,0.205,0.374,0.331,0.243,0.415,0.37,-0.157,-0.171,-0.343,0.398,0.837,0.555,0.443,0.851,0.581,0.522,1.009,0.754,0.571,1.008,0.77,0.048,0.044,0.038,-3.695,-5.716,0.475,-0.757,0.547,0.017,-3.209,-4.965,0.348,-0.85,0.431,-0.075,1.814,-2.893,1.532,-3.735,2.503,2.527,3.047,0.096,2.765,-0.481,3.654,3.689,-2.973,-4.994,1.196,-0.036,1.268,0.739,0.496,-0.591,0.613,0.184,2.181,-2.599,3.564,3.664,3.936,1.178,5.203,5.348,1.377,0.179,1.46,0.954,0.778,-0.309,0.896,0.466,4.142,4.218,6.045,6.156,0.193,0.217,0.006,0.106,-0.028,0.048
2023-03-16,CTD6,4176009,695829,0.01115333,0.015362092,0.013486952,0.0022881746,0.001358537,0.0003832473,0.00037388163,0.00015211778,0.011184232,0.01547217,0.013356061,0.0022313618,0.0014728064,0.00037202708,0.00425832,-8.000000000000001e-45,0.186,-0.159,24.564,-0.095,15.514,0.66,-347.37,0.783,-646.427,0.065,-9.05,0.741,-371.934,0.838,-670.991,0.71,-362.884,0.817,-661.94,0.255,-299.056,0.331,0.056,0.033,0.238,0.035,0.021,-5.336,-4.685,-0.472,-9.93,-8.718,-1.479,-0.101,-0.021,-0.012,-4.148,-5.016,-0.505,-7.484,-9.05,-1.535,-4.047,-5.575,-0.493,-7.383,-10.169,-1.515,-3.335,-4.594,-4.033,-0.267,-0.284,-1.154,-0.132,-0.14,-0.64,0.307,0.53,0.597,0.34,0.555,0.621,0.14,0.15,0.514,0.531,1.045,0.881,0.568,1.042,0.888,0.422,0.895,0.67,0.457,0.902,0.687,0.035,0.038,0.032,-5.168,-9.202,0.556,-0.958,0.625,0.132,-5.887,-10.481,0.678,-0.857,0.739,0.233,3.735,-6.433,3.996,-5.053,4.786,4.774,7.071,1.496,7.332,2.316,8.061,8.04,-4.517,-8.55,1.208,-0.307,1.277,0.784,0.934,-0.545,1.017,0.545,5.504,-3.214,6.592,6.613,10.099,5.414,11.103,11.138,1.06,-0.475,1.121,0.616,0.673,-0.806,0.756,0.284,5.772,5.806,9.722,9.779,0.117,0.104,0.027,0.048,0.048,0.081,-0.161,24.779,-0.089,14.539,0.667,-358.745,0.767,-589.564,0.073,-10.24,0.748,-383.525,0.826,-614.344,0.714,-373.284,0.801,-604.103,0.205,-230.819,0.331,0.055,0.036,0.225,0.032,0.021,-5.551,-4.791,-0.528,-9.122,-7.874,-1.316,-0.115,-0.023,-0.015,-4.289,-5.122,-0.565,-6.871,-8.205,-1.371,-4.175,-5.776,-0.55,-6.756,-9.347,-1.348,-2.582,-3.571,-3.083,-0.275,-0.289,-1.158,-0.123,-0.128,-0.586,0.311,0.528,0.604,0.337,0.549,0.623,0.158,0.167,0.571,0.54,1.046,0.893,0.57,1.044,0.898,0.417,0.879,0.657,0.446,0.886,0.671,0.028,0.031,0.026,-5.263,-8.346,0.556,-0.792,0.613,0.063,-6.097,-9.668,0.693,-0.678,0.742,0.177,3.854,-5.493,4.149,-4.056,4.917,4.902,6.435,0.66,6.731,1.608,7.45,7.427,-4.602,-7.685,1.216,-0.132,1.273,0.723,0.959,-0.357,1.027,0.498,5.74,-2.134,6.802,6.824,9.311,4.52,10.306,10.338,1.05,-0.321,1.099,0.534,0.664,-0.652,0.732,0.203,5.854,5.89,8.869,8.924,0.104,0.089,0.013,0.034,0.035,0.072
2023-03-16,CTD7,4176724,690397,0.01154971,0.018390613,0.024926433,0.005331544,0.003840821,0.0009029297,0.00092995143,0.00036894926,0.011549332,0.018246636,0.025073826,0.0055195605,0.0037501731,0.00093065476,0.15995188,-8.000000000000001e-45,0.283,-0.228,32.207,-0.367,46.464,0.368,-100.981,0.501,-173.779,-0.151,14.258,0.551,-133.187,0.654,-205.985,0.648,-147.445,0.733,-220.243,0.163,-72.798,0.803,0.172,0.124,0.855,0.248,0.178,-1.857,-2.517,-0.388,-3.196,-4.332,-0.927,0.165,0.076,0.055,-1.538,-3.32,-0.512,-2.379,-5.134,-1.098,-1.703,-2.712,-0.566,-2.544,-4.05,-1.174,-0.841,-1.339,-1.815,-0.226,-0.238,-0.746,-0.564,-0.602,-1.458,0.144,0.28,0.216,0.178,0.325,0.255,-0.387,-0.425,-0.713,0.358,0.849,0.454,0.399,0.862,0.481,0.654,1.273,0.881,0.704,1.249,0.889,0.05,0.041,0.034,-4.047,-5.862,0.414,-0.76,0.474,-0.092,-2.986,-4.325,0.173,-0.925,0.255,-0.257,1.429,-2.622,0.811,-4.324,1.957,2.012,2.269,-0.442,1.652,-1.668,2.717,2.793,-3.083,-4.898,1.378,0.204,1.438,0.872,0.276,-0.65,0.405,0.017,1.291,-3.04,3.117,3.295,2.63,0.113,4.327,4.574,1.868,0.77,1.949,1.438,0.894,-0.033,1.023,0.635,4.343,4.466,6.028,6.2,0.253,0.308,-0.043,0.136,-0.119,0.005,-0.225,31.78,-0.369,46.703,0.353,-94.589,0.51,-180.069,-0.158,14.922,0.536,-126.369,0.659,-211.85,0.639,-141.292,0.74,-226.772,0.191,-85.481,0.797,0.175,0.119,0.852,0.258,0.175,-1.726,-2.372,-0.355,-3.286,-4.515,-0.994,0.172,0.082,0.056,-1.459,-3.169,-0.474,-2.447,-5.312,-1.169,-1.632,-2.578,-0.53,-2.619,-4.138,-1.252,-0.987,-1.56,-2.143,-0.219,-0.232,-0.722,-0.569,-0.615,-1.459,0.139,0.274,0.209,0.18,0.328,0.255,-0.4,-0.446,-0.737,0.348,0.832,0.442,0.396,0.849,0.474,0.656,1.278,0.889,0.716,1.249,0.897,0.059,0.048,0.041,-3.91,-6.053,0.413,-0.839,0.483,-0.046,-2.845,-4.405,0.158,-1.011,0.255,-0.219,1.365,-2.773,0.718,-4.594,1.887,1.943,2.352,-0.226,1.706,-1.463,2.777,2.86,-2.963,-5.106,1.36,0.108,1.43,0.9,0.25,-0.744,0.403,0.048,1.135,-3.38,2.981,3.156,2.695,0.323,4.388,4.645,1.869,0.699,1.965,1.492,0.896,-0.098,1.049,0.695,4.218,4.337,6.208,6.384,0.272,0.328,-0.022,0.153,-0.105,0.015
2023-03-16,CTD8,4174178,693048,0.008302662,0.012263877,0.0173512,0.004539191,0.0034960369,0.00087291264,0.0008738472,0.000349435,0.008336219,0.0121488115,0.017375931,0.0046348735,0.003390244,0.0009042301,0.23028953,-8.000000000000001e-45,0.212,-0.193,38.903,-0.353,62.81,0.293,-99.86,0.407,-165.595,-0.172,23.907,0.46,-138.763,0.556,-204.498,0.585,-162.671,0.665,-228.405,0.13,-65.735,0.675,0.177,0.136,0.77,0.285,0.22,-1.225,-1.733,-0.349,-2.031,-2.873,-0.752,0.198,0.109,0.084,-1.152,-2.408,-0.485,-1.698,-3.548,-0.928,-1.351,-1.995,-0.569,-1.896,-2.801,-1.037,-0.546,-0.806,-1.141,-0.181,-0.19,-0.493,-0.539,-0.574,-1.126,0.127,0.239,0.181,0.162,0.286,0.22,-0.396,-0.431,-0.633,0.301,0.655,0.371,0.342,0.683,0.401,0.623,1.086,0.813,0.674,1.079,0.825,0.051,0.041,0.035,-3.146,-4.286,0.415,-0.621,0.476,-0.093,-2.223,-3.029,0.108,-0.82,0.193,-0.292,1.122,-1.679,0.414,-3.134,1.544,1.628,1.668,-0.327,0.96,-1.448,2.005,2.113,-2.345,-3.486,1.215,0.179,1.276,0.707,0.16,-0.592,0.286,-0.063,0.612,-2.261,2.281,2.5,1.418,-0.315,2.961,3.246,1.72,0.791,1.805,1.32,0.868,0.116,0.994,0.645,3.401,3.537,4.416,4.593,0.262,0.345,-0.051,0.169,-0.159,-0.023,-0.186,37.646,-0.352,62.408,0.285,-95.797,0.422,-175.006,-0.177,24.762,0.448,-133.443,0.564,-212.651,0.579,-158.205,0.673,-237.413,0.155,-79.208,0.654,0.174,0.128,0.758,0.289,0.212,-1.164,-1.665,-0.325,-2.126,-3.041,-0.811,0.206,0.115,0.084,-1.112,-2.319,-0.452,-1.773,-3.695,-0.986,-1.319,-1.922,-0.536,-1.979,-2.884,-1.1,-0.66,-0.962,-1.376,-0.173,-0.184,-0.475,-0.539,-0.582,-1.126,0.125,0.238,0.178,0.168,0.295,0.225,-0.403,-0.446,-0.651,0.292,0.641,0.362,0.341,0.675,0.398,0.622,1.087,0.82,0.683,1.078,0.833,0.061,0.048,0.042,-3.063,-4.439,0.419,-0.681,0.491,-0.045,-2.141,-3.104,0.098,-0.887,0.201,-0.252,1.099,-1.785,0.368,-3.327,1.52,1.603,1.76,-0.162,1.029,-1.29,2.077,2.192,-2.292,-3.668,1.191,0.09,1.262,0.726,0.143,-0.668,0.292,-0.032,0.537,-2.504,2.214,2.426,1.499,-0.165,3.027,3.317,1.703,0.717,1.805,1.353,0.874,0.063,1.024,0.699,3.342,3.47,4.569,4.744,0.277,0.361,-0.025,0.186,-0.14,-0.012
2023-03-16,CTD10,4170388,695646,0.010177342,0.015346479,0.018863827,0.0045621786,0.0030317893,0.0008019459,0.0008028884,0.00032678965,0.010208346,0.015332754,0.01879877,0.0046043033,0.003155968,0.0007985403,0.059502106,-8.000000000000001e-45,0.128,-0.203,33.096,-0.299,45.246,0.381,-120.936,0.541,-231.581,-0.103,12.15,0.542,-154.032,0.67,-264.677,0.611,-166.182,0.723,-276.827,0.202,-110.645,0.624,0.151,0.1,0.694,0.206,0.137,-1.856,-2.281,-0.367,-3.554,-4.368,-1.057,0.124,0.055,0.037,-1.568,-2.906,-0.467,-2.694,-4.993,-1.208,-1.691,-2.55,-0.504,-2.817,-4.248,-1.263,-1.126,-1.698,-2.087,-0.221,-0.236,-0.681,-0.436,-0.473,-1.144,0.164,0.306,0.256,0.209,0.359,0.305,-0.239,-0.266,-0.463,0.371,0.816,0.493,0.424,0.835,0.526,0.56,1.083,0.778,0.62,1.074,0.795,0.06,0.053,0.045,-3.472,-5.559,0.421,-0.842,0.502,-0.001,-2.824,-4.522,0.242,-0.965,0.342,-0.125,1.417,-2.831,1.002,-3.991,2.033,2.07,2.543,-0.007,2.128,-0.778,3.06,3.115,-2.627,-4.714,1.266,0.003,1.347,0.843,0.365,-0.691,0.516,0.149,1.51,-2.858,3.066,3.203,3.208,0.927,4.614,4.82,1.556,0.349,1.656,1.189,0.781,-0.276,0.931,0.565,3.837,3.937,5.774,5.925,0.251,0.288,-0.001,0.137,-0.056,0.044,-0.201,32.739,-0.296,44.764,0.378,-119.229,0.528,-218.901,-0.102,12.025,0.538,-151.968,0.659,-251.64,0.607,-163.993,0.713,-263.665,0.187,-99.672,0.615,0.151,0.103,0.686,0.206,0.141,-1.828,-2.241,-0.376,-3.356,-4.115,-1.008,0.123,0.055,0.038,-1.551,-2.857,-0.48,-2.569,-4.731,-1.159,-1.674,-2.514,-0.518,-2.692,-4.043,-1.214,-1.017,-1.528,-1.874,-0.219,-0.233,-0.66,-0.431,-0.465,-1.107,0.164,0.303,0.255,0.207,0.354,0.301,-0.234,-0.259,-0.447,0.37,0.803,0.489,0.42,0.822,0.52,0.556,1.062,0.768,0.612,1.056,0.785,0.057,0.05,0.042,-3.417,-5.291,0.421,-0.793,0.498,-0.02,-2.787,-4.315,0.243,-0.916,0.337,-0.142,1.402,-2.641,0.991,-3.739,2.011,2.049,2.419,-0.095,2.009,-0.848,2.934,2.99,-2.581,-4.455,1.257,0.043,1.334,0.817,0.365,-0.643,0.506,0.13,1.489,-2.626,3.021,3.162,3.017,0.775,4.407,4.613,1.541,0.383,1.636,1.156,0.775,-0.233,0.917,0.541,3.774,3.877,5.506,5.656,0.245,0.283,-0.009,0.132,-0.064,0.039
2023-03-16,CTD11,4169609,700351,0.008179919,0.012401037,0.016525844,0.0032812408,0.0024696367,0.00060164306,0.00060374517,0.00023929185,0.008194751,0.012286482,0.016569583,0.0033292866,0.002384158,0.0006296303,0.18534909,-2.878e-42,0.044,-0.205,41.612,-0.338,61.739,0.427,-182.512,0.536,-282.667,-0.143,20.127,0.582,-224.124,0.668,-324.279,0.669,-244.251,0.74,-344.407,0.141,-100.155,0.688,0.137,0.103,0.766,0.203,0.152,-2.263,-3.016,-0.451,-3.505,-4.671,-0.927,0.165,0.066,0.05,-1.833,-3.704,-0.554,-2.653,-5.359,-1.064,-1.998,-3.029,-0.603,-2.817,-4.271,-1.13,-0.819,-1.242,-1.655,-0.213,-0.222,-0.734,-0.532,-0.561,-1.451,0.169,0.329,0.258,0.197,0.364,0.288,-0.36,-0.387,-0.717,0.369,0.856,0.48,0.402,0.867,0.501,0.644,1.244,0.891,0.683,1.226,0.896,0.039,0.033,0.028,-4.377,-6.032,0.461,-0.669,0.51,-0.093,-3.284,-4.526,0.23,-0.834,0.296,-0.258,1.743,-2.528,1.16,-4.199,2.294,2.343,2.562,-0.467,1.98,-1.724,3.048,3.114,-3.52,-5.176,1.317,0.187,1.367,0.763,0.349,-0.578,0.448,-0.002,1.759,-2.912,3.477,3.63,3.001,-0.015,4.62,4.823,1.756,0.692,1.821,1.268,0.931,0.004,1.031,0.58,4.735,4.837,6.29,6.427,0.202,0.252,-0.037,0.115,-0.103,-0.001,-0.2,40.639,-0.338,61.678,0.422,-178.335,0.549,-297.406,-0.148,21.039,0.574,-218.974,0.675,-338.045,0.665,-240.013,0.748,-359.084,0.165,-119.071,0.673,0.135,0.097,0.758,0.205,0.147,-2.191,-2.955,-0.425,-3.654,-4.928,-0.99,0.172,0.07,0.05,-1.794,-3.628,-0.522,-2.77,-5.601,-1.125,-1.967,-2.949,-0.572,-2.943,-4.412,-1.195,-0.976,-1.463,-1.973,-0.206,-0.216,-0.716,-0.536,-0.571,-1.466,0.169,0.332,0.257,0.201,0.372,0.292,-0.372,-0.405,-0.75,0.362,0.847,0.473,0.4,0.859,0.498,0.646,1.252,0.903,0.693,1.231,0.908,0.046,0.038,0.033,-4.31,-6.283,0.466,-0.729,0.523,-0.049,-3.196,-4.659,0.224,-0.902,0.301,-0.222,1.72,-2.692,1.113,-4.488,2.267,2.318,2.696,-0.253,2.089,-1.54,3.166,3.236,-3.478,-5.451,1.298,0.103,1.355,0.783,0.335,-0.655,0.451,0.025,1.668,-3.259,3.399,3.547,3.131,0.176,4.747,4.952,1.751,0.626,1.828,1.306,0.942,-0.048,1.058,0.632,4.686,4.783,6.544,6.679,0.212,0.262,-0.02,0.127,-0.09,0.007
2023-03-16,CTD12,4173438,695414,0.009830563,0.014316668,0.017723437,0.0041477294,0.0028850688,0.0007501865,0.0007509869,0.00030277524,0.009865365,0.014260247,0.017684316,0.004185907,0.0029330833,0.0007589789,0.116702765,-8.000000000000001e-45,0.163,-0.186,31.875,-0.286,45.301,0.407,-139.372,0.546,-244.889,-0.106,13.426,0.551,-171.247,0.665,-276.764,0.621,-184.673,0.72,-290.19,0.18,-105.516,0.565,0.132,0.092,0.649,0.188,0.131,-1.995,-2.47,-0.402,-3.506,-4.34,-1.016,0.132,0.056,0.039,-1.683,-3.035,-0.494,-2.721,-4.905,-1.148,-1.815,-2.644,-0.533,-2.853,-4.155,-1.204,-1.037,-1.511,-1.87,-0.205,-0.218,-0.638,-0.427,-0.459,-1.122,0.177,0.33,0.276,0.217,0.376,0.318,-0.244,-0.268,-0.484,0.369,0.8,0.493,0.415,0.818,0.523,0.562,1.068,0.789,0.614,1.062,0.804,0.052,0.046,0.039,-3.586,-5.457,0.453,-0.751,0.524,-0.009,-2.897,-4.408,0.265,-0.883,0.353,-0.141,1.562,-2.592,1.132,-3.773,2.169,2.207,2.6,-0.044,2.169,-0.866,3.118,3.173,-2.817,-4.687,1.222,0.019,1.294,0.761,0.386,-0.63,0.514,0.112,1.649,-2.691,3.158,3.289,3.159,0.689,4.54,4.728,1.513,0.365,1.601,1.107,0.816,-0.2,0.944,0.542,3.98,4.072,5.721,5.853,0.22,0.259,-0.004,0.127,-0.059,0.033,-0.182,31.24,-0.284,44.817,0.404,-137.532,0.542,-239.573,-0.107,13.578,0.546,-168.772,0.659,-270.813,0.617,-182.35,0.715,-284.391,0.176,-102.041,0.552,0.131,0.092,0.639,0.188,0.131,-1.961,-2.432,-0.403,-3.416,-4.237,-1.003,0.134,0.057,0.04,-1.665,-2.985,-0.495,-2.672,-4.789,-1.134,-1.799,-2.6,-0.535,-2.806,-4.055,-1.19,-1.007,-1.455,-1.805,-0.201,-0.213,-0.617,-0.424,-0.455,-1.098,0.178,0.33,0.275,0.217,0.376,0.317,-0.244,-0.268,-0.481,0.366,0.787,0.489,0.411,0.806,0.518,0.56,1.055,0.785,0.611,1.05,0.8,0.052,0.045,0.039,-3.533,-5.337,0.455,-0.735,0.526,-0.009,-2.849,-4.304,0.264,-0.869,0.352,-0.143,1.55,-2.505,1.117,-3.672,2.151,2.191,2.557,-0.043,2.123,-0.861,3.07,3.127,-2.779,-4.584,1.209,0.018,1.28,0.745,0.382,-0.621,0.509,0.106,1.614,-2.623,3.109,3.241,3.069,0.637,4.438,4.625,1.499,0.365,1.587,1.092,0.816,-0.187,0.943,0.539,3.927,4.019,5.605,5.736,0.219,0.258,-0.004,0.128,-0.061,0.031
2023-04-20,CTD1,4187246,695025,0.004470796,0.0058802404,0.010186032,0.0032452412,0.0037694457,0.00091440673,0.0009060792,0.00035016282,0.004531318,0.0057730577,0.010344387,0.0034167005,0.0031311908,0.0010348259,0.8163241,-2.878e-42,0.218,-0.136,53.613,-0.39,125.5,0.159,-84.47,0.085,-41.617,-0.268,71.887,0.289,-138.082,0.219,-95.23,0.517,-209.97,0.46,-167.117,-0.075,42.853,0.546,0.174,0.202,0.738,0.407,0.473,-0.497,-0.86,-0.318,-0.245,-0.424,-0.135,0.321,0.233,0.271,-0.617,-1.407,-0.52,-0.426,-0.97,-0.309,-0.939,-1.235,-0.791,-0.747,-0.983,-0.542,0.192,0.252,0.436,-0.105,-0.101,-0.201,-0.626,-0.592,-0.815,0.076,0.127,0.088,0.044,0.077,0.052,-0.558,-0.523,-0.614,0.18,0.32,0.189,0.144,0.274,0.157,0.671,0.842,0.719,0.62,0.832,0.703,-0.051,-0.036,-0.033,-2.378,-1.942,0.442,-0.101,0.39,-0.401,-1.373,-1.121,-0.113,-0.422,-0.202,-0.723,0.8,-0.182,-0.355,-1.325,0.737,1.008,0.609,-0.626,-0.546,-1.953,0.634,0.867,-1.824,-1.387,0.997,0.454,0.945,0.154,-0.149,-0.284,-0.266,-0.584,-0.466,-0.89,0.969,1.442,-0.718,-1.579,0.834,1.241,1.726,1.417,1.637,1.117,1.006,0.871,0.889,0.571,2.296,2.498,1.976,2.15,0.085,0.356,-0.291,0.182,-0.525,-0.322,-0.121,47.468,-0.391,124.016,0.14,-71.994,0.183,-98.681,-0.284,76.548,0.256,-119.462,0.297,-146.149,0.503,-196.009,0.535,-222.697,0.044,-26.687,0.491,0.162,0.149,0.716,0.424,0.388,-0.416,-0.745,-0.225,-0.57,-1.021,-0.337,0.347,0.262,0.24,-0.541,-1.236,-0.374,-0.662,-1.512,-0.499,-0.888,-1.132,-0.614,-1.009,-1.286,-0.761,-0.121,-0.154,-0.276,-0.09,-0.092,-0.19,-0.633,-0.653,-0.888,0.069,0.125,0.083,0.087,0.152,0.102,-0.575,-0.597,-0.698,0.158,0.308,0.175,0.178,0.332,0.192,0.672,0.904,0.778,0.7,0.908,0.785,0.028,0.019,0.018,-2.243,-2.519,0.455,-0.306,0.482,-0.132,-1.252,-1.406,-0.154,-0.653,-0.104,-0.478,0.768,-0.517,-0.466,-1.977,0.784,1.024,0.889,-0.243,-0.345,-1.58,0.855,1.117,-1.754,-2.03,0.944,0.183,0.971,0.358,-0.196,-0.533,-0.133,-0.358,-0.593,-1.614,0.999,1.387,-0.439,-1.184,1.09,1.513,1.691,1.192,1.74,1.366,1.038,0.701,1.101,0.875,2.337,2.485,2.55,2.712,0.212,0.451,-0.099,0.289,-0.361,-0.212
2023-04-20,CTD2,4181518,693105,0.005712872,0.0074523077,0.011132236,0.0035429127,0.003283812,0.000828773,0.000819087,0.00032358425,0.0057817684,0.007365994,0.011189348,0.0036276155,0.0029797459,0.00089219975,0.48150516,-8.000000000000001e-45,0.261,-0.132,40.857,-0.322,85.214,0.234,-107.21,0.27,-129.481,-0.198,44.357,0.356,-148.067,0.388,-170.338,0.517,-192.424,0.544,-214.695,0.038,-22.27,0.455,0.145,0.134,0.635,0.302,0.28,-0.799,-1.193,-0.352,-0.965,-1.441,-0.459,0.253,0.157,0.146,-0.846,-1.648,-0.486,-0.973,-1.896,-0.603,-1.099,-1.434,-0.632,-1.227,-1.6,-0.761,-0.127,-0.166,-0.248,-0.119,-0.121,-0.255,-0.493,-0.505,-0.794,0.117,0.202,0.151,0.131,0.221,0.166,-0.398,-0.409,-0.539,0.232,0.435,0.271,0.247,0.45,0.284,0.576,0.844,0.707,0.596,0.848,0.714,0.02,0.015,0.014,-2.376,-2.623,0.448,-0.312,0.472,-0.16,-1.59,-1.756,0.038,-0.566,0.073,-0.414,0.943,-0.657,0.119,-1.778,1.172,1.317,1.07,-0.364,0.246,-1.402,1.264,1.421,-1.838,-2.086,0.986,0.226,1.009,0.378,0.049,-0.409,0.095,-0.257,0.155,-1.287,1.529,1.808,0.321,-0.873,1.649,1.951,1.473,0.87,1.508,1.022,0.874,0.415,0.919,0.567,2.567,2.701,2.77,2.915,0.18,0.325,-0.099,0.18,-0.257,-0.122,-0.12,37.198,-0.319,83.587,0.229,-102.706,0.32,-162.642,-0.206,46.388,0.34,-139.904,0.424,-199.84,0.51,-186.292,0.579,-246.228,0.098,-59.936,0.416,0.135,0.111,0.616,0.303,0.249,-0.757,-1.149,-0.306,-1.198,-1.82,-0.59,0.268,0.168,0.138,-0.809,-1.565,-0.417,-1.155,-2.236,-0.725,-1.077,-1.372,-0.555,-1.424,-1.814,-0.893,-0.347,-0.441,-0.671,-0.107,-0.112,-0.24,-0.492,-0.523,-0.818,0.116,0.208,0.152,0.151,0.255,0.189,-0.406,-0.436,-0.579,0.22,0.427,0.264,0.258,0.466,0.296,0.575,0.863,0.731,0.624,0.872,0.747,0.049,0.038,0.035,-2.3,-2.97,0.461,-0.432,0.519,-0.036,-1.514,-1.955,0.024,-0.701,0.112,-0.305,0.936,-0.878,0.075,-2.161,1.189,1.328,1.282,-0.09,0.421,-1.144,1.448,1.616,-1.81,-2.481,0.95,0.057,1.008,0.453,0.031,-0.559,0.143,-0.163,0.095,-1.725,1.515,1.764,0.537,-0.612,1.845,2.148,1.443,0.718,1.531,1.114,0.892,0.302,1.004,0.698,2.569,2.68,3.128,3.263,0.223,0.361,-0.023,0.226,-0.191,-0.08
2023-04-20,CTD3,4181698,695238,0.012324077,0.016234864,0.013262654,0.0018681873,0.0011168516,0.00030064437,0.0002926008,0.00011657662,0.012329639,0.016347235,0.013220895,0.0018245447,0.0011813458,0.0002940045,0.037894238,-2.878e-42,0.289,-0.137,19.546,-0.037,5.742,0.737,-454.136,0.834,-814.232,0.101,-13.804,0.794,-473.682,0.871,-833.778,0.753,-459.879,0.845,-819.974,0.252,-360.096,0.259,0.037,0.022,0.093,0.011,0.006,-7.373,-6.023,-0.507,-13.219,-10.799,-1.521,-0.17,-0.026,-0.015,-5.838,-6.282,-0.529,-10.276,-11.058,-1.558,-5.668,-7.466,-0.514,-10.105,-13.312,-1.532,-4.438,-5.846,-4.776,-0.258,-0.272,-1.31,-0.052,-0.054,-0.314,0.354,0.603,0.727,0.38,0.619,0.741,0.209,0.221,0.996,0.561,1.069,0.999,0.591,1.065,0.999,0.399,0.848,0.657,0.425,0.856,0.671,0.026,0.029,0.025,-6.34,-11.116,0.618,-0.914,0.675,0.161,-7.761,-13.607,0.814,-0.743,0.86,0.331,5.373,-7.939,5.78,-5.278,6.528,6.513,9.811,2.344,10.218,3.935,10.92,10.894,-5.782,-10.558,1.176,-0.355,1.233,0.72,1.073,-0.449,1.133,0.626,7.614,-3.185,8.6,8.606,13.46,7.437,14.385,14.395,0.961,-0.597,1.007,0.478,0.665,-0.856,0.726,0.219,7.009,7.03,11.723,11.76,0.083,0.067,0.024,0.031,0.05,0.072,-0.14,19.933,-0.035,5.468,0.742,-466.977,0.825,-765.387,0.106,-14.465,0.799,-486.91,0.865,-785.32,0.757,-472.444,0.836,-770.854,0.214,-298.41,0.264,0.036,0.024,0.089,0.01,0.006,-7.634,-6.174,-0.552,-12.512,-10.119,-1.396,-0.178,-0.026,-0.017,-6.003,-6.437,-0.575,-9.683,-10.383,-1.433,-5.825,-7.723,-0.558,-9.504,-12.601,-1.406,-3.679,-4.878,-3.945,-0.267,-0.279,-1.337,-0.049,-0.051,-0.297,0.355,0.599,0.729,0.377,0.613,0.741,0.221,0.231,1.04,0.568,1.075,1.008,0.594,1.071,1.008,0.397,0.843,0.65,0.42,0.851,0.663,0.022,0.025,0.022,-6.492,-10.437,0.616,-0.79,0.665,0.107,-8.027,-12.905,0.821,-0.612,0.86,0.285,5.521,-7.08,5.949,-4.434,6.685,6.668,9.2,1.477,9.628,3.191,10.325,10.299,-5.92,-9.866,1.188,-0.219,1.236,0.678,1.088,-0.308,1.141,0.589,7.887,-2.232,8.864,8.87,12.766,6.592,13.69,13.7,0.961,-0.472,1.0,0.425,0.661,-0.736,0.713,0.161,7.15,7.174,11.043,11.08,0.076,0.059,0.016,0.022,0.042,0.066
2023-04-20,CTD4,4180266,698264,0.02901748,0.04017869,0.04299414,0.010274484,0.0063303746,0.0016151592,0.001684098,0.00066505716,0.029020017,0.039768305,0.043527313,0.010504651,0.0065854723,0.0015040222,0.018166581,-8.000000000000001e-45,0.322,-0.161,9.573,-0.194,11.203,0.477,-62.867,0.642,-123.507,-0.034,1.63,0.593,-72.44,0.728,-133.08,0.614,-74.07,0.743,-134.71,0.238,-60.64,0.412,0.098,0.061,0.45,0.115,0.071,-2.526,-2.703,-0.398,-4.962,-5.31,-1.269,0.047,0.017,0.01,-2.102,-3.114,-0.459,-3.862,-5.722,-1.367,-2.149,-2.976,-0.469,-3.909,-5.412,-1.384,-1.76,-2.436,-2.607,-0.21,-0.226,-0.672,-0.277,-0.301,-0.842,0.225,0.403,0.38,0.273,0.45,0.426,-0.072,-0.08,-0.17,0.415,0.846,0.606,0.47,0.861,0.635,0.473,0.926,0.704,0.53,0.933,0.727,0.057,0.055,0.047,-3.462,-6.07,0.483,-0.901,0.575,0.106,-3.236,-5.672,0.419,-0.948,0.517,0.059,1.89,-3.523,1.754,-3.967,2.667,2.677,3.649,0.673,3.514,0.399,4.328,4.345,-2.8,-5.407,1.146,-0.238,1.237,0.769,0.58,-0.689,0.716,0.318,2.429,-2.881,3.692,3.763,4.865,2.162,5.993,6.108,1.226,-0.141,1.324,0.866,0.716,-0.553,0.852,0.454,3.966,4.027,6.438,6.536,0.197,0.207,0.038,0.108,0.021,0.081,-0.156,9.313,-0.2,11.485,0.468,-60.737,0.63,-117.39,-0.045,2.172,0.582,-70.05,0.716,-126.704,0.611,-72.222,0.737,-128.875,0.229,-56.653,0.405,0.098,0.061,0.457,0.121,0.076,-2.415,-2.644,-0.4,-4.668,-5.11,-1.233,0.063,0.023,0.014,-2.033,-3.049,-0.461,-3.677,-5.515,-1.331,-2.096,-2.872,-0.476,-3.74,-5.125,-1.354,-1.644,-2.253,-2.466,-0.199,-0.214,-0.629,-0.289,-0.313,-0.849,0.222,0.399,0.369,0.269,0.446,0.415,-0.095,-0.106,-0.22,0.403,0.822,0.584,0.457,0.84,0.614,0.48,0.927,0.712,0.537,0.935,0.735,0.057,0.054,0.047,-3.414,-5.88,0.488,-0.865,0.578,0.103,-3.119,-5.372,0.403,-0.928,0.501,0.04,1.849,-3.276,1.668,-3.847,2.597,2.611,3.493,0.621,3.312,0.263,4.143,4.165,-2.773,-5.239,1.129,-0.225,1.219,0.743,0.552,-0.681,0.687,0.287,2.286,-2.824,3.559,3.634,4.539,1.895,5.677,5.797,1.236,-0.095,1.334,0.873,0.733,-0.501,0.868,0.468,3.917,3.978,6.248,6.345,0.196,0.211,0.037,0.113,0.014,0.076
2023-04-20,CTD6,4176009,695829,0.010544311,0.014409091,0.019204697,0.006344909,0.0046879323,0.0012514537,0.0012543169,0.0005066531,0.0105695715,0.014359008,0.019129055,0.0064174687,0.004697048,0.0012498704,0.17080441,-8.000000000000001e-45,0.374,-0.155,25.437,-0.291,42.767,0.249,-62.769,0.384,-118.476,-0.143,17.33,0.389,-88.206,0.509,-143.913,0.503,-105.536,0.608,-161.243,0.15,-55.707,0.489,0.161,0.119,0.616,0.271,0.2,-0.904,-1.205,-0.294,-1.707,-2.275,-0.752,0.183,0.11,0.081,-0.93,-1.694,-0.414,-1.517,-2.764,-0.913,-1.113,-1.521,-0.495,-1.7,-2.323,-1.023,-0.587,-0.803,-1.07,-0.151,-0.162,-0.35,-0.417,-0.453,-0.785,0.125,0.22,0.176,0.174,0.282,0.229,-0.284,-0.315,-0.435,0.271,0.529,0.338,0.327,0.576,0.38,0.515,0.844,0.673,0.582,0.86,0.699,0.066,0.056,0.049,-2.295,-3.365,0.401,-0.622,0.488,-0.007,-1.722,-2.525,0.109,-0.804,0.224,-0.19,0.912,-1.412,0.329,-2.435,1.337,1.418,1.499,-0.022,0.916,-0.778,1.809,1.919,-1.66,-2.73,1.036,0.013,1.122,0.628,0.149,-0.603,0.306,0.011,0.45,-1.826,1.826,2.027,1.252,0.047,2.472,2.743,1.381,0.468,1.496,1.082,0.731,-0.021,0.888,0.594,2.582,2.701,3.495,3.656,0.276,0.358,-0.004,0.196,-0.114,0.005,-0.152,24.969,-0.288,42.335,0.244,-61.213,0.385,-118.288,-0.142,17.366,0.382,-86.182,0.507,-143.257,0.498,-103.548,0.606,-160.623,0.155,-57.075,0.478,0.16,0.117,0.608,0.272,0.199,-0.879,-1.171,-0.288,-1.699,-2.263,-0.759,0.184,0.111,0.082,-0.911,-1.649,-0.405,-1.514,-2.74,-0.919,-1.094,-1.487,-0.486,-1.698,-2.306,-1.031,-0.603,-0.82,-1.092,-0.148,-0.159,-0.341,-0.412,-0.449,-0.77,0.124,0.218,0.174,0.175,0.283,0.23,-0.281,-0.312,-0.429,0.267,0.52,0.333,0.325,0.569,0.378,0.51,0.833,0.667,0.579,0.85,0.695,0.069,0.058,0.051,-2.245,-3.336,0.401,-0.63,0.491,0.004,-1.685,-2.504,0.106,-0.814,0.225,-0.179,0.896,-1.41,0.315,-2.426,1.32,1.401,1.5,0.013,0.918,-0.731,1.803,1.915,-1.622,-2.714,1.023,-0.008,1.113,0.627,0.143,-0.616,0.306,0.019,0.428,-1.835,1.793,1.992,1.247,0.076,2.45,2.722,1.363,0.444,1.483,1.078,0.725,-0.034,0.888,0.6,2.536,2.654,3.465,3.626,0.28,0.362,0.003,0.201,-0.109,0.008
2023-04-20,CTD7,4176724,690397,0.054226153,0.07631198,0.08747998,0.01666736,0.009704132,0.0023425673,0.0022640082,0.000907625,0.052453864,0.06964019,0.08641721,0.017106207,0.010365564,0.0021099816,0.043261353,-8.000000000000001e-45,0.205,-0.169,5.337,-0.235,7.01,0.53,-41.556,0.696,-84.608,-0.068,1.673,0.641,-46.893,0.774,-89.945,0.68,-48.566,0.8,-91.618,0.264,-43.051,0.467,0.089,0.052,0.535,0.117,0.068,-3.171,-3.635,-0.403,-6.457,-7.401,-1.41,0.091,0.028,0.016,-2.543,-4.102,-0.455,-4.877,-7.868,-1.499,-2.634,-3.706,-0.471,-4.968,-6.992,-1.527,-2.335,-3.285,-3.766,-0.212,-0.227,-0.837,-0.358,-0.387,-1.261,0.229,0.437,0.386,0.272,0.479,0.427,-0.158,-0.175,-0.423,0.421,0.933,0.614,0.47,0.94,0.64,0.542,1.108,0.823,0.596,1.097,0.836,0.053,0.049,0.043,-4.538,-8.304,0.52,-1.007,0.6,0.128,-3.959,-7.244,0.401,-1.098,0.493,0.038,2.381,-4.61,2.107,-5.761,3.126,3.143,4.716,1.009,4.442,0.339,5.37,5.397,-3.841,-7.607,1.217,-0.31,1.296,0.825,0.565,-0.845,0.693,0.29,2.965,-4.436,4.4,4.468,6.251,2.615,7.556,7.673,1.395,-0.104,1.486,1.031,0.839,-0.571,0.967,0.564,5.07,5.121,8.707,8.796,0.18,0.196,0.039,0.107,0.012,0.063,-0.141,4.705,-0.245,7.493,0.508,-39.394,0.67,-77.409,-0.108,2.788,0.606,-44.099,0.741,-82.114,0.67,-46.887,0.786,-84.902,0.245,-38.015,0.407,0.08,0.049,0.522,0.128,0.078,-2.743,-3.404,-0.408,-5.391,-6.689,-1.324,0.146,0.048,0.029,-2.313,-3.811,-0.457,-4.307,-7.096,-1.405,-2.459,-3.265,-0.486,-4.453,-5.913,-1.452,-1.994,-2.647,-3.285,-0.166,-0.178,-0.626,-0.392,-0.425,-1.236,0.227,0.442,0.365,0.27,0.485,0.407,-0.241,-0.267,-0.611,0.378,0.836,0.543,0.427,0.852,0.573,0.568,1.103,0.866,0.623,1.093,0.877,0.055,0.049,0.043,-4.299,-7.584,0.555,-0.897,0.633,0.147,-3.464,-6.111,0.361,-1.043,0.458,0.001,2.261,-3.652,1.825,-5.271,2.918,2.946,4.255,0.989,3.819,0.009,4.815,4.862,-3.724,-7.009,1.13,-0.323,1.208,0.722,0.48,-0.844,0.608,0.2,2.424,-4.266,3.873,3.951,5.071,1.667,6.392,6.52,1.402,-0.003,1.499,1.042,0.915,-0.409,1.043,0.635,4.854,4.903,8.011,8.091,0.177,0.206,0.048,0.126,0.0,0.049
2023-04-20,CTD8,4174178,693048,0.05965849,0.08329204,0.09737749,0.027040195,0.015569268,0.0039867163,0.0039702826,0.0016106617,0.055930242,0.0749252,0.095824875,0.027639557,0.01779986,0.0034178535,0.0028626304,-8.000000000000001e-45,0.376,-0.165,4.756,-0.24,6.493,0.376,-20.22,0.586,-47.467,-0.078,1.737,0.51,-24.976,0.685,-52.223,0.565,-26.713,0.724,-53.96,0.269,-27.247,0.463,0.129,0.074,0.541,0.176,0.101,-1.684,-1.969,-0.315,-3.954,-4.622,-1.284,0.104,0.047,0.027,-1.49,-2.432,-0.389,-3.116,-5.085,-1.412,-1.594,-2.225,-0.416,-3.219,-4.494,-1.459,-1.626,-2.269,-2.653,-0.19,-0.209,-0.555,-0.342,-0.382,-0.885,0.181,0.33,0.289,0.244,0.4,0.354,-0.162,-0.187,-0.331,0.358,0.748,0.498,0.431,0.781,0.544,0.492,0.935,0.711,0.572,0.944,0.741,0.08,0.073,0.063,-2.885,-5.538,0.439,-1.021,0.556,0.14,-2.468,-4.737,0.288,-1.124,0.426,0.037,1.351,-3.143,1.037,-4.048,2.019,2.046,2.976,0.752,2.663,0.231,3.507,3.554,-2.205,-4.858,1.118,-0.341,1.236,0.82,0.402,-0.881,0.594,0.28,1.448,-3.174,2.819,2.92,3.718,1.749,4.897,5.072,1.308,-0.105,1.445,1.056,0.716,-0.568,0.908,0.593,3.34,3.414,5.801,5.93,0.266,0.293,0.064,0.165,0.017,0.091,-0.145,4.533,-0.263,7.444,0.339,-18.301,0.517,-38.301,-0.122,2.911,0.461,-22.833,0.616,-42.834,0.552,-25.744,0.687,-45.745,0.217,-20.0,0.434,0.125,0.081,0.558,0.206,0.132,-1.371,-1.754,-0.326,-2.87,-3.67,-1.059,0.163,0.08,0.052,-1.277,-2.188,-0.406,-2.396,-4.105,-1.184,-1.44,-1.929,-0.458,-2.559,-3.427,-1.264,-1.119,-1.499,-1.917,-0.154,-0.167,-0.418,-0.389,-0.43,-0.878,0.166,0.305,0.249,0.223,0.372,0.309,-0.25,-0.283,-0.46,0.312,0.641,0.416,0.376,0.684,0.463,0.521,0.925,0.735,0.596,0.934,0.761,0.075,0.065,0.058,-2.72,-4.637,0.458,-0.806,0.561,0.102,-2.127,-3.626,0.215,-0.969,0.346,-0.06,1.242,-2.186,0.745,-3.36,1.786,1.838,2.36,0.431,1.863,-0.325,2.773,2.854,-2.127,-4.044,1.051,-0.213,1.154,0.696,0.288,-0.771,0.464,0.138,0.998,-2.673,2.393,2.525,2.496,0.742,3.715,3.921,1.344,0.16,1.476,1.069,0.785,-0.274,0.961,0.635,3.149,3.229,4.889,5.015,0.257,0.308,0.051,0.183,-0.03,0.051
2023-04-20,CTD10,4170388,695646,0.009165301,0.013226908,0.017426169,0.0034643575,0.0026096064,0.00061403,0.00063640584,0.00024377076,0.009185721,0.013089726,0.017515514,0.0035546562,0.002504531,0.00064619194,0.20930007,-2.878e-42,0.107,-0.181,33.504,-0.311,51.722,0.451,-179.547,0.557,-274.092,-0.137,18.218,0.585,-213.05,0.67,-307.596,0.668,-231.269,0.74,-325.815,0.141,-94.546,0.584,0.116,0.087,0.684,0.179,0.135,-2.375,-3.129,-0.469,-3.625,-4.776,-0.95,0.167,0.063,0.048,-1.953,-3.713,-0.556,-2.819,-5.36,-1.066,-2.12,-3.059,-0.604,-2.986,-4.31,-1.129,-0.867,-1.251,-1.648,-0.194,-0.203,-0.669,-0.495,-0.522,-1.36,0.186,0.36,0.285,0.214,0.393,0.314,-0.332,-0.357,-0.691,0.367,0.829,0.487,0.399,0.841,0.508,0.624,1.186,0.882,0.662,1.173,0.888,0.038,0.032,0.028,-4.337,-5.985,0.494,-0.635,0.543,-0.06,-3.292,-4.543,0.264,-0.802,0.329,-0.227,1.887,-2.423,1.328,-4.032,2.448,2.496,2.753,-0.306,2.195,-1.518,3.25,3.313,-3.587,-5.235,1.244,0.116,1.293,0.69,0.381,-0.569,0.474,0.006,1.917,-2.86,3.533,3.668,3.167,0.038,4.691,4.87,1.639,0.574,1.704,1.148,0.939,-0.01,1.033,0.564,4.745,4.833,6.3,6.416,0.181,0.228,-0.023,0.112,-0.086,0.002,-0.175,32.469,-0.312,51.772,0.442,-172.457,0.572,-290.412,-0.145,19.304,0.573,-204.925,0.679,-322.881,0.663,-224.229,0.75,-342.184,0.173,-117.955,0.569,0.115,0.081,0.678,0.184,0.13,-2.257,-3.021,-0.432,-3.801,-5.087,-1.032,0.177,0.069,0.048,-1.882,-3.589,-0.513,-2.966,-5.655,-1.148,-2.06,-2.935,-0.562,-3.143,-4.479,-1.216,-1.084,-1.544,-2.066,-0.185,-0.195,-0.644,-0.5,-0.534,-1.375,0.184,0.361,0.281,0.218,0.401,0.317,-0.347,-0.379,-0.73,0.357,0.816,0.476,0.396,0.831,0.502,0.627,1.194,0.895,0.674,1.178,0.902,0.047,0.039,0.034,-4.226,-6.292,0.499,-0.718,0.559,-0.003,-3.158,-4.702,0.253,-0.895,0.333,-0.18,1.837,-2.642,1.246,-4.409,2.393,2.441,2.92,-0.015,2.33,-1.26,3.396,3.465,-3.502,-5.569,1.222,0.006,1.282,0.72,0.36,-0.672,0.475,0.043,1.776,-3.311,3.41,3.539,3.32,0.299,4.839,5.023,1.635,0.488,1.715,1.202,0.951,-0.081,1.065,0.634,4.655,4.736,6.607,6.722,0.196,0.244,-0.001,0.129,-0.07,0.012
2023-04-20,CTD11,4169609,700351,0.016749935,0.024106119,0.027367024,0.005280336,0.0035941957,0.0008797874,0.00090897846,0.00035309192,0.016781548,0.023974149,0.027602855,0.005404632,0.0035885891,0.00089075224,0.12966737,-8.000000000000001e-45,0.206,-0.18,18.218,-0.241,23.161,0.521,-129.68,0.647,-218.525,-0.063,4.943,0.641,-147.899,0.74,-236.743,0.677,-152.842,0.768,-241.686,0.19,-88.844,0.499,0.096,0.065,0.558,0.122,0.083,-3.126,-3.549,-0.466,-5.268,-5.98,-1.154,0.083,0.026,0.018,-2.477,-4.048,-0.532,-3.965,-6.479,-1.25,-2.56,-3.684,-0.549,-4.048,-5.826,-1.276,-1.488,-2.142,-2.431,-0.225,-0.238,-0.829,-0.361,-0.383,-1.196,0.223,0.414,0.37,0.256,0.448,0.403,-0.148,-0.16,-0.367,0.427,0.925,0.608,0.465,0.931,0.628,0.541,1.086,0.797,0.582,1.079,0.809,0.041,0.038,0.033,-4.488,-6.919,0.502,-0.774,0.564,0.014,-3.953,-6.095,0.393,-0.857,0.463,-0.069,2.291,-3.535,2.037,-4.442,3.023,3.041,3.779,0.095,3.525,-0.523,4.441,4.467,-3.744,-6.175,1.246,-0.03,1.308,0.759,0.566,-0.588,0.666,0.2,2.931,-3.049,4.351,4.434,5.073,1.524,6.392,6.514,1.415,0.165,1.485,0.953,0.82,-0.334,0.921,0.455,4.968,5.034,7.299,7.395,0.166,0.184,0.004,0.088,-0.022,0.044,-0.176,17.878,-0.244,23.361,0.513,-125.437,0.648,-219.072,-0.07,5.483,0.632,-143.315,0.74,-236.949,0.673,-148.798,0.77,-242.433,0.202,-93.635,0.493,0.097,0.064,0.56,0.126,0.084,-3.007,-3.462,-0.45,-5.252,-6.047,-1.184,0.092,0.03,0.02,-2.405,-3.956,-0.514,-3.976,-6.54,-1.281,-2.497,-3.567,-0.534,-4.068,-5.812,-1.31,-1.571,-2.245,-2.585,-0.218,-0.231,-0.8,-0.368,-0.393,-1.203,0.221,0.413,0.365,0.256,0.449,0.4,-0.164,-0.178,-0.403,0.418,0.912,0.595,0.459,0.919,0.618,0.545,1.09,0.805,0.589,1.082,0.817,0.045,0.041,0.035,-4.407,-6.992,0.504,-0.806,0.57,0.036,-3.828,-6.073,0.383,-0.898,0.458,-0.056,2.236,-3.576,1.954,-4.587,2.955,2.975,3.808,0.241,3.525,-0.431,4.451,4.481,-3.679,-6.263,1.233,-0.077,1.299,0.765,0.546,-0.638,0.655,0.205,2.791,-3.256,4.222,4.306,5.036,1.573,6.359,6.485,1.419,0.139,1.495,0.981,0.829,-0.355,0.938,0.487,4.893,4.958,7.37,7.466,0.172,0.192,0.012,0.095,-0.018,0.046
2023-04-20,CTD12,4173438,695414,0.009960358,0.014152784,0.01557971,0.0035440505,0.0022465698,0.00060625165,0.0006125068,0.00024652664,0.010015704,0.01417427,0.015442691,0.0035521665,0.0023904396,0.0005975573,0.033124596,-8.000000000000001e-45,0.273,-0.174,29.741,-0.22,36.212,0.475,-181.765,0.632,-344.725,-0.048,6.471,0.599,-211.506,0.726,-374.466,0.629,-217.977,0.748,-380.937,0.224,-162.96,0.463,0.105,0.067,0.512,0.128,0.081,-2.572,-2.832,-0.408,-4.879,-5.371,-1.222,0.064,0.023,0.015,-2.107,-3.295,-0.475,-3.73,-5.834,-1.327,-2.171,-3.085,-0.49,-3.794,-5.391,-1.35,-1.623,-2.306,-2.539,-0.219,-0.235,-0.724,-0.318,-0.343,-0.97,0.216,0.391,0.36,0.259,0.436,0.403,-0.106,-0.117,-0.246,0.415,0.869,0.595,0.466,0.882,0.623,0.499,0.986,0.734,0.553,0.987,0.753,0.054,0.051,0.044,-3.692,-6.231,0.476,-0.874,0.56,0.07,-3.354,-5.66,0.389,-0.938,0.481,0.005,1.902,-3.489,1.71,-4.124,2.652,2.666,3.525,0.44,3.333,0.038,4.183,4.206,-2.975,-5.514,1.193,-0.157,1.277,0.787,0.553,-0.669,0.683,0.275,2.429,-2.941,3.768,3.849,4.736,1.904,5.944,6.072,1.314,-0.013,1.405,0.93,0.745,-0.477,0.875,0.467,4.17,4.237,6.579,6.684,0.197,0.212,0.025,0.106,0.002,0.069,-0.172,29.293,-0.213,35.088,0.476,-181.675,0.615,-318.49,-0.043,5.795,0.599,-210.968,0.711,-347.783,0.626,-216.763,0.732,-353.578,0.195,-136.815,0.452,0.104,0.07,0.497,0.125,0.084,-2.575,-2.806,-0.434,-4.514,-4.918,-1.131,0.058,0.021,0.014,-2.113,-3.258,-0.504,-3.483,-5.371,-1.235,-2.171,-3.072,-0.518,-3.541,-5.012,-1.256,-1.37,-1.939,-2.113,-0.219,-0.233,-0.7,-0.306,-0.328,-0.913,0.218,0.39,0.362,0.257,0.43,0.401,-0.093,-0.102,-0.213,0.417,0.856,0.596,0.463,0.869,0.62,0.492,0.958,0.718,0.54,0.962,0.736,0.048,0.046,0.039,-3.641,-5.754,0.477,-0.779,0.552,0.034,-3.342,-5.281,0.398,-0.837,0.48,-0.024,1.902,-3.11,1.73,-3.641,2.651,2.665,3.272,0.2,3.1,-0.158,3.939,3.96,-2.932,-5.045,1.185,-0.071,1.26,0.742,0.563,-0.568,0.679,0.245,2.448,-2.47,3.752,3.836,4.388,1.582,5.575,5.7,1.291,0.056,1.373,0.869,0.735,-0.397,0.851,0.417,4.109,4.179,6.106,6.21,0.186,0.2,0.012,0.096,-0.009,0.061
2023-05-25,CTD1,4187246,695025,0.0138469385,0.018844109,0.023499826,0.010005169,0.0064934473,0.0019539515,0.0019316102,0.00080253446,0.013781985,0.019013613,0.023171598,0.009881656,0.0070387637,0.001813861,0.00020568022,-8.000000000000001e-45,0.194,-0.153,19.151,-0.258,29.665,0.161,-27.73,0.362,-81.783,-0.11,10.513,0.306,-46.881,0.487,-100.934,0.403,-57.395,0.567,-111.448,0.213,-54.053,0.45,0.192,0.124,0.559,0.297,0.193,-0.523,-0.652,-0.18,-1.541,-1.922,-0.818,0.146,0.105,0.068,-0.649,-1.102,-0.304,-1.398,-2.372,-1.01,-0.795,-1.082,-0.373,-1.543,-2.1,-1.115,-0.748,-1.019,-1.27,-0.149,-0.167,-0.303,-0.335,-0.381,-0.585,0.091,0.152,0.128,0.174,0.255,0.219,-0.195,-0.229,-0.282,0.237,0.435,0.295,0.331,0.518,0.369,0.413,0.663,0.533,0.52,0.713,0.589,0.107,0.094,0.083,-1.614,-2.884,0.309,-0.806,0.458,0.086,-1.294,-2.313,0.058,-0.952,0.245,-0.06,0.582,-1.518,0.137,-2.235,1.039,1.108,1.331,0.249,0.885,-0.216,1.602,1.707,-0.988,-2.258,0.935,-0.18,1.085,0.712,0.079,-0.739,0.333,0.153,0.186,-1.736,1.414,1.607,1.205,0.553,2.179,2.476,1.166,0.156,1.353,1.048,0.525,-0.294,0.778,0.598,1.88,2.004,2.896,3.088,0.378,0.446,0.062,0.255,-0.043,0.081,-0.16,19.965,-0.254,29.402,0.165,-28.639,0.324,-69.512,-0.099,9.438,0.316,-48.604,0.46,-89.477,0.402,-58.041,0.534,-98.914,0.168,-40.873,0.463,0.197,0.141,0.559,0.291,0.207,-0.545,-0.664,-0.202,-1.322,-1.611,-0.687,0.13,0.093,0.066,-0.67,-1.126,-0.342,-1.233,-2.073,-0.884,-0.8,-1.104,-0.409,-1.363,-1.881,-0.977,-0.563,-0.777,-0.947,-0.158,-0.173,-0.309,-0.325,-0.36,-0.555,0.092,0.15,0.129,0.16,0.233,0.204,-0.176,-0.2,-0.246,0.247,0.439,0.302,0.324,0.506,0.362,0.405,0.638,0.51,0.492,0.682,0.558,0.087,0.077,0.067,-1.62,-2.567,0.298,-0.679,0.421,0.013,-1.329,-2.106,0.075,-0.809,0.225,-0.118,0.574,-1.307,0.176,-1.897,1.025,1.091,1.137,0.034,0.739,-0.387,1.438,1.532,-0.965,-1.912,0.953,-0.024,1.076,0.667,0.104,-0.583,0.31,0.108,0.243,-1.368,1.413,1.62,1.02,0.356,1.984,2.275,1.162,0.277,1.311,0.969,0.502,-0.185,0.708,0.506,1.834,1.975,2.575,2.772,0.347,0.413,0.009,0.216,-0.084,0.056
2023-05-25,CTD2,4181518,693105,0.019665435,0.025698842,0.020203905,0.0025995243,0.0015079107,0.00044524847,0.00043102307,0.00017624261,0.019752448,0.025899159,0.020423627,0.0024570841,0.0016341634,0.00043697617,0.019755255,-8.000000000000001e-45,0.224,-0.133,11.938,-0.014,1.355,0.766,-333.835,0.858,-612.319,0.12,-10.583,0.816,-345.774,0.889,-624.257,0.772,-335.19,0.861,-613.674,0.266,-278.483,0.241,0.031,0.018,0.035,0.004,0.002,-8.579,-6.745,-0.503,-15.736,-12.371,-1.592,-0.208,-0.028,-0.016,-6.8,-6.986,-0.521,-12.276,-12.612,-1.623,-6.592,-8.614,-0.505,-12.068,-15.771,-1.595,-5.476,-7.157,-5.626,-0.265,-0.278,-1.469,-0.019,-0.02,-0.131,0.372,0.627,0.786,0.396,0.642,0.796,0.247,0.26,1.338,0.579,1.091,1.064,0.607,1.087,1.061,0.388,0.831,0.647,0.412,0.84,0.661,0.024,0.027,0.024,-7.007,-12.633,0.637,-0.959,0.691,0.185,-8.913,-16.069,0.872,-0.751,0.915,0.393,6.293,-9.478,6.779,-5.834,7.506,7.49,11.77,3.156,12.255,5.269,12.94,12.913,-6.465,-12.092,1.178,-0.417,1.232,0.727,1.14,-0.452,1.195,0.692,8.859,-3.513,9.809,9.811,16.015,9.271,16.91,16.914,0.926,-0.697,0.969,0.447,0.654,-0.938,0.71,0.206,7.695,7.713,13.266,13.297,0.074,0.058,0.024,0.027,0.052,0.07,-0.135,12.015,-0.017,1.664,0.779,-356.36,0.847,-561.307,0.118,-10.352,0.827,-368.375,0.881,-573.323,0.785,-358.024,0.852,-562.971,0.201,-204.947,0.245,0.03,0.02,0.043,0.004,0.003,-9.229,-7.278,-0.582,-14.537,-11.464,-1.379,-0.204,-0.025,-0.017,-7.276,-7.524,-0.602,-11.325,-11.709,-1.409,-7.072,-9.273,-0.585,-11.12,-14.58,-1.383,-4.048,-5.308,-4.186,-0.269,-0.279,-1.502,-0.024,-0.024,-0.164,0.373,0.628,0.784,0.391,0.639,0.792,0.247,0.256,1.338,0.583,1.096,1.063,0.604,1.093,1.061,0.394,0.84,0.653,0.412,0.846,0.663,0.018,0.02,0.018,-7.549,-11.735,0.642,-0.741,0.683,0.098,-9.573,-14.881,0.872,-0.536,0.904,0.302,6.771,-7.81,7.25,-4.459,7.976,7.959,10.819,1.547,11.299,3.775,11.992,11.967,-7.001,-11.187,1.191,-0.192,1.231,0.646,1.144,-0.235,1.185,0.603,9.507,-1.957,10.458,10.461,14.815,7.536,15.724,15.728,0.939,-0.47,0.971,0.369,0.664,-0.715,0.706,0.124,8.229,8.249,12.374,12.403,0.061,0.044,0.012,0.015,0.038,0.057
2023-05-25,CTD3,4181698,695238,0.01093643,0.015196366,0.01975364,0.005309529,0.0038649505,0.0010117977,0.0010085172,0.0004035681,0.010965139,0.01512544,0.019729963,0.005367437,0.0038708274,0.0010231759,0.17309885,-8.000000000000001e-45,0.21,-0.163,25.632,-0.287,40.814,0.346,-96.903,0.478,-167.298,-0.13,15.182,0.482,-122.535,0.594,-192.93,0.576,-137.717,0.673,-208.112,0.157,-70.395,0.506,0.136,0.099,0.62,0.217,0.158,-1.473,-1.914,-0.375,-2.542,-3.305,-0.888,0.166,0.081,0.059,-1.34,-2.421,-0.474,-2.11,-3.811,-1.024,-1.506,-2.093,-0.532,-2.276,-3.163,-1.105,-0.77,-1.07,-1.391,-0.17,-0.18,-0.464,-0.43,-0.463,-0.961,0.161,0.295,0.238,0.202,0.345,0.282,-0.281,-0.308,-0.497,0.322,0.668,0.419,0.369,0.697,0.452,0.553,0.976,0.758,0.608,0.978,0.775,0.055,0.047,0.041,-3.001,-4.391,0.451,-0.654,0.524,-0.008,-2.308,-3.378,0.204,-0.82,0.299,-0.174,1.29,-1.872,0.76,-3.051,1.805,1.864,2.06,-0.032,1.53,-0.891,2.48,2.561,-2.331,-3.721,1.121,0.016,1.194,0.662,0.284,-0.604,0.416,0.041,1.056,-2.249,2.509,2.666,2.126,0.211,3.446,3.663,1.457,0.432,1.552,1.078,0.814,-0.074,0.946,0.572,3.367,3.466,4.625,4.762,0.231,0.29,-0.004,0.154,-0.085,0.014,-0.159,25.084,-0.286,40.514,0.343,-95.111,0.478,-167.145,-0.132,15.429,0.476,-120.195,0.592,-192.229,0.572,-135.624,0.672,-207.658,0.162,-72.034,0.495,0.135,0.097,0.613,0.217,0.157,-1.439,-1.877,-0.368,-2.528,-3.298,-0.897,0.169,0.083,0.06,-1.318,-2.371,-0.465,-2.108,-3.793,-1.032,-1.487,-2.051,-0.525,-2.277,-3.141,-1.115,-0.79,-1.09,-1.421,-0.166,-0.176,-0.45,-0.428,-0.461,-0.949,0.161,0.295,0.237,0.204,0.346,0.283,-0.282,-0.31,-0.498,0.318,0.658,0.413,0.367,0.689,0.448,0.55,0.968,0.756,0.608,0.971,0.774,0.057,0.049,0.043,-2.951,-4.372,0.453,-0.662,0.529,0.004,-2.262,-3.352,0.201,-0.831,0.3,-0.165,1.276,-1.865,0.738,-3.054,1.787,1.847,2.066,0.015,1.528,-0.843,2.478,2.561,-2.296,-3.718,1.107,-0.007,1.183,0.658,0.277,-0.62,0.414,0.045,1.019,-2.279,2.465,2.622,2.108,0.232,3.418,3.636,1.444,0.413,1.543,1.078,0.815,-0.082,0.951,0.583,3.323,3.42,4.608,4.742,0.234,0.293,0.002,0.159,-0.081,0.016
2023-05-25,CTD4,4180266,698264,0.021141807,0.030167459,0.031195614,0.00867943,0.004847942,0.0013697932,0.0014005966,0.0005775273,0.021154791,0.030326357,0.031152157,0.008786617,0.0054765563,0.0012418835,0.00026126576,-8.000000000000001e-45,0.183,-0.176,14.151,-0.192,15.244,0.418,-67.915,0.627,-158.973,-0.017,1.093,0.553,-82.067,0.723,-173.125,0.565,-83.159,0.731,-174.217,0.283,-91.058,0.441,0.123,0.069,0.46,0.132,0.074,-2.049,-2.119,-0.329,-4.796,-4.959,-1.38,0.023,0.009,0.005,-1.735,-2.56,-0.398,-3.66,-5.401,-1.503,-1.758,-2.509,-0.403,-3.683,-5.256,-1.512,-1.925,-2.747,-2.841,-0.226,-0.25,-0.667,-0.259,-0.287,-0.743,0.203,0.356,0.346,0.266,0.419,0.409,-0.034,-0.04,-0.076,0.411,0.827,0.596,0.484,0.849,0.635,0.439,0.866,0.643,0.514,0.884,0.678,0.075,0.073,0.062,-2.893,-5.734,0.423,-1.09,0.545,0.142,-2.798,-5.545,0.39,-1.113,0.517,0.119,1.469,-3.787,1.402,-3.999,2.275,2.28,3.394,0.885,3.327,0.767,4.073,4.083,-2.167,-5.008,1.149,-0.363,1.272,0.868,0.557,-0.823,0.738,0.408,2.0,-2.959,3.246,3.32,4.747,2.629,5.812,5.945,1.188,-0.315,1.315,0.917,0.624,-0.756,0.805,0.476,3.365,3.433,6.024,6.147,0.25,0.255,0.058,0.132,0.049,0.118,-0.178,14.296,-0.191,15.17,0.413,-66.539,0.589,-135.326,-0.013,0.874,0.551,-80.835,0.694,-149.622,0.56,-81.709,0.701,-150.496,0.232,-68.787,0.445,0.126,0.078,0.46,0.133,0.083,-2.018,-2.073,-0.364,-4.104,-4.216,-1.189,0.018,0.008,0.005,-1.71,-2.518,-0.443,-3.165,-4.661,-1.315,-1.729,-2.478,-0.447,-3.184,-4.564,-1.322,-1.455,-2.086,-2.143,-0.23,-0.25,-0.643,-0.256,-0.279,-0.701,0.201,0.345,0.338,0.255,0.401,0.393,-0.028,-0.031,-0.058,0.412,0.809,0.588,0.475,0.83,0.622,0.434,0.84,0.625,0.499,0.858,0.656,0.064,0.063,0.054,-2.848,-4.991,0.416,-0.907,0.522,0.074,-2.772,-4.858,0.389,-0.925,0.498,0.056,1.434,-3.13,1.38,-3.281,2.227,2.232,2.889,0.411,2.836,0.317,3.573,3.581,-2.112,-4.255,1.151,-0.171,1.258,0.81,0.558,-0.631,0.715,0.35,1.979,-2.237,3.193,3.276,4.065,1.992,5.122,5.255,1.183,-0.132,1.292,0.849,0.612,-0.577,0.768,0.404,3.287,3.365,5.273,5.399,0.235,0.24,0.031,0.114,0.023,0.101
2023-05-25,CTD6,4176009,695829,0.011640216,0.015730988,0.016319046,0.0038266617,0.0023981305,0.0006683151,0.0006540346,0.00026861517,0.011706226,0.015789391,0.016147744,0.0038152589,0.0025849224,0.00065331167,0.015604425,-8.000000000000001e-45,0.255,-0.149,22.34,-0.167,24.631,0.505,-175.415,0.658,-331.082,-0.018,2.291,0.609,-197.756,0.735,-353.423,0.62,-200.046,0.744,-355.713,0.229,-155.667,0.365,0.085,0.054,0.387,0.094,0.059,-2.759,-2.863,-0.421,-5.208,-5.403,-1.267,0.027,0.009,0.005,-2.302,-3.227,-0.474,-4.114,-5.768,-1.352,-2.329,-3.147,-0.48,-4.141,-5.596,-1.361,-1.812,-2.449,-2.54,-0.203,-0.219,-0.657,-0.239,-0.258,-0.752,0.244,0.431,0.417,0.288,0.473,0.459,-0.038,-0.042,-0.094,0.426,0.848,0.636,0.477,0.862,0.662,0.456,0.89,0.689,0.509,0.9,0.712,0.052,0.051,0.045,-3.525,-6.065,0.505,-0.856,0.593,0.113,-3.398,-5.846,0.47,-0.882,0.561,0.087,2.078,-3.518,2.004,-3.763,2.889,2.895,3.89,0.743,3.816,0.589,4.611,4.619,-2.913,-5.453,1.117,-0.244,1.204,0.725,0.635,-0.632,0.758,0.337,2.709,-2.694,3.905,3.964,5.158,2.295,6.231,6.325,1.159,-0.194,1.25,0.775,0.709,-0.558,0.831,0.411,4.059,4.112,6.476,6.562,0.176,0.182,0.037,0.096,0.028,0.082,-0.149,22.091,-0.159,23.496,0.508,-176.681,0.638,-301.434,-0.011,1.406,0.611,-198.772,0.719,-323.525,0.618,-200.177,0.724,-324.931,0.192,-124.753,0.357,0.084,0.057,0.371,0.09,0.061,-2.79,-2.853,-0.457,-4.759,-4.867,-1.15,0.016,0.005,0.004,-2.327,-3.21,-0.514,-3.787,-5.224,-1.234,-2.343,-3.161,-0.517,-3.804,-5.13,-1.24,-1.46,-1.97,-2.014,-0.205,-0.218,-0.638,-0.227,-0.242,-0.694,0.247,0.429,0.421,0.286,0.465,0.457,-0.023,-0.025,-0.056,0.43,0.838,0.639,0.474,0.851,0.661,0.449,0.863,0.671,0.493,0.874,0.692,0.045,0.044,0.039,-3.491,-5.505,0.505,-0.735,0.581,0.064,-3.414,-5.383,0.483,-0.751,0.561,0.047,2.09,-3.04,2.046,-3.179,2.905,2.908,3.551,0.39,3.506,0.296,4.287,4.292,-2.884,-4.898,1.113,-0.127,1.189,0.671,0.652,-0.498,0.757,0.3,2.759,-2.108,3.918,3.978,4.729,1.876,5.782,5.872,1.138,-0.097,1.216,0.702,0.697,-0.453,0.802,0.345,4.012,4.069,5.921,6.005,0.162,0.166,0.021,0.082,0.015,0.073
2023-05-25,CTD7,4176724,690397,0.02066868,0.032767713,0.041319136,0.006503524,0.0044812895,0.000994095,0.0009995545,0.000390244,0.020933907,0.03232379,0.041915994,0.0067846337,0.0043105516,0.0010252469,0.1383868,-2.878e-42,0.255,-0.226,17.865,-0.333,24.181,0.521,-105.38,0.644,-174.768,-0.115,6.316,0.669,-123.245,0.759,-192.632,0.728,-129.561,0.804,-198.948,0.184,-69.387,0.738,0.116,0.08,0.792,0.157,0.108,-3.453,-4.354,-0.472,-5.727,-7.221,-1.137,0.131,0.041,0.028,-2.547,-5.092,-0.552,-3.981,-7.959,-1.253,-2.678,-4.245,-0.581,-4.112,-6.519,-1.294,-1.434,-2.274,-2.867,-0.253,-0.264,-1.101,-0.526,-0.554,-1.88,0.191,0.38,0.309,0.218,0.412,0.338,-0.315,-0.34,-0.778,0.424,1.044,0.573,0.456,1.041,0.591,0.652,1.384,0.935,0.689,1.356,0.938,0.038,0.033,0.027,-5.723,-8.59,0.473,-0.82,0.522,-0.058,-4.538,-6.812,0.302,-0.951,0.363,-0.189,2.385,-4.134,1.917,-6.042,3.041,3.07,3.819,-0.426,3.351,-1.741,4.414,4.455,-4.768,-7.635,1.428,0.134,1.477,0.896,0.478,-0.658,0.576,0.104,3.039,-4.182,4.822,4.93,5.313,0.959,6.997,7.155,1.801,0.548,1.862,1.31,0.946,-0.19,1.044,0.572,6.137,6.217,8.906,9.022,0.178,0.206,-0.018,0.09,-0.059,0.021,-0.214,16.832,-0.334,23.912,0.51,-99.623,0.658,-184.219,-0.129,7.08,0.653,-116.455,0.765,-201.052,0.721,-123.535,0.814,-208.132,0.223,-84.597,0.706,0.114,0.073,0.773,0.162,0.103,-3.22,-4.176,-0.429,-5.955,-7.722,-1.25,0.148,0.048,0.031,-2.438,-4.881,-0.502,-4.209,-8.427,-1.364,-2.586,-3.993,-0.533,-4.357,-6.728,-1.412,-1.771,-2.734,-3.546,-0.234,-0.246,-1.027,-0.537,-0.573,-1.891,0.191,0.386,0.306,0.224,0.425,0.341,-0.346,-0.38,-0.865,0.406,1.012,0.552,0.446,1.011,0.575,0.66,1.392,0.959,0.706,1.357,0.962,0.046,0.039,0.033,-5.53,-9.076,0.486,-0.926,0.545,0.012,-4.265,-6.999,0.29,-1.075,0.366,-0.136,2.314,-4.413,1.789,-6.639,2.952,2.983,4.085,0.092,3.56,-1.322,4.647,4.695,-4.634,-8.18,1.382,-0.03,1.441,0.909,0.447,-0.803,0.565,0.136,2.762,-4.96,4.558,4.661,5.496,1.321,7.175,7.337,1.792,0.428,1.869,1.367,0.973,-0.277,1.091,0.661,5.972,6.045,9.4,9.514,0.191,0.221,0.004,0.107,-0.044,0.029
2023-05-25,CTD8,4174178,693048,0.021099025,0.032492828,0.039426476,0.00822814,0.0052997507,0.00123092,0.001283011,0.0005057619,0.021286955,0.03221196,0.03990411,0.008627077,0.005356829,0.0012055652,0.0908607,-8.000000000000001e-45,0.281,-0.213,16.62,-0.303,22.032,0.439,-74.139,0.598,-141.293,-0.096,5.412,0.596,-90.758,0.72,-157.912,0.655,-96.17,0.763,-163.324,0.216,-67.154,0.655,0.137,0.088,0.716,0.181,0.117,-2.409,-2.923,-0.393,-4.591,-5.571,-1.163,0.114,0.045,0.029,-1.915,-3.578,-0.481,-3.332,-6.226,-1.299,-2.029,-3.125,-0.51,-3.446,-5.307,-1.344,-1.417,-2.182,-2.648,-0.239,-0.255,-0.842,-0.45,-0.485,-1.355,0.179,0.341,0.288,0.22,0.388,0.332,-0.236,-0.263,-0.513,0.401,0.919,0.543,0.449,0.927,0.571,0.582,1.182,0.826,0.637,1.164,0.838,0.055,0.048,0.041,-4.142,-6.79,0.441,-0.903,0.515,0.005,-3.414,-5.596,0.282,-1.017,0.372,-0.109,1.74,-3.567,1.351,-4.875,2.401,2.43,3.157,0.032,2.768,-0.811,3.728,3.772,-3.252,-5.899,1.331,-0.013,1.406,0.896,0.434,-0.728,0.573,0.18,2.08,-3.49,3.698,3.815,4.262,1.339,5.741,5.922,1.615,0.316,1.706,1.225,0.823,-0.339,0.962,0.569,4.54,4.629,7.049,7.186,0.227,0.256,0.002,0.119,-0.042,0.046,-0.204,15.933,-0.304,21.917,0.423,-68.937,0.598,-139.7,-0.107,5.984,0.578,-84.87,0.715,-155.633,0.644,-90.854,0.763,-161.618,0.234,-70.763,0.636,0.137,0.085,0.706,0.189,0.117,-2.221,-2.751,-0.369,-4.5,-5.575,-1.205,0.127,0.052,0.032,-1.807,-3.387,-0.455,-3.313,-6.21,-1.343,-1.934,-2.927,-0.487,-3.44,-5.206,-1.394,-1.506,-2.279,-2.824,-0.225,-0.241,-0.781,-0.456,-0.496,-1.331,0.176,0.337,0.28,0.221,0.39,0.328,-0.257,-0.289,-0.55,0.385,0.885,0.521,0.439,0.898,0.553,0.585,1.174,0.833,0.646,1.155,0.846,0.061,0.053,0.045,-3.965,-6.788,0.445,-0.95,0.527,0.04,-3.2,-5.48,0.266,-1.077,0.367,-0.087,1.66,-3.546,1.229,-4.982,2.301,2.333,3.167,0.24,2.735,-0.652,3.706,3.758,-3.112,-5.936,1.297,-0.097,1.379,0.892,0.402,-0.803,0.556,0.186,1.859,-3.715,3.482,3.6,4.139,1.388,5.608,5.797,1.607,0.264,1.708,1.254,0.834,-0.372,0.987,0.618,4.374,4.459,7.044,7.181,0.239,0.271,0.016,0.134,-0.035,0.05
2023-05-25,CTD10,4170388,695646,0.012522743,0.01912658,0.025497895,0.0066453153,0.004663293,0.001132423,0.0011661708,0.0004670288,0.01252472,0.019033965,0.025578164,0.006874661,0.0046489714,0.0011368352,0.13445349,-8.000000000000001e-45,0.582,-0.209,27.571,-0.341,40.636,0.307,-70.627,0.457,-134.586,-0.143,13.064,0.484,-98.199,0.608,-162.157,0.587,-111.263,0.691,-175.222,0.175,-63.959,0.703,0.183,0.129,0.777,0.27,0.189,-1.351,-1.801,-0.329,-2.574,-3.432,-0.894,0.164,0.087,0.061,-1.23,-2.504,-0.458,-2.031,-4.135,-1.078,-1.393,-2.128,-0.519,-2.194,-3.351,-1.164,-0.801,-1.223,-1.631,-0.205,-0.219,-0.584,-0.503,-0.545,-1.147,0.132,0.247,0.195,0.176,0.305,0.245,-0.332,-0.371,-0.563,0.328,0.726,0.414,0.38,0.755,0.45,0.596,1.097,0.792,0.658,1.087,0.808,0.063,0.052,0.044,-3.182,-4.813,0.394,-0.77,0.472,-0.047,-2.387,-3.61,0.144,-0.934,0.247,-0.211,1.134,-2.217,0.551,-3.583,1.641,1.702,1.935,-0.193,1.352,-1.152,2.338,2.425,-2.31,-3.94,1.267,0.102,1.344,0.826,0.219,-0.675,0.378,0.048,0.842,-2.59,2.506,2.695,2.065,0.265,3.571,3.841,1.689,0.611,1.792,1.334,0.802,-0.092,0.961,0.631,3.465,3.593,4.937,5.12,0.287,0.348,-0.025,0.165,-0.112,0.017,-0.206,27.304,-0.343,40.746,0.291,-65.62,0.459,-135.259,-0.147,13.442,0.469,-92.924,0.607,-162.564,0.576,-106.366,0.692,-176.005,0.193,-69.64,0.698,0.188,0.127,0.776,0.28,0.189,-1.249,-1.678,-0.305,-2.575,-3.46,-0.93,0.168,0.092,0.062,-1.164,-2.377,-0.432,-2.036,-4.158,-1.118,-1.332,-2.025,-0.494,-2.204,-3.35,-1.21,-0.872,-1.326,-1.781,-0.201,-0.215,-0.565,-0.504,-0.551,-1.133,0.127,0.239,0.187,0.177,0.304,0.243,-0.337,-0.381,-0.568,0.319,0.708,0.402,0.378,0.742,0.443,0.593,1.089,0.79,0.663,1.079,0.808,0.071,0.058,0.05,-3.063,-4.844,0.389,-0.821,0.476,-0.018,-2.279,-3.605,0.128,-0.989,0.245,-0.187,1.078,-2.272,0.478,-3.68,1.578,1.64,1.95,-0.075,1.35,-1.027,2.333,2.425,-2.201,-3.982,1.251,0.041,1.338,0.843,0.195,-0.735,0.373,0.068,0.726,-2.733,2.398,2.587,2.052,0.374,3.545,3.825,1.681,0.563,1.798,1.366,0.795,-0.135,0.973,0.668,3.349,3.476,4.953,5.141,0.305,0.367,-0.01,0.179,-0.102,0.025
2023-05-25,CTD11,4169609,700351,0.013460544,0.019870903,0.024722375,0.0065681906,0.004506563,0.0011440555,0.0011503448,0.00046784297,0.013451626,0.019808194,0.024727058,0.0067206477,0.004570968,0.0011331787,0.096383736,-8.000000000000001e-45,0.399,-0.192,23.966,-0.295,33.842,0.344,-77.958,0.498,-147.607,-0.109,9.876,0.503,-101.924,0.63,-171.574,0.58,-111.8,0.692,-181.449,0.186,-69.65,0.593,0.157,0.108,0.672,0.222,0.153,-1.549,-1.927,-0.351,-2.933,-3.649,-0.97,0.133,0.065,0.045,-1.372,-2.52,-0.459,-2.309,-4.242,-1.127,-1.505,-2.222,-0.504,-2.442,-3.606,-1.192,-0.938,-1.384,-1.722,-0.205,-0.219,-0.579,-0.426,-0.462,-1.017,0.155,0.283,0.236,0.201,0.339,0.286,-0.242,-0.27,-0.438,0.348,0.74,0.455,0.402,0.767,0.491,0.545,1.01,0.745,0.607,1.009,0.765,0.062,0.054,0.046,-3.087,-4.808,0.412,-0.78,0.495,-0.009,-2.481,-3.865,0.214,-0.913,0.318,-0.142,1.246,-2.36,0.805,-3.437,1.823,1.867,2.183,-0.038,1.743,-0.777,2.656,2.721,-2.288,-4.01,1.211,0.019,1.294,0.79,0.316,-0.654,0.469,0.118,1.189,-2.461,2.691,2.843,2.573,0.645,3.921,4.144,1.506,0.379,1.61,1.151,0.756,-0.213,0.909,0.558,3.429,3.537,4.998,5.155,0.261,0.306,-0.004,0.148,-0.069,0.039,-0.191,23.856,-0.295,33.899,0.334,-74.455,0.493,-144.432,-0.11,10.043,0.493,-98.311,0.625,-168.288,0.573,-108.354,0.688,-178.331,0.19,-69.977,0.59,0.16,0.109,0.671,0.228,0.155,-1.475,-1.841,-0.34,-2.861,-3.571,-0.971,0.135,0.067,0.046,-1.322,-2.431,-0.449,-2.264,-4.161,-1.131,-1.458,-2.146,-0.495,-2.399,-3.532,-1.198,-0.941,-1.386,-1.73,-0.202,-0.217,-0.563,-0.425,-0.463,-0.999,0.151,0.276,0.23,0.199,0.335,0.282,-0.244,-0.273,-0.436,0.343,0.726,0.447,0.399,0.755,0.485,0.541,0.999,0.739,0.606,0.999,0.76,0.065,0.056,0.048,-3.0,-4.73,0.407,-0.791,0.494,-0.001,-2.403,-3.789,0.205,-0.926,0.313,-0.136,1.2,-2.332,0.753,-3.408,1.771,1.817,2.142,-0.005,1.695,-0.736,2.604,2.671,-2.207,-3.937,1.201,0.002,1.288,0.792,0.301,-0.669,0.461,0.121,1.109,-2.462,2.608,2.763,2.495,0.654,3.834,4.062,1.499,0.368,1.607,1.158,0.749,-0.222,0.909,0.568,3.339,3.449,4.91,5.07,0.269,0.315,-0.001,0.154,-0.068,0.041
2023-05-25,CTD12,4173438,695414,0.019545816,0.029300408,0.034308355,0.008992608,0.005474219,0.0013988052,0.0014682123,0.0005898135,0.019593826,0.02929857,0.034458593,0.009268151,0.005829177,0.0013176247,0.0014234968,-8.000000000000001e-45,0.374,-0.2,17.033,-0.274,22.014,0.37,-60.041,0.562,-131.513,-0.079,4.982,0.53,-77.073,0.685,-148.545,0.585,-82.055,0.725,-153.527,0.243,-71.472,0.584,0.153,0.093,0.645,0.198,0.121,-1.759,-2.06,-0.329,-3.853,-4.512,-1.183,0.097,0.045,0.027,-1.506,-2.644,-0.422,-2.903,-5.096,-1.336,-1.604,-2.404,-0.449,-3.001,-4.498,-1.381,-1.397,-2.094,-2.452,-0.225,-0.245,-0.674,-0.386,-0.425,-1.02,0.166,0.303,0.265,0.221,0.367,0.325,-0.175,-0.2,-0.346,0.377,0.812,0.51,0.442,0.835,0.55,0.518,1.012,0.728,0.59,1.01,0.753,0.072,0.065,0.055,-3.148,-5.6,0.405,-0.976,0.508,0.058,-2.689,-4.783,0.263,-1.073,0.383,-0.039,1.32,-3.179,1.003,-4.094,1.987,2.014,2.716,0.312,2.4,-0.245,3.264,3.308,-2.316,-4.768,1.237,-0.144,1.34,0.89,0.394,-0.789,0.574,0.245,1.503,-3.009,2.978,3.099,3.597,1.537,4.892,5.09,1.448,0.113,1.568,1.147,0.711,-0.472,0.891,0.562,3.535,3.628,5.807,5.96,0.273,0.301,0.027,0.147,-0.018,0.075,-0.198,16.905,-0.275,22.016,0.358,-56.86,0.541,-120.514,-0.081,5.111,0.519,-73.765,0.668,-137.419,0.576,-78.876,0.711,-142.53,0.228,-63.654,0.583,0.157,0.099,0.645,0.204,0.128,-1.666,-1.959,-0.331,-3.531,-4.153,-1.117,0.1,0.047,0.03,-1.445,-2.542,-0.43,-2.693,-4.735,-1.274,-1.545,-2.311,-0.46,-2.793,-4.176,-1.321,-1.247,-1.865,-2.193,-0.222,-0.241,-0.643,-0.385,-0.423,-0.985,0.162,0.294,0.256,0.216,0.357,0.315,-0.179,-0.203,-0.342,0.371,0.788,0.497,0.434,0.813,0.537,0.515,0.991,0.717,0.586,0.992,0.742,0.07,0.064,0.054,-3.049,-5.243,0.4,-0.921,0.5,0.04,-2.593,-4.458,0.252,-1.021,0.37,-0.06,1.264,-2.912,0.938,-3.797,1.915,1.945,2.511,0.2,2.185,-0.357,3.045,3.092,-2.223,-4.416,1.226,-0.095,1.326,0.866,0.377,-0.74,0.553,0.221,1.403,-2.75,2.864,2.992,3.268,1.308,4.553,4.757,1.442,0.169,1.56,1.13,0.703,-0.414,0.879,0.547,3.42,3.519,5.438,5.595,0.274,0.304,0.019,0.147,-0.029,0.07
2023-09-07,CTD1,4187246,695025,0.010378339,0.013406966,0.018109705,0.0059376624,0.004827846,0.0012629117,0.0012553667,0.0004997921,0.010412716,0.013313564,0.018106816,0.0060166023,0.004623402,0.001294667,0.30835104,-8.000000000000001e-45,2.388,-0.127,21.766,-0.271,41.136,0.272,-72.062,0.365,-110.777,-0.149,19.369,0.386,-93.828,0.47,-132.544,0.506,-113.197,0.579,-151.913,0.103,-38.715,0.394,0.129,0.105,0.552,0.244,0.199,-0.966,-1.305,-0.348,-1.485,-2.006,-0.658,0.201,0.115,0.094,-0.974,-1.699,-0.453,-1.376,-2.4,-0.787,-1.175,-1.518,-0.546,-1.577,-2.037,-0.902,-0.402,-0.519,-0.701,-0.126,-0.132,-0.281,-0.4,-0.424,-0.718,0.141,0.244,0.194,0.176,0.287,0.231,-0.288,-0.309,-0.437,0.262,0.491,0.326,0.301,0.526,0.357,0.512,0.8,0.668,0.558,0.814,0.687,0.047,0.039,0.035,-2.276,-2.977,0.446,-0.456,0.508,-0.039,-1.685,-2.204,0.13,-0.657,0.213,-0.24,1.008,-1.029,0.397,-2.003,1.388,1.481,1.409,-0.108,0.799,-0.9,1.707,1.822,-1.758,-2.459,0.964,0.062,1.025,0.479,0.168,-0.49,0.275,-0.073,0.513,-1.493,1.793,1.991,1.032,-0.273,2.205,2.449,1.302,0.515,1.385,0.932,0.779,0.121,0.886,0.538,2.585,2.69,3.179,3.308,0.212,0.306,-0.022,0.176,-0.137,-0.032,-0.122,20.925,-0.27,40.809,0.268,-70.17,0.385,-120.255,-0.153,19.884,0.377,-91.095,0.484,-141.18,0.501,-110.979,0.593,-161.063,0.131,-50.084,0.379,0.126,0.097,0.543,0.246,0.189,-0.934,-1.271,-0.324,-1.601,-2.177,-0.724,0.207,0.12,0.092,-0.949,-1.649,-0.421,-1.47,-2.556,-0.849,-1.156,-1.478,-0.513,-1.677,-2.144,-0.969,-0.522,-0.667,-0.907,-0.12,-0.128,-0.273,-0.398,-0.429,-0.723,0.14,0.245,0.193,0.184,0.299,0.24,-0.292,-0.319,-0.45,0.256,0.485,0.321,0.305,0.529,0.36,0.51,0.804,0.674,0.568,0.821,0.698,0.059,0.049,0.044,-2.227,-3.134,0.45,-0.519,0.527,0.014,-1.638,-2.305,0.123,-0.726,0.228,-0.193,0.995,-1.149,0.371,-2.186,1.383,1.475,1.517,0.039,0.892,-0.757,1.8,1.92,-1.731,-2.638,0.946,-0.023,1.023,0.51,0.157,-0.566,0.291,-0.033,0.474,-1.704,1.769,1.957,1.141,-0.13,2.302,2.547,1.287,0.438,1.392,0.97,0.782,0.059,0.916,0.592,2.565,2.662,3.339,3.464,0.231,0.322,0.008,0.197,-0.112,-0.015
2023-09-07,CTD2,4181518,693105,0.021299368,0.028775752,0.030408783,0.007265437,0.0044880137,0.001189028,0.0011970728,0.00047794916,0.021343727,0.028814763,0.030564327,0.0073901904,0.0047595305,0.0011340918,0.017713694,-8.000000000000001e-45,0.45,-0.149,12.198,-0.176,14.065,0.491,-90.688,0.652,-175.866,-0.028,1.866,0.597,-102.886,0.73,-188.064,0.614,-104.753,0.743,-189.93,0.236,-85.178,0.371,0.089,0.055,0.405,0.102,0.063,-2.61,-2.758,-0.407,-5.061,-5.348,-1.278,0.04,0.014,0.008,-2.191,-3.129,-0.462,-4.006,-5.719,-1.366,-2.231,-3.014,-0.47,-4.045,-5.465,-1.38,-1.814,-2.451,-2.59,-0.198,-0.214,-0.636,-0.253,-0.274,-0.775,0.237,0.422,0.402,0.284,0.466,0.446,-0.057,-0.063,-0.139,0.416,0.834,0.616,0.47,0.85,0.645,0.462,0.897,0.696,0.518,0.907,0.719,0.055,0.054,0.047,-3.445,-6.035,0.501,-0.879,0.593,0.122,-3.26,-5.711,0.448,-0.918,0.544,0.083,1.985,-3.48,1.875,-3.844,2.776,2.784,3.8,0.785,3.689,0.56,4.493,4.507,-2.834,-5.425,1.112,-0.268,1.203,0.733,0.605,-0.673,0.736,0.329,2.533,-2.815,3.75,3.813,4.984,2.226,6.071,6.173,1.175,-0.191,1.272,0.81,0.716,-0.562,0.846,0.439,3.975,4.029,6.434,6.523,0.185,0.194,0.042,0.105,0.028,0.083,-0.149,12.148,-0.178,14.134,0.486,-88.462,0.635,-163.253,-0.029,1.987,0.592,-100.61,0.716,-175.4,0.611,-102.597,0.731,-177.387,0.217,-74.79,0.371,0.09,0.058,0.407,0.104,0.067,-2.549,-2.704,-0.421,-4.704,-4.99,-1.206,0.042,0.015,0.009,-2.147,-3.075,-0.479,-3.744,-5.361,-1.296,-2.19,-2.956,-0.488,-3.786,-5.111,-1.311,-1.596,-2.155,-2.286,-0.197,-0.212,-0.615,-0.255,-0.275,-0.759,0.235,0.416,0.395,0.279,0.458,0.437,-0.061,-0.067,-0.144,0.413,0.821,0.607,0.463,0.837,0.634,0.462,0.888,0.69,0.514,0.898,0.713,0.052,0.051,0.044,-3.395,-5.681,0.499,-0.812,0.585,0.097,-3.201,-5.356,0.442,-0.854,0.533,0.054,1.945,-3.166,1.827,-3.534,2.723,2.732,3.542,0.585,3.424,0.349,4.228,4.243,-2.786,-5.072,1.108,-0.203,1.194,0.706,0.597,-0.61,0.72,0.299,2.467,-2.523,3.676,3.743,4.622,1.918,5.708,5.812,1.176,-0.121,1.267,0.788,0.714,-0.492,0.838,0.417,3.913,3.971,6.075,6.165,0.181,0.191,0.033,0.101,0.019,0.077
2023-09-07,CTD3,4181698,695238,0.009997298,0.014234485,0.016586203,0.0034977612,0.0023048222,0.00058028346,0.00058282557,0.00022984216,0.010038554,0.0142028835,0.01654826,0.0035571475,0.0023761063,0.0005832172,0.09997733,-8.000000000000001e-45,0.24,-0.175,29.775,-0.248,39.736,0.482,-185.87,0.625,-333.846,-0.076,9.961,0.605,-215.645,0.721,-363.621,0.652,-225.606,0.756,-373.582,0.206,-147.976,0.494,0.104,0.069,0.566,0.139,0.092,-2.646,-3.083,-0.428,-4.752,-5.537,-1.168,0.1,0.035,0.023,-2.156,-3.577,-0.497,-3.635,-6.031,-1.272,-2.255,-3.211,-0.52,-3.735,-5.318,-1.307,-1.479,-2.106,-2.454,-0.211,-0.224,-0.73,-0.372,-0.398,-1.136,0.211,0.393,0.344,0.25,0.434,0.383,-0.174,-0.191,-0.405,0.404,0.873,0.568,0.449,0.884,0.594,0.54,1.064,0.791,0.589,1.058,0.805,0.049,0.045,0.039,-4.04,-6.494,0.491,-0.815,0.563,0.043,-3.467,-5.573,0.357,-0.915,0.441,-0.056,2.0,-3.318,1.693,-4.338,2.696,2.719,3.479,0.268,3.172,-0.404,4.092,4.127,-3.318,-5.772,1.213,-0.094,1.285,0.765,0.508,-0.659,0.628,0.199,2.411,-3.127,3.839,3.931,4.517,1.434,5.826,5.965,1.413,0.141,1.497,1.0,0.815,-0.352,0.935,0.506,4.511,4.58,6.846,6.951,0.188,0.211,0.015,0.107,-0.02,0.049,-0.172,29.208,-0.245,39.187,0.477,-181.508,0.617,-321.241,-0.076,9.979,0.599,-210.716,0.713,-350.448,0.646,-220.695,0.749,-360.427,0.199,-139.732,0.483,0.104,0.069,0.557,0.139,0.093,-2.578,-3.004,-0.431,-4.563,-5.316,-1.143,0.1,0.035,0.024,-2.115,-3.487,-0.501,-3.518,-5.799,-1.247,-2.215,-3.135,-0.524,-3.618,-5.119,-1.282,-1.403,-1.985,-2.312,-0.207,-0.22,-0.702,-0.367,-0.393,-1.097,0.211,0.391,0.342,0.249,0.431,0.381,-0.173,-0.189,-0.395,0.4,0.858,0.563,0.445,0.87,0.588,0.536,1.046,0.784,0.585,1.042,0.798,0.049,0.044,0.038,-3.945,-6.258,0.492,-0.79,0.563,0.039,-3.386,-5.371,0.356,-0.89,0.439,-0.061,1.964,-3.155,1.657,-4.142,2.655,2.678,3.367,0.232,3.06,-0.427,3.974,4.01,-3.237,-5.55,1.2,-0.082,1.271,0.747,0.504,-0.639,0.622,0.19,2.344,-2.972,3.756,3.849,4.329,1.325,5.623,5.762,1.398,0.151,1.481,0.98,0.811,-0.332,0.928,0.497,4.415,4.485,6.61,6.714,0.187,0.211,0.014,0.107,-0.022,0.048
2023-09-07,CTD4,4180266,698264,0.0077544157,0.009031634,0.010978123,0.004957458,0.0040763095,0.0011885391,0.0011671379,0.0004808821,0.007868629,0.009059598,0.01083211,0.004925683,0.0039981133,0.0012016995,0.26111105,-2e-44,0.158,-0.076,18.237,-0.172,37.869,0.22,-72.758,0.311,-116.361,-0.097,19.632,0.291,-90.994,0.378,-134.598,0.378,-110.626,0.458,-154.23,0.098,-43.604,0.2,0.09,0.074,0.342,0.188,0.154,-0.657,-0.799,-0.297,-1.051,-1.277,-0.577,0.152,0.097,0.08,-0.706,-0.999,-0.371,-1.044,-1.478,-0.667,-0.858,-0.999,-0.451,-1.196,-1.393,-0.765,-0.338,-0.394,-0.479,-0.08,-0.085,-0.141,-0.23,-0.246,-0.357,0.14,0.213,0.186,0.184,0.263,0.231,-0.153,-0.165,-0.215,0.217,0.344,0.271,0.265,0.39,0.311,0.359,0.509,0.459,0.411,0.543,0.493,0.052,0.047,0.044,-1.356,-1.835,0.407,-0.358,0.487,0.036,-1.115,-1.509,0.157,-0.51,0.255,-0.116,0.741,-0.651,0.349,-1.129,1.113,1.193,1.08,0.08,0.687,-0.312,1.353,1.451,-1.05,-1.528,0.713,-0.051,0.793,0.342,0.183,-0.393,0.297,0.0,0.406,-0.871,1.296,1.451,0.8,0.001,1.576,1.764,0.867,0.2,0.964,0.593,0.576,-0.001,0.69,0.393,1.689,1.763,2.054,2.144,0.188,0.268,0.023,0.178,-0.074,0.0,-0.07,16.707,-0.158,34.769,0.23,-75.931,0.326,-123.031,-0.089,18.062,0.296,-92.637,0.388,-139.738,0.375,-110.699,0.461,-157.8,0.104,-47.1,0.181,0.082,0.067,0.315,0.171,0.139,-0.688,-0.822,-0.304,-1.115,-1.333,-0.606,0.142,0.089,0.072,-0.729,-1.003,-0.37,-1.1,-1.514,-0.688,-0.871,-1.003,-0.443,-1.242,-1.43,-0.777,-0.371,-0.427,-0.51,-0.076,-0.08,-0.133,-0.212,-0.227,-0.332,0.148,0.225,0.198,0.195,0.277,0.246,-0.139,-0.149,-0.199,0.221,0.348,0.279,0.271,0.396,0.321,0.349,0.498,0.452,0.404,0.534,0.489,0.055,0.05,0.047,-1.331,-1.841,0.414,-0.363,0.499,0.057,-1.113,-1.54,0.183,-0.506,0.285,-0.085,0.761,-0.668,0.402,-1.112,1.156,1.228,1.132,0.129,0.772,-0.231,1.424,1.513,-1.048,-1.558,0.697,-0.081,0.782,0.34,0.21,-0.396,0.328,0.025,0.463,-0.87,1.331,1.47,0.889,0.067,1.64,1.811,0.833,0.145,0.935,0.565,0.57,-0.036,0.688,0.384,1.691,1.758,2.083,2.166,0.185,0.257,0.036,0.175,-0.053,0.013
2023-09-07,CTD6,4176009,695829,0.017008739,0.021364588,0.023283811,0.006870507,0.004535396,0.0012442231,0.0012371364,0.0005008916,0.01697615,0.021453949,0.023150275,0.006923575,0.0047490643,0.0011973645,0.054420244,-8.000000000000001e-45,0.225,-0.114,11.987,-0.156,15.845,0.425,-86.756,0.579,-161.695,-0.043,3.858,0.513,-98.743,0.65,-173.681,0.544,-102.601,0.674,-177.54,0.205,-74.938,0.279,0.082,0.054,0.339,0.109,0.072,-1.854,-2.02,-0.393,-3.455,-3.765,-1.111,0.066,0.027,0.017,-1.679,-2.299,-0.448,-2.954,-4.044,-1.193,-1.745,-2.192,-0.465,-3.02,-3.793,-1.22,-1.275,-1.601,-1.745,-0.144,-0.157,-0.382,-0.222,-0.242,-0.55,0.227,0.391,0.364,0.279,0.442,0.414,-0.08,-0.089,-0.168,0.36,0.673,0.521,0.418,0.705,0.558,0.428,0.762,0.634,0.489,0.785,0.664,0.061,0.058,0.052,-2.593,-4.338,0.501,-0.719,0.601,0.136,-2.379,-3.98,0.409,-0.784,0.518,0.07,1.558,-2.235,1.386,-2.658,2.263,2.281,2.833,0.641,2.66,0.361,3.429,3.455,-2.133,-3.878,0.961,-0.259,1.061,0.596,0.514,-0.597,0.651,0.257,1.741,-2.024,2.843,2.915,3.342,1.322,4.307,4.416,1.047,-0.146,1.157,0.709,0.686,-0.425,0.823,0.43,3.122,3.177,4.73,4.812,0.192,0.209,0.055,0.127,0.028,0.083,-0.117,12.295,-0.154,15.71,0.421,-85.528,0.563,-151.662,-0.038,3.415,0.512,-97.823,0.638,-163.956,0.54,-101.238,0.66,-167.372,0.186,-66.134,0.285,0.085,0.058,0.337,0.109,0.075,-1.835,-1.98,-0.406,-3.254,-3.511,-1.05,0.058,0.024,0.016,-1.661,-2.265,-0.465,-2.783,-3.796,-1.135,-1.719,-2.172,-0.481,-2.841,-3.591,-1.159,-1.123,-1.419,-1.531,-0.149,-0.16,-0.384,-0.218,-0.236,-0.529,0.225,0.384,0.36,0.274,0.431,0.407,-0.071,-0.078,-0.145,0.362,0.669,0.521,0.416,0.699,0.555,0.422,0.747,0.619,0.479,0.77,0.648,0.057,0.054,0.049,-2.552,-4.083,0.492,-0.667,0.586,0.105,-2.365,-3.784,0.411,-0.725,0.512,0.047,1.525,-2.066,1.373,-2.423,2.231,2.247,2.648,0.476,2.496,0.231,3.252,3.276,-2.08,-3.611,0.965,-0.194,1.059,0.578,0.519,-0.531,0.647,0.241,1.735,-1.776,2.819,2.894,3.154,1.174,4.11,4.218,1.041,-0.094,1.142,0.678,0.671,-0.379,0.799,0.393,3.064,3.122,4.467,4.552,0.186,0.203,0.043,0.118,0.019,0.078
2023-09-07,CTD7,4176724,690397,0.042541914,0.061304726,0.07405064,0.020003434,0.011457742,0.0029294905,0.002919028,0.001185613,0.042297702,0.05892986,0.07417569,0.020334313,0.012634111,0.0025627646,0.0014868233,-8.000000000000001e-45,0.614,-0.181,7.194,-0.27,10.002,0.36,-26.485,0.576,-63.771,-0.094,2.808,0.508,-33.679,0.685,-70.965,0.575,-36.487,0.732,-73.773,0.272,-37.286,0.533,0.144,0.082,0.613,0.2,0.115,-1.624,-1.961,-0.303,-3.909,-4.722,-1.276,0.119,0.056,0.032,-1.433,-2.494,-0.386,-3.019,-5.255,-1.42,-1.552,-2.237,-0.418,-3.138,-4.523,-1.476,-1.586,-2.286,-2.761,-0.199,-0.219,-0.596,-0.388,-0.433,-1.002,0.167,0.31,0.264,0.23,0.382,0.33,-0.204,-0.236,-0.405,0.354,0.765,0.483,0.428,0.797,0.53,0.52,1.001,0.743,0.603,1.001,0.77,0.082,0.073,0.063,-3.008,-5.769,0.424,-1.052,0.539,0.121,-2.49,-4.776,0.248,-1.171,0.388,0.002,1.299,-3.224,0.919,-4.336,1.94,1.972,2.885,0.648,2.505,0.011,3.387,3.443,-2.261,-5.022,1.171,-0.305,1.286,0.868,0.358,-0.918,0.559,0.255,1.324,-3.398,2.795,2.91,3.61,1.649,4.88,5.08,1.414,-0.005,1.554,1.168,0.738,-0.538,0.939,0.635,3.433,3.515,5.993,6.137,0.283,0.315,0.057,0.172,0.001,0.083,-0.164,6.673,-0.274,10.16,0.351,-25.536,0.54,-55.509,-0.115,3.488,0.487,-32.209,0.647,-62.181,0.57,-35.696,0.709,-65.669,0.234,-29.973,0.495,0.136,0.084,0.599,0.207,0.128,-1.505,-1.894,-0.323,-3.271,-4.117,-1.129,0.148,0.071,0.044,-1.362,-2.389,-0.407,-2.63,-4.612,-1.264,-1.51,-2.104,-0.451,-2.778,-3.87,-1.335,-1.268,-1.766,-2.223,-0.176,-0.192,-0.504,-0.402,-0.445,-0.967,0.165,0.307,0.253,0.223,0.374,0.314,-0.243,-0.278,-0.462,0.331,0.703,0.445,0.397,0.739,0.49,0.532,0.98,0.752,0.608,0.983,0.776,0.076,0.066,0.058,-2.93,-5.153,0.444,-0.892,0.547,0.096,-2.328,-4.094,0.225,-1.039,0.356,-0.051,1.286,-2.584,0.821,-3.791,1.866,1.91,2.553,0.45,2.089,-0.3,3.003,3.074,-2.255,-4.478,1.119,-0.216,1.223,0.772,0.314,-0.815,0.496,0.173,1.144,-2.973,2.599,2.728,2.911,1.017,4.184,4.39,1.409,0.144,1.539,1.132,0.778,-0.351,0.96,0.637,3.349,3.433,5.39,5.526,0.266,0.31,0.046,0.175,-0.025,0.06
2023-09-07,CTD8,4174178,693048,0.04913963,0.06763867,0.08181433,0.025873428,0.01571304,0.0038317363,0.0037947379,0.0014757346,0.047756847,0.064168304,0.08161926,0.026607603,0.017083785,0.003358213,0.011458686,-8.000000000000001e-45,0.592,-0.158,5.566,-0.25,8.127,0.31,-18.3,0.515,-43.291,-0.095,2.562,0.447,-23.865,0.623,-48.857,0.519,-26.427,0.678,-51.419,0.244,-24.992,0.455,0.144,0.087,0.55,0.21,0.128,-1.238,-1.497,-0.288,-2.928,-3.542,-1.12,0.126,0.066,0.04,-1.173,-1.953,-0.375,-2.401,-3.997,-1.264,-1.299,-1.787,-0.415,-2.527,-3.478,-1.33,-1.228,-1.69,-2.045,-0.172,-0.19,-0.445,-0.349,-0.392,-0.786,0.156,0.279,0.239,0.224,0.357,0.31,-0.189,-0.219,-0.341,0.319,0.644,0.428,0.397,0.692,0.482,0.479,0.863,0.671,0.566,0.881,0.707,0.087,0.078,0.068,-2.436,-4.48,0.41,-0.92,0.534,0.119,-2.014,-3.704,0.218,-1.046,0.368,-0.007,1.072,-2.405,0.69,-3.308,1.667,1.707,2.301,0.513,1.918,-0.035,2.745,2.811,-1.786,-3.83,1.06,-0.27,1.184,0.769,0.3,-0.82,0.507,0.219,0.949,-2.593,2.294,2.422,2.64,1.143,3.778,3.988,1.282,0.018,1.433,1.058,0.683,-0.437,0.89,0.602,2.842,2.93,4.68,4.824,0.294,0.334,0.063,0.19,-0.004,0.084,-0.147,5.355,-0.262,8.687,0.284,-16.644,0.473,-37.596,-0.12,3.332,0.414,-21.999,0.579,-42.951,0.508,-25.331,0.654,-46.283,0.218,-20.952,0.437,0.142,0.091,0.557,0.231,0.148,-1.068,-1.358,-0.284,-2.412,-3.069,-1.0,0.159,0.089,0.057,-1.051,-1.796,-0.376,-2.051,-3.506,-1.143,-1.21,-1.625,-0.433,-2.21,-2.97,-1.231,-1.001,-1.344,-1.71,-0.152,-0.166,-0.376,-0.373,-0.417,-0.775,0.145,0.26,0.214,0.21,0.338,0.283,-0.235,-0.269,-0.399,0.29,0.579,0.381,0.364,0.633,0.435,0.492,0.848,0.677,0.577,0.868,0.711,0.085,0.074,0.065,-2.323,-4.033,0.418,-0.813,0.535,0.102,-1.827,-3.171,0.17,-0.972,0.319,-0.057,1.009,-1.961,0.523,-2.983,1.529,1.586,2.009,0.384,1.523,-0.272,2.381,2.469,-1.724,-3.434,1.018,-0.214,1.134,0.702,0.229,-0.771,0.428,0.144,0.703,-2.366,2.054,2.202,2.047,0.689,3.199,3.43,1.294,0.152,1.443,1.067,0.715,-0.286,0.914,0.63,2.71,2.801,4.22,4.363,0.291,0.348,0.057,0.205,-0.032,0.06
2023-09-07,CTD10,4170388,695646,0.017857306,0.023517024,0.0256574,0.0071650785,0.004501496,0.0012152682,0.0012222567,0.00049260375,0.017862573,0.023625849,0.025578164,0.00727956,0.0048016068,0.0011576125,0.015511814,-8.000000000000001e-45,0.518,-0.137,13.477,-0.179,17.024,0.427,-83.566,0.597,-166.149,-0.044,3.547,0.533,-97.043,0.679,-179.626,0.563,-100.591,0.701,-183.173,0.228,-82.583,0.346,0.097,0.061,0.4,0.122,0.077,-1.965,-2.144,-0.376,-3.907,-4.263,-1.19,0.063,0.025,0.016,-1.733,-2.49,-0.437,-3.208,-4.609,-1.287,-1.796,-2.366,-0.453,-3.271,-4.308,-1.312,-1.475,-1.942,-2.119,-0.172,-0.188,-0.485,-0.254,-0.278,-0.669,0.217,0.382,0.355,0.272,0.435,0.407,-0.086,-0.096,-0.183,0.376,0.731,0.542,0.437,0.76,0.579,0.447,0.827,0.66,0.511,0.845,0.69,0.064,0.061,0.054,-2.822,-4.94,0.48,-0.832,0.584,0.131,-2.586,-4.528,0.391,-0.896,0.505,0.068,1.576,-2.732,1.401,-3.207,2.301,2.317,3.05,0.685,2.876,0.386,3.662,3.688,-2.264,-4.383,1.038,-0.275,1.141,0.689,0.515,-0.675,0.664,0.288,1.845,-2.418,3.03,3.107,3.787,1.643,4.823,4.945,1.132,-0.155,1.245,0.809,0.69,-0.501,0.839,0.463,3.329,3.389,5.299,5.395,0.21,0.226,0.053,0.129,0.027,0.088,-0.139,13.656,-0.178,16.887,0.421,-81.388,0.576,-152.281,-0.04,3.231,0.529,-95.044,0.662,-165.937,0.557,-98.275,0.684,-169.168,0.205,-70.893,0.349,0.099,0.066,0.399,0.123,0.081,-1.923,-2.082,-0.391,-3.598,-3.895,-1.109,0.058,0.024,0.016,-1.698,-2.431,-0.456,-2.964,-4.244,-1.208,-1.755,-2.322,-0.472,-3.022,-3.997,-1.231,-1.266,-1.675,-1.813,-0.175,-0.19,-0.477,-0.25,-0.271,-0.639,0.215,0.372,0.348,0.265,0.423,0.398,-0.078,-0.086,-0.162,0.376,0.721,0.538,0.433,0.749,0.573,0.441,0.807,0.644,0.501,0.826,0.672,0.06,0.057,0.05,-2.758,-4.571,0.471,-0.76,0.568,0.096,-2.547,-4.222,0.39,-0.818,0.495,0.039,1.53,-2.467,1.371,-2.873,2.251,2.266,2.796,0.475,2.637,0.206,3.412,3.436,-2.191,-4.004,1.038,-0.193,1.135,0.663,0.516,-0.592,0.655,0.264,1.814,-2.081,2.977,3.058,3.488,1.407,4.513,4.636,1.124,-0.084,1.229,0.772,0.675,-0.433,0.814,0.423,3.245,3.31,4.919,5.019,0.204,0.22,0.039,0.12,0.016,0.081
2023-09-07,CTD11,4169609,700351,0.01799757,0.026068546,0.030874712,0.0069614258,0.0044796104,0.0011181857,0.0011394586,0.00044680302,0.018047452,0.026036061,0.031071505,0.0071631586,0.0046285056,0.0010936911,0.07874161,-8.000000000000001e-45,0.618,-0.183,17.203,-0.263,23.174,0.442,-88.086,0.601,-167.671,-0.084,5.971,0.578,-105.288,0.707,-184.873,0.632,-111.26,0.747,-190.845,0.217,-79.585,0.531,0.12,0.077,0.604,0.161,0.104,-2.296,-2.72,-0.395,-4.371,-5.177,-1.167,0.107,0.042,0.027,-1.895,-3.251,-0.472,-3.327,-5.708,-1.287,-2.002,-2.9,-0.498,-3.435,-4.975,-1.329,-1.432,-2.075,-2.457,-0.213,-0.228,-0.705,-0.39,-0.422,-1.126,0.194,0.361,0.312,0.237,0.409,0.357,-0.193,-0.214,-0.42,0.391,0.85,0.54,0.442,0.865,0.571,0.543,1.064,0.783,0.599,1.058,0.799,0.056,0.051,0.044,-3.745,-6.202,0.465,-0.864,0.545,0.047,-3.162,-5.236,0.316,-0.971,0.411,-0.061,1.741,-3.234,1.401,-4.307,2.413,2.44,3.173,0.273,2.833,-0.417,3.751,3.792,-2.987,-5.444,1.223,-0.106,1.303,0.805,0.458,-0.71,0.595,0.201,2.029,-3.148,3.496,3.6,4.104,1.384,5.433,5.594,1.448,0.161,1.544,1.072,0.798,-0.37,0.935,0.541,4.186,4.263,6.505,6.625,0.215,0.242,0.018,0.122,-0.023,0.054,-0.181,17.001,-0.265,23.226,0.432,-84.194,0.592,-160.643,-0.088,6.224,0.568,-101.195,0.698,-177.644,0.625,-107.419,0.741,-183.869,0.215,-76.449,0.528,0.122,0.079,0.605,0.166,0.108,-2.192,-2.616,-0.39,-4.183,-4.991,-1.151,0.112,0.045,0.029,-1.826,-3.144,-0.468,-3.206,-5.52,-1.272,-1.939,-2.797,-0.497,-3.318,-4.787,-1.317,-1.38,-1.99,-2.375,-0.209,-0.224,-0.677,-0.392,-0.425,-1.105,0.191,0.355,0.305,0.235,0.404,0.351,-0.2,-0.222,-0.427,0.384,0.832,0.529,0.436,0.849,0.56,0.542,1.054,0.78,0.6,1.049,0.796,0.057,0.052,0.044,-3.645,-6.02,0.463,-0.854,0.544,0.047,-3.054,-5.044,0.306,-0.967,0.403,-0.065,1.682,-3.106,1.326,-4.194,2.342,2.371,3.061,0.264,2.706,-0.438,3.624,3.669,-2.895,-5.27,1.212,-0.105,1.294,0.796,0.441,-0.71,0.581,0.192,1.913,-3.078,3.378,3.486,3.903,1.287,5.228,5.395,1.447,0.174,1.544,1.076,0.796,-0.354,0.937,0.547,4.081,4.16,6.316,6.438,0.219,0.248,0.019,0.126,-0.026,0.053
2023-09-07,CTD12,4173438,695414,0.016232785,0.023548521,0.026756516,0.0058064344,0.003621869,0.00092532183,0.00093107077,0.0003686395,0.016311308,0.02356713,0.026882373,0.005957148,0.0038264042,0.00090533163,0.04399491,-8.000000000000001e-45,0.555,-0.184,19.138,-0.245,24.23,0.473,-110.619,0.635,-214.497,-0.064,5.091,0.604,-129.757,0.733,-233.635,0.643,-134.849,0.762,-238.726,0.232,-103.878,0.512,0.111,0.069,0.571,0.141,0.088,-2.605,-2.96,-0.401,-5.051,-5.739,-1.245,0.083,0.03,0.018,-2.106,-3.472,-0.47,-3.793,-6.251,-1.357,-2.189,-3.175,-0.488,-3.875,-5.622,-1.386,-1.686,-2.446,-2.779,-0.225,-0.241,-0.776,-0.358,-0.387,-1.116,0.207,0.384,0.343,0.251,0.43,0.387,-0.146,-0.162,-0.34,0.413,0.894,0.584,0.464,0.904,0.612,0.527,1.055,0.771,0.582,1.05,0.788,0.055,0.051,0.043,-3.919,-6.698,0.472,-0.914,0.554,0.066,-3.449,-5.895,0.36,-0.996,0.453,-0.017,1.916,-3.706,1.659,-4.592,2.642,2.66,3.602,0.426,3.346,-0.126,4.235,4.265,-3.157,-5.937,1.234,-0.152,1.315,0.827,0.522,-0.723,0.657,0.256,2.407,-3.332,3.832,3.92,4.853,1.894,6.144,6.285,1.402,0.045,1.494,1.025,0.779,-0.467,0.913,0.512,4.385,4.454,7.03,7.141,0.204,0.222,0.023,0.111,-0.006,0.063,-0.182,18.875,-0.245,24.108,0.465,-106.558,0.62,-200.035,-0.066,5.233,0.596,-125.434,0.721,-218.91,0.637,-130.666,0.751,-224.143,0.218,-93.476,0.507,0.112,0.072,0.568,0.144,0.092,-2.511,-2.865,-0.408,-4.714,-5.377,-1.192,0.085,0.031,0.02,-2.046,-3.372,-0.48,-3.571,-5.885,-1.304,-2.131,-3.079,-0.5,-3.656,-5.282,-1.335,-1.525,-2.203,-2.513,-0.221,-0.236,-0.742,-0.358,-0.386,-1.08,0.205,0.378,0.337,0.247,0.423,0.38,-0.149,-0.165,-0.339,0.408,0.874,0.573,0.457,0.886,0.601,0.525,1.039,0.764,0.578,1.035,0.781,0.053,0.049,0.042,-3.821,-6.333,0.471,-0.865,0.55,0.05,-3.349,-5.552,0.354,-0.95,0.444,-0.036,1.861,-3.421,1.597,-4.287,2.576,2.596,3.386,0.307,3.122,-0.25,4.01,4.041,-3.068,-5.581,1.223,-0.112,1.302,0.803,0.511,-0.68,0.642,0.234,2.308,-3.069,3.722,3.814,4.511,1.646,5.794,5.937,1.395,0.091,1.486,1.006,0.775,-0.416,0.906,0.498,4.278,4.35,6.66,6.773,0.203,0.223,0.018,0.11,-0.013,0.059
2023-09-27,CTD1,4187246,695025,0.012531269,0.015779058,0.021998016,0.008456691,0.007825593,0.00217178,0.0021315604,0.00084643555,0.012443726,0.01560375,0.022036241,0.008453306,0.0071405363,0.0022151424,0.4857957,-8.000000000000001e-45,0.592,-0.115,16.425,-0.274,34.342,0.194,-38.449,0.231,-47.985,-0.165,17.916,0.302,-54.874,0.337,-64.411,0.445,-72.791,0.475,-82.327,0.039,-9.536,0.361,0.139,0.129,0.542,0.29,0.269,-0.607,-0.846,-0.301,-0.757,-1.056,-0.406,0.225,0.152,0.14,-0.688,-1.207,-0.429,-0.807,-1.417,-0.545,-0.912,-1.149,-0.57,-1.032,-1.299,-0.696,-0.12,-0.15,-0.21,-0.107,-0.109,-0.199,-0.391,-0.401,-0.581,0.108,0.173,0.137,0.125,0.194,0.155,-0.296,-0.305,-0.382,0.212,0.36,0.246,0.23,0.379,0.261,0.478,0.665,0.574,0.501,0.675,0.585,0.022,0.018,0.017,-1.807,-2.017,0.41,-0.286,0.438,-0.131,-1.296,-1.447,0.034,-0.511,0.074,-0.356,0.765,-0.535,0.088,-1.329,0.986,1.126,0.884,-0.265,0.207,-1.0,1.065,1.217,-1.342,-1.552,0.875,0.179,0.903,0.334,0.042,-0.363,0.093,-0.208,0.11,-0.945,1.241,1.51,0.261,-0.585,1.341,1.632,1.22,0.675,1.26,0.83,0.719,0.313,0.77,0.469,1.977,2.105,2.136,2.275,0.179,0.319,-0.089,0.18,-0.24,-0.112,-0.113,16.275,-0.278,34.982,0.191,-37.935,0.271,-59.684,-0.171,18.707,0.297,-54.21,0.372,-75.958,0.445,-72.917,0.511,-94.666,0.084,-21.749,0.359,0.138,0.116,0.546,0.296,0.25,-0.592,-0.836,-0.271,-0.931,-1.315,-0.505,0.233,0.158,0.134,-0.675,-1.195,-0.387,-0.945,-1.674,-0.642,-0.907,-1.138,-0.521,-1.178,-1.477,-0.8,-0.271,-0.339,-0.479,-0.104,-0.108,-0.203,-0.399,-0.422,-0.615,0.106,0.175,0.137,0.141,0.22,0.174,-0.308,-0.328,-0.413,0.207,0.365,0.245,0.245,0.405,0.278,0.484,0.694,0.597,0.531,0.713,0.619,0.047,0.038,0.035,-1.809,-2.289,0.414,-0.386,0.473,-0.047,-1.281,-1.621,0.023,-0.619,0.107,-0.28,0.764,-0.713,0.06,-1.614,1.014,1.148,1.035,-0.103,0.33,-0.864,1.201,1.359,-1.353,-1.832,0.87,0.07,0.93,0.409,0.029,-0.476,0.134,-0.137,0.075,-1.24,1.272,1.522,0.414,-0.422,1.506,1.802,1.229,0.587,1.313,0.926,0.733,0.228,0.838,0.568,2.033,2.149,2.407,2.544,0.222,0.355,-0.032,0.218,-0.19,-0.074
2023-09-27,CTD2,4181518,693105,0.009761426,0.013438735,0.01937099,0.0042651035,0.0036941462,0.0008226851,0.0008213403,0.00031011808,0.009786669,0.013201262,0.01956898,0.004451223,0.003317377,0.00089582865,0.34239012,-2.878e-42,0.695,-0.159,28.032,-0.33,50.82,0.392,-132.017,0.451,-168.254,-0.181,22.788,0.518,-160.049,0.569,-196.287,0.639,-182.837,0.68,-219.075,0.072,-36.238,0.543,0.12,0.104,0.683,0.217,0.188,-1.774,-2.557,-0.488,-2.261,-3.259,-0.718,0.222,0.097,0.084,-1.562,-3.1,-0.591,-1.916,-3.802,-0.837,-1.785,-2.457,-0.675,-2.138,-2.944,-0.934,-0.354,-0.487,-0.702,-0.156,-0.159,-0.462,-0.543,-0.561,-1.207,0.168,0.321,0.238,0.185,0.343,0.257,-0.423,-0.441,-0.745,0.315,0.682,0.398,0.334,0.695,0.412,0.651,1.123,0.882,0.676,1.118,0.886,0.025,0.02,0.017,-3.815,-4.517,0.506,-0.428,0.536,-0.14,-2.647,-3.134,0.187,-0.651,0.229,-0.362,1.595,-1.349,0.847,-2.955,2.014,2.098,1.949,-0.508,1.201,-1.899,2.325,2.422,-3.165,-3.867,1.157,0.222,1.186,0.511,0.257,-0.461,0.315,-0.172,1.166,-2.093,2.772,2.96,1.653,-0.904,3.201,3.418,1.667,0.83,1.71,1.118,1.004,0.287,1.063,0.575,4.163,4.267,4.807,4.926,0.162,0.246,-0.061,0.127,-0.158,-0.055,-0.149,26.429,-0.333,51.079,0.375,-122.478,0.494,-199.263,-0.194,24.649,0.496,-148.907,0.598,-225.693,0.629,-173.556,0.71,-250.342,0.146,-76.786,0.517,0.118,0.088,0.674,0.227,0.169,-1.617,-2.397,-0.406,-2.631,-3.899,-0.887,0.241,0.11,0.082,-1.457,-2.914,-0.494,-2.209,-4.417,-1.005,-1.699,-2.291,-0.576,-2.45,-3.305,-1.114,-0.751,-1.014,-1.503,-0.142,-0.149,-0.44,-0.554,-0.592,-1.259,0.163,0.323,0.233,0.197,0.366,0.269,-0.447,-0.486,-0.82,0.298,0.668,0.382,0.337,0.694,0.411,0.658,1.154,0.915,0.707,1.141,0.921,0.049,0.039,0.035,-3.655,-5.158,0.514,-0.6,0.572,-0.004,-2.466,-3.479,0.163,-0.842,0.249,-0.245,1.524,-1.781,0.716,-3.7,1.947,2.029,2.276,-0.016,1.468,-1.446,2.613,2.723,-3.047,-4.55,1.121,0.007,1.179,0.604,0.22,-0.667,0.336,-0.071,0.966,-2.933,2.627,2.796,1.98,-0.417,3.525,3.752,1.662,0.658,1.748,1.254,1.028,0.141,1.143,0.737,4.057,4.145,5.444,5.562,0.204,0.285,-0.002,0.168,-0.112,-0.024
2023-09-27,CTD3,4181698,695238,0.010473344,0.01413363,0.018677058,0.0055152643,0.004134221,0.0010407175,0.001036387,0.00041192072,0.010513131,0.0140480995,0.018668046,0.005652289,0.0040669963,0.0010593658,0.21475872,-8.000000000000001e-45,0.596,-0.149,24.727,-0.281,41.939,0.31,-85.834,0.434,-146.403,-0.138,17.212,0.439,-110.562,0.547,-171.13,0.544,-127.773,0.638,-188.342,0.143,-60.569,0.462,0.136,0.102,0.593,0.231,0.173,-1.213,-1.603,-0.355,-2.069,-2.734,-0.807,0.18,0.095,0.071,-1.158,-2.065,-0.457,-1.792,-3.196,-0.944,-1.338,-1.806,-0.528,-1.973,-2.662,-1.039,-0.634,-0.856,-1.131,-0.151,-0.16,-0.379,-0.418,-0.449,-0.85,0.151,0.271,0.217,0.193,0.323,0.262,-0.284,-0.311,-0.471,0.296,0.59,0.378,0.343,0.625,0.413,0.535,0.901,0.72,0.591,0.91,0.74,0.056,0.047,0.042,-2.645,-3.777,0.446,-0.593,0.52,-0.009,-2.002,-2.858,0.171,-0.773,0.268,-0.189,1.142,-1.52,0.578,-2.619,1.606,1.678,1.777,-0.029,1.212,-0.853,2.143,2.238,-2.037,-3.168,1.054,0.015,1.128,0.6,0.23,-0.577,0.362,0.007,0.779,-1.955,2.168,2.341,1.635,0.032,2.892,3.123,1.393,0.449,1.491,1.034,0.795,-0.013,0.927,0.572,2.992,3.094,3.991,4.127,0.234,0.305,-0.005,0.169,-0.099,0.003,-0.144,23.935,-0.279,41.552,0.301,-81.8,0.442,-150.763,-0.141,17.617,0.426,-105.735,0.551,-174.698,0.535,-123.352,0.642,-192.314,0.163,-68.962,0.447,0.135,0.097,0.584,0.235,0.169,-1.149,-1.527,-0.333,-2.118,-2.814,-0.852,0.185,0.1,0.072,-1.112,-1.974,-0.43,-1.837,-3.261,-0.987,-1.297,-1.733,-0.502,-2.022,-2.702,-1.087,-0.725,-0.969,-1.287,-0.145,-0.155,-0.364,-0.414,-0.45,-0.839,0.149,0.268,0.214,0.197,0.327,0.265,-0.286,-0.317,-0.475,0.288,0.576,0.369,0.342,0.617,0.41,0.53,0.893,0.719,0.594,0.903,0.741,0.065,0.054,0.048,-2.554,-3.842,0.446,-0.641,0.531,0.029,-1.922,-2.891,0.161,-0.827,0.274,-0.156,1.107,-1.594,0.531,-2.73,1.57,1.642,1.832,0.1,1.256,-0.718,2.183,2.282,-1.966,-3.254,1.033,-0.054,1.118,0.617,0.215,-0.637,0.366,0.033,0.71,-2.105,2.099,2.268,1.678,0.151,2.917,3.151,1.373,0.386,1.486,1.056,0.791,-0.061,0.942,0.609,2.916,3.013,4.052,4.188,0.248,0.32,0.016,0.184,-0.084,0.013
2023-09-27,CTD4,4180266,698264,0.008917741,0.014028755,0.016896974,0.002435935,0.0016613889,0.0004052443,0.00039664542,0.00015284655,0.00887338,0.013987369,0.016973957,0.0024342118,0.0016456973,0.00041775263,0.11080126,-2.878e-42,0.419,-0.223,40.854,-0.309,52.954,0.571,-298.384,0.686,-489.77,-0.093,12.1,0.704,-339.238,0.788,-530.624,0.748,-351.338,0.821,-542.724,0.189,-191.386,0.69,0.1,0.068,0.743,0.129,0.088,-4.186,-5.042,-0.496,-6.871,-8.276,-1.193,0.108,0.029,0.02,-3.025,-5.732,-0.564,-4.732,-8.966,-1.293,-3.133,-4.929,-0.584,-4.84,-7.614,-1.322,-1.707,-2.685,-3.234,-0.264,-0.275,-1.247,-0.485,-0.509,-1.947,0.21,0.413,0.349,0.235,0.441,0.375,-0.253,-0.271,-0.7,0.449,1.096,0.625,0.479,1.089,0.64,0.63,1.367,0.922,0.664,1.342,0.925,0.034,0.03,0.025,-6.301,-9.535,0.492,-0.831,0.537,-0.046,-5.231,-7.916,0.354,-0.938,0.409,-0.154,2.831,-4.783,2.456,-6.509,3.542,3.563,4.537,-0.391,4.163,-1.569,5.194,5.223,-5.363,-8.597,1.429,0.107,1.475,0.891,0.557,-0.636,0.644,0.148,3.864,-4.411,5.573,5.661,6.549,1.507,8.171,8.3,1.721,0.429,1.776,1.213,0.931,-0.262,1.018,0.522,6.75,6.818,9.897,9.997,0.155,0.175,-0.013,0.075,-0.042,0.026,-0.224,41.204,-0.313,53.783,0.569,-298.114,0.687,-494.949,-0.096,12.579,0.704,-339.318,0.789,-536.152,0.749,-351.897,0.823,-548.731,0.193,-196.835,0.699,0.1,0.068,0.752,0.131,0.089,-4.17,-5.06,-0.491,-6.923,-8.401,-1.205,0.112,0.031,0.021,-3.011,-5.76,-0.558,-4.757,-9.101,-1.305,-3.123,-4.922,-0.579,-4.869,-7.675,-1.336,-1.747,-2.753,-3.341,-0.263,-0.275,-1.253,-0.493,-0.518,-1.985,0.208,0.412,0.346,0.233,0.44,0.372,-0.264,-0.284,-0.732,0.447,1.098,0.62,0.477,1.091,0.636,0.636,1.382,0.93,0.671,1.356,0.933,0.034,0.031,0.025,-6.339,-9.68,0.491,-0.845,0.537,-0.042,-5.223,-7.977,0.349,-0.956,0.405,-0.153,2.821,-4.854,2.432,-6.669,3.528,3.548,4.568,-0.354,4.178,-1.581,5.218,5.248,-5.397,-8.738,1.433,0.097,1.479,0.9,0.55,-0.655,0.639,0.148,3.833,-4.568,5.561,5.649,6.586,1.526,8.225,8.356,1.739,0.434,1.795,1.237,0.939,-0.266,1.028,0.537,6.788,6.855,10.04,10.14,0.157,0.177,-0.011,0.077,-0.042,0.026
2023-09-27,CTD6,4176009,695829,0.010555,0.013910544,0.01640036,0.0035980337,0.0026286729,0.0006444938,0.0006501205,0.00025235064,0.010608325,0.013818428,0.016415542,0.0036749362,0.0025829785,0.0006677919,0.20618622,-8.000000000000001e-45,0.321,-0.137,22.854,-0.217,33.768,0.492,-183.188,0.601,-285.678,-0.082,10.914,0.589,-206.042,0.682,-308.532,0.64,-216.955,0.724,-319.446,0.156,-102.491,0.375,0.082,0.06,0.47,0.121,0.089,-2.548,-3.004,-0.482,-3.974,-4.685,-1.028,0.115,0.039,0.029,-2.175,-3.379,-0.542,-3.257,-5.06,-1.11,-2.29,-3.018,-0.57,-3.372,-4.444,-1.149,-1.082,-1.426,-1.681,-0.168,-0.176,-0.539,-0.334,-0.353,-0.939,0.23,0.421,0.366,0.262,0.453,0.396,-0.176,-0.189,-0.4,0.383,0.782,0.542,0.419,0.797,0.564,0.523,0.971,0.774,0.563,0.973,0.787,0.04,0.036,0.032,-3.799,-5.48,0.539,-0.61,0.598,0.028,-3.223,-4.648,0.385,-0.725,0.455,-0.087,2.085,-2.358,1.755,-3.305,2.745,2.773,3.167,0.149,2.836,-0.543,3.757,3.796,-3.24,-4.921,1.099,-0.051,1.158,0.587,0.507,-0.521,0.599,0.118,2.312,-2.373,3.617,3.706,3.738,0.734,4.951,5.072,1.295,0.185,1.365,0.823,0.838,-0.19,0.93,0.448,4.309,4.369,5.898,5.98,0.152,0.181,0.01,0.098,-0.03,0.03,-0.131,21.898,-0.215,33.348,0.485,-177.848,0.608,-292.884,-0.086,11.449,0.58,-199.746,0.685,-314.783,0.634,-211.196,0.728,-326.232,0.174,-115.036,0.359,0.08,0.057,0.461,0.123,0.086,-2.458,-2.919,-0.459,-4.047,-4.808,-1.076,0.121,0.042,0.03,-2.119,-3.279,-0.516,-3.339,-5.167,-1.157,-2.24,-2.918,-0.546,-3.461,-4.508,-1.199,-1.22,-1.59,-1.888,-0.16,-0.169,-0.513,-0.332,-0.354,-0.928,0.229,0.423,0.365,0.265,0.459,0.399,-0.182,-0.197,-0.415,0.375,0.769,0.534,0.416,0.787,0.559,0.522,0.966,0.777,0.566,0.968,0.791,0.045,0.04,0.036,-3.699,-5.588,0.544,-0.655,0.61,0.065,-3.114,-4.704,0.38,-0.777,0.459,-0.057,2.045,-2.463,1.699,-3.469,2.7,2.729,3.265,0.347,2.919,-0.36,3.841,3.883,-3.164,-5.053,1.079,-0.12,1.145,0.6,0.495,-0.581,0.598,0.139,2.213,-2.595,3.517,3.603,3.802,0.883,5.003,5.126,1.281,0.125,1.36,0.845,0.842,-0.235,0.944,0.485,4.223,4.28,6.009,6.089,0.159,0.189,0.022,0.109,-0.02,0.037
2023-09-27,CTD7,4176724,690397,0.015208932,0.024520056,0.030934654,0.0053629107,0.003234547,0.00084735936,0.00079353666,0.0003202848,0.015295033,0.024619892,0.031143188,0.0053897253,0.0034724395,0.00083606644,0.031023892,-8.000000000000001e-45,0.598,-0.234,24.968,-0.341,33.425,0.479,-120.715,0.649,-243.411,-0.116,8.457,0.641,-145.683,0.767,-268.379,0.705,-154.14,0.811,-276.836,0.248,-122.696,0.772,0.134,0.081,0.82,0.179,0.108,-2.96,-3.734,-0.39,-5.968,-7.53,-1.305,0.129,0.045,0.027,-2.216,-4.507,-0.471,-4.082,-8.302,-1.439,-2.344,-3.78,-0.499,-4.21,-6.788,-1.485,-1.866,-3.009,-3.796,-0.257,-0.273,-1.083,-0.526,-0.567,-1.829,0.178,0.355,0.288,0.216,0.401,0.33,-0.312,-0.348,-0.746,0.415,1.039,0.561,0.461,1.035,0.586,0.644,1.386,0.921,0.697,1.347,0.927,0.054,0.046,0.038,-5.148,-8.944,0.447,-1.038,0.516,0.017,-4.081,-7.089,0.273,-1.166,0.36,-0.111,2.043,-4.745,1.574,-6.728,2.704,2.731,3.909,0.13,3.44,-1.066,4.483,4.529,-4.156,-7.952,1.439,-0.046,1.508,1.009,0.44,-0.865,0.58,0.19,2.538,-4.992,4.359,4.468,5.547,1.812,7.228,7.407,1.815,0.376,1.902,1.431,0.909,-0.396,1.049,0.658,5.556,5.636,9.211,9.345,0.221,0.248,0.006,0.114,-0.039,0.041,-0.234,24.763,-0.341,33.271,0.479,-120.158,0.63,-222.601,-0.117,8.508,0.641,-144.921,0.753,-247.364,0.705,-153.428,0.799,-255.872,0.216,-102.444,0.771,0.133,0.086,0.819,0.179,0.116,-2.958,-3.742,-0.417,-5.48,-6.933,-1.2,0.13,0.046,0.03,-2.217,-4.513,-0.503,-3.783,-7.704,-1.333,-2.347,-3.777,-0.533,-3.914,-6.3,-1.379,-1.567,-2.522,-3.19,-0.255,-0.269,-1.052,-0.528,-0.564,-1.788,0.178,0.353,0.286,0.212,0.394,0.324,-0.315,-0.348,-0.736,0.414,1.025,0.556,0.455,1.022,0.579,0.645,1.372,0.917,0.693,1.338,0.922,0.048,0.041,0.034,-5.157,-8.347,0.448,-0.931,0.51,-0.023,-4.077,-6.599,0.272,-1.061,0.35,-0.153,2.047,-4.252,1.573,-6.131,2.697,2.726,3.614,-0.163,3.14,-1.374,4.186,4.232,-4.169,-7.359,1.437,0.058,1.498,0.965,0.438,-0.762,0.564,0.146,2.532,-4.401,4.341,4.456,5.054,1.312,6.738,6.917,1.817,0.484,1.895,1.392,0.913,-0.287,1.038,0.621,5.551,5.637,8.616,8.75,0.211,0.241,-0.008,0.107,-0.054,0.032
2023-09-27,CTD8,4174178,693048,0.030706199,0.046490256,0.063694745,0.023456316,0.014088829,0.0035021424,0.0034791396,0.001368588,0.030924369,0.046361893,0.06390665,0.023810048,0.015309265,0.0031290075,0.0008616225,-8.000000000000001e-45,0.429,-0.204,11.057,-0.349,16.867,0.134,-10.066,0.371,-38.412,-0.156,5.81,0.329,-21.123,0.535,-49.468,0.462,-26.933,0.638,-55.278,0.249,-28.346,0.704,0.259,0.156,0.784,0.396,0.238,-0.468,-0.641,-0.142,-1.786,-2.447,-0.901,0.178,0.136,0.082,-0.649,-1.345,-0.298,-1.519,-3.151,-1.16,-0.827,-1.252,-0.379,-1.697,-2.57,-1.297,-0.87,-1.318,-1.805,-0.181,-0.203,-0.42,-0.472,-0.545,-0.879,0.066,0.12,0.093,0.151,0.238,0.191,-0.318,-0.384,-0.458,0.244,0.514,0.296,0.343,0.598,0.372,0.521,0.898,0.664,0.643,0.916,0.709,0.121,0.099,0.085,-2.055,-3.86,0.292,-1.004,0.439,0.06,-1.5,-2.818,-0.022,-1.183,0.179,-0.119,0.579,-1.991,-0.061,-3.212,1.006,1.088,1.45,0.197,0.809,-0.536,1.675,1.811,-1.201,-3.007,1.146,-0.151,1.293,0.913,-0.034,-0.935,0.271,0.129,-0.092,-2.539,1.523,1.761,1.225,0.584,2.536,2.932,1.57,0.409,1.771,1.474,0.606,-0.295,0.911,0.769,2.257,2.412,3.757,4.016,0.461,0.543,0.046,0.283,-0.091,0.065,-0.2,10.768,-0.348,16.689,0.13,-9.662,0.338,-32.983,-0.159,5.922,0.321,-20.43,0.504,-43.75,0.457,-26.351,0.613,-49.672,0.217,-23.321,0.688,0.256,0.165,0.774,0.397,0.255,-0.448,-0.617,-0.148,-1.529,-2.108,-0.785,0.183,0.141,0.091,-0.632,-1.306,-0.313,-1.353,-2.796,-1.042,-0.815,-1.222,-0.403,-1.536,-2.303,-1.183,-0.721,-1.081,-1.49,-0.176,-0.195,-0.395,-0.47,-0.535,-0.843,0.065,0.115,0.09,0.142,0.223,0.178,-0.321,-0.379,-0.448,0.238,0.488,0.285,0.327,0.567,0.354,0.519,0.867,0.65,0.629,0.888,0.693,0.11,0.09,0.077,-2.017,-3.507,0.294,-0.888,0.427,0.024,-1.463,-2.544,-0.03,-1.071,0.154,-0.159,0.573,-1.73,-0.08,-2.876,0.969,1.059,1.295,0.073,0.642,-0.664,1.506,1.647,-1.185,-2.675,1.127,-0.056,1.26,0.856,-0.044,-0.83,0.23,0.082,-0.119,-2.227,1.452,1.708,0.962,0.344,2.258,2.656,1.553,0.511,1.736,1.424,0.608,-0.177,0.883,0.735,2.189,2.354,3.404,3.661,0.44,0.53,0.019,0.274,-0.122,0.042
2023-09-27,CTD10,4170388,695646,0.010995817,0.014996824,0.02104404,0.0047526495,0.0040838774,0.0009264217,0.00093331415,0.00035133102,0.01101115,0.014750987,0.021243507,0.004942813,0.003685,0.0010006593,0.35684952,-8.000000000000001e-45,0.319,-0.154,24.263,-0.314,43.424,0.396,-119.465,0.458,-153.922,-0.168,19.161,0.519,-143.728,0.572,-178.185,0.632,-162.89,0.675,-197.346,0.076,-34.456,0.511,0.115,0.099,0.651,0.206,0.177,-1.792,-2.514,-0.488,-2.308,-3.239,-0.732,0.211,0.091,0.078,-1.58,-3.025,-0.587,-1.959,-3.75,-0.847,-1.791,-2.443,-0.665,-2.17,-2.96,-0.938,-0.379,-0.517,-0.725,-0.155,-0.159,-0.453,-0.509,-0.527,-1.137,0.173,0.327,0.248,0.192,0.35,0.268,-0.384,-0.401,-0.684,0.32,0.679,0.408,0.341,0.693,0.423,0.627,1.08,0.854,0.652,1.077,0.859,0.026,0.021,0.019,-3.695,-4.42,0.507,-0.431,0.539,-0.126,-2.633,-3.15,0.206,-0.641,0.25,-0.337,1.601,-1.359,0.91,-2.839,2.041,2.12,1.98,-0.463,1.289,-1.735,2.376,2.467,-3.064,-3.789,1.138,0.2,1.17,0.505,0.28,-0.451,0.341,-0.147,1.242,-1.997,2.784,2.961,1.758,-0.756,3.24,3.446,1.597,0.75,1.642,1.055,0.971,0.239,1.032,0.544,4.056,4.156,4.721,4.836,0.16,0.238,-0.054,0.123,-0.146,-0.046,-0.145,23.025,-0.317,43.744,0.38,-111.497,0.499,-180.553,-0.18,20.719,0.498,-134.522,0.6,-203.578,0.622,-155.241,0.704,-224.297,0.146,-69.056,0.489,0.114,0.085,0.645,0.216,0.161,-1.645,-2.369,-0.411,-2.663,-3.836,-0.892,0.228,0.102,0.076,-1.481,-2.858,-0.496,-2.242,-4.325,-1.006,-1.709,-2.29,-0.572,-2.47,-3.309,-1.109,-0.76,-1.019,-1.467,-0.143,-0.15,-0.433,-0.52,-0.555,-1.186,0.169,0.329,0.243,0.204,0.372,0.28,-0.407,-0.442,-0.753,0.304,0.667,0.393,0.343,0.694,0.423,0.633,1.109,0.884,0.682,1.101,0.892,0.049,0.039,0.035,-3.551,-5.018,0.514,-0.595,0.573,0.001,-2.466,-3.485,0.183,-0.823,0.269,-0.227,1.533,-1.775,0.788,-3.537,1.978,2.054,2.294,0.004,1.548,-1.31,2.653,2.755,-2.958,-4.425,1.107,-0.002,1.166,0.594,0.245,-0.647,0.36,-0.051,1.055,-2.781,2.65,2.811,2.074,-0.295,3.554,3.77,1.594,0.588,1.679,1.184,0.991,0.099,1.105,0.695,3.963,4.048,5.316,5.43,0.199,0.275,0.0,0.162,-0.102,-0.017
2023-09-27,CTD11,4169609,700351,0.009863671,0.015232464,0.021409377,0.004539191,0.0031565826,0.00072279776,0.0007157653,0.0002780529,0.009876649,0.015138334,0.021542959,0.0047261068,0.0031276667,0.00074250036,0.1602443,-8.000000000000001e-45,0.247,-0.214,35.733,-0.369,54.674,0.37,-118.921,0.515,-215.416,-0.169,18.941,0.541,-154.654,0.657,-251.149,0.65,-173.595,0.743,-270.09,0.18,-96.495,0.765,0.162,0.113,0.833,0.248,0.173,-1.811,-2.546,-0.375,-3.281,-4.612,-0.978,0.187,0.086,0.06,-1.525,-3.311,-0.488,-2.477,-5.377,-1.14,-1.712,-2.644,-0.548,-2.664,-4.114,-1.226,-0.952,-1.47,-2.066,-0.207,-0.219,-0.698,-0.584,-0.628,-1.5,0.145,0.29,0.217,0.183,0.339,0.258,-0.429,-0.474,-0.803,0.342,0.821,0.435,0.386,0.838,0.465,0.672,1.296,0.917,0.727,1.267,0.923,0.055,0.044,0.038,-4.069,-6.135,0.436,-0.79,0.5,-0.048,-2.895,-4.365,0.163,-0.977,0.253,-0.235,1.462,-2.653,0.767,-4.609,1.966,2.026,2.413,-0.231,1.719,-1.592,2.827,2.913,-3.172,-5.238,1.332,0.106,1.397,0.849,0.251,-0.727,0.391,0.016,1.185,-3.427,3.036,3.208,2.655,0.109,4.365,4.614,1.873,0.733,1.963,1.475,0.945,-0.032,1.085,0.71,4.397,4.509,6.322,6.484,0.253,0.313,-0.022,0.151,-0.108,0.005,-0.21,35.191,-0.371,54.83,0.353,-110.342,0.519,-218.478,-0.175,19.639,0.524,-145.533,0.658,-253.67,0.64,-165.172,0.746,-273.308,0.204,-108.137,0.758,0.166,0.11,0.83,0.259,0.171,-1.67,-2.377,-0.345,-3.307,-4.707,-1.033,0.194,0.093,0.061,-1.437,-3.135,-0.455,-2.505,-5.465,-1.199,-1.631,-2.5,-0.517,-2.699,-4.137,-1.292,-1.068,-1.637,-2.33,-0.2,-0.213,-0.67,-0.587,-0.639,-1.485,0.14,0.282,0.209,0.184,0.34,0.257,-0.439,-0.492,-0.815,0.331,0.801,0.422,0.382,0.822,0.457,0.672,1.293,0.921,0.736,1.261,0.927,0.064,0.051,0.044,-3.906,-6.235,0.433,-0.859,0.507,-0.009,-2.745,-4.382,0.146,-1.053,0.252,-0.203,1.387,-2.75,0.667,-4.798,1.883,1.945,2.455,-0.045,1.735,-1.4,2.846,2.938,-3.026,-5.355,1.313,0.022,1.388,0.871,0.224,-0.808,0.386,0.041,1.022,-3.685,2.886,3.058,2.659,0.282,4.362,4.621,1.869,0.67,1.975,1.519,0.945,-0.088,1.106,0.761,4.242,4.352,6.409,6.576,0.272,0.333,-0.004,0.167,-0.097,0.013
2023-09-27,CTD12,4173438,695414,0.011968947,0.016157992,0.02096754,0.0052332864,0.0039911345,0.00095632207,0.00095225463,0.0003703468,0.011998541,0.01601706,0.021052387,0.005404632,0.003836393,0.0009901826,0.24773529,-8.000000000000001e-45,0.321,-0.149,21.661,-0.273,35.857,0.392,-107.535,0.5,-167.006,-0.13,14.196,0.511,-129.196,0.604,-188.666,0.601,-143.392,0.68,-202.863,0.135,-59.471,0.454,0.113,0.086,0.579,0.188,0.143,-1.738,-2.255,-0.429,-2.698,-3.502,-0.874,0.17,0.074,0.057,-1.546,-2.709,-0.516,-2.258,-3.956,-0.987,-1.716,-2.317,-0.572,-2.428,-3.278,-1.062,-0.712,-0.961,-1.247,-0.16,-0.168,-0.454,-0.421,-0.447,-0.976,0.181,0.334,0.27,0.215,0.373,0.304,-0.28,-0.301,-0.521,0.332,0.685,0.438,0.369,0.707,0.464,0.559,0.986,0.781,0.604,0.987,0.794,0.044,0.038,0.033,-3.266,-4.513,0.491,-0.57,0.55,-0.022,-2.517,-3.478,0.247,-0.74,0.324,-0.192,1.516,-1.761,0.989,-2.966,2.04,2.097,2.228,-0.089,1.701,-1.008,2.675,2.749,-2.657,-3.904,1.1,0.039,1.16,0.587,0.333,-0.541,0.437,0.008,1.336,-2.166,2.754,2.897,2.297,0.042,3.611,3.799,1.428,0.441,1.505,0.989,0.86,-0.014,0.964,0.535,3.673,3.76,4.816,4.93,0.19,0.247,-0.01,0.134,-0.084,0.003,-0.143,20.91,-0.274,35.843,0.379,-101.683,0.515,-177.318,-0.136,14.933,0.495,-122.593,0.614,-198.228,0.591,-137.526,0.692,-213.161,0.17,-75.635,0.44,0.113,0.08,0.574,0.194,0.138,-1.629,-2.141,-0.39,-2.84,-3.733,-0.958,0.179,0.081,0.057,-1.471,-2.581,-0.47,-2.378,-4.173,-1.071,-1.65,-2.203,-0.528,-2.558,-3.414,-1.152,-0.908,-1.211,-1.592,-0.152,-0.161,-0.435,-0.423,-0.456,-0.98,0.178,0.332,0.265,0.22,0.381,0.309,-0.289,-0.318,-0.545,0.321,0.67,0.426,0.369,0.7,0.46,0.559,0.988,0.788,0.615,0.989,0.804,0.056,0.047,0.042,-3.146,-4.738,0.492,-0.66,0.567,0.039,-2.394,-3.605,0.233,-0.839,0.33,-0.14,1.459,-1.955,0.906,-3.267,1.981,2.038,2.367,0.164,1.813,-0.768,2.79,2.871,-2.56,-4.153,1.078,-0.074,1.153,0.625,0.31,-0.648,0.441,0.051,1.209,-2.524,2.644,2.781,2.42,0.28,3.725,3.918,1.417,0.346,1.515,1.045,0.864,-0.094,0.995,0.605,3.576,3.656,5.037,5.15,0.211,0.268,0.018,0.155,-0.063,0.017
2023-11-16,CTD1,4187246,695025,0.0,0.0,0.0,0.0,0.0,0.0,0.0,0.0,0.0,0.0,0.0,0.0,0.0,0.0,0.0,0.0,0.11,,,,,,,,,,,,,,,,,,,,,,,,,,,,,,,,,,,,,,,,,,,,,,,,,,,,,,,,,,,,,,,,,,,,,,,,,,,,,,,,,,,,,,,,,,,,,,,,,,,,,,,,,,,,,,,,,,,,,,,,,,,,,,,,,,,,,,,,,,,,,,,,,,,,,,,,,,,,,,,,,,,,,,,,,,,,,,,,,,,,,,,,,,,,,,,,,,,,,,,,,,,,,,,,,,,,,,,,,,,,,,,,,,,,,,,,,,,,,,,,,,,,,,,,,,,,,,,,,,,,,,,,,,,,,,,,,,,,,,,,
2023-11-16,CTD2,4181518,693105,0.022577176,0.024816193,0.02840395,0.009669102,0.008554229,0.0023850922,0.002304301,0.00090382295,0.021954095,0.02478297,0.028564367,0.009446671,0.007702802,0.0023777657,0.42676747,-8.000000000000001e-45,0.399,-0.047,3.996,-0.114,9.086,0.4,-59.13,0.45,-72.609,-0.067,5.09,0.439,-63.126,0.487,-76.605,0.492,-68.216,0.537,-81.695,0.061,-13.479,0.114,0.039,0.034,0.225,0.088,0.078,-1.467,-1.68,-0.506,-1.802,-2.062,-0.702,0.115,0.049,0.044,-1.425,-1.793,-0.54,-1.73,-2.176,-0.741,-1.54,-1.693,-0.584,-1.844,-2.027,-0.79,-0.304,-0.334,-0.383,-0.059,-0.061,-0.123,-0.169,-0.175,-0.32,0.243,0.387,0.349,0.263,0.407,0.368,-0.111,-0.115,-0.197,0.297,0.487,0.41,0.319,0.504,0.427,0.395,0.602,0.561,0.419,0.616,0.576,0.024,0.022,0.021,-2.028,-2.411,0.569,-0.221,0.609,0.025,-1.772,-2.106,0.405,-0.335,0.45,-0.09,1.461,-0.566,1.19,-0.985,1.99,2.034,1.766,0.073,1.495,-0.298,2.25,2.299,-1.838,-2.221,0.759,-0.031,0.798,0.214,0.445,-0.257,0.495,-0.011,1.308,-0.754,2.188,2.265,1.643,-0.037,2.473,2.561,0.868,0.128,0.913,0.373,0.716,0.014,0.766,0.26,2.559,2.593,2.892,2.931,0.084,0.127,0.011,0.088,-0.038,-0.004,-0.061,5.199,-0.131,10.541,0.398,-60.308,0.481,-84.273,-0.071,5.342,0.448,-65.507,0.526,-89.473,0.503,-70.849,0.575,-94.814,0.102,-23.965,0.149,0.049,0.04,0.261,0.1,0.081,-1.495,-1.723,-0.465,-2.089,-2.407,-0.796,0.117,0.05,0.041,-1.438,-1.871,-0.505,-1.964,-2.556,-0.845,-1.555,-1.756,-0.546,-2.082,-2.35,-0.896,-0.526,-0.594,-0.685,-0.074,-0.078,-0.165,-0.193,-0.203,-0.385,0.234,0.385,0.345,0.267,0.416,0.375,-0.12,-0.128,-0.22,0.304,0.517,0.423,0.338,0.544,0.449,0.409,0.645,0.588,0.446,0.664,0.609,0.037,0.035,0.033,-2.138,-2.822,0.555,-0.341,0.616,0.07,-1.855,-2.449,0.387,-0.458,0.458,-0.047,1.456,-0.893,1.171,-1.384,2.013,2.054,1.983,0.227,1.698,-0.174,2.469,2.519,-1.895,-2.579,0.798,-0.098,0.859,0.313,0.437,-0.359,0.517,0.052,1.322,-1.085,2.273,2.354,1.916,0.194,2.787,2.887,0.92,0.075,0.99,0.486,0.722,-0.074,0.802,0.337,2.673,2.713,3.278,3.327,0.119,0.161,0.03,0.112,-0.02,0.02
2023-11-16,CTD3,4181698,695238,0.012136913,0.014024006,0.018097695,0.0061927387,0.005955019,0.001617915,0.0015741225,0.0006228036,0.012110369,0.013886613,0.018141456,0.0061792037,0.005318088,0.0016982917,0.57610947,-8.000000000000001e-45,0.365,-0.072,11.087,-0.197,27.138,0.324,-79.086,0.342,-85.532,-0.127,16.051,0.387,-90.173,0.404,-96.619,0.49,-106.224,0.505,-112.67,0.02,-6.446,0.201,0.069,0.066,0.381,0.168,0.162,-1.109,-1.431,-0.471,-1.2,-1.548,-0.53,0.195,0.099,0.096,-1.094,-1.632,-0.537,-1.173,-1.749,-0.598,-1.289,-1.49,-0.633,-1.367,-1.58,-0.698,-0.078,-0.09,-0.117,-0.078,-0.078,-0.155,-0.295,-0.298,-0.491,0.185,0.298,0.247,0.192,0.306,0.254,-0.222,-0.225,-0.335,0.259,0.433,0.326,0.267,0.44,0.332,0.455,0.658,0.596,0.464,0.662,0.601,0.009,0.008,0.007,-2.057,-2.174,0.523,-0.174,0.536,-0.096,-1.594,-1.684,0.229,-0.369,0.246,-0.291,1.185,-0.395,0.669,-1.079,1.535,1.631,1.263,-0.226,0.748,-0.884,1.597,1.696,-1.767,-1.884,0.813,0.116,0.826,0.194,0.265,-0.265,0.284,-0.187,0.773,-0.774,1.774,1.936,0.864,-0.567,1.845,2.013,1.05,0.451,1.066,0.53,0.78,0.251,0.8,0.329,2.432,2.498,2.529,2.597,0.086,0.181,-0.049,0.113,-0.148,-0.082,-0.068,10.562,-0.199,27.451,0.324,-79.259,0.39,-105.464,-0.133,16.889,0.384,-89.821,0.446,-116.026,0.492,-106.711,0.547,-132.915,0.075,-26.204,0.192,0.065,0.056,0.381,0.17,0.146,-1.101,-1.438,-0.422,-1.465,-1.913,-0.652,0.205,0.104,0.09,-1.088,-1.629,-0.478,-1.405,-2.105,-0.717,-1.292,-1.482,-0.567,-1.61,-1.846,-0.821,-0.317,-0.364,-0.475,-0.073,-0.076,-0.154,-0.301,-0.314,-0.525,0.185,0.309,0.253,0.212,0.339,0.279,-0.233,-0.244,-0.37,0.255,0.442,0.329,0.283,0.468,0.352,0.46,0.686,0.623,0.493,0.701,0.639,0.033,0.028,0.027,-2.064,-2.539,0.531,-0.29,0.579,0.011,-1.58,-1.944,0.223,-0.494,0.285,-0.193,1.194,-0.651,0.653,-1.451,1.577,1.667,1.512,0.03,0.971,-0.659,1.832,1.937,-1.789,-2.265,0.806,-0.015,0.854,0.286,0.255,-0.396,0.326,-0.095,0.749,-1.164,1.808,1.954,1.113,-0.325,2.101,2.271,1.053,0.336,1.115,0.637,0.796,0.144,0.867,0.446,2.497,2.553,2.901,2.966,0.127,0.217,0.006,0.152,-0.099,-0.042
2023-11-16,CTD4,4180266,698264,0.0118959695,0.017273752,0.01947403,0.0037331663,0.0024637212,0.00062627374,0.000607321,0.00023846334,0.011929854,0.017239869,0.019507363,0.0037806812,0.0025348556,0.00063321565,0.08343766,-8.000000000000001e-45,0.329,-0.184,26.171,-0.242,32.712,0.522,-183.807,0.657,-321.828,-0.06,6.541,0.645,-209.978,0.75,-347.999,0.678,-216.519,0.775,-354.54,0.205,-138.021,0.51,0.098,0.064,0.565,0.122,0.081,-3.175,-3.579,-0.453,-5.559,-6.267,-1.201,0.078,0.024,0.016,-2.498,-4.089,-0.517,-4.14,-6.777,-1.299,-2.576,-3.74,-0.533,-4.218,-6.124,-1.324,-1.642,-2.384,-2.688,-0.232,-0.245,-0.868,-0.361,-0.384,-1.223,0.222,0.414,0.372,0.257,0.449,0.406,-0.141,-0.153,-0.355,0.432,0.943,0.617,0.472,0.948,0.638,0.54,1.096,0.798,0.583,1.088,0.81,0.044,0.04,0.035,-4.528,-7.216,0.497,-0.827,0.562,0.029,-4.016,-6.4,0.395,-0.904,0.468,-0.049,2.3,-3.825,2.059,-4.718,3.044,3.06,3.941,0.201,3.701,-0.388,4.612,4.637,-3.764,-6.452,1.26,-0.063,1.326,0.792,0.573,-0.628,0.68,0.227,2.99,-3.277,4.42,4.501,5.374,1.795,6.697,6.82,1.421,0.122,1.494,0.977,0.814,-0.388,0.92,0.467,5.009,5.074,7.59,7.688,0.171,0.187,0.009,0.09,-0.015,0.049,-0.182,25.818,-0.241,32.561,0.519,-180.679,0.65,-310.676,-0.062,6.742,0.64,-206.498,0.744,-336.495,0.675,-213.24,0.77,-343.237,0.197,-129.997,0.504,0.098,0.065,0.561,0.123,0.083,-3.115,-3.525,-0.458,-5.356,-6.06,-1.175,0.08,0.025,0.017,-2.463,-4.028,-0.523,-4.014,-6.564,-1.272,-2.544,-3.676,-0.541,-4.095,-5.917,-1.298,-1.551,-2.241,-2.536,-0.228,-0.241,-0.841,-0.36,-0.383,-1.2,0.222,0.412,0.37,0.256,0.447,0.403,-0.144,-0.157,-0.359,0.428,0.93,0.611,0.468,0.936,0.631,0.539,1.087,0.795,0.582,1.08,0.807,0.043,0.04,0.034,-4.468,-7.004,0.498,-0.799,0.562,0.022,-3.948,-6.19,0.392,-0.88,0.465,-0.059,2.272,-3.646,2.024,-4.54,3.008,3.026,3.823,0.146,3.575,-0.453,4.487,4.513,-3.715,-6.251,1.251,-0.046,1.315,0.775,0.567,-0.608,0.671,0.213,2.925,-3.136,4.348,4.43,5.166,1.641,6.484,6.607,1.416,0.144,1.488,0.965,0.815,-0.36,0.919,0.461,4.947,5.013,7.379,7.476,0.17,0.187,0.007,0.089,-0.019,0.047
2023-11-16,CTD6,4176009,695829,0.01149108,0.01741479,0.020097062,0.0039462163,0.002535845,0.00065312197,0.0006283929,0.00024835297,0.011517508,0.017406382,0.020112107,0.003994276,0.0026489021,0.0006535769,0.050746344,-8.000000000000001e-45,0.657,-0.205,29.602,-0.272,37.266,0.489,-166.383,0.638,-307.322,-0.072,7.664,0.631,-195.985,0.746,-336.923,0.672,-203.649,0.776,-344.587,0.218,-140.939,0.595,0.117,0.075,0.649,0.147,0.094,-2.898,-3.344,-0.422,-5.352,-6.176,-1.213,0.088,0.03,0.019,-2.252,-3.939,-0.497,-3.872,-6.771,-1.33,-2.34,-3.547,-0.516,-3.96,-6.001,-1.36,-1.62,-2.454,-2.832,-0.246,-0.262,-0.914,-0.403,-0.431,-1.328,0.201,0.378,0.333,0.239,0.419,0.372,-0.174,-0.191,-0.414,0.426,0.96,0.595,0.471,0.964,0.619,0.559,1.151,0.81,0.608,1.138,0.822,0.049,0.045,0.038,-4.433,-7.265,0.463,-0.896,0.534,0.017,-3.841,-6.296,0.345,-0.984,0.426,-0.071,2.045,-3.956,1.758,-5.013,2.766,2.786,3.665,0.118,3.377,-0.561,4.305,4.335,-3.577,-6.41,1.319,-0.041,1.389,0.873,0.523,-0.69,0.646,0.224,2.664,-3.512,4.192,4.287,5.119,1.775,6.524,6.671,1.522,0.193,1.603,1.106,0.811,-0.402,0.933,0.511,4.872,4.947,7.582,7.699,0.198,0.217,0.006,0.1,-0.024,0.051,-0.204,29.374,-0.272,37.103,0.485,-163.534,0.626,-290.691,-0.072,7.729,0.627,-192.908,0.736,-320.065,0.669,-200.637,0.767,-327.794,0.203,-127.157,0.591,0.117,0.078,0.646,0.148,0.098,-2.847,-3.289,-0.433,-5.06,-5.846,-1.161,0.089,0.031,0.02,-2.222,-3.88,-0.511,-3.686,-6.437,-1.278,-2.311,-3.492,-0.531,-3.775,-5.706,-1.309,-1.465,-2.213,-2.557,-0.244,-0.259,-0.886,-0.402,-0.429,-1.294,0.201,0.375,0.331,0.236,0.414,0.368,-0.174,-0.191,-0.407,0.424,0.947,0.589,0.467,0.951,0.612,0.557,1.138,0.804,0.604,1.126,0.816,0.047,0.043,0.036,-4.374,-6.931,0.463,-0.846,0.53,-0.001,-3.785,-5.999,0.343,-0.935,0.42,-0.091,2.018,-3.688,1.728,-4.709,2.731,2.752,3.483,-0.01,3.193,-0.687,4.119,4.149,-3.524,-6.081,1.313,0.003,1.38,0.848,0.519,-0.642,0.635,0.202,2.612,-3.235,4.128,4.226,4.825,1.536,6.224,6.373,1.517,0.238,1.594,1.083,0.809,-0.352,0.925,0.492,4.805,4.883,7.246,7.363,0.195,0.215,-0.001,0.098,-0.031,0.046
2023-11-16,CTD7,4176724,690397,0.023387063,0.036632996,0.04370409,0.0065496424,0.0039926115,0.0010585266,0.00095532625,0.00038597095,0.023760844,0.03642982,0.044347726,0.0064744623,0.004180146,0.0010504167,0.04243444,-8.000000000000001e-45,0.511,-0.221,15.461,-0.303,19.878,0.562,-109.921,0.708,-207.704,-0.088,4.417,0.697,-125.382,0.803,-223.165,0.739,-129.799,0.833,-227.581,0.243,-97.783,0.676,0.101,0.062,0.728,0.13,0.079,-4.027,-4.804,-0.439,-7.609,-9.078,-1.36,0.103,0.029,0.018,-2.932,-5.48,-0.501,-5.219,-9.753,-1.462,-3.036,-4.755,-0.518,-5.322,-8.337,-1.491,-2.287,-3.582,-4.273,-0.264,-0.278,-1.256,-0.47,-0.5,-1.927,0.21,0.414,0.353,0.241,0.449,0.386,-0.236,-0.258,-0.671,0.448,1.099,0.631,0.487,1.09,0.65,0.619,1.357,0.915,0.662,1.327,0.92,0.043,0.038,0.032,-6.034,-10.308,0.489,-1.002,0.547,0.029,-5.058,-8.64,0.356,-1.105,0.426,-0.074,2.733,-5.604,2.378,-7.376,3.462,3.479,5.019,0.264,4.665,-0.815,5.679,5.708,-5.106,-9.38,1.417,-0.074,1.475,0.957,0.558,-0.802,0.667,0.229,3.724,-5.353,5.422,5.502,7.306,2.502,8.895,9.025,1.69,0.228,1.76,1.259,0.913,-0.447,1.022,0.583,6.502,6.564,10.666,10.767,0.171,0.189,0.008,0.087,-0.021,0.041,-0.21,14.636,-0.302,19.537,0.572,-112.367,0.701,-197.14,-0.098,4.901,0.698,-127.003,0.794,-211.776,0.745,-131.904,0.828,-216.677,0.215,-84.773,0.649,0.095,0.061,0.712,0.126,0.082,-4.094,-4.983,-0.47,-7.182,-8.743,-1.276,0.116,0.032,0.02,-3.018,-5.632,-0.531,-5.032,-9.392,-1.371,-3.134,-4.805,-0.551,-5.148,-7.894,-1.403,-2.014,-3.088,-3.759,-0.249,-0.261,-1.189,-0.48,-0.507,-1.932,0.214,0.426,0.356,0.242,0.456,0.385,-0.262,-0.283,-0.743,0.44,1.072,0.617,0.474,1.067,0.635,0.629,1.355,0.933,0.667,1.328,0.936,0.038,0.034,0.028,-6.197,-9.957,0.506,-0.897,0.558,0.007,-5.091,-8.179,0.358,-1.013,0.421,-0.11,2.848,-5.045,2.453,-6.939,3.555,3.576,4.863,0.058,4.467,-1.165,5.506,5.538,-5.316,-9.076,1.387,-0.016,1.439,0.888,0.549,-0.727,0.646,0.176,3.76,-4.982,5.451,5.532,6.849,1.865,8.442,8.569,1.689,0.318,1.752,1.221,0.945,-0.332,1.041,0.572,6.674,6.735,10.337,10.431,0.158,0.178,0.002,0.083,-0.03,0.031
2023-11-16,CTD8,4174178,693048,0.028733086,0.043705408,0.049557835,0.011291591,0.0065361625,0.0018400077,0.0016891928,0.0006941324,0.028820824,0.04321355,0.050298613,0.011186783,0.0071230726,0.0016784816,0.00012220119,-8.000000000000001e-45,0.568,-0.207,11.923,-0.266,14.625,0.436,-53.758,0.629,-118.192,-0.063,2.702,0.589,-65.681,0.74,-130.115,0.629,-68.383,0.767,-132.817,0.267,-64.433,0.591,0.135,0.078,0.639,0.165,0.096,-2.35,-2.664,-0.351,-5.166,-5.857,-1.335,0.078,0.031,0.018,-1.887,-3.255,-0.429,-3.739,-6.448,-1.469,-1.965,-2.989,-0.447,-3.816,-5.805,-1.5,-1.851,-2.816,-3.193,-0.246,-0.267,-0.84,-0.379,-0.414,-1.168,0.187,0.347,0.311,0.238,0.404,0.365,-0.146,-0.166,-0.328,0.414,0.919,0.578,0.475,0.929,0.611,0.528,1.085,0.762,0.594,1.075,0.782,0.066,0.061,0.051,-3.731,-6.925,0.43,-1.07,0.526,0.079,-3.291,-6.107,0.321,-1.148,0.43,0.001,1.663,-4.142,1.411,-5.037,2.395,2.413,3.514,0.525,3.262,0.007,4.138,4.168,-2.868,-6.061,1.293,-0.206,1.389,0.942,0.489,-0.846,0.654,0.303,2.146,-3.711,3.643,3.739,4.962,2.298,6.294,6.459,1.466,-0.003,1.575,1.146,0.741,-0.594,0.906,0.555,4.161,4.239,7.189,7.324,0.243,0.261,0.031,0.126,0.0,0.078,-0.2,11.556,-0.271,14.816,0.441,-54.694,0.604,-105.692,-0.076,3.26,0.589,-66.25,0.717,-117.248,0.636,-69.51,0.752,-120.508,0.222,-50.998,0.581,0.129,0.082,0.64,0.166,0.106,-2.364,-2.751,-0.39,-4.567,-5.316,-1.182,0.094,0.036,0.023,-1.909,-3.332,-0.472,-3.379,-5.897,-1.312,-2.003,-3.004,-0.495,-3.473,-5.208,-1.348,-1.47,-2.204,-2.565,-0.234,-0.251,-0.786,-0.395,-0.427,-1.173,0.189,0.35,0.307,0.232,0.399,0.353,-0.177,-0.197,-0.387,0.405,0.891,0.558,0.456,0.902,0.587,0.543,1.088,0.777,0.599,1.079,0.794,0.056,0.051,0.043,-3.829,-6.394,0.445,-0.904,0.525,0.03,-3.29,-5.494,0.314,-0.998,0.408,-0.064,1.717,-3.49,1.412,-4.485,2.411,2.435,3.187,0.183,2.882,-0.45,3.787,3.824,-2.997,-5.562,1.277,-0.071,1.358,0.863,0.471,-0.711,0.612,0.222,2.118,-3.198,3.616,3.721,4.321,1.57,5.679,5.844,1.486,0.175,1.58,1.108,0.776,-0.407,0.917,0.527,4.249,4.331,6.673,6.802,0.223,0.247,0.012,0.117,-0.025,0.058
2023-11-16,CTD10,4170388,695646,0.01123678,0.015165494,0.023100168,0.0064372867,0.006209711,0.0014912875,0.0014947308,0.00056754885,0.011209127,0.0148693435,0.023321312,0.006630173,0.005403653,0.0016038297,0.51028025,-8.000000000000001e-45,0.526,-0.149,23.054,-0.345,45.704,0.272,-66.351,0.288,-72.045,-0.207,22.649,0.404,-89.406,0.419,-95.099,0.564,-112.055,0.576,-117.748,0.018,-5.693,0.533,0.148,0.143,0.693,0.294,0.284,-1.006,-1.533,-0.412,-1.093,-1.664,-0.464,0.255,0.146,0.141,-1.005,-2.065,-0.555,-1.069,-2.197,-0.612,-1.259,-1.699,-0.696,-1.323,-1.786,-0.758,-0.064,-0.086,-0.132,-0.133,-0.134,-0.311,-0.549,-0.555,-0.938,0.125,0.225,0.164,0.131,0.233,0.17,-0.449,-0.455,-0.627,0.254,0.5,0.298,0.261,0.507,0.303,0.631,0.955,0.78,0.64,0.956,0.782,0.009,0.007,0.006,-2.848,-2.979,0.462,-0.296,0.472,-0.224,-1.869,-1.956,0.062,-0.55,0.077,-0.478,1.089,-0.697,0.222,-1.974,1.336,1.477,1.153,-0.546,0.286,-1.779,1.385,1.531,-2.239,-2.37,1.071,0.313,1.081,0.385,0.084,-0.38,0.104,-0.308,0.3,-1.364,1.803,2.087,0.386,-1.146,1.869,2.164,1.631,1.019,1.646,1.091,0.95,0.487,0.971,0.559,3.036,3.179,3.147,3.296,0.163,0.304,-0.128,0.156,-0.274,-0.131,-0.14,21.961,-0.351,46.334,0.257,-61.613,0.349,-95.847,-0.221,24.373,0.383,-83.573,0.467,-117.808,0.557,-107.946,0.624,-142.181,0.102,-34.234,0.512,0.146,0.119,0.689,0.307,0.25,-0.916,-1.437,-0.333,-1.425,-2.235,-0.635,0.273,0.162,0.132,-0.937,-1.949,-0.452,-1.321,-2.747,-0.781,-1.21,-1.605,-0.583,-1.594,-2.114,-0.943,-0.384,-0.509,-0.798,-0.122,-0.127,-0.304,-0.563,-0.597,-1.007,0.12,0.226,0.159,0.152,0.27,0.194,-0.474,-0.509,-0.702,0.239,0.496,0.287,0.274,0.531,0.316,0.64,1.005,0.823,0.687,1.004,0.833,0.047,0.036,0.032,-2.764,-3.562,0.47,-0.473,0.522,-0.061,-1.762,-2.271,0.035,-0.746,0.117,-0.334,1.053,-1.061,0.122,-2.625,1.327,1.459,1.437,-0.168,0.506,-1.443,1.628,1.79,-2.191,-2.989,1.042,0.1,1.095,0.512,0.046,-0.589,0.156,-0.177,0.162,-2.073,1.761,2.011,0.671,-0.766,2.16,2.467,1.635,0.854,1.717,1.266,0.977,0.341,1.086,0.753,3.035,3.154,3.724,3.87,0.228,0.36,-0.036,0.214,-0.198,-0.079
2023-11-16,CTD11,4169609,700351,0.018683244,0.026813665,0.028907621,0.00601504,0.0038084453,0.0010029011,0.00096266746,0.00038062557,0.018714419,0.0267902,0.029122844,0.0060828337,0.0039862464,0.0009817983,0.040424272,-8.000000000000001e-45,0.447,-0.179,16.229,-0.215,18.931,0.513,-112.726,0.661,-209.05,-0.038,2.701,0.634,-128.956,0.751,-225.28,0.656,-131.657,0.767,-227.981,0.225,-96.324,0.469,0.098,0.062,0.508,0.114,0.072,-3.023,-3.259,-0.429,-5.605,-6.043,-1.257,0.05,0.016,0.01,-2.409,-3.728,-0.491,-4.209,-6.512,-1.355,-2.46,-3.53,-0.501,-4.259,-6.113,-1.371,-1.8,-2.583,-2.785,-0.233,-0.249,-0.828,-0.311,-0.334,-1.041,0.227,0.414,0.387,0.267,0.453,0.426,-0.085,-0.093,-0.213,0.437,0.925,0.636,0.483,0.931,0.659,0.503,1.018,0.748,0.552,1.016,0.765,0.048,0.046,0.04,-4.109,-6.894,0.489,-0.883,0.565,0.064,-3.811,-6.394,0.422,-0.933,0.504,0.013,2.179,-3.934,2.028,-4.484,2.964,2.974,3.978,0.448,3.828,0.1,4.681,4.698,-3.371,-6.155,1.227,-0.144,1.303,0.802,0.606,-0.652,0.724,0.294,2.911,-3.133,4.254,4.326,5.493,2.235,6.719,6.833,1.323,-0.032,1.405,0.914,0.756,-0.501,0.874,0.445,4.602,4.664,7.268,7.366,0.18,0.19,0.02,0.093,0.004,0.066,-0.177,16.108,-0.218,19.097,0.509,-110.962,0.649,-197.428,-0.042,2.99,0.63,-127.07,0.741,-213.535,0.654,-130.06,0.759,-216.525,0.208,-86.466,0.469,0.098,0.064,0.512,0.116,0.076,-2.973,-3.232,-0.442,-5.289,-5.75,-1.201,0.056,0.018,0.012,-2.378,-3.701,-0.507,-3.996,-6.219,-1.299,-2.434,-3.484,-0.518,-4.052,-5.801,-1.317,-1.618,-2.316,-2.518,-0.229,-0.244,-0.802,-0.317,-0.338,-1.034,0.226,0.41,0.382,0.263,0.448,0.418,-0.094,-0.103,-0.232,0.433,0.912,0.625,0.477,0.92,0.648,0.506,1.015,0.749,0.552,1.014,0.765,0.046,0.044,0.037,-4.089,-6.607,0.49,-0.827,0.562,0.043,-3.762,-6.078,0.416,-0.883,0.494,-0.013,2.157,-3.644,1.99,-4.229,2.928,2.94,3.775,0.291,3.608,-0.093,4.468,4.486,-3.356,-5.874,1.223,-0.094,1.295,0.776,0.595,-0.606,0.707,0.265,2.848,-2.902,4.191,4.267,5.164,1.933,6.396,6.512,1.329,0.03,1.407,0.901,0.762,-0.439,0.874,0.432,4.575,4.639,6.981,7.079,0.176,0.188,0.014,0.09,-0.004,0.06
2023-11-16,CTD12,4173438,695414,0.0051044733,0.0074499096,0.010163135,0.0019415308,0.0014791082,0.00034551873,0.00034228776,0.0001318537,0.0050998745,0.0073544136,0.0101979105,0.0019665333,0.0013935635,0.00036278088,0.23950401,-2.878e-42,0.612,-0.187,61.677,-0.331,97.512,0.449,-319.151,0.551,-480.176,-0.154,35.835,0.587,-380.828,0.669,-541.853,0.679,-416.663,0.746,-577.688,0.135,-161.026,0.627,0.12,0.091,0.726,0.189,0.144,-2.378,-3.244,-0.472,-3.577,-4.88,-0.932,0.183,0.07,0.053,-1.944,-3.87,-0.563,-2.766,-5.507,-1.052,-2.127,-3.104,-0.616,-2.949,-4.304,-1.122,-0.822,-1.2,-1.637,-0.194,-0.201,-0.686,-0.539,-0.567,-1.479,0.18,0.354,0.272,0.206,0.386,0.3,-0.385,-0.412,-0.793,0.361,0.837,0.473,0.391,0.847,0.493,0.655,1.249,0.921,0.692,1.232,0.925,0.037,0.03,0.026,-4.549,-6.186,0.494,-0.627,0.54,-0.077,-3.335,-4.535,0.242,-0.81,0.304,-0.26,1.896,-2.408,1.265,-4.242,2.431,2.484,2.718,-0.386,2.087,-1.784,3.19,3.26,-3.775,-5.412,1.268,0.147,1.314,0.698,0.353,-0.58,0.443,-0.029,1.846,-3.034,3.547,3.692,3.046,-0.198,4.656,4.846,1.73,0.678,1.792,1.229,0.984,0.052,1.074,0.602,4.945,5.036,6.491,6.611,0.182,0.235,-0.029,0.115,-0.099,-0.008,-0.181,60.11,-0.333,98.024,0.443,-312.426,0.571,-521.502,-0.162,37.913,0.578,-372.536,0.681,-581.612,0.677,-410.45,0.76,-619.526,0.171,-209.076,0.613,0.118,0.084,0.721,0.193,0.137,-2.298,-3.186,-0.435,-3.835,-5.318,-1.026,0.193,0.075,0.053,-1.9,-3.799,-0.519,-2.966,-5.931,-1.144,-2.093,-3.019,-0.572,-3.16,-4.556,-1.218,-1.066,-1.538,-2.132,-0.185,-0.194,-0.671,-0.547,-0.583,-1.517,0.179,0.358,0.27,0.211,0.398,0.305,-0.402,-0.438,-0.846,0.352,0.83,0.465,0.39,0.844,0.49,0.661,1.268,0.941,0.707,1.246,0.945,0.046,0.037,0.033,-4.492,-6.624,0.501,-0.718,0.557,-0.015,-3.24,-4.777,0.233,-0.911,0.311,-0.209,1.872,-2.684,1.207,-4.725,2.404,2.457,2.938,-0.08,2.273,-1.526,3.392,3.467,-3.744,-5.876,1.249,0.031,1.305,0.733,0.336,-0.69,0.448,0.013,1.74,-3.578,3.467,3.603,3.278,0.092,4.892,5.085,1.732,0.588,1.81,1.291,1.001,-0.025,1.113,0.678,4.912,4.996,6.932,7.05,0.196,0.249,-0.006,0.131,-0.08,0.003
