Date,Buoy,Latitude,Longitude,rhow_B1,rhow_B2,rhow_B3,rhow_B4,rhow_B5,rhow_B6,rhow_B7,rhow_B8,rhown_B1,rhown_B2,rhown_B3,rhown_B4,rhown_B5,rhown_B6,Band_15,Band_16,Chl
2017-06-30,CTD1,4187246,695025,0.02158139,0.031057151,0.040540386,0.013503382,0.008994658,0.002264856,0.0023093906,0.0009084723,0.02141006,0.03133096,0.040614318,0.013767546,0.0091628535,0.0021083734,0.048426922,-8.000000000000001e-45,0.549
2017-06-30,CTD2,4181518,693105,0.01695089,0.02608586,0.03331257,0.009087546,0.0054554567,0.0013888649,0.0014738508,0.00059299695,0.016996935,0.02607347,0.033436257,0.009416215,0.0058396608,0.0013155221,0.03596938,-8.000000000000001e-45,0.441
2017-06-30,CTD3,4181698,695238,0.015549968,0.022176959,0.02615011,0.008063945,0.0050501637,0.0013646426,0.0014221406,0.0005816775,0.015600185,0.022219384,0.025950013,0.008171195,0.005452816,0.0012957024,0.023880538,-8.000000000000001e-45,0.617
2017-06-30,CTD4,4180266,698264,0.01570992,0.023111118,0.029726632,0.009107319,0.005914037,0.0015122499,0.0015600179,0.0006284512,0.01558444,0.022823632,0.029585965,0.009280165,0.0063491915,0.0014467842,0.018710561,-8.000000000000001e-45,0.629
2017-06-30,CTD6,4176009,695829,0.014794361,0.022191862,0.03190806,0.009950739,0.006775112,0.001796152,0.001779958,0.0007124407,0.014670177,0.022225037,0.031866826,0.010153654,0.0071006725,0.0017076083,0.08791523,-8.000000000000001e-45,0.269
2017-06-30,CTD7,4176724,690397,0.020480853,0.03314094,0.0471989,0.015509905,0.009543016,0.0023725622,0.0024287016,0.0009818252,0.020570023,0.033118825,0.047391213,0.015793951,0.010194175,0.0021842886,0.029420972,-8.000000000000001e-45,0.967
2017-06-30,CTD8,4174178,693048,0.01760989,0.027224928,0.035760056,0.010702281,0.0070042065,0.0017662805,0.0017978016,0.00072261924,0.01759801,0.027127221,0.035740558,0.011040693,0.0071230726,0.0016850617,0.054047864,-8.000000000000001e-45,0.447
2017-06-30,CTD10,4170388,695646,0.016556958,0.02374627,0.027862862,0.0087931175,0.005467957,0.0015270527,0.0015540157,0.0006338689,0.016563782,0.023855725,0.027594678,0.008858638,0.005958217,0.0014422013,0.0009352733,-8.000000000000001e-45,0.4
2017-06-30,CTD11,4169609,700351,0.012190679,0.0168688,0.024641193,0.008989353,0.007728952,0.0020370733,0.0020003056,0.0007874834,0.012159949,0.01676128,0.024652187,0.00909835,0.0072359745,0.002057472,0.3273246,-2e-44,0.536
2017-06-30,CTD12,4173438,695414,0.017960876,0.026733864,0.03554459,0.012603009,0.008218306,0.0021994603,0.0022146865,0.000891272,0.017811181,0.027120842,0.035384934,0.012759404,0.008705904,0.0020433504,0.0036170033,-8.000000000000001e-45,0.383
2018-01-31,CTD1,4187246,695025,0.006464286,0.009604063,0.01727083,0.0061386074,0.0060124393,0.0014261025,0.0014725957,0.0005759795,0.006487355,0.009444862,0.017487518,0.006397845,0.0052413587,0.0015443406,0.53232837,-2e-44,2.008
2018-01-31,CTD2,4181518,693105,0.006775408,0.011039578,0.018363766,0.004368835,0.003643116,0.0008290949,0.00084761786,0.00032746218,0.0067795804,0.010844769,0.018561678,0.0045850957,0.003442682,0.0008633331,0.32960263,-2.8899999999999995e-42,1.522
2018-01-31,CTD3,4181698,695238,0.007839056,0.011865844,0.020050492,0.0055613425,0.0049367086,0.0011278079,0.0011263632,0.0004372555,0.007847597,0.011701438,0.020150034,0.0058098584,0.0044759833,0.0012133318,0.36595428,-2e-44,0.864
2018-01-31,CTD4,4180266,698264,0.007810728,0.0119419405,0.02064371,0.0062650046,0.00566353,0.0013170538,0.0013257645,0.0005246236,0.007821957,0.011704934,0.020810649,0.006511973,0.005137482,0.0013910052,0.4229414,-2e-44,0.904
2018-01-31,CTD6,4176009,695829,0.010491038,0.016245876,0.02825627,0.009828499,0.008577558,0.0021083201,0.002085292,0.0008122402,0.010439224,0.01603053,0.028472094,0.010111664,0.007826067,0.0021245033,0.3956538,-2e-44,1.027
2018-01-31,CTD7,4176724,690397,0.011317049,0.018118732,0.030954659,0.009230255,0.0070449845,0.0016669853,0.00167902,0.0006530934,0.011277803,0.018000845,0.031214995,0.009547756,0.0068341075,0.0016784816,0.25622702,-2e-44,0.402
2018-01-31,CTD8,4174178,693048,0.011771367,0.018965585,0.033645216,0.01244751,0.010255678,0.0025331874,0.002536438,0.0009971453,0.011696574,0.018715197,0.033825364,0.012755534,0.009718982,0.002565615,0.3471501,-2e-44,1.245
2018-01-31,CTD10,4170388,695646,0.016472515,0.027623644,0.051731277,0.026009953,0.021906814,0.005799989,0.0058139865,0.002282029,0.016303204,0.027737286,0.052479718,0.02612993,0.021423675,0.005903831,0.356645,-2e-44,1.838
2018-01-31,CTD11,4169609,700351,0.007998233,0.013235851,0.024519894,0.009263779,0.007923474,0.0019497233,0.0020276243,0.00077845633,0.007974512,0.013062918,0.024757057,0.0096063595,0.007276481,0.0020293137,0.36386687,-2e-44,1.839
2018-01-31,CTD12,4173438,695414,0.007670795,0.011347285,0.020392222,0.00654039,0.0060587986,0.0014213128,0.0014428253,0.000557266,0.0076719006,0.01110637,0.020597026,0.006835289,0.005419342,0.0015153568,0.5071966,-2e-44,1.432
2018-02-20,CTD1,4187246,695025,0.0016746201,0.0020992814,0.0040879156,0.0017565681,0.00413115,0.0007521901,0.00069373363,0.00026503255,0.001692283,0.0020762954,0.0041788933,0.002283465,0.0026310277,0.0009954076,3.2164397,-2.8899999999999995e-42,1.596
2018-02-20,CTD2,4181518,693105,0.0033473335,0.004969699,0.008777444,0.002259027,0.0027951426,0.0005247589,0.0005200171,0.00019988183,0.0033689614,0.0048213853,0.00896871,0.002487936,0.0020898406,0.00063708035,1.3299316,-2.8899999999999995e-42,1.57
2018-02-20,CTD3,4181698,695238,0.0071292217,0.011691575,0.020493815,0.005107221,0.0041296156,0.0009118816,0.0009086155,0.00035133102,0.0071219685,0.011541574,0.020680958,0.005352626,0.0038150188,0.0009644539,0.28784782,-2e-44,1.049
2018-02-20,CTD4,4180266,698264,0.009226807,0.014556261,0.023561893,0.006771273,0.0049987617,0.0011375246,0.0011296209,0.000442573,0.00922038,0.014408589,0.023753434,0.007043653,0.004763024,0.0011863534,0.23653574,-8.000000000000001e-45,0.653
2018-02-20,CTD6,4176009,695829,0.009010465,0.014331221,0.02377253,0.0065288446,0.0050847502,0.0011822043,0.001174907,0.0004609735,0.009011397,0.014211067,0.023920804,0.006800715,0.0048993146,0.0012167447,0.2544173,-8.000000000000001e-45,2.642
2018-02-20,CTD7,4176724,690397,0.008779136,0.014433513,0.025439363,0.0068656295,0.006152658,0.0013397723,0.0013190847,0.0005145276,0.0087524485,0.014162022,0.025693908,0.0072308592,0.005462697,0.0014635099,0.33017436,-8.000000000000001e-45,0.811
2018-02-20,CTD8,4174178,693048,0.009946962,0.016607821,0.027853772,0.006496637,0.00496481,0.0010876665,0.0010695136,0.00041457172,0.009930384,0.016443156,0.028014174,0.006828361,0.0046953233,0.0011400437,0.23950401,-8.000000000000001e-45,0.897
2018-02-20,CTD10,4170388,695646,0.012236365,0.019074917,0.03167238,0.009785728,0.0080538485,0.001982966,0.0019690741,0.00077273796,0.012140099,0.01886146,0.031903334,0.01003772,0.0075837895,0.002001493,0.30460754,-8.000000000000001e-45,1.855
2018-02-20,CTD11,4169609,700351,0.0102082575,0.017052742,0.028320793,0.009557389,0.006971761,0.0016691245,0.0016761258,0.00065546704,0.010170741,0.016994642,0.02842186,0.009865843,0.006870276,0.0016791385,0.19722107,-8.000000000000001e-45,1.797
2018-02-20,CTD12,4173438,695414,0.008602747,0.013929389,0.024159376,0.0068583204,0.0057508857,0.0012550866,0.0012516966,0.0004917405,0.008592491,0.013782438,0.024317529,0.0071559385,0.005209051,0.0013597998,0.32243776,-8.000000000000001e-45,2.025
2018-03-07,CTD1,4187246,695025,0.02428848,0.035961043,0.053121563,0.019116733,0.013948325,0.0035857386,0.003577011,0.0014062865,0.024030846,0.036149994,0.053641535,0.019235278,0.01378985,0.0034142516,0.15261713,-8.000000000000001e-45,1.126
2018-03-07,CTD2,4181518,693105,0.0131252995,0.020127421,0.03211428,0.009334594,0.007868263,0.001832092,0.0018396595,0.0007033819,0.013046584,0.019928806,0.032353055,0.009634223,0.007143034,0.0018920704,0.32506087,-8.000000000000001e-45,1.285
2018-03-07,CTD3,4181698,695238,0.01690475,0.025393022,0.039898857,0.01376713,0.010927116,0.0027136344,0.0027111045,0.0010680303,0.01671562,0.025269987,0.040150654,0.013965313,0.010251057,0.002742571,0.356645,-8.000000000000001e-45,0.197
2018-03-07,CTD4,4180266,698264,0.016556958,0.026120517,0.04157719,0.012456603,0.0093992,0.0022520074,0.0022362464,0.00087157765,0.016445383,0.025998682,0.041728377,0.012743926,0.008916999,0.0022651183,0.22648057,-8.000000000000001e-45,0.909
2018-03-07,CTD6,4176009,695829,0.009439295,0.014709942,0.024270996,0.006795331,0.005426408,0.0012426799,0.0012438727,0.00048130273,0.009430571,0.014608256,0.024465809,0.0071127503,0.0050594136,0.0012936324,0.28852195,-8.000000000000001e-45,1.355
2018-03-07,CTD7,4176724,690397,0.010266927,0.016400818,0.026581934,0.0065357694,0.004987417,0.0011232141,0.0011198795,0.0004261059,0.0102635035,0.016251735,0.02679436,0.0068676984,0.004792813,0.0011590105,0.23808628,-8.000000000000001e-45,0.835
2018-03-07,CTD8,4174178,693048,0.010644523,0.017766347,0.027735867,0.006680701,0.0047003054,0.0010960968,0.001089433,0.00041867493,0.01063821,0.017752603,0.027989361,0.0070460257,0.004799847,0.0011074492,0.2039711,-8.000000000000001e-45,0.963
2018-03-07,CTD10,4170388,695646,0.012050579,0.018241823,0.028524466,0.007600212,0.006100846,0.0013947026,0.0014083344,0.00054792146,0.012005098,0.01797151,0.02876649,0.007947124,0.0058082594,0.0014433458,0.3178014,-8.000000000000001e-45,0.997
2018-03-07,CTD11,4169609,700351,0.01136704,0.018260358,0.029601488,0.00822814,0.0063352524,0.0014731314,0.0014769937,0.00058272027,0.011321673,0.018187428,0.0297156,0.008570694,0.0060723666,0.0014992729,0.22540309,-8.000000000000001e-45,0.534
2018-03-07,CTD12,4173438,695414,0.010215141,0.01577371,0.025000283,0.00704864,0.0058017657,0.0013347479,0.0013347297,0.00051840214,0.010199658,0.015559795,0.025202964,0.0072966735,0.005389958,0.0014093736,0.2986343,-8.000000000000001e-45,1.029
2018-05-11,CTD1,4187246,695025,0.019987836,0.027351225,0.03511705,0.012031931,0.00866815,0.0022372785,0.0022176134,0.00088465464,0.019770622,0.027485916,0.03519826,0.012140157,0.00851044,0.0021562646,0.10663175,-8.000000000000001e-45,1.168
2018-05-11,CTD2,4181518,693105,0.015822856,0.022273988,0.026932161,0.0064033186,0.004243316,0.001037783,0.0010586272,0.0004208343,0.01584556,0.022230688,0.027059084,0.006574181,0.0042692996,0.0010559481,0.10617067,-8.000000000000001e-45,1.068
2018-05-11,CTD3,4181698,695238,0.0156778,0.022162067,0.025364295,0.0059522158,0.003955869,0.0009705302,0.0009878799,0.00038925308,0.01575028,0.022117814,0.025401497,0.006099495,0.0039921757,0.00097190676,0.085647725,-8.000000000000001e-45,0.988
2018-05-11,CTD4,4180266,698264,0.01686448,0.023532767,0.028552342,0.0069515337,0.004579888,0.001132423,0.0011408719,0.00045520507,0.016860047,0.023479223,0.02863162,0.007119932,0.004623402,0.0011119226,0.09728524,-8.000000000000001e-45,0.174
2018-05-11,CTD6,4176009,695829,0.018721359,0.02608586,0.030814875,0.007872083,0.005088609,0.0013269741,0.001347736,0.0005349433,0.018758504,0.026142139,0.030875009,0.008031854,0.005320019,0.0012654825,0.08072864,-8.000000000000001e-45,0.858
2018-05-11,CTD7,4176724,690397,0.025610613,0.036342066,0.04280822,0.010942917,0.0067594233,0.0017088787,0.001747867,0.00069540023,0.02566838,0.036061812,0.04305327,0.011256885,0.0070634717,0.0015981654,0.049681287,-8.000000000000001e-45,1.086
2018-05-11,CTD8,4174178,693048,0.019433478,0.027999908,0.032425836,0.007354173,0.004895806,0.0011860981,0.0012015624,0.00047091066,0.019539606,0.027853733,0.03286339,0.0076107867,0.0049407086,0.0011778029,0.10571152,-8.000000000000001e-45,0.662
2018-05-11,CTD10,4170388,695646,0.019453257,0.02733315,0.035240345,0.009767964,0.0065084896,0.001598052,0.0015965698,0.00063847133,0.019440418,0.027280623,0.035434175,0.009996121,0.006451502,0.0015887652,0.10590806,-8.000000000000001e-45,0.826
2018-05-11,CTD11,4169609,700351,0.019113116,0.027108125,0.034649752,0.009220223,0.0062552746,0.001568425,0.0015613552,0.00061360764,0.019149022,0.027095325,0.03487571,0.009507828,0.006326648,0.0015231571,0.12998661,-8.000000000000001e-45,0.974
2018-05-11,CTD12,4173438,695414,0.02031525,0.028185122,0.032877102,0.008037885,0.0053382227,0.0013264208,0.0013336054,0.0005299898,0.020357018,0.028126491,0.033134837,0.008301649,0.0054252357,0.0012931154,0.109507,-8.000000000000001e-45,0.679
2018-05-16,CTD1,4187246,695025,0.023316609,0.03314094,0.04420545,0.015064626,0.010339841,0.0026045013,0.0026386091,0.0010338873,0.02324971,0.033281755,0.04430189,0.015310545,0.010457202,0.002445427,0.07810626,-8.000000000000001e-45,1.205
2018-05-16,CTD2,4181518,693105,0.013889506,0.020944355,0.026521081,0.0066996575,0.0045218025,0.0011149992,0.0011493936,0.0004510794,0.013934669,0.020868395,0.026547536,0.0069282497,0.0046081226,0.001105219,0.11336429,-8.000000000000001e-45,0.855
2018-05-16,CTD3,4181698,695238,0.013594289,0.020181827,0.026477695,0.007301834,0.005289676,0.0012942284,0.0013190847,0.00052578497,0.0135873975,0.020118602,0.026294636,0.0075022886,0.0051958,0.0013202576,0.1351983,-8.000000000000001e-45,0.856
2018-05-16,CTD4,4180266,698264,0.013762197,0.020168213,0.025289435,0.006673607,0.0044528353,0.0010850198,0.0011380473,0.00044951896,0.013763887,0.020071037,0.025324991,0.0068676984,0.004510764,0.00109325,0.1253533,-8.000000000000001e-45,0.663
2018-05-16,CTD6,4176009,695829,0.014337196,0.02072672,0.024215125,0.0062232832,0.00424648,0.0010419781,0.0011002296,0.0004312679,0.014392261,0.020646889,0.024214165,0.0063782763,0.0042708796,0.0010323188,0.094370395,-8.000000000000001e-45,0.278
2018-05-16,CTD7,4176724,690397,0.024345351,0.038057,0.053676262,0.016055241,0.010144512,0.0025076647,0.0024841574,0.00099108,0.024433346,0.037939142,0.053885914,0.016394554,0.010701169,0.0022788371,0.0571714,-8.000000000000001e-45,1.121
2018-05-16,CTD8,4174178,693048,0.017066779,0.026163898,0.03360213,0.007486805,0.005135163,0.0011773575,0.0012371364,0.00048109237,0.01715541,0.025967557,0.033968534,0.007790327,0.005013455,0.0011873071,0.14506948,-8.000000000000001e-45,0.457
2018-05-16,CTD10,4170388,695646,0.014200897,0.022072913,0.028293123,0.007715472,0.00514492,0.0012629117,0.0013102365,0.00051794463,0.014250951,0.02212345,0.028405132,0.008002641,0.0053393645,0.0012710661,0.09057875,-8.000000000000001e-45,0.248
2018-05-16,CTD11,4169609,700351,0.015603105,0.022972144,0.033173945,0.010379758,0.007991494,0.0019320725,0.0018703176,0.00074790773,0.015486268,0.022806387,0.03334185,0.010671983,0.007655011,0.0019207707,0.23221622,-8.000000000000001e-45,0.575
2018-05-16,CTD12,4173438,695414,0.018268878,0.026504535,0.03426452,0.008441449,0.0059049707,0.0013842144,0.0014508219,0.0005688173,0.018255165,0.026273523,0.034381386,0.008689459,0.005727314,0.0013910052,0.112041056,-8.000000000000001e-45,0.175
2018-06-20,CTD1,4187246,695025,0.013561883,0.019924644,0.025281131,0.008237036,0.005261577,0.0014527685,0.0014588676,0.0006072874,0.013601745,0.0200816,0.025149725,0.00829071,0.0056943954,0.0013910052,0.000909156,-8.000000000000001e-45,0.713
2018-06-20,CTD2,4181518,693105,0.01656825,0.02381784,0.027251022,0.006633566,0.004160425,0.0010736355,0.0011310204,0.0004483527,0.016645748,0.023802554,0.027390836,0.006849162,0.0044039125,0.0010344076,0.07315678,-8.000000000000001e-45,0.368
2018-06-20,CTD3,4181698,695238,0.015245298,0.021465475,0.023515327,0.0064714537,0.004109726,0.0010641097,0.0010925696,0.00044777084,0.015236805,0.021442905,0.023299877,0.006549679,0.0042629857,0.0010377583,0.016057288,-8.000000000000001e-45,0.437
2018-06-20,CTD4,4180266,698264,0.01865154,0.025015447,0.028422462,0.008447543,0.005188089,0.0014243042,0.0014776231,0.0005951298,0.018674793,0.024855658,0.028338289,0.008627077,0.005700555,0.0013404272,0.015961794,-8.000000000000001e-45,0.239
2018-06-20,CTD6,4176009,695829,0.016985577,0.02395357,0.027555374,0.0072215046,0.0046387953,0.0012023145,0.0012485605,0.0005002316,0.017005252,0.024027558,0.02771755,0.0074100113,0.004838702,0.0011632137,0.04123695,-8.000000000000001e-45,0.313
2018-06-20,CTD7,4176724,690397,0.016545674,0.023219751,0.027926559,0.00930755,0.005821806,0.0016373504,0.0016567311,0.0006797333,0.016473914,0.023374006,0.027906777,0.009391908,0.0064195204,0.0015016458,0.0028969618,-8.000000000000001e-45,0.16
2018-06-20,CTD8,4174178,693048,0.017633881,0.026884783,0.03304644,0.008347601,0.0054243393,0.0013083055,0.0013988176,0.00055429596,0.017678833,0.026809212,0.03334185,0.008641222,0.0055583655,0.0012776948,0.08343766,-8.000000000000001e-45,0.392
2018-06-20,CTD10,4170388,695646,0.017532138,0.024717117,0.029716989,0.00933121,0.005977917,0.0015919422,0.001646771,0.0006708244,0.017432813,0.025080591,0.0297156,0.009498634,0.0063786022,0.0015069974,0.0008026361,-8.000000000000001e-45,0.855
2018-06-20,CTD11,4169609,700351,0.00831367,0.011233665,0.017682336,0.005966809,0.005474219,0.0013807379,0.0013307992,0.000532814,0.008360816,0.010940183,0.017786283,0.006112018,0.0050299563,0.0014427734,0.53907347,-8.000000000000001e-45,0.283
2018-06-20,CTD12,4173438,695414,0.01799757,0.02593903,0.030114714,0.009196859,0.005853126,0.0015413618,0.0015640336,0.0006439847,0.017914053,0.02598623,0.029932616,0.0093283495,0.0061928444,0.0014583002,0.020988852,-8.000000000000001e-45,0.64
2018-07-10,CTD1,4187246,695025,0.014936377,0.021552308,0.027251022,0.010647821,0.0067463783,0.0019195701,0.0019282424,0.0007962563,0.014905801,0.021747982,0.0269385,0.010608147,0.00718561,0.0018061303,0.0005020457,-8.000000000000001e-45,0.344
2018-07-10,CTD2,4181518,693105,0.019113116,0.02747805,0.03103479,0.008426237,0.00496857,0.001339213,0.0013811656,0.00055975467,0.019238418,0.027569564,0.030999944,0.008590393,0.005403653,0.0012468697,0.001706377,-8.000000000000001e-45,0.231
2018-07-10,CTD3,4181698,695238,0.019223686,0.02557101,0.026477695,0.0076988917,0.0046861675,0.0012861845,0.001300908,0.0005304593,0.019216048,0.026036061,0.026507894,0.007831876,0.0050299563,0.0012133318,0.00042126182,-8.000000000000001e-45,0.332
2018-07-10,CTD4,4180266,698264,0.015214122,0.020352762,0.023161227,0.007832613,0.004949801,0.0014315123,0.001424557,0.000588229,0.015116932,0.020593103,0.022937927,0.007842293,0.005431135,0.0013500812,0.00028567572,-8.000000000000001e-45,0.643
2018-07-10,CTD6,4176009,695829,0.014386193,0.020181827,0.02435904,0.008043668,0.005505644,0.0014799892,0.001483934,0.00060810766,0.0143736135,0.020192744,0.024089132,0.008128102,0.005719069,0.0014127372,0.035504024,-8.000000000000001e-45,0.967
2018-07-10,CTD7,4176724,690397,0.015876917,0.022341395,0.026167257,0.008626285,0.005511952,0.0015407081,0.001542087,0.00064107636,0.015949197,0.022605816,0.0259656,0.008641222,0.005829177,0.0014542601,0.02817976,-8.000000000000001e-45,0.298
2018-07-10,CTD8,4174178,693048,0.018727718,0.028352752,0.03835081,0.012271508,0.008243909,0.0021184501,0.0021287536,0.0008507686,0.0186528,0.028328752,0.038425457,0.012532538,0.008487342,0.0019755256,0.059874773,-8.000000000000001e-45,0.737
2018-07-10,CTD10,4170388,695646,0.012433573,0.017320639,0.022268714,0.007632953,0.0053585926,0.0014793642,0.0014694632,0.00060892914,0.012453829,0.017282575,0.022070369,0.007730935,0.005550336,0.0014583002,0.12147655,-8.000000000000001e-45,0.595
2018-07-10,CTD11,4169609,700351,0.013269213,0.017568862,0.021910906,0.0077598738,0.005407822,0.0014969724,0.0014713419,0.0006127791,0.013239202,0.017526034,0.021731062,0.0077001033,0.0055764685,0.0014422013,0.10849557,-8.000000000000001e-45,0.602
2018-07-10,CTD12,4173438,695414,0.013323595,0.019354194,0.024992067,0.0072706244,0.0050139325,0.0013231063,0.0013229767,0.00054670504,0.013316813,0.019377133,0.024960322,0.007414974,0.0051750387,0.0012828157,0.0534774,-8.000000000000001e-45,0.907
2018-08-09,CTD1,4187246,695025,0.015486441,0.021192688,0.029105691,0.010524406,0.007834717,0.0020521842,0.0020643687,0.00082512427,0.015341722,0.021178981,0.029131372,0.0105546275,0.0075864177,0.0020332043,0.1865842,-2e-44,0.294
2018-08-09,CTD2,4181518,693105,0.015742106,0.021007946,0.023538599,0.0060024164,0.0039911345,0.001004109,0.0010254681,0.00041760004,0.015738396,0.021107877,0.023364233,0.006135038,0.0039995993,0.001005124,0.034979757,-2e-44,0.304
2018-08-09,CTD3,4181698,695238,0.016898993,0.022110019,0.024836453,0.007388411,0.004732287,0.0013308547,0.0013163125,0.00052601757,0.016847638,0.022225037,0.024659665,0.0074174562,0.0050244504,0.0012589133,0.021258095,-8.000000000000001e-45,0.321
2018-08-09,CTD4,4180266,698264,0.013524943,0.016903138,0.020037206,0.0067067817,0.004631822,0.0013110323,0.0012949115,0.0005342325,0.013483696,0.017098077,0.019986123,0.00676172,0.0049805995,0.0012619413,0.10696228,-2e-44,0.283
2018-08-09,CTD6,4176009,695829,0.01824405,0.024106119,0.025632152,0.0073857713,0.0045251967,0.0012676332,0.0012765715,0.0005172592,0.018237803,0.0242479,0.025401497,0.007427393,0.004906491,0.0011968837,0.0007866181,-8.000000000000001e-45,0.453
2018-08-09,CTD7,4176724,690397,0.016461289,0.021910341,0.025953677,0.0081163375,0.0054388368,0.0014781153,0.0015004819,0.0006061956,0.016392482,0.022050269,0.025701638,0.008152318,0.0056800465,0.0013898992,0.06762578,-2e-44,0.414
2018-08-09,CTD8,4174178,693048,0.0,0.0,0.0,0.0,0.0,0.0,0.0,0.0,0.0,0.0,0.0,0.0,0.0,0.0,0.0,0.0,0.506
2018-08-09,CTD10,4170388,695646,0.019453257,0.025511554,0.027438635,0.008533337,0.0054037008,0.0015413618,0.0015460519,0.000615823,0.019395426,0.025725534,0.027325856,0.008579131,0.0059198807,0.0014217434,0.00033068802,-2e-44,0.64
2018-08-09,CTD11,4169609,700351,0.020453164,0.025690302,0.027772097,0.009846377,0.006162128,0.0018116832,0.0017970217,0.0007386944,0.020163577,0.025874313,0.027472232,0.009749468,0.0066627623,0.0016569311,0.00062348275,-2e-44,0.445
2018-08-09,CTD12,4173438,695414,0.022178315,0.029590165,0.033526845,0.010760947,0.0066455277,0.0018116832,0.0018189955,0.00073801685,0.022035811,0.029692715,0.033511925,0.010810782,0.006979764,0.0017056081,0.0019713966,-2e-44,0.425
2018-08-14,CTD1,4187246,695025,0.01855043,0.0245037,0.031185541,0.010605231,0.007905026,0.0020746249,0.0020789003,0.0008194131,0.018337773,0.024523564,0.031295925,0.010645067,0.007710791,0.002041005,0.15936853,-8.000000000000001e-45,0.272
2018-08-14,CTD2,4181518,693105,0.017544078,0.021128565,0.023874585,0.00850566,0.008022609,0.002264856,0.00212222,0.0008707673,0.017268565,0.021206373,0.023637569,0.008678089,0.007474105,0.0022908994,0.26172754,-2e-44,0.468
2018-08-14,CTD3,4181698,695238,0.023829874,0.028984599,0.030884696,0.009423055,0.005998605,0.001639448,0.0016305496,0.0006599433,0.023561738,0.029152313,0.030768223,0.009458877,0.0062038996,0.0015473887,0.016573722,-8.000000000000001e-45,0.157
2018-08-14,CTD4,4180266,698264,0.021113276,0.025656167,0.026365198,0.008666894,0.00559253,0.0015973718,0.001578855,0.0006498451,0.02091985,0.025830867,0.026247429,0.0086186,0.0058923285,0.0014681551,0.0117966365,-8.000000000000001e-45,0.368
2018-08-14,CTD6,4176009,695829,0.018512648,0.024178693,0.024934629,0.005975166,0.0038196715,0.0009845903,0.0009894808,0.00039406985,0.018578136,0.024271794,0.02498299,0.006099495,0.003953783,0.00094817596,0.030775905,-8.000000000000001e-45,0.409
2018-08-14,CTD7,4176724,690397,0.019407135,0.025165854,0.027645484,0.0075676222,0.0050828224,0.0013083055,0.001320751,0.00051703095,0.019440418,0.025374211,0.027504843,0.00768985,0.0051243957,0.001264976,0.06699562,-8.000000000000001e-45,0.302
2018-08-14,CTD8,4174178,693048,0.02143633,0.028474376,0.03165196,0.00864188,0.00559253,0.0014601367,0.0014644664,0.0005884927,0.021291682,0.028433455,0.031612147,0.008780876,0.0057624746,0.0013838303,0.050179653,-8.000000000000001e-45,0.41
2018-08-14,CTD10,4170388,695646,0.022029512,0.026929317,0.030095201,0.01031571,0.0068594296,0.0018833976,0.0019031847,0.00077096035,0.02154304,0.02711446,0.030002315,0.010385483,0.007103158,0.0017914531,0.07412122,-8.000000000000001e-45,0.665
2018-08-14,CTD11,4169609,700351,0.022014683,0.02747805,0.029745929,0.010114953,0.006630153,0.0018305132,0.0018300909,0.00075829186,0.021834198,0.02760822,0.029585965,0.010053758,0.007021512,0.0017163006,0.03378719,-2e-44,0.373
2018-08-14,CTD12,4173438,695414,0.02071064,0.027487129,0.031438258,0.008786761,0.005998605,0.0015466016,0.0015401086,0.00060838135,0.02066766,0.02768562,0.03160308,0.008980748,0.0060897623,0.0015040222,0.081384994,-8.000000000000001e-45,0.614
2018-08-29,CTD1,4187246,695025,0.009369976,0.013663302,0.02150167,0.006605461,0.0056722015,0.0013993924,0.0014047571,0.0005476779,0.009379017,0.013485417,0.021616694,0.006846848,0.005260447,0.0014577224,0.34101292,-8.000000000000001e-45,0.314
2018-08-29,CTD2,4181518,693105,0.010943835,0.01591336,0.020453118,0.004486075,0.003216004,0.00077199173,0.00078645424,0.0003063582,0.010974329,0.015784953,0.020571258,0.004638103,0.0031904986,0.0007975672,0.16751829,-8.000000000000001e-45,0.249
2018-08-29,CTD3,4181698,695238,0.010753012,0.015571812,0.019760191,0.0045269853,0.0031907076,0.0007761456,0.0007941561,0.00031227307,0.010785593,0.015533468,0.01981088,0.004641334,0.0032266066,0.0007863008,0.14208154,-8.000000000000001e-45,0.337
2018-08-29,CTD4,4180266,698264,0.009715624,0.013262718,0.01763548,0.0052081496,0.003935459,0.0010282081,0.0010368096,0.0004143944,0.00975589,0.013236032,0.017588487,0.005299255,0.003947907,0.0010508412,0.17467989,-8.000000000000001e-45,0.189
2018-08-29,CTD6,4176009,695829,0.010640927,0.015704345,0.021240002,0.0052009933,0.0036417837,0.00091152155,0.0009303244,0.00036509937,0.010686163,0.015625762,0.021323018,0.005380428,0.003766988,0.00090938184,0.14348024,-8.000000000000001e-45,0.266
2018-08-29,CTD7,4176724,690397,0.012514222,0.017838698,0.024673637,0.007236977,0.005526701,0.0013358627,0.0013494429,0.0005276491,0.012490926,0.017781679,0.024704577,0.0074547785,0.0052585355,0.0013860343,0.20507586,-8.000000000000001e-45,0.121
2018-08-29,CTD8,4174178,693048,0.013455956,0.019877614,0.028127626,0.00886016,0.0062264567,0.0015657617,0.0015600179,0.0006166561,0.013433833,0.019771585,0.028213289,0.00908358,0.0061203092,0.0015382608,0.15705526,-8.000000000000001e-45,0.359
2018-08-29,CTD10,4170388,695646,0.010778494,0.015471839,0.021680241,0.0064600427,0.004635307,0.0011744603,0.0011676217,0.00046723217,0.010806776,0.015432862,0.021704106,0.006627925,0.0046746703,0.0011820708,0.1784221,-8.000000000000001e-45,0.344
2018-08-29,CTD11,4169609,700351,0.012026029,0.01717453,0.022849917,0.007665846,0.005391358,0.00143755,0.001433659,0.0005814171,0.012034637,0.017206708,0.022741186,0.0078032906,0.005544321,0.0014021109,0.116702765,-8.000000000000001e-45,0.373
2018-08-29,CTD12,4173438,695414,0.0121989725,0.018459203,0.026590638,0.0072836108,0.0051703816,0.0012390874,0.0012469956,0.0004880904,0.01221632,0.01823182,0.026714541,0.0075551067,0.005107614,0.0012389008,0.16956504,-8.000000000000001e-45,0.348
2018-10-03,CTD1,4187246,695025,0.012785512,0.018039158,0.025314366,0.007535183,0.0055733323,0.0013807379,0.0013724325,0.00054670504,0.0127323065,0.017908072,0.02543215,0.007761873,0.00542327,0.0014071352,0.2512786,-8.000000000000001e-45,0.17
2018-10-03,CTD2,4181518,693105,0.01595835,0.021895617,0.025851736,0.0060003153,0.004311917,0.0010344409,0.0010254681,0.0003991256,0.01596518,0.02177028,0.0259656,0.0062427977,0.0042472393,0.0010521157,0.16569622,-8.000000000000001e-45,0.201
2018-10-03,CTD3,4181698,695238,0.012203122,0.017706273,0.021247033,0.0038354138,0.0027255744,0.00063999626,0.00063356356,0.00024292318,0.012236262,0.017602928,0.021382814,0.003945654,0.0026709137,0.0006672498,0.15345766,-8.000000000000001e-45,0.157
2018-10-03,CTD4,4180266,698264,0.008444231,0.011080336,0.014021377,0.0044099735,0.004380111,0.0009905184,0.0009971261,0.00040322435,0.008482222,0.010996448,0.013987246,0.0046998668,0.0038150188,0.0010112432,0.2759572,-8.000000000000001e-45,0.05
2018-10-03,CTD6,4176009,695829,0.014708797,0.020986728,0.02696742,0.0067544878,0.004297457,0.0011041525,0.0010934676,0.00042923144,0.014738324,0.021047834,0.026986683,0.0069165686,0.004497485,0.0010666639,0.10842846,-8.000000000000001e-45,0.32
2018-10-03,CTD7,4176724,690397,0.010322474,0.01496129,0.018437007,0.0037259029,0.0027504577,0.00065554376,0.0006467189,0.00025572552,0.01035693,0.014899048,0.01860298,0.0038921598,0.0026880475,0.0006934988,0.17341398,-2.878e-42,0.045
2018-10-03,CTD8,4174178,693048,0.022260556,0.0311281,0.041332006,0.01428388,0.009673952,0.0024977513,0.0025207456,0.0009924761,0.022055062,0.031234577,0.041552305,0.014473102,0.0098971315,0.0023379386,0.0896265,-8.000000000000001e-45,0.306
2018-10-03,CTD10,4170388,695646,0.0150951985,0.021000871,0.026993891,0.007818568,0.005583989,0.001407642,0.0013911378,0.0005565218,0.015097656,0.020977022,0.027059084,0.008045163,0.005556357,0.0013887939,0.13669978,-8.000000000000001e-45,0.349
2018-10-03,CTD11,4169609,700351,0.013053942,0.018774128,0.023561893,0.0062298505,0.0042512305,0.001065403,0.00107039,0.00041262573,0.013053553,0.01870514,0.023479005,0.0064524882,0.004394168,0.0010740102,0.123438284,-8.000000000000001e-45,0.295
2018-10-03,CTD12,4173438,695414,0.017002946,0.024348821,0.031928632,0.0093413675,0.005987102,0.0015071384,0.0015030457,0.0005980765,0.01702606,0.024463473,0.03201304,0.00964973,0.0062795333,0.0014370616,0.088794425,-8.000000000000001e-45,0.292
2018-11-07,CTD1,4187246,695025,0.0058144913,0.0083479155,0.013398518,0.0029963038,0.002897314,0.00065215636,0.0006547717,0.00024932082,0.0058353785,0.008214933,0.013532375,0.0031216154,0.0025868677,0.0007190378,0.42604774,-2.878e-42,0.408
2018-11-07,CTD2,4181518,693105,0.008926668,0.012943995,0.01686899,0.0024175812,0.0017523466,0.00041899938,0.00040539858,0.0001569378,0.008938264,0.0128425,0.017039465,0.0024065631,0.0017002607,0.00044881945,0.16946214,-2.878e-42,0.224
2018-11-07,CTD3,4181698,695238,0.00781587,0.011362526,0.015172767,0.002685453,0.0019445914,0.00045956444,0.00044912603,0.0001749295,0.0078080003,0.01119363,0.015263399,0.002747063,0.0018799682,0.00047601786,0.19544886,-2.878e-42,0.518
2018-11-07,CTD4,4180266,698264,0.011624424,0.015103939,0.018357677,0.0043557077,0.0035395676,0.0008570045,0.00084828737,0.00032265636,0.011670866,0.014916042,0.018298058,0.0044357227,0.0033186204,0.00086790335,0.22286312,-8.000000000000001e-45,0.429
2018-11-07,CTD6,4176009,695829,0.0116165355,0.017320639,0.020925924,0.0045744944,0.0033351472,0.00079793454,0.0007740141,0.00029114948,0.011645201,0.017211441,0.020967184,0.0047458783,0.003309926,0.0008449451,0.14984691,-8.000000000000001e-45,0.173
2018-11-07,CTD7,4176724,690397,0.004822195,0.0071272966,0.009798171,0.0018441089,0.0014359674,0.00031916867,0.00031438124,0.00012146357,0.0048045362,0.0070237177,0.009871665,0.001853137,0.0012989932,0.00034154695,0.31817004,-2.878e-42,0.232
2018-11-07,CTD8,4174178,693048,0.019933756,0.027889308,0.035782803,0.009871464,0.0064584906,0.0015784566,0.001558682,0.00061637827,0.019879857,0.028159061,0.036198635,0.010195785,0.0065854723,0.0015291823,0.07893813,-8.000000000000001e-45,0.347
2018-11-07,CTD10,4170388,695646,0.0063169273,0.009202974,0.012315314,0.0023717987,0.001737482,0.00042428036,0.00041621065,0.00016314806,0.006288606,0.009143982,0.012269586,0.0024165784,0.0016927082,0.00044828188,0.19521369,-2.878e-42,0.355
2018-11-07,CTD11,4169609,700351,0.0067557404,0.010569842,0.014815908,0.0037319546,0.0027408556,0.0006638602,0.0006342727,0.00026078912,0.0067672594,0.010540368,0.014881408,0.003838036,0.002640943,0.0006837084,0.1795051,-8.000000000000001e-45,0.407
2018-11-07,CTD12,4173438,695414,0.011401784,0.017521312,0.020143738,0.0031460277,0.0021058428,0.00053822907,0.00050762465,0.00019551857,0.011378267,0.017449388,0.02030235,0.0031755983,0.0021253887,0.00056373596,0.119323894,-2.878e-42,0.577
2019-02-20,CTD1,4187246,695025,0.010416934,0.014694998,0.022019846,0.006730588,0.0060891355,0.0015367928,0.0015600179,0.00060239155,0.010418602,0.014549797,0.02224167,0.006935267,0.005510346,0.0015987938,0.42748827,-2e-44,0.27
2019-02-20,CTD2,4181518,693105,0.014910918,0.021085918,0.023709932,0.0044575455,0.003027478,0.00071979925,0.000716313,0.0002757386,0.014947868,0.021009685,0.023862481,0.0045011756,0.0029596589,0.0007555927,0.1253533,-2e-44,0.202
2019-02-20,CTD3,4181698,695238,0.015904015,0.022650909,0.026304808,0.00520457,0.0037009208,0.00086881814,0.0008652283,0.00032962527,0.015985174,0.022565838,0.026595168,0.005304753,0.0035885891,0.0009112287,0.13159421,-2e-44,0.191
2019-02-20,CTD4,4180266,698264,0.007185135,0.009836198,0.012095883,0.002995379,0.0022203478,0.00055806496,0.0005638152,0.0002214353,0.0072213016,0.009766434,0.012104819,0.0030196095,0.0022240935,0.00056647725,0.19450979,-2e-44,0.109
2019-02-20,CTD6,4176009,695829,0.01602926,0.022864593,0.026861776,0.0055210004,0.0037847129,0.000931944,0.0009225291,0.00035948746,0.016061297,0.022708826,0.027051032,0.00563869,0.0037796458,0.00094433984,0.120358475,-2e-44,0.036
2019-02-20,CTD7,4176724,690397,0.012471708,0.017664341,0.023046864,0.004971017,0.0037049924,0.00089760794,0.0009104322,0.00034784005,0.012484175,0.017521238,0.023192937,0.0050977673,0.0036344535,0.0009439571,0.19686542,-2e-44,0.088
2019-02-20,CTD8,4174178,693048,0.0074283574,0.010367218,0.014482086,0.0031128253,0.0026543536,0.00062284275,0.0006366434,0.00023855522,0.007439189,0.010280856,0.014655466,0.0032226252,0.0024717818,0.00065970747,0.29724443,-2.8899999999999995e-42,0.069
2019-02-20,CTD10,4170388,695646,0.009608575,0.0139199635,0.018169876,0.003951402,0.0027951426,0.0006839412,0.00068796217,0.00026681655,0.009614198,0.013818428,0.018129904,0.004066178,0.0028005359,0.0007120588,0.18114121,-2e-44,0.062
2019-02-20,CTD11,4169609,700351,0.008239673,0.012218511,0.018339418,0.004962538,0.0041434485,0.0009787034,0.0010109775,0.00038958306,0.008253043,0.011987432,0.018414816,0.005129657,0.0038392514,0.001024418,0.28300324,-2e-44,0.053
2019-02-20,CTD12,4173438,695414,0.01573137,0.022348898,0.02909623,0.0067784805,0.0046949983,0.001155351,0.0011474936,0.00045343165,0.015726518,0.022258965,0.029319419,0.0069680964,0.004693599,0.0011585443,0.15695956,-2e-44,0.011
2019-03-12,CTD1,4187246,695025,0.014386193,0.018946353,0.026634198,0.009287322,0.0075247227,0.0019898599,0.0019596356,0.00077881524,0.014254658,0.01872526,0.02680235,0.009325332,0.0071830996,0.0019770449,0.32941225,-8.000000000000001e-45,0.065
2019-03-12,CTD2,4181518,693105,0.017306773,0.025098905,0.025447717,0.0039114244,0.002499471,0.00064330647,0.0006125068,0.00023772985,0.017415924,0.025056217,0.025802312,0.003904441,0.0025607292,0.0006546389,0.075567946,-8.000000000000001e-45,0.163
2019-03-12,CTD3,4181698,695238,0.015936594,0.023026096,0.025674244,0.0046476354,0.0031139625,0.0007675706,0.000752729,0.00029114948,0.016009187,0.022927275,0.02602021,0.0047607585,0.0031571526,0.0007843854,0.10097414,-8.000000000000001e-45,0.243
2019-03-12,CTD4,4180266,698264,0.00725336,0.010155237,0.013102399,0.0025469568,0.00193892,0.00044614484,0.00045004894,0.00017088374,0.007280167,0.010060642,0.013155952,0.002612768,0.0018335822,0.00047620875,0.20581548,-2.878e-42,0.2
2019-03-12,CTD6,4176009,695829,0.015640408,0.022522088,0.024383103,0.0033177342,0.002195966,0.0005556843,0.00053585414,0.00020773942,0.01569092,0.022446176,0.024794599,0.003307209,0.002214929,0.0005703843,0.09632393,-8.000000000000001e-45,0.189
2019-03-12,CTD7,4176724,690397,0.010395863,0.0147149265,0.018109705,0.0037006147,0.0028010341,0.0006594414,0.000662697,0.0002509768,0.010389199,0.014499837,0.018245727,0.0038246214,0.0027318767,0.0006828758,0.20967667,-8.000000000000001e-45,0.151
2019-03-12,CTD8,4174178,693048,0.01092903,0.015614101,0.020541392,0.004478547,0.0032968572,0.00076963,0.0007644668,0.00029647516,0.010977394,0.015437225,0.020765178,0.004647803,0.0032012896,0.0007933639,0.19924776,-8.000000000000001e-45,0.117
2019-03-12,CTD10,4170388,695646,0.008514597,0.0121323895,0.016265066,0.0038492158,0.0029281948,0.0007021204,0.0007049147,0.00027204078,0.008547238,0.012037447,0.016215632,0.0039900853,0.0028483276,0.00073439616,0.22008675,-8.000000000000001e-45,0.142
2019-03-12,CTD11,4169609,700351,0.008542923,0.012603408,0.017391527,0.0038142002,0.0026990746,0.0006428323,0.00065060816,0.0002538328,0.008547238,0.012447495,0.017420491,0.00391128,0.0026951344,0.00066158484,0.18092225,-8.000000000000001e-45,0.242
2019-03-12,CTD12,4173438,695414,0.020501643,0.029561074,0.034462165,0.006099959,0.0038720798,0.0009956894,0.0009591819,0.00037647464,0.020500435,0.029371845,0.034973226,0.0061434284,0.003978846,0.0009869804,0.0903538,-8.000000000000001e-45,0.158
2019-06-25,CTD1,4187246,695025,0.013682647,0.019683907,0.024860963,0.0099290535,0.00681977,0.0019531051,0.0019358286,0.0007973603,0.013670041,0.019724587,0.024764562,0.0099482965,0.007230925,0.0018884185,0.056638505,-8.000000000000001e-45,0.803
2019-06-25,CTD2,4181518,693105,0.013691981,0.019308463,0.023001272,0.0079089245,0.004888409,0.0014052795,0.0013893723,0.00057856174,0.013756651,0.019418396,0.0227062,0.007981452,0.0052968874,0.0013092328,0.00034899084,-8.000000000000001e-45,0.914
2019-06-25,CTD3,4181698,695238,0.013197056,0.017947769,0.022408966,0.0081544025,0.0055330354,0.0016117217,0.0015863234,0.00064808084,0.013225126,0.018015524,0.02224167,0.008106628,0.005894444,0.0015099781,0.00067217567,-8.000000000000001e-45,1.169
2019-06-25,CTD4,4180266,698264,0.014070704,0.018805906,0.020939788,0.008411054,0.0049610534,0.0015199532,0.0014915464,0.0006327241,0.01403344,0.018972956,0.020597026,0.008345527,0.0056739068,0.0013827295,0.00013826838,-8.000000000000001e-45,0.686
2019-06-25,CTD6,4176009,695829,0.014056312,0.018882388,0.023046864,0.009300803,0.0056787143,0.0017066838,0.0016674756,0.0007056347,0.013985823,0.019074716,0.022741186,0.009217234,0.0063379114,0.0015750692,0.00015866282,-8.000000000000001e-45,1.01
2019-06-25,CTD7,4176724,690397,0.015064328,0.02040087,0.023283811,0.007226658,0.0048461114,0.0013923643,0.0013724325,0.00055627397,0.015013038,0.020389587,0.023029746,0.007284446,0.0052299355,0.0013160475,0.00054419006,-8.000000000000001e-45,0.996
2019-06-25,CTD8,4174178,693048,0.014844925,0.02030476,0.024183253,0.008761381,0.0057597,0.001666273,0.0016326555,0.0006714346,0.0147762755,0.02049653,0.023702687,0.008812487,0.006170785,0.0015694973,0.00020141767,-8.000000000000001e-45,0.932
2019-06-25,CTD10,4170388,695646,0.015544664,0.021969326,0.026844205,0.0096235555,0.0059825075,0.0017761772,0.0017524128,0.0007147253,0.015513715,0.022225037,0.026412943,0.00970573,0.006597133,0.0016019396,0.00081966206,-8.000000000000001e-45,0.728
2019-06-25,CTD11,4169609,700351,0.011835508,0.015409031,0.020257536,0.008148534,0.0072022043,0.0021212217,0.0020187683,0.00079588866,0.011790121,0.015211557,0.020042732,0.008211773,0.007110621,0.001970974,0.27709317,-2e-44,0.557
2019-06-25,CTD12,4173438,695414,0.014563979,0.020086708,0.024111688,0.008604502,0.0057070293,0.0016345583,0.0016382858,0.00066264527,0.014489496,0.020198047,0.02389892,0.008537014,0.0061224964,0.0015279755,0.0017332613,-8.000000000000001e-45,0.87
2019-07-10,CTD1,4187246,695025,0.016343858,0.022386441,0.028673433,0.010891175,0.0076810922,0.002117527,0.0021110692,0.00084840215,0.0162102,0.02240638,0.028463718,0.010923541,0.007874746,0.0019732486,0.08302309,-8.000000000000001e-45,0.371
2019-07-10,CTD2,4181518,693105,0.016641824,0.023438452,0.02582631,0.0081221815,0.0050139325,0.001407642,0.0014059484,0.0005762371,0.01663754,0.023590608,0.025562761,0.0082280515,0.0053958236,0.0013244802,0.0020775108,-8.000000000000001e-45,0.968
2019-07-10,CTD3,4181698,695238,0.017924257,0.02456099,0.027046904,0.009358325,0.005385198,0.0015872079,0.0015931464,0.0006766466,0.017896883,0.024686253,0.026890386,0.009340429,0.0060333856,0.0014093736,0.00023031015,-8.000000000000001e-45,1.002
2019-07-10,CTD4,4180266,698264,0.017924257,0.024106119,0.02810013,0.00922691,0.0060891355,0.0016755599,0.0016797445,0.0006843923,0.017892592,0.024529576,0.028030725,0.009262148,0.006376336,0.0016006805,0.004816528,-8.000000000000001e-45,0.554
2019-07-10,CTD6,4176009,695829,0.016898993,0.023414928,0.028302344,0.009402563,0.006017058,0.0016921296,0.0016972328,0.0007001773,0.016769173,0.023590608,0.028213289,0.009419257,0.006499734,0.0015443406,0.00129334,-8.000000000000001e-45,0.37
2019-07-10,CTD7,4176724,690397,0.0144255115,0.020442193,0.02495923,0.007021102,0.0046755946,0.0012314287,0.0012669801,0.000511136,0.014433345,0.020550145,0.024839709,0.007204196,0.0048885685,0.0012089573,0.07279265,-8.000000000000001e-45,1.231
2019-07-10,CTD8,4174178,693048,0.016670208,0.025115626,0.03210394,0.009127137,0.00588237,0.0015160962,0.001550692,0.0006298719,0.016682716,0.025184348,0.032058835,0.009440574,0.0060919398,0.0014228729,0.02645151,-8.000000000000001e-45,0.997
2019-07-10,CTD10,4170388,695646,0.015581829,0.022469245,0.028173508,0.009173556,0.006107884,0.001621367,0.0016674756,0.000672963,0.015513715,0.022594389,0.028072137,0.009286176,0.0063876756,0.0015376541,0.023691697,-8.000000000000001e-45,1.166
2019-07-10,CTD11,4169609,700351,0.013984578,0.019295415,0.026434375,0.008989353,0.006955597,0.0018226417,0.0017630695,0.0007024188,0.013861816,0.019335933,0.026420847,0.009045271,0.006672184,0.00184365,0.19148695,-8.000000000000001e-45,0.577
2019-07-10,CTD12,4173438,695414,0.01593116,0.022597782,0.025590125,0.008570389,0.0053300983,0.0014976056,0.0015348467,0.0006276004,0.015917262,0.022663007,0.025324991,0.008615775,0.005795741,0.0014144218,0.00025779745,-8.000000000000001e-45,0.494
2019-08-14,CTD1,4187246,695025,0.014302999,0.020615239,0.029228926,0.010406249,0.008007036,0.0020773353,0.0020707129,0.00082895556,0.014276911,0.020668428,0.029174028,0.010524618,0.007815284,0.0020811972,0.18234995,-8.000000000000001e-45,0.68
2019-08-14,CTD2,4181518,693105,0.014484691,0.021624923,0.029755581,0.01043281,0.007343111,0.0019022133,0.0019048443,0.00077202637,0.014403458,0.021614509,0.029750243,0.010618205,0.0073555075,0.0018688054,0.09917448,-8.000000000000001e-45,0.923
2019-08-14,CTD3,4181698,695238,0.01232827,0.01785683,0.024600698,0.00842016,0.0059208465,0.0015811437,0.0015727732,0.00063101103,0.0123530645,0.017742919,0.024502994,0.008573506,0.006137825,0.0015255646,0.11925032,-8.000000000000001e-45,1.686
2019-08-14,CTD4,4180266,698264,0.014819622,0.020698795,0.028692104,0.010907069,0.008373151,0.0022284903,0.0022254388,0.0008842428,0.014689086,0.020971583,0.02882565,0.01113095,0.0081108045,0.002190928,0.124814235,-8.000000000000001e-45,1.982
2019-08-14,CTD6,4176009,695829,0.015286966,0.022378927,0.031856693,0.011966222,0.008448396,0.002208127,0.0022156616,0.0008842428,0.015174856,0.0224348,0.03193987,0.012102932,0.008635471,0.0020851744,0.13569702,-8.000000000000001e-45,1.164
2019-08-14,CTD7,4176724,690397,0.022007272,0.032021817,0.043087356,0.013597354,0.009498531,0.00232008,0.002281041,0.0009004576,0.02193009,0.0322399,0.043335035,0.013961172,0.009404712,0.0022235455,0.13030662,-8.000000000000001e-45,0.791
2019-08-14,CTD8,4174178,693048,0.01878505,0.030754702,0.046726793,0.0154929785,0.010085452,0.0024509518,0.0024211921,0.0009590881,0.01877174,0.03085736,0.04685547,0.015821118,0.010368947,0.0023012818,0.057100058,-8.000000000000001e-45,1.074
2019-08-14,CTD10,4170388,695646,0.013932208,0.020263704,0.02858955,0.010237154,0.007047712,0.0018408013,0.0018516962,0.00074687786,0.013883645,0.020288343,0.028463718,0.010388778,0.0071881213,0.0017970318,0.10623642,-8.000000000000001e-45,1.234
2019-08-14,CTD11,4169609,700351,0.011948629,0.017326508,0.025894165,0.009515844,0.0076453974,0.0020300034,0.0019880976,0.0007995734,0.011903764,0.01730158,0.02585665,0.009609452,0.0074430127,0.0019984227,0.19068068,-8.000000000000001e-45,0.644
2019-08-14,CTD12,4173438,695414,0.01510035,0.022311412,0.031326838,0.011399214,0.007612827,0.001965843,0.001974243,0.00079258817,0.015059154,0.022491714,0.031170102,0.011580224,0.007948236,0.0018673597,0.082200035,-8.000000000000001e-45,1.097
2019-09-18,CTD1,4187246,695025,0.01673282,0.022169512,0.038495995,0.021139046,0.030158812,0.009026038,0.00898907,0.0034048415,0.016396549,0.021310672,0.03936107,0.023013081,0.024938311,0.009593181,1.5776691,-2e-44,13.386
2019-09-18,CTD2,4181518,693105,0.017189294,0.023352304,0.040287774,0.021466592,0.027858157,0.008284474,0.008248506,0.0031439932,0.016860047,0.022640118,0.041136093,0.023116913,0.023888135,0.008797878,1.3020155,-8.000000000000001e-45,16.453
2019-09-18,CTD3,4181698,695238,0.009282546,0.013366234,0.021494556,0.017065095,0.014462663,0.004776942,0.0049766256,0.0020704346,0.009241762,0.013013248,0.021309748,0.018611636,0.014199875,0.0047901217,0.57704735,-8.000000000000001e-45,14.851
2019-09-18,CTD4,4180266,698264,0.009544315,0.012577924,0.02266955,0.012018761,0.01923984,0.005595513,0.005533874,0.0021014381,0.009559086,0.011926931,0.023022674,0.013298183,0.0150631815,0.0060649253,1.8838391,-2e-44,14.472
2019-09-18,CTD6,4176009,695829,0.011448282,0.014719913,0.02556494,0.013390486,0.021027703,0.006078482,0.005960433,0.002270033,0.011375117,0.013995454,0.026004598,0.014536976,0.016381972,0.0065750857,1.8065912,-2e-44,18.162
2019-09-18,CTD7,4176724,690397,0.012408216,0.016157992,0.028496612,0.015158196,0.023510598,0.007151078,0.0070979185,0.002689056,0.012286221,0.015432862,0.029003687,0.016548311,0.019028118,0.0076366696,1.804216,-2e-44,17.27
2019-09-18,CTD8,4174178,693048,0.011561474,0.015232464,0.027215421,0.014674527,0.022383323,0.0060946243,0.0059498562,0.0022387046,0.011507974,0.014458304,0.027931532,0.015939223,0.01742475,0.006689271,1.6268383,-2e-44,18.026
2019-09-18,CTD10,4170388,695646,0.012763762,0.016669862,0.02903953,0.015092088,0.021145705,0.006477429,0.0063618487,0.0024251447,0.012609498,0.01607999,0.029473964,0.01604421,0.017395355,0.006861898,1.4902754,-2e-44,14.565
2019-09-18,CTD11,4169609,700351,0.013116359,0.017887093,0.030586468,0.015419839,0.018422727,0.005555956,0.005426483,0.0021176205,0.012938904,0.017401608,0.030883921,0.01598481,0.016236437,0.005698203,1.0523876,-8.000000000000001e-45,17.616
2019-09-18,CTD12,4173438,695414,0.013603563,0.017996453,0.029861942,0.015515551,0.018325437,0.0056054452,0.005811403,0.002246227,0.013416056,0.017454172,0.030080872,0.01623256,0.016180333,0.005696452,0.8380033,-2e-44,17.747
2019-10-03,CTD1,4187246,695025,0.024854416,0.039340813,0.0725089,0.04323514,0.042279836,0.011692382,0.011894749,0.004528526,0.024869291,0.039099585,0.074430704,0.04411742,0.0404078,0.012417159,0.5935148,-8.000000000000001e-45,3.343
2019-10-03,CTD2,4181518,693105,0.0071945023,0.010294889,0.0164548,0.0068925023,0.005564823,0.0015033172,0.0015049716,0.00061360764,0.0072343466,0.010255836,0.01647382,0.0069963457,0.0054429513,0.0014892264,0.28835326,-8.000000000000001e-45,2.975
2019-10-03,CTD3,4181698,695238,0.0055695665,0.00792167,0.012547236,0.0045483694,0.003637791,0.00092130207,0.00094424584,0.00038564453,0.005611527,0.0078090685,0.0126013765,0.0046998668,0.003493286,0.00094817596,0.31651407,-8.000000000000001e-45,2.719
2019-10-03,CTD4,4180266,698264,0.0067079375,0.009888608,0.015278517,0.0067234365,0.005088609,0.0013600826,0.0013917269,0.0005764949,0.0067488155,0.009685894,0.015130173,0.00686306,0.005356829,0.0013128981,0.2538167,-8.000000000000001e-45,2.038
2019-10-03,CTD6,4176009,695829,0.006445651,0.009016773,0.01486986,0.0064737387,0.0063670543,0.0017459169,0.0017053145,0.0007062798,0.0064913076,0.00884345,0.015002882,0.006634671,0.005850161,0.0018187959,0.57268196,-8.000000000000001e-45,2.345
2019-10-03,CTD7,4176724,690397,0.008574203,0.012675903,0.021694588,0.008660634,0.0074897762,0.0019812465,0.0020011808,0.0008032766,0.008569839,0.012517557,0.021886598,0.008766539,0.007056052,0.002045698,0.42676747,-8.000000000000001e-45,3.417
2019-10-03,CTD8,4174178,693048,0.005636261,0.007873002,0.012961201,0.0051813703,0.004862615,0.0012739595,0.0012722986,0.0005093375,0.005686414,0.007823765,0.013031242,0.0053618783,0.004509102,0.0013372236,0.43086636,-8.000000000000001e-45,2.323
2019-10-03,CTD10,4170388,695646,0.0057021086,0.007421203,0.012215047,0.005629321,0.0056160903,0.0015296434,0.0015335343,0.00062084023,0.0057622255,0.007308263,0.012342595,0.00576811,0.005087171,0.0016171173,0.60027933,-8.000000000000001e-45,2.83
2019-10-03,CTD11,4169609,700351,0.0070257075,0.009934715,0.015497431,0.0065357694,0.0055161617,0.0014576761,0.0015114114,0.0006034757,0.0070620924,0.009850577,0.015548157,0.006673012,0.0052853553,0.0014945375,0.34239012,-8.000000000000001e-45,2.527
2019-10-03,CTD12,4173438,695414,0.004313967,0.0057597966,0.008689292,0.0030647875,0.002430244,0.00059642905,0.00061024545,0.0002460488,0.0043635205,0.0057237553,0.008678834,0.0031733764,0.002265391,0.0006399297,0.35318398,-8.000000000000001e-45,2.106
2019-11-27,CTD1,4187246,695025,0.013534169,0.018490462,0.02615011,0.0076411623,0.006017058,0.0015459456,0.0014966452,0.00059379573,0.013451626,0.018420111,0.026318263,0.007782558,0.005785327,0.0015602506,0.30996817,-8.000000000000001e-45,0.357
2019-11-27,CTD2,4181518,693105,0.015438964,0.02194719,0.033731535,0.015330281,0.013959086,0.0040439637,0.0038049454,0.0015376409,0.015240682,0.021893186,0.034016356,0.015332691,0.012867387,0.004131385,0.42009184,-8.000000000000001e-45,2.304
2019-11-27,CTD3,4181698,695238,0.012165833,0.017350007,0.028219458,0.012155564,0.010335818,0.0028400798,0.0027646779,0.0011012839,0.012057648,0.017282575,0.028371695,0.012233606,0.009841794,0.0028446044,0.34535816,-8.000000000000001e-45,2.561
2019-11-27,CTD4,4180266,698264,0.013291844,0.01838439,0.028090969,0.010493782,0.009268374,0.0024391287,0.0023734944,0.0009421832,0.013140891,0.018261459,0.02822161,0.0106551545,0.008580041,0.0024509097,0.3784904,-8.000000000000001e-45,2.598
2019-11-27,CTD6,4176009,695829,0.010462741,0.014433513,0.02475492,0.013518177,0.013332377,0.003930281,0.003808354,0.0015546435,0.010392136,0.01415386,0.024930125,0.013620584,0.012334342,0.003971095,0.5855477,-8.000000000000001e-45,2.729
2019-11-27,CTD7,4176724,690397,0.009301206,0.0132001145,0.02307731,0.010915025,0.010263664,0.0028187959,0.0027708348,0.001121228,0.009265863,0.013062918,0.023278456,0.011030316,0.009429804,0.002878954,0.51507807,-8.000000000000001e-45,1.843
2019-11-27,CTD8,4174178,693048,0.010156787,0.01483005,0.024942826,0.012067125,0.010120847,0.0028375674,0.0028080759,0.0011502249,0.010101603,0.014700488,0.024930125,0.012084353,0.009735072,0.0028023985,0.41890958,-8.000000000000001e-45,1.7
2019-11-27,CTD10,4170388,695646,0.015162301,0.021364588,0.03433029,0.017133294,0.015226877,0.0043718773,0.0042727664,0.001704274,0.014909621,0.021244759,0.034623068,0.017187623,0.01425119,0.0043266537,0.44911823,-8.000000000000001e-45,1.875
2019-11-27,CTD11,4169609,700351,0.012886053,0.02060829,0.03629796,0.016462866,0.013910725,0.0037373423,0.0036059432,0.0014547459,0.012752858,0.020582357,0.036459368,0.016515613,0.01322112,0.0036673446,0.2843322,-8.000000000000001e-45,1.004
2019-11-27,CTD12,4173438,695414,0.009993933,0.014680069,0.026167257,0.0123524275,0.011408884,0.003180048,0.0031085273,0.0012580514,0.009930384,0.014487367,0.02636557,0.012547821,0.010721985,0.003205873,0.5491808,-8.000000000000001e-45,2.278
2020-02-20,CTD1,4187246,695025,0.008926668,0.012594907,0.019300463,0.0058389343,0.0049348413,0.0011988537,0.0011975707,0.0004705003,0.008946076,0.012469585,0.019488912,0.006020722,0.0046030395,0.0012910493,0.39498103,-8.000000000000001e-45,0.349
2020-02-20,CTD2,4181518,693105,0.006435325,0.009719376,0.01452518,0.0029678026,0.0023017107,0.0005013253,0.00051032606,0.00019366524,0.0064009367,0.009538285,0.014655466,0.003017499,0.0020969007,0.00054185843,0.2529182,-2.878e-42,1.226
2020-02-20,CTD3,4181698,695238,0.007161778,0.010436613,0.015766483,0.0054677245,0.0040944987,0.0010411375,0.0010385021,0.00041315542,0.0071974383,0.010334199,0.015914712,0.0055826753,0.0040369113,0.0010542431,0.2566813,-8.000000000000001e-45,1.282
2020-02-20,CTD4,4180266,698264,0.009007458,0.012590659,0.018683255,0.0058470913,0.0044796104,0.0011213826,0.0011310204,0.00045166616,0.009029756,0.01240708,0.018668046,0.0059898836,0.004444729,0.0011105788,0.26483014,-8.000000000000001e-45,1.532
2020-02-20,CTD6,4176009,695829,0.006081819,0.008432904,0.012796413,0.004068913,0.0034681957,0.00084406324,0.00085942424,0.00033441623,0.0061478764,0.008310303,0.012882208,0.004209379,0.0032533377,0.0008914757,0.31798565,-8.000000000000001e-45,2.116
2020-02-20,CTD7,4176724,690397,0.019900028,0.02912777,0.042755224,0.016343702,0.012406397,0.003264505,0.0032432724,0.0012870796,0.01966172,0.029285258,0.04306452,0.016436389,0.012081602,0.003081173,0.16874352,-8.000000000000001e-45,1.427
2020-02-20,CTD8,4174178,693048,0.010508764,0.015124429,0.023337636,0.0081221815,0.006730759,0.0016755599,0.0016538787,0.00066084263,0.010480561,0.014962854,0.02344309,0.008301649,0.0062929634,0.0017230139,0.34042424,-8.000000000000001e-45,1.61
2020-02-20,CTD10,4170388,695646,0.008911794,0.013957705,0.022121996,0.00685102,0.005315913,0.0012665823,0.0012464746,0.000493902,0.008930458,0.013834448,0.022159308,0.0070602773,0.005064954,0.0012962203,0.28135008,-8.000000000000001e-45,1.171
2020-02-20,CTD11,4169609,700351,0.008717969,0.013022925,0.020677926,0.007195797,0.0058084377,0.0014369449,0.00142819,0.000563511,0.008726895,0.012944729,0.020706842,0.0073556155,0.0055684163,0.0014525317,0.29915702,-8.000000000000001e-45,1.441
2020-02-20,CTD12,4173438,695414,0.0067601055,0.0096839825,0.014708612,0.0040796776,0.003055629,0.00075075834,0.0007559354,0.00030375863,0.0067939796,0.009585303,0.014804136,0.0041480367,0.0029696857,0.0007824747,0.27050012,-8.000000000000001e-45,1.678
2020-03-11,CTD1,4187246,695025,0.01617753,0.023873642,0.034002546,0.011931324,0.008276029,0.0020701159,0.0020843777,0.0008266545,0.01604525,0.023855725,0.034035496,0.012199901,0.0083555225,0.002016134,0.12698396,-8.000000000000001e-45,0.146
2020-03-11,CTD2,4181518,693105,0.015302621,0.022544771,0.033526845,0.012924573,0.010164276,0.0026322186,0.0026234216,0.0010348605,0.015140084,0.02253731,0.033635147,0.013123313,0.009793171,0.0025646645,0.21334983,-8.000000000000001e-45,0.16
2020-03-11,CTD3,4181698,695238,0.011425008,0.01654601,0.024893679,0.009253709,0.0071272827,0.0018972853,0.0018833906,0.00076883304,0.01138772,0.016443156,0.02499055,0.009376743,0.007033831,0.0018891483,0.23836921,-8.000000000000001e-45,0.989
2020-03-11,CTD4,4180266,698264,0.010615788,0.016043367,0.024103748,0.00751364,0.0053219874,0.0013187014,0.001320751,0.00052346516,0.010626248,0.015940897,0.024155261,0.0077412357,0.0053801956,0.0013160475,0.18523718,-8.000000000000001e-45,1.804
2020-03-11,CTD6,4176009,695829,0.012066974,0.017467972,0.028339254,0.012872766,0.011246029,0.0032013056,0.0031015961,0.0012694595,0.011946181,0.017311089,0.028472094,0.01287595,0.010708105,0.00318311,0.41304258,-8.000000000000001e-45,3.703
2020-03-11,CTD7,4176724,690397,0.015444232,0.024154479,0.039662067,0.017170602,0.013082202,0.0034865926,0.0034512363,0.0013816953,0.01526396,0.024235956,0.039861336,0.017192421,0.012911224,0.0033831608,0.19068068,-8.000000000000001e-45,2.584
2020-03-11,CTD8,4174178,693048,0.008735398,0.012983398,0.022394164,0.009871464,0.00861435,0.0023611374,0.0023185816,0.0009457155,0.008721792,0.012819871,0.02257366,0.009980159,0.008183312,0.0023947542,0.40380746,-8.000000000000001e-45,2.569
2020-03-11,CTD10,4170388,695646,0.010565701,0.016043367,0.026141541,0.009317682,0.0075745187,0.0019379369,0.0019299255,0.0007702505,0.010522027,0.015824942,0.026310384,0.009434479,0.007200688,0.0019543634,0.2886907,-8.000000000000001e-45,0.566
2020-03-11,CTD11,4169609,700351,0.012518481,0.019249817,0.03159077,0.014493758,0.0116552245,0.0032485863,0.0032015184,0.0013024734,0.012383231,0.019233199,0.031730205,0.014519922,0.011521548,0.0031672528,0.26374042,-8.000000000000001e-45,0.869
2020-03-11,CTD12,4173438,695414,0.008163705,0.01260766,0.02035847,0.00662184,0.005293703,0.0012840489,0.0012765715,0.0005075461,0.008172981,0.012451174,0.020442832,0.006800715,0.00498242,0.0013239516,0.2667079,-8.000000000000001e-45,2.839
2020-05-20,CTD1,4187246,695025,0.019054826,0.027714992,0.039674502,0.013721987,0.009700354,0.0024082458,0.0023819013,0.0009448311,0.018824743,0.028133005,0.03978656,0.013973598,0.009505399,0.0023178032,0.083281964,-8.000000000000001e-45,0.549
2020-05-20,CTD2,4181518,693105,0.00977784,0.013802691,0.018578202,0.0036096477,0.0026822002,0.00062512746,0.0006333274,0.00024170526,0.009814717,0.013647148,0.018727368,0.0037464139,0.0026172088,0.0006357894,0.23290794,-2.878e-42,0.58
2020-05-20,CTD3,4181698,695238,0.007267567,0.010580437,0.01561068,0.0039242674,0.0036471153,0.00095556094,0.0009611165,0.00037918272,0.007308659,0.010460656,0.015644139,0.0040847077,0.003458177,0.0009295231,0.28250638,-1.443e-42,0.834
2020-05-20,CTD4,4180266,698264,0.013474317,0.019717174,0.02425502,0.00842016,0.005405761,0.0015328886,0.0015309132,0.00063472905,0.013412503,0.019656835,0.023942705,0.008481131,0.005801997,0.0014513806,0.00070994766,-8.000000000000001e-45,0.921
2020-05-20,CTD6,4176009,695829,0.008486373,0.012055018,0.01452518,0.0043557077,0.0031929978,0.00085166714,0.0008618086,0.00034784005,0.008569839,0.011951813,0.014282763,0.004426447,0.0032815137,0.00084391586,0.10091156,-8.000000000000001e-45,1.203
2020-05-20,CTD7,4176724,690397,0.0118596535,0.019328048,0.027206529,0.0061171027,0.0047109392,0.001132423,0.0011788134,0.00044028505,0.01182575,0.019141063,0.027455937,0.006478865,0.004576018,0.0011295335,0.17415136,-8.000000000000001e-45,1.418
2020-05-20,CTD8,4174178,693048,0.012737712,0.01838439,0.022453433,0.008183813,0.0052735996,0.0014969724,0.0015348467,0.0006147142,0.012681032,0.018529754,0.022303607,0.008217196,0.005768699,0.0013932198,0.00046544513,-8.000000000000001e-45,1.686
2020-05-20,CTD10,4170388,695646,0.010684167,0.014379839,0.019409567,0.007779386,0.0056462297,0.0014944428,0.0015043294,0.00061749044,0.010719227,0.014404452,0.019286925,0.007915548,0.0057541844,0.0014342134,0.14533597,-8.000000000000001e-45,1.561
2020-05-20,CTD11,4169609,700351,0.01081135,0.014724901,0.02105798,0.0060700863,0.0057707382,0.0013813166,0.001294368,0.0005200071,0.010803748,0.01437552,0.020752203,0.0062279063,0.0051281317,0.0014669924,0.27097762,-8.000000000000001e-45,0.461
2020-05-20,CTD12,4173438,695414,0.010239273,0.014804946,0.018976778,0.0069293324,0.0044678743,0.0012162712,0.0012319826,0.00050221453,0.010211243,0.014835453,0.018828591,0.0069939876,0.004660948,0.0011778029,0.059094854,-8.000000000000001e-45,1.844
2020-12-21,CTD1,4187246,695025,0.012075181,0.015289364,0.022842374,0.0070863813,0.0075188866,0.0018940078,0.0018492821,0.0007001773,0.012008377,0.015022596,0.0230864,0.0072163045,0.0063311514,0.0020449152,0.6713018,-8.000000000000001e-45,0.512
2020-12-21,CTD2,4181518,693105,0.017160047,0.018309873,0.020561816,0.008189708,0.0069126836,0.0019505682,0.001824534,0.0007417517,0.01693048,0.018395258,0.020474875,0.008021221,0.0064013065,0.001896461,0.32393432,-8.000000000000001e-45,0.513
2020-12-21,CTD3,4181698,695238,0.010364343,0.012909074,0.014146757,0.0030515029,0.0021974342,0.00054339244,0.0005430211,0.00021205164,0.010427436,0.0128425,0.01402846,0.00307609,0.0021494334,0.00056305283,0.18907768,-8.000000000000001e-45,0.557
2020-12-21,CTD4,4180266,698264,0.01976565,0.02287226,0.026555838,0.008014794,0.006325501,0.0016528008,0.0015870042,0.0006242102,0.019485468,0.022829382,0.026882373,0.008063828,0.0058166184,0.00165953,0.30924848,-8.000000000000001e-45,0.607
2020-12-21,CTD6,4176009,695829,0.011252023,0.014561193,0.016863398,0.0044845683,0.0037172374,0.0009956894,0.000963444,0.00038531842,0.011305991,0.014591535,0.016623,0.0045516663,0.003595299,0.0010010643,0.32903177,-8.000000000000001e-45,0.76
2020-12-21,CTD7,4176724,690397,0.01256116,0.016585318,0.019300463,0.004853808,0.0036205458,0.0009529027,0.0009232682,0.00037237638,0.0126027,0.016539495,0.019421382,0.004925683,0.0035872485,0.0009644539,0.19206482,-8.000000000000001e-45,0.481
2020-12-21,CTD8,4174178,693048,0.013823346,0.017081661,0.021580065,0.0064600427,0.0053565516,0.0014472692,0.0013660672,0.00057546457,0.013691658,0.016924383,0.021356221,0.006450294,0.0049298797,0.0014548366,0.40955758,-8.000000000000001e-45,0.665
2020-12-21,CTD10,4170388,695646,0.009761426,0.01278762,0.018097695,0.0044725346,0.0036914402,0.0008818622,0.00086044514,0.0003371908,0.009795076,0.012506473,0.018141456,0.00466239,0.003427254,0.00095279934,0.3850112,-8.000000000000001e-45,0.947
2020-12-21,CTD11,4169609,700351,0.010469808,0.017533189,0.023937594,0.005364762,0.0038835173,0.00092532183,0.0008913883,0.00034481884,0.010415659,0.017530834,0.024089132,0.00557307,0.0039041007,0.0009497146,0.13199909,-8.000000000000001e-45,0.95
2020-12-21,CTD12,4173438,695414,0.015224507,0.01791134,0.021085884,0.0065127187,0.0052816314,0.0013906133,0.0013689564,0.00053827453,0.015059154,0.017805936,0.020869233,0.006545233,0.0050116247,0.0014065761,0.2949985,-8.000000000000001e-45,0.814
2021-01-05,CTD1,4187246,695025,0.0071501313,0.010243557,0.017362712,0.004658645,0.0048847147,0.0010841391,0.0010457303,0.00040065695,0.0071520726,0.010005469,0.017537938,0.0049273935,0.0041125175,0.0012186988,0.61268914,-2.878e-42,0.445
2021-01-05,CTD2,4181518,693105,0.0041480693,0.0058079762,0.008049514,0.001624914,0.001303348,0.0003097139,0.00030908213,0.00011818737,0.0041367454,0.005731033,0.008057548,0.0016508306,0.0011945762,0.00032042866,0.33227843,-2.878e-42,0.355
2021-01-05,CTD3,4181698,695238,0.0070279893,0.009581815,0.013652181,0.0028519344,0.0024418985,0.0005622619,0.00055751496,0.00021388811,0.0070450664,0.009444862,0.013733317,0.002939443,0.0022602922,0.00059852615,0.3228113,-2.878e-42,0.686
2021-01-05,CTD4,4180266,698264,0.007927338,0.011550999,0.015929157,0.0034687887,0.0027293852,0.00061785243,0.00060508307,0.00023294006,0.00793437,0.011448597,0.015971394,0.0035746354,0.0025549566,0.0006605114,0.24598096,-8.000000000000001e-45,0.76
2021-01-05,CTD6,4176009,695829,0.0077978903,0.011589868,0.015466692,0.0030886899,0.002606896,0.0005763322,0.000569789,0.00022068252,0.0078033535,0.011510511,0.015623888,0.0032169898,0.002324876,0.0006347586,0.28019813,-2.878e-42,0.49
2021-01-05,CTD7,4176724,690397,0.0069261403,0.009764627,0.014160761,0.0027826268,0.0023063798,0.00051764003,0.0005070865,0.00019681481,0.0069520664,0.009561769,0.014231565,0.00284951,0.0020812447,0.0005713077,0.34535816,-2.878e-42,0.354
2021-01-05,CTD8,4174178,693048,0.00825059,0.011050678,0.016874582,0.0039397455,0.0030643523,0.0007214329,0.00072765397,0.00027420867,0.008282319,0.010808763,0.016897814,0.0040237308,0.002890399,0.0007711074,0.28499877,-8.000000000000001e-45,0.368
2021-01-05,CTD10,4170388,695646,0.008316425,0.012637469,0.019191964,0.0044560498,0.0035758805,0.0008175995,0.0008158806,0.00031547464,0.008331306,0.012425437,0.019335724,0.0046107234,0.0033536192,0.00085808925,0.31014833,-8.000000000000001e-45,0.593
2021-01-05,CTD11,4169609,700351,0.0021601801,0.0032152273,0.004812328,0.0011826723,0.0011646361,0.00024803384,0.00024680758,9.5074785e-05,0.0021642016,0.0031746982,0.004829498,0.0012564274,0.0009795827,0.0002736182,0.50412935,-2.878e-42,0.728
2021-01-05,CTD12,4173438,695414,0.0061754086,0.008826011,0.012931459,0.0030411156,0.0027882878,0.0006360048,0.0006309718,0.00024254763,0.0062026833,0.008693835,0.01309991,0.003172266,0.0024820275,0.0007020034,0.31559747,-2.878e-42,0.367
2021-04-20,CTD1,4187246,695025,0.009022506,0.012346813,0.018926496,0.0043996465,0.0040357127,0.0009242235,0.0009611165,0.0003556043,0.009048147,0.01212359,0.01911091,0.0046059075,0.003602021,0.0010022806,0.4128094,-2.878e-42,0.5
2021-04-20,CTD2,4181518,693105,0.01025309,0.0135711795,0.013792258,0.0025432012,0.0016201842,0.00040550824,0.00040837235,0.00015623707,0.0102635035,0.013548348,0.013877892,0.0025659793,0.0016616214,0.00041494003,0.09680342,-8.000000000000001e-45,0.716
2021-04-20,CTD3,4181698,695238,0.011703613,0.015012079,0.016056277,0.0041436083,0.003027478,0.0008034952,0.0008050892,0.0003205473,0.011777185,0.014979904,0.016241811,0.0041480367,0.0030810472,0.000804404,0.11880982,-8.000000000000001e-45,0.618
2021-04-20,CTD4,4180266,698264,0.016444461,0.022191862,0.02435904,0.0048554596,0.0034770267,0.00084045494,0.00084828737,0.00032464857,0.016502474,0.022117814,0.024540223,0.005003213,0.0034157266,0.00085739244,0.15610082,-8.000000000000001e-45,0.412
2021-04-20,CTD6,4176009,695829,0.0075931596,0.010168771,0.011757326,0.0021990987,0.0014139742,0.00036009477,0.00035450244,0.0001387348,0.0076330653,0.010091408,0.011898873,0.0021880425,0.0014481591,0.0003617849,0.14348024,-8.000000000000001e-45,0.485
2021-04-20,CTD7,4176724,690397,0.013089571,0.018291289,0.021665903,0.004154608,0.0028993608,0.0006950398,0.00070518354,0.00027399094,0.013137389,0.018202215,0.021859482,0.004241862,0.0028665913,0.000715249,0.1486614,-8.000000000000001e-45,0.837
2021-04-20,CTD8,4174178,693048,0.011723499,0.015934955,0.018290818,0.003772194,0.0025684147,0.0006311162,0.00063878624,0.00025058593,0.0117578,0.015811604,0.0182806,0.0038326646,0.0025665145,0.0006399297,0.17756012,-8.000000000000001e-45,0.691
2021-04-20,CTD10,4170388,695646,0.008689006,0.012120138,0.014640753,0.0022545373,0.0017028855,0.00038533754,0.00039223282,0.00014644921,0.008655674,0.01206252,0.014813775,0.002278746,0.0015912349,0.0004137878,0.22769846,-2.878e-42,0.53
2021-04-20,CTD11,4169609,700351,0.017615885,0.024932247,0.027935669,0.0047574877,0.0031486808,0.0007649325,0.00076892454,0.0002955199,0.017721461,0.024831416,0.028279902,0.0048729363,0.0031773576,0.0007793004,0.11527068,-8.000000000000001e-45,0.296
2021-04-20,CTD12,4173438,695414,0.0087295845,0.011958025,0.0146214245,0.0025582665,0.0019617307,0.00045708608,0.00046611685,0.00017480511,0.008760126,0.011944699,0.014655466,0.0026310014,0.0018652983,0.0004779305,0.19639218,-2.878e-42,0.537
2021-06-14,CTD1,4187246,695025,0.0053417357,0.0078120106,0.012485754,0.003360055,0.003186133,0.0007413898,0.00072905165,0.00028582365,0.005385666,0.0076875887,0.012593083,0.0034904918,0.002836571,0.0008122888,0.44686243,-2.878e-42,0.293
2021-06-14,CTD2,4181518,693105,0.010054674,0.013529933,0.013119625,0.0021258136,0.0014351131,0.00037527413,0.0003686103,0.00014854172,0.010075772,0.013532594,0.013035525,0.0021149486,0.00145775,0.0003779363,0.0933212,-2.878e-42,0.376
2021-06-14,CTD3,4181698,695238,0.010910554,0.015513854,0.017606258,0.00427791,0.0028207782,0.0007702196,0.0007695213,0.0003103707,0.010952895,0.015507175,0.017487518,0.0043075583,0.0030033498,0.00075990503,0.061274044,-8.000000000000001e-45,0.31
2021-06-14,CTD4,4180266,698264,0.012776808,0.018124867,0.020110387,0.0058084596,0.003623193,0.0010162801,0.0010233836,0.00042101482,0.0127802985,0.01823182,0.019898336,0.0058178417,0.0039729355,0.0009711196,0.0007163585,-8.000000000000001e-45,0.308
2021-06-14,CTD6,4176009,695829,0.010508764,0.014774878,0.015855478,0.0039971257,0.0025586798,0.00070317683,0.0006916282,0.0002854804,0.0105546955,0.014797397,0.015750848,0.003985899,0.0027165073,0.0006898459,0.00425832,-8.000000000000001e-45,0.414
2021-06-14,CTD7,4176724,690397,0.01086267,0.017397098,0.02365529,0.004714147,0.003451863,0.00080598134,0.00082684314,0.00032732755,0.010867475,0.017192509,0.023818813,0.004857723,0.0033398273,0.0008394703,0.16935931,-2.878e-42,0.677
2021-06-14,CTD8,4174178,693048,0.009128611,0.013102354,0.016433,0.0036707793,0.0026543536,0.0006811367,0.0006768479,0.0002724727,0.009164445,0.013043796,0.016495058,0.003730702,0.0026508956,0.0006940625,0.15058093,-8.000000000000001e-45,0.452
2021-06-14,CTD10,4170388,695646,0.008466679,0.01260766,0.016248906,0.003513484,0.002687811,0.00065651553,0.0006508522,0.0002601751,0.008477238,0.012469585,0.016189491,0.0035834115,0.0025655495,0.0006909678,0.20817406,-2.878e-42,0.594
2021-06-14,CTD11,4169609,700351,0.008366181,0.012796255,0.017699938,0.0040769833,0.0031228794,0.00075276376,0.00075710536,0.00029972658,0.008375604,0.012617674,0.01776358,0.0041596536,0.0029988396,0.00078982447,0.23166423,-8.000000000000001e-45,0.598
2021-06-14,CTD12,4173438,695414,0.008726679,0.0124681145,0.01570397,0.0034489024,0.0024352307,0.0006456837,0.00064430246,0.0002556255,0.008772936,0.012462217,0.01568979,0.0035273668,0.0025111332,0.00063889206,0.11612788,-8.000000000000001e-45,0.488
2021-07-14,CTD1,4187246,695025,0.011561474,0.016278954,0.023100168,0.0077404142,0.00588237,0.0015538387,0.0015394498,0.0006161006,0.0115716485,0.016179254,0.02311477,0.007834479,0.0058438587,0.0015406902,0.2183842,-8.000000000000001e-45,0.397
2021-07-14,CTD2,4181518,693105,0.0,0.0,0.0,0.0,0.0,0.0,0.0,0.0,0.0,0.0,0.0,0.0,0.0,0.0,0.0,0.0,0.531
2021-07-14,CTD3,4181698,695238,0.0,0.0,0.0,0.0,0.0,0.0,0.0,0.0,0.0,0.0,0.0,0.0,0.0,0.0,0.0,0.0,0.57
2021-07-14,CTD4,4180266,698264,0.0,0.0,0.0,0.0,0.0,0.0,0.0,0.0,0.0,0.0,0.0,0.0,0.0,0.0,0.0,0.0,0.605
2021-07-14,CTD6,4176009,695829,0.0,0.0,0.0,0.0,0.0,0.0,0.0,0.0,0.0,0.0,0.0,0.0,0.0,0.0,0.0,0.0,0.645
2021-07-14,CTD7,4176724,690397,0.0,0.0,0.0,0.0,0.0,0.0,0.0,0.0,0.0,0.0,0.0,0.0,0.0,0.0,0.0,0.0,0.518
2021-07-14,CTD8,4174178,693048,0.0,0.0,0.0,0.0,0.0,0.0,0.0,0.0,0.0,0.0,0.0,0.0,0.0,0.0,0.0,0.0,0.581
2021-07-14,CTD10,4170388,695646,0.0,0.0,0.0,0.0,0.0,0.0,0.0,0.0,0.0,0.0,0.0,0.0,0.0,0.0,0.0,0.0,0.547
2021-07-14,CTD11,4169609,700351,0.0,0.0,0.0,0.0,0.0,0.0,0.0,0.0,0.0,0.0,0.0,0.0,0.0,0.0,0.0,0.0,0.53
2021-07-14,CTD12,4173438,695414,0.0,0.0,0.0,0.0,0.0,0.0,0.0,0.0,0.0,0.0,0.0,0.0,0.0,0.0,0.0,0.0,0.613
2021-08-03,CTD1,4187246,695025,0.011522311,0.016048806,0.023538599,0.007903244,0.006785592,0.0017169529,0.0017216034,0.00067787943,0.011517508,0.015860552,0.023587022,0.008031854,0.0063131554,0.001756251,0.34317932,-8.000000000000001e-45,1.22
2021-08-03,CTD2,4181518,693105,0.010184203,0.013924675,0.018290818,0.007159973,0.004977984,0.0014117871,0.0014047571,0.00057959824,0.010219939,0.0138906315,0.018245727,0.007153533,0.005226133,0.0013635966,0.11259637,-8.000000000000001e-45,1.965
2021-08-03,CTD3,4181698,695238,0.011229168,0.015598229,0.02029785,0.0073122694,0.0051254267,0.0013629306,0.0013970413,0.0005637624,0.011255917,0.01565662,0.02028962,0.007407531,0.0051656268,0.0013619682,0.077572614,-8.000000000000001e-45,1.956
2021-08-03,CTD4,4180266,698264,0.012050579,0.016108768,0.020365216,0.008992608,0.0066583687,0.001903036,0.0018825707,0.00077345024,0.012024784,0.016052997,0.020086857,0.008977825,0.006747968,0.0018159745,0.09783009,-8.000000000000001e-45,2.028
2021-08-03,CTD6,4176009,695829,0.01071672,0.014336075,0.018296884,0.010199963,0.006642963,0.0019480349,0.0019383645,0.0008224537,0.010740309,0.014416866,0.01784885,0.01018605,0.007319729,0.0018365182,0.0007624604,-8.000000000000001e-45,2.561
2021-08-03,CTD7,4176724,690397,0.017839089,0.027999908,0.046883732,0.02285627,0.018745717,0.005029898,0.0049988986,0.0019839369,0.017623508,0.028100451,0.047212217,0.022857836,0.018149868,0.0049708774,0.27401975,-8.000000000000001e-45,4.118
2021-08-03,CTD8,4174178,693048,0.010054674,0.014138416,0.019551666,0.008986099,0.006650661,0.001903036,0.0019031847,0.00077452004,0.010092988,0.01415386,0.019335724,0.009021764,0.0068678595,0.0018365182,0.10280557,-8.000000000000001e-45,2.571
2021-08-03,CTD10,4170388,695646,0.0111836,0.015587657,0.02287256,0.01180999,0.008973673,0.002573684,0.0025613036,0.0010550269,0.011153174,0.015594952,0.022622416,0.011764589,0.009013484,0.0024757108,0.16946214,-8.000000000000001e-45,3.021
2021-08-03,CTD11,4169609,700351,0.0074649015,0.009559623,0.014174779,0.0073936936,0.0075803995,0.0022265424,0.0021315604,0.00091827655,0.0075378437,0.009509004,0.013964399,0.0074647586,0.0067933137,0.0023117047,0.5849144,-8.000000000000001e-45,3.514
2021-08-03,CTD12,4173438,695414,0.0095699625,0.012480733,0.017658891,0.009277225,0.0070969914,0.0021249235,0.0020834636,0.00088341977,0.00958661,0.01265492,0.01740377,0.009190373,0.0072157932,0.0020145886,0.10538474,-8.000000000000001e-45,2.54
2021-08-13,CTD1,4187246,695025,0.008540086,0.012384326,0.019128425,0.007206068,0.006007824,0.0015797995,0.0016055087,0.00064311066,0.008564813,0.01225376,0.01920785,0.007313822,0.0057479735,0.001606353,0.3315119,-8.000000000000001e-45,1.09
2021-08-13,CTD2,4181518,693105,0.009490057,0.01356659,0.018290818,0.00693919,0.0048205606,0.0013544065,0.0013620337,0.0005612538,0.009548093,0.013579902,0.018118357,0.0069587026,0.0050520347,0.0013287154,0.0845356,-8.000000000000001e-45,3.139
2021-08-13,CTD3,4181698,695238,0.012034207,0.016434211,0.02322244,0.010671126,0.008094645,0.0023913835,0.0023630296,0.0009818252,0.011952717,0.016347235,0.022930877,0.010608147,0.008369769,0.0022101137,0.11822493,-8.000000000000001e-45,2.398
2021-08-13,CTD4,4180266,698264,0.01107053,0.014794917,0.019885037,0.008850549,0.006408895,0.0018503537,0.0018581505,0.0007586407,0.011066559,0.014865104,0.01968651,0.00879236,0.0066369125,0.001801226,0.06720503,-8.000000000000001e-45,1.22
2021-08-13,CTD6,4176009,695829,0.010273853,0.014210406,0.019694792,0.009914624,0.0071966266,0.0021212217,0.002139064,0.0008813658,0.010272234,0.014466603,0.019470474,0.009827976,0.0073580686,0.0020061065,0.04185737,-8.000000000000001e-45,3.008
2021-08-13,CTD7,4176724,690397,0.013314515,0.021050442,0.034187928,0.01544793,0.011215475,0.002945108,0.0029543731,0.0011872995,0.0132075455,0.021228302,0.034246575,0.015546446,0.011353773,0.0028560166,0.13313909,-8.000000000000001e-45,4.491
2021-08-13,CTD8,4174178,693048,0.0,0.0,0.0,0.0,0.0,0.0,0.0,0.0,0.0,0.0,0.0,0.0,0.0,0.0,0.0,0.0,3.955
2021-08-13,CTD10,4170388,695646,0.009800869,0.013388847,0.019990774,0.010663352,0.008688413,0.0025567287,0.0025533643,0.0010545301,0.009769871,0.013309678,0.019835833,0.010668615,0.008612096,0.002497934,0.22553751,-8.000000000000001e-45,3.209
2021-08-13,CTD11,4169609,700351,0.007992957,0.010740745,0.015349439,0.0088729905,0.007501406,0.0022490534,0.002186602,0.00091999315,0.008036239,0.010711085,0.015130173,0.0088644205,0.007368321,0.0022117887,0.25083315,-8.000000000000001e-45,1.809
2021-08-13,CTD12,4173438,695414,0.010353859,0.01483005,0.021910906,0.010753106,0.008366641,0.0024146014,0.0024459586,0.000994341,0.010315974,0.01484392,0.021866258,0.010739511,0.0083526755,0.002348503,0.18423292,-8.000000000000001e-45,3.173
2021-11-11,CTD1,4187246,695025,0.008349558,0.0120997485,0.018683255,0.0044396357,0.003709069,0.0008384945,0.0008376495,0.00032305362,0.008373138,0.011941143,0.018822623,0.00462681,0.003419565,0.00091012014,0.30513978,-8.000000000000001e-45,0.945
2021-11-11,CTD2,4181518,693105,0.0074380827,0.010061041,0.014170105,0.003528161,0.0028287217,0.00070795446,0.0007019655,0.00028061453,0.0074928612,0.009981032,0.014212989,0.003616197,0.0027175292,0.000737987,0.3088892,-8.000000000000001e-45,0.944
2021-11-11,CTD3,4181698,695238,0.006171476,0.008901775,0.010939075,0.0017716658,0.0011984216,0.0002961194,0.00028780155,0.000111717476,0.006183734,0.008909459,0.010980201,0.0017789734,0.0011834686,0.00029994114,0.11135063,-2.878e-42,0.919
2021-11-11,CTD4,4180266,698264,0.009586031,0.013584957,0.018895136,0.004872014,0.0035395676,0.0008681379,0.0008614675,0.0003378887,0.009630782,0.013524721,0.019032458,0.004987615,0.003460766,0.000889307,0.22675069,-8.000000000000001e-45,0.856
2021-11-11,CTD6,4176009,695829,0.0076456545,0.011703371,0.017322453,0.004026189,0.0029531773,0.0007055607,0.0006969063,0.00027420867,0.007662748,0.011579635,0.017420491,0.0041683866,0.002906743,0.0007243172,0.21437362,-8.000000000000001e-45,0.843
2021-11-11,CTD7,4176724,690397,0.014544116,0.02340709,0.03708863,0.011115862,0.007859099,0.0018899193,0.0018695039,0.000725604,0.014504495,0.023292378,0.03722905,0.011469267,0.0077776383,0.0018529581,0.18805386,-8.000000000000001e-45,0.921
2021-11-11,CTD8,4174178,693048,0.01086267,0.017087452,0.02762744,0.007846685,0.0060797837,0.0013766943,0.0013574401,0.00051840214,0.010834058,0.01698995,0.027750386,0.008165798,0.0057046646,0.0014583002,0.17478576,-8.000000000000001e-45,0.87
2021-11-11,CTD10,4170388,695646,0.009098157,0.0137188835,0.021587206,0.004957458,0.004112779,0.00089796155,0.00088537857,0.00034610985,0.009098218,0.013465799,0.021758044,0.0051796366,0.0036918817,0.00096055376,0.2403584,-8.000000000000001e-45,0.873
2021-11-11,CTD11,4169609,700351,0.00743565,0.011691575,0.017741082,0.0042608446,0.0029024342,0.00071330904,0.00069373363,0.00027204078,0.0074414187,0.01157617,0.017831767,0.0043422906,0.0029231783,0.0007210863,0.1634947,-8.000000000000001e-45,0.851
2021-11-11,CTD12,4173438,695414,0.0071014496,0.011286536,0.016232764,0.004008985,0.0030415156,0.0007146553,0.0007100439,0.00027783148,0.0071219685,0.0112071065,0.016273275,0.0041567464,0.0029585469,0.0007434063,0.18907768,-8.000000000000001e-45,0.823
2021-12-01,CTD1,4187246,695025,0.005445745,0.007385497,0.01229519,0.0029505023,0.0031622406,0.0007352222,0.00073241926,0.00028106294,0.0054966654,0.0072008763,0.012444678,0.003085788,0.0026880475,0.000804731,0.5247923,-2.878e-42,0.437
2021-12-01,CTD2,4181518,693105,0.004368069,0.006203405,0.0070376256,0.0014067206,0.0010230578,0.0002507933,0.0002467395,9.70622e-05,0.0043282667,0.006190624,0.006987754,0.0014496597,0.001003931,0.00025035223,0.32619095,-2.878e-42,0.542
2021-12-01,CTD3,4181698,695238,0.0055106836,0.007681685,0.009122985,0.0019243752,0.0017276616,0.00036636542,0.0003824756,0.0001405416,0.005494968,0.0077190036,0.008962759,0.0019712255,0.0015894726,0.000405175,0.46935496,-2.878e-42,0.587
2021-12-01,CTD4,4180266,698264,0.007675834,0.010965883,0.0146455895,0.0028606423,0.002433567,0.0005755047,0.0005613659,0.0002166394,0.0077132056,0.010798961,0.014712852,0.002930217,0.0023144174,0.00061176484,0.29396713,-2.878e-42,0.858
2021-12-01,CTD6,4176009,695829,0.010266927,0.015784409,0.02322244,0.0048836404,0.0035797963,0.00083816826,0.00081940845,0.000318064,0.010266413,0.015612552,0.023435911,0.0050660637,0.0035300564,0.0008640347,0.19580211,-8.000000000000001e-45,0.776
2021-12-01,CTD7,4176724,690397,0.013323595,0.022124879,0.031316724,0.005991919,0.0041082003,0.000970143,0.0009140783,0.00035545594,0.013345115,0.022145998,0.03153966,0.0062364116,0.004140059,0.0009861814,0.081638835,-8.000000000000001e-45,0.715
2021-12-01,CTD8,4174178,693048,0.01008859,0.015629988,0.023376156,0.0048886333,0.0037131505,0.00087806274,0.0008611266,0.00033649462,0.01007004,0.015376218,0.023529362,0.005060798,0.003702918,0.00088068395,0.23415785,-8.000000000000001e-45,0.81
2021-12-01,CTD10,4170388,695646,0.012099834,0.019334583,0.03165196,0.009700765,0.0070204884,0.001703762,0.001688464,0.0006732691,0.012077399,0.019135954,0.031875953,0.010008906,0.007048638,0.0016949755,0.19079566,-8.000000000000001e-45,0.89
2021-12-01,CTD11,4169609,700351,0.01118739,0.017616538,0.024302976,0.0064509297,0.004610971,0.0011691696,0.0011474936,0.00045540262,0.011193562,0.017521238,0.024428671,0.0066504343,0.004719524,0.0011428008,0.14658582,-8.000000000000001e-45,0.702
2021-12-01,CTD12,4173438,695414,0.011620479,0.018075842,0.023937594,0.00496932,0.0036995648,0.00083588896,0.0008219855,0.00031702523,0.011635588,0.018010631,0.02405979,0.0051528052,0.0035326972,0.0008654395,0.22352894,-8.000000000000001e-45,0.816
2022-02-24,CTD1,4187246,695025,0.0050685056,0.00707284,0.012343547,0.0037599455,0.003779153,0.0008777183,0.0009093417,0.0003517703,0.005120484,0.006950942,0.012502193,0.0039387555,0.003220561,0.0009711196,0.60254896,-2.8899999999999995e-42,0.523
2022-02-24,CTD2,4181518,693105,0.00536668,0.0077943215,0.009423725,0.0015794903,0.0011617471,0.00026922874,0.0002720815,0.000102389604,0.00534748,0.0077335434,0.009439104,0.0015741512,0.0011065144,0.00028414748,0.22352894,-2.8899999999999995e-42,0.432
2022-02-24,CTD3,4181698,695238,0.005109187,0.0072772168,0.010381314,0.0023178232,0.0017668144,0.00043036172,0.0004338026,0.00016725119,0.005149151,0.0071173846,0.0103925215,0.0023924503,0.0017161104,0.00043437068,0.27954182,-2.878e-42,0.428
2022-02-24,CTD4,4180266,698264,0.0066134897,0.009787338,0.013602837,0.0032771018,0.0024079566,0.0005838474,0.00059143186,0.00023590826,0.006620956,0.009742509,0.0135678975,0.0033632715,0.0023231294,0.0006075649,0.23249269,-2e-44,0.375
2022-02-24,CTD6,4176009,695829,0.009496423,0.01483005,0.020780908,0.0042171287,0.0030774912,0.0007230711,0.00072375743,0.0002821877,0.00949602,0.014725721,0.020882271,0.0043803505,0.0029954615,0.000747649,0.18919174,-8.000000000000001e-45,0.262
2022-02-24,CTD7,4176724,690397,0.035253625,0.0554109,0.07498239,0.018938396,0.011115656,0.0027779508,0.0027183462,0.0011164703,0.03574185,0.053896718,0.07491162,0.019240445,0.012020914,0.002522199,0.021530984,-8.000000000000001e-45,0.482
2022-02-24,CTD8,4174178,693048,0.011948629,0.019282376,0.02599626,0.0043353797,0.003098429,0.00072581135,0.0007135792,0.00027738928,0.011946181,0.019176858,0.026200289,0.004414109,0.0030056073,0.0007543651,0.14453788,-2.878e-42,0.264
2022-02-24,CTD10,4170388,695646,0.009086007,0.014845134,0.02279717,0.004945629,0.0036284935,0.0008470291,0.0008489575,0.0003312587,0.009082382,0.014742562,0.022923827,0.0051581613,0.0035765416,0.00088104163,0.16449194,-2e-44,0.323
2022-02-24,CTD11,4169609,700351,0.006035644,0.010034303,0.01634069,0.0040195617,0.0031228794,0.0007130401,0.00074063474,0.00028893535,0.0060321772,0.00992017,0.01646321,0.004188834,0.0029696857,0.0007531395,0.24467278,-2.878e-42,0.329
2022-02-24,CTD12,4173438,695414,0.007880463,0.012392678,0.017723437,0.0030111487,0.0023212412,0.000520728,0.0005207578,0.00020054687,0.007849932,0.012250129,0.017797643,0.003119432,0.0021550842,0.0005497906,0.19710246,-2.878e-42,0.258
2022-06-24,CTD1,4187246,695025,0.0,0.0,0.0,0.0,0.0,0.0,0.0,0.0,0.0,0.0,0.0,0.0,0.0,0.0,0.0,0.0,0.305
2022-06-24,CTD2,4181518,693105,0.008741216,0.011113801,0.013724291,0.004853808,0.0038479003,0.0010987746,0.0010056555,0.00041563765,0.008808884,0.011072963,0.01363027,0.004844238,0.0037473778,0.001116413,0.20817406,-2e-44,0.328
2022-06-24,CTD3,4181698,695238,0.029256366,0.0371262,0.029803883,0.008755049,0.0042910483,0.00133141,0.0013140994,0.00055454276,0.029068535,0.03728936,0.029191105,0.0089544635,0.0053277495,0.0011277151,0.00012005651,-8.000000000000001e-45,0.274
2022-06-24,CTD4,4180266,698264,0.031454302,0.03711439,0.02484462,0.0035876194,0.0017662551,0.00062949694,0.00062443264,0.00025572552,0.031034196,0.037512936,0.024667148,0.003646726,0.0021486275,0.0005598761,0.00012017049,-8.000000000000001e-45,0.48
2022-06-24,CTD6,4176009,695829,0.0,0.0,0.0,0.0,0.0,0.0,0.0,0.0,0.0,0.0,0.0,0.0,0.0,0.0,0.0,0.0,0.311
2022-06-24,CTD7,4176724,690397,0.0,0.0,0.0,0.0,0.0,0.0,0.0,0.0,0.0,0.0,0.0,0.0,0.0,0.0,0.0,0.0,0.522
2022-06-24,CTD8,4174178,693048,0.0,0.0,0.0,0.0,0.0,0.0,0.0,0.0,0.0,0.0,0.0,0.0,0.0,0.0,0.0,0.0,0.47
2022-06-24,CTD10,4170388,695646,0.0,0.0,0.0,0.0,0.0,0.0,0.0,0.0,0.0,0.0,0.0,0.0,0.0,0.0,0.0,0.0,0.465
2022-06-24,CTD11,4169609,700351,0.0,0.0,0.0,0.0,0.0,0.0,0.0,0.0,0.0,0.0,0.0,0.0,0.0,0.0,0.0,0.0,0.28
2022-06-24,CTD12,4173438,695414,0.0,0.0,0.0,0.0,0.0,0.0,0.0,0.0,0.0,0.0,0.0,0.0,0.0,0.0,0.0,0.0,0.433
2022-07-14,CTD1,4187246,695025,0.014824679,0.021552308,0.031235939,0.010008808,0.009075554,0.002223624,0.0022830537,0.00087523443,0.014636184,0.021404281,0.031358983,0.010134256,0.007961907,0.002284,0.4128094,-8.000000000000001e-45,0.304
2022-07-14,CTD2,4181518,693105,0.01671572,0.021998877,0.020981427,0.0049761124,0.0032497041,0.00080691604,0.000819087,0.0003254495,0.016773297,0.02193239,0.020765178,0.005083654,0.0032411607,0.0008116288,0.032879587,-8.000000000000001e-45,0.322
2022-07-14,CTD3,4181698,695238,0.014708797,0.019432835,0.021687413,0.00466022,0.0032415325,0.0007887683,0.00079913216,0.0003066072,0.014757291,0.019423557,0.02181886,0.0048123533,0.0032631112,0.0008136104,0.15383263,-8.000000000000001e-45,0.375
2022-07-14,CTD4,4180266,698264,0.015386382,0.02014101,0.022268714,0.004445596,0.0029594619,0.00074026384,0.00074636476,0.00029079852,0.015443202,0.020118602,0.022186734,0.0045295097,0.0029988396,0.0007443134,0.12776761,-8.000000000000001e-45,0.296
2022-07-14,CTD6,4176009,695829,0.019698787,0.02728801,0.028036067,0.007008624,0.0045048734,0.0011412513,0.0011729592,0.00047173255,0.019802447,0.02744736,0.027733963,0.0071511283,0.004599654,0.0011110265,0.0025628002,-8.000000000000001e-45,0.375
2022-07-14,CTD7,4176724,690397,0.032669242,0.047075305,0.057685953,0.017370896,0.010621216,0.0026567238,0.0026894996,0.0010751021,0.032581624,0.04635394,0.058026187,0.017706072,0.011191441,0.002429041,0.030454706,-8.000000000000001e-45,0.465
2022-07-14,CTD8,4174178,693048,0.02037031,0.028465003,0.033796404,0.009676129,0.0063011916,0.0016317714,0.0016517428,0.00066899724,0.020301647,0.028492443,0.03409297,0.009793369,0.00643321,0.0015431229,0.037729874,-8.000000000000001e-45,0.475
2022-07-14,CTD10,4170388,695646,0.017236192,0.023921568,0.02705575,0.007934538,0.0051586134,0.0013958734,0.0014263722,0.0005655259,0.017335834,0.024015682,0.027147781,0.00813079,0.0054686326,0.0013192038,0.038012087,-8.000000000000001e-45,0.479
2022-07-14,CTD11,4169609,700351,0.011711564,0.015398587,0.01895162,0.004710955,0.0034681957,0.0009151297,0.00090067193,0.00036235654,0.011764259,0.015376218,0.01887041,0.004800657,0.003534018,0.00090020243,0.22837768,-8.000000000000001e-45,0.433
2022-07-14,CTD12,4173438,695414,0.019799164,0.027269972,0.030645905,0.007894733,0.005078968,0.0012899312,0.0013336054,0.000528818,0.019779712,0.027255023,0.03073269,0.008071838,0.0052147396,0.001266496,0.044159632,-8.000000000000001e-45,0.428
2022-08-03,CTD1,4187246,695025,0.013668657,0.019282376,0.027331281,0.008338577,0.0067672627,0.00176249,0.001781502,0.0006938158,0.013619694,0.019120632,0.02743151,0.008489493,0.006721834,0.0017230139,0.3535896,-8.000000000000001e-45,0.249
2022-08-03,CTD2,4181518,693105,0.015069469,0.020518161,0.022468273,0.0058921822,0.003657805,0.0009806611,0.0010003655,0.00040116892,0.015136223,0.020566247,0.02249028,0.0059898836,0.003947907,0.00093975646,0.06262773,-8.000000000000001e-45,0.389
2022-08-03,CTD3,4181698,695238,0.015208932,0.019472271,0.021845793,0.0063762865,0.0042846496,0.0011333487,0.0011498691,0.0004510794,0.015229052,0.019558106,0.021522885,0.006511973,0.004382825,0.0011173132,0.11107562,-8.000000000000001e-45,0.391
2022-08-03,CTD4,4180266,698264,0.01681857,0.021378973,0.024455432,0.007671343,0.0052595763,0.0014237054,0.0014306179,0.00057315384,0.01671562,0.021387743,0.024221538,0.007777382,0.0054706126,0.001385483,0.11691905,-8.000000000000001e-45,0.381
2022-08-03,CTD6,4176009,695829,0.015079755,0.019743828,0.02435904,0.007583898,0.005279622,0.0013906133,0.0014047571,0.0005632597,0.0150938025,0.019839609,0.02425104,0.0077206455,0.0053723967,0.001347393,0.11807913,-8.000000000000001e-45,0.488
2022-08-03,CTD7,4176724,690397,0.030337982,0.044673387,0.057837497,0.01703418,0.010156366,0.0025567287,0.0025704086,0.0010170116,0.030540774,0.044217587,0.058146887,0.01744313,0.010861558,0.0023004152,0.017852576,-8.000000000000001e-45,0.434
2022-08-03,CTD8,4174178,693048,0.020048844,0.028690701,0.037798602,0.01409754,0.009279206,0.0024273656,0.0024470412,0.0009776906,0.01992547,0.028880784,0.03793756,0.014333298,0.009638846,0.0022565802,0.044629753,-8.000000000000001e-45,0.52
2022-08-03,CTD10,4170388,695646,0.014366574,0.019924644,0.025247937,0.008263786,0.005432619,0.0014712672,0.0014776231,0.0006034757,0.0144296065,0.019944575,0.025225807,0.008345527,0.0057978258,0.0013926659,0.067288965,-8.000000000000001e-45,0.496
2022-08-03,CTD11,4169609,700351,0.011018176,0.014453082,0.018139767,0.005970986,0.00443453,0.0011773575,0.0011522501,0.00047462212,0.011041907,0.014363134,0.018037708,0.0059960396,0.004347352,0.0011646181,0.15801522,-8.000000000000001e-45,0.505
2022-08-03,CTD12,4173438,695414,0.030337982,0.039044227,0.047170177,0.018148495,0.012036797,0.003178636,0.0032374803,0.0012664469,0.029788416,0.03921329,0.047271837,0.018359888,0.01232277,0.0028852357,0.0502423,-8.000000000000001e-45,0.507
2022-09-07,CTD1,4187246,695025,0.008099205,0.011373971,0.018863827,0.0069663776,0.007066834,0.0018479605,0.0017784155,0.0006995382,0.008122375,0.011139863,0.019008376,0.007165567,0.0062016873,0.0019476038,0.65438354,-8.000000000000001e-45,0.523
2022-09-07,CTD2,4181518,693105,0.0072321086,0.010461018,0.014943761,0.0039358693,0.003082985,0.0007456307,0.0007553512,0.00030069816,0.007269235,0.010268339,0.014949323,0.0040491465,0.0030294124,0.00077708607,0.22406293,-8.000000000000001e-45,0.365
2022-09-07,CTD3,4181698,695238,0.007896054,0.011358714,0.015839737,0.0038580298,0.0027028415,0.00066140085,0.0006794131,0.00026274525,0.007927304,0.011250999,0.015858212,0.0039017084,0.0027359899,0.00067845243,0.1254305,-8.000000000000001e-45,0.355
2022-09-07,CTD4,4180266,698264,0.00637785,0.009343853,0.012927216,0.003763615,0.0026598952,0.00066955906,0.0006669546,0.0002678728,0.0063931323,0.009352247,0.012886444,0.0038555444,0.0027103836,0.0006748798,0.1780984,-8.000000000000001e-45,0.311
2022-09-07,CTD6,4176009,695829,0.009797576,0.014109724,0.018788898,0.00492039,0.0035344143,0.00083980086,0.0008492928,0.0003363556,0.009837202,0.0140480995,0.018954284,0.0050977673,0.003499825,0.0008490742,0.1634947,-8.000000000000001e-45,0.288
2022-09-07,CTD7,4176724,690397,0.051050186,0.077376164,0.10562659,0.04671048,0.026958877,0.0065665254,0.0065243295,0.0025258258,0.05050729,0.07189113,0.10328871,0.046132997,0.03184006,0.0059181936,0.0008005433,-8.000000000000001e-45,0.295
2022-09-07,CTD8,4174178,693048,0.025196357,0.039639264,0.057082795,0.020637847,0.012806748,0.0031519295,0.0031434218,0.0012367277,0.025308518,0.03975306,0.05722488,0.020955367,0.013519836,0.0028560166,0.0022066294,-8.000000000000001e-45,0.304
2022-09-07,CTD10,4170388,695646,0.0070600216,0.010503001,0.015626188,0.004465033,0.0034406073,0.0008271657,0.000819087,0.00032504875,0.0070941136,0.010400424,0.015659343,0.004623588,0.0033198642,0.00085878663,0.22193407,-8.000000000000001e-45,0.259
2022-09-07,CTD11,4169609,700351,0.0067209364,0.010024295,0.015329141,0.003772194,0.0027931822,0.00065895263,0.00066444615,0.00026233195,0.0067345016,0.00988986,0.01540768,0.0038880745,0.0026840062,0.0006718718,0.2700234,-8.000000000000001e-45,0.184
2022-09-07,CTD12,4173438,695414,0.012586839,0.019016959,0.026590638,0.0072421427,0.0048589422,0.0011812331,0.0011822437,0.00046743566,0.012592508,0.0190187,0.026682667,0.007482252,0.0049642455,0.0011693108,0.090129405,-8.000000000000001e-45,0.328
2023-01-10,CTD1,4187246,695025,0.004884247,0.006287447,0.009094089,0.0028519344,0.0028138491,0.00065047067,0.0006612022,0.00027021437,0.0049917973,0.0062063513,0.009164318,0.0030101244,0.0025262898,0.0007210863,0.5811267,-8.000000000000001e-45,0.771
2023-01-10,CTD2,4181518,693105,0.005253073,0.00647587,0.0085940305,0.0023351857,0.0020255456,0.00048766664,0.00048512142,0.00018640334,0.0052947747,0.0063900193,0.008638612,0.0023734968,0.001830169,0.00054185843,0.4090949,-8.000000000000001e-45,0.826
2023-01-10,CTD3,4181698,695238,0.0046712183,0.006525032,0.0063540237,0.0010667664,0.00073821296,0.00018155418,0.0001781139,6.7915265e-05,0.004696606,0.0064674057,0.006261795,0.0010705024,0.000714221,0.00018219509,0.092858545,-8.000000000000001e-45,0.872
2023-01-10,CTD4,4180266,698264,0.0091255605,0.013910544,0.019096732,0.0037697405,0.002914766,0.0006723057,0.0006496332,0.00025612616,0.009119368,0.013694776,0.019250393,0.0038731312,0.0027287959,0.0007005787,0.26389584,-8.000000000000001e-45,0.778
2023-01-10,CTD6,4176009,695829,0.011530132,0.014345788,0.016575212,0.004487583,0.0032649431,0.00087291264,0.00084761786,0.00033593888,0.011616378,0.014157941,0.016378552,0.0045342487,0.0032975436,0.0008943753,0.22273017,-8.000000000000001e-45,0.773
2023-01-10,CTD7,4176724,690397,0.03292338,0.0499527,0.06213296,0.01704654,0.010105101,0.00260565,0.0025240998,0.0010079729,0.033143837,0.048792027,0.06263294,0.01732229,0.011052186,0.0023108346,0.063652605,-8.000000000000001e-45,0.718
2023-01-10,CTD8,4174178,693048,0.019519327,0.027144017,0.0343742,0.009117222,0.006349909,0.0015657617,0.0015056143,0.0005945958,0.019494485,0.02715914,0.034671552,0.009364625,0.0062393923,0.0015093815,0.11895648,-8.000000000000001e-45,0.764
2023-01-10,CTD10,4170388,695646,0.0059351167,0.007824673,0.010889596,0.0032957785,0.0031006425,0.00076405547,0.00074092,0.00029291186,0.0059916023,0.007682766,0.010904106,0.0033857268,0.002778506,0.000812619,0.38632736,-8.000000000000001e-45,0.54
2023-01-10,CTD11,4169609,700351,0.012872893,0.01936728,0.022624673,0.0048143575,0.0031520645,0.0008303839,0.0007975732,0.00031650736,0.012838749,0.019408073,0.022671258,0.004837509,0.0032753684,0.0008357268,0.08984967,-8.000000000000001e-45,0.381
2023-01-10,CTD12,4173438,695414,0.0064746654,0.008794172,0.012080088,0.0027834692,0.0022480797,0.0005451274,0.0005404894,0.00021047072,0.006517054,0.008707342,0.01217288,0.0028395846,0.0021591296,0.000579688,0.29898268,-8.000000000000001e-45,0.684
2023-01-20,CTD1,4187246,695025,0.010173913,0.012346813,0.0182242,0.0068194824,0.0074405544,0.0019924517,0.0019528018,0.00077738066,0.010188083,0.012015991,0.018368036,0.006923575,0.006362751,0.0021253126,0.9599574,-8.000000000000001e-45,0.639
2023-01-20,CTD2,4181518,693105,0.0,0.0,0.0,0.0,0.0,0.0,0.0,0.0,0.0,0.0,0.0,0.0,0.0,0.0,0.0,0.0,0.961
2023-01-20,CTD3,4181698,695238,0.011240589,0.0152376285,0.01754796,0.003663662,0.0027009572,0.0006720554,0.00067200605,0.0002574336,0.01126842,0.015121144,0.017414916,0.0037556093,0.0027246936,0.00070314534,0.19639218,-8.000000000000001e-45,0.905
2023-01-20,CTD4,4180266,698264,0.014875347,0.021910341,0.027600395,0.007338429,0.0065235686,0.0014976056,0.0014896393,0.00060239155,0.014905801,0.021831676,0.027882038,0.007692412,0.0057293773,0.001562096,0.28583404,-2e-44,0.568
2023-01-20,CTD6,4176009,695829,0.009082972,0.012330179,0.01696996,0.004263683,0.0035589684,0.0008573394,0.00082489604,0.0003259848,0.009108787,0.012213864,0.017044934,0.004395664,0.0033699898,0.0008987422,0.26623732,-8.000000000000001e-45,0.418
2023-01-20,CTD7,4176724,690397,0.03941967,0.05826077,0.07390955,0.021123923,0.0129512865,0.0031687699,0.003068546,0.0011957698,0.03951646,0.056540634,0.07428066,0.021648945,0.013764766,0.0028414987,0.027579674,-8.000000000000001e-45,0.899
2023-01-20,CTD8,4174178,693048,0.022905659,0.033183824,0.04332782,0.012311901,0.008554229,0.0020827677,0.0020374134,0.00079515396,0.022929814,0.03326048,0.04365202,0.012643661,0.008481575,0.0020022613,0.11025451,-8.000000000000001e-45,0.65
2023-01-20,CTD10,4170388,695646,0.01087738,0.014605656,0.019409567,0.004942255,0.004019303,0.0009597557,0.0009214217,0.00036540563,0.010867475,0.014474906,0.01956898,0.0051013012,0.003730646,0.0010314843,0.29586047,-8.000000000000001e-45,0.455
2023-01-20,CTD11,4169609,700351,0.0,0.0,0.0,0.0,0.0,0.0,0.0,0.0,0.0,0.0,0.0,0.0,0.0,0.0,0.0,0.0,0.178
2023-01-20,CTD12,4173438,695414,0.00944246,0.013807363,0.01720224,0.0035338257,0.0024063156,0.00061605,0.00060263305,0.00023892318,0.009414267,0.013734567,0.017292654,0.0036010281,0.0024951298,0.00062784535,0.13412373,-8.000000000000001e-45,0.479
2023-03-01,CTD1,4187246,695025,0.004324208,0.0057936506,0.010111012,0.0023766002,0.0025755223,0.0005944882,0.00061614637,0.00022757378,0.004381253,0.0056730662,0.010296472,0.0024991774,0.0021421907,0.0006839862,0.8354281,-2.878e-42,0.328
2023-03-01,CTD2,4181518,693105,0.007610613,0.010605205,0.014235691,0.0024409075,0.0020050835,0.0004458458,0.00044759325,0.00017258525,0.0076467525,0.010505231,0.014217631,0.0024922532,0.001815907,0.00047773888,0.27660578,-2.878e-42,0.346
2023-03-01,CTD3,4181698,695238,0.009696065,0.013896428,0.016975587,0.0030571874,0.0025020482,0.0005648798,0.00055751496,0.00021606937,0.009705692,0.013766466,0.017149141,0.0031490398,0.0023014117,0.0006063353,0.269706,-2.878e-42,0.356
2023-03-01,CTD4,4180266,698264,0.030052075,0.038274556,0.04480784,0.014393692,0.010101168,0.0026067994,0.0026152816,0.0010198837,0.029587615,0.03820175,0.04516631,0.014502885,0.01008115,0.0024390435,0.13787861,-8.000000000000001e-45,0.256
2023-03-01,CTD6,4176009,695829,0.011475498,0.01614704,0.018091694,0.0031293717,0.0021835337,0.00052827183,0.00052168564,0.00019936649,0.011479407,0.016084492,0.01819932,0.0031600783,0.0021901315,0.0005591978,0.12420089,-8.000000000000001e-45,0.221
2023-03-01,CTD7,4176724,690397,0.03357694,0.04942905,0.052571364,0.006401061,0.0039514857,0.0010555341,0.00094766857,0.00037631605,0.034133438,0.048110314,0.05377008,0.006132942,0.0039966283,0.0010653725,0.055831056,-8.000000000000001e-45,0.265
2023-03-01,CTD8,4174178,693048,0.044726867,0.060867928,0.07130349,0.019227259,0.012018133,0.0029204197,0.0028789833,0.0011138364,0.043893073,0.058573958,0.07173309,0.019735314,0.012454392,0.0026299723,0.04575606,-8.000000000000001e-45,0.213
2023-03-01,CTD10,4170388,695646,0.01874681,0.027532566,0.029200444,0.0045698714,0.0029858162,0.00076259655,0.0007193348,0.00027938586,0.018815903,0.02741525,0.029646408,0.004538993,0.0029853492,0.0007736191,0.08753326,-8.000000000000001e-45,0.156
2023-03-01,CTD11,4169609,700351,0.018046608,0.026303161,0.034616586,0.009721933,0.0065361625,0.0016048708,0.0015986278,0.00062224193,0.018043138,0.026298592,0.034797832,0.010012104,0.006639259,0.001552277,0.13695157,-8.000000000000001e-45,0.149
2023-03-01,CTD12,4173438,695414,0.01319256,0.01829748,0.021983474,0.004690267,0.003303998,0.00080691604,0.00079570716,0.00030823133,0.0132216085,0.018093964,0.022138758,0.004807337,0.0032901359,0.0008353873,0.1497554,-8.000000000000001e-45,0.186
2023-03-16,CTD1,4187246,695025,0.0053417357,0.0078120106,0.012485754,0.003360055,0.003186133,0.0007413898,0.00072905165,0.00028582365,0.005385666,0.0076875887,0.012593083,0.0034904918,0.002836571,0.0008122888,0.44686243,-2.878e-42,0.347
2023-03-16,CTD2,4181518,693105,0.010054674,0.013529933,0.013119625,0.0021258136,0.0014351131,0.00037527413,0.0003686103,0.00014854172,0.010075772,0.013532594,0.013035525,0.0021149486,0.00145775,0.0003779363,0.0933212,-2.878e-42,0.306
2023-03-16,CTD3,4181698,695238,0.010910554,0.015513854,0.017606258,0.00427791,0.0028207782,0.0007702196,0.0007695213,0.0003103707,0.010952895,0.015507175,0.017487518,0.0043075583,0.0030033498,0.00075990503,0.061274044,-8.000000000000001e-45,0.271
2023-03-16,CTD4,4180266,698264,0.012776808,0.018124867,0.020110387,0.0058084596,0.003623193,0.0010162801,0.0010233836,0.00042101482,0.0127802985,0.01823182,0.019898336,0.0058178417,0.0039729355,0.0009711196,0.0007163585,-8.000000000000001e-45,0.191
2023-03-16,CTD6,4176009,695829,0.010508764,0.014774878,0.015855478,0.0039971257,0.0025586798,0.00070317683,0.0006916282,0.0002854804,0.0105546955,0.014797397,0.015750848,0.003985899,0.0027165073,0.0006898459,0.00425832,-8.000000000000001e-45,0.186
2023-03-16,CTD7,4176724,690397,0.01086267,0.017397098,0.02365529,0.004714147,0.003451863,0.00080598134,0.00082684314,0.00032732755,0.010867475,0.017192509,0.023818813,0.004857723,0.0033398273,0.0008394703,0.16935931,-2.878e-42,0.283
2023-03-16,CTD8,4174178,693048,0.009128611,0.013102354,0.016433,0.0036707793,0.0026543536,0.0006811367,0.0006768479,0.0002724727,0.009164445,0.013043796,0.016495058,0.003730702,0.0026508956,0.0006940625,0.15058093,-8.000000000000001e-45,0.212
2023-03-16,CTD10,4170388,695646,0.008466679,0.01260766,0.016248906,0.003513484,0.002687811,0.00065651553,0.0006508522,0.0002601751,0.008477238,0.012469585,0.016189491,0.0035834115,0.0025655495,0.0006909678,0.20817406,-2.878e-42,0.128
2023-03-16,CTD11,4169609,700351,0.008366181,0.012796255,0.017699938,0.0040769833,0.0031228794,0.00075276376,0.00075710536,0.00029972658,0.008375604,0.012617674,0.01776358,0.0041596536,0.0029988396,0.00078982447,0.23166423,-8.000000000000001e-45,0.044
2023-03-16,CTD12,4173438,695414,0.008726679,0.0124681145,0.01570397,0.0034489024,0.0024352307,0.0006456837,0.00064430246,0.0002556255,0.008772936,0.012462217,0.01568979,0.0035273668,0.0025111332,0.00063889206,0.11612788,-8.000000000000001e-45,0.163
2023-04-20,CTD1,4187246,695025,0.0059126285,0.008007005,0.012009289,0.0040823743,0.0040103835,0.0010117977,0.0010138568,0.00040202387,0.00598058,0.007897631,0.012124798,0.004237418,0.0035499074,0.0011047735,0.533204,-8.000000000000001e-45,0.218
2023-04-20,CTD2,4181518,693105,0.008608468,0.0114544295,0.012408339,0.0031876524,0.0023354278,0.0006371756,0.0006349828,0.00024777444,0.008655674,0.01147608,0.012289825,0.0032260113,0.0024039568,0.0006130058,0.108026676,-8.000000000000001e-45,0.261
2023-04-20,CTD3,4181698,695238,0.011123146,0.015403808,0.017594583,0.0034171555,0.0022129244,0.00056589075,0.0005771035,0.0002278341,0.011140768,0.015376218,0.017442808,0.0034431312,0.0023187692,0.0005589719,0.09343721,-8.000000000000001e-45,0.289
2023-04-20,CTD4,4180266,698264,0.022230618,0.03186614,0.037371226,0.008901931,0.005637601,0.0013617907,0.0014143188,0.00056225574,0.022219019,0.031614073,0.03787558,0.009172502,0.0056902925,0.0013228952,0.07306558,-8.000000000000001e-45,0.322
2023-04-20,CTD6,4176009,695829,0.010505216,0.014526705,0.018652296,0.005471511,0.003939823,0.0010563881,0.001054308,0.00042886237,0.0105546955,0.014570654,0.018544002,0.0055711507,0.0040324167,0.0010538173,0.11627135,-8.000000000000001e-45,0.374
2023-04-20,CTD7,4176724,690397,0.053548075,0.07649548,0.085002966,0.013903441,0.0080538485,0.0019812465,0.0018516962,0.0007448228,0.052141268,0.06953177,0.08437594,0.013878534,0.008472932,0.0018429357,0.058434445,-8.000000000000001e-45,0.205
2023-04-20,CTD8,4174178,693048,0.048132673,0.069937564,0.08363922,0.02074166,0.011823849,0.0029951336,0.0029203293,0.0011906801,0.047565565,0.06527312,0.083001986,0.021141179,0.013095717,0.0025923483,0.004335499,-8.000000000000001e-45,0.376
2023-04-20,CTD10,4170388,695646,0.008631395,0.011994301,0.016471166,0.0045591057,0.0038806545,0.0009090057,0.0009214217,0.00036008924,0.008665819,0.011891461,0.01656425,0.0046835374,0.0035050646,0.0009703331,0.25820094,-8.000000000000001e-45,0.107
2023-04-20,CTD11,4169609,700351,0.016304897,0.023690745,0.027753977,0.005592303,0.0040118685,0.0009529027,0.000981903,0.00038417953,0.016364042,0.023561263,0.028030725,0.00578001,0.0039026486,0.0009754565,0.1539265,-8.000000000000001e-45,0.206
2023-04-20,CTD12,4173438,695414,0.010332924,0.014605656,0.017379995,0.004124442,0.0028658044,0.00071250275,0.00072849216,0.00029021475,0.01035693,0.014608256,0.017426068,0.0041815205,0.002837638,0.0007281544,0.100101404,-8.000000000000001e-45,0.273
2023-05-25,CTD1,4187246,695025,0.010378339,0.014321517,0.018553568,0.0061364532,0.004581609,0.0012760762,0.0012648596,0.000508889,0.01038039,0.014338388,0.018538112,0.00624919,0.0046849865,0.0012359248,0.151781,-8.000000000000001e-45,0.194
2023-05-25,CTD2,4181518,693105,0.016382908,0.021364588,0.019191964,0.0043022246,0.002539342,0.00070238434,0.00068900717,0.00028674142,0.016465759,0.021631163,0.019177511,0.0043711867,0.002802643,0.0006926541,0.0010405221,-8.000000000000001e-45,0.224
2023-05-25,CTD3,4181698,695238,0.015491724,0.021171292,0.022386765,0.0061171027,0.0038863828,0.0010916506,0.001084525,0.00045877573,0.015537267,0.021442905,0.02210454,0.0061413296,0.004283537,0.0010231759,0.000516633,-8.000000000000001e-45,0.21
2023-05-25,CTD4,4180266,698264,0.018594598,0.027081236,0.029601488,0.0070939558,0.0044245804,0.0011389205,0.0011710151,0.00046825068,0.018661596,0.02711446,0.029732917,0.007218729,0.004637023,0.001103883,0.010914476,-8.000000000000001e-45,0.183
2023-05-25,CTD6,4176009,695829,0.017562004,0.022895275,0.020822242,0.005728063,0.0032206282,0.0009498752,0.00094348716,0.00039406985,0.017521648,0.023374006,0.020661563,0.0057661287,0.0037250847,0.0008619317,0.00017822186,-8.000000000000001e-45,0.255
2023-05-25,CTD7,4176724,690397,0.023552224,0.036110736,0.04271551,0.0071015395,0.004702076,0.0010508515,0.0010547391,0.0004181371,0.02392068,0.035724606,0.043436762,0.0074174562,0.004570968,0.0010670947,0.11771542,-8.000000000000001e-45,0.255
2023-05-25,CTD8,4174178,693048,0.022111239,0.033539493,0.040149406,0.008786761,0.005605368,0.0013286357,0.0013799976,0.00054962956,0.022248015,0.033310127,0.040603492,0.009226203,0.005737636,0.0012833289,0.06409122,-8.000000000000001e-45,0.281
2023-05-25,CTD10,4170388,695646,0.016438857,0.02423528,0.029476823,0.00813974,0.0054119457,0.0013697932,0.001404162,0.0005713637,0.016416885,0.024385493,0.029594595,0.008301649,0.005534309,0.0013213119,0.086235985,-8.000000000000001e-45,0.582
2023-05-25,CTD11,4169609,700351,0.014784269,0.021984097,0.029352635,0.007665846,0.0056592,0.0013766943,0.0013608837,0.0005445231,0.0147080105,0.0217257,0.029491173,0.007949759,0.0054646744,0.0013750467,0.17039034,-8.000000000000001e-45,0.399
2023-05-25,CTD12,4173438,695414,0.020390993,0.030744666,0.037453998,0.011055218,0.0067359614,0.0017235901,0.0017970217,0.0007383555,0.02042172,0.03093262,0.03754622,0.011376852,0.007200688,0.0016196595,0.0007276112,-8.000000000000001e-45,0.374
2023-09-07,CTD1,4187246,695025,0.014455071,0.018578263,0.023749037,0.008284655,0.006460981,0.0017609763,0.0017448436,0.0006966706,0.014354982,0.018549738,0.023695445,0.008340031,0.0062683607,0.0017351573,0.2544173,-8.000000000000001e-45,2.388
2023-09-07,CTD2,4181518,693105,0.022343079,0.029735997,0.03274009,0.00823407,0.005467957,0.0014023324,0.0014023781,0.0005555313,0.022373877,0.029779933,0.032947455,0.008411713,0.0055543496,0.0013506194,0.08364571,-8.000000000000001e-45,0.45
2023-09-07,CTD3,4181698,695238,0.016216189,0.02221423,0.02551464,0.006147233,0.0040476937,0.0010572429,0.0010603605,0.00041885438,0.01623847,0.02217985,0.025340276,0.0063048345,0.0042425264,0.001028985,0.0664957,-8.000000000000001e-45,0.24
2023-09-07,CTD4,4180266,698264,0.014997657,0.018774128,0.019377414,0.006300379,0.00515274,0.0014046895,0.0013958584,0.00055503676,0.014810488,0.018634845,0.018751143,0.0065097613,0.0053801956,0.0013361573,0.16772191,-2e-44,0.158
2023-09-07,CTD6,4176009,695829,0.016534397,0.021157041,0.023694308,0.0071778605,0.0048534386,0.0013044986,0.0012938245,0.0005218482,0.016408749,0.021151615,0.023579808,0.0072649196,0.0050079655,0.0012604265,0.06745717,-8.000000000000001e-45,0.225
2023-09-07,CTD7,4176724,690397,0.042541914,0.0608505,0.0715395,0.020003434,0.011408884,0.0029294905,0.002919028,0.001185613,0.042297702,0.058630593,0.071747884,0.020318264,0.012567473,0.0025637145,0.010971409,-8.000000000000001e-45,0.614
2023-09-07,CTD8,4174178,693048,0.045083456,0.062433235,0.076580614,0.024655722,0.015250262,0.0036976093,0.003654689,0.001417736,0.044195186,0.06002043,0.07669487,0.025364043,0.016311444,0.0032656689,0.0054290597,-8.000000000000001e-45,0.592
2023-09-07,CTD10,4170388,695646,0.015672453,0.02110723,0.024318982,0.005983536,0.004029737,0.0010323585,0.0010470119,0.0004117447,0.015726518,0.021124272,0.024406409,0.0061455276,0.0041369903,0.0010071597,0.06762578,-8.000000000000001e-45,0.518
2023-09-07,CTD11,4169609,700351,0.01799757,0.02553702,0.031135218,0.008210379,0.0053321286,0.0013515784,0.0013562945,0.0005399489,0.017939825,0.025515629,0.03134997,0.008453306,0.005506361,0.0013071427,0.07184532,-8.000000000000001e-45,0.618
2023-09-07,CTD12,4173438,695414,0.022721779,0.03061445,0.034760516,0.009789284,0.0061361217,0.0016282952,0.0016214582,0.0006504344,0.02263152,0.030618511,0.03491469,0.009945114,0.006472135,0.0015249624,0.031487156,-8.000000000000001e-45,0.555
2023-09-27,CTD1,4187246,695025,0.014754034,0.01859084,0.024447385,0.009087546,0.0076930285,0.0021129183,0.0020834636,0.00082512427,0.014590943,0.018400228,0.024347126,0.009074728,0.0072107553,0.002111591,0.3595181,-8.000000000000001e-45,0.592
2023-09-27,CTD2,4181518,693105,0.010640927,0.014472677,0.01883257,0.0045483694,0.0034443545,0.00083006144,0.00083238946,0.00032133627,0.010677159,0.014301333,0.018966293,0.0046933284,0.0033649444,0.0008591355,0.23513429,-8.000000000000001e-45,0.695
2023-09-27,CTD3,4181698,695238,0.014171861,0.0187044,0.022933044,0.0061429185,0.0044146553,0.0011245899,0.0011254343,0.00044047518,0.014213922,0.01863986,0.023015602,0.006298391,0.0044480097,0.0011173132,0.18279137,-8.000000000000001e-45,0.596
2023-09-27,CTD4,4180266,698264,0.012211423,0.017273752,0.021324527,0.0046023466,0.0032932935,0.00079364126,0.0007950863,0.00031011808,0.012176509,0.017173592,0.02144275,0.004764071,0.003282744,0.0008215848,0.15233794,-8.000000000000001e-45,0.419
2023-09-27,CTD6,4176009,695829,0.010014136,0.013312122,0.01608822,0.0035980337,0.0025613303,0.0006444938,0.00064866,0.00025235064,0.010061445,0.013208983,0.016116496,0.0036749362,0.0025829785,0.0006626601,0.17039034,-8.000000000000001e-45,0.321
2023-09-27,CTD7,4176724,690397,0.019512711,0.029960847,0.040679894,0.009327825,0.00607278,0.001462602,0.001415519,0.0005595052,0.019607395,0.029874008,0.041027024,0.009696378,0.0062216236,0.0014082539,0.07689863,-8.000000000000001e-45,0.598
2023-09-27,CTD8,4174178,693048,0.03917325,0.05722124,0.07693199,0.027853245,0.018283883,0.0045873034,0.0045347866,0.0017717108,0.03910854,0.05594053,0.077165864,0.0282847,0.019262137,0.0041634617,0.064051226,-8.000000000000001e-45,0.429
2023-09-27,CTD10,4170388,695646,0.010778494,0.014784894,0.018895136,0.0044981516,0.0035100533,0.000853664,0.000855693,0.0003259848,0.0108219255,0.014662703,0.018978309,0.0046445676,0.0034067868,0.00088894606,0.25577348,-8.000000000000001e-45,0.319
2023-09-27,CTD11,4169609,700351,0.015307843,0.022401474,0.028173508,0.007134503,0.0047591203,0.0011454605,0.001138988,0.00044680302,0.015333934,0.02238366,0.028271569,0.0073951413,0.0048033674,0.0011290787,0.09560903,-8.000000000000001e-45,0.247
2023-09-27,CTD12,4173438,695414,0.011997453,0.016323162,0.019603593,0.0044725346,0.0032755414,0.00076963,0.00077191356,0.00029912128,0.012044495,0.016174732,0.01964933,0.0045850957,0.0031583377,0.00081891805,0.24236295,-8.000000000000001e-45,0.321
2023-11-16,CTD1,4187246,695025,0.0,0.0,0.0,0.0,0.0,0.0,0.0,0.0,0.0,0.0,0.0,0.0,0.0,0.0,0.0,0.0,0.11
2023-11-16,CTD2,4181518,693105,0.016910512,0.020195452,0.021853019,0.0056000734,0.004295854,0.0011730146,0.0011517735,0.0004512749,0.016851773,0.020261757,0.021657001,0.005607722,0.004308958,0.0011441817,0.22526874,-8.000000000000001e-45,0.399
2023-11-16,CTD3,4181698,695238,0.013080655,0.017058522,0.018932773,0.0051265233,0.0038835173,0.0009929012,0.0009943015,0.00039074058,0.013067499,0.01695246,0.018978309,0.0051742597,0.003697396,0.0010256616,0.1969839,-8.000000000000001e-45,0.365
2023-11-16,CTD4,4180266,698264,0.019486265,0.025956266,0.029707348,0.00709143,0.0050520785,0.0012920778,0.0012522202,0.0004908788,0.019498995,0.025861897,0.029845666,0.007269797,0.0050594136,0.0012776948,0.124507196,-8.000000000000001e-45,0.329
2023-11-16,CTD6,4176009,695829,0.01850636,0.02438135,0.02916251,0.008847348,0.0058419197,0.0015394018,0.0015049716,0.00060157984,0.01845554,0.024301684,0.029285159,0.008780876,0.0059177573,0.0014710651,0.10551533,-8.000000000000001e-45,0.657
2023-11-16,CTD7,4176724,690397,0.02906512,0.044659633,0.052963905,0.008257834,0.00514492,0.0013465044,0.0012025626,0.00048404722,0.029663546,0.043801114,0.05369293,0.008168496,0.0052680997,0.0013160475,0.05215891,-8.000000000000001e-45,0.511
2023-11-16,CTD8,4174178,693048,0.026589477,0.04074969,0.049557835,0.013081243,0.007905026,0.0020575463,0.0019872286,0.0007940532,0.026896475,0.040525235,0.050051354,0.0133061735,0.008401181,0.0018913394,0.0051569706,-8.000000000000001e-45,0.568
2023-11-16,CTD10,4170388,695646,0.010540751,0.014443294,0.01917924,0.0053851777,0.0041930513,0.0010889927,0.0010560333,0.00042555705,0.010551723,0.014387914,0.019341832,0.0055138557,0.0041600573,0.0011101312,0.2427945,-8.000000000000001e-45,0.526
2023-11-16,CTD11,4169609,700351,0.019413717,0.026964992,0.029219428,0.0057200924,0.0036725616,0.0009540409,0.00090825267,0.00036069224,0.01940442,0.027050706,0.02933656,0.0057305754,0.0037697973,0.0009420455,0.06274514,-8.000000000000001e-45,0.447
2023-11-16,CTD12,4173438,695414,0.011428884,0.015513854,0.020063788,0.005680426,0.0043539926,0.0010965426,0.0011175743,0.00043015572,0.011431913,0.0153501285,0.020055331,0.0057998933,0.004192553,0.0011382092,0.24861677,-8.000000000000001e-45,0.612
