Date,Buoy,Latitude,Longitude,rhow_B1,rhow_B2,rhow_B3,rhow_B4,rhow_B5,rhow_B6,rhow_B7,rhow_B8A,Chl,dif_norm_rhow_B2_B3,dif_inv_rhow_B2_B3,dif_norm_rhow_B2_B4,dif_inv_rhow_B2_B4,dif_norm_rhow_B2_B5,dif_inv_rhow_B2_B5,dif_norm_rhow_B3_B4,dif_inv_rhow_B3_B4,dif_norm_rhow_B3_B5,dif_inv_rhow_B3_B5,dif_norm_rhow_B4_B5,dif_inv_rhow_B4_B5,dall_gitelson_rhow_B2_B3_B4,dall_gitelson_rhow_B2_B3_B5,dall_gitelson_rhow_B2_B4_B3,dall_gitelson_rhow_B2_B4_B5,dall_gitelson_rhow_B2_B5_B3,dall_gitelson_rhow_B2_B5_B4,dall_gitelson_rhow_B3_B4_B2,dall_gitelson_rhow_B3_B4_B5,dall_gitelson_rhow_B3_B5_B2,dall_gitelson_rhow_B3_B5_B4,dall_gitelson_rhow_B4_B5_B2,dall_gitelson_rhow_B4_B5_B3,dif_norm_4_bands_rhow_B2_B3_B4_B5,dif_norm_4_bands_rhow_B2_B4_B3_B5,dif_norm_4_bands_rhow_B2_B5_B3_B4,dif_norm_4_bands_rhow_B3_B4_B2_B5,dif_norm_4_bands_rhow_B3_B5_B2_B4,dif_norm_4_bands_rhow_B4_B5_B2_B3,dif_rel_4bands_rhow_B2_B3_B4_B5,dif_rel_4bands_rhow_B2_B3_B5_B4,dif_rel_4bands_rhow_B2_B4_B3_B5,dif_rel_4bands_rhow_B2_B4_B5_B3,dif_rel_4bands_rhow_B2_B5_B3_B4,dif_rel_4bands_rhow_B2_B5_B4_B3,dif_rel_4bands_rhow_B3_B2_B4_B5,dif_rel_4bands_rhow_B3_B2_B5_B4,dif_rel_4bands_rhow_B3_B4_B5_B2,dif_rel_4bands_rhow_B3_B5_B4_B2,dif_rel_4bands_rhow_B4_B2_B5_B3,dif_rel_4bands_rhow_B4_B3_B5_B2,sum_norm_3bands_rhow_B2_B4_B3,sum_norm_3bands_rhow_B3_B5_B4
2016-08-09,CTD1,4187246,695025,0.011557551,0.01677188,0.028794995,0.014744224,0.012881314,0.0037190781,0.0036645178,0.001499898,10.865,-0.264,24.895,0.064,-8.2,0.131,-18.008,0.323,-33.095,0.382,-42.904,0.067,-9.809,0.367,0.321,-0.236,-0.106,-0.519,-0.266,-0.555,-0.426,-0.72,-0.633,-0.165,-0.282,-0.435,0.049,0.089,0.474,0.505,0.041,-0.562,-0.291,-1.098,0.69,-0.651,0.79,0.572,0.843,1.185,1.356,0.432,-0.256,0.692,0.957
2016-08-09,CTD2,4181518,693105,0.011378609,0.015170635,0.022114683,0.01308602,0.010211863,0.003135181,0.0030726576,0.0012883042,11.75,-0.186,20.698,0.074,-10.501,0.195,-32.009,0.256,-31.199,0.368,-52.706,0.123,-21.508,0.271,0.211,-0.232,-0.107,-0.708,-0.419,-0.473,-0.319,-0.8,-0.69,-0.326,-0.476,-0.298,0.064,0.141,0.356,0.421,0.077,-0.595,-0.094,-1.006,0.698,-0.204,0.894,0.176,0.677,1.017,1.303,0.401,-0.081,0.758,0.918
2016-08-09,CTD3,4181698,695238,0.01071672,0.014699977,0.020822242,0.012379519,0.0089632,0.0025987655,0.0026362666,0.0011002447,12.155,-0.172,20.002,0.086,-12.751,0.242,-43.54,0.254,-32.753,0.398,-63.542,0.16,-30.789,0.248,0.179,-0.266,-0.114,-0.907,-0.539,-0.481,-0.294,-0.934,-0.787,-0.453,-0.641,-0.287,0.078,0.173,0.357,0.438,0.096,-0.675,-0.018,-1.136,0.757,-0.042,1.046,0.035,0.692,1.072,1.481,0.412,-0.015,0.762,0.897
2016-08-09,CTD4,4180266,698264,0.008905852,0.01154712,0.020527788,0.0085025905,0.012757267,0.003352748,0.0033195373,0.0012944449,8.03,-0.28,37.887,0.152,-31.01,-0.05,8.215,0.414,-68.897,0.233,-29.672,-0.2,39.225,0.322,0.483,-0.637,-0.396,0.169,0.07,-0.796,-0.879,-0.343,-0.252,0.453,0.805,-0.422,0.091,-0.042,0.495,0.388,-0.133,-0.104,-0.938,-0.251,0.737,-1.509,0.491,1.111,0.277,1.309,0.873,0.115,-0.691,0.625,1.147
2016-08-09,CTD5,4179450,700268,0.01474397,0.022333896,0.025156863,0.0046539227,0.0029858162,0.000751617,0.0007623971,0.000294331,0.2475,-0.059,5.024,0.655,-170.098,0.764,-290.142,0.688,-175.122,0.788,-295.166,0.218,-120.044,0.023,0.015,-4.279,-0.508,-7.299,-1.35,-3.911,-0.523,-6.592,-1.374,-2.681,-3.02,-0.37,0.628,0.649,0.81,0.822,0.035,-0.671,0.246,-3.627,4.68,2.074,7.295,-0.432,0.485,5.272,8.217,0.09,0.051,0.568,0.944
2016-08-09,CTD6,4176009,695829,0.010866346,0.014820004,0.021078905,0.011349414,0.008379667,0.0024124808,0.00239987,0.0009990195,11.08,-0.174,20.036,0.133,-20.634,0.278,-51.86,0.3,-40.669,0.431,-71.896,0.151,-31.226,0.227,0.168,-0.435,-0.173,-1.093,-0.589,-0.603,-0.341,-1.065,-0.816,-0.463,-0.658,-0.317,0.118,0.199,0.419,0.485,0.083,-0.651,-0.035,-1.21,0.908,-0.089,1.23,0.068,0.684,1.292,1.75,0.368,-0.027,0.729,0.908
2016-08-09,CTD7,4176724,690397,0.013880036,0.019730497,0.030705446,0.018938396,0.01469822,0.0043080775,0.004288094,0.0017497751,12.465,-0.218,18.115,0.02,-2.12,0.146,-17.352,0.237,-20.235,0.353,-35.468,0.126,-15.233,0.343,0.266,-0.065,-0.031,-0.533,-0.329,-0.399,-0.297,-0.7,-0.672,-0.301,-0.468,-0.326,0.017,0.101,0.342,0.414,0.084,-0.646,-0.134,-1.047,0.563,-0.279,0.726,0.268,0.78,0.876,1.129,0.481,-0.128,0.767,0.915
2016-08-09,CTD8,4174178,693048,0.010402882,0.015704345,0.025355967,0.01222232,0.00956906,0.0027028676,0.0026292522,0.001097651,13.48,-0.235,24.238,0.125,-18.141,0.243,-40.827,0.35,-42.379,0.452,-65.065,0.122,-22.686,0.296,0.232,-0.46,-0.174,-1.035,-0.499,-0.666,-0.406,-1.022,-0.795,-0.356,-0.575,-0.443,0.1,0.163,0.52,0.565,0.065,-0.658,-0.164,-1.365,0.908,-0.433,1.159,0.337,0.832,1.465,1.872,0.401,-0.127,0.68,0.929
2016-08-09,CTD9,4171106,693183,0.013036164,0.02006638,0.033828877,0.020082636,0.01582168,0.004466356,0.0045266794,0.0018462652,3.66,-0.255,20.274,-0.0,0.04,0.118,-13.37,0.255,-20.234,0.363,-33.644,0.119,-13.41,0.407,0.321,0.001,0.001,-0.452,-0.269,-0.406,-0.32,-0.675,-0.676,-0.269,-0.454,-0.383,-0.0,0.079,0.383,0.449,0.079,-0.676,-0.195,-1.139,0.531,-0.416,0.675,0.417,0.898,0.896,1.137,0.533,-0.195,0.745,0.921
2016-08-09,CTD10,4170388,695646,0.016327148,0.02284161,0.03433029,0.017810361,0.01401841,0.0040529827,0.0040420312,0.0016394382,10.3,-0.201,14.651,0.124,-12.367,0.239,-27.555,0.317,-27.018,0.42,-42.206,0.119,-15.188,0.261,0.205,-0.425,-0.173,-0.946,-0.491,-0.617,-0.379,-0.964,-0.752,-0.347,-0.521,-0.361,0.104,0.169,0.448,0.5,0.066,-0.605,-0.122,-1.166,0.874,-0.298,1.111,0.232,0.716,1.314,1.669,0.371,-0.095,0.711,0.927
2016-08-09,CTD11,4169609,700351,0.010767565,0.015042636,0.022594802,0.012919855,0.010850893,0.0031603382,0.0030426378,0.0012864679,9.11,-0.201,22.22,0.076,-10.923,0.162,-25.681,0.272,-33.142,0.351,-47.9,0.087,-14.758,0.287,0.241,-0.247,-0.119,-0.58,-0.332,-0.499,-0.36,-0.721,-0.619,-0.222,-0.333,-0.318,0.063,0.118,0.374,0.42,0.055,-0.525,-0.174,-0.918,0.684,-0.363,0.814,0.311,0.662,1.028,1.223,0.379,-0.15,0.743,0.942
2016-08-09,CTD12,4173438,695414,0.012315695,0.017694283,0.025472794,0.013293076,0.009602651,0.002741353,0.002719555,0.0011238804,9.51,-0.18,17.258,0.142,-18.712,0.296,-47.622,0.314,-35.97,0.452,-64.88,0.161,-28.911,0.229,0.166,-0.477,-0.18,-1.213,-0.633,-0.636,-0.345,-1.148,-0.862,-0.512,-0.736,-0.34,0.125,0.209,0.446,0.512,0.085,-0.69,-0.028,-1.322,0.954,-0.074,1.321,0.055,0.717,1.374,1.901,0.374,-0.021,0.718,0.905
2016-09-08,CTD1,4187246,695025,0.011359334,0.01652359,0.027251022,0.014605151,0.013168484,0.0038591444,0.003769339,0.0015695846,20.94,-0.245,23.824,0.062,-7.949,0.113,-15.419,0.302,-31.773,0.348,-39.243,0.052,-7.47,0.348,0.314,-0.217,-0.105,-0.42,-0.225,-0.525,-0.418,-0.648,-0.573,-0.123,-0.204,-0.386,0.047,0.08,0.426,0.452,0.033,-0.503,-0.295,-0.938,0.648,-0.611,0.719,0.54,0.748,1.069,1.186,0.401,-0.261,0.711,0.966
2016-09-08,CTD2,4181518,693105,0.00968305,0.014277933,0.023084925,0.01124637,0.009417515,0.0026045013,0.0025218632,0.0010348605,15.345,-0.236,26.72,0.119,-18.879,0.205,-36.147,0.345,-45.599,0.421,-62.867,0.089,-17.268,0.301,0.252,-0.436,-0.178,-0.834,-0.407,-0.651,-0.429,-0.898,-0.707,-0.247,-0.399,-0.426,0.093,0.142,0.5,0.535,0.049,-0.576,-0.219,-1.182,0.862,-0.537,1.029,0.423,0.779,1.393,1.664,0.38,-0.172,0.683,0.947
2016-09-08,CTD3,4181698,695238,0.0102565475,0.014694998,0.023492077,0.011051187,0.009322661,0.002676736,0.002582983,0.0010665213,13.84,-0.23,25.483,0.142,-22.438,0.224,-39.215,0.36,-47.92,0.432,-64.698,0.085,-16.777,0.282,0.238,-0.527,-0.209,-0.921,-0.433,-0.704,-0.447,-0.951,-0.715,-0.247,-0.394,-0.432,0.111,0.156,0.518,0.55,0.045,-0.56,-0.218,-1.19,0.933,-0.549,1.106,0.413,0.755,1.491,1.768,0.355,-0.164,0.674,0.95
2016-09-08,CTD4,4180266,698264,0.011194974,0.015667122,0.023484332,0.013225308,0.010400377,0.0031005812,0.003004866,0.0012724794,13.55,-0.2,21.246,0.085,-11.785,0.202,-32.322,0.279,-33.031,0.386,-53.569,0.12,-20.538,0.281,0.221,-0.277,-0.123,-0.759,-0.427,-0.518,-0.344,-0.839,-0.708,-0.322,-0.482,-0.331,0.072,0.143,0.394,0.453,0.072,-0.604,-0.119,-1.073,0.742,-0.269,0.943,0.227,0.713,1.112,1.414,0.401,-0.101,0.738,0.923
2016-09-08,CTD5,4179450,700268,0.010466274,0.016054248,0.021232972,0.0042410363,0.0030480202,0.0007037057,0.0007160391,0.0002760678,1.105,-0.139,15.192,0.582,-173.503,0.681,-265.793,0.667,-188.695,0.749,-280.985,0.164,-92.29,0.064,0.046,-3.684,-0.529,-5.644,-1.127,-3.029,-0.575,-4.511,-1.192,-1.482,-1.96,-0.71,0.487,0.511,0.89,0.896,0.032,-0.635,0.037,-3.181,3.642,0.261,5.067,-0.069,0.604,4.817,6.702,0.121,0.01,0.544,0.953
2016-09-08,CTD6,4176009,695829,0.008069832,0.011949981,0.018957907,0.0099579785,0.007988389,0.0022110238,0.0021894898,0.00092732714,13.9,-0.227,30.934,0.091,-16.74,0.199,-41.5,0.311,-47.674,0.407,-72.433,0.11,-24.76,0.308,0.247,-0.317,-0.134,-0.787,-0.413,-0.57,-0.381,-0.866,-0.721,-0.296,-0.469,-0.39,0.074,0.137,0.451,0.501,0.064,-0.616,-0.172,-1.173,0.779,-0.408,0.971,0.34,0.784,1.235,1.54,0.412,-0.143,0.709,0.932
2016-09-08,CTD7,4176724,690397,0.01093273,0.016185405,0.026132973,0.0130003,0.010497962,0.0030031123,0.0029583275,0.0012209823,15.895,-0.235,23.518,0.109,-15.137,0.213,-33.473,0.336,-38.655,0.427,-56.991,0.106,-18.335,0.306,0.247,-0.396,-0.159,-0.875,-0.435,-0.626,-0.406,-0.922,-0.741,-0.297,-0.479,-0.423,0.087,0.145,0.492,0.536,0.059,-0.619,-0.188,-1.244,0.843,-0.468,1.044,0.376,0.807,1.362,1.686,0.401,-0.151,0.69,0.936
2016-09-08,CTD9,4171106,693183,0.011149553,0.017658358,0.03241541,0.018646877,0.016633632,0.0047219843,0.004727363,0.0019193726,3.8,-0.295,25.781,-0.027,3.002,0.03,-3.489,0.27,-22.779,0.322,-29.27,0.057,-6.491,0.481,0.429,0.097,0.05,-0.113,-0.065,-0.402,-0.379,-0.517,-0.546,-0.115,-0.21,-0.418,-0.02,0.02,0.402,0.435,0.04,-0.576,-0.347,-1.002,0.434,-0.677,0.486,0.715,0.944,0.796,0.893,0.543,-0.367,0.725,0.961
2016-09-08,CTD10,4170388,695646,0.011679797,0.01756291,0.030290844,0.016078604,0.014313119,0.0041277017,0.0041058715,0.0016671405,14.865,-0.266,23.925,0.044,-5.256,0.102,-12.928,0.307,-29.181,0.358,-36.853,0.058,-7.672,0.385,0.342,-0.159,-0.075,-0.392,-0.208,-0.513,-0.418,-0.647,-0.593,-0.135,-0.232,-0.419,0.033,0.07,0.446,0.475,0.037,-0.544,-0.31,-1.024,0.62,-0.657,0.696,0.601,0.835,1.069,1.201,0.443,-0.284,0.703,0.962
2016-09-08,CTD11,4169609,700351,0.008599888,0.013562002,0.023937594,0.011771254,0.009587707,0.002685022,0.002650354,0.001106496,13.7,-0.277,31.96,0.071,-11.217,0.172,-30.565,0.341,-43.177,0.428,-62.525,0.102,-19.348,0.376,0.306,-0.269,-0.108,-0.732,-0.36,-0.586,-0.414,-0.848,-0.736,-0.262,-0.463,-0.486,0.053,0.111,0.526,0.566,0.058,-0.661,-0.248,-1.345,0.752,-0.619,0.923,0.537,0.951,1.327,1.629,0.467,-0.215,0.676,0.939
2016-09-08,CTD12,4173438,695414,0.008288924,0.012296981,0.020725923,0.010698382,0.0089214295,0.0025770892,0.0025624398,0.0010620079,13.025,-0.255,33.072,0.07,-12.151,0.159,-30.769,0.319,-45.223,0.398,-63.841,0.091,-18.618,0.354,0.295,-0.252,-0.108,-0.638,-0.329,-0.556,-0.403,-0.785,-0.683,-0.229,-0.386,-0.43,0.054,0.107,0.473,0.513,0.054,-0.606,-0.241,-1.174,0.719,-0.559,0.862,0.486,0.852,1.212,1.453,0.44,-0.209,0.696,0.943
2017-06-30,CTD1,4187246,695025,0.020267187,0.029541695,0.037989896,0.012751135,0.008468138,0.0021277042,0.0021259508,0.00085472845,0.9715,-0.125,7.528,0.397,-44.574,0.554,-84.239,0.497,-52.102,0.635,-91.767,0.202,-39.665,0.096,0.064,-1.693,-0.377,-3.2,-1.074,-1.539,-0.441,-2.711,-1.17,-1.172,-1.507,-0.398,0.361,0.415,0.664,0.698,0.063,-0.728,0.114,-2.169,2.094,0.509,3.153,-0.22,0.622,2.693,4.055,0.209,0.049,0.626,0.916
2017-06-30,CTD2,4181518,693105,0.016517498,0.025367688,0.031084968,0.007473426,0.004881024,0.001217275,0.0012638009,0.0005068762,0.9365,-0.101,7.25,0.545,-94.387,0.677,-165.455,0.612,-101.638,0.729,-172.705,0.21,-71.068,0.054,0.035,-2.934,-0.461,-5.143,-1.237,-2.578,-0.496,-4.381,-1.291,-1.803,-2.209,-0.463,0.498,0.531,0.781,0.798,0.046,-0.715,0.163,-2.974,3.237,1.038,4.957,-0.306,0.572,3.967,6.074,0.138,0.048,0.582,0.933
2017-06-30,CTD3,4181698,695238,0.015449502,0.021422183,0.025057863,0.007897569,0.0058195754,0.0015518613,0.0015043294,0.0006166561,1.5154999999999998,-0.078,6.773,0.461,-79.941,0.573,-125.153,0.521,-86.714,0.623,-131.926,0.151,-45.213,0.053,0.039,-2.003,-0.465,-3.136,-0.988,-1.858,-0.505,-2.826,-1.042,-0.969,-1.133,-0.265,0.438,0.473,0.63,0.656,0.045,-0.502,0.118,-1.593,2.48,0.508,3.366,-0.187,0.433,2.901,3.937,0.136,0.044,0.631,0.937
2017-06-30,CTD4,4180266,698264,0.018474942,0.026557297,0.03269803,0.0093244435,0.0077019935,0.0019760975,0.0019553616,0.00075169717,1.512,-0.104,7.072,0.48,-69.591,0.55,-92.182,0.556,-76.662,0.619,-99.254,0.095,-22.592,0.066,0.054,-2.275,-0.536,-3.014,-0.86,-2.036,-0.59,-2.636,-0.925,-0.6,-0.739,-0.361,0.427,0.449,0.682,0.697,0.027,-0.398,-0.014,-1.397,2.613,-0.059,3.163,0.021,0.405,3.217,3.894,0.116,-0.005,0.606,0.961
2017-06-30,CTD5,4179450,700268,0.024394197,0.03462631,0.039438844,0.007906084,0.0054951473,0.0013012455,0.0013643369,0.00052207883,0.496,-0.065,3.524,0.628,-97.605,0.726,-153.099,0.666,-101.129,0.755,-156.623,0.18,-55.494,0.028,0.019,-3.849,-0.536,-6.038,-1.21,-3.502,-0.556,-5.423,-1.238,-1.922,-2.189,-0.359,0.595,0.615,0.786,0.798,0.033,-0.561,0.183,-2.797,4.24,1.313,6.101,-0.3,0.444,4.83,6.949,0.089,0.042,0.574,0.949
2017-06-30,CTD6,4176009,695829,0.014288368,0.02187355,0.03017332,0.009782173,0.006607161,0.0016928541,0.0016972328,0.0006960351,1.854,-0.159,12.575,0.382,-56.509,0.536,-105.634,0.51,-69.085,0.641,-118.209,0.194,-49.124,0.123,0.083,-1.705,-0.373,-3.187,-1.033,-1.511,-0.456,-2.586,-1.156,-1.075,-1.482,-0.506,0.329,0.382,0.716,0.744,0.061,-0.756,0.05,-2.331,2.017,0.226,2.986,-0.101,0.704,2.782,4.12,0.228,0.022,0.608,0.921
2017-06-30,CTD7,4176724,690397,0.020480853,0.03264059,0.046598703,0.014955263,0.009264766,0.0023425673,0.0023474235,0.0009417427,1.552,-0.176,9.177,0.372,-36.229,0.558,-77.299,0.514,-45.406,0.668,-86.476,0.235,-41.07,0.137,0.085,-1.688,-0.336,-3.602,-1.156,-1.482,-0.421,-2.823,-1.293,-1.341,-1.914,-0.576,0.317,0.38,0.755,0.784,0.072,-0.914,0.081,-2.847,1.984,0.407,3.202,-0.187,0.808,2.832,4.571,0.259,0.037,0.601,0.908
2017-06-30,CTD8,4174178,693048,0.017271448,0.026172582,0.034994133,0.011128032,0.006920709,0.0017969251,0.0018103285,0.0007366638,0.9935,-0.144,9.632,0.403,-51.655,0.582,-106.286,0.517,-61.287,0.67,-115.918,0.233,-54.631,0.107,0.067,-1.808,-0.357,-3.719,-1.183,-1.604,-0.424,-3.034,-1.29,-1.43,-1.912,-0.489,0.359,0.417,0.721,0.753,0.069,-0.86,0.126,-2.704,2.154,0.637,3.464,-0.271,0.715,2.88,4.631,0.227,0.054,0.61,0.909
2017-06-30,CTD9,4171106,693183,0.027821157,0.042674866,0.057955574,0.032366145,0.019210875,0.005050064,0.005196822,0.0020447834,0.4625,-0.152,6.178,0.137,-7.463,0.379,-28.621,0.283,-13.642,0.502,-34.799,0.255,-21.157,0.2,0.119,-0.433,-0.143,-1.659,-0.926,-0.582,-0.262,-1.485,-1.126,-0.903,-1.226,-0.296,0.134,0.26,0.413,0.516,0.131,-0.948,0.143,-1.698,0.987,0.431,1.663,-0.327,0.765,1.34,2.258,0.427,0.108,0.746,0.854
2017-06-30,CTD10,4170388,695646,0.016007408,0.023611633,0.026905747,0.008222215,0.0050828224,0.001325315,0.0013735933,0.00056754885,0.7235,-0.065,5.185,0.483,-79.27,0.646,-154.389,0.532,-84.455,0.682,-159.574,0.236,-75.119,0.043,0.026,-2.133,-0.403,-4.154,-1.269,-1.994,-0.429,-3.768,-1.312,-1.774,-2.021,-0.248,0.481,0.527,0.651,0.686,0.062,-0.74,0.259,-2.422,2.683,1.373,4.34,-0.478,0.521,3.057,4.945,0.159,0.09,0.63,0.911
2017-06-30,CTD11,4169609,700351,0.010984656,0.014941023,0.023631908,0.008014794,0.006928744,0.001761733,0.0017298113,0.00066234445,1.1375,-0.225,24.614,0.302,-57.839,0.366,-77.396,0.493,-82.454,0.547,-102.011,0.073,-19.557,0.197,0.171,-1.367,-0.401,-1.829,-0.62,-1.232,-0.571,-1.524,-0.818,-0.292,-0.462,-0.582,0.227,0.253,0.714,0.728,0.028,-0.525,-0.232,-1.547,1.571,-0.792,1.817,0.425,0.717,2.485,2.874,0.243,-0.125,0.595,0.966
2017-06-30,CTD12,4173438,695414,0.020851087,0.02965814,0.039513133,0.015296827,0.00986412,0.0026508677,0.0026515317,0.0011007641,1.5275,-0.142,8.41,0.319,-31.655,0.501,-67.66,0.442,-40.065,0.6,-76.069,0.216,-36.004,0.129,0.083,-1.251,-0.312,-2.673,-1.035,-1.188,-0.395,-2.256,-1.164,-1.068,-1.423,-0.392,0.291,0.361,0.613,0.66,0.079,-0.8,0.106,-2.067,1.689,0.424,2.62,-0.218,0.687,2.25,3.49,0.266,0.055,0.65,0.901
2018-02-20,CTD1,4187246,695025,0.0018449604,0.0023610487,0.0045538167,0.0020216706,0.004421269,0.0007661036,0.00071167294,0.00027409976,3.2845,-0.317,203.945,0.077,-71.1,-0.304,197.361,0.385,-275.044,0.015,-6.583,-0.372,268.461,0.412,0.902,-0.324,-0.314,0.899,0.399,-0.649,-1.216,-0.016,-0.013,0.634,1.223,-0.34,0.038,-0.313,0.373,0.03,-0.347,0.061,-1.668,0.138,0.197,-1.718,0.09,1.471,-0.258,0.38,0.174,-0.115,-1.429,0.634,1.365
2018-02-20,CTD2,4181518,693105,0.0037334298,0.00564229,0.0095112575,0.0021671946,0.0027785294,0.00048233633,0.00049421116,0.00018599891,4.5120000000000005,-0.255,72.094,0.445,-284.193,0.34,-182.67,0.629,-356.287,0.548,-254.764,-0.124,101.523,0.156,0.2,-2.703,-0.79,-1.737,-0.396,-2.01,-0.99,-1.437,-0.552,0.573,0.966,-0.782,0.283,0.245,0.872,0.862,-0.04,-0.187,-0.689,-0.82,2.311,-2.358,1.803,0.906,0.404,3.896,3.039,0.092,-0.265,0.515,1.052
2018-02-20,CTD3,4181698,695238,0.005959592,0.010243557,0.018708058,0.004348435,0.0032090822,0.0007095557,0.0007038405,0.0002788295,3.695,-0.292,44.169,0.404,-132.345,0.523,-213.993,0.623,-176.515,0.707,-258.163,0.151,-81.648,0.192,0.142,-2.476,-0.425,-4.003,-0.931,-1.808,-0.566,-2.645,-1.123,-0.836,-1.527,-1.12,0.269,0.305,1.067,1.062,0.039,-0.807,-0.19,-3.474,2.184,-1.11,2.96,0.471,1.088,3.989,5.405,0.253,-0.081,0.504,0.951
2018-02-20,CTD4,4180266,698264,0.008712168,0.013607952,0.023130678,0.0064191455,0.0044678743,0.0010407175,0.0010380787,0.0004084164,3.478,-0.259,30.254,0.359,-82.298,0.506,-150.334,0.566,-112.551,0.676,-180.587,0.179,-68.036,0.194,0.135,-1.904,-0.368,-3.477,-0.965,-1.532,-0.503,-2.457,-1.159,-0.926,-1.574,-0.875,0.26,0.309,0.925,0.932,0.053,-0.848,-0.108,-3.057,1.927,-0.558,2.768,0.263,1.004,3.275,4.705,0.279,-0.051,0.545,0.934
2018-02-20,CTD5,4179450,700268,0.016738523,0.026008032,0.028090969,0.0030158064,0.001986822,0.0005275298,0.00047558098,0.00018816884,0.546,-0.039,2.851,0.792,-293.137,0.858,-464.867,0.806,-295.988,0.868,-467.718,0.206,-171.73,0.009,0.006,-8.234,-0.582,-13.059,-1.402,-7.698,-0.588,-12.164,-1.411,-4.466,-4.824,-0.416,0.764,0.772,0.896,0.899,0.019,-0.592,0.267,-5.515,8.553,3.776,12.983,-0.438,0.421,9.238,14.023,0.045,0.031,0.536,0.967
2018-02-20,CTD6,4176009,695829,0.0100614475,0.015924154,0.02593666,0.008133883,0.006152658,0.0014141619,0.0013958584,0.00055627397,7.4525,-0.239,24.242,0.324,-60.145,0.443,-99.734,0.523,-84.387,0.617,-123.976,0.139,-39.589,0.197,0.149,-1.56,-0.37,-2.587,-0.811,-1.344,-0.519,-1.974,-1.008,-0.63,-1.027,-0.701,0.243,0.287,0.806,0.822,0.047,-0.708,-0.142,-2.258,1.721,-0.601,2.275,0.307,0.872,2.802,3.705,0.274,-0.073,0.575,0.942
2018-02-20,CTD7,4176724,690397,0.008171807,0.013589553,0.024375081,0.007611109,0.0063621504,0.001439973,0.0014173215,0.0005587577,2.675,-0.284,32.56,0.282,-57.801,0.362,-83.594,0.524,-90.361,0.586,-116.154,0.089,-25.793,0.248,0.207,-1.409,-0.368,-2.038,-0.636,-1.228,-0.575,-1.578,-0.884,-0.351,-0.629,-0.772,0.195,0.226,0.84,0.85,0.033,-0.639,-0.278,-2.046,1.524,-1.067,1.824,0.597,0.958,2.734,3.271,0.299,-0.156,0.558,0.961
2018-02-20,CTD8,4174178,693048,0.007041697,0.012079395,0.019779852,0.005072339,0.0038820857,0.0008533308,0.0008399631,0.00032908292,3.108,-0.242,32.229,0.409,-114.362,0.514,-174.808,0.592,-146.591,0.672,-207.037,0.133,-60.446,0.163,0.125,-2.262,-0.444,-3.458,-0.887,-1.771,-0.569,-2.501,-1.05,-0.73,-1.196,-0.86,0.296,0.33,0.921,0.927,0.037,-0.696,-0.155,-2.714,2.185,-0.788,2.855,0.331,0.872,3.578,4.675,0.224,-0.065,0.538,0.952
2018-02-20,CTD9,4171106,693183,0.019578973,0.031036908,0.051963568,0.026312552,0.020225585,0.005463091,0.005385534,0.0021298386,0.6809999999999999,-0.252,12.975,0.082,-5.785,0.211,-17.223,0.328,-18.76,0.44,-30.198,0.131,-11.438,0.341,0.262,-0.301,-0.117,-0.895,-0.453,-0.582,-0.379,-0.937,-0.795,-0.355,-0.594,-0.45,0.065,0.138,0.5,0.553,0.073,-0.704,-0.171,-1.39,0.79,-0.44,1.028,0.373,0.906,1.323,1.721,0.459,-0.145,0.691,0.922
2018-02-20,CTD10,4170388,695646,0.016007408,0.024324449,0.03754879,0.014263056,0.0106047,0.0027028676,0.0026894996,0.0010630091,6.6595,-0.214,14.479,0.261,-29.0,0.393,-53.187,0.449,-43.479,0.56,-67.666,0.147,-24.187,0.207,0.154,-1.089,-0.308,-1.997,-0.759,-1.058,-0.461,-1.646,-0.965,-0.588,-0.908,-0.532,0.209,0.265,0.667,0.698,0.059,-0.697,-0.096,-1.835,1.423,-0.339,1.914,0.199,0.8,2.197,2.954,0.304,-0.056,0.624,0.929
2018-02-20,CTD11,4169609,700351,0.0102082575,0.016903138,0.028072657,0.00966208,0.0069690645,0.0017391859,0.0017186293,0.0006928671,6.117,-0.248,23.539,0.273,-44.337,0.416,-84.331,0.488,-67.876,0.602,-107.869,0.162,-39.994,0.227,0.164,-1.245,-0.309,-2.367,-0.815,-1.147,-0.473,-1.823,-1.042,-0.676,-1.123,-0.672,0.207,0.263,0.771,0.794,0.06,-0.784,-0.119,-2.279,1.501,-0.48,2.081,0.274,0.94,2.493,3.457,0.323,-0.068,0.591,0.929
2018-02-20,CTD12,4173438,695414,0.008297163,0.013557416,0.02400867,0.0065127187,0.0058195754,0.0013498847,0.0013124424,0.00051136134,6.898,-0.278,32.109,0.351,-79.785,0.399,-98.073,0.573,-111.894,0.61,-130.182,0.056,-18.288,0.209,0.187,-1.916,-0.464,-2.355,-0.639,-1.517,-0.651,-1.765,-0.848,-0.248,-0.439,-0.847,0.236,0.254,0.903,0.906,0.018,-0.554,-0.329,-2.044,1.839,-1.357,2.058,0.652,0.877,3.257,3.645,0.238,-0.158,0.534,0.977
2018-03-07,CTD1,4187246,695025,0.02249385,0.03396407,0.05073416,0.018465992,0.013666023,0.003513069,0.003513554,0.0013909475,3.917,-0.198,9.732,0.296,-24.711,0.426,-43.731,0.466,-34.443,0.576,-53.464,0.149,-19.021,0.18,0.133,-1.254,-0.338,-2.219,-0.808,-1.17,-0.471,-1.816,-0.987,-0.646,-0.965,-0.522,0.241,0.293,0.677,0.707,0.057,-0.682,-0.071,-1.873,1.57,-0.262,2.121,0.143,0.754,2.345,3.169,0.274,-0.038,0.619,0.931
2018-03-07,CTD2,4181518,693105,0.013861113,0.021516087,0.03392647,0.010907069,0.008624411,0.0021435353,0.002147539,0.00084840215,5.798,-0.224,17.001,0.327,-45.207,0.428,-69.473,0.513,-62.208,0.595,-86.474,0.117,-24.266,0.185,0.147,-1.534,-0.39,-2.357,-0.758,-1.338,-0.537,-1.861,-0.943,-0.522,-0.823,-0.635,0.249,0.288,0.764,0.78,0.041,-0.63,-0.157,-1.961,1.718,-0.616,2.173,0.312,0.786,2.71,3.427,0.253,-0.079,0.585,0.949
2018-03-07,CTD3,4181698,695238,0.019866353,0.028975075,0.04406948,0.015645958,0.0129312575,0.0033260223,0.003332921,0.0013136751,5.2155000000000005,-0.207,11.821,0.299,-29.402,0.383,-42.82,0.476,-41.223,0.546,-54.641,0.095,-13.418,0.185,0.153,-1.296,-0.38,-1.887,-0.67,-1.194,-0.533,-1.583,-0.855,-0.389,-0.591,-0.528,0.234,0.269,0.678,0.698,0.037,-0.552,-0.169,-1.556,1.558,-0.576,1.886,0.311,0.694,2.37,2.868,0.247,-0.091,0.611,0.955
2018-03-07,CTD4,4180266,698264,0.016556958,0.026250858,0.04208429,0.012456603,0.009673952,0.002283774,0.0022610163,0.00087157765,3.4535,-0.232,14.332,0.356,-42.185,0.461,-65.276,0.543,-56.517,0.626,-79.609,0.126,-23.092,0.179,0.139,-1.775,-0.408,-2.747,-0.813,-1.484,-0.547,-2.09,-0.992,-0.606,-0.972,-0.715,0.267,0.304,0.825,0.837,0.041,-0.664,-0.153,-2.243,1.878,-0.665,2.418,0.316,0.827,3.01,3.876,0.245,-0.073,0.566,0.949
2018-03-07,CTD5,4179450,700268,0.016681574,0.02589599,0.032498922,0.004847207,0.00311285,0.0007982423,0.0007452145,0.00029468705,0.823,-0.113,7.846,0.685,-167.688,0.785,-282.633,0.74,-175.534,0.825,-290.479,0.218,-114.945,0.038,0.024,-5.45,-0.522,-9.185,-1.37,-4.546,-0.546,-7.522,-1.408,-2.977,-3.736,-0.83,0.591,0.61,0.953,0.956,0.03,-0.76,0.155,-5.098,5.247,1.614,8.17,-0.302,0.613,6.584,10.253,0.091,0.029,0.526,0.954
2018-03-07,CTD6,4176009,695829,0.01016021,0.0163121,0.025919653,0.0070386124,0.0054993434,0.0012592532,0.0012627431,0.00049023377,5.715,-0.227,22.723,0.397,-80.769,0.496,-120.536,0.573,-103.493,0.65,-143.259,0.123,-39.766,0.16,0.125,-2.094,-0.444,-3.124,-0.848,-1.688,-0.569,-2.337,-1.008,-0.649,-1.031,-0.766,0.295,0.328,0.866,0.875,0.036,-0.651,-0.152,-2.396,2.105,-0.716,2.695,0.309,0.808,3.345,4.282,0.219,-0.066,0.553,0.953
2018-03-07,CTD7,4176724,690397,0.010357352,0.01683453,0.026581934,0.0064783115,0.004919931,0.0010745063,0.001066016,0.00040581077,3.012,-0.225,21.782,0.444,-94.959,0.548,-143.853,0.608,-116.742,0.688,-165.635,0.137,-48.894,0.141,0.107,-2.524,-0.467,-3.824,-0.932,-1.965,-0.574,-2.788,-1.073,-0.823,-1.3,-0.855,0.329,0.36,0.924,0.929,0.036,-0.683,-0.126,-2.804,2.414,-0.682,3.178,0.262,0.82,3.811,5.018,0.2,-0.049,0.537,0.953
2018-03-07,CTD8,4174178,693048,0.010914247,0.017551016,0.02859886,0.0075920504,0.0056852354,0.0012931526,0.0012867842,0.00049629214,3.4415,-0.239,22.01,0.396,-74.74,0.511,-118.917,0.58,-96.75,0.668,-140.928,0.144,-44.177,0.167,0.125,-2.137,-0.425,-3.401,-0.903,-1.698,-0.55,-2.473,-1.07,-0.775,-1.263,-0.832,0.29,0.328,0.904,0.911,0.041,-0.722,-0.135,-2.719,2.113,-0.68,2.822,0.294,0.881,3.443,4.598,0.234,-0.058,0.545,0.947
2018-03-07,CTD9,4171106,693183,0.021306556,0.031484976,0.04601881,0.020667458,0.013991415,0.0037190781,0.0036908577,0.0014743258,0.509,-0.188,10.031,0.207,-16.624,0.385,-39.711,0.38,-26.655,0.534,-49.742,0.193,-23.087,0.207,0.14,-0.765,-0.233,-1.827,-0.821,-0.839,-0.373,-1.566,-1.028,-0.727,-1.062,-0.419,0.18,0.262,0.557,0.614,0.086,-0.793,0.007,-1.766,1.219,0.024,1.801,-0.016,0.785,1.782,2.633,0.352,0.005,0.673,0.9
2018-03-07,CTD10,4170388,695646,0.008929647,0.014268267,0.023608547,0.0059086755,0.004578168,0.0010199648,0.0010279762,0.00039306763,4.3055,-0.247,27.728,0.414,-99.157,0.514,-148.342,0.6,-126.885,0.675,-176.07,0.127,-49.185,0.164,0.127,-2.341,-0.454,-3.502,-0.877,-1.81,-0.581,-2.512,-1.04,-0.702,-1.161,-0.891,0.297,0.328,0.939,0.943,0.035,-0.686,-0.17,-2.742,2.221,-0.879,2.866,0.364,0.88,3.675,4.743,0.22,-0.071,0.533,0.955
2018-03-07,CTD11,4169609,700351,0.011386328,0.018421758,0.029582277,0.008777235,0.0063621504,0.0015071384,0.0015056143,0.0005892848,3.2475,-0.232,20.48,0.355,-59.647,0.487,-102.896,0.542,-80.127,0.646,-123.376,0.16,-43.248,0.18,0.13,-1.765,-0.379,-3.044,-0.903,-1.476,-0.51,-2.273,-1.083,-0.797,-1.279,-0.737,0.268,0.314,0.839,0.854,0.05,-0.757,-0.102,-2.551,1.884,-0.475,2.599,0.226,0.881,3.025,4.173,0.261,-0.049,0.567,0.937
2018-03-07,CTD12,4173438,695414,0.010771207,0.016207367,0.026192997,0.0076988917,0.0059208465,0.0014029214,0.001403567,0.0005476779,4.633,-0.236,23.522,0.356,-68.188,0.465,-107.194,0.546,-91.711,0.631,-130.717,0.131,-39.006,0.181,0.139,-1.786,-0.404,-2.808,-0.825,-1.486,-0.543,-2.119,-1.006,-0.632,-1.022,-0.733,0.265,0.304,0.836,0.848,0.042,-0.682,-0.15,-2.319,1.879,-0.665,2.443,0.316,0.847,3.037,3.949,0.249,-0.071,0.564,0.948
2018-05-16,CTD1,4187246,695025,0.024296597,0.03411761,0.0457801,0.015425454,0.010400377,0.0026391959,0.0026480008,0.0010441547,1.955,-0.146,7.467,0.377,-35.518,0.533,-66.84,0.496,-42.984,0.63,-74.307,0.195,-31.322,0.115,0.078,-1.626,-0.369,-3.06,-1.031,-1.467,-0.447,-2.535,-1.146,-1.069,-1.434,-0.452,0.333,0.388,0.682,0.714,0.063,-0.738,0.071,-2.19,1.985,0.313,2.943,-0.141,0.668,2.663,3.95,0.225,0.032,0.62,0.918
2018-05-16,CTD2,4181518,693105,0.013089571,0.02032532,0.026115848,0.0068315933,0.0045833304,0.0011361307,0.0011212653,0.00044219074,2.604,-0.125,10.909,0.497,-97.179,0.632,-168.982,0.585,-108.088,0.701,-179.891,0.197,-71.803,0.075,0.05,-2.538,-0.445,-4.413,-1.154,-2.197,-0.495,-3.656,-1.229,-1.459,-1.875,-0.507,0.44,0.478,0.774,0.793,0.048,-0.712,0.107,-2.723,2.8,0.612,4.173,-0.206,0.614,3.597,5.362,0.161,0.036,0.585,0.932
2018-05-16,CTD3,4181698,695238,0.012677141,0.018888775,0.02390607,0.0069614258,0.004404755,0.0011426525,0.0011837172,0.00047649033,2.8315,-0.117,11.111,0.461,-90.707,0.622,-174.086,0.549,-101.818,0.689,-185.197,0.225,-83.379,0.077,0.049,-2.168,-0.4,-4.162,-1.212,-1.923,-0.448,-3.498,-1.289,-1.575,-1.993,-0.441,0.421,0.469,0.727,0.754,0.06,-0.79,0.157,-2.714,2.529,0.854,3.997,-0.315,0.633,3.201,5.059,0.184,0.058,0.604,0.917
2018-05-16,CTD4,4180266,698264,0.01274205,0.018818632,0.024722375,0.00581454,0.004044695,0.00096474076,0.0009975304,0.00039356836,2.063,-0.136,12.69,0.528,-118.844,0.646,-194.099,0.619,-131.533,0.719,-206.788,0.18,-75.255,0.074,0.051,-2.938,-0.481,-4.799,-1.129,-2.475,-0.532,-3.891,-1.202,-1.416,-1.86,-0.599,0.452,0.484,0.827,0.839,0.041,-0.676,0.066,-2.876,3.073,0.401,4.417,-0.124,0.618,4.037,5.803,0.145,0.02,0.566,0.942
2018-05-16,CTD5,4179450,700268,0.018231649,0.027514383,0.033763956,0.00693919,0.004829669,0.001119098,0.0011715008,0.00045540262,0.5700000000000001,-0.102,6.727,0.597,-107.764,0.701,-170.709,0.659,-114.492,0.75,-177.436,0.179,-62.944,0.047,0.032,-3.639,-0.52,-5.764,-1.185,-3.15,-0.553,-4.882,-1.231,-1.732,-2.125,-0.531,0.533,0.557,0.829,0.84,0.034,-0.622,0.119,-3.026,3.822,0.831,5.491,-0.21,0.531,4.69,6.739,0.109,0.03,0.562,0.948
2018-05-16,CTD6,4176009,695829,0.01515713,0.022147184,0.025107317,0.006338207,0.004255987,0.0010563881,0.0011116058,0.00043801064,1.002,-0.063,5.323,0.555,-112.621,0.678,-189.811,0.597,-117.944,0.71,-195.134,0.197,-77.19,0.034,0.023,-2.828,-0.479,-4.766,-1.203,-2.612,-0.502,-4.322,-1.237,-1.71,-1.938,-0.279,0.538,0.569,0.711,0.732,0.044,-0.607,0.211,-2.405,3.325,1.243,4.951,-0.356,0.462,3.769,5.613,0.117,0.06,0.603,0.934
2018-05-16,CTD7,4176724,690397,0.021764008,0.034804765,0.050052825,0.015130617,0.009587707,0.0023425673,0.0023237045,0.00092993054,3.122,-0.18,8.753,0.394,-37.359,0.568,-75.569,0.536,-46.112,0.678,-84.321,0.224,-38.209,0.132,0.084,-1.87,-0.358,-3.782,-1.143,-1.605,-0.442,-2.935,-1.276,-1.33,-1.912,-0.617,0.33,0.387,0.787,0.81,0.065,-0.883,0.062,-2.92,2.109,0.322,3.328,-0.14,0.804,3.033,4.786,0.243,0.027,0.588,0.915
2018-05-16,CTD8,4174178,693048,0.018250255,0.027387407,0.034275476,0.0075190193,0.0052535785,0.0012047935,0.0012606307,0.00049368537,0.963,-0.112,7.338,0.569,-96.483,0.678,-153.833,0.64,-103.821,0.734,-161.171,0.177,-57.35,0.055,0.039,-3.307,-0.507,-5.273,-1.157,-2.843,-0.545,-4.414,-1.212,-1.571,-1.966,-0.539,0.503,0.53,0.82,0.831,0.037,-0.632,0.1,-2.882,3.489,0.655,4.994,-0.18,0.553,4.367,6.25,0.121,0.028,0.566,0.946
2018-05-16,CTD9,4171106,693183,0.028348394,0.042476423,0.06275782,0.03794823,0.026037116,0.0068438672,0.0069709183,0.0027148656,0.4575,-0.193,7.608,0.056,-2.809,0.24,-14.864,0.246,-10.417,0.414,-22.472,0.186,-12.055,0.289,0.198,-0.176,-0.073,-0.933,-0.564,-0.442,-0.271,-0.955,-0.853,-0.512,-0.757,-0.317,0.051,0.163,0.362,0.457,0.113,-0.781,-0.009,-1.291,0.704,-0.022,1.027,0.02,0.791,1.041,1.517,0.479,-0.008,0.764,0.882
2018-05-16,CTD10,4170388,695646,0.012021942,0.01878048,0.025339318,0.006342674,0.0039705206,0.0010170976,0.0010756658,0.00043350217,2.1115,-0.149,13.782,0.495,-104.415,0.651,-198.609,0.6,-118.198,0.729,-212.392,0.23,-94.194,0.087,0.055,-2.646,-0.415,-5.033,-1.26,-2.22,-0.469,-3.989,-1.347,-1.769,-2.387,-0.636,0.424,0.467,0.835,0.851,0.054,-0.856,0.115,-3.421,2.804,0.735,4.48,-0.248,0.723,3.784,6.044,0.181,0.039,0.569,0.925
2018-05-16,CTD11,4169609,700351,0.01541265,0.022810996,0.03295109,0.010196252,0.007856047,0.0018931893,0.0018396595,0.0007276013,1.338,-0.182,13.49,0.382,-54.237,0.488,-83.452,0.527,-67.727,0.615,-96.942,0.13,-29.215,0.138,0.106,-1.787,-0.426,-2.75,-0.851,-1.545,-0.532,-2.211,-0.988,-0.666,-0.963,-0.562,0.309,0.347,0.742,0.76,0.042,-0.606,-0.078,-1.957,1.999,-0.328,2.594,0.147,0.674,2.887,3.747,0.209,-0.035,0.592,0.946
2018-05-16,CTD12,4173438,695414,0.01858197,0.026795913,0.03392647,0.008043668,0.005795102,0.0013680739,0.0014508219,0.0005688173,0.9145,-0.117,7.844,0.538,-87.002,0.644,-135.24,0.617,-94.846,0.708,-143.084,0.162,-48.238,0.063,0.045,-2.952,-0.504,-4.588,-1.088,-2.541,-0.55,-3.834,-1.151,-1.293,-1.637,-0.515,0.472,0.5,0.794,0.807,0.037,-0.598,0.069,-2.523,3.16,0.406,4.387,-0.122,0.546,4.002,5.554,0.129,0.021,0.574,0.946
2018-06-20,CTD1,4187246,695025,0.015043783,0.0223564,0.027331281,0.01026327,0.006384248,0.0018062307,0.0018221581,0.00075759477,0.9445,-0.1,8.142,0.371,-52.705,0.556,-111.906,0.454,-60.847,0.621,-120.047,0.233,-59.201,0.084,0.052,-1.44,-0.336,-3.059,-1.149,-1.36,-0.388,-2.684,-1.232,-1.324,-1.618,-0.299,0.359,0.425,0.594,0.642,0.078,-0.79,0.196,-2.103,1.945,0.839,3.126,-0.385,0.6,2.377,3.822,0.225,0.09,0.656,0.897
2018-06-20,CTD2,4181518,693105,0.015720641,0.022575049,0.025919653,0.005313191,0.0036941462,0.00090328575,0.0009292061,0.00036464055,0.8140000000000001,-0.069,5.716,0.619,-143.914,0.719,-226.402,0.66,-149.63,0.751,-232.118,0.18,-82.488,0.03,0.021,-3.73,-0.532,-5.868,-1.203,-3.378,-0.553,-5.24,-1.233,-1.862,-2.138,-0.371,0.583,0.605,0.784,0.797,0.033,-0.567,0.176,-2.768,4.106,1.233,5.906,-0.29,0.453,4.715,6.781,0.093,0.041,0.575,0.948
2018-06-20,CTD3,4181698,695238,0.01614997,0.022956751,0.02518167,0.0068534524,0.0043038772,0.0011749426,0.0011930979,0.00048531988,1.142,-0.046,3.849,0.54,-102.352,0.684,-188.788,0.572,-106.2,0.708,-192.637,0.229,-86.437,0.026,0.017,-2.577,-0.441,-4.754,-1.294,-2.438,-0.457,-4.422,-1.32,-1.984,-2.177,-0.199,0.546,0.582,0.672,0.7,0.053,-0.681,0.284,-2.501,3.179,1.66,5.062,-0.495,0.469,3.487,5.552,0.128,0.085,0.619,0.92
2018-06-20,CTD4,4180266,698264,0.019152071,0.025115626,0.028654773,0.008767718,0.0054243393,0.0014243042,0.0014782529,0.000598614,0.56,-0.066,4.918,0.482,-74.239,0.645,-144.538,0.531,-79.157,0.682,-149.456,0.236,-70.299,0.043,0.027,-2.127,-0.403,-4.142,-1.267,-1.988,-0.429,-3.754,-1.31,-1.766,-2.014,-0.249,0.48,0.526,0.651,0.686,0.062,-0.74,0.258,-2.418,2.675,1.362,4.324,-0.475,0.522,3.052,4.934,0.16,0.09,0.63,0.911
2018-06-20,CTD5,4179450,700268,0.019440068,0.029512648,0.0325931,0.0051778117,0.003474501,0.0008339411,0.00083666027,0.00033166853,0.524,-0.05,3.202,0.701,-159.248,0.789,-253.927,0.726,-162.45,0.807,-257.13,0.197,-94.679,0.017,0.011,-5.19,-0.553,-8.276,-1.315,-4.794,-0.564,-7.589,-1.331,-2.794,-3.086,-0.356,0.675,0.689,0.831,0.839,0.027,-0.585,0.234,-3.681,5.593,2.199,8.335,-0.386,0.433,6.177,9.205,0.069,0.041,0.559,0.955
2018-06-20,CTD6,4176009,695829,0.015812065,0.0230879,0.02673901,0.0068194824,0.004499808,0.0011426525,0.0011832258,0.00047173255,0.8065,-0.073,5.914,0.544,-103.326,0.674,-178.919,0.594,-109.24,0.712,-184.833,0.205,-75.593,0.04,0.027,-2.763,-0.465,-4.784,-1.22,-2.522,-0.492,-4.267,-1.26,-1.745,-2.021,-0.323,0.521,0.554,0.722,0.744,0.047,-0.652,0.204,-2.557,3.217,1.21,4.876,-0.357,0.498,3.726,5.647,0.127,0.06,0.6,0.931
2018-06-20,CTD7,4176724,690397,0.020508578,0.028324751,0.030477772,0.011006947,0.006169241,0.0018631737,0.0019048443,0.00078784686,0.4885,-0.037,2.494,0.44,-55.547,0.642,-126.79,0.469,-58.041,0.663,-129.284,0.282,-71.243,0.027,0.015,-1.693,-0.343,-3.864,-1.396,-1.644,-0.358,-3.662,-1.423,-2.018,-2.171,-0.125,0.473,0.534,0.564,0.618,0.082,-0.855,0.369,-2.367,2.371,1.822,4.23,-0.708,0.516,2.551,4.552,0.186,0.143,0.669,0.883
2018-06-20,CTD8,4174178,693048,0.01825646,0.028120171,0.03335533,0.008257834,0.0054202047,0.0013083055,0.0013988176,0.00055776275,0.8915,-0.085,5.581,0.546,-85.535,0.677,-148.933,0.603,-91.117,0.72,-154.515,0.207,-63.398,0.046,0.03,-2.853,-0.464,-4.968,-1.23,-2.562,-0.494,-4.345,-1.276,-1.783,-2.115,-0.383,0.512,0.545,0.748,0.768,0.046,-0.68,0.187,-2.749,3.243,1.149,4.94,-0.337,0.53,3.846,5.86,0.131,0.055,0.592,0.932
2018-06-20,CTD9,4171106,693183,0.03165918,0.04444006,0.056170627,0.03104421,0.017338423,0.0045163617,0.0045837313,0.0018103351,0.2425,-0.117,4.699,0.177,-9.71,0.439,-35.173,0.288,-14.409,0.528,-39.872,0.283,-25.463,0.146,0.081,-0.545,-0.168,-1.976,-1.092,-0.64,-0.25,-1.772,-1.238,-1.132,-1.43,-0.242,0.182,0.311,0.407,0.514,0.136,-0.999,0.233,-1.808,1.123,0.754,2.01,-0.527,0.705,1.419,2.541,0.39,0.163,0.75,0.843
2018-06-20,CTD10,4170388,695646,0.018594598,0.025853014,0.031529684,0.011361843,0.006627594,0.0018923712,0.00193414,0.0008014227,2.1105,-0.099,6.964,0.389,-49.334,0.592,-112.204,0.47,-56.298,0.653,-119.168,0.263,-62.87,0.079,0.046,-1.555,-0.327,-3.538,-1.275,-1.455,-0.373,-3.081,-1.354,-1.625,-1.982,-0.316,0.38,0.448,0.621,0.669,0.083,-0.894,0.237,-2.482,2.065,1.126,3.54,-0.495,0.636,2.519,4.318,0.229,0.104,0.649,0.89
2018-06-20,CTD11,4169609,700351,0.0070830034,0.010040981,0.016211268,0.0047013937,0.004503184,0.001001695,0.0009763622,0.0003866248,0.486,-0.235,37.906,0.362,-113.111,0.381,-122.473,0.55,-151.017,0.565,-160.38,0.022,-9.362,0.178,0.171,-1.834,-0.509,-1.985,-0.576,-1.516,-0.68,-1.61,-0.754,-0.094,-0.152,-0.67,0.258,0.265,0.791,0.794,0.008,-0.425,-0.338,-1.464,1.858,-1.218,1.94,0.57,0.657,3.0,3.132,0.19,-0.158,0.562,0.991
2018-06-20,CTD12,4173438,695414,0.01599104,0.023282042,0.027944783,0.008014794,0.0050329664,0.0013420122,0.0013574401,0.0005595052,1.7265,-0.091,7.167,0.488,-81.818,0.645,-155.738,0.554,-88.984,0.695,-162.905,0.229,-73.921,0.057,0.036,-2.286,-0.412,-4.352,-1.248,-2.072,-0.448,-3.793,-1.306,-1.721,-2.066,-0.357,0.463,0.507,0.704,0.732,0.058,-0.759,0.205,-2.647,2.725,1.139,4.339,-0.392,0.572,3.27,5.208,0.164,0.071,0.611,0.917
2018-07-10,CTD1,4187246,695025,0.01317908,0.018933544,0.026107289,0.009334594,0.006157391,0.0016892351,0.0017201157,0.0006938158,0.525,-0.159,14.513,0.34,-54.312,0.509,-109.59,0.473,-68.825,0.618,-124.103,0.205,-55.278,0.135,0.089,-1.418,-0.334,-2.861,-1.023,-1.303,-0.424,-2.35,-1.158,-1.047,-1.443,-0.463,0.298,0.36,0.668,0.706,0.071,-0.791,0.066,-2.212,1.792,0.278,2.717,-0.137,0.719,2.472,3.747,0.257,0.032,0.628,0.91
2018-07-10,CTD2,4181518,693105,0.020780751,0.029580465,0.031417973,0.008521025,0.0048024007,0.0013308547,0.0013706932,0.00055925595,0.3675,-0.03,1.977,0.553,-83.551,0.721,-174.423,0.573,-85.528,0.735,-176.4,0.279,-90.872,0.017,0.009,-2.625,-0.401,-5.48,-1.486,-2.53,-0.411,-5.218,-1.503,-2.688,-2.855,-0.138,0.581,0.62,0.666,0.699,0.061,-0.833,0.378,-3.071,3.319,2.472,5.888,-0.712,0.499,3.525,6.254,0.135,0.109,0.625,0.907
2018-07-10,CTD3,4181698,695238,0.019223686,0.026813665,0.02593666,0.008213336,0.005474219,0.001475621,0.0014576266,0.0005999601,0.6675,0.017,-1.261,0.531,-84.459,0.661,-145.38,0.519,-83.198,0.651,-144.119,0.2,-60.921,-0.01,-0.007,-2.191,-0.462,-3.771,-1.194,-2.231,-0.455,-3.864,-1.184,-1.634,-1.58,0.064,0.592,0.625,0.549,0.584,0.052,-0.467,0.367,-1.473,3.054,1.74,4.582,-0.533,0.301,2.954,4.432,0.095,0.113,0.664,0.92
2018-07-10,CTD4,4180266,698264,0.015286966,0.020831756,0.024975644,0.00916691,0.0060263076,0.0017132777,0.0017097403,0.00070113695,1.7875,-0.09,7.965,0.389,-61.084,0.551,-117.935,0.463,-69.049,0.611,-125.9,0.207,-56.851,0.073,0.048,-1.526,-0.368,-2.946,-1.081,-1.438,-0.416,-2.623,-1.154,-1.184,-1.42,-0.273,0.376,0.434,0.589,0.632,0.069,-0.687,0.177,-1.872,2.031,0.732,3.09,-0.322,0.542,2.435,3.704,0.199,0.078,0.655,0.908
2018-07-10,CTD5,4179450,700268,0.016927807,0.025149101,0.032761134,0.008290629,0.0053749485,0.0013380952,0.0013840903,0.00055627397,0.8840000000000001,-0.131,9.239,0.504,-80.855,0.648,-146.285,0.596,-90.094,0.718,-155.524,0.213,-65.43,0.077,0.05,-2.649,-0.435,-4.792,-1.213,-2.266,-0.484,-3.911,-1.289,-1.646,-2.144,-0.557,0.442,0.482,0.802,0.819,0.05,-0.775,0.119,-3.062,2.869,0.727,4.426,-0.24,0.654,3.738,5.765,0.166,0.039,0.577,0.929
2018-07-10,CTD6,4176009,695829,0.014544116,0.020712754,0.02386672,0.008911601,0.005549964,0.0016906817,0.0016538787,0.0006815927,2.3440000000000003,-0.071,6.38,0.398,-63.934,0.577,-131.902,0.456,-70.314,0.623,-138.282,0.232,-67.968,0.057,0.035,-1.526,-0.355,-3.148,-1.175,-1.456,-0.39,-2.864,-1.232,-1.408,-1.622,-0.218,0.401,0.463,0.569,0.618,0.075,-0.738,0.245,-1.976,2.092,1.054,3.359,-0.453,0.529,2.41,3.87,0.198,0.105,0.665,0.897
2018-07-10,CTD7,4176724,690397,0.019792458,0.026146537,0.028973509,0.011193165,0.0061219856,0.0018948265,0.0018973885,0.00080401945,0.613,-0.051,3.732,0.4,-51.094,0.621,-125.1,0.443,-54.826,0.651,-128.831,0.293,-74.005,0.042,0.023,-1.48,-0.313,-3.625,-1.4,-1.434,-0.336,-3.368,-1.442,-1.935,-2.144,-0.163,0.426,0.499,0.551,0.612,0.092,-0.926,0.355,-2.397,2.125,1.682,3.885,-0.72,0.561,2.354,4.305,0.217,0.152,0.677,0.874
2018-07-10,CTD8,4174178,693048,0.0148095125,0.02221423,0.031336952,0.011784152,0.0072948853,0.0019760975,0.0020038085,0.0008301087,1.9815,-0.17,13.105,0.307,-39.844,0.506,-92.066,0.453,-52.949,0.622,-105.171,0.235,-52.223,0.154,0.096,-1.249,-0.291,-2.885,-1.085,-1.176,-0.386,-2.336,-1.239,-1.16,-1.636,-0.478,0.27,0.346,0.663,0.707,0.084,-0.907,0.09,-2.411,1.652,0.386,2.669,-0.205,0.792,2.331,3.765,0.298,0.048,0.635,0.896
2018-07-10,CTD9,4171106,693183,0.02413472,0.035254367,0.048154715,0.023340145,0.015373586,0.0040765265,0.0041298387,0.0016647476,0.272,-0.155,7.599,0.203,-14.479,0.393,-36.681,0.347,-22.078,0.516,-44.28,0.206,-22.202,0.177,0.117,-0.697,-0.223,-1.766,-0.856,-0.778,-0.339,-1.561,-1.034,-0.783,-1.069,-0.333,0.188,0.278,0.49,0.559,0.096,-0.786,0.073,-1.622,1.191,0.23,1.808,-0.152,0.707,1.627,2.47,0.343,0.049,0.702,0.889
2018-07-10,CTD10,4170388,695646,0.012582555,0.017320639,0.023858856,0.0080900965,0.006138481,0.0017384398,0.0016877354,0.00067572366,1.5445,-0.159,15.821,0.363,-65.873,0.477,-105.172,0.494,-81.695,0.591,-120.994,0.137,-39.299,0.128,0.097,-1.572,-0.404,-2.509,-0.851,-1.415,-0.501,-2.096,-0.979,-0.681,-0.938,-0.46,0.308,0.35,0.672,0.697,0.047,-0.592,-0.033,-1.746,1.884,-0.127,2.483,0.06,0.619,2.595,3.42,0.21,-0.015,0.617,0.939
2018-07-10,CTD11,4169609,700351,0.011811412,0.016223859,0.021211898,0.0074680815,0.005461703,0.0015518613,0.0015114114,0.0006177688,1.7515,-0.133,14.494,0.37,-72.266,0.496,-121.455,0.479,-86.76,0.59,-135.95,0.155,-49.19,0.108,0.079,-1.533,-0.395,-2.576,-0.907,-1.408,-0.474,-2.206,-1.015,-0.798,-1.043,-0.386,0.328,0.375,0.634,0.665,0.054,-0.603,0.034,-1.711,1.915,0.13,2.618,-0.06,0.576,2.504,3.423,0.203,0.015,0.633,0.93
2018-07-10,CTD12,4173438,695414,0.014514374,0.021078818,0.025389295,0.006848588,0.0046967664,0.0012936904,0.0012905698,0.0005295207,2.3985000000000003,-0.093,8.054,0.51,-98.575,0.636,-165.471,0.575,-106.629,0.688,-173.526,0.186,-66.897,0.055,0.038,-2.503,-0.463,-4.201,-1.133,-2.248,-0.501,-3.658,-1.188,-1.41,-1.698,-0.373,0.473,0.508,0.719,0.741,0.046,-0.628,0.144,-2.328,2.893,0.781,4.218,-0.254,0.519,3.484,5.081,0.14,0.047,0.601,0.933
2018-08-29,CTD1,4187246,695025,0.009004451,0.01295274,0.019760191,0.0065565915,0.005317937,0.0012760762,0.0012792503,0.00050265645,0.45,-0.208,26.597,0.328,-75.315,0.418,-110.839,0.502,-101.911,0.576,-137.436,0.104,-35.525,0.174,0.141,-1.488,-0.401,-2.19,-0.727,-1.32,-0.542,-1.78,-0.901,-0.46,-0.702,-0.573,0.255,0.29,0.723,0.74,0.038,-0.577,-0.156,-1.74,1.706,-0.578,2.104,0.293,0.714,2.603,3.21,0.237,-0.079,0.596,0.953
2018-08-29,CTD2,4181518,693105,0.010866346,0.015471839,0.020520989,0.0046054535,0.0032849954,0.00080598134,0.0008178027,0.0003197606,0.5375000000000001,-0.14,15.903,0.541,-152.5,0.65,-239.781,0.633,-168.403,0.724,-255.684,0.167,-87.281,0.073,0.052,-3.129,-0.501,-4.921,-1.104,-2.606,-0.553,-3.956,-1.178,-1.35,-1.791,-0.64,0.456,0.485,0.849,0.858,0.037,-0.648,0.041,-2.887,3.199,0.254,4.485,-0.076,0.613,4.243,5.949,0.138,0.012,0.558,0.947
2018-08-29,CTD3,4181698,695238,0.009637644,0.014066799,0.017513076,0.0037685144,0.0026552763,0.00063905434,0.0006476886,0.00025225218,0.6495,-0.109,13.989,0.577,-194.267,0.682,-305.519,0.646,-208.256,0.737,-319.508,0.173,-111.252,0.053,0.037,-3.402,-0.516,-5.351,-1.151,-2.93,-0.553,-4.494,-1.204,-1.565,-1.948,-0.536,0.511,0.536,0.822,0.833,0.035,-0.616,0.099,-2.863,3.581,0.65,5.082,-0.174,0.54,4.458,6.328,0.116,0.026,0.565,0.948
2018-08-29,CTD4,4180266,698264,0.010153365,0.013649442,0.018473737,0.005652843,0.0044712243,0.0011389205,0.0011408719,0.00044815862,0.629,-0.15,19.132,0.414,-103.639,0.507,-150.389,0.531,-122.771,0.61,-169.521,0.117,-46.75,0.108,0.086,-1.915,-0.463,-2.778,-0.85,-1.676,-0.549,-2.314,-0.958,-0.638,-0.864,-0.477,0.349,0.38,0.708,0.725,0.037,-0.525,-0.052,-1.717,2.173,-0.215,2.747,0.089,0.562,2.94,3.718,0.172,-0.022,0.601,0.951
2018-08-29,CTD5,4179450,700268,0.0152505,0.022757517,0.028879426,0.006031918,0.004188373,0.000981838,0.0009999599,0.00039057498,0.36,-0.119,9.315,0.581,-121.843,0.689,-194.815,0.654,-131.158,0.747,-204.129,0.18,-72.971,0.056,0.039,-3.519,-0.51,-5.626,-1.175,-2.985,-0.549,-4.645,-1.231,-1.661,-2.107,-0.599,0.506,0.532,0.848,0.858,0.036,-0.652,0.094,-3.122,3.628,0.646,5.225,-0.171,0.575,4.604,6.63,0.12,0.025,0.558,0.947
2018-08-29,CTD6,4176009,695829,0.010666128,0.016032493,0.02058226,0.0051194946,0.003325527,0.00083784224,0.00085400324,0.00034197018,0.9995,-0.124,13.788,0.516,-132.958,0.656,-238.331,0.602,-146.746,0.722,-252.119,0.212,-105.372,0.071,0.046,-2.737,-0.442,-4.905,-1.22,-2.353,-0.488,-4.042,-1.291,-1.689,-2.169,-0.539,0.456,0.494,0.799,0.816,0.049,-0.761,0.129,-3.058,2.97,0.801,4.572,-0.256,0.634,3.813,5.87,0.158,0.041,0.578,0.93
2018-08-29,CTD7,4176724,690397,0.012943238,0.019074917,0.024064088,0.006496637,0.00536472,0.0012969222,0.0013135468,0.0005106857,0.7705,-0.116,10.869,0.492,-101.501,0.561,-133.978,0.575,-112.37,0.635,-144.847,0.095,-32.477,0.071,0.058,-2.443,-0.545,-3.224,-0.87,-2.143,-0.603,-2.763,-0.941,-0.62,-0.782,-0.421,0.427,0.449,0.719,0.731,0.026,-0.418,-0.033,-1.549,2.713,-0.148,3.286,0.051,0.436,3.423,4.145,0.118,-0.011,0.593,0.963
2018-08-29,CTD8,4174178,693048,0.012690095,0.018679105,0.027331281,0.00812803,0.0057179597,0.0014369449,0.0014409869,0.0005741795,1.2325,-0.188,16.948,0.394,-69.495,0.531,-121.352,0.542,-86.443,0.654,-138.299,0.174,-51.857,0.138,0.097,-1.899,-0.397,-3.317,-0.986,-1.615,-0.494,-2.583,-1.124,-0.969,-1.417,-0.625,0.319,0.366,0.787,0.806,0.052,-0.738,-0.02,-2.482,2.089,-0.096,2.969,0.042,0.76,3.056,4.345,0.226,-0.009,0.583,0.932
2018-08-29,CTD9,4171106,693183,0.021588668,0.030825041,0.044794075,0.022775166,0.014269092,0.0037842428,0.0038633107,0.0015531575,0.1415,-0.185,10.117,0.15,-11.466,0.367,-37.64,0.326,-21.583,0.517,-47.757,0.23,-26.174,0.23,0.144,-0.514,-0.164,-1.686,-0.857,-0.665,-0.308,-1.472,-1.088,-0.807,-1.172,-0.377,0.136,0.245,0.488,0.569,0.112,-0.908,0.062,-1.786,1.035,0.193,1.652,-0.143,0.827,1.504,2.4,0.42,0.046,0.709,0.874
2018-08-29,CTD10,4170388,695646,0.010357352,0.015078365,0.020918997,0.006099959,0.004457842,0.0011407847,0.0011371075,0.00045897503,1.2935,-0.162,18.517,0.424,-97.615,0.544,-158.004,0.548,-116.132,0.649,-176.52,0.156,-60.388,0.113,0.083,-2.042,-0.435,-3.305,-0.964,-1.751,-0.518,-2.662,-1.077,-0.911,-1.263,-0.553,0.354,0.393,0.759,0.777,0.046,-0.648,-0.01,-2.221,2.259,-0.047,3.091,0.019,0.657,3.134,4.288,0.191,-0.004,0.588,0.939
2018-08-29,CTD11,4169609,700351,0.011459938,0.0163121,0.022572424,0.00795738,0.0056032264,0.0015154544,0.0014972838,0.0006078341,0.8275,-0.161,17.002,0.344,-64.365,0.489,-117.164,0.479,-81.368,0.602,-134.167,0.174,-52.799,0.135,0.095,-1.453,-0.361,-2.645,-0.932,-1.327,-0.456,-2.189,-1.068,-0.861,-1.192,-0.462,0.297,0.351,0.667,0.699,0.061,-0.697,0.019,-1.979,1.802,0.075,2.559,-0.036,0.68,2.493,3.541,0.24,0.009,0.624,0.923
2018-08-29,CTD12,4173438,695414,0.010601452,0.016086938,0.023383867,0.0059148734,0.004074798,0.0009670517,0.0009783369,0.000382721,1.132,-0.185,19.398,0.462,-106.903,0.596,-183.249,0.596,-126.301,0.703,-202.646,0.184,-76.346,0.115,0.079,-2.5,-0.436,-4.285,-1.084,-2.032,-0.515,-3.26,-1.199,-1.228,-1.785,-0.73,0.37,0.41,0.866,0.878,0.047,-0.764,-0.001,-3.019,2.545,-0.005,3.695,0.002,0.765,3.7,5.371,0.193,-0.0,0.557,0.937
2018-10-03,CTD1,4187246,695025,0.012781159,0.017947769,0.025314366,0.007013612,0.005393413,0.0013280816,0.0012998154,0.00051294174,0.278,-0.17,16.214,0.438,-86.863,0.538,-129.694,0.566,-103.077,0.649,-145.908,0.131,-42.831,0.114,0.087,-2.199,-0.468,-3.283,-0.91,-1.85,-0.556,-2.619,-1.023,-0.769,-1.084,-0.594,0.356,0.388,0.784,0.798,0.037,-0.591,-0.06,-2.135,2.346,-0.282,3.051,0.11,0.641,3.309,4.303,0.178,-0.023,0.577,0.95
2018-10-03,CTD2,4181518,693105,0.015245298,0.020972595,0.026304808,0.0059730755,0.0042575733,0.0010344409,0.0010238001,0.0003991256,0.4405,-0.113,9.665,0.557,-119.737,0.663,-187.194,0.63,-129.402,0.721,-196.86,0.168,-67.458,0.058,0.041,-3.15,-0.51,-4.924,-1.118,-2.714,-0.551,-4.129,-1.176,-1.415,-1.774,-0.521,0.491,0.518,0.806,0.818,0.036,-0.606,0.084,-2.667,3.349,0.522,4.699,-0.149,0.541,4.201,5.894,0.123,0.024,0.57,0.947
2018-10-03,CTD3,4181698,695238,0.011940512,0.017539129,0.019675214,0.0028389357,0.00193892,0.00047756996,0.00046418884,0.00017865103,0.321,-0.057,6.19,0.721,-295.229,0.801,-458.736,0.748,-301.419,0.821,-464.926,0.188,-163.506,0.018,0.012,-5.809,-0.572,-9.026,-1.302,-5.287,-0.584,-8.154,-1.32,-2.868,-3.217,-0.447,0.68,0.693,0.864,0.87,0.024,-0.573,0.208,-3.969,6.08,2.115,8.902,-0.342,0.439,6.82,9.986,0.063,0.034,0.548,0.96
2018-10-03,CTD4,4180266,698264,0.005496936,0.0074092792,0.007452177,0.003791892,0.004016327,0.0007501865,0.0007600398,0.00029056484,0.211,-0.003,0.777,0.323,-128.755,0.297,-114.018,0.326,-129.532,0.3,-114.795,-0.029,14.737,0.003,0.003,-0.96,-0.517,-0.85,-0.432,-0.96,-0.52,-0.851,-0.435,0.109,0.11,-0.005,0.315,0.302,0.32,0.307,-0.015,0.05,-0.065,0.099,1.415,-0.121,1.336,0.062,-0.053,1.423,1.344,-0.027,-0.033,0.754,1.02
2018-10-03,CTD5,4179450,700268,0.022388212,0.03130099,0.034363218,0.0054375427,0.0035628632,0.00090257375,0.00086557114,0.000337749,0.083,-0.047,2.847,0.704,-151.959,0.796,-248.725,0.727,-154.806,0.812,-251.572,0.208,-96.767,0.015,0.01,-5.222,-0.541,-8.547,-1.352,-4.846,-0.552,-7.874,-1.368,-3.029,-3.325,-0.34,0.682,0.697,0.83,0.838,0.029,-0.615,0.256,-3.888,5.653,2.466,8.627,-0.428,0.443,6.206,9.471,0.07,0.044,0.559,0.953
2018-10-03,CTD6,4176009,695829,0.0144255115,0.020414636,0.027358083,0.0060637062,0.0038168614,0.0009857726,0.00096772803,0.00038353048,0.9465,-0.145,12.432,0.542,-115.931,0.685,-213.011,0.637,-128.363,0.755,-225.443,0.227,-97.08,0.075,0.047,-3.172,-0.442,-5.828,-1.292,-2.62,-0.49,-4.602,-1.367,-1.982,-2.656,-0.703,0.46,0.497,0.879,0.889,0.047,-0.842,0.117,-3.801,3.227,0.837,5.127,-0.249,0.711,4.325,6.871,0.158,0.035,0.554,0.933
2018-10-03,CTD7,4176724,690397,0.010662524,0.015424709,0.018321177,0.0032127537,0.00234018,0.00054147287,0.0005412668,0.00020727566,0.2744999999999999,-0.086,10.249,0.655,-246.428,0.737,-362.487,0.702,-256.678,0.773,-372.736,0.157,-116.058,0.033,0.024,-4.515,-0.577,-6.641,-1.165,-3.959,-0.601,-5.749,-1.198,-1.79,-2.126,-0.522,0.591,0.608,0.85,0.857,0.026,-0.531,0.114,-3.028,4.673,0.889,6.416,-0.185,0.459,5.551,7.621,0.081,0.024,0.552,0.959
2018-10-03,CTD8,4174178,693048,0.01930865,0.027861718,0.03671471,0.012919855,0.00861435,0.0021860509,0.0022078725,0.00086351007,1.215,-0.137,8.655,0.366,-41.509,0.528,-80.194,0.479,-50.163,0.62,-88.848,0.2,-38.685,0.112,0.075,-1.524,-0.358,-2.944,-1.036,-1.398,-0.432,-2.475,-1.148,-1.078,-1.42,-0.411,0.33,0.388,0.652,0.689,0.067,-0.741,0.092,-2.106,1.922,0.393,2.882,-0.182,0.651,2.533,3.798,0.229,0.043,0.632,0.913
2018-10-03,CTD9,4171106,693183,0.033869732,0.04191173,0.05510711,0.027011883,0.020530796,0.005736121,0.0055982945,0.0021877892,0.105,-0.136,5.713,0.216,-13.161,0.342,-24.848,0.342,-18.874,0.457,-30.561,0.136,-11.687,0.154,0.117,-0.725,-0.27,-1.369,-0.671,-0.791,-0.388,-1.281,-0.826,-0.49,-0.644,-0.278,0.197,0.26,0.45,0.502,0.067,-0.555,0.0,-1.133,1.179,0.001,1.551,-0.001,0.555,1.55,2.04,0.272,0.0,0.71,0.921
2018-10-03,CTD10,4170388,695646,0.01549701,0.02107172,0.027600395,0.008216294,0.005824037,0.0014774913,0.0014833016,0.00058586104,0.933,-0.134,11.226,0.439,-74.252,0.567,-124.245,0.541,-85.478,0.652,-135.471,0.17,-49.993,0.092,0.065,-2.049,-0.432,-3.429,-1.021,-1.801,-0.498,-2.855,-1.113,-1.053,-1.38,-0.465,0.385,0.426,0.721,0.744,0.049,-0.647,0.055,-2.174,2.354,0.259,3.32,-0.101,0.601,3.083,4.349,0.179,0.021,0.602,0.933
2018-10-03,CTD11,4169609,700351,0.012763762,0.019074917,0.022357196,0.006031918,0.004135757,0.0010265532,0.0010155062,0.00040563775,0.5325,-0.079,7.697,0.519,-113.36,0.644,-189.369,0.575,-121.056,0.688,-197.065,0.186,-76.009,0.046,0.032,-2.534,-0.469,-4.234,-1.142,-2.309,-0.501,-3.759,-1.189,-1.45,-1.699,-0.323,0.492,0.526,0.703,0.726,0.046,-0.605,0.168,-2.243,2.977,0.906,4.342,-0.286,0.486,3.49,5.09,0.131,0.053,0.606,0.933
2018-10-03,CTD12,4173438,695414,0.01878505,0.027054371,0.036517397,0.00997973,0.006775112,0.00165492,0.0016538787,0.0006434019,1.1425,-0.149,9.578,0.461,-63.241,0.599,-110.636,0.571,-72.819,0.687,-120.215,0.191,-47.396,0.096,0.065,-2.309,-0.428,-4.04,-1.104,-1.97,-0.493,-3.252,-1.2,-1.282,-1.731,-0.565,0.394,0.436,0.784,0.803,0.05,-0.732,0.062,-2.679,2.525,0.334,3.72,-0.123,0.671,3.409,5.021,0.183,0.023,0.583,0.931
2018-11-07,CTD1,4187246,695025,0.006361538,0.009215131,0.014226302,0.0035486063,0.0032743618,0.00076347153,0.0007618069,0.00029302982,0.619,-0.214,38.225,0.444,-173.284,0.476,-196.886,0.601,-211.508,0.626,-235.111,0.04,-23.602,0.136,0.125,-2.465,-0.567,-2.801,-0.699,-1.949,-0.693,-2.167,-0.834,-0.217,-0.336,-0.734,0.324,0.334,0.855,0.858,0.012,-0.436,-0.275,-1.748,2.367,-1.195,2.565,0.46,0.621,3.654,3.96,0.155,-0.106,0.544,0.985
2018-11-07,CTD2,4181518,693105,0.007196846,0.010863589,0.012543127,0.0017916152,0.0012752466,0.00030843416,0.0002982232,0.0001151385,0.469,-0.072,12.326,0.717,-466.105,0.79,-692.111,0.75,-478.431,0.815,-704.437,0.168,-226.006,0.022,0.016,-5.846,-0.594,-8.681,-1.24,-5.197,-0.61,-7.653,-1.262,-2.455,-2.835,-0.548,0.657,0.669,0.886,0.89,0.022,-0.539,0.154,-3.772,5.962,1.518,8.376,-0.25,0.443,6.884,9.671,0.063,0.025,0.541,0.964
2018-11-07,CTD3,4181698,695238,0.00781587,0.0116288755,0.014529977,0.0025849103,0.0018391177,0.0004470436,0.0004321906,0.00016754516,0.923,-0.111,17.17,0.636,-300.868,0.727,-457.746,0.698,-318.037,0.775,-474.916,0.169,-156.878,0.044,0.032,-4.372,-0.553,-6.651,-1.183,-3.698,-0.585,-5.523,-1.228,-1.824,-2.279,-0.656,0.553,0.572,0.887,0.893,0.029,-0.605,0.089,-3.402,4.372,0.702,6.145,-0.156,0.538,5.463,7.678,0.096,0.02,0.543,0.956
2018-11-07,CTD4,4180266,698264,0.015839055,0.018984834,0.020117052,0.007175302,0.0047627105,0.001358377,0.0013096858,0.000543074,1.267,-0.029,2.965,0.451,-86.693,0.599,-157.291,0.474,-89.658,0.617,-160.255,0.202,-70.598,0.021,0.014,-1.744,-0.413,-3.164,-1.129,-1.702,-0.427,-3.042,-1.15,-1.34,-1.42,-0.095,0.475,0.521,0.545,0.587,0.062,-0.563,0.28,-1.578,2.409,1.182,3.629,-0.447,0.396,2.553,3.846,0.141,0.106,0.669,0.912
2018-11-07,CTD5,4179450,700268,0.017165892,0.02634682,0.028090969,0.00466022,0.0033028065,0.00087909703,0.0007975732,0.0003096136,0.601,-0.032,2.357,0.699,-176.627,0.777,-264.818,0.715,-178.984,0.79,-267.174,0.17,-88.191,0.011,0.008,-4.962,-0.583,-7.439,-1.234,-4.716,-0.591,-7.039,-1.245,-2.324,-2.477,-0.219,0.691,0.704,0.79,0.799,0.025,-0.473,0.229,-2.852,5.536,1.949,7.811,-0.345,0.357,5.902,8.328,0.059,0.041,0.57,0.959
2018-11-07,CTD6,4176009,695829,0.009211389,0.014095401,0.019564634,0.0047205393,0.0035395676,0.00083491433,0.0007922995,0.0003073555,1.458,-0.162,19.832,0.498,-140.895,0.599,-211.575,0.611,-160.728,0.694,-231.408,0.143,-70.68,0.094,0.07,-2.757,-0.499,-4.139,-0.999,-2.266,-0.569,-3.262,-1.092,-0.996,-1.383,-0.662,0.406,0.435,0.842,0.852,0.035,-0.613,-0.029,-2.541,2.805,-0.162,3.741,0.054,0.638,3.893,5.193,0.154,-0.01,0.559,0.951
2018-11-07,CTD7,4176724,690397,0.004352526,0.0063448832,0.009829594,0.0019104943,0.0015998309,0.00035090302,0.00035036675,0.00013275871,0.414,-0.215,55.874,0.537,-365.817,0.597,-467.459,0.675,-421.691,0.72,-523.332,0.088,-101.641,0.107,0.089,-3.596,-0.585,-4.595,-0.893,-2.676,-0.675,-3.32,-1.0,-0.645,-0.999,-0.993,0.388,0.404,0.997,0.997,0.019,-0.549,-0.192,-2.823,3.158,-1.179,3.772,0.355,0.712,4.893,5.843,0.138,-0.058,0.51,0.974
2018-11-07,CTD8,4174178,693048,0.017154204,0.024783127,0.03246758,0.009117222,0.0056160903,0.0014249034,0.0013811656,0.0005615041,1.0395,-0.134,9.55,0.462,-69.332,0.631,-137.71,0.562,-78.883,0.705,-147.26,0.238,-68.377,0.087,0.054,-2.251,-0.389,-4.471,-1.256,-1.955,-0.443,-3.65,-1.343,-1.695,-2.22,-0.522,0.411,0.461,0.768,0.792,0.061,-0.86,0.147,-3.063,2.545,0.852,4.132,-0.313,0.694,3.335,5.413,0.195,0.054,0.592,0.916
2018-11-07,CTD9,4171106,693183,0.022721779,0.03035548,0.040086642,0.018613255,0.011111336,0.0029372885,0.0029047532,0.0011733214,0.204,-0.138,7.997,0.24,-20.782,0.464,-57.055,0.366,-28.779,0.566,-65.052,0.252,-36.273,0.149,0.089,-0.833,-0.231,-2.287,-1.062,-0.874,-0.32,-1.975,-1.211,-1.101,-1.454,-0.327,0.229,0.328,0.518,0.592,0.106,-0.918,0.16,-1.977,1.354,0.578,2.268,-0.355,0.724,1.788,2.995,0.336,0.098,0.695,0.872
2018-11-07,CTD10,4170388,695646,0.0059747123,0.008936985,0.011966243,0.0023649617,0.0018094083,0.00042428036,0.00041621065,0.00016314806,0.9485,-0.145,28.326,0.581,-310.945,0.663,-440.772,0.67,-339.271,0.737,-469.098,0.133,-129.827,0.067,0.051,-3.721,-0.563,-5.274,-1.042,-3.032,-0.614,-4.192,-1.109,-1.16,-1.554,-0.726,0.477,0.497,0.893,0.899,0.027,-0.56,-0.018,-2.834,3.628,-0.121,4.742,0.032,0.574,4.857,6.349,0.113,-0.005,0.541,0.961
2018-11-07,CTD11,4169609,700351,0.0073895985,0.010733564,0.0154105,0.004945629,0.0035797963,0.00091296283,0.0008766265,0.0003588868,1.1535,-0.179,28.275,0.369,-109.033,0.5,-186.18,0.514,-137.308,0.623,-214.455,0.16,-77.147,0.14,0.101,-1.68,-0.39,-2.869,-0.921,-1.474,-0.492,-2.302,-1.061,-0.828,-1.189,-0.549,0.305,0.351,0.731,0.755,0.052,-0.685,-0.027,-2.135,1.938,-0.118,2.677,0.054,0.712,2.782,3.844,0.228,-0.013,0.6,0.933
2018-11-07,CTD12,4173438,695414,0.0098239565,0.015466595,0.018726682,0.0027683536,0.001891235,0.0004634717,0.00044152894,0.00017148892,0.944,-0.095,11.256,0.696,-296.57,0.782,-464.1,0.742,-307.826,0.817,-475.355,0.188,-167.529,0.031,0.021,-5.554,-0.561,-8.691,-1.285,-4.761,-0.582,-7.352,-1.316,-2.591,-3.137,-0.7,0.616,0.632,0.919,0.923,0.026,-0.638,0.143,-4.315,5.486,1.413,8.03,-0.253,0.528,6.642,9.723,0.078,0.026,0.533,0.959
2019-03-12,CTD1,4187246,695025,0.01442059,0.01911365,0.026616765,0.008905154,0.0070123426,0.0017677991,0.0017830475,0.0006982621,0.1644999999999999,-0.164,14.748,0.364,-59.976,0.463,-90.287,0.499,-74.724,0.583,-105.035,0.119,-30.311,0.131,0.103,-1.596,-0.421,-2.403,-0.804,-1.428,-0.524,-2.008,-0.935,-0.579,-0.807,-0.471,0.304,0.341,0.678,0.7,0.041,-0.552,-0.069,-1.649,1.883,-0.263,2.391,0.123,0.605,2.622,3.33,0.202,-0.032,0.613,0.947
2019-03-12,CTD2,4181518,693105,0.016974008,0.02433257,0.024665521,0.0039204094,0.0026168504,0.0006440185,0.0006309718,0.0002432053,0.508,-0.007,0.555,0.722,-213.978,0.806,-341.042,0.726,-214.533,0.808,-341.596,0.199,-127.063,0.002,0.001,-5.278,-0.56,-8.412,-1.337,-5.22,-0.561,-8.312,-1.339,-3.092,-3.134,-0.051,0.748,0.76,0.77,0.78,0.027,-0.512,0.319,-3.219,6.101,3.007,9.139,-0.484,0.346,6.184,9.265,0.055,0.051,0.577,0.954
2019-03-12,CTD3,4181698,695238,0.017060967,0.023881624,0.028692104,0.0064191455,0.004305484,0.001059812,0.001042747,0.0004108658,0.49,-0.091,7.02,0.576,-113.911,0.695,-190.389,0.634,-120.931,0.739,-197.409,0.197,-76.478,0.045,0.03,-3.268,-0.49,-5.463,-1.222,-2.888,-0.521,-4.714,-1.267,-1.826,-2.194,-0.449,0.529,0.558,0.79,0.805,0.04,-0.659,0.162,-2.944,3.57,1.077,5.323,-0.289,0.531,4.289,6.395,0.119,0.043,0.576,0.94
2019-03-12,CTD4,4180266,698264,0.00725336,0.010155237,0.013301947,0.0025575105,0.001991368,0.0004515726,0.00045407645,0.00017100455,0.3195,-0.134,23.294,0.598,-292.534,0.672,-403.696,0.677,-315.828,0.74,-426.99,0.124,-111.162,0.06,0.046,-3.891,-0.583,-5.37,-1.032,-3.207,-0.629,-4.336,-1.092,-1.129,-1.479,-0.692,0.497,0.515,0.885,0.89,0.024,-0.521,-0.015,-2.709,3.821,-0.102,4.907,0.026,0.531,5.005,6.428,0.102,-0.004,0.542,0.964
2019-03-12,CTD5,4179450,700268,0.030347882,0.044289608,0.04401519,0.005517176,0.0034694558,0.00092057337,0.0008406255,0.00033139525,0.209,0.003,-0.141,0.778,-158.673,0.855,-265.651,0.777,-158.533,0.854,-265.51,0.228,-106.977,-0.001,-0.0,-6.984,-0.551,-11.693,-1.466,-7.021,-0.55,-11.759,-1.465,-4.738,-4.709,0.031,0.817,0.824,0.806,0.814,0.023,-0.584,0.377,-4.659,7.949,4.788,12.64,-0.596,0.365,7.9,12.562,0.046,0.047,0.564,0.959
2019-03-12,CTD6,4176009,695829,0.013776285,0.020414636,0.022624673,0.003173702,0.0020885065,0.0005236557,0.0005058337,0.00019616535,0.3355,-0.051,4.785,0.731,-266.105,0.814,-429.827,0.754,-270.89,0.831,-434.612,0.206,-163.722,0.015,0.01,-6.021,-0.556,-9.725,-1.364,-5.53,-0.566,-8.872,-1.379,-3.342,-3.704,-0.42,0.698,0.71,0.864,0.871,0.025,-0.617,0.244,-4.401,6.34,2.646,9.634,-0.411,0.45,7.026,10.677,0.063,0.038,0.548,0.958
2019-03-12,CTD7,4176724,690397,0.010515863,0.014724901,0.018970486,0.004176711,0.0031599759,0.00075391267,0.0007573982,0.00028754736,0.258,-0.126,15.199,0.558,-171.511,0.647,-248.546,0.639,-186.709,0.714,-263.745,0.139,-77.035,0.063,0.048,-3.254,-0.542,-4.715,-1.038,-2.749,-0.59,-3.884,-1.102,-1.134,-1.461,-0.579,0.477,0.5,0.827,0.836,0.03,-0.546,0.02,-2.478,3.359,0.118,4.44,-0.033,0.532,4.327,5.72,0.117,0.006,0.561,0.956
2019-03-12,CTD8,4174178,693048,0.010551436,0.015042636,0.01991802,0.004799659,0.0036779444,0.00087086257,0.0008580652,0.00032827136,0.2665,-0.139,16.272,0.516,-141.87,0.607,-205.413,0.612,-158.142,0.688,-221.685,0.132,-63.543,0.078,0.06,-2.826,-0.522,-4.091,-0.986,-2.379,-0.582,-3.335,-1.064,-0.956,-1.266,-0.575,0.434,0.46,0.808,0.818,0.032,-0.55,-0.011,-2.281,2.949,-0.06,3.849,0.019,0.558,3.905,5.096,0.134,-0.004,0.568,0.955
2019-03-12,CTD9,4171106,693183,0.038091958,0.04888014,0.06304502,0.036816422,0.027370816,0.007556684,0.007426627,0.0028543668,0.155,-0.127,4.597,0.141,-6.704,0.282,-16.077,0.263,-11.3,0.395,-20.674,0.147,-9.373,0.169,0.126,-0.423,-0.183,-1.014,-0.592,-0.552,-0.309,-1.011,-0.761,-0.458,-0.591,-0.221,0.133,0.215,0.344,0.416,0.084,-0.57,0.032,-0.976,0.894,0.073,1.202,-0.055,0.546,1.152,1.55,0.319,0.024,0.766,0.905
2019-03-12,CTD10,4170388,695646,0.008545762,0.0121323895,0.016329864,0.0040288437,0.0032322225,0.0007108934,0.0007124892,0.000275191,0.323,-0.147,21.186,0.501,-165.786,0.579,-226.961,0.604,-186.973,0.67,-248.147,0.11,-61.174,0.085,0.068,-2.707,-0.536,-3.706,-0.914,-2.268,-0.604,-3.011,-1.0,-0.742,-0.999,-0.578,0.414,0.437,0.801,0.81,0.028,-0.504,-0.059,-2.041,2.813,-0.3,3.507,0.1,0.544,3.787,4.72,0.134,-0.02,0.568,0.961
2019-03-12,CTD11,4169609,700351,0.008738306,0.013240325,0.017379995,0.0035191202,0.0024943259,0.0005996812,0.00059295405,0.00022940377,0.224,-0.135,17.989,0.58,-208.635,0.683,-325.383,0.663,-226.625,0.749,-343.373,0.17,-116.748,0.063,0.045,-3.626,-0.52,-5.655,-1.145,-3.001,-0.565,-4.546,-1.208,-1.546,-2.029,-0.688,0.489,0.514,0.881,0.888,0.033,-0.649,0.053,-3.205,3.619,0.369,5.106,-0.098,0.604,4.75,6.702,0.122,0.014,0.547,0.951
2019-03-12,CTD12,4173438,695414,0.019605538,0.028813623,0.032582626,0.0058593503,0.0037254263,0.0009412334,0.0009203158,0.00036555887,0.3185,-0.061,4.015,0.662,-135.962,0.771,-233.72,0.695,-139.976,0.795,-237.734,0.223,-97.758,0.024,0.015,-4.43,-0.507,-7.615,-1.369,-4.033,-0.521,-6.85,-1.393,-2.817,-3.185,-0.393,0.632,0.653,0.821,0.832,0.035,-0.688,0.249,-3.828,4.803,2.174,7.554,-0.442,0.495,5.431,8.543,0.089,0.051,0.565,0.944
2019-06-25,CTD1,4187246,695025,0.014435357,0.020215904,0.02679156,0.011128032,0.007868263,0.002176526,0.0021353087,0.0008643132,1.3405,-0.14,12.141,0.29,-40.397,0.44,-77.627,0.413,-52.538,0.546,-89.768,0.172,-37.23,0.135,0.096,-1.082,-0.318,-2.08,-0.864,-1.062,-0.413,-1.815,-0.999,-0.753,-0.997,-0.346,0.262,0.326,0.558,0.604,0.069,-0.66,0.047,-1.588,1.523,0.162,2.154,-0.089,0.618,2.018,2.855,0.257,0.026,0.667,0.914
2019-06-25,CTD2,4181518,693105,0.0136593385,0.018978415,0.023953373,0.009440166,0.0053260415,0.0017369486,0.0016811943,0.0007249396,2.6585,-0.116,10.944,0.336,-53.239,0.562,-135.065,0.435,-64.183,0.636,-146.009,0.279,-81.826,0.103,0.058,-1.275,-0.284,-3.235,-1.275,-1.218,-0.342,-2.771,-1.378,-1.553,-1.96,-0.337,0.326,0.409,0.597,0.655,0.096,-0.98,0.228,-2.487,1.788,1.026,3.169,-0.51,0.698,2.257,4.0,0.275,0.113,0.662,0.877
2019-06-25,CTD3,4181698,695238,0.011985227,0.01674348,0.021148799,0.007008624,0.005135163,0.0015090529,0.0014719687,0.0005980765,2.9325,-0.116,12.441,0.41,-82.957,0.531,-135.011,0.502,-95.397,0.609,-147.452,0.154,-52.054,0.087,0.064,-1.754,-0.426,-2.855,-0.946,-1.597,-0.49,-2.469,-1.033,-0.872,-1.101,-0.363,0.37,0.412,0.646,0.674,0.049,-0.573,0.059,-1.729,2.146,0.243,2.929,-0.102,0.53,2.711,3.7,0.176,0.025,0.627,0.933
2019-06-25,CTD4,4180266,698264,0.01593116,0.020845799,0.022063568,0.0098142205,0.0056419135,0.0017853662,0.0017230926,0.0007403912,2.979,-0.028,2.648,0.36,-53.922,0.574,-129.274,0.384,-56.569,0.593,-131.921,0.27,-75.352,0.026,0.015,-1.19,-0.304,-2.852,-1.269,-1.179,-0.319,-2.75,-1.295,-1.571,-1.663,-0.079,0.398,0.477,0.462,0.536,0.097,-0.795,0.37,-1.787,1.868,1.447,3.25,-0.681,0.484,1.977,3.44,0.215,0.174,0.715,0.869
2019-06-25,CTD5,4179450,700268,0.021256289,0.030216837,0.034176998,0.007928839,0.0050924714,0.0012861845,0.0013069356,0.00052555243,0.234,-0.061,3.835,0.584,-93.028,0.712,-163.274,0.623,-96.862,0.741,-167.109,0.218,-70.246,0.03,0.02,-3.179,-0.474,-5.58,-1.295,-2.927,-0.493,-5.05,-1.325,-2.123,-2.401,-0.304,0.568,0.597,0.743,0.762,0.044,-0.673,0.242,-2.9,3.662,1.623,5.702,-0.426,0.489,4.142,6.449,0.113,0.063,0.592,0.933
2019-06-25,CTD6,4176009,695829,0.01445014,0.019770514,0.023046864,0.009300803,0.0058307364,0.001714012,0.0016674756,0.0007180029,3.3255,-0.077,7.191,0.36,-56.937,0.544,-120.925,0.425,-64.128,0.596,-128.115,0.229,-63.987,0.067,0.042,-1.312,-0.332,-2.787,-1.125,-1.268,-0.374,-2.533,-1.192,-1.265,-1.475,-0.217,0.363,0.431,0.537,0.592,0.081,-0.737,0.231,-1.827,1.873,0.913,2.987,-0.429,0.539,2.183,3.482,0.217,0.109,0.679,0.893
2019-06-25,CTD7,4176724,690397,0.01336453,0.018647535,0.021388134,0.00680498,0.0044031073,0.00120083,0.0011797923,0.00048680947,1.7945,-0.068,6.871,0.465,-93.325,0.618,-173.486,0.517,-100.196,0.659,-180.357,0.214,-80.161,0.047,0.03,-1.996,-0.411,-3.711,-1.181,-1.868,-0.441,-3.363,-1.227,-1.495,-1.714,-0.245,0.459,0.505,0.633,0.667,0.06,-0.674,0.225,-2.117,2.534,1.092,3.917,-0.399,0.5,2.907,4.493,0.159,0.082,0.636,0.915
2019-06-25,CTD8,4174178,693048,0.016018331,0.02209517,0.022609733,0.008481138,0.0050367825,0.0014309101,0.0014251618,0.00058063684,2.012,-0.012,1.03,0.445,-72.65,0.629,-153.281,0.454,-73.68,0.636,-154.311,0.255,-80.631,0.009,0.005,-1.643,-0.366,-3.466,-1.3,-1.628,-0.371,-3.41,-1.309,-1.782,-1.823,-0.038,0.492,0.549,0.521,0.575,0.077,-0.707,0.383,-1.884,2.382,1.721,4.012,-0.661,0.429,2.438,4.105,0.161,0.147,0.684,0.889
2019-06-25,CTD9,4171106,693183,0.023324426,0.03411761,0.04579411,0.023867039,0.0143296635,0.0038351514,0.0038980618,0.0015598563,0.486,-0.146,7.474,0.177,-12.588,0.408,-40.475,0.315,-20.062,0.523,-47.948,0.25,-27.887,0.178,0.107,-0.576,-0.18,-1.854,-0.966,-0.684,-0.287,-1.636,-1.144,-0.951,-1.277,-0.306,0.17,0.284,0.453,0.543,0.119,-0.921,0.145,-1.766,1.117,0.462,1.86,-0.323,0.742,1.499,2.496,0.387,0.101,0.726,0.863
2019-06-25,CTD10,4170388,695646,0.014534195,0.020733707,0.025539778,0.008976344,0.005474219,0.0015597877,0.0015633636,0.00065785024,1.9455,-0.104,9.076,0.396,-63.173,0.582,-134.444,0.48,-72.249,0.647,-143.52,0.242,-71.271,0.081,0.05,-1.613,-0.346,-3.434,-1.207,-1.498,-0.396,-2.976,-1.288,-1.478,-1.82,-0.333,0.379,0.442,0.632,0.675,0.076,-0.828,0.202,-2.356,2.095,0.942,3.436,-0.408,0.622,2.581,4.233,0.219,0.087,0.642,0.899
2019-06-25,CTD11,4169609,700351,0.014749001,0.018691748,0.02183857,0.009903816,0.0074868714,0.0021529065,0.0020196522,0.0008393963,1.7405,-0.078,7.709,0.307,-47.472,0.428,-80.068,0.376,-55.181,0.489,-87.777,0.139,-32.596,0.076,0.058,-1.037,-0.355,-1.749,-0.793,-1.031,-0.413,-1.641,-0.869,-0.609,-0.712,-0.181,0.3,0.353,0.456,0.502,0.06,-0.467,0.1,-1.03,1.544,0.292,2.043,-0.154,0.412,1.805,2.387,0.187,0.053,0.706,0.924
2019-06-25,CTD12,4173438,695414,0.014563979,0.020414636,0.024495702,0.009015428,0.0057179597,0.0016684111,0.0016717946,0.0006960351,2.373,-0.091,8.161,0.387,-61.937,0.562,-125.903,0.462,-70.097,0.621,-134.064,0.224,-63.967,0.074,0.047,-1.517,-0.354,-3.084,-1.135,-1.431,-0.401,-2.737,-1.209,-1.306,-1.567,-0.277,0.377,0.439,0.592,0.638,0.073,-0.743,0.199,-2.02,2.031,0.853,3.202,-0.377,0.566,2.437,3.842,0.208,0.088,0.655,0.902
2019-07-10,CTD1,4187246,695025,0.017514244,0.024041777,0.031165404,0.011758371,0.008501145,0.00230286,0.0022610163,0.00090424455,0.667,-0.129,9.507,0.343,-43.452,0.478,-76.037,0.452,-52.959,0.571,-85.544,0.161,-32.585,0.112,0.081,-1.354,-0.369,-2.37,-0.894,-1.273,-0.45,-2.057,-1.006,-0.783,-1.016,-0.352,0.31,0.362,0.596,0.633,0.059,-0.612,0.048,-1.621,1.772,0.178,2.451,-0.087,0.573,2.297,3.177,0.216,0.024,0.648,0.924
2019-07-10,CTD2,4181518,693105,0.01711918,0.023564285,0.025330998,0.008710854,0.0052256864,0.0014582908,0.0014864667,0.0006177688,1.012,-0.036,2.96,0.46,-72.362,0.637,-148.925,0.488,-75.322,0.658,-151.885,0.25,-76.563,0.026,0.015,-1.833,-0.378,-3.772,-1.297,-1.775,-0.394,-3.579,-1.323,-1.804,-1.939,-0.127,0.486,0.539,0.577,0.623,0.071,-0.737,0.33,-2.142,2.499,1.601,4.165,-0.592,0.475,2.686,4.478,0.163,0.122,0.66,0.898
2019-07-10,CTD3,4181698,695238,0.018194495,0.025057144,0.02569953,0.009021959,0.0056117987,0.0016310755,0.0016214582,0.0006766466,1.329,-0.013,0.998,0.471,-70.932,0.634,-138.287,0.48,-71.929,0.642,-139.285,0.233,-67.355,0.009,0.006,-1.823,-0.398,-3.554,-1.248,-1.802,-0.404,-3.49,-1.257,-1.688,-1.731,-0.044,0.512,0.56,0.544,0.589,0.067,-0.633,0.353,-1.802,2.559,1.617,4.114,-0.582,0.404,2.625,4.219,0.142,0.127,0.671,0.902
2019-07-10,CTD4,4180266,698264,0.01514679,0.020909104,0.023253107,0.008169093,0.0053975256,0.0014912875,0.0015368176,0.0006276004,1.174,-0.053,4.821,0.438,-74.587,0.59,-137.444,0.48,-79.408,0.623,-142.265,0.204,-62.857,0.039,0.026,-1.734,-0.403,-3.196,-1.123,-1.66,-0.429,-2.975,-1.162,-1.314,-1.462,-0.173,0.445,0.494,0.573,0.614,0.063,-0.614,0.238,-1.749,2.327,1.027,3.523,-0.401,0.451,2.588,3.917,0.159,0.093,0.658,0.912
2019-07-10,CTD6,4176009,695829,0.01702613,0.023961576,0.027528394,0.008691985,0.005426408,0.0015231757,0.001516585,0.0006335825,0.665,-0.069,5.407,0.468,-73.315,0.631,-142.55,0.52,-78.722,0.671,-147.958,0.231,-69.235,0.047,0.029,-2.018,-0.398,-3.924,-1.239,-1.886,-0.427,-3.545,-1.286,-1.659,-1.906,-0.253,0.463,0.512,0.641,0.677,0.063,-0.731,0.246,-2.316,2.56,1.249,4.1,-0.453,0.525,2.941,4.71,0.166,0.089,0.634,0.91
2019-07-10,CTD7,4176724,690397,0.01479941,0.020789681,0.026800327,0.0085025905,0.005795102,0.0015551585,0.0015573471,0.00063301006,1.357,-0.126,10.788,0.419,-69.51,0.564,-124.459,0.518,-80.298,0.644,-135.247,0.189,-54.948,0.092,0.063,-1.863,-0.403,-3.336,-1.058,-1.669,-0.465,-2.812,-1.15,-1.142,-1.473,-0.42,0.377,0.425,0.688,0.717,0.057,-0.691,0.094,-2.18,2.229,0.435,3.27,-0.178,0.608,2.873,4.216,0.193,0.039,0.616,0.923
2019-07-10,CTD8,4174178,693048,0.017863382,0.02666311,0.034838237,0.01050143,0.006607161,0.0017265489,0.0017946844,0.00072927034,1.046,-0.133,8.801,0.435,-57.72,0.603,-113.846,0.537,-66.521,0.681,-122.647,0.228,-56.126,0.092,0.058,-2.011,-0.381,-3.966,-1.196,-1.774,-0.44,-3.27,-1.288,-1.496,-1.955,-0.478,0.39,0.442,0.731,0.76,0.063,-0.824,0.136,-2.734,2.349,0.718,3.734,-0.283,0.677,3.07,4.879,0.204,0.054,0.604,0.914
2019-07-10,CTD9,4171106,693183,0.028125329,0.04121129,0.053549077,0.026257304,0.015791433,0.0041739363,0.004234684,0.0016896445,1.228,-0.13,5.591,0.222,-13.819,0.446,-39.06,0.342,-19.41,0.545,-44.651,0.249,-25.241,0.147,0.088,-0.74,-0.218,-2.092,-1.026,-0.8,-0.307,-1.84,-1.172,-1.04,-1.352,-0.293,0.216,0.319,0.479,0.56,0.11,-0.893,0.168,-1.822,1.275,0.57,2.119,-0.363,0.698,1.656,2.754,0.342,0.107,0.712,0.869
2019-07-10,CTD10,4170388,695646,0.01515713,0.022229156,0.027753977,0.008654377,0.005539377,0.0015052264,0.0015707517,0.0006413666,1.568,-0.111,8.955,0.44,-70.563,0.601,-135.54,0.525,-79.518,0.667,-144.495,0.219,-64.977,0.078,0.05,-1.958,-0.391,-3.762,-1.173,-1.768,-0.44,-3.212,-1.251,-1.444,-1.803,-0.389,0.408,0.458,0.688,0.719,0.062,-0.761,0.161,-2.442,2.369,0.806,3.701,-0.314,0.608,2.958,4.621,0.19,0.063,0.618,0.914
2019-07-10,CTD11,4169609,700351,0.013622129,0.019288896,0.027242118,0.008685705,0.006955597,0.00175042,0.0017268216,0.00068097224,0.921,-0.171,15.135,0.379,-63.288,0.47,-91.926,0.516,-78.424,0.593,-107.061,0.111,-28.637,0.131,0.105,-1.724,-0.44,-2.504,-0.798,-1.513,-0.545,-2.065,-0.93,-0.552,-0.78,-0.508,0.31,0.343,0.707,0.725,0.037,-0.541,-0.093,-1.696,1.965,-0.363,2.454,0.164,0.612,2.776,3.466,0.195,-0.042,0.601,0.952
2019-07-10,CTD12,4173438,695414,0.017020332,0.022933679,0.02688815,0.008828168,0.0054658717,0.0015380968,0.0015460519,0.0006370291,0.887,-0.079,6.413,0.444,-69.67,0.615,-139.349,0.506,-76.083,0.662,-145.762,0.235,-69.68,0.057,0.035,-1.873,-0.381,-3.747,-1.23,-1.745,-0.416,-3.343,-1.287,-1.598,-1.874,-0.277,0.436,0.489,0.636,0.674,0.067,-0.762,0.234,-2.321,2.395,1.15,3.867,-0.443,0.553,2.807,4.534,0.182,0.09,0.638,0.906
2019-07-30,CTD1,4187246,695025,0.0042431233,0.0053600925,0.009861129,0.0050984747,0.010428746,0.0025623674,0.002465526,0.000971751,0.322,-0.296,85.156,0.025,-9.573,-0.321,90.675,0.318,-94.729,-0.028,5.519,-0.343,100.248,0.434,0.888,-0.094,-0.1,0.894,0.462,-0.508,-0.988,0.03,0.028,0.537,0.989,-0.29,0.013,-0.339,0.302,-0.054,-0.35,0.055,-1.502,0.106,-0.006,-1.42,-0.003,1.351,-0.206,-0.011,-0.006,-0.106,-1.429,0.687,1.356
2019-07-30,CTD2,4181518,693105,0.021911139,0.030019749,0.03577143,0.011035079,0.0069879643,0.0018785223,0.0019106651,0.000774877,1.5985,-0.087,5.356,0.462,-57.309,0.622,-109.792,0.528,-62.665,0.673,-115.148,0.225,-52.483,0.059,0.037,-2.05,-0.4,-3.927,-1.212,-1.881,-0.438,-3.457,-1.271,-1.576,-1.877,-0.319,0.444,0.492,0.668,0.701,0.062,-0.74,0.206,-2.399,2.525,1.054,3.987,-0.388,0.558,3.009,4.751,0.172,0.076,0.624,0.914
2019-07-30,CTD3,4181698,695238,0.019347988,0.023095638,0.030251624,0.012014373,0.01214937,0.0035005843,0.0032230464,0.0012870796,1.9095,-0.134,10.242,0.316,-39.935,0.311,-39.011,0.431,-50.178,0.427,-49.253,-0.006,0.925,0.123,0.124,-1.208,-0.485,-1.18,-0.469,-1.159,-0.61,-1.138,-0.592,0.021,0.028,-0.296,0.261,0.259,0.517,0.516,-0.003,-0.225,-0.248,-0.568,1.521,-0.617,1.504,0.321,0.299,1.992,1.97,0.119,-0.129,0.658,1.003
2019-07-30,CTD4,4180266,698264,0.0,0.0,0.0,0.0,0.0,0.0,0.0,0.0,1.7085,,,,,,,,,,,,,,,,,,,,,,,,,,,,,,,,,,,,,,,,,,,,
2019-07-30,CTD5,4179450,700268,0.01983945,0.026929317,0.028394701,0.008462796,0.0049987617,0.0013947026,0.0014588676,0.0005777857,0.667,-0.026,1.916,0.522,-81.03,0.687,-162.915,0.541,-82.946,0.701,-164.832,0.257,-81.885,0.016,0.01,-2.301,-0.405,-4.626,-1.379,-2.234,-0.415,-4.439,-1.395,-2.205,-2.325,-0.109,0.553,0.595,0.624,0.661,0.063,-0.745,0.358,-2.498,3.006,2.032,5.089,-0.639,0.464,3.17,5.366,0.138,0.112,0.64,0.906
2019-07-30,CTD6,4176009,695829,0.02578146,0.035288285,0.042794965,0.016631097,0.010625348,0.0028615308,0.002809326,0.0011399336,2.685,-0.096,4.971,0.359,-31.79,0.537,-65.777,0.44,-36.761,0.602,-70.747,0.22,-33.986,0.083,0.053,-1.36,-0.338,-2.815,-1.094,-1.297,-0.391,-2.497,-1.177,-1.199,-1.454,-0.275,0.349,0.415,0.57,0.62,0.077,-0.741,0.186,-1.906,1.874,0.748,2.933,-0.353,0.574,2.272,3.556,0.223,0.088,0.665,0.899
2019-07-30,CTD7,4176724,690397,0.020418603,0.029079976,0.03354834,0.011732647,0.007859099,0.0020521842,0.0021092165,0.00082895556,1.5154999999999998,-0.071,4.58,0.425,-50.844,0.574,-92.853,0.482,-55.425,0.62,-97.433,0.198,-42.009,0.054,0.036,-1.706,-0.4,-3.115,-1.089,-1.612,-0.436,-2.833,-1.143,-1.222,-1.409,-0.228,0.419,0.469,0.591,0.629,0.062,-0.626,0.197,-1.79,2.244,0.841,3.35,-0.339,0.484,2.589,3.865,0.169,0.079,0.652,0.914
2019-07-30,CTD8,4174178,693048,0.027629118,0.039564475,0.050173417,0.017758874,0.010787774,0.0028589985,0.0028725779,0.001154041,2.1135,-0.118,5.344,0.38,-31.035,0.572,-67.422,0.477,-36.379,0.646,-72.767,0.244,-36.388,0.095,0.058,-1.557,-0.335,-3.383,-1.197,-1.439,-0.392,-2.879,-1.292,-1.44,-1.826,-0.372,0.358,0.424,0.644,0.687,0.078,-0.858,0.181,-2.423,2.013,0.842,3.314,-0.378,0.661,2.553,4.202,0.234,0.081,0.639,0.897
2019-07-30,CTD9,4171106,693183,0.02479646,0.035811875,0.048256997,0.025262477,0.015749175,0.0041888403,0.004290014,0.0017190317,0.305,-0.148,7.201,0.173,-11.661,0.389,-35.572,0.313,-18.862,0.508,-42.773,0.232,-23.911,0.182,0.113,-0.563,-0.184,-1.717,-0.899,-0.675,-0.297,-1.532,-1.081,-0.856,-1.154,-0.303,0.165,0.273,0.446,0.532,0.113,-0.862,0.119,-1.647,1.091,0.364,1.75,-0.257,0.724,1.47,2.359,0.379,0.084,0.726,0.871
2019-07-30,CTD10,4170388,695646,0.021588668,0.029697046,0.035589855,0.012089174,0.0075305635,0.00207282,0.0020661792,0.00084879604,0.91,-0.09,5.575,0.421,-49.045,0.595,-99.119,0.493,-54.621,0.651,-104.694,0.232,-50.074,0.067,0.042,-1.746,-0.369,-3.528,-1.198,-1.622,-0.411,-3.109,-1.266,-1.487,-1.782,-0.3,0.408,0.465,0.631,0.671,0.07,-0.771,0.212,-2.27,2.245,1.0,3.604,-0.407,0.576,2.69,4.319,0.195,0.086,0.64,0.904
2019-07-30,CTD11,4169609,700351,0.016613487,0.022925993,0.026004786,0.0094093885,0.0061455653,0.0017272895,0.0016972328,0.00070660264,0.9535,-0.063,5.164,0.418,-62.658,0.577,-119.1,0.469,-67.822,0.618,-124.265,0.21,-56.442,0.049,0.032,-1.629,-0.385,-3.097,-1.121,-1.555,-0.417,-2.849,-1.169,-1.294,-1.468,-0.198,0.42,0.474,0.571,0.614,0.067,-0.649,0.228,-1.795,2.2,0.967,3.369,-0.397,0.481,2.496,3.821,0.174,0.094,0.661,0.908
2019-07-30,CTD12,4173438,695414,0.019341426,0.027224928,0.03270854,0.010907069,0.0067829704,0.0018313024,0.0018654405,0.00075655035,1.418,-0.091,6.158,0.428,-54.953,0.601,-110.697,0.5,-61.111,0.656,-116.855,0.233,-55.744,0.067,0.042,-1.797,-0.373,-3.621,-1.207,-1.664,-0.415,-3.181,-1.275,-1.518,-1.823,-0.31,0.413,0.469,0.641,0.68,0.069,-0.776,0.21,-2.326,2.289,1.015,3.68,-0.407,0.58,2.75,4.422,0.193,0.084,0.636,0.905
2019-08-14,CTD1,4187246,695025,0.014356774,0.020263704,0.02937171,0.010383538,0.0079852855,0.002034419,0.0020463567,0.0008096147,1.8235,-0.183,15.303,0.322,-46.957,0.435,-75.881,0.478,-62.26,0.572,-91.184,0.131,-28.924,0.159,0.122,-1.379,-0.375,-2.229,-0.788,-1.262,-0.497,-1.848,-0.947,-0.586,-0.85,-0.496,0.264,0.309,0.672,0.698,0.048,-0.61,-0.079,-1.727,1.68,-0.291,2.184,0.149,0.68,2.435,3.166,0.241,-0.041,0.617,0.94
2019-08-14,CTD2,4181518,693105,0.012244691,0.018628618,0.027126608,0.009267138,0.0064262077,0.0016506846,0.0016553042,0.0006635486,3.2595,-0.186,16.817,0.336,-54.227,0.487,-101.932,0.491,-71.044,0.617,-118.749,0.181,-47.705,0.156,0.108,-1.471,-0.348,-2.765,-0.945,-1.323,-0.457,-2.212,-1.1,-0.889,-1.294,-0.542,0.279,0.335,0.713,0.742,0.062,-0.755,-0.007,-2.211,1.773,-0.028,2.557,0.014,0.763,2.582,3.724,0.261,-0.003,0.61,0.922
2019-08-14,CTD3,4181698,695238,0.012969719,0.018927142,0.025809372,0.008992608,0.006637836,0.0017830641,0.0017156607,0.0006800428,4.249,-0.154,14.089,0.356,-58.368,0.481,-97.817,0.483,-72.457,0.591,-111.906,0.151,-39.449,0.127,0.094,-1.506,-0.387,-2.525,-0.88,-1.371,-0.481,-2.118,-1.006,-0.747,-1.018,-0.44,0.306,0.353,0.658,0.687,0.053,-0.621,-0.005,-1.783,1.848,-0.019,2.503,0.009,0.625,2.519,3.413,0.218,-0.002,0.624,0.932
2019-08-14,CTD4,4180266,698264,0.014342088,0.020698795,0.027197637,0.009932664,0.0068303226,0.0018940078,0.0019215259,0.0007918567,4.1765,-0.136,11.544,0.351,-52.366,0.504,-98.094,0.465,-63.91,0.599,-109.638,0.185,-45.728,0.115,0.079,-1.424,-0.358,-2.668,-0.974,-1.323,-0.437,-2.269,-1.089,-0.947,-1.244,-0.388,0.316,0.374,0.627,0.665,0.065,-0.693,0.073,-1.898,1.833,0.292,2.665,-0.14,0.626,2.408,3.502,0.229,0.035,0.64,0.916
2019-08-14,CTD5,4179450,700268,0.020446246,0.03004924,0.0386295,0.010986896,0.007822555,0.001970963,0.0019604918,0.00075968826,2.301,-0.125,7.392,0.465,-57.739,0.587,-94.557,0.557,-65.131,0.663,-101.949,0.168,-36.818,0.081,0.058,-2.23,-0.452,-3.653,-1.039,-1.957,-0.509,-3.063,-1.12,-1.106,-1.422,-0.456,0.41,0.448,0.73,0.751,0.046,-0.627,0.066,-2.203,2.533,0.325,3.557,-0.119,0.574,3.256,4.573,0.163,0.024,0.598,0.936
2019-08-14,CTD6,4176009,695829,0.014032359,0.02086688,0.030517256,0.010839682,0.0076810922,0.0020854895,0.002030289,0.0008386181,3.6635,-0.188,15.154,0.316,-44.331,0.462,-82.267,0.476,-59.485,0.598,-97.421,0.171,-37.936,0.164,0.116,-1.353,-0.341,-2.511,-0.892,-1.241,-0.457,-2.033,-1.056,-0.792,-1.158,-0.521,0.263,0.319,0.689,0.72,0.061,-0.727,-0.025,-2.048,1.673,-0.099,2.361,0.051,0.754,2.447,3.454,0.268,-0.013,0.617,0.924
2019-08-14,CTD7,4176724,690397,0.022821208,0.033194557,0.04529183,0.013597354,0.009757172,0.0023621735,0.002314492,0.00091016927,2.761,-0.154,8.046,0.419,-43.418,0.546,-72.363,0.538,-51.465,0.646,-80.41,0.164,-28.945,0.109,0.079,-1.966,-0.424,-3.277,-0.984,-1.708,-0.502,-2.669,-1.093,-0.961,-1.311,-0.518,0.356,0.398,0.738,0.759,0.049,-0.661,0.015,-2.201,2.226,0.071,3.102,-0.029,0.647,3.037,4.232,0.194,0.006,0.596,0.935
2019-08-14,CTD8,4174178,693048,0.018759549,0.03053456,0.04692661,0.0154086165,0.010097237,0.002441274,0.0023966886,0.000953715,3.8015,-0.212,11.44,0.329,-32.149,0.503,-66.287,0.506,-43.589,0.646,-77.727,0.208,-34.138,0.176,0.116,-1.509,-0.325,-3.111,-1.021,-1.331,-0.44,-2.373,-1.198,-1.042,-1.602,-0.643,0.265,0.328,0.776,0.802,0.069,-0.875,-0.005,-2.666,1.766,-0.021,2.696,0.011,0.882,2.715,4.143,0.289,-0.002,0.593,0.915
2019-08-14,CTD9,4171106,693183,0.019866353,0.028861025,0.04370409,0.022702396,0.017351607,0.004813216,0.004746421,0.0018919625,1.149,-0.205,11.768,0.119,-9.399,0.249,-22.983,0.316,-21.167,0.432,-34.75,0.134,-13.583,0.267,0.204,-0.411,-0.163,-1.004,-0.522,-0.611,-0.367,-1.003,-0.789,-0.392,-0.594,-0.371,0.101,0.173,0.454,0.511,0.074,-0.648,-0.104,-1.247,0.874,-0.262,1.144,0.206,0.75,1.324,1.732,0.39,-0.082,0.711,0.919
2019-08-14,CTD10,4170388,695646,0.013870571,0.020387115,0.029247927,0.009519299,0.0071410956,0.0018226417,0.0018516962,0.0007400515,2.69,-0.179,14.86,0.363,-55.999,0.481,-90.984,0.509,-70.859,0.608,-105.844,0.143,-34.985,0.141,0.106,-1.638,-0.4,-2.661,-0.866,-1.445,-0.506,-2.158,-1.008,-0.713,-1.023,-0.532,0.299,0.342,0.717,0.739,0.048,-0.636,-0.053,-1.954,1.898,-0.218,2.529,0.102,0.684,2.722,3.629,0.223,-0.025,0.603,0.939
2019-08-14,CTD11,4169609,700351,0.01025309,0.014941023,0.023107791,0.008799479,0.0066867103,0.0017481669,0.0017149195,0.0006925512,2.7765,-0.215,23.654,0.259,-46.713,0.382,-82.621,0.448,-70.368,0.551,-106.275,0.136,-35.907,0.208,0.158,-1.079,-0.312,-1.909,-0.727,-1.051,-0.471,-1.588,-0.935,-0.536,-0.83,-0.527,0.206,0.259,0.662,0.692,0.056,-0.669,-0.113,-1.758,1.409,-0.392,1.854,0.231,0.787,2.179,2.867,0.3,-0.067,0.624,0.934
2019-08-14,CTD12,4173438,695414,0.014186371,0.02140777,0.029910402,0.010733529,0.0070777847,0.0018210718,0.0017978016,0.0007259365,3.1555,-0.166,13.279,0.332,-46.454,0.503,-94.575,0.472,-59.733,0.617,-107.854,0.205,-48.121,0.143,0.094,-1.389,-0.329,-2.829,-1.015,-1.279,-0.423,-2.309,-1.158,-1.03,-1.439,-0.477,0.289,0.353,0.673,0.71,0.071,-0.801,0.056,-2.231,1.758,0.238,2.666,-0.119,0.738,2.456,3.725,0.265,0.028,0.626,0.91
2019-09-18,CTD1,4187246,695025,0.01549701,0.02086688,0.03708863,0.020205611,0.02980708,0.008202085,0.008259295,0.0030950569,14.2065,-0.28,20.96,0.016,-1.568,-0.176,14.374,0.295,-22.529,0.109,-6.587,-0.192,15.942,0.424,0.625,-0.058,-0.047,0.533,0.29,-0.47,-0.672,-0.137,-0.133,0.333,0.591,-0.324,0.01,-0.156,0.333,0.177,-0.166,-0.115,-0.913,-0.212,0.229,-1.135,0.155,1.1,0.302,0.407,0.276,0.165,-0.884,0.709,1.168
2019-09-18,CTD2,4181518,693105,0.017189294,0.02369867,0.041422196,0.021290816,0.0288652,0.008230655,0.008194761,0.0030877064,13.1535,-0.272,18.055,0.054,-4.772,-0.098,7.553,0.321,-22.827,0.179,-10.502,-0.151,12.325,0.384,0.521,-0.198,-0.138,0.313,0.161,-0.541,-0.659,-0.249,-0.224,0.292,0.511,-0.353,0.034,-0.082,0.383,0.279,-0.116,-0.165,-0.784,-0.322,0.416,-1.125,0.307,1.01,0.392,0.728,0.537,0.202,-0.704,0.691,1.121
2019-09-18,CTD3,4181698,695238,0.007041697,0.010104657,0.015797835,0.02075653,0.016016548,0.0036583028,0.003825443,0.0016355191,11.481,-0.22,35.664,-0.345,50.787,-0.226,36.529,-0.136,15.122,-0.007,0.864,0.129,-14.258,0.74,0.571,0.802,0.813,0.577,0.758,0.153,0.242,0.009,0.018,-0.144,-0.225,-0.155,-0.335,-0.162,-0.19,-0.007,0.183,-0.656,-0.132,-0.5,-0.527,-0.13,-0.683,0.267,0.792,-0.824,-1.068,1.04,-0.271,1.191,0.87
2019-09-18,CTD4,4180266,698264,0.009254632,0.01223911,0.02207816,0.012093589,0.01885926,0.005366967,0.00529272,0.0020001752,12.6465,-0.287,36.412,0.006,-0.983,-0.213,28.681,0.292,-37.395,0.079,-7.731,-0.219,29.664,0.44,0.687,-0.022,-0.019,0.633,0.347,-0.458,-0.705,-0.095,-0.093,0.363,0.655,-0.318,0.004,-0.194,0.321,0.132,-0.197,-0.087,-1.005,-0.159,0.158,-1.177,0.101,1.163,0.244,0.285,0.183,0.134,-0.993,0.709,1.198
2019-09-18,CTD5,4179450,700268,0.0,0.0,0.0,0.0,0.0,0.0,0.0,0.0,12.171,,,,,,,,,,,,,,,,,,,,,,,,,,,,,,,,,,,,,,,,,,,,
2019-09-18,CTD6,4176009,695829,0.011448282,0.014820004,0.025598526,0.013557709,0.021391444,0.006043648,0.0059472146,0.0022290694,13.733,-0.267,28.412,0.044,-6.282,-0.181,20.729,0.308,-34.694,0.09,-7.683,-0.224,27.011,0.385,0.608,-0.161,-0.134,0.531,0.281,-0.514,-0.742,-0.114,-0.104,0.4,0.691,-0.308,0.027,-0.168,0.333,0.148,-0.194,-0.055,-0.999,-0.104,0.257,-1.195,0.163,1.094,0.149,0.445,0.282,0.079,-0.914,0.702,1.2
2019-09-18,CTD7,4176724,690397,0.012412438,0.016334234,0.028505893,0.015191356,0.024886632,0.0074908906,0.0075250166,0.0027977508,8.7535,-0.271,26.141,0.036,-4.606,-0.207,21.039,0.305,-30.746,0.068,-5.102,-0.242,25.645,0.397,0.651,-0.131,-0.115,0.6,0.32,-0.502,-0.765,-0.083,-0.078,0.419,0.731,-0.304,0.021,-0.196,0.323,0.115,-0.216,-0.037,-1.065,-0.07,0.202,-1.22,0.123,1.135,0.107,0.353,0.215,0.057,-0.991,0.703,1.222
2019-09-18,CTD8,4174178,693048,0.013085112,0.01717453,0.03035959,0.016546777,0.023719225,0.006480285,0.0064440276,0.002410098,11.7565,-0.277,25.287,0.019,-2.209,-0.16,16.066,0.294,-27.496,0.123,-9.221,-0.178,18.275,0.418,0.6,-0.067,-0.052,0.488,0.266,-0.472,-0.652,-0.158,-0.153,0.314,0.555,-0.327,0.012,-0.14,0.338,0.197,-0.151,-0.132,-0.868,-0.242,0.257,-1.111,0.179,1.07,0.334,0.454,0.317,0.182,-0.836,0.709,1.153
2019-09-18,CTD9,4171106,693183,0.013757505,0.01860972,0.033088893,0.018161621,0.025895556,0.007322336,0.007297313,0.0027804486,14.7405,-0.28,23.514,0.012,-1.326,-0.164,15.119,0.291,-24.84,0.122,-8.395,-0.176,16.444,0.427,0.609,-0.044,-0.034,0.5,0.275,-0.462,-0.643,-0.156,-0.152,0.306,0.544,-0.329,0.008,-0.142,0.335,0.196,-0.15,-0.139,-0.863,-0.253,0.242,-1.103,0.17,1.077,0.352,0.43,0.302,0.193,-0.843,0.711,1.151
2019-09-18,CTD10,4170388,695646,0.012253023,0.01611423,0.027735867,0.014231877,0.019664265,0.005864543,0.0057165883,0.002208863,15.542000000000002,-0.265,26.003,0.062,-8.208,-0.099,11.203,0.322,-34.21,0.17,-14.799,-0.16,19.411,0.37,0.511,-0.228,-0.161,0.311,0.159,-0.551,-0.673,-0.238,-0.211,0.313,0.538,-0.343,0.04,-0.085,0.377,0.266,-0.124,-0.143,-0.801,-0.278,0.423,-1.129,0.306,0.997,0.339,0.729,0.527,0.174,-0.707,0.692,1.129
2019-09-18,CTD11,4169609,700351,0.013677982,0.018446712,0.031580582,0.015611838,0.019319693,0.005789724,0.0056886887,0.0022099218,18.2635,-0.263,22.545,0.083,-9.844,-0.023,2.45,0.338,-32.389,0.241,-20.096,-0.106,12.293,0.352,0.436,-0.311,-0.19,0.077,0.038,-0.597,-0.626,-0.371,-0.314,0.227,0.388,-0.376,0.056,-0.018,0.423,0.36,-0.074,-0.224,-0.653,-0.453,0.57,-1.068,0.46,0.904,0.474,0.976,0.788,0.235,-0.553,0.681,1.079
2019-09-18,CTD12,4173438,695414,0.015699206,0.020824738,0.03267702,0.016558798,0.019531652,0.006118915,0.00628902,0.002420505,12.47,-0.222,17.417,0.114,-12.371,0.032,-3.179,0.327,-29.788,0.252,-20.596,-0.082,9.192,0.288,0.34,-0.404,-0.242,-0.104,-0.053,-0.62,-0.582,-0.429,-0.341,0.191,0.3,-0.328,0.082,0.026,0.399,0.352,-0.056,-0.211,-0.542,-0.415,0.66,-0.907,0.559,0.721,0.39,1.035,0.878,0.197,-0.431,0.699,1.06
2019-09-28,CTD1,4187246,695025,0.032849085,0.044398986,0.06291925,0.031332728,0.026112884,0.0072680092,0.0071417806,0.0027291635,2.049,-0.173,6.63,0.173,-9.392,0.259,-15.772,0.335,-16.022,0.413,-22.402,0.091,-6.38,0.208,0.173,-0.591,-0.245,-0.992,-0.494,-0.711,-0.418,-0.995,-0.702,-0.283,-0.401,-0.322,0.147,0.194,0.448,0.486,0.049,-0.494,-0.128,-0.992,1.002,-0.308,1.202,0.217,0.584,1.42,1.704,0.291,-0.09,0.706,0.945
2019-09-28,CTD2,4181518,693105,0.009790992,0.011400724,0.01452518,0.0053610597,0.0053219874,0.0014478791,0.0014557673,0.0005693256,3.15,-0.121,18.868,0.36,-98.817,0.364,-100.186,0.461,-117.684,0.464,-119.054,0.004,-1.369,0.101,0.1,-1.435,-0.526,-1.455,-0.537,-1.342,-0.626,-1.357,-0.638,-0.016,-0.02,-0.292,0.304,0.306,0.548,0.549,0.002,-0.222,-0.208,-0.603,1.76,-0.567,1.773,0.267,0.281,2.243,2.259,0.104,-0.098,0.647,0.998
2019-09-28,CTD3,4181698,695238,0.01445014,0.017221153,0.021487447,0.010349566,0.009001663,0.0027595889,0.002703883,0.0010909374,2.967,-0.11,11.529,0.249,-38.554,0.313,-53.022,0.35,-50.084,0.41,-64.552,0.07,-14.468,0.119,0.104,-0.828,-0.347,-1.139,-0.549,-0.862,-0.451,-1.112,-0.668,-0.249,-0.311,-0.22,0.225,0.258,0.425,0.453,0.035,-0.348,-0.068,-0.723,1.245,-0.163,1.431,0.098,0.378,1.553,1.786,0.182,-0.041,0.712,0.958
2019-09-28,CTD4,4180266,698264,0.011916195,0.014081093,0.015466692,0.0065914574,0.0045902235,0.0013099408,0.0013152054,0.000543798,2.83,-0.047,6.362,0.362,-80.694,0.508,-146.837,0.402,-87.056,0.542,-153.199,0.179,-66.143,0.042,0.029,-1.248,-0.37,-2.271,-0.968,-1.226,-0.4,-2.157,-1.01,-0.931,-1.023,-0.124,0.373,0.43,0.475,0.526,0.068,-0.526,0.214,-1.233,1.839,0.721,2.641,-0.338,0.402,2.02,2.901,0.171,0.1,0.7,0.909
2019-09-28,CTD6,4176009,695829,0.012215577,0.014991743,0.017379995,0.007940242,0.0065639587,0.0018964654,0.0019056747,0.0007780976,2.796,-0.074,9.166,0.307,-59.237,0.391,-85.644,0.373,-68.403,0.452,-94.81,0.095,-26.406,0.073,0.06,-1.03,-0.389,-1.488,-0.68,-1.025,-0.449,-1.421,-0.753,-0.396,-0.459,-0.165,0.295,0.333,0.438,0.472,0.043,-0.347,0.036,-0.76,1.51,0.095,1.827,-0.05,0.333,1.751,2.118,0.152,0.019,0.708,0.946
2019-09-28,CTD7,4176724,690397,0.012629757,0.015757676,0.020426031,0.009130444,0.007306203,0.0021064838,0.002113851,0.0008619062,3.364,-0.129,14.504,0.266,-46.063,0.366,-73.409,0.382,-60.567,0.473,-87.913,0.111,-27.346,0.132,0.106,-0.941,-0.337,-1.499,-0.67,-0.954,-0.443,-1.385,-0.803,-0.431,-0.559,-0.284,0.239,0.286,0.49,0.527,0.05,-0.478,-0.029,-1.07,1.368,-0.08,1.71,0.047,0.496,1.773,2.216,0.222,-0.017,0.688,0.938
2019-09-28,CTD8,4174178,693048,0.017802708,0.022378927,0.027591385,0.012877467,0.0101999445,0.0029268959,0.0029636084,0.0011800092,2.932,-0.104,8.442,0.269,-32.97,0.374,-53.355,0.364,-41.412,0.46,-61.797,0.116,-20.385,0.109,0.086,-0.91,-0.336,-1.472,-0.687,-0.927,-0.422,-1.383,-0.796,-0.456,-0.562,-0.226,0.251,0.301,0.452,0.493,0.054,-0.451,0.019,-0.967,1.368,0.051,1.727,-0.03,0.441,1.687,2.13,0.206,0.011,0.706,0.934
2019-09-28,CTD9,4171106,693183,0.020703642,0.027889308,0.041719697,0.027059082,0.022292253,0.0065781064,0.0066937003,0.0026903409,2.028,-0.199,11.887,0.015,-1.1,0.112,-9.003,0.213,-12.987,0.303,-20.889,0.097,-7.902,0.322,0.265,-0.046,-0.025,-0.376,-0.244,-0.362,-0.29,-0.583,-0.565,-0.22,-0.33,-0.28,0.013,0.081,0.292,0.354,0.068,-0.545,-0.155,-0.841,0.496,-0.291,0.602,0.282,0.672,0.742,0.901,0.436,-0.151,0.789,0.931
2019-09-28,CTD10,4170388,695646,0.011313213,0.01409063,0.018895136,0.0078241825,0.0059299385,0.0016769937,0.0016870074,0.000677571,3.386,-0.146,18.045,0.286,-56.84,0.408,-97.667,0.414,-74.885,0.522,-115.712,0.138,-40.827,0.141,0.107,-1.074,-0.337,-1.845,-0.764,-1.055,-0.444,-1.63,-0.905,-0.575,-0.771,-0.349,0.252,0.305,0.553,0.592,0.057,-0.574,-0.012,-1.385,1.487,-0.039,1.962,0.022,0.583,1.994,2.631,0.241,-0.007,0.664,0.929
2019-09-28,CTD11,4169609,700351,0.011956752,0.015388152,0.02064371,0.008940674,0.007221761,0.002051292,0.0020953785,0.00084565027,4.976,-0.146,16.544,0.265,-46.863,0.361,-73.485,0.396,-63.407,0.482,-90.029,0.106,-26.622,0.148,0.119,-0.967,-0.338,-1.517,-0.657,-0.976,-0.458,-1.385,-0.805,-0.41,-0.55,-0.325,0.231,0.276,0.518,0.552,0.048,-0.493,-0.062,-1.137,1.371,-0.178,1.698,0.104,0.534,1.84,2.278,0.231,-0.036,0.675,0.942
2019-09-28,CTD12,4173438,695414,0.01772413,0.020161409,0.024263008,0.011283356,0.010097237,0.003066374,0.0030617064,0.0012267893,2.576,-0.092,8.385,0.282,-39.026,0.333,-49.437,0.365,-47.411,0.412,-57.822,0.055,-10.411,0.095,0.085,-0.947,-0.394,-1.199,-0.558,-0.956,-0.479,-1.166,-0.652,-0.21,-0.253,-0.192,0.258,0.283,0.429,0.45,0.027,-0.287,-0.064,-0.616,1.371,-0.154,1.532,0.086,0.309,1.65,1.843,0.143,-0.036,0.708,0.967
2019-10-03,CTD1,4187246,695025,0.025551058,0.04017869,0.072787546,0.044237178,0.04229388,0.011707151,0.011949905,0.004541192,3.6365,-0.289,11.15,-0.048,2.283,-0.026,1.245,0.244,-8.867,0.265,-9.905,0.022,-1.039,0.493,0.472,0.166,0.097,0.091,0.055,-0.356,-0.375,-0.398,-0.438,-0.042,-0.076,-0.377,-0.035,-0.018,0.346,0.361,0.017,-0.494,-0.404,-0.813,0.327,-0.695,0.342,0.766,0.856,0.593,0.62,0.52,-0.445,0.747,0.983
2019-10-03,CTD2,4181518,693105,0.007355871,0.010520546,0.016824309,0.0069023026,0.005463787,0.0014515443,0.0014532923,0.00059193367,4.7265,-0.231,35.614,0.208,-49.827,0.316,-87.971,0.418,-85.441,0.51,-123.585,0.116,-38.144,0.246,0.195,-0.838,-0.272,-1.48,-0.607,-0.899,-0.467,-1.3,-0.853,-0.401,-0.642,-0.51,0.162,0.213,0.621,0.652,0.053,-0.638,-0.166,-1.555,1.199,-0.512,1.515,0.336,0.808,1.918,2.423,0.331,-0.109,0.637,0.939
2019-10-03,CTD3,4181698,695238,0.0058016735,0.008172805,0.012588403,0.0046194643,0.0037213292,0.00094761193,0.0009914861,0.00039473965,3.8785,-0.213,42.919,0.278,-94.118,0.374,-146.364,0.463,-137.037,0.544,-189.283,0.108,-52.246,0.198,0.16,-1.185,-0.35,-1.842,-0.676,-1.12,-0.51,-1.547,-0.874,-0.427,-0.658,-0.529,0.218,0.259,0.67,0.693,0.043,-0.592,-0.156,-1.614,1.474,-0.529,1.829,0.299,0.735,2.27,2.818,0.27,-0.088,0.616,0.948
2019-10-03,CTD4,4180266,698264,0.0072062304,0.010412268,0.016302833,0.0077459686,0.0057442845,0.0015420157,0.0015734476,0.0006629462,2.761,-0.22,34.702,0.147,-33.059,0.289,-78.046,0.356,-67.76,0.479,-112.747,0.148,-44.987,0.269,0.199,-0.539,-0.19,-1.272,-0.605,-0.706,-0.389,-1.174,-0.873,-0.468,-0.733,-0.437,0.121,0.194,0.53,0.581,0.075,-0.71,-0.103,-1.494,0.992,-0.292,1.338,0.217,0.824,1.553,2.094,0.392,-0.077,0.68,0.917
2019-10-03,CTD5,4179450,700268,0.004096149,0.0060355067,0.00963965,0.0027767383,0.0023071591,0.0005468693,0.0005569099,0.00022261265,1.957,-0.23,61.948,0.37,-194.449,0.447,-267.747,0.553,-256.397,0.614,-329.695,0.092,-73.299,0.172,0.143,-1.874,-0.449,-2.581,-0.743,-1.547,-0.592,-1.99,-0.915,-0.442,-0.707,-0.709,0.273,0.3,0.823,0.832,0.03,-0.577,-0.205,-2.005,1.934,-0.856,2.328,0.394,0.766,3.089,3.718,0.221,-0.094,0.562,0.962
2019-10-03,CTD6,4176009,695829,0.006286719,0.008608611,0.014230995,0.006315925,0.0060402094,0.0016755599,0.0016610197,0.0006815927,4.95,-0.246,45.894,0.154,-42.167,0.175,-49.394,0.385,-88.061,0.404,-95.288,0.022,-7.227,0.29,0.277,-0.6,-0.255,-0.703,-0.312,-0.758,-0.532,-0.82,-0.602,-0.062,-0.103,-0.455,0.113,0.125,0.54,0.549,0.012,-0.441,-0.351,-0.993,0.939,-0.828,0.981,0.607,0.697,1.552,1.622,0.309,-0.258,0.653,0.987
2019-10-03,CTD7,4176724,690397,0.0074502598,0.011076624,0.019211067,0.007377858,0.006627594,0.0016972082,0.0017455989,0.0006840806,7.0975,-0.269,38.227,0.2,-45.26,0.251,-60.604,0.445,-83.487,0.487,-98.831,0.054,-15.344,0.282,0.253,-0.87,-0.3,-1.164,-0.447,-0.925,-0.553,-1.095,-0.729,-0.17,-0.295,-0.581,0.143,0.167,0.668,0.682,0.025,-0.537,-0.322,-1.397,1.156,-0.933,1.287,0.621,0.836,2.006,2.233,0.321,-0.214,0.609,0.972
2019-10-03,CTD8,4174178,693048,0.0052758893,0.0073949997,0.011935041,0.0047413823,0.0042591607,0.0010996688,0.0011161937,0.00044893537,4.866,-0.235,51.44,0.219,-75.682,0.269,-99.562,0.431,-127.122,0.474,-151.001,0.054,-23.879,0.244,0.219,-0.903,-0.322,-1.188,-0.472,-0.94,-0.541,-1.117,-0.716,-0.177,-0.285,-0.504,0.164,0.188,0.617,0.632,0.025,-0.494,-0.279,-1.243,1.203,-0.781,1.339,0.501,0.716,1.941,2.161,0.284,-0.179,0.628,0.971
2019-10-03,CTD9,4171106,693183,0.010395863,0.016754834,0.030894682,0.019234188,0.017161323,0.0051658414,0.0050504967,0.0020763995,3.4845,-0.297,27.316,-0.069,7.694,-0.012,1.414,0.233,-19.623,0.286,-25.903,0.057,-6.28,0.525,0.469,0.238,0.132,0.044,0.027,-0.329,-0.337,-0.434,-0.498,-0.105,-0.194,-0.389,-0.052,-0.008,0.344,0.382,0.044,-0.578,-0.35,-0.929,0.316,-0.63,0.354,0.723,0.952,0.582,0.652,0.593,-0.402,0.755,0.959
2019-10-03,CTD10,4170388,695646,0.005000545,0.006872854,0.0108368555,0.004925426,0.0044611837,0.0011778411,0.0012080809,0.00049023377,5.606,-0.224,53.222,0.165,-57.528,0.213,-78.656,0.375,-110.75,0.417,-131.878,0.049,-21.128,0.262,0.237,-0.623,-0.257,-0.852,-0.387,-0.761,-0.494,-0.906,-0.65,-0.145,-0.229,-0.422,0.127,0.153,0.522,0.54,0.026,-0.47,-0.272,-1.034,0.984,-0.66,1.086,0.473,0.671,1.551,1.712,0.305,-0.195,0.666,0.971
2019-10-03,CTD11,4169609,700351,0.006701449,0.009390303,0.014742664,0.0063897865,0.0054512965,0.0014291051,0.0014757357,0.000594329,4.3565000000000005,-0.222,38.662,0.19,-50.007,0.265,-76.95,0.395,-88.669,0.46,-115.612,0.079,-26.943,0.247,0.211,-0.737,-0.273,-1.134,-0.492,-0.833,-0.483,-1.086,-0.739,-0.253,-0.397,-0.452,0.149,0.186,0.563,0.589,0.039,-0.535,-0.216,-1.235,1.1,-0.585,1.289,0.398,0.717,1.727,2.024,0.311,-0.147,0.654,0.956
2019-10-03,CTD12,4173438,695414,0.0046459204,0.0063111396,0.010081823,0.0033324715,0.003307575,0.0008025652,0.0008436139,0.00032225967,4.696,-0.23,59.262,0.309,-141.628,0.312,-143.886,0.503,-200.889,0.506,-203.148,0.004,-2.259,0.197,0.196,-1.428,-0.468,-1.451,-0.479,-1.268,-0.664,-1.282,-0.677,-0.014,-0.023,-0.568,0.222,0.224,0.702,0.702,0.002,-0.382,-0.367,-1.154,1.566,-1.117,1.578,0.59,0.605,2.501,2.52,0.2,-0.194,0.588,0.998
2019-11-27,CTD1,4187246,695025,0.01042045,0.014910675,0.0222246,0.0055076266,0.0045558717,0.0010718963,0.0010717062,0.0004128022,2.37,-0.197,22.071,0.461,-114.5,0.532,-152.431,0.603,-136.571,0.66,-174.502,0.095,-37.931,0.122,0.101,-2.545,-0.522,-3.388,-0.84,-2.036,-0.622,-2.602,-0.961,-0.566,-0.843,-0.727,0.351,0.373,0.859,0.865,0.026,-0.538,-0.156,-2.171,2.502,-0.762,3.025,0.282,0.663,3.73,4.509,0.164,-0.058,0.55,0.966
2019-11-27,CTD2,4181518,693105,0.018015943,0.023897594,0.03656374,0.015950512,0.015575233,0.0043331,0.0042101117,0.0016433669,10.6195,-0.209,14.496,0.199,-20.849,0.211,-22.359,0.393,-35.344,0.403,-36.855,0.012,-1.511,0.231,0.226,-0.762,-0.325,-0.818,-0.357,-0.845,-0.55,-0.881,-0.588,-0.036,-0.055,-0.402,0.152,0.158,0.522,0.527,0.006,-0.371,-0.323,-0.849,1.072,-0.758,1.098,0.506,0.554,1.641,1.68,0.241,-0.216,0.659,0.993
2019-11-27,CTD3,4181698,695238,0.010000663,0.01479993,0.024103748,0.011103706,0.00963636,0.0026252605,0.00259908,0.0010402306,12.4405,-0.239,26.081,0.143,-22.492,0.211,-36.206,0.369,-48.573,0.429,-62.286,0.071,-13.714,0.29,0.251,-0.542,-0.217,-0.873,-0.402,-0.719,-0.468,-0.922,-0.692,-0.203,-0.331,-0.449,0.11,0.147,0.532,0.559,0.038,-0.538,-0.254,-1.168,0.933,-0.635,1.075,0.476,0.761,1.52,1.751,0.35,-0.19,0.666,0.958
2019-11-27,CTD4,4180266,698264,0.013328137,0.01878048,0.028823113,0.010417623,0.00928282,0.0024595885,0.0024019931,0.0009470438,10.2635,-0.211,18.552,0.286,-42.744,0.338,-54.479,0.469,-61.297,0.513,-73.032,0.058,-11.735,0.193,0.172,-1.232,-0.397,-1.57,-0.568,-1.151,-0.569,-1.372,-0.761,-0.22,-0.338,-0.51,0.219,0.242,0.656,0.669,0.024,-0.471,-0.239,-1.302,1.481,-0.744,1.662,0.412,0.644,2.272,2.55,0.233,-0.133,0.613,0.971
2019-11-27,CTD5,4179450,700268,0.011452166,0.016949032,0.019760191,0.0028860858,0.0021247661,0.0005189087,0.0004897253,0.00018961038,0.931,-0.077,8.394,0.709,-287.49,0.777,-411.64,0.745,-295.883,0.806,-420.033,0.152,-124.15,0.024,0.018,-5.681,-0.611,-8.134,-1.188,-5.015,-0.629,-7.119,-1.212,-2.104,-2.453,-0.561,0.643,0.655,0.885,0.889,0.021,-0.501,0.122,-3.427,5.765,1.13,7.831,-0.192,0.43,6.721,9.13,0.063,0.021,0.54,0.966
2019-11-27,CTD6,4176009,695829,0.0097091,0.013649442,0.023430184,0.0132156545,0.013265561,0.0038746481,0.0037457878,0.0015303079,11.019,-0.264,30.583,0.016,-2.405,0.014,-2.12,0.279,-32.988,0.277,-32.703,-0.002,0.285,0.404,0.406,-0.056,-0.032,-0.05,-0.028,-0.45,-0.438,-0.446,-0.432,0.004,0.007,-0.369,0.012,0.01,0.38,0.378,-0.001,-0.414,-0.421,-0.733,0.467,-0.744,0.465,0.72,0.713,0.801,0.798,0.402,-0.408,0.725,1.001
2019-11-27,CTD7,4176724,690397,0.011648121,0.016284473,0.027429674,0.012356939,0.013041785,0.0036452948,0.003471366,0.001379721,9.8945,-0.255,24.951,0.137,-19.518,0.111,-15.268,0.379,-44.469,0.356,-40.22,-0.027,4.25,0.308,0.325,-0.535,-0.255,-0.419,-0.189,-0.724,-0.58,-0.655,-0.497,0.069,0.117,-0.439,0.097,0.082,0.514,0.502,-0.016,-0.354,-0.462,-0.785,0.842,-0.971,0.798,0.737,0.629,1.419,1.344,0.283,-0.35,0.655,1.017
2019-11-27,CTD8,4174178,693048,0.011138227,0.016054248,0.026253147,0.01276045,0.011417752,0.0031885337,0.0031560818,0.0012670489,8.95,-0.241,24.198,0.114,-16.078,0.169,-25.294,0.346,-40.276,0.394,-49.492,0.056,-9.216,0.309,0.276,-0.422,-0.184,-0.664,-0.323,-0.647,-0.46,-0.795,-0.632,-0.148,-0.242,-0.422,0.087,0.119,0.491,0.515,0.032,-0.506,-0.283,-1.041,0.823,-0.651,0.92,0.518,0.741,1.346,1.504,0.36,-0.225,0.681,0.966
2019-11-27,CTD9,4171106,693183,0.013908468,0.021249842,0.03676127,0.018802278,0.016741784,0.004749385,0.004629054,0.0018766051,0.8500000000000001,-0.267,19.857,0.061,-6.126,0.119,-12.672,0.323,-25.983,0.374,-32.528,0.058,-6.546,0.373,0.332,-0.225,-0.103,-0.466,-0.238,-0.552,-0.435,-0.691,-0.612,-0.139,-0.241,-0.436,0.046,0.081,0.473,0.5,0.036,-0.545,-0.312,-1.066,0.675,-0.686,0.758,0.607,0.84,1.167,1.311,0.429,-0.276,0.69,0.963
2019-11-27,CTD10,4170388,695646,0.016438857,0.02301838,0.03583973,0.018432677,0.017866282,0.0053693503,0.0052293763,0.0020883807,5.9375,-0.218,15.542,0.111,-10.808,0.126,-12.528,0.321,-26.349,0.335,-28.069,0.016,-1.72,0.286,0.278,-0.387,-0.193,-0.449,-0.231,-0.607,-0.471,-0.646,-0.517,-0.04,-0.062,-0.353,0.085,0.095,0.426,0.434,0.01,-0.389,-0.327,-0.757,0.75,-0.656,0.774,0.525,0.588,1.168,1.205,0.302,-0.262,0.704,0.99
2019-11-27,CTD11,4169609,700351,0.01116089,0.018303676,0.0332272,0.014669178,0.011107017,0.0029307886,0.0028572644,0.0011622631,8.449,-0.29,24.538,0.11,-13.536,0.245,-35.399,0.387,-38.074,0.499,-59.937,0.138,-21.863,0.36,0.273,-0.45,-0.15,-1.176,-0.519,-0.697,-0.423,-1.097,-0.879,-0.4,-0.726,-0.579,0.082,0.15,0.631,0.671,0.069,-0.77,-0.206,-1.744,0.913,-0.617,1.206,0.495,1.058,1.658,2.19,0.467,-0.165,0.64,0.926
2019-11-27,CTD12,4173438,695414,0.0107639255,0.015672434,0.02696742,0.013513244,0.013234831,0.0036664566,0.0036188776,0.0014368038,8.823,-0.265,26.725,0.074,-10.195,0.084,-11.752,0.332,-36.92,0.342,-38.476,0.01,-1.557,0.361,0.354,-0.275,-0.135,-0.317,-0.159,-0.579,-0.489,-0.603,-0.52,-0.024,-0.042,-0.422,0.054,0.06,0.465,0.471,0.007,-0.44,-0.398,-0.878,0.669,-0.811,0.683,0.7,0.741,1.151,1.175,0.371,-0.343,0.684,0.993
2020-02-20,CTD1,4187246,695025,0.009657076,0.013709604,0.020732788,0.0072086384,0.0054846723,0.0014387609,0.0014053527,0.00057110854,1.2885,-0.204,24.709,0.311,-65.781,0.429,-109.385,0.484,-90.49,0.582,-134.094,0.136,-43.604,0.178,0.136,-1.364,-0.361,-2.268,-0.789,-1.241,-0.496,-1.838,-0.967,-0.598,-0.904,-0.553,0.248,0.294,0.705,0.729,0.05,-0.653,-0.1,-1.878,1.637,-0.376,2.152,0.198,0.751,2.476,3.254,0.261,-0.052,0.607,0.938
2020-02-20,CTD2,4181518,693105,0.006753559,0.010178935,0.01452518,0.0031727084,0.0025332258,0.00056125905,0.00056504476,0.0002132471,3.727,-0.176,29.396,0.525,-216.946,0.601,-296.511,0.641,-246.342,0.703,-325.908,0.112,-79.565,0.093,0.074,-3.151,-0.55,-4.307,-0.941,-2.508,-0.624,-3.317,-1.034,-0.81,-1.156,-0.762,0.411,0.432,0.893,0.898,0.026,-0.552,-0.098,-2.526,3.034,-0.56,3.8,0.175,0.629,4.329,5.422,0.137,-0.03,0.54,0.964
2020-02-20,CTD3,4181698,695238,0.0065626157,0.009109349,0.014396295,0.0045133005,0.0034033908,0.0008476898,0.0008607858,0.00034211195,5.47,-0.225,40.315,0.337,-111.79,0.456,-184.047,0.523,-152.105,0.618,-224.362,0.14,-72.257,0.182,0.137,-1.609,-0.38,-2.65,-0.831,-1.386,-0.518,-2.044,-1.013,-0.658,-1.04,-0.668,0.258,0.302,0.79,0.807,0.047,-0.693,-0.121,-2.212,1.782,-0.513,2.363,0.254,0.826,2.816,3.735,0.259,-0.06,0.58,0.941
2020-02-20,CTD4,4180266,698264,0.009007458,0.012177421,0.01991142,0.0061558723,0.004661538,0.00120083,0.0011876568,0.00048151324,5.204,-0.241,31.897,0.328,-80.327,0.446,-132.402,0.528,-112.224,0.621,-164.299,0.138,-52.075,0.196,0.149,-1.599,-0.374,-2.636,-0.815,-1.367,-0.523,-2.001,-1.011,-0.634,-1.037,-0.715,0.245,0.288,0.817,0.832,0.047,-0.709,-0.146,-2.293,1.744,-0.622,2.303,0.315,0.878,2.852,3.766,0.271,-0.074,0.571,0.943
2020-02-20,CTD5,4179450,700268,0.011459938,0.018112598,0.024064088,0.0042368053,0.0028932255,0.0006924394,0.0006636958,0.00025854624,2.339,-0.141,13.654,0.621,-180.817,0.725,-290.425,0.701,-194.471,0.785,-304.079,0.188,-109.608,0.058,0.04,-4.351,-0.523,-6.989,-1.23,-3.522,-0.563,-5.508,-1.288,-1.985,-2.638,-0.835,0.515,0.538,0.944,0.947,0.032,-0.712,0.07,-4.042,4.155,0.581,6.084,-0.136,0.646,5.52,8.083,0.114,0.016,0.53,0.953
2020-02-20,CTD6,4176009,695829,0.0055695665,0.008320704,0.012522604,0.0035112328,0.0025463537,0.0006468764,0.00065575604,0.00026451057,5.151,-0.202,40.327,0.406,-164.618,0.531,-272.536,0.562,-204.945,0.662,-312.863,0.159,-107.918,0.142,0.103,-2.061,-0.419,-3.413,-0.957,-1.705,-0.522,-2.603,-1.099,-0.898,-1.351,-0.694,0.319,0.36,0.829,0.843,0.046,-0.714,-0.061,-2.548,2.166,-0.299,2.987,0.126,0.78,3.26,4.496,0.219,-0.026,0.568,0.94
2020-02-20,CTD7,4176724,690397,0.020377202,0.029416006,0.042954247,0.016904924,0.012737527,0.003370687,0.0033568502,0.0013243462,3.197,-0.187,10.715,0.27,-25.159,0.396,-44.513,0.435,-35.874,0.543,-55.228,0.141,-19.354,0.181,0.136,-1.081,-0.32,-1.912,-0.752,-1.055,-0.457,-1.625,-0.934,-0.569,-0.831,-0.457,0.225,0.279,0.618,0.652,0.058,-0.642,-0.069,-1.632,1.444,-0.232,1.916,0.133,0.707,2.108,2.798,0.278,-0.039,0.64,0.93
2020-02-20,CTD8,4174178,693048,0.009761426,0.014694998,0.022917908,0.007470753,0.005952734,0.0015135307,0.0015341904,0.00060049945,4.064,-0.219,24.416,0.326,-65.805,0.423,-99.94,0.508,-90.221,0.588,-124.356,0.113,-34.135,0.182,0.145,-1.508,-0.392,-2.29,-0.747,-1.326,-0.537,-1.827,-0.929,-0.502,-0.782,-0.613,0.25,0.288,0.748,0.765,0.04,-0.614,-0.156,-1.883,1.707,-0.599,2.143,0.305,0.763,2.663,3.342,0.249,-0.079,0.589,0.95
2020-02-20,CTD9,4171106,693183,0.014554044,0.021756215,0.037786674,0.022349663,0.017503899,0.0046738875,0.0047062756,0.0019074463,1.1395,-0.269,19.5,-0.013,1.22,0.108,-11.166,0.257,-18.279,0.367,-30.666,0.122,-12.387,0.436,0.341,0.046,0.021,-0.422,-0.25,-0.398,-0.32,-0.667,-0.685,-0.269,-0.468,-0.402,-0.011,0.071,0.393,0.46,0.081,-0.701,-0.207,-1.185,0.51,-0.448,0.651,0.46,0.954,0.886,1.131,0.564,-0.213,0.741,0.919
2020-02-20,CTD10,4170388,695646,0.008657268,0.013737462,0.021809699,0.006147233,0.004573012,0.0010723307,0.001077431,0.00042555705,3.024,-0.227,26.942,0.382,-89.881,0.501,-145.881,0.56,-116.824,0.653,-172.823,0.147,-55.999,0.166,0.123,-1.96,-0.411,-3.182,-0.897,-1.605,-0.534,-2.374,-1.062,-0.769,-1.221,-0.753,0.288,0.328,0.855,0.867,0.044,-0.714,-0.114,-2.534,2.025,-0.544,2.722,0.243,0.844,3.215,4.322,0.238,-0.051,0.559,0.944
2020-02-20,CTD11,4169609,700351,0.012145169,0.01740889,0.02765451,0.009277225,0.0075745187,0.0018769002,0.0018792948,0.00073060853,3.012,-0.227,21.281,0.305,-50.349,0.394,-74.58,0.498,-71.63,0.57,-95.861,0.101,-24.231,0.197,0.161,-1.392,-0.381,-2.062,-0.692,-1.247,-0.543,-1.669,-0.889,-0.422,-0.67,-0.608,0.231,0.266,0.736,0.752,0.038,-0.595,-0.187,-1.774,1.603,-0.683,1.963,0.364,0.772,2.546,3.118,0.259,-0.1,0.592,0.954
2020-02-20,CTD12,4173438,695414,0.008449837,0.011806129,0.017835483,0.0047526495,0.003976398,0.0009360181,0.000963444,0.000363116,3.2205000000000004,-0.203,28.634,0.426,-125.707,0.496,-166.782,0.579,-154.341,0.635,-195.416,0.089,-41.075,0.136,0.114,-2.242,-0.5,-2.975,-0.793,-1.822,-0.614,-2.307,-0.929,-0.485,-0.733,-0.691,0.323,0.347,0.829,0.837,0.026,-0.533,-0.175,-2.001,2.261,-0.784,2.703,0.315,0.674,3.416,4.083,0.18,-0.07,0.559,0.966
2020-03-11,CTD1,4187246,695025,0.01659651,0.024170619,0.034462165,0.012370482,0.00876312,0.0022529932,0.0022550453,0.00090129767,2.379,-0.176,12.355,0.323,-39.465,0.468,-72.742,0.472,-51.82,0.595,-85.097,0.171,-33.277,0.153,0.108,-1.36,-0.346,-2.507,-0.9,-1.253,-0.454,-2.057,-1.053,-0.804,-1.147,-0.487,0.273,0.329,0.671,0.703,0.062,-0.71,-0.007,-1.979,1.7,-0.028,2.399,0.014,0.717,2.423,3.421,0.258,-0.004,0.623,0.923
2020-03-11,CTD2,4181518,693105,0.016461289,0.023738332,0.035296515,0.014299517,0.0106047,0.0028413371,0.0028534492,0.001121758,8.579999999999998,-0.196,13.795,0.248,-27.806,0.382,-52.172,0.423,-41.601,0.538,-65.966,0.148,-24.365,0.197,0.146,-0.981,-0.295,-1.841,-0.746,-0.988,-0.441,-1.566,-0.943,-0.578,-0.86,-0.464,0.206,0.265,0.611,0.649,0.063,-0.676,-0.069,-1.668,1.36,-0.23,1.833,0.138,0.745,2.022,2.726,0.302,-0.042,0.644,0.926
2020-03-11,CTD3,4181698,695238,0.0091347145,0.013397903,0.021395214,0.0081544025,0.0065614264,0.0017287717,0.0017119579,0.000694766,7.427,-0.23,27.899,0.243,-47.995,0.343,-77.767,0.448,-75.894,0.531,-105.666,0.108,-29.773,0.228,0.183,-1.027,-0.315,-1.664,-0.634,-1.017,-0.498,-1.416,-0.862,-0.399,-0.637,-0.543,0.188,0.231,0.663,0.688,0.046,-0.617,-0.178,-1.618,1.336,-0.582,1.661,0.354,0.792,2.134,2.652,0.302,-0.109,0.619,0.946
2020-03-11,CTD4,4180266,698264,0.012642662,0.018534312,0.027029222,0.008802663,0.006541207,0.0016296847,0.001635468,0.00064661464,5.8425,-0.186,16.957,0.356,-59.648,0.478,-98.923,0.509,-76.605,0.61,-115.88,0.147,-39.275,0.149,0.111,-1.612,-0.39,-2.674,-0.871,-1.42,-0.501,-2.148,-1.02,-0.728,-1.062,-0.554,0.29,0.335,0.727,0.749,0.05,-0.66,-0.057,-2.027,1.864,-0.237,2.508,0.113,0.715,2.718,3.657,0.233,-0.027,0.6,0.937
2020-03-11,CTD5,4179450,700268,0.019519327,0.02766015,0.035049956,0.008542584,0.0057508857,0.0013941176,0.0013805814,0.0005349433,0.996,-0.118,7.622,0.528,-80.908,0.656,-137.733,0.608,-88.53,0.718,-145.356,0.195,-56.826,0.065,0.044,-2.836,-0.465,-4.828,-1.177,-2.449,-0.509,-4.021,-1.242,-1.572,-1.992,-0.517,0.469,0.503,0.793,0.809,0.045,-0.696,0.116,-2.857,3.074,0.707,4.566,-0.218,0.594,3.895,5.786,0.145,0.036,0.577,0.936
2020-03-11,CTD6,4176009,695829,0.0112978835,0.016384147,0.027153224,0.012424804,0.011128627,0.0031603382,0.0030740292,0.0012532799,10.424,-0.247,24.207,0.137,-19.45,0.191,-28.824,0.372,-43.656,0.419,-53.03,0.055,-9.374,0.301,0.269,-0.528,-0.216,-0.783,-0.358,-0.715,-0.486,-0.869,-0.659,-0.154,-0.255,-0.457,0.103,0.133,0.535,0.556,0.03,-0.513,-0.292,-1.121,0.909,-0.713,1.015,0.541,0.762,1.506,1.682,0.348,-0.222,0.662,0.967
2020-03-11,CTD7,4176724,690397,0.014099531,0.022303922,0.0373122,0.01640318,0.012856413,0.0034266165,0.0033749118,0.0013414792,6.686,-0.252,18.034,0.152,-16.129,0.269,-32.947,0.389,-34.163,0.487,-50.981,0.121,-16.818,0.296,0.232,-0.602,-0.207,-1.229,-0.54,-0.762,-0.439,-1.137,-0.836,-0.375,-0.628,-0.513,0.118,0.176,0.595,0.632,0.059,-0.678,-0.186,-1.542,1.015,-0.54,1.295,0.397,0.889,1.698,2.167,0.391,-0.137,0.649,0.934
2020-03-11,CTD8,4174178,693048,0.010462741,0.015529639,0.0258687,0.011395056,0.010120847,0.0027705908,0.0027207644,0.0011070186,9.289,-0.25,25.736,0.154,-23.364,0.211,-34.413,0.388,-49.101,0.438,-60.149,0.059,-11.049,0.293,0.26,-0.604,-0.236,-0.89,-0.392,-0.763,-0.497,-0.934,-0.685,-0.172,-0.286,-0.481,0.115,0.145,0.564,0.585,0.031,-0.526,-0.288,-1.193,0.972,-0.736,1.094,0.54,0.778,1.618,1.822,0.343,-0.211,0.65,0.966
2020-03-11,CTD9,4171106,693183,0.017562004,0.02619865,0.03997388,0.021736633,0.014743496,0.003942557,0.00392433,0.0015861891,0.4574999999999999,-0.208,13.154,0.093,-7.835,0.28,-29.657,0.296,-20.989,0.461,-42.81,0.192,-21.821,0.286,0.194,-0.313,-0.116,-1.185,-0.645,-0.55,-0.309,-1.122,-0.931,-0.572,-0.872,-0.378,0.082,0.186,0.445,0.526,0.106,-0.819,-0.023,-1.506,0.836,-0.062,1.233,0.051,0.848,1.276,1.882,0.461,-0.019,0.724,0.887
2020-03-11,CTD10,4170388,695646,0.009650594,0.014769873,0.024375081,0.009263779,0.007615782,0.0019864098,0.00195878,0.0007860315,4.3445,-0.245,26.68,0.229,-40.242,0.32,-63.601,0.449,-66.922,0.524,-90.281,0.098,-23.359,0.247,0.203,-0.981,-0.306,-1.55,-0.589,-0.988,-0.51,-1.333,-0.836,-0.345,-0.569,-0.569,0.172,0.213,0.675,0.697,0.042,-0.61,-0.216,-1.606,1.282,-0.692,1.559,0.434,0.828,2.116,2.573,0.315,-0.136,0.614,0.951
2020-03-11,CTD11,4169609,700351,0.0128509905,0.019610908,0.032352902,0.015213502,0.012177673,0.0033857105,0.003301777,0.0013376521,3.9155,-0.245,20.083,0.126,-14.739,0.234,-31.125,0.36,-34.822,0.453,-51.208,0.111,-16.386,0.306,0.245,-0.477,-0.179,-1.007,-0.474,-0.683,-0.424,-1.004,-0.779,-0.321,-0.53,-0.465,0.099,0.156,0.539,0.579,0.058,-0.643,-0.194,-1.368,0.913,-0.516,1.14,0.4,0.849,1.506,1.881,0.399,-0.151,0.67,0.936
2020-03-11,CTD12,4173438,695414,0.0070439847,0.010867225,0.018339418,0.0060361456,0.004552452,0.001091207,0.0010898805,0.00043669014,4.827500000000001,-0.256,37.492,0.286,-73.649,0.41,-127.642,0.505,-111.141,0.602,-165.134,0.14,-53.993,0.226,0.171,-1.351,-0.335,-2.341,-0.77,-1.208,-0.506,-1.795,-0.997,-0.587,-0.99,-0.706,0.211,0.259,0.798,0.816,0.051,-0.733,-0.162,-2.228,1.552,-0.651,2.058,0.362,0.933,2.619,3.473,0.307,-0.09,0.579,0.939
2020-12-21,CTD1,4187246,695025,0.011309379,0.014729891,0.020412501,0.0069268704,0.006648094,0.0017746508,0.001725329,0.00068128237,0.643,-0.162,18.9,0.36,-76.476,0.378,-82.53,0.493,-95.376,0.509,-101.429,0.021,-6.054,0.131,0.126,-1.561,-0.508,-1.685,-0.572,-1.405,-0.634,-1.494,-0.703,-0.089,-0.124,-0.419,0.288,0.296,0.631,0.636,0.008,-0.32,-0.238,-0.944,1.801,-0.731,1.876,0.344,0.426,2.496,2.6,0.145,-0.112,0.616,0.99
2020-12-21,CTD2,4181518,693105,0.009827259,0.01215693,0.012576038,0.0036994156,0.004240155,0.0010983278,0.001085861,0.000425009,1.004,-0.017,2.741,0.533,-188.055,0.483,-153.583,0.545,-190.797,0.496,-156.324,-0.068,34.473,0.01,0.012,-2.365,-0.797,-1.931,-0.568,-2.32,-0.809,-1.9,-0.578,0.419,0.434,-0.053,0.503,0.486,0.541,0.526,-0.022,0.094,-0.179,0.32,2.949,-0.532,2.573,0.162,-0.112,3.051,2.662,-0.033,-0.055,0.641,1.033
2020-12-21,CTD3,4181698,695238,0.011537959,0.015477085,0.016531322,0.0030992806,0.0021842627,0.0005002841,0.0005019216,0.00019218451,1.1355,-0.033,4.12,0.666,-258.044,0.753,-393.209,0.684,-262.164,0.767,-397.329,0.173,-135.165,0.013,0.009,-4.266,-0.564,-6.5,-1.219,-4.058,-0.573,-6.149,-1.231,-2.092,-2.234,-0.2,0.661,0.677,0.761,0.772,0.029,-0.483,0.231,-2.575,4.862,1.752,6.898,-0.351,0.363,5.193,7.368,0.068,0.046,0.58,0.953
2020-12-21,CTD4,4180266,698264,0.016183047,0.020972595,0.026064534,0.006044611,0.005006341,0.0012087717,0.0011822437,0.00045540262,1.27,-0.108,9.315,0.553,-117.755,0.615,-152.065,0.623,-127.07,0.678,-161.38,0.094,-34.31,0.056,0.047,-3.069,-0.59,-3.964,-0.919,-2.665,-0.636,-3.385,-0.975,-0.72,-0.894,-0.461,0.48,0.497,0.771,0.779,0.022,-0.403,-0.024,-1.737,3.278,-0.123,3.957,0.035,0.415,4.073,4.918,0.096,-0.007,0.574,0.968
2020-12-21,CTD5,4179450,700268,0.03460567,0.04336863,0.047530226,0.011835884,0.008418871,0.002139799,0.0020499455,0.00079149124,0.965,-0.046,2.019,0.571,-61.431,0.675,-95.723,0.601,-63.45,0.699,-97.742,0.169,-34.292,0.024,0.017,-2.92,-0.517,-4.55,-1.133,-2.752,-0.534,-4.239,-1.157,-1.487,-1.63,-0.205,0.564,0.589,0.689,0.708,0.038,-0.493,0.201,-1.982,3.487,1.136,4.902,-0.31,0.385,3.822,5.373,0.096,0.055,0.607,0.942
2020-12-21,CTD6,4176009,695829,0.009715624,0.012371808,0.015698774,0.0043820087,0.0035486063,0.00091476814,0.00090825267,0.00036008924,1.5139999999999998,-0.119,17.13,0.477,-147.377,0.554,-200.972,0.564,-164.507,0.631,-218.102,0.105,-53.595,0.075,0.061,-2.314,-0.523,-3.155,-0.881,-2.035,-0.584,-2.698,-0.956,-0.663,-0.841,-0.42,0.415,0.439,0.711,0.725,0.03,-0.447,-0.022,-1.601,2.597,-0.096,3.207,0.034,0.459,3.296,4.07,0.128,-0.008,0.597,0.958
2020-12-21,CTD7,4176724,690397,0.012128663,0.015103939,0.01754214,0.0047850125,0.0034732388,0.0008420928,0.00083238946,0.00031897624,0.875,-0.075,9.202,0.519,-142.778,0.626,-221.708,0.571,-151.98,0.669,-230.91,0.159,-78.93,0.044,0.032,-2.505,-0.496,-3.889,-1.061,-2.296,-0.528,-3.488,-1.105,-1.192,-1.385,-0.295,0.491,0.521,0.687,0.707,0.04,-0.517,0.135,-1.894,2.959,0.683,4.076,-0.216,0.436,3.436,4.734,0.119,0.043,0.609,0.941
2020-12-21,CTD8,4174178,693048,0.0106265545,0.013352685,0.017682336,0.0053022136,0.0051546968,0.001354973,0.0013201953,0.000536844,1.246,-0.14,18.338,0.432,-113.709,0.443,-119.107,0.539,-132.047,0.549,-137.444,0.014,-5.397,0.097,0.095,-2.011,-0.586,-2.106,-0.632,-1.763,-0.681,-1.835,-0.729,-0.072,-0.095,-0.414,0.353,0.357,0.669,0.672,0.005,-0.273,-0.217,-0.912,2.227,-0.745,2.291,0.296,0.352,2.949,3.033,0.106,-0.086,0.601,0.994
2020-12-21,CTD9,4171106,693183,0.026917223,0.033528667,0.04224136,0.019996248,0.014868683,0.004081979,0.0039050493,0.0015725903,0.6635,-0.115,6.152,0.253,-20.184,0.386,-37.43,0.357,-26.336,0.479,-43.582,0.147,-17.246,0.123,0.091,-0.853,-0.3,-1.581,-0.748,-0.883,-0.392,-1.461,-0.871,-0.578,-0.728,-0.25,0.237,0.3,0.46,0.511,0.068,-0.551,0.05,-1.164,1.325,0.143,1.782,-0.085,0.516,1.669,2.245,0.244,0.03,0.706,0.918
2020-12-21,CTD10,4170388,695646,0.0101362765,0.013316623,0.018302955,0.0049003055,0.0043752007,0.0010154635,0.00096929126,0.00040288092,1.599,-0.158,20.458,0.462,-128.975,0.505,-153.467,0.578,-149.433,0.614,-173.925,0.057,-24.492,0.1,0.09,-2.361,-0.564,-2.809,-0.752,-1.99,-0.654,-2.316,-0.852,-0.326,-0.448,-0.538,0.371,0.385,0.758,0.765,0.017,-0.392,-0.165,-1.466,2.478,-0.691,2.776,0.254,0.482,3.407,3.815,0.129,-0.061,0.576,0.977
2020-12-21,CTD11,4169609,700351,0.010385346,0.017533189,0.023592986,0.0050758147,0.0034707163,0.00085133483,0.000808562,0.00031962973,2.2435,-0.147,14.649,0.551,-139.978,0.67,-231.09,0.646,-154.627,0.744,-245.739,0.188,-91.112,0.074,0.051,-3.302,-0.486,-5.452,-1.173,-2.711,-0.537,-4.309,-1.247,-1.597,-2.15,-0.709,0.46,0.491,0.882,0.89,0.039,-0.719,0.059,-3.343,3.307,0.404,4.837,-0.117,0.662,4.45,6.508,0.142,0.017,0.55,0.944
2020-12-21,CTD12,4173438,695414,0.009926903,0.012413585,0.017888807,0.0052967346,0.004573012,0.0011615225,0.0011532041,0.0004372555,1.207,-0.181,24.656,0.402,-108.239,0.462,-138.117,0.543,-132.895,0.593,-162.773,0.073,-29.879,0.131,0.113,-1.936,-0.495,-2.471,-0.732,-1.65,-0.608,-2.021,-0.862,-0.371,-0.534,-0.555,0.317,0.338,0.741,0.752,0.024,-0.464,-0.169,-1.568,2.088,-0.663,2.418,0.283,0.578,3.009,3.485,0.171,-0.072,0.584,0.969
2021-01-05,CTD1,4187246,695025,0.007303221,0.0109073045,0.018175904,0.004658645,0.0048847147,0.0010841391,0.0010457303,0.00040065695,0.6325,-0.25,36.664,0.401,-122.973,0.381,-113.039,0.592,-159.637,0.576,-149.702,-0.024,9.934,0.171,0.179,-2.235,-0.601,-2.055,-0.527,-1.741,-0.78,-1.633,-0.697,0.108,0.181,-0.762,0.271,0.264,0.856,0.854,-0.008,-0.354,-0.448,-1.38,2.073,-1.669,1.977,0.713,0.618,3.454,3.294,0.158,-0.192,0.535,1.01
2021-01-05,CTD2,4181518,693105,0.0038819034,0.0054705464,0.006586479,0.0016545844,0.0012877155,0.00031155496,0.00031039532,0.00011915361,0.6285000000000001,-0.093,30.971,0.536,-421.584,0.619,-593.772,0.598,-452.555,0.673,-624.743,0.125,-172.188,0.051,0.04,-2.777,-0.543,-3.911,-0.982,-2.476,-0.583,-3.418,-1.034,-0.942,-1.134,-0.379,0.485,0.508,0.73,0.744,0.03,-0.454,0.052,-1.809,3.111,0.268,3.997,-0.081,0.426,3.745,4.812,0.107,0.016,0.591,0.955
2021-01-05,CTD3,4181698,695238,0.007401686,0.010485486,0.014067678,0.0034932848,0.00296261,0.00071250275,0.0007119449,0.0002758483,1.087,-0.146,24.285,0.5,-190.894,0.559,-242.17,0.602,-215.179,0.652,-266.455,0.082,-51.277,0.085,0.072,-2.685,-0.566,-3.407,-0.846,-2.256,-0.637,-2.794,-0.931,-0.538,-0.721,-0.555,0.411,0.428,0.786,0.794,0.022,-0.434,-0.103,-1.747,2.791,-0.488,3.291,0.163,0.494,3.745,4.415,0.123,-0.034,0.569,0.97
2021-01-05,CTD4,4180266,698264,0.009174499,0.012813545,0.017865088,0.0044560498,0.0035654623,0.00086610107,0.0008436139,0.00033400234,0.5625,-0.165,22.067,0.484,-146.372,0.565,-202.426,0.601,-168.439,0.667,-224.493,0.111,-56.055,0.098,0.079,-2.615,-0.522,-3.616,-0.902,-2.158,-0.601,-2.877,-1.0,-0.718,-1.001,-0.63,0.39,0.414,0.819,0.828,0.029,-0.533,-0.083,-2.135,2.676,-0.415,3.344,0.144,0.594,3.731,4.663,0.148,-0.029,0.563,0.96
2021-01-05,CTD5,4179450,700268,0.01865154,0.028794682,0.030448187,0.0034544123,0.0022916337,0.0006156004,0.000559335,0.00021688428,0.5715,-0.028,1.886,0.786,-254.756,0.853,-401.641,0.796,-256.642,0.86,-403.527,0.202,-146.885,0.007,0.004,-7.757,-0.584,-12.229,-1.387,-7.39,-0.588,-11.619,-1.394,-4.23,-4.472,-0.288,0.774,0.782,0.868,0.873,0.02,-0.562,0.282,-4.951,8.26,3.751,12.452,-0.45,0.394,8.735,13.167,0.045,0.034,0.544,0.966
2021-01-05,CTD6,4176009,695829,0.007578235,0.011589868,0.014850218,0.002888734,0.0025020482,0.00056025846,0.0005538969,0.00021316714,0.8525,-0.123,18.943,0.601,-259.89,0.645,-313.39,0.674,-278.833,0.712,-332.333,0.072,-53.5,0.055,0.047,-3.859,-0.65,-4.654,-0.905,-3.232,-0.698,-3.852,-0.96,-0.62,-0.794,-0.605,0.501,0.512,0.849,0.853,0.015,-0.374,-0.086,-1.923,3.844,-0.509,4.438,0.127,0.415,4.925,5.686,0.081,-0.021,0.548,0.978
2021-01-05,CTD7,4176724,690397,0.0075237933,0.010733564,0.016668871,0.0034721168,0.0026304973,0.0006124645,0.00060152344,0.00023929185,0.394,-0.217,33.174,0.511,-194.843,0.606,-286.991,0.655,-228.017,0.727,-320.164,0.138,-92.148,0.115,0.087,-3.248,-0.513,-4.784,-0.996,-2.447,-0.6,-3.437,-1.112,-0.989,-1.536,-0.973,0.376,0.402,0.987,0.988,0.031,-0.676,-0.114,-3.245,2.934,-0.72,3.872,0.233,0.795,4.556,6.013,0.166,-0.037,0.518,0.958
2021-01-05,CTD8,4174178,693048,0.010666128,0.014966361,0.016975587,0.0039526997,0.0027000157,0.000707688,0.0007124892,0.00027042849,0.7795000000000001,-0.063,7.908,0.582,-186.175,0.694,-303.552,0.622,-194.084,0.726,-311.46,0.188,-117.377,0.031,0.021,-3.16,-0.503,-5.153,-1.2,-2.905,-0.524,-4.661,-1.231,-1.757,-1.993,-0.302,0.56,0.586,0.737,0.755,0.039,-0.582,0.199,-2.501,3.627,1.248,5.31,-0.33,0.451,4.114,6.023,0.105,0.052,0.592,0.94
2021-01-05,CTD9,4171106,693183,0.014371476,0.020046074,0.028515179,0.013351438,0.009279206,0.0025021522,0.0024009314,0.0009896859,0.472,-0.174,14.816,0.2,-25.013,0.367,-57.883,0.362,-39.829,0.509,-72.699,0.18,-32.87,0.198,0.137,-0.713,-0.232,-1.651,-0.773,-0.798,-0.37,-1.457,-0.971,-0.659,-0.937,-0.374,0.177,0.257,0.517,0.576,0.084,-0.736,0.008,-1.572,1.176,0.025,1.692,-0.016,0.727,1.673,2.407,0.341,0.005,0.688,0.903
2021-01-05,CTD10,4170388,695646,0.008992436,0.013995552,0.020912072,0.0050498117,0.0041852575,0.0009728573,0.0009572519,0.00037363183,1.2945,-0.198,23.632,0.47,-126.576,0.54,-167.483,0.611,-150.208,0.666,-191.115,0.094,-40.907,0.119,0.099,-2.647,-0.53,-3.502,-0.846,-2.102,-0.629,-2.675,-0.965,-0.573,-0.855,-0.749,0.356,0.378,0.872,0.878,0.025,-0.537,-0.16,-2.225,2.571,-0.797,3.103,0.288,0.665,3.842,4.636,0.161,-0.058,0.546,0.967
2021-01-05,CTD11,4169609,700351,0.002383957,0.0035059003,0.0045166104,0.0011619186,0.0008825636,0.00020657927,0.00020553204,8.0795486e-05,0.486,-0.126,63.828,0.502,-575.412,0.598,-847.829,0.591,-639.241,0.673,-911.658,0.137,-272.417,0.074,0.056,-2.599,-0.508,-3.829,-0.985,-2.241,-0.564,-3.196,-1.059,-0.955,-1.23,-0.494,0.434,0.462,0.764,0.779,0.035,-0.54,0.017,-2.1,2.822,0.085,3.715,-0.028,0.529,3.635,4.786,0.136,0.006,0.582,0.951
2021-01-05,CTD12,4173438,695414,0.0061754086,0.008922296,0.012637994,0.0027658443,0.0023157524,0.00052994624,0.0005241076,0.00020263379,0.4485,-0.172,32.952,0.527,-249.474,0.588,-319.746,0.641,-282.427,0.69,-352.699,0.089,-70.272,0.091,0.076,-3.153,-0.578,-4.041,-0.884,-2.52,-0.654,-3.147,-0.976,-0.627,-0.888,-0.731,0.412,0.429,0.878,0.883,0.021,-0.488,-0.131,-2.232,3.043,-0.716,3.634,0.222,0.579,4.31,5.147,0.127,-0.041,0.542,0.971
2021-04-20,CTD1,4187246,695025,0.007668277,0.010841802,0.016098881,0.0030074287,0.0028227617,0.0005998988,0.00063688104,0.00022800785,0.576,-0.195,30.119,0.566,-240.274,0.587,-262.027,0.685,-270.394,0.702,-292.147,0.032,-21.753,0.091,0.085,-3.868,-0.678,-4.218,-0.788,-2.932,-0.763,-3.167,-0.879,-0.236,-0.35,-0.902,0.414,0.42,0.958,0.959,0.007,-0.392,-0.265,-2.098,3.43,-1.512,3.654,0.419,0.546,5.093,5.426,0.102,-0.074,0.514,0.99
2021-04-20,CTD2,4181518,693105,0.010277318,0.013434192,0.013629729,0.002633779,0.0016639765,0.00043438294,0.00043073186,0.0001701011,0.79,-0.007,1.068,0.672,-305.246,0.78,-526.533,0.676,-306.314,0.782,-527.601,0.226,-221.287,0.003,0.002,-4.16,-0.508,-7.177,-1.387,-4.115,-0.51,-7.088,-1.39,-2.973,-3.016,-0.045,0.706,0.724,0.728,0.745,0.036,-0.597,0.354,-3.09,4.979,2.899,7.88,-0.568,0.383,5.051,7.995,0.074,0.069,0.594,0.94
2021-04-20,CTD3,4181698,695238,0.012009691,0.014645295,0.017794121,0.0053666146,0.004441177,0.0011812331,0.0011724728,0.00045382508,0.7935,-0.097,12.083,0.464,-118.056,0.535,-156.884,0.537,-130.139,0.601,-168.967,0.094,-38.828,0.065,0.054,-2.101,-0.524,-2.792,-0.842,-1.906,-0.578,-2.475,-0.907,-0.569,-0.691,-0.321,0.417,0.441,0.651,0.667,0.029,-0.385,-0.005,-1.278,2.479,-0.018,2.996,0.007,0.387,3.012,3.64,0.117,-0.002,0.617,0.96
2021-04-20,CTD4,4180266,698264,0.017306773,0.023627436,0.025198221,0.0050967275,0.0035164454,0.00085299776,0.0008614675,0.00033593888,0.6505,-0.032,2.638,0.645,-153.881,0.741,-242.054,0.664,-156.519,0.755,-244.693,0.183,-88.174,0.013,0.009,-3.878,-0.541,-6.099,-1.234,-3.698,-0.55,-5.781,-1.247,-2.083,-2.222,-0.182,0.645,0.664,0.741,0.755,0.032,-0.512,0.248,-2.53,4.496,1.775,6.517,-0.383,0.377,4.795,6.95,0.076,0.053,0.588,0.948
2021-04-20,CTD5,4179450,700268,0.03741246,0.050571583,0.047213268,0.005890124,0.0035758805,0.00095328194,0.00088890793,0.00034697368,0.403,0.034,-1.407,0.791,-150.002,0.868,-259.877,0.778,-148.595,0.859,-258.471,0.244,-109.876,-0.008,-0.005,-7.082,-0.536,-12.27,-1.531,-7.515,-0.531,-13.071,-1.522,-5.557,-5.188,0.355,0.88,0.885,0.763,0.773,0.024,-0.576,0.464,-4.617,8.51,6.127,14.018,-0.714,0.326,7.945,13.087,0.041,0.054,0.577,0.956
2021-04-20,CTD6,4176009,695829,0.008169105,0.010601662,0.010311336,0.0018431353,0.0011779246,0.00030437022,0.00029742354,0.000118594835,0.61,0.014,-2.656,0.704,-448.229,0.8,-754.626,0.697,-445.573,0.795,-751.97,0.22,-306.397,-0.005,-0.003,-4.622,-0.528,-7.781,-1.391,-4.724,-0.525,-7.972,-1.386,-3.248,-3.159,0.096,0.762,0.775,0.719,0.734,0.032,-0.537,0.389,-3.002,5.638,3.406,8.822,-0.592,0.334,5.483,8.58,0.06,0.068,0.595,0.945
2021-04-20,CTD7,4176724,690397,0.01280294,0.017748304,0.019957671,0.0035202487,0.002354507,0.0005897769,0.0005940442,0.00022879176,1.098,-0.059,6.237,0.669,-227.727,0.766,-368.374,0.7,-233.965,0.789,-374.611,0.198,-140.647,0.022,0.015,-4.545,-0.536,-7.352,-1.297,-4.152,-0.551,-6.649,-1.319,-2.496,-2.807,-0.376,0.638,0.656,0.818,0.828,0.031,-0.606,0.22,-3.435,4.924,1.869,7.362,-0.371,0.456,5.537,8.278,0.08,0.044,0.564,0.95
2021-04-20,CTD8,4174178,693048,0.012286407,0.016880238,0.01754796,0.0028606423,0.00207408,0.00048749894,0.00049386424,0.00018899086,0.9385,-0.019,2.254,0.71,-290.331,0.781,-422.901,0.72,-292.585,0.789,-425.155,0.159,-132.57,0.006,0.005,-5.095,-0.602,-7.421,-1.21,-4.939,-0.607,-7.177,-1.216,-2.238,-2.326,-0.135,0.714,0.725,0.775,0.784,0.023,-0.417,0.237,-2.56,5.783,2.004,7.976,-0.34,0.315,6.011,8.291,0.051,0.04,0.573,0.961
2021-04-20,CTD9,4171106,693183,0.029924676,0.03831092,0.05225898,0.02297842,0.01753051,0.004954424,0.0049544494,0.0019313737,0.6174999999999999,-0.154,6.967,0.25,-17.417,0.372,-30.941,0.389,-24.384,0.498,-37.908,0.134,-13.524,0.16,0.122,-0.91,-0.305,-1.617,-0.711,-0.934,-0.427,-1.452,-0.871,-0.518,-0.707,-0.344,0.22,0.276,0.524,0.567,0.06,-0.578,-0.03,-1.314,1.332,-0.089,1.746,0.053,0.601,1.817,2.381,0.264,-0.018,0.677,0.928
2021-04-20,CTD10,4170388,695646,0.007943031,0.010995298,0.011841962,0.0016731021,0.0011483959,0.00027902768,0.0002772378,0.00010563573,0.7175,-0.037,6.503,0.736,-506.744,0.811,-779.832,0.752,-513.247,0.823,-786.334,0.186,-273.088,0.011,0.007,-6.001,-0.582,-9.235,-1.305,-5.643,-0.589,-8.646,-1.316,-3.003,-3.234,-0.3,0.718,0.729,0.837,0.844,0.023,-0.528,0.242,-3.74,6.475,2.497,9.433,-0.38,0.391,6.973,10.16,0.055,0.037,0.555,0.961
2021-04-20,CTD11,4169609,700351,0.01772413,0.025090547,0.02951513,0.00498973,0.003298046,0.00079947454,0.0008057193,0.0003096136,0.546,-0.081,5.975,0.668,-160.556,0.768,-263.354,0.711,-166.531,0.799,-269.329,0.204,-102.798,0.03,0.02,-4.739,-0.53,-7.773,-1.314,-4.178,-0.549,-6.758,-1.344,-2.579,-3.034,-0.534,0.613,0.632,0.864,0.872,0.031,-0.663,0.189,-3.921,4.917,1.693,7.439,-0.337,0.515,5.784,8.75,0.087,0.038,0.551,0.951
2021-04-20,CTD12,4173438,695414,0.008885088,0.012083462,0.0146214245,0.0024623696,0.0019170602,0.00043351713,0.00044152894,0.0001659075,0.6910000000000001,-0.095,14.365,0.661,-323.355,0.726,-438.874,0.712,-337.72,0.768,-453.239,0.125,-115.519,0.035,0.028,-4.728,-0.62,-6.417,-1.081,-4.081,-0.647,-5.477,-1.116,-1.396,-1.689,-0.58,0.582,0.595,0.868,0.873,0.02,-0.458,0.048,-2.72,4.776,0.365,6.135,-0.074,0.431,5.779,7.423,0.073,0.01,0.545,0.968
2021-05-20,CTD1,4187246,695025,0.01118739,0.015561258,0.021409377,0.007006131,0.00515274,0.0013703668,0.001415519,0.00056100363,0.3515,-0.158,17.554,0.379,-78.47,0.502,-129.809,0.507,-96.024,0.612,-147.363,0.152,-51.339,0.123,0.09,-1.68,-0.404,-2.779,-0.909,-1.494,-0.495,-2.293,-1.032,-0.799,-1.099,-0.481,0.322,0.366,0.695,0.72,0.05,-0.633,-0.009,-1.934,1.98,-0.036,2.693,0.016,0.64,2.725,3.705,0.21,-0.004,0.61,0.935
2021-05-20,CTD2,4181518,693105,0.015512879,0.021164166,0.022707013,0.0066031246,0.0039822855,0.0011909858,0.0012065731,0.0004947696,0.6715,-0.035,3.21,0.524,-104.194,0.683,-203.862,0.549,-107.404,0.702,-207.073,0.248,-99.669,0.021,0.013,-2.366,-0.415,-4.629,-1.346,-2.273,-0.428,-4.383,-1.367,-2.109,-2.263,-0.146,0.546,0.586,0.64,0.674,0.06,-0.726,0.329,-2.497,3.03,1.876,5.024,-0.585,0.47,3.251,5.39,0.137,0.103,0.633,0.911
2021-05-20,CTD3,4181698,695238,0.017020332,0.02171967,0.02101619,0.005738044,0.003522851,0.0010101733,0.0010167455,0.00041262573,0.469,0.016,-1.541,0.582,-128.234,0.721,-237.82,0.571,-126.693,0.713,-236.279,0.239,-109.586,-0.009,-0.005,-2.695,-0.452,-4.998,-1.365,-2.752,-0.446,-5.132,-1.356,-2.38,-2.303,0.076,0.651,0.68,0.605,0.637,0.052,-0.595,0.42,-2.18,3.618,2.503,5.892,-0.661,0.354,3.5,5.701,0.097,0.111,0.642,0.917
2021-05-20,CTD4,4180266,698264,0.013296376,0.017551016,0.023107791,0.0056000734,0.004919931,0.0011389205,0.0011161937,0.00041795798,0.376,-0.137,13.701,0.516,-121.592,0.562,-146.278,0.61,-135.294,0.649,-159.979,0.065,-24.686,0.077,0.067,-2.81,-0.598,-3.38,-0.819,-2.375,-0.666,-2.808,-0.896,-0.433,-0.57,-0.528,0.426,0.44,0.779,0.786,0.017,-0.379,-0.119,-1.563,2.921,-0.559,3.325,0.178,0.438,3.846,4.378,0.106,-0.038,0.569,0.976
2021-05-20,CTD5,4179450,700268,0.026466403,0.037804488,0.04075616,0.007139589,0.0045251967,0.0010797484,0.0011097767,0.0004355619,0.232,-0.038,1.916,0.682,-113.612,0.786,-194.533,0.702,-115.528,0.8,-196.449,0.224,-80.921,0.014,0.009,-4.63,-0.514,-7.928,-1.389,-4.367,-0.523,-7.427,-1.403,-3.059,-3.298,-0.253,0.677,0.695,0.794,0.806,0.033,-0.65,0.294,-3.711,5.184,2.646,8.179,-0.5,0.444,5.589,8.818,0.078,0.055,0.572,0.945
2021-05-20,CTD6,4176009,695829,0.015177829,0.019710517,0.019865273,0.004971017,0.0027678418,0.000832322,0.00083897065,0.000349435,0.3815,-0.004,0.395,0.597,-150.432,0.754,-310.558,0.6,-150.827,0.755,-310.953,0.285,-160.126,0.002,0.001,-2.988,-0.416,-6.169,-1.544,-2.973,-0.417,-6.129,-1.546,-3.156,-3.181,-0.02,0.651,0.682,0.663,0.693,0.056,-0.804,0.435,-3.212,3.826,3.125,6.871,-0.788,0.451,3.856,6.925,0.113,0.11,0.624,0.911
2021-05-20,CTD7,4176724,690397,0.016040197,0.025477637,0.038508117,0.013288224,0.008793868,0.0021831887,0.002226419,0.00089585216,3.1045,-0.204,13.282,0.314,-36.004,0.487,-74.465,0.487,-49.286,0.628,-87.747,0.204,-38.461,0.176,0.117,-1.386,-0.317,-2.868,-0.99,-1.256,-0.433,-2.236,-1.166,-0.98,-1.481,-0.59,0.258,0.322,0.736,0.767,0.07,-0.849,-0.0,-2.462,1.689,-0.001,2.552,0.0,0.85,2.553,3.857,0.293,-0.0,0.606,0.913
2021-05-20,CTD8,4174178,693048,0.009001446,0.0119741345,0.015142692,0.0043615364,0.0043474897,0.0012473161,0.0012080809,0.00048702268,0.698,-0.117,17.475,0.466,-145.764,0.467,-146.504,0.553,-163.239,0.554,-163.979,0.002,-0.741,0.076,0.076,-2.207,-0.634,-2.218,-0.639,-1.955,-0.71,-1.964,-0.715,-0.009,-0.011,-0.364,0.391,0.391,0.661,0.661,0.001,-0.212,-0.206,-0.738,2.458,-0.718,2.466,0.261,0.268,3.109,3.119,0.077,-0.075,0.602,0.999
2021-05-20,CTD9,4171106,693183,0.02755627,0.0390812,0.050703723,0.024190009,0.015779348,0.004220688,0.004221435,0.0016864109,0.284,-0.129,5.865,0.235,-15.752,0.425,-37.786,0.354,-21.617,0.525,-43.652,0.21,-22.035,0.142,0.093,-0.799,-0.249,-1.916,-0.914,-0.845,-0.341,-1.706,-1.056,-0.861,-1.117,-0.291,0.224,0.311,0.483,0.552,0.094,-0.762,0.118,-1.598,1.304,0.381,2.0,-0.236,0.645,1.692,2.594,0.308,0.073,0.705,0.888
2021-05-20,CTD10,4170388,695646,0.012974138,0.017203655,0.018236294,0.0039604967,0.0027255744,0.0007018566,0.00070545246,0.00028331793,0.6515,-0.029,3.291,0.626,-194.366,0.726,-308.768,0.643,-197.658,0.74,-312.059,0.185,-114.402,0.013,0.009,-3.545,-0.53,-5.631,-1.223,-3.4,-0.539,-5.369,-1.236,-1.968,-2.086,-0.154,0.632,0.652,0.716,0.733,0.035,-0.51,0.255,-2.347,4.194,1.707,6.095,-0.393,0.372,4.446,6.461,0.081,0.059,0.597,0.944
2021-05-20,CTD11,4169609,700351,0.0123576615,0.017467972,0.024877315,0.006836444,0.00588237,0.0013952878,0.0013414981,0.00053541776,0.5115000000000001,-0.175,17.05,0.437,-89.027,0.496,-112.752,0.569,-106.078,0.618,-129.802,0.075,-23.725,0.117,0.1,-2.215,-0.524,-2.805,-0.771,-1.853,-0.624,-2.267,-0.887,-0.414,-0.59,-0.583,0.346,0.365,0.773,0.782,0.023,-0.46,-0.158,-1.674,2.319,-0.669,2.695,0.262,0.564,3.302,3.838,0.155,-0.062,0.574,0.97
2021-05-20,CTD12,4173438,695414,0.018945187,0.024932247,0.027609408,0.00877089,0.005065504,0.0014448327,0.0014960067,0.00060838135,0.489,-0.051,3.889,0.48,-73.905,0.662,-157.305,0.518,-77.794,0.69,-161.194,0.268,-83.4,0.034,0.02,-2.04,-0.374,-4.343,-1.38,-1.94,-0.394,-4.019,-1.414,-2.079,-2.303,-0.193,0.495,0.546,0.628,0.669,0.071,-0.828,0.325,-2.608,2.659,1.774,4.604,-0.624,0.53,2.945,5.099,0.168,0.115,0.641,0.898
2021-06-14,CTD1,4187246,695025,0.004890207,0.0071799364,0.012392107,0.0032688428,0.002973132,0.0007029125,0.00069743674,0.00027530044,0.3365,-0.266,58.58,0.374,-166.642,0.414,-197.069,0.583,-225.222,0.613,-255.649,0.047,-30.427,0.191,0.174,-2.065,-0.495,-2.442,-0.644,-1.617,-0.67,-1.836,-0.836,-0.218,-0.377,-0.835,0.255,0.269,0.899,0.901,0.015,-0.52,-0.33,-1.972,1.957,-1.376,2.151,0.626,0.816,3.377,3.713,0.215,-0.15,0.534,0.981
2021-06-14,CTD2,4181518,693105,0.009893569,0.01333915,0.01258428,0.0020941691,0.0013549718,0.00035796218,0.00035181243,0.00014157467,0.441,0.029,-4.497,0.729,-402.549,0.816,-663.055,0.715,-398.052,0.806,-658.559,0.214,-260.506,-0.009,-0.006,-5.066,-0.545,-8.344,-1.389,-5.31,-0.539,-8.785,-1.379,-3.475,-3.278,0.219,0.807,0.816,0.714,0.728,0.029,-0.486,0.413,-2.918,6.262,3.835,9.678,-0.602,0.296,5.908,9.13,0.049,0.065,0.595,0.95
2021-06-14,CTD3,4181698,695238,0.011018176,0.015513854,0.017495658,0.0038404258,0.0026442292,0.00068830315,0.0006856178,0.000275629,0.6595,-0.06,7.301,0.603,-195.929,0.709,-313.724,0.64,-203.231,0.737,-321.025,0.184,-117.794,0.028,0.019,-3.428,-0.518,-5.489,-1.205,-3.153,-0.537,-4.98,-1.233,-1.827,-2.061,-0.306,0.58,0.603,0.752,0.767,0.036,-0.566,0.198,-2.577,3.888,1.311,5.648,-0.325,0.439,4.385,6.369,0.096,0.049,0.586,0.944
2021-06-14,CTD4,4180266,698264,0.012864128,0.01849672,0.019281272,0.004910336,0.0030774912,0.0008294169,0.0008317347,0.00033844824,0.4675,-0.021,2.2,0.58,-149.588,0.715,-270.876,0.594,-151.788,0.725,-273.076,0.229,-121.288,0.011,0.007,-2.884,-0.46,-5.223,-1.33,-2.808,-0.467,-5.051,-1.341,-2.243,-2.339,-0.098,0.608,0.637,0.666,0.692,0.049,-0.636,0.333,-2.498,3.607,2.084,5.756,-0.553,0.416,3.76,6.0,0.106,0.088,0.62,0.924
2021-06-14,CTD5,4179450,700268,0.015286966,0.02330544,0.029659187,0.0072215046,0.0044561727,0.0011581947,0.0011916112,0.00047214414,0.323,-0.12,9.192,0.527,-95.567,0.679,-181.499,0.608,-104.759,0.739,-190.691,0.237,-85.933,0.066,0.041,-2.834,-0.426,-5.383,-1.311,-2.441,-0.467,-4.444,-1.377,-2.003,-2.549,-0.544,0.471,0.511,0.808,0.826,0.052,-0.835,0.169,-3.429,3.077,1.123,4.986,-0.348,0.656,3.916,6.346,0.16,0.052,0.576,0.925
2021-06-14,CTD6,4176009,695829,0.010392357,0.014531626,0.015162735,0.0037734215,0.002478967,0.00066435337,0.0006604563,0.00026936003,0.514,-0.021,2.864,0.588,-196.196,0.709,-334.578,0.601,-199.06,0.719,-337.443,0.207,-138.382,0.011,0.007,-2.975,-0.486,-5.073,-1.263,-2.893,-0.493,-4.904,-1.273,-2.011,-2.098,-0.101,0.61,0.636,0.67,0.693,0.044,-0.564,0.301,-2.266,3.688,1.844,5.613,-0.479,0.386,3.848,5.857,0.096,0.078,0.616,0.932
2021-06-14,CTD7,4176724,690397,0.0110219065,0.017533189,0.024375081,0.005309529,0.003942735,0.00091008295,0.00094008195,0.00036925927,1.165,-0.163,16.009,0.535,-131.306,0.633,-196.596,0.642,-147.315,0.722,-212.606,0.148,-65.29,0.085,0.063,-3.201,-0.518,-4.792,-1.044,-2.583,-0.581,-3.728,-1.129,-1.145,-1.591,-0.739,0.432,0.458,0.888,0.894,0.033,-0.627,-0.023,-2.88,3.14,-0.144,4.229,0.044,0.648,4.366,5.879,0.141,-0.007,0.545,0.954
2021-06-14,CTD8,4174178,693048,0.009348035,0.01409063,0.016575212,0.0036026738,0.002542845,0.0006560294,0.00065158494,0.0002620225,0.501,-0.081,10.638,0.593,-206.602,0.694,-322.291,0.643,-217.241,0.734,-332.929,0.172,-115.689,0.038,0.027,-3.424,-0.525,-5.342,-1.161,-3.061,-0.552,-4.691,-1.199,-1.63,-1.918,-0.404,0.549,0.572,0.78,0.793,0.035,-0.567,0.144,-2.607,3.758,0.94,5.324,-0.24,0.471,4.42,6.263,0.102,0.037,0.577,0.947
2021-06-14,CTD9,4171106,693183,0.010855323,0.017881038,0.0298329,0.009704289,0.007431903,0.0018242131,0.0018056198,0.000727268,0.5485,-0.25,22.405,0.296,-47.122,0.413,-78.63,0.509,-69.527,0.601,-101.035,0.133,-31.508,0.217,0.167,-1.406,-0.35,-2.346,-0.763,-1.243,-0.517,-1.807,-0.98,-0.563,-0.94,-0.697,0.219,0.264,0.795,0.812,0.048,-0.706,-0.166,-2.172,1.593,-0.668,2.081,0.363,0.903,2.659,3.471,0.294,-0.09,0.578,0.943
2021-06-14,CTD10,4170388,695646,0.009373114,0.013910544,0.018013848,0.00374531,0.0027227204,0.0006819001,0.00068224844,0.0002679787,0.787,-0.129,16.375,0.576,-195.113,0.673,-295.392,0.656,-211.488,0.737,-311.767,0.158,-100.279,0.061,0.045,-3.515,-0.531,-5.321,-1.106,-2.942,-0.576,-4.337,-1.168,-1.395,-1.806,-0.634,0.49,0.514,0.858,0.866,0.032,-0.603,0.045,-2.902,3.563,0.299,4.901,-0.081,0.568,4.614,6.347,0.118,0.012,0.553,0.953
2021-06-14,CTD11,4169609,700351,0.008179919,0.012451309,0.01766475,0.0038820757,0.0029271594,0.0006963445,0.00069929723,0.00028309145,0.6964999999999999,-0.173,23.703,0.525,-177.281,0.619,-261.315,0.64,-200.984,0.716,-285.018,0.14,-84.034,0.092,0.069,-3.132,-0.519,-4.616,-1.014,-2.503,-0.588,-3.549,-1.106,-1.046,-1.484,-0.766,0.416,0.442,0.896,0.902,0.032,-0.621,-0.049,-2.827,3.042,-0.297,4.034,0.092,0.665,4.315,5.723,0.146,-0.015,0.542,0.956
2021-06-14,CTD12,4173438,695414,0.00968305,0.01408586,0.015652072,0.0033041216,0.0021023615,0.0005582639,0.0005542974,0.00022388274,0.7384999999999999,-0.053,7.104,0.62,-231.659,0.74,-404.662,0.651,-238.763,0.763,-411.766,0.222,-173.003,0.023,0.015,-3.626,-0.487,-6.334,-1.337,-3.363,-0.502,-5.8,-1.361,-2.437,-2.708,-0.29,0.607,0.632,0.763,0.779,0.04,-0.672,0.264,-3.182,4.129,1.963,6.489,-0.46,0.475,4.588,7.21,0.1,0.062,0.585,0.937
2021-08-13,CTD1,4187246,695025,0.007888254,0.0114467405,0.017582916,0.0067186733,0.005654873,0.0015026814,0.0015282971,0.0006100264,1.5295,-0.211,30.488,0.26,-61.478,0.339,-89.478,0.447,-91.966,0.513,-119.965,0.086,-28.0,0.205,0.172,-1.081,-0.348,-1.573,-0.601,-1.053,-0.52,-1.373,-0.806,-0.321,-0.492,-0.496,0.203,0.238,0.635,0.657,0.037,-0.537,-0.191,-1.406,1.382,-0.593,1.642,0.348,0.694,2.123,2.522,0.265,-0.112,0.626,0.956
2021-08-13,CTD2,4181518,693105,0.0096928105,0.013695696,0.018461486,0.0069293324,0.0048552724,0.0013481934,0.0013517224,0.00055900676,2.865,-0.148,18.849,0.328,-71.298,0.477,-132.946,0.454,-90.147,0.584,-151.795,0.176,-61.648,0.131,0.092,-1.316,-0.346,-2.454,-0.921,-1.235,-0.438,-2.079,-1.052,-0.844,-1.138,-0.404,0.29,0.348,0.622,0.66,0.064,-0.685,0.041,-1.826,1.713,0.157,2.445,-0.079,0.647,2.31,3.296,0.243,0.021,0.641,0.918
2021-08-13,CTD3,4181698,695238,0.012934424,0.017820584,0.023678694,0.0114869,0.008405782,0.002456346,0.002452463,0.00100325,2.95,-0.141,13.883,0.216,-30.941,0.359,-62.851,0.347,-44.824,0.476,-76.734,0.155,-31.91,0.159,0.117,-0.733,-0.26,-1.488,-0.722,-0.799,-0.377,-1.367,-0.881,-0.569,-0.756,-0.294,0.197,0.268,0.465,0.521,0.074,-0.614,0.021,-1.266,1.196,0.059,1.635,-0.038,0.597,1.59,2.172,0.29,0.013,0.706,0.912
2021-08-13,CTD4,4180266,698264,0.011711564,0.016284473,0.020023929,0.008169093,0.005476308,0.0016130958,0.0016263466,0.0006732691,2.7735,-0.103,11.468,0.332,-61.004,0.497,-121.197,0.42,-72.472,0.57,-132.665,0.197,-60.192,0.094,0.063,-1.222,-0.334,-2.427,-0.99,-1.18,-0.397,-2.16,-1.084,-0.98,-1.205,-0.274,0.318,0.383,0.545,0.595,0.074,-0.678,0.143,-1.663,1.72,0.522,2.566,-0.262,0.559,2.115,3.155,0.228,0.072,0.673,0.904
2021-08-13,CTD5,4179450,700268,0.012642662,0.017515378,0.023624118,0.007903244,0.005073193,0.0014995068,0.0015036874,0.0006332962,0.758,-0.148,14.763,0.378,-69.438,0.551,-140.022,0.499,-84.201,0.646,-154.785,0.218,-70.584,0.117,0.075,-1.64,-0.352,-3.308,-1.107,-1.475,-0.427,-2.711,-1.223,-1.236,-1.667,-0.471,0.335,0.395,0.696,0.73,0.069,-0.816,0.1,-2.44,2.001,0.463,3.118,-0.209,0.707,2.7,4.205,0.236,0.045,0.618,0.91
2021-08-13,CTD6,4176009,695829,0.011374751,0.015325685,0.021630097,0.0115162805,0.008195969,0.002453108,0.0024775648,0.0010314584,4.2965,-0.171,19.018,0.142,-21.584,0.303,-56.761,0.305,-40.602,0.45,-75.779,0.168,-35.178,0.219,0.156,-0.467,-0.177,-1.228,-0.654,-0.622,-0.333,-1.161,-0.873,-0.539,-0.761,-0.32,0.128,0.215,0.43,0.5,0.09,-0.697,-0.003,-1.308,0.952,-0.008,1.337,0.006,0.7,1.343,1.888,0.373,-0.002,0.726,0.9
2021-08-13,CTD7,4176724,690397,0.013273736,0.021299971,0.03374234,0.015213502,0.010600575,0.0027976772,0.0028018332,0.0011292049,5.159,-0.226,17.312,0.167,-18.783,0.335,-47.386,0.378,-36.095,0.522,-64.698,0.179,-28.603,0.263,0.184,-0.634,-0.199,-1.599,-0.721,-0.769,-0.383,-1.378,-0.984,-0.609,-0.965,-0.482,0.137,0.219,0.581,0.634,0.084,-0.804,-0.066,-1.783,1.086,-0.209,1.558,0.149,0.887,1.72,2.469,0.4,-0.047,0.663,0.906
2021-08-13,CTD8,4174178,693048,0.0,0.0,0.0,0.0,0.0,0.0,0.0,0.0,5.801500000000001,,,,,,,,,,,,,,,,,,,,,,,,,,,,,,,,,,,,,,,,,,,,
2021-08-13,CTD9,4171106,693183,0.010601452,0.015429938,0.0252065,0.012168885,0.010969688,0.0031715855,0.003190097,0.0012749009,2.274,-0.241,25.137,0.118,-17.368,0.169,-26.351,0.349,-42.504,0.394,-51.488,0.052,-8.983,0.306,0.276,-0.438,-0.191,-0.664,-0.321,-0.656,-0.466,-0.794,-0.627,-0.139,-0.226,-0.423,0.09,0.119,0.494,0.516,0.03,-0.497,-0.289,-1.03,0.833,-0.665,0.924,0.524,0.732,1.36,1.509,0.353,-0.228,0.679,0.968
2021-08-13,CTD10,4170388,695646,0.009168366,0.012210281,0.018528968,0.010012449,0.008110392,0.0024327051,0.0024297764,0.001002779,5.6925,-0.206,27.929,0.099,-17.977,0.202,-41.4,0.298,-45.906,0.391,-69.329,0.105,-23.423,0.28,0.227,-0.333,-0.146,-0.767,-0.415,-0.561,-0.372,-0.847,-0.694,-0.286,-0.434,-0.349,0.083,0.144,0.419,0.469,0.062,-0.576,-0.151,-1.065,0.782,-0.345,0.965,0.283,0.707,1.186,1.465,0.382,-0.124,0.723,0.933
2021-08-13,CTD11,4169609,700351,0.0079587605,0.010377596,0.014909226,0.0081544025,0.0069609806,0.0020973282,0.0020634641,0.0008595064,3.7795,-0.179,29.289,0.12,-26.272,0.197,-47.296,0.293,-55.561,0.363,-76.585,0.079,-21.025,0.239,0.204,-0.392,-0.183,-0.705,-0.386,-0.577,-0.387,-0.795,-0.625,-0.218,-0.313,-0.3,0.102,0.148,0.39,0.429,0.047,-0.475,-0.158,-0.869,0.806,-0.338,0.944,0.265,0.583,1.158,1.356,0.319,-0.124,0.733,0.948
2021-08-13,CTD12,4173438,695414,0.010312034,0.01509882,0.022100067,0.010233428,0.008266379,0.002351833,0.0023966886,0.0009672082,5.164,-0.188,20.982,0.192,-31.489,0.292,-54.742,0.367,-52.47,0.456,-75.723,0.106,-23.253,0.215,0.173,-0.696,-0.26,-1.21,-0.56,-0.792,-0.434,-1.143,-0.775,-0.351,-0.514,-0.378,0.16,0.211,0.508,0.546,0.053,-0.555,-0.125,-1.198,1.101,-0.333,1.363,0.226,0.656,1.612,1.996,0.304,-0.084,0.681,0.939
2021-11-11,CTD1,4187246,695025,0.008413473,0.012359304,0.018876344,0.0044247755,0.0037254263,0.0008384945,0.0008376495,0.00032305362,1.1695,-0.209,27.934,0.473,-145.089,0.537,-187.515,0.62,-173.024,0.67,-215.449,0.086,-42.425,0.124,0.104,-2.739,-0.541,-3.54,-0.83,-2.138,-0.645,-2.663,-0.953,-0.524,-0.801,-0.8,0.351,0.371,0.898,0.903,0.022,-0.533,-0.187,-2.274,2.596,-0.949,3.083,0.34,0.685,3.965,4.709,0.161,-0.067,0.537,0.97
2021-11-11,CTD2,4181518,693105,0.007319927,0.010468003,0.013938437,0.003405207,0.0027543097,0.0006748145,0.0006714988,0.00025946094,1.602,-0.142,23.785,0.509,-198.139,0.583,-267.538,0.607,-221.924,0.67,-291.323,0.106,-69.399,0.081,0.066,-2.762,-0.546,-3.729,-0.911,-2.323,-0.611,-3.05,-0.992,-0.726,-0.967,-0.563,0.423,0.445,0.797,0.806,0.027,-0.485,-0.058,-1.986,2.877,-0.293,3.556,0.095,0.523,3.83,4.735,0.128,-0.019,0.568,0.962
2021-11-11,CTD3,4181698,695238,0.006252684,0.009031634,0.011391892,0.001992653,0.0014680541,0.00034551873,0.00034207292,0.00013116974,1.3095,-0.116,22.94,0.638,-391.122,0.72,-570.452,0.702,-414.062,0.772,-593.392,0.152,-179.33,0.046,0.034,-4.456,-0.574,-6.499,-1.137,-3.74,-0.608,-5.359,-1.182,-1.62,-2.043,-0.682,0.547,0.565,0.895,0.9,0.026,-0.565,0.056,-3.227,4.404,0.435,5.977,-0.096,0.525,5.554,7.539,0.092,0.012,0.54,0.961
2021-11-11,CTD4,4180266,698264,0.008625657,0.0129221575,0.017316708,0.004167024,0.0031295866,0.00075535174,0.00075360184,0.00030155136,1.109,-0.145,19.639,0.512,-162.593,0.61,-242.145,0.612,-182.232,0.694,-261.783,0.142,-79.552,0.082,0.061,-2.816,-0.509,-4.193,-1.009,-2.355,-0.57,-3.383,-1.091,-1.028,-1.378,-0.602,0.428,0.456,0.819,0.83,0.034,-0.585,-0.005,-2.432,2.92,-0.027,3.888,0.009,0.589,3.913,5.211,0.142,-0.002,0.565,0.952
2021-11-11,CTD5,4179450,700268,0.04296401,0.053850446,0.051793143,0.010489961,0.006591879,0.0017677991,0.001688464,0.0006674788,0.454,0.019,-0.738,0.674,-76.759,0.782,-133.132,0.663,-76.022,0.774,-132.394,0.228,-56.373,-0.008,-0.005,-3.976,-0.506,-6.895,-1.397,-4.094,-0.501,-7.129,-1.389,-3.036,-2.92,0.12,0.743,0.759,0.683,0.703,0.037,-0.552,0.411,-2.724,5.006,3.232,7.967,-0.63,0.333,4.815,7.662,0.068,0.08,0.609,0.937
2021-11-11,CTD6,4176009,695829,0.0076456545,0.0121323895,0.01764133,0.004026189,0.0028993608,0.00067330786,0.0006562489,0.00025905392,1.8155,-0.185,25.739,0.502,-165.95,0.614,-262.48,0.628,-191.689,0.718,-288.219,0.163,-96.53,0.104,0.075,-2.928,-0.481,-4.63,-1.057,-2.326,-0.556,-3.497,-1.16,-1.171,-1.703,-0.795,0.395,0.426,0.906,0.912,0.038,-0.701,-0.032,-3.071,2.849,-0.197,3.956,0.065,0.734,4.143,5.753,0.168,-0.011,0.543,0.948
2021-11-11,CTD7,4176724,690397,0.014061107,0.022439102,0.036159955,0.010372201,0.0077952603,0.0018423897,0.0018150504,0.00069889985,2.811,-0.234,16.91,0.368,-51.846,0.484,-83.718,0.554,-68.757,0.645,-100.628,0.142,-31.872,0.175,0.132,-1.875,-0.404,-3.027,-0.868,-1.543,-0.536,-2.258,-1.044,-0.715,-1.152,-0.755,0.275,0.315,0.853,0.864,0.044,-0.71,-0.131,-2.475,1.948,-0.608,2.592,0.281,0.86,3.139,4.176,0.247,-0.061,0.56,0.945
2021-11-11,CTD8,4174178,693048,0.01086267,0.017087452,0.027402807,0.008943911,0.006599515,0.0016082922,0.0016034411,0.0006344422,1.612,-0.232,22.03,0.313,-53.285,0.443,-93.004,0.508,-75.315,0.612,-115.034,0.151,-39.718,0.197,0.145,-1.46,-0.352,-2.549,-0.832,-1.287,-0.497,-1.966,-1.029,-0.679,-1.088,-0.664,0.239,0.289,0.779,0.799,0.053,-0.732,-0.114,-2.242,1.67,-0.475,2.263,0.248,0.866,2.678,3.629,0.283,-0.06,0.585,0.935
2021-11-11,CTD9,4171106,693183,0.017954769,0.025452225,0.03784635,0.015235678,0.013117664,0.0035507954,0.003501,0.0013738155,0.7055,-0.196,12.867,0.251,-26.346,0.32,-36.944,0.426,-39.213,0.485,-49.81,0.075,-10.598,0.196,0.169,-0.997,-0.346,-1.398,-0.563,-0.998,-0.514,-1.268,-0.759,-0.27,-0.401,-0.437,0.2,0.232,0.586,0.608,0.033,-0.489,-0.188,-1.215,1.324,-0.544,1.538,0.325,0.626,1.969,2.287,0.252,-0.113,0.643,0.96
2021-11-11,CTD10,4170388,695646,0.010807694,0.01733238,0.022239296,0.004957458,0.0041821445,0.0009194816,0.00091261783,0.00034610985,1.86,-0.124,12.73,0.555,-144.021,0.611,-181.416,0.635,-156.751,0.683,-194.146,0.085,-37.395,0.063,0.053,-3.203,-0.602,-4.035,-0.899,-2.717,-0.656,-3.365,-0.962,-0.648,-0.832,-0.537,0.468,0.484,0.803,0.81,0.02,-0.406,-0.064,-1.821,3.308,-0.342,3.921,0.098,0.44,4.245,5.032,0.098,-0.018,0.563,0.971
2021-11-11,CTD11,4169609,700351,0.006810535,0.010859955,0.015354518,0.003724694,0.0025710773,0.0006131348,0.0006021889,0.00023873911,0.9835,-0.171,26.954,0.489,-176.397,0.617,-296.861,0.61,-203.351,0.713,-323.815,0.183,-120.464,0.1,0.069,-2.708,-0.454,-4.558,-1.106,-2.208,-0.523,-3.517,-1.206,-1.308,-1.85,-0.714,0.398,0.434,0.866,0.876,0.044,-0.741,0.017,-3.056,2.748,0.102,3.981,-0.035,0.724,3.886,5.629,0.176,0.006,0.556,0.94
2021-11-11,CTD12,4173438,695414,0.0058958274,0.009340766,0.014767037,0.0030242135,0.0021989038,0.00051421614,0.0004949059,0.00019473175,1.6215,-0.225,39.339,0.511,-223.607,0.619,-347.714,0.66,-262.946,0.741,-387.054,0.158,-124.108,0.119,0.087,-3.302,-0.492,-5.135,-1.052,-2.456,-0.578,-3.615,-1.171,-1.159,-1.833,-1.039,0.372,0.401,1.018,1.016,0.034,-0.743,-0.095,-3.627,2.94,-0.635,4.043,0.206,0.854,4.648,6.392,0.175,-0.031,0.513,0.954
2021-11-26,CTD1,4187246,695025,0.007875274,0.011121253,0.01594499,0.0036318405,0.0030578072,0.00068830315,0.00068744033,0.0002558256,0.532,-0.178,27.202,0.508,-185.425,0.569,-237.114,0.629,-212.627,0.678,-264.316,0.086,-51.689,0.099,0.083,-2.957,-0.567,-3.781,-0.861,-2.365,-0.65,-2.94,-0.96,-0.575,-0.824,-0.721,0.394,0.412,0.868,0.874,0.021,-0.49,-0.144,-2.152,2.87,-0.753,3.409,0.246,0.592,4.115,4.888,0.135,-0.047,0.545,0.971
2021-11-26,CTD2,4181518,693105,0.004879783,0.006835817,0.00963965,0.001992653,0.0016593225,0.00042979122,0.00042410305,0.0001608381,1.048,-0.17,42.55,0.549,-355.555,0.609,-456.367,0.657,-398.105,0.706,-498.917,0.091,-100.812,0.085,0.071,-3.427,-0.59,-4.399,-0.909,-2.721,-0.661,-3.411,-0.994,-0.689,-0.972,-0.768,0.429,0.445,0.9,0.904,0.02,-0.492,-0.124,-2.379,3.258,-0.718,3.913,0.209,0.577,4.595,5.518,0.119,-0.036,0.536,0.971
2021-11-26,CTD3,4181698,695238,0.009837176,0.012684461,0.017276557,0.0035899305,0.0026598952,0.00066140085,0.00066294655,0.000253932,1.045,-0.153,20.955,0.559,-199.72,0.653,-297.118,0.656,-220.675,0.733,-318.073,0.149,-97.398,0.075,0.056,-3.45,-0.531,-5.133,-1.067,-2.799,-0.587,-4.035,-1.142,-1.235,-1.683,-0.735,0.456,0.48,0.892,0.898,0.031,-0.615,-0.007,-2.962,3.379,-0.044,4.561,0.012,0.621,4.603,6.212,0.129,-0.002,0.543,0.955
2021-11-26,CTD4,4180266,698264,0.0075981417,0.010291458,0.013620758,0.0029614142,0.002239791,0.0005306925,0.00052560505,0.00020773942,1.34,-0.139,23.751,0.553,-240.509,0.643,-349.302,0.643,-264.259,0.718,-373.053,0.139,-108.794,0.07,0.053,-3.276,-0.539,-4.758,-1.034,-2.72,-0.592,-3.839,-1.105,-1.12,-1.482,-0.64,0.462,0.486,0.851,0.859,0.03,-0.567,-0.001,-2.606,3.311,-0.005,4.377,0.001,0.567,4.382,5.794,0.123,-0.0,0.554,0.956
2021-11-26,CTD6,4176009,695829,0.0070761,0.010605205,0.014737794,0.0034810104,0.0029741866,0.0006653411,0.00064647675,0.0002556255,2.255,-0.163,26.441,0.506,-192.98,0.562,-241.933,0.618,-219.42,0.664,-268.374,0.079,-48.953,0.092,0.079,-2.844,-0.574,-3.566,-0.842,-2.327,-0.653,-2.846,-0.934,-0.519,-0.721,-0.64,0.402,0.419,0.829,0.835,0.02,-0.451,-0.135,-1.909,2.845,-0.668,3.33,0.219,0.535,3.953,4.627,0.126,-0.044,0.556,0.972
2021-11-26,CTD7,4176724,690397,0.03934561,0.057957545,0.08409954,0.03487052,0.02521604,0.006451779,0.0062806685,0.0024367818,2.031,-0.184,5.363,0.249,-11.424,0.394,-22.403,0.414,-16.787,0.539,-27.767,0.161,-10.98,0.187,0.135,-0.961,-0.288,-1.884,-0.781,-0.973,-0.423,-1.609,-0.968,-0.636,-0.923,-0.435,0.211,0.275,0.592,0.634,0.068,-0.694,-0.034,-1.673,1.362,-0.113,1.884,0.068,0.728,1.977,2.734,0.302,-0.02,0.653,0.919
2021-11-26,CTD8,4174178,693048,0.0070784,0.011316868,0.01594499,0.002760001,0.002067935,0.00046710423,0.000453765,0.000175241,2.403,-0.17,25.648,0.608,-273.955,0.691,-395.211,0.705,-299.603,0.77,-420.859,0.143,-121.255,0.071,0.053,-4.368,-0.567,-6.302,-1.091,-3.391,-0.62,-4.763,-1.162,-1.372,-1.933,-0.959,0.475,0.494,0.985,0.986,0.025,-0.625,-0.04,-3.61,3.971,-0.305,5.299,0.074,0.66,5.594,7.467,0.114,-0.01,0.516,0.963
2021-11-26,CTD9,4171106,693183,0.016188566,0.021895617,0.032561682,0.014642467,0.012507762,0.003435775,0.0033583518,0.0013414792,1.966,-0.196,14.96,0.199,-22.623,0.273,-34.279,0.38,-37.584,0.445,-49.239,0.079,-11.656,0.219,0.187,-0.737,-0.283,-1.116,-0.502,-0.823,-0.47,-1.078,-0.721,-0.255,-0.38,-0.393,0.161,0.199,0.521,0.549,0.039,-0.498,-0.182,-1.108,1.111,-0.473,1.301,0.316,0.633,1.653,1.935,0.285,-0.122,0.671,0.955
2021-11-26,CTD10,4170388,695646,0.014598804,0.020462885,0.024334997,0.005619553,0.004610971,0.0010508515,0.0010457303,0.00039810847,2.925,-0.086,7.776,0.569,-129.081,0.632,-168.005,0.625,-136.857,0.681,-175.781,0.099,-38.924,0.044,0.036,-3.141,-0.595,-4.088,-0.944,-2.8,-0.631,-3.597,-0.988,-0.796,-0.947,-0.378,0.513,0.529,0.746,0.756,0.023,-0.378,0.02,-1.636,3.452,0.107,4.207,-0.03,0.369,4.105,5.003,0.085,0.006,0.582,0.966
2021-11-26,CTD11,4169609,700351,0.011459938,0.017087452,0.01951281,0.0035749408,0.0029302672,0.00065095176,0.0006430984,0.00024681393,2.649,-0.066,7.274,0.654,-221.202,0.707,-282.743,0.69,-228.477,0.739,-290.017,0.099,-61.541,0.026,0.021,-4.316,-0.648,-5.517,-1.011,-3.904,-0.669,-4.956,-1.037,-1.052,-1.201,-0.373,0.602,0.613,0.796,0.803,0.018,-0.344,0.056,-1.879,4.63,0.373,5.648,-0.078,0.322,5.287,6.45,0.059,0.012,0.565,0.972
2021-11-26,CTD12,4173438,695414,0.008876206,0.013447827,0.019141115,0.0054601613,0.004755533,0.0011005639,0.0010818585,0.00041635,2.623,-0.175,22.118,0.422,-108.783,0.478,-135.92,0.556,-130.901,0.602,-158.038,0.069,-27.137,0.121,0.105,-2.082,-0.517,-2.602,-0.742,-1.76,-0.623,-2.125,-0.863,-0.365,-0.519,-0.557,0.334,0.353,0.752,0.761,0.022,-0.446,-0.168,-1.562,2.214,-0.678,2.543,0.275,0.552,3.152,3.619,0.158,-0.068,0.58,0.971
2021-12-01,CTD1,4187246,695025,0.0056717424,0.007817073,0.012510308,0.0028834403,0.003173592,0.00072663586,0.00073241926,0.00028106294,0.517,-0.231,47.991,0.461,-218.883,0.422,-187.175,0.625,-266.874,0.595,-235.166,-0.048,31.708,0.138,0.152,-2.738,-0.695,-2.342,-0.54,-2.086,-0.847,-1.838,-0.678,0.248,0.397,-0.775,0.315,0.302,0.876,0.873,-0.014,-0.284,-0.476,-1.231,2.457,-1.876,2.233,0.692,0.5,3.933,3.573,0.115,-0.175,0.526,1.019
2021-12-01,CTD2,4181518,693105,0.004917138,0.006203405,0.0067942133,0.0013750723,0.0011318518,0.0002660967,0.00026291318,9.98937e-05,0.7685,-0.045,14.018,0.637,-566.033,0.691,-722.306,0.663,-580.05,0.714,-736.324,0.097,-156.273,0.019,0.016,-3.846,-0.641,-4.908,-0.993,-3.598,-0.657,-4.568,-1.012,-0.969,-1.062,-0.236,0.609,0.621,0.739,0.747,0.019,-0.302,0.09,-1.491,4.345,0.54,5.278,-0.12,0.272,4.759,5.781,0.055,0.02,0.583,0.97
2021-12-01,CTD3,4181698,695238,0.008805495,0.010626483,0.015243183,0.0048521566,0.004469549,0.0012504178,0.0012065731,0.00049542147,0.762,-0.178,28.501,0.373,-111.989,0.408,-129.632,0.517,-140.491,0.547,-158.133,0.041,-17.642,0.138,0.127,-1.707,-0.501,-1.976,-0.629,-1.493,-0.628,-1.68,-0.767,-0.187,-0.269,-0.495,0.293,0.306,0.688,0.696,0.015,-0.388,-0.224,-1.22,1.897,-0.764,2.059,0.349,0.513,2.721,2.954,0.163,-0.102,0.598,0.981
2021-12-01,CTD4,4180266,698264,0.0076909736,0.010947541,0.013544763,0.0029505023,0.002433567,0.00057612517,0.00056238484,0.0002166394,0.905,-0.106,17.515,0.575,-247.581,0.636,-319.575,0.642,-265.096,0.695,-337.09,0.096,-71.994,0.052,0.043,-3.353,-0.603,-4.329,-0.943,-2.902,-0.645,-3.69,-0.995,-0.788,-0.975,-0.482,0.5,0.516,0.792,0.799,0.021,-0.404,-0.017,-1.855,3.531,-0.092,4.281,0.025,0.412,4.368,5.296,0.09,-0.004,0.567,0.969
2021-12-01,CTD5,4179450,700268,0.020021707,0.026804788,0.02907732,0.006768872,0.0042846496,0.0011624752,0.001108407,0.00043312885,0.4549999999999999,-0.041,2.916,0.597,-110.428,0.724,-196.085,0.622,-113.344,0.743,-199.0,0.225,-85.656,0.02,0.012,-3.211,-0.473,-5.702,-1.327,-3.038,-0.486,-5.334,-1.347,-2.296,-2.491,-0.206,0.601,0.628,0.718,0.738,0.044,-0.658,0.289,-2.826,3.813,1.96,6.023,-0.495,0.452,4.136,6.534,0.105,0.073,0.601,0.931
2021-12-01,CTD6,4176009,695829,0.009748316,0.015320491,0.02207816,0.004507234,0.0032921066,0.0007588189,0.0007375056,0.00028593818,1.6404999999999998,-0.181,19.978,0.545,-156.594,0.646,-238.485,0.661,-176.572,0.74,-258.463,0.156,-81.891,0.09,0.066,-3.457,-0.516,-5.265,-1.075,-2.705,-0.581,-3.96,-1.165,-1.255,-1.808,-0.866,0.426,0.452,0.944,0.947,0.032,-0.675,-0.036,-3.307,3.25,-0.245,4.45,0.072,0.711,4.684,6.412,0.145,-0.011,0.53,0.954
2021-12-01,CTD7,4176724,690397,0.012034207,0.019683907,0.029774893,0.006347144,0.0042496463,0.001020375,0.00094538514,0.00037631605,0.936,-0.204,17.218,0.512,-106.748,0.645,-184.511,0.649,-123.966,0.75,-201.728,0.198,-77.763,0.109,0.073,-3.178,-0.454,-5.494,-1.171,-2.44,-0.527,-3.971,-1.28,-1.531,-2.315,-0.952,0.392,0.427,0.979,0.981,0.042,-0.832,-0.008,-3.905,2.958,-0.059,4.419,0.019,0.843,4.475,6.684,0.18,-0.003,0.526,0.942
2021-12-01,CTD8,4174178,693048,0.009873626,0.015294548,0.021788072,0.004469532,0.003359338,0.00076376344,0.0007420623,0.000282075,1.327,-0.175,19.486,0.548,-158.354,0.64,-232.295,0.66,-177.84,0.733,-251.781,0.142,-73.941,0.087,0.065,-3.45,-0.532,-5.061,-1.038,-2.72,-0.597,-3.851,-1.125,-1.131,-1.611,-0.829,0.43,0.455,0.928,0.932,0.03,-0.629,-0.05,-3.064,3.268,-0.322,4.348,0.094,0.673,4.655,6.194,0.138,-0.015,0.533,0.958
2021-12-01,CTD9,4171106,693183,0.016613487,0.02209517,0.03399167,0.015509905,0.015133672,0.004325385,0.004144657,0.0016647476,0.685,-0.212,15.84,0.175,-19.216,0.187,-20.819,0.373,-35.056,0.384,-36.659,0.012,-1.603,0.246,0.24,-0.653,-0.291,-0.708,-0.323,-0.775,-0.531,-0.81,-0.569,-0.035,-0.054,-0.388,0.134,0.141,0.496,0.501,0.007,-0.375,-0.326,-0.822,0.979,-0.732,1.004,0.514,0.563,1.507,1.544,0.257,-0.229,0.67,0.992
2021-12-01,CTD10,4170388,695646,0.016377324,0.02426767,0.039179772,0.01258002,0.009175027,0.002209092,0.0021981772,0.00085433153,2.6285,-0.235,15.684,0.317,-38.284,0.451,-67.784,0.514,-53.968,0.621,-83.468,0.157,-29.5,0.197,0.144,-1.5,-0.351,-2.656,-0.853,-1.31,-0.495,-2.026,-1.05,-0.716,-1.156,-0.685,0.242,0.292,0.795,0.814,0.054,-0.752,-0.11,-2.341,1.695,-0.469,2.324,0.243,0.885,2.736,3.752,0.284,-0.057,0.581,0.934
2021-12-01,CTD11,4169609,700351,0.014128418,0.020407753,0.027251022,0.008799479,0.006240848,0.0015953333,0.0015401086,0.0006191628,1.348,-0.144,12.305,0.397,-64.642,0.532,-111.234,0.512,-76.947,0.627,-123.539,0.17,-46.592,0.108,0.077,-1.762,-0.403,-3.031,-0.979,-1.57,-0.48,-2.521,-1.087,-0.951,-1.27,-0.455,0.347,0.393,0.692,0.719,0.054,-0.661,0.04,-2.047,2.09,0.173,2.947,-0.075,0.626,2.791,3.935,0.202,0.017,0.613,0.929
2021-12-01,CTD12,4173438,695414,0.009429811,0.014630418,0.018333336,0.0036577438,0.0024943259,0.0006014247,0.00057963806,0.0002297544,1.6105,-0.112,13.805,0.6,-205.042,0.709,-332.559,0.667,-218.847,0.76,-346.364,0.189,-127.517,0.05,0.034,-3.759,-0.511,-6.097,-1.216,-3.202,-0.546,-5.067,-1.267,-1.866,-2.338,-0.602,0.527,0.552,0.857,0.866,0.035,-0.668,0.116,-3.35,3.864,0.853,5.666,-0.213,0.571,4.842,7.1,0.114,0.029,0.555,0.947
2022-02-24,CTD1,4187246,695025,0.004682516,0.006872854,0.012327406,0.0032167924,0.003247367,0.0007419536,0.0007600398,0.0002955199,0.4875,-0.284,64.38,0.362,-165.369,0.358,-162.442,0.586,-229.749,0.583,-226.822,-0.005,2.927,0.207,0.209,-2.039,-0.537,-2.002,-0.523,-1.579,-0.746,-1.559,-0.73,0.02,0.036,-0.844,0.235,0.233,0.9,0.9,-0.002,-0.433,-0.452,-1.66,1.873,-1.716,1.855,0.803,0.784,3.36,3.328,0.205,-0.212,0.525,1.002
2022-02-24,CTD2,4181518,693105,0.00474957,0.0069057276,0.009175261,0.0015916576,0.0012163359,0.00027713727,0.00027812403,0.00010630236,0.6035,-0.141,35.819,0.625,-483.468,0.7,-677.334,0.704,-519.287,0.766,-713.153,0.134,-193.865,0.057,0.044,-4.436,-0.588,-6.215,-1.078,-3.586,-0.632,-4.925,-1.135,-1.339,-1.779,-0.808,0.511,0.528,0.934,0.937,0.023,-0.556,-0.012,-3.205,4.206,-0.087,5.504,0.02,0.564,5.588,7.313,0.098,-0.003,0.528,0.965
2022-02-24,CTD3,4181698,695238,0.004547759,0.0067048077,0.009673596,0.0018185508,0.0014173285,0.0003306272,0.00033217692,0.00012590733,0.7250000000000001,-0.181,45.773,0.573,-400.742,0.651,-556.406,0.684,-446.514,0.744,-602.179,0.124,-155.664,0.083,0.065,-3.877,-0.568,-5.382,-1.012,-2.994,-0.633,-4.037,-1.095,-1.044,-1.506,-0.917,0.441,0.46,0.967,0.969,0.024,-0.59,-0.086,-3.138,3.54,-0.589,4.543,0.16,0.663,5.108,6.554,0.125,-0.023,0.52,0.965
2022-02-24,CTD4,4180266,698264,0.0068769595,0.010104657,0.013697203,0.003367529,0.0024079566,0.0005857452,0.00059143186,0.00023590826,0.4795,-0.151,25.957,0.5,-197.989,0.615,-316.326,0.605,-223.946,0.701,-342.282,0.166,-118.336,0.087,0.063,-2.712,-0.477,-4.333,-1.065,-2.263,-0.539,-3.459,-1.153,-1.196,-1.621,-0.622,0.418,0.451,0.826,0.838,0.04,-0.661,0.023,-2.688,2.825,0.129,3.951,-0.043,0.64,3.829,5.355,0.157,0.008,0.566,0.944
2022-02-24,CTD5,4179450,700268,0.02204435,0.030226722,0.034638695,0.00691949,0.0046879323,0.0012033053,0.0012025626,0.00047649033,0.175,-0.068,4.214,0.627,-111.436,0.731,-180.23,0.667,-115.65,0.762,-184.444,0.192,-68.794,0.029,0.02,-3.86,-0.522,-6.243,-1.247,-3.496,-0.542,-5.575,-1.276,-2.079,-2.383,-0.38,0.593,0.615,0.794,0.806,0.034,-0.603,0.195,-3.021,4.233,1.442,6.248,-0.33,0.468,4.851,7.16,0.094,0.045,0.573,0.946
2022-02-24,CTD6,4176009,695829,0.00999057,0.015524376,0.023153586,0.004018238,0.0028718715,0.00067130534,0.000683542,0.00026555575,0.495,-0.197,21.225,0.589,-184.45,0.688,-283.79,0.704,-205.675,0.779,-305.015,0.166,-99.34,0.085,0.061,-4.271,-0.53,-6.571,-1.14,-3.193,-0.591,-4.735,-1.226,-1.542,-2.3,-1.107,0.442,0.466,1.04,1.038,0.03,-0.729,-0.044,-4.199,3.739,-0.356,5.232,0.092,0.777,5.577,7.803,0.135,-0.011,0.505,0.958
2022-02-24,CTD7,4176724,690397,0.035029046,0.054989334,0.0717958,0.01659491,0.009852606,0.002482412,0.0024062458,0.0009827465,1.3795000000000002,-0.133,4.257,0.536,-42.074,0.696,-83.311,0.625,-46.331,0.759,-87.568,0.255,-41.237,0.071,0.042,-3.021,-0.415,-5.981,-1.383,-2.548,-0.456,-4.815,-1.453,-2.268,-2.961,-0.635,0.47,0.511,0.851,0.865,0.053,-0.918,0.172,-3.973,3.176,1.255,5.35,-0.379,0.712,4.147,6.985,0.165,0.052,0.565,0.924
2022-02-24,CTD8,4174178,693048,0.011359334,0.018490462,0.024697995,0.0039449213,0.0028436868,0.0006675701,0.0006594634,0.0002550262,0.3705,-0.144,13.593,0.648,-199.409,0.733,-297.574,0.725,-213.001,0.793,-311.167,0.162,-98.166,0.054,0.039,-4.925,-0.567,-7.349,-1.174,-3.938,-0.606,-5.754,-1.228,-1.815,-2.424,-0.914,0.528,0.546,0.973,0.974,0.025,-0.639,0.028,-3.998,4.572,0.242,6.343,-0.052,0.615,6.107,8.472,0.098,0.006,0.519,0.962
2022-02-24,CTD9,4171106,693183,0.013970275,0.022251561,0.039044645,0.017913762,0.015888417,0.004241423,0.0041838074,0.0016687379,0.502,-0.274,19.329,0.108,-10.882,0.167,-17.998,0.371,-30.211,0.422,-37.327,0.06,-7.116,0.346,0.307,-0.425,-0.173,-0.703,-0.322,-0.672,-0.48,-0.831,-0.669,-0.158,-0.278,-0.497,0.079,0.112,0.554,0.577,0.033,-0.558,-0.317,-1.215,0.835,-0.779,0.942,0.627,0.868,1.466,1.652,0.398,-0.255,0.655,0.964
2022-02-24,CTD10,4170388,695646,0.0097091,0.015907966,0.024064088,0.0052767,0.0039675855,0.00090793,0.0009100685,0.00035724114,0.519,-0.204,21.306,0.502,-126.651,0.601,-189.181,0.64,-147.957,0.717,-210.487,0.142,-62.53,0.112,0.085,-3.048,-0.502,-4.552,-0.998,-2.354,-0.587,-3.348,-1.111,-0.995,-1.505,-0.882,0.379,0.407,0.945,0.949,0.033,-0.669,-0.091,-3.05,2.85,-0.551,3.79,0.183,0.761,4.311,5.733,0.167,-0.03,0.53,0.955
2022-02-24,CTD11,4169609,700351,0.006076025,0.010108021,0.015756046,0.0036802948,0.0028658044,0.00067155523,0.00069399737,0.00026989362,0.4659999999999999,-0.218,35.464,0.466,-172.786,0.558,-250.011,0.621,-208.25,0.692,-285.474,0.124,-77.225,0.131,0.102,-2.722,-0.495,-3.939,-0.92,-2.105,-0.597,-2.886,-1.051,-0.781,-1.217,-0.863,0.345,0.373,0.931,0.935,0.031,-0.643,-0.137,-2.751,2.565,-0.754,3.294,0.275,0.78,3.998,5.134,0.182,-0.05,0.533,0.958
2022-02-24,CTD12,4173438,695414,0.0073775332,0.0117744105,0.015855478,0.0029082496,0.0023713568,0.00051493454,0.000518724,0.00019936649,0.431,-0.148,21.86,0.604,-258.919,0.665,-336.77,0.69,-280.78,0.74,-358.63,0.102,-77.85,0.064,0.052,-4.105,-0.614,-5.34,-0.979,-3.306,-0.666,-4.223,-1.043,-0.917,-1.234,-0.773,0.486,0.501,0.915,0.918,0.019,-0.484,-0.073,-2.638,3.899,-0.487,4.782,0.12,0.531,5.25,6.439,0.097,-0.018,0.531,0.971
2022-07-14,CTD1,4187246,695025,0.017960876,0.025861604,0.036137,0.012133393,0.010026733,0.0025533515,0.0025738317,0.0009971453,0.3685,-0.166,10.995,0.361,-43.75,0.441,-61.066,0.497,-54.745,0.566,-72.061,0.095,-17.316,0.133,0.11,-1.581,-0.439,-2.207,-0.741,-1.416,-0.549,-1.864,-0.874,-0.448,-0.626,-0.464,0.297,0.328,0.669,0.687,0.034,-0.494,-0.111,-1.473,1.854,-0.399,2.244,0.187,0.571,2.591,3.135,0.192,-0.052,0.613,0.956
2022-07-14,CTD2,4181518,693105,0.017736197,0.023033813,0.021701766,0.0053150235,0.0027600997,0.0008147553,0.000819087,0.00034154527,0.362,0.03,-2.665,0.625,-144.731,0.786,-318.891,0.607,-142.067,0.774,-316.227,0.316,-174.16,-0.014,-0.007,-3.141,-0.399,-6.921,-1.695,-3.272,-0.392,-7.284,-1.681,-4.012,-3.78,0.165,0.724,0.75,0.635,0.668,0.057,-0.864,0.542,-3.529,4.207,4.262,8.1,-0.983,0.423,3.963,7.632,0.104,0.125,0.634,0.905
2022-07-14,CTD3,4181698,695238,0.014708797,0.019301938,0.021968942,0.004891965,0.0036968545,0.0008705215,0.00088186556,0.0003358001,0.4715,-0.065,6.289,0.596,-152.609,0.679,-218.692,0.636,-158.898,0.712,-224.981,0.139,-66.083,0.031,0.023,-3.353,-0.564,-4.804,-1.07,-3.067,-0.587,-4.343,-1.101,-1.276,-1.452,-0.311,0.561,0.581,0.743,0.755,0.029,-0.445,0.123,-1.997,3.777,0.73,4.999,-0.185,0.382,4.299,5.689,0.085,0.031,0.586,0.956
2022-07-14,CTD4,4180266,698264,0.012908016,0.01715708,0.020664234,0.004085073,0.002634151,0.00066732196,0.0006714988,0.00026430216,0.3025,-0.093,9.892,0.615,-186.509,0.734,-321.344,0.67,-196.401,0.774,-331.236,0.216,-134.835,0.04,0.026,-3.854,-0.491,-6.64,-1.313,-3.37,-0.517,-5.683,-1.353,-2.313,-2.786,-0.522,0.561,0.587,0.838,0.849,0.038,-0.721,0.185,-3.645,4.072,1.455,6.316,-0.346,0.56,4.905,7.607,0.111,0.044,0.562,0.941
2022-07-14,CTD5,4179450,700268,0.028526096,0.04001497,0.04126769,0.007869257,0.0050520785,0.0011988537,0.0012080809,0.00047317482,0.261,-0.015,0.759,0.671,-102.086,0.776,-172.948,0.68,-102.845,0.782,-173.706,0.218,-70.862,0.006,0.004,-4.213,-0.516,-7.137,-1.361,-4.115,-0.52,-6.951,-1.367,-2.836,-2.924,-0.097,0.694,0.712,0.741,0.756,0.035,-0.588,0.328,-3.083,4.963,2.676,7.73,-0.526,0.389,5.118,7.972,0.074,0.064,0.589,0.943
2022-07-14,CTD6,4176009,695829,0.01623832,0.022311412,0.024367059,0.0050463565,0.003423182,0.00085399736,0.0008601047,0.00033914918,0.7045,-0.044,3.781,0.631,-153.343,0.734,-247.306,0.657,-157.124,0.754,-251.087,0.192,-93.963,0.019,0.013,-3.737,-0.525,-6.026,-1.248,-3.506,-0.538,-5.602,-1.267,-2.096,-2.29,-0.243,0.621,0.642,0.751,0.766,0.035,-0.559,0.237,-2.697,4.281,1.689,6.311,-0.382,0.414,4.675,6.892,0.086,0.054,0.586,0.945
2022-07-14,CTD7,4176724,690397,0.035197366,0.050208595,0.060792025,0.018849814,0.011574038,0.0029010803,0.0028957068,0.0011650174,0.6915,-0.095,3.467,0.454,-33.134,0.625,-66.483,0.527,-36.601,0.68,-69.951,0.239,-33.349,0.065,0.04,-2.014,-0.383,-4.042,-1.253,-1.838,-0.424,-3.512,-1.319,-1.674,-2.027,-0.348,0.433,0.485,0.679,0.713,0.066,-0.803,0.212,-2.589,2.473,1.113,4.028,-0.418,0.597,2.995,4.877,0.185,0.08,0.622,0.909
2022-07-14,CTD8,4174178,693048,0.020703642,0.028540058,0.034982976,0.010100243,0.006785592,0.001680584,0.001703842,0.0006919198,0.7415,-0.101,6.453,0.477,-63.969,0.616,-112.333,0.552,-70.422,0.675,-118.786,0.196,-48.364,0.065,0.044,-2.238,-0.434,-3.93,-1.135,-2.01,-0.478,-3.39,-1.2,-1.38,-1.692,-0.382,0.441,0.483,0.704,0.73,0.052,-0.673,0.144,-2.33,2.632,0.742,3.917,-0.263,0.554,3.226,4.802,0.16,0.051,0.608,0.926
2022-07-14,CTD9,4171106,693183,0.019886551,0.026689623,0.041888643,0.019696606,0.018339306,0.0051201326,0.005016787,0.0019678306,0.5035000000000001,-0.222,13.595,0.151,-13.302,0.185,-17.06,0.36,-26.897,0.391,-30.655,0.036,-3.758,0.268,0.249,-0.557,-0.244,-0.715,-0.336,-0.718,-0.493,-0.818,-0.604,-0.1,-0.157,-0.4,0.116,0.136,0.493,0.508,0.02,-0.437,-0.294,-0.929,0.917,-0.671,0.985,0.495,0.638,1.44,1.546,0.3,-0.217,0.676,0.978
2022-07-14,CTD10,4170388,695646,0.017603897,0.02425957,0.026958602,0.0076988917,0.0044495007,0.0012077758,0.001252744,0.0005197775,0.8360000000000001,-0.053,4.127,0.518,-88.668,0.69,-183.523,0.556,-92.795,0.717,-187.65,0.267,-94.855,0.032,0.018,-2.39,-0.395,-4.948,-1.413,-2.251,-0.413,-4.552,-1.445,-2.301,-2.557,-0.222,0.527,0.572,0.671,0.704,0.063,-0.83,0.322,-2.908,2.986,1.951,5.167,-0.619,0.533,3.318,5.741,0.152,0.102,0.624,0.906
2022-07-14,CTD11,4169609,700351,0.012824758,0.017041188,0.020739656,0.005247712,0.004439514,0.0010534027,0.0010620969,0.0003996353,0.8525,-0.098,10.465,0.529,-131.878,0.587,-166.569,0.596,-142.342,0.647,-177.033,0.083,-34.691,0.055,0.046,-2.735,-0.585,-3.455,-0.874,-2.426,-0.632,-3.017,-0.929,-0.591,-0.719,-0.382,0.468,0.485,0.721,0.731,0.021,-0.36,-0.024,-1.424,3.033,-0.114,3.585,0.035,0.371,3.692,4.364,0.094,-0.007,0.59,0.969
2022-07-14,CTD12,4173438,695414,0.02016456,0.02848375,0.033173945,0.00886016,0.005955019,0.0015439793,0.0015540157,0.0005927309,0.649,-0.076,4.964,0.525,-77.757,0.654,-132.818,0.578,-82.721,0.696,-137.781,0.196,-55.061,0.044,0.03,-2.58,-0.463,-4.406,-1.177,-2.356,-0.493,-3.925,-1.221,-1.568,-1.827,-0.317,0.502,0.536,0.706,0.729,0.047,-0.629,0.187,-2.356,3.035,1.039,4.516,-0.323,0.493,3.535,5.26,0.132,0.058,0.606,0.931
2022-07-29,CTD3,4181698,695238,0.014003671,0.018559415,0.020493815,0.00642141,0.0037226942,0.0010762505,0.0010993253,0.0004502984,0.582,-0.05,5.086,0.486,-101.848,0.666,-214.742,0.523,-106.934,0.693,-219.827,0.266,-112.894,0.033,0.019,-2.087,-0.379,-4.401,-1.379,-1.985,-0.398,-4.08,-1.412,-2.095,-2.314,-0.191,0.501,0.551,0.632,0.671,0.069,-0.819,0.326,-2.615,2.709,1.794,4.672,-0.621,0.524,2.991,5.159,0.164,0.113,0.64,0.9
2022-08-03,CTD1,4187246,695025,0.013143201,0.019243313,0.025632152,0.0077487477,0.006308474,0.0015764447,0.0015836031,0.00062252267,0.3565,-0.142,12.953,0.426,-77.087,0.506,-106.551,0.536,-90.04,0.605,-119.503,0.102,-29.464,0.1,0.082,-1.976,-0.486,-2.731,-0.826,-1.733,-0.568,-2.3,-0.926,-0.567,-0.755,-0.454,0.36,0.387,0.7,0.716,0.032,-0.478,-0.063,-1.58,2.237,-0.258,2.748,0.104,0.518,2.98,3.66,0.157,-0.026,0.601,0.957
2022-08-03,CTD2,4181518,693105,0.014405838,0.019262835,0.021983474,0.0055038123,0.0034581344,0.00091260223,0.00093256566,0.00037159424,0.48,-0.066,6.425,0.556,-129.779,0.696,-237.26,0.6,-136.204,0.728,-243.685,0.228,-107.481,0.035,0.022,-2.853,-0.449,-5.216,-1.306,-2.624,-0.471,-4.694,-1.341,-2.07,-2.363,-0.304,0.541,0.575,0.725,0.748,0.05,-0.715,0.248,-2.857,3.343,1.576,5.32,-0.45,0.513,3.815,6.071,0.128,0.071,0.6,0.926
2022-08-03,CTD3,4181698,695238,0.013210556,0.01742069,0.01917288,0.005588422,0.004059715,0.0010593833,0.0010712673,0.00042923144,0.498,-0.048,5.246,0.514,-121.538,0.622,-188.92,0.549,-126.784,0.651,-194.166,0.158,-67.381,0.029,0.021,-2.33,-0.493,-3.622,-1.056,-2.209,-0.515,-3.383,-1.085,-1.174,-1.292,-0.182,0.509,0.54,0.632,0.657,0.042,-0.468,0.182,-1.605,2.906,0.86,4.0,-0.276,0.374,3.198,4.402,0.109,0.058,0.629,0.938
2022-08-03,CTD4,4180266,698264,0.017496366,0.02150885,0.025623742,0.008119259,0.005871104,0.0015244668,0.0015302587,0.00060892914,0.763,-0.087,7.466,0.452,-76.671,0.571,-123.833,0.519,-84.138,0.627,-131.299,0.161,-47.162,0.061,0.044,-1.965,-0.45,-3.173,-1.005,-1.81,-0.494,-2.824,-1.066,-1.014,-1.208,-0.294,0.425,0.463,0.639,0.667,0.048,-0.544,0.116,-1.715,2.42,0.508,3.347,-0.192,0.468,2.883,3.987,0.148,0.044,0.629,0.933
2022-08-03,CTD5,4179450,700268,0.026100243,0.035594814,0.03775091,0.0069244094,0.0041821445,0.0010806249,0.0010690757,0.00042173782,0.286,-0.029,1.605,0.674,-116.323,0.79,-211.018,0.69,-117.927,0.801,-212.622,0.247,-94.695,0.011,0.007,-4.391,-0.486,-7.966,-1.461,-4.198,-0.493,-7.568,-1.472,-3.371,-3.575,-0.194,0.684,0.703,0.775,0.789,0.037,-0.713,0.339,-3.886,5.03,3.059,8.328,-0.595,0.457,5.334,8.832,0.084,0.066,0.58,0.939
2022-08-03,CTD6,4176009,695829,0.014673709,0.019094273,0.023191815,0.007391052,0.005034874,0.0013302995,0.0013443296,0.0005377972,0.918,-0.097,9.253,0.442,-82.927,0.583,-146.243,0.517,-92.18,0.643,-155.496,0.19,-63.316,0.068,0.047,-1.923,-0.418,-3.392,-1.081,-1.76,-0.464,-2.969,-1.149,-1.209,-1.468,-0.33,0.415,0.46,0.655,0.686,0.056,-0.645,0.142,-2.023,2.366,0.655,3.474,-0.253,0.533,2.874,4.219,0.17,0.055,0.626,0.923
2022-08-03,CTD7,4176724,690397,0.03021939,0.04454974,0.053803682,0.015059139,0.008584236,0.0022275161,0.00223231,0.00090298033,0.5865,-0.094,3.861,0.495,-43.958,0.677,-94.046,0.563,-47.819,0.725,-97.907,0.274,-50.088,0.058,0.033,-2.365,-0.377,-5.06,-1.416,-2.13,-0.41,-4.362,-1.474,-2.231,-2.695,-0.391,0.473,0.522,0.729,0.759,0.066,-0.926,0.258,-3.309,2.799,1.617,4.91,-0.547,0.638,3.38,5.93,0.178,0.087,0.606,0.906
2022-08-03,CTD8,4174178,693048,0.020048844,0.028278138,0.03776283,0.014041081,0.009246748,0.0024114214,0.0024492084,0.00097038574,1.694,-0.144,8.882,0.336,-35.857,0.507,-72.783,0.458,-44.739,0.607,-81.665,0.206,-36.927,0.125,0.082,-1.354,-0.332,-2.748,-1.022,-1.265,-0.414,-2.309,-1.147,-1.044,-1.394,-0.407,0.303,0.367,0.632,0.674,0.073,-0.77,0.09,-2.07,1.769,0.369,2.686,-0.183,0.677,2.362,3.587,0.252,0.045,0.641,0.907
2022-08-03,CTD9,4171106,693183,0.02064773,0.028455634,0.04168079,0.019436108,0.019081026,0.0054244427,0.0053663678,0.0020813833,0.6930000000000001,-0.189,11.151,0.188,-16.308,0.197,-17.266,0.364,-27.459,0.372,-28.416,0.009,-0.957,0.217,0.213,-0.68,-0.311,-0.72,-0.336,-0.781,-0.524,-0.809,-0.552,-0.027,-0.04,-0.343,0.148,0.153,0.468,0.472,0.005,-0.336,-0.299,-0.72,1.006,-0.653,1.025,0.446,0.483,1.474,1.501,0.225,-0.204,0.683,0.994
2022-08-03,CTD10,4170388,695646,0.013143201,0.018831367,0.024795655,0.006971333,0.005309846,0.001334191,0.0013386733,0.0005313998,0.7665,-0.137,12.773,0.46,-90.342,0.56,-135.226,0.561,-103.115,0.647,-148.0,0.135,-44.885,0.089,0.068,-2.24,-0.48,-3.353,-0.943,-1.942,-0.548,-2.787,-1.032,-0.845,-1.113,-0.486,0.394,0.426,0.738,0.755,0.038,-0.553,-0.002,-1.968,2.487,-0.01,3.265,0.004,0.555,3.275,4.3,0.156,-0.001,0.591,0.948
2022-08-03,CTD11,4169609,700351,0.010122627,0.012948367,0.016679926,0.0051671523,0.0038993063,0.0010585266,0.0010238001,0.0004181371,0.9975,-0.126,17.278,0.43,-116.3,0.537,-179.226,0.527,-133.578,0.621,-196.504,0.14,-62.926,0.089,0.067,-1.94,-0.453,-2.989,-0.926,-1.73,-0.521,-2.544,-1.015,-0.815,-1.05,-0.412,0.378,0.414,0.683,0.706,0.043,-0.549,0.022,-1.772,2.272,0.093,3.011,-0.037,0.534,2.927,3.879,0.165,0.009,0.611,0.942
2022-08-03,CTD12,4173438,695414,0.029993216,0.0390196,0.04728515,0.018201051,0.012036797,0.003182874,0.003249075,0.0012803664,0.899,-0.096,4.48,0.364,-29.314,0.528,-57.45,0.444,-33.794,0.594,-61.93,0.204,-28.137,0.082,0.054,-1.386,-0.353,-2.717,-1.046,-1.319,-0.407,-2.416,-1.127,-1.098,-1.33,-0.273,0.351,0.412,0.57,0.616,0.071,-0.687,0.164,-1.785,1.889,0.644,2.857,-0.3,0.551,2.289,3.462,0.212,0.076,0.663,0.906
2022-09-07,CTD1,4187246,695025,0.00877037,0.012079395,0.020609548,0.007997524,0.008363387,0.0021937026,0.0021101427,0.0008417357,1.8425,-0.261,34.264,0.203,-42.253,0.182,-36.783,0.441,-76.517,0.423,-71.048,-0.022,5.47,0.274,0.287,-0.871,-0.353,-0.758,-0.294,-0.924,-0.64,-0.858,-0.568,0.066,0.113,-0.521,0.141,0.13,0.617,0.61,-0.011,-0.37,-0.46,-0.954,1.105,-1.133,1.056,0.75,0.66,1.885,1.802,0.256,-0.304,0.614,1.013
2022-09-07,CTD2,4181518,693105,0.0067557404,0.01001763,0.014118794,0.00333564,0.0025115258,0.00059234095,0.00059754954,0.00023608963,0.8125,-0.17,28.996,0.5,-199.969,0.599,-298.34,0.618,-228.965,0.698,-327.337,0.141,-98.372,0.097,0.073,-2.823,-0.502,-4.212,-0.995,-2.294,-0.575,-3.279,-1.092,-0.985,-1.389,-0.701,0.402,0.43,0.861,0.869,0.034,-0.619,-0.043,-2.618,2.825,-0.244,3.752,0.081,0.656,3.982,5.289,0.155,-0.014,0.553,0.953
2022-09-07,CTD3,4181698,695238,0.0091561135,0.013027324,0.016460253,0.0042551737,0.0030763939,0.00071708637,0.00073778944,0.0002892836,0.6365000000000001,-0.116,16.009,0.508,-158.246,0.618,-248.294,0.589,-174.256,0.685,-264.303,0.161,-90.048,0.068,0.049,-2.605,-0.487,-4.087,-1.057,-2.27,-0.536,-3.443,-1.125,-1.173,-1.482,-0.468,0.449,0.48,0.758,0.774,0.04,-0.592,0.068,-2.289,2.875,0.366,3.976,-0.12,0.541,3.632,5.024,0.14,0.022,0.586,0.943
2022-09-07,CTD4,4180266,698264,0.00586795,0.00876246,0.012219041,0.0033621883,0.0024986125,0.00059664523,0.0006035226,0.00023864715,0.5025,-0.165,32.284,0.445,-183.302,0.556,-286.099,0.568,-215.586,0.66,-318.383,0.147,-102.797,0.109,0.081,-2.24,-0.458,-3.496,-0.962,-1.889,-0.539,-2.79,-1.07,-0.901,-1.256,-0.59,0.367,0.402,0.787,0.802,0.041,-0.629,-0.026,-2.284,2.402,-0.127,3.232,0.049,0.651,3.349,4.507,0.179,-0.01,0.578,0.945
2022-09-07,CTD5,4179450,700268,0.009906888,0.015582373,0.018169876,0.0027016143,0.0017870987,0.00044212944,0.0004392821,0.00016950222,0.305,-0.077,9.139,0.704,-305.974,0.794,-495.391,0.741,-315.113,0.821,-504.53,0.204,-189.417,0.025,0.016,-5.56,-0.547,-9.001,-1.338,-4.91,-0.563,-7.862,-1.363,-2.952,-3.442,-0.576,0.645,0.661,0.891,0.896,0.027,-0.654,0.196,-4.399,5.669,1.994,8.571,-0.346,0.505,6.611,9.994,0.075,0.034,0.542,0.956
2022-09-07,CTD6,4176009,695829,0.010112403,0.0144923,0.019819232,0.005086259,0.00372406,0.00088047836,0.0008745411,0.00035074636,0.633,-0.155,18.546,0.48,-127.606,0.591,-199.522,0.592,-146.152,0.684,-218.068,0.155,-71.916,0.094,0.069,-2.529,-0.475,-3.954,-1.015,-2.118,-0.544,-3.16,-1.109,-1.042,-1.425,-0.605,0.4,0.432,0.809,0.822,0.04,-0.635,-0.001,-2.473,2.661,-0.005,3.635,0.002,0.635,3.64,4.971,0.163,-0.0,0.571,0.945
2022-09-07,CTD7,4176724,690397,0.05428955,0.08079514,0.10923742,0.047986694,0.028059172,0.0068318425,0.0068069166,0.0026318557,0.798,-0.15,3.223,0.255,-8.462,0.484,-23.262,0.39,-11.685,0.591,-26.485,0.262,-14.8,0.155,0.09,-0.924,-0.237,-2.541,-1.116,-0.944,-0.328,-2.14,-1.271,-1.196,-1.617,-0.374,0.239,0.335,0.563,0.63,0.105,-0.971,0.155,-2.209,1.427,0.603,2.44,-0.358,0.767,1.929,3.299,0.337,0.092,0.678,0.873
2022-09-07,CTD8,4174178,693048,0.02404611,0.038480986,0.056170627,0.019450108,0.012135243,0.0030057766,0.0029848292,0.001186737,1.0825,-0.187,8.184,0.329,-25.427,0.52,-56.418,0.486,-33.611,0.645,-64.602,0.232,-30.991,0.159,0.099,-1.428,-0.309,-3.169,-1.097,-1.293,-0.408,-2.486,-1.257,-1.193,-1.741,-0.56,0.279,0.348,0.725,0.76,0.077,-0.918,0.061,-2.65,1.762,0.283,2.825,-0.143,0.836,2.573,4.123,0.289,0.031,0.612,0.903
2022-09-07,CTD9,4171106,693183,0.011305545,0.017064305,0.0300757,0.013817461,0.013373653,0.003715767,0.0035261537,0.0014211218,0.293,-0.276,25.352,0.105,-13.77,0.121,-16.172,0.37,-39.123,0.384,-41.524,0.016,-2.402,0.35,0.339,-0.414,-0.184,-0.486,-0.223,-0.668,-0.523,-0.709,-0.574,-0.041,-0.072,-0.479,0.075,0.084,0.534,0.541,0.009,-0.466,-0.401,-1.014,0.79,-0.901,0.817,0.729,0.795,1.393,1.439,0.365,-0.324,0.655,0.99
2022-09-07,CTD10,4170388,695646,0.007286558,0.010733564,0.016265066,0.0048936317,0.0036484497,0.00089973223,0.0008878474,0.00035903687,0.6105,-0.205,31.684,0.374,-111.182,0.493,-180.923,0.537,-142.866,0.634,-212.608,0.146,-69.742,0.155,0.116,-1.808,-0.406,-2.943,-0.885,-1.533,-0.521,-2.282,-1.04,-0.749,-1.134,-0.648,0.293,0.335,0.791,0.807,0.046,-0.681,-0.086,-2.265,1.969,-0.382,2.641,0.174,0.77,2.984,4.002,0.232,-0.039,0.579,0.941
2022-09-07,CTD11,4169609,700351,0.007486925,0.011010037,0.016802013,0.0050584627,0.0041296156,0.0009873516,0.00097242655,0.00038727993,0.3195,-0.208,31.31,0.37,-106.862,0.454,-151.327,0.537,-138.172,0.605,-182.637,0.101,-44.465,0.158,0.129,-1.796,-0.441,-2.543,-0.765,-1.521,-0.571,-2.011,-0.924,-0.49,-0.747,-0.63,0.284,0.315,0.776,0.789,0.033,-0.57,-0.161,-1.892,1.931,-0.655,2.365,0.301,0.71,2.946,3.609,0.214,-0.074,0.578,0.958
2022-09-07,CTD12,4173438,695414,0.01304505,0.019406587,0.027011551,0.0073253363,0.0049629314,0.0012062836,0.0012146394,0.00048025188,0.6779999999999999,-0.164,14.508,0.452,-84.984,0.593,-149.965,0.573,-99.491,0.69,-164.473,0.192,-64.981,0.106,0.072,-2.296,-0.422,-4.051,-1.099,-1.931,-0.494,-3.192,-1.205,-1.261,-1.755,-0.619,0.378,0.421,0.808,0.825,0.051,-0.758,0.041,-2.793,2.466,0.223,3.639,-0.084,0.714,3.432,5.065,0.194,0.015,0.576,0.931
2022-09-27,CTD1,4187246,695025,0.00625468,0.008673769,0.014170105,0.0047623315,0.004665048,0.0011445236,0.0011342934,0.0004475771,0.5,-0.241,44.719,0.291,-94.691,0.301,-99.07,0.497,-139.41,0.505,-143.789,0.01,-4.379,0.213,0.209,-1.342,-0.442,-1.404,-0.472,-1.209,-0.65,-1.247,-0.685,-0.038,-0.062,-0.583,0.208,0.212,0.705,0.707,0.004,-0.409,-0.367,-1.216,1.492,-1.116,1.523,0.613,0.654,2.438,2.488,0.22,-0.202,0.588,0.995
2022-09-27,CTD2,4181518,693105,0.011340093,0.015582373,0.020257536,0.0068025663,0.004895806,0.0013115784,0.0013091352,0.0005276491,0.56,-0.13,14.811,0.392,-82.828,0.522,-140.081,0.497,-97.639,0.611,-154.892,0.163,-57.253,0.101,0.073,-1.678,-0.406,-2.838,-0.953,-1.521,-0.478,-2.414,-1.054,-0.892,-1.16,-0.4,0.349,0.395,0.657,0.686,0.053,-0.62,0.05,-1.847,2.049,0.205,2.847,-0.089,0.58,2.664,3.701,0.195,0.022,0.625,0.93
2022-09-27,CTD3,4181698,695238,0.008139451,0.012230866,0.013979843,0.0029815508,0.0019777692,0.00048118026,0.00048801376,0.00018885355,0.698,-0.067,10.229,0.608,-253.636,0.722,-423.86,0.648,-263.864,0.752,-434.089,0.202,-170.224,0.03,0.02,-3.546,-0.502,-5.925,-1.264,-3.227,-0.522,-5.309,-1.294,-2.082,-2.38,-0.353,0.58,0.604,0.774,0.789,0.038,-0.633,0.212,-2.966,3.961,1.495,5.971,-0.365,0.48,4.527,6.825,0.102,0.052,0.58,0.941
2022-09-27,CTD4,4180266,698264,0.008433032,0.011671943,0.016807584,0.0044605387,0.0034998532,0.000828773,0.0008597644,0.00033207898,0.44,-0.18,26.179,0.447,-138.513,0.539,-200.051,0.581,-164.691,0.655,-226.229,0.121,-61.538,0.117,0.092,-2.328,-0.485,-3.362,-0.892,-1.922,-0.576,-2.641,-1.009,-0.718,-1.034,-0.645,0.355,0.384,0.814,0.825,0.034,-0.58,-0.09,-2.186,2.408,-0.433,3.07,0.166,0.655,3.468,4.42,0.174,-0.034,0.566,0.955
2022-09-27,CTD5,4179450,700268,0.018823363,0.026233446,0.0322905,0.010133371,0.0070313644,0.0017414264,0.0017075258,0.0006791147,0.312,-0.103,7.15,0.443,-60.565,0.577,-104.101,0.522,-67.715,0.642,-111.251,0.181,-43.536,0.072,0.05,-1.956,-0.426,-3.361,-1.055,-1.776,-0.476,-2.918,-1.127,-1.142,-1.406,-0.353,0.409,0.453,0.666,0.695,0.053,-0.629,0.119,-2.004,2.371,0.544,3.417,-0.21,0.537,2.919,4.206,0.169,0.046,0.621,0.927
2022-09-27,CTD6,4176009,695829,0.01019107,0.015124429,0.021373983,0.0065961215,0.005034874,0.0012324468,0.0012181874,0.00048468309,0.728,-0.171,19.332,0.393,-85.486,0.5,-132.497,0.528,-104.818,0.619,-151.829,0.134,-47.01,0.128,0.097,-1.827,-0.43,-2.832,-0.874,-1.585,-0.528,-2.296,-1.001,-0.711,-1.005,-0.537,0.323,0.361,0.733,0.752,0.043,-0.602,-0.056,-1.952,2.057,-0.236,2.695,0.103,0.65,2.907,3.809,0.201,-0.024,0.595,0.944
2022-09-27,CTD7,4176724,690397,0.023215184,0.038274556,0.063206986,0.026000831,0.018541498,0.0047578476,0.004723138,0.001873908,1.975,-0.246,10.306,0.191,-12.333,0.347,-27.806,0.417,-22.639,0.546,-38.112,0.167,-15.473,0.268,0.191,-0.78,-0.229,-1.758,-0.723,-0.867,-0.42,-1.459,-0.991,-0.592,-0.978,-0.56,0.15,0.221,0.655,0.695,0.074,-0.797,-0.108,-1.937,1.179,-0.367,1.653,0.249,0.938,1.947,2.73,0.386,-0.073,0.633,0.916
2022-09-27,CTD8,4174178,693048,0.014936377,0.024194848,0.040086642,0.016474828,0.011686946,0.0030419854,0.0030263904,0.0012209823,2.082,-0.247,16.385,0.19,-19.368,0.349,-44.234,0.417,-35.753,0.549,-60.62,0.17,-24.867,0.27,0.191,-0.776,-0.226,-1.773,-0.729,-0.865,-0.418,-1.467,-0.999,-0.602,-0.997,-0.564,0.149,0.221,0.658,0.698,0.074,-0.806,-0.106,-1.961,1.177,-0.363,1.659,0.247,0.947,1.95,2.749,0.389,-0.072,0.633,0.915
2022-09-27,CTD9,4171106,693183,0.015475878,0.024025718,0.040705305,0.023051992,0.019627348,0.005429259,0.005402359,0.0021524208,0.71,-0.258,17.055,0.021,-1.758,0.101,-9.327,0.277,-18.813,0.349,-26.382,0.08,-7.569,0.393,0.335,-0.072,-0.035,-0.38,-0.215,-0.452,-0.369,-0.634,-0.608,-0.182,-0.308,-0.391,0.016,0.069,0.404,0.448,0.053,-0.584,-0.261,-1.032,0.56,-0.542,0.658,0.52,0.843,0.949,1.114,0.477,-0.251,0.727,0.946
2022-09-27,CTD10,4170388,695646,0.017875541,0.027459899,0.041512553,0.01759251,0.012752329,0.0034038292,0.0033885227,0.0013517403,0.925,-0.204,12.328,0.219,-20.426,0.366,-42.0,0.405,-32.753,0.53,-54.328,0.16,-21.575,0.217,0.157,-0.848,-0.26,-1.744,-0.739,-0.899,-0.418,-1.492,-0.956,-0.592,-0.896,-0.463,0.182,0.249,0.595,0.638,0.07,-0.718,-0.063,-1.694,1.254,-0.206,1.73,0.132,0.787,1.895,2.615,0.333,-0.041,0.653,0.918
2022-09-27,CTD11,4169609,700351,0.009341776,0.013770037,0.020568628,0.006331513,0.004835143,0.0011759078,0.0012010626,0.0004725561,0.605,-0.198,24.004,0.37,-85.319,0.48,-134.198,0.529,-109.322,0.619,-158.201,0.134,-48.879,0.152,0.116,-1.755,-0.413,-2.76,-0.85,-1.505,-0.529,-2.178,-1.002,-0.673,-1.005,-0.609,0.293,0.332,0.765,0.783,0.044,-0.64,-0.094,-2.079,1.94,-0.401,2.54,0.184,0.73,2.897,3.794,0.225,-0.043,0.585,0.944
2022-09-27,CTD12,4173438,695414,0.019846173,0.029454628,0.042848006,0.013867973,0.0101603195,0.0025187281,0.0025308218,0.0010013673,1.306,-0.185,10.612,0.36,-38.158,0.487,-64.472,0.511,-48.77,0.617,-75.084,0.154,-26.314,0.147,0.108,-1.635,-0.388,-2.762,-0.894,-1.437,-0.496,-2.212,-1.041,-0.775,-1.127,-0.557,0.294,0.34,0.732,0.755,0.051,-0.677,-0.045,-2.093,1.887,-0.191,2.575,0.09,0.722,2.745,3.746,0.234,-0.021,0.599,0.935
2023-01-10,CTD1,4187246,695025,0.0044269734,0.005763349,0.008064581,0.0021371015,0.0019719766,0.00049717707,0.00049664814,0.00019688715,0.9905,-0.166,49.511,0.459,-294.413,0.49,-333.595,0.581,-343.924,0.607,-383.106,0.04,-39.182,0.106,0.098,-2.374,-0.581,-2.69,-0.713,-1.982,-0.678,-2.208,-0.819,-0.226,-0.316,-0.56,0.361,0.372,0.766,0.771,0.012,-0.369,-0.208,-1.393,2.452,-0.851,2.658,0.316,0.477,3.431,3.719,0.126,-0.077,0.571,0.984
2023-01-10,CTD2,4181518,693105,0.0042544105,0.0056146556,0.008024476,0.0020255463,0.0017967802,0.00044914975,0.00044728752,0.000175241,1.0750000000000002,-0.177,53.487,0.47,-315.589,0.515,-378.446,0.597,-369.075,0.634,-431.932,0.06,-62.857,0.108,0.096,-2.532,-0.567,-3.037,-0.767,-2.072,-0.663,-2.425,-0.875,-0.353,-0.504,-0.63,0.365,0.38,0.809,0.815,0.017,-0.428,-0.187,-1.694,2.548,-0.837,2.872,0.302,0.542,3.642,4.105,0.137,-0.068,0.56,0.977
2023-01-10,CTD3,4181698,695238,0.0051933387,0.006936573,0.0063540237,0.001086308,0.00076066004,0.00018372461,0.00018122817,6.9651316e-05,1.1045,0.044,-13.217,0.729,-776.386,0.802,-1170.484,0.708,-763.169,0.786,-1157.267,0.176,-394.099,-0.014,-0.01,-4.933,-0.591,-7.437,-1.272,-5.294,-0.581,-8.027,-1.257,-2.734,-2.504,0.315,0.822,0.83,0.684,0.697,0.025,-0.336,0.391,-1.968,6.266,3.27,8.948,-0.512,0.216,5.74,8.197,0.037,0.061,0.604,0.956
2023-01-10,CTD4,4180266,698264,0.008651511,0.01329863,0.01825445,0.0036259843,0.002756238,0.0006414124,0.0006337998,0.00024226644,1.334,-0.157,20.415,0.572,-200.591,0.657,-287.618,0.669,-221.006,0.738,-308.032,0.136,-87.026,0.074,0.056,-3.662,-0.553,-5.25,-1.043,-2.939,-0.609,-4.096,-1.117,-1.157,-1.589,-0.777,0.46,0.482,0.911,0.916,0.028,-0.587,-0.032,-2.955,3.517,-0.209,4.626,0.057,0.613,4.827,6.35,0.122,-0.009,0.536,0.96
2023-01-10,CTD5,4179450,700268,0.020886337,0.031158548,0.036321003,0.0070813363,0.0047269403,0.0011826903,0.0011180349,0.00044199973,0.7015,-0.077,4.562,0.63,-109.122,0.737,-179.459,0.674,-113.684,0.77,-184.021,0.199,-70.337,0.032,0.022,-3.963,-0.516,-6.518,-1.271,-3.542,-0.537,-5.734,-1.303,-2.192,-2.555,-0.437,0.587,0.609,0.815,0.826,0.035,-0.64,0.19,-3.284,4.27,1.463,6.397,-0.332,0.498,4.977,7.457,0.097,0.043,0.567,0.946
2023-01-10,CTD6,4176009,695829,0.008126011,0.010940214,0.012667019,0.002979713,0.0020706633,0.0005277152,0.00052336085,0.00021086457,1.1425,-0.073,12.461,0.572,-244.197,0.682,-391.531,0.619,-256.658,0.719,-403.992,0.18,-147.334,0.037,0.026,-3.093,-0.506,-4.96,-1.167,-2.808,-0.531,-4.42,-1.204,-1.612,-1.866,-0.342,0.54,0.567,0.745,0.761,0.039,-0.575,0.169,-2.446,3.508,1.032,5.048,-0.281,0.463,4.062,5.845,0.109,0.046,0.59,0.942
2023-01-10,CTD7,4176724,690397,0.032207686,0.047985606,0.06213296,0.016178261,0.009879493,0.0024541868,0.002368256,0.000935598,1.358,-0.128,4.745,0.496,-40.972,0.659,-80.38,0.587,-45.717,0.726,-85.125,0.242,-39.408,0.077,0.047,-2.546,-0.405,-4.994,-1.3,-2.194,-0.452,-4.085,-1.377,-1.891,-2.449,-0.543,0.442,0.487,0.794,0.814,0.057,-0.865,0.162,-3.323,2.807,1.017,4.597,-0.343,0.684,3.635,5.952,0.178,0.054,0.583,0.92
2023-01-10,CTD8,4174178,693048,0.018219257,0.026373046,0.03546549,0.008275704,0.006264912,0.0014273027,0.0013753367,0.0005481651,1.517,-0.147,9.721,0.522,-82.918,0.616,-121.702,0.622,-92.639,0.7,-131.423,0.138,-38.784,0.08,0.061,-2.941,-0.519,-4.316,-1.007,-2.443,-0.58,-3.466,-1.088,-1.023,-1.375,-0.625,0.434,0.46,0.833,0.843,0.033,-0.577,-0.013,-2.474,3.01,-0.076,3.976,0.024,0.588,4.048,5.347,0.137,-0.004,0.56,0.954
2023-01-10,CTD9,4171106,693183,0.01622725,0.020796688,0.030487638,0.015504261,0.015226877,0.004179519,0.0041003604,0.001609121,0.5765,-0.189,15.284,0.146,-16.414,0.155,-17.589,0.326,-31.698,0.334,-32.873,0.009,-1.175,0.237,0.233,-0.5,-0.25,-0.536,-0.273,-0.659,-0.483,-0.684,-0.51,-0.024,-0.036,-0.315,0.116,0.121,0.416,0.42,0.005,-0.336,-0.3,-0.661,0.842,-0.601,0.857,0.448,0.484,1.234,1.257,0.246,-0.224,0.708,0.994
2023-01-10,CTD10,4170388,695646,0.00573447,0.0068619368,0.010192585,0.0032626656,0.0030973228,0.0007699247,0.0007530198,0.00029984783,0.975,-0.195,47.621,0.355,-160.766,0.378,-177.128,0.515,-208.387,0.534,-224.749,0.026,-16.362,0.155,0.147,-1.639,-0.498,-1.805,-0.578,-1.43,-0.645,-1.542,-0.733,-0.112,-0.167,-0.524,0.271,0.28,0.696,0.701,0.01,-0.38,-0.276,-1.188,1.799,-0.909,1.895,0.432,0.536,2.673,2.815,0.172,-0.131,0.594,0.988
2023-01-10,CTD11,4169609,700351,0.011600776,0.018285098,0.021708945,0.004580667,0.003109515,0.0007899832,0.0007626923,0.00030228499,0.6859999999999999,-0.086,8.625,0.599,-163.619,0.709,-266.904,0.652,-172.245,0.749,-275.53,0.191,-103.285,0.04,0.027,-3.552,-0.509,-5.794,-1.223,-3.15,-0.536,-5.038,-1.262,-1.889,-2.242,-0.445,0.552,0.577,0.801,0.813,0.037,-0.631,0.163,-2.99,3.849,1.141,5.669,-0.286,0.508,4.569,6.731,0.107,0.041,0.572,0.944
2023-01-10,CTD12,4173438,695414,0.0064746654,0.008808629,0.011900045,0.0026750148,0.0020891966,0.00052697415,0.0005167001,0.00020293416,1.046,-0.149,29.492,0.534,-260.305,0.617,-365.128,0.633,-289.796,0.701,-394.62,0.123,-104.823,0.079,0.062,-3.098,-0.544,-4.345,-0.977,-2.553,-0.605,-3.476,-1.056,-0.923,-1.247,-0.649,0.438,0.461,0.847,0.854,0.028,-0.54,-0.041,-2.403,3.117,-0.232,3.991,0.071,0.57,4.211,5.392,0.128,-0.012,0.555,0.96
2023-03-01,CTD1,4187246,695025,0.0044296137,0.005909445,0.01037797,0.002401496,0.002727479,0.00062627374,0.0006496332,0.00023993869,0.3804999999999999,-0.274,72.863,0.422,-247.186,0.368,-197.418,0.624,-320.049,0.584,-270.281,-0.064,49.768,0.175,0.199,-2.565,-0.674,-2.049,-0.474,-1.891,-0.873,-1.597,-0.649,0.294,0.516,-0.871,0.268,0.249,0.924,0.921,-0.02,-0.311,-0.566,-1.344,2.198,-2.155,1.935,0.876,0.62,3.86,3.399,0.144,-0.23,0.51,1.026
2023-03-01,CTD2,4181518,693105,0.007610613,0.010892712,0.014781681,0.0023479825,0.0019509174,0.00043337306,0.0004400294,0.00016280734,0.4405,-0.151,24.153,0.645,-334.093,0.696,-420.775,0.726,-358.246,0.767,-444.928,0.092,-86.682,0.057,0.047,-4.938,-0.652,-6.22,-0.988,-3.902,-0.699,-4.846,-1.045,-0.944,-1.281,-0.905,0.511,0.522,0.968,0.969,0.015,-0.467,-0.094,-2.938,4.507,-0.712,5.425,0.153,0.526,6.116,7.361,0.084,-0.02,0.516,0.977
2023-03-01,CTD3,4181698,695238,0.010119217,0.014423739,0.016735308,0.0029171754,0.0023235984,0.00051493454,0.0005196472,0.00019551857,0.516,-0.074,9.576,0.664,-273.467,0.723,-361.037,0.703,-283.043,0.756,-370.613,0.113,-87.57,0.028,0.022,-4.577,-0.635,-6.042,-1.053,-4.083,-0.658,-5.346,-1.081,-1.263,-1.466,-0.441,0.604,0.616,0.825,0.831,0.019,-0.394,0.065,-2.258,4.806,0.471,6.033,-0.095,0.364,5.576,7.0,0.063,0.013,0.557,0.97
2023-03-01,CTD4,4180266,698264,0.033061747,0.040406294,0.047936123,0.016078604,0.012272475,0.0032428175,0.0032577987,0.0012610431,0.477,-0.085,3.888,0.431,-37.446,0.534,-56.735,0.498,-41.333,0.592,-60.622,0.134,-19.289,0.063,0.048,-1.795,-0.46,-2.72,-0.912,-1.67,-0.507,-2.45,-0.975,-0.779,-0.925,-0.266,0.404,0.439,0.605,0.631,0.043,-0.467,0.08,-1.393,2.257,0.311,2.957,-0.124,0.423,2.678,3.508,0.142,0.032,0.639,0.941
2023-03-01,CTD5,4179450,700268,0.042594496,0.05848049,0.06853304,0.020823564,0.011948393,0.0029700121,0.0029229335,0.0011420922,0.3339999999999999,-0.079,2.508,0.475,-30.923,0.661,-66.594,0.534,-33.431,0.703,-69.102,0.271,-35.671,0.052,0.03,-2.119,-0.369,-4.564,-1.387,-1.955,-0.399,-4.041,-1.439,-2.086,-2.445,-0.307,0.468,0.521,0.677,0.714,0.07,-0.889,0.28,-2.927,2.634,1.603,4.591,-0.571,0.598,3.087,5.38,0.182,0.1,0.624,0.901
2023-03-01,CTD6,4176009,695829,0.012128663,0.016590942,0.017835483,0.0029037998,0.0020469406,0.0004954615,0.00048478256,0.00018633585,0.2644999999999999,-0.036,4.206,0.702,-284.103,0.78,-428.26,0.72,-288.308,0.794,-432.466,0.173,-144.158,0.012,0.009,-5.067,-0.582,-7.638,-1.244,-4.783,-0.59,-7.175,-1.256,-2.392,-2.571,-0.251,0.688,0.701,0.801,0.81,0.025,-0.488,0.225,-3.0,5.599,1.963,7.942,-0.344,0.37,6.019,8.538,0.06,0.039,0.566,0.959
2023-03-01,CTD7,4176724,690397,0.033913292,0.050238766,0.053819627,0.00658214,0.0040088994,0.001091207,0.0009716417,0.00038859405,0.2345,-0.034,1.324,0.768,-132.021,0.852,-229.54,0.782,-133.346,0.861,-230.864,0.243,-97.519,0.009,0.005,-7.105,-0.529,-12.354,-1.511,-6.699,-0.535,-11.598,-1.52,-4.899,-5.248,-0.338,0.755,0.765,0.871,0.877,0.025,-0.708,0.324,-5.792,7.558,4.355,12.41,-0.571,0.462,8.097,13.294,0.057,0.043,0.546,0.957
2023-03-01,CTD8,4174178,693048,0.044644892,0.06048541,0.07130349,0.019227259,0.012018133,0.0029255995,0.0028815498,0.0011138364,0.3795,-0.082,2.508,0.518,-35.477,0.668,-66.675,0.575,-37.985,0.712,-69.183,0.231,-31.198,0.048,0.03,-2.53,-0.426,-4.754,-1.282,-2.298,-0.457,-4.185,-1.33,-1.887,-2.225,-0.346,0.495,0.535,0.718,0.744,0.055,-0.752,0.223,-2.787,2.977,1.324,4.763,-0.421,0.554,3.51,5.615,0.149,0.071,0.605,0.92
2023-03-01,CTD9,4171106,693183,0.021800704,0.028861025,0.03964964,0.01764993,0.015545425,0.0043350304,0.0041819345,0.0016457286,0.1825,-0.157,9.428,0.241,-22.009,0.3,-29.679,0.384,-31.437,0.437,-39.107,0.063,-7.67,0.166,0.147,-0.873,-0.342,-1.177,-0.524,-0.907,-0.489,-1.129,-0.69,-0.221,-0.304,-0.325,0.203,0.232,0.495,0.518,0.031,-0.407,-0.153,-0.915,1.243,-0.39,1.411,0.238,0.493,1.708,1.939,0.219,-0.093,0.679,0.963
2023-03-01,CTD10,4170388,695646,0.019302104,0.028110905,0.028720131,0.004183647,0.002717023,0.00069791405,0.0006674577,0.0002599708,0.2239999999999999,-0.011,0.755,0.741,-203.453,0.824,-332.477,0.746,-204.207,0.827,-333.231,0.213,-129.024,0.003,0.002,-5.843,-0.553,-9.549,-1.391,-5.74,-0.555,-9.367,-1.394,-3.627,-3.706,-0.088,0.761,0.772,0.796,0.805,0.026,-0.561,0.329,-3.851,6.625,3.481,10.201,-0.518,0.372,6.768,10.422,0.054,0.049,0.568,0.955
2023-03-01,CTD11,4169609,700351,0.018626211,0.02739646,0.034816016,0.009764415,0.0066250362,0.0016048708,0.0015890487,0.00062224193,0.1935,-0.119,7.779,0.474,-65.912,0.611,-114.442,0.562,-73.69,0.68,-122.22,0.192,-48.53,0.076,0.052,-2.295,-0.437,-3.984,-1.117,-2.019,-0.488,-3.348,-1.193,-1.33,-1.69,-0.453,0.425,0.466,0.736,0.759,0.05,-0.687,0.108,-2.449,2.615,0.57,3.855,-0.203,0.592,3.324,4.899,0.166,0.039,0.597,0.93
2023-03-01,CTD12,4173438,695414,0.012616866,0.017533189,0.020946722,0.0041615004,0.0028376896,0.00071035797,0.00069611147,0.00027399094,0.218,-0.089,9.295,0.616,-183.263,0.721,-295.365,0.669,-192.558,0.761,-304.659,0.189,-112.101,0.039,0.026,-3.839,-0.52,-6.187,-1.229,-3.376,-0.546,-5.342,-1.268,-1.965,-2.348,-0.488,0.562,0.585,0.824,0.835,0.034,-0.629,0.155,-3.168,4.078,1.145,5.98,-0.272,0.513,4.872,7.144,0.102,0.037,0.564,0.947
2023-03-16,CTD1,4187246,695025,0.004890207,0.0071799364,0.012392107,0.0032688428,0.002973132,0.0007029125,0.00069743674,0.00027530044,0.416,-0.266,58.58,0.374,-166.642,0.414,-197.069,0.583,-225.222,0.613,-255.649,0.047,-30.427,0.191,0.174,-2.065,-0.495,-2.442,-0.644,-1.617,-0.67,-1.836,-0.836,-0.218,-0.377,-0.835,0.255,0.269,0.899,0.901,0.015,-0.52,-0.33,-1.972,1.957,-1.376,2.151,0.626,0.816,3.377,3.713,0.215,-0.15,0.534,0.981
2023-03-16,CTD2,4181518,693105,0.009893569,0.01333915,0.01258428,0.0020941691,0.0013549718,0.00035796218,0.00035181243,0.00014157467,0.5595,0.029,-4.497,0.729,-402.549,0.816,-663.055,0.715,-398.052,0.806,-658.559,0.214,-260.506,-0.009,-0.006,-5.066,-0.545,-8.344,-1.389,-5.31,-0.539,-8.785,-1.379,-3.475,-3.278,0.219,0.807,0.816,0.714,0.728,0.029,-0.486,0.413,-2.918,6.262,3.835,9.678,-0.602,0.296,5.908,9.13,0.049,0.065,0.595,0.95
2023-03-16,CTD3,4181698,695238,0.011018176,0.015513854,0.017495658,0.0038404258,0.0026442292,0.00068830315,0.0006856178,0.000275629,0.4695,-0.06,7.301,0.603,-195.929,0.709,-313.724,0.64,-203.231,0.737,-321.025,0.184,-117.794,0.028,0.019,-3.428,-0.518,-5.489,-1.205,-3.153,-0.537,-4.98,-1.233,-1.827,-2.061,-0.306,0.58,0.603,0.752,0.767,0.036,-0.566,0.198,-2.577,3.888,1.311,5.648,-0.325,0.439,4.385,6.369,0.096,0.049,0.586,0.944
2023-03-16,CTD4,4180266,698264,0.012864128,0.01849672,0.019281272,0.004910336,0.0030774912,0.0008294169,0.0008317347,0.00033844824,0.361,-0.021,2.2,0.58,-149.588,0.715,-270.876,0.594,-151.788,0.725,-273.076,0.229,-121.288,0.011,0.007,-2.884,-0.46,-5.223,-1.33,-2.808,-0.467,-5.051,-1.341,-2.243,-2.339,-0.098,0.608,0.637,0.666,0.692,0.049,-0.636,0.333,-2.498,3.607,2.084,5.756,-0.553,0.416,3.76,6.0,0.106,0.088,0.62,0.924
2023-03-16,CTD5,4179450,700268,0.015286966,0.02330544,0.029659187,0.0072215046,0.0044561727,0.0011581947,0.0011916112,0.00047214414,0.162,-0.12,9.192,0.527,-95.567,0.679,-181.499,0.608,-104.759,0.739,-190.691,0.237,-85.933,0.066,0.041,-2.834,-0.426,-5.383,-1.311,-2.441,-0.467,-4.444,-1.377,-2.003,-2.549,-0.544,0.471,0.511,0.808,0.826,0.052,-0.835,0.169,-3.429,3.077,1.123,4.986,-0.348,0.656,3.916,6.346,0.16,0.052,0.576,0.925
2023-03-16,CTD6,4176009,695829,0.010392357,0.014531626,0.015162735,0.0037734215,0.002478967,0.00066435337,0.0006604563,0.00026936003,0.3125,-0.021,2.864,0.588,-196.196,0.709,-334.578,0.601,-199.06,0.719,-337.443,0.207,-138.382,0.011,0.007,-2.975,-0.486,-5.073,-1.263,-2.893,-0.493,-4.904,-1.273,-2.011,-2.098,-0.101,0.61,0.636,0.67,0.693,0.044,-0.564,0.301,-2.266,3.688,1.844,5.613,-0.479,0.386,3.848,5.857,0.096,0.078,0.616,0.932
2023-03-16,CTD7,4176724,690397,0.0110219065,0.017533189,0.024375081,0.005309529,0.003942735,0.00091008295,0.00094008195,0.00036925927,0.5875,-0.163,16.009,0.535,-131.306,0.633,-196.596,0.642,-147.315,0.722,-212.606,0.148,-65.29,0.085,0.063,-3.201,-0.518,-4.792,-1.044,-2.583,-0.581,-3.728,-1.129,-1.145,-1.591,-0.739,0.432,0.458,0.888,0.894,0.033,-0.627,-0.023,-2.88,3.14,-0.144,4.229,0.044,0.648,4.366,5.879,0.141,-0.007,0.545,0.954
2023-03-16,CTD8,4174178,693048,0.009348035,0.01409063,0.016575212,0.0036026738,0.002542845,0.0006560294,0.00065158494,0.0002620225,0.291,-0.081,10.638,0.593,-206.602,0.694,-322.291,0.643,-217.241,0.734,-332.929,0.172,-115.689,0.038,0.027,-3.424,-0.525,-5.342,-1.161,-3.061,-0.552,-4.691,-1.199,-1.63,-1.918,-0.404,0.549,0.572,0.78,0.793,0.035,-0.567,0.144,-2.607,3.758,0.94,5.324,-0.24,0.471,4.42,6.263,0.102,0.037,0.577,0.947
2023-03-16,CTD9,4171106,693183,0.010855323,0.017881038,0.0298329,0.009704289,0.007431903,0.0018242131,0.0018056198,0.000727268,0.289,-0.25,22.405,0.296,-47.122,0.413,-78.63,0.509,-69.527,0.601,-101.035,0.133,-31.508,0.217,0.167,-1.406,-0.35,-2.346,-0.763,-1.243,-0.517,-1.807,-0.98,-0.563,-0.94,-0.697,0.219,0.264,0.795,0.812,0.048,-0.706,-0.166,-2.172,1.593,-0.668,2.081,0.363,0.903,2.659,3.471,0.294,-0.09,0.578,0.943
2023-03-16,CTD10,4170388,695646,0.009373114,0.013910544,0.018013848,0.00374531,0.0027227204,0.0006819001,0.00068224844,0.0002679787,0.2645,-0.129,16.375,0.576,-195.113,0.673,-295.392,0.656,-211.488,0.737,-311.767,0.158,-100.279,0.061,0.045,-3.515,-0.531,-5.321,-1.106,-2.942,-0.576,-4.337,-1.168,-1.395,-1.806,-0.634,0.49,0.514,0.858,0.866,0.032,-0.603,0.045,-2.902,3.563,0.299,4.901,-0.081,0.568,4.614,6.347,0.118,0.012,0.553,0.953
2023-03-16,CTD11,4169609,700351,0.008179919,0.012451309,0.01766475,0.0038820757,0.0029271594,0.0006963445,0.00069929723,0.00028309145,0.2395,-0.173,23.703,0.525,-177.281,0.619,-261.315,0.64,-200.984,0.716,-285.018,0.14,-84.034,0.092,0.069,-3.132,-0.519,-4.616,-1.014,-2.503,-0.588,-3.549,-1.106,-1.046,-1.484,-0.766,0.416,0.442,0.896,0.902,0.032,-0.621,-0.049,-2.827,3.042,-0.297,4.034,0.092,0.665,4.315,5.723,0.146,-0.015,0.542,0.956
2023-03-16,CTD12,4173438,695414,0.00968305,0.01408586,0.015652072,0.0033041216,0.0021023615,0.0005582639,0.0005542974,0.00022388274,0.2794999999999999,-0.053,7.104,0.62,-231.659,0.74,-404.662,0.651,-238.763,0.763,-411.766,0.222,-173.003,0.023,0.015,-3.626,-0.487,-6.334,-1.337,-3.363,-0.502,-5.8,-1.361,-2.437,-2.708,-0.29,0.607,0.632,0.763,0.779,0.04,-0.672,0.264,-3.182,4.129,1.963,6.489,-0.46,0.475,4.588,7.21,0.1,0.062,0.585,0.937
2023-04-20,CTD1,4187246,695025,0.0049639405,0.006681495,0.011193815,0.0033282528,0.0037749894,0.00095708383,0.0009472876,0.00036464055,0.3605,-0.252,60.332,0.335,-150.791,0.278,-115.234,0.542,-211.123,0.496,-175.566,-0.063,35.557,0.201,0.228,-1.688,-0.569,-1.29,-0.384,-1.411,-0.797,-1.173,-0.584,0.238,0.398,-0.635,0.224,0.2,0.752,0.741,-0.025,-0.285,-0.537,-0.958,1.67,-1.593,1.473,0.794,0.541,2.798,2.467,0.161,-0.268,0.56,1.031
2023-04-20,CTD2,4181518,693105,0.008974448,0.011933906,0.014781681,0.0037126308,0.0028317072,0.00070902146,0.0007035723,0.00028559475,0.3335,-0.107,16.144,0.525,-185.556,0.616,-269.349,0.599,-201.699,0.678,-285.493,0.135,-83.793,0.06,0.046,-2.743,-0.525,-3.981,-1.0,-2.407,-0.571,-3.407,-1.06,-1.0,-1.239,-0.435,0.467,0.492,0.75,0.764,0.033,-0.504,0.045,-2.006,3.023,0.233,3.963,-0.072,0.476,3.744,4.909,0.12,0.014,0.586,0.952
2023-04-20,CTD3,4181698,695238,0.010194505,0.014316668,0.015207933,0.0027162659,0.0017551172,0.00042751912,0.00042553278,0.00017130708,0.316,-0.03,4.093,0.681,-298.304,0.782,-499.914,0.697,-302.397,0.793,-504.007,0.215,-201.61,0.011,0.007,-4.537,-0.524,-7.603,-1.358,-4.329,-0.531,-7.216,-1.369,-2.886,-3.066,-0.199,0.684,0.701,0.777,0.79,0.033,-0.606,0.295,-3.394,5.155,2.558,7.978,-0.485,0.416,5.476,8.475,0.074,0.056,0.577,0.946
2023-04-20,CTD4,4180266,698264,0.026466403,0.037279986,0.041409303,0.010248338,0.006291495,0.0016151592,0.001684098,0.00066505716,0.293,-0.052,2.675,0.569,-70.753,0.711,-132.121,0.603,-73.428,0.736,-134.796,0.239,-61.368,0.027,0.017,-2.93,-0.445,-5.471,-1.354,-2.737,-0.462,-5.025,-1.381,-2.288,-2.541,-0.25,0.567,0.6,0.715,0.739,0.05,-0.729,0.286,-2.944,3.486,1.885,5.678,-0.518,0.497,3.872,6.307,0.123,0.079,0.604,0.923
2023-04-20,CTD5,4179450,700268,0.046349134,0.06466191,0.072907194,0.019471122,0.011497869,0.0029385902,0.00293861,0.0011986073,0.299,-0.06,1.749,0.537,-35.893,0.698,-71.508,0.578,-37.642,0.728,-73.257,0.257,-35.615,0.034,0.02,-2.617,-0.413,-5.213,-1.392,-2.434,-0.433,-4.737,-1.426,-2.303,-2.597,-0.266,0.535,0.576,0.702,0.73,0.058,-0.807,0.296,-3.02,3.163,1.879,5.357,-0.566,0.537,3.567,6.04,0.143,0.089,0.612,0.914
2023-04-20,CTD6,4176009,695829,0.010544311,0.014409091,0.019204697,0.0061299955,0.0044745766,0.0011478066,0.0011522501,0.00046743566,0.4975,-0.143,17.33,0.403,-93.732,0.526,-154.084,0.516,-111.062,0.622,-171.414,0.156,-60.353,0.106,0.078,-1.8,-0.419,-2.959,-0.945,-1.6,-0.497,-2.47,-1.051,-0.87,-1.159,-0.452,0.35,0.392,0.692,0.717,0.049,-0.62,0.02,-1.941,2.118,0.087,2.901,-0.037,0.603,2.822,3.867,0.192,0.009,0.611,0.935
2023-04-20,CTD7,4176724,690397,0.051704485,0.07317731,0.083880134,0.013627163,0.008135653,0.0019743845,0.0018565346,0.0007403912,0.3735,-0.068,1.744,0.686,-59.717,0.8,-109.25,0.72,-61.461,0.823,-110.994,0.252,-49.533,0.024,0.014,-5.009,-0.486,-9.164,-1.489,-4.498,-0.5,-8.122,-1.513,-3.625,-4.155,-0.492,0.647,0.667,0.864,0.873,0.035,-0.803,0.275,-4.94,5.273,2.839,8.832,-0.529,0.549,6.044,10.124,0.089,0.051,0.553,0.944
2023-04-20,CTD8,4174178,693048,0.051888205,0.07455307,0.089933395,0.024318576,0.014105126,0.003513069,0.003513554,0.0014443668,1.0345,-0.094,2.294,0.508,-27.708,0.682,-57.483,0.574,-30.001,0.729,-59.777,0.266,-29.775,0.056,0.032,-2.492,-0.391,-5.17,-1.398,-2.237,-0.423,-4.457,-1.454,-2.22,-2.678,-0.4,0.483,0.529,0.74,0.767,0.062,-0.895,0.249,-3.31,2.909,1.587,5.015,-0.518,0.626,3.509,6.05,0.169,0.081,0.601,0.911
2023-04-20,CTD9,4171106,693183,0.021955458,0.029774994,0.043167386,0.021962738,0.016406732,0.0045506824,0.004490374,0.0017973668,0.225,-0.184,10.42,0.151,-11.946,0.289,-27.365,0.326,-22.366,0.449,-37.785,0.145,-15.419,0.229,0.171,-0.516,-0.196,-1.181,-0.601,-0.666,-0.367,-1.125,-0.83,-0.459,-0.666,-0.349,0.131,0.205,0.459,0.517,0.076,-0.649,-0.057,-1.275,0.976,-0.151,1.306,0.111,0.703,1.414,1.893,0.358,-0.042,0.709,0.915
2023-04-20,CTD10,4170388,695646,0.00879963,0.012317719,0.01696996,0.003934578,0.0026766032,0.0006523976,0.00068302423,0.00026968002,0.4135,-0.159,22.256,0.516,-172.973,0.643,-292.424,0.624,-195.229,0.728,-314.68,0.19,-119.451,0.088,0.06,-2.935,-0.463,-4.962,-1.151,-2.405,-0.523,-3.876,-1.238,-1.471,-2.027,-0.704,0.427,0.461,0.869,0.879,0.043,-0.744,0.046,-3.209,2.973,0.289,4.37,-0.092,0.697,4.096,6.021,0.162,0.015,0.555,0.94
2023-04-20,CTD11,4169609,700351,0.015417909,0.022132311,0.026365198,0.005271251,0.0039573316,0.0009271558,0.0009511057,0.0003700357,0.277,-0.087,7.254,0.615,-144.525,0.697,-207.513,0.667,-151.779,0.739,-214.767,0.142,-62.987,0.038,0.029,-3.81,-0.572,-5.471,-1.094,-3.359,-0.601,-4.753,-1.132,-1.394,-1.661,-0.459,0.556,0.574,0.809,0.818,0.027,-0.493,0.089,-2.464,4.049,0.591,5.393,-0.141,0.441,4.823,6.424,0.088,0.021,0.565,0.958
2023-04-20,CTD12,4173438,695414,0.010441573,0.01479993,0.016685456,0.004060861,0.0026617455,0.00069114356,0.00070599077,0.00028275215,0.4345,-0.06,7.635,0.569,-178.685,0.695,-308.125,0.609,-186.321,0.725,-315.761,0.208,-129.44,0.031,0.02,-2.981,-0.476,-5.141,-1.251,-2.758,-0.496,-4.673,-1.282,-1.916,-2.16,-0.28,0.555,0.585,0.723,0.744,0.044,-0.639,0.232,-2.624,3.485,1.451,5.317,-0.398,0.472,3.929,5.994,0.115,0.064,0.599,0.933
2023-05-25,CTD1,4187246,695025,0.010020881,0.013784022,0.019416004,0.00672582,0.0055035427,0.0014533809,0.0014300104,0.0005615041,0.269,-0.17,21.044,0.344,-76.133,0.429,-109.153,0.485,-97.177,0.558,-130.197,0.1,-33.02,0.142,0.116,-1.478,-0.419,-2.119,-0.734,-1.339,-0.535,-1.795,-0.876,-0.455,-0.641,-0.461,0.283,0.317,0.658,0.678,0.037,-0.512,-0.108,-1.478,1.766,-0.382,2.158,0.186,0.59,2.488,3.04,0.204,-0.053,0.618,0.953
2023-05-25,CTD2,4181518,693105,0.015245298,0.019683907,0.0193389,0.0049069896,0.003075297,0.00087222864,0.0008580652,0.00034740655,0.242,0.009,-0.906,0.601,-152.988,0.73,-274.369,0.595,-152.082,0.726,-273.463,0.229,-121.381,-0.004,-0.003,-2.959,-0.47,-5.306,-1.346,-2.994,-0.468,-5.383,-1.342,-2.389,-2.347,0.043,0.659,0.685,0.634,0.661,0.047,-0.578,0.391,-2.277,3.852,2.46,6.147,-0.613,0.356,3.785,6.039,0.09,0.098,0.63,0.924
2023-05-25,CTD3,4181698,695238,0.015460047,0.021285636,0.0211418,0.0056156507,0.0038863828,0.0010240768,0.0010184003,0.00040737184,0.282,0.003,-0.32,0.582,-131.094,0.691,-210.329,0.58,-130.774,0.689,-210.009,0.182,-79.235,-0.002,-0.001,-2.772,-0.509,-4.447,-1.181,-2.784,-0.508,-4.47,-1.179,-1.687,-1.675,0.015,0.626,0.65,0.617,0.641,0.041,-0.438,0.315,-1.65,3.607,1.712,5.211,-0.452,0.301,3.582,5.176,0.08,0.083,0.634,0.935
2023-05-25,CTD4,4180266,698264,0.017579947,0.026103182,0.029601488,0.007412215,0.004649277,0.0012157696,0.0012469956,0.0005048724,0.3785,-0.063,4.527,0.558,-96.603,0.698,-176.778,0.599,-101.13,0.729,-181.305,0.229,-80.175,0.034,0.021,-2.86,-0.449,-5.233,-1.31,-2.64,-0.47,-4.733,-1.344,-2.093,-2.373,-0.29,0.546,0.58,0.722,0.744,0.05,-0.712,0.255,-2.845,3.365,1.621,5.364,-0.46,0.507,3.815,6.083,0.127,0.072,0.602,0.925
2023-05-25,CTD5,4179450,700268,0.02086518,0.029522328,0.032228205,0.0071066,0.0043086987,0.001091207,0.0011300872,0.00044777084,0.2075,-0.044,2.844,0.612,-106.842,0.745,-198.216,0.639,-109.686,0.764,-201.06,0.245,-91.374,0.02,0.012,-3.443,-0.46,-6.388,-1.409,-3.238,-0.473,-5.936,-1.429,-2.698,-2.945,-0.237,0.614,0.641,0.743,0.762,0.045,-0.733,0.31,-3.326,4.021,2.317,6.631,-0.558,0.485,4.389,7.239,0.107,0.075,0.593,0.929
2023-05-25,CTD6,4176009,695829,0.016835772,0.02261295,0.021932652,0.005883955,0.0035486063,0.0009857726,0.0009926916,0.00040253784,0.4165,0.015,-1.372,0.587,-125.731,0.729,-237.578,0.577,-124.36,0.721,-236.207,0.248,-111.847,-0.008,-0.005,-2.758,-0.446,-5.211,-1.398,-2.812,-0.441,-5.341,-1.39,-2.529,-2.453,0.072,0.657,0.685,0.613,0.645,0.052,-0.627,0.428,-2.337,3.681,2.645,6.104,-0.688,0.367,3.571,5.92,0.098,0.111,0.64,0.916
2023-05-25,CTD7,4176724,690397,0.022859558,0.03489429,0.04239892,0.006829169,0.0045575825,0.001037783,0.0010453035,0.0004082421,0.3055,-0.097,5.072,0.673,-117.773,0.769,-190.757,0.723,-122.845,0.806,-195.829,0.199,-72.984,0.035,0.023,-4.993,-0.537,-8.088,-1.303,-4.287,-0.56,-6.833,-1.337,-2.547,-3.094,-0.659,0.598,0.616,0.902,0.907,0.029,-0.675,0.156,-4.193,5.002,1.448,7.495,-0.283,0.548,6.078,9.107,0.088,0.03,0.54,0.954
2023-05-25,CTD8,4174178,693048,0.021299368,0.032440197,0.03740668,0.008296606,0.0052997507,0.0012792585,0.0013307992,0.0005281163,0.3944999999999999,-0.071,4.093,0.593,-89.705,0.719,-157.862,0.637,-93.798,0.752,-161.955,0.22,-68.157,0.034,0.022,-3.356,-0.475,-5.905,-1.31,-3.043,-0.497,-5.254,-1.344,-2.211,-2.55,-0.365,0.565,0.594,0.771,0.788,0.043,-0.698,0.228,-3.148,3.768,1.612,5.899,-0.412,0.514,4.345,6.802,0.114,0.058,0.583,0.934
2023-05-25,CTD9,4171106,693183,0.016194087,0.02364325,0.03355909,0.014669178,0.00978761,0.0026838367,0.0027074914,0.0011044081,0.439,-0.173,12.497,0.234,-25.875,0.414,-59.875,0.392,-38.372,0.548,-72.372,0.2,-34.0,0.183,0.122,-0.868,-0.253,-2.009,-0.878,-0.907,-0.376,-1.711,-1.062,-0.804,-1.141,-0.405,0.207,0.287,0.565,0.62,0.085,-0.794,0.037,-1.817,1.32,0.128,1.979,-0.079,0.752,1.874,2.808,0.329,0.023,0.67,0.899
2023-05-25,CTD10,4170388,695646,0.016416455,0.02431633,0.029020652,0.007203499,0.0047627105,0.00120083,0.0012548417,0.0004997921,0.9315,-0.088,6.666,0.543,-97.697,0.672,-168.84,0.602,-104.363,0.718,-175.506,0.204,-71.143,0.048,0.032,-2.835,-0.465,-4.9,-1.216,-2.538,-0.497,-4.268,-1.264,-1.73,-2.065,-0.393,0.507,0.54,0.75,0.77,0.046,-0.675,0.177,-2.718,3.212,1.077,4.857,-0.319,0.532,3.833,5.797,0.132,0.052,0.591,0.933
2023-05-25,CTD11,4169609,700351,0.014784269,0.022162067,0.030398939,0.007771017,0.00566353,0.0013566738,0.001358587,0.0005445231,0.6745,-0.157,12.226,0.481,-83.561,0.593,-131.446,0.593,-95.787,0.686,-143.672,0.157,-47.885,0.095,0.069,-2.54,-0.473,-3.996,-1.021,-2.123,-0.542,-3.184,-1.116,-1.061,-1.456,-0.613,0.399,0.432,0.813,0.826,0.04,-0.643,0.0,-2.516,2.666,0.001,3.657,-0.0,0.643,3.656,5.017,0.164,0.0,0.569,0.945
2023-05-25,CTD12,4173438,695414,0.019545816,0.029833572,0.03547678,0.010444215,0.0066250362,0.0016457583,0.0017320571,0.00069921894,0.918,-0.086,5.332,0.481,-62.227,0.637,-117.423,0.545,-67.559,0.685,-122.755,0.224,-55.196,0.056,0.035,-2.208,-0.412,-4.166,-1.226,-2.016,-0.448,-3.662,-1.282,-1.647,-1.958,-0.331,0.461,0.505,0.687,0.716,0.058,-0.736,0.207,-2.498,2.67,1.106,4.209,-0.387,0.555,3.175,5.005,0.163,0.072,0.617,0.917
