Date,Buoy,Latitude,Longitude,rhown_B1,rhown_B2,rhown_B3,rhown_B4,rhown_B5,rhown_B6,Chl,dif_norm_rhown_B2_B3,dif_inv_rhown_B2_B3,dif_norm_rhown_B2_B4,dif_inv_rhown_B2_B4,dif_norm_rhown_B2_B5,dif_inv_rhown_B2_B5,dif_norm_rhown_B3_B4,dif_inv_rhown_B3_B4,dif_norm_rhown_B3_B5,dif_inv_rhown_B3_B5,dif_norm_rhown_B4_B5,dif_inv_rhown_B4_B5,dall_gitelson_rhown_B2_B3_B4,dall_gitelson_rhown_B2_B3_B5,dall_gitelson_rhown_B2_B4_B3,dall_gitelson_rhown_B2_B4_B5,dall_gitelson_rhown_B2_B5_B3,dall_gitelson_rhown_B2_B5_B4,dall_gitelson_rhown_B3_B4_B2,dall_gitelson_rhown_B3_B4_B5,dall_gitelson_rhown_B3_B5_B2,dall_gitelson_rhown_B3_B5_B4,dall_gitelson_rhown_B4_B5_B2,dall_gitelson_rhown_B4_B5_B3,dif_norm_4_bands_rhown_B2_B3_B4_B5,dif_norm_4_bands_rhown_B2_B4_B3_B5,dif_norm_4_bands_rhown_B2_B5_B3_B4,dif_norm_4_bands_rhown_B3_B4_B2_B5,dif_norm_4_bands_rhown_B3_B5_B2_B4,dif_norm_4_bands_rhown_B4_B5_B2_B3,dif_rel_4bands_rhown_B2_B3_B4_B5,dif_rel_4bands_rhown_B2_B3_B5_B4,dif_rel_4bands_rhown_B2_B4_B3_B5,dif_rel_4bands_rhown_B2_B4_B5_B3,dif_rel_4bands_rhown_B2_B5_B3_B4,dif_rel_4bands_rhown_B2_B5_B4_B3,dif_rel_4bands_rhown_B3_B2_B4_B5,dif_rel_4bands_rhown_B3_B2_B5_B4,dif_rel_4bands_rhown_B3_B4_B5_B2,dif_rel_4bands_rhown_B3_B5_B4_B2,dif_rel_4bands_rhown_B4_B2_B5_B3,dif_rel_4bands_rhown_B4_B3_B5_B2,sum_norm_3bands_rhown_B2_B4_B3,sum_norm_3bands_rhown_B3_B5_B4
2016-08-09,CTD1,4187246,695025,0.0051188963,0.014007589,0.03925518,0.018299803,0.01568579,0.0049804403,10.865,-0.474,45.916,-0.133,16.744,-0.057,7.638,0.364,-29.171,0.429,-38.278,0.077,-9.107,0.84,0.72,0.657,0.263,0.3,0.14,-0.409,-0.458,-0.536,-0.7,-0.128,-0.357,-0.743,-0.078,-0.029,0.706,0.73,0.049,-0.81,-0.5,-1.737,0.366,-1.252,0.427,1.636,1.945,1.025,1.196,0.907,-0.654,0.607,0.955
2016-08-09,CTD2,4181518,693105,0.0074771727,0.012458536,0.024428671,0.011576632,0.0104265865,0.0034576727,11.75,-0.325,39.331,0.037,-6.115,0.089,-15.642,0.357,-45.445,0.402,-54.973,0.052,-9.528,0.455,0.41,-0.149,-0.064,-0.382,-0.181,-0.566,-0.474,-0.685,-0.636,-0.119,-0.233,-0.544,0.025,0.056,0.562,0.583,0.031,-0.6,-0.391,-1.267,0.649,-0.915,0.721,0.85,1.06,1.273,1.414,0.502,-0.363,0.652,0.968
2016-08-09,CTD3,4181698,695238,0.006063702,0.011129807,0.02411116,0.010797177,0.009658031,0.0031808405,12.155,-0.368,48.374,0.015,-2.768,0.071,-13.692,0.381,-51.142,0.428,-62.066,0.056,-10.924,0.522,0.467,-0.067,-0.027,-0.33,-0.148,-0.569,-0.494,-0.691,-0.67,-0.122,-0.263,-0.635,0.01,0.042,0.64,0.659,0.032,-0.656,-0.433,-1.466,0.63,-1.081,0.705,1.048,1.272,1.365,1.526,0.57,-0.42,0.622,0.967
2016-08-09,CTD4,4180266,698264,0.0048707374,0.009535354,0.016442008,0.012429749,0.012238151,0.004368549,8.03,-0.266,44.053,-0.132,24.421,-0.124,23.161,0.139,-19.632,0.147,-20.892,0.008,-1.26,0.548,0.539,0.402,0.299,0.381,0.288,-0.187,-0.24,-0.199,-0.26,-0.012,-0.021,-0.28,-0.101,-0.094,0.184,0.191,0.007,-0.436,-0.405,-0.576,0.023,-0.544,0.023,0.709,0.74,0.039,0.04,0.559,-0.527,0.846,0.993
2016-08-09,CTD6,4176009,695829,0.0063697696,0.012425437,0.024682114,0.009220223,0.0075157317,0.002344977,11.08,-0.33,39.965,0.148,-27.977,0.246,-52.574,0.456,-67.942,0.533,-92.539,0.102,-24.597,0.368,0.3,-0.691,-0.21,-1.298,-0.485,-0.844,-0.511,-1.15,-0.853,-0.306,-0.607,-0.732,0.1,0.145,0.775,0.793,0.046,-0.723,-0.312,-1.936,1.043,-1.024,1.28,0.76,1.171,2.072,2.542,0.438,-0.231,0.583,0.95
2016-08-09,CTD7,4176724,690397,0.010133245,0.018030213,0.034535922,0.01847038,0.016670857,0.0054463833,12.465,-0.314,26.507,-0.012,1.322,0.039,-4.522,0.303,-25.185,0.349,-31.03,0.051,-5.844,0.49,0.442,0.046,0.022,-0.156,-0.084,-0.454,-0.42,-0.559,-0.573,-0.105,-0.202,-0.47,-0.009,0.026,0.463,0.489,0.034,-0.586,-0.381,-1.095,0.493,-0.788,0.547,0.808,1.013,0.945,1.047,0.542,-0.39,0.694,0.966
2016-08-09,CTD8,4174178,693048,0.005409035,0.015061099,0.03325705,0.012039851,0.009289356,0.0025760897,13.48,-0.377,36.327,0.111,-16.661,0.237,-41.254,0.468,-52.989,0.563,-77.581,0.129,-24.593,0.437,0.337,-0.554,-0.155,-1.372,-0.497,-0.798,-0.492,-1.168,-0.934,-0.37,-0.818,-0.853,0.071,0.127,0.871,0.884,0.057,-0.843,-0.319,-2.329,0.972,-1.141,1.259,0.912,1.437,2.145,2.781,0.52,-0.255,0.561,0.939
2016-08-09,CTD9,4171106,693183,0.006006328,0.016835695,0.043008298,0.022242922,0.018909186,0.0059794937,3.66,-0.437,36.146,-0.138,14.439,-0.058,6.513,0.318,-21.707,0.389,-29.633,0.081,-7.926,0.804,0.683,0.621,0.273,0.28,0.145,-0.365,-0.41,-0.499,-0.659,-0.133,-0.341,-0.636,-0.087,-0.032,0.581,0.617,0.056,-0.785,-0.459,-1.518,0.317,-1.043,0.373,1.378,1.704,0.81,0.953,0.882,-0.606,0.653,0.949
2016-08-09,CTD10,4170388,695646,0.012876673,0.0208034,0.037178066,0.01818002,0.016518895,0.0051711686,10.3,-0.282,21.171,0.067,-6.936,0.115,-12.468,0.343,-28.108,0.385,-33.639,0.048,-5.531,0.385,0.35,-0.258,-0.115,-0.464,-0.227,-0.585,-0.464,-0.7,-0.612,-0.115,-0.206,-0.472,0.049,0.077,0.509,0.53,0.029,-0.541,-0.349,-1.106,0.7,-0.786,0.77,0.687,0.878,1.251,1.377,0.43,-0.305,0.672,0.97
2016-08-09,CTD11,4169609,700351,0.0043744245,0.01016558,0.026914435,0.012406995,0.011404638,0.0037312394,9.11,-0.452,61.216,-0.099,17.771,-0.057,10.688,0.369,-43.445,0.405,-50.529,0.042,-7.084,0.76,0.698,0.478,0.203,0.288,0.133,-0.442,-0.495,-0.514,-0.627,-0.072,-0.191,-0.703,-0.058,-0.032,0.673,0.687,0.027,-0.71,-0.542,-1.541,0.396,-1.278,0.43,1.56,1.728,1.047,1.139,0.797,-0.661,0.609,0.975
2016-08-09,CTD12,4173438,695414,0.007789426,0.016274435,0.035061162,0.012207384,0.0090772575,0.0025627646,9.51,-0.366,32.924,0.143,-20.472,0.284,-48.719,0.483,-53.396,0.589,-81.644,0.147,-28.248,0.402,0.299,-0.718,-0.186,-1.708,-0.595,-0.869,-0.485,-1.329,-0.997,-0.46,-0.99,-0.883,0.092,0.152,0.901,0.912,0.061,-0.881,-0.279,-2.529,1.074,-1.079,1.445,0.81,1.411,2.314,3.112,0.491,-0.21,0.555,0.934
2016-09-08,CTD1,4187246,695025,0.0068207933,0.013854492,0.03201304,0.017168444,0.015192594,0.005020425,20.94,-0.396,40.941,-0.107,13.932,-0.046,6.357,0.302,-27.009,0.356,-34.584,0.061,-7.575,0.703,0.622,0.446,0.212,0.204,0.109,-0.374,-0.41,-0.479,-0.594,-0.105,-0.243,-0.561,-0.07,-0.027,0.511,0.542,0.043,-0.697,-0.452,-1.3,0.332,-0.953,0.376,1.181,1.426,0.768,0.868,0.765,-0.56,0.676,0.96
2016-09-08,CTD2,4181518,693105,0.0048465636,0.011109715,0.025539674,0.011666701,0.009326644,0.0028946796,15.345,-0.394,50.857,-0.024,4.297,0.087,-17.208,0.373,-46.559,0.465,-68.065,0.111,-21.506,0.593,0.474,0.11,0.04,-0.439,-0.201,-0.517,-0.434,-0.756,-0.794,-0.239,-0.549,-0.687,-0.016,0.048,0.679,0.712,0.064,-0.816,-0.364,-1.786,0.587,-0.998,0.734,1.048,1.499,1.35,1.688,0.685,-0.383,0.621,0.937
2016-09-08,CTD3,4181698,695238,0.006181842,0.012192148,0.024772068,0.011419432,0.010204195,0.0032310635,13.84,-0.34,41.652,0.033,-5.55,0.089,-15.979,0.369,-47.202,0.417,-57.631,0.056,-10.429,0.476,0.425,-0.137,-0.057,-0.396,-0.182,-0.575,-0.482,-0.703,-0.658,-0.127,-0.258,-0.582,0.022,0.055,0.596,0.617,0.033,-0.627,-0.401,-1.36,0.656,-0.974,0.734,0.913,1.138,1.332,1.491,0.525,-0.376,0.639,0.966
2016-09-08,CTD4,4180266,698264,0.009658472,0.015134035,0.025981193,0.013060154,0.011724593,0.003906721,13.55,-0.264,27.587,0.074,-10.493,0.127,-19.215,0.331,-38.079,0.378,-46.801,0.054,-8.722,0.36,0.323,-0.273,-0.123,-0.499,-0.251,-0.576,-0.446,-0.708,-0.611,-0.132,-0.227,-0.438,0.055,0.087,0.481,0.506,0.032,-0.531,-0.315,-1.057,0.708,-0.699,0.788,0.603,0.819,1.215,1.353,0.412,-0.272,0.686,0.966
2016-09-08,CTD6,4176009,695829,0.0028865905,0.008626586,0.022331182,0.009752599,0.007847671,0.0022805568,13.9,-0.443,71.14,-0.061,13.384,0.047,-11.506,0.392,-57.756,0.48,-82.646,0.108,-24.89,0.694,0.558,0.299,0.105,-0.257,-0.112,-0.498,-0.453,-0.713,-0.806,-0.215,-0.556,-0.779,-0.037,0.024,0.764,0.788,0.062,-0.856,-0.418,-1.961,0.533,-1.191,0.663,1.346,1.784,1.38,1.715,0.779,-0.473,0.594,0.941
2016-09-08,CTD7,4176724,690397,0.0070344433,0.013770457,0.02797283,0.012736192,0.011393724,0.0036407637,15.895,-0.34,36.87,0.039,-5.897,0.094,-15.148,0.374,-42.767,0.421,-52.019,0.056,-9.251,0.47,0.42,-0.165,-0.067,-0.424,-0.193,-0.589,-0.487,-0.716,-0.663,-0.127,-0.259,-0.589,0.026,0.058,0.605,0.625,0.032,-0.626,-0.402,-1.374,0.674,-0.988,0.753,0.914,1.137,1.369,1.53,0.518,-0.372,0.635,0.967
2016-09-08,CTD9,4171106,693183,0.0055238944,0.014350757,0.042337365,0.023018843,0.019592697,0.00627548,3.8,-0.494,46.063,-0.232,26.24,-0.154,18.643,0.296,-19.823,0.367,-27.42,0.08,-7.597,1.06,0.902,1.111,0.514,0.789,0.429,-0.284,-0.388,-0.393,-0.631,-0.109,-0.322,-0.657,-0.14,-0.08,0.569,0.609,0.06,-0.836,-0.512,-1.537,0.161,-1.107,0.189,1.775,2.099,0.474,0.557,1.141,-0.822,0.659,0.948
2016-09-08,CTD10,4170388,695646,0.007558162,0.01571405,0.034729794,0.01925595,0.017370882,0.0055920435,14.865,-0.377,34.844,-0.101,11.705,-0.05,6.07,0.287,-23.138,0.333,-28.774,0.051,-5.636,0.671,0.605,0.407,0.203,0.211,0.117,-0.364,-0.402,-0.452,-0.554,-0.089,-0.196,-0.519,-0.068,-0.031,0.468,0.496,0.037,-0.656,-0.45,-1.183,0.316,-0.899,0.35,1.102,1.308,0.698,0.774,0.725,-0.551,0.693,0.965
2016-09-08,CTD11,4169609,700351,0.0032525582,0.01102966,0.030502472,0.013238373,0.010338533,0.0028591356,13.7,-0.469,57.88,-0.091,15.127,0.032,-6.061,0.395,-42.754,0.494,-63.941,0.123,-21.188,0.766,0.598,0.461,0.156,-0.185,-0.08,-0.472,-0.442,-0.705,-0.846,-0.234,-0.646,-0.826,-0.054,0.016,0.808,0.831,0.07,-0.919,-0.419,-2.117,0.494,-1.237,0.633,1.485,1.985,1.367,1.75,0.861,-0.503,0.584,0.934
2016-09-08,CTD12,4173438,695414,0.0025106687,0.008090173,0.022393327,0.011398126,0.009150586,0.0025457174,13.025,-0.469,78.951,-0.17,35.873,-0.062,14.324,0.325,-43.078,0.42,-64.626,0.109,-21.549,0.9,0.722,0.803,0.328,0.321,0.163,-0.349,-0.394,-0.523,-0.737,-0.174,-0.483,-0.696,-0.105,-0.031,0.638,0.68,0.074,-0.884,-0.442,-1.737,0.301,-1.081,0.375,1.522,1.965,0.834,1.038,1.0,-0.622,0.639,0.933
2017-06-30,CTD1,4187246,695025,0.012918136,0.023731774,0.04017214,0.011522852,0.00850755,0.0022659737,0.9715,-0.257,17.245,0.346,-44.646,0.472,-75.405,0.554,-61.891,0.65,-92.65,0.151,-30.759,0.199,0.147,-1.794,-0.38,-3.029,-0.869,-1.469,-0.527,-2.199,-1.068,-0.73,-1.236,-0.821,0.251,0.295,0.889,0.898,0.047,-0.764,-0.148,-2.662,1.848,-0.697,2.503,0.338,0.954,3.128,4.236,0.274,-0.072,0.552,0.942
2017-06-30,CTD2,4181518,693105,0.010283884,0.022230688,0.03305979,0.0064087403,0.0040040594,0.00094433984,0.9365,-0.196,14.735,0.552,-111.054,0.695,-204.764,0.675,-125.789,0.784,-219.498,0.231,-93.71,0.094,0.059,-3.671,-0.445,-6.769,-1.312,-2.796,-0.504,-4.88,-1.407,-2.083,-3.098,-1.04,0.427,0.462,1.016,1.015,0.043,-0.928,0.048,-4.788,3.348,0.393,5.358,-0.113,0.862,4.978,7.968,0.167,0.014,0.518,0.939
2017-06-30,CTD3,4181698,695238,0.012609498,0.022743229,0.030220913,0.0088644205,0.0057832464,0.0015105748,1.5154999999999998,-0.141,10.879,0.439,-68.841,0.595,-128.944,0.546,-79.721,0.679,-139.824,0.21,-60.103,0.096,0.063,-2.08,-0.398,-3.897,-1.143,-1.813,-0.461,-3.18,-1.239,-1.367,-1.816,-0.511,0.385,0.434,0.749,0.773,0.058,-0.78,0.1,-2.66,2.374,0.523,3.639,-0.204,0.676,3.155,4.836,0.198,0.039,0.597,0.921
2017-06-30,CTD4,4180266,698264,0.015560841,0.025478693,0.0388966,0.011537174,0.008585862,0.002207603,1.512,-0.208,13.539,0.377,-47.428,0.496,-77.222,0.542,-60.967,0.638,-90.761,0.147,-29.794,0.156,0.116,-1.845,-0.407,-3.004,-0.891,-1.553,-0.523,-2.312,-1.047,-0.759,-1.159,-0.667,0.294,0.335,0.803,0.819,0.046,-0.689,-0.089,-2.322,1.988,-0.404,2.671,0.183,0.782,3.034,4.077,0.232,-0.04,0.575,0.941
2017-06-30,CTD6,4176009,695829,0.010199658,0.020544779,0.035592075,0.008211773,0.0055423174,0.0012589133,1.854,-0.268,20.578,0.429,-73.102,0.575,-131.756,0.625,-93.68,0.731,-152.334,0.194,-58.654,0.169,0.114,-2.602,-0.405,-4.689,-1.082,-1.925,-0.519,-3.13,-1.251,-1.205,-2.088,-1.094,0.3,0.342,1.05,1.045,0.048,-0.904,-0.098,-3.92,2.346,-0.627,3.476,0.251,1.057,4.065,6.022,0.244,-0.039,0.512,0.939
2017-06-30,CTD7,4176724,690397,0.015478433,0.029032938,0.04930166,0.012471547,0.0088213505,0.0022336654,1.552,-0.259,14.16,0.399,-45.739,0.534,-78.918,0.596,-59.899,0.696,-93.078,0.171,-33.179,0.177,0.125,-2.255,-0.403,-3.891,-0.984,-1.739,-0.528,-2.702,-1.161,-0.963,-1.636,-0.952,0.285,0.327,0.973,0.975,0.047,-0.825,-0.118,-3.261,2.149,-0.662,3.038,0.284,0.991,3.649,5.159,0.251,-0.051,0.53,0.941
2017-06-30,CTD8,4174178,693048,0.015392407,0.02784078,0.043947693,0.011362686,0.008055392,0.0020740547,0.9935,-0.224,13.164,0.42,-52.089,0.551,-88.222,0.589,-65.253,0.69,-101.386,0.17,-36.133,0.15,0.106,-2.289,-0.42,-3.877,-1.002,-1.817,-0.526,-2.823,-1.152,-1.006,-1.588,-0.829,0.317,0.358,0.908,0.916,0.046,-0.777,-0.075,-3.005,2.267,-0.412,3.198,0.168,0.87,3.578,5.048,0.225,-0.031,0.546,0.94
2017-06-30,CTD9,4171106,693183,0.017314794,0.032002777,0.06556202,0.02749999,0.021972314,0.005745626,0.4625,-0.344,15.995,0.076,-5.116,0.186,-14.265,0.409,-21.111,0.498,-30.259,0.112,-9.148,0.44,0.351,-0.335,-0.112,-0.935,-0.392,-0.676,-0.464,-0.968,-0.832,-0.293,-0.6,-0.678,0.051,0.108,0.705,0.733,0.057,-0.763,-0.311,-1.82,0.829,-0.928,1.037,0.797,1.25,1.697,2.125,0.524,-0.267,0.61,0.941
2017-06-30,CTD10,4170388,695646,0.016053272,0.025626628,0.03494395,0.009443622,0.0064286436,0.001663435,0.7235,-0.154,10.405,0.461,-66.87,0.599,-116.532,0.574,-77.274,0.689,-126.937,0.19,-49.662,0.098,0.067,-2.337,-0.43,-4.072,-1.1,-1.98,-0.497,-3.253,-1.199,-1.273,-1.735,-0.587,0.391,0.433,0.796,0.813,0.05,-0.736,0.053,-2.722,2.53,0.286,3.716,-0.105,0.683,3.449,5.067,0.185,0.019,0.579,0.932
2017-06-30,CTD11,4169609,700351,0.006065561,0.015696362,0.029285159,0.007970876,0.005486475,0.0013674034,1.1375,-0.302,29.562,0.326,-61.748,0.482,-118.557,0.572,-91.31,0.684,-148.119,0.185,-56.81,0.236,0.162,-1.808,-0.339,-3.472,-0.945,-1.433,-0.501,-2.325,-1.181,-0.892,-1.664,-1.01,0.222,0.274,1.006,1.006,0.055,-0.917,-0.152,-3.368,1.782,-0.813,2.589,0.413,1.177,3.324,4.83,0.32,-0.077,0.526,0.933
2017-06-30,CTD12,4173438,695414,0.023546835,0.03456938,0.052378267,0.018309807,0.014268324,0.0038563267,1.5275,-0.205,9.835,0.307,-25.688,0.416,-41.158,0.482,-35.524,0.572,-50.993,0.124,-15.47,0.18,0.14,-1.346,-0.367,-2.156,-0.754,-1.228,-0.507,-1.763,-0.934,-0.535,-0.81,-0.547,0.244,0.287,0.698,0.721,0.046,-0.623,-0.119,-1.783,1.616,-0.438,2.073,0.232,0.736,2.448,3.141,0.257,-0.063,0.608,0.943
2018-02-20,CTD1,4187246,695025,0.0017511556,0.0050357766,0.013773837,0.008351025,0.007394005,0.0023239157,3.2845,-0.465,125.978,-0.248,78.833,-0.19,63.334,0.245,-47.144,0.301,-62.643,0.061,-15.499,1.052,0.931,1.086,0.583,0.872,0.529,-0.237,-0.349,-0.315,-0.523,-0.078,-0.213,-0.555,-0.157,-0.107,0.436,0.477,0.051,-0.764,-0.52,-1.26,0.066,-0.968,0.075,1.606,1.85,0.181,0.204,1.122,-0.862,0.712,0.957
2018-02-20,CTD2,4181518,693105,0.00259025,0.00817145,0.020687426,0.005807864,0.0039186515,0.0009223871,4.5120000000000005,-0.434,74.039,0.169,-49.803,0.352,-132.813,0.562,-123.842,0.681,-206.851,0.194,-83.009,0.43,0.29,-1.03,-0.195,-2.748,-0.771,-1.012,-0.485,-1.69,-1.201,-0.678,-1.717,-1.287,0.096,0.161,1.231,1.2,0.065,-1.087,-0.28,-3.872,1.218,-1.477,1.805,1.05,1.857,3.082,4.568,0.521,-0.199,0.484,0.929
2018-02-20,CTD3,4181698,695238,0.0023644615,0.007059262,0.01685444,0.0035809018,0.0022568996,0.0005422959,3.695,-0.41,82.326,0.327,-137.601,0.515,-301.428,0.65,-219.928,0.764,-383.754,0.227,-163.826,0.295,0.186,-2.319,-0.311,-5.08,-1.079,-1.553,-0.496,-2.709,-1.374,-1.156,-2.761,-1.678,0.182,0.235,1.425,1.372,0.055,-1.168,-0.211,-5.497,1.837,-1.579,2.915,0.801,1.757,4.387,6.961,0.373,-0.107,0.445,0.935
2018-02-20,CTD4,4180266,698264,0.0056167217,0.013228299,0.024162618,0.0062726773,0.0043602204,0.0010910472,3.478,-0.292,34.209,0.357,-83.826,0.504,-153.751,0.588,-118.035,0.694,-187.96,0.18,-69.925,0.215,0.149,-2.025,-0.366,-3.715,-0.964,-1.561,-0.515,-2.486,-1.179,-0.925,-1.69,-1.028,0.244,0.291,1.017,1.015,0.051,-0.891,-0.148,-3.433,1.928,-0.818,2.774,0.388,1.131,3.522,5.067,0.294,-0.07,0.522,0.937
2018-02-20,CTD6,4176009,695829,0.007193107,0.015263408,0.02635768,0.0072163045,0.0053548864,0.0014082539,7.4525,-0.267,27.577,0.358,-73.059,0.481,-121.229,0.57,-100.635,0.662,-148.806,0.148,-48.17,0.199,0.148,-1.926,-0.391,-3.195,-0.875,-1.536,-0.539,-2.271,-1.074,-0.735,-1.27,-0.883,0.254,0.295,0.928,0.934,0.045,-0.769,-0.163,-2.807,1.912,-0.802,2.577,0.379,0.985,3.302,4.449,0.27,-0.077,0.54,0.945
2018-02-20,CTD7,4176724,690397,0.0049593393,0.014479059,0.030484818,0.0073580802,0.0049352916,0.0012026648,2.675,-0.356,36.262,0.326,-66.84,0.492,-133.557,0.611,-103.102,0.721,-169.819,0.197,-66.717,0.267,0.179,-2.038,-0.33,-4.071,-0.983,-1.493,-0.509,-2.459,-1.25,-0.966,-2.034,-1.302,0.201,0.252,1.191,1.17,0.054,-1.016,-0.196,-4.209,1.806,-1.209,2.692,0.615,1.435,3.802,5.669,0.346,-0.099,0.486,0.936
2018-02-20,CTD8,4174178,693048,0.002559501,0.008551825,0.018153017,0.0038099189,0.0024248336,0.00058463507,3.108,-0.36,61.847,0.384,-145.539,0.558,-295.465,0.653,-207.386,0.764,-357.312,0.222,-149.927,0.236,0.15,-2.642,-0.353,-5.364,-1.126,-1.774,-0.503,-3.056,-1.361,-1.282,-2.722,-1.54,0.23,0.279,1.307,1.272,0.052,-1.1,-0.165,-5.242,2.111,-1.238,3.317,0.551,1.486,4.481,7.041,0.312,-0.074,0.463,0.937
2018-02-20,CTD9,4171106,693183,0.015596247,0.028159061,0.05648231,0.027525341,0.022204163,0.0063467133,0.6809999999999999,-0.335,17.808,0.011,-0.818,0.118,-9.524,0.345,-18.626,0.436,-27.332,0.107,-8.706,0.49,0.395,-0.046,-0.018,-0.538,-0.262,-0.524,-0.414,-0.77,-0.752,-0.245,-0.492,-0.57,0.008,0.071,0.575,0.616,0.063,-0.741,-0.308,-1.521,0.63,-0.784,0.781,0.766,1.199,1.263,1.566,0.584,-0.301,0.658,0.937
2018-02-20,CTD10,4170388,695646,0.011991987,0.021653382,0.035879534,0.012860364,0.010399431,0.0030132455,6.6595,-0.247,18.311,0.255,-31.576,0.351,-49.977,0.472,-49.887,0.551,-68.288,0.106,-18.401,0.235,0.19,-1.133,-0.328,-1.793,-0.643,-1.08,-0.519,-1.479,-0.878,-0.398,-0.66,-0.612,0.19,0.231,0.718,0.738,0.043,-0.633,-0.205,-1.766,1.394,-0.708,1.724,0.42,0.848,2.31,2.856,0.304,-0.122,0.6,0.95
2018-02-20,CTD11,4169609,700351,0.007555902,0.016807761,0.03093743,0.008992451,0.006467545,0.0016863806,6.117,-0.296,27.173,0.303,-51.708,0.444,-95.122,0.55,-78.881,0.654,-122.295,0.163,-43.414,0.244,0.176,-1.6,-0.334,-2.943,-0.855,-1.326,-0.51,-2.056,-1.1,-0.73,-1.343,-0.914,0.209,0.259,0.943,0.948,0.053,-0.847,-0.176,-2.914,1.66,-0.842,2.308,0.45,1.121,3.056,4.248,0.326,-0.094,0.54,0.937
2018-02-20,CTD12,4173438,695414,0.004108429,0.012069691,0.022414073,0.006711551,0.0048689223,0.0012619413,6.898,-0.3,38.237,0.285,-66.145,0.425,-122.532,0.539,-104.382,0.643,-160.769,0.159,-56.387,0.257,0.186,-1.483,-0.322,-2.746,-0.822,-1.26,-0.508,-1.94,-1.079,-0.681,-1.264,-0.893,0.196,0.247,0.927,0.934,0.053,-0.84,-0.187,-2.805,1.581,-0.861,2.179,0.479,1.132,2.936,4.047,0.339,-0.104,0.545,0.937
2018-03-07,CTD1,4187246,695025,0.017747067,0.031386103,0.05492166,0.01879428,0.014017065,0.0036319369,3.917,-0.273,13.653,0.251,-21.346,0.383,-39.48,0.49,-35.0,0.593,-53.134,0.146,-18.134,0.257,0.191,-1.172,-0.299,-2.168,-0.742,-1.099,-0.491,-1.668,-0.999,-0.569,-0.996,-0.717,0.183,0.236,0.796,0.815,0.055,-0.769,-0.174,-2.248,1.415,-0.683,1.897,0.409,1.004,2.476,3.319,0.344,-0.104,0.581,0.935
2018-03-07,CTD2,4181518,693105,0.010602356,0.019839609,0.03473951,0.01092011,0.008401181,0.0022616999,5.798,-0.273,21.619,0.29,-41.17,0.405,-68.627,0.522,-62.789,0.611,-90.245,0.13,-27.457,0.236,0.182,-1.43,-0.346,-2.384,-0.749,-1.246,-0.527,-1.79,-0.985,-0.545,-0.954,-0.771,0.207,0.251,0.843,0.856,0.046,-0.729,-0.198,-2.318,1.575,-0.82,2.047,0.451,0.982,2.758,3.585,0.309,-0.109,0.564,0.945
2018-03-07,CTD3,4181698,695238,0.01755132,0.02847933,0.046642214,0.015613674,0.01231506,0.0035359391,5.2155000000000005,-0.242,13.673,0.292,-28.933,0.396,-46.088,0.498,-42.607,0.582,-59.762,0.118,-17.155,0.213,0.168,-1.35,-0.356,-2.15,-0.72,-1.213,-0.525,-1.702,-0.933,-0.489,-0.8,-0.65,0.218,0.26,0.761,0.779,0.044,-0.657,-0.178,-1.963,1.56,-0.675,1.978,0.37,0.849,2.555,3.239,0.284,-0.098,0.587,0.947
2018-03-07,CTD4,4180266,698264,0.012410091,0.023485078,0.040711813,0.01340635,0.009900394,0.0026067654,3.4535,-0.268,18.017,0.273,-32.011,0.407,-58.426,0.505,-50.029,0.609,-76.443,0.15,-26.415,0.242,0.178,-1.303,-0.317,-2.379,-0.783,-1.175,-0.495,-1.795,-1.025,-0.62,-1.075,-0.739,0.199,0.251,0.818,0.835,0.055,-0.777,-0.162,-2.36,1.509,-0.665,2.043,0.379,0.995,2.615,3.541,0.328,-0.092,0.575,0.935
2018-03-07,CTD6,4176009,695829,0.007708607,0.01639286,0.028363341,0.007863163,0.0056453324,0.0014868715,5.715,-0.267,25.745,0.352,-66.173,0.488,-116.135,0.566,-91.919,0.668,-141.881,0.164,-49.962,0.202,0.145,-1.877,-0.374,-3.294,-0.913,-1.507,-0.519,-2.326,-1.116,-0.819,-1.417,-0.886,0.251,0.297,0.93,0.937,0.05,-0.815,-0.14,-2.939,1.886,-0.703,2.627,0.337,1.012,3.263,4.545,0.281,-0.067,0.542,0.939
2018-03-07,CTD7,4176724,690397,0.008383005,0.018113611,0.03016834,0.0074497927,0.0052223327,0.001343638,3.012,-0.25,22.06,0.417,-79.025,0.552,-136.278,0.604,-101.085,0.705,-158.338,0.176,-57.253,0.164,0.115,-2.384,-0.413,-4.111,-1.015,-1.831,-0.528,-2.868,-1.18,-1.037,-1.727,-0.951,0.301,0.343,0.974,0.976,0.046,-0.826,-0.101,-3.345,2.258,-0.581,3.222,0.239,0.965,3.761,5.366,0.238,-0.041,0.529,0.941
2018-03-07,CTD8,4174178,693048,0.009037634,0.018967876,0.03231617,0.00831534,0.0058838734,0.0015868911,3.4415,-0.26,21.776,0.39,-67.539,0.526,-117.235,0.591,-89.315,0.692,-139.012,0.171,-49.696,0.181,0.128,-2.183,-0.397,-3.789,-0.975,-1.694,-0.526,-2.637,-1.156,-0.943,-1.606,-0.94,0.279,0.322,0.966,0.969,0.047,-0.826,-0.121,-3.211,2.099,-0.663,2.966,0.29,0.996,3.576,5.054,0.256,-0.053,0.532,0.94
2018-03-07,CTD9,4171106,693183,0.017918346,0.031441297,0.058348343,0.022180842,0.017185617,0.0045064134,0.509,-0.3,14.667,0.173,-13.279,0.293,-26.383,0.449,-27.946,0.545,-41.05,0.127,-13.104,0.325,0.252,-0.775,-0.228,-1.539,-0.585,-0.879,-0.48,-1.291,-0.911,-0.412,-0.765,-0.684,0.123,0.177,0.744,0.768,0.056,-0.752,-0.236,-1.978,1.123,-0.801,1.449,0.565,1.081,2.084,2.69,0.411,-0.166,0.597,0.938
2018-03-07,CTD10,4170388,695646,0.006267504,0.014125325,0.024577498,0.0073015695,0.005293041,0.0014132985,4.3055,-0.27,30.107,0.318,-66.162,0.455,-118.132,0.542,-96.269,0.646,-148.24,0.159,-51.97,0.22,0.159,-1.626,-0.35,-2.903,-0.863,-1.36,-0.51,-2.094,-1.082,-0.734,-1.277,-0.83,0.228,0.277,0.89,0.9,0.052,-0.805,-0.15,-2.709,1.719,-0.697,2.372,0.36,1.015,2.991,4.126,0.302,-0.078,0.554,0.937
2018-03-07,CTD11,4169609,700351,0.009019261,0.018449968,0.032187313,0.010425083,0.007756195,0.0020907538,3.2475,-0.271,23.132,0.278,-41.722,0.408,-74.729,0.511,-64.854,0.612,-97.861,0.147,-33.007,0.241,0.179,-1.343,-0.324,-2.405,-0.779,-1.197,-0.503,-1.806,-1.02,-0.609,-1.062,-0.756,0.201,0.251,0.83,0.846,0.053,-0.771,-0.171,-2.38,1.529,-0.709,2.055,0.4,1.001,2.667,3.585,0.324,-0.097,0.57,0.937
2018-03-07,CTD12,4173438,695414,0.0076741907,0.015215873,0.026074912,0.008103948,0.0060420292,0.0016556331,4.633,-0.263,27.37,0.305,-57.676,0.432,-99.786,0.526,-85.046,0.624,-127.156,0.146,-42.111,0.222,0.165,-1.504,-0.348,-2.602,-0.809,-1.294,-0.514,-1.935,-1.03,-0.641,-1.098,-0.768,0.221,0.268,0.845,0.859,0.05,-0.758,-0.162,-2.438,1.646,-0.699,2.208,0.372,0.968,2.82,3.783,0.301,-0.086,0.565,0.94
2018-05-16,CTD1,4187246,695025,0.022378726,0.033288844,0.0531802,0.018652122,0.014418859,0.0040294467,1.955,-0.23,11.236,0.282,-23.573,0.396,-39.314,0.481,-34.809,0.573,-50.55,0.128,-15.74,0.21,0.162,-1.254,-0.34,-2.091,-0.733,-1.159,-0.502,-1.683,-0.943,-0.524,-0.837,-0.601,0.217,0.263,0.724,0.746,0.049,-0.668,-0.147,-1.904,1.514,-0.542,1.958,0.304,0.824,2.418,3.128,0.289,-0.082,0.601,0.941
2018-05-16,CTD2,4181518,693105,0.004765824,0.0131204175,0.023479005,0.0046819076,0.0030237278,0.00072079326,2.604,-0.283,33.626,0.474,-137.371,0.625,-254.501,0.667,-170.997,0.772,-288.126,0.215,-117.129,0.157,0.102,-3.225,-0.415,-5.975,-1.192,-2.244,-0.517,-3.78,-1.349,-1.537,-2.75,-1.344,0.318,0.359,1.164,1.149,0.045,-0.99,-0.087,-4.963,2.674,-0.676,4.14,0.241,1.144,4.784,7.408,0.228,-0.031,0.486,0.941
2018-05-16,CTD3,4181698,695238,0.0077109057,0.016691737,0.027390836,0.0057246694,0.0037951716,0.0009231357,2.8315,-0.243,23.401,0.489,-114.773,0.63,-203.583,0.654,-138.174,0.757,-226.984,0.203,-88.81,0.134,0.089,-3.144,-0.436,-5.576,-1.165,-2.306,-0.524,-3.789,-1.299,-1.482,-2.433,-1.124,0.352,0.389,1.058,1.053,0.044,-0.899,-0.054,-4.302,2.777,-0.387,4.189,0.133,0.978,4.557,6.874,0.204,-0.018,0.509,0.942
2018-05-16,CTD4,4180266,698264,0.0068851113,0.01547217,0.02298733,0.0047756834,0.0030903164,0.00074491877,2.063,-0.195,21.13,0.528,-144.762,0.667,-258.959,0.656,-165.892,0.763,-280.089,0.214,-114.197,0.101,0.065,-3.328,-0.447,-5.953,-1.237,-2.567,-0.513,-4.334,-1.338,-1.767,-2.625,-0.955,0.41,0.446,0.981,0.983,0.044,-0.872,0.026,-4.199,3.105,0.193,4.799,-0.06,0.839,4.614,7.13,0.174,0.008,0.526,0.939
2018-05-16,CTD6,4176009,695829,0.009705692,0.020480465,0.030697187,0.006627925,0.004337724,0.0010285691,1.002,-0.2,16.251,0.511,-102.05,0.65,-181.709,0.645,-118.301,0.752,-197.959,0.209,-79.659,0.108,0.07,-3.133,-0.443,-5.578,-1.204,-2.423,-0.513,-4.054,-1.312,-1.631,-2.445,-0.932,0.395,0.432,0.97,0.972,0.045,-0.861,0.013,-3.987,2.949,0.09,4.506,-0.029,0.844,4.42,6.753,0.182,0.004,0.53,0.939
2018-05-16,CTD7,4176724,690397,0.016093416,0.03004913,0.05050934,0.013166868,0.009230561,0.00230562,3.122,-0.254,13.481,0.391,-42.669,0.53,-75.057,0.586,-56.15,0.691,-88.537,0.176,-32.388,0.177,0.124,-2.155,-0.394,-3.791,-0.988,-1.687,-0.518,-2.66,-1.166,-0.973,-1.636,-0.914,0.283,0.327,0.951,0.955,0.049,-0.832,-0.106,-3.19,2.099,-0.581,2.995,0.254,0.98,3.529,5.034,0.255,-0.047,0.536,0.938
2018-05-16,CTD8,4174178,693048,0.0147762755,0.02782136,0.04142057,0.00939798,0.0062840073,0.0014974955,0.963,-0.196,11.801,0.495,-70.462,0.631,-123.191,0.63,-82.263,0.737,-134.992,0.199,-52.728,0.111,0.074,-2.919,-0.443,-5.103,-1.158,-2.289,-0.517,-3.756,-1.269,-1.467,-2.184,-0.867,0.386,0.424,0.939,0.944,0.045,-0.824,0.003,-3.631,2.809,0.02,4.2,-0.007,0.82,4.182,6.254,0.186,0.001,0.538,0.939
2018-05-16,CTD9,4171106,693183,0.016242512,0.029132398,0.062772304,0.03204638,0.028049832,0.0083182985,0.4575,-0.366,18.395,-0.048,3.121,0.019,-1.325,0.324,-15.274,0.382,-19.72,0.067,-4.446,0.59,0.516,0.196,0.088,-0.083,-0.042,-0.445,-0.428,-0.574,-0.632,-0.13,-0.279,-0.56,-0.032,0.011,0.537,0.568,0.043,-0.678,-0.411,-1.329,0.462,-0.92,0.528,1.012,1.279,0.996,1.138,0.653,-0.452,0.666,0.958
2018-05-16,CTD10,4170388,695646,0.0060711415,0.013806423,0.019153269,0.0036060775,0.0023441745,0.0005733909,2.1115,-0.162,20.22,0.586,-204.88,0.71,-354.159,0.683,-225.099,0.782,-374.379,0.212,-149.28,0.073,0.047,-3.924,-0.48,-6.783,-1.277,-3.108,-0.528,-5.169,-1.35,-2.061,-2.859,-0.899,0.474,0.504,0.963,0.965,0.038,-0.817,0.071,-4.342,3.706,0.578,5.701,-0.151,0.737,5.142,7.909,0.139,0.018,0.528,0.945
2018-05-16,CTD11,4169609,700351,0.015885368,0.02797045,0.041618276,0.011295588,0.008096922,0.002094747,1.338,-0.196,11.724,0.425,-52.778,0.551,-87.752,0.573,-64.502,0.674,-99.476,0.165,-34.974,0.132,0.095,-2.197,-0.427,-3.652,-0.991,-1.804,-0.522,-2.782,-1.124,-0.978,-1.456,-0.704,0.335,0.376,0.841,0.854,0.046,-0.723,-0.045,-2.664,2.282,-0.23,3.183,0.093,0.771,3.395,4.736,0.209,-0.018,0.564,0.94
2018-05-16,CTD12,4173438,695414,0.02368111,0.03370138,0.044738542,0.011501395,0.008135843,0.002091552,0.9145,-0.141,7.32,0.491,-57.274,0.611,-93.241,0.591,-64.594,0.692,-100.561,0.171,-35.967,0.084,0.06,-2.562,-0.466,-4.171,-1.072,-2.177,-0.526,-3.389,-1.157,-1.212,-1.609,-0.562,0.42,0.455,0.794,0.81,0.043,-0.66,0.046,-2.569,2.748,0.252,3.885,-0.086,0.62,3.648,5.158,0.159,0.016,0.576,0.94
2018-06-20,CTD1,4187246,695025,0.0066008605,0.015931955,0.02665878,0.0060289702,0.0038535737,0.000899107,0.9445,-0.252,25.256,0.451,-103.099,0.61,-196.732,0.631,-128.355,0.747,-221.988,0.22,-93.634,0.152,0.097,-2.748,-0.397,-5.245,-1.186,-2.045,-0.495,-3.537,-1.338,-1.492,-2.496,-1.085,0.325,0.37,1.043,1.038,0.051,-0.967,-0.042,-4.275,2.498,-0.287,3.908,0.109,1.034,4.18,6.54,0.234,-0.016,0.516,0.933
2018-06-20,CTD2,4181518,693105,0.010354,0.01945455,0.026012404,0.005036292,0.0032852062,0.0007998397,0.8140000000000001,-0.144,12.959,0.589,-147.157,0.711,-252.993,0.676,-160.116,0.776,-265.952,0.21,-105.836,0.065,0.043,-3.828,-0.483,-6.581,-1.274,-3.115,-0.526,-5.174,-1.339,-2.059,-2.753,-0.788,0.492,0.521,0.922,0.928,0.039,-0.785,0.096,-4.055,3.737,0.757,5.728,-0.196,0.685,4.996,7.659,0.133,0.025,0.539,0.944
2018-06-20,CTD3,4181698,695238,0.010067174,0.020453708,0.02655547,0.0051190066,0.0033198642,0.00080669584,1.142,-0.13,11.234,0.6,-146.46,0.721,-252.326,0.677,-157.693,0.778,-263.56,0.213,-105.867,0.058,0.037,-3.889,-0.486,-6.701,-1.292,-3.225,-0.524,-5.391,-1.349,-2.165,-2.811,-0.723,0.513,0.541,0.902,0.909,0.038,-0.772,0.122,-4.003,3.871,0.973,5.968,-0.244,0.65,5.025,7.749,0.125,0.03,0.544,0.943
2018-06-20,CTD4,4180266,698264,0.01811221,0.026054762,0.032077163,0.008562264,0.0060161315,0.0016298648,0.56,-0.104,7.206,0.505,-78.411,0.625,-127.839,0.579,-85.617,0.684,-135.045,0.175,-49.428,0.062,0.043,-2.515,-0.472,-4.101,-1.095,-2.231,-0.515,-3.519,-1.156,-1.288,-1.586,-0.413,0.459,0.493,0.733,0.753,0.044,-0.611,0.11,-2.289,2.855,0.584,4.064,-0.192,0.529,3.515,5.003,0.141,0.036,0.595,0.937
2018-06-20,CTD6,4176009,695829,0.009087658,0.020007737,0.027374579,0.005106607,0.0033211086,0.00080899417,0.8065,-0.155,13.45,0.593,-145.844,0.715,-251.124,0.686,-159.295,0.784,-264.574,0.212,-105.28,0.069,0.045,-3.992,-0.484,-6.874,-1.282,-3.187,-0.529,-5.294,-1.351,-2.106,-2.882,-0.874,0.485,0.514,0.955,0.958,0.038,-0.807,0.081,-4.325,3.797,0.664,5.838,-0.169,0.718,5.195,7.987,0.134,0.021,0.53,0.945
2018-06-20,CTD7,4176724,690397,0.021509755,0.029478597,0.03888609,0.011641427,0.008231009,0.0021440003,0.4885,-0.138,8.207,0.434,-51.977,0.563,-87.569,0.539,-60.184,0.651,-95.776,0.172,-35.592,0.096,0.068,-2.021,-0.428,-3.405,-1.019,-1.774,-0.495,-2.823,-1.115,-1.049,-1.384,-0.473,0.379,0.421,0.722,0.746,0.05,-0.656,0.051,-2.192,2.321,0.241,3.282,-0.095,0.612,3.061,4.329,0.183,0.02,0.601,0.933
2018-06-20,CTD8,4174178,693048,0.010150537,0.022258965,0.03522769,0.006883954,0.004379589,0.0010145215,0.8915,-0.226,16.539,0.528,-100.34,0.671,-183.406,0.673,-116.879,0.779,-199.945,0.222,-83.067,0.114,0.072,-3.535,-0.439,-6.461,-1.263,-2.602,-0.512,-4.451,-1.376,-1.849,-2.926,-1.151,0.388,0.425,1.064,1.059,0.044,-0.94,-0.004,-4.81,3.109,-0.035,4.887,0.011,0.946,4.921,7.734,0.185,-0.001,0.507,0.941
2018-06-20,CTD9,4171106,693183,0.0161739,0.030570854,0.06368181,0.02485013,0.019351,0.0051417463,0.2425,-0.351,17.008,0.103,-7.53,0.225,-18.966,0.439,-24.538,0.534,-35.974,0.124,-11.436,0.423,0.329,-0.48,-0.146,-1.208,-0.471,-0.75,-0.475,-1.1,-0.894,-0.35,-0.728,-0.749,0.069,0.127,0.778,0.8,0.058,-0.804,-0.299,-2.061,0.926,-0.983,1.19,0.799,1.304,1.93,2.478,0.509,-0.243,0.588,0.938
2018-06-20,CTD10,4170388,695646,0.018151132,0.02731905,0.03863437,0.010349288,0.0071280585,0.001799827,2.1105,-0.172,10.721,0.451,-60.021,0.586,-103.686,0.577,-70.741,0.688,-114.407,0.184,-43.666,0.111,0.076,-2.319,-0.428,-4.006,-1.073,-1.933,-0.504,-3.125,-1.184,-1.193,-1.687,-0.647,0.371,0.412,0.821,0.836,0.049,-0.745,0.018,-2.78,2.455,0.1,3.565,-0.038,0.725,3.472,5.041,0.194,0.007,0.571,0.934
2018-06-20,CTD11,4169609,700351,0.0022587795,0.0064387904,0.013395544,0.0028795025,0.0018260821,0.0004338516,0.486,-0.351,80.657,0.382,-191.974,0.558,-392.312,0.646,-272.631,0.76,-472.969,0.224,-200.338,0.232,0.147,-2.572,-0.351,-5.255,-1.13,-1.755,-0.498,-3.045,-1.362,-1.29,-2.684,-1.478,0.234,0.283,1.272,1.242,0.053,-1.096,-0.153,-5.1,2.1,-1.126,3.311,0.504,1.446,4.368,6.888,0.311,-0.069,0.47,0.935
2018-06-20,CTD12,4173438,695414,0.01215333,0.023444118,0.03122398,0.0063544316,0.004014485,0.00093405775,1.7265,-0.142,10.628,0.574,-114.716,0.708,-206.443,0.662,-125.344,0.772,-217.071,0.226,-91.727,0.068,0.043,-3.582,-0.461,-6.446,-1.312,-2.939,-0.503,-5.089,-1.379,-2.15,-2.864,-0.75,0.485,0.517,0.906,0.913,0.043,-0.832,0.119,-4.088,3.561,0.926,5.636,-0.251,0.7,4.742,7.507,0.142,0.032,0.545,0.938
2018-07-10,CTD1,4187246,695025,0.009430571,0.01719724,0.030203382,0.010215278,0.00696508,0.0017541997,0.525,-0.274,25.04,0.255,-39.744,0.423,-85.425,0.495,-64.784,0.625,-110.464,0.189,-45.681,0.256,0.174,-1.2,-0.277,-2.58,-0.873,-1.114,-0.451,-1.9,-1.128,-0.786,-1.38,-0.757,0.188,0.253,0.827,0.848,0.069,-0.897,-0.112,-2.653,1.453,-0.488,2.131,0.29,1.074,2.552,3.742,0.363,-0.067,0.578,0.92
2018-07-10,CTD2,4181518,693105,0.011299722,0.022258965,0.030679448,0.006819135,0.004379589,0.0010219351,0.3675,-0.159,12.331,0.531,-101.72,0.671,-183.406,0.636,-114.051,0.75,-195.737,0.218,-81.686,0.084,0.054,-3.121,-0.445,-5.627,-1.251,-2.539,-0.499,-4.357,-1.335,-1.818,-2.506,-0.752,0.44,0.477,0.896,0.904,0.046,-0.831,0.083,-3.741,3.121,0.583,4.86,-0.179,0.736,4.302,6.699,0.164,0.026,0.549,0.935
2018-07-10,CTD3,4181698,695238,0.008909667,0.018177573,0.028304914,0.006132942,0.003947907,0.000943192,0.6675,-0.218,19.683,0.495,-108.041,0.643,-198.286,0.644,-127.724,0.755,-217.969,0.217,-90.245,0.121,0.078,-3.058,-0.427,-5.612,-1.216,-2.322,-0.504,-3.962,-1.337,-1.64,-2.554,-1.005,0.373,0.413,1.002,1.002,0.047,-0.911,-0.002,-4.206,2.824,-0.011,4.388,0.004,0.913,4.398,6.832,0.198,-0.001,0.523,0.937
2018-07-10,CTD4,4180266,698264,0.010139006,0.022157278,0.035335742,0.009355545,0.0059496793,0.0013463192,1.7875,-0.229,16.832,0.406,-61.757,0.577,-122.944,0.581,-78.589,0.712,-139.776,0.223,-61.188,0.157,0.1,-2.182,-0.367,-4.344,-1.15,-1.741,-0.468,-3.097,-1.308,-1.356,-2.162,-0.861,0.31,0.363,0.924,0.933,0.059,-0.945,-0.009,-3.571,2.2,-0.053,3.459,0.022,0.959,3.508,5.517,0.254,-0.004,0.548,0.924
2018-07-10,CTD6,4176009,695829,0.0066068834,0.015069665,0.01979218,0.003616197,0.0023503492,0.00057501666,2.3440000000000003,-0.135,15.833,0.613,-210.175,0.73,-359.11,0.691,-226.009,0.788,-374.944,0.212,-148.935,0.057,0.037,-4.16,-0.494,-7.108,-1.299,-3.406,-0.531,-5.65,-1.356,-2.244,-2.948,-0.791,0.517,0.543,0.929,0.933,0.036,-0.777,0.111,-4.254,4.049,0.938,6.229,-0.225,0.663,5.317,8.181,0.121,0.027,0.536,0.946
2018-07-10,CTD7,4176724,690397,0.019489976,0.028185131,0.035929263,0.010121342,0.0071056453,0.0018322509,0.613,-0.121,7.647,0.472,-63.321,0.597,-105.253,0.56,-70.969,0.67,-112.901,0.175,-41.932,0.077,0.054,-2.275,-0.45,-3.782,-1.065,-2.0,-0.504,-3.182,-1.143,-1.182,-1.507,-0.45,0.42,0.458,0.731,0.752,0.047,-0.64,0.082,-2.272,2.587,0.417,3.685,-0.15,0.573,3.298,4.697,0.161,0.03,0.597,0.935
2018-07-10,CTD8,4174178,693048,0.0068976223,0.01770422,0.032068,0.0069916304,0.0047160597,0.0011552862,1.9815,-0.289,25.3,0.434,-86.544,0.579,-155.558,0.642,-111.844,0.744,-180.858,0.194,-69.013,0.177,0.119,-2.775,-0.408,-4.988,-1.088,-1.98,-0.527,-3.202,-1.264,-1.222,-2.213,-1.227,0.291,0.333,1.118,1.108,0.046,-0.93,-0.122,-4.268,2.385,-0.833,3.536,0.329,1.137,4.32,6.405,0.248,-0.048,0.496,0.942
2018-07-10,CTD9,4171106,693183,0.013996801,0.026248466,0.05126973,0.01947386,0.015161288,0.004266509,0.272,-0.323,18.593,0.148,-13.253,0.268,-27.86,0.449,-31.846,0.544,-46.453,0.125,-14.607,0.362,0.282,-0.679,-0.201,-1.428,-0.543,-0.836,-0.483,-1.219,-0.905,-0.383,-0.749,-0.722,0.102,0.157,0.768,0.79,0.056,-0.772,-0.267,-2.034,1.052,-0.901,1.351,0.669,1.175,2.055,2.64,0.446,-0.198,0.59,0.939
2018-07-10,CTD10,4170388,695646,0.009233738,0.018993277,0.030555485,0.008870207,0.0059603537,0.0015034277,1.5445,-0.233,19.923,0.363,-60.087,0.522,-115.125,0.55,-80.01,0.674,-135.048,0.196,-55.038,0.177,0.119,-1.836,-0.358,-3.518,-1.021,-1.52,-0.477,-2.565,-1.198,-1.045,-1.682,-0.78,0.277,0.331,0.869,0.883,0.059,-0.867,-0.05,-2.985,1.946,-0.258,2.896,0.121,0.937,3.131,4.659,0.272,-0.024,0.562,0.926
2018-07-10,CTD11,4169609,700351,0.0057374407,0.014562309,0.026012404,0.006093242,0.004012994,0.0009970206,1.7515,-0.282,30.227,0.41,-95.446,0.568,-180.52,0.62,-125.673,0.733,-210.747,0.206,-85.074,0.184,0.121,-2.483,-0.383,-4.696,-1.1,-1.83,-0.504,-3.069,-1.284,-1.239,-2.213,-1.133,0.282,0.329,1.072,1.065,0.051,-0.959,-0.099,-4.092,2.236,-0.64,3.395,0.268,1.128,3.993,6.064,0.264,-0.041,0.509,0.935
2018-07-10,CTD12,4173438,695414,0.0072017717,0.018044911,0.03142213,0.0069916304,0.004510764,0.001058938,2.3985000000000003,-0.27,23.593,0.441,-87.611,0.6,-166.275,0.636,-111.203,0.749,-189.867,0.216,-78.664,0.165,0.106,-2.753,-0.395,-5.225,-1.163,-2.007,-0.502,-3.426,-1.327,-1.419,-2.472,-1.163,0.308,0.352,1.083,1.075,0.05,-0.976,-0.071,-4.385,2.437,-0.494,3.778,0.191,1.096,4.244,6.579,0.244,-0.027,0.506,0.935
2018-08-29,CTD1,4187246,695025,0.0049732253,0.011397216,0.022825332,0.006641423,0.0046336143,0.0011839723,0.45,-0.334,43.93,0.264,-62.829,0.422,-128.074,0.549,-106.759,0.663,-172.003,0.178,-65.244,0.292,0.204,-1.434,-0.291,-2.923,-0.851,-1.217,-0.495,-1.96,-1.142,-0.744,-1.489,-1.014,0.173,0.23,1.01,1.008,0.059,-0.934,-0.198,-3.21,1.513,-0.977,2.169,0.569,1.305,3.03,4.343,0.38,-0.116,0.527,0.932
2018-08-29,CTD2,4181518,693105,0.005293135,0.012865161,0.019244311,0.004857723,0.0031809362,0.0007786671,0.5375000000000001,-0.199,25.766,0.452,-128.128,0.604,-236.644,0.597,-153.894,0.716,-262.409,0.209,-108.515,0.125,0.082,-2.466,-0.408,-4.554,-1.15,-1.98,-0.49,-3.376,-1.275,-1.396,-2.088,-0.794,0.357,0.402,0.897,0.906,0.052,-0.859,0.014,-3.401,2.483,0.083,3.792,-0.031,0.841,3.714,5.672,0.212,0.005,0.552,0.93
2018-08-29,CTD3,4181698,695238,0.0040675844,0.010280856,0.0152435955,0.002974568,0.0018990077,0.00045953205,0.6495,-0.194,31.667,0.551,-238.915,0.688,-429.323,0.673,-270.582,0.778,-460.989,0.221,-190.408,0.094,0.06,-3.642,-0.454,-6.544,-1.277,-2.782,-0.514,-4.739,-1.371,-1.958,-2.902,-1.018,0.426,0.46,1.007,1.007,0.042,-0.892,0.036,-4.571,3.332,0.289,5.219,-0.084,0.844,4.94,7.738,0.165,0.01,0.519,0.941
2018-08-29,CTD4,4180266,698264,0.012660563,0.017458955,0.021509513,0.007422423,0.005829177,0.0017136218,0.629,-0.104,10.786,0.403,-77.45,0.499,-114.274,0.487,-88.236,0.574,-125.06,0.12,-36.824,0.08,0.063,-1.666,-0.451,-2.458,-0.848,-1.541,-0.514,-2.183,-0.928,-0.643,-0.792,-0.306,0.367,0.402,0.605,0.63,0.041,-0.462,0.026,-1.338,2.081,0.097,2.65,-0.041,0.447,2.564,3.265,0.154,0.011,0.639,0.945
2018-08-29,CTD6,4176009,695829,0.00472006,0.011062956,0.018978309,0.003940134,0.002568446,0.00062151294,0.9995,-0.263,37.7,0.475,-163.407,0.623,-298.949,0.656,-201.107,0.762,-336.649,0.211,-135.542,0.149,0.097,-3.101,-0.42,-5.674,-1.178,-2.225,-0.517,-3.724,-1.326,-1.499,-2.572,-1.216,0.331,0.371,1.103,1.094,0.046,-0.951,-0.069,-4.581,2.672,-0.509,4.1,0.181,1.064,4.584,7.033,0.221,-0.025,0.499,0.94
2018-08-29,CTD7,4176724,690397,0.011309126,0.019610025,0.026810344,0.00656972,0.0049244734,0.0013734056,0.7705,-0.155,13.695,0.498,-101.219,0.599,-152.073,0.606,-114.914,0.69,-165.768,0.143,-50.854,0.09,0.067,-2.714,-0.498,-4.077,-0.999,-2.253,-0.566,-3.251,-1.089,-0.997,-1.363,-0.626,0.411,0.44,0.825,0.836,0.035,-0.603,-0.018,-2.459,2.801,-0.099,3.737,0.033,0.618,3.83,5.109,0.151,-0.006,0.564,0.951
2018-08-29,CTD8,4174178,693048,0.011645201,0.021042382,0.032593574,0.008433874,0.006237169,0.0016976281,1.2325,-0.215,16.842,0.428,-71.046,0.543,-112.806,0.589,-87.889,0.679,-129.648,0.15,-41.76,0.142,0.105,-2.316,-0.443,-3.677,-0.951,-1.849,-0.548,-2.728,-1.093,-0.879,-1.361,-0.787,0.325,0.361,0.886,0.894,0.041,-0.707,-0.094,-2.731,2.304,-0.491,3.115,0.197,0.809,3.568,4.825,0.209,-0.038,0.55,0.946
2018-08-29,CTD9,4171106,693183,0.014587177,0.025466388,0.048607204,0.020694746,0.01652363,0.0045825383,0.1415,-0.312,18.694,0.103,-9.054,0.213,-21.252,0.403,-27.748,0.493,-39.946,0.112,-12.198,0.387,0.309,-0.44,-0.15,-1.033,-0.44,-0.707,-0.459,-1.017,-0.827,-0.311,-0.593,-0.622,0.073,0.129,0.665,0.695,0.056,-0.729,-0.275,-1.711,0.891,-0.808,1.115,0.656,1.11,1.7,2.129,0.473,-0.223,0.623,0.94
2018-08-29,CTD10,4170388,695646,0.0054746345,0.013426632,0.022351881,0.0052463803,0.0034555898,0.0008370862,1.2935,-0.249,29.74,0.438,-116.129,0.591,-214.907,0.62,-145.869,0.732,-244.647,0.206,-98.779,0.156,0.103,-2.596,-0.401,-4.804,-1.127,-1.959,-0.504,-3.285,-1.284,-1.326,-2.208,-1.026,0.317,0.361,1.013,1.012,0.05,-0.918,-0.058,-3.909,2.405,-0.375,3.651,0.147,1.006,4.003,6.078,0.236,-0.023,0.522,0.935
2018-08-29,CTD11,4169609,700351,0.008537209,0.016999332,0.02680235,0.0074722515,0.005516328,0.0014833455,0.8275,-0.224,21.516,0.389,-75.003,0.51,-122.454,0.564,-96.518,0.659,-143.97,0.151,-47.452,0.161,0.119,-2.01,-0.414,-3.282,-0.915,-1.641,-0.532,-2.447,-1.076,-0.807,-1.272,-0.755,0.295,0.335,0.859,0.87,0.045,-0.72,-0.104,-2.584,2.069,-0.505,2.803,0.222,0.838,3.262,4.419,0.234,-0.046,0.559,0.943
2018-08-29,CTD12,4173438,695414,0.005444266,0.013286386,0.024067122,0.0057582106,0.003931791,0.0009786225,1.132,-0.289,33.715,0.395,-98.4,0.543,-179.072,0.614,-132.115,0.719,-212.787,0.188,-80.672,0.194,0.133,-2.368,-0.387,-4.31,-1.031,-1.755,-0.519,-2.827,-1.225,-1.072,-1.942,-1.113,0.269,0.314,1.063,1.057,0.049,-0.912,-0.131,-3.814,2.144,-0.8,3.14,0.347,1.129,3.884,5.688,0.27,-0.057,0.51,0.939
2018-10-03,CTD1,4187246,695025,0.011822508,0.01843006,0.026770394,0.008375807,0.0064400644,0.0018372303,0.278,-0.185,16.904,0.375,-65.132,0.482,-101.019,0.523,-82.037,0.612,-117.923,0.131,-35.886,0.142,0.109,-1.744,-0.419,-2.704,-0.846,-1.512,-0.528,-2.173,-0.988,-0.661,-0.961,-0.563,0.303,0.341,0.74,0.758,0.043,-0.612,-0.08,-1.956,1.96,-0.334,2.549,0.152,0.684,2.847,3.702,0.214,-0.037,0.593,0.945
2018-10-03,CTD2,4181518,693105,0.024483867,0.031028539,0.036539856,0.012388057,0.009144457,0.002464662,0.4405,-0.082,4.861,0.429,-48.495,0.545,-77.127,0.494,-53.356,0.6,-81.988,0.151,-28.633,0.06,0.044,-1.772,-0.443,-2.818,-0.955,-1.656,-0.488,-2.544,-1.016,-0.888,-1.046,-0.256,0.408,0.447,0.601,0.631,0.048,-0.506,0.111,-1.491,2.254,0.444,3.054,-0.177,0.439,2.655,3.597,0.149,0.044,0.643,0.934
2018-10-03,CTD3,4181698,695238,0.012565361,0.017762292,0.017498713,0.0038072518,0.002643925,0.00069802155,0.321,0.007,-0.848,0.647,-206.358,0.741,-321.927,0.643,-205.51,0.737,-321.078,0.18,-115.569,-0.003,-0.002,-3.611,-0.546,-5.633,-1.226,-3.65,-0.543,-5.703,-1.222,-2.053,-2.022,0.041,0.693,0.71,0.671,0.689,0.033,-0.425,0.321,-1.953,4.514,2.122,6.501,-0.455,0.291,4.447,6.404,0.063,0.069,0.612,0.945
2018-10-03,CTD4,4180266,698264,0.009271227,0.0076779462,0.003742417,0.0012799778,0.0008989495,0.000229241,0.211,0.345,-136.964,0.714,-651.02,0.79,-982.166,0.49,-514.057,0.613,-845.203,0.175,-331.146,-0.175,-0.123,-2.436,-0.585,-3.676,-1.257,-3.947,-0.462,-6.489,-1.082,-2.543,-1.239,1.806,1.378,1.35,0.287,0.317,0.033,0.628,1.349,1.835,5.758,5.617,8.199,-0.936,-0.215,2.807,3.996,-0.073,0.225,0.784,0.924
2018-10-03,CTD6,4176009,695829,0.011447728,0.020857552,0.029889116,0.007968234,0.005739702,0.0014786562,0.9465,-0.178,14.487,0.447,-77.554,0.568,-126.281,0.579,-92.041,0.678,-140.768,0.163,-48.727,0.115,0.083,-2.318,-0.445,-3.774,-1.006,-1.92,-0.528,-2.936,-1.122,-1.016,-1.456,-0.659,0.362,0.399,0.824,0.838,0.044,-0.69,-0.022,-2.59,2.426,-0.117,3.367,0.045,0.713,3.476,4.825,0.19,-0.009,0.568,0.941
2018-10-03,CTD7,4176724,690397,0.009893592,0.015820494,0.018112585,0.0050625526,0.0037153712,0.0010302339,0.2744999999999999,-0.068,7.999,0.515,-134.32,0.62,-205.943,0.563,-142.319,0.66,-213.942,0.153,-71.623,0.04,0.03,-2.433,-0.499,-3.73,-1.043,-2.252,-0.529,-3.385,-1.083,-1.133,-1.297,-0.261,0.493,0.522,0.668,0.689,0.04,-0.489,0.14,-1.75,2.92,0.68,3.979,-0.218,0.411,3.343,4.555,0.115,0.045,0.615,0.942
2018-10-03,CTD8,4174178,693048,0.013309744,0.024547623,0.039818596,0.012043555,0.008968153,0.0024154573,1.215,-0.237,15.623,0.342,-42.295,0.465,-70.769,0.536,-57.918,0.632,-86.392,0.146,-28.474,0.188,0.14,-1.684,-0.379,-2.818,-0.852,-1.422,-0.519,-2.121,-1.04,-0.699,-1.134,-0.727,0.256,0.3,0.829,0.843,0.048,-0.726,-0.128,-2.402,1.813,-0.569,2.435,0.279,0.877,2.941,3.949,0.265,-0.063,0.568,0.941
2018-10-03,CTD9,4171106,693183,0.026144464,0.040655687,0.07103909,0.031619884,0.026886906,0.008054685,0.105,-0.272,10.52,0.125,-7.029,0.204,-12.596,0.384,-17.549,0.451,-23.116,0.081,-5.567,0.333,0.283,-0.499,-0.189,-0.895,-0.398,-0.713,-0.472,-0.94,-0.731,-0.226,-0.395,-0.519,0.092,0.134,0.584,0.611,0.042,-0.604,-0.278,-1.356,0.907,-0.735,1.067,0.571,0.897,1.585,1.864,0.399,-0.216,0.647,0.954
2018-10-03,CTD10,4170388,695646,0.018481772,0.026135892,0.034963466,0.011508544,0.008623778,0.0023688655,0.933,-0.144,9.66,0.389,-48.63,0.504,-77.697,0.505,-58.291,0.604,-87.357,0.143,-29.066,0.111,0.083,-1.7,-0.419,-2.717,-0.894,-1.523,-0.503,-2.283,-1.005,-0.76,-1.016,-0.438,0.336,0.377,0.675,0.7,0.047,-0.587,-0.002,-1.783,2.024,-0.007,2.702,0.003,0.588,2.708,3.614,0.194,-0.001,0.616,0.938
2018-10-03,CTD11,4169609,700351,0.017751338,0.022663007,0.028163407,0.0077257887,0.0056392257,0.0015165545,0.5325,-0.108,8.618,0.492,-85.312,0.601,-133.205,0.569,-93.93,0.666,-141.822,0.156,-47.893,0.067,0.049,-2.403,-0.481,-3.751,-1.029,-2.129,-0.53,-3.214,-1.096,-1.085,-1.349,-0.412,0.442,0.474,0.722,0.741,0.041,-0.565,0.075,-2.061,2.733,0.373,3.744,-0.127,0.513,3.397,4.653,0.141,0.025,0.598,0.942
2018-10-03,CTD12,4173438,695414,0.016311308,0.027057076,0.040809464,0.011764589,0.00851044,0.0022345104,1.1425,-0.203,12.455,0.394,-48.042,0.521,-80.544,0.552,-60.497,0.655,-92.999,0.161,-32.502,0.147,0.106,-1.961,-0.409,-3.287,-0.948,-1.637,-0.515,-2.516,-1.094,-0.879,-1.326,-0.678,0.31,0.353,0.817,0.832,0.048,-0.719,-0.06,-2.495,2.091,-0.29,2.891,0.126,0.785,3.154,4.36,0.226,-0.026,0.572,0.938
2018-11-07,CTD1,4187246,695025,0.0040271445,0.0074756863,0.013987246,0.003956716,0.002626084,0.00065066543,0.619,-0.303,62.273,0.308,-118.968,0.48,-247.028,0.559,-181.241,0.684,-309.301,0.202,-128.06,0.246,0.164,-1.664,-0.312,-3.455,-0.977,-1.355,-0.476,-2.312,-1.224,-0.957,-1.791,-0.989,0.212,0.27,0.993,0.994,0.062,-0.972,-0.129,-3.437,1.702,-0.688,2.564,0.364,1.207,3.184,4.797,0.342,-0.068,0.533,0.926
2018-11-07,CTD2,4181518,693105,0.0018857094,0.005474719,0.009874942,0.001475562,0.0008378551,0.00018733673,0.469,-0.287,81.391,0.575,-495.05,0.735,-1010.866,0.74,-576.441,0.844,-1092.257,0.276,-515.816,0.12,0.068,-4.889,-0.415,-9.982,-1.492,-3.156,-0.483,-5.98,-1.612,-2.824,-5.094,-1.902,0.373,0.409,1.331,1.3,0.042,-1.207,-0.013,-8.076,3.625,-0.158,6.385,0.043,1.236,6.539,11.516,0.185,-0.004,0.453,0.944
2018-11-07,CTD3,4181698,695238,0.0039094384,0.008942629,0.012726401,0.0026846367,0.0017970726,0.00045223994,0.923,-0.175,33.247,0.538,-260.666,0.665,-444.637,0.652,-293.913,0.753,-477.884,0.198,-183.971,0.089,0.06,-3.317,-0.468,-5.659,-1.194,-2.628,-0.528,-4.274,-1.283,-1.645,-2.341,-0.844,0.431,0.464,0.935,0.94,0.041,-0.791,0.033,-3.751,3.19,0.236,4.765,-0.071,0.754,4.539,6.782,0.159,0.01,0.537,0.942
2018-11-07,CTD4,4180266,698264,0.012667383,0.016125053,0.018697686,0.007115144,0.0056861923,0.0017096107,1.267,-0.074,8.533,0.388,-78.53,0.479,-113.849,0.449,-87.063,0.534,-122.382,0.112,-35.319,0.061,0.049,-1.468,-0.447,-2.129,-0.81,-1.404,-0.495,-1.973,-0.871,-0.57,-0.66,-0.201,0.37,0.404,0.531,0.56,0.041,-0.389,0.063,-1.022,1.962,0.208,2.455,-0.092,0.36,2.275,2.847,0.137,0.028,0.667,0.945
2018-11-07,CTD6,4176009,695829,0.0034250356,0.008726282,0.015548157,0.0029067749,0.0019247079,0.00048100768,1.458,-0.281,50.28,0.5,-229.428,0.639,-404.963,0.685,-279.708,0.78,-455.243,0.203,-175.535,0.146,0.097,-3.567,-0.442,-6.296,-1.177,-2.441,-0.538,-3.973,-1.323,-1.532,-2.729,-1.412,0.333,0.369,1.187,1.171,0.04,-0.949,-0.101,-5.076,2.878,-0.815,4.347,0.272,1.12,5.128,7.745,0.209,-0.034,0.479,0.947
2018-11-07,CTD7,4176724,690397,0.0017856602,0.0045480365,0.009414071,0.0019512022,0.0012415285,0.00029672796,0.414,-0.349,113.651,0.4,-292.629,0.571,-585.584,0.657,-406.281,0.767,-699.235,0.222,-292.954,0.222,0.141,-2.755,-0.363,-5.513,-1.143,-1.848,-0.504,-3.18,-1.364,-1.332,-2.758,-1.524,0.244,0.291,1.289,1.257,0.051,-1.089,-0.153,-5.252,2.199,-1.161,3.456,0.498,1.434,4.552,7.154,0.297,-0.066,0.465,0.938
2018-11-07,CTD8,4174178,693048,0.012959695,0.02272029,0.033172403,0.008301649,0.00587332,0.0015382608,1.0395,-0.187,13.868,0.465,-76.444,0.589,-126.248,0.6,-90.312,0.699,-140.116,0.171,-49.803,0.115,0.081,-2.536,-0.449,-4.188,-1.048,-2.052,-0.53,-3.183,-1.163,-1.132,-1.652,-0.737,0.369,0.406,0.87,0.88,0.043,-0.729,-0.023,-2.911,2.56,-0.127,3.618,0.047,0.753,3.737,5.283,0.188,-0.008,0.555,0.941
2018-11-07,CTD9,4171106,693183,0.014276911,0.02439748,0.040852915,0.014228044,0.010621661,0.0028758172,0.204,-0.252,16.51,0.263,-29.296,0.393,-53.159,0.483,-45.806,0.587,-69.669,0.145,-23.864,0.235,0.175,-1.197,-0.311,-2.172,-0.756,-1.118,-0.487,-1.7,-0.991,-0.582,-0.975,-0.662,0.198,0.25,0.76,0.783,0.055,-0.742,-0.149,-2.131,1.455,-0.574,1.949,0.335,0.928,2.436,3.263,0.323,-0.087,0.592,0.935
2018-11-07,CTD10,4170388,695646,0.0028652702,0.0071106553,0.011804954,0.002298477,0.0014386368,0.000349927,0.9485,-0.248,55.924,0.511,-294.437,0.663,-554.468,0.674,-350.361,0.783,-610.392,0.23,-260.032,0.129,0.08,-3.476,-0.424,-6.545,-1.274,-2.491,-0.504,-4.34,-1.403,-1.849,-3.07,-1.256,0.363,0.402,1.112,1.102,0.045,-0.995,-0.024,-5.112,2.972,-0.193,4.748,0.063,1.034,4.934,7.882,0.201,-0.008,0.497,0.939
2018-11-07,CTD11,4169609,700351,0.0055495356,0.00985963,0.016859857,0.0039664204,0.0026479058,0.00070974766,1.1535,-0.262,42.111,0.426,-150.693,0.577,-276.233,0.619,-192.804,0.729,-318.344,0.199,-125.54,0.167,0.112,-2.541,-0.399,-4.657,-1.096,-1.901,-0.511,-3.139,-1.263,-1.238,-2.117,-1.058,0.302,0.346,1.031,1.028,0.049,-0.913,-0.083,-3.881,2.329,-0.527,3.488,0.212,1.042,3.982,5.965,0.245,-0.033,0.517,0.937
2018-11-07,CTD12,4173438,695414,0.00488135,0.010704599,0.014560276,0.0027289381,0.0017937311,0.00045007642,0.944,-0.153,24.738,0.594,-273.025,0.713,-464.079,0.684,-297.763,0.781,-488.817,0.207,-191.054,0.068,0.044,-3.975,-0.49,-6.757,-1.266,-3.187,-0.534,-5.233,-1.334,-2.045,-2.782,-0.853,0.488,0.515,0.947,0.95,0.037,-0.786,0.078,-4.195,3.799,0.632,5.78,-0.161,0.703,5.168,7.862,0.132,0.02,0.532,0.946
2019-03-12,CTD1,4187246,695025,0.01607735,0.02376125,0.033050418,0.012771023,0.010058002,0.003001322,0.1644999999999999,-0.164,11.829,0.301,-36.217,0.405,-57.338,0.443,-48.045,0.533,-69.167,0.119,-21.121,0.151,0.119,-1.197,-0.364,-1.895,-0.732,-1.142,-0.483,-1.643,-0.883,-0.502,-0.698,-0.407,0.255,0.299,0.6,0.629,0.048,-0.551,-0.069,-1.425,1.556,-0.226,1.976,0.121,0.603,2.165,2.749,0.233,-0.037,0.643,0.941
2019-03-12,CTD2,4181518,693105,0.010551723,0.018529754,0.023493383,0.0048543485,0.003231451,0.0008136104,0.508,-0.118,11.402,0.585,-152.034,0.703,-255.491,0.658,-163.436,0.758,-266.893,0.201,-103.458,0.055,0.037,-3.572,-0.491,-6.002,-1.24,-3.028,-0.528,-4.945,-1.296,-1.917,-2.431,-0.614,0.512,0.54,0.857,0.866,0.039,-0.713,0.123,-3.453,3.68,0.895,5.528,-0.234,0.602,4.665,7.008,0.124,0.032,0.556,0.943
2019-03-12,CTD3,4181698,695238,0.0151285045,0.024553642,0.033370152,0.008345527,0.0060919398,0.0016738892,0.49,-0.152,10.76,0.493,-79.098,0.602,-123.424,0.6,-89.858,0.691,-134.184,0.156,-44.327,0.09,0.066,-2.639,-0.482,-4.119,-1.03,-2.206,-0.547,-3.295,-1.12,-1.088,-1.479,-0.611,0.411,0.443,0.817,0.829,0.039,-0.634,0.006,-2.536,2.76,0.032,3.78,-0.011,0.629,3.75,5.138,0.157,0.002,0.568,0.946
2019-03-12,CTD4,4180266,698264,0.009930384,0.013983327,0.013850677,0.003681378,0.0026221357,0.00071090227,0.3195,0.005,-0.685,0.583,-200.124,0.684,-309.855,0.58,-199.439,0.682,-309.17,0.168,-109.731,-0.003,-0.002,-2.772,-0.525,-4.292,-1.141,-2.789,-0.523,-4.323,-1.138,-1.534,-1.52,0.021,0.625,0.648,0.612,0.636,0.038,-0.394,0.297,-1.484,3.609,1.57,5.067,-0.413,0.278,3.575,5.019,0.074,0.078,0.635,0.94
2019-03-12,CTD6,4176009,695829,0.007346064,0.016521113,0.018263156,0.002996478,0.0019632075,0.00048605286,0.3355,-0.05,5.774,0.693,-273.197,0.788,-448.842,0.718,-278.97,0.806,-454.615,0.208,-175.645,0.017,0.011,-4.989,-0.536,-8.197,-1.345,-4.609,-0.548,-7.511,-1.362,-2.902,-3.208,-0.351,0.669,0.685,0.826,0.835,0.03,-0.622,0.249,-3.789,5.406,2.32,8.251,-0.421,0.45,5.976,9.121,0.074,0.045,0.561,0.951
2019-03-12,CTD7,4176724,690397,0.012176509,0.016765924,0.020042732,0.006682062,0.0051788082,0.0014874599,0.258,-0.089,9.751,0.43,-90.01,0.528,-133.45,0.5,-99.761,0.589,-143.201,0.127,-43.44,0.065,0.051,-1.804,-0.466,-2.675,-0.892,-1.673,-0.517,-2.401,-0.957,-0.728,-0.871,-0.276,0.4,0.434,0.609,0.634,0.041,-0.454,0.061,-1.361,2.251,0.238,2.904,-0.095,0.42,2.691,3.472,0.14,0.025,0.637,0.944
2019-03-12,CTD8,4174178,693048,0.011664446,0.01666398,0.019929651,0.00576811,0.004394168,0.0013113262,0.2665,-0.089,9.833,0.486,-113.357,0.583,-167.565,0.551,-123.191,0.639,-177.398,0.135,-54.207,0.057,0.043,-2.259,-0.498,-3.34,-0.967,-2.053,-0.541,-2.956,-1.023,-0.903,-1.08,-0.321,0.448,0.477,0.672,0.693,0.038,-0.477,0.074,-1.646,2.669,0.337,3.503,-0.117,0.434,3.191,4.189,0.126,0.026,0.613,0.947
2019-03-12,CTD9,4171106,693183,0.024808263,0.03680674,0.064724796,0.033277545,0.029762996,0.009310772,0.155,-0.275,11.719,0.05,-2.881,0.106,-6.43,0.321,-14.6,0.37,-18.149,0.056,-3.548,0.39,0.349,-0.186,-0.086,-0.416,-0.214,-0.537,-0.435,-0.668,-0.604,-0.131,-0.23,-0.443,0.037,0.072,0.472,0.499,0.035,-0.549,-0.326,-1.069,0.646,-0.708,0.723,0.64,0.864,1.136,1.271,0.444,-0.294,0.69,0.964
2019-03-12,CTD10,4170388,695646,0.006899709,0.011531211,0.016897814,0.0046656374,0.0036412452,0.0010457581,0.323,-0.189,27.542,0.424,-127.612,0.52,-187.91,0.567,-155.154,0.645,-215.452,0.123,-60.298,0.129,0.1,-2.156,-0.465,-3.175,-0.877,-1.789,-0.565,-2.484,-1.005,-0.695,-1.019,-0.646,0.334,0.366,0.806,0.818,0.036,-0.599,-0.098,-2.169,2.256,-0.455,2.891,0.184,0.685,3.306,4.236,0.189,-0.04,0.57,0.952
2019-03-12,CTD11,4169609,700351,0.009255146,0.0156081505,0.018449971,0.0042552203,0.0030089968,0.00080735184,0.224,-0.083,9.868,0.572,-170.936,0.677,-268.268,0.625,-180.805,0.72,-278.136,0.172,-97.331,0.042,0.03,-3.154,-0.514,-4.95,-1.142,-2.822,-0.544,-4.341,-1.184,-1.519,-1.796,-0.391,0.529,0.555,0.762,0.777,0.037,-0.568,0.139,-2.464,3.505,0.851,4.957,-0.232,0.475,4.143,5.859,0.11,0.038,0.583,0.945
2019-03-12,CTD12,4173438,695414,0.014726952,0.025731722,0.03887558,0.0083647845,0.005647369,0.0014172337,0.3185,-0.203,13.139,0.509,-80.686,0.64,-138.211,0.646,-93.826,0.746,-151.351,0.194,-57.525,0.11,0.074,-3.137,-0.456,-5.373,-1.156,-2.414,-0.53,-3.895,-1.266,-1.48,-2.236,-0.938,0.39,0.425,0.972,0.975,0.042,-0.819,-0.013,-3.808,2.931,-0.091,4.341,0.03,0.836,4.428,6.559,0.18,-0.004,0.528,0.942
2019-06-25,CTD1,4187246,695025,0.019162416,0.024439463,0.03350246,0.012659048,0.009715767,0.002616414,1.3405,-0.156,11.069,0.318,-38.077,0.431,-62.008,0.452,-49.146,0.55,-73.077,0.132,-23.931,0.14,0.108,-1.276,-0.37,-2.077,-0.785,-1.201,-0.477,-1.786,-0.925,-0.585,-0.802,-0.405,0.273,0.319,0.61,0.641,0.051,-0.573,-0.038,-1.518,1.641,-0.131,2.138,0.068,0.603,2.249,2.93,0.228,-0.02,0.64,0.936
2019-06-25,CTD2,4181518,693105,0.010190976,0.018539745,0.02933656,0.01079038,0.00769216,0.0020200028,2.6585,-0.226,19.851,0.264,-38.737,0.414,-76.064,0.462,-58.588,0.585,-95.915,0.168,-37.327,0.214,0.153,-1.136,-0.298,-2.231,-0.821,-1.086,-0.451,-1.778,-1.035,-0.692,-1.095,-0.584,0.209,0.27,0.707,0.738,0.065,-0.771,-0.081,-2.096,1.456,-0.309,2.042,0.18,0.869,2.304,3.232,0.32,-0.047,0.613,0.923
2019-06-25,CTD3,4181698,695238,0.010260595,0.017694555,0.026405044,0.007912922,0.0055966447,0.0014617714,2.9325,-0.198,18.643,0.382,-69.861,0.519,-122.164,0.539,-88.504,0.65,-140.807,0.171,-52.303,0.148,0.104,-1.845,-0.391,-3.226,-0.967,-1.566,-0.495,-2.492,-1.114,-0.925,-1.381,-0.645,0.306,0.353,0.794,0.813,0.053,-0.744,-0.037,-2.482,2.024,-0.175,2.862,0.078,0.785,3.021,4.271,0.235,-0.017,0.581,0.933
2019-06-25,CTD4,4180266,698264,0.010310134,0.018035112,0.023913508,0.006291954,0.0042566806,0.001070547,2.979,-0.14,13.63,0.483,-103.486,0.618,-179.477,0.583,-117.116,0.698,-193.107,0.193,-75.992,0.086,0.058,-2.475,-0.441,-4.292,-1.129,-2.112,-0.499,-3.483,-1.215,-1.371,-1.817,-0.557,0.417,0.456,0.79,0.808,0.049,-0.724,0.078,-2.752,2.688,0.436,3.974,-0.152,0.649,3.565,5.269,0.171,0.027,0.58,0.933
2019-06-25,CTD6,4176009,695829,0.012821537,0.021222819,0.029122844,0.009419257,0.0066698273,0.001801926,3.3255,-0.157,12.782,0.385,-59.046,0.522,-102.81,0.511,-71.828,0.627,-115.592,0.171,-43.763,0.12,0.085,-1.72,-0.394,-2.994,-0.968,-1.524,-0.479,-2.453,-1.089,-0.929,-1.275,-0.491,0.33,0.378,0.706,0.733,0.055,-0.683,0.021,-2.113,2.024,0.09,2.858,-0.04,0.664,2.778,3.923,0.215,0.009,0.609,0.929
2019-06-25,CTD7,4176724,690397,0.005026018,0.011404055,0.017094225,0.0032760897,0.0021542758,0.0005340454,1.7945,-0.2,29.189,0.554,-217.554,0.682,-376.505,0.678,-246.743,0.776,-405.694,0.207,-158.951,0.096,0.063,-3.719,-0.469,-6.436,-1.233,-2.814,-0.532,-4.627,-1.329,-1.813,-2.717,-1.048,0.422,0.454,1.019,1.018,0.039,-0.854,0.01,-4.454,3.355,0.076,5.102,-0.022,0.841,5.029,7.648,0.161,0.003,0.515,0.945
2019-06-25,CTD8,4174178,693048,0.006663334,0.014157941,0.02050696,0.0041640177,0.0027670353,0.0006839862,2.012,-0.183,21.868,0.545,-169.521,0.673,-290.766,0.662,-191.389,0.762,-312.634,0.202,-121.245,0.091,0.061,-3.476,-0.469,-5.963,-1.211,-2.71,-0.53,-4.426,-1.302,-1.717,-2.486,-0.916,0.429,0.462,0.966,0.968,0.04,-0.814,0.026,-4.011,3.265,0.192,4.914,-0.056,0.784,4.729,7.117,0.159,0.008,0.529,0.943
2019-06-25,CTD9,4171106,693183,0.01685591,0.02907933,0.053282525,0.021765862,0.017185617,0.0046672053,0.486,-0.294,15.621,0.144,-11.555,0.257,-23.8,0.42,-27.176,0.512,-39.42,0.118,-12.245,0.34,0.268,-0.616,-0.199,-1.268,-0.518,-0.79,-0.467,-1.146,-0.858,-0.356,-0.652,-0.621,0.104,0.158,0.681,0.71,0.056,-0.721,-0.244,-1.764,1.013,-0.756,1.284,0.566,1.043,1.857,2.352,0.426,-0.182,0.617,0.939
2019-06-25,CTD10,4170388,695646,0.0075491257,0.017844794,0.029585965,0.0069963457,0.0045140893,0.0010666639,1.9455,-0.248,22.239,0.437,-86.893,0.596,-165.49,0.618,-109.132,0.735,-187.729,0.216,-78.597,0.156,0.1,-2.571,-0.392,-4.896,-1.158,-1.947,-0.493,-3.35,-1.313,-1.403,-2.325,-1.02,0.318,0.364,1.01,1.009,0.052,-0.947,-0.042,-4.004,2.398,-0.276,3.717,0.108,1.013,3.976,6.162,0.239,-0.016,0.524,0.932
2019-06-25,CTD11,4169609,700351,0.0040309187,0.011916281,0.021832393,0.0072624823,0.005083462,0.0013024512,1.7405,-0.294,38.115,0.243,-53.775,0.402,-112.798,0.501,-91.89,0.622,-150.913,0.176,-59.022,0.277,0.194,-1.174,-0.273,-2.463,-0.819,-1.095,-0.467,-1.798,-1.096,-0.703,-1.289,-0.803,0.173,0.235,0.857,0.873,0.065,-0.883,-0.154,-2.654,1.408,-0.662,2.011,0.403,1.132,2.58,3.685,0.377,-0.094,0.568,0.925
2019-06-25,CTD12,4173438,695414,0.010647189,0.020630743,0.029585965,0.0082362015,0.0058396608,0.0014880485,2.373,-0.178,14.672,0.429,-72.944,0.559,-122.771,0.564,-87.615,0.67,-137.443,0.17,-49.828,0.121,0.086,-2.158,-0.426,-3.632,-1.011,-1.808,-0.512,-2.836,-1.132,-1.028,-1.474,-0.636,0.35,0.391,0.807,0.823,0.048,-0.713,-0.012,-2.561,2.308,-0.059,3.254,0.024,0.725,3.309,4.667,0.202,-0.005,0.575,0.937
2019-07-10,CTD1,4187246,695025,0.017193077,0.025202686,0.036650736,0.0134345,0.0107811345,0.0030143315,0.667,-0.185,12.394,0.305,-34.757,0.401,-53.076,0.464,-47.151,0.545,-65.47,0.11,-18.319,0.167,0.134,-1.274,-0.375,-1.945,-0.713,-1.188,-0.508,-1.65,-0.88,-0.462,-0.671,-0.473,0.248,0.288,0.645,0.67,0.043,-0.558,-0.115,-1.524,1.582,-0.39,1.971,0.208,0.652,2.3,2.866,0.239,-0.061,0.625,0.947
2019-07-10,CTD2,4181518,693105,0.008834636,0.019480402,0.031062553,0.0078006964,0.005009795,0.0011608768,1.012,-0.229,19.141,0.428,-76.86,0.591,-148.275,0.599,-96.001,0.722,-167.416,0.218,-71.415,0.149,0.096,-2.387,-0.385,-4.606,-1.157,-1.87,-0.481,-3.261,-1.306,-1.391,-2.218,-0.904,0.324,0.372,0.95,0.955,0.055,-0.93,-0.015,-3.703,2.336,-0.094,3.637,0.037,0.952,3.725,5.8,0.239,-0.006,0.54,0.928
2019-07-10,CTD3,4181698,695238,0.009414267,0.020453708,0.030361447,0.006911901,0.0044365376,0.0010365007,1.329,-0.195,15.954,0.495,-95.787,0.644,-176.51,0.629,-111.741,0.745,-192.464,0.218,-80.723,0.11,0.071,-2.908,-0.425,-5.359,-1.22,-2.286,-0.496,-3.937,-1.33,-1.651,-2.451,-0.873,0.389,0.43,0.942,0.947,0.049,-0.884,0.032,-3.884,2.813,0.218,4.383,-0.074,0.843,4.176,6.506,0.192,0.011,0.539,0.934
2019-07-10,CTD4,4180266,698264,0.009515178,0.016356353,0.023450268,0.008141547,0.0053880042,0.0012538818,1.174,-0.178,18.495,0.335,-61.688,0.504,-124.459,0.485,-80.183,0.626,-142.954,0.204,-62.771,0.151,0.1,-1.447,-0.332,-2.919,-1.013,-1.312,-0.432,-2.338,-1.164,-1.027,-1.472,-0.524,0.285,0.347,0.704,0.737,0.069,-0.814,0.036,-2.343,1.779,0.155,2.689,-0.077,0.772,2.551,3.855,0.268,0.018,0.615,0.913
2019-07-10,CTD6,4176009,695829,0.020250961,0.0289535,0.03723925,0.01031975,0.0074068755,0.0019111615,0.665,-0.125,7.685,0.474,-62.363,0.593,-100.472,0.566,-70.048,0.668,-108.156,0.164,-38.108,0.079,0.057,-2.322,-0.462,-3.741,-1.037,-2.028,-0.519,-3.132,-1.116,-1.103,-1.419,-0.467,0.417,0.453,0.74,0.76,0.044,-0.616,0.06,-2.222,2.607,0.3,3.632,-0.107,0.568,3.353,4.671,0.158,0.021,0.593,0.939
2019-07-10,CTD7,4176724,690397,0.0148599995,0.02459579,0.035592075,0.010199032,0.0072866376,0.0018986596,1.357,-0.183,12.561,0.414,-57.391,0.543,-96.58,0.555,-69.952,0.66,-109.141,0.167,-39.189,0.128,0.092,-2.043,-0.418,-3.437,-0.985,-1.721,-0.51,-2.684,-1.113,-0.964,-1.395,-0.629,0.336,0.378,0.796,0.813,0.048,-0.709,-0.023,-2.473,2.207,-0.114,3.089,0.047,0.733,3.193,4.47,0.21,-0.01,0.578,0.936
2019-07-10,CTD8,4174178,693048,0.018824743,0.03055044,0.045096766,0.012207384,0.0086765,0.0022277574,1.046,-0.192,10.558,0.429,-49.185,0.558,-82.521,0.574,-59.743,0.677,-93.079,0.169,-33.336,0.129,0.092,-2.218,-0.427,-3.721,-1.007,-1.825,-0.518,-2.844,-1.136,-1.018,-1.503,-0.697,0.341,0.382,0.838,0.852,0.047,-0.73,-0.033,-2.695,2.31,-0.173,3.25,0.069,0.765,3.41,4.798,0.207,-0.013,0.565,0.938
2019-07-10,CTD9,4171106,693183,0.021424288,0.03493815,0.06397699,0.028484149,0.023087043,0.0060212,1.228,-0.294,12.991,0.102,-6.485,0.204,-14.692,0.384,-19.477,0.47,-27.684,0.105,-8.207,0.37,0.3,-0.415,-0.15,-0.94,-0.418,-0.68,-0.45,-0.967,-0.789,-0.287,-0.525,-0.563,0.074,0.128,0.612,0.645,0.055,-0.688,-0.264,-1.545,0.866,-0.733,1.068,0.597,1.021,1.585,1.956,0.454,-0.216,0.641,0.942
2019-07-10,CTD10,4170388,695646,0.013887284,0.026518535,0.03974387,0.010524618,0.0069090356,0.0016850617,1.568,-0.2,12.548,0.432,-57.306,0.587,-107.029,0.581,-69.854,0.704,-119.577,0.207,-49.723,0.132,0.087,-2.278,-0.396,-4.254,-1.126,-1.852,-0.483,-3.171,-1.259,-1.319,-1.976,-0.759,0.343,0.39,0.874,0.886,0.055,-0.856,0.011,-3.233,2.346,0.062,3.573,-0.025,0.842,3.516,5.356,0.223,0.004,0.559,0.928
2019-07-10,CTD11,4169609,700351,0.01078257,0.022134721,0.033568755,0.010012104,0.007225878,0.0018565493,0.921,-0.205,15.388,0.377,-54.701,0.508,-93.214,0.541,-70.089,0.646,-108.602,0.162,-38.512,0.154,0.111,-1.836,-0.395,-3.129,-0.933,-1.551,-0.506,-2.404,-1.087,-0.852,-1.293,-0.663,0.297,0.342,0.802,0.819,0.05,-0.726,-0.062,-2.435,1.996,-0.29,2.765,0.131,0.795,3.026,4.193,0.237,-0.028,0.577,0.936
2019-07-10,CTD12,4173438,695414,0.020076396,0.027801946,0.035760388,0.010150419,0.0071056453,0.0018623079,0.887,-0.125,8.005,0.465,-62.549,0.593,-104.764,0.558,-70.554,0.668,-112.769,0.176,-42.215,0.081,0.057,-2.237,-0.444,-3.746,-1.063,-1.962,-0.501,-3.135,-1.145,-1.174,-1.51,-0.461,0.412,0.451,0.734,0.755,0.048,-0.651,0.077,-2.294,2.54,0.39,3.629,-0.142,0.586,3.267,4.668,0.166,0.028,0.597,0.934
2019-07-30,CTD1,4187246,695025,0.00079535466,0.0014441184,0.0037070021,0.005315765,0.0053860513,0.0016712701,0.322,-0.439,422.704,-0.573,504.344,-0.577,506.799,-0.178,81.64,-0.185,84.095,-0.007,2.455,2.247,2.277,1.87,2.716,1.879,2.694,0.118,0.44,0.121,0.447,0.004,0.009,-0.211,-0.426,-0.437,-0.236,-0.248,-0.014,-0.597,-0.624,-0.417,-1.181,-0.429,-1.166,1.58,1.554,-3.032,-2.993,2.228,-2.296,1.312,1.008
2019-07-30,CTD2,4181518,693105,0.021253875,0.031337854,0.04136576,0.010574671,0.007271407,0.0018343835,1.5985,-0.138,7.736,0.495,-62.655,0.623,-105.615,0.593,-70.391,0.701,-113.35,0.185,-42.959,0.082,0.056,-2.592,-0.456,-4.369,-1.117,-2.206,-0.512,-3.552,-1.199,-1.346,-1.777,-0.562,0.427,0.463,0.798,0.813,0.045,-0.697,0.07,-2.725,2.788,0.398,4.054,-0.134,0.632,3.68,5.351,0.162,0.024,0.576,0.936
2019-07-30,CTD3,4181698,695238,0.0131443925,0.017051004,0.02797283,0.012460137,0.010484474,0.0033369458,1.9095,-0.243,22.899,0.156,-21.608,0.238,-36.732,0.384,-44.507,0.455,-59.63,0.086,-15.123,0.285,0.24,-0.604,-0.227,-1.027,-0.458,-0.759,-0.467,-1.017,-0.743,-0.258,-0.423,-0.476,0.119,0.162,0.563,0.593,0.044,-0.579,-0.232,-1.3,0.994,-0.619,1.181,0.452,0.799,1.63,1.937,0.356,-0.169,0.655,0.951
2019-07-30,CTD4,4180266,698264,0.0,0.0,0.0,0.0,0.0,0.0,1.7085,,,,,,,,,,,,,,,,,,,,,,,,,,,,,,,,,,,,,,,,,,,,
2019-07-30,CTD6,4176009,695829,0.025447074,0.035366867,0.04837703,0.015310545,0.011105588,0.0028705958,2.685,-0.155,7.604,0.396,-37.039,0.522,-61.77,0.519,-44.643,0.627,-69.374,0.159,-24.73,0.116,0.084,-1.792,-0.411,-2.988,-0.946,-1.579,-0.496,-2.454,-1.062,-0.875,-1.196,-0.493,0.337,0.381,0.712,0.735,0.05,-0.648,0.006,-2.046,2.08,0.025,2.868,-0.011,0.643,2.846,3.923,0.203,0.002,0.605,0.934
2019-07-30,CTD7,4176724,690397,0.021557312,0.03155182,0.042226214,0.013346177,0.009651633,0.0024970048,1.5154999999999998,-0.145,8.012,0.405,-43.234,0.532,-71.916,0.52,-51.246,0.628,-79.927,0.161,-28.682,0.107,0.077,-1.826,-0.417,-3.037,-0.96,-1.617,-0.495,-2.522,-1.067,-0.905,-1.211,-0.464,0.351,0.394,0.701,0.726,0.05,-0.636,0.024,-2.011,2.136,0.105,2.953,-0.044,0.615,2.858,3.952,0.194,0.01,0.609,0.934
2019-07-30,CTD8,4174178,693048,0.02686498,0.038465027,0.05586309,0.01581206,0.011230958,0.0028218927,2.1135,-0.184,8.097,0.417,-37.245,0.548,-63.042,0.559,-45.342,0.665,-71.139,0.169,-25.797,0.128,0.091,-2.081,-0.418,-3.522,-0.997,-1.744,-0.509,-2.736,-1.125,-0.992,-1.441,-0.643,0.338,0.38,0.806,0.822,0.049,-0.719,-0.022,-2.541,2.232,-0.108,3.142,0.044,0.742,3.241,4.563,0.21,-0.009,0.575,0.936
2019-07-30,CTD9,4171106,693183,0.015797872,0.02753094,0.05196097,0.021799337,0.017636357,0.0049011516,0.305,-0.307,17.078,0.116,-9.55,0.219,-20.378,0.409,-26.628,0.493,-37.456,0.106,-10.828,0.372,0.301,-0.496,-0.168,-1.059,-0.444,-0.733,-0.47,-1.031,-0.817,-0.298,-0.563,-0.619,0.082,0.134,0.668,0.696,0.052,-0.706,-0.279,-1.683,0.924,-0.823,1.142,0.651,1.078,1.743,2.154,0.452,-0.221,0.621,0.944
2019-07-30,CTD10,4170388,695646,0.023601498,0.032555025,0.04322219,0.012895453,0.009172062,0.0023493853,0.91,-0.141,7.581,0.433,-46.829,0.56,-78.31,0.54,-54.41,0.65,-85.89,0.169,-31.48,0.098,0.07,-2.024,-0.43,-3.385,-1.01,-1.771,-0.499,-2.796,-1.108,-1.025,-1.361,-0.483,0.375,0.417,0.727,0.749,0.049,-0.653,0.042,-2.188,2.312,0.198,3.251,-0.078,0.616,3.07,4.316,0.184,0.017,0.6,0.934
2019-07-30,CTD11,4169609,700351,0.015885368,0.025534108,0.03364464,0.0098721655,0.007153033,0.0018103434,0.9535,-0.137,9.441,0.442,-62.132,0.562,-100.638,0.546,-71.572,0.649,-110.078,0.16,-38.506,0.093,0.068,-2.09,-0.444,-3.386,-0.994,-1.828,-0.512,-2.811,-1.087,-0.983,-1.296,-0.476,0.384,0.422,0.727,0.748,0.046,-0.621,0.034,-2.117,2.374,0.162,3.276,-0.063,0.593,3.128,4.317,0.174,0.013,0.598,0.938
2019-07-30,CTD12,4173438,695414,0.014700439,0.024656076,0.037106775,0.010992333,0.008055392,0.002126932,1.418,-0.202,13.609,0.383,-50.415,0.507,-83.582,0.543,-64.023,0.643,-97.191,0.154,-33.168,0.15,0.11,-1.871,-0.406,-3.101,-0.919,-1.579,-0.516,-2.396,-1.068,-0.818,-1.231,-0.654,0.303,0.345,0.798,0.815,0.048,-0.7,-0.068,-2.363,2.026,-0.315,2.765,0.14,0.772,3.049,4.161,0.229,-0.03,0.577,0.939
2019-08-14,CTD1,4187246,695025,0.012674206,0.020884665,0.032593574,0.010739511,0.008149781,0.0024674202,1.8235,-0.219,17.201,0.321,-45.232,0.439,-74.821,0.504,-62.433,0.6,-92.022,0.137,-29.589,0.185,0.14,-1.474,-0.369,-2.439,-0.804,-1.304,-0.509,-1.922,-0.988,-0.618,-0.964,-0.62,0.249,0.294,0.753,0.773,0.048,-0.677,-0.118,-2.055,1.695,-0.472,2.233,0.243,0.802,2.645,3.485,0.264,-0.061,0.591,0.94
2019-08-14,CTD2,4181518,693105,0.0054224306,0.013524721,0.025755808,0.0064283935,0.004630208,0.0012398943,3.2595,-0.311,35.112,0.356,-81.621,0.49,-142.034,0.601,-116.734,0.695,-177.147,0.163,-60.413,0.226,0.163,-2.102,-0.378,-3.658,-0.913,-1.579,-0.541,-2.396,-1.139,-0.817,-1.556,-1.106,0.234,0.276,1.065,1.059,0.046,-0.863,-0.195,-3.459,1.924,-1.086,2.671,0.516,1.184,3.664,5.087,0.296,-0.093,0.508,0.944
2019-08-14,CTD3,4181698,695238,0.0073570968,0.016484393,0.028648453,0.0069963457,0.004904696,0.0013034923,4.249,-0.27,25.758,0.404,-82.268,0.541,-143.223,0.607,-108.026,0.708,-168.98,0.176,-60.954,0.18,0.126,-2.357,-0.404,-4.103,-1.002,-1.781,-0.53,-2.786,-1.182,-1.005,-1.746,-1.022,0.283,0.325,1.012,1.011,0.046,-0.851,-0.126,-3.485,2.185,-0.734,3.117,0.311,1.037,3.797,5.417,0.253,-0.053,0.52,0.941
2019-08-14,CTD4,4180266,698264,0.008868206,0.017430265,0.028030725,0.0082634175,0.0059796097,0.0016158475,4.1765,-0.233,21.696,0.357,-63.644,0.489,-109.864,0.545,-85.34,0.648,-131.56,0.16,-46.22,0.179,0.13,-1.784,-0.381,-3.08,-0.908,-1.488,-0.51,-2.293,-1.087,-0.806,-1.296,-0.744,0.27,0.315,0.844,0.858,0.05,-0.76,-0.102,-2.578,1.896,-0.477,2.62,0.226,0.885,3.049,4.214,0.261,-0.048,0.565,0.937
2019-08-14,CTD6,4176009,695829,0.007859276,0.017864248,0.035621736,0.010964775,0.008047107,0.0020955463,3.6635,-0.332,27.905,0.239,-35.223,0.379,-68.291,0.529,-63.128,0.631,-96.196,0.153,-33.067,0.306,0.225,-1.255,-0.283,-2.433,-0.749,-1.128,-0.508,-1.718,-1.055,-0.591,-1.178,-0.934,0.158,0.211,0.952,0.956,0.055,-0.861,-0.232,-2.797,1.403,-1.029,1.912,0.631,1.26,2.798,3.813,0.388,-0.143,0.539,0.937
2019-08-14,CTD7,4176724,690397,0.022436941,0.033944283,0.052175704,0.013800362,0.009780236,0.0024997937,2.761,-0.212,10.294,0.422,-43.002,0.553,-72.787,0.582,-53.296,0.684,-83.081,0.17,-29.785,0.142,0.101,-2.244,-0.421,-3.798,-1.004,-1.809,-0.521,-2.82,-1.147,-1.011,-1.554,-0.773,0.325,0.366,0.878,0.888,0.047,-0.76,-0.058,-2.875,2.272,-0.31,3.206,0.126,0.828,3.493,4.928,0.219,-0.024,0.554,0.939
2019-08-14,CTD8,4174178,693048,0.01205107,0.025178239,0.044715494,0.013653141,0.009777005,0.0024628246,3.8015,-0.28,17.353,0.297,-33.526,0.441,-62.564,0.532,-50.88,0.641,-79.917,0.165,-29.038,0.237,0.17,-1.499,-0.328,-2.798,-0.854,-1.281,-0.497,-2.012,-1.091,-0.731,-1.298,-0.834,0.211,0.264,0.889,0.9,0.055,-0.833,-0.153,-2.729,1.625,-0.7,2.27,0.38,1.06,2.887,4.031,0.324,-0.083,0.556,0.934
2019-08-14,CTD9,4171106,693183,0.014051784,0.02439748,0.04795475,0.021361055,0.018473642,0.005607621,1.149,-0.326,20.135,0.066,-5.826,0.138,-13.143,0.384,-25.961,0.444,-33.278,0.072,-7.317,0.43,0.372,-0.279,-0.108,-0.63,-0.281,-0.633,-0.48,-0.812,-0.711,-0.179,-0.351,-0.591,0.046,0.085,0.62,0.644,0.04,-0.648,-0.356,-1.454,0.757,-0.924,0.875,0.809,1.101,1.488,1.72,0.49,-0.312,0.632,0.958
2019-08-14,CTD10,4170388,695646,0.009896419,0.018881697,0.031875953,0.01030337,0.0075654155,0.0020107292,2.69,-0.256,21.59,0.294,-44.094,0.428,-79.219,0.511,-65.684,0.616,-100.809,0.153,-35.125,0.222,0.163,-1.406,-0.334,-2.525,-0.816,-1.24,-0.497,-1.903,-1.039,-0.663,-1.12,-0.727,0.217,0.268,0.816,0.833,0.054,-0.77,-0.142,-2.381,1.595,-0.598,2.173,0.326,0.954,2.693,3.668,0.308,-0.077,0.575,0.935
2019-08-14,CTD11,4169609,700351,0.0036831507,0.009999355,0.02049412,0.0063479426,0.004540774,0.0012045976,2.7765,-0.344,51.212,0.223,-57.525,0.375,-120.22,0.527,-108.737,0.637,-171.432,0.166,-62.695,0.325,0.233,-1.179,-0.261,-2.464,-0.763,-1.087,-0.494,-1.714,-1.088,-0.627,-1.285,-0.964,0.146,0.203,0.973,0.976,0.059,-0.91,-0.227,-2.938,1.354,-1.026,1.892,0.652,1.334,2.774,3.879,0.413,-0.144,0.536,0.933
2019-08-14,CTD12,4173438,695414,0.007023834,0.018271346,0.034035496,0.007306468,0.0047857887,0.0011331787,3.1555,-0.301,25.349,0.429,-82.135,0.585,-154.221,0.647,-107.484,0.753,-179.571,0.208,-72.087,0.185,0.121,-2.795,-0.393,-5.249,-1.127,-1.964,-0.514,-3.281,-1.312,-1.317,-2.454,-1.304,0.282,0.326,1.159,1.144,0.048,-0.99,-0.118,-4.611,2.36,-0.84,3.603,0.336,1.208,4.396,6.712,0.259,-0.047,0.489,0.939
2019-09-18,CTD1,4187246,695025,0.009446899,0.016183777,0.038529817,0.026148457,0.028446697,0.010956595,14.2065,-0.408,35.836,-0.235,23.547,-0.275,26.637,0.191,-12.289,0.151,-9.2,-0.042,3.09,0.937,1.019,0.907,0.67,1.026,0.697,-0.199,-0.35,-0.149,-0.241,0.05,0.119,-0.409,-0.149,-0.19,0.277,0.238,-0.042,-0.499,-0.668,-0.736,-0.119,-0.905,-0.11,1.462,1.293,-0.284,-0.261,0.877,-1.079,0.774,1.036
2019-09-18,CTD2,4181518,693105,0.010852275,0.017239869,0.04018289,0.023804175,0.025131736,0.00960514,13.1535,-0.4,33.119,-0.16,15.996,-0.186,18.215,0.256,-17.123,0.23,-14.904,-0.027,2.219,0.788,0.832,0.643,0.402,0.732,0.434,-0.295,-0.43,-0.257,-0.355,0.038,0.089,-0.469,-0.101,-0.123,0.387,0.367,-0.023,-0.518,-0.627,-0.875,0.099,-1.002,0.094,1.384,1.275,0.23,0.218,0.755,-0.865,0.715,1.021
2019-09-18,CTD3,4181698,695238,0.0010605208,0.0034020843,0.015012639,0.012536357,0.010865065,0.0033915092,11.481,-0.631,227.327,-0.573,214.169,-0.523,201.899,0.09,-13.157,0.16,-25.428,0.071,-12.27,2.85,2.47,3.215,2.327,3.031,2.531,-0.045,-0.143,-0.087,-0.319,-0.042,-0.184,-0.496,-0.353,-0.271,0.174,0.26,0.091,-0.927,-0.64,-1.11,-0.452,-0.884,-0.522,3.259,3.546,-1.996,-2.303,2.961,-2.359,0.866,0.939
2019-09-18,CTD4,4180266,698264,0.0041238503,0.0087154545,0.025779052,0.016567016,0.017434556,0.0063806376,12.6465,-0.495,75.948,-0.311,54.378,-0.333,57.381,0.218,-21.57,0.193,-18.566,-0.026,3.004,1.258,1.324,1.402,0.948,1.479,0.951,-0.188,-0.376,-0.162,-0.308,0.026,0.077,-0.502,-0.182,-0.206,0.352,0.33,-0.025,-0.612,-0.714,-0.953,-0.15,-1.056,-0.143,2.008,1.905,-0.444,-0.422,1.225,-1.358,0.733,1.02
2019-09-18,CTD6,4176009,695829,0.005887636,0.009197786,0.023688203,0.013677597,0.015759086,0.005876965,13.733,-0.441,66.507,-0.196,35.61,-0.263,45.266,0.268,-30.897,0.201,-21.24,-0.071,9.657,0.91,1.048,0.844,0.561,1.072,0.619,-0.284,-0.487,-0.195,-0.291,0.089,0.229,-0.492,-0.114,-0.176,0.401,0.347,-0.063,-0.48,-0.764,-0.831,0.007,-1.148,0.006,1.708,1.423,0.019,0.016,0.822,-1.136,0.696,1.056
2019-09-18,CTD7,4176724,690397,0.0048722522,0.009760448,0.029003687,0.01921462,0.019345766,0.0071462686,8.7535,-0.496,67.976,-0.326,50.411,-0.329,50.763,0.203,-17.565,0.2,-17.213,-0.003,0.353,1.306,1.315,1.462,0.975,1.472,0.975,-0.171,-0.34,-0.168,-0.331,0.003,0.01,-0.499,-0.196,-0.199,0.336,0.333,-0.003,-0.657,-0.67,-0.991,-0.159,-1.005,-0.158,1.978,1.965,-0.473,-0.469,1.302,-1.32,0.747,1.003
2019-09-18,CTD8,4174178,693048,0.008630355,0.01327863,0.030273555,0.019661885,0.020599263,0.0080917375,11.7565,-0.39,42.277,-0.194,24.449,-0.216,26.764,0.213,-17.828,0.19,-15.513,-0.023,2.314,0.831,0.871,0.74,0.504,0.81,0.526,-0.237,-0.367,-0.206,-0.305,0.031,0.07,-0.422,-0.125,-0.147,0.313,0.294,-0.022,-0.516,-0.609,-0.794,-0.005,-0.895,-0.005,1.325,1.232,-0.012,-0.011,0.8,-0.902,0.756,1.019
2019-09-18,CTD9,4171106,693183,0.005194046,0.011123106,0.03388258,0.021855194,0.021781081,0.007723483,14.7405,-0.506,60.389,-0.325,44.147,-0.324,43.992,0.216,-16.242,0.217,-16.398,0.002,-0.156,1.32,1.315,1.496,0.962,1.491,0.961,-0.181,-0.354,-0.182,-0.358,-0.002,-0.005,-0.522,-0.193,-0.191,0.366,0.367,0.002,-0.675,-0.668,-1.047,-0.134,-1.04,-0.134,2.043,2.05,-0.408,-0.409,1.322,-1.313,0.733,0.999
2019-09-18,CTD10,4170388,695646,0.0049639638,0.0102215195,0.028673714,0.01762301,0.017740292,0.0064374385,15.542000000000002,-0.474,62.958,-0.266,41.089,-0.269,41.464,0.239,-21.869,0.236,-21.494,-0.003,0.375,1.11,1.117,1.178,0.729,1.189,0.731,-0.224,-0.388,-0.22,-0.379,0.004,0.011,-0.522,-0.159,-0.162,0.395,0.393,-0.003,-0.637,-0.65,-1.036,-0.039,-1.051,-0.038,1.812,1.799,-0.109,-0.108,1.105,-1.121,0.716,1.003
2019-09-18,CTD11,4169609,700351,0.009605914,0.015515936,0.033069164,0.01790747,0.018149868,0.006584714,18.2635,-0.361,34.21,-0.072,8.607,-0.078,9.353,0.297,-25.603,0.291,-24.857,-0.007,0.746,0.613,0.621,0.285,0.156,0.309,0.167,-0.397,-0.465,-0.386,-0.445,0.012,0.025,-0.487,-0.047,-0.052,0.45,0.446,-0.005,-0.517,-0.544,-0.956,0.318,-0.992,0.313,1.145,1.118,0.677,0.668,0.605,-0.628,0.688,1.005
2019-09-18,CTD12,4173438,695414,0.015411931,0.024589766,0.043788325,0.030434486,0.032251094,0.012750579,12.47,-0.281,17.83,-0.106,7.81,-0.135,9.661,0.18,-10.02,0.152,-8.17,-0.029,1.851,0.543,0.575,0.342,0.252,0.423,0.294,-0.246,-0.323,-0.201,-0.249,0.046,0.081,-0.306,-0.077,-0.103,0.235,0.21,-0.027,-0.382,-0.498,-0.55,0.071,-0.676,0.067,0.837,0.721,0.127,0.12,0.501,-0.617,0.805,1.024
2019-09-28,CTD1,4187246,695025,0.02259741,0.03608385,0.06649008,0.033858214,0.029066013,0.008389403,2.049,-0.296,12.673,0.032,-1.822,0.108,-6.691,0.325,-14.495,0.392,-19.365,0.076,-4.87,0.429,0.368,-0.121,-0.053,-0.445,-0.227,-0.523,-0.421,-0.699,-0.656,-0.176,-0.324,-0.483,0.023,0.07,0.501,0.535,0.047,-0.622,-0.316,-1.222,0.629,-0.722,0.732,0.678,0.984,1.158,1.349,0.501,-0.296,0.682,0.952
2019-09-28,CTD2,4181518,693105,0.014081168,0.016840355,0.018432386,0.008403415,0.007033831,0.002292627,3.15,-0.045,5.129,0.334,-59.618,0.411,-82.789,0.374,-64.747,0.448,-87.918,0.089,-23.171,0.043,0.036,-1.099,-0.419,-1.526,-0.696,-1.09,-0.455,-1.481,-0.739,-0.39,-0.427,-0.103,0.331,0.365,0.42,0.452,0.039,-0.281,0.077,-0.617,1.622,0.201,1.938,-0.1,0.258,1.776,2.122,0.117,0.038,0.716,0.949
2019-09-28,CTD3,4181698,695238,0.013641256,0.018380357,0.024488114,0.0108312145,0.009074213,0.0029199868,2.967,-0.142,13.57,0.258,-37.92,0.339,-55.796,0.387,-51.49,0.459,-69.366,0.088,-17.877,0.147,0.123,-0.929,-0.344,-1.366,-0.604,-0.946,-0.467,-1.275,-0.751,-0.329,-0.438,-0.307,0.225,0.263,0.497,0.528,0.041,-0.443,-0.087,-1.002,1.326,-0.235,1.583,0.139,0.495,1.767,2.109,0.219,-0.051,0.681,0.95
2019-09-28,CTD4,4180266,698264,0.0096557,0.013232165,0.016199943,0.0065808776,0.0051825796,0.0015443406,2.83,-0.101,13.845,0.336,-76.382,0.437,-117.381,0.422,-90.227,0.515,-131.225,0.119,-40.999,0.091,0.072,-1.237,-0.396,-1.902,-0.772,-1.194,-0.468,-1.736,-0.864,-0.543,-0.664,-0.252,0.311,0.353,0.522,0.556,0.048,-0.453,0.029,-1.115,1.691,0.092,2.147,-0.046,0.437,2.07,2.629,0.177,0.015,0.673,0.939
2019-09-28,CTD6,4176009,695829,0.009683447,0.013870545,0.01879877,0.008359279,0.006608811,0.0020332043,2.796,-0.151,18.9,0.248,-47.532,0.355,-79.218,0.384,-66.433,0.48,-98.118,0.117,-31.686,0.158,0.125,-0.894,-0.314,-1.489,-0.662,-0.921,-0.439,-1.361,-0.82,-0.439,-0.596,-0.329,0.217,0.267,0.51,0.548,0.054,-0.527,-0.053,-1.185,1.308,-0.15,1.654,0.09,0.565,1.772,2.242,0.251,-0.032,0.68,0.936
2019-09-28,CTD7,4176724,690397,0.007571733,0.013170417,0.021529576,0.009241166,0.0072536725,0.0021382978,3.364,-0.241,29.48,0.175,-32.284,0.29,-61.933,0.399,-61.764,0.496,-91.413,0.12,-29.65,0.272,0.214,-0.695,-0.234,-1.333,-0.572,-0.813,-0.448,-1.204,-0.845,-0.39,-0.638,-0.507,0.137,0.192,0.602,0.637,0.057,-0.662,-0.173,-1.543,1.088,-0.514,1.386,0.361,0.85,1.779,2.266,0.365,-0.122,0.646,0.935
2019-09-28,CTD8,4174178,693048,0.01773853,0.024259845,0.033228815,0.016297223,0.014221241,0.0045660404,2.932,-0.156,11.126,0.196,-20.14,0.261,-29.097,0.342,-31.266,0.401,-40.223,0.068,-8.957,0.181,0.158,-0.669,-0.286,-0.967,-0.474,-0.759,-0.445,-0.976,-0.656,-0.217,-0.298,-0.294,0.168,0.203,0.44,0.469,0.036,-0.416,-0.143,-0.848,1.061,-0.333,1.215,0.224,0.497,1.453,1.665,0.244,-0.096,0.705,0.958
2019-09-28,CTD9,4171106,693183,0.0060266294,0.014924545,0.04065763,0.027253434,0.025606344,0.008510155,2.028,-0.463,42.408,-0.292,30.311,-0.264,27.951,0.197,-12.097,0.227,-14.457,0.031,-2.36,1.156,1.086,1.232,0.776,1.136,0.762,-0.181,-0.31,-0.216,-0.394,-0.035,-0.096,-0.487,-0.186,-0.157,0.331,0.357,0.03,-0.697,-0.572,-1.04,-0.082,-0.909,-0.087,1.66,1.785,-0.224,-0.238,1.196,-1.045,0.759,0.976
2019-09-28,CTD10,4170388,695646,0.009614198,0.014190615,0.020655101,0.008503447,0.007073376,0.0020511851,3.386,-0.186,22.055,0.251,-47.13,0.335,-70.906,0.417,-69.185,0.49,-92.961,0.092,-23.776,0.188,0.156,-0.973,-0.333,-1.465,-0.603,-0.982,-0.489,-1.319,-0.79,-0.337,-0.491,-0.415,0.205,0.244,0.571,0.598,0.041,-0.515,-0.145,-1.251,1.326,-0.423,1.595,0.253,0.624,1.931,2.321,0.257,-0.087,0.651,0.951
2019-09-28,CTD11,4169609,700351,0.01348013,0.018836185,0.025035946,0.011580224,0.009571938,0.0030878119,4.976,-0.141,13.147,0.239,-33.265,0.326,-51.383,0.367,-46.412,0.447,-64.529,0.095,-18.118,0.152,0.126,-0.833,-0.318,-1.286,-0.595,-0.874,-0.444,-1.215,-0.747,-0.341,-0.454,-0.293,0.21,0.253,0.474,0.508,0.046,-0.457,-0.074,-0.989,1.244,-0.194,1.505,0.119,0.503,1.654,2.001,0.232,-0.046,0.693,0.945
2019-09-28,CTD12,4173438,695414,0.020283207,0.024541607,0.0290462,0.014768612,0.013552862,0.0045990804,2.576,-0.084,6.319,0.249,-26.964,0.288,-33.038,0.326,-33.283,0.364,-39.357,0.043,-6.074,0.093,0.086,-0.783,-0.365,-0.96,-0.488,-0.817,-0.451,-0.966,-0.581,-0.149,-0.176,-0.159,0.229,0.251,0.375,0.394,0.023,-0.245,-0.073,-0.481,1.195,-0.156,1.302,0.094,0.266,1.415,1.541,0.135,-0.044,0.734,0.972
2019-10-03,CTD1,4187246,695025,0.014662619,0.028054914,0.058079816,0.04300314,0.044102382,0.0163144,3.6365,-0.349,18.427,-0.21,12.39,-0.222,12.97,0.149,-6.036,0.137,-5.457,-0.013,0.58,0.792,0.813,0.72,0.546,0.753,0.558,-0.169,-0.266,-0.153,-0.235,0.016,0.034,-0.345,-0.146,-0.159,0.209,0.197,-0.013,-0.492,-0.543,-0.665,-0.107,-0.714,-0.104,1.095,1.045,-0.221,-0.216,0.773,-0.832,0.825,1.011
2019-10-03,CTD2,4181518,693105,0.003908218,0.008920504,0.019661717,0.0072308592,0.005152475,0.0013838303,4.7265,-0.376,61.241,0.105,-26.195,0.268,-81.98,0.462,-87.436,0.585,-143.221,0.168,-55.785,0.443,0.316,-0.515,-0.135,-1.612,-0.593,-0.78,-0.451,-1.278,-1.036,-0.498,-1.097,-0.867,0.068,0.14,0.883,0.898,0.073,-0.95,-0.259,-2.582,0.972,-0.988,1.364,0.801,1.492,2.142,3.005,0.549,-0.21,0.565,0.923
2019-10-03,CTD3,4181698,695238,0.0037004326,0.008145971,0.015603661,0.0060022017,0.0043586097,0.0011749658,3.8785,-0.314,58.673,0.152,-43.845,0.303,-106.671,0.444,-102.518,0.563,-165.343,0.159,-62.825,0.352,0.256,-0.684,-0.191,-1.664,-0.64,-0.835,-0.447,-1.347,-0.992,-0.512,-0.98,-0.72,0.107,0.175,0.768,0.795,0.069,-0.855,-0.204,-2.223,1.078,-0.731,1.484,0.538,1.189,2.065,2.843,0.457,-0.15,0.596,0.924
2019-10-03,CTD4,4180266,698264,0.0029035893,0.007982124,0.017701276,0.008545424,0.0060485187,0.0017610458,2.761,-0.378,68.787,-0.034,8.258,0.138,-40.05,0.349,-60.529,0.491,-108.837,0.171,-48.308,0.588,0.416,0.146,0.05,-0.709,-0.342,-0.483,-0.366,-0.869,-0.93,-0.386,-0.855,-0.666,-0.024,0.074,0.653,0.705,0.097,-0.962,-0.257,-1.992,0.592,-0.752,0.837,0.805,1.51,1.314,1.856,0.729,-0.275,0.644,0.905
2019-10-03,CTD6,4176009,695829,0.001475139,0.0038495974,0.0123833325,0.007175207,0.0058082594,0.001755567,4.95,-0.526,179.014,-0.302,120.399,-0.203,87.599,0.266,-58.615,0.361,-91.415,0.105,-32.8,1.284,1.04,1.491,0.699,1.085,0.629,-0.226,-0.34,-0.352,-0.656,-0.126,-0.406,-0.657,-0.183,-0.1,0.539,0.596,0.084,-0.924,-0.499,-1.596,0.067,-1.063,0.083,1.981,2.407,0.217,0.268,1.395,-0.929,0.679,0.93
2019-10-03,CTD7,4176724,690397,0.0038899563,0.009727582,0.022678243,0.010105217,0.007742818,0.0021570844,7.0975,-0.4,58.705,-0.019,3.842,0.114,-26.351,0.384,-54.864,0.491,-85.057,0.132,-30.193,0.593,0.455,0.087,0.03,-0.598,-0.266,-0.534,-0.425,-0.827,-0.86,-0.294,-0.685,-0.726,-0.012,0.061,0.72,0.753,0.073,-0.876,-0.337,-1.966,0.621,-0.988,0.811,1.026,1.565,1.448,1.89,0.697,-0.35,0.612,0.928
2019-10-03,CTD8,4174178,693048,0.001459503,0.004832111,0.013877892,0.005447702,0.003984765,0.001077484,4.866,-0.483,134.892,-0.06,23.385,0.096,-44.007,0.436,-111.507,0.554,-178.899,0.155,-67.392,0.735,0.538,0.325,0.093,-0.611,-0.24,-0.539,-0.444,-0.864,-0.975,-0.326,-0.935,-0.959,-0.034,0.044,0.956,0.962,0.078,-1.019,-0.383,-2.596,0.6,-1.335,0.82,1.505,2.141,1.723,2.355,0.84,-0.432,0.549,0.924
2019-10-03,CTD9,4171106,693183,0.0034325132,0.0109567065,0.037597552,0.024592306,0.022740822,0.007021228,3.4845,-0.549,64.671,-0.384,50.605,-0.35,47.295,0.209,-14.066,0.246,-17.376,0.039,-3.311,1.59,1.471,1.903,1.151,1.778,1.163,-0.154,-0.32,-0.19,-0.427,-0.036,-0.124,-0.563,-0.226,-0.189,0.386,0.418,0.038,-0.79,-0.633,-1.208,-0.159,-1.047,-0.172,2.35,2.507,-0.547,-0.591,1.64,-1.421,0.732,0.97
2019-10-03,CTD10,4170388,695646,0.0011332429,0.0028843386,0.010177635,0.0063761054,0.005329684,0.0015962813,5.606,-0.558,248.445,-0.377,189.864,-0.298,159.072,0.23,-58.581,0.313,-89.374,0.089,-30.793,1.584,1.324,1.932,1.012,1.619,1.014,-0.169,-0.312,-0.258,-0.57,-0.089,-0.313,-0.623,-0.225,-0.148,0.463,0.524,0.08,-0.913,-0.552,-1.457,-0.071,-1.055,-0.085,2.332,2.693,-0.252,-0.301,1.687,-1.221,0.709,0.937
2019-10-03,CTD11,4169609,700351,0.0063911825,0.010305929,0.016442008,0.008345527,0.007014129,0.0021900972,4.3565000000000005,-0.229,36.212,0.105,-22.793,0.19,-45.538,0.327,-59.005,0.402,-81.75,0.087,-22.745,0.302,0.254,-0.375,-0.16,-0.749,-0.38,-0.608,-0.414,-0.843,-0.682,-0.234,-0.374,-0.399,0.084,0.133,0.467,0.505,0.05,-0.563,-0.214,-1.109,0.808,-0.501,0.962,0.406,0.755,1.29,1.534,0.383,-0.173,0.697,0.946
2019-10-03,CTD12,4173438,695414,0.0021268623,0.0054365764,0.011523626,0.004947963,0.0035792154,0.0009504849,4.696,-0.359,97.161,0.047,-18.164,0.206,-95.452,0.399,-115.325,0.526,-192.613,0.161,-77.287,0.481,0.348,-0.209,-0.065,-1.1,-0.472,-0.627,-0.413,-1.047,-0.953,-0.42,-0.891,-0.714,0.032,0.113,0.729,0.765,0.081,-0.911,-0.252,-2.121,0.788,-0.81,1.09,0.737,1.396,1.671,2.309,0.6,-0.229,0.612,0.917
2019-11-27,CTD1,4187246,695025,0.011674077,0.015981184,0.02355097,0.009637322,0.0077937534,0.002330918,2.37,-0.191,20.112,0.248,-41.19,0.344,-65.734,0.419,-61.302,0.503,-85.847,0.106,-24.545,0.194,0.157,-0.97,-0.321,-1.548,-0.634,-0.98,-0.478,-1.372,-0.827,-0.392,-0.578,-0.434,0.202,0.247,0.585,0.615,0.047,-0.558,-0.13,-1.364,1.327,-0.393,1.641,0.237,0.665,1.956,2.419,0.272,-0.078,0.648,0.944
2019-11-27,CTD2,4181518,693105,0.011346799,0.017922698,0.035139456,0.01544376,0.014771482,0.004929591,10.6195,-0.324,27.337,0.074,-8.956,0.096,-11.903,0.389,-36.293,0.408,-39.24,0.022,-2.947,0.422,0.404,-0.315,-0.132,-0.418,-0.184,-0.65,-0.536,-0.703,-0.606,-0.053,-0.104,-0.57,0.05,0.062,0.602,0.61,0.013,-0.535,-0.446,-1.218,0.74,-1.062,0.774,0.915,1.004,1.451,1.517,0.441,-0.385,0.629,0.987
2019-11-27,CTD3,4181698,695238,0.003298405,0.010454302,0.02729341,0.011313215,0.008444171,0.00225062,12.4405,-0.446,59.016,-0.039,7.262,0.106,-22.77,0.414,-51.753,0.527,-81.786,0.145,-30.033,0.668,0.498,0.198,0.061,-0.621,-0.258,-0.541,-0.437,-0.855,-0.925,-0.314,-0.82,-0.852,-0.024,0.052,0.846,0.866,0.076,-0.957,-0.363,-2.308,0.615,-1.174,0.824,1.271,1.864,1.605,2.15,0.773,-0.393,0.577,0.926
2019-11-27,CTD4,4180266,698264,0.009000919,0.01648898,0.030080872,0.011771865,0.009527537,0.0028157246,10.2635,-0.292,27.403,0.167,-24.302,0.268,-44.312,0.437,-51.705,0.519,-71.715,0.105,-20.011,0.323,0.261,-0.731,-0.232,-1.333,-0.522,-0.853,-0.493,-1.183,-0.844,-0.33,-0.602,-0.638,0.119,0.166,0.704,0.727,0.048,-0.687,-0.261,-1.757,1.084,-0.825,1.339,0.589,1.015,1.978,2.443,0.397,-0.186,0.607,0.946
2019-11-27,CTD6,4176009,695829,0.0031520599,0.008685741,0.029259484,0.017245252,0.015558076,0.005063865,11.019,-0.542,80.954,-0.33,57.144,-0.283,50.856,0.258,-23.81,0.306,-30.098,0.051,-6.288,1.396,1.259,1.672,0.889,1.488,0.877,-0.207,-0.37,-0.261,-0.519,-0.055,-0.184,-0.627,-0.191,-0.148,0.496,0.528,0.044,-0.812,-0.605,-1.377,-0.028,-1.138,-0.031,2.26,2.467,-0.095,-0.105,1.454,-1.202,0.683,0.964
2019-11-27,CTD7,4176724,690397,0.008881145,0.013963135,0.026153218,0.0138167925,0.012728627,0.0042793443,9.8945,-0.304,33.381,0.005,-0.759,0.046,-6.946,0.309,-34.139,0.345,-40.327,0.041,-6.187,0.461,0.425,-0.02,-0.01,-0.182,-0.096,-0.477,-0.435,-0.563,-0.557,-0.086,-0.162,-0.459,0.004,0.031,0.462,0.483,0.027,-0.552,-0.387,-1.044,0.524,-0.796,0.569,0.788,0.952,0.981,1.065,0.503,-0.383,0.692,0.973
2019-11-27,CTD8,4174178,693048,0.0067836917,0.012651191,0.027131638,0.01586647,0.01469261,0.004839937,8.95,-0.364,42.187,-0.113,16.018,-0.075,10.983,0.262,-26.169,0.297,-31.204,0.038,-5.035,0.669,0.62,0.435,0.235,0.298,0.174,-0.331,-0.384,-0.395,-0.495,-0.064,-0.137,-0.474,-0.077,-0.047,0.412,0.436,0.03,-0.614,-0.46,-1.049,0.256,-0.849,0.276,1.065,1.219,0.549,0.592,0.713,-0.577,0.717,0.973
2019-11-27,CTD9,4171106,693183,0.008048156,0.01554224,0.035909366,0.020748878,0.019069593,0.006399535,0.8500000000000001,-0.396,36.493,-0.143,16.145,-0.102,11.901,0.268,-20.347,0.306,-24.592,0.042,-4.244,0.757,0.696,0.58,0.308,0.427,0.247,-0.316,-0.388,-0.382,-0.51,-0.066,-0.152,-0.511,-0.095,-0.062,0.438,0.464,0.033,-0.655,-0.486,-1.134,0.218,-0.916,0.237,1.222,1.391,0.504,0.548,0.804,-0.649,0.705,0.97
2019-11-27,CTD10,4170388,695646,0.010952895,0.01872526,0.035809997,0.019060142,0.01769075,0.005948791,5.9375,-0.313,25.479,-0.009,0.938,0.028,-3.123,0.305,-24.54,0.339,-28.602,0.037,-4.061,0.486,0.451,0.034,0.017,-0.112,-0.06,-0.46,-0.434,-0.536,-0.545,-0.076,-0.145,-0.465,-0.006,0.019,0.46,0.48,0.025,-0.555,-0.405,-1.042,0.488,-0.82,0.526,0.835,0.984,0.934,1.006,0.524,-0.412,0.693,0.975
2019-11-27,CTD11,4169609,700351,0.0070706187,0.017932452,0.040225893,0.014751363,0.010921297,0.0027375498,8.449,-0.383,30.905,0.097,-12.026,0.243,-35.799,0.463,-42.931,0.573,-66.705,0.149,-23.774,0.456,0.338,-0.484,-0.131,-1.44,-0.528,-0.77,-0.469,-1.196,-0.984,-0.426,-0.956,-0.868,0.062,0.128,0.883,0.897,0.066,-0.905,-0.295,-2.468,0.944,-1.085,1.275,0.892,1.503,2.118,2.861,0.551,-0.242,0.562,0.93
2019-11-27,CTD12,4173438,695414,0.0044183074,0.0114864,0.030857192,0.017462516,0.015589938,0.0050962134,8.823,-0.457,54.652,-0.206,29.794,-0.152,22.916,0.277,-24.858,0.329,-31.737,0.057,-6.878,0.954,0.852,0.919,0.464,0.707,0.4,-0.286,-0.388,-0.365,-0.554,-0.079,-0.212,-0.586,-0.129,-0.085,0.495,0.527,0.044,-0.748,-0.521,-1.322,0.153,-1.03,0.171,1.566,1.794,0.41,0.459,1.015,-0.791,0.684,0.961
2020-02-20,CTD1,4187246,695025,0.0071736444,0.011694449,0.020719793,0.0063804477,0.0049624313,0.0014722307,1.2885,-0.278,37.248,0.294,-71.218,0.404,-116.003,0.529,-108.466,0.614,-153.251,0.125,-44.785,0.238,0.185,-1.476,-0.353,-2.404,-0.74,-1.268,-0.538,-1.792,-0.978,-0.524,-0.928,-0.796,0.207,0.248,0.861,0.872,0.044,-0.721,-0.213,-2.342,1.593,-0.891,2.049,0.486,0.994,2.823,3.63,0.306,-0.116,0.558,0.948
2020-02-20,CTD2,4181518,693105,0.0019024516,0.006273625,0.014069784,0.0029363644,0.0018905209,0.0004630395,3.727,-0.383,88.323,0.362,-181.16,0.537,-369.557,0.655,-269.483,0.763,-457.88,0.217,-188.398,0.259,0.167,-2.549,-0.342,-5.2,-1.085,-1.691,-0.509,-2.873,-1.345,-1.182,-2.651,-1.615,0.209,0.258,1.364,1.322,0.051,-1.107,-0.198,-5.306,2.002,-1.473,3.11,0.689,1.599,4.49,6.974,0.334,-0.093,0.453,0.939
2020-02-20,CTD3,4181698,695238,0.0021910437,0.0065105585,0.015740657,0.004185907,0.0027535395,0.00068149035,5.47,-0.415,90.067,0.217,-85.3,0.406,-209.572,0.58,-175.367,0.702,-299.639,0.206,-124.272,0.377,0.248,-1.343,-0.235,-3.299,-0.877,-1.142,-0.483,-1.951,-1.254,-0.809,-1.956,-1.33,0.126,0.189,1.247,1.214,0.064,-1.107,-0.244,-4.161,1.38,-1.396,2.099,0.898,1.76,3.337,5.074,0.468,-0.157,0.481,0.928
2020-02-20,CTD4,4180266,698264,0.00562886,0.011813736,0.019482763,0.0065764124,0.0047752694,0.0012624465,5.204,-0.245,33.32,0.285,-67.411,0.424,-124.765,0.495,-100.731,0.606,-158.085,0.159,-57.354,0.219,0.159,-1.313,-0.322,-2.431,-0.821,-1.19,-0.481,-1.868,-1.04,-0.678,-1.117,-0.676,0.216,0.27,0.778,0.8,0.058,-0.771,-0.12,-2.284,1.551,-0.489,2.136,0.272,0.923,2.558,3.523,0.312,-0.067,0.588,0.931
2020-02-20,CTD6,4176009,695829,0.0019416168,0.006130047,0.013242609,0.0032407257,0.0021429942,0.00053815416,5.151,-0.367,87.617,0.308,-145.442,0.482,-303.506,0.607,-233.059,0.721,-391.123,0.204,-158.064,0.284,0.188,-1.926,-0.312,-4.019,-0.984,-1.429,-0.499,-2.398,-1.268,-0.969,-2.093,-1.321,0.188,0.242,1.209,1.184,0.057,-1.049,-0.198,-4.288,1.73,-1.226,2.616,0.648,1.499,3.737,5.651,0.367,-0.105,0.484,0.933
2020-02-20,CTD7,4176724,690397,0.013934669,0.025546433,0.04492321,0.016131304,0.012203659,0.0032552562,3.197,-0.275,16.884,0.226,-22.847,0.353,-42.798,0.472,-39.731,0.573,-59.682,0.139,-19.951,0.272,0.206,-1.026,-0.279,-1.923,-0.69,-1.015,-0.485,-1.525,-0.963,-0.51,-0.896,-0.684,0.165,0.219,0.763,0.785,0.056,-0.753,-0.188,-2.097,1.312,-0.692,1.734,0.437,1.002,2.307,3.05,0.36,-0.119,0.591,0.936
2020-02-20,CTD8,4174178,693048,0.0061140796,0.012797276,0.022980267,0.00908358,0.0066792574,0.0017385441,4.064,-0.285,34.626,0.17,-31.947,0.314,-71.576,0.433,-66.573,0.55,-106.202,0.153,-39.628,0.315,0.231,-0.734,-0.213,-1.645,-0.65,-0.852,-0.445,-1.359,-0.965,-0.507,-0.911,-0.646,0.125,0.191,0.714,0.745,0.067,-0.803,-0.178,-2.032,1.118,-0.614,1.521,0.436,1.06,2.008,2.731,0.419,-0.127,0.612,0.925
2020-02-20,CTD9,4171106,693183,0.004951641,0.014528964,0.043970488,0.023174712,0.019022938,0.006012117,1.1395,-0.503,46.086,-0.229,25.678,-0.134,16.26,0.31,-20.408,0.396,-29.826,0.098,-9.418,1.068,0.877,1.129,0.488,0.715,0.377,-0.297,-0.388,-0.433,-0.691,-0.137,-0.414,-0.698,-0.137,-0.067,0.62,0.662,0.071,-0.888,-0.49,-1.685,0.194,-1.134,0.237,1.808,2.206,0.588,0.716,1.162,-0.782,0.645,0.938
2020-02-20,CTD10,4170388,695646,0.003969714,0.01117008,0.023136068,0.0063544316,0.004441451,0.0011464867,3.024,-0.349,46.302,0.275,-67.846,0.431,-135.627,0.569,-114.148,0.678,-181.929,0.177,-67.781,0.294,0.206,-1.57,-0.301,-3.138,-0.862,-1.275,-0.507,-2.032,-1.156,-0.757,-1.568,-1.108,0.175,0.228,1.075,1.067,0.056,-0.948,-0.216,-3.451,1.566,-1.126,2.24,0.641,1.372,3.243,4.64,0.377,-0.123,0.511,0.935
2020-02-20,CTD11,4169609,700351,0.008688681,0.01577164,0.027635587,0.010173081,0.008638396,0.002522199,3.012,-0.273,27.22,0.216,-34.894,0.292,-52.357,0.462,-62.113,0.524,-79.577,0.082,-17.464,0.277,0.235,-0.964,-0.301,-1.447,-0.533,-0.98,-0.537,-1.255,-0.81,-0.275,-0.483,-0.631,0.154,0.189,0.715,0.732,0.035,-0.607,-0.278,-1.649,1.238,-0.891,1.458,0.575,0.903,2.169,2.554,0.332,-0.18,0.598,0.959
2020-02-20,CTD12,4173438,695414,0.006493285,0.011373304,0.017560389,0.0070507736,0.0054429513,0.001539475,3.2205000000000004,-0.214,30.979,0.235,-53.903,0.353,-95.799,0.427,-84.882,0.527,-126.778,0.129,-41.895,0.218,0.169,-0.947,-0.293,-1.682,-0.675,-0.965,-0.462,-1.442,-0.894,-0.476,-0.736,-0.495,0.188,0.241,0.625,0.658,0.056,-0.648,-0.124,-1.613,1.303,-0.401,1.688,0.249,0.772,2.012,2.606,0.31,-0.077,0.637,0.935
2020-03-11,CTD1,4187246,695025,0.011786886,0.022027785,0.037679784,0.012308762,0.009150586,0.0024784796,2.379,-0.262,18.858,0.283,-35.846,0.413,-63.885,0.508,-54.704,0.609,-82.743,0.147,-28.04,0.232,0.173,-1.351,-0.328,-2.407,-0.786,-1.205,-0.501,-1.823,-1.018,-0.618,-1.057,-0.729,0.208,0.258,0.814,0.831,0.053,-0.761,-0.159,-2.328,1.547,-0.654,2.081,0.365,0.967,2.646,3.559,0.316,-0.089,0.575,0.937
2020-03-11,CTD2,4181518,693105,0.012814658,0.022503108,0.038331695,0.014989811,0.011572979,0.003162734,8.579999999999998,-0.26,18.35,0.2,-22.274,0.321,-41.97,0.438,-40.624,0.536,-60.32,0.129,-19.696,0.275,0.212,-0.854,-0.258,-1.609,-0.629,-0.914,-0.47,-1.357,-0.904,-0.443,-0.755,-0.596,0.151,0.205,0.685,0.714,0.056,-0.708,-0.185,-1.811,1.199,-0.613,1.553,0.408,0.931,2.043,2.646,0.364,-0.123,0.616,0.936
2020-03-11,CTD3,4181698,695238,0.0043894607,0.0112341,0.024324926,0.008138857,0.006076711,0.0015950263,7.427,-0.368,47.905,0.16,-33.853,0.298,-75.548,0.499,-81.757,0.6,-123.453,0.145,-41.695,0.39,0.291,-0.823,-0.206,-1.838,-0.615,-0.918,-0.497,-1.387,-1.005,-0.468,-1.014,-0.921,0.102,0.159,0.935,0.942,0.058,-0.878,-0.285,-2.623,1.13,-1.14,1.514,0.826,1.419,2.448,3.278,0.475,-0.206,0.545,0.936
2020-03-11,CTD4,4180266,698264,0.008387943,0.016627023,0.02942238,0.008798107,0.0068341075,0.0019267052,5.8425,-0.278,26.155,0.308,-53.518,0.417,-86.182,0.54,-79.673,0.623,-112.337,0.126,-32.664,0.23,0.179,-1.575,-0.366,-2.536,-0.758,-1.325,-0.544,-1.868,-0.988,-0.543,-0.961,-0.819,0.216,0.256,0.879,0.888,0.043,-0.722,-0.212,-2.415,1.658,-0.911,2.134,0.482,0.993,2.933,3.776,0.297,-0.112,0.552,0.949
2020-03-11,CTD6,4176009,695829,0.0059021274,0.012887854,0.028121892,0.01211409,0.010566621,0.0034238633,10.424,-0.371,42.033,0.031,-4.956,0.099,-17.045,0.398,-46.989,0.454,-59.078,0.068,-12.089,0.509,0.444,-0.139,-0.052,-0.479,-0.206,-0.606,-0.497,-0.761,-0.716,-0.156,-0.34,-0.672,0.02,0.058,0.683,0.702,0.038,-0.688,-0.414,-1.598,0.688,-1.102,0.789,1.036,1.31,1.502,1.721,0.564,-0.389,0.61,0.962
2020-03-11,CTD7,4176724,690397,0.011091253,0.021809338,0.042081997,0.016039636,0.012089204,0.00318311,6.686,-0.317,22.089,0.152,-16.494,0.287,-36.867,0.448,-38.582,0.554,-58.955,0.14,-20.373,0.354,0.267,-0.694,-0.199,-1.551,-0.591,-0.841,-0.466,-1.286,-0.946,-0.444,-0.857,-0.721,0.107,0.167,0.768,0.792,0.062,-0.809,-0.235,-2.121,1.072,-0.82,1.423,0.603,1.176,2.069,2.746,0.448,-0.173,0.592,0.932
2020-03-11,CTD8,4174178,693048,0.0043716957,0.01241075,0.028715856,0.012233606,0.009062041,0.0026435892,9.289,-0.396,45.751,0.007,-1.167,0.156,-29.775,0.403,-46.918,0.52,-75.526,0.149,-28.608,0.56,0.415,-0.034,-0.011,-0.855,-0.364,-0.582,-0.425,-0.937,-0.924,-0.355,-0.822,-0.766,0.005,0.082,0.768,0.797,0.077,-0.918,-0.309,-2.154,0.699,-0.978,0.944,0.964,1.573,1.617,2.183,0.67,-0.304,0.599,0.923
2020-03-11,CTD9,4171106,693183,0.012332983,0.02421805,0.04693856,0.019724814,0.015390394,0.0040171803,0.4574999999999999,-0.319,19.987,0.102,-9.406,0.223,-23.684,0.408,-29.393,0.506,-43.671,0.123,-14.278,0.394,0.308,-0.442,-0.145,-1.112,-0.467,-0.712,-0.452,-1.058,-0.861,-0.346,-0.67,-0.647,0.072,0.132,0.687,0.718,0.061,-0.766,-0.264,-1.822,0.9,-0.806,1.153,0.657,1.158,1.744,2.235,0.487,-0.215,0.618,0.935
2020-03-11,CTD10,4170388,695646,0.005566691,0.01358385,0.02931085,0.010024905,0.007568038,0.002069305,4.3445,-0.367,39.5,0.151,-26.135,0.284,-58.518,0.49,-65.635,0.59,-98.018,0.14,-32.383,0.396,0.299,-0.766,-0.198,-1.715,-0.587,-0.892,-0.497,-1.331,-0.983,-0.44,-0.949,-0.894,0.097,0.153,0.912,0.921,0.057,-0.861,-0.291,-2.518,1.097,-1.129,1.453,0.833,1.403,2.367,3.135,0.48,-0.215,0.55,0.938
2020-03-11,CTD11,4169609,700351,0.011044986,0.019464888,0.03860298,0.015622654,0.013273966,0.0040376405,3.9155,-0.33,25.47,0.11,-12.635,0.189,-23.961,0.424,-38.105,0.488,-49.431,0.081,-11.326,0.398,0.338,-0.488,-0.168,-0.925,-0.374,-0.742,-0.506,-0.962,-0.772,-0.22,-0.437,-0.662,0.074,0.114,0.702,0.722,0.04,-0.673,-0.345,-1.662,0.902,-1.005,1.062,0.806,1.134,1.789,2.106,0.459,-0.277,0.604,0.957
2020-03-11,CTD12,4173438,695414,0.0017109821,0.005828329,0.017303737,0.0066324216,0.004747322,0.0012680177,4.827500000000001,-0.496,113.785,-0.065,20.801,0.102,-39.069,0.446,-92.984,0.569,-152.854,0.166,-59.871,0.755,0.54,0.36,0.099,-0.676,-0.259,-0.542,-0.441,-0.891,-1.014,-0.349,-1.036,-1.008,-0.036,0.045,1.009,1.008,0.081,-1.06,-0.379,-2.766,0.604,-1.381,0.844,1.572,2.253,1.794,2.507,0.864,-0.431,0.539,0.921
2020-12-21,CTD1,4187246,695025,0.014169576,0.018574743,0.022615446,0.00946193,0.0075654155,0.0022497696,0.643,-0.098,9.619,0.325,-51.85,0.421,-78.344,0.41,-61.469,0.499,-87.963,0.111,-26.494,0.091,0.073,-1.173,-0.392,-1.772,-0.741,-1.142,-0.465,-1.634,-0.832,-0.492,-0.599,-0.237,0.302,0.343,0.503,0.537,0.046,-0.429,0.022,-1.026,1.629,0.065,2.037,-0.033,0.418,1.983,2.48,0.175,0.011,0.681,0.941
2020-12-21,CTD2,4181518,693105,0.0066350554,0.010218404,0.011623079,0.005059044,0.004379589,0.0014296672,1.004,-0.064,11.827,0.338,-99.803,0.4,-130.469,0.393,-111.63,0.453,-142.296,0.072,-30.666,0.06,0.052,-1.16,-0.437,-1.516,-0.66,-1.141,-0.489,-1.454,-0.72,-0.313,-0.356,-0.149,0.322,0.35,0.45,0.474,0.031,-0.276,0.013,-0.634,1.643,0.036,1.898,-0.018,0.272,1.869,2.159,0.118,0.007,0.699,0.959
2020-12-21,CTD3,4181698,695238,0.010067174,0.0134149,0.015332898,0.0045643733,0.0036740145,0.0011137166,1.1355,-0.067,9.325,0.492,-144.544,0.57,-197.638,0.541,-153.869,0.613,-206.963,0.108,-53.094,0.043,0.034,-2.216,-0.531,-3.03,-0.902,-2.064,-0.565,-2.776,-0.945,-0.712,-0.814,-0.233,0.466,0.49,0.63,0.648,0.031,-0.367,0.07,-1.234,2.699,0.292,3.354,-0.099,0.338,3.085,3.833,0.101,0.024,0.625,0.955
2020-12-21,CTD4,4180266,698264,0.015801843,0.021157086,0.025524292,0.011106594,0.008956095,0.0026231857,1.27,-0.094,8.087,0.312,-42.771,0.405,-64.39,0.394,-50.858,0.481,-72.477,0.107,-21.619,0.09,0.072,-1.092,-0.383,-1.644,-0.715,-1.076,-0.455,-1.533,-0.805,-0.457,-0.552,-0.218,0.291,0.333,0.479,0.514,0.046,-0.411,0.023,-0.945,1.554,0.064,1.927,-0.034,0.4,1.875,2.325,0.174,0.012,0.691,0.941
2020-12-21,CTD6,4176009,695829,0.007976878,0.011139863,0.012626288,0.0050205975,0.0040745502,0.0012523761,1.5139999999999998,-0.063,10.568,0.379,-109.412,0.464,-155.658,0.431,-119.98,0.512,-166.226,0.104,-46.246,0.053,0.043,-1.381,-0.446,-1.965,-0.781,-1.337,-0.489,-1.852,-0.835,-0.515,-0.584,-0.163,0.366,0.4,0.5,0.529,0.04,-0.35,0.071,-0.88,1.896,0.219,2.336,-0.099,0.322,2.149,2.648,0.128,0.032,0.68,0.946
2020-12-21,CTD7,4176724,690397,0.01115938,0.014121252,0.015194187,0.0051421095,0.0039773677,0.0012036308,0.875,-0.037,5.001,0.466,-123.657,0.56,-180.607,0.494,-128.658,0.585,-185.608,0.128,-56.95,0.026,0.02,-1.879,-0.492,-2.744,-0.929,-1.817,-0.512,-2.621,-0.954,-0.804,-0.865,-0.118,0.468,0.499,0.555,0.582,0.04,-0.363,0.156,-1.074,2.484,0.596,3.212,-0.217,0.302,2.673,3.456,0.102,0.057,0.657,0.943
2020-12-21,CTD8,4174178,693048,0.008966937,0.012528649,0.015623888,0.0067183725,0.0053413026,0.0015987938,1.246,-0.11,15.813,0.302,-69.029,0.402,-107.403,0.399,-84.841,0.49,-123.216,0.114,-38.375,0.106,0.084,-1.078,-0.369,-1.678,-0.722,-1.063,-0.453,-1.544,-0.828,-0.481,-0.6,-0.257,0.277,0.322,0.498,0.534,0.049,-0.456,0.007,-1.06,1.523,0.02,1.916,-0.011,0.452,1.899,2.389,0.194,0.004,0.684,0.938
2020-12-21,CTD9,4171106,693183,0.016250595,0.023239996,0.035929263,0.014583946,0.0123382015,0.004177466,0.6635,-0.214,15.197,0.229,-25.539,0.306,-38.02,0.423,-40.736,0.489,-53.217,0.083,-12.481,0.222,0.188,-0.918,-0.315,-1.366,-0.554,-0.947,-0.503,-1.237,-0.776,-0.29,-0.448,-0.471,0.179,0.216,0.6,0.624,0.038,-0.535,-0.199,-1.319,1.25,-0.58,1.478,0.364,0.7,1.933,2.284,0.284,-0.125,0.639,0.956
2020-12-21,CTD10,4170388,695646,0.0061894134,0.010750065,0.01624705,0.004524776,0.0034080625,0.0009711196,1.599,-0.204,31.473,0.408,-127.983,0.519,-200.399,0.564,-159.456,0.653,-231.872,0.141,-72.416,0.142,0.107,-2.079,-0.436,-3.256,-0.907,-1.714,-0.543,-2.493,-1.049,-0.778,-1.177,-0.693,0.317,0.353,0.828,0.841,0.041,-0.666,-0.092,-2.391,2.166,-0.436,2.876,0.184,0.758,3.274,4.346,0.211,-0.039,0.566,0.946
2020-12-21,CTD11,4169609,700351,0.0051683467,0.012058935,0.019507363,0.0039956737,0.0025966163,0.0006301412,2.2435,-0.236,31.663,0.502,-167.345,0.646,-302.191,0.66,-199.008,0.765,-333.854,0.212,-134.846,0.127,0.082,-3.264,-0.435,-5.895,-1.207,-2.4,-0.517,-4.026,-1.334,-1.626,-2.63,-1.13,0.365,0.403,1.058,1.053,0.044,-0.921,-0.032,-4.495,2.885,-0.238,4.439,0.079,0.968,4.667,7.181,0.198,-0.01,0.509,0.94
2020-12-21,CTD12,4173438,695414,0.010806776,0.014011636,0.017917324,0.0075778416,0.0062416163,0.0018949965,1.207,-0.122,15.557,0.298,-60.594,0.384,-88.846,0.406,-76.152,0.483,-104.403,0.097,-28.251,0.118,0.097,-1.086,-0.378,-1.592,-0.673,-1.067,-0.475,-1.463,-0.791,-0.396,-0.506,-0.283,0.266,0.305,0.511,0.541,0.042,-0.432,-0.042,-1.022,1.501,-0.12,1.822,0.065,0.455,1.919,2.33,0.192,-0.023,0.676,0.948
2021-01-05,CTD1,4187246,695025,0.0049454905,0.009456495,0.015412677,0.0051083765,0.0039070067,0.0011954426,0.6325,-0.24,40.866,0.299,-90.009,0.415,-150.203,0.502,-130.875,0.596,-191.069,0.133,-60.194,0.209,0.16,-1.387,-0.352,-2.315,-0.767,-1.238,-0.511,-1.807,-0.976,-0.569,-0.928,-0.661,0.225,0.27,0.771,0.79,0.048,-0.694,-0.151,-2.094,1.598,-0.597,2.089,0.322,0.865,2.604,3.405,0.287,-0.082,0.586,0.941
2021-01-05,CTD2,4181518,693105,0.001717933,0.0042798263,0.0067171464,0.0012556245,0.0007206351,0.00015796769,0.6285000000000001,-0.222,84.782,0.546,-562.762,0.712,-1154.011,0.685,-647.544,0.806,-1238.792,0.271,-591.248,0.106,0.061,-3.78,-0.406,-7.752,-1.449,-2.771,-0.467,-5.302,-1.555,-2.53,-3.972,-1.233,0.407,0.446,1.092,1.083,0.049,-1.105,0.063,-5.913,3.301,0.589,5.752,-0.173,0.996,5.181,9.028,0.186,0.019,0.503,0.933
2021-01-05,CTD3,4181698,695238,0.0074258232,0.01065607,0.013356061,0.004463661,0.00344526,0.0010331539,1.087,-0.112,18.971,0.41,-130.188,0.511,-196.411,0.499,-149.159,0.59,-215.381,0.129,-66.223,0.085,0.065,-1.739,-0.449,-2.623,-0.877,-1.589,-0.514,-2.295,-0.961,-0.706,-0.884,-0.341,0.369,0.405,0.631,0.655,0.042,-0.498,0.026,-1.489,2.129,0.101,2.759,-0.042,0.482,2.669,3.458,0.161,0.011,0.63,0.943
2021-01-05,CTD4,4180266,698264,0.0079556005,0.012073278,0.014645921,0.004440367,0.003356133,0.0009664098,0.5625,-0.096,14.549,0.462,-142.379,0.565,-215.134,0.535,-156.928,0.627,-229.684,0.139,-72.755,0.065,0.049,-2.085,-0.478,-3.151,-0.955,-1.895,-0.527,-2.773,-1.02,-0.878,-1.066,-0.33,0.424,0.457,0.661,0.684,0.041,-0.499,0.069,-1.645,2.49,0.299,3.294,-0.11,0.457,3.02,3.996,0.139,0.025,0.618,0.943
2021-01-05,CTD6,4176009,695829,0.0050073243,0.01004529,0.013399937,0.0034226894,0.0022484409,0.0005515697,0.8525,-0.143,24.922,0.492,-192.619,0.634,-345.203,0.593,-217.541,0.713,-370.125,0.207,-152.585,0.085,0.056,-2.581,-0.433,-4.626,-1.182,-2.185,-0.489,-3.718,-1.267,-1.533,-2.045,-0.592,0.423,0.463,0.812,0.828,0.05,-0.773,0.093,-3.025,2.767,0.553,4.212,-0.188,0.677,3.691,5.619,0.173,0.032,0.574,0.93
2021-01-05,CTD7,4176724,690397,0.008698857,0.012606517,0.01393247,0.004864479,0.0037487752,0.0010994406,0.394,-0.05,7.549,0.443,-126.248,0.542,-187.43,0.482,-133.797,0.576,-194.979,0.13,-61.182,0.037,0.028,-1.759,-0.473,-2.611,-0.912,-1.687,-0.502,-2.458,-0.948,-0.771,-0.852,-0.154,0.438,0.471,0.554,0.583,0.042,-0.393,0.134,-1.125,2.322,0.499,3.014,-0.192,0.335,2.567,3.331,0.117,0.052,0.658,0.941
2021-01-05,CTD8,4174178,693048,0.009156478,0.012903,0.015613771,0.004035007,0.0029001944,0.0007927192,0.7795000000000001,-0.095,13.455,0.524,-170.33,0.633,-267.303,0.589,-183.785,0.687,-280.758,0.164,-96.973,0.054,0.039,-2.659,-0.494,-4.174,-1.079,-2.371,-0.533,-3.623,-1.133,-1.251,-1.514,-0.391,0.479,0.509,0.733,0.751,0.04,-0.565,0.108,-2.186,3.012,0.579,4.191,-0.181,0.491,3.645,5.071,0.127,0.034,0.594,0.942
2021-01-05,CTD9,4171106,693183,0.0054611177,0.014421006,0.031766593,0.011373309,0.008033314,0.0022050948,0.472,-0.376,37.864,0.118,-18.582,0.284,-55.138,0.473,-56.446,0.596,-93.002,0.172,-36.556,0.431,0.304,-0.59,-0.149,-1.752,-0.627,-0.814,-0.453,-1.341,-1.058,-0.527,-1.161,-0.894,0.077,0.148,0.908,0.92,0.072,-0.962,-0.252,-2.686,1.015,-0.998,1.437,0.787,1.496,2.236,3.166,0.536,-0.199,0.558,0.923
2021-01-05,CTD10,4170388,695646,0.006013703,0.012159633,0.019219996,0.004929105,0.003464653,0.0009586094,1.2945,-0.225,30.21,0.423,-120.637,0.557,-206.39,0.592,-150.847,0.695,-236.6,0.174,-85.753,0.149,0.105,-2.319,-0.418,-3.967,-1.017,-1.834,-0.523,-2.877,-1.166,-1.043,-1.648,-0.841,0.319,0.36,0.915,0.922,0.047,-0.79,-0.07,-3.081,2.287,-0.39,3.253,0.158,0.878,3.614,5.142,0.225,-0.028,0.545,0.939
2021-01-05,CTD11,4169609,700351,0.0010667976,0.0033030978,0.006182426,0.0010761516,0.0006246628,0.00013900477,0.486,-0.304,140.997,0.509,-626.491,0.682,-1298.118,0.703,-767.488,0.816,-1439.115,0.265,-671.627,0.152,0.088,-3.873,-0.391,-8.026,-1.397,-2.535,-0.479,-4.754,-1.549,-2.218,-4.152,-1.693,0.327,0.369,1.3,1.269,0.048,-1.188,-0.046,-6.828,2.968,-0.457,5.114,0.149,1.291,5.556,9.571,0.225,-0.015,0.462,0.938
2021-01-05,CTD12,4173438,695414,0.0035082202,0.0069575286,0.012306039,0.0031611843,0.0022577473,0.0006058442,0.4485,-0.278,62.468,0.375,-172.608,0.51,-299.19,0.591,-235.076,0.69,-361.658,0.167,-126.582,0.197,0.141,-2.124,-0.39,-3.682,-0.946,-1.636,-0.531,-2.516,-1.143,-0.881,-1.558,-0.987,0.261,0.304,0.992,0.993,0.047,-0.835,-0.149,-3.25,2.017,-0.811,2.825,0.369,1.055,3.568,4.996,0.271,-0.068,0.525,0.942
2021-04-20,CTD1,4187246,695025,0.011677289,0.014654315,0.017050404,0.006594289,0.0053026616,0.0015868911,0.576,-0.076,9.59,0.379,-83.407,0.469,-120.345,0.442,-92.997,0.526,-129.935,0.109,-36.938,0.063,0.051,-1.422,-0.442,-2.052,-0.794,-1.363,-0.493,-1.904,-0.857,-0.541,-0.63,-0.201,0.361,0.396,0.524,0.553,0.041,-0.384,0.055,-0.993,1.911,0.178,2.377,-0.08,0.359,2.224,2.765,0.139,0.025,0.67,0.945
2021-04-20,CTD2,4181518,693105,0.008886326,0.014280778,0.0153130125,0.0030944347,0.0021016214,0.0005582947,0.79,-0.035,4.72,0.644,-253.137,0.743,-405.799,0.664,-257.857,0.759,-410.519,0.191,-152.662,0.015,0.01,-3.876,-0.532,-6.214,-1.256,-3.682,-0.542,-5.863,-1.27,-2.18,-2.338,-0.199,0.642,0.662,0.746,0.76,0.034,-0.54,0.253,-2.671,4.478,1.847,6.593,-0.4,0.393,4.801,7.07,0.079,0.055,0.587,0.946
2021-04-20,CTD3,4181698,695238,0.018687995,0.022157278,0.024502994,0.009668367,0.0079537025,0.0023012818,0.7935,-0.05,4.321,0.392,-58.298,0.472,-80.596,0.434,-62.619,0.51,-84.916,0.097,-22.298,0.042,0.034,-1.428,-0.464,-1.975,-0.779,-1.387,-0.498,-1.882,-0.821,-0.494,-0.546,-0.133,0.385,0.416,0.493,0.52,0.037,-0.311,0.082,-0.789,1.967,0.251,2.391,-0.11,0.283,2.175,2.644,0.112,0.036,0.682,0.95
2021-04-20,CTD4,4180266,698264,0.020393977,0.025676053,0.029122844,0.008795233,0.006472135,0.0017796496,0.6505,-0.063,4.609,0.49,-74.751,0.597,-115.562,0.536,-79.361,0.636,-120.171,0.152,-40.811,0.041,0.03,-2.177,-0.484,-3.365,-1.016,-2.038,-0.514,-3.086,-1.057,-1.048,-1.189,-0.226,0.474,0.506,0.632,0.657,0.042,-0.477,0.146,-1.58,2.697,0.656,3.665,-0.225,0.398,3.059,4.157,0.12,0.05,0.629,0.939
2021-04-20,CTD6,4176009,695829,0.003756289,0.009395559,0.01148939,0.0014702426,0.0008973986,0.00021357831,0.61,-0.1,19.396,0.729,-573.727,0.826,-1007.899,0.773,-593.123,0.855,-1027.295,0.242,-434.172,0.029,0.017,-6.592,-0.515,-11.58,-1.482,-5.573,-0.532,-9.652,-1.51,-4.079,-4.988,-0.884,0.64,0.656,0.973,0.975,0.027,-0.821,0.207,-6.413,6.312,2.655,10.342,-0.415,0.612,7.719,12.647,0.078,0.032,0.52,0.956
2021-04-20,CTD7,4176724,690397,0.011622778,0.017801082,0.017877351,0.00391128,0.0026900705,0.00070000964,1.098,-0.002,0.24,0.64,-199.494,0.737,-315.561,0.641,-199.734,0.738,-315.801,0.185,-116.067,0.001,0.001,-3.566,-0.537,-5.641,-1.234,-3.555,-0.537,-5.622,-1.235,-2.066,-2.075,-0.012,0.675,0.694,0.682,0.699,0.034,-0.458,0.308,-2.094,4.401,2.047,6.399,-0.45,0.317,4.42,6.426,0.069,0.068,0.609,0.944
2021-04-20,CTD8,4174178,693048,0.008319037,0.014899048,0.016017906,0.003237324,0.0022049758,0.000555819,0.9385,-0.036,4.688,0.643,-241.779,0.742,-386.401,0.664,-246.467,0.758,-391.09,0.19,-144.623,0.015,0.01,-3.873,-0.533,-6.189,-1.251,-3.672,-0.543,-5.827,-1.266,-2.155,-2.317,-0.206,0.64,0.659,0.747,0.762,0.033,-0.538,0.249,-2.662,4.465,1.809,6.555,-0.393,0.394,4.8,7.047,0.08,0.054,0.587,0.946
2021-04-20,CTD9,4171106,693183,0.024322364,0.035206746,0.060382646,0.025565075,0.022913577,0.0070855953,0.6174999999999999,-0.263,11.843,0.159,-10.712,0.212,-15.239,0.405,-22.555,0.45,-27.081,0.055,-4.526,0.303,0.271,-0.647,-0.245,-0.92,-0.39,-0.794,-0.517,-0.953,-0.692,-0.159,-0.273,-0.519,0.116,0.143,0.599,0.617,0.028,-0.533,-0.313,-1.258,0.998,-0.825,1.113,0.599,0.819,1.711,1.909,0.347,-0.227,0.636,0.969
2021-04-20,CTD10,4170388,695646,0.0035104083,0.007997121,0.010083537,0.0017516523,0.0011061204,0.00027010453,0.7175,-0.115,25.873,0.641,-445.845,0.757,-779.016,0.704,-471.718,0.802,-804.889,0.226,-333.171,0.045,0.029,-4.496,-0.493,-7.855,-1.365,-3.772,-0.522,-6.437,-1.41,-2.664,-3.36,-0.73,0.558,0.582,0.915,0.921,0.036,-0.791,0.162,-4.551,4.456,1.473,7.056,-0.323,0.629,5.618,8.897,0.109,0.035,0.539,0.945
2021-04-20,CTD11,4169609,700351,0.0151207885,0.023678774,0.031062553,0.00683067,0.0047091385,0.0012216357,0.546,-0.135,10.039,0.552,-104.167,0.668,-170.121,0.639,-114.205,0.737,-180.16,0.184,-65.955,0.069,0.047,-3.236,-0.491,-5.284,-1.162,-2.704,-0.538,-4.266,-1.231,-1.562,-2.049,-0.64,0.471,0.501,0.854,0.864,0.039,-0.688,0.073,-3.13,3.315,0.481,4.808,-0.139,0.622,4.349,6.308,0.137,0.021,0.557,0.944
2021-04-20,CTD12,4173438,695414,0.006379495,0.010887452,0.012551692,0.0026191345,0.001815907,0.0004578805,0.6910000000000001,-0.071,12.178,0.612,-289.957,0.714,-458.84,0.655,-302.135,0.747,-471.018,0.181,-168.883,0.032,0.022,-3.639,-0.527,-5.759,-1.202,-3.289,-0.549,-5.128,-1.234,-1.839,-2.12,-0.375,0.575,0.598,0.782,0.795,0.034,-0.575,0.174,-2.755,4.012,1.203,5.787,-0.289,0.46,4.626,6.672,0.096,0.042,0.576,0.947
2021-05-20,CTD1,4187246,695025,0.012838749,0.017492471,0.025225807,0.00970573,0.007710791,0.002199252,0.3515,-0.181,17.526,0.286,-45.864,0.388,-72.521,0.444,-63.39,0.532,-90.046,0.115,-26.656,0.17,0.135,-1.157,-0.354,-1.829,-0.704,-1.109,-0.489,-1.575,-0.874,-0.466,-0.672,-0.444,0.236,0.28,0.616,0.644,0.047,-0.565,-0.101,-1.469,1.497,-0.33,1.884,0.183,0.648,2.158,2.717,0.249,-0.056,0.637,0.943
2021-05-20,CTD2,4181518,693105,0.016185993,0.022145998,0.025755808,0.0073162746,0.0051976913,0.0013910052,0.6715,-0.075,6.329,0.503,-91.527,0.62,-147.238,0.558,-97.855,0.664,-153.567,0.169,-55.712,0.046,0.033,-2.357,-0.476,-3.792,-1.077,-2.167,-0.509,-3.401,-1.124,-1.234,-1.435,-0.288,0.479,0.512,0.674,0.698,0.044,-0.548,0.149,-1.928,2.825,0.74,3.977,-0.245,0.453,3.286,4.625,0.129,0.049,0.615,0.936
2021-05-20,CTD3,4181698,695238,0.0077247126,0.015551016,0.020061633,0.0038259607,0.0024848294,0.0006060897,0.469,-0.127,14.458,0.605,-197.068,0.724,-338.138,0.68,-211.526,0.78,-352.596,0.213,-141.07,0.055,0.036,-3.954,-0.49,-6.784,-1.294,-3.289,-0.526,-5.483,-1.349,-2.194,-2.83,-0.715,0.52,0.547,0.9,0.907,0.038,-0.765,0.126,-4.009,3.941,1.015,6.068,-0.25,0.641,5.084,7.828,0.122,0.031,0.544,0.944
2021-05-20,CTD4,4180266,698264,0.011978886,0.017211441,0.020366104,0.0067183725,0.0058754296,0.0017338042,0.376,-0.084,9.0,0.438,-90.745,0.491,-112.099,0.504,-99.744,0.552,-121.099,0.067,-21.355,0.06,0.053,-1.848,-0.533,-2.283,-0.753,-1.717,-0.586,-2.084,-0.814,-0.368,-0.435,-0.25,0.4,0.419,0.591,0.606,0.022,-0.298,-0.029,-0.904,2.273,-0.102,2.6,0.04,0.309,2.69,3.076,0.102,-0.011,0.637,0.969
2021-05-20,CTD6,4176009,695829,0.006377549,0.013501128,0.017314827,0.003199024,0.00205183,0.0004987111,0.3815,-0.124,16.314,0.617,-238.527,0.736,-413.302,0.688,-254.841,0.788,-429.616,0.218,-174.774,0.052,0.033,-4.13,-0.489,-7.156,-1.322,-3.441,-0.523,-5.8,-1.374,-2.36,-3.026,-0.726,0.532,0.558,0.908,0.914,0.037,-0.779,0.138,-4.218,4.102,1.168,6.395,-0.277,0.641,5.261,8.202,0.118,0.033,0.542,0.944
2021-05-20,CTD7,4176724,690397,0.009998594,0.021398768,0.040484566,0.012771023,0.009016513,0.0022616999,3.1045,-0.308,22.031,0.252,-31.571,0.407,-64.176,0.52,-53.601,0.636,-86.207,0.172,-32.605,0.281,0.199,-1.278,-0.285,-2.598,-0.82,-1.147,-0.483,-1.845,-1.101,-0.698,-1.32,-0.876,0.174,0.233,0.911,0.921,0.061,-0.888,-0.177,-2.814,1.453,-0.797,2.058,0.476,1.186,2.749,3.893,0.374,-0.106,0.552,0.93
2021-05-20,CTD8,4174178,693048,0.009493286,0.012944729,0.015781457,0.0037674648,0.0029144015,0.0011534283,0.698,-0.099,13.886,0.549,-188.179,0.632,-265.872,0.615,-202.065,0.688,-279.758,0.128,-77.693,0.052,0.04,-2.97,-0.548,-4.196,-1.002,-2.616,-0.589,-3.621,-1.054,-1.006,-1.226,-0.425,0.491,0.513,0.758,0.77,0.03,-0.472,0.047,-1.979,3.251,0.253,4.203,-0.074,0.446,3.964,5.124,0.106,0.014,0.582,0.956
2021-05-20,CTD9,4171106,693183,0.022031,0.034822274,0.057477992,0.02218648,0.017666012,0.004962919,0.284,-0.245,11.319,0.222,-16.355,0.327,-27.889,0.443,-27.675,0.53,-39.208,0.113,-11.533,0.251,0.2,-0.94,-0.289,-1.603,-0.619,-0.964,-0.489,-1.365,-0.87,-0.402,-0.663,-0.568,0.168,0.215,0.672,0.698,0.049,-0.65,-0.19,-1.684,1.262,-0.62,1.585,0.395,0.854,2.083,2.616,0.33,-0.121,0.618,0.943
2021-05-20,CTD10,4170388,695646,0.006017394,0.013089726,0.016703412,0.0029641923,0.0018997167,0.00045879727,0.6515,-0.121,16.528,0.631,-260.964,0.747,-449.998,0.699,-277.492,0.796,-466.526,0.219,-189.034,0.049,0.031,-4.359,-0.496,-7.517,-1.334,-3.632,-0.527,-6.107,-1.383,-2.474,-3.158,-0.743,0.544,0.569,0.917,0.922,0.036,-0.777,0.143,-4.377,4.302,1.255,6.713,-0.284,0.635,5.49,8.566,0.113,0.032,0.539,0.946
2021-05-20,CTD11,4169609,700351,0.015330041,0.025534108,0.03516885,0.00956315,0.0068148845,0.0017893651,0.5115000000000001,-0.159,10.729,0.455,-65.405,0.579,-107.574,0.572,-76.134,0.675,-118.303,0.168,-42.17,0.103,0.073,-2.3,-0.446,-3.783,-1.029,-1.944,-0.519,-3.021,-1.131,-1.077,-1.483,-0.588,0.38,0.418,0.792,0.808,0.045,-0.677,0.013,-2.491,2.476,0.069,3.475,-0.026,0.665,3.411,4.786,0.181,0.005,0.578,0.939
2021-05-20,CTD12,4173438,695414,0.014978513,0.022412064,0.030901749,0.012907164,0.009395317,0.0024235998,0.489,-0.159,12.258,0.269,-32.858,0.409,-61.817,0.411,-45.116,0.534,-74.075,0.157,-28.96,0.158,0.115,-1.015,-0.309,-1.91,-0.798,-1.011,-0.424,-1.66,-0.956,-0.649,-0.895,-0.381,0.236,0.297,0.566,0.609,0.066,-0.649,-0.003,-1.553,1.432,-0.009,1.968,0.005,0.651,1.975,2.713,0.272,-0.002,0.662,0.92
2021-06-14,CTD1,4187246,695025,0.004885905,0.010486107,0.018385567,0.005352626,0.0039376444,0.0010627942,0.3365,-0.274,40.974,0.324,-91.46,0.454,-158.595,0.549,-132.434,0.647,-199.568,0.152,-67.135,0.219,0.161,-1.682,-0.36,-2.916,-0.849,-1.389,-0.521,-2.093,-1.068,-0.704,-1.234,-0.85,0.23,0.276,0.904,0.912,0.049,-0.789,-0.165,-2.71,1.745,-0.772,2.372,0.394,1.018,3.059,4.159,0.296,-0.084,0.549,0.94
2021-06-14,CTD2,4181518,693105,0.0032053816,0.008080065,0.011898873,0.0019445776,0.0011855956,0.0002764454,0.441,-0.191,39.72,0.612,-390.489,0.744,-719.697,0.719,-430.209,0.819,-759.416,0.242,-329.207,0.077,0.047,-4.646,-0.463,-8.564,-1.4,-3.476,-0.51,-6.136,-1.477,-2.66,-3.917,-1.22,0.469,0.498,1.074,1.069,0.038,-0.961,0.069,-5.881,4.056,0.696,6.652,-0.168,0.863,5.972,9.796,0.141,0.017,0.502,0.945
2021-06-14,CTD3,4181698,695238,0.004930146,0.011614326,0.01506151,0.0026255175,0.0016727421,0.0004024535,0.6595,-0.129,19.706,0.631,-294.777,0.748,-511.72,0.703,-314.483,0.8,-531.426,0.222,-216.943,0.052,0.033,-4.44,-0.493,-7.707,-1.344,-3.653,-0.526,-6.172,-1.395,-2.52,-3.267,-0.802,0.537,0.562,0.936,0.94,0.036,-0.798,0.134,-4.58,4.313,1.207,6.769,-0.273,0.66,5.593,8.778,0.115,0.03,0.534,0.946
2021-06-14,CTD4,4180266,698264,0.0066290093,0.01360756,0.020131063,0.0036199992,0.0023005474,0.00054846023,0.4675,-0.193,23.814,0.58,-202.755,0.711,-361.191,0.695,-226.569,0.795,-385.005,0.223,-158.436,0.086,0.055,-4.082,-0.466,-7.271,-1.308,-3.083,-0.521,-5.239,-1.394,-2.156,-3.189,-1.102,0.445,0.476,1.038,1.035,0.039,-0.898,0.04,-4.992,3.645,0.354,5.735,-0.094,0.844,5.392,8.485,0.152,0.011,0.511,0.944
2021-06-14,CTD6,4176009,695829,0.003458279,0.008674958,0.013277421,0.0022336673,0.0013849374,0.00032798247,0.514,-0.21,39.959,0.59,-332.42,0.725,-606.78,0.712,-372.378,0.811,-646.738,0.235,-274.36,0.089,0.055,-4.414,-0.46,-8.056,-1.355,-3.23,-0.516,-5.61,-1.445,-2.38,-3.643,-1.272,0.439,0.47,1.098,1.09,0.039,-0.959,0.033,-5.703,3.779,0.32,6.096,-0.082,0.911,5.785,9.33,0.153,0.009,0.497,0.945
2021-06-14,CTD7,4176724,690397,0.009338477,0.02018214,0.0297156,0.0057384586,0.0036960167,0.00088498514,1.165,-0.191,15.896,0.557,-124.714,0.69,-221.013,0.676,-140.61,0.779,-236.909,0.216,-96.299,0.091,0.059,-3.706,-0.461,-6.568,-1.268,-2.838,-0.52,-4.781,-1.359,-1.944,-2.862,-1.01,0.432,0.465,1.004,1.004,0.041,-0.873,0.035,-4.523,3.393,0.282,5.267,-0.08,0.828,4.995,7.756,0.16,0.01,0.519,0.942
2021-06-14,CTD8,4174178,693048,0.0048798327,0.011503618,0.015822351,0.0030111768,0.0018961743,0.00044989662,0.501,-0.158,23.727,0.585,-245.167,0.717,-440.449,0.68,-268.894,0.786,-464.176,0.227,-195.282,0.071,0.045,-3.879,-0.465,-6.969,-1.326,-3.093,-0.51,-5.34,-1.398,-2.246,-3.09,-0.88,0.479,0.51,0.956,0.959,0.041,-0.861,0.097,-4.524,3.7,0.812,5.876,-0.213,0.746,5.09,8.083,0.142,0.025,0.531,0.941
2021-06-14,CTD9,4171106,693183,0.019278724,0.03129652,0.04828031,0.014924507,0.010725458,0.0027065887,0.5485,-0.213,11.24,0.354,-35.051,0.49,-61.284,0.528,-46.292,0.636,-72.524,0.164,-26.232,0.168,0.121,-1.692,-0.376,-2.959,-0.915,-1.449,-0.496,-2.27,-1.082,-0.821,-1.266,-0.662,0.277,0.325,0.794,0.813,0.053,-0.743,-0.07,-2.404,1.875,-0.317,2.609,0.151,0.824,2.892,4.025,0.255,-0.034,0.581,0.934
2021-06-14,CTD10,4170388,695646,0.0089538945,0.017287325,0.023015602,0.0045946897,0.002944128,0.0007022887,0.787,-0.142,14.397,0.58,-159.797,0.709,-281.813,0.667,-174.194,0.773,-296.21,0.219,-122.017,0.066,0.042,-3.678,-0.47,-6.486,-1.295,-3.011,-0.513,-5.121,-1.361,-2.109,-2.808,-0.76,0.489,0.519,0.911,0.917,0.041,-0.81,0.11,-4.055,3.635,0.863,5.672,-0.229,0.691,4.839,7.552,0.138,0.029,0.543,0.94
2021-06-14,CTD11,4169609,700351,0.004344503,0.0109732505,0.015337873,0.0024870734,0.0015296589,0.000361927,0.6964999999999999,-0.166,25.933,0.63,-310.948,0.755,-562.61,0.721,-336.881,0.819,-588.542,0.238,-251.662,0.064,0.04,-4.769,-0.476,-8.629,-1.399,-3.697,-0.515,-6.458,-1.464,-2.762,-3.86,-1.087,0.503,0.53,1.028,1.026,0.036,-0.91,0.1,-5.615,4.312,1.007,7.012,-0.228,0.783,6.028,9.8,0.127,0.023,0.512,0.946
2021-06-14,CTD12,4173438,695414,0.003929019,0.00979041,0.01326871,0.0021812858,0.0013348788,0.00031173852,0.7384999999999999,-0.151,26.775,0.636,-356.304,0.76,-646.991,0.718,-383.08,0.817,-673.766,0.241,-290.686,0.058,0.036,-4.728,-0.476,-8.585,-1.411,-3.751,-0.511,-6.596,-1.47,-2.846,-3.857,-0.989,0.521,0.547,0.997,0.997,0.037,-0.896,0.126,-5.452,4.388,1.251,7.17,-0.279,0.743,5.947,9.717,0.122,0.028,0.519,0.945
2021-08-13,CTD1,4187246,695025,0.003915547,0.009926241,0.022221057,0.008013253,0.0060333856,0.001628586,1.5295,-0.382,55.741,0.107,-24.05,0.244,-65.001,0.47,-79.791,0.573,-120.742,0.141,-40.951,0.447,0.336,-0.534,-0.145,-1.444,-0.521,-0.792,-0.481,-1.199,-0.968,-0.406,-0.91,-0.875,0.068,0.129,0.89,0.902,0.062,-0.881,-0.306,-2.444,0.967,-1.128,1.285,0.91,1.486,2.165,2.876,0.536,-0.247,0.558,0.935
2021-08-13,CTD2,4181518,693105,0.0053260094,0.011736435,0.021269983,0.007076936,0.0048975223,0.0012915655,2.865,-0.289,38.19,0.248,-56.099,0.411,-118.98,0.501,-94.289,0.626,-157.17,0.182,-62.881,0.27,0.187,-1.193,-0.275,-2.531,-0.842,-1.107,-0.462,-1.845,-1.112,-0.738,-1.337,-0.796,0.178,0.241,0.853,0.87,0.066,-0.893,-0.14,-2.685,1.428,-0.609,2.064,0.367,1.12,2.588,3.74,0.373,-0.085,0.57,0.923
2021-08-13,CTD3,4181698,695238,0.010919276,0.01690101,0.027398966,0.013394299,0.01081255,0.0034600976,2.95,-0.237,22.67,0.116,-15.491,0.22,-33.317,0.343,-38.161,0.434,-55.987,0.107,-17.826,0.304,0.245,-0.424,-0.167,-0.913,-0.446,-0.645,-0.413,-0.946,-0.75,-0.301,-0.488,-0.434,0.092,0.149,0.505,0.547,0.058,-0.622,-0.19,-1.272,0.867,-0.482,1.074,0.382,0.814,1.406,1.741,0.398,-0.151,0.684,0.937
2021-08-13,CTD4,4180266,698264,0.010283884,0.015762769,0.02314317,0.009095395,0.007218313,0.0020971461,2.7735,-0.19,20.231,0.268,-46.505,0.372,-75.096,0.436,-66.736,0.525,-95.327,0.115,-28.591,0.184,0.146,-1.076,-0.336,-1.738,-0.683,-1.052,-0.482,-1.503,-0.867,-0.451,-0.662,-0.452,0.22,0.265,0.611,0.641,0.048,-0.579,-0.113,-1.473,1.421,-0.361,1.791,0.208,0.675,2.087,2.629,0.265,-0.065,0.639,0.942
2021-08-13,CTD6,4176009,695829,0.008716691,0.013568062,0.021927327,0.012486774,0.011205798,0.003736388,4.2965,-0.236,28.097,0.042,-6.382,0.095,-15.537,0.274,-34.48,0.324,-43.634,0.054,-9.155,0.351,0.315,-0.14,-0.072,-0.341,-0.194,-0.468,-0.386,-0.592,-0.545,-0.124,-0.201,-0.353,0.033,0.069,0.381,0.411,0.036,-0.496,-0.279,-0.87,0.576,-0.545,0.641,0.502,0.719,0.93,1.036,0.409,-0.256,0.734,0.963
2021-08-13,CTD7,4176724,690397,0.009689004,0.020679204,0.042270653,0.016274108,0.012594881,0.0034202563,5.159,-0.343,24.701,0.119,-13.09,0.243,-31.04,0.444,-37.79,0.541,-55.74,0.127,-17.95,0.402,0.311,-0.553,-0.165,-1.312,-0.505,-0.781,-0.476,-1.153,-0.907,-0.371,-0.759,-0.748,0.08,0.138,0.781,0.803,0.058,-0.803,-0.285,-2.085,0.973,-0.956,1.257,0.752,1.27,1.988,2.569,0.489,-0.224,0.587,0.937
2021-08-13,CTD8,4174178,693048,0.0,0.0,0.0,0.0,0.0,0.0,5.801500000000001,,,,,,,,,,,,,,,,,,,,,,,,,,,,,,,,,,,,,,,,,,,,
2021-08-13,CTD9,4171106,693183,0.007913188,0.013738551,0.026930477,0.015385933,0.0139621245,0.0045855427,2.274,-0.324,35.655,-0.057,7.793,-0.008,1.166,0.273,-27.862,0.317,-34.49,0.049,-6.628,0.549,0.498,0.21,0.109,0.031,0.018,-0.383,-0.389,-0.474,-0.531,-0.091,-0.178,-0.449,-0.04,-0.005,0.417,0.445,0.035,-0.592,-0.397,-1.036,0.374,-0.766,0.413,0.858,1.053,0.734,0.809,0.601,-0.445,0.716,0.966
2021-08-13,CTD10,4170388,695646,0.0045468807,0.008887407,0.019525832,0.011337929,0.009246004,0.0028999369,5.6925,-0.374,61.305,-0.121,24.319,-0.02,4.364,0.265,-36.985,0.357,-56.941,0.102,-19.955,0.695,0.567,0.475,0.225,0.085,0.049,-0.329,-0.342,-0.506,-0.646,-0.177,-0.39,-0.517,-0.085,-0.012,0.452,0.508,0.074,-0.771,-0.36,-1.328,0.31,-0.761,0.381,0.971,1.382,0.682,0.836,0.802,-0.46,0.712,0.932
2021-08-13,CTD11,4169609,700351,0.0024953806,0.005959326,0.015966235,0.009373712,0.0073044403,0.0022193405,3.7795,-0.456,105.172,-0.223,61.123,-0.101,30.901,0.26,-44.049,0.372,-74.271,0.124,-30.222,0.986,0.768,0.976,0.446,0.493,0.29,-0.263,-0.322,-0.443,-0.696,-0.18,-0.483,-0.6,-0.147,-0.053,0.497,0.565,0.094,-0.91,-0.406,-1.55,0.178,-0.887,0.229,1.396,1.9,0.478,0.613,1.115,-0.639,0.699,0.918
2021-08-13,CTD12,4173438,695414,0.008005325,0.013442288,0.023335611,0.012494392,0.009985522,0.0029041485,5.164,-0.269,31.539,0.037,-5.644,0.148,-25.753,0.303,-37.183,0.401,-57.292,0.112,-20.109,0.394,0.315,-0.132,-0.056,-0.601,-0.322,-0.5,-0.371,-0.77,-0.716,-0.27,-0.469,-0.44,0.028,0.096,0.463,0.515,0.068,-0.675,-0.223,-1.261,0.648,-0.522,0.811,0.485,0.937,1.125,1.407,0.502,-0.207,0.705,0.93
2021-11-11,CTD1,4187246,695025,0.005686414,0.011438305,0.017723909,0.004923973,0.0035313766,0.00093103223,1.1695,-0.216,31.005,0.398,-115.662,0.528,-195.75,0.565,-146.667,0.668,-226.755,0.165,-80.088,0.153,0.109,-2.05,-0.408,-3.469,-0.964,-1.678,-0.518,-2.594,-1.117,-0.916,-1.419,-0.743,0.306,0.349,0.855,0.867,0.048,-0.749,-0.072,-2.696,2.124,-0.36,2.961,0.155,0.832,3.291,4.588,0.231,-0.031,0.561,0.939
2021-11-11,CTD2,4181518,693105,0.0074726953,0.011156642,0.013937027,0.0041829823,0.0027879262,0.0007164126,1.602,-0.111,17.881,0.455,-149.431,0.6,-269.057,0.538,-167.313,0.667,-286.938,0.2,-119.626,0.075,0.05,-2.083,-0.417,-3.75,-1.125,-1.867,-0.466,-3.201,-1.2,-1.335,-1.667,-0.399,0.417,0.462,0.699,0.727,0.056,-0.7,0.134,-2.332,2.467,0.67,3.702,-0.251,0.583,3.082,4.624,0.175,0.05,0.611,0.923
2021-11-11,CTD3,4181698,695238,0.0039945827,0.008417161,0.0116423,0.0024690337,0.0016727421,0.00045043623,1.3095,-0.161,32.911,0.546,-286.212,0.668,-479.016,0.65,-319.123,0.749,-511.927,0.192,-192.804,0.081,0.055,-3.332,-0.479,-5.577,-1.183,-2.686,-0.534,-4.309,-1.264,-1.623,-2.245,-0.779,0.447,0.478,0.909,0.916,0.04,-0.753,0.045,-3.551,3.265,0.317,4.82,-0.093,0.706,4.517,6.667,0.15,0.013,0.543,0.944
2021-11-11,CTD4,4180266,698264,0.0065210233,0.011417745,0.016205171,0.0047195335,0.0033953257,0.0009295231,1.109,-0.173,25.874,0.415,-124.302,0.542,-206.94,0.549,-150.177,0.654,-232.814,0.163,-82.637,0.122,0.088,-2.014,-0.422,-3.353,-0.977,-1.715,-0.51,-2.658,-1.099,-0.944,-1.339,-0.59,0.342,0.383,0.775,0.794,0.048,-0.685,-0.015,-2.354,2.21,-0.071,3.072,0.029,0.7,3.136,4.359,0.204,-0.006,0.584,0.937
2021-11-11,CTD6,4176009,695829,0.002986493,0.0073497863,0.015169537,0.0033037364,0.0021615606,0.00053663657,1.8155,-0.347,70.137,0.38,-166.629,0.545,-326.57,0.642,-236.766,0.751,-396.707,0.209,-159.941,0.232,0.152,-2.528,-0.36,-4.954,-1.079,-1.74,-0.512,-2.916,-1.311,-1.176,-2.426,-1.431,0.233,0.281,1.248,1.221,0.051,-1.044,-0.17,-4.793,2.082,-1.191,3.182,0.536,1.41,4.298,6.568,0.307,-0.076,0.473,0.938
2021-11-11,CTD7,4176724,690397,0.009628016,0.019792499,0.03364464,0.009455824,0.0067005167,0.0017371887,2.811,-0.259,20.802,0.353,-55.231,0.494,-98.718,0.561,-76.033,0.668,-119.52,0.171,-43.487,0.197,0.139,-1.858,-0.37,-3.321,-0.933,-1.505,-0.509,-2.366,-1.13,-0.861,-1.463,-0.857,0.256,0.304,0.913,0.921,0.052,-0.823,-0.12,-2.928,1.894,-0.604,2.673,0.289,0.991,3.22,4.543,0.279,-0.057,0.547,0.936
2021-11-11,CTD8,4174178,693048,0.00834605,0.017098077,0.028606387,0.009410134,0.0070362967,0.0018558305,1.612,-0.252,23.529,0.29,-47.782,0.417,-83.634,0.505,-71.311,0.605,-107.163,0.144,-35.852,0.221,0.166,-1.367,-0.336,-2.392,-0.787,-1.219,-0.502,-1.832,-1.008,-0.613,-1.026,-0.7,0.216,0.265,0.795,0.814,0.052,-0.74,-0.15,-2.249,1.571,-0.61,2.101,0.336,0.925,2.628,3.515,0.304,-0.083,0.58,0.938
2021-11-11,CTD9,4171106,693183,0.014147438,0.023037,0.038041007,0.01545267,0.014140173,0.0039683967,0.7055,-0.246,17.121,0.197,-21.305,0.239,-27.312,0.422,-38.426,0.458,-44.433,0.044,-6.007,0.265,0.242,-0.81,-0.301,-1.039,-0.422,-0.885,-0.543,-1.024,-0.687,-0.138,-0.229,-0.507,0.145,0.166,0.608,0.621,0.021,-0.487,-0.309,-1.199,1.119,-0.833,1.223,0.558,0.736,1.848,2.02,0.299,-0.208,0.63,0.975
2021-11-11,CTD10,4170388,695646,0.008294543,0.015767204,0.02084969,0.005428937,0.004065487,0.0011327225,1.86,-0.139,15.46,0.488,-120.775,0.59,-182.55,0.587,-136.236,0.674,-198.011,0.144,-61.775,0.084,0.063,-2.518,-0.491,-3.806,-0.991,-2.148,-0.554,-3.122,-1.075,-0.974,-1.288,-0.535,0.415,0.445,0.778,0.792,0.037,-0.579,0.007,-2.224,2.709,0.038,3.618,-0.013,0.573,3.583,4.784,0.149,0.003,0.579,0.948
2021-11-11,CTD11,4169609,700351,0.0035345699,0.008637314,0.015507903,0.003017499,0.0019794235,0.00048820412,0.9835,-0.285,51.293,0.482,-215.624,0.627,-389.421,0.674,-266.917,0.774,-440.714,0.208,-173.797,0.155,0.102,-3.344,-0.427,-6.039,-1.175,-2.305,-0.528,-3.807,-1.33,-1.501,-2.695,-1.375,0.321,0.359,1.176,1.161,0.043,-0.967,-0.099,-4.972,2.735,-0.776,4.169,0.271,1.139,4.91,7.485,0.222,-0.035,0.483,0.944
2021-11-11,CTD12,4173438,695414,0.0015258808,0.0041336506,0.009296067,0.0018822274,0.0011645159,0.0002724758,1.6215,-0.384,134.345,0.374,-289.369,0.56,-616.809,0.663,-423.713,0.777,-751.154,0.236,-327.44,0.253,0.156,-2.69,-0.337,-5.734,-1.161,-1.751,-0.493,-3.105,-1.414,-1.354,-3.044,-1.694,0.215,0.266,1.399,1.352,0.053,-1.172,-0.174,-5.787,2.071,-1.389,3.347,0.633,1.63,4.657,7.527,0.33,-0.079,0.448,0.936
2021-11-26,CTD1,4187246,695025,0.0062216846,0.010343637,0.013421927,0.004531089,0.0032000886,0.0009235103,0.532,-0.13,22.173,0.391,-124.02,0.527,-215.814,0.495,-146.193,0.615,-237.986,0.172,-91.794,0.1,0.071,-1.665,-0.397,-2.897,-0.978,-1.512,-0.468,-2.462,-1.078,-0.949,-1.232,-0.398,0.35,0.398,0.656,0.687,0.056,-0.645,0.064,-1.911,2.044,0.27,2.895,-0.118,0.591,2.653,3.756,0.2,0.028,0.626,0.926
2021-11-26,CTD2,4181518,693105,0.0064302804,0.008837969,0.009777116,0.002603701,0.0018750648,0.00051793514,1.048,-0.05,10.869,0.545,-270.921,0.65,-420.167,0.579,-281.789,0.678,-431.035,0.163,-149.246,0.028,0.02,-2.649,-0.508,-4.108,-1.094,-2.49,-0.528,-3.809,-1.122,-1.319,-1.459,-0.21,0.535,0.562,0.67,0.691,0.039,-0.485,0.184,-1.82,3.203,0.958,4.447,-0.282,0.386,3.543,4.92,0.103,0.054,0.615,0.941
2021-11-26,CTD3,4181698,695238,0.01698446,0.020684594,0.0222623,0.009730703,0.008293074,0.0025250113,1.045,-0.037,3.426,0.36,-54.422,0.428,-72.237,0.392,-57.849,0.457,-75.664,0.08,-17.815,0.033,0.028,-1.212,-0.451,-1.608,-0.703,-1.197,-0.48,-1.565,-0.736,-0.368,-0.397,-0.088,0.358,0.387,0.432,0.459,0.033,-0.244,0.077,-0.559,1.753,0.206,2.057,-0.097,0.224,1.887,2.214,0.098,0.036,0.708,0.955
2021-11-26,CTD4,4180266,698264,0.0076558893,0.010262086,0.011754378,0.004194694,0.00312063,0.00086860853,1.34,-0.068,12.371,0.42,-140.95,0.534,-223.002,0.474,-153.322,0.58,-235.373,0.147,-82.052,0.052,0.039,-1.657,-0.44,-2.621,-0.935,-1.573,-0.478,-2.415,-0.987,-0.842,-0.964,-0.204,0.408,0.448,0.565,0.597,0.049,-0.471,0.129,-1.32,2.181,0.486,2.932,-0.199,0.401,2.498,3.358,0.143,0.053,0.657,0.933
2021-11-26,CTD6,4176009,695829,0.0055000624,0.010346785,0.013914255,0.0036633697,0.002581036,0.00068537676,2.255,-0.147,24.78,0.477,-176.324,0.601,-290.793,0.583,-201.104,0.687,-315.573,0.173,-114.469,0.091,0.064,-2.453,-0.455,-4.046,-1.065,-2.081,-0.519,-3.265,-1.156,-1.184,-1.593,-0.571,0.405,0.442,0.793,0.809,0.045,-0.676,0.039,-2.567,2.639,0.211,3.745,-0.075,0.64,3.549,5.037,0.169,0.014,0.577,0.938
2021-11-26,CTD7,4176724,690397,0.027672319,0.04327612,0.07649767,0.03474314,0.02950163,0.008378271,2.031,-0.277,10.035,0.109,-5.675,0.189,-10.789,0.375,-15.71,0.443,-20.824,0.082,-5.114,0.349,0.296,-0.434,-0.167,-0.825,-0.375,-0.68,-0.463,-0.901,-0.723,-0.221,-0.391,-0.517,0.081,0.124,0.574,0.602,0.044,-0.612,-0.283,-1.347,0.86,-0.735,1.013,0.59,0.919,1.52,1.79,0.417,-0.228,0.651,0.953
2021-11-26,CTD8,4174178,693048,0.0020952586,0.00598777,0.011009325,0.002248328,0.0014545454,0.0003537854,2.403,-0.295,76.175,0.454,-277.768,0.609,-520.493,0.661,-353.943,0.767,-596.668,0.214,-242.725,0.171,0.111,-3.058,-0.404,-5.73,-1.17,-2.119,-0.515,-3.573,-1.342,-1.453,-2.672,-1.356,0.3,0.342,1.177,1.16,0.047,-1.002,-0.103,-4.906,2.531,-0.78,3.912,0.293,1.192,4.654,7.193,0.243,-0.039,0.485,0.94
2021-11-26,CTD9,4171106,693183,0.010913171,0.018118525,0.031657513,0.0132782245,0.010375715,0.0030273867,1.966,-0.272,23.604,0.154,-20.119,0.272,-41.187,0.409,-43.723,0.506,-64.791,0.123,-21.068,0.313,0.245,-0.637,-0.209,-1.304,-0.547,-0.792,-0.454,-1.174,-0.86,-0.382,-0.667,-0.572,0.115,0.172,0.645,0.678,0.058,-0.707,-0.209,-1.687,1.037,-0.638,1.327,0.468,0.966,1.812,2.318,0.405,-0.153,0.631,0.935
2021-11-26,CTD10,4170388,695646,0.009419699,0.016521113,0.020603472,0.0064634667,0.0048707053,0.0013712201,2.925,-0.11,11.993,0.438,-94.187,0.545,-144.78,0.522,-106.18,0.618,-156.774,0.141,-50.593,0.078,0.058,-1.941,-0.459,-2.983,-0.936,-1.754,-0.517,-2.59,-1.013,-0.836,-1.042,-0.36,0.395,0.43,0.661,0.684,0.043,-0.525,0.048,-1.674,2.32,0.204,3.078,-0.08,0.494,2.893,3.839,0.155,0.019,0.619,0.941
2021-11-26,CTD11,4169609,700351,0.014007786,0.018207148,0.019779723,0.007069792,0.005488461,0.0015875156,2.649,-0.041,4.367,0.441,-86.523,0.537,-127.277,0.473,-90.89,0.566,-131.644,0.126,-40.754,0.031,0.024,-1.711,-0.475,-2.518,-0.9,-1.655,-0.499,-2.397,-0.931,-0.742,-0.806,-0.125,0.441,0.474,0.536,0.565,0.042,-0.368,0.144,-1.029,2.298,0.52,2.96,-0.202,0.31,2.496,3.216,0.111,0.056,0.665,0.941
2021-11-26,CTD12,4173438,695414,0.00764447,0.013009435,0.018158799,0.0051013012,0.003981805,0.0010619361,2.623,-0.165,21.798,0.437,-119.161,0.531,-174.275,0.561,-140.959,0.64,-196.073,0.123,-55.114,0.111,0.087,-2.164,-0.474,-3.165,-0.889,-1.834,-0.561,-2.551,-1.0,-0.717,-1.001,-0.567,0.357,0.388,0.768,0.783,0.036,-0.565,-0.064,-2.01,2.331,-0.292,2.986,0.115,0.615,3.254,4.168,0.173,-0.025,0.581,0.952
2021-12-01,CTD1,4187246,695025,0.007920244,0.010521189,0.012697125,0.0052300715,0.004239387,0.0012972569,0.517,-0.094,16.288,0.336,-96.156,0.426,-140.837,0.417,-112.444,0.499,-157.125,0.105,-44.681,0.085,0.069,-1.221,-0.408,-1.788,-0.737,-1.183,-0.477,-1.653,-0.822,-0.47,-0.567,-0.23,0.312,0.35,0.506,0.537,0.043,-0.405,0.018,-0.983,1.678,0.054,2.07,-0.027,0.396,2.025,2.498,0.163,0.009,0.678,0.945
2021-12-01,CTD2,4181518,693105,0.0011751674,0.0028764165,0.004890005,0.0009730068,0.0005549574,0.00012493794,0.7685,-0.259,143.156,0.494,-680.087,0.677,-1454.285,0.668,-823.243,0.796,-1597.441,0.274,-774.198,0.139,0.079,-3.326,-0.377,-7.111,-1.415,-2.368,-0.457,-4.595,-1.554,-2.227,-3.786,-1.318,0.35,0.396,1.142,1.126,0.054,-1.165,0.018,-5.855,2.843,0.157,4.984,-0.053,1.13,4.833,8.473,0.225,0.006,0.496,0.929
2021-12-01,CTD3,4181698,695238,0.008780629,0.012116392,0.014565022,0.005985783,0.004863577,0.00149572,0.762,-0.092,13.875,0.339,-84.53,0.427,-123.077,0.417,-98.405,0.499,-136.952,0.103,-38.547,0.083,0.067,-1.231,-0.411,-1.793,-0.737,-1.192,-0.479,-1.659,-0.82,-0.467,-0.561,-0.226,0.316,0.353,0.505,0.536,0.042,-0.399,0.019,-0.971,1.69,0.058,2.08,-0.029,0.39,2.032,2.501,0.16,0.01,0.678,0.945
2021-12-01,CTD4,4180266,698264,0.0067222533,0.010818573,0.013281778,0.0031956667,0.0023958373,0.0006837084,0.905,-0.102,17.143,0.544,-220.49,0.637,-324.957,0.612,-237.633,0.694,-342.099,0.143,-104.467,0.055,0.041,-2.929,-0.528,-4.316,-1.038,-2.571,-0.569,-3.701,-1.093,-1.13,-1.388,-0.441,0.486,0.511,0.763,0.777,0.033,-0.519,0.065,-2.158,3.205,0.359,4.275,-0.106,0.478,3.935,5.248,0.115,0.019,0.581,0.951
2021-12-01,CTD6,4176009,695829,0.0063950825,0.013858504,0.020875752,0.0044310824,0.0029122112,0.0007120588,1.6404999999999998,-0.202,24.255,0.515,-153.521,0.653,-271.224,0.65,-177.776,0.755,-295.479,0.207,-117.703,0.107,0.071,-3.205,-0.447,-5.662,-1.202,-2.464,-0.518,-4.095,-1.309,-1.631,-2.457,-0.956,0.396,0.433,0.981,0.982,0.044,-0.858,0.007,-4.041,2.988,0.048,4.546,-0.015,0.849,4.501,6.849,0.18,0.002,0.527,0.94
2021-12-01,CTD7,4176724,690397,0.007288924,0.017051004,0.028614795,0.0062385397,0.004189448,0.0010260765,0.936,-0.253,23.701,0.464,-101.646,0.606,-180.047,0.642,-125.347,0.745,-203.748,0.196,-78.401,0.148,0.099,-2.909,-0.426,-5.152,-1.123,-2.137,-0.525,-3.474,-1.271,-1.337,-2.243,-1.109,0.33,0.369,1.053,1.049,0.045,-0.893,-0.076,-4.097,2.587,-0.517,3.852,0.189,1.007,4.341,6.464,0.219,-0.028,0.51,0.941
2021-12-01,CTD8,4174178,693048,0.0069520664,0.013754497,0.020023847,0.0042626592,0.0028291147,0.0006991569,1.327,-0.186,22.763,0.527,-161.892,0.659,-280.764,0.649,-184.655,0.752,-303.527,0.202,-118.872,0.097,0.064,-3.242,-0.458,-5.622,-1.197,-2.54,-0.522,-4.175,-1.294,-1.635,-2.38,-0.884,0.415,0.45,0.95,0.954,0.042,-0.82,0.023,-3.851,3.085,0.164,4.649,-0.051,0.792,4.492,6.768,0.169,0.007,0.533,0.941
2021-12-01,CTD9,4171106,693183,0.01021704,0.018167721,0.032362282,0.013068037,0.012827629,0.00439616,0.685,-0.281,24.143,0.163,-21.48,0.172,-22.914,0.425,-45.622,0.432,-47.057,0.009,-1.434,0.315,0.31,-0.695,-0.276,-0.742,-0.299,-0.829,-0.585,-0.855,-0.615,-0.026,-0.046,-0.548,0.113,0.118,0.622,0.625,0.005,-0.457,-0.42,-1.133,0.994,-1.06,1.012,0.763,0.8,1.77,1.804,0.323,-0.302,0.618,0.995
2021-12-01,CTD10,4170388,695646,0.010770482,0.020118602,0.035849724,0.012099215,0.009480147,0.0026513967,2.6285,-0.281,21.811,0.249,-32.945,0.359,-55.778,0.495,-54.756,0.582,-77.589,0.121,-22.834,0.264,0.207,-1.181,-0.312,-2.0,-0.675,-1.102,-0.519,-1.561,-0.939,-0.459,-0.819,-0.729,0.177,0.222,0.802,0.818,0.047,-0.715,-0.222,-2.119,1.398,-0.841,1.785,0.506,0.998,2.492,3.18,0.337,-0.134,0.576,0.945
2021-12-01,CTD11,4169609,700351,0.0076810634,0.015838288,0.026444564,0.007124724,0.00513187,0.0013581754,1.348,-0.251,25.323,0.379,-77.218,0.511,-131.723,0.576,-102.541,0.675,-157.046,0.163,-54.504,0.18,0.13,-2.042,-0.396,-3.483,-0.938,-1.624,-0.526,-2.487,-1.119,-0.863,-1.441,-0.865,0.276,0.319,0.921,0.928,0.047,-0.789,-0.121,-2.93,2.029,-0.625,2.817,0.281,0.949,3.388,4.703,0.256,-0.055,0.543,0.941
2021-12-01,CTD12,4173438,695414,0.0042599267,0.011562321,0.014842726,0.0023191916,0.0014182379,0.00033390734,1.6105,-0.124,19.115,0.666,-344.697,0.781,-618.612,0.73,-363.812,0.826,-637.727,0.241,-273.916,0.044,0.027,-5.116,-0.489,-9.182,-1.435,-4.207,-0.516,-7.374,-1.479,-3.167,-4.066,-0.878,0.568,0.591,0.965,0.967,0.034,-0.856,0.167,-5.48,4.89,1.753,7.996,-0.352,0.672,6.277,10.265,0.105,0.034,0.526,0.948
2022-02-24,CTD1,4187246,695025,0.0057427436,0.009326345,0.015337873,0.0072942264,0.006081059,0.0018986596,0.4875,-0.244,42.025,0.122,-29.872,0.211,-57.222,0.355,-71.897,0.432,-99.247,0.091,-27.35,0.307,0.256,-0.458,-0.182,-0.878,-0.417,-0.671,-0.437,-0.926,-0.724,-0.255,-0.419,-0.449,0.095,0.143,0.522,0.557,0.049,-0.591,-0.226,-1.244,0.882,-0.569,1.058,0.445,0.811,1.451,1.74,0.386,-0.176,0.674,0.946
2022-02-24,CTD2,4181518,693105,0.002654591,0.0061671063,0.009067489,0.0016453328,0.0009955056,0.0002313772,0.6035,-0.19,51.866,0.579,-445.629,0.722,-842.364,0.693,-497.496,0.802,-894.231,0.246,-396.735,0.085,0.052,-4.041,-0.444,-7.638,-1.386,-3.068,-0.495,-5.515,-1.471,-2.447,-3.597,-1.098,0.449,0.483,1.036,1.033,0.043,-0.973,0.075,-5.36,3.638,0.684,6.013,-0.182,0.865,5.35,8.842,0.157,0.02,0.513,0.939
2022-02-24,CTD3,4181698,695238,0.0024938574,0.0066081434,0.010799863,0.0015872598,0.0009535803,0.00022181991,0.7250000000000001,-0.241,58.735,0.613,-478.688,0.748,-897.351,0.744,-537.423,0.838,-956.086,0.249,-418.663,0.093,0.056,-5.17,-0.456,-9.691,-1.424,-3.551,-0.512,-6.318,-1.518,-2.767,-4.522,-1.65,0.427,0.456,1.218,1.201,0.036,-1.053,0.011,-7.162,4.075,0.126,6.783,-0.03,1.034,6.66,11.085,0.152,0.003,0.471,0.949
2022-02-24,CTD4,4180266,698264,0.0036465565,0.009494392,0.015169537,0.0035248965,0.0023680823,0.00059297733,0.4795,-0.23,39.404,0.459,-178.371,0.601,-316.957,0.623,-217.775,0.73,-356.361,0.196,-138.586,0.139,0.093,-2.706,-0.422,-4.808,-1.117,-2.068,-0.516,-3.383,-1.256,-1.316,-2.102,-0.963,0.34,0.381,0.982,0.983,0.047,-0.863,-0.046,-3.712,2.537,-0.294,3.777,0.109,0.926,4.054,6.035,0.215,-0.017,0.528,0.938
2022-02-24,CTD6,4176009,695829,0.013821861,0.021321671,0.027981095,0.0078032906,0.0054350714,0.0014554133,0.495,-0.135,11.162,0.464,-81.25,0.594,-137.09,0.564,-92.413,0.675,-148.252,0.179,-55.839,0.087,0.061,-2.273,-0.442,-3.836,-1.07,-1.97,-0.502,-3.161,-1.157,-1.191,-1.562,-0.503,0.405,0.444,0.754,0.774,0.048,-0.674,0.065,-2.416,2.538,0.337,3.644,-0.123,0.616,3.331,4.782,0.172,0.024,0.591,0.934
2022-02-24,CTD7,4176724,690397,0.025978474,0.042690504,0.07058285,0.019614771,0.013458064,0.00314134,1.3795000000000002,-0.246,9.257,0.37,-27.558,0.521,-50.88,0.565,-36.814,0.68,-60.137,0.186,-23.323,0.182,0.125,-1.945,-0.371,-3.591,-0.998,-1.572,-0.495,-2.567,-1.18,-0.996,-1.646,-0.843,0.275,0.324,0.908,0.917,0.054,-0.853,-0.081,-3.068,1.986,-0.426,2.894,0.196,0.967,3.283,4.785,0.269,-0.037,0.55,0.932
2022-02-24,CTD8,4174178,693048,0.0055000624,0.014772069,0.024809627,0.004901795,0.0031370728,0.00074795296,0.3705,-0.254,27.388,0.502,-136.312,0.65,-251.073,0.67,-163.7,0.775,-278.462,0.22,-114.762,0.134,0.086,-3.382,-0.428,-6.229,-1.231,-2.418,-0.514,-4.113,-1.365,-1.695,-2.847,-1.249,0.353,0.392,1.112,1.102,0.045,-0.967,-0.045,-4.895,2.887,-0.352,4.511,0.117,1.04,4.849,7.577,0.205,-0.015,0.497,0.941
2022-02-24,CTD9,4171106,693183,0.010806776,0.021431865,0.045480084,0.019903803,0.017380668,0.0053418027,0.502,-0.359,24.672,0.037,-3.582,0.104,-10.876,0.391,-28.254,0.447,-35.548,0.068,-7.294,0.491,0.429,-0.163,-0.062,-0.495,-0.216,-0.606,-0.491,-0.762,-0.708,-0.156,-0.332,-0.645,0.024,0.062,0.659,0.68,0.038,-0.674,-0.402,-1.54,0.695,-1.052,0.795,0.977,1.249,1.474,1.688,0.547,-0.373,0.618,0.961
2022-02-24,CTD10,4170388,695646,0.003814189,0.012037447,0.024147905,0.006358761,0.004020454,0.0009428096,0.519,-0.335,41.663,0.309,-74.189,0.499,-165.654,0.583,-115.852,0.715,-207.317,0.225,-91.465,0.265,0.168,-1.792,-0.298,-4.0,-1.053,-1.395,-0.466,-2.496,-1.318,-1.101,-2.209,-1.167,0.202,0.263,1.108,1.094,0.065,-1.083,-0.134,-4.113,1.727,-0.804,2.731,0.424,1.374,3.464,5.478,0.362,-0.071,0.508,0.923
2022-02-24,CTD11,4169609,700351,0.0035845228,0.009340728,0.016106093,0.0041815205,0.0026459147,0.0006324456,0.4659999999999999,-0.266,44.97,0.382,-132.089,0.559,-270.883,0.588,-177.059,0.718,-315.853,0.225,-138.794,0.188,0.119,-2.127,-0.349,-4.363,-1.133,-1.654,-0.468,-2.95,-1.321,-1.296,-2.235,-0.991,0.275,0.33,0.995,0.995,0.06,-1.0,-0.053,-3.853,2.07,-0.321,3.271,0.144,1.092,3.568,5.639,0.283,-0.024,0.531,0.924
2022-02-24,CTD12,4173438,695414,0.0031934513,0.009700764,0.015817234,0.00257312,0.0016444791,0.00039911887,0.431,-0.24,39.862,0.581,-285.549,0.71,-505.011,0.72,-325.411,0.812,-544.873,0.22,-219.462,0.103,0.066,-4.517,-0.47,-7.988,-1.299,-3.157,-0.535,-5.286,-1.402,-2.129,-3.471,-1.45,0.408,0.438,1.167,1.155,0.036,-0.951,-0.026,-5.848,3.666,-0.248,5.736,0.066,0.991,5.978,9.353,0.161,-0.007,0.481,0.95
2022-07-14,CTD1,4187246,695025,0.0207189,0.027466634,0.042459857,0.015839249,0.013123958,0.0035569607,0.3685,-0.214,12.856,0.268,-26.726,0.353,-39.789,0.457,-39.583,0.528,-52.645,0.094,-13.062,0.204,0.169,-1.135,-0.351,-1.689,-0.63,-1.087,-0.519,-1.446,-0.834,-0.359,-0.555,-0.518,0.209,0.246,0.656,0.677,0.039,-0.56,-0.182,-1.501,1.425,-0.588,1.72,0.339,0.717,2.203,2.659,0.268,-0.105,0.619,0.953
2022-07-14,CTD2,4181518,693105,0.008248172,0.015940897,0.018043458,0.0038663577,0.002505473,0.0006073188,0.362,-0.062,7.31,0.61,-195.91,0.728,-336.395,0.647,-203.22,0.756,-343.704,0.214,-140.485,0.028,0.018,-3.535,-0.491,-6.07,-1.301,-3.24,-0.509,-5.479,-1.329,-2.239,-2.535,-0.33,0.588,0.613,0.769,0.784,0.04,-0.66,0.235,-3.079,3.984,1.696,6.148,-0.411,0.484,4.51,6.959,0.104,0.057,0.583,0.938
2022-07-14,CTD3,4181698,695238,0.015825678,0.02060923,0.02291678,0.007282003,0.0053723967,0.0015111718,0.4715,-0.053,4.886,0.478,-88.803,0.586,-137.615,0.518,-93.689,0.62,-142.501,0.151,-48.812,0.036,0.026,-2.035,-0.477,-3.154,-1.002,-1.931,-0.503,-2.937,-1.038,-1.006,-1.119,-0.182,0.471,0.505,0.602,0.629,0.044,-0.456,0.162,-1.435,2.596,0.689,3.518,-0.243,0.374,2.886,3.912,0.119,0.057,0.641,0.937
2022-07-14,CTD4,4180266,698264,0.009153822,0.015674274,0.017667372,0.0035683797,0.002483895,0.00066346774,0.3025,-0.06,7.197,0.629,-216.44,0.726,-338.795,0.664,-223.638,0.753,-345.992,0.179,-122.354,0.026,0.018,-3.824,-0.538,-5.986,-1.209,-3.505,-0.555,-5.423,-1.235,-1.918,-2.162,-0.329,0.601,0.621,0.776,0.789,0.033,-0.549,0.191,-2.72,4.252,1.359,6.108,-0.309,0.431,4.793,6.885,0.087,0.044,0.577,0.949
2022-07-14,CTD6,4176009,695829,0.0060469937,0.013259253,0.017398199,0.003288732,0.0021095132,0.00051378075,0.7045,-0.135,17.942,0.603,-228.65,0.725,-398.624,0.682,-246.591,0.784,-416.566,0.218,-169.974,0.059,0.038,-3.978,-0.482,-6.935,-1.311,-3.27,-0.52,-5.523,-1.37,-2.254,-2.957,-0.767,0.511,0.539,0.918,0.924,0.038,-0.797,0.121,-4.216,3.91,0.995,6.096,-0.247,0.671,5.131,7.999,0.127,0.03,0.54,0.943
2022-07-14,CTD7,4176724,690397,0.02888538,0.04130226,0.06167541,0.016665455,0.011802823,0.0029486734,0.6915,-0.198,7.998,0.425,-35.793,0.555,-60.514,0.575,-43.79,0.679,-68.512,0.171,-24.721,0.133,0.094,-2.208,-0.422,-3.732,-1.008,-1.809,-0.517,-2.83,-1.142,-1.021,-1.525,-0.716,0.335,0.377,0.848,0.86,0.047,-0.742,-0.039,-2.747,2.287,-0.201,3.229,0.081,0.785,3.415,4.822,0.212,-0.016,0.563,0.938
2022-07-14,CTD8,4174178,693048,0.01998028,0.029471919,0.040258165,0.009970591,0.0068028937,0.0017069414,0.7415,-0.155,9.091,0.494,-66.364,0.625,-113.066,0.603,-75.455,0.711,-122.157,0.189,-46.701,0.091,0.062,-2.672,-0.451,-4.552,-1.127,-2.224,-0.513,-3.6,-1.218,-1.376,-1.88,-0.643,0.414,0.451,0.835,0.848,0.045,-0.734,0.05,-2.962,2.787,0.295,4.085,-0.1,0.684,3.807,5.579,0.169,0.017,0.566,0.937
2022-07-14,CTD9,4171106,693183,0.017134506,0.025632802,0.043165833,0.018485483,0.017059596,0.005735065,0.5035000000000001,-0.255,15.846,0.162,-15.084,0.201,-19.606,0.4,-30.93,0.433,-35.452,0.04,-4.522,0.293,0.27,-0.651,-0.257,-0.846,-0.362,-0.793,-0.528,-0.909,-0.655,-0.116,-0.195,-0.493,0.119,0.139,0.578,0.592,0.021,-0.49,-0.329,-1.144,0.991,-0.833,1.074,0.6,0.761,1.67,1.809,0.326,-0.237,0.641,0.977
2022-07-14,CTD10,4170388,695646,0.007768575,0.016525708,0.025670726,0.005076611,0.0033062065,0.00080179266,0.8360000000000001,-0.217,21.557,0.53,-136.47,0.667,-241.95,0.67,-158.027,0.772,-263.507,0.211,-105.48,0.109,0.071,-3.503,-0.451,-6.211,-1.228,-2.612,-0.522,-4.355,-1.338,-1.743,-2.708,-1.091,0.395,0.43,1.038,1.035,0.042,-0.892,-0.008,-4.509,3.126,-0.058,4.801,0.018,0.902,4.857,7.457,0.178,-0.002,0.512,0.942
2022-07-14,CTD11,4169609,700351,0.0080195805,0.016170211,0.022002157,0.005890147,0.004497485,0.0012584093,0.8525,-0.153,16.392,0.466,-107.933,0.565,-160.504,0.578,-124.325,0.661,-176.896,0.134,-52.571,0.097,0.074,-2.375,-0.485,-3.531,-0.945,-2.01,-0.559,-2.86,-1.042,-0.85,-1.157,-0.561,0.388,0.418,0.78,0.793,0.036,-0.575,-0.029,-2.147,2.541,-0.14,3.328,0.051,0.597,3.457,4.528,0.16,-0.01,0.578,0.95
2022-07-14,CTD12,4173438,695414,0.01811221,0.026840916,0.036792193,0.009443622,0.006569177,0.0016738892,0.649,-0.156,10.077,0.479,-68.635,0.607,-114.97,0.592,-78.712,0.697,-125.046,0.18,-46.334,0.095,0.066,-2.525,-0.451,-4.23,-1.086,-2.113,-0.517,-3.356,-1.181,-1.244,-1.705,-0.621,0.401,0.438,0.819,0.833,0.045,-0.708,0.034,-2.759,2.664,0.19,3.829,-0.067,0.675,3.651,5.249,0.173,0.012,0.57,0.938
2022-07-29,CTD3,4181698,695238,0.007972146,0.015039699,0.019476619,0.0038677116,0.0025291417,0.00065066543,0.582,-0.129,15.147,0.591,-192.06,0.712,-328.9,0.669,-207.207,0.77,-344.047,0.209,-136.84,0.059,0.038,-3.741,-0.486,-6.406,-1.272,-3.116,-0.524,-5.174,-1.331,-2.058,-2.665,-0.694,0.508,0.536,0.888,0.896,0.039,-0.757,0.118,-3.812,3.759,0.911,5.748,-0.234,0.641,4.868,7.444,0.127,0.03,0.548,0.943
2022-08-03,CTD1,4187246,695025,0.0098231435,0.016484393,0.025624411,0.007962951,0.006046355,0.0016949755,0.3565,-0.217,21.638,0.349,-64.918,0.463,-104.725,0.526,-86.556,0.618,-126.364,0.137,-39.807,0.172,0.131,-1.663,-0.393,-2.684,-0.834,-1.427,-0.523,-2.083,-1.006,-0.656,-1.02,-0.652,0.269,0.311,0.784,0.801,0.046,-0.674,-0.116,-2.168,1.834,-0.492,2.416,0.237,0.795,2.851,3.755,0.247,-0.056,0.581,0.943
2022-08-03,CTD2,4181518,693105,0.013263862,0.019146174,0.022125065,0.005313928,0.0039070067,0.0010701149,0.48,-0.072,7.032,0.566,-135.955,0.661,-203.721,0.613,-142.987,0.7,-210.753,0.153,-67.766,0.037,0.027,-3.008,-0.531,-4.507,-1.083,-2.738,-0.559,-4.035,-1.12,-1.297,-1.499,-0.323,0.531,0.555,0.729,0.745,0.034,-0.495,0.13,-2.06,3.426,0.737,4.66,-0.205,0.42,3.96,5.385,0.101,0.036,0.593,0.949
2022-08-03,CTD3,4181698,695238,0.015147806,0.019459719,0.020584138,0.0078084813,0.006146599,0.001773429,0.498,-0.028,2.807,0.427,-76.678,0.52,-111.303,0.45,-79.485,0.54,-114.11,0.119,-34.626,0.022,0.017,-1.578,-0.471,-2.291,-0.869,-1.547,-0.489,-2.221,-0.891,-0.674,-0.713,-0.081,0.436,0.469,0.499,0.529,0.042,-0.325,0.158,-0.857,2.194,0.53,2.787,-0.213,0.271,2.32,2.948,0.103,0.063,0.681,0.941
2022-08-03,CTD4,4180266,698264,0.020076396,0.025645155,0.03211385,0.01204726,0.008913998,0.0023777657,0.763,-0.112,7.855,0.361,-44.013,0.484,-73.189,0.454,-51.867,0.565,-81.044,0.149,-29.177,0.095,0.07,-1.413,-0.392,-2.35,-0.882,-1.33,-0.462,-2.078,-0.976,-0.748,-0.937,-0.309,0.331,0.379,0.581,0.616,0.054,-0.553,0.059,-1.474,1.851,0.211,2.502,-0.099,0.512,2.318,3.133,0.192,0.028,0.653,0.929
2022-08-03,CTD6,4176009,695829,0.012339675,0.018549738,0.024899956,0.008128102,0.006181806,0.0017156305,0.918,-0.146,13.748,0.391,-69.121,0.5,-107.856,0.508,-82.869,0.602,-121.604,0.136,-38.735,0.112,0.085,-1.721,-0.427,-2.686,-0.877,-1.537,-0.512,-2.256,-0.988,-0.719,-0.965,-0.444,0.335,0.374,0.678,0.702,0.045,-0.57,-0.016,-1.746,2.034,-0.063,2.674,0.027,0.582,2.73,3.59,0.19,-0.007,0.614,0.941
2022-08-03,CTD7,4176724,690397,0.018644007,0.03265336,0.051721577,0.012076927,0.008247898,0.0020285363,0.5865,-0.226,11.29,0.46,-52.178,0.597,-90.618,0.621,-63.468,0.725,-101.909,0.188,-38.44,0.136,0.093,-2.699,-0.43,-4.687,-1.094,-2.072,-0.523,-3.328,-1.231,-1.255,-1.988,-0.938,0.343,0.383,0.969,0.972,0.045,-0.833,-0.052,-3.567,2.544,-0.324,3.725,0.12,0.901,4.03,5.901,0.21,-0.019,0.53,0.94
2022-08-03,CTD8,4174178,693048,0.014549555,0.02538035,0.042616088,0.014094145,0.010535758,0.0027576804,1.694,-0.253,15.935,0.286,-31.551,0.413,-55.514,0.503,-47.486,0.604,-71.45,0.144,-23.963,0.225,0.168,-1.345,-0.332,-2.366,-0.782,-1.205,-0.5,-1.813,-1.007,-0.608,-1.021,-0.7,0.212,0.262,0.794,0.813,0.052,-0.742,-0.152,-2.244,1.554,-0.615,2.078,0.341,0.932,2.609,3.49,0.308,-0.084,0.581,0.937
2022-08-03,CTD9,4171106,693183,0.018508025,0.02688534,0.045201104,0.017598629,0.017088624,0.005830591,0.6930000000000001,-0.254,15.072,0.209,-19.628,0.223,-21.323,0.44,-34.699,0.451,-36.395,0.015,-1.696,0.265,0.258,-0.887,-0.335,-0.964,-0.375,-0.933,-0.593,-0.978,-0.641,-0.046,-0.077,-0.528,0.149,0.156,0.628,0.632,0.007,-0.435,-0.376,-1.117,1.15,-0.995,1.184,0.651,0.71,1.933,1.991,0.277,-0.246,0.617,0.992
2022-08-03,CTD10,4170388,695646,0.013384099,0.021581225,0.029182564,0.007850114,0.0059347637,0.0016388422,0.7665,-0.15,12.07,0.467,-81.05,0.569,-122.162,0.576,-93.12,0.662,-134.232,0.139,-41.112,0.095,0.072,-2.365,-0.481,-3.565,-0.959,-2.01,-0.553,-2.897,-1.054,-0.887,-1.2,-0.551,0.391,0.423,0.775,0.79,0.038,-0.583,-0.016,-2.168,2.546,-0.081,3.367,0.029,0.596,3.442,4.553,0.16,-0.006,0.58,0.948
2022-08-03,CTD11,4169609,700351,0.008517179,0.012436462,0.016346904,0.005449582,0.00429623,0.0012776948,0.9975,-0.136,19.235,0.391,-103.092,0.486,-152.353,0.5,-122.327,0.584,-171.589,0.118,-49.262,0.105,0.083,-1.685,-0.443,-2.491,-0.83,-1.521,-0.526,-2.134,-0.935,-0.613,-0.805,-0.401,0.338,0.373,0.651,0.674,0.04,-0.508,-0.028,-1.523,2.019,-0.105,2.561,0.046,0.526,2.654,3.367,0.175,-0.012,0.621,0.947
2022-08-03,CTD12,4173438,695414,0.023338662,0.03491641,0.05743799,0.021009913,0.016924554,0.0048305686,0.899,-0.244,11.23,0.249,-18.957,0.347,-30.446,0.464,-30.186,0.545,-41.676,0.108,-11.489,0.236,0.19,-1.089,-0.321,-1.749,-0.64,-1.054,-0.511,-1.455,-0.876,-0.401,-0.66,-0.594,0.187,0.229,0.703,0.724,0.044,-0.633,-0.198,-1.732,1.367,-0.671,1.697,0.404,0.839,2.249,2.792,0.307,-0.119,0.606,0.948
2022-09-07,CTD1,4187246,695025,0.010392136,0.014658509,0.022881573,0.010131027,0.009224389,0.0032173037,1.8425,-0.219,24.516,0.183,-30.487,0.228,-40.189,0.386,-55.003,0.425,-64.705,0.047,-9.702,0.248,0.226,-0.698,-0.281,-0.92,-0.407,-0.806,-0.507,-0.948,-0.656,-0.142,-0.222,-0.425,0.141,0.165,0.534,0.551,0.024,-0.458,-0.27,-1.034,1.044,-0.669,1.146,0.463,0.65,1.629,1.789,0.288,-0.187,0.66,0.973
2022-09-07,CTD2,4181518,693105,0.002961636,0.0074451943,0.012568234,0.0025766979,0.0016952218,0.00042377657,0.8125,-0.256,54.749,0.486,-253.779,0.629,-455.578,0.66,-308.528,0.762,-510.328,0.206,-201.8,0.141,0.093,-3.19,-0.43,-5.726,-1.174,-2.297,-0.523,-3.799,-1.315,-1.502,-2.536,-1.199,0.341,0.38,1.093,1.085,0.044,-0.928,-0.066,-4.524,2.755,-0.486,4.187,0.168,1.03,4.65,7.068,0.211,-0.023,0.501,0.942
2022-09-07,CTD3,4181698,695238,0.008427532,0.013623384,0.018043458,0.0054816315,0.0042112283,0.0011608768,0.6365000000000001,-0.14,17.981,0.426,-109.024,0.528,-164.057,0.534,-127.006,0.622,-182.039,0.131,-55.033,0.099,0.076,-1.967,-0.459,-2.96,-0.899,-1.73,-0.535,-2.48,-0.998,-0.75,-0.993,-0.456,0.366,0.4,0.704,0.724,0.04,-0.547,-0.013,-1.799,2.252,-0.057,2.931,0.023,0.556,2.983,3.882,0.169,-0.005,0.603,0.946
2022-09-07,CTD4,4180266,698264,0.0014685305,0.005149027,0.010184389,0.0021708205,0.001342186,0.00031881756,0.5025,-0.328,96.022,0.407,-266.444,0.586,-550.842,0.649,-362.466,0.767,-646.864,0.236,-284.398,0.208,0.129,-2.714,-0.358,-5.61,-1.196,-1.866,-0.486,-3.331,-1.404,-1.464,-2.896,-1.433,0.258,0.308,1.235,1.208,0.054,-1.112,-0.113,-5.216,2.24,-0.855,3.623,0.361,1.36,4.431,7.166,0.29,-0.048,0.477,0.933
2022-09-07,CTD6,4176009,695829,0.010665163,0.016617794,0.021839164,0.0060372287,0.0046506803,0.0013452462,0.633,-0.136,14.387,0.467,-105.462,0.563,-154.846,0.567,-119.85,0.649,-169.233,0.13,-49.383,0.087,0.067,-2.303,-0.49,-3.382,-0.935,-1.992,-0.557,-2.812,-1.022,-0.821,-1.078,-0.489,0.399,0.429,0.743,0.759,0.036,-0.537,-0.009,-1.943,2.54,-0.044,3.297,0.016,0.544,3.338,4.333,0.15,-0.003,0.589,0.95
2022-09-07,CTD7,4176724,690397,0.026321283,0.04445377,0.08567768,0.037616465,0.030486634,0.007916065,0.798,-0.317,10.824,0.083,-4.089,0.186,-10.306,0.39,-14.912,0.475,-21.13,0.105,-6.217,0.407,0.33,-0.35,-0.125,-0.883,-0.388,-0.663,-0.455,-0.939,-0.795,-0.276,-0.533,-0.605,0.059,0.113,0.641,0.672,0.055,-0.715,-0.292,-1.629,0.826,-0.82,1.019,0.693,1.117,1.592,1.964,0.49,-0.247,0.631,0.942
2022-09-07,CTD8,4174178,693048,0.017892592,0.033097602,0.058348343,0.01838998,0.013168427,0.0032310635,1.0825,-0.276,13.075,0.286,-24.164,0.431,-45.726,0.521,-37.239,0.632,-58.801,0.165,-21.562,0.24,0.172,-1.41,-0.318,-2.668,-0.841,-1.233,-0.49,-1.946,-1.081,-0.714,-1.258,-0.8,0.206,0.26,0.864,0.877,0.057,-0.829,-0.149,-2.631,1.574,-0.659,2.198,0.366,1.047,2.775,3.875,0.33,-0.083,0.563,0.932
2022-09-07,CTD9,4171106,693183,0.013670041,0.017530834,0.032205697,0.013685756,0.01322112,0.004419512,0.293,-0.295,25.992,0.123,-16.026,0.14,-18.594,0.404,-42.018,0.418,-44.586,0.017,-2.568,0.356,0.344,-0.516,-0.212,-0.599,-0.254,-0.737,-0.556,-0.782,-0.61,-0.045,-0.083,-0.545,0.085,0.094,0.602,0.608,0.009,-0.491,-0.422,-1.155,0.87,-1.027,0.901,0.802,0.871,1.599,1.655,0.37,-0.329,0.628,0.99
2022-09-07,CTD10,4170388,695646,0.003444298,0.009352247,0.017292654,0.0035323128,0.002294506,0.0005546975,0.6105,-0.298,49.098,0.452,-176.174,0.606,-328.897,0.661,-225.273,0.766,-377.996,0.212,-152.723,0.173,0.113,-3.047,-0.404,-5.688,-1.162,-2.107,-0.517,-3.535,-1.335,-1.428,-2.641,-1.363,0.297,0.339,1.181,1.164,0.046,-0.999,-0.109,-4.889,2.515,-0.82,3.872,0.31,1.199,4.65,7.159,0.245,-0.041,0.484,0.941
2022-09-07,CTD11,4169609,700351,0.0075423545,0.013066744,0.019032458,0.005443944,0.004077575,0.0011868301,0.3195,-0.186,23.988,0.412,-107.16,0.524,-168.714,0.555,-131.149,0.647,-192.702,0.144,-61.553,0.131,0.098,-2.04,-0.437,-3.211,-0.918,-1.714,-0.535,-2.518,-1.049,-0.804,-1.172,-0.627,0.33,0.367,0.793,0.808,0.043,-0.649,-0.062,-2.267,2.186,-0.292,2.919,0.121,0.708,3.184,4.251,0.202,-0.026,0.577,0.944
2022-09-07,CTD12,4173438,695414,0.011334231,0.020895516,0.03266784,0.007702668,0.005516328,0.0014257003,0.6779999999999999,-0.22,17.246,0.461,-81.968,0.582,-133.423,0.618,-99.214,0.711,-150.669,0.165,-51.455,0.133,0.095,-2.678,-0.452,-4.359,-1.028,-2.073,-0.547,-3.148,-1.161,-1.075,-1.681,-0.891,0.346,0.381,0.945,0.949,0.041,-0.757,-0.077,-3.209,2.544,-0.453,3.552,0.167,0.847,3.977,5.553,0.2,-0.028,0.534,0.946
2022-09-27,CTD1,4187246,695025,0.0028812448,0.007466292,0.015283227,0.005259098,0.003702918,0.0009873802,0.5,-0.344,68.504,0.173,-56.211,0.337,-136.122,0.488,-124.715,0.61,-204.626,0.174,-79.911,0.36,0.254,-0.859,-0.208,-2.08,-0.716,-0.931,-0.462,-1.528,-1.076,-0.597,-1.221,-0.872,0.116,0.183,0.897,0.91,0.068,-0.932,-0.216,-2.708,1.177,-0.89,1.672,0.627,1.343,2.41,3.423,0.462,-0.152,0.559,0.924
2022-09-27,CTD2,4181518,693105,0.0115716485,0.016817069,0.023435911,0.00807451,0.006476728,0.0019155913,0.56,-0.164,16.794,0.351,-64.383,0.444,-94.936,0.488,-81.177,0.567,-111.729,0.11,-30.552,0.136,0.109,-1.509,-0.417,-2.225,-0.767,-1.365,-0.526,-1.879,-0.902,-0.514,-0.716,-0.455,0.292,0.328,0.659,0.681,0.04,-0.529,-0.085,-1.536,1.806,-0.306,2.252,0.147,0.591,2.517,3.138,0.204,-0.041,0.618,0.949
2022-09-27,CTD3,4181698,695238,0.004138037,0.010002412,0.014746424,0.002943553,0.0018862924,0.00045971596,0.698,-0.192,32.163,0.545,-239.75,0.683,-430.165,0.667,-271.912,0.773,-462.327,0.219,-190.415,0.095,0.061,-3.535,-0.452,-6.343,-1.266,-2.72,-0.513,-4.624,-1.361,-1.905,-2.808,-0.982,0.424,0.459,0.993,0.993,0.043,-0.882,0.037,-4.42,3.27,0.293,5.103,-0.086,0.833,4.821,7.523,0.166,0.011,0.523,0.94
2022-09-27,CTD4,4180266,698264,0.009854092,0.014907543,0.01904451,0.0072503053,0.0057438365,0.0016771683,0.44,-0.122,14.572,0.346,-70.845,0.444,-107.02,0.449,-85.417,0.537,-121.591,0.116,-36.174,0.106,0.084,-1.349,-0.407,-2.038,-0.776,-1.273,-0.491,-1.813,-0.882,-0.539,-0.689,-0.318,0.309,0.348,0.571,0.6,0.044,-0.48,-0.009,-1.26,1.755,-0.031,2.215,0.015,0.485,2.241,2.829,0.185,-0.005,0.653,0.943
2022-09-27,CTD6,4176009,695829,0.00809837,0.015789391,0.025833352,0.0059164586,0.0041615996,0.0011304438,0.728,-0.241,24.624,0.455,-105.686,0.583,-176.959,0.627,-130.31,0.723,-201.583,0.174,-71.272,0.146,0.102,-2.73,-0.44,-4.571,-1.047,-2.058,-0.542,-3.183,-1.193,-1.125,-1.841,-0.997,0.329,0.366,0.998,0.998,0.042,-0.81,-0.092,-3.539,2.508,-0.572,3.565,0.214,0.933,4.103,5.833,0.214,-0.035,0.521,0.945
2022-09-27,CTD7,4176724,690397,0.022161083,0.0399132,0.07558986,0.031842995,0.024625612,0.0061253896,1.975,-0.309,11.825,0.112,-6.35,0.237,-15.554,0.407,-18.175,0.509,-27.379,0.128,-9.204,0.377,0.291,-0.48,-0.156,-1.176,-0.495,-0.725,-0.448,-1.093,-0.872,-0.367,-0.696,-0.632,0.081,0.142,0.678,0.71,0.062,-0.765,-0.245,-1.816,0.928,-0.753,1.2,0.601,1.121,1.757,2.272,0.472,-0.196,0.621,0.933
2022-09-27,CTD8,4174178,693048,0.011952717,0.024224019,0.047045525,0.017001234,0.012748383,0.003319305,2.082,-0.32,20.025,0.175,-17.538,0.31,-37.16,0.469,-37.563,0.574,-57.185,0.143,-19.622,0.34,0.255,-0.825,-0.224,-1.748,-0.632,-0.91,-0.479,-1.385,-0.972,-0.475,-0.923,-0.767,0.121,0.179,0.813,0.832,0.06,-0.819,-0.235,-2.265,1.154,-0.867,1.539,0.609,1.192,2.241,2.988,0.431,-0.165,0.578,0.934
2022-09-27,CTD9,4171106,693183,0.008499686,0.01848983,0.04559664,0.026851224,0.02454177,0.007954912,0.71,-0.423,32.152,-0.184,16.842,-0.141,13.337,0.259,-15.311,0.3,-18.815,0.045,-3.505,0.863,0.789,0.768,0.413,0.608,0.358,-0.283,-0.376,-0.348,-0.505,-0.065,-0.16,-0.527,-0.119,-0.084,0.436,0.464,0.036,-0.689,-0.508,-1.169,0.15,-0.945,0.165,1.372,1.552,0.371,0.406,0.914,-0.738,0.707,0.968
2022-09-27,CTD10,4170388,695646,0.0143736135,0.026148386,0.047762454,0.018425127,0.014093387,0.0037518668,0.925,-0.292,17.306,0.173,-16.03,0.3,-32.712,0.443,-33.337,0.544,-50.018,0.133,-16.682,0.319,0.244,-0.766,-0.226,-1.562,-0.603,-0.872,-0.47,-1.308,-0.922,-0.436,-0.797,-0.665,0.125,0.182,0.729,0.755,0.059,-0.76,-0.217,-1.97,1.124,-0.737,1.47,0.519,1.062,2.053,2.684,0.41,-0.153,0.603,0.935
2022-09-27,CTD11,4169609,700351,0.011072729,0.017135803,0.024704577,0.008320821,0.0065854723,0.0019341463,0.605,-0.181,17.879,0.346,-61.823,0.445,-93.492,0.496,-79.702,0.579,-111.371,0.116,-31.669,0.149,0.118,-1.527,-0.407,-2.31,-0.778,-1.366,-0.525,-1.908,-0.927,-0.543,-0.782,-0.508,0.282,0.319,0.691,0.712,0.041,-0.57,-0.098,-1.692,1.793,-0.367,2.265,0.178,0.65,2.585,3.266,0.219,-0.047,0.608,0.947
2022-09-27,CTD12,4173438,695414,0.014932562,0.026942516,0.046041265,0.015112259,0.011141298,0.0028999369,1.306,-0.262,15.396,0.281,-29.055,0.415,-52.64,0.506,-44.452,0.61,-68.037,0.151,-23.585,0.233,0.172,-1.338,-0.324,-2.424,-0.796,-1.198,-0.495,-1.833,-1.028,-0.635,-1.086,-0.727,0.207,0.258,0.812,0.83,0.054,-0.771,-0.152,-2.35,1.541,-0.628,2.09,0.352,0.972,2.633,3.572,0.319,-0.085,0.576,0.935
2023-01-10,CTD1,4187246,695025,0.0018774025,0.0046574804,0.008334627,0.0038690658,0.0030637407,0.00091456226,0.9905,-0.283,94.727,0.092,-43.752,0.206,-111.69,0.366,-138.479,0.462,-206.417,0.116,-67.938,0.367,0.29,-0.365,-0.134,-0.931,-0.432,-0.645,-0.424,-0.961,-0.799,-0.316,-0.566,-0.53,0.069,0.131,0.578,0.618,0.062,-0.704,-0.233,-1.517,0.836,-0.634,1.056,0.527,0.998,1.496,1.89,0.463,-0.194,0.656,0.934
2023-01-10,CTD2,4181518,693105,0.0046442454,0.00739851,0.008612855,0.003209117,0.002571346,0.00079918973,1.0750000000000002,-0.076,19.057,0.395,-176.45,0.484,-253.739,0.457,-195.507,0.54,-272.796,0.11,-77.289,0.061,0.049,-1.52,-0.454,-2.185,-0.814,-1.446,-0.503,-2.018,-0.875,-0.572,-0.666,-0.21,0.375,0.408,0.542,0.57,0.04,-0.389,0.058,-1.044,2.007,0.193,2.505,-0.084,0.363,2.336,2.916,0.135,0.025,0.663,0.946
2023-01-10,CTD3,4181698,695238,0.0012459086,0.0032745288,0.0055187303,0.00094723277,0.00054100377,0.00012232849,1.1045,-0.255,124.186,0.551,-750.319,0.716,-1543.029,0.707,-874.506,0.821,-1667.215,0.273,-792.709,0.118,0.067,-4.141,-0.406,-8.516,-1.462,-2.864,-0.473,-5.459,-1.579,-2.596,-4.375,-1.508,0.384,0.423,1.198,1.179,0.046,-1.158,0.022,-6.744,3.359,0.227,5.881,-0.066,1.114,5.661,9.912,0.191,0.006,0.48,0.937
2023-01-10,CTD4,4180266,698264,0.0067713642,0.011757474,0.016394395,0.0052355025,0.0039070067,0.0010870927,1.334,-0.165,24.056,0.384,-105.951,0.501,-170.898,0.516,-130.007,0.615,-194.954,0.145,-64.947,0.126,0.094,-1.737,-0.414,-2.802,-0.895,-1.529,-0.508,-2.292,-1.021,-0.764,-1.065,-0.507,0.321,0.363,0.712,0.735,0.047,-0.623,-0.029,-1.95,2.007,-0.122,2.69,0.054,0.648,2.799,3.751,0.207,-0.013,0.604,0.939
2023-01-10,CTD6,4176009,695829,0.004162655,0.00831808,0.011263642,0.003499061,0.002585895,0.0007065823,1.1425,-0.15,31.439,0.408,-165.571,0.526,-266.493,0.526,-197.01,0.627,-297.932,0.15,-100.922,0.11,0.081,-1.865,-0.428,-3.002,-0.932,-1.639,-0.509,-2.478,-1.042,-0.839,-1.137,-0.484,0.348,0.388,0.712,0.734,0.047,-0.615,-0.001,-1.979,2.148,-0.002,2.906,0.001,0.615,2.908,3.935,0.191,-0.0,0.603,0.938
2023-01-10,CTD7,4176724,690397,0.023442643,0.035644166,0.051834892,0.013198612,0.009320422,0.0023902736,1.358,-0.185,8.763,0.46,-47.71,0.585,-79.236,0.594,-56.474,0.695,-87.999,0.172,-31.526,0.116,0.082,-2.473,-0.445,-4.107,-1.046,-2.013,-0.526,-3.137,-1.161,-1.124,-1.634,-0.719,0.367,0.405,0.859,0.87,0.044,-0.728,-0.019,-2.861,2.521,-0.103,3.57,0.038,0.748,3.666,5.191,0.19,-0.007,0.558,0.94
2023-01-10,CTD8,4174178,693048,0.016621131,0.02517213,0.035740558,0.010739511,0.007926402,0.002174362,1.517,-0.174,11.747,0.402,-53.388,0.521,-86.434,0.538,-65.135,0.637,-98.181,0.151,-33.047,0.126,0.093,-1.908,-0.423,-3.089,-0.928,-1.64,-0.516,-2.471,-1.054,-0.832,-1.181,-0.566,0.331,0.371,0.755,0.775,0.046,-0.651,-0.034,-2.165,2.122,-0.152,2.875,0.065,0.682,3.013,4.082,0.205,-0.014,0.59,0.939
2023-01-10,CTD9,4171106,693183,0.010590425,0.01730158,0.03052897,0.016108353,0.01628798,0.005736824,0.5765,-0.277,25.042,0.036,-4.281,0.03,-3.597,0.309,-29.324,0.304,-28.639,-0.006,0.685,0.403,0.408,-0.131,-0.07,-0.11,-0.058,-0.507,-0.478,-0.496,-0.461,0.012,0.021,-0.408,0.025,0.022,0.429,0.426,-0.004,-0.422,-0.444,-0.8,0.541,-0.833,0.535,0.776,0.753,0.954,0.943,0.398,-0.414,0.699,1.004
2023-01-10,CTD10,4170388,695646,0.005542687,0.008398829,0.012473404,0.0038785588,0.0033523631,0.0011012155,0.975,-0.195,38.894,0.368,-138.764,0.429,-179.233,0.526,-177.657,0.576,-218.126,0.073,-40.469,0.151,0.13,-1.731,-0.465,-2.236,-0.695,-1.492,-0.596,-1.832,-0.846,-0.34,-0.505,-0.563,0.286,0.309,0.731,0.743,0.025,-0.484,-0.191,-1.555,1.897,-0.711,2.194,0.328,0.621,2.817,3.259,0.193,-0.088,0.588,0.968
2023-01-10,CTD11,4169609,700351,0.00784293,0.013379752,0.018444108,0.0054533435,0.0039464394,0.001062365,0.6859999999999999,-0.159,20.522,0.421,-108.634,0.544,-178.653,0.544,-129.156,0.647,-199.175,0.16,-70.019,0.112,0.081,-2.004,-0.429,-3.295,-0.974,-1.728,-0.51,-2.665,-1.086,-0.937,-1.291,-0.539,0.354,0.395,0.75,0.77,0.047,-0.656,0.002,-2.22,2.24,0.008,3.095,-0.003,0.655,3.087,4.266,0.194,0.001,0.592,0.937
2023-01-10,CTD12,4173438,695414,0.0052214838,0.00841454,0.011211587,0.0029108378,0.0021656186,0.00061699416,1.046,-0.143,29.648,0.486,-224.702,0.591,-342.92,0.588,-254.35,0.676,-372.568,0.147,-118.218,0.086,0.064,-2.519,-0.487,-3.845,-0.998,-2.14,-0.551,-3.135,-1.084,-0.995,-1.325,-0.551,0.411,0.442,0.785,0.799,0.038,-0.594,0.007,-2.286,2.698,0.034,3.626,-0.012,0.588,3.594,4.831,0.153,0.002,0.577,0.947
2023-03-01,CTD1,4187246,695025,0.005728613,0.008138342,0.010732094,0.004409491,0.0035752053,0.0011492586,0.3804999999999999,-0.137,29.697,0.297,-103.908,0.39,-156.829,0.418,-133.605,0.5,-186.526,0.104,-52.921,0.131,0.106,-1.115,-0.371,-1.683,-0.692,-1.087,-0.478,-1.518,-0.822,-0.431,-0.568,-0.325,0.261,0.301,0.54,0.57,0.044,-0.475,-0.052,-1.156,1.513,-0.158,1.865,0.085,0.508,1.995,2.46,0.209,-0.028,0.665,0.945
2023-03-01,CTD2,4181518,693105,0.014936388,0.017396834,0.016158171,0.006132942,0.0045928895,0.0012988131,0.4405,0.037,-4.406,0.479,-105.572,0.582,-160.246,0.45,-101.166,0.557,-155.84,0.144,-54.674,-0.027,-0.02,-1.706,-0.485,-2.589,-0.983,-1.76,-0.465,-2.711,-0.956,-0.951,-0.883,0.115,0.543,0.574,0.456,0.492,0.046,-0.259,0.328,-0.681,2.552,1.153,3.408,-0.407,0.18,2.371,3.166,0.068,0.116,0.701,0.931
2023-03-01,CTD3,4181698,695238,0.011667656,0.0163746,0.017426068,0.0041133757,0.0030752677,0.0008668466,0.516,-0.031,3.685,0.598,-182.039,0.684,-264.105,0.618,-185.724,0.7,-267.79,0.144,-82.066,0.015,0.011,-3.172,-0.56,-4.602,-1.086,-3.041,-0.571,-4.385,-1.102,-1.344,-1.43,-0.146,0.598,0.617,0.684,0.7,0.031,-0.398,0.192,-1.686,3.804,1.088,5.089,-0.273,0.317,4.049,5.415,0.075,0.048,0.606,0.952
2023-03-01,CTD4,4180266,698264,0.026817761,0.03851023,0.055915646,0.01889625,0.014811028,0.0039603105,0.477,-0.184,8.083,0.342,-26.953,0.444,-41.55,0.495,-35.036,0.581,-49.633,0.121,-14.597,0.153,0.12,-1.507,-0.399,-2.323,-0.785,-1.349,-0.519,-1.911,-0.938,-0.562,-0.816,-0.516,0.277,0.317,0.694,0.716,0.043,-0.587,-0.095,-1.737,1.773,-0.359,2.262,0.176,0.668,2.574,3.285,0.226,-0.047,0.608,0.945
2023-03-01,CTD6,4176009,695829,0.0070450664,0.014166104,0.0155330505,0.0030439883,0.0021583198,0.0005973154,0.2644999999999999,-0.046,6.212,0.646,-257.925,0.736,-392.732,0.672,-264.138,0.756,-398.945,0.17,-134.807,0.019,0.013,-4.006,-0.557,-6.1,-1.195,-3.742,-0.57,-5.651,-1.214,-1.91,-2.094,-0.263,0.629,0.646,0.765,0.777,0.03,-0.498,0.203,-2.543,4.515,1.461,6.368,-0.314,0.387,4.951,6.982,0.076,0.044,0.579,0.952
2023-03-01,CTD7,4176724,690397,0.02137688,0.033530395,0.043640673,0.007318728,0.0047264597,0.0011529644,0.2345,-0.131,6.909,0.642,-106.812,0.753,-181.751,0.713,-113.721,0.805,-188.66,0.215,-74.939,0.051,0.033,-4.661,-0.505,-7.932,-1.33,-3.813,-0.537,-6.326,-1.381,-2.513,-3.27,-0.839,0.542,0.565,0.949,0.953,0.034,-0.78,0.123,-4.652,4.473,1.131,6.926,-0.247,0.656,5.822,9.015,0.11,0.027,0.529,0.949
2023-03-01,CTD8,4174178,693048,0.03534729,0.05142708,0.08780632,0.029563325,0.02162989,0.0050348756,0.3795,-0.261,8.056,0.27,-14.381,0.408,-26.787,0.496,-22.437,0.605,-34.844,0.155,-12.407,0.238,0.174,-1.263,-0.311,-2.352,-0.792,-1.154,-0.485,-1.792,-1.03,-0.638,-1.089,-0.711,0.2,0.254,0.797,0.817,0.057,-0.781,-0.146,-2.32,1.493,-0.593,2.041,0.341,0.976,2.55,3.485,0.329,-0.084,0.582,0.932
2023-03-01,CTD9,4171106,693183,0.01891327,0.026600499,0.03856116,0.01664198,0.014328405,0.0049280077,0.1825,-0.184,11.66,0.23,-22.496,0.3,-32.198,0.397,-34.156,0.458,-43.859,0.075,-9.702,0.194,0.167,-0.867,-0.322,-1.242,-0.536,-0.909,-0.489,-1.167,-0.73,-0.258,-0.374,-0.386,0.188,0.222,0.536,0.56,0.036,-0.472,-0.171,-1.093,1.227,-0.461,1.425,0.288,0.589,1.778,2.066,0.254,-0.107,0.664,0.958
2023-03-01,CTD10,4170388,695646,0.014921089,0.024110785,0.026420847,0.0048173745,0.0032193533,0.00082125096,0.2239999999999999,-0.046,3.626,0.667,-166.107,0.764,-269.146,0.692,-169.733,0.783,-272.772,0.199,-103.039,0.017,0.012,-4.389,-0.535,-7.111,-1.297,-4.092,-0.546,-6.577,-1.314,-2.484,-2.722,-0.287,0.651,0.669,0.79,0.802,0.032,-0.584,0.244,-3.202,4.883,2.005,7.307,-0.401,0.428,5.351,8.007,0.078,0.049,0.572,0.949
2023-03-01,CTD11,4169609,700351,0.017811181,0.02999519,0.045783523,0.012006559,0.008392604,0.0021382978,0.1935,-0.208,11.497,0.428,-49.949,0.563,-85.814,0.584,-61.446,0.69,-97.311,0.177,-35.865,0.138,0.096,-2.287,-0.419,-3.929,-1.03,-1.843,-0.516,-2.919,-1.168,-1.076,-1.642,-0.774,0.332,0.374,0.88,0.89,0.048,-0.775,-0.044,-2.957,2.315,-0.239,3.312,0.096,0.827,3.533,5.055,0.217,-0.018,0.554,0.937
2023-03-01,CTD12,4173438,695414,0.014343811,0.01872526,0.018089518,0.0046494217,0.003254558,0.0009389947,0.218,0.017,-1.877,0.602,-161.677,0.704,-253.858,0.591,-159.8,0.695,-251.981,0.176,-92.181,-0.009,-0.006,-2.925,-0.526,-4.592,-1.18,-2.992,-0.52,-4.718,-1.172,-1.726,-1.668,0.08,0.659,0.68,0.611,0.635,0.038,-0.393,0.335,-1.531,3.848,1.863,5.497,-0.463,0.266,3.717,5.31,0.068,0.083,0.635,0.939
2023-03-16,CTD1,4187246,695025,0.0058948775,0.008118028,0.012160842,0.0053194403,0.004986062,0.0017016139,0.416,-0.199,40.951,0.208,-64.807,0.239,-77.376,0.391,-105.759,0.418,-118.328,0.032,-12.569,0.218,0.204,-0.788,-0.323,-0.941,-0.412,-0.859,-0.527,-0.961,-0.629,-0.102,-0.153,-0.392,0.163,0.179,0.522,0.534,0.016,-0.399,-0.27,-0.913,1.116,-0.658,1.191,0.431,0.561,1.672,1.784,0.245,-0.177,0.663,0.981
2023-03-16,CTD2,4181518,693105,0.001929599,0.004994357,0.008189458,0.0011609996,0.00067099096,0.00015101752,0.5595,-0.242,78.118,0.623,-661.101,0.763,-1290.107,0.752,-739.219,0.849,-1368.225,0.267,-629.006,0.091,0.052,-5.414,-0.444,-10.565,-1.498,-3.692,-0.496,-6.833,-1.589,-3.141,-5.151,-1.744,0.433,0.462,1.241,1.221,0.037,-1.12,0.032,-7.903,4.22,0.389,7.301,-0.091,1.062,6.919,11.973,0.151,0.007,0.467,0.948
2023-03-16,CTD3,4181698,695238,0.0015019403,0.005327117,0.0093455715,0.0014931267,0.0009061238,0.00021240821,0.4695,-0.274,80.716,0.562,-482.017,0.709,-915.883,0.724,-562.733,0.823,-996.599,0.245,-433.866,0.121,0.073,-4.505,-0.437,-8.559,-1.368,-2.998,-0.51,-5.309,-1.488,-2.311,-4.055,-1.675,0.374,0.408,1.26,1.237,0.04,-1.078,-0.037,-6.746,3.471,-0.38,5.719,0.107,1.147,6.089,10.034,0.183,-0.01,0.465,0.946
2023-03-16,CTD4,4180266,698264,0.0040905094,0.009862649,0.01540768,0.0028946209,0.001916101,0.0004806219,0.361,-0.219,36.49,0.546,-244.076,0.675,-420.501,0.684,-280.566,0.779,-456.99,0.203,-176.425,0.106,0.07,-3.761,-0.468,-6.479,-1.217,-2.767,-0.538,-4.507,-1.323,-1.74,-2.718,-1.153,0.402,0.434,1.062,1.058,0.039,-0.871,-0.022,-4.634,3.283,-0.176,4.959,0.052,0.9,5.129,7.748,0.169,-0.006,0.505,0.947
2023-03-16,CTD6,4176009,695829,0.0063310033,0.010435259,0.012622134,0.003244131,0.0022140979,0.0006102791,0.3125,-0.095,16.603,0.526,-212.42,0.65,-355.822,0.591,-229.023,0.702,-372.425,0.189,-143.402,0.054,0.037,-2.681,-0.47,-4.491,-1.154,-2.39,-0.507,-3.886,-1.208,-1.496,-1.81,-0.401,0.485,0.518,0.741,0.761,0.045,-0.638,0.144,-2.484,3.041,0.822,4.456,-0.256,0.527,3.679,5.39,0.135,0.045,0.593,0.935
2023-03-16,CTD7,4176724,690397,0.029984169,0.045243274,0.072950386,0.020678524,0.014635828,0.00351256,0.5875,-0.234,8.395,0.373,-26.257,0.511,-46.223,0.558,-34.651,0.666,-54.618,0.171,-19.966,0.174,0.123,-1.915,-0.384,-3.372,-0.956,-1.568,-0.507,-2.471,-1.129,-0.903,-1.457,-0.785,0.28,0.327,0.873,0.885,0.051,-0.793,-0.088,-2.796,1.987,-0.437,2.808,0.2,0.905,3.204,4.527,0.256,-0.04,0.558,0.935
2023-03-16,CTD8,4174178,693048,0.01038039,0.018649893,0.021630121,0.004123456,0.0027659948,0.00071090227,0.291,-0.074,7.388,0.638,-188.895,0.742,-307.914,0.68,-196.283,0.773,-315.302,0.197,-119.019,0.03,0.02,-4.086,-0.522,-6.66,-1.27,-3.661,-0.543,-5.88,-1.3,-2.22,-2.574,-0.433,0.595,0.617,0.817,0.828,0.034,-0.629,0.191,-3.297,4.395,1.497,6.552,-0.331,0.489,5.097,7.599,0.093,0.042,0.565,0.947
2023-03-16,CTD9,4171106,693183,0.015564773,0.024325611,0.04037665,0.016538965,0.015152351,0.0050380905,0.289,-0.248,16.342,0.191,-19.354,0.232,-24.887,0.419,-35.696,0.454,-41.23,0.044,-5.533,0.27,0.248,-0.781,-0.293,-1.005,-0.412,-0.868,-0.541,-1.003,-0.682,-0.135,-0.223,-0.506,0.14,0.161,0.604,0.617,0.021,-0.489,-0.314,-1.194,1.096,-0.836,1.196,0.568,0.744,1.818,1.985,0.305,-0.213,0.632,0.976
2023-03-16,CTD10,4170388,695646,0.0042639174,0.00909889,0.0125393,0.0023808943,0.0016542515,0.00044365172,0.2645,-0.159,30.154,0.585,-310.107,0.692,-494.599,0.681,-340.261,0.767,-524.754,0.18,-184.493,0.072,0.05,-3.889,-0.513,-6.202,-1.178,-3.096,-0.563,-4.775,-1.249,-1.679,-2.313,-0.853,0.473,0.499,0.945,0.948,0.034,-0.714,0.031,-3.758,3.69,0.234,5.31,-0.061,0.683,5.085,7.318,0.13,0.008,0.531,0.951
2023-03-16,CTD11,4169609,700351,0.007319643,0.016415708,0.025973396,0.00543456,0.0035658649,0.0008647368,0.2395,-0.225,22.416,0.503,-123.09,0.643,-219.52,0.654,-145.507,0.759,-241.936,0.208,-96.429,0.122,0.08,-3.197,-0.439,-5.702,-1.193,-2.389,-0.519,-3.972,-1.315,-1.583,-2.505,-1.062,0.372,0.409,1.028,1.026,0.044,-0.892,-0.024,-4.263,2.883,-0.176,4.394,0.058,0.926,4.562,6.953,0.194,-0.008,0.515,0.941
2023-03-16,CTD12,4173438,695414,0.013601745,0.017554842,0.01908674,0.005149238,0.0036412452,0.00097783,0.2794999999999999,-0.042,4.572,0.546,-137.239,0.656,-217.667,0.575,-141.811,0.68,-222.239,0.172,-80.428,0.024,0.017,-2.619,-0.5,-4.155,-1.121,-2.489,-0.516,-3.901,-1.144,-1.412,-1.535,-0.174,0.546,0.574,0.658,0.68,0.041,-0.494,0.213,-1.833,3.218,1.114,4.551,-0.327,0.38,3.499,4.948,0.103,0.062,0.62,0.938
2023-04-20,CTD1,4187246,695025,0.0042044464,0.0069729197,0.01137974,0.004922264,0.0042425264,0.0013543925,0.3605,-0.24,55.536,0.172,-59.747,0.243,-92.297,0.396,-115.283,0.457,-147.833,0.074,-32.55,0.273,0.236,-0.68,-0.253,-1.05,-0.454,-0.804,-0.489,-1.031,-0.728,-0.227,-0.37,-0.481,0.131,0.167,0.576,0.6,0.037,-0.547,-0.249,-1.266,1.044,-0.668,1.211,0.472,0.77,1.703,1.976,0.333,-0.176,0.648,0.958
2023-04-20,CTD2,4181518,693105,0.014433345,0.017055705,0.017610993,0.005963274,0.0047945706,0.001447358,0.3335,-0.016,1.849,0.482,-109.062,0.561,-149.938,0.494,-110.91,0.572,-151.787,0.109,-40.876,0.011,0.009,-1.921,-0.523,-2.641,-0.894,-1.892,-0.532,-2.589,-0.905,-0.697,-0.72,-0.052,0.495,0.52,0.533,0.557,0.034,-0.275,0.164,-0.813,2.588,0.604,3.219,-0.211,0.229,2.672,3.323,0.077,0.057,0.664,0.95
2023-04-20,CTD3,4181698,695238,0.005869568,0.012673576,0.014895937,0.0023685787,0.0014604264,0.00034449497,0.316,-0.081,11.772,0.685,-343.29,0.793,-605.827,0.726,-355.062,0.821,-617.599,0.237,-262.537,0.028,0.017,-5.114,-0.501,-9.024,-1.435,-4.5,-0.519,-7.827,-1.463,-3.327,-3.911,-0.58,0.63,0.649,0.886,0.893,0.033,-0.771,0.234,-4.849,5.253,2.389,8.519,-0.446,0.559,6.174,10.013,0.089,0.044,0.546,0.947
2023-04-20,CTD4,4180266,698264,0.02905236,0.03865349,0.0493996,0.011896099,0.007992053,0.0019755256,0.293,-0.122,5.628,0.529,-58.19,0.657,-99.253,0.612,-63.818,0.721,-104.881,0.196,-41.063,0.067,0.045,-2.875,-0.465,-4.903,-1.181,-2.467,-0.51,-4.054,-1.248,-1.587,-2.029,-0.54,0.466,0.5,0.804,0.819,0.044,-0.706,0.111,-2.932,3.087,0.684,4.596,-0.21,0.606,3.946,5.873,0.146,0.034,0.574,0.936
2023-04-20,CTD6,4176009,695829,0.006716137,0.013870545,0.020487703,0.005732545,0.0037126006,0.00089075224,0.4975,-0.193,23.285,0.415,-102.347,0.578,-197.258,0.563,-125.633,0.693,-220.543,0.214,-94.91,0.133,0.086,-2.097,-0.38,-4.041,-1.131,-1.743,-0.466,-3.059,-1.264,-1.316,-1.944,-0.701,0.336,0.387,0.839,0.856,0.059,-0.867,0.029,-3.099,2.238,0.162,3.456,-0.067,0.829,3.306,5.105,0.232,0.012,0.571,0.923
2023-04-20,CTD7,4176724,690397,0.032276306,0.04407603,0.058900837,0.01168478,0.0075209485,0.0017699813,0.3735,-0.144,5.71,0.581,-62.893,0.708,-110.274,0.669,-68.604,0.774,-115.984,0.217,-47.381,0.067,0.043,-3.704,-0.473,-6.495,-1.289,-3.024,-0.516,-5.112,-1.355,-2.088,-2.791,-0.772,0.488,0.518,0.915,0.921,0.04,-0.805,0.105,-4.059,3.644,0.82,5.662,-0.217,0.693,4.87,7.566,0.137,0.028,0.541,0.941
2023-04-20,CTD8,4174178,693048,0.035696734,0.051419,0.0869848,0.02692014,0.019534735,0.004581037,1.0345,-0.257,7.952,0.313,-17.699,0.449,-31.743,0.527,-25.651,0.633,-39.695,0.159,-14.044,0.214,0.155,-1.54,-0.346,-2.761,-0.855,-1.319,-0.501,-2.041,-1.069,-0.722,-1.222,-0.766,0.23,0.28,0.847,0.861,0.053,-0.787,-0.135,-2.543,1.685,-0.599,2.323,0.314,0.966,2.851,3.929,0.299,-0.07,0.566,0.935
2023-04-20,CTD9,4171106,693183,0.019879857,0.02925199,0.05416966,0.021388635,0.018729081,0.005644083,0.225,-0.299,15.725,0.155,-12.568,0.219,-19.207,0.434,-28.293,0.486,-34.932,0.066,-6.639,0.336,0.295,-0.681,-0.235,-1.04,-0.411,-0.828,-0.53,-1.022,-0.747,-0.194,-0.36,-0.621,0.108,0.139,0.683,0.7,0.032,-0.602,-0.336,-1.525,1.022,-0.971,1.167,0.71,0.976,1.892,2.161,0.385,-0.245,0.607,0.965
2023-04-20,CTD10,4170388,695646,0.009534367,0.014933052,0.019384632,0.005202996,0.0038449743,0.0010757458,0.4135,-0.13,15.378,0.483,-125.231,0.59,-193.114,0.577,-140.61,0.669,-208.493,0.15,-67.883,0.08,0.059,-2.428,-0.482,-3.743,-1.005,-2.1,-0.541,-3.113,-1.085,-1.014,-1.316,-0.492,0.419,0.451,0.755,0.772,0.04,-0.583,0.031,-2.171,2.672,0.158,3.615,-0.055,0.559,3.468,4.693,0.15,0.011,0.587,0.945
2023-04-20,CTD11,4169609,700351,0.012457198,0.022944577,0.029525617,0.0057266373,0.0037543701,0.00093103223,0.277,-0.125,9.714,0.601,-131.039,0.719,-222.773,0.675,-140.754,0.774,-232.487,0.208,-91.734,0.056,0.036,-3.869,-0.492,-6.578,-1.276,-3.23,-0.528,-5.334,-1.331,-2.105,-2.708,-0.694,0.517,0.544,0.891,0.899,0.038,-0.748,0.122,-3.858,3.879,0.956,5.917,-0.239,0.631,4.992,7.615,0.122,0.03,0.546,0.944
2023-04-20,CTD12,4173438,695414,0.0048737675,0.011400635,0.017138146,0.0031900792,0.0020502938,0.00049432105,0.4345,-0.201,29.365,0.563,-225.757,0.695,-400.021,0.686,-255.122,0.786,-429.386,0.218,-174.263,0.094,0.06,-3.869,-0.463,-6.856,-1.276,-2.909,-0.523,-4.895,-1.37,-1.987,-2.987,-1.095,0.428,0.46,1.037,1.034,0.04,-0.891,0.023,-4.785,3.454,0.188,5.374,-0.053,0.861,5.192,8.079,0.16,0.006,0.511,0.944
2023-05-25,CTD1,4187246,695025,0.011677289,0.014654315,0.017050404,0.006594289,0.0053026616,0.0015868911,0.269,-0.076,9.59,0.379,-83.407,0.469,-120.345,0.442,-92.997,0.526,-129.935,0.109,-36.938,0.063,0.051,-1.422,-0.442,-2.052,-0.794,-1.363,-0.493,-1.904,-0.857,-0.541,-0.63,-0.201,0.361,0.396,0.524,0.553,0.041,-0.384,0.055,-0.993,1.911,0.178,2.377,-0.08,0.359,2.224,2.765,0.139,0.025,0.67,0.945
2023-05-25,CTD2,4181518,693105,0.008886326,0.014280778,0.0153130125,0.0030944347,0.0021016214,0.0005582947,0.242,-0.035,4.72,0.644,-253.137,0.743,-405.799,0.664,-257.857,0.759,-410.519,0.191,-152.662,0.015,0.01,-3.876,-0.532,-6.214,-1.256,-3.682,-0.542,-5.863,-1.27,-2.18,-2.338,-0.199,0.642,0.662,0.746,0.76,0.034,-0.54,0.253,-2.671,4.478,1.847,6.593,-0.4,0.393,4.801,7.07,0.079,0.055,0.587,0.946
2023-05-25,CTD3,4181698,695238,0.018687995,0.022157278,0.024502994,0.009668367,0.0079537025,0.0023012818,0.282,-0.05,4.321,0.392,-58.298,0.472,-80.596,0.434,-62.619,0.51,-84.916,0.097,-22.298,0.042,0.034,-1.428,-0.464,-1.975,-0.779,-1.387,-0.498,-1.882,-0.821,-0.494,-0.546,-0.133,0.385,0.416,0.493,0.52,0.037,-0.311,0.082,-0.789,1.967,0.251,2.391,-0.11,0.283,2.175,2.644,0.112,0.036,0.682,0.95
2023-05-25,CTD4,4180266,698264,0.020393977,0.025676053,0.029122844,0.008795233,0.006472135,0.0017796496,0.3785,-0.063,4.609,0.49,-74.751,0.597,-115.562,0.536,-79.361,0.636,-120.171,0.152,-40.811,0.041,0.03,-2.177,-0.484,-3.365,-1.016,-2.038,-0.514,-3.086,-1.057,-1.048,-1.189,-0.226,0.474,0.506,0.632,0.657,0.042,-0.477,0.146,-1.58,2.697,0.656,3.665,-0.225,0.398,3.059,4.157,0.12,0.05,0.629,0.939
2023-05-25,CTD6,4176009,695829,0.003756289,0.009395559,0.01148939,0.0014702426,0.0008973986,0.00021357831,0.4165,-0.1,19.396,0.729,-573.727,0.826,-1007.899,0.773,-593.123,0.855,-1027.295,0.242,-434.172,0.029,0.017,-6.592,-0.515,-11.58,-1.482,-5.573,-0.532,-9.652,-1.51,-4.079,-4.988,-0.884,0.64,0.656,0.973,0.975,0.027,-0.821,0.207,-6.413,6.312,2.655,10.342,-0.415,0.612,7.719,12.647,0.078,0.032,0.52,0.956
2023-05-25,CTD7,4176724,690397,0.011622778,0.017801082,0.017877351,0.00391128,0.0026900705,0.00070000964,0.3055,-0.002,0.24,0.64,-199.494,0.737,-315.561,0.641,-199.734,0.738,-315.801,0.185,-116.067,0.001,0.001,-3.566,-0.537,-5.641,-1.234,-3.555,-0.537,-5.622,-1.235,-2.066,-2.075,-0.012,0.675,0.694,0.682,0.699,0.034,-0.458,0.308,-2.094,4.401,2.047,6.399,-0.45,0.317,4.42,6.426,0.069,0.068,0.609,0.944
2023-05-25,CTD8,4174178,693048,0.008319037,0.014899048,0.016017906,0.003237324,0.0022049758,0.000555819,0.3944999999999999,-0.036,4.688,0.643,-241.779,0.742,-386.401,0.664,-246.467,0.758,-391.09,0.19,-144.623,0.015,0.01,-3.873,-0.533,-6.189,-1.251,-3.672,-0.543,-5.827,-1.266,-2.155,-2.317,-0.206,0.64,0.659,0.747,0.762,0.033,-0.538,0.249,-2.662,4.465,1.809,6.555,-0.393,0.394,4.8,7.047,0.08,0.054,0.587,0.946
2023-05-25,CTD9,4171106,693183,0.024322364,0.035206746,0.060382646,0.025565075,0.022913577,0.0070855953,0.439,-0.263,11.843,0.159,-10.712,0.212,-15.239,0.405,-22.555,0.45,-27.081,0.055,-4.526,0.303,0.271,-0.647,-0.245,-0.92,-0.39,-0.794,-0.517,-0.953,-0.692,-0.159,-0.273,-0.519,0.116,0.143,0.599,0.617,0.028,-0.533,-0.313,-1.258,0.998,-0.825,1.113,0.599,0.819,1.711,1.909,0.347,-0.227,0.636,0.969
2023-05-25,CTD10,4170388,695646,0.0035104083,0.007997121,0.010083537,0.0017516523,0.0011061204,0.00027010453,0.9315,-0.115,25.873,0.641,-445.845,0.757,-779.016,0.704,-471.718,0.802,-804.889,0.226,-333.171,0.045,0.029,-4.496,-0.493,-7.855,-1.365,-3.772,-0.522,-6.437,-1.41,-2.664,-3.36,-0.73,0.558,0.582,0.915,0.921,0.036,-0.791,0.162,-4.551,4.456,1.473,7.056,-0.323,0.629,5.618,8.897,0.109,0.035,0.539,0.945
2023-05-25,CTD11,4169609,700351,0.0151207885,0.023678774,0.031062553,0.00683067,0.0047091385,0.0012216357,0.6745,-0.135,10.039,0.552,-104.167,0.668,-170.121,0.639,-114.205,0.737,-180.16,0.184,-65.955,0.069,0.047,-3.236,-0.491,-5.284,-1.162,-2.704,-0.538,-4.266,-1.231,-1.562,-2.049,-0.64,0.471,0.501,0.854,0.864,0.039,-0.688,0.073,-3.13,3.315,0.481,4.808,-0.139,0.622,4.349,6.308,0.137,0.021,0.557,0.944
2023-05-25,CTD12,4173438,695414,0.006379495,0.010887452,0.012551692,0.0026191345,0.001815907,0.0004578805,0.918,-0.071,12.178,0.612,-289.957,0.714,-458.84,0.655,-302.135,0.747,-471.018,0.181,-168.883,0.032,0.022,-3.639,-0.527,-5.759,-1.202,-3.289,-0.549,-5.128,-1.234,-1.839,-2.12,-0.375,0.575,0.598,0.782,0.795,0.034,-0.575,0.174,-2.755,4.012,1.203,5.787,-0.289,0.46,4.626,6.672,0.096,0.042,0.576,0.947
